complaint_id,district_id,district_name,taluk_id,locality_id,locality_name,category_id,category_name,source_id,source_name,reported_at,description_sanitized,verification_status,is_first_time_signal
CMP-2026-00001,36,Ranipet,177,529,Ranipet South Market,1,Commercial Ganja / Cannabis,4,State Anti-Drug Helpline 10583,2025-07-18 08:03:13,Observation reported near Ranipet South Market sector in Ranipet.,NEEDS_VERIFICATION,0
CMP-2026-00002,29,Sivaganga,142,425,Sivaganga South Campus Zone,6,Unclassified / Suspicious Substance,4,State Anti-Drug Helpline 10583,2025-01-02 08:52:51,Observation reported near Sivaganga South Campus Zone sector in Sivaganga.,NEEDS_VERIFICATION,0
CMP-2026-00003,32,Theni,158,473,Theni East Campus Zone,5,Opioid Analogues / Brown Sugar / Heroin,4,State Anti-Drug Helpline 10583,2025-02-08 05:06:14,Observation reported near Theni East Campus Zone sector in Theni.,UNVERIFIED,0
CMP-2026-00004,35,Mayiladuthurai,173,519,Mayiladuthurai East Industrial Bypass,2,Synthetic Stimulants / MDMA / Meth,2,Police FIR & Seizure Register,2026-01-22 17:55:16,Observation reported near Mayiladuthurai East Industrial Bypass sector in Mayiladuthurai.,VERIFIED,0
CMP-2026-00005,32,Theni,156,468,Theni North Industrial Bypass,6,Unclassified / Suspicious Substance,2,Police FIR & Seizure Register,2025-02-04 16:37:11,Observation reported near Theni North Industrial Bypass sector in Theni.,UNVERIFIED,0
CMP-2026-00006,23,Namakkal,115,345,Namakkal Central Industrial Bypass,6,Unclassified / Suspicious Substance,3,State Checkpost Telemetry,2026-04-24 17:10:43,Observation reported near Namakkal Central Industrial Bypass sector in Namakkal.,CORROBORATED,0
CMP-2026-00007,32,Theni,157,469,Theni South Market,5,Opioid Analogues / Brown Sugar / Heroin,2,Police FIR & Seizure Register,2026-03-05 04:50:00,Observation reported near Theni South Market sector in Theni.,VERIFIED,0
CMP-2026-00008,27,Perambalur,132,394,Perambalur South Market,4,Chemical Precursors / Ephedrine,3,State Checkpost Telemetry,2024-10-20 23:24:35,Observation reported near Perambalur South Market sector in Perambalur.,CORROBORATED,1
CMP-2026-00009,28,Pudukkottai,137,410,Pudukkottai South Campus Zone,3,Prescription Narcotics / Codeine / Alprazolam,3,State Checkpost Telemetry,2026-05-19 06:21:03,Observation reported near Pudukkottai South Campus Zone sector in Pudukkottai.,NEEDS_VERIFICATION,0
CMP-2026-00010,17,Chengalpattu,81,243,Chengalpattu North Industrial Bypass,5,Opioid Analogues / Brown Sugar / Heroin,1,Anonymous Citizen Portal,2026-01-13 03:25:11,Observation reported near Chengalpattu North Industrial Bypass sector in Chengalpattu.,CORROBORATED,0
CMP-2026-00011,18,Tiruvallur,89,265,Tiruvallur West Market,1,Commercial Ganja / Cannabis,2,Police FIR & Seizure Register,2026-01-26 04:15:01,Observation reported near Tiruvallur West Market sector in Tiruvallur.,CORROBORATED,0
CMP-2026-00012,17,Chengalpattu,85,254,Chengalpattu Central Campus Zone,5,Opioid Analogues / Brown Sugar / Heroin,1,Anonymous Citizen Portal,2025-11-22 18:43:28,Observation reported near Chengalpattu Central Campus Zone sector in Chengalpattu.,VERIFIED,0
CMP-2026-00013,20,Viluppuram,100,299,Viluppuram Central Campus Zone,3,Prescription Narcotics / Codeine / Alprazolam,3,State Checkpost Telemetry,2026-08-16 21:46:47,Observation reported near Viluppuram Central Campus Zone sector in Viluppuram.,VERIFIED,0
CMP-2026-00014,35,Mayiladuthurai,173,518,Mayiladuthurai East Campus Zone,5,Opioid Analogues / Brown Sugar / Heroin,4,State Anti-Drug Helpline 10583,2025-12-18 01:36:00,Observation reported near Mayiladuthurai East Campus Zone sector in Mayiladuthurai.,NEEDS_VERIFICATION,0
CMP-2026-00015,31,Virudhunagar,151,452,Virudhunagar North Campus Zone,3,Prescription Narcotics / Codeine / Alprazolam,4,State Anti-Drug Helpline 10583,2025-09-19 00:44:32,Observation reported near Virudhunagar North Campus Zone sector in Virudhunagar.,UNVERIFIED,0
CMP-2026-00016,6,Tirunelveli,27,81,Tirunelveli South Industrial Bypass,3,Prescription Narcotics / Codeine / Alprazolam,2,Police FIR & Seizure Register,2026-05-01 03:12:30,Observation reported near Tirunelveli South Industrial Bypass sector in Tirunelveli.,CORROBORATED,0
CMP-2026-00017,27,Perambalur,134,400,Perambalur West Market,3,Prescription Narcotics / Codeine / Alprazolam,2,Police FIR & Seizure Register,2025-08-06 19:59:20,Observation reported near Perambalur West Market sector in Perambalur.,NEEDS_VERIFICATION,0
CMP-2026-00018,34,Nagapattinam,169,506,Nagapattinam West Campus Zone,2,Synthetic Stimulants / MDMA / Meth,5,Health & Rehab Aggregate Registry,2026-02-04 00:12:48,Observation reported near Nagapattinam West Campus Zone sector in Nagapattinam.,UNVERIFIED,0
CMP-2026-00019,10,Krishnagiri,47,139,Krishnagiri South Market,6,Unclassified / Suspicious Substance,2,Police FIR & Seizure Register,2026-05-29 23:36:59,Observation reported near Krishnagiri South Market sector in Krishnagiri.,VERIFIED,0
CMP-2026-00020,10,Krishnagiri,50,149,Krishnagiri Central Campus Zone,1,Commercial Ganja / Cannabis,4,State Anti-Drug Helpline 10583,2025-01-02 22:39:25,Observation reported near Krishnagiri Central Campus Zone sector in Krishnagiri.,VERIFIED,0
CMP-2026-00021,7,Erode,35,103,Erode Central Market,5,Opioid Analogues / Brown Sugar / Heroin,3,State Checkpost Telemetry,2025-03-11 20:10:34,Observation reported near Erode Central Market sector in Erode.,NEEDS_VERIFICATION,0
CMP-2026-00022,15,Tenkasi,73,218,Tenkasi East Campus Zone,1,Commercial Ganja / Cannabis,4,State Anti-Drug Helpline 10583,2026-06-24 05:48:39,Observation reported near Tenkasi East Campus Zone sector in Tenkasi.,UNVERIFIED,0
CMP-2026-00023,24,Nilgiris,118,354,Nilgiris East Industrial Bypass,5,Opioid Analogues / Brown Sugar / Heroin,3,State Checkpost Telemetry,2024-09-26 17:40:57,Observation reported near Nilgiris East Industrial Bypass sector in Nilgiris.,UNVERIFIED,0
CMP-2026-00024,4,Salem,18,52,Salem East Market,3,Prescription Narcotics / Codeine / Alprazolam,3,State Checkpost Telemetry,2024-10-31 06:55:54,Observation reported near Salem East Market sector in Salem.,VERIFIED,0
CMP-2026-00025,20,Viluppuram,97,290,Viluppuram South Campus Zone,4,Chemical Precursors / Ephedrine,5,Health & Rehab Aggregate Registry,2026-03-23 05:29:23,Observation reported near Viluppuram South Campus Zone sector in Viluppuram.,UNVERIFIED,0
CMP-2026-00026,30,Ramanathapuram,148,444,Ramanathapuram East Industrial Bypass,2,Synthetic Stimulants / MDMA / Meth,2,Police FIR & Seizure Register,2025-02-16 19:07:43,Observation reported near Ramanathapuram East Industrial Bypass sector in Ramanathapuram.,UNVERIFIED,0
CMP-2026-00027,11,Dindigul,54,161,Dindigul West Campus Zone,6,Unclassified / Suspicious Substance,2,Police FIR & Seizure Register,2024-11-08 13:14:32,Observation reported near Dindigul West Campus Zone sector in Dindigul.,NEEDS_VERIFICATION,0
CMP-2026-00028,38,Tiruvannamalai,188,564,Tiruvannamalai East Industrial Bypass,5,Opioid Analogues / Brown Sugar / Heroin,3,State Checkpost Telemetry,2025-11-30 00:32:30,Observation reported near Tiruvannamalai East Industrial Bypass sector in Tiruvannamalai.,UNVERIFIED,0
CMP-2026-00029,2,Coimbatore,8,22,Coimbatore East Market,2,Synthetic Stimulants / MDMA / Meth,2,Police FIR & Seizure Register,2025-03-05 14:07:13,Observation reported near Coimbatore East Market sector in Coimbatore.,NEEDS_VERIFICATION,0
CMP-2026-00030,29,Sivaganga,144,432,Sivaganga West Industrial Bypass,6,Unclassified / Suspicious Substance,5,Health & Rehab Aggregate Registry,2025-06-19 20:31:57,Observation reported near Sivaganga West Industrial Bypass sector in Sivaganga.,CORROBORATED,0
CMP-2026-00031,34,Nagapattinam,169,507,Nagapattinam West Industrial Bypass,4,Chemical Precursors / Ephedrine,4,State Anti-Drug Helpline 10583,2024-09-28 13:39:06,Observation reported near Nagapattinam West Industrial Bypass sector in Nagapattinam.,CORROBORATED,0
CMP-2026-00032,8,Tiruppur,39,117,Tiruppur West Industrial Bypass,5,Opioid Analogues / Brown Sugar / Heroin,5,Health & Rehab Aggregate Registry,2025-11-18 01:18:08,Observation reported near Tiruppur West Industrial Bypass sector in Tiruppur.,CORROBORATED,0
CMP-2026-00033,11,Dindigul,55,165,Dindigul Central Industrial Bypass,1,Commercial Ganja / Cannabis,3,State Checkpost Telemetry,2026-07-26 21:12:21,Observation reported near Dindigul Central Industrial Bypass sector in Dindigul.,CORROBORATED,0
CMP-2026-00034,19,Cuddalore,92,275,Cuddalore South Campus Zone,3,Prescription Narcotics / Codeine / Alprazolam,1,Anonymous Citizen Portal,2026-05-13 01:32:31,Observation reported near Cuddalore South Campus Zone sector in Cuddalore.,UNVERIFIED,0
CMP-2026-00035,32,Theni,160,478,Theni Central Market,2,Synthetic Stimulants / MDMA / Meth,4,State Anti-Drug Helpline 10583,2025-05-17 15:47:21,Observation reported near Theni Central Market sector in Theni.,NEEDS_VERIFICATION,0
CMP-2026-00036,34,Nagapattinam,169,506,Nagapattinam West Campus Zone,1,Commercial Ganja / Cannabis,4,State Anti-Drug Helpline 10583,2025-06-04 17:30:12,Observation reported near Nagapattinam West Campus Zone sector in Nagapattinam.,VERIFIED,0
CMP-2026-00037,14,Kanniyakumari,70,210,Kanniyakumari Central Industrial Bypass,1,Commercial Ganja / Cannabis,1,Anonymous Citizen Portal,2025-06-05 14:56:34,Observation reported near Kanniyakumari Central Industrial Bypass sector in Kanniyakumari.,NEEDS_VERIFICATION,0
CMP-2026-00038,25,Karur,125,374,Karur Central Campus Zone,5,Opioid Analogues / Brown Sugar / Heroin,4,State Anti-Drug Helpline 10583,2026-04-05 18:35:27,Observation reported near Karur Central Campus Zone sector in Karur.,CORROBORATED,0
CMP-2026-00039,31,Virudhunagar,152,454,Virudhunagar South Market,2,Synthetic Stimulants / MDMA / Meth,2,Police FIR & Seizure Register,2024-12-28 23:30:04,Observation reported near Virudhunagar South Market sector in Virudhunagar.,NEEDS_VERIFICATION,1
CMP-2026-00040,15,Tenkasi,74,222,Tenkasi West Industrial Bypass,4,Chemical Precursors / Ephedrine,5,Health & Rehab Aggregate Registry,2025-08-08 22:36:51,Observation reported near Tenkasi West Industrial Bypass sector in Tenkasi.,NEEDS_VERIFICATION,0
CMP-2026-00041,17,Chengalpattu,81,243,Chengalpattu North Industrial Bypass,3,Prescription Narcotics / Codeine / Alprazolam,4,State Anti-Drug Helpline 10583,2026-05-13 03:58:19,Observation reported near Chengalpattu North Industrial Bypass sector in Chengalpattu.,UNVERIFIED,0
CMP-2026-00042,18,Tiruvallur,90,270,Tiruvallur Central Industrial Bypass,1,Commercial Ganja / Cannabis,1,Anonymous Citizen Portal,2025-02-05 10:37:02,Observation reported near Tiruvallur Central Industrial Bypass sector in Tiruvallur.,CORROBORATED,0
CMP-2026-00043,19,Cuddalore,94,281,Cuddalore West Campus Zone,6,Unclassified / Suspicious Substance,3,State Checkpost Telemetry,2025-05-19 23:13:00,Observation reported near Cuddalore West Campus Zone sector in Cuddalore.,CORROBORATED,0
CMP-2026-00044,29,Sivaganga,142,426,Sivaganga South Industrial Bypass,6,Unclassified / Suspicious Substance,4,State Anti-Drug Helpline 10583,2025-07-31 07:58:09,Observation reported near Sivaganga South Industrial Bypass sector in Sivaganga.,NEEDS_VERIFICATION,0
CMP-2026-00045,9,Vellore,42,124,Vellore South Market,1,Commercial Ganja / Cannabis,4,State Anti-Drug Helpline 10583,2025-07-06 09:25:37,Observation reported near Vellore South Market sector in Vellore.,VERIFIED,0
CMP-2026-00046,36,Ranipet,180,539,Ranipet Central Campus Zone,6,Unclassified / Suspicious Substance,5,Health & Rehab Aggregate Registry,2024-12-05 19:46:34,Observation reported near Ranipet Central Campus Zone sector in Ranipet.,VERIFIED,0
CMP-2026-00047,30,Ramanathapuram,150,448,Ramanathapuram Central Market,6,Unclassified / Suspicious Substance,3,State Checkpost Telemetry,2026-01-08 19:46:21,Observation reported near Ramanathapuram Central Market sector in Ramanathapuram.,NEEDS_VERIFICATION,0
CMP-2026-00048,33,Thiruvarur,161,481,Thiruvarur North Market,1,Commercial Ganja / Cannabis,2,Police FIR & Seizure Register,2024-11-25 10:55:15,Observation reported near Thiruvarur North Market sector in Thiruvarur.,VERIFIED,1
CMP-2026-00049,32,Theni,159,476,Theni West Campus Zone,3,Prescription Narcotics / Codeine / Alprazolam,2,Police FIR & Seizure Register,2025-01-20 13:47:58,Observation reported near Theni West Campus Zone sector in Theni.,CORROBORATED,0
CMP-2026-00050,21,Kallakurichi,101,303,Kallakurichi North Industrial Bypass,5,Opioid Analogues / Brown Sugar / Heroin,3,State Checkpost Telemetry,2025-03-09 01:00:28,Observation reported near Kallakurichi North Industrial Bypass sector in Kallakurichi.,NEEDS_VERIFICATION,0
CMP-2026-00051,31,Virudhunagar,155,463,Virudhunagar Central Market,6,Unclassified / Suspicious Substance,1,Anonymous Citizen Portal,2024-09-30 05:43:49,Observation reported near Virudhunagar Central Market sector in Virudhunagar.,UNVERIFIED,0
CMP-2026-00052,21,Kallakurichi,104,310,Kallakurichi West Market,1,Commercial Ganja / Cannabis,3,State Checkpost Telemetry,2026-05-27 05:50:21,Observation reported near Kallakurichi West Market sector in Kallakurichi.,CORROBORATED,1
CMP-2026-00053,23,Namakkal,115,343,Namakkal Central Market,1,Commercial Ganja / Cannabis,5,Health & Rehab Aggregate Registry,2026-05-07 11:57:15,Observation reported near Namakkal Central Market sector in Namakkal.,CORROBORATED,0
CMP-2026-00054,21,Kallakurichi,105,313,Kallakurichi Central Market,1,Commercial Ganja / Cannabis,5,Health & Rehab Aggregate Registry,2026-03-15 20:35:37,Observation reported near Kallakurichi Central Market sector in Kallakurichi.,VERIFIED,0
CMP-2026-00055,28,Pudukkottai,139,416,Pudukkottai West Campus Zone,3,Prescription Narcotics / Codeine / Alprazolam,3,State Checkpost Telemetry,2026-04-25 01:28:53,Observation reported near Pudukkottai West Campus Zone sector in Pudukkottai.,VERIFIED,0
CMP-2026-00056,22,Dharmapuri,108,323,Dharmapuri East Campus Zone,3,Prescription Narcotics / Codeine / Alprazolam,1,Anonymous Citizen Portal,2025-08-21 21:45:55,Observation reported near Dharmapuri East Campus Zone sector in Dharmapuri.,UNVERIFIED,0
CMP-2026-00057,10,Krishnagiri,48,143,Krishnagiri East Campus Zone,6,Unclassified / Suspicious Substance,5,Health & Rehab Aggregate Registry,2024-10-17 01:50:27,Observation reported near Krishnagiri East Campus Zone sector in Krishnagiri.,UNVERIFIED,0
CMP-2026-00058,18,Tiruvallur,87,259,Tiruvallur South Market,3,Prescription Narcotics / Codeine / Alprazolam,1,Anonymous Citizen Portal,2024-10-30 19:23:48,Observation reported near Tiruvallur South Market sector in Tiruvallur.,VERIFIED,0
CMP-2026-00059,14,Kanniyakumari,70,210,Kanniyakumari Central Industrial Bypass,1,Commercial Ganja / Cannabis,2,Police FIR & Seizure Register,2025-08-20 11:40:36,Observation reported near Kanniyakumari Central Industrial Bypass sector in Kanniyakumari.,CORROBORATED,0
CMP-2026-00060,21,Kallakurichi,102,306,Kallakurichi South Industrial Bypass,1,Commercial Ganja / Cannabis,1,Anonymous Citizen Portal,2026-08-02 05:53:42,Observation reported near Kallakurichi South Industrial Bypass sector in Kallakurichi.,CORROBORATED,0
CMP-2026-00061,3,Madurai,15,44,Madurai Central Campus Zone,4,Chemical Precursors / Ephedrine,4,State Anti-Drug Helpline 10583,2026-03-01 06:24:45,Observation reported near Madurai Central Campus Zone sector in Madurai.,VERIFIED,0
CMP-2026-00062,2,Coimbatore,9,25,Coimbatore West Market,3,Prescription Narcotics / Codeine / Alprazolam,3,State Checkpost Telemetry,2025-10-26 23:40:43,Observation reported near Coimbatore West Market sector in Coimbatore.,NEEDS_VERIFICATION,0
CMP-2026-00063,2,Coimbatore,7,21,Coimbatore South Industrial Bypass,2,Synthetic Stimulants / MDMA / Meth,2,Police FIR & Seizure Register,2026-07-24 21:31:02,Observation reported near Coimbatore South Industrial Bypass sector in Coimbatore.,UNVERIFIED,0
CMP-2026-00064,21,Kallakurichi,103,308,Kallakurichi East Campus Zone,4,Chemical Precursors / Ephedrine,4,State Anti-Drug Helpline 10583,2026-03-21 17:53:24,Observation reported near Kallakurichi East Campus Zone sector in Kallakurichi.,CORROBORATED,1
CMP-2026-00065,1,Chennai,5,15,Chennai Central Industrial Bypass,6,Unclassified / Suspicious Substance,3,State Checkpost Telemetry,2025-04-28 09:47:26,Observation reported near Chennai Central Industrial Bypass sector in Chennai.,CORROBORATED,0
CMP-2026-00066,37,Tirupathur,182,545,Tirupathur South Campus Zone,2,Synthetic Stimulants / MDMA / Meth,4,State Anti-Drug Helpline 10583,2026-03-04 02:48:54,Observation reported near Tirupathur South Campus Zone sector in Tirupathur.,VERIFIED,0
CMP-2026-00067,19,Cuddalore,93,277,Cuddalore East Market,3,Prescription Narcotics / Codeine / Alprazolam,1,Anonymous Citizen Portal,2025-08-23 13:06:40,Observation reported near Cuddalore East Market sector in Cuddalore.,CORROBORATED,0
CMP-2026-00068,26,Ariyalur,130,389,Ariyalur Central Campus Zone,2,Synthetic Stimulants / MDMA / Meth,4,State Anti-Drug Helpline 10583,2026-06-27 10:45:17,Observation reported near Ariyalur Central Campus Zone sector in Ariyalur.,NEEDS_VERIFICATION,0
CMP-2026-00069,7,Erode,32,96,Erode South Industrial Bypass,4,Chemical Precursors / Ephedrine,5,Health & Rehab Aggregate Registry,2024-11-07 21:13:27,Observation reported near Erode South Industrial Bypass sector in Erode.,VERIFIED,0
CMP-2026-00070,1,Chennai,2,4,Chennai South Market,5,Opioid Analogues / Brown Sugar / Heroin,5,Health & Rehab Aggregate Registry,2025-03-28 00:49:35,Observation reported near Chennai South Market sector in Chennai.,VERIFIED,0
CMP-2026-00071,23,Namakkal,115,345,Namakkal Central Industrial Bypass,4,Chemical Precursors / Ephedrine,5,Health & Rehab Aggregate Registry,2025-02-23 01:22:00,Observation reported near Namakkal Central Industrial Bypass sector in Namakkal.,NEEDS_VERIFICATION,0
CMP-2026-00072,27,Perambalur,133,399,Perambalur East Industrial Bypass,4,Chemical Precursors / Ephedrine,5,Health & Rehab Aggregate Registry,2025-06-21 17:08:28,Observation reported near Perambalur East Industrial Bypass sector in Perambalur.,VERIFIED,0
CMP-2026-00073,6,Tirunelveli,27,81,Tirunelveli South Industrial Bypass,4,Chemical Precursors / Ephedrine,4,State Anti-Drug Helpline 10583,2025-10-19 05:01:24,Observation reported near Tirunelveli South Industrial Bypass sector in Tirunelveli.,VERIFIED,0
CMP-2026-00074,13,Thoothukudi,62,184,Thoothukudi South Market,5,Opioid Analogues / Brown Sugar / Heroin,5,Health & Rehab Aggregate Registry,2025-08-09 21:22:48,Observation reported near Thoothukudi South Market sector in Thoothukudi.,CORROBORATED,0
CMP-2026-00075,8,Tiruppur,36,106,Tiruppur North Market,5,Opioid Analogues / Brown Sugar / Heroin,2,Police FIR & Seizure Register,2026-07-10 13:30:00,Observation reported near Tiruppur North Market sector in Tiruppur.,VERIFIED,0
CMP-2026-00076,38,Tiruvannamalai,186,558,Tiruvannamalai North Industrial Bypass,2,Synthetic Stimulants / MDMA / Meth,1,Anonymous Citizen Portal,2026-07-23 15:55:57,Observation reported near Tiruvannamalai North Industrial Bypass sector in Tiruvannamalai.,CORROBORATED,0
CMP-2026-00077,24,Nilgiris,118,353,Nilgiris East Campus Zone,4,Chemical Precursors / Ephedrine,3,State Checkpost Telemetry,2025-01-28 15:42:30,Observation reported near Nilgiris East Campus Zone sector in Nilgiris.,VERIFIED,0
CMP-2026-00078,37,Tirupathur,182,545,Tirupathur South Campus Zone,6,Unclassified / Suspicious Substance,1,Anonymous Citizen Portal,2026-08-11 21:53:13,Observation reported near Tirupathur South Campus Zone sector in Tirupathur.,CORROBORATED,0
CMP-2026-00079,34,Nagapattinam,168,503,Nagapattinam East Campus Zone,3,Prescription Narcotics / Codeine / Alprazolam,3,State Checkpost Telemetry,2026-08-06 03:32:38,Observation reported near Nagapattinam East Campus Zone sector in Nagapattinam.,UNVERIFIED,0
CMP-2026-00080,1,Chennai,3,8,Chennai East Campus Zone,5,Opioid Analogues / Brown Sugar / Heroin,5,Health & Rehab Aggregate Registry,2025-11-21 21:09:37,Observation reported near Chennai East Campus Zone sector in Chennai.,CORROBORATED,0
CMP-2026-00081,9,Vellore,45,134,Vellore Central Campus Zone,2,Synthetic Stimulants / MDMA / Meth,1,Anonymous Citizen Portal,2024-12-13 19:02:31,Observation reported near Vellore Central Campus Zone sector in Vellore.,NEEDS_VERIFICATION,0
CMP-2026-00082,7,Erode,35,105,Erode Central Industrial Bypass,1,Commercial Ganja / Cannabis,5,Health & Rehab Aggregate Registry,2024-11-07 00:42:23,Observation reported near Erode Central Industrial Bypass sector in Erode.,VERIFIED,0
CMP-2026-00083,31,Virudhunagar,154,461,Virudhunagar West Campus Zone,6,Unclassified / Suspicious Substance,4,State Anti-Drug Helpline 10583,2024-10-17 22:17:49,Observation reported near Virudhunagar West Campus Zone sector in Virudhunagar.,NEEDS_VERIFICATION,0
CMP-2026-00084,5,Tiruchirappalli,24,70,Tiruchirappalli West Market,2,Synthetic Stimulants / MDMA / Meth,1,Anonymous Citizen Portal,2025-02-24 05:56:22,Observation reported near Tiruchirappalli West Market sector in Tiruchirappalli.,VERIFIED,0
CMP-2026-00085,28,Pudukkottai,138,413,Pudukkottai East Campus Zone,6,Unclassified / Suspicious Substance,1,Anonymous Citizen Portal,2024-10-25 16:36:55,Observation reported near Pudukkottai East Campus Zone sector in Pudukkottai.,CORROBORATED,0
CMP-2026-00086,17,Chengalpattu,84,250,Chengalpattu West Market,5,Opioid Analogues / Brown Sugar / Heroin,3,State Checkpost Telemetry,2026-07-06 11:19:43,Observation reported near Chengalpattu West Market sector in Chengalpattu.,UNVERIFIED,0
CMP-2026-00087,20,Viluppuram,98,293,Viluppuram East Campus Zone,1,Commercial Ganja / Cannabis,3,State Checkpost Telemetry,2025-06-24 21:48:47,Observation reported near Viluppuram East Campus Zone sector in Viluppuram.,VERIFIED,0
CMP-2026-00088,6,Tirunelveli,26,78,Tirunelveli North Industrial Bypass,2,Synthetic Stimulants / MDMA / Meth,2,Police FIR & Seizure Register,2026-05-07 08:00:48,Observation reported near Tirunelveli North Industrial Bypass sector in Tirunelveli.,NEEDS_VERIFICATION,0
CMP-2026-00089,17,Chengalpattu,85,253,Chengalpattu Central Market,2,Synthetic Stimulants / MDMA / Meth,3,State Checkpost Telemetry,2025-03-07 05:20:48,Observation reported near Chengalpattu Central Market sector in Chengalpattu.,UNVERIFIED,0
CMP-2026-00090,25,Karur,124,370,Karur West Market,5,Opioid Analogues / Brown Sugar / Heroin,5,Health & Rehab Aggregate Registry,2025-05-25 21:02:24,Observation reported near Karur West Market sector in Karur.,CORROBORATED,0
CMP-2026-00091,34,Nagapattinam,168,504,Nagapattinam East Industrial Bypass,4,Chemical Precursors / Ephedrine,2,Police FIR & Seizure Register,2025-04-17 16:27:06,Observation reported near Nagapattinam East Industrial Bypass sector in Nagapattinam.,CORROBORATED,0
CMP-2026-00092,37,Tirupathur,181,541,Tirupathur North Market,2,Synthetic Stimulants / MDMA / Meth,5,Health & Rehab Aggregate Registry,2026-01-18 03:35:33,Observation reported near Tirupathur North Market sector in Tirupathur.,NEEDS_VERIFICATION,0
CMP-2026-00093,22,Dharmapuri,110,330,Dharmapuri Central Industrial Bypass,4,Chemical Precursors / Ephedrine,3,State Checkpost Telemetry,2025-07-09 15:38:32,Observation reported near Dharmapuri Central Industrial Bypass sector in Dharmapuri.,UNVERIFIED,0
CMP-2026-00094,13,Thoothukudi,63,187,Thoothukudi East Market,5,Opioid Analogues / Brown Sugar / Heroin,4,State Anti-Drug Helpline 10583,2025-08-23 17:06:32,Observation reported near Thoothukudi East Market sector in Thoothukudi.,UNVERIFIED,0
CMP-2026-00095,17,Chengalpattu,85,254,Chengalpattu Central Campus Zone,5,Opioid Analogues / Brown Sugar / Heroin,4,State Anti-Drug Helpline 10583,2026-05-12 03:27:12,Observation reported near Chengalpattu Central Campus Zone sector in Chengalpattu.,VERIFIED,0
CMP-2026-00096,25,Karur,124,372,Karur West Industrial Bypass,3,Prescription Narcotics / Codeine / Alprazolam,3,State Checkpost Telemetry,2025-04-13 13:04:46,Observation reported near Karur West Industrial Bypass sector in Karur.,CORROBORATED,0
CMP-2026-00097,16,Kancheepuram,77,230,Kancheepuram South Campus Zone,1,Commercial Ganja / Cannabis,5,Health & Rehab Aggregate Registry,2025-05-04 09:42:10,Observation reported near Kancheepuram South Campus Zone sector in Kancheepuram.,CORROBORATED,0
CMP-2026-00098,26,Ariyalur,127,379,Ariyalur South Market,6,Unclassified / Suspicious Substance,2,Police FIR & Seizure Register,2025-09-24 07:26:14,Observation reported near Ariyalur South Market sector in Ariyalur.,VERIFIED,1
CMP-2026-00099,26,Ariyalur,130,389,Ariyalur Central Campus Zone,5,Opioid Analogues / Brown Sugar / Heroin,5,Health & Rehab Aggregate Registry,2026-03-17 15:02:57,Observation reported near Ariyalur Central Campus Zone sector in Ariyalur.,NEEDS_VERIFICATION,0
CMP-2026-00100,20,Viluppuram,100,300,Viluppuram Central Industrial Bypass,4,Chemical Precursors / Ephedrine,1,Anonymous Citizen Portal,2024-12-01 22:21:49,Observation reported near Viluppuram Central Industrial Bypass sector in Viluppuram.,VERIFIED,0
CMP-2026-00101,5,Tiruchirappalli,25,73,Tiruchirappalli Central Market,3,Prescription Narcotics / Codeine / Alprazolam,2,Police FIR & Seizure Register,2025-06-08 04:28:50,Observation reported near Tiruchirappalli Central Market sector in Tiruchirappalli.,NEEDS_VERIFICATION,0
CMP-2026-00102,27,Perambalur,132,396,Perambalur South Industrial Bypass,3,Prescription Narcotics / Codeine / Alprazolam,2,Police FIR & Seizure Register,2026-06-21 17:31:06,Observation reported near Perambalur South Industrial Bypass sector in Perambalur.,NEEDS_VERIFICATION,0
CMP-2026-00103,18,Tiruvallur,88,264,Tiruvallur East Industrial Bypass,1,Commercial Ganja / Cannabis,1,Anonymous Citizen Portal,2025-09-03 22:45:49,Observation reported near Tiruvallur East Industrial Bypass sector in Tiruvallur.,UNVERIFIED,0
CMP-2026-00104,7,Erode,31,91,Erode North Market,3,Prescription Narcotics / Codeine / Alprazolam,1,Anonymous Citizen Portal,2026-03-10 05:57:45,Observation reported near Erode North Market sector in Erode.,VERIFIED,0
CMP-2026-00105,15,Tenkasi,71,212,Tenkasi North Campus Zone,6,Unclassified / Suspicious Substance,4,State Anti-Drug Helpline 10583,2025-05-06 05:49:15,Observation reported near Tenkasi North Campus Zone sector in Tenkasi.,UNVERIFIED,0
CMP-2026-00106,33,Thiruvarur,163,487,Thiruvarur East Market,4,Chemical Precursors / Ephedrine,4,State Anti-Drug Helpline 10583,2025-02-06 00:54:57,Observation reported near Thiruvarur East Market sector in Thiruvarur.,UNVERIFIED,0
CMP-2026-00107,3,Madurai,13,37,Madurai East Market,6,Unclassified / Suspicious Substance,1,Anonymous Citizen Portal,2026-04-22 05:08:06,Observation reported near Madurai East Market sector in Madurai.,CORROBORATED,0
CMP-2026-00108,1,Chennai,2,5,Chennai South Campus Zone,2,Synthetic Stimulants / MDMA / Meth,5,Health & Rehab Aggregate Registry,2026-01-06 11:39:01,Observation reported near Chennai South Campus Zone sector in Chennai.,NEEDS_VERIFICATION,0
CMP-2026-00109,29,Sivaganga,141,421,Sivaganga North Market,6,Unclassified / Suspicious Substance,1,Anonymous Citizen Portal,2026-05-04 23:18:48,Observation reported near Sivaganga North Market sector in Sivaganga.,NEEDS_VERIFICATION,0
CMP-2026-00110,14,Kanniyakumari,68,204,Kanniyakumari East Industrial Bypass,5,Opioid Analogues / Brown Sugar / Heroin,4,State Anti-Drug Helpline 10583,2025-02-10 20:36:38,Observation reported near Kanniyakumari East Industrial Bypass sector in Kanniyakumari.,NEEDS_VERIFICATION,0
CMP-2026-00111,28,Pudukkottai,140,418,Pudukkottai Central Market,5,Opioid Analogues / Brown Sugar / Heroin,2,Police FIR & Seizure Register,2025-04-25 08:21:34,Observation reported near Pudukkottai Central Market sector in Pudukkottai.,VERIFIED,0
CMP-2026-00112,12,Thanjavur,59,176,Thanjavur West Campus Zone,1,Commercial Ganja / Cannabis,1,Anonymous Citizen Portal,2025-07-05 04:24:39,Observation reported near Thanjavur West Campus Zone sector in Thanjavur.,NEEDS_VERIFICATION,0
CMP-2026-00113,27,Perambalur,131,392,Perambalur North Campus Zone,3,Prescription Narcotics / Codeine / Alprazolam,4,State Anti-Drug Helpline 10583,2026-04-24 10:44:16,Observation reported near Perambalur North Campus Zone sector in Perambalur.,UNVERIFIED,0
CMP-2026-00114,38,Tiruvannamalai,187,561,Tiruvannamalai South Industrial Bypass,4,Chemical Precursors / Ephedrine,5,Health & Rehab Aggregate Registry,2024-11-06 00:59:55,Observation reported near Tiruvannamalai South Industrial Bypass sector in Tiruvannamalai.,NEEDS_VERIFICATION,0
CMP-2026-00115,20,Viluppuram,97,291,Viluppuram South Industrial Bypass,6,Unclassified / Suspicious Substance,3,State Checkpost Telemetry,2025-05-17 19:47:39,Observation reported near Viluppuram South Industrial Bypass sector in Viluppuram.,CORROBORATED,0
CMP-2026-00116,20,Viluppuram,99,295,Viluppuram West Market,3,Prescription Narcotics / Codeine / Alprazolam,1,Anonymous Citizen Portal,2025-02-21 10:09:59,Observation reported near Viluppuram West Market sector in Viluppuram.,UNVERIFIED,0
CMP-2026-00117,9,Vellore,43,128,Vellore East Campus Zone,3,Prescription Narcotics / Codeine / Alprazolam,3,State Checkpost Telemetry,2026-07-02 20:24:45,Observation reported near Vellore East Campus Zone sector in Vellore.,NEEDS_VERIFICATION,0
CMP-2026-00118,24,Nilgiris,116,347,Nilgiris North Campus Zone,2,Synthetic Stimulants / MDMA / Meth,3,State Checkpost Telemetry,2024-11-10 13:07:52,Observation reported near Nilgiris North Campus Zone sector in Nilgiris.,CORROBORATED,0
CMP-2026-00119,37,Tirupathur,184,550,Tirupathur West Market,2,Synthetic Stimulants / MDMA / Meth,1,Anonymous Citizen Portal,2025-09-06 19:44:04,Observation reported near Tirupathur West Market sector in Tirupathur.,VERIFIED,0
CMP-2026-00120,37,Tirupathur,184,550,Tirupathur West Market,3,Prescription Narcotics / Codeine / Alprazolam,2,Police FIR & Seizure Register,2025-03-18 18:16:43,Observation reported near Tirupathur West Market sector in Tirupathur.,VERIFIED,0
CMP-2026-00121,9,Vellore,41,122,Vellore North Campus Zone,3,Prescription Narcotics / Codeine / Alprazolam,3,State Checkpost Telemetry,2025-06-03 23:20:20,Observation reported near Vellore North Campus Zone sector in Vellore.,CORROBORATED,0
CMP-2026-00122,12,Thanjavur,60,178,Thanjavur Central Market,4,Chemical Precursors / Ephedrine,2,Police FIR & Seizure Register,2026-05-15 10:37:27,Observation reported near Thanjavur Central Market sector in Thanjavur.,NEEDS_VERIFICATION,0
CMP-2026-00123,14,Kanniyakumari,68,203,Kanniyakumari East Campus Zone,3,Prescription Narcotics / Codeine / Alprazolam,2,Police FIR & Seizure Register,2025-02-21 09:33:52,Observation reported near Kanniyakumari East Campus Zone sector in Kanniyakumari.,NEEDS_VERIFICATION,0
CMP-2026-00124,21,Kallakurichi,101,301,Kallakurichi North Market,2,Synthetic Stimulants / MDMA / Meth,2,Police FIR & Seizure Register,2025-02-06 13:01:13,Observation reported near Kallakurichi North Market sector in Kallakurichi.,CORROBORATED,0
CMP-2026-00125,3,Madurai,11,33,Madurai North Industrial Bypass,3,Prescription Narcotics / Codeine / Alprazolam,1,Anonymous Citizen Portal,2024-11-24 18:06:02,Observation reported near Madurai North Industrial Bypass sector in Madurai.,CORROBORATED,0
CMP-2026-00126,23,Namakkal,114,341,Namakkal West Campus Zone,1,Commercial Ganja / Cannabis,4,State Anti-Drug Helpline 10583,2026-05-02 19:53:37,Observation reported near Namakkal West Campus Zone sector in Namakkal.,NEEDS_VERIFICATION,0
CMP-2026-00127,24,Nilgiris,120,359,Nilgiris Central Campus Zone,3,Prescription Narcotics / Codeine / Alprazolam,1,Anonymous Citizen Portal,2025-02-11 08:24:01,Observation reported near Nilgiris Central Campus Zone sector in Nilgiris.,VERIFIED,0
CMP-2026-00128,10,Krishnagiri,47,141,Krishnagiri South Industrial Bypass,2,Synthetic Stimulants / MDMA / Meth,3,State Checkpost Telemetry,2026-07-06 06:08:41,Observation reported near Krishnagiri South Industrial Bypass sector in Krishnagiri.,UNVERIFIED,0
CMP-2026-00129,27,Perambalur,133,399,Perambalur East Industrial Bypass,6,Unclassified / Suspicious Substance,2,Police FIR & Seizure Register,2025-09-15 05:15:04,Observation reported near Perambalur East Industrial Bypass sector in Perambalur.,CORROBORATED,0
CMP-2026-00130,22,Dharmapuri,109,325,Dharmapuri West Market,2,Synthetic Stimulants / MDMA / Meth,1,Anonymous Citizen Portal,2025-03-17 17:35:08,Observation reported near Dharmapuri West Market sector in Dharmapuri.,VERIFIED,0
CMP-2026-00131,11,Dindigul,54,162,Dindigul West Industrial Bypass,5,Opioid Analogues / Brown Sugar / Heroin,4,State Anti-Drug Helpline 10583,2025-12-07 14:05:32,Observation reported near Dindigul West Industrial Bypass sector in Dindigul.,UNVERIFIED,0
CMP-2026-00132,8,Tiruppur,39,115,Tiruppur West Market,3,Prescription Narcotics / Codeine / Alprazolam,5,Health & Rehab Aggregate Registry,2026-01-20 06:50:51,Observation reported near Tiruppur West Market sector in Tiruppur.,CORROBORATED,0
CMP-2026-00133,14,Kanniyakumari,68,204,Kanniyakumari East Industrial Bypass,4,Chemical Precursors / Ephedrine,4,State Anti-Drug Helpline 10583,2024-11-26 14:21:55,Observation reported near Kanniyakumari East Industrial Bypass sector in Kanniyakumari.,CORROBORATED,0
CMP-2026-00134,14,Kanniyakumari,69,206,Kanniyakumari West Campus Zone,6,Unclassified / Suspicious Substance,4,State Anti-Drug Helpline 10583,2025-09-07 00:37:42,Observation reported near Kanniyakumari West Campus Zone sector in Kanniyakumari.,UNVERIFIED,0
CMP-2026-00135,24,Nilgiris,117,351,Nilgiris South Industrial Bypass,6,Unclassified / Suspicious Substance,1,Anonymous Citizen Portal,2026-06-12 08:28:47,Observation reported near Nilgiris South Industrial Bypass sector in Nilgiris.,UNVERIFIED,0
CMP-2026-00136,21,Kallakurichi,103,308,Kallakurichi East Campus Zone,3,Prescription Narcotics / Codeine / Alprazolam,1,Anonymous Citizen Portal,2025-04-04 16:22:23,Observation reported near Kallakurichi East Campus Zone sector in Kallakurichi.,VERIFIED,0
CMP-2026-00137,7,Erode,33,97,Erode East Market,5,Opioid Analogues / Brown Sugar / Heroin,2,Police FIR & Seizure Register,2026-06-05 21:22:52,Observation reported near Erode East Market sector in Erode.,NEEDS_VERIFICATION,0
CMP-2026-00138,19,Cuddalore,95,284,Cuddalore Central Campus Zone,3,Prescription Narcotics / Codeine / Alprazolam,4,State Anti-Drug Helpline 10583,2025-03-14 08:32:08,Observation reported near Cuddalore Central Campus Zone sector in Cuddalore.,NEEDS_VERIFICATION,0
CMP-2026-00139,35,Mayiladuthurai,175,523,Mayiladuthurai Central Market,5,Opioid Analogues / Brown Sugar / Heroin,1,Anonymous Citizen Portal,2026-04-03 09:27:35,Observation reported near Mayiladuthurai Central Market sector in Mayiladuthurai.,UNVERIFIED,0
CMP-2026-00140,29,Sivaganga,145,433,Sivaganga Central Market,6,Unclassified / Suspicious Substance,2,Police FIR & Seizure Register,2025-03-05 20:16:01,Observation reported near Sivaganga Central Market sector in Sivaganga.,CORROBORATED,0
CMP-2026-00141,16,Kancheepuram,80,240,Kancheepuram Central Industrial Bypass,3,Prescription Narcotics / Codeine / Alprazolam,1,Anonymous Citizen Portal,2025-10-05 06:19:27,Observation reported near Kancheepuram Central Industrial Bypass sector in Kancheepuram.,NEEDS_VERIFICATION,0
CMP-2026-00142,32,Theni,157,469,Theni South Market,4,Chemical Precursors / Ephedrine,1,Anonymous Citizen Portal,2025-04-24 18:38:20,Observation reported near Theni South Market sector in Theni.,VERIFIED,1
CMP-2026-00143,1,Chennai,2,5,Chennai South Campus Zone,2,Synthetic Stimulants / MDMA / Meth,3,State Checkpost Telemetry,2025-05-27 00:25:10,Observation reported near Chennai South Campus Zone sector in Chennai.,CORROBORATED,0
CMP-2026-00144,12,Thanjavur,60,180,Thanjavur Central Industrial Bypass,6,Unclassified / Suspicious Substance,2,Police FIR & Seizure Register,2025-08-09 09:00:08,Observation reported near Thanjavur Central Industrial Bypass sector in Thanjavur.,VERIFIED,0
CMP-2026-00145,2,Coimbatore,10,30,Coimbatore Central Industrial Bypass,4,Chemical Precursors / Ephedrine,4,State Anti-Drug Helpline 10583,2026-03-31 02:56:35,Observation reported near Coimbatore Central Industrial Bypass sector in Coimbatore.,UNVERIFIED,0
CMP-2026-00146,5,Tiruchirappalli,25,74,Tiruchirappalli Central Campus Zone,6,Unclassified / Suspicious Substance,1,Anonymous Citizen Portal,2024-10-20 23:47:12,Observation reported near Tiruchirappalli Central Campus Zone sector in Tiruchirappalli.,CORROBORATED,0
CMP-2026-00147,22,Dharmapuri,106,316,Dharmapuri North Market,3,Prescription Narcotics / Codeine / Alprazolam,3,State Checkpost Telemetry,2025-09-30 15:16:48,Observation reported near Dharmapuri North Market sector in Dharmapuri.,NEEDS_VERIFICATION,1
CMP-2026-00148,10,Krishnagiri,50,149,Krishnagiri Central Campus Zone,1,Commercial Ganja / Cannabis,3,State Checkpost Telemetry,2026-02-21 08:05:38,Observation reported near Krishnagiri Central Campus Zone sector in Krishnagiri.,VERIFIED,0
CMP-2026-00149,35,Mayiladuthurai,173,519,Mayiladuthurai East Industrial Bypass,1,Commercial Ganja / Cannabis,3,State Checkpost Telemetry,2025-05-28 18:43:50,Observation reported near Mayiladuthurai East Industrial Bypass sector in Mayiladuthurai.,NEEDS_VERIFICATION,0
CMP-2026-00150,17,Chengalpattu,81,242,Chengalpattu North Campus Zone,4,Chemical Precursors / Ephedrine,3,State Checkpost Telemetry,2026-01-29 02:39:21,Observation reported near Chengalpattu North Campus Zone sector in Chengalpattu.,NEEDS_VERIFICATION,0
CMP-2026-00151,1,Chennai,4,10,Chennai West Market,5,Opioid Analogues / Brown Sugar / Heroin,5,Health & Rehab Aggregate Registry,2026-06-26 20:01:20,Observation reported near Chennai West Market sector in Chennai.,UNVERIFIED,0
CMP-2026-00152,20,Viluppuram,100,300,Viluppuram Central Industrial Bypass,1,Commercial Ganja / Cannabis,1,Anonymous Citizen Portal,2025-07-17 21:50:08,Observation reported near Viluppuram Central Industrial Bypass sector in Viluppuram.,NEEDS_VERIFICATION,0
CMP-2026-00153,17,Chengalpattu,85,254,Chengalpattu Central Campus Zone,2,Synthetic Stimulants / MDMA / Meth,5,Health & Rehab Aggregate Registry,2025-07-11 01:08:03,Observation reported near Chengalpattu Central Campus Zone sector in Chengalpattu.,NEEDS_VERIFICATION,1
CMP-2026-00154,21,Kallakurichi,103,307,Kallakurichi East Market,6,Unclassified / Suspicious Substance,4,State Anti-Drug Helpline 10583,2026-01-08 01:14:11,Observation reported near Kallakurichi East Market sector in Kallakurichi.,CORROBORATED,0
CMP-2026-00155,31,Virudhunagar,154,461,Virudhunagar West Campus Zone,4,Chemical Precursors / Ephedrine,1,Anonymous Citizen Portal,2024-12-23 20:03:01,Observation reported near Virudhunagar West Campus Zone sector in Virudhunagar.,UNVERIFIED,0
CMP-2026-00156,12,Thanjavur,56,168,Thanjavur North Industrial Bypass,6,Unclassified / Suspicious Substance,3,State Checkpost Telemetry,2024-10-27 21:02:48,Observation reported near Thanjavur North Industrial Bypass sector in Thanjavur.,CORROBORATED,0
CMP-2026-00157,24,Nilgiris,117,350,Nilgiris South Campus Zone,1,Commercial Ganja / Cannabis,2,Police FIR & Seizure Register,2024-12-10 01:08:12,Observation reported near Nilgiris South Campus Zone sector in Nilgiris.,VERIFIED,0
CMP-2026-00158,5,Tiruchirappalli,24,70,Tiruchirappalli West Market,6,Unclassified / Suspicious Substance,4,State Anti-Drug Helpline 10583,2025-09-06 00:06:21,Observation reported near Tiruchirappalli West Market sector in Tiruchirappalli.,UNVERIFIED,0
CMP-2026-00159,17,Chengalpattu,81,242,Chengalpattu North Campus Zone,1,Commercial Ganja / Cannabis,3,State Checkpost Telemetry,2025-11-21 00:06:29,Observation reported near Chengalpattu North Campus Zone sector in Chengalpattu.,CORROBORATED,0
CMP-2026-00160,2,Coimbatore,7,21,Coimbatore South Industrial Bypass,4,Chemical Precursors / Ephedrine,3,State Checkpost Telemetry,2025-07-29 22:07:55,Observation reported near Coimbatore South Industrial Bypass sector in Coimbatore.,CORROBORATED,0
CMP-2026-00161,8,Tiruppur,39,115,Tiruppur West Market,3,Prescription Narcotics / Codeine / Alprazolam,1,Anonymous Citizen Portal,2025-03-10 16:59:20,Observation reported near Tiruppur West Market sector in Tiruppur.,VERIFIED,0
CMP-2026-00162,18,Tiruvallur,86,256,Tiruvallur North Market,6,Unclassified / Suspicious Substance,2,Police FIR & Seizure Register,2026-05-27 07:04:37,Observation reported near Tiruvallur North Market sector in Tiruvallur.,NEEDS_VERIFICATION,0
CMP-2026-00163,27,Perambalur,133,397,Perambalur East Market,3,Prescription Narcotics / Codeine / Alprazolam,4,State Anti-Drug Helpline 10583,2025-07-09 08:33:34,Observation reported near Perambalur East Market sector in Perambalur.,CORROBORATED,0
CMP-2026-00164,7,Erode,33,98,Erode East Campus Zone,1,Commercial Ganja / Cannabis,1,Anonymous Citizen Portal,2026-08-08 22:37:29,Observation reported near Erode East Campus Zone sector in Erode.,VERIFIED,0
CMP-2026-00165,8,Tiruppur,40,118,Tiruppur Central Market,3,Prescription Narcotics / Codeine / Alprazolam,2,Police FIR & Seizure Register,2026-08-07 22:09:55,Observation reported near Tiruppur Central Market sector in Tiruppur.,VERIFIED,0
CMP-2026-00166,28,Pudukkottai,138,413,Pudukkottai East Campus Zone,6,Unclassified / Suspicious Substance,2,Police FIR & Seizure Register,2025-11-02 05:55:31,Observation reported near Pudukkottai East Campus Zone sector in Pudukkottai.,UNVERIFIED,0
CMP-2026-00167,11,Dindigul,54,160,Dindigul West Market,4,Chemical Precursors / Ephedrine,1,Anonymous Citizen Portal,2024-12-04 22:18:59,Observation reported near Dindigul West Market sector in Dindigul.,UNVERIFIED,0
CMP-2026-00168,25,Karur,121,361,Karur North Market,4,Chemical Precursors / Ephedrine,4,State Anti-Drug Helpline 10583,2025-08-23 02:49:12,Observation reported near Karur North Market sector in Karur.,UNVERIFIED,1
CMP-2026-00169,20,Viluppuram,98,292,Viluppuram East Market,4,Chemical Precursors / Ephedrine,5,Health & Rehab Aggregate Registry,2025-03-24 03:32:36,Observation reported near Viluppuram East Market sector in Viluppuram.,UNVERIFIED,0
CMP-2026-00170,26,Ariyalur,129,385,Ariyalur West Market,2,Synthetic Stimulants / MDMA / Meth,2,Police FIR & Seizure Register,2026-05-01 19:37:33,Observation reported near Ariyalur West Market sector in Ariyalur.,CORROBORATED,0
CMP-2026-00171,13,Thoothukudi,63,189,Thoothukudi East Industrial Bypass,2,Synthetic Stimulants / MDMA / Meth,2,Police FIR & Seizure Register,2026-05-27 21:42:05,Observation reported near Thoothukudi East Industrial Bypass sector in Thoothukudi.,CORROBORATED,0
CMP-2026-00172,9,Vellore,44,130,Vellore West Market,5,Opioid Analogues / Brown Sugar / Heroin,4,State Anti-Drug Helpline 10583,2025-06-02 12:50:57,Observation reported near Vellore West Market sector in Vellore.,VERIFIED,0
CMP-2026-00173,24,Nilgiris,118,353,Nilgiris East Campus Zone,3,Prescription Narcotics / Codeine / Alprazolam,1,Anonymous Citizen Portal,2026-01-30 20:48:50,Observation reported near Nilgiris East Campus Zone sector in Nilgiris.,CORROBORATED,0
CMP-2026-00174,34,Nagapattinam,166,496,Nagapattinam North Market,4,Chemical Precursors / Ephedrine,3,State Checkpost Telemetry,2024-10-06 00:23:47,Observation reported near Nagapattinam North Market sector in Nagapattinam.,UNVERIFIED,0
CMP-2026-00175,38,Tiruvannamalai,189,565,Tiruvannamalai West Market,1,Commercial Ganja / Cannabis,1,Anonymous Citizen Portal,2026-03-03 07:50:04,Observation reported near Tiruvannamalai West Market sector in Tiruvannamalai.,UNVERIFIED,0
CMP-2026-00176,5,Tiruchirappalli,21,62,Tiruchirappalli North Campus Zone,1,Commercial Ganja / Cannabis,5,Health & Rehab Aggregate Registry,2025-09-29 20:39:11,Observation reported near Tiruchirappalli North Campus Zone sector in Tiruchirappalli.,VERIFIED,0
CMP-2026-00177,14,Kanniyakumari,70,210,Kanniyakumari Central Industrial Bypass,1,Commercial Ganja / Cannabis,3,State Checkpost Telemetry,2025-09-15 15:18:55,Observation reported near Kanniyakumari Central Industrial Bypass sector in Kanniyakumari.,UNVERIFIED,0
CMP-2026-00178,36,Ranipet,177,531,Ranipet South Industrial Bypass,3,Prescription Narcotics / Codeine / Alprazolam,5,Health & Rehab Aggregate Registry,2026-04-23 17:54:43,Observation reported near Ranipet South Industrial Bypass sector in Ranipet.,UNVERIFIED,0
CMP-2026-00179,13,Thoothukudi,65,195,Thoothukudi Central Industrial Bypass,6,Unclassified / Suspicious Substance,5,Health & Rehab Aggregate Registry,2025-08-18 01:18:44,Observation reported near Thoothukudi Central Industrial Bypass sector in Thoothukudi.,UNVERIFIED,0
CMP-2026-00180,16,Kancheepuram,78,233,Kancheepuram East Campus Zone,4,Chemical Precursors / Ephedrine,4,State Anti-Drug Helpline 10583,2025-02-21 06:15:14,Observation reported near Kancheepuram East Campus Zone sector in Kancheepuram.,NEEDS_VERIFICATION,0
CMP-2026-00181,23,Namakkal,111,332,Namakkal North Campus Zone,1,Commercial Ganja / Cannabis,3,State Checkpost Telemetry,2025-03-17 19:31:58,Observation reported near Namakkal North Campus Zone sector in Namakkal.,VERIFIED,0
CMP-2026-00182,13,Thoothukudi,63,188,Thoothukudi East Campus Zone,6,Unclassified / Suspicious Substance,5,Health & Rehab Aggregate Registry,2025-02-04 23:18:56,Observation reported near Thoothukudi East Campus Zone sector in Thoothukudi.,CORROBORATED,0
CMP-2026-00183,9,Vellore,44,130,Vellore West Market,1,Commercial Ganja / Cannabis,5,Health & Rehab Aggregate Registry,2025-11-02 06:51:20,Observation reported near Vellore West Market sector in Vellore.,NEEDS_VERIFICATION,0
CMP-2026-00184,20,Viluppuram,99,295,Viluppuram West Market,3,Prescription Narcotics / Codeine / Alprazolam,1,Anonymous Citizen Portal,2025-09-16 16:32:33,Observation reported near Viluppuram West Market sector in Viluppuram.,CORROBORATED,0
CMP-2026-00185,19,Cuddalore,94,281,Cuddalore West Campus Zone,5,Opioid Analogues / Brown Sugar / Heroin,2,Police FIR & Seizure Register,2026-05-09 03:53:48,Observation reported near Cuddalore West Campus Zone sector in Cuddalore.,CORROBORATED,0
CMP-2026-00186,38,Tiruvannamalai,189,566,Tiruvannamalai West Campus Zone,6,Unclassified / Suspicious Substance,4,State Anti-Drug Helpline 10583,2026-03-10 14:16:51,Observation reported near Tiruvannamalai West Campus Zone sector in Tiruvannamalai.,NEEDS_VERIFICATION,0
CMP-2026-00187,29,Sivaganga,142,424,Sivaganga South Market,2,Synthetic Stimulants / MDMA / Meth,1,Anonymous Citizen Portal,2026-02-21 03:30:02,Observation reported near Sivaganga South Market sector in Sivaganga.,VERIFIED,0
CMP-2026-00188,21,Kallakurichi,102,306,Kallakurichi South Industrial Bypass,2,Synthetic Stimulants / MDMA / Meth,5,Health & Rehab Aggregate Registry,2025-04-10 17:57:29,Observation reported near Kallakurichi South Industrial Bypass sector in Kallakurichi.,CORROBORATED,0
CMP-2026-00189,1,Chennai,3,7,Chennai East Market,2,Synthetic Stimulants / MDMA / Meth,3,State Checkpost Telemetry,2025-06-17 03:41:22,Observation reported near Chennai East Market sector in Chennai.,UNVERIFIED,0
CMP-2026-00190,30,Ramanathapuram,150,449,Ramanathapuram Central Campus Zone,4,Chemical Precursors / Ephedrine,1,Anonymous Citizen Portal,2026-06-28 22:14:04,Observation reported near Ramanathapuram Central Campus Zone sector in Ramanathapuram.,UNVERIFIED,0
CMP-2026-00191,31,Virudhunagar,153,457,Virudhunagar East Market,6,Unclassified / Suspicious Substance,3,State Checkpost Telemetry,2026-02-10 07:08:11,Observation reported near Virudhunagar East Market sector in Virudhunagar.,CORROBORATED,0
CMP-2026-00192,3,Madurai,14,41,Madurai West Campus Zone,3,Prescription Narcotics / Codeine / Alprazolam,4,State Anti-Drug Helpline 10583,2024-10-05 08:25:55,Observation reported near Madurai West Campus Zone sector in Madurai.,NEEDS_VERIFICATION,0
CMP-2026-00193,12,Thanjavur,58,172,Thanjavur East Market,1,Commercial Ganja / Cannabis,2,Police FIR & Seizure Register,2025-03-16 03:53:23,Observation reported near Thanjavur East Market sector in Thanjavur.,VERIFIED,0
CMP-2026-00194,30,Ramanathapuram,150,448,Ramanathapuram Central Market,3,Prescription Narcotics / Codeine / Alprazolam,1,Anonymous Citizen Portal,2025-08-11 13:53:50,Observation reported near Ramanathapuram Central Market sector in Ramanathapuram.,CORROBORATED,1
CMP-2026-00195,27,Perambalur,134,401,Perambalur West Campus Zone,6,Unclassified / Suspicious Substance,1,Anonymous Citizen Portal,2026-05-05 07:03:35,Observation reported near Perambalur West Campus Zone sector in Perambalur.,NEEDS_VERIFICATION,0
CMP-2026-00196,9,Vellore,42,125,Vellore South Campus Zone,3,Prescription Narcotics / Codeine / Alprazolam,4,State Anti-Drug Helpline 10583,2025-12-20 14:12:35,Observation reported near Vellore South Campus Zone sector in Vellore.,VERIFIED,0
CMP-2026-00197,22,Dharmapuri,110,328,Dharmapuri Central Market,1,Commercial Ganja / Cannabis,1,Anonymous Citizen Portal,2026-08-12 06:53:01,Observation reported near Dharmapuri Central Market sector in Dharmapuri.,CORROBORATED,0
CMP-2026-00198,6,Tirunelveli,28,82,Tirunelveli East Market,6,Unclassified / Suspicious Substance,4,State Anti-Drug Helpline 10583,2025-12-07 16:46:21,Observation reported near Tirunelveli East Market sector in Tirunelveli.,NEEDS_VERIFICATION,0
CMP-2026-00199,16,Kancheepuram,76,228,Kancheepuram North Industrial Bypass,4,Chemical Precursors / Ephedrine,1,Anonymous Citizen Portal,2025-03-21 22:46:49,Observation reported near Kancheepuram North Industrial Bypass sector in Kancheepuram.,NEEDS_VERIFICATION,1
CMP-2026-00200,24,Nilgiris,117,351,Nilgiris South Industrial Bypass,1,Commercial Ganja / Cannabis,3,State Checkpost Telemetry,2026-04-21 14:54:22,Observation reported near Nilgiris South Industrial Bypass sector in Nilgiris.,CORROBORATED,0
CMP-2026-00201,28,Pudukkottai,136,408,Pudukkottai North Industrial Bypass,1,Commercial Ganja / Cannabis,4,State Anti-Drug Helpline 10583,2026-07-27 03:54:47,Observation reported near Pudukkottai North Industrial Bypass sector in Pudukkottai.,CORROBORATED,0
CMP-2026-00202,19,Cuddalore,94,282,Cuddalore West Industrial Bypass,6,Unclassified / Suspicious Substance,4,State Anti-Drug Helpline 10583,2024-09-24 21:24:15,Observation reported near Cuddalore West Industrial Bypass sector in Cuddalore.,VERIFIED,0
CMP-2026-00203,2,Coimbatore,8,22,Coimbatore East Market,6,Unclassified / Suspicious Substance,1,Anonymous Citizen Portal,2025-09-28 11:57:15,Observation reported near Coimbatore East Market sector in Coimbatore.,UNVERIFIED,0
CMP-2026-00204,5,Tiruchirappalli,21,61,Tiruchirappalli North Market,5,Opioid Analogues / Brown Sugar / Heroin,1,Anonymous Citizen Portal,2025-06-19 13:29:29,Observation reported near Tiruchirappalli North Market sector in Tiruchirappalli.,VERIFIED,0
CMP-2026-00205,5,Tiruchirappalli,23,69,Tiruchirappalli East Industrial Bypass,4,Chemical Precursors / Ephedrine,3,State Checkpost Telemetry,2024-11-01 20:53:34,Observation reported near Tiruchirappalli East Industrial Bypass sector in Tiruchirappalli.,CORROBORATED,0
CMP-2026-00206,25,Karur,122,365,Karur South Campus Zone,6,Unclassified / Suspicious Substance,2,Police FIR & Seizure Register,2025-09-29 08:59:50,Observation reported near Karur South Campus Zone sector in Karur.,UNVERIFIED,0
CMP-2026-00207,6,Tirunelveli,30,90,Tirunelveli Central Industrial Bypass,2,Synthetic Stimulants / MDMA / Meth,2,Police FIR & Seizure Register,2025-03-13 10:56:16,Observation reported near Tirunelveli Central Industrial Bypass sector in Tirunelveli.,NEEDS_VERIFICATION,0
CMP-2026-00208,24,Nilgiris,118,352,Nilgiris East Market,1,Commercial Ganja / Cannabis,3,State Checkpost Telemetry,2025-06-12 04:18:38,Observation reported near Nilgiris East Market sector in Nilgiris.,UNVERIFIED,0
CMP-2026-00209,16,Kancheepuram,79,235,Kancheepuram West Market,4,Chemical Precursors / Ephedrine,4,State Anti-Drug Helpline 10583,2025-03-30 02:30:54,Observation reported near Kancheepuram West Market sector in Kancheepuram.,UNVERIFIED,0
CMP-2026-00210,33,Thiruvarur,165,494,Thiruvarur Central Campus Zone,2,Synthetic Stimulants / MDMA / Meth,4,State Anti-Drug Helpline 10583,2025-12-18 01:44:43,Observation reported near Thiruvarur Central Campus Zone sector in Thiruvarur.,NEEDS_VERIFICATION,0
CMP-2026-00211,28,Pudukkottai,140,418,Pudukkottai Central Market,6,Unclassified / Suspicious Substance,2,Police FIR & Seizure Register,2025-08-31 02:39:10,Observation reported near Pudukkottai Central Market sector in Pudukkottai.,UNVERIFIED,0
CMP-2026-00212,5,Tiruchirappalli,24,72,Tiruchirappalli West Industrial Bypass,1,Commercial Ganja / Cannabis,5,Health & Rehab Aggregate Registry,2025-01-06 01:30:47,Observation reported near Tiruchirappalli West Industrial Bypass sector in Tiruchirappalli.,CORROBORATED,0
CMP-2026-00213,24,Nilgiris,116,347,Nilgiris North Campus Zone,1,Commercial Ganja / Cannabis,4,State Anti-Drug Helpline 10583,2025-05-17 04:44:22,Observation reported near Nilgiris North Campus Zone sector in Nilgiris.,NEEDS_VERIFICATION,0
CMP-2026-00214,6,Tirunelveli,26,76,Tirunelveli North Market,1,Commercial Ganja / Cannabis,2,Police FIR & Seizure Register,2024-10-13 21:49:30,Observation reported near Tirunelveli North Market sector in Tirunelveli.,UNVERIFIED,1
CMP-2026-00215,22,Dharmapuri,108,322,Dharmapuri East Market,3,Prescription Narcotics / Codeine / Alprazolam,1,Anonymous Citizen Portal,2026-07-20 11:12:42,Observation reported near Dharmapuri East Market sector in Dharmapuri.,CORROBORATED,0
CMP-2026-00216,19,Cuddalore,91,271,Cuddalore North Market,4,Chemical Precursors / Ephedrine,2,Police FIR & Seizure Register,2024-09-23 08:30:01,Observation reported near Cuddalore North Market sector in Cuddalore.,UNVERIFIED,1
CMP-2026-00217,22,Dharmapuri,109,326,Dharmapuri West Campus Zone,4,Chemical Precursors / Ephedrine,5,Health & Rehab Aggregate Registry,2024-09-23 14:59:03,Observation reported near Dharmapuri West Campus Zone sector in Dharmapuri.,CORROBORATED,0
CMP-2026-00218,5,Tiruchirappalli,21,61,Tiruchirappalli North Market,6,Unclassified / Suspicious Substance,2,Police FIR & Seizure Register,2025-02-20 18:04:03,Observation reported near Tiruchirappalli North Market sector in Tiruchirappalli.,CORROBORATED,0
CMP-2026-00219,25,Karur,124,370,Karur West Market,2,Synthetic Stimulants / MDMA / Meth,3,State Checkpost Telemetry,2025-03-02 17:45:27,Observation reported near Karur West Market sector in Karur.,NEEDS_VERIFICATION,1
CMP-2026-00220,18,Tiruvallur,90,269,Tiruvallur Central Campus Zone,3,Prescription Narcotics / Codeine / Alprazolam,1,Anonymous Citizen Portal,2026-07-15 17:55:12,Observation reported near Tiruvallur Central Campus Zone sector in Tiruvallur.,VERIFIED,0
CMP-2026-00221,29,Sivaganga,141,421,Sivaganga North Market,2,Synthetic Stimulants / MDMA / Meth,3,State Checkpost Telemetry,2025-05-13 08:24:29,Observation reported near Sivaganga North Market sector in Sivaganga.,VERIFIED,0
CMP-2026-00222,22,Dharmapuri,107,321,Dharmapuri South Industrial Bypass,1,Commercial Ganja / Cannabis,4,State Anti-Drug Helpline 10583,2024-10-24 22:41:28,Observation reported near Dharmapuri South Industrial Bypass sector in Dharmapuri.,VERIFIED,0
CMP-2026-00223,5,Tiruchirappalli,23,68,Tiruchirappalli East Campus Zone,4,Chemical Precursors / Ephedrine,2,Police FIR & Seizure Register,2026-05-26 15:11:02,Observation reported near Tiruchirappalli East Campus Zone sector in Tiruchirappalli.,CORROBORATED,0
CMP-2026-00224,21,Kallakurichi,104,310,Kallakurichi West Market,6,Unclassified / Suspicious Substance,5,Health & Rehab Aggregate Registry,2025-02-24 07:32:08,Observation reported near Kallakurichi West Market sector in Kallakurichi.,VERIFIED,0
CMP-2026-00225,15,Tenkasi,75,225,Tenkasi Central Industrial Bypass,1,Commercial Ganja / Cannabis,2,Police FIR & Seizure Register,2026-04-22 03:30:06,Observation reported near Tenkasi Central Industrial Bypass sector in Tenkasi.,NEEDS_VERIFICATION,0
CMP-2026-00226,31,Virudhunagar,155,465,Virudhunagar Central Industrial Bypass,3,Prescription Narcotics / Codeine / Alprazolam,1,Anonymous Citizen Portal,2024-11-18 07:47:19,Observation reported near Virudhunagar Central Industrial Bypass sector in Virudhunagar.,UNVERIFIED,0
CMP-2026-00227,12,Thanjavur,60,179,Thanjavur Central Campus Zone,5,Opioid Analogues / Brown Sugar / Heroin,4,State Anti-Drug Helpline 10583,2025-07-22 05:39:36,Observation reported near Thanjavur Central Campus Zone sector in Thanjavur.,VERIFIED,0
CMP-2026-00228,29,Sivaganga,144,431,Sivaganga West Campus Zone,4,Chemical Precursors / Ephedrine,3,State Checkpost Telemetry,2024-11-07 19:23:03,Observation reported near Sivaganga West Campus Zone sector in Sivaganga.,UNVERIFIED,1
CMP-2026-00229,11,Dindigul,55,164,Dindigul Central Campus Zone,3,Prescription Narcotics / Codeine / Alprazolam,3,State Checkpost Telemetry,2026-04-03 00:39:40,Observation reported near Dindigul Central Campus Zone sector in Dindigul.,CORROBORATED,0
CMP-2026-00230,8,Tiruppur,40,120,Tiruppur Central Industrial Bypass,3,Prescription Narcotics / Codeine / Alprazolam,1,Anonymous Citizen Portal,2026-02-23 06:05:14,Observation reported near Tiruppur Central Industrial Bypass sector in Tiruppur.,NEEDS_VERIFICATION,0
CMP-2026-00231,8,Tiruppur,40,120,Tiruppur Central Industrial Bypass,2,Synthetic Stimulants / MDMA / Meth,1,Anonymous Citizen Portal,2025-02-13 19:47:47,Observation reported near Tiruppur Central Industrial Bypass sector in Tiruppur.,UNVERIFIED,0
CMP-2026-00232,7,Erode,35,105,Erode Central Industrial Bypass,2,Synthetic Stimulants / MDMA / Meth,2,Police FIR & Seizure Register,2026-03-29 07:13:07,Observation reported near Erode Central Industrial Bypass sector in Erode.,UNVERIFIED,0
CMP-2026-00233,31,Virudhunagar,151,453,Virudhunagar North Industrial Bypass,4,Chemical Precursors / Ephedrine,3,State Checkpost Telemetry,2025-05-01 08:25:24,Observation reported near Virudhunagar North Industrial Bypass sector in Virudhunagar.,NEEDS_VERIFICATION,0
CMP-2026-00234,1,Chennai,1,1,Chennai North Market,2,Synthetic Stimulants / MDMA / Meth,5,Health & Rehab Aggregate Registry,2026-01-16 21:57:11,Observation reported near Chennai North Market sector in Chennai.,CORROBORATED,0
CMP-2026-00235,1,Chennai,4,11,Chennai West Campus Zone,1,Commercial Ganja / Cannabis,4,State Anti-Drug Helpline 10583,2025-10-24 15:13:33,Observation reported near Chennai West Campus Zone sector in Chennai.,VERIFIED,0
CMP-2026-00236,37,Tirupathur,185,555,Tirupathur Central Industrial Bypass,5,Opioid Analogues / Brown Sugar / Heroin,5,Health & Rehab Aggregate Registry,2025-11-23 15:10:53,Observation reported near Tirupathur Central Industrial Bypass sector in Tirupathur.,VERIFIED,0
CMP-2026-00237,27,Perambalur,133,399,Perambalur East Industrial Bypass,5,Opioid Analogues / Brown Sugar / Heroin,4,State Anti-Drug Helpline 10583,2026-05-22 08:49:39,Observation reported near Perambalur East Industrial Bypass sector in Perambalur.,VERIFIED,0
CMP-2026-00238,6,Tirunelveli,29,85,Tirunelveli West Market,3,Prescription Narcotics / Codeine / Alprazolam,3,State Checkpost Telemetry,2024-12-27 20:29:59,Observation reported near Tirunelveli West Market sector in Tirunelveli.,UNVERIFIED,0
CMP-2026-00239,6,Tirunelveli,30,89,Tirunelveli Central Campus Zone,5,Opioid Analogues / Brown Sugar / Heroin,1,Anonymous Citizen Portal,2025-03-01 03:04:48,Observation reported near Tirunelveli Central Campus Zone sector in Tirunelveli.,UNVERIFIED,0
CMP-2026-00240,15,Tenkasi,74,222,Tenkasi West Industrial Bypass,6,Unclassified / Suspicious Substance,2,Police FIR & Seizure Register,2026-01-20 15:23:40,Observation reported near Tenkasi West Industrial Bypass sector in Tenkasi.,VERIFIED,0
CMP-2026-00241,24,Nilgiris,116,348,Nilgiris North Industrial Bypass,6,Unclassified / Suspicious Substance,5,Health & Rehab Aggregate Registry,2025-11-09 16:50:24,Observation reported near Nilgiris North Industrial Bypass sector in Nilgiris.,NEEDS_VERIFICATION,0
CMP-2026-00242,9,Vellore,44,132,Vellore West Industrial Bypass,2,Synthetic Stimulants / MDMA / Meth,5,Health & Rehab Aggregate Registry,2025-07-08 20:21:12,Observation reported near Vellore West Industrial Bypass sector in Vellore.,VERIFIED,0
CMP-2026-00243,10,Krishnagiri,47,141,Krishnagiri South Industrial Bypass,4,Chemical Precursors / Ephedrine,2,Police FIR & Seizure Register,2026-02-07 19:14:55,Observation reported near Krishnagiri South Industrial Bypass sector in Krishnagiri.,NEEDS_VERIFICATION,0
CMP-2026-00244,35,Mayiladuthurai,172,515,Mayiladuthurai South Campus Zone,6,Unclassified / Suspicious Substance,3,State Checkpost Telemetry,2025-06-13 18:58:30,Observation reported near Mayiladuthurai South Campus Zone sector in Mayiladuthurai.,NEEDS_VERIFICATION,0
CMP-2026-00245,7,Erode,34,100,Erode West Market,2,Synthetic Stimulants / MDMA / Meth,3,State Checkpost Telemetry,2026-01-23 07:33:20,Observation reported near Erode West Market sector in Erode.,CORROBORATED,0
CMP-2026-00246,5,Tiruchirappalli,24,71,Tiruchirappalli West Campus Zone,6,Unclassified / Suspicious Substance,4,State Anti-Drug Helpline 10583,2026-03-12 00:22:17,Observation reported near Tiruchirappalli West Campus Zone sector in Tiruchirappalli.,UNVERIFIED,0
CMP-2026-00247,22,Dharmapuri,106,318,Dharmapuri North Industrial Bypass,2,Synthetic Stimulants / MDMA / Meth,2,Police FIR & Seizure Register,2026-08-02 17:49:39,Observation reported near Dharmapuri North Industrial Bypass sector in Dharmapuri.,VERIFIED,0
CMP-2026-00248,35,Mayiladuthurai,172,514,Mayiladuthurai South Market,4,Chemical Precursors / Ephedrine,4,State Anti-Drug Helpline 10583,2025-01-10 12:20:56,Observation reported near Mayiladuthurai South Market sector in Mayiladuthurai.,VERIFIED,0
CMP-2026-00249,2,Coimbatore,6,16,Coimbatore North Market,5,Opioid Analogues / Brown Sugar / Heroin,3,State Checkpost Telemetry,2025-04-10 22:40:41,Observation reported near Coimbatore North Market sector in Coimbatore.,VERIFIED,0
CMP-2026-00250,25,Karur,125,374,Karur Central Campus Zone,5,Opioid Analogues / Brown Sugar / Heroin,2,Police FIR & Seizure Register,2025-07-30 22:34:00,Observation reported near Karur Central Campus Zone sector in Karur.,NEEDS_VERIFICATION,0
CMP-2026-00251,7,Erode,32,96,Erode South Industrial Bypass,3,Prescription Narcotics / Codeine / Alprazolam,1,Anonymous Citizen Portal,2025-04-25 09:13:33,Observation reported near Erode South Industrial Bypass sector in Erode.,NEEDS_VERIFICATION,0
CMP-2026-00252,7,Erode,34,102,Erode West Industrial Bypass,1,Commercial Ganja / Cannabis,2,Police FIR & Seizure Register,2025-10-05 16:06:24,Observation reported near Erode West Industrial Bypass sector in Erode.,UNVERIFIED,0
CMP-2026-00253,15,Tenkasi,73,219,Tenkasi East Industrial Bypass,5,Opioid Analogues / Brown Sugar / Heroin,1,Anonymous Citizen Portal,2025-09-10 18:32:58,Observation reported near Tenkasi East Industrial Bypass sector in Tenkasi.,VERIFIED,0
CMP-2026-00254,6,Tirunelveli,27,81,Tirunelveli South Industrial Bypass,1,Commercial Ganja / Cannabis,3,State Checkpost Telemetry,2025-02-21 14:32:54,Observation reported near Tirunelveli South Industrial Bypass sector in Tirunelveli.,NEEDS_VERIFICATION,0
CMP-2026-00255,6,Tirunelveli,26,77,Tirunelveli North Campus Zone,5,Opioid Analogues / Brown Sugar / Heroin,1,Anonymous Citizen Portal,2025-02-16 17:34:21,Observation reported near Tirunelveli North Campus Zone sector in Tirunelveli.,UNVERIFIED,0
CMP-2026-00256,23,Namakkal,112,335,Namakkal South Campus Zone,3,Prescription Narcotics / Codeine / Alprazolam,4,State Anti-Drug Helpline 10583,2025-03-08 09:34:16,Observation reported near Namakkal South Campus Zone sector in Namakkal.,CORROBORATED,0
CMP-2026-00257,27,Perambalur,135,405,Perambalur Central Industrial Bypass,5,Opioid Analogues / Brown Sugar / Heroin,2,Police FIR & Seizure Register,2025-10-13 06:14:03,Observation reported near Perambalur Central Industrial Bypass sector in Perambalur.,UNVERIFIED,0
CMP-2026-00258,17,Chengalpattu,85,254,Chengalpattu Central Campus Zone,2,Synthetic Stimulants / MDMA / Meth,2,Police FIR & Seizure Register,2025-05-31 10:47:37,Observation reported near Chengalpattu Central Campus Zone sector in Chengalpattu.,UNVERIFIED,1
CMP-2026-00259,11,Dindigul,54,162,Dindigul West Industrial Bypass,4,Chemical Precursors / Ephedrine,3,State Checkpost Telemetry,2026-03-07 05:32:52,Observation reported near Dindigul West Industrial Bypass sector in Dindigul.,VERIFIED,0
CMP-2026-00260,4,Salem,18,54,Salem East Industrial Bypass,2,Synthetic Stimulants / MDMA / Meth,3,State Checkpost Telemetry,2024-09-25 10:13:04,Observation reported near Salem East Industrial Bypass sector in Salem.,CORROBORATED,0
CMP-2026-00261,15,Tenkasi,72,216,Tenkasi South Industrial Bypass,1,Commercial Ganja / Cannabis,5,Health & Rehab Aggregate Registry,2026-04-12 01:29:44,Observation reported near Tenkasi South Industrial Bypass sector in Tenkasi.,VERIFIED,0
CMP-2026-00262,36,Ranipet,179,536,Ranipet West Campus Zone,4,Chemical Precursors / Ephedrine,4,State Anti-Drug Helpline 10583,2025-02-23 15:44:40,Observation reported near Ranipet West Campus Zone sector in Ranipet.,VERIFIED,0
CMP-2026-00263,14,Kanniyakumari,67,199,Kanniyakumari South Market,6,Unclassified / Suspicious Substance,1,Anonymous Citizen Portal,2025-10-24 23:47:48,Observation reported near Kanniyakumari South Market sector in Kanniyakumari.,VERIFIED,0
CMP-2026-00264,24,Nilgiris,120,360,Nilgiris Central Industrial Bypass,5,Opioid Analogues / Brown Sugar / Heroin,1,Anonymous Citizen Portal,2026-01-13 20:35:14,Observation reported near Nilgiris Central Industrial Bypass sector in Nilgiris.,VERIFIED,0
CMP-2026-00265,29,Sivaganga,144,430,Sivaganga West Market,5,Opioid Analogues / Brown Sugar / Heroin,4,State Anti-Drug Helpline 10583,2025-12-07 09:33:47,Observation reported near Sivaganga West Market sector in Sivaganga.,NEEDS_VERIFICATION,0
CMP-2026-00266,30,Ramanathapuram,146,437,Ramanathapuram North Campus Zone,1,Commercial Ganja / Cannabis,4,State Anti-Drug Helpline 10583,2024-11-11 23:45:54,Observation reported near Ramanathapuram North Campus Zone sector in Ramanathapuram.,CORROBORATED,0
CMP-2026-00267,18,Tiruvallur,90,268,Tiruvallur Central Market,5,Opioid Analogues / Brown Sugar / Heroin,1,Anonymous Citizen Portal,2025-09-29 23:58:49,Observation reported near Tiruvallur Central Market sector in Tiruvallur.,VERIFIED,0
CMP-2026-00268,32,Theni,160,478,Theni Central Market,2,Synthetic Stimulants / MDMA / Meth,2,Police FIR & Seizure Register,2025-01-17 01:37:55,Observation reported near Theni Central Market sector in Theni.,NEEDS_VERIFICATION,0
CMP-2026-00269,22,Dharmapuri,108,323,Dharmapuri East Campus Zone,1,Commercial Ganja / Cannabis,3,State Checkpost Telemetry,2025-10-27 15:51:20,Observation reported near Dharmapuri East Campus Zone sector in Dharmapuri.,NEEDS_VERIFICATION,1
CMP-2026-00270,24,Nilgiris,116,347,Nilgiris North Campus Zone,2,Synthetic Stimulants / MDMA / Meth,3,State Checkpost Telemetry,2026-08-03 14:37:36,Observation reported near Nilgiris North Campus Zone sector in Nilgiris.,NEEDS_VERIFICATION,0
CMP-2026-00271,8,Tiruppur,37,111,Tiruppur South Industrial Bypass,6,Unclassified / Suspicious Substance,1,Anonymous Citizen Portal,2025-06-09 11:13:33,Observation reported near Tiruppur South Industrial Bypass sector in Tiruppur.,UNVERIFIED,0
CMP-2026-00272,29,Sivaganga,145,434,Sivaganga Central Campus Zone,4,Chemical Precursors / Ephedrine,2,Police FIR & Seizure Register,2025-02-13 12:59:22,Observation reported near Sivaganga Central Campus Zone sector in Sivaganga.,VERIFIED,0
CMP-2026-00273,22,Dharmapuri,108,324,Dharmapuri East Industrial Bypass,4,Chemical Precursors / Ephedrine,4,State Anti-Drug Helpline 10583,2025-02-28 22:28:22,Observation reported near Dharmapuri East Industrial Bypass sector in Dharmapuri.,NEEDS_VERIFICATION,0
CMP-2026-00274,27,Perambalur,135,404,Perambalur Central Campus Zone,6,Unclassified / Suspicious Substance,3,State Checkpost Telemetry,2025-01-14 21:08:26,Observation reported near Perambalur Central Campus Zone sector in Perambalur.,VERIFIED,0
CMP-2026-00275,37,Tirupathur,181,542,Tirupathur North Campus Zone,5,Opioid Analogues / Brown Sugar / Heroin,1,Anonymous Citizen Portal,2026-05-31 00:42:11,Observation reported near Tirupathur North Campus Zone sector in Tirupathur.,UNVERIFIED,0
CMP-2026-00276,15,Tenkasi,75,225,Tenkasi Central Industrial Bypass,5,Opioid Analogues / Brown Sugar / Heroin,5,Health & Rehab Aggregate Registry,2025-06-08 11:24:56,Observation reported near Tenkasi Central Industrial Bypass sector in Tenkasi.,CORROBORATED,0
CMP-2026-00277,27,Perambalur,134,400,Perambalur West Market,6,Unclassified / Suspicious Substance,2,Police FIR & Seizure Register,2026-01-28 11:34:07,Observation reported near Perambalur West Market sector in Perambalur.,UNVERIFIED,0
CMP-2026-00278,9,Vellore,44,131,Vellore West Campus Zone,6,Unclassified / Suspicious Substance,4,State Anti-Drug Helpline 10583,2025-01-21 09:56:23,Observation reported near Vellore West Campus Zone sector in Vellore.,VERIFIED,0
CMP-2026-00279,26,Ariyalur,128,384,Ariyalur East Industrial Bypass,2,Synthetic Stimulants / MDMA / Meth,2,Police FIR & Seizure Register,2025-01-16 05:01:46,Observation reported near Ariyalur East Industrial Bypass sector in Ariyalur.,NEEDS_VERIFICATION,0
CMP-2026-00280,27,Perambalur,131,393,Perambalur North Industrial Bypass,4,Chemical Precursors / Ephedrine,5,Health & Rehab Aggregate Registry,2026-01-29 01:22:17,Observation reported near Perambalur North Industrial Bypass sector in Perambalur.,UNVERIFIED,0
CMP-2026-00281,5,Tiruchirappalli,23,67,Tiruchirappalli East Market,4,Chemical Precursors / Ephedrine,3,State Checkpost Telemetry,2026-02-25 19:36:36,Observation reported near Tiruchirappalli East Market sector in Tiruchirappalli.,VERIFIED,0
CMP-2026-00282,6,Tirunelveli,30,88,Tirunelveli Central Market,1,Commercial Ganja / Cannabis,5,Health & Rehab Aggregate Registry,2026-03-04 03:28:20,Observation reported near Tirunelveli Central Market sector in Tirunelveli.,UNVERIFIED,0
CMP-2026-00283,28,Pudukkottai,136,408,Pudukkottai North Industrial Bypass,6,Unclassified / Suspicious Substance,3,State Checkpost Telemetry,2025-10-24 11:11:19,Observation reported near Pudukkottai North Industrial Bypass sector in Pudukkottai.,NEEDS_VERIFICATION,0
CMP-2026-00284,15,Tenkasi,74,220,Tenkasi West Market,6,Unclassified / Suspicious Substance,2,Police FIR & Seizure Register,2025-06-14 10:37:56,Observation reported near Tenkasi West Market sector in Tenkasi.,NEEDS_VERIFICATION,0
CMP-2026-00285,31,Virudhunagar,155,465,Virudhunagar Central Industrial Bypass,1,Commercial Ganja / Cannabis,4,State Anti-Drug Helpline 10583,2024-12-10 15:18:19,Observation reported near Virudhunagar Central Industrial Bypass sector in Virudhunagar.,NEEDS_VERIFICATION,0
CMP-2026-00286,38,Tiruvannamalai,189,566,Tiruvannamalai West Campus Zone,5,Opioid Analogues / Brown Sugar / Heroin,5,Health & Rehab Aggregate Registry,2025-01-05 21:11:10,Observation reported near Tiruvannamalai West Campus Zone sector in Tiruvannamalai.,UNVERIFIED,1
CMP-2026-00287,1,Chennai,2,6,Chennai South Industrial Bypass,1,Commercial Ganja / Cannabis,5,Health & Rehab Aggregate Registry,2025-06-03 00:39:36,Observation reported near Chennai South Industrial Bypass sector in Chennai.,VERIFIED,0
CMP-2026-00288,20,Viluppuram,98,293,Viluppuram East Campus Zone,3,Prescription Narcotics / Codeine / Alprazolam,1,Anonymous Citizen Portal,2025-04-21 18:38:12,Observation reported near Viluppuram East Campus Zone sector in Viluppuram.,NEEDS_VERIFICATION,0
CMP-2026-00289,32,Theni,156,468,Theni North Industrial Bypass,4,Chemical Precursors / Ephedrine,1,Anonymous Citizen Portal,2025-02-15 16:31:58,Observation reported near Theni North Industrial Bypass sector in Theni.,CORROBORATED,1
CMP-2026-00290,11,Dindigul,53,157,Dindigul East Market,5,Opioid Analogues / Brown Sugar / Heroin,1,Anonymous Citizen Portal,2026-06-10 19:06:30,Observation reported near Dindigul East Market sector in Dindigul.,CORROBORATED,0
CMP-2026-00291,35,Mayiladuthurai,172,515,Mayiladuthurai South Campus Zone,4,Chemical Precursors / Ephedrine,2,Police FIR & Seizure Register,2024-12-19 05:26:27,Observation reported near Mayiladuthurai South Campus Zone sector in Mayiladuthurai.,CORROBORATED,0
CMP-2026-00292,36,Ranipet,180,540,Ranipet Central Industrial Bypass,3,Prescription Narcotics / Codeine / Alprazolam,2,Police FIR & Seizure Register,2025-08-15 16:49:52,Observation reported near Ranipet Central Industrial Bypass sector in Ranipet.,NEEDS_VERIFICATION,0
CMP-2026-00293,30,Ramanathapuram,150,450,Ramanathapuram Central Industrial Bypass,5,Opioid Analogues / Brown Sugar / Heroin,2,Police FIR & Seizure Register,2026-06-22 20:04:43,Observation reported near Ramanathapuram Central Industrial Bypass sector in Ramanathapuram.,VERIFIED,0
CMP-2026-00294,15,Tenkasi,72,215,Tenkasi South Campus Zone,5,Opioid Analogues / Brown Sugar / Heroin,5,Health & Rehab Aggregate Registry,2025-09-24 17:03:58,Observation reported near Tenkasi South Campus Zone sector in Tenkasi.,UNVERIFIED,0
CMP-2026-00295,13,Thoothukudi,62,185,Thoothukudi South Campus Zone,2,Synthetic Stimulants / MDMA / Meth,4,State Anti-Drug Helpline 10583,2025-11-09 07:00:14,Observation reported near Thoothukudi South Campus Zone sector in Thoothukudi.,NEEDS_VERIFICATION,0
CMP-2026-00296,19,Cuddalore,95,283,Cuddalore Central Market,3,Prescription Narcotics / Codeine / Alprazolam,5,Health & Rehab Aggregate Registry,2025-10-23 16:36:59,Observation reported near Cuddalore Central Market sector in Cuddalore.,UNVERIFIED,0
CMP-2026-00297,20,Viluppuram,99,297,Viluppuram West Industrial Bypass,6,Unclassified / Suspicious Substance,5,Health & Rehab Aggregate Registry,2025-03-14 10:59:13,Observation reported near Viluppuram West Industrial Bypass sector in Viluppuram.,UNVERIFIED,0
CMP-2026-00298,36,Ranipet,179,535,Ranipet West Market,3,Prescription Narcotics / Codeine / Alprazolam,5,Health & Rehab Aggregate Registry,2025-07-01 00:41:59,Observation reported near Ranipet West Market sector in Ranipet.,NEEDS_VERIFICATION,1
CMP-2026-00299,21,Kallakurichi,102,305,Kallakurichi South Campus Zone,3,Prescription Narcotics / Codeine / Alprazolam,5,Health & Rehab Aggregate Registry,2025-03-02 05:27:21,Observation reported near Kallakurichi South Campus Zone sector in Kallakurichi.,NEEDS_VERIFICATION,0
CMP-2026-00300,22,Dharmapuri,107,321,Dharmapuri South Industrial Bypass,2,Synthetic Stimulants / MDMA / Meth,5,Health & Rehab Aggregate Registry,2024-10-11 05:50:59,Observation reported near Dharmapuri South Industrial Bypass sector in Dharmapuri.,CORROBORATED,0
CMP-2026-00301,20,Viluppuram,98,292,Viluppuram East Market,2,Synthetic Stimulants / MDMA / Meth,2,Police FIR & Seizure Register,2025-07-08 01:39:55,Observation reported near Viluppuram East Market sector in Viluppuram.,NEEDS_VERIFICATION,0
CMP-2026-00302,25,Karur,121,363,Karur North Industrial Bypass,5,Opioid Analogues / Brown Sugar / Heroin,2,Police FIR & Seizure Register,2025-07-21 18:33:06,Observation reported near Karur North Industrial Bypass sector in Karur.,NEEDS_VERIFICATION,0
CMP-2026-00303,18,Tiruvallur,86,256,Tiruvallur North Market,5,Opioid Analogues / Brown Sugar / Heroin,4,State Anti-Drug Helpline 10583,2026-05-07 16:54:52,Observation reported near Tiruvallur North Market sector in Tiruvallur.,UNVERIFIED,0
CMP-2026-00304,25,Karur,123,369,Karur East Industrial Bypass,5,Opioid Analogues / Brown Sugar / Heroin,5,Health & Rehab Aggregate Registry,2025-01-24 17:38:47,Observation reported near Karur East Industrial Bypass sector in Karur.,UNVERIFIED,0
CMP-2026-00305,21,Kallakurichi,101,302,Kallakurichi North Campus Zone,3,Prescription Narcotics / Codeine / Alprazolam,3,State Checkpost Telemetry,2026-03-20 23:38:46,Observation reported near Kallakurichi North Campus Zone sector in Kallakurichi.,CORROBORATED,0
CMP-2026-00306,2,Coimbatore,10,30,Coimbatore Central Industrial Bypass,3,Prescription Narcotics / Codeine / Alprazolam,2,Police FIR & Seizure Register,2024-11-26 20:10:39,Observation reported near Coimbatore Central Industrial Bypass sector in Coimbatore.,UNVERIFIED,0
CMP-2026-00307,21,Kallakurichi,103,308,Kallakurichi East Campus Zone,5,Opioid Analogues / Brown Sugar / Heroin,1,Anonymous Citizen Portal,2025-10-20 21:13:10,Observation reported near Kallakurichi East Campus Zone sector in Kallakurichi.,NEEDS_VERIFICATION,1
CMP-2026-00308,36,Ranipet,177,530,Ranipet South Campus Zone,4,Chemical Precursors / Ephedrine,2,Police FIR & Seizure Register,2026-03-10 05:37:23,Observation reported near Ranipet South Campus Zone sector in Ranipet.,UNVERIFIED,0
CMP-2026-00309,33,Thiruvarur,162,485,Thiruvarur South Campus Zone,5,Opioid Analogues / Brown Sugar / Heroin,1,Anonymous Citizen Portal,2025-11-16 21:11:34,Observation reported near Thiruvarur South Campus Zone sector in Thiruvarur.,NEEDS_VERIFICATION,0
CMP-2026-00310,12,Thanjavur,58,174,Thanjavur East Industrial Bypass,6,Unclassified / Suspicious Substance,3,State Checkpost Telemetry,2026-03-06 21:15:07,Observation reported near Thanjavur East Industrial Bypass sector in Thanjavur.,NEEDS_VERIFICATION,0
CMP-2026-00311,6,Tirunelveli,29,86,Tirunelveli West Campus Zone,6,Unclassified / Suspicious Substance,1,Anonymous Citizen Portal,2025-01-17 04:52:47,Observation reported near Tirunelveli West Campus Zone sector in Tirunelveli.,NEEDS_VERIFICATION,0
CMP-2026-00312,31,Virudhunagar,152,455,Virudhunagar South Campus Zone,5,Opioid Analogues / Brown Sugar / Heroin,1,Anonymous Citizen Portal,2026-06-25 22:08:05,Observation reported near Virudhunagar South Campus Zone sector in Virudhunagar.,VERIFIED,0
CMP-2026-00313,10,Krishnagiri,47,141,Krishnagiri South Industrial Bypass,2,Synthetic Stimulants / MDMA / Meth,3,State Checkpost Telemetry,2024-12-30 06:26:25,Observation reported near Krishnagiri South Industrial Bypass sector in Krishnagiri.,UNVERIFIED,0
CMP-2026-00314,1,Chennai,2,5,Chennai South Campus Zone,3,Prescription Narcotics / Codeine / Alprazolam,5,Health & Rehab Aggregate Registry,2025-07-25 09:04:37,Observation reported near Chennai South Campus Zone sector in Chennai.,CORROBORATED,0
CMP-2026-00315,7,Erode,31,92,Erode North Campus Zone,1,Commercial Ganja / Cannabis,4,State Anti-Drug Helpline 10583,2025-08-28 23:34:07,Observation reported near Erode North Campus Zone sector in Erode.,CORROBORATED,0
CMP-2026-00316,22,Dharmapuri,107,320,Dharmapuri South Campus Zone,2,Synthetic Stimulants / MDMA / Meth,3,State Checkpost Telemetry,2026-05-10 11:14:22,Observation reported near Dharmapuri South Campus Zone sector in Dharmapuri.,VERIFIED,0
CMP-2026-00317,17,Chengalpattu,84,251,Chengalpattu West Campus Zone,4,Chemical Precursors / Ephedrine,4,State Anti-Drug Helpline 10583,2025-05-03 19:26:12,Observation reported near Chengalpattu West Campus Zone sector in Chengalpattu.,NEEDS_VERIFICATION,1
CMP-2026-00318,38,Tiruvannamalai,189,567,Tiruvannamalai West Industrial Bypass,4,Chemical Precursors / Ephedrine,2,Police FIR & Seizure Register,2026-05-30 10:11:10,Observation reported near Tiruvannamalai West Industrial Bypass sector in Tiruvannamalai.,UNVERIFIED,0
CMP-2026-00319,23,Namakkal,114,341,Namakkal West Campus Zone,5,Opioid Analogues / Brown Sugar / Heroin,1,Anonymous Citizen Portal,2025-07-29 03:18:54,Observation reported near Namakkal West Campus Zone sector in Namakkal.,NEEDS_VERIFICATION,0
CMP-2026-00320,7,Erode,35,104,Erode Central Campus Zone,5,Opioid Analogues / Brown Sugar / Heroin,4,State Anti-Drug Helpline 10583,2025-05-25 01:45:27,Observation reported near Erode Central Campus Zone sector in Erode.,NEEDS_VERIFICATION,0
CMP-2026-00321,10,Krishnagiri,50,149,Krishnagiri Central Campus Zone,3,Prescription Narcotics / Codeine / Alprazolam,2,Police FIR & Seizure Register,2025-08-23 01:21:48,Observation reported near Krishnagiri Central Campus Zone sector in Krishnagiri.,UNVERIFIED,1
CMP-2026-00322,34,Nagapattinam,169,506,Nagapattinam West Campus Zone,6,Unclassified / Suspicious Substance,4,State Anti-Drug Helpline 10583,2024-09-18 16:31:18,Observation reported near Nagapattinam West Campus Zone sector in Nagapattinam.,CORROBORATED,0
CMP-2026-00323,35,Mayiladuthurai,175,525,Mayiladuthurai Central Industrial Bypass,4,Chemical Precursors / Ephedrine,3,State Checkpost Telemetry,2025-08-06 10:05:33,Observation reported near Mayiladuthurai Central Industrial Bypass sector in Mayiladuthurai.,CORROBORATED,0
CMP-2026-00324,20,Viluppuram,96,287,Viluppuram North Campus Zone,4,Chemical Precursors / Ephedrine,2,Police FIR & Seizure Register,2026-07-25 02:40:28,Observation reported near Viluppuram North Campus Zone sector in Viluppuram.,VERIFIED,0
CMP-2026-00325,27,Perambalur,133,398,Perambalur East Campus Zone,4,Chemical Precursors / Ephedrine,5,Health & Rehab Aggregate Registry,2025-04-13 01:56:42,Observation reported near Perambalur East Campus Zone sector in Perambalur.,NEEDS_VERIFICATION,0
CMP-2026-00326,4,Salem,17,50,Salem South Campus Zone,5,Opioid Analogues / Brown Sugar / Heroin,3,State Checkpost Telemetry,2026-01-07 23:51:16,Observation reported near Salem South Campus Zone sector in Salem.,CORROBORATED,1
CMP-2026-00327,3,Madurai,14,40,Madurai West Market,2,Synthetic Stimulants / MDMA / Meth,1,Anonymous Citizen Portal,2024-10-10 14:53:41,Observation reported near Madurai West Market sector in Madurai.,VERIFIED,0
CMP-2026-00328,17,Chengalpattu,85,255,Chengalpattu Central Industrial Bypass,1,Commercial Ganja / Cannabis,4,State Anti-Drug Helpline 10583,2026-01-21 10:55:33,Observation reported near Chengalpattu Central Industrial Bypass sector in Chengalpattu.,UNVERIFIED,0
CMP-2026-00329,37,Tirupathur,183,548,Tirupathur East Campus Zone,2,Synthetic Stimulants / MDMA / Meth,2,Police FIR & Seizure Register,2024-10-10 07:18:32,Observation reported near Tirupathur East Campus Zone sector in Tirupathur.,CORROBORATED,0
CMP-2026-00330,19,Cuddalore,93,278,Cuddalore East Campus Zone,2,Synthetic Stimulants / MDMA / Meth,3,State Checkpost Telemetry,2026-01-03 16:31:56,Observation reported near Cuddalore East Campus Zone sector in Cuddalore.,VERIFIED,0
CMP-2026-00331,6,Tirunelveli,26,77,Tirunelveli North Campus Zone,3,Prescription Narcotics / Codeine / Alprazolam,5,Health & Rehab Aggregate Registry,2026-08-10 13:43:55,Observation reported near Tirunelveli North Campus Zone sector in Tirunelveli.,VERIFIED,0
CMP-2026-00332,23,Namakkal,114,342,Namakkal West Industrial Bypass,3,Prescription Narcotics / Codeine / Alprazolam,5,Health & Rehab Aggregate Registry,2025-06-12 04:37:49,Observation reported near Namakkal West Industrial Bypass sector in Namakkal.,UNVERIFIED,0
CMP-2026-00333,15,Tenkasi,72,214,Tenkasi South Market,1,Commercial Ganja / Cannabis,4,State Anti-Drug Helpline 10583,2025-03-08 14:48:08,Observation reported near Tenkasi South Market sector in Tenkasi.,CORROBORATED,0
CMP-2026-00334,29,Sivaganga,141,423,Sivaganga North Industrial Bypass,5,Opioid Analogues / Brown Sugar / Heroin,2,Police FIR & Seizure Register,2025-11-04 19:03:56,Observation reported near Sivaganga North Industrial Bypass sector in Sivaganga.,CORROBORATED,0
CMP-2026-00335,35,Mayiladuthurai,172,515,Mayiladuthurai South Campus Zone,2,Synthetic Stimulants / MDMA / Meth,1,Anonymous Citizen Portal,2025-08-26 21:09:53,Observation reported near Mayiladuthurai South Campus Zone sector in Mayiladuthurai.,VERIFIED,0
CMP-2026-00336,5,Tiruchirappalli,21,62,Tiruchirappalli North Campus Zone,4,Chemical Precursors / Ephedrine,5,Health & Rehab Aggregate Registry,2025-06-29 14:02:23,Observation reported near Tiruchirappalli North Campus Zone sector in Tiruchirappalli.,CORROBORATED,0
CMP-2026-00337,35,Mayiladuthurai,172,516,Mayiladuthurai South Industrial Bypass,5,Opioid Analogues / Brown Sugar / Heroin,1,Anonymous Citizen Portal,2026-01-23 19:21:50,Observation reported near Mayiladuthurai South Industrial Bypass sector in Mayiladuthurai.,UNVERIFIED,0
CMP-2026-00338,31,Virudhunagar,151,453,Virudhunagar North Industrial Bypass,5,Opioid Analogues / Brown Sugar / Heroin,3,State Checkpost Telemetry,2026-08-09 16:15:52,Observation reported near Virudhunagar North Industrial Bypass sector in Virudhunagar.,CORROBORATED,0
CMP-2026-00339,29,Sivaganga,145,435,Sivaganga Central Industrial Bypass,4,Chemical Precursors / Ephedrine,4,State Anti-Drug Helpline 10583,2026-02-21 01:04:42,Observation reported near Sivaganga Central Industrial Bypass sector in Sivaganga.,VERIFIED,0
CMP-2026-00340,35,Mayiladuthurai,171,511,Mayiladuthurai North Market,2,Synthetic Stimulants / MDMA / Meth,3,State Checkpost Telemetry,2026-01-31 23:25:53,Observation reported near Mayiladuthurai North Market sector in Mayiladuthurai.,VERIFIED,0
CMP-2026-00341,8,Tiruppur,37,109,Tiruppur South Market,6,Unclassified / Suspicious Substance,1,Anonymous Citizen Portal,2025-12-10 02:49:24,Observation reported near Tiruppur South Market sector in Tiruppur.,CORROBORATED,1
CMP-2026-00342,35,Mayiladuthurai,172,515,Mayiladuthurai South Campus Zone,5,Opioid Analogues / Brown Sugar / Heroin,1,Anonymous Citizen Portal,2025-09-11 10:00:09,Observation reported near Mayiladuthurai South Campus Zone sector in Mayiladuthurai.,UNVERIFIED,1
CMP-2026-00343,34,Nagapattinam,169,506,Nagapattinam West Campus Zone,1,Commercial Ganja / Cannabis,2,Police FIR & Seizure Register,2026-02-28 00:38:02,Observation reported near Nagapattinam West Campus Zone sector in Nagapattinam.,NEEDS_VERIFICATION,0
CMP-2026-00344,27,Perambalur,135,404,Perambalur Central Campus Zone,2,Synthetic Stimulants / MDMA / Meth,4,State Anti-Drug Helpline 10583,2026-08-02 01:00:50,Observation reported near Perambalur Central Campus Zone sector in Perambalur.,CORROBORATED,1
CMP-2026-00345,38,Tiruvannamalai,187,561,Tiruvannamalai South Industrial Bypass,5,Opioid Analogues / Brown Sugar / Heroin,2,Police FIR & Seizure Register,2025-08-16 04:38:42,Observation reported near Tiruvannamalai South Industrial Bypass sector in Tiruvannamalai.,NEEDS_VERIFICATION,0
CMP-2026-00346,2,Coimbatore,10,29,Coimbatore Central Campus Zone,3,Prescription Narcotics / Codeine / Alprazolam,4,State Anti-Drug Helpline 10583,2025-03-21 06:28:28,Observation reported near Coimbatore Central Campus Zone sector in Coimbatore.,CORROBORATED,0
CMP-2026-00347,28,Pudukkottai,140,420,Pudukkottai Central Industrial Bypass,1,Commercial Ganja / Cannabis,4,State Anti-Drug Helpline 10583,2026-04-15 19:13:47,Observation reported near Pudukkottai Central Industrial Bypass sector in Pudukkottai.,UNVERIFIED,0
CMP-2026-00348,37,Tirupathur,181,541,Tirupathur North Market,2,Synthetic Stimulants / MDMA / Meth,3,State Checkpost Telemetry,2026-08-15 15:17:56,Observation reported near Tirupathur North Market sector in Tirupathur.,CORROBORATED,0
CMP-2026-00349,7,Erode,31,93,Erode North Industrial Bypass,2,Synthetic Stimulants / MDMA / Meth,4,State Anti-Drug Helpline 10583,2026-08-12 02:08:30,Observation reported near Erode North Industrial Bypass sector in Erode.,CORROBORATED,0
CMP-2026-00350,13,Thoothukudi,63,187,Thoothukudi East Market,5,Opioid Analogues / Brown Sugar / Heroin,2,Police FIR & Seizure Register,2026-05-20 08:03:03,Observation reported near Thoothukudi East Market sector in Thoothukudi.,VERIFIED,0
CMP-2026-00351,12,Thanjavur,59,176,Thanjavur West Campus Zone,1,Commercial Ganja / Cannabis,5,Health & Rehab Aggregate Registry,2025-09-30 01:24:00,Observation reported near Thanjavur West Campus Zone sector in Thanjavur.,VERIFIED,1
CMP-2026-00352,37,Tirupathur,184,551,Tirupathur West Campus Zone,2,Synthetic Stimulants / MDMA / Meth,1,Anonymous Citizen Portal,2025-09-26 14:25:25,Observation reported near Tirupathur West Campus Zone sector in Tirupathur.,CORROBORATED,0
CMP-2026-00353,28,Pudukkottai,136,408,Pudukkottai North Industrial Bypass,4,Chemical Precursors / Ephedrine,1,Anonymous Citizen Portal,2025-07-15 07:29:47,Observation reported near Pudukkottai North Industrial Bypass sector in Pudukkottai.,CORROBORATED,1
CMP-2026-00354,3,Madurai,15,45,Madurai Central Industrial Bypass,4,Chemical Precursors / Ephedrine,4,State Anti-Drug Helpline 10583,2025-11-27 09:34:57,Observation reported near Madurai Central Industrial Bypass sector in Madurai.,VERIFIED,0
CMP-2026-00355,35,Mayiladuthurai,171,512,Mayiladuthurai North Campus Zone,3,Prescription Narcotics / Codeine / Alprazolam,2,Police FIR & Seizure Register,2025-09-18 03:36:43,Observation reported near Mayiladuthurai North Campus Zone sector in Mayiladuthurai.,CORROBORATED,0
CMP-2026-00356,10,Krishnagiri,50,148,Krishnagiri Central Market,6,Unclassified / Suspicious Substance,1,Anonymous Citizen Portal,2025-02-04 10:03:54,Observation reported near Krishnagiri Central Market sector in Krishnagiri.,CORROBORATED,0
CMP-2026-00357,23,Namakkal,114,341,Namakkal West Campus Zone,3,Prescription Narcotics / Codeine / Alprazolam,2,Police FIR & Seizure Register,2026-07-06 00:11:53,Observation reported near Namakkal West Campus Zone sector in Namakkal.,VERIFIED,0
CMP-2026-00358,38,Tiruvannamalai,189,565,Tiruvannamalai West Market,2,Synthetic Stimulants / MDMA / Meth,4,State Anti-Drug Helpline 10583,2026-04-04 10:14:33,Observation reported near Tiruvannamalai West Market sector in Tiruvannamalai.,CORROBORATED,0
CMP-2026-00359,38,Tiruvannamalai,188,562,Tiruvannamalai East Market,4,Chemical Precursors / Ephedrine,4,State Anti-Drug Helpline 10583,2025-03-05 16:32:29,Observation reported near Tiruvannamalai East Market sector in Tiruvannamalai.,NEEDS_VERIFICATION,0
CMP-2026-00360,9,Vellore,42,125,Vellore South Campus Zone,4,Chemical Precursors / Ephedrine,3,State Checkpost Telemetry,2026-02-04 19:13:13,Observation reported near Vellore South Campus Zone sector in Vellore.,CORROBORATED,0
CMP-2026-00361,22,Dharmapuri,109,327,Dharmapuri West Industrial Bypass,2,Synthetic Stimulants / MDMA / Meth,3,State Checkpost Telemetry,2025-11-20 23:19:24,Observation reported near Dharmapuri West Industrial Bypass sector in Dharmapuri.,CORROBORATED,0
CMP-2026-00362,35,Mayiladuthurai,174,522,Mayiladuthurai West Industrial Bypass,2,Synthetic Stimulants / MDMA / Meth,5,Health & Rehab Aggregate Registry,2025-08-23 03:49:48,Observation reported near Mayiladuthurai West Industrial Bypass sector in Mayiladuthurai.,VERIFIED,0
CMP-2026-00363,28,Pudukkottai,140,420,Pudukkottai Central Industrial Bypass,3,Prescription Narcotics / Codeine / Alprazolam,5,Health & Rehab Aggregate Registry,2026-05-15 03:26:03,Observation reported near Pudukkottai Central Industrial Bypass sector in Pudukkottai.,NEEDS_VERIFICATION,0
CMP-2026-00364,7,Erode,33,98,Erode East Campus Zone,3,Prescription Narcotics / Codeine / Alprazolam,2,Police FIR & Seizure Register,2026-02-13 23:43:38,Observation reported near Erode East Campus Zone sector in Erode.,CORROBORATED,0
CMP-2026-00365,37,Tirupathur,184,552,Tirupathur West Industrial Bypass,4,Chemical Precursors / Ephedrine,4,State Anti-Drug Helpline 10583,2025-04-13 20:34:20,Observation reported near Tirupathur West Industrial Bypass sector in Tirupathur.,NEEDS_VERIFICATION,0
CMP-2026-00366,9,Vellore,43,127,Vellore East Market,4,Chemical Precursors / Ephedrine,4,State Anti-Drug Helpline 10583,2025-12-30 08:50:04,Observation reported near Vellore East Market sector in Vellore.,NEEDS_VERIFICATION,0
CMP-2026-00367,27,Perambalur,131,393,Perambalur North Industrial Bypass,3,Prescription Narcotics / Codeine / Alprazolam,1,Anonymous Citizen Portal,2025-08-16 22:26:12,Observation reported near Perambalur North Industrial Bypass sector in Perambalur.,NEEDS_VERIFICATION,0
CMP-2026-00368,20,Viluppuram,96,286,Viluppuram North Market,2,Synthetic Stimulants / MDMA / Meth,2,Police FIR & Seizure Register,2026-03-17 21:54:10,Observation reported near Viluppuram North Market sector in Viluppuram.,NEEDS_VERIFICATION,0
CMP-2026-00369,1,Chennai,3,7,Chennai East Market,4,Chemical Precursors / Ephedrine,4,State Anti-Drug Helpline 10583,2026-07-06 12:24:47,Observation reported near Chennai East Market sector in Chennai.,CORROBORATED,0
CMP-2026-00370,3,Madurai,15,44,Madurai Central Campus Zone,3,Prescription Narcotics / Codeine / Alprazolam,1,Anonymous Citizen Portal,2025-11-05 14:21:34,Observation reported near Madurai Central Campus Zone sector in Madurai.,CORROBORATED,0
CMP-2026-00371,10,Krishnagiri,48,143,Krishnagiri East Campus Zone,3,Prescription Narcotics / Codeine / Alprazolam,1,Anonymous Citizen Portal,2025-02-26 17:31:44,Observation reported near Krishnagiri East Campus Zone sector in Krishnagiri.,CORROBORATED,0
CMP-2026-00372,20,Viluppuram,98,293,Viluppuram East Campus Zone,5,Opioid Analogues / Brown Sugar / Heroin,3,State Checkpost Telemetry,2025-09-20 03:58:59,Observation reported near Viluppuram East Campus Zone sector in Viluppuram.,UNVERIFIED,0
CMP-2026-00373,2,Coimbatore,6,17,Coimbatore North Campus Zone,6,Unclassified / Suspicious Substance,1,Anonymous Citizen Portal,2025-01-13 11:23:14,Observation reported near Coimbatore North Campus Zone sector in Coimbatore.,VERIFIED,0
CMP-2026-00374,16,Kancheepuram,77,229,Kancheepuram South Market,5,Opioid Analogues / Brown Sugar / Heroin,4,State Anti-Drug Helpline 10583,2025-08-02 12:51:00,Observation reported near Kancheepuram South Market sector in Kancheepuram.,VERIFIED,1
CMP-2026-00375,30,Ramanathapuram,148,444,Ramanathapuram East Industrial Bypass,4,Chemical Precursors / Ephedrine,2,Police FIR & Seizure Register,2025-08-14 13:58:40,Observation reported near Ramanathapuram East Industrial Bypass sector in Ramanathapuram.,CORROBORATED,0
CMP-2026-00376,9,Vellore,45,135,Vellore Central Industrial Bypass,3,Prescription Narcotics / Codeine / Alprazolam,3,State Checkpost Telemetry,2026-05-14 16:25:30,Observation reported near Vellore Central Industrial Bypass sector in Vellore.,CORROBORATED,0
CMP-2026-00377,28,Pudukkottai,136,407,Pudukkottai North Campus Zone,2,Synthetic Stimulants / MDMA / Meth,3,State Checkpost Telemetry,2025-12-09 22:15:18,Observation reported near Pudukkottai North Campus Zone sector in Pudukkottai.,VERIFIED,0
CMP-2026-00378,5,Tiruchirappalli,24,71,Tiruchirappalli West Campus Zone,1,Commercial Ganja / Cannabis,4,State Anti-Drug Helpline 10583,2025-02-25 09:03:34,Observation reported near Tiruchirappalli West Campus Zone sector in Tiruchirappalli.,CORROBORATED,0
CMP-2026-00379,17,Chengalpattu,85,253,Chengalpattu Central Market,1,Commercial Ganja / Cannabis,3,State Checkpost Telemetry,2026-02-20 21:16:38,Observation reported near Chengalpattu Central Market sector in Chengalpattu.,UNVERIFIED,0
CMP-2026-00380,22,Dharmapuri,106,316,Dharmapuri North Market,3,Prescription Narcotics / Codeine / Alprazolam,5,Health & Rehab Aggregate Registry,2025-01-15 05:49:20,Observation reported near Dharmapuri North Market sector in Dharmapuri.,NEEDS_VERIFICATION,0
CMP-2026-00381,11,Dindigul,52,156,Dindigul South Industrial Bypass,6,Unclassified / Suspicious Substance,4,State Anti-Drug Helpline 10583,2026-06-09 22:21:10,Observation reported near Dindigul South Industrial Bypass sector in Dindigul.,CORROBORATED,0
CMP-2026-00382,28,Pudukkottai,137,410,Pudukkottai South Campus Zone,4,Chemical Precursors / Ephedrine,1,Anonymous Citizen Portal,2024-12-18 03:25:00,Observation reported near Pudukkottai South Campus Zone sector in Pudukkottai.,VERIFIED,0
CMP-2026-00383,36,Ranipet,180,539,Ranipet Central Campus Zone,2,Synthetic Stimulants / MDMA / Meth,4,State Anti-Drug Helpline 10583,2024-10-28 07:26:14,Observation reported near Ranipet Central Campus Zone sector in Ranipet.,NEEDS_VERIFICATION,0
CMP-2026-00384,14,Kanniyakumari,68,202,Kanniyakumari East Market,4,Chemical Precursors / Ephedrine,3,State Checkpost Telemetry,2025-11-02 19:49:53,Observation reported near Kanniyakumari East Market sector in Kanniyakumari.,VERIFIED,0
CMP-2026-00385,35,Mayiladuthurai,172,514,Mayiladuthurai South Market,1,Commercial Ganja / Cannabis,4,State Anti-Drug Helpline 10583,2026-01-07 19:06:28,Observation reported near Mayiladuthurai South Market sector in Mayiladuthurai.,UNVERIFIED,0
CMP-2026-00386,9,Vellore,42,125,Vellore South Campus Zone,3,Prescription Narcotics / Codeine / Alprazolam,2,Police FIR & Seizure Register,2025-04-05 04:37:20,Observation reported near Vellore South Campus Zone sector in Vellore.,NEEDS_VERIFICATION,0
CMP-2026-00387,12,Thanjavur,60,180,Thanjavur Central Industrial Bypass,5,Opioid Analogues / Brown Sugar / Heroin,1,Anonymous Citizen Portal,2025-04-01 21:32:51,Observation reported near Thanjavur Central Industrial Bypass sector in Thanjavur.,NEEDS_VERIFICATION,0
CMP-2026-00388,35,Mayiladuthurai,171,511,Mayiladuthurai North Market,2,Synthetic Stimulants / MDMA / Meth,3,State Checkpost Telemetry,2025-10-18 12:28:21,Observation reported near Mayiladuthurai North Market sector in Mayiladuthurai.,CORROBORATED,0
CMP-2026-00389,11,Dindigul,53,158,Dindigul East Campus Zone,3,Prescription Narcotics / Codeine / Alprazolam,5,Health & Rehab Aggregate Registry,2024-10-15 09:56:46,Observation reported near Dindigul East Campus Zone sector in Dindigul.,CORROBORATED,0
CMP-2026-00390,4,Salem,20,60,Salem Central Industrial Bypass,2,Synthetic Stimulants / MDMA / Meth,5,Health & Rehab Aggregate Registry,2026-07-20 00:48:33,Observation reported near Salem Central Industrial Bypass sector in Salem.,CORROBORATED,0
CMP-2026-00391,10,Krishnagiri,49,145,Krishnagiri West Market,5,Opioid Analogues / Brown Sugar / Heroin,5,Health & Rehab Aggregate Registry,2025-01-14 21:59:52,Observation reported near Krishnagiri West Market sector in Krishnagiri.,UNVERIFIED,0
CMP-2026-00392,34,Nagapattinam,169,506,Nagapattinam West Campus Zone,1,Commercial Ganja / Cannabis,5,Health & Rehab Aggregate Registry,2025-12-07 00:33:56,Observation reported near Nagapattinam West Campus Zone sector in Nagapattinam.,VERIFIED,0
CMP-2026-00393,3,Madurai,15,45,Madurai Central Industrial Bypass,2,Synthetic Stimulants / MDMA / Meth,4,State Anti-Drug Helpline 10583,2025-01-16 10:23:25,Observation reported near Madurai Central Industrial Bypass sector in Madurai.,UNVERIFIED,0
CMP-2026-00394,3,Madurai,11,33,Madurai North Industrial Bypass,4,Chemical Precursors / Ephedrine,4,State Anti-Drug Helpline 10583,2026-04-23 20:58:13,Observation reported near Madurai North Industrial Bypass sector in Madurai.,UNVERIFIED,0
CMP-2026-00395,26,Ariyalur,128,383,Ariyalur East Campus Zone,1,Commercial Ganja / Cannabis,4,State Anti-Drug Helpline 10583,2025-09-30 19:10:40,Observation reported near Ariyalur East Campus Zone sector in Ariyalur.,NEEDS_VERIFICATION,0
CMP-2026-00396,32,Theni,158,472,Theni East Market,5,Opioid Analogues / Brown Sugar / Heroin,1,Anonymous Citizen Portal,2026-01-04 22:21:33,Observation reported near Theni East Market sector in Theni.,NEEDS_VERIFICATION,0
CMP-2026-00397,14,Kanniyakumari,68,204,Kanniyakumari East Industrial Bypass,1,Commercial Ganja / Cannabis,5,Health & Rehab Aggregate Registry,2024-11-26 06:42:54,Observation reported near Kanniyakumari East Industrial Bypass sector in Kanniyakumari.,UNVERIFIED,0
CMP-2026-00398,38,Tiruvannamalai,190,569,Tiruvannamalai Central Campus Zone,6,Unclassified / Suspicious Substance,4,State Anti-Drug Helpline 10583,2025-10-09 01:47:59,Observation reported near Tiruvannamalai Central Campus Zone sector in Tiruvannamalai.,NEEDS_VERIFICATION,0
CMP-2026-00399,6,Tirunelveli,28,84,Tirunelveli East Industrial Bypass,6,Unclassified / Suspicious Substance,1,Anonymous Citizen Portal,2024-11-14 21:22:21,Observation reported near Tirunelveli East Industrial Bypass sector in Tirunelveli.,CORROBORATED,0
CMP-2026-00400,5,Tiruchirappalli,23,67,Tiruchirappalli East Market,2,Synthetic Stimulants / MDMA / Meth,2,Police FIR & Seizure Register,2025-08-17 06:17:33,Observation reported near Tiruchirappalli East Market sector in Tiruchirappalli.,VERIFIED,1
CMP-2026-00401,25,Karur,124,371,Karur West Campus Zone,4,Chemical Precursors / Ephedrine,1,Anonymous Citizen Portal,2025-01-30 05:23:42,Observation reported near Karur West Campus Zone sector in Karur.,UNVERIFIED,0
CMP-2026-00402,11,Dindigul,52,154,Dindigul South Market,2,Synthetic Stimulants / MDMA / Meth,4,State Anti-Drug Helpline 10583,2025-06-19 02:20:00,Observation reported near Dindigul South Market sector in Dindigul.,UNVERIFIED,0
CMP-2026-00403,6,Tirunelveli,30,88,Tirunelveli Central Market,4,Chemical Precursors / Ephedrine,3,State Checkpost Telemetry,2026-02-09 14:04:12,Observation reported near Tirunelveli Central Market sector in Tirunelveli.,NEEDS_VERIFICATION,0
CMP-2026-00404,5,Tiruchirappalli,23,69,Tiruchirappalli East Industrial Bypass,6,Unclassified / Suspicious Substance,2,Police FIR & Seizure Register,2025-09-04 09:38:27,Observation reported near Tiruchirappalli East Industrial Bypass sector in Tiruchirappalli.,NEEDS_VERIFICATION,0
CMP-2026-00405,16,Kancheepuram,80,240,Kancheepuram Central Industrial Bypass,1,Commercial Ganja / Cannabis,2,Police FIR & Seizure Register,2026-07-17 10:36:49,Observation reported near Kancheepuram Central Industrial Bypass sector in Kancheepuram.,UNVERIFIED,0
CMP-2026-00406,26,Ariyalur,128,382,Ariyalur East Market,1,Commercial Ganja / Cannabis,2,Police FIR & Seizure Register,2024-11-25 11:34:11,Observation reported near Ariyalur East Market sector in Ariyalur.,VERIFIED,0
CMP-2026-00407,28,Pudukkottai,137,411,Pudukkottai South Industrial Bypass,1,Commercial Ganja / Cannabis,1,Anonymous Citizen Portal,2024-11-12 21:40:31,Observation reported near Pudukkottai South Industrial Bypass sector in Pudukkottai.,CORROBORATED,0
CMP-2026-00408,12,Thanjavur,58,173,Thanjavur East Campus Zone,1,Commercial Ganja / Cannabis,1,Anonymous Citizen Portal,2026-07-20 05:03:15,Observation reported near Thanjavur East Campus Zone sector in Thanjavur.,CORROBORATED,0
CMP-2026-00409,1,Chennai,5,15,Chennai Central Industrial Bypass,4,Chemical Precursors / Ephedrine,1,Anonymous Citizen Portal,2025-08-12 22:10:52,Observation reported near Chennai Central Industrial Bypass sector in Chennai.,VERIFIED,0
CMP-2026-00410,9,Vellore,42,124,Vellore South Market,2,Synthetic Stimulants / MDMA / Meth,3,State Checkpost Telemetry,2026-02-10 15:04:59,Observation reported near Vellore South Market sector in Vellore.,CORROBORATED,0
CMP-2026-00411,30,Ramanathapuram,149,445,Ramanathapuram West Market,4,Chemical Precursors / Ephedrine,5,Health & Rehab Aggregate Registry,2025-12-02 18:23:53,Observation reported near Ramanathapuram West Market sector in Ramanathapuram.,UNVERIFIED,0
CMP-2026-00412,32,Theni,159,475,Theni West Market,4,Chemical Precursors / Ephedrine,3,State Checkpost Telemetry,2025-10-30 03:40:02,Observation reported near Theni West Market sector in Theni.,UNVERIFIED,0
CMP-2026-00413,13,Thoothukudi,65,195,Thoothukudi Central Industrial Bypass,4,Chemical Precursors / Ephedrine,2,Police FIR & Seizure Register,2025-03-29 02:00:41,Observation reported near Thoothukudi Central Industrial Bypass sector in Thoothukudi.,UNVERIFIED,0
CMP-2026-00414,10,Krishnagiri,49,146,Krishnagiri West Campus Zone,3,Prescription Narcotics / Codeine / Alprazolam,3,State Checkpost Telemetry,2025-06-27 07:13:22,Observation reported near Krishnagiri West Campus Zone sector in Krishnagiri.,UNVERIFIED,0
CMP-2026-00415,24,Nilgiris,116,348,Nilgiris North Industrial Bypass,5,Opioid Analogues / Brown Sugar / Heroin,3,State Checkpost Telemetry,2024-09-23 19:00:59,Observation reported near Nilgiris North Industrial Bypass sector in Nilgiris.,CORROBORATED,0
CMP-2026-00416,1,Chennai,3,7,Chennai East Market,4,Chemical Precursors / Ephedrine,2,Police FIR & Seizure Register,2025-04-30 08:04:02,Observation reported near Chennai East Market sector in Chennai.,VERIFIED,0
CMP-2026-00417,36,Ranipet,177,530,Ranipet South Campus Zone,6,Unclassified / Suspicious Substance,5,Health & Rehab Aggregate Registry,2025-10-01 17:36:40,Observation reported near Ranipet South Campus Zone sector in Ranipet.,CORROBORATED,0
CMP-2026-00418,32,Theni,156,467,Theni North Campus Zone,4,Chemical Precursors / Ephedrine,4,State Anti-Drug Helpline 10583,2025-12-03 03:10:33,Observation reported near Theni North Campus Zone sector in Theni.,NEEDS_VERIFICATION,0
CMP-2026-00419,29,Sivaganga,145,434,Sivaganga Central Campus Zone,3,Prescription Narcotics / Codeine / Alprazolam,1,Anonymous Citizen Portal,2026-08-14 16:49:55,Observation reported near Sivaganga Central Campus Zone sector in Sivaganga.,CORROBORATED,0
CMP-2026-00420,22,Dharmapuri,109,327,Dharmapuri West Industrial Bypass,1,Commercial Ganja / Cannabis,1,Anonymous Citizen Portal,2026-03-12 07:55:42,Observation reported near Dharmapuri West Industrial Bypass sector in Dharmapuri.,UNVERIFIED,0
CMP-2026-00421,6,Tirunelveli,30,89,Tirunelveli Central Campus Zone,6,Unclassified / Suspicious Substance,3,State Checkpost Telemetry,2025-11-20 07:53:03,Observation reported near Tirunelveli Central Campus Zone sector in Tirunelveli.,UNVERIFIED,0
CMP-2026-00422,4,Salem,19,56,Salem West Campus Zone,2,Synthetic Stimulants / MDMA / Meth,5,Health & Rehab Aggregate Registry,2025-08-31 17:47:26,Observation reported near Salem West Campus Zone sector in Salem.,NEEDS_VERIFICATION,0
CMP-2026-00423,23,Namakkal,114,340,Namakkal West Market,1,Commercial Ganja / Cannabis,2,Police FIR & Seizure Register,2026-01-03 18:48:55,Observation reported near Namakkal West Market sector in Namakkal.,VERIFIED,0
CMP-2026-00424,26,Ariyalur,127,380,Ariyalur South Campus Zone,3,Prescription Narcotics / Codeine / Alprazolam,1,Anonymous Citizen Portal,2026-04-26 09:00:26,Observation reported near Ariyalur South Campus Zone sector in Ariyalur.,VERIFIED,0
CMP-2026-00425,37,Tirupathur,183,548,Tirupathur East Campus Zone,5,Opioid Analogues / Brown Sugar / Heroin,3,State Checkpost Telemetry,2026-08-02 01:15:58,Observation reported near Tirupathur East Campus Zone sector in Tirupathur.,VERIFIED,1
CMP-2026-00426,19,Cuddalore,94,282,Cuddalore West Industrial Bypass,2,Synthetic Stimulants / MDMA / Meth,4,State Anti-Drug Helpline 10583,2025-02-23 02:35:20,Observation reported near Cuddalore West Industrial Bypass sector in Cuddalore.,CORROBORATED,0
CMP-2026-00427,18,Tiruvallur,89,267,Tiruvallur West Industrial Bypass,4,Chemical Precursors / Ephedrine,1,Anonymous Citizen Portal,2025-09-22 19:39:49,Observation reported near Tiruvallur West Industrial Bypass sector in Tiruvallur.,NEEDS_VERIFICATION,0
CMP-2026-00428,20,Viluppuram,96,288,Viluppuram North Industrial Bypass,3,Prescription Narcotics / Codeine / Alprazolam,5,Health & Rehab Aggregate Registry,2025-06-09 20:33:51,Observation reported near Viluppuram North Industrial Bypass sector in Viluppuram.,UNVERIFIED,0
CMP-2026-00429,19,Cuddalore,93,277,Cuddalore East Market,1,Commercial Ganja / Cannabis,2,Police FIR & Seizure Register,2025-10-02 16:10:52,Observation reported near Cuddalore East Market sector in Cuddalore.,VERIFIED,0
CMP-2026-00430,34,Nagapattinam,170,510,Nagapattinam Central Industrial Bypass,1,Commercial Ganja / Cannabis,3,State Checkpost Telemetry,2024-12-26 01:23:19,Observation reported near Nagapattinam Central Industrial Bypass sector in Nagapattinam.,UNVERIFIED,0
CMP-2026-00431,14,Kanniyakumari,67,199,Kanniyakumari South Market,1,Commercial Ganja / Cannabis,5,Health & Rehab Aggregate Registry,2025-12-28 11:36:25,Observation reported near Kanniyakumari South Market sector in Kanniyakumari.,CORROBORATED,1
CMP-2026-00432,12,Thanjavur,58,174,Thanjavur East Industrial Bypass,4,Chemical Precursors / Ephedrine,4,State Anti-Drug Helpline 10583,2025-01-12 18:20:13,Observation reported near Thanjavur East Industrial Bypass sector in Thanjavur.,NEEDS_VERIFICATION,1
CMP-2026-00433,23,Namakkal,115,343,Namakkal Central Market,6,Unclassified / Suspicious Substance,1,Anonymous Citizen Portal,2026-06-12 22:25:36,Observation reported near Namakkal Central Market sector in Namakkal.,NEEDS_VERIFICATION,0
CMP-2026-00434,1,Chennai,4,12,Chennai West Industrial Bypass,2,Synthetic Stimulants / MDMA / Meth,1,Anonymous Citizen Portal,2025-08-26 01:14:41,Observation reported near Chennai West Industrial Bypass sector in Chennai.,VERIFIED,0
CMP-2026-00435,11,Dindigul,51,151,Dindigul North Market,2,Synthetic Stimulants / MDMA / Meth,5,Health & Rehab Aggregate Registry,2025-01-25 13:48:41,Observation reported near Dindigul North Market sector in Dindigul.,NEEDS_VERIFICATION,0
CMP-2026-00436,11,Dindigul,52,154,Dindigul South Market,2,Synthetic Stimulants / MDMA / Meth,5,Health & Rehab Aggregate Registry,2024-11-30 23:20:57,Observation reported near Dindigul South Market sector in Dindigul.,CORROBORATED,0
CMP-2026-00437,30,Ramanathapuram,150,450,Ramanathapuram Central Industrial Bypass,1,Commercial Ganja / Cannabis,3,State Checkpost Telemetry,2026-08-08 06:11:03,Observation reported near Ramanathapuram Central Industrial Bypass sector in Ramanathapuram.,CORROBORATED,0
CMP-2026-00438,6,Tirunelveli,30,89,Tirunelveli Central Campus Zone,5,Opioid Analogues / Brown Sugar / Heroin,2,Police FIR & Seizure Register,2026-04-20 20:05:51,Observation reported near Tirunelveli Central Campus Zone sector in Tirunelveli.,UNVERIFIED,0
CMP-2026-00439,33,Thiruvarur,165,494,Thiruvarur Central Campus Zone,2,Synthetic Stimulants / MDMA / Meth,2,Police FIR & Seizure Register,2025-09-30 04:45:49,Observation reported near Thiruvarur Central Campus Zone sector in Thiruvarur.,UNVERIFIED,0
CMP-2026-00440,12,Thanjavur,59,177,Thanjavur West Industrial Bypass,1,Commercial Ganja / Cannabis,4,State Anti-Drug Helpline 10583,2025-02-27 18:00:39,Observation reported near Thanjavur West Industrial Bypass sector in Thanjavur.,VERIFIED,0
CMP-2026-00441,6,Tirunelveli,26,77,Tirunelveli North Campus Zone,3,Prescription Narcotics / Codeine / Alprazolam,4,State Anti-Drug Helpline 10583,2025-02-19 16:38:01,Observation reported near Tirunelveli North Campus Zone sector in Tirunelveli.,VERIFIED,0
CMP-2026-00442,31,Virudhunagar,154,460,Virudhunagar West Market,6,Unclassified / Suspicious Substance,1,Anonymous Citizen Portal,2025-09-30 04:23:33,Observation reported near Virudhunagar West Market sector in Virudhunagar.,NEEDS_VERIFICATION,0
CMP-2026-00443,29,Sivaganga,145,433,Sivaganga Central Market,4,Chemical Precursors / Ephedrine,4,State Anti-Drug Helpline 10583,2026-05-28 05:32:56,Observation reported near Sivaganga Central Market sector in Sivaganga.,CORROBORATED,0
CMP-2026-00444,3,Madurai,12,36,Madurai South Industrial Bypass,2,Synthetic Stimulants / MDMA / Meth,3,State Checkpost Telemetry,2026-06-17 11:36:52,Observation reported near Madurai South Industrial Bypass sector in Madurai.,VERIFIED,0
CMP-2026-00445,8,Tiruppur,39,117,Tiruppur West Industrial Bypass,6,Unclassified / Suspicious Substance,1,Anonymous Citizen Portal,2024-12-26 20:03:36,Observation reported near Tiruppur West Industrial Bypass sector in Tiruppur.,UNVERIFIED,0
CMP-2026-00446,15,Tenkasi,74,222,Tenkasi West Industrial Bypass,4,Chemical Precursors / Ephedrine,4,State Anti-Drug Helpline 10583,2026-04-04 05:54:15,Observation reported near Tenkasi West Industrial Bypass sector in Tenkasi.,CORROBORATED,0
CMP-2026-00447,5,Tiruchirappalli,23,67,Tiruchirappalli East Market,2,Synthetic Stimulants / MDMA / Meth,4,State Anti-Drug Helpline 10583,2026-08-07 22:09:18,Observation reported near Tiruchirappalli East Market sector in Tiruchirappalli.,VERIFIED,0
CMP-2026-00448,11,Dindigul,51,151,Dindigul North Market,4,Chemical Precursors / Ephedrine,5,Health & Rehab Aggregate Registry,2024-09-22 13:34:59,Observation reported near Dindigul North Market sector in Dindigul.,CORROBORATED,0
CMP-2026-00449,15,Tenkasi,73,219,Tenkasi East Industrial Bypass,6,Unclassified / Suspicious Substance,2,Police FIR & Seizure Register,2025-08-19 05:19:31,Observation reported near Tenkasi East Industrial Bypass sector in Tenkasi.,CORROBORATED,0
CMP-2026-00450,30,Ramanathapuram,150,449,Ramanathapuram Central Campus Zone,2,Synthetic Stimulants / MDMA / Meth,5,Health & Rehab Aggregate Registry,2025-01-04 05:27:36,Observation reported near Ramanathapuram Central Campus Zone sector in Ramanathapuram.,UNVERIFIED,0
CMP-2026-00451,19,Cuddalore,91,272,Cuddalore North Campus Zone,5,Opioid Analogues / Brown Sugar / Heroin,3,State Checkpost Telemetry,2026-02-20 13:40:38,Observation reported near Cuddalore North Campus Zone sector in Cuddalore.,VERIFIED,0
CMP-2026-00452,21,Kallakurichi,104,311,Kallakurichi West Campus Zone,1,Commercial Ganja / Cannabis,2,Police FIR & Seizure Register,2026-01-26 13:13:34,Observation reported near Kallakurichi West Campus Zone sector in Kallakurichi.,CORROBORATED,0
CMP-2026-00453,5,Tiruchirappalli,22,65,Tiruchirappalli South Campus Zone,5,Opioid Analogues / Brown Sugar / Heroin,4,State Anti-Drug Helpline 10583,2026-07-31 14:25:50,Observation reported near Tiruchirappalli South Campus Zone sector in Tiruchirappalli.,VERIFIED,0
CMP-2026-00454,21,Kallakurichi,101,301,Kallakurichi North Market,2,Synthetic Stimulants / MDMA / Meth,5,Health & Rehab Aggregate Registry,2026-07-13 09:58:24,Observation reported near Kallakurichi North Market sector in Kallakurichi.,UNVERIFIED,0
CMP-2026-00455,1,Chennai,3,7,Chennai East Market,3,Prescription Narcotics / Codeine / Alprazolam,3,State Checkpost Telemetry,2026-08-15 00:48:46,Observation reported near Chennai East Market sector in Chennai.,UNVERIFIED,0
CMP-2026-00456,38,Tiruvannamalai,187,560,Tiruvannamalai South Campus Zone,6,Unclassified / Suspicious Substance,5,Health & Rehab Aggregate Registry,2024-11-04 01:38:43,Observation reported near Tiruvannamalai South Campus Zone sector in Tiruvannamalai.,CORROBORATED,0
CMP-2026-00457,37,Tirupathur,181,542,Tirupathur North Campus Zone,3,Prescription Narcotics / Codeine / Alprazolam,5,Health & Rehab Aggregate Registry,2025-01-06 22:12:28,Observation reported near Tirupathur North Campus Zone sector in Tirupathur.,VERIFIED,0
CMP-2026-00458,35,Mayiladuthurai,173,518,Mayiladuthurai East Campus Zone,2,Synthetic Stimulants / MDMA / Meth,4,State Anti-Drug Helpline 10583,2025-01-15 00:51:37,Observation reported near Mayiladuthurai East Campus Zone sector in Mayiladuthurai.,VERIFIED,0
CMP-2026-00459,29,Sivaganga,144,430,Sivaganga West Market,4,Chemical Precursors / Ephedrine,4,State Anti-Drug Helpline 10583,2025-01-04 15:50:44,Observation reported near Sivaganga West Market sector in Sivaganga.,CORROBORATED,0
CMP-2026-00460,24,Nilgiris,119,355,Nilgiris West Market,3,Prescription Narcotics / Codeine / Alprazolam,3,State Checkpost Telemetry,2026-05-19 15:23:19,Observation reported near Nilgiris West Market sector in Nilgiris.,CORROBORATED,0
CMP-2026-00461,8,Tiruppur,40,118,Tiruppur Central Market,6,Unclassified / Suspicious Substance,5,Health & Rehab Aggregate Registry,2025-01-08 09:32:41,Observation reported near Tiruppur Central Market sector in Tiruppur.,VERIFIED,0
CMP-2026-00462,1,Chennai,4,10,Chennai West Market,2,Synthetic Stimulants / MDMA / Meth,5,Health & Rehab Aggregate Registry,2024-09-24 22:33:41,Observation reported near Chennai West Market sector in Chennai.,CORROBORATED,0
CMP-2026-00463,21,Kallakurichi,105,313,Kallakurichi Central Market,5,Opioid Analogues / Brown Sugar / Heroin,5,Health & Rehab Aggregate Registry,2025-02-23 18:38:48,Observation reported near Kallakurichi Central Market sector in Kallakurichi.,CORROBORATED,0
CMP-2026-00464,1,Chennai,4,11,Chennai West Campus Zone,1,Commercial Ganja / Cannabis,2,Police FIR & Seizure Register,2025-01-26 13:24:01,Observation reported near Chennai West Campus Zone sector in Chennai.,NEEDS_VERIFICATION,0
CMP-2026-00465,28,Pudukkottai,140,420,Pudukkottai Central Industrial Bypass,1,Commercial Ganja / Cannabis,2,Police FIR & Seizure Register,2026-07-19 03:50:57,Observation reported near Pudukkottai Central Industrial Bypass sector in Pudukkottai.,NEEDS_VERIFICATION,0
CMP-2026-00466,26,Ariyalur,127,380,Ariyalur South Campus Zone,5,Opioid Analogues / Brown Sugar / Heroin,4,State Anti-Drug Helpline 10583,2025-06-30 08:45:38,Observation reported near Ariyalur South Campus Zone sector in Ariyalur.,NEEDS_VERIFICATION,0
CMP-2026-00467,27,Perambalur,135,405,Perambalur Central Industrial Bypass,1,Commercial Ganja / Cannabis,1,Anonymous Citizen Portal,2024-09-19 04:31:43,Observation reported near Perambalur Central Industrial Bypass sector in Perambalur.,VERIFIED,0
CMP-2026-00468,36,Ranipet,179,536,Ranipet West Campus Zone,4,Chemical Precursors / Ephedrine,3,State Checkpost Telemetry,2024-10-29 02:11:38,Observation reported near Ranipet West Campus Zone sector in Ranipet.,CORROBORATED,1
CMP-2026-00469,36,Ranipet,177,530,Ranipet South Campus Zone,6,Unclassified / Suspicious Substance,4,State Anti-Drug Helpline 10583,2025-05-12 05:34:42,Observation reported near Ranipet South Campus Zone sector in Ranipet.,CORROBORATED,1
CMP-2026-00470,28,Pudukkottai,136,408,Pudukkottai North Industrial Bypass,1,Commercial Ganja / Cannabis,2,Police FIR & Seizure Register,2025-05-29 17:00:53,Observation reported near Pudukkottai North Industrial Bypass sector in Pudukkottai.,NEEDS_VERIFICATION,0
CMP-2026-00471,35,Mayiladuthurai,171,511,Mayiladuthurai North Market,6,Unclassified / Suspicious Substance,1,Anonymous Citizen Portal,2026-06-30 09:01:52,Observation reported near Mayiladuthurai North Market sector in Mayiladuthurai.,UNVERIFIED,0
CMP-2026-00472,26,Ariyalur,127,379,Ariyalur South Market,5,Opioid Analogues / Brown Sugar / Heroin,5,Health & Rehab Aggregate Registry,2024-11-25 23:44:31,Observation reported near Ariyalur South Market sector in Ariyalur.,UNVERIFIED,1
CMP-2026-00473,13,Thoothukudi,61,183,Thoothukudi North Industrial Bypass,3,Prescription Narcotics / Codeine / Alprazolam,3,State Checkpost Telemetry,2026-04-26 09:16:21,Observation reported near Thoothukudi North Industrial Bypass sector in Thoothukudi.,VERIFIED,1
CMP-2026-00474,3,Madurai,11,31,Madurai North Market,3,Prescription Narcotics / Codeine / Alprazolam,3,State Checkpost Telemetry,2025-05-19 01:10:54,Observation reported near Madurai North Market sector in Madurai.,UNVERIFIED,0
CMP-2026-00475,6,Tirunelveli,29,87,Tirunelveli West Industrial Bypass,5,Opioid Analogues / Brown Sugar / Heroin,3,State Checkpost Telemetry,2024-12-07 14:58:33,Observation reported near Tirunelveli West Industrial Bypass sector in Tirunelveli.,CORROBORATED,1
CMP-2026-00476,18,Tiruvallur,86,257,Tiruvallur North Campus Zone,5,Opioid Analogues / Brown Sugar / Heroin,4,State Anti-Drug Helpline 10583,2026-04-26 03:57:21,Observation reported near Tiruvallur North Campus Zone sector in Tiruvallur.,UNVERIFIED,0
CMP-2026-00477,3,Madurai,13,38,Madurai East Campus Zone,3,Prescription Narcotics / Codeine / Alprazolam,1,Anonymous Citizen Portal,2024-10-28 10:07:39,Observation reported near Madurai East Campus Zone sector in Madurai.,CORROBORATED,0
CMP-2026-00478,21,Kallakurichi,102,306,Kallakurichi South Industrial Bypass,3,Prescription Narcotics / Codeine / Alprazolam,4,State Anti-Drug Helpline 10583,2025-07-20 18:11:39,Observation reported near Kallakurichi South Industrial Bypass sector in Kallakurichi.,VERIFIED,0
CMP-2026-00479,35,Mayiladuthurai,174,522,Mayiladuthurai West Industrial Bypass,1,Commercial Ganja / Cannabis,4,State Anti-Drug Helpline 10583,2026-05-11 21:03:36,Observation reported near Mayiladuthurai West Industrial Bypass sector in Mayiladuthurai.,NEEDS_VERIFICATION,0
CMP-2026-00480,27,Perambalur,134,401,Perambalur West Campus Zone,2,Synthetic Stimulants / MDMA / Meth,5,Health & Rehab Aggregate Registry,2025-05-10 22:15:13,Observation reported near Perambalur West Campus Zone sector in Perambalur.,UNVERIFIED,0
CMP-2026-00481,23,Namakkal,114,342,Namakkal West Industrial Bypass,6,Unclassified / Suspicious Substance,2,Police FIR & Seizure Register,2025-03-15 11:24:53,Observation reported near Namakkal West Industrial Bypass sector in Namakkal.,VERIFIED,0
CMP-2026-00482,16,Kancheepuram,79,237,Kancheepuram West Industrial Bypass,2,Synthetic Stimulants / MDMA / Meth,4,State Anti-Drug Helpline 10583,2025-09-21 06:28:03,Observation reported near Kancheepuram West Industrial Bypass sector in Kancheepuram.,NEEDS_VERIFICATION,0
CMP-2026-00483,25,Karur,122,365,Karur South Campus Zone,6,Unclassified / Suspicious Substance,5,Health & Rehab Aggregate Registry,2025-10-28 17:01:44,Observation reported near Karur South Campus Zone sector in Karur.,CORROBORATED,0
CMP-2026-00484,4,Salem,19,57,Salem West Industrial Bypass,6,Unclassified / Suspicious Substance,4,State Anti-Drug Helpline 10583,2025-09-23 06:55:33,Observation reported near Salem West Industrial Bypass sector in Salem.,UNVERIFIED,0
CMP-2026-00485,29,Sivaganga,143,428,Sivaganga East Campus Zone,5,Opioid Analogues / Brown Sugar / Heroin,2,Police FIR & Seizure Register,2026-03-22 16:46:36,Observation reported near Sivaganga East Campus Zone sector in Sivaganga.,NEEDS_VERIFICATION,0
CMP-2026-00486,34,Nagapattinam,170,509,Nagapattinam Central Campus Zone,3,Prescription Narcotics / Codeine / Alprazolam,1,Anonymous Citizen Portal,2025-06-04 17:24:54,Observation reported near Nagapattinam Central Campus Zone sector in Nagapattinam.,NEEDS_VERIFICATION,0
CMP-2026-00487,28,Pudukkottai,139,415,Pudukkottai West Market,5,Opioid Analogues / Brown Sugar / Heroin,2,Police FIR & Seizure Register,2025-03-14 05:29:12,Observation reported near Pudukkottai West Market sector in Pudukkottai.,NEEDS_VERIFICATION,0
CMP-2026-00488,14,Kanniyakumari,66,197,Kanniyakumari North Campus Zone,2,Synthetic Stimulants / MDMA / Meth,2,Police FIR & Seizure Register,2025-04-25 12:06:02,Observation reported near Kanniyakumari North Campus Zone sector in Kanniyakumari.,VERIFIED,0
CMP-2026-00489,29,Sivaganga,144,430,Sivaganga West Market,6,Unclassified / Suspicious Substance,1,Anonymous Citizen Portal,2025-01-12 05:56:03,Observation reported near Sivaganga West Market sector in Sivaganga.,NEEDS_VERIFICATION,0
CMP-2026-00490,33,Thiruvarur,163,489,Thiruvarur East Industrial Bypass,1,Commercial Ganja / Cannabis,4,State Anti-Drug Helpline 10583,2025-02-08 23:08:48,Observation reported near Thiruvarur East Industrial Bypass sector in Thiruvarur.,VERIFIED,0
CMP-2026-00491,22,Dharmapuri,107,321,Dharmapuri South Industrial Bypass,5,Opioid Analogues / Brown Sugar / Heroin,1,Anonymous Citizen Portal,2025-02-22 09:53:24,Observation reported near Dharmapuri South Industrial Bypass sector in Dharmapuri.,UNVERIFIED,0
CMP-2026-00492,21,Kallakurichi,101,303,Kallakurichi North Industrial Bypass,1,Commercial Ganja / Cannabis,5,Health & Rehab Aggregate Registry,2025-03-29 00:52:28,Observation reported near Kallakurichi North Industrial Bypass sector in Kallakurichi.,CORROBORATED,0
CMP-2026-00493,37,Tirupathur,183,549,Tirupathur East Industrial Bypass,2,Synthetic Stimulants / MDMA / Meth,2,Police FIR & Seizure Register,2025-08-28 04:58:15,Observation reported near Tirupathur East Industrial Bypass sector in Tirupathur.,CORROBORATED,0
CMP-2026-00494,3,Madurai,15,45,Madurai Central Industrial Bypass,2,Synthetic Stimulants / MDMA / Meth,4,State Anti-Drug Helpline 10583,2024-12-24 00:18:14,Observation reported near Madurai Central Industrial Bypass sector in Madurai.,NEEDS_VERIFICATION,0
CMP-2026-00495,11,Dindigul,51,151,Dindigul North Market,3,Prescription Narcotics / Codeine / Alprazolam,5,Health & Rehab Aggregate Registry,2026-06-17 07:20:03,Observation reported near Dindigul North Market sector in Dindigul.,UNVERIFIED,0
CMP-2026-00496,23,Namakkal,115,345,Namakkal Central Industrial Bypass,1,Commercial Ganja / Cannabis,2,Police FIR & Seizure Register,2026-02-09 07:38:17,Observation reported near Namakkal Central Industrial Bypass sector in Namakkal.,VERIFIED,0
CMP-2026-00497,7,Erode,34,101,Erode West Campus Zone,3,Prescription Narcotics / Codeine / Alprazolam,1,Anonymous Citizen Portal,2025-07-23 20:19:54,Observation reported near Erode West Campus Zone sector in Erode.,CORROBORATED,0
CMP-2026-00498,18,Tiruvallur,87,261,Tiruvallur South Industrial Bypass,5,Opioid Analogues / Brown Sugar / Heroin,2,Police FIR & Seizure Register,2025-09-06 19:56:58,Observation reported near Tiruvallur South Industrial Bypass sector in Tiruvallur.,CORROBORATED,0
CMP-2026-00499,15,Tenkasi,74,222,Tenkasi West Industrial Bypass,1,Commercial Ganja / Cannabis,1,Anonymous Citizen Portal,2025-11-07 08:02:10,Observation reported near Tenkasi West Industrial Bypass sector in Tenkasi.,CORROBORATED,0
CMP-2026-00500,2,Coimbatore,10,29,Coimbatore Central Campus Zone,3,Prescription Narcotics / Codeine / Alprazolam,2,Police FIR & Seizure Register,2025-07-24 16:57:44,Observation reported near Coimbatore Central Campus Zone sector in Coimbatore.,VERIFIED,0
CMP-2026-00501,13,Thoothukudi,65,193,Thoothukudi Central Market,4,Chemical Precursors / Ephedrine,5,Health & Rehab Aggregate Registry,2026-03-08 16:15:23,Observation reported near Thoothukudi Central Market sector in Thoothukudi.,NEEDS_VERIFICATION,0
CMP-2026-00502,22,Dharmapuri,106,318,Dharmapuri North Industrial Bypass,6,Unclassified / Suspicious Substance,3,State Checkpost Telemetry,2026-07-07 20:45:55,Observation reported near Dharmapuri North Industrial Bypass sector in Dharmapuri.,UNVERIFIED,0
CMP-2026-00503,17,Chengalpattu,84,250,Chengalpattu West Market,5,Opioid Analogues / Brown Sugar / Heroin,3,State Checkpost Telemetry,2025-01-01 18:50:19,Observation reported near Chengalpattu West Market sector in Chengalpattu.,VERIFIED,0
CMP-2026-00504,1,Chennai,4,10,Chennai West Market,3,Prescription Narcotics / Codeine / Alprazolam,1,Anonymous Citizen Portal,2026-08-09 18:02:20,Observation reported near Chennai West Market sector in Chennai.,NEEDS_VERIFICATION,0
CMP-2026-00505,29,Sivaganga,144,430,Sivaganga West Market,2,Synthetic Stimulants / MDMA / Meth,1,Anonymous Citizen Portal,2026-06-11 21:37:19,Observation reported near Sivaganga West Market sector in Sivaganga.,CORROBORATED,0
CMP-2026-00506,12,Thanjavur,59,175,Thanjavur West Market,3,Prescription Narcotics / Codeine / Alprazolam,2,Police FIR & Seizure Register,2024-12-31 10:06:03,Observation reported near Thanjavur West Market sector in Thanjavur.,UNVERIFIED,0
CMP-2026-00507,11,Dindigul,53,159,Dindigul East Industrial Bypass,6,Unclassified / Suspicious Substance,2,Police FIR & Seizure Register,2025-10-22 16:50:03,Observation reported near Dindigul East Industrial Bypass sector in Dindigul.,NEEDS_VERIFICATION,0
CMP-2026-00508,17,Chengalpattu,85,253,Chengalpattu Central Market,4,Chemical Precursors / Ephedrine,1,Anonymous Citizen Portal,2025-09-22 10:30:54,Observation reported near Chengalpattu Central Market sector in Chengalpattu.,UNVERIFIED,0
CMP-2026-00509,20,Viluppuram,96,288,Viluppuram North Industrial Bypass,5,Opioid Analogues / Brown Sugar / Heroin,5,Health & Rehab Aggregate Registry,2025-03-16 02:00:22,Observation reported near Viluppuram North Industrial Bypass sector in Viluppuram.,NEEDS_VERIFICATION,0
CMP-2026-00510,15,Tenkasi,73,219,Tenkasi East Industrial Bypass,4,Chemical Precursors / Ephedrine,5,Health & Rehab Aggregate Registry,2025-05-04 08:32:56,Observation reported near Tenkasi East Industrial Bypass sector in Tenkasi.,UNVERIFIED,0
CMP-2026-00511,18,Tiruvallur,88,263,Tiruvallur East Campus Zone,2,Synthetic Stimulants / MDMA / Meth,4,State Anti-Drug Helpline 10583,2025-02-04 16:42:08,Observation reported near Tiruvallur East Campus Zone sector in Tiruvallur.,VERIFIED,0
CMP-2026-00512,32,Theni,157,471,Theni South Industrial Bypass,6,Unclassified / Suspicious Substance,1,Anonymous Citizen Portal,2026-03-24 10:35:22,Observation reported near Theni South Industrial Bypass sector in Theni.,NEEDS_VERIFICATION,0
CMP-2026-00513,30,Ramanathapuram,147,439,Ramanathapuram South Market,6,Unclassified / Suspicious Substance,1,Anonymous Citizen Portal,2024-11-17 13:54:14,Observation reported near Ramanathapuram South Market sector in Ramanathapuram.,UNVERIFIED,0
CMP-2026-00514,37,Tirupathur,182,546,Tirupathur South Industrial Bypass,2,Synthetic Stimulants / MDMA / Meth,3,State Checkpost Telemetry,2025-05-24 01:05:20,Observation reported near Tirupathur South Industrial Bypass sector in Tirupathur.,NEEDS_VERIFICATION,0
CMP-2026-00515,25,Karur,121,361,Karur North Market,6,Unclassified / Suspicious Substance,3,State Checkpost Telemetry,2026-06-17 18:24:06,Observation reported near Karur North Market sector in Karur.,NEEDS_VERIFICATION,0
CMP-2026-00516,35,Mayiladuthurai,175,524,Mayiladuthurai Central Campus Zone,5,Opioid Analogues / Brown Sugar / Heroin,1,Anonymous Citizen Portal,2026-04-29 02:17:44,Observation reported near Mayiladuthurai Central Campus Zone sector in Mayiladuthurai.,CORROBORATED,0
CMP-2026-00517,22,Dharmapuri,109,325,Dharmapuri West Market,5,Opioid Analogues / Brown Sugar / Heroin,2,Police FIR & Seizure Register,2026-06-14 11:58:59,Observation reported near Dharmapuri West Market sector in Dharmapuri.,VERIFIED,0
CMP-2026-00518,9,Vellore,44,132,Vellore West Industrial Bypass,6,Unclassified / Suspicious Substance,4,State Anti-Drug Helpline 10583,2025-01-27 15:42:09,Observation reported near Vellore West Industrial Bypass sector in Vellore.,UNVERIFIED,0
CMP-2026-00519,28,Pudukkottai,136,407,Pudukkottai North Campus Zone,5,Opioid Analogues / Brown Sugar / Heroin,4,State Anti-Drug Helpline 10583,2024-12-28 10:48:04,Observation reported near Pudukkottai North Campus Zone sector in Pudukkottai.,VERIFIED,0
CMP-2026-00520,8,Tiruppur,39,116,Tiruppur West Campus Zone,4,Chemical Precursors / Ephedrine,1,Anonymous Citizen Portal,2024-11-26 06:00:44,Observation reported near Tiruppur West Campus Zone sector in Tiruppur.,UNVERIFIED,0
CMP-2026-00521,19,Cuddalore,95,285,Cuddalore Central Industrial Bypass,2,Synthetic Stimulants / MDMA / Meth,2,Police FIR & Seizure Register,2025-06-20 23:52:38,Observation reported near Cuddalore Central Industrial Bypass sector in Cuddalore.,UNVERIFIED,1
CMP-2026-00522,25,Karur,121,361,Karur North Market,4,Chemical Precursors / Ephedrine,1,Anonymous Citizen Portal,2026-03-04 13:53:13,Observation reported near Karur North Market sector in Karur.,UNVERIFIED,0
CMP-2026-00523,38,Tiruvannamalai,190,569,Tiruvannamalai Central Campus Zone,1,Commercial Ganja / Cannabis,2,Police FIR & Seizure Register,2026-04-26 14:39:48,Observation reported near Tiruvannamalai Central Campus Zone sector in Tiruvannamalai.,CORROBORATED,0
CMP-2026-00524,20,Viluppuram,97,291,Viluppuram South Industrial Bypass,2,Synthetic Stimulants / MDMA / Meth,1,Anonymous Citizen Portal,2025-05-18 01:37:08,Observation reported near Viluppuram South Industrial Bypass sector in Viluppuram.,NEEDS_VERIFICATION,0
CMP-2026-00525,28,Pudukkottai,139,415,Pudukkottai West Market,6,Unclassified / Suspicious Substance,3,State Checkpost Telemetry,2025-03-24 23:11:32,Observation reported near Pudukkottai West Market sector in Pudukkottai.,CORROBORATED,0
CMP-2026-00526,29,Sivaganga,145,435,Sivaganga Central Industrial Bypass,2,Synthetic Stimulants / MDMA / Meth,1,Anonymous Citizen Portal,2026-01-14 23:12:42,Observation reported near Sivaganga Central Industrial Bypass sector in Sivaganga.,NEEDS_VERIFICATION,0
CMP-2026-00527,21,Kallakurichi,101,301,Kallakurichi North Market,2,Synthetic Stimulants / MDMA / Meth,3,State Checkpost Telemetry,2026-06-05 10:34:36,Observation reported near Kallakurichi North Market sector in Kallakurichi.,UNVERIFIED,0
CMP-2026-00528,36,Ranipet,178,532,Ranipet East Market,1,Commercial Ganja / Cannabis,4,State Anti-Drug Helpline 10583,2024-12-01 23:58:56,Observation reported near Ranipet East Market sector in Ranipet.,NEEDS_VERIFICATION,0
CMP-2026-00529,8,Tiruppur,40,119,Tiruppur Central Campus Zone,3,Prescription Narcotics / Codeine / Alprazolam,2,Police FIR & Seizure Register,2026-07-06 17:06:57,Observation reported near Tiruppur Central Campus Zone sector in Tiruppur.,UNVERIFIED,0
CMP-2026-00530,3,Madurai,13,39,Madurai East Industrial Bypass,1,Commercial Ganja / Cannabis,5,Health & Rehab Aggregate Registry,2025-05-20 14:58:13,Observation reported near Madurai East Industrial Bypass sector in Madurai.,NEEDS_VERIFICATION,1
CMP-2026-00531,34,Nagapattinam,169,505,Nagapattinam West Market,2,Synthetic Stimulants / MDMA / Meth,3,State Checkpost Telemetry,2025-12-15 20:42:30,Observation reported near Nagapattinam West Market sector in Nagapattinam.,UNVERIFIED,0
CMP-2026-00532,21,Kallakurichi,105,314,Kallakurichi Central Campus Zone,6,Unclassified / Suspicious Substance,3,State Checkpost Telemetry,2024-12-30 10:09:06,Observation reported near Kallakurichi Central Campus Zone sector in Kallakurichi.,NEEDS_VERIFICATION,0
CMP-2026-00533,17,Chengalpattu,85,253,Chengalpattu Central Market,4,Chemical Precursors / Ephedrine,4,State Anti-Drug Helpline 10583,2026-08-10 03:16:17,Observation reported near Chengalpattu Central Market sector in Chengalpattu.,VERIFIED,0
CMP-2026-00534,12,Thanjavur,58,174,Thanjavur East Industrial Bypass,1,Commercial Ganja / Cannabis,4,State Anti-Drug Helpline 10583,2025-11-12 00:27:48,Observation reported near Thanjavur East Industrial Bypass sector in Thanjavur.,CORROBORATED,0
CMP-2026-00535,27,Perambalur,133,399,Perambalur East Industrial Bypass,4,Chemical Precursors / Ephedrine,2,Police FIR & Seizure Register,2024-11-21 16:26:44,Observation reported near Perambalur East Industrial Bypass sector in Perambalur.,NEEDS_VERIFICATION,0
CMP-2026-00536,37,Tirupathur,181,542,Tirupathur North Campus Zone,3,Prescription Narcotics / Codeine / Alprazolam,3,State Checkpost Telemetry,2025-12-16 01:43:37,Observation reported near Tirupathur North Campus Zone sector in Tirupathur.,UNVERIFIED,0
CMP-2026-00537,34,Nagapattinam,166,498,Nagapattinam North Industrial Bypass,3,Prescription Narcotics / Codeine / Alprazolam,1,Anonymous Citizen Portal,2025-05-17 17:58:31,Observation reported near Nagapattinam North Industrial Bypass sector in Nagapattinam.,CORROBORATED,0
CMP-2026-00538,21,Kallakurichi,104,311,Kallakurichi West Campus Zone,6,Unclassified / Suspicious Substance,1,Anonymous Citizen Portal,2025-04-26 07:23:12,Observation reported near Kallakurichi West Campus Zone sector in Kallakurichi.,NEEDS_VERIFICATION,1
CMP-2026-00539,17,Chengalpattu,82,246,Chengalpattu South Industrial Bypass,1,Commercial Ganja / Cannabis,2,Police FIR & Seizure Register,2026-03-12 08:46:59,Observation reported near Chengalpattu South Industrial Bypass sector in Chengalpattu.,UNVERIFIED,0
CMP-2026-00540,25,Karur,122,365,Karur South Campus Zone,1,Commercial Ganja / Cannabis,3,State Checkpost Telemetry,2025-12-29 20:30:40,Observation reported near Karur South Campus Zone sector in Karur.,NEEDS_VERIFICATION,0
CMP-2026-00541,10,Krishnagiri,47,139,Krishnagiri South Market,2,Synthetic Stimulants / MDMA / Meth,3,State Checkpost Telemetry,2025-02-20 15:29:39,Observation reported near Krishnagiri South Market sector in Krishnagiri.,VERIFIED,0
CMP-2026-00542,38,Tiruvannamalai,186,556,Tiruvannamalai North Market,5,Opioid Analogues / Brown Sugar / Heroin,3,State Checkpost Telemetry,2025-02-25 11:50:19,Observation reported near Tiruvannamalai North Market sector in Tiruvannamalai.,UNVERIFIED,1
CMP-2026-00543,12,Thanjavur,59,176,Thanjavur West Campus Zone,4,Chemical Precursors / Ephedrine,2,Police FIR & Seizure Register,2026-01-14 14:55:37,Observation reported near Thanjavur West Campus Zone sector in Thanjavur.,VERIFIED,0
CMP-2026-00544,2,Coimbatore,10,30,Coimbatore Central Industrial Bypass,3,Prescription Narcotics / Codeine / Alprazolam,2,Police FIR & Seizure Register,2025-12-03 23:12:43,Observation reported near Coimbatore Central Industrial Bypass sector in Coimbatore.,VERIFIED,0
CMP-2026-00545,19,Cuddalore,92,275,Cuddalore South Campus Zone,4,Chemical Precursors / Ephedrine,5,Health & Rehab Aggregate Registry,2025-12-01 19:28:41,Observation reported near Cuddalore South Campus Zone sector in Cuddalore.,UNVERIFIED,0
CMP-2026-00546,2,Coimbatore,9,27,Coimbatore West Industrial Bypass,1,Commercial Ganja / Cannabis,4,State Anti-Drug Helpline 10583,2025-10-30 02:31:36,Observation reported near Coimbatore West Industrial Bypass sector in Coimbatore.,UNVERIFIED,0
CMP-2026-00547,17,Chengalpattu,82,246,Chengalpattu South Industrial Bypass,3,Prescription Narcotics / Codeine / Alprazolam,4,State Anti-Drug Helpline 10583,2026-05-22 15:08:15,Observation reported near Chengalpattu South Industrial Bypass sector in Chengalpattu.,CORROBORATED,0
CMP-2026-00548,23,Namakkal,113,339,Namakkal East Industrial Bypass,4,Chemical Precursors / Ephedrine,3,State Checkpost Telemetry,2025-03-23 18:45:10,Observation reported near Namakkal East Industrial Bypass sector in Namakkal.,UNVERIFIED,0
CMP-2026-00549,21,Kallakurichi,103,307,Kallakurichi East Market,5,Opioid Analogues / Brown Sugar / Heroin,4,State Anti-Drug Helpline 10583,2025-06-29 03:28:54,Observation reported near Kallakurichi East Market sector in Kallakurichi.,NEEDS_VERIFICATION,0
CMP-2026-00550,34,Nagapattinam,167,499,Nagapattinam South Market,4,Chemical Precursors / Ephedrine,5,Health & Rehab Aggregate Registry,2025-07-23 12:52:42,Observation reported near Nagapattinam South Market sector in Nagapattinam.,CORROBORATED,0
CMP-2026-00551,32,Theni,156,468,Theni North Industrial Bypass,5,Opioid Analogues / Brown Sugar / Heroin,4,State Anti-Drug Helpline 10583,2025-07-06 20:28:23,Observation reported near Theni North Industrial Bypass sector in Theni.,CORROBORATED,0
CMP-2026-00552,16,Kancheepuram,79,237,Kancheepuram West Industrial Bypass,4,Chemical Precursors / Ephedrine,4,State Anti-Drug Helpline 10583,2026-05-02 05:44:32,Observation reported near Kancheepuram West Industrial Bypass sector in Kancheepuram.,CORROBORATED,0
CMP-2026-00553,32,Theni,156,467,Theni North Campus Zone,4,Chemical Precursors / Ephedrine,4,State Anti-Drug Helpline 10583,2024-10-29 12:45:28,Observation reported near Theni North Campus Zone sector in Theni.,NEEDS_VERIFICATION,0
CMP-2026-00554,22,Dharmapuri,109,325,Dharmapuri West Market,2,Synthetic Stimulants / MDMA / Meth,5,Health & Rehab Aggregate Registry,2026-07-16 12:38:12,Observation reported near Dharmapuri West Market sector in Dharmapuri.,UNVERIFIED,0
CMP-2026-00555,34,Nagapattinam,168,504,Nagapattinam East Industrial Bypass,6,Unclassified / Suspicious Substance,4,State Anti-Drug Helpline 10583,2025-04-11 22:14:37,Observation reported near Nagapattinam East Industrial Bypass sector in Nagapattinam.,UNVERIFIED,0
CMP-2026-00556,22,Dharmapuri,107,320,Dharmapuri South Campus Zone,1,Commercial Ganja / Cannabis,5,Health & Rehab Aggregate Registry,2026-08-09 18:40:19,Observation reported near Dharmapuri South Campus Zone sector in Dharmapuri.,CORROBORATED,0
CMP-2026-00557,16,Kancheepuram,78,233,Kancheepuram East Campus Zone,2,Synthetic Stimulants / MDMA / Meth,2,Police FIR & Seizure Register,2026-03-21 03:45:32,Observation reported near Kancheepuram East Campus Zone sector in Kancheepuram.,NEEDS_VERIFICATION,0
CMP-2026-00558,20,Viluppuram,100,298,Viluppuram Central Market,4,Chemical Precursors / Ephedrine,5,Health & Rehab Aggregate Registry,2026-01-15 09:59:12,Observation reported near Viluppuram Central Market sector in Viluppuram.,VERIFIED,0
CMP-2026-00559,32,Theni,157,469,Theni South Market,1,Commercial Ganja / Cannabis,5,Health & Rehab Aggregate Registry,2025-01-07 09:15:23,Observation reported near Theni South Market sector in Theni.,VERIFIED,1
CMP-2026-00560,9,Vellore,41,121,Vellore North Market,4,Chemical Precursors / Ephedrine,2,Police FIR & Seizure Register,2024-10-21 11:44:31,Observation reported near Vellore North Market sector in Vellore.,CORROBORATED,0
CMP-2026-00561,17,Chengalpattu,84,252,Chengalpattu West Industrial Bypass,4,Chemical Precursors / Ephedrine,2,Police FIR & Seizure Register,2024-11-24 02:58:32,Observation reported near Chengalpattu West Industrial Bypass sector in Chengalpattu.,VERIFIED,1
CMP-2026-00562,25,Karur,123,369,Karur East Industrial Bypass,5,Opioid Analogues / Brown Sugar / Heroin,5,Health & Rehab Aggregate Registry,2024-11-28 05:14:43,Observation reported near Karur East Industrial Bypass sector in Karur.,CORROBORATED,0
CMP-2026-00563,1,Chennai,5,14,Chennai Central Campus Zone,4,Chemical Precursors / Ephedrine,3,State Checkpost Telemetry,2025-09-15 14:40:50,Observation reported near Chennai Central Campus Zone sector in Chennai.,VERIFIED,0
CMP-2026-00564,29,Sivaganga,143,429,Sivaganga East Industrial Bypass,2,Synthetic Stimulants / MDMA / Meth,5,Health & Rehab Aggregate Registry,2026-01-30 17:49:11,Observation reported near Sivaganga East Industrial Bypass sector in Sivaganga.,UNVERIFIED,0
CMP-2026-00565,9,Vellore,44,132,Vellore West Industrial Bypass,6,Unclassified / Suspicious Substance,2,Police FIR & Seizure Register,2025-07-07 06:29:30,Observation reported near Vellore West Industrial Bypass sector in Vellore.,UNVERIFIED,0
CMP-2026-00566,9,Vellore,45,134,Vellore Central Campus Zone,3,Prescription Narcotics / Codeine / Alprazolam,1,Anonymous Citizen Portal,2025-11-14 20:51:50,Observation reported near Vellore Central Campus Zone sector in Vellore.,UNVERIFIED,0
CMP-2026-00567,28,Pudukkottai,136,407,Pudukkottai North Campus Zone,5,Opioid Analogues / Brown Sugar / Heroin,1,Anonymous Citizen Portal,2025-07-08 12:33:51,Observation reported near Pudukkottai North Campus Zone sector in Pudukkottai.,VERIFIED,1
CMP-2026-00568,26,Ariyalur,129,385,Ariyalur West Market,5,Opioid Analogues / Brown Sugar / Heroin,1,Anonymous Citizen Portal,2025-07-12 05:30:03,Observation reported near Ariyalur West Market sector in Ariyalur.,VERIFIED,0
CMP-2026-00569,18,Tiruvallur,87,259,Tiruvallur South Market,6,Unclassified / Suspicious Substance,2,Police FIR & Seizure Register,2024-10-26 16:28:23,Observation reported near Tiruvallur South Market sector in Tiruvallur.,CORROBORATED,0
CMP-2026-00570,21,Kallakurichi,104,312,Kallakurichi West Industrial Bypass,5,Opioid Analogues / Brown Sugar / Heroin,1,Anonymous Citizen Portal,2025-07-14 19:11:07,Observation reported near Kallakurichi West Industrial Bypass sector in Kallakurichi.,NEEDS_VERIFICATION,0
CMP-2026-00571,5,Tiruchirappalli,23,69,Tiruchirappalli East Industrial Bypass,1,Commercial Ganja / Cannabis,5,Health & Rehab Aggregate Registry,2026-08-13 21:12:29,Observation reported near Tiruchirappalli East Industrial Bypass sector in Tiruchirappalli.,VERIFIED,0
CMP-2026-00572,28,Pudukkottai,138,413,Pudukkottai East Campus Zone,5,Opioid Analogues / Brown Sugar / Heroin,1,Anonymous Citizen Portal,2025-11-16 07:31:25,Observation reported near Pudukkottai East Campus Zone sector in Pudukkottai.,NEEDS_VERIFICATION,0
CMP-2026-00573,29,Sivaganga,142,424,Sivaganga South Market,6,Unclassified / Suspicious Substance,3,State Checkpost Telemetry,2026-01-14 04:34:58,Observation reported near Sivaganga South Market sector in Sivaganga.,UNVERIFIED,0
CMP-2026-00574,13,Thoothukudi,62,184,Thoothukudi South Market,2,Synthetic Stimulants / MDMA / Meth,5,Health & Rehab Aggregate Registry,2024-09-19 04:20:23,Observation reported near Thoothukudi South Market sector in Thoothukudi.,CORROBORATED,0
CMP-2026-00575,24,Nilgiris,118,354,Nilgiris East Industrial Bypass,2,Synthetic Stimulants / MDMA / Meth,3,State Checkpost Telemetry,2025-08-21 22:16:55,Observation reported near Nilgiris East Industrial Bypass sector in Nilgiris.,UNVERIFIED,0
CMP-2026-00576,16,Kancheepuram,79,235,Kancheepuram West Market,5,Opioid Analogues / Brown Sugar / Heroin,3,State Checkpost Telemetry,2025-10-20 12:25:20,Observation reported near Kancheepuram West Market sector in Kancheepuram.,NEEDS_VERIFICATION,0
CMP-2026-00577,3,Madurai,13,38,Madurai East Campus Zone,6,Unclassified / Suspicious Substance,5,Health & Rehab Aggregate Registry,2026-05-31 00:30:10,Observation reported near Madurai East Campus Zone sector in Madurai.,UNVERIFIED,0
CMP-2026-00578,26,Ariyalur,129,387,Ariyalur West Industrial Bypass,2,Synthetic Stimulants / MDMA / Meth,5,Health & Rehab Aggregate Registry,2024-12-20 21:48:23,Observation reported near Ariyalur West Industrial Bypass sector in Ariyalur.,VERIFIED,0
CMP-2026-00579,21,Kallakurichi,103,307,Kallakurichi East Market,6,Unclassified / Suspicious Substance,5,Health & Rehab Aggregate Registry,2026-05-21 09:38:04,Observation reported near Kallakurichi East Market sector in Kallakurichi.,UNVERIFIED,0
CMP-2026-00580,37,Tirupathur,181,541,Tirupathur North Market,2,Synthetic Stimulants / MDMA / Meth,4,State Anti-Drug Helpline 10583,2026-04-12 18:06:35,Observation reported near Tirupathur North Market sector in Tirupathur.,VERIFIED,0
CMP-2026-00581,5,Tiruchirappalli,25,73,Tiruchirappalli Central Market,5,Opioid Analogues / Brown Sugar / Heroin,1,Anonymous Citizen Portal,2025-04-02 05:28:18,Observation reported near Tiruchirappalli Central Market sector in Tiruchirappalli.,NEEDS_VERIFICATION,0
CMP-2026-00582,10,Krishnagiri,49,147,Krishnagiri West Industrial Bypass,2,Synthetic Stimulants / MDMA / Meth,3,State Checkpost Telemetry,2025-08-02 02:55:37,Observation reported near Krishnagiri West Industrial Bypass sector in Krishnagiri.,VERIFIED,0
CMP-2026-00583,6,Tirunelveli,28,84,Tirunelveli East Industrial Bypass,1,Commercial Ganja / Cannabis,2,Police FIR & Seizure Register,2025-06-14 12:30:30,Observation reported near Tirunelveli East Industrial Bypass sector in Tirunelveli.,VERIFIED,0
CMP-2026-00584,38,Tiruvannamalai,187,559,Tiruvannamalai South Market,5,Opioid Analogues / Brown Sugar / Heroin,2,Police FIR & Seizure Register,2026-08-03 13:01:55,Observation reported near Tiruvannamalai South Market sector in Tiruvannamalai.,NEEDS_VERIFICATION,0
CMP-2026-00585,11,Dindigul,53,157,Dindigul East Market,1,Commercial Ganja / Cannabis,5,Health & Rehab Aggregate Registry,2025-08-09 22:52:03,Observation reported near Dindigul East Market sector in Dindigul.,CORROBORATED,0
CMP-2026-00586,29,Sivaganga,142,426,Sivaganga South Industrial Bypass,6,Unclassified / Suspicious Substance,2,Police FIR & Seizure Register,2026-04-27 10:14:26,Observation reported near Sivaganga South Industrial Bypass sector in Sivaganga.,NEEDS_VERIFICATION,0
CMP-2026-00587,30,Ramanathapuram,147,441,Ramanathapuram South Industrial Bypass,3,Prescription Narcotics / Codeine / Alprazolam,4,State Anti-Drug Helpline 10583,2024-11-15 10:45:48,Observation reported near Ramanathapuram South Industrial Bypass sector in Ramanathapuram.,UNVERIFIED,0
CMP-2026-00588,8,Tiruppur,38,114,Tiruppur East Industrial Bypass,6,Unclassified / Suspicious Substance,1,Anonymous Citizen Portal,2025-08-07 03:38:07,Observation reported near Tiruppur East Industrial Bypass sector in Tiruppur.,CORROBORATED,0
CMP-2026-00589,2,Coimbatore,10,28,Coimbatore Central Market,5,Opioid Analogues / Brown Sugar / Heroin,1,Anonymous Citizen Portal,2025-11-18 17:22:39,Observation reported near Coimbatore Central Market sector in Coimbatore.,VERIFIED,0
CMP-2026-00590,22,Dharmapuri,109,326,Dharmapuri West Campus Zone,1,Commercial Ganja / Cannabis,3,State Checkpost Telemetry,2025-11-07 20:43:17,Observation reported near Dharmapuri West Campus Zone sector in Dharmapuri.,VERIFIED,0
CMP-2026-00591,14,Kanniyakumari,68,204,Kanniyakumari East Industrial Bypass,2,Synthetic Stimulants / MDMA / Meth,3,State Checkpost Telemetry,2025-04-27 19:29:02,Observation reported near Kanniyakumari East Industrial Bypass sector in Kanniyakumari.,NEEDS_VERIFICATION,0
CMP-2026-00592,8,Tiruppur,37,111,Tiruppur South Industrial Bypass,2,Synthetic Stimulants / MDMA / Meth,2,Police FIR & Seizure Register,2026-05-02 20:56:38,Observation reported near Tiruppur South Industrial Bypass sector in Tiruppur.,UNVERIFIED,0
CMP-2026-00593,14,Kanniyakumari,66,197,Kanniyakumari North Campus Zone,1,Commercial Ganja / Cannabis,3,State Checkpost Telemetry,2026-08-12 22:22:51,Observation reported near Kanniyakumari North Campus Zone sector in Kanniyakumari.,VERIFIED,1
CMP-2026-00594,26,Ariyalur,130,388,Ariyalur Central Market,6,Unclassified / Suspicious Substance,5,Health & Rehab Aggregate Registry,2025-03-13 10:16:14,Observation reported near Ariyalur Central Market sector in Ariyalur.,CORROBORATED,0
CMP-2026-00595,34,Nagapattinam,166,496,Nagapattinam North Market,1,Commercial Ganja / Cannabis,4,State Anti-Drug Helpline 10583,2025-06-30 09:42:10,Observation reported near Nagapattinam North Market sector in Nagapattinam.,CORROBORATED,0
CMP-2026-00596,18,Tiruvallur,86,258,Tiruvallur North Industrial Bypass,4,Chemical Precursors / Ephedrine,3,State Checkpost Telemetry,2024-11-23 04:36:09,Observation reported near Tiruvallur North Industrial Bypass sector in Tiruvallur.,VERIFIED,0
CMP-2026-00597,24,Nilgiris,118,353,Nilgiris East Campus Zone,6,Unclassified / Suspicious Substance,2,Police FIR & Seizure Register,2024-10-05 01:08:17,Observation reported near Nilgiris East Campus Zone sector in Nilgiris.,UNVERIFIED,1
CMP-2026-00598,19,Cuddalore,92,275,Cuddalore South Campus Zone,1,Commercial Ganja / Cannabis,3,State Checkpost Telemetry,2025-03-15 10:15:54,Observation reported near Cuddalore South Campus Zone sector in Cuddalore.,NEEDS_VERIFICATION,0
CMP-2026-00599,14,Kanniyakumari,66,197,Kanniyakumari North Campus Zone,6,Unclassified / Suspicious Substance,1,Anonymous Citizen Portal,2025-12-05 22:24:20,Observation reported near Kanniyakumari North Campus Zone sector in Kanniyakumari.,CORROBORATED,0
CMP-2026-00600,37,Tirupathur,184,550,Tirupathur West Market,6,Unclassified / Suspicious Substance,2,Police FIR & Seizure Register,2025-05-08 01:38:22,Observation reported near Tirupathur West Market sector in Tirupathur.,VERIFIED,0
CMP-2026-00601,32,Theni,156,468,Theni North Industrial Bypass,2,Synthetic Stimulants / MDMA / Meth,4,State Anti-Drug Helpline 10583,2025-03-09 10:51:37,Observation reported near Theni North Industrial Bypass sector in Theni.,UNVERIFIED,0
CMP-2026-00602,8,Tiruppur,40,118,Tiruppur Central Market,4,Chemical Precursors / Ephedrine,4,State Anti-Drug Helpline 10583,2025-09-09 13:54:16,Observation reported near Tiruppur Central Market sector in Tiruppur.,VERIFIED,0
CMP-2026-00603,11,Dindigul,55,165,Dindigul Central Industrial Bypass,2,Synthetic Stimulants / MDMA / Meth,1,Anonymous Citizen Portal,2025-10-10 00:48:32,Observation reported near Dindigul Central Industrial Bypass sector in Dindigul.,CORROBORATED,0
CMP-2026-00604,19,Cuddalore,95,283,Cuddalore Central Market,3,Prescription Narcotics / Codeine / Alprazolam,1,Anonymous Citizen Portal,2026-04-08 07:26:04,Observation reported near Cuddalore Central Market sector in Cuddalore.,UNVERIFIED,1
CMP-2026-00605,18,Tiruvallur,87,259,Tiruvallur South Market,3,Prescription Narcotics / Codeine / Alprazolam,5,Health & Rehab Aggregate Registry,2024-09-21 18:04:06,Observation reported near Tiruvallur South Market sector in Tiruvallur.,CORROBORATED,0
CMP-2026-00606,19,Cuddalore,93,278,Cuddalore East Campus Zone,3,Prescription Narcotics / Codeine / Alprazolam,1,Anonymous Citizen Portal,2026-03-18 05:05:47,Observation reported near Cuddalore East Campus Zone sector in Cuddalore.,VERIFIED,0
CMP-2026-00607,8,Tiruppur,40,120,Tiruppur Central Industrial Bypass,2,Synthetic Stimulants / MDMA / Meth,4,State Anti-Drug Helpline 10583,2024-12-24 09:19:32,Observation reported near Tiruppur Central Industrial Bypass sector in Tiruppur.,UNVERIFIED,0
CMP-2026-00608,21,Kallakurichi,104,312,Kallakurichi West Industrial Bypass,1,Commercial Ganja / Cannabis,4,State Anti-Drug Helpline 10583,2025-07-05 09:15:45,Observation reported near Kallakurichi West Industrial Bypass sector in Kallakurichi.,CORROBORATED,0
CMP-2026-00609,33,Thiruvarur,163,489,Thiruvarur East Industrial Bypass,3,Prescription Narcotics / Codeine / Alprazolam,4,State Anti-Drug Helpline 10583,2026-07-25 14:16:49,Observation reported near Thiruvarur East Industrial Bypass sector in Thiruvarur.,NEEDS_VERIFICATION,0
CMP-2026-00610,35,Mayiladuthurai,175,524,Mayiladuthurai Central Campus Zone,6,Unclassified / Suspicious Substance,2,Police FIR & Seizure Register,2024-12-16 09:03:41,Observation reported near Mayiladuthurai Central Campus Zone sector in Mayiladuthurai.,VERIFIED,0
CMP-2026-00611,19,Cuddalore,91,273,Cuddalore North Industrial Bypass,5,Opioid Analogues / Brown Sugar / Heroin,2,Police FIR & Seizure Register,2025-10-27 20:27:25,Observation reported near Cuddalore North Industrial Bypass sector in Cuddalore.,VERIFIED,0
CMP-2026-00612,32,Theni,158,473,Theni East Campus Zone,2,Synthetic Stimulants / MDMA / Meth,2,Police FIR & Seizure Register,2025-05-15 09:09:28,Observation reported near Theni East Campus Zone sector in Theni.,VERIFIED,0
CMP-2026-00613,12,Thanjavur,58,172,Thanjavur East Market,4,Chemical Precursors / Ephedrine,1,Anonymous Citizen Portal,2026-01-03 12:10:41,Observation reported near Thanjavur East Market sector in Thanjavur.,NEEDS_VERIFICATION,0
CMP-2026-00614,31,Virudhunagar,155,463,Virudhunagar Central Market,3,Prescription Narcotics / Codeine / Alprazolam,2,Police FIR & Seizure Register,2025-07-05 13:50:44,Observation reported near Virudhunagar Central Market sector in Virudhunagar.,VERIFIED,0
CMP-2026-00615,13,Thoothukudi,61,182,Thoothukudi North Campus Zone,2,Synthetic Stimulants / MDMA / Meth,3,State Checkpost Telemetry,2026-02-10 03:03:59,Observation reported near Thoothukudi North Campus Zone sector in Thoothukudi.,CORROBORATED,0
CMP-2026-00616,25,Karur,125,375,Karur Central Industrial Bypass,2,Synthetic Stimulants / MDMA / Meth,1,Anonymous Citizen Portal,2025-11-20 21:09:41,Observation reported near Karur Central Industrial Bypass sector in Karur.,NEEDS_VERIFICATION,0
CMP-2026-00617,27,Perambalur,134,400,Perambalur West Market,3,Prescription Narcotics / Codeine / Alprazolam,3,State Checkpost Telemetry,2025-12-27 23:12:16,Observation reported near Perambalur West Market sector in Perambalur.,VERIFIED,0
CMP-2026-00618,22,Dharmapuri,108,323,Dharmapuri East Campus Zone,5,Opioid Analogues / Brown Sugar / Heroin,3,State Checkpost Telemetry,2026-04-15 20:06:19,Observation reported near Dharmapuri East Campus Zone sector in Dharmapuri.,UNVERIFIED,0
CMP-2026-00619,23,Namakkal,112,334,Namakkal South Market,2,Synthetic Stimulants / MDMA / Meth,4,State Anti-Drug Helpline 10583,2026-08-18 20:36:35,Observation reported near Namakkal South Market sector in Namakkal.,UNVERIFIED,0
CMP-2026-00620,25,Karur,122,366,Karur South Industrial Bypass,4,Chemical Precursors / Ephedrine,2,Police FIR & Seizure Register,2025-09-03 12:29:26,Observation reported near Karur South Industrial Bypass sector in Karur.,VERIFIED,0
CMP-2026-00621,5,Tiruchirappalli,21,61,Tiruchirappalli North Market,6,Unclassified / Suspicious Substance,4,State Anti-Drug Helpline 10583,2026-07-13 06:14:52,Observation reported near Tiruchirappalli North Market sector in Tiruchirappalli.,UNVERIFIED,1
CMP-2026-00622,18,Tiruvallur,86,257,Tiruvallur North Campus Zone,1,Commercial Ganja / Cannabis,5,Health & Rehab Aggregate Registry,2025-06-12 09:40:57,Observation reported near Tiruvallur North Campus Zone sector in Tiruvallur.,CORROBORATED,0
CMP-2026-00623,8,Tiruppur,36,106,Tiruppur North Market,3,Prescription Narcotics / Codeine / Alprazolam,3,State Checkpost Telemetry,2026-01-18 15:20:20,Observation reported near Tiruppur North Market sector in Tiruppur.,CORROBORATED,1
CMP-2026-00624,22,Dharmapuri,108,322,Dharmapuri East Market,6,Unclassified / Suspicious Substance,2,Police FIR & Seizure Register,2026-04-11 02:26:20,Observation reported near Dharmapuri East Market sector in Dharmapuri.,VERIFIED,0
CMP-2026-00625,3,Madurai,14,42,Madurai West Industrial Bypass,6,Unclassified / Suspicious Substance,4,State Anti-Drug Helpline 10583,2025-03-03 08:29:29,Observation reported near Madurai West Industrial Bypass sector in Madurai.,UNVERIFIED,0
CMP-2026-00626,8,Tiruppur,38,112,Tiruppur East Market,1,Commercial Ganja / Cannabis,2,Police FIR & Seizure Register,2025-10-01 07:29:58,Observation reported near Tiruppur East Market sector in Tiruppur.,VERIFIED,0
CMP-2026-00627,5,Tiruchirappalli,25,74,Tiruchirappalli Central Campus Zone,3,Prescription Narcotics / Codeine / Alprazolam,4,State Anti-Drug Helpline 10583,2025-07-18 15:30:56,Observation reported near Tiruchirappalli Central Campus Zone sector in Tiruchirappalli.,UNVERIFIED,0
CMP-2026-00628,33,Thiruvarur,164,491,Thiruvarur West Campus Zone,5,Opioid Analogues / Brown Sugar / Heroin,1,Anonymous Citizen Portal,2026-04-07 12:53:14,Observation reported near Thiruvarur West Campus Zone sector in Thiruvarur.,CORROBORATED,1
CMP-2026-00629,2,Coimbatore,7,20,Coimbatore South Campus Zone,4,Chemical Precursors / Ephedrine,3,State Checkpost Telemetry,2025-03-11 05:57:39,Observation reported near Coimbatore South Campus Zone sector in Coimbatore.,UNVERIFIED,0
CMP-2026-00630,9,Vellore,44,132,Vellore West Industrial Bypass,3,Prescription Narcotics / Codeine / Alprazolam,1,Anonymous Citizen Portal,2025-02-12 19:39:27,Observation reported near Vellore West Industrial Bypass sector in Vellore.,UNVERIFIED,0
CMP-2026-00631,25,Karur,123,369,Karur East Industrial Bypass,5,Opioid Analogues / Brown Sugar / Heroin,4,State Anti-Drug Helpline 10583,2025-06-03 12:00:39,Observation reported near Karur East Industrial Bypass sector in Karur.,NEEDS_VERIFICATION,0
CMP-2026-00632,8,Tiruppur,37,111,Tiruppur South Industrial Bypass,3,Prescription Narcotics / Codeine / Alprazolam,1,Anonymous Citizen Portal,2026-04-18 00:46:08,Observation reported near Tiruppur South Industrial Bypass sector in Tiruppur.,VERIFIED,0
CMP-2026-00633,23,Namakkal,112,335,Namakkal South Campus Zone,6,Unclassified / Suspicious Substance,1,Anonymous Citizen Portal,2026-05-29 15:46:28,Observation reported near Namakkal South Campus Zone sector in Namakkal.,VERIFIED,0
CMP-2026-00634,26,Ariyalur,127,379,Ariyalur South Market,5,Opioid Analogues / Brown Sugar / Heroin,1,Anonymous Citizen Portal,2026-05-28 02:38:28,Observation reported near Ariyalur South Market sector in Ariyalur.,CORROBORATED,0
CMP-2026-00635,19,Cuddalore,95,283,Cuddalore Central Market,4,Chemical Precursors / Ephedrine,5,Health & Rehab Aggregate Registry,2025-04-09 01:28:36,Observation reported near Cuddalore Central Market sector in Cuddalore.,UNVERIFIED,0
CMP-2026-00636,31,Virudhunagar,154,461,Virudhunagar West Campus Zone,4,Chemical Precursors / Ephedrine,4,State Anti-Drug Helpline 10583,2025-01-25 11:38:30,Observation reported near Virudhunagar West Campus Zone sector in Virudhunagar.,UNVERIFIED,0
CMP-2026-00637,21,Kallakurichi,102,305,Kallakurichi South Campus Zone,4,Chemical Precursors / Ephedrine,1,Anonymous Citizen Portal,2025-12-06 05:55:44,Observation reported near Kallakurichi South Campus Zone sector in Kallakurichi.,CORROBORATED,0
CMP-2026-00638,15,Tenkasi,73,217,Tenkasi East Market,6,Unclassified / Suspicious Substance,2,Police FIR & Seizure Register,2024-11-17 20:28:43,Observation reported near Tenkasi East Market sector in Tenkasi.,UNVERIFIED,0
CMP-2026-00639,3,Madurai,14,42,Madurai West Industrial Bypass,1,Commercial Ganja / Cannabis,3,State Checkpost Telemetry,2026-02-07 14:13:34,Observation reported near Madurai West Industrial Bypass sector in Madurai.,CORROBORATED,0
CMP-2026-00640,11,Dindigul,55,164,Dindigul Central Campus Zone,2,Synthetic Stimulants / MDMA / Meth,3,State Checkpost Telemetry,2025-06-26 11:50:06,Observation reported near Dindigul Central Campus Zone sector in Dindigul.,CORROBORATED,0
CMP-2026-00641,28,Pudukkottai,137,410,Pudukkottai South Campus Zone,2,Synthetic Stimulants / MDMA / Meth,2,Police FIR & Seizure Register,2024-10-07 22:50:47,Observation reported near Pudukkottai South Campus Zone sector in Pudukkottai.,VERIFIED,0
CMP-2026-00642,18,Tiruvallur,90,268,Tiruvallur Central Market,4,Chemical Precursors / Ephedrine,1,Anonymous Citizen Portal,2025-06-18 23:03:09,Observation reported near Tiruvallur Central Market sector in Tiruvallur.,UNVERIFIED,1
CMP-2026-00643,19,Cuddalore,95,284,Cuddalore Central Campus Zone,4,Chemical Precursors / Ephedrine,4,State Anti-Drug Helpline 10583,2025-12-07 10:36:39,Observation reported near Cuddalore Central Campus Zone sector in Cuddalore.,UNVERIFIED,0
CMP-2026-00644,8,Tiruppur,40,120,Tiruppur Central Industrial Bypass,5,Opioid Analogues / Brown Sugar / Heroin,1,Anonymous Citizen Portal,2026-06-29 06:36:57,Observation reported near Tiruppur Central Industrial Bypass sector in Tiruppur.,UNVERIFIED,0
CMP-2026-00645,29,Sivaganga,142,424,Sivaganga South Market,6,Unclassified / Suspicious Substance,3,State Checkpost Telemetry,2025-05-23 15:31:52,Observation reported near Sivaganga South Market sector in Sivaganga.,NEEDS_VERIFICATION,0
CMP-2026-00646,4,Salem,16,46,Salem North Market,3,Prescription Narcotics / Codeine / Alprazolam,4,State Anti-Drug Helpline 10583,2025-11-15 06:43:32,Observation reported near Salem North Market sector in Salem.,VERIFIED,0
CMP-2026-00647,20,Viluppuram,96,286,Viluppuram North Market,4,Chemical Precursors / Ephedrine,2,Police FIR & Seizure Register,2025-06-13 00:23:03,Observation reported near Viluppuram North Market sector in Viluppuram.,VERIFIED,1
CMP-2026-00648,35,Mayiladuthurai,172,515,Mayiladuthurai South Campus Zone,2,Synthetic Stimulants / MDMA / Meth,1,Anonymous Citizen Portal,2024-12-27 17:53:07,Observation reported near Mayiladuthurai South Campus Zone sector in Mayiladuthurai.,VERIFIED,1
CMP-2026-00649,28,Pudukkottai,139,415,Pudukkottai West Market,2,Synthetic Stimulants / MDMA / Meth,1,Anonymous Citizen Portal,2026-02-06 13:55:06,Observation reported near Pudukkottai West Market sector in Pudukkottai.,CORROBORATED,0
CMP-2026-00650,6,Tirunelveli,30,90,Tirunelveli Central Industrial Bypass,3,Prescription Narcotics / Codeine / Alprazolam,2,Police FIR & Seizure Register,2025-03-02 06:41:33,Observation reported near Tirunelveli Central Industrial Bypass sector in Tirunelveli.,CORROBORATED,1
CMP-2026-00651,25,Karur,121,361,Karur North Market,6,Unclassified / Suspicious Substance,1,Anonymous Citizen Portal,2026-06-23 19:14:45,Observation reported near Karur North Market sector in Karur.,UNVERIFIED,0
CMP-2026-00652,8,Tiruppur,37,110,Tiruppur South Campus Zone,1,Commercial Ganja / Cannabis,1,Anonymous Citizen Portal,2025-12-11 07:42:10,Observation reported near Tiruppur South Campus Zone sector in Tiruppur.,CORROBORATED,0
CMP-2026-00653,38,Tiruvannamalai,189,567,Tiruvannamalai West Industrial Bypass,1,Commercial Ganja / Cannabis,3,State Checkpost Telemetry,2026-06-29 12:00:40,Observation reported near Tiruvannamalai West Industrial Bypass sector in Tiruvannamalai.,CORROBORATED,0
CMP-2026-00654,25,Karur,121,361,Karur North Market,3,Prescription Narcotics / Codeine / Alprazolam,4,State Anti-Drug Helpline 10583,2025-05-29 01:28:40,Observation reported near Karur North Market sector in Karur.,CORROBORATED,0
CMP-2026-00655,29,Sivaganga,142,424,Sivaganga South Market,1,Commercial Ganja / Cannabis,1,Anonymous Citizen Portal,2024-10-04 19:55:57,Observation reported near Sivaganga South Market sector in Sivaganga.,CORROBORATED,0
CMP-2026-00656,11,Dindigul,53,157,Dindigul East Market,6,Unclassified / Suspicious Substance,2,Police FIR & Seizure Register,2025-10-29 09:44:38,Observation reported near Dindigul East Market sector in Dindigul.,NEEDS_VERIFICATION,0
CMP-2026-00657,10,Krishnagiri,47,140,Krishnagiri South Campus Zone,1,Commercial Ganja / Cannabis,4,State Anti-Drug Helpline 10583,2025-09-15 15:46:19,Observation reported near Krishnagiri South Campus Zone sector in Krishnagiri.,UNVERIFIED,1
CMP-2026-00658,23,Namakkal,114,342,Namakkal West Industrial Bypass,6,Unclassified / Suspicious Substance,5,Health & Rehab Aggregate Registry,2024-11-28 00:31:38,Observation reported near Namakkal West Industrial Bypass sector in Namakkal.,VERIFIED,0
CMP-2026-00659,22,Dharmapuri,107,321,Dharmapuri South Industrial Bypass,3,Prescription Narcotics / Codeine / Alprazolam,1,Anonymous Citizen Portal,2025-04-14 23:44:51,Observation reported near Dharmapuri South Industrial Bypass sector in Dharmapuri.,UNVERIFIED,0
CMP-2026-00660,10,Krishnagiri,47,140,Krishnagiri South Campus Zone,5,Opioid Analogues / Brown Sugar / Heroin,4,State Anti-Drug Helpline 10583,2025-08-21 21:26:40,Observation reported near Krishnagiri South Campus Zone sector in Krishnagiri.,VERIFIED,0
CMP-2026-00661,16,Kancheepuram,76,228,Kancheepuram North Industrial Bypass,4,Chemical Precursors / Ephedrine,1,Anonymous Citizen Portal,2026-04-05 03:08:01,Observation reported near Kancheepuram North Industrial Bypass sector in Kancheepuram.,VERIFIED,0
CMP-2026-00662,14,Kanniyakumari,67,200,Kanniyakumari South Campus Zone,1,Commercial Ganja / Cannabis,4,State Anti-Drug Helpline 10583,2024-09-24 02:32:35,Observation reported near Kanniyakumari South Campus Zone sector in Kanniyakumari.,CORROBORATED,1
CMP-2026-00663,17,Chengalpattu,84,251,Chengalpattu West Campus Zone,4,Chemical Precursors / Ephedrine,4,State Anti-Drug Helpline 10583,2025-01-21 20:49:13,Observation reported near Chengalpattu West Campus Zone sector in Chengalpattu.,VERIFIED,0
CMP-2026-00664,31,Virudhunagar,152,456,Virudhunagar South Industrial Bypass,6,Unclassified / Suspicious Substance,5,Health & Rehab Aggregate Registry,2026-02-18 21:01:59,Observation reported near Virudhunagar South Industrial Bypass sector in Virudhunagar.,CORROBORATED,0
CMP-2026-00665,31,Virudhunagar,152,456,Virudhunagar South Industrial Bypass,1,Commercial Ganja / Cannabis,3,State Checkpost Telemetry,2025-04-30 21:27:51,Observation reported near Virudhunagar South Industrial Bypass sector in Virudhunagar.,UNVERIFIED,0
CMP-2026-00666,33,Thiruvarur,164,492,Thiruvarur West Industrial Bypass,5,Opioid Analogues / Brown Sugar / Heroin,4,State Anti-Drug Helpline 10583,2025-11-28 11:15:24,Observation reported near Thiruvarur West Industrial Bypass sector in Thiruvarur.,VERIFIED,0
CMP-2026-00667,6,Tirunelveli,26,78,Tirunelveli North Industrial Bypass,4,Chemical Precursors / Ephedrine,2,Police FIR & Seizure Register,2026-01-22 11:35:54,Observation reported near Tirunelveli North Industrial Bypass sector in Tirunelveli.,UNVERIFIED,0
CMP-2026-00668,25,Karur,125,373,Karur Central Market,4,Chemical Precursors / Ephedrine,2,Police FIR & Seizure Register,2026-08-18 22:26:16,Observation reported near Karur Central Market sector in Karur.,CORROBORATED,0
CMP-2026-00669,16,Kancheepuram,80,239,Kancheepuram Central Campus Zone,4,Chemical Precursors / Ephedrine,3,State Checkpost Telemetry,2025-12-15 05:01:10,Observation reported near Kancheepuram Central Campus Zone sector in Kancheepuram.,NEEDS_VERIFICATION,0
CMP-2026-00670,3,Madurai,14,41,Madurai West Campus Zone,6,Unclassified / Suspicious Substance,5,Health & Rehab Aggregate Registry,2025-08-21 14:40:28,Observation reported near Madurai West Campus Zone sector in Madurai.,VERIFIED,0
CMP-2026-00671,14,Kanniyakumari,67,200,Kanniyakumari South Campus Zone,6,Unclassified / Suspicious Substance,4,State Anti-Drug Helpline 10583,2026-08-19 03:01:20,Observation reported near Kanniyakumari South Campus Zone sector in Kanniyakumari.,NEEDS_VERIFICATION,0
CMP-2026-00672,7,Erode,34,101,Erode West Campus Zone,1,Commercial Ganja / Cannabis,2,Police FIR & Seizure Register,2026-08-03 02:38:58,Observation reported near Erode West Campus Zone sector in Erode.,NEEDS_VERIFICATION,0
CMP-2026-00673,1,Chennai,2,6,Chennai South Industrial Bypass,2,Synthetic Stimulants / MDMA / Meth,4,State Anti-Drug Helpline 10583,2026-02-01 09:25:22,Observation reported near Chennai South Industrial Bypass sector in Chennai.,NEEDS_VERIFICATION,0
CMP-2026-00674,31,Virudhunagar,151,452,Virudhunagar North Campus Zone,2,Synthetic Stimulants / MDMA / Meth,5,Health & Rehab Aggregate Registry,2025-12-26 18:59:50,Observation reported near Virudhunagar North Campus Zone sector in Virudhunagar.,VERIFIED,0
CMP-2026-00675,35,Mayiladuthurai,173,518,Mayiladuthurai East Campus Zone,4,Chemical Precursors / Ephedrine,4,State Anti-Drug Helpline 10583,2025-02-25 09:58:37,Observation reported near Mayiladuthurai East Campus Zone sector in Mayiladuthurai.,CORROBORATED,0
CMP-2026-00676,20,Viluppuram,96,288,Viluppuram North Industrial Bypass,3,Prescription Narcotics / Codeine / Alprazolam,5,Health & Rehab Aggregate Registry,2026-03-28 18:24:56,Observation reported near Viluppuram North Industrial Bypass sector in Viluppuram.,VERIFIED,1
CMP-2026-00677,26,Ariyalur,130,389,Ariyalur Central Campus Zone,5,Opioid Analogues / Brown Sugar / Heroin,2,Police FIR & Seizure Register,2026-04-25 22:23:19,Observation reported near Ariyalur Central Campus Zone sector in Ariyalur.,UNVERIFIED,0
CMP-2026-00678,7,Erode,34,100,Erode West Market,3,Prescription Narcotics / Codeine / Alprazolam,2,Police FIR & Seizure Register,2025-09-08 16:15:07,Observation reported near Erode West Market sector in Erode.,CORROBORATED,0
CMP-2026-00679,22,Dharmapuri,107,321,Dharmapuri South Industrial Bypass,5,Opioid Analogues / Brown Sugar / Heroin,5,Health & Rehab Aggregate Registry,2024-12-23 03:53:46,Observation reported near Dharmapuri South Industrial Bypass sector in Dharmapuri.,VERIFIED,0
CMP-2026-00680,12,Thanjavur,56,167,Thanjavur North Campus Zone,5,Opioid Analogues / Brown Sugar / Heroin,3,State Checkpost Telemetry,2026-05-22 17:10:10,Observation reported near Thanjavur North Campus Zone sector in Thanjavur.,CORROBORATED,0
CMP-2026-00681,31,Virudhunagar,155,465,Virudhunagar Central Industrial Bypass,2,Synthetic Stimulants / MDMA / Meth,3,State Checkpost Telemetry,2026-07-26 18:14:33,Observation reported near Virudhunagar Central Industrial Bypass sector in Virudhunagar.,VERIFIED,0
CMP-2026-00682,11,Dindigul,55,164,Dindigul Central Campus Zone,5,Opioid Analogues / Brown Sugar / Heroin,4,State Anti-Drug Helpline 10583,2026-03-15 15:10:27,Observation reported near Dindigul Central Campus Zone sector in Dindigul.,NEEDS_VERIFICATION,0
CMP-2026-00683,8,Tiruppur,36,108,Tiruppur North Industrial Bypass,6,Unclassified / Suspicious Substance,5,Health & Rehab Aggregate Registry,2025-06-10 22:18:29,Observation reported near Tiruppur North Industrial Bypass sector in Tiruppur.,CORROBORATED,0
CMP-2026-00684,6,Tirunelveli,29,86,Tirunelveli West Campus Zone,6,Unclassified / Suspicious Substance,4,State Anti-Drug Helpline 10583,2025-04-14 18:07:28,Observation reported near Tirunelveli West Campus Zone sector in Tirunelveli.,NEEDS_VERIFICATION,0
CMP-2026-00685,3,Madurai,11,33,Madurai North Industrial Bypass,3,Prescription Narcotics / Codeine / Alprazolam,4,State Anti-Drug Helpline 10583,2025-03-12 03:15:53,Observation reported near Madurai North Industrial Bypass sector in Madurai.,NEEDS_VERIFICATION,0
CMP-2026-00686,4,Salem,17,50,Salem South Campus Zone,6,Unclassified / Suspicious Substance,1,Anonymous Citizen Portal,2025-10-22 13:03:16,Observation reported near Salem South Campus Zone sector in Salem.,NEEDS_VERIFICATION,0
CMP-2026-00687,8,Tiruppur,36,108,Tiruppur North Industrial Bypass,3,Prescription Narcotics / Codeine / Alprazolam,1,Anonymous Citizen Portal,2025-09-17 15:04:39,Observation reported near Tiruppur North Industrial Bypass sector in Tiruppur.,CORROBORATED,1
CMP-2026-00688,22,Dharmapuri,110,330,Dharmapuri Central Industrial Bypass,3,Prescription Narcotics / Codeine / Alprazolam,4,State Anti-Drug Helpline 10583,2024-10-12 21:27:23,Observation reported near Dharmapuri Central Industrial Bypass sector in Dharmapuri.,UNVERIFIED,0
CMP-2026-00689,15,Tenkasi,73,218,Tenkasi East Campus Zone,1,Commercial Ganja / Cannabis,2,Police FIR & Seizure Register,2026-06-20 14:51:49,Observation reported near Tenkasi East Campus Zone sector in Tenkasi.,NEEDS_VERIFICATION,0
CMP-2026-00690,13,Thoothukudi,61,181,Thoothukudi North Market,6,Unclassified / Suspicious Substance,1,Anonymous Citizen Portal,2025-08-23 21:35:53,Observation reported near Thoothukudi North Market sector in Thoothukudi.,NEEDS_VERIFICATION,0
CMP-2026-00691,23,Namakkal,113,337,Namakkal East Market,3,Prescription Narcotics / Codeine / Alprazolam,4,State Anti-Drug Helpline 10583,2025-10-15 09:06:48,Observation reported near Namakkal East Market sector in Namakkal.,UNVERIFIED,0
CMP-2026-00692,36,Ranipet,177,531,Ranipet South Industrial Bypass,1,Commercial Ganja / Cannabis,1,Anonymous Citizen Portal,2025-04-06 23:22:45,Observation reported near Ranipet South Industrial Bypass sector in Ranipet.,NEEDS_VERIFICATION,0
CMP-2026-00693,11,Dindigul,53,157,Dindigul East Market,1,Commercial Ganja / Cannabis,2,Police FIR & Seizure Register,2024-10-22 18:26:08,Observation reported near Dindigul East Market sector in Dindigul.,UNVERIFIED,0
CMP-2026-00694,20,Viluppuram,100,298,Viluppuram Central Market,5,Opioid Analogues / Brown Sugar / Heroin,2,Police FIR & Seizure Register,2026-04-21 08:35:46,Observation reported near Viluppuram Central Market sector in Viluppuram.,NEEDS_VERIFICATION,0
CMP-2026-00695,37,Tirupathur,185,554,Tirupathur Central Campus Zone,6,Unclassified / Suspicious Substance,4,State Anti-Drug Helpline 10583,2025-11-16 04:44:52,Observation reported near Tirupathur Central Campus Zone sector in Tirupathur.,VERIFIED,0
CMP-2026-00696,13,Thoothukudi,62,186,Thoothukudi South Industrial Bypass,1,Commercial Ganja / Cannabis,2,Police FIR & Seizure Register,2025-03-16 22:00:51,Observation reported near Thoothukudi South Industrial Bypass sector in Thoothukudi.,NEEDS_VERIFICATION,0
CMP-2026-00697,38,Tiruvannamalai,189,566,Tiruvannamalai West Campus Zone,6,Unclassified / Suspicious Substance,4,State Anti-Drug Helpline 10583,2026-08-17 07:50:56,Observation reported near Tiruvannamalai West Campus Zone sector in Tiruvannamalai.,VERIFIED,1
CMP-2026-00698,17,Chengalpattu,81,242,Chengalpattu North Campus Zone,1,Commercial Ganja / Cannabis,4,State Anti-Drug Helpline 10583,2024-11-27 18:34:00,Observation reported near Chengalpattu North Campus Zone sector in Chengalpattu.,CORROBORATED,0
CMP-2026-00699,33,Thiruvarur,162,485,Thiruvarur South Campus Zone,2,Synthetic Stimulants / MDMA / Meth,3,State Checkpost Telemetry,2025-04-14 12:01:39,Observation reported near Thiruvarur South Campus Zone sector in Thiruvarur.,NEEDS_VERIFICATION,0
CMP-2026-00700,2,Coimbatore,8,22,Coimbatore East Market,2,Synthetic Stimulants / MDMA / Meth,5,Health & Rehab Aggregate Registry,2025-11-06 15:56:37,Observation reported near Coimbatore East Market sector in Coimbatore.,NEEDS_VERIFICATION,0
CMP-2026-00701,36,Ranipet,178,533,Ranipet East Campus Zone,2,Synthetic Stimulants / MDMA / Meth,2,Police FIR & Seizure Register,2025-10-29 15:25:21,Observation reported near Ranipet East Campus Zone sector in Ranipet.,CORROBORATED,0
CMP-2026-00702,9,Vellore,45,133,Vellore Central Market,2,Synthetic Stimulants / MDMA / Meth,4,State Anti-Drug Helpline 10583,2026-06-04 15:29:53,Observation reported near Vellore Central Market sector in Vellore.,CORROBORATED,0
CMP-2026-00703,2,Coimbatore,7,21,Coimbatore South Industrial Bypass,5,Opioid Analogues / Brown Sugar / Heroin,2,Police FIR & Seizure Register,2025-03-03 20:55:51,Observation reported near Coimbatore South Industrial Bypass sector in Coimbatore.,VERIFIED,0
CMP-2026-00704,14,Kanniyakumari,68,202,Kanniyakumari East Market,5,Opioid Analogues / Brown Sugar / Heroin,4,State Anti-Drug Helpline 10583,2024-12-26 09:17:01,Observation reported near Kanniyakumari East Market sector in Kanniyakumari.,NEEDS_VERIFICATION,0
CMP-2026-00705,37,Tirupathur,183,547,Tirupathur East Market,3,Prescription Narcotics / Codeine / Alprazolam,2,Police FIR & Seizure Register,2024-11-13 12:14:44,Observation reported near Tirupathur East Market sector in Tirupathur.,NEEDS_VERIFICATION,0
CMP-2026-00706,23,Namakkal,113,337,Namakkal East Market,1,Commercial Ganja / Cannabis,1,Anonymous Citizen Portal,2025-03-05 09:28:28,Observation reported near Namakkal East Market sector in Namakkal.,UNVERIFIED,1
CMP-2026-00707,23,Namakkal,111,332,Namakkal North Campus Zone,2,Synthetic Stimulants / MDMA / Meth,5,Health & Rehab Aggregate Registry,2026-01-04 10:23:18,Observation reported near Namakkal North Campus Zone sector in Namakkal.,NEEDS_VERIFICATION,0
CMP-2026-00708,8,Tiruppur,38,112,Tiruppur East Market,2,Synthetic Stimulants / MDMA / Meth,4,State Anti-Drug Helpline 10583,2024-12-03 19:26:04,Observation reported near Tiruppur East Market sector in Tiruppur.,UNVERIFIED,0
CMP-2026-00709,10,Krishnagiri,46,136,Krishnagiri North Market,3,Prescription Narcotics / Codeine / Alprazolam,2,Police FIR & Seizure Register,2025-08-26 12:48:07,Observation reported near Krishnagiri North Market sector in Krishnagiri.,NEEDS_VERIFICATION,0
CMP-2026-00710,7,Erode,35,103,Erode Central Market,1,Commercial Ganja / Cannabis,2,Police FIR & Seizure Register,2024-12-13 12:43:22,Observation reported near Erode Central Market sector in Erode.,NEEDS_VERIFICATION,0
CMP-2026-00711,22,Dharmapuri,106,317,Dharmapuri North Campus Zone,2,Synthetic Stimulants / MDMA / Meth,2,Police FIR & Seizure Register,2025-01-16 00:26:38,Observation reported near Dharmapuri North Campus Zone sector in Dharmapuri.,NEEDS_VERIFICATION,0
CMP-2026-00712,3,Madurai,12,36,Madurai South Industrial Bypass,2,Synthetic Stimulants / MDMA / Meth,3,State Checkpost Telemetry,2026-08-03 20:18:37,Observation reported near Madurai South Industrial Bypass sector in Madurai.,VERIFIED,0
CMP-2026-00713,8,Tiruppur,36,108,Tiruppur North Industrial Bypass,5,Opioid Analogues / Brown Sugar / Heroin,5,Health & Rehab Aggregate Registry,2025-01-28 08:06:52,Observation reported near Tiruppur North Industrial Bypass sector in Tiruppur.,CORROBORATED,0
CMP-2026-00714,5,Tiruchirappalli,23,68,Tiruchirappalli East Campus Zone,4,Chemical Precursors / Ephedrine,1,Anonymous Citizen Portal,2026-04-16 11:56:47,Observation reported near Tiruchirappalli East Campus Zone sector in Tiruchirappalli.,UNVERIFIED,0
CMP-2026-00715,29,Sivaganga,142,424,Sivaganga South Market,5,Opioid Analogues / Brown Sugar / Heroin,5,Health & Rehab Aggregate Registry,2025-05-30 11:41:01,Observation reported near Sivaganga South Market sector in Sivaganga.,NEEDS_VERIFICATION,0
CMP-2026-00716,10,Krishnagiri,48,143,Krishnagiri East Campus Zone,4,Chemical Precursors / Ephedrine,4,State Anti-Drug Helpline 10583,2026-07-12 03:23:40,Observation reported near Krishnagiri East Campus Zone sector in Krishnagiri.,VERIFIED,0
CMP-2026-00717,14,Kanniyakumari,67,199,Kanniyakumari South Market,4,Chemical Precursors / Ephedrine,5,Health & Rehab Aggregate Registry,2025-03-29 03:38:51,Observation reported near Kanniyakumari South Market sector in Kanniyakumari.,CORROBORATED,0
CMP-2026-00718,32,Theni,160,479,Theni Central Campus Zone,4,Chemical Precursors / Ephedrine,4,State Anti-Drug Helpline 10583,2025-02-27 04:44:48,Observation reported near Theni Central Campus Zone sector in Theni.,NEEDS_VERIFICATION,0
CMP-2026-00719,36,Ranipet,179,535,Ranipet West Market,5,Opioid Analogues / Brown Sugar / Heroin,5,Health & Rehab Aggregate Registry,2025-12-28 00:35:00,Observation reported near Ranipet West Market sector in Ranipet.,NEEDS_VERIFICATION,0
CMP-2026-00720,25,Karur,122,365,Karur South Campus Zone,2,Synthetic Stimulants / MDMA / Meth,2,Police FIR & Seizure Register,2026-02-05 07:56:58,Observation reported near Karur South Campus Zone sector in Karur.,CORROBORATED,1
CMP-2026-00721,4,Salem,18,53,Salem East Campus Zone,6,Unclassified / Suspicious Substance,1,Anonymous Citizen Portal,2026-07-21 08:24:21,Observation reported near Salem East Campus Zone sector in Salem.,VERIFIED,0
CMP-2026-00722,7,Erode,34,101,Erode West Campus Zone,4,Chemical Precursors / Ephedrine,5,Health & Rehab Aggregate Registry,2025-07-22 19:19:51,Observation reported near Erode West Campus Zone sector in Erode.,UNVERIFIED,0
CMP-2026-00723,19,Cuddalore,91,271,Cuddalore North Market,2,Synthetic Stimulants / MDMA / Meth,1,Anonymous Citizen Portal,2025-07-28 22:28:27,Observation reported near Cuddalore North Market sector in Cuddalore.,CORROBORATED,0
CMP-2026-00724,3,Madurai,14,41,Madurai West Campus Zone,1,Commercial Ganja / Cannabis,5,Health & Rehab Aggregate Registry,2025-08-18 16:46:03,Observation reported near Madurai West Campus Zone sector in Madurai.,CORROBORATED,0
CMP-2026-00725,3,Madurai,11,33,Madurai North Industrial Bypass,5,Opioid Analogues / Brown Sugar / Heroin,5,Health & Rehab Aggregate Registry,2025-04-16 13:19:28,Observation reported near Madurai North Industrial Bypass sector in Madurai.,VERIFIED,0
CMP-2026-00726,14,Kanniyakumari,69,206,Kanniyakumari West Campus Zone,4,Chemical Precursors / Ephedrine,3,State Checkpost Telemetry,2026-01-20 00:46:23,Observation reported near Kanniyakumari West Campus Zone sector in Kanniyakumari.,NEEDS_VERIFICATION,0
CMP-2026-00727,11,Dindigul,53,157,Dindigul East Market,2,Synthetic Stimulants / MDMA / Meth,5,Health & Rehab Aggregate Registry,2025-08-31 05:50:29,Observation reported near Dindigul East Market sector in Dindigul.,NEEDS_VERIFICATION,0
CMP-2026-00728,3,Madurai,11,32,Madurai North Campus Zone,6,Unclassified / Suspicious Substance,4,State Anti-Drug Helpline 10583,2026-07-13 06:39:00,Observation reported near Madurai North Campus Zone sector in Madurai.,UNVERIFIED,0
CMP-2026-00729,37,Tirupathur,182,544,Tirupathur South Market,4,Chemical Precursors / Ephedrine,2,Police FIR & Seizure Register,2025-02-12 03:17:43,Observation reported near Tirupathur South Market sector in Tirupathur.,NEEDS_VERIFICATION,0
CMP-2026-00730,7,Erode,35,104,Erode Central Campus Zone,4,Chemical Precursors / Ephedrine,5,Health & Rehab Aggregate Registry,2026-06-15 04:36:32,Observation reported near Erode Central Campus Zone sector in Erode.,VERIFIED,0
CMP-2026-00731,14,Kanniyakumari,67,199,Kanniyakumari South Market,4,Chemical Precursors / Ephedrine,4,State Anti-Drug Helpline 10583,2024-10-09 07:09:26,Observation reported near Kanniyakumari South Market sector in Kanniyakumari.,NEEDS_VERIFICATION,0
CMP-2026-00732,8,Tiruppur,37,109,Tiruppur South Market,3,Prescription Narcotics / Codeine / Alprazolam,1,Anonymous Citizen Portal,2026-04-03 14:44:02,Observation reported near Tiruppur South Market sector in Tiruppur.,UNVERIFIED,0
CMP-2026-00733,6,Tirunelveli,26,77,Tirunelveli North Campus Zone,6,Unclassified / Suspicious Substance,1,Anonymous Citizen Portal,2025-09-26 07:38:11,Observation reported near Tirunelveli North Campus Zone sector in Tirunelveli.,NEEDS_VERIFICATION,0
CMP-2026-00734,1,Chennai,5,14,Chennai Central Campus Zone,3,Prescription Narcotics / Codeine / Alprazolam,4,State Anti-Drug Helpline 10583,2025-08-02 16:40:28,Observation reported near Chennai Central Campus Zone sector in Chennai.,UNVERIFIED,0
CMP-2026-00735,15,Tenkasi,74,221,Tenkasi West Campus Zone,5,Opioid Analogues / Brown Sugar / Heroin,3,State Checkpost Telemetry,2026-05-23 20:42:59,Observation reported near Tenkasi West Campus Zone sector in Tenkasi.,NEEDS_VERIFICATION,0
CMP-2026-00736,26,Ariyalur,129,386,Ariyalur West Campus Zone,5,Opioid Analogues / Brown Sugar / Heroin,2,Police FIR & Seizure Register,2026-08-09 16:47:45,Observation reported near Ariyalur West Campus Zone sector in Ariyalur.,VERIFIED,0
CMP-2026-00737,11,Dindigul,54,161,Dindigul West Campus Zone,6,Unclassified / Suspicious Substance,2,Police FIR & Seizure Register,2025-12-31 08:59:30,Observation reported near Dindigul West Campus Zone sector in Dindigul.,UNVERIFIED,0
CMP-2026-00738,5,Tiruchirappalli,24,70,Tiruchirappalli West Market,6,Unclassified / Suspicious Substance,2,Police FIR & Seizure Register,2025-03-21 13:30:04,Observation reported near Tiruchirappalli West Market sector in Tiruchirappalli.,UNVERIFIED,0
CMP-2026-00739,10,Krishnagiri,49,145,Krishnagiri West Market,3,Prescription Narcotics / Codeine / Alprazolam,4,State Anti-Drug Helpline 10583,2025-11-04 02:28:12,Observation reported near Krishnagiri West Market sector in Krishnagiri.,UNVERIFIED,0
CMP-2026-00740,17,Chengalpattu,84,252,Chengalpattu West Industrial Bypass,6,Unclassified / Suspicious Substance,5,Health & Rehab Aggregate Registry,2025-03-11 02:41:05,Observation reported near Chengalpattu West Industrial Bypass sector in Chengalpattu.,UNVERIFIED,0
CMP-2026-00741,26,Ariyalur,128,384,Ariyalur East Industrial Bypass,4,Chemical Precursors / Ephedrine,4,State Anti-Drug Helpline 10583,2025-07-08 19:00:39,Observation reported near Ariyalur East Industrial Bypass sector in Ariyalur.,CORROBORATED,0
CMP-2026-00742,7,Erode,32,95,Erode South Campus Zone,4,Chemical Precursors / Ephedrine,5,Health & Rehab Aggregate Registry,2026-04-26 23:04:40,Observation reported near Erode South Campus Zone sector in Erode.,NEEDS_VERIFICATION,0
CMP-2026-00743,35,Mayiladuthurai,175,525,Mayiladuthurai Central Industrial Bypass,3,Prescription Narcotics / Codeine / Alprazolam,3,State Checkpost Telemetry,2026-06-15 19:12:42,Observation reported near Mayiladuthurai Central Industrial Bypass sector in Mayiladuthurai.,UNVERIFIED,0
CMP-2026-00744,37,Tirupathur,184,551,Tirupathur West Campus Zone,5,Opioid Analogues / Brown Sugar / Heroin,1,Anonymous Citizen Portal,2024-11-03 15:10:35,Observation reported near Tirupathur West Campus Zone sector in Tirupathur.,CORROBORATED,0
CMP-2026-00745,37,Tirupathur,181,543,Tirupathur North Industrial Bypass,2,Synthetic Stimulants / MDMA / Meth,4,State Anti-Drug Helpline 10583,2026-02-22 14:09:06,Observation reported near Tirupathur North Industrial Bypass sector in Tirupathur.,CORROBORATED,0
CMP-2026-00746,23,Namakkal,115,345,Namakkal Central Industrial Bypass,3,Prescription Narcotics / Codeine / Alprazolam,2,Police FIR & Seizure Register,2025-04-10 15:11:35,Observation reported near Namakkal Central Industrial Bypass sector in Namakkal.,VERIFIED,0
CMP-2026-00747,33,Thiruvarur,164,491,Thiruvarur West Campus Zone,4,Chemical Precursors / Ephedrine,5,Health & Rehab Aggregate Registry,2025-05-28 13:20:56,Observation reported near Thiruvarur West Campus Zone sector in Thiruvarur.,VERIFIED,0
CMP-2026-00748,8,Tiruppur,36,107,Tiruppur North Campus Zone,4,Chemical Precursors / Ephedrine,4,State Anti-Drug Helpline 10583,2026-05-07 18:01:08,Observation reported near Tiruppur North Campus Zone sector in Tiruppur.,UNVERIFIED,0
CMP-2026-00749,4,Salem,17,51,Salem South Industrial Bypass,4,Chemical Precursors / Ephedrine,1,Anonymous Citizen Portal,2025-02-01 21:12:05,Observation reported near Salem South Industrial Bypass sector in Salem.,NEEDS_VERIFICATION,0
CMP-2026-00750,11,Dindigul,52,154,Dindigul South Market,2,Synthetic Stimulants / MDMA / Meth,3,State Checkpost Telemetry,2025-08-07 05:37:26,Observation reported near Dindigul South Market sector in Dindigul.,CORROBORATED,0
CMP-2026-00751,35,Mayiladuthurai,175,524,Mayiladuthurai Central Campus Zone,6,Unclassified / Suspicious Substance,5,Health & Rehab Aggregate Registry,2026-03-25 18:36:34,Observation reported near Mayiladuthurai Central Campus Zone sector in Mayiladuthurai.,NEEDS_VERIFICATION,0
CMP-2026-00752,31,Virudhunagar,155,465,Virudhunagar Central Industrial Bypass,6,Unclassified / Suspicious Substance,5,Health & Rehab Aggregate Registry,2025-11-16 16:21:55,Observation reported near Virudhunagar Central Industrial Bypass sector in Virudhunagar.,NEEDS_VERIFICATION,0
CMP-2026-00753,20,Viluppuram,98,293,Viluppuram East Campus Zone,1,Commercial Ganja / Cannabis,5,Health & Rehab Aggregate Registry,2025-10-10 08:32:15,Observation reported near Viluppuram East Campus Zone sector in Viluppuram.,CORROBORATED,0
CMP-2026-00754,37,Tirupathur,183,548,Tirupathur East Campus Zone,2,Synthetic Stimulants / MDMA / Meth,1,Anonymous Citizen Portal,2025-06-15 03:53:53,Observation reported near Tirupathur East Campus Zone sector in Tirupathur.,NEEDS_VERIFICATION,0
CMP-2026-00755,21,Kallakurichi,105,314,Kallakurichi Central Campus Zone,4,Chemical Precursors / Ephedrine,5,Health & Rehab Aggregate Registry,2025-12-07 06:30:42,Observation reported near Kallakurichi Central Campus Zone sector in Kallakurichi.,UNVERIFIED,0
CMP-2026-00756,29,Sivaganga,144,431,Sivaganga West Campus Zone,6,Unclassified / Suspicious Substance,4,State Anti-Drug Helpline 10583,2025-09-08 23:32:51,Observation reported near Sivaganga West Campus Zone sector in Sivaganga.,VERIFIED,0
CMP-2026-00757,26,Ariyalur,129,386,Ariyalur West Campus Zone,4,Chemical Precursors / Ephedrine,1,Anonymous Citizen Portal,2025-09-29 10:09:45,Observation reported near Ariyalur West Campus Zone sector in Ariyalur.,NEEDS_VERIFICATION,0
CMP-2026-00758,33,Thiruvarur,162,485,Thiruvarur South Campus Zone,5,Opioid Analogues / Brown Sugar / Heroin,4,State Anti-Drug Helpline 10583,2025-07-31 00:42:58,Observation reported near Thiruvarur South Campus Zone sector in Thiruvarur.,NEEDS_VERIFICATION,0
CMP-2026-00759,36,Ranipet,176,527,Ranipet North Campus Zone,4,Chemical Precursors / Ephedrine,2,Police FIR & Seizure Register,2026-04-18 10:00:45,Observation reported near Ranipet North Campus Zone sector in Ranipet.,VERIFIED,0
CMP-2026-00760,24,Nilgiris,120,358,Nilgiris Central Market,6,Unclassified / Suspicious Substance,4,State Anti-Drug Helpline 10583,2026-05-07 20:41:02,Observation reported near Nilgiris Central Market sector in Nilgiris.,NEEDS_VERIFICATION,0
CMP-2026-00761,33,Thiruvarur,162,486,Thiruvarur South Industrial Bypass,1,Commercial Ganja / Cannabis,2,Police FIR & Seizure Register,2026-03-27 10:28:07,Observation reported near Thiruvarur South Industrial Bypass sector in Thiruvarur.,UNVERIFIED,0
CMP-2026-00762,1,Chennai,3,9,Chennai East Industrial Bypass,6,Unclassified / Suspicious Substance,2,Police FIR & Seizure Register,2026-07-25 08:55:29,Observation reported near Chennai East Industrial Bypass sector in Chennai.,UNVERIFIED,0
CMP-2026-00763,31,Virudhunagar,151,453,Virudhunagar North Industrial Bypass,6,Unclassified / Suspicious Substance,5,Health & Rehab Aggregate Registry,2025-03-02 07:45:25,Observation reported near Virudhunagar North Industrial Bypass sector in Virudhunagar.,NEEDS_VERIFICATION,0
CMP-2026-00764,16,Kancheepuram,77,229,Kancheepuram South Market,6,Unclassified / Suspicious Substance,5,Health & Rehab Aggregate Registry,2025-04-07 11:36:36,Observation reported near Kancheepuram South Market sector in Kancheepuram.,NEEDS_VERIFICATION,0
CMP-2026-00765,32,Theni,159,477,Theni West Industrial Bypass,6,Unclassified / Suspicious Substance,3,State Checkpost Telemetry,2026-01-28 23:19:28,Observation reported near Theni West Industrial Bypass sector in Theni.,CORROBORATED,0
CMP-2026-00766,34,Nagapattinam,167,499,Nagapattinam South Market,2,Synthetic Stimulants / MDMA / Meth,2,Police FIR & Seizure Register,2025-03-21 01:17:29,Observation reported near Nagapattinam South Market sector in Nagapattinam.,CORROBORATED,0
CMP-2026-00767,4,Salem,17,49,Salem South Market,1,Commercial Ganja / Cannabis,1,Anonymous Citizen Portal,2026-04-02 07:37:53,Observation reported near Salem South Market sector in Salem.,VERIFIED,0
CMP-2026-00768,33,Thiruvarur,165,494,Thiruvarur Central Campus Zone,2,Synthetic Stimulants / MDMA / Meth,3,State Checkpost Telemetry,2025-06-21 19:58:25,Observation reported near Thiruvarur Central Campus Zone sector in Thiruvarur.,VERIFIED,0
CMP-2026-00769,5,Tiruchirappalli,24,70,Tiruchirappalli West Market,6,Unclassified / Suspicious Substance,3,State Checkpost Telemetry,2026-02-02 16:13:13,Observation reported near Tiruchirappalli West Market sector in Tiruchirappalli.,VERIFIED,0
CMP-2026-00770,10,Krishnagiri,47,140,Krishnagiri South Campus Zone,2,Synthetic Stimulants / MDMA / Meth,5,Health & Rehab Aggregate Registry,2024-09-27 18:14:31,Observation reported near Krishnagiri South Campus Zone sector in Krishnagiri.,UNVERIFIED,0
CMP-2026-00771,35,Mayiladuthurai,171,513,Mayiladuthurai North Industrial Bypass,2,Synthetic Stimulants / MDMA / Meth,4,State Anti-Drug Helpline 10583,2025-11-16 10:22:53,Observation reported near Mayiladuthurai North Industrial Bypass sector in Mayiladuthurai.,CORROBORATED,0
CMP-2026-00772,4,Salem,19,57,Salem West Industrial Bypass,4,Chemical Precursors / Ephedrine,4,State Anti-Drug Helpline 10583,2025-05-17 18:17:54,Observation reported near Salem West Industrial Bypass sector in Salem.,UNVERIFIED,0
CMP-2026-00773,13,Thoothukudi,63,187,Thoothukudi East Market,4,Chemical Precursors / Ephedrine,1,Anonymous Citizen Portal,2026-03-18 00:56:56,Observation reported near Thoothukudi East Market sector in Thoothukudi.,VERIFIED,0
CMP-2026-00774,36,Ranipet,179,535,Ranipet West Market,5,Opioid Analogues / Brown Sugar / Heroin,1,Anonymous Citizen Portal,2025-02-27 04:25:01,Observation reported near Ranipet West Market sector in Ranipet.,UNVERIFIED,1
CMP-2026-00775,32,Theni,158,473,Theni East Campus Zone,6,Unclassified / Suspicious Substance,2,Police FIR & Seizure Register,2024-12-27 11:27:34,Observation reported near Theni East Campus Zone sector in Theni.,VERIFIED,0
CMP-2026-00776,28,Pudukkottai,140,419,Pudukkottai Central Campus Zone,6,Unclassified / Suspicious Substance,3,State Checkpost Telemetry,2024-10-01 23:06:54,Observation reported near Pudukkottai Central Campus Zone sector in Pudukkottai.,VERIFIED,0
CMP-2026-00777,13,Thoothukudi,61,182,Thoothukudi North Campus Zone,1,Commercial Ganja / Cannabis,5,Health & Rehab Aggregate Registry,2025-09-21 18:47:36,Observation reported near Thoothukudi North Campus Zone sector in Thoothukudi.,NEEDS_VERIFICATION,1
CMP-2026-00778,5,Tiruchirappalli,25,73,Tiruchirappalli Central Market,3,Prescription Narcotics / Codeine / Alprazolam,4,State Anti-Drug Helpline 10583,2026-02-10 17:12:13,Observation reported near Tiruchirappalli Central Market sector in Tiruchirappalli.,UNVERIFIED,0
CMP-2026-00779,19,Cuddalore,95,285,Cuddalore Central Industrial Bypass,5,Opioid Analogues / Brown Sugar / Heroin,1,Anonymous Citizen Portal,2025-03-17 21:42:04,Observation reported near Cuddalore Central Industrial Bypass sector in Cuddalore.,CORROBORATED,0
CMP-2026-00780,3,Madurai,15,43,Madurai Central Market,5,Opioid Analogues / Brown Sugar / Heroin,1,Anonymous Citizen Portal,2026-03-18 04:28:16,Observation reported near Madurai Central Market sector in Madurai.,NEEDS_VERIFICATION,1
CMP-2026-00781,16,Kancheepuram,78,233,Kancheepuram East Campus Zone,1,Commercial Ganja / Cannabis,4,State Anti-Drug Helpline 10583,2025-05-04 22:13:36,Observation reported near Kancheepuram East Campus Zone sector in Kancheepuram.,NEEDS_VERIFICATION,0
CMP-2026-00782,14,Kanniyakumari,70,209,Kanniyakumari Central Campus Zone,2,Synthetic Stimulants / MDMA / Meth,4,State Anti-Drug Helpline 10583,2025-10-08 20:48:10,Observation reported near Kanniyakumari Central Campus Zone sector in Kanniyakumari.,NEEDS_VERIFICATION,0
CMP-2026-00783,33,Thiruvarur,162,485,Thiruvarur South Campus Zone,3,Prescription Narcotics / Codeine / Alprazolam,3,State Checkpost Telemetry,2026-01-08 10:55:55,Observation reported near Thiruvarur South Campus Zone sector in Thiruvarur.,VERIFIED,0
CMP-2026-00784,27,Perambalur,135,404,Perambalur Central Campus Zone,6,Unclassified / Suspicious Substance,3,State Checkpost Telemetry,2025-08-02 08:35:16,Observation reported near Perambalur Central Campus Zone sector in Perambalur.,CORROBORATED,0
CMP-2026-00785,2,Coimbatore,6,16,Coimbatore North Market,1,Commercial Ganja / Cannabis,4,State Anti-Drug Helpline 10583,2026-03-17 02:09:14,Observation reported near Coimbatore North Market sector in Coimbatore.,UNVERIFIED,0
CMP-2026-00786,13,Thoothukudi,62,185,Thoothukudi South Campus Zone,4,Chemical Precursors / Ephedrine,1,Anonymous Citizen Portal,2026-01-29 04:13:12,Observation reported near Thoothukudi South Campus Zone sector in Thoothukudi.,UNVERIFIED,0
CMP-2026-00787,30,Ramanathapuram,147,441,Ramanathapuram South Industrial Bypass,2,Synthetic Stimulants / MDMA / Meth,2,Police FIR & Seizure Register,2025-08-21 12:17:35,Observation reported near Ramanathapuram South Industrial Bypass sector in Ramanathapuram.,UNVERIFIED,0
CMP-2026-00788,33,Thiruvarur,161,481,Thiruvarur North Market,1,Commercial Ganja / Cannabis,4,State Anti-Drug Helpline 10583,2025-02-09 16:56:39,Observation reported near Thiruvarur North Market sector in Thiruvarur.,CORROBORATED,0
CMP-2026-00789,4,Salem,16,46,Salem North Market,1,Commercial Ganja / Cannabis,1,Anonymous Citizen Portal,2024-10-20 00:48:53,Observation reported near Salem North Market sector in Salem.,UNVERIFIED,0
CMP-2026-00790,18,Tiruvallur,87,261,Tiruvallur South Industrial Bypass,4,Chemical Precursors / Ephedrine,2,Police FIR & Seizure Register,2024-10-01 03:45:51,Observation reported near Tiruvallur South Industrial Bypass sector in Tiruvallur.,CORROBORATED,0
CMP-2026-00791,9,Vellore,44,130,Vellore West Market,2,Synthetic Stimulants / MDMA / Meth,5,Health & Rehab Aggregate Registry,2025-12-30 12:10:30,Observation reported near Vellore West Market sector in Vellore.,NEEDS_VERIFICATION,0
CMP-2026-00792,10,Krishnagiri,46,136,Krishnagiri North Market,5,Opioid Analogues / Brown Sugar / Heroin,2,Police FIR & Seizure Register,2026-07-25 21:12:12,Observation reported near Krishnagiri North Market sector in Krishnagiri.,CORROBORATED,0
CMP-2026-00793,34,Nagapattinam,168,502,Nagapattinam East Market,4,Chemical Precursors / Ephedrine,5,Health & Rehab Aggregate Registry,2025-04-21 00:59:48,Observation reported near Nagapattinam East Market sector in Nagapattinam.,CORROBORATED,0
CMP-2026-00794,6,Tirunelveli,28,84,Tirunelveli East Industrial Bypass,2,Synthetic Stimulants / MDMA / Meth,1,Anonymous Citizen Portal,2026-01-20 03:30:51,Observation reported near Tirunelveli East Industrial Bypass sector in Tirunelveli.,UNVERIFIED,0
CMP-2026-00795,25,Karur,125,374,Karur Central Campus Zone,6,Unclassified / Suspicious Substance,2,Police FIR & Seizure Register,2025-08-24 14:24:06,Observation reported near Karur Central Campus Zone sector in Karur.,CORROBORATED,0
CMP-2026-00796,12,Thanjavur,57,169,Thanjavur South Market,4,Chemical Precursors / Ephedrine,5,Health & Rehab Aggregate Registry,2025-11-30 19:02:07,Observation reported near Thanjavur South Market sector in Thanjavur.,NEEDS_VERIFICATION,0
CMP-2026-00797,34,Nagapattinam,167,500,Nagapattinam South Campus Zone,1,Commercial Ganja / Cannabis,2,Police FIR & Seizure Register,2025-09-23 03:50:20,Observation reported near Nagapattinam South Campus Zone sector in Nagapattinam.,NEEDS_VERIFICATION,0
CMP-2026-00798,14,Kanniyakumari,66,198,Kanniyakumari North Industrial Bypass,3,Prescription Narcotics / Codeine / Alprazolam,2,Police FIR & Seizure Register,2025-06-16 10:54:00,Observation reported near Kanniyakumari North Industrial Bypass sector in Kanniyakumari.,NEEDS_VERIFICATION,0
CMP-2026-00799,17,Chengalpattu,82,246,Chengalpattu South Industrial Bypass,2,Synthetic Stimulants / MDMA / Meth,3,State Checkpost Telemetry,2026-07-07 23:57:32,Observation reported near Chengalpattu South Industrial Bypass sector in Chengalpattu.,NEEDS_VERIFICATION,0
CMP-2026-00800,36,Ranipet,179,537,Ranipet West Industrial Bypass,3,Prescription Narcotics / Codeine / Alprazolam,5,Health & Rehab Aggregate Registry,2025-05-30 17:34:16,Observation reported near Ranipet West Industrial Bypass sector in Ranipet.,UNVERIFIED,0
CMP-2026-00801,13,Thoothukudi,65,194,Thoothukudi Central Campus Zone,3,Prescription Narcotics / Codeine / Alprazolam,2,Police FIR & Seizure Register,2024-11-21 07:15:41,Observation reported near Thoothukudi Central Campus Zone sector in Thoothukudi.,UNVERIFIED,0
CMP-2026-00802,32,Theni,156,467,Theni North Campus Zone,2,Synthetic Stimulants / MDMA / Meth,5,Health & Rehab Aggregate Registry,2025-05-14 16:38:43,Observation reported near Theni North Campus Zone sector in Theni.,UNVERIFIED,0
CMP-2026-00803,34,Nagapattinam,170,510,Nagapattinam Central Industrial Bypass,2,Synthetic Stimulants / MDMA / Meth,5,Health & Rehab Aggregate Registry,2025-10-24 00:31:37,Observation reported near Nagapattinam Central Industrial Bypass sector in Nagapattinam.,NEEDS_VERIFICATION,0
CMP-2026-00804,35,Mayiladuthurai,172,516,Mayiladuthurai South Industrial Bypass,3,Prescription Narcotics / Codeine / Alprazolam,5,Health & Rehab Aggregate Registry,2025-10-16 14:45:12,Observation reported near Mayiladuthurai South Industrial Bypass sector in Mayiladuthurai.,CORROBORATED,0
CMP-2026-00805,38,Tiruvannamalai,187,561,Tiruvannamalai South Industrial Bypass,6,Unclassified / Suspicious Substance,3,State Checkpost Telemetry,2026-04-28 00:06:43,Observation reported near Tiruvannamalai South Industrial Bypass sector in Tiruvannamalai.,CORROBORATED,0
CMP-2026-00806,15,Tenkasi,75,225,Tenkasi Central Industrial Bypass,1,Commercial Ganja / Cannabis,4,State Anti-Drug Helpline 10583,2025-02-19 16:48:00,Observation reported near Tenkasi Central Industrial Bypass sector in Tenkasi.,CORROBORATED,0
CMP-2026-00807,20,Viluppuram,97,289,Viluppuram South Market,4,Chemical Precursors / Ephedrine,2,Police FIR & Seizure Register,2025-03-20 17:11:22,Observation reported near Viluppuram South Market sector in Viluppuram.,NEEDS_VERIFICATION,0
CMP-2026-00808,5,Tiruchirappalli,21,63,Tiruchirappalli North Industrial Bypass,3,Prescription Narcotics / Codeine / Alprazolam,2,Police FIR & Seizure Register,2025-09-21 16:25:59,Observation reported near Tiruchirappalli North Industrial Bypass sector in Tiruchirappalli.,CORROBORATED,0
CMP-2026-00809,11,Dindigul,51,152,Dindigul North Campus Zone,6,Unclassified / Suspicious Substance,1,Anonymous Citizen Portal,2025-05-06 20:41:59,Observation reported near Dindigul North Campus Zone sector in Dindigul.,CORROBORATED,0
CMP-2026-00810,18,Tiruvallur,87,259,Tiruvallur South Market,4,Chemical Precursors / Ephedrine,4,State Anti-Drug Helpline 10583,2026-06-16 12:47:23,Observation reported near Tiruvallur South Market sector in Tiruvallur.,UNVERIFIED,0
CMP-2026-00811,35,Mayiladuthurai,173,519,Mayiladuthurai East Industrial Bypass,6,Unclassified / Suspicious Substance,5,Health & Rehab Aggregate Registry,2025-08-31 09:42:27,Observation reported near Mayiladuthurai East Industrial Bypass sector in Mayiladuthurai.,NEEDS_VERIFICATION,0
CMP-2026-00812,16,Kancheepuram,78,233,Kancheepuram East Campus Zone,6,Unclassified / Suspicious Substance,1,Anonymous Citizen Portal,2026-03-12 05:32:52,Observation reported near Kancheepuram East Campus Zone sector in Kancheepuram.,UNVERIFIED,1
CMP-2026-00813,28,Pudukkottai,138,413,Pudukkottai East Campus Zone,2,Synthetic Stimulants / MDMA / Meth,2,Police FIR & Seizure Register,2025-01-09 17:19:06,Observation reported near Pudukkottai East Campus Zone sector in Pudukkottai.,UNVERIFIED,0
CMP-2026-00814,13,Thoothukudi,64,190,Thoothukudi West Market,4,Chemical Precursors / Ephedrine,3,State Checkpost Telemetry,2026-06-28 23:36:53,Observation reported near Thoothukudi West Market sector in Thoothukudi.,VERIFIED,0
CMP-2026-00815,15,Tenkasi,74,220,Tenkasi West Market,2,Synthetic Stimulants / MDMA / Meth,2,Police FIR & Seizure Register,2026-07-05 19:30:39,Observation reported near Tenkasi West Market sector in Tenkasi.,CORROBORATED,0
CMP-2026-00816,28,Pudukkottai,140,419,Pudukkottai Central Campus Zone,3,Prescription Narcotics / Codeine / Alprazolam,3,State Checkpost Telemetry,2025-08-22 08:51:32,Observation reported near Pudukkottai Central Campus Zone sector in Pudukkottai.,VERIFIED,0
CMP-2026-00817,35,Mayiladuthurai,172,514,Mayiladuthurai South Market,5,Opioid Analogues / Brown Sugar / Heroin,5,Health & Rehab Aggregate Registry,2025-01-04 02:52:28,Observation reported near Mayiladuthurai South Market sector in Mayiladuthurai.,VERIFIED,0
CMP-2026-00818,35,Mayiladuthurai,171,511,Mayiladuthurai North Market,2,Synthetic Stimulants / MDMA / Meth,3,State Checkpost Telemetry,2026-05-21 07:50:16,Observation reported near Mayiladuthurai North Market sector in Mayiladuthurai.,NEEDS_VERIFICATION,0
CMP-2026-00819,9,Vellore,43,129,Vellore East Industrial Bypass,1,Commercial Ganja / Cannabis,2,Police FIR & Seizure Register,2026-03-19 11:53:57,Observation reported near Vellore East Industrial Bypass sector in Vellore.,UNVERIFIED,0
CMP-2026-00820,7,Erode,33,99,Erode East Industrial Bypass,6,Unclassified / Suspicious Substance,5,Health & Rehab Aggregate Registry,2026-05-30 13:56:48,Observation reported near Erode East Industrial Bypass sector in Erode.,CORROBORATED,0
CMP-2026-00821,36,Ranipet,178,534,Ranipet East Industrial Bypass,5,Opioid Analogues / Brown Sugar / Heroin,2,Police FIR & Seizure Register,2026-05-24 17:32:14,Observation reported near Ranipet East Industrial Bypass sector in Ranipet.,NEEDS_VERIFICATION,0
CMP-2026-00822,11,Dindigul,53,157,Dindigul East Market,5,Opioid Analogues / Brown Sugar / Heroin,5,Health & Rehab Aggregate Registry,2025-11-03 03:27:41,Observation reported near Dindigul East Market sector in Dindigul.,CORROBORATED,0
CMP-2026-00823,17,Chengalpattu,83,248,Chengalpattu East Campus Zone,4,Chemical Precursors / Ephedrine,3,State Checkpost Telemetry,2024-10-25 20:53:22,Observation reported near Chengalpattu East Campus Zone sector in Chengalpattu.,NEEDS_VERIFICATION,0
CMP-2026-00824,7,Erode,31,91,Erode North Market,3,Prescription Narcotics / Codeine / Alprazolam,4,State Anti-Drug Helpline 10583,2025-03-19 18:56:17,Observation reported near Erode North Market sector in Erode.,NEEDS_VERIFICATION,0
CMP-2026-00825,3,Madurai,12,34,Madurai South Market,6,Unclassified / Suspicious Substance,5,Health & Rehab Aggregate Registry,2026-07-04 22:45:48,Observation reported near Madurai South Market sector in Madurai.,CORROBORATED,0
CMP-2026-00826,27,Perambalur,132,395,Perambalur South Campus Zone,4,Chemical Precursors / Ephedrine,5,Health & Rehab Aggregate Registry,2026-06-26 01:30:01,Observation reported near Perambalur South Campus Zone sector in Perambalur.,VERIFIED,0
CMP-2026-00827,17,Chengalpattu,85,255,Chengalpattu Central Industrial Bypass,2,Synthetic Stimulants / MDMA / Meth,5,Health & Rehab Aggregate Registry,2026-05-22 14:03:39,Observation reported near Chengalpattu Central Industrial Bypass sector in Chengalpattu.,UNVERIFIED,0
CMP-2026-00828,29,Sivaganga,143,429,Sivaganga East Industrial Bypass,5,Opioid Analogues / Brown Sugar / Heroin,3,State Checkpost Telemetry,2025-03-16 07:30:58,Observation reported near Sivaganga East Industrial Bypass sector in Sivaganga.,CORROBORATED,0
CMP-2026-00829,36,Ranipet,177,530,Ranipet South Campus Zone,1,Commercial Ganja / Cannabis,5,Health & Rehab Aggregate Registry,2026-04-04 20:45:27,Observation reported near Ranipet South Campus Zone sector in Ranipet.,UNVERIFIED,0
CMP-2026-00830,28,Pudukkottai,140,419,Pudukkottai Central Campus Zone,2,Synthetic Stimulants / MDMA / Meth,3,State Checkpost Telemetry,2025-09-13 18:54:50,Observation reported near Pudukkottai Central Campus Zone sector in Pudukkottai.,UNVERIFIED,0
CMP-2026-00831,34,Nagapattinam,169,506,Nagapattinam West Campus Zone,2,Synthetic Stimulants / MDMA / Meth,1,Anonymous Citizen Portal,2026-07-24 08:40:01,Observation reported near Nagapattinam West Campus Zone sector in Nagapattinam.,UNVERIFIED,0
CMP-2026-00832,22,Dharmapuri,106,318,Dharmapuri North Industrial Bypass,4,Chemical Precursors / Ephedrine,3,State Checkpost Telemetry,2024-10-06 03:52:57,Observation reported near Dharmapuri North Industrial Bypass sector in Dharmapuri.,UNVERIFIED,0
CMP-2026-00833,22,Dharmapuri,110,328,Dharmapuri Central Market,4,Chemical Precursors / Ephedrine,3,State Checkpost Telemetry,2026-06-15 08:15:48,Observation reported near Dharmapuri Central Market sector in Dharmapuri.,UNVERIFIED,0
CMP-2026-00834,25,Karur,123,367,Karur East Market,4,Chemical Precursors / Ephedrine,3,State Checkpost Telemetry,2024-11-16 21:22:36,Observation reported near Karur East Market sector in Karur.,CORROBORATED,0
CMP-2026-00835,21,Kallakurichi,102,306,Kallakurichi South Industrial Bypass,1,Commercial Ganja / Cannabis,1,Anonymous Citizen Portal,2025-03-02 15:53:35,Observation reported near Kallakurichi South Industrial Bypass sector in Kallakurichi.,VERIFIED,0
CMP-2026-00836,8,Tiruppur,39,117,Tiruppur West Industrial Bypass,6,Unclassified / Suspicious Substance,4,State Anti-Drug Helpline 10583,2025-12-16 16:28:06,Observation reported near Tiruppur West Industrial Bypass sector in Tiruppur.,CORROBORATED,0
CMP-2026-00837,21,Kallakurichi,103,309,Kallakurichi East Industrial Bypass,2,Synthetic Stimulants / MDMA / Meth,4,State Anti-Drug Helpline 10583,2026-02-20 18:56:42,Observation reported near Kallakurichi East Industrial Bypass sector in Kallakurichi.,CORROBORATED,0
CMP-2026-00838,19,Cuddalore,91,271,Cuddalore North Market,5,Opioid Analogues / Brown Sugar / Heroin,4,State Anti-Drug Helpline 10583,2026-06-15 03:03:32,Observation reported near Cuddalore North Market sector in Cuddalore.,NEEDS_VERIFICATION,0
CMP-2026-00839,4,Salem,20,59,Salem Central Campus Zone,2,Synthetic Stimulants / MDMA / Meth,3,State Checkpost Telemetry,2025-07-15 23:34:00,Observation reported near Salem Central Campus Zone sector in Salem.,UNVERIFIED,0
CMP-2026-00840,36,Ranipet,178,532,Ranipet East Market,2,Synthetic Stimulants / MDMA / Meth,2,Police FIR & Seizure Register,2025-01-16 11:39:18,Observation reported near Ranipet East Market sector in Ranipet.,CORROBORATED,0
CMP-2026-00841,36,Ranipet,178,533,Ranipet East Campus Zone,3,Prescription Narcotics / Codeine / Alprazolam,1,Anonymous Citizen Portal,2025-11-29 08:37:16,Observation reported near Ranipet East Campus Zone sector in Ranipet.,UNVERIFIED,0
CMP-2026-00842,14,Kanniyakumari,66,197,Kanniyakumari North Campus Zone,1,Commercial Ganja / Cannabis,3,State Checkpost Telemetry,2026-03-31 11:40:51,Observation reported near Kanniyakumari North Campus Zone sector in Kanniyakumari.,CORROBORATED,1
CMP-2026-00843,37,Tirupathur,181,543,Tirupathur North Industrial Bypass,1,Commercial Ganja / Cannabis,4,State Anti-Drug Helpline 10583,2025-03-31 14:05:32,Observation reported near Tirupathur North Industrial Bypass sector in Tirupathur.,NEEDS_VERIFICATION,0
CMP-2026-00844,5,Tiruchirappalli,25,75,Tiruchirappalli Central Industrial Bypass,2,Synthetic Stimulants / MDMA / Meth,1,Anonymous Citizen Portal,2025-01-12 18:55:55,Observation reported near Tiruchirappalli Central Industrial Bypass sector in Tiruchirappalli.,NEEDS_VERIFICATION,0
CMP-2026-00845,26,Ariyalur,128,384,Ariyalur East Industrial Bypass,6,Unclassified / Suspicious Substance,3,State Checkpost Telemetry,2026-01-14 05:40:31,Observation reported near Ariyalur East Industrial Bypass sector in Ariyalur.,UNVERIFIED,0
CMP-2026-00846,13,Thoothukudi,64,191,Thoothukudi West Campus Zone,6,Unclassified / Suspicious Substance,3,State Checkpost Telemetry,2025-03-26 05:05:40,Observation reported near Thoothukudi West Campus Zone sector in Thoothukudi.,VERIFIED,0
CMP-2026-00847,30,Ramanathapuram,147,439,Ramanathapuram South Market,1,Commercial Ganja / Cannabis,5,Health & Rehab Aggregate Registry,2025-10-16 20:20:01,Observation reported near Ramanathapuram South Market sector in Ramanathapuram.,NEEDS_VERIFICATION,0
CMP-2026-00848,22,Dharmapuri,110,329,Dharmapuri Central Campus Zone,2,Synthetic Stimulants / MDMA / Meth,5,Health & Rehab Aggregate Registry,2026-03-09 23:31:45,Observation reported near Dharmapuri Central Campus Zone sector in Dharmapuri.,CORROBORATED,1
CMP-2026-00849,36,Ranipet,177,530,Ranipet South Campus Zone,6,Unclassified / Suspicious Substance,3,State Checkpost Telemetry,2026-06-28 03:31:33,Observation reported near Ranipet South Campus Zone sector in Ranipet.,UNVERIFIED,0
CMP-2026-00850,28,Pudukkottai,136,407,Pudukkottai North Campus Zone,2,Synthetic Stimulants / MDMA / Meth,5,Health & Rehab Aggregate Registry,2026-07-09 21:27:37,Observation reported near Pudukkottai North Campus Zone sector in Pudukkottai.,UNVERIFIED,0
CMP-2026-00851,15,Tenkasi,71,212,Tenkasi North Campus Zone,3,Prescription Narcotics / Codeine / Alprazolam,1,Anonymous Citizen Portal,2024-09-20 07:22:18,Observation reported near Tenkasi North Campus Zone sector in Tenkasi.,UNVERIFIED,0
CMP-2026-00852,32,Theni,157,471,Theni South Industrial Bypass,4,Chemical Precursors / Ephedrine,4,State Anti-Drug Helpline 10583,2026-04-07 17:42:21,Observation reported near Theni South Industrial Bypass sector in Theni.,VERIFIED,0
CMP-2026-00853,3,Madurai,15,44,Madurai Central Campus Zone,2,Synthetic Stimulants / MDMA / Meth,1,Anonymous Citizen Portal,2025-12-06 16:10:03,Observation reported near Madurai Central Campus Zone sector in Madurai.,NEEDS_VERIFICATION,0
CMP-2026-00854,35,Mayiladuthurai,173,518,Mayiladuthurai East Campus Zone,6,Unclassified / Suspicious Substance,3,State Checkpost Telemetry,2025-05-23 12:37:06,Observation reported near Mayiladuthurai East Campus Zone sector in Mayiladuthurai.,CORROBORATED,0
CMP-2026-00855,33,Thiruvarur,161,483,Thiruvarur North Industrial Bypass,4,Chemical Precursors / Ephedrine,4,State Anti-Drug Helpline 10583,2025-05-01 05:11:58,Observation reported near Thiruvarur North Industrial Bypass sector in Thiruvarur.,UNVERIFIED,0
CMP-2026-00856,8,Tiruppur,38,112,Tiruppur East Market,6,Unclassified / Suspicious Substance,1,Anonymous Citizen Portal,2025-07-12 11:09:20,Observation reported near Tiruppur East Market sector in Tiruppur.,NEEDS_VERIFICATION,1
CMP-2026-00857,13,Thoothukudi,64,191,Thoothukudi West Campus Zone,5,Opioid Analogues / Brown Sugar / Heroin,3,State Checkpost Telemetry,2025-11-02 08:21:49,Observation reported near Thoothukudi West Campus Zone sector in Thoothukudi.,CORROBORATED,0
CMP-2026-00858,33,Thiruvarur,165,493,Thiruvarur Central Market,2,Synthetic Stimulants / MDMA / Meth,2,Police FIR & Seizure Register,2026-07-21 14:34:28,Observation reported near Thiruvarur Central Market sector in Thiruvarur.,NEEDS_VERIFICATION,0
CMP-2026-00859,3,Madurai,11,32,Madurai North Campus Zone,1,Commercial Ganja / Cannabis,3,State Checkpost Telemetry,2025-12-31 00:32:22,Observation reported near Madurai North Campus Zone sector in Madurai.,CORROBORATED,0
CMP-2026-00860,3,Madurai,14,40,Madurai West Market,6,Unclassified / Suspicious Substance,1,Anonymous Citizen Portal,2025-08-24 06:44:22,Observation reported near Madurai West Market sector in Madurai.,UNVERIFIED,0
CMP-2026-00861,15,Tenkasi,71,211,Tenkasi North Market,2,Synthetic Stimulants / MDMA / Meth,4,State Anti-Drug Helpline 10583,2026-03-19 13:19:48,Observation reported near Tenkasi North Market sector in Tenkasi.,CORROBORATED,0
CMP-2026-00862,35,Mayiladuthurai,175,524,Mayiladuthurai Central Campus Zone,6,Unclassified / Suspicious Substance,2,Police FIR & Seizure Register,2025-07-15 02:08:13,Observation reported near Mayiladuthurai Central Campus Zone sector in Mayiladuthurai.,VERIFIED,1
CMP-2026-00863,26,Ariyalur,128,382,Ariyalur East Market,5,Opioid Analogues / Brown Sugar / Heroin,4,State Anti-Drug Helpline 10583,2025-09-22 16:43:32,Observation reported near Ariyalur East Market sector in Ariyalur.,NEEDS_VERIFICATION,0
CMP-2026-00864,18,Tiruvallur,86,258,Tiruvallur North Industrial Bypass,4,Chemical Precursors / Ephedrine,2,Police FIR & Seizure Register,2026-04-09 13:28:00,Observation reported near Tiruvallur North Industrial Bypass sector in Tiruvallur.,VERIFIED,0
CMP-2026-00865,17,Chengalpattu,81,242,Chengalpattu North Campus Zone,1,Commercial Ganja / Cannabis,2,Police FIR & Seizure Register,2025-02-15 06:05:17,Observation reported near Chengalpattu North Campus Zone sector in Chengalpattu.,NEEDS_VERIFICATION,0
CMP-2026-00866,30,Ramanathapuram,149,447,Ramanathapuram West Industrial Bypass,5,Opioid Analogues / Brown Sugar / Heroin,1,Anonymous Citizen Portal,2025-10-07 09:44:37,Observation reported near Ramanathapuram West Industrial Bypass sector in Ramanathapuram.,NEEDS_VERIFICATION,0
CMP-2026-00867,28,Pudukkottai,140,420,Pudukkottai Central Industrial Bypass,1,Commercial Ganja / Cannabis,3,State Checkpost Telemetry,2025-04-21 12:46:27,Observation reported near Pudukkottai Central Industrial Bypass sector in Pudukkottai.,CORROBORATED,0
CMP-2026-00868,13,Thoothukudi,65,195,Thoothukudi Central Industrial Bypass,2,Synthetic Stimulants / MDMA / Meth,1,Anonymous Citizen Portal,2025-05-06 02:31:05,Observation reported near Thoothukudi Central Industrial Bypass sector in Thoothukudi.,VERIFIED,0
CMP-2026-00869,26,Ariyalur,126,378,Ariyalur North Industrial Bypass,4,Chemical Precursors / Ephedrine,3,State Checkpost Telemetry,2026-01-09 02:13:45,Observation reported near Ariyalur North Industrial Bypass sector in Ariyalur.,VERIFIED,0
CMP-2026-00870,27,Perambalur,133,399,Perambalur East Industrial Bypass,3,Prescription Narcotics / Codeine / Alprazolam,3,State Checkpost Telemetry,2026-02-11 19:20:48,Observation reported near Perambalur East Industrial Bypass sector in Perambalur.,VERIFIED,0
CMP-2026-00871,37,Tirupathur,183,549,Tirupathur East Industrial Bypass,1,Commercial Ganja / Cannabis,4,State Anti-Drug Helpline 10583,2024-11-11 13:17:02,Observation reported near Tirupathur East Industrial Bypass sector in Tirupathur.,VERIFIED,0
CMP-2026-00872,16,Kancheepuram,79,235,Kancheepuram West Market,5,Opioid Analogues / Brown Sugar / Heroin,5,Health & Rehab Aggregate Registry,2025-04-24 08:57:41,Observation reported near Kancheepuram West Market sector in Kancheepuram.,VERIFIED,0
CMP-2026-00873,33,Thiruvarur,161,482,Thiruvarur North Campus Zone,5,Opioid Analogues / Brown Sugar / Heroin,5,Health & Rehab Aggregate Registry,2025-02-12 03:12:36,Observation reported near Thiruvarur North Campus Zone sector in Thiruvarur.,VERIFIED,0
CMP-2026-00874,16,Kancheepuram,77,230,Kancheepuram South Campus Zone,2,Synthetic Stimulants / MDMA / Meth,2,Police FIR & Seizure Register,2026-02-10 22:35:11,Observation reported near Kancheepuram South Campus Zone sector in Kancheepuram.,CORROBORATED,0
CMP-2026-00875,15,Tenkasi,75,223,Tenkasi Central Market,3,Prescription Narcotics / Codeine / Alprazolam,3,State Checkpost Telemetry,2026-04-17 04:54:32,Observation reported near Tenkasi Central Market sector in Tenkasi.,VERIFIED,0
CMP-2026-00876,11,Dindigul,53,159,Dindigul East Industrial Bypass,5,Opioid Analogues / Brown Sugar / Heroin,5,Health & Rehab Aggregate Registry,2025-12-04 04:10:44,Observation reported near Dindigul East Industrial Bypass sector in Dindigul.,NEEDS_VERIFICATION,0
CMP-2026-00877,18,Tiruvallur,87,260,Tiruvallur South Campus Zone,2,Synthetic Stimulants / MDMA / Meth,4,State Anti-Drug Helpline 10583,2025-06-05 03:34:59,Observation reported near Tiruvallur South Campus Zone sector in Tiruvallur.,VERIFIED,0
CMP-2026-00878,15,Tenkasi,71,213,Tenkasi North Industrial Bypass,3,Prescription Narcotics / Codeine / Alprazolam,3,State Checkpost Telemetry,2026-05-03 20:27:18,Observation reported near Tenkasi North Industrial Bypass sector in Tenkasi.,NEEDS_VERIFICATION,0
CMP-2026-00879,18,Tiruvallur,89,267,Tiruvallur West Industrial Bypass,6,Unclassified / Suspicious Substance,5,Health & Rehab Aggregate Registry,2024-10-20 00:23:25,Observation reported near Tiruvallur West Industrial Bypass sector in Tiruvallur.,VERIFIED,1
CMP-2026-00880,34,Nagapattinam,166,497,Nagapattinam North Campus Zone,1,Commercial Ganja / Cannabis,4,State Anti-Drug Helpline 10583,2025-11-28 18:06:27,Observation reported near Nagapattinam North Campus Zone sector in Nagapattinam.,NEEDS_VERIFICATION,0
CMP-2026-00881,6,Tirunelveli,28,83,Tirunelveli East Campus Zone,3,Prescription Narcotics / Codeine / Alprazolam,4,State Anti-Drug Helpline 10583,2026-02-18 20:52:56,Observation reported near Tirunelveli East Campus Zone sector in Tirunelveli.,CORROBORATED,0
CMP-2026-00882,28,Pudukkottai,137,411,Pudukkottai South Industrial Bypass,6,Unclassified / Suspicious Substance,2,Police FIR & Seizure Register,2026-05-07 09:25:45,Observation reported near Pudukkottai South Industrial Bypass sector in Pudukkottai.,VERIFIED,0
CMP-2026-00883,20,Viluppuram,99,295,Viluppuram West Market,2,Synthetic Stimulants / MDMA / Meth,2,Police FIR & Seizure Register,2024-11-10 21:25:10,Observation reported near Viluppuram West Market sector in Viluppuram.,VERIFIED,0
CMP-2026-00884,28,Pudukkottai,136,408,Pudukkottai North Industrial Bypass,5,Opioid Analogues / Brown Sugar / Heroin,1,Anonymous Citizen Portal,2024-11-30 03:17:12,Observation reported near Pudukkottai North Industrial Bypass sector in Pudukkottai.,CORROBORATED,0
CMP-2026-00885,34,Nagapattinam,167,499,Nagapattinam South Market,4,Chemical Precursors / Ephedrine,1,Anonymous Citizen Portal,2025-10-05 18:54:49,Observation reported near Nagapattinam South Market sector in Nagapattinam.,VERIFIED,0
CMP-2026-00886,5,Tiruchirappalli,23,69,Tiruchirappalli East Industrial Bypass,2,Synthetic Stimulants / MDMA / Meth,1,Anonymous Citizen Portal,2025-01-14 15:01:20,Observation reported near Tiruchirappalli East Industrial Bypass sector in Tiruchirappalli.,CORROBORATED,0
CMP-2026-00887,21,Kallakurichi,102,304,Kallakurichi South Market,2,Synthetic Stimulants / MDMA / Meth,2,Police FIR & Seizure Register,2025-01-29 17:16:38,Observation reported near Kallakurichi South Market sector in Kallakurichi.,UNVERIFIED,0
CMP-2026-00888,7,Erode,35,105,Erode Central Industrial Bypass,3,Prescription Narcotics / Codeine / Alprazolam,3,State Checkpost Telemetry,2025-02-04 07:44:31,Observation reported near Erode Central Industrial Bypass sector in Erode.,VERIFIED,0
CMP-2026-00889,2,Coimbatore,10,28,Coimbatore Central Market,6,Unclassified / Suspicious Substance,5,Health & Rehab Aggregate Registry,2025-05-05 11:07:47,Observation reported near Coimbatore Central Market sector in Coimbatore.,CORROBORATED,0
CMP-2026-00890,8,Tiruppur,37,110,Tiruppur South Campus Zone,3,Prescription Narcotics / Codeine / Alprazolam,3,State Checkpost Telemetry,2025-11-10 02:43:17,Observation reported near Tiruppur South Campus Zone sector in Tiruppur.,CORROBORATED,0
CMP-2026-00891,20,Viluppuram,99,295,Viluppuram West Market,6,Unclassified / Suspicious Substance,3,State Checkpost Telemetry,2025-07-29 20:29:28,Observation reported near Viluppuram West Market sector in Viluppuram.,CORROBORATED,0
CMP-2026-00892,36,Ranipet,176,527,Ranipet North Campus Zone,2,Synthetic Stimulants / MDMA / Meth,5,Health & Rehab Aggregate Registry,2024-12-07 06:08:30,Observation reported near Ranipet North Campus Zone sector in Ranipet.,UNVERIFIED,0
CMP-2026-00893,26,Ariyalur,130,390,Ariyalur Central Industrial Bypass,2,Synthetic Stimulants / MDMA / Meth,5,Health & Rehab Aggregate Registry,2026-03-23 15:02:49,Observation reported near Ariyalur Central Industrial Bypass sector in Ariyalur.,UNVERIFIED,0
CMP-2026-00894,24,Nilgiris,119,356,Nilgiris West Campus Zone,3,Prescription Narcotics / Codeine / Alprazolam,2,Police FIR & Seizure Register,2026-07-08 21:30:13,Observation reported near Nilgiris West Campus Zone sector in Nilgiris.,UNVERIFIED,0
CMP-2026-00895,9,Vellore,44,131,Vellore West Campus Zone,1,Commercial Ganja / Cannabis,5,Health & Rehab Aggregate Registry,2026-04-09 07:47:18,Observation reported near Vellore West Campus Zone sector in Vellore.,CORROBORATED,0
CMP-2026-00896,20,Viluppuram,99,297,Viluppuram West Industrial Bypass,4,Chemical Precursors / Ephedrine,2,Police FIR & Seizure Register,2026-03-25 08:07:21,Observation reported near Viluppuram West Industrial Bypass sector in Viluppuram.,CORROBORATED,0
CMP-2026-00897,12,Thanjavur,59,177,Thanjavur West Industrial Bypass,1,Commercial Ganja / Cannabis,1,Anonymous Citizen Portal,2026-04-03 06:09:06,Observation reported near Thanjavur West Industrial Bypass sector in Thanjavur.,UNVERIFIED,0
CMP-2026-00898,33,Thiruvarur,162,484,Thiruvarur South Market,4,Chemical Precursors / Ephedrine,3,State Checkpost Telemetry,2025-05-06 14:46:09,Observation reported near Thiruvarur South Market sector in Thiruvarur.,CORROBORATED,0
CMP-2026-00899,34,Nagapattinam,168,504,Nagapattinam East Industrial Bypass,5,Opioid Analogues / Brown Sugar / Heroin,5,Health & Rehab Aggregate Registry,2025-05-23 16:26:58,Observation reported near Nagapattinam East Industrial Bypass sector in Nagapattinam.,UNVERIFIED,0
CMP-2026-00900,10,Krishnagiri,48,143,Krishnagiri East Campus Zone,1,Commercial Ganja / Cannabis,2,Police FIR & Seizure Register,2026-04-17 06:07:26,Observation reported near Krishnagiri East Campus Zone sector in Krishnagiri.,CORROBORATED,0
CMP-2026-00901,4,Salem,20,60,Salem Central Industrial Bypass,5,Opioid Analogues / Brown Sugar / Heroin,2,Police FIR & Seizure Register,2024-12-06 04:16:31,Observation reported near Salem Central Industrial Bypass sector in Salem.,NEEDS_VERIFICATION,0
CMP-2026-00902,3,Madurai,13,38,Madurai East Campus Zone,4,Chemical Precursors / Ephedrine,1,Anonymous Citizen Portal,2025-02-27 20:42:43,Observation reported near Madurai East Campus Zone sector in Madurai.,NEEDS_VERIFICATION,0
CMP-2026-00903,20,Viluppuram,98,292,Viluppuram East Market,4,Chemical Precursors / Ephedrine,4,State Anti-Drug Helpline 10583,2025-02-15 13:15:47,Observation reported near Viluppuram East Market sector in Viluppuram.,VERIFIED,0
CMP-2026-00904,6,Tirunelveli,27,80,Tirunelveli South Campus Zone,1,Commercial Ganja / Cannabis,2,Police FIR & Seizure Register,2026-02-07 07:40:00,Observation reported near Tirunelveli South Campus Zone sector in Tirunelveli.,CORROBORATED,0
CMP-2026-00905,21,Kallakurichi,105,314,Kallakurichi Central Campus Zone,6,Unclassified / Suspicious Substance,1,Anonymous Citizen Portal,2025-03-28 21:15:26,Observation reported near Kallakurichi Central Campus Zone sector in Kallakurichi.,NEEDS_VERIFICATION,0
CMP-2026-00906,6,Tirunelveli,27,81,Tirunelveli South Industrial Bypass,1,Commercial Ganja / Cannabis,1,Anonymous Citizen Portal,2025-09-15 03:22:55,Observation reported near Tirunelveli South Industrial Bypass sector in Tirunelveli.,VERIFIED,0
CMP-2026-00907,23,Namakkal,113,339,Namakkal East Industrial Bypass,5,Opioid Analogues / Brown Sugar / Heroin,3,State Checkpost Telemetry,2025-05-03 21:21:10,Observation reported near Namakkal East Industrial Bypass sector in Namakkal.,UNVERIFIED,0
CMP-2026-00908,9,Vellore,42,126,Vellore South Industrial Bypass,1,Commercial Ganja / Cannabis,5,Health & Rehab Aggregate Registry,2025-03-11 00:47:04,Observation reported near Vellore South Industrial Bypass sector in Vellore.,CORROBORATED,0
CMP-2026-00909,18,Tiruvallur,88,264,Tiruvallur East Industrial Bypass,5,Opioid Analogues / Brown Sugar / Heroin,2,Police FIR & Seizure Register,2026-04-26 18:53:25,Observation reported near Tiruvallur East Industrial Bypass sector in Tiruvallur.,UNVERIFIED,0
CMP-2026-00910,24,Nilgiris,118,353,Nilgiris East Campus Zone,1,Commercial Ganja / Cannabis,5,Health & Rehab Aggregate Registry,2025-11-03 04:00:13,Observation reported near Nilgiris East Campus Zone sector in Nilgiris.,VERIFIED,0
CMP-2026-00911,7,Erode,32,94,Erode South Market,6,Unclassified / Suspicious Substance,3,State Checkpost Telemetry,2024-10-31 16:55:18,Observation reported near Erode South Market sector in Erode.,UNVERIFIED,1
CMP-2026-00912,27,Perambalur,132,395,Perambalur South Campus Zone,5,Opioid Analogues / Brown Sugar / Heroin,4,State Anti-Drug Helpline 10583,2025-07-13 00:56:02,Observation reported near Perambalur South Campus Zone sector in Perambalur.,CORROBORATED,0
CMP-2026-00913,35,Mayiladuthurai,175,523,Mayiladuthurai Central Market,6,Unclassified / Suspicious Substance,1,Anonymous Citizen Portal,2024-11-15 20:37:51,Observation reported near Mayiladuthurai Central Market sector in Mayiladuthurai.,NEEDS_VERIFICATION,0
CMP-2026-00914,10,Krishnagiri,48,143,Krishnagiri East Campus Zone,2,Synthetic Stimulants / MDMA / Meth,2,Police FIR & Seizure Register,2025-04-11 22:55:07,Observation reported near Krishnagiri East Campus Zone sector in Krishnagiri.,CORROBORATED,0
CMP-2026-00915,18,Tiruvallur,87,261,Tiruvallur South Industrial Bypass,2,Synthetic Stimulants / MDMA / Meth,4,State Anti-Drug Helpline 10583,2026-05-02 15:24:36,Observation reported near Tiruvallur South Industrial Bypass sector in Tiruvallur.,NEEDS_VERIFICATION,0
CMP-2026-00916,19,Cuddalore,92,274,Cuddalore South Market,6,Unclassified / Suspicious Substance,2,Police FIR & Seizure Register,2025-03-30 01:48:26,Observation reported near Cuddalore South Market sector in Cuddalore.,VERIFIED,0
CMP-2026-00917,21,Kallakurichi,105,314,Kallakurichi Central Campus Zone,1,Commercial Ganja / Cannabis,4,State Anti-Drug Helpline 10583,2025-10-08 21:57:18,Observation reported near Kallakurichi Central Campus Zone sector in Kallakurichi.,NEEDS_VERIFICATION,0
CMP-2026-00918,13,Thoothukudi,64,192,Thoothukudi West Industrial Bypass,5,Opioid Analogues / Brown Sugar / Heroin,4,State Anti-Drug Helpline 10583,2025-11-03 08:42:21,Observation reported near Thoothukudi West Industrial Bypass sector in Thoothukudi.,NEEDS_VERIFICATION,0
CMP-2026-00919,4,Salem,17,50,Salem South Campus Zone,5,Opioid Analogues / Brown Sugar / Heroin,3,State Checkpost Telemetry,2025-04-18 00:04:42,Observation reported near Salem South Campus Zone sector in Salem.,CORROBORATED,0
CMP-2026-00920,26,Ariyalur,128,384,Ariyalur East Industrial Bypass,6,Unclassified / Suspicious Substance,4,State Anti-Drug Helpline 10583,2025-09-15 18:15:36,Observation reported near Ariyalur East Industrial Bypass sector in Ariyalur.,NEEDS_VERIFICATION,0
CMP-2026-00921,31,Virudhunagar,152,456,Virudhunagar South Industrial Bypass,1,Commercial Ganja / Cannabis,3,State Checkpost Telemetry,2025-04-15 08:50:46,Observation reported near Virudhunagar South Industrial Bypass sector in Virudhunagar.,VERIFIED,0
CMP-2026-00922,18,Tiruvallur,86,256,Tiruvallur North Market,3,Prescription Narcotics / Codeine / Alprazolam,4,State Anti-Drug Helpline 10583,2024-09-24 02:09:28,Observation reported near Tiruvallur North Market sector in Tiruvallur.,NEEDS_VERIFICATION,0
CMP-2026-00923,2,Coimbatore,9,25,Coimbatore West Market,2,Synthetic Stimulants / MDMA / Meth,1,Anonymous Citizen Portal,2026-04-08 16:10:25,Observation reported near Coimbatore West Market sector in Coimbatore.,CORROBORATED,0
CMP-2026-00924,37,Tirupathur,183,548,Tirupathur East Campus Zone,1,Commercial Ganja / Cannabis,1,Anonymous Citizen Portal,2026-05-11 06:16:15,Observation reported near Tirupathur East Campus Zone sector in Tirupathur.,NEEDS_VERIFICATION,0
CMP-2026-00925,14,Kanniyakumari,66,197,Kanniyakumari North Campus Zone,2,Synthetic Stimulants / MDMA / Meth,5,Health & Rehab Aggregate Registry,2025-01-28 16:04:25,Observation reported near Kanniyakumari North Campus Zone sector in Kanniyakumari.,CORROBORATED,0
CMP-2026-00926,11,Dindigul,55,163,Dindigul Central Market,2,Synthetic Stimulants / MDMA / Meth,1,Anonymous Citizen Portal,2024-09-26 16:34:09,Observation reported near Dindigul Central Market sector in Dindigul.,UNVERIFIED,0
CMP-2026-00927,38,Tiruvannamalai,187,560,Tiruvannamalai South Campus Zone,6,Unclassified / Suspicious Substance,5,Health & Rehab Aggregate Registry,2026-03-21 11:36:01,Observation reported near Tiruvannamalai South Campus Zone sector in Tiruvannamalai.,NEEDS_VERIFICATION,0
CMP-2026-00928,16,Kancheepuram,78,232,Kancheepuram East Market,2,Synthetic Stimulants / MDMA / Meth,3,State Checkpost Telemetry,2025-06-27 09:46:19,Observation reported near Kancheepuram East Market sector in Kancheepuram.,NEEDS_VERIFICATION,0
CMP-2026-00929,27,Perambalur,135,403,Perambalur Central Market,3,Prescription Narcotics / Codeine / Alprazolam,5,Health & Rehab Aggregate Registry,2026-03-07 05:26:50,Observation reported near Perambalur Central Market sector in Perambalur.,CORROBORATED,0
CMP-2026-00930,12,Thanjavur,56,166,Thanjavur North Market,6,Unclassified / Suspicious Substance,5,Health & Rehab Aggregate Registry,2024-11-19 14:18:17,Observation reported near Thanjavur North Market sector in Thanjavur.,VERIFIED,0
CMP-2026-00931,17,Chengalpattu,84,251,Chengalpattu West Campus Zone,1,Commercial Ganja / Cannabis,2,Police FIR & Seizure Register,2025-09-22 19:59:26,Observation reported near Chengalpattu West Campus Zone sector in Chengalpattu.,NEEDS_VERIFICATION,0
CMP-2026-00932,12,Thanjavur,59,175,Thanjavur West Market,1,Commercial Ganja / Cannabis,3,State Checkpost Telemetry,2025-01-23 09:19:36,Observation reported near Thanjavur West Market sector in Thanjavur.,VERIFIED,0
CMP-2026-00933,20,Viluppuram,100,300,Viluppuram Central Industrial Bypass,5,Opioid Analogues / Brown Sugar / Heroin,5,Health & Rehab Aggregate Registry,2026-05-10 03:28:15,Observation reported near Viluppuram Central Industrial Bypass sector in Viluppuram.,NEEDS_VERIFICATION,1
CMP-2026-00934,15,Tenkasi,73,217,Tenkasi East Market,2,Synthetic Stimulants / MDMA / Meth,2,Police FIR & Seizure Register,2024-10-10 15:35:32,Observation reported near Tenkasi East Market sector in Tenkasi.,UNVERIFIED,0
CMP-2026-00935,28,Pudukkottai,136,406,Pudukkottai North Market,3,Prescription Narcotics / Codeine / Alprazolam,2,Police FIR & Seizure Register,2025-10-02 03:39:23,Observation reported near Pudukkottai North Market sector in Pudukkottai.,VERIFIED,0
CMP-2026-00936,36,Ranipet,178,532,Ranipet East Market,1,Commercial Ganja / Cannabis,5,Health & Rehab Aggregate Registry,2025-05-25 21:59:41,Observation reported near Ranipet East Market sector in Ranipet.,NEEDS_VERIFICATION,0
CMP-2026-00937,7,Erode,33,99,Erode East Industrial Bypass,6,Unclassified / Suspicious Substance,2,Police FIR & Seizure Register,2025-12-22 00:14:08,Observation reported near Erode East Industrial Bypass sector in Erode.,UNVERIFIED,0
CMP-2026-00938,37,Tirupathur,181,542,Tirupathur North Campus Zone,2,Synthetic Stimulants / MDMA / Meth,1,Anonymous Citizen Portal,2025-01-09 10:29:40,Observation reported near Tirupathur North Campus Zone sector in Tirupathur.,UNVERIFIED,0
CMP-2026-00939,29,Sivaganga,144,430,Sivaganga West Market,2,Synthetic Stimulants / MDMA / Meth,5,Health & Rehab Aggregate Registry,2025-03-09 01:49:46,Observation reported near Sivaganga West Market sector in Sivaganga.,CORROBORATED,0
CMP-2026-00940,10,Krishnagiri,46,137,Krishnagiri North Campus Zone,4,Chemical Precursors / Ephedrine,1,Anonymous Citizen Portal,2025-05-03 02:03:18,Observation reported near Krishnagiri North Campus Zone sector in Krishnagiri.,NEEDS_VERIFICATION,0
CMP-2026-00941,12,Thanjavur,57,170,Thanjavur South Campus Zone,1,Commercial Ganja / Cannabis,3,State Checkpost Telemetry,2024-12-07 17:56:13,Observation reported near Thanjavur South Campus Zone sector in Thanjavur.,VERIFIED,0
CMP-2026-00942,11,Dindigul,52,155,Dindigul South Campus Zone,5,Opioid Analogues / Brown Sugar / Heroin,3,State Checkpost Telemetry,2024-10-18 10:41:06,Observation reported near Dindigul South Campus Zone sector in Dindigul.,CORROBORATED,0
CMP-2026-00943,31,Virudhunagar,154,460,Virudhunagar West Market,4,Chemical Precursors / Ephedrine,2,Police FIR & Seizure Register,2026-03-04 03:15:50,Observation reported near Virudhunagar West Market sector in Virudhunagar.,CORROBORATED,0
CMP-2026-00944,35,Mayiladuthurai,172,514,Mayiladuthurai South Market,2,Synthetic Stimulants / MDMA / Meth,1,Anonymous Citizen Portal,2024-11-21 10:21:11,Observation reported near Mayiladuthurai South Market sector in Mayiladuthurai.,CORROBORATED,0
CMP-2026-00945,32,Theni,160,480,Theni Central Industrial Bypass,6,Unclassified / Suspicious Substance,1,Anonymous Citizen Portal,2025-03-07 07:01:10,Observation reported near Theni Central Industrial Bypass sector in Theni.,UNVERIFIED,0
CMP-2026-00946,12,Thanjavur,60,178,Thanjavur Central Market,5,Opioid Analogues / Brown Sugar / Heroin,5,Health & Rehab Aggregate Registry,2026-02-27 04:21:06,Observation reported near Thanjavur Central Market sector in Thanjavur.,NEEDS_VERIFICATION,0
CMP-2026-00947,35,Mayiladuthurai,174,521,Mayiladuthurai West Campus Zone,5,Opioid Analogues / Brown Sugar / Heroin,4,State Anti-Drug Helpline 10583,2025-07-22 03:20:10,Observation reported near Mayiladuthurai West Campus Zone sector in Mayiladuthurai.,VERIFIED,0
CMP-2026-00948,7,Erode,31,92,Erode North Campus Zone,4,Chemical Precursors / Ephedrine,3,State Checkpost Telemetry,2026-05-25 11:16:07,Observation reported near Erode North Campus Zone sector in Erode.,NEEDS_VERIFICATION,0
CMP-2026-00949,19,Cuddalore,93,277,Cuddalore East Market,3,Prescription Narcotics / Codeine / Alprazolam,1,Anonymous Citizen Portal,2025-03-23 07:03:47,Observation reported near Cuddalore East Market sector in Cuddalore.,CORROBORATED,0
CMP-2026-00950,34,Nagapattinam,166,498,Nagapattinam North Industrial Bypass,5,Opioid Analogues / Brown Sugar / Heroin,2,Police FIR & Seizure Register,2025-08-27 00:39:21,Observation reported near Nagapattinam North Industrial Bypass sector in Nagapattinam.,UNVERIFIED,0
CMP-2026-00951,19,Cuddalore,93,278,Cuddalore East Campus Zone,6,Unclassified / Suspicious Substance,5,Health & Rehab Aggregate Registry,2025-02-17 14:26:58,Observation reported near Cuddalore East Campus Zone sector in Cuddalore.,VERIFIED,0
CMP-2026-00952,21,Kallakurichi,101,303,Kallakurichi North Industrial Bypass,6,Unclassified / Suspicious Substance,2,Police FIR & Seizure Register,2025-09-27 20:41:29,Observation reported near Kallakurichi North Industrial Bypass sector in Kallakurichi.,VERIFIED,0
CMP-2026-00953,30,Ramanathapuram,150,450,Ramanathapuram Central Industrial Bypass,2,Synthetic Stimulants / MDMA / Meth,3,State Checkpost Telemetry,2026-03-11 02:45:58,Observation reported near Ramanathapuram Central Industrial Bypass sector in Ramanathapuram.,VERIFIED,0
CMP-2026-00954,16,Kancheepuram,78,232,Kancheepuram East Market,1,Commercial Ganja / Cannabis,3,State Checkpost Telemetry,2025-05-21 22:45:34,Observation reported near Kancheepuram East Market sector in Kancheepuram.,UNVERIFIED,0
CMP-2026-00955,35,Mayiladuthurai,171,512,Mayiladuthurai North Campus Zone,6,Unclassified / Suspicious Substance,4,State Anti-Drug Helpline 10583,2025-12-09 22:27:40,Observation reported near Mayiladuthurai North Campus Zone sector in Mayiladuthurai.,CORROBORATED,0
CMP-2026-00956,9,Vellore,45,135,Vellore Central Industrial Bypass,3,Prescription Narcotics / Codeine / Alprazolam,1,Anonymous Citizen Portal,2026-02-19 07:17:00,Observation reported near Vellore Central Industrial Bypass sector in Vellore.,VERIFIED,0
CMP-2026-00957,2,Coimbatore,7,19,Coimbatore South Market,5,Opioid Analogues / Brown Sugar / Heroin,2,Police FIR & Seizure Register,2024-09-24 07:04:45,Observation reported near Coimbatore South Market sector in Coimbatore.,NEEDS_VERIFICATION,0
CMP-2026-00958,20,Viluppuram,100,298,Viluppuram Central Market,5,Opioid Analogues / Brown Sugar / Heroin,1,Anonymous Citizen Portal,2026-02-14 17:40:29,Observation reported near Viluppuram Central Market sector in Viluppuram.,UNVERIFIED,0
CMP-2026-00959,38,Tiruvannamalai,187,559,Tiruvannamalai South Market,4,Chemical Precursors / Ephedrine,1,Anonymous Citizen Portal,2024-11-20 23:09:59,Observation reported near Tiruvannamalai South Market sector in Tiruvannamalai.,VERIFIED,0
CMP-2026-00960,17,Chengalpattu,84,251,Chengalpattu West Campus Zone,3,Prescription Narcotics / Codeine / Alprazolam,5,Health & Rehab Aggregate Registry,2025-10-04 06:43:49,Observation reported near Chengalpattu West Campus Zone sector in Chengalpattu.,NEEDS_VERIFICATION,0
CMP-2026-00961,33,Thiruvarur,164,490,Thiruvarur West Market,5,Opioid Analogues / Brown Sugar / Heroin,5,Health & Rehab Aggregate Registry,2024-12-19 00:03:40,Observation reported near Thiruvarur West Market sector in Thiruvarur.,UNVERIFIED,0
CMP-2026-00962,16,Kancheepuram,77,231,Kancheepuram South Industrial Bypass,2,Synthetic Stimulants / MDMA / Meth,2,Police FIR & Seizure Register,2025-01-22 07:05:09,Observation reported near Kancheepuram South Industrial Bypass sector in Kancheepuram.,VERIFIED,0
CMP-2026-00963,20,Viluppuram,100,300,Viluppuram Central Industrial Bypass,6,Unclassified / Suspicious Substance,3,State Checkpost Telemetry,2025-12-26 00:15:28,Observation reported near Viluppuram Central Industrial Bypass sector in Viluppuram.,VERIFIED,0
CMP-2026-00964,6,Tirunelveli,28,83,Tirunelveli East Campus Zone,2,Synthetic Stimulants / MDMA / Meth,1,Anonymous Citizen Portal,2026-05-06 13:03:22,Observation reported near Tirunelveli East Campus Zone sector in Tirunelveli.,VERIFIED,0
CMP-2026-00965,2,Coimbatore,6,17,Coimbatore North Campus Zone,3,Prescription Narcotics / Codeine / Alprazolam,1,Anonymous Citizen Portal,2025-09-25 17:11:22,Observation reported near Coimbatore North Campus Zone sector in Coimbatore.,UNVERIFIED,0
CMP-2026-00966,18,Tiruvallur,87,260,Tiruvallur South Campus Zone,2,Synthetic Stimulants / MDMA / Meth,3,State Checkpost Telemetry,2025-11-14 02:37:20,Observation reported near Tiruvallur South Campus Zone sector in Tiruvallur.,VERIFIED,0
CMP-2026-00967,25,Karur,121,361,Karur North Market,5,Opioid Analogues / Brown Sugar / Heroin,1,Anonymous Citizen Portal,2026-03-07 08:10:23,Observation reported near Karur North Market sector in Karur.,UNVERIFIED,0
CMP-2026-00968,37,Tirupathur,181,543,Tirupathur North Industrial Bypass,3,Prescription Narcotics / Codeine / Alprazolam,3,State Checkpost Telemetry,2025-04-08 02:48:03,Observation reported near Tirupathur North Industrial Bypass sector in Tirupathur.,VERIFIED,0
CMP-2026-00969,4,Salem,18,54,Salem East Industrial Bypass,5,Opioid Analogues / Brown Sugar / Heroin,4,State Anti-Drug Helpline 10583,2025-07-02 08:58:47,Observation reported near Salem East Industrial Bypass sector in Salem.,UNVERIFIED,0
CMP-2026-00970,11,Dindigul,52,154,Dindigul South Market,3,Prescription Narcotics / Codeine / Alprazolam,3,State Checkpost Telemetry,2025-09-30 03:04:34,Observation reported near Dindigul South Market sector in Dindigul.,UNVERIFIED,0
CMP-2026-00971,12,Thanjavur,59,177,Thanjavur West Industrial Bypass,4,Chemical Precursors / Ephedrine,4,State Anti-Drug Helpline 10583,2026-07-24 21:09:40,Observation reported near Thanjavur West Industrial Bypass sector in Thanjavur.,UNVERIFIED,0
CMP-2026-00972,26,Ariyalur,126,376,Ariyalur North Market,5,Opioid Analogues / Brown Sugar / Heroin,3,State Checkpost Telemetry,2025-07-27 21:55:38,Observation reported near Ariyalur North Market sector in Ariyalur.,NEEDS_VERIFICATION,0
CMP-2026-00973,20,Viluppuram,99,297,Viluppuram West Industrial Bypass,4,Chemical Precursors / Ephedrine,5,Health & Rehab Aggregate Registry,2026-03-23 15:08:11,Observation reported near Viluppuram West Industrial Bypass sector in Viluppuram.,UNVERIFIED,0
CMP-2026-00974,8,Tiruppur,38,114,Tiruppur East Industrial Bypass,5,Opioid Analogues / Brown Sugar / Heroin,3,State Checkpost Telemetry,2025-04-27 14:47:25,Observation reported near Tiruppur East Industrial Bypass sector in Tiruppur.,CORROBORATED,0
CMP-2026-00975,37,Tirupathur,184,550,Tirupathur West Market,6,Unclassified / Suspicious Substance,3,State Checkpost Telemetry,2025-06-01 19:08:55,Observation reported near Tirupathur West Market sector in Tirupathur.,UNVERIFIED,0
CMP-2026-00976,1,Chennai,5,13,Chennai Central Market,6,Unclassified / Suspicious Substance,5,Health & Rehab Aggregate Registry,2024-10-08 21:38:00,Observation reported near Chennai Central Market sector in Chennai.,UNVERIFIED,0
CMP-2026-00977,24,Nilgiris,120,359,Nilgiris Central Campus Zone,2,Synthetic Stimulants / MDMA / Meth,1,Anonymous Citizen Portal,2026-01-23 19:47:14,Observation reported near Nilgiris Central Campus Zone sector in Nilgiris.,UNVERIFIED,0
CMP-2026-00978,31,Virudhunagar,151,452,Virudhunagar North Campus Zone,1,Commercial Ganja / Cannabis,5,Health & Rehab Aggregate Registry,2025-07-22 10:31:08,Observation reported near Virudhunagar North Campus Zone sector in Virudhunagar.,NEEDS_VERIFICATION,1
CMP-2026-00979,12,Thanjavur,59,175,Thanjavur West Market,6,Unclassified / Suspicious Substance,4,State Anti-Drug Helpline 10583,2026-03-30 22:25:50,Observation reported near Thanjavur West Market sector in Thanjavur.,CORROBORATED,0
CMP-2026-00980,10,Krishnagiri,47,140,Krishnagiri South Campus Zone,1,Commercial Ganja / Cannabis,1,Anonymous Citizen Portal,2025-10-09 08:21:49,Observation reported near Krishnagiri South Campus Zone sector in Krishnagiri.,UNVERIFIED,0
CMP-2026-00981,16,Kancheepuram,80,238,Kancheepuram Central Market,6,Unclassified / Suspicious Substance,1,Anonymous Citizen Portal,2025-10-05 08:36:08,Observation reported near Kancheepuram Central Market sector in Kancheepuram.,VERIFIED,0
CMP-2026-00982,38,Tiruvannamalai,187,559,Tiruvannamalai South Market,5,Opioid Analogues / Brown Sugar / Heroin,2,Police FIR & Seizure Register,2026-06-26 10:14:13,Observation reported near Tiruvannamalai South Market sector in Tiruvannamalai.,VERIFIED,0
CMP-2026-00983,27,Perambalur,135,405,Perambalur Central Industrial Bypass,6,Unclassified / Suspicious Substance,5,Health & Rehab Aggregate Registry,2025-01-03 04:16:08,Observation reported near Perambalur Central Industrial Bypass sector in Perambalur.,CORROBORATED,0
CMP-2026-00984,9,Vellore,43,128,Vellore East Campus Zone,5,Opioid Analogues / Brown Sugar / Heroin,3,State Checkpost Telemetry,2025-05-11 21:23:40,Observation reported near Vellore East Campus Zone sector in Vellore.,UNVERIFIED,0
CMP-2026-00985,23,Namakkal,112,335,Namakkal South Campus Zone,4,Chemical Precursors / Ephedrine,5,Health & Rehab Aggregate Registry,2026-01-17 19:06:29,Observation reported near Namakkal South Campus Zone sector in Namakkal.,CORROBORATED,0
CMP-2026-00986,12,Thanjavur,60,180,Thanjavur Central Industrial Bypass,5,Opioid Analogues / Brown Sugar / Heroin,3,State Checkpost Telemetry,2026-06-03 04:47:21,Observation reported near Thanjavur Central Industrial Bypass sector in Thanjavur.,NEEDS_VERIFICATION,0
CMP-2026-00987,35,Mayiladuthurai,174,521,Mayiladuthurai West Campus Zone,3,Prescription Narcotics / Codeine / Alprazolam,3,State Checkpost Telemetry,2025-12-13 06:08:22,Observation reported near Mayiladuthurai West Campus Zone sector in Mayiladuthurai.,UNVERIFIED,0
CMP-2026-00988,23,Namakkal,114,341,Namakkal West Campus Zone,2,Synthetic Stimulants / MDMA / Meth,5,Health & Rehab Aggregate Registry,2024-10-29 01:12:38,Observation reported near Namakkal West Campus Zone sector in Namakkal.,NEEDS_VERIFICATION,0
CMP-2026-00989,38,Tiruvannamalai,190,570,Tiruvannamalai Central Industrial Bypass,3,Prescription Narcotics / Codeine / Alprazolam,2,Police FIR & Seizure Register,2024-11-06 04:32:36,Observation reported near Tiruvannamalai Central Industrial Bypass sector in Tiruvannamalai.,UNVERIFIED,1
CMP-2026-00990,13,Thoothukudi,61,183,Thoothukudi North Industrial Bypass,2,Synthetic Stimulants / MDMA / Meth,2,Police FIR & Seizure Register,2026-01-29 05:16:51,Observation reported near Thoothukudi North Industrial Bypass sector in Thoothukudi.,NEEDS_VERIFICATION,0
CMP-2026-00991,11,Dindigul,51,153,Dindigul North Industrial Bypass,2,Synthetic Stimulants / MDMA / Meth,1,Anonymous Citizen Portal,2026-05-29 10:38:30,Observation reported near Dindigul North Industrial Bypass sector in Dindigul.,CORROBORATED,0
CMP-2026-00992,30,Ramanathapuram,148,444,Ramanathapuram East Industrial Bypass,5,Opioid Analogues / Brown Sugar / Heroin,5,Health & Rehab Aggregate Registry,2026-08-01 13:18:59,Observation reported near Ramanathapuram East Industrial Bypass sector in Ramanathapuram.,CORROBORATED,1
CMP-2026-00993,20,Viluppuram,100,299,Viluppuram Central Campus Zone,2,Synthetic Stimulants / MDMA / Meth,4,State Anti-Drug Helpline 10583,2025-03-17 03:13:52,Observation reported near Viluppuram Central Campus Zone sector in Viluppuram.,NEEDS_VERIFICATION,0
CMP-2026-00994,18,Tiruvallur,90,269,Tiruvallur Central Campus Zone,5,Opioid Analogues / Brown Sugar / Heroin,4,State Anti-Drug Helpline 10583,2025-01-14 21:17:55,Observation reported near Tiruvallur Central Campus Zone sector in Tiruvallur.,NEEDS_VERIFICATION,1
CMP-2026-00995,24,Nilgiris,117,350,Nilgiris South Campus Zone,3,Prescription Narcotics / Codeine / Alprazolam,1,Anonymous Citizen Portal,2024-11-14 02:13:28,Observation reported near Nilgiris South Campus Zone sector in Nilgiris.,UNVERIFIED,0
CMP-2026-00996,22,Dharmapuri,109,326,Dharmapuri West Campus Zone,6,Unclassified / Suspicious Substance,3,State Checkpost Telemetry,2026-03-25 00:34:44,Observation reported near Dharmapuri West Campus Zone sector in Dharmapuri.,VERIFIED,0
CMP-2026-00997,3,Madurai,11,31,Madurai North Market,6,Unclassified / Suspicious Substance,1,Anonymous Citizen Portal,2026-05-08 19:16:50,Observation reported near Madurai North Market sector in Madurai.,VERIFIED,0
CMP-2026-00998,19,Cuddalore,94,281,Cuddalore West Campus Zone,4,Chemical Precursors / Ephedrine,4,State Anti-Drug Helpline 10583,2025-07-10 21:47:53,Observation reported near Cuddalore West Campus Zone sector in Cuddalore.,NEEDS_VERIFICATION,0
CMP-2026-00999,29,Sivaganga,145,434,Sivaganga Central Campus Zone,6,Unclassified / Suspicious Substance,5,Health & Rehab Aggregate Registry,2026-07-04 02:41:20,Observation reported near Sivaganga Central Campus Zone sector in Sivaganga.,UNVERIFIED,0
CMP-2026-01000,10,Krishnagiri,46,136,Krishnagiri North Market,4,Chemical Precursors / Ephedrine,1,Anonymous Citizen Portal,2025-06-21 02:49:24,Observation reported near Krishnagiri North Market sector in Krishnagiri.,NEEDS_VERIFICATION,0
CMP-2026-01001,36,Ranipet,179,535,Ranipet West Market,4,Chemical Precursors / Ephedrine,1,Anonymous Citizen Portal,2025-12-26 10:05:35,Observation reported near Ranipet West Market sector in Ranipet.,CORROBORATED,0
CMP-2026-01002,2,Coimbatore,10,29,Coimbatore Central Campus Zone,3,Prescription Narcotics / Codeine / Alprazolam,5,Health & Rehab Aggregate Registry,2026-03-08 14:49:42,Observation reported near Coimbatore Central Campus Zone sector in Coimbatore.,VERIFIED,0
CMP-2026-01003,16,Kancheepuram,77,231,Kancheepuram South Industrial Bypass,5,Opioid Analogues / Brown Sugar / Heroin,3,State Checkpost Telemetry,2026-03-31 05:46:48,Observation reported near Kancheepuram South Industrial Bypass sector in Kancheepuram.,NEEDS_VERIFICATION,0
CMP-2026-01004,7,Erode,32,96,Erode South Industrial Bypass,5,Opioid Analogues / Brown Sugar / Heroin,5,Health & Rehab Aggregate Registry,2024-10-05 21:07:31,Observation reported near Erode South Industrial Bypass sector in Erode.,NEEDS_VERIFICATION,0
CMP-2026-01005,14,Kanniyakumari,69,207,Kanniyakumari West Industrial Bypass,1,Commercial Ganja / Cannabis,4,State Anti-Drug Helpline 10583,2026-07-05 23:04:18,Observation reported near Kanniyakumari West Industrial Bypass sector in Kanniyakumari.,UNVERIFIED,0
CMP-2026-01006,10,Krishnagiri,46,137,Krishnagiri North Campus Zone,5,Opioid Analogues / Brown Sugar / Heroin,5,Health & Rehab Aggregate Registry,2025-11-07 10:06:47,Observation reported near Krishnagiri North Campus Zone sector in Krishnagiri.,CORROBORATED,0
CMP-2026-01007,4,Salem,19,55,Salem West Market,1,Commercial Ganja / Cannabis,5,Health & Rehab Aggregate Registry,2025-08-10 10:01:08,Observation reported near Salem West Market sector in Salem.,CORROBORATED,0
CMP-2026-01008,3,Madurai,15,44,Madurai Central Campus Zone,3,Prescription Narcotics / Codeine / Alprazolam,5,Health & Rehab Aggregate Registry,2026-02-18 06:40:40,Observation reported near Madurai Central Campus Zone sector in Madurai.,CORROBORATED,1
CMP-2026-01009,8,Tiruppur,38,114,Tiruppur East Industrial Bypass,5,Opioid Analogues / Brown Sugar / Heroin,3,State Checkpost Telemetry,2024-10-20 20:14:24,Observation reported near Tiruppur East Industrial Bypass sector in Tiruppur.,NEEDS_VERIFICATION,0
CMP-2026-01010,37,Tirupathur,181,542,Tirupathur North Campus Zone,4,Chemical Precursors / Ephedrine,4,State Anti-Drug Helpline 10583,2026-06-26 07:48:20,Observation reported near Tirupathur North Campus Zone sector in Tirupathur.,UNVERIFIED,0
CMP-2026-01011,36,Ranipet,179,536,Ranipet West Campus Zone,1,Commercial Ganja / Cannabis,2,Police FIR & Seizure Register,2025-07-13 12:25:35,Observation reported near Ranipet West Campus Zone sector in Ranipet.,VERIFIED,0
CMP-2026-01012,34,Nagapattinam,167,500,Nagapattinam South Campus Zone,1,Commercial Ganja / Cannabis,1,Anonymous Citizen Portal,2025-09-23 12:44:00,Observation reported near Nagapattinam South Campus Zone sector in Nagapattinam.,NEEDS_VERIFICATION,0
CMP-2026-01013,14,Kanniyakumari,68,202,Kanniyakumari East Market,3,Prescription Narcotics / Codeine / Alprazolam,2,Police FIR & Seizure Register,2026-07-15 00:43:03,Observation reported near Kanniyakumari East Market sector in Kanniyakumari.,NEEDS_VERIFICATION,0
CMP-2026-01014,9,Vellore,44,132,Vellore West Industrial Bypass,3,Prescription Narcotics / Codeine / Alprazolam,5,Health & Rehab Aggregate Registry,2025-02-22 02:06:39,Observation reported near Vellore West Industrial Bypass sector in Vellore.,CORROBORATED,0
CMP-2026-01015,38,Tiruvannamalai,187,560,Tiruvannamalai South Campus Zone,1,Commercial Ganja / Cannabis,1,Anonymous Citizen Portal,2025-03-15 21:42:53,Observation reported near Tiruvannamalai South Campus Zone sector in Tiruvannamalai.,NEEDS_VERIFICATION,0
CMP-2026-01016,6,Tirunelveli,29,86,Tirunelveli West Campus Zone,3,Prescription Narcotics / Codeine / Alprazolam,4,State Anti-Drug Helpline 10583,2025-04-11 08:42:35,Observation reported near Tirunelveli West Campus Zone sector in Tirunelveli.,UNVERIFIED,1
CMP-2026-01017,29,Sivaganga,145,433,Sivaganga Central Market,1,Commercial Ganja / Cannabis,3,State Checkpost Telemetry,2025-07-09 04:10:15,Observation reported near Sivaganga Central Market sector in Sivaganga.,NEEDS_VERIFICATION,0
CMP-2026-01018,8,Tiruppur,37,110,Tiruppur South Campus Zone,1,Commercial Ganja / Cannabis,3,State Checkpost Telemetry,2026-05-24 05:15:08,Observation reported near Tiruppur South Campus Zone sector in Tiruppur.,UNVERIFIED,1
CMP-2026-01019,21,Kallakurichi,105,314,Kallakurichi Central Campus Zone,4,Chemical Precursors / Ephedrine,5,Health & Rehab Aggregate Registry,2026-06-20 14:58:51,Observation reported near Kallakurichi Central Campus Zone sector in Kallakurichi.,CORROBORATED,0
CMP-2026-01020,4,Salem,19,57,Salem West Industrial Bypass,5,Opioid Analogues / Brown Sugar / Heroin,2,Police FIR & Seizure Register,2025-11-10 18:37:06,Observation reported near Salem West Industrial Bypass sector in Salem.,NEEDS_VERIFICATION,0
CMP-2026-01021,5,Tiruchirappalli,24,71,Tiruchirappalli West Campus Zone,4,Chemical Precursors / Ephedrine,3,State Checkpost Telemetry,2025-11-01 12:33:22,Observation reported near Tiruchirappalli West Campus Zone sector in Tiruchirappalli.,VERIFIED,0
CMP-2026-01022,36,Ranipet,177,531,Ranipet South Industrial Bypass,1,Commercial Ganja / Cannabis,1,Anonymous Citizen Portal,2026-01-05 21:49:26,Observation reported near Ranipet South Industrial Bypass sector in Ranipet.,UNVERIFIED,0
CMP-2026-01023,17,Chengalpattu,85,254,Chengalpattu Central Campus Zone,4,Chemical Precursors / Ephedrine,4,State Anti-Drug Helpline 10583,2026-05-11 15:31:29,Observation reported near Chengalpattu Central Campus Zone sector in Chengalpattu.,VERIFIED,0
CMP-2026-01024,6,Tirunelveli,30,90,Tirunelveli Central Industrial Bypass,3,Prescription Narcotics / Codeine / Alprazolam,1,Anonymous Citizen Portal,2025-03-23 20:02:32,Observation reported near Tirunelveli Central Industrial Bypass sector in Tirunelveli.,CORROBORATED,0
CMP-2026-01025,27,Perambalur,133,397,Perambalur East Market,6,Unclassified / Suspicious Substance,2,Police FIR & Seizure Register,2025-10-06 05:00:15,Observation reported near Perambalur East Market sector in Perambalur.,VERIFIED,0
CMP-2026-01026,29,Sivaganga,141,423,Sivaganga North Industrial Bypass,6,Unclassified / Suspicious Substance,2,Police FIR & Seizure Register,2024-12-30 12:25:29,Observation reported near Sivaganga North Industrial Bypass sector in Sivaganga.,CORROBORATED,0
CMP-2026-01027,8,Tiruppur,40,119,Tiruppur Central Campus Zone,3,Prescription Narcotics / Codeine / Alprazolam,4,State Anti-Drug Helpline 10583,2026-02-07 03:51:23,Observation reported near Tiruppur Central Campus Zone sector in Tiruppur.,VERIFIED,0
CMP-2026-01028,38,Tiruvannamalai,188,564,Tiruvannamalai East Industrial Bypass,6,Unclassified / Suspicious Substance,3,State Checkpost Telemetry,2026-01-12 02:05:24,Observation reported near Tiruvannamalai East Industrial Bypass sector in Tiruvannamalai.,VERIFIED,0
CMP-2026-01029,32,Theni,156,468,Theni North Industrial Bypass,4,Chemical Precursors / Ephedrine,2,Police FIR & Seizure Register,2025-02-24 18:44:34,Observation reported near Theni North Industrial Bypass sector in Theni.,UNVERIFIED,0
CMP-2026-01030,1,Chennai,1,1,Chennai North Market,1,Commercial Ganja / Cannabis,5,Health & Rehab Aggregate Registry,2025-01-28 19:14:44,Observation reported near Chennai North Market sector in Chennai.,NEEDS_VERIFICATION,0
CMP-2026-01031,28,Pudukkottai,140,418,Pudukkottai Central Market,4,Chemical Precursors / Ephedrine,5,Health & Rehab Aggregate Registry,2026-07-02 05:13:45,Observation reported near Pudukkottai Central Market sector in Pudukkottai.,UNVERIFIED,0
CMP-2026-01032,29,Sivaganga,143,428,Sivaganga East Campus Zone,5,Opioid Analogues / Brown Sugar / Heroin,5,Health & Rehab Aggregate Registry,2025-05-09 04:56:10,Observation reported near Sivaganga East Campus Zone sector in Sivaganga.,VERIFIED,0
CMP-2026-01033,28,Pudukkottai,140,418,Pudukkottai Central Market,5,Opioid Analogues / Brown Sugar / Heroin,1,Anonymous Citizen Portal,2025-09-23 19:22:53,Observation reported near Pudukkottai Central Market sector in Pudukkottai.,VERIFIED,0
CMP-2026-01034,15,Tenkasi,71,213,Tenkasi North Industrial Bypass,1,Commercial Ganja / Cannabis,1,Anonymous Citizen Portal,2026-03-08 22:16:53,Observation reported near Tenkasi North Industrial Bypass sector in Tenkasi.,CORROBORATED,1
CMP-2026-01035,28,Pudukkottai,137,411,Pudukkottai South Industrial Bypass,5,Opioid Analogues / Brown Sugar / Heroin,1,Anonymous Citizen Portal,2026-07-22 16:50:04,Observation reported near Pudukkottai South Industrial Bypass sector in Pudukkottai.,UNVERIFIED,0
CMP-2026-01036,11,Dindigul,54,162,Dindigul West Industrial Bypass,6,Unclassified / Suspicious Substance,2,Police FIR & Seizure Register,2025-06-17 16:32:13,Observation reported near Dindigul West Industrial Bypass sector in Dindigul.,NEEDS_VERIFICATION,0
CMP-2026-01037,14,Kanniyakumari,68,204,Kanniyakumari East Industrial Bypass,2,Synthetic Stimulants / MDMA / Meth,4,State Anti-Drug Helpline 10583,2025-07-08 10:53:48,Observation reported near Kanniyakumari East Industrial Bypass sector in Kanniyakumari.,NEEDS_VERIFICATION,0
CMP-2026-01038,7,Erode,34,101,Erode West Campus Zone,1,Commercial Ganja / Cannabis,3,State Checkpost Telemetry,2025-10-04 05:45:46,Observation reported near Erode West Campus Zone sector in Erode.,NEEDS_VERIFICATION,0
CMP-2026-01039,29,Sivaganga,141,423,Sivaganga North Industrial Bypass,1,Commercial Ganja / Cannabis,1,Anonymous Citizen Portal,2025-06-08 22:16:04,Observation reported near Sivaganga North Industrial Bypass sector in Sivaganga.,CORROBORATED,0
CMP-2026-01040,16,Kancheepuram,76,227,Kancheepuram North Campus Zone,6,Unclassified / Suspicious Substance,2,Police FIR & Seizure Register,2026-04-21 20:25:10,Observation reported near Kancheepuram North Campus Zone sector in Kancheepuram.,CORROBORATED,0
CMP-2026-01041,27,Perambalur,132,395,Perambalur South Campus Zone,4,Chemical Precursors / Ephedrine,5,Health & Rehab Aggregate Registry,2026-05-24 01:36:45,Observation reported near Perambalur South Campus Zone sector in Perambalur.,NEEDS_VERIFICATION,0
CMP-2026-01042,1,Chennai,5,14,Chennai Central Campus Zone,5,Opioid Analogues / Brown Sugar / Heroin,1,Anonymous Citizen Portal,2025-10-30 01:57:22,Observation reported near Chennai Central Campus Zone sector in Chennai.,CORROBORATED,1
CMP-2026-01043,18,Tiruvallur,90,269,Tiruvallur Central Campus Zone,1,Commercial Ganja / Cannabis,5,Health & Rehab Aggregate Registry,2026-01-12 21:57:00,Observation reported near Tiruvallur Central Campus Zone sector in Tiruvallur.,UNVERIFIED,0
CMP-2026-01044,19,Cuddalore,94,282,Cuddalore West Industrial Bypass,1,Commercial Ganja / Cannabis,1,Anonymous Citizen Portal,2025-10-31 03:55:47,Observation reported near Cuddalore West Industrial Bypass sector in Cuddalore.,NEEDS_VERIFICATION,0
CMP-2026-01045,18,Tiruvallur,89,265,Tiruvallur West Market,5,Opioid Analogues / Brown Sugar / Heroin,5,Health & Rehab Aggregate Registry,2025-10-03 13:00:01,Observation reported near Tiruvallur West Market sector in Tiruvallur.,NEEDS_VERIFICATION,0
CMP-2026-01046,27,Perambalur,135,405,Perambalur Central Industrial Bypass,3,Prescription Narcotics / Codeine / Alprazolam,5,Health & Rehab Aggregate Registry,2025-08-19 01:00:07,Observation reported near Perambalur Central Industrial Bypass sector in Perambalur.,VERIFIED,0
CMP-2026-01047,9,Vellore,45,134,Vellore Central Campus Zone,6,Unclassified / Suspicious Substance,4,State Anti-Drug Helpline 10583,2026-02-09 20:23:51,Observation reported near Vellore Central Campus Zone sector in Vellore.,UNVERIFIED,0
CMP-2026-01048,25,Karur,125,375,Karur Central Industrial Bypass,1,Commercial Ganja / Cannabis,1,Anonymous Citizen Portal,2026-06-23 13:23:42,Observation reported near Karur Central Industrial Bypass sector in Karur.,VERIFIED,0
CMP-2026-01049,8,Tiruppur,38,112,Tiruppur East Market,6,Unclassified / Suspicious Substance,4,State Anti-Drug Helpline 10583,2025-11-14 01:03:27,Observation reported near Tiruppur East Market sector in Tiruppur.,UNVERIFIED,0
CMP-2026-01050,7,Erode,31,93,Erode North Industrial Bypass,6,Unclassified / Suspicious Substance,1,Anonymous Citizen Portal,2024-11-11 07:35:28,Observation reported near Erode North Industrial Bypass sector in Erode.,CORROBORATED,0
CMP-2026-01051,7,Erode,31,91,Erode North Market,1,Commercial Ganja / Cannabis,3,State Checkpost Telemetry,2026-05-06 12:37:59,Observation reported near Erode North Market sector in Erode.,NEEDS_VERIFICATION,0
CMP-2026-01052,5,Tiruchirappalli,22,64,Tiruchirappalli South Market,2,Synthetic Stimulants / MDMA / Meth,3,State Checkpost Telemetry,2025-09-02 05:00:20,Observation reported near Tiruchirappalli South Market sector in Tiruchirappalli.,UNVERIFIED,0
CMP-2026-01053,11,Dindigul,51,152,Dindigul North Campus Zone,5,Opioid Analogues / Brown Sugar / Heroin,3,State Checkpost Telemetry,2024-10-20 14:45:49,Observation reported near Dindigul North Campus Zone sector in Dindigul.,CORROBORATED,1
CMP-2026-01054,23,Namakkal,113,338,Namakkal East Campus Zone,2,Synthetic Stimulants / MDMA / Meth,3,State Checkpost Telemetry,2025-07-17 04:57:55,Observation reported near Namakkal East Campus Zone sector in Namakkal.,CORROBORATED,0
CMP-2026-01055,36,Ranipet,179,536,Ranipet West Campus Zone,4,Chemical Precursors / Ephedrine,5,Health & Rehab Aggregate Registry,2025-05-16 21:56:26,Observation reported near Ranipet West Campus Zone sector in Ranipet.,UNVERIFIED,0
CMP-2026-01056,4,Salem,16,48,Salem North Industrial Bypass,1,Commercial Ganja / Cannabis,5,Health & Rehab Aggregate Registry,2025-10-29 02:20:39,Observation reported near Salem North Industrial Bypass sector in Salem.,UNVERIFIED,0
CMP-2026-01057,31,Virudhunagar,152,456,Virudhunagar South Industrial Bypass,2,Synthetic Stimulants / MDMA / Meth,5,Health & Rehab Aggregate Registry,2025-06-23 16:49:32,Observation reported near Virudhunagar South Industrial Bypass sector in Virudhunagar.,NEEDS_VERIFICATION,0
CMP-2026-01058,38,Tiruvannamalai,186,558,Tiruvannamalai North Industrial Bypass,2,Synthetic Stimulants / MDMA / Meth,4,State Anti-Drug Helpline 10583,2025-09-26 09:48:27,Observation reported near Tiruvannamalai North Industrial Bypass sector in Tiruvannamalai.,CORROBORATED,0
CMP-2026-01059,5,Tiruchirappalli,25,75,Tiruchirappalli Central Industrial Bypass,2,Synthetic Stimulants / MDMA / Meth,5,Health & Rehab Aggregate Registry,2026-02-11 18:44:45,Observation reported near Tiruchirappalli Central Industrial Bypass sector in Tiruchirappalli.,CORROBORATED,0
CMP-2026-01060,29,Sivaganga,144,432,Sivaganga West Industrial Bypass,4,Chemical Precursors / Ephedrine,1,Anonymous Citizen Portal,2026-07-31 01:42:01,Observation reported near Sivaganga West Industrial Bypass sector in Sivaganga.,NEEDS_VERIFICATION,0
CMP-2026-01061,20,Viluppuram,97,291,Viluppuram South Industrial Bypass,6,Unclassified / Suspicious Substance,4,State Anti-Drug Helpline 10583,2026-08-08 09:32:40,Observation reported near Viluppuram South Industrial Bypass sector in Viluppuram.,VERIFIED,0
CMP-2026-01062,34,Nagapattinam,166,498,Nagapattinam North Industrial Bypass,1,Commercial Ganja / Cannabis,1,Anonymous Citizen Portal,2024-12-09 17:21:03,Observation reported near Nagapattinam North Industrial Bypass sector in Nagapattinam.,VERIFIED,0
CMP-2026-01063,35,Mayiladuthurai,171,511,Mayiladuthurai North Market,1,Commercial Ganja / Cannabis,2,Police FIR & Seizure Register,2025-05-25 08:30:36,Observation reported near Mayiladuthurai North Market sector in Mayiladuthurai.,UNVERIFIED,0
CMP-2026-01064,17,Chengalpattu,85,254,Chengalpattu Central Campus Zone,3,Prescription Narcotics / Codeine / Alprazolam,5,Health & Rehab Aggregate Registry,2025-06-28 00:32:04,Observation reported near Chengalpattu Central Campus Zone sector in Chengalpattu.,CORROBORATED,0
CMP-2026-01065,29,Sivaganga,142,425,Sivaganga South Campus Zone,3,Prescription Narcotics / Codeine / Alprazolam,2,Police FIR & Seizure Register,2025-03-01 11:38:48,Observation reported near Sivaganga South Campus Zone sector in Sivaganga.,NEEDS_VERIFICATION,0
CMP-2026-01066,25,Karur,121,361,Karur North Market,5,Opioid Analogues / Brown Sugar / Heroin,3,State Checkpost Telemetry,2025-08-07 08:25:10,Observation reported near Karur North Market sector in Karur.,CORROBORATED,0
CMP-2026-01067,11,Dindigul,54,160,Dindigul West Market,1,Commercial Ganja / Cannabis,3,State Checkpost Telemetry,2024-12-04 01:35:34,Observation reported near Dindigul West Market sector in Dindigul.,NEEDS_VERIFICATION,0
CMP-2026-01068,25,Karur,121,361,Karur North Market,3,Prescription Narcotics / Codeine / Alprazolam,4,State Anti-Drug Helpline 10583,2026-04-15 11:49:24,Observation reported near Karur North Market sector in Karur.,UNVERIFIED,0
CMP-2026-01069,30,Ramanathapuram,148,444,Ramanathapuram East Industrial Bypass,2,Synthetic Stimulants / MDMA / Meth,5,Health & Rehab Aggregate Registry,2024-12-11 16:36:55,Observation reported near Ramanathapuram East Industrial Bypass sector in Ramanathapuram.,NEEDS_VERIFICATION,0
CMP-2026-01070,12,Thanjavur,56,168,Thanjavur North Industrial Bypass,6,Unclassified / Suspicious Substance,4,State Anti-Drug Helpline 10583,2025-10-13 10:40:05,Observation reported near Thanjavur North Industrial Bypass sector in Thanjavur.,NEEDS_VERIFICATION,0
CMP-2026-01071,36,Ranipet,177,529,Ranipet South Market,4,Chemical Precursors / Ephedrine,2,Police FIR & Seizure Register,2025-09-02 22:40:11,Observation reported near Ranipet South Market sector in Ranipet.,NEEDS_VERIFICATION,0
CMP-2026-01072,15,Tenkasi,74,221,Tenkasi West Campus Zone,4,Chemical Precursors / Ephedrine,2,Police FIR & Seizure Register,2026-07-29 20:44:07,Observation reported near Tenkasi West Campus Zone sector in Tenkasi.,UNVERIFIED,0
CMP-2026-01073,23,Namakkal,112,335,Namakkal South Campus Zone,2,Synthetic Stimulants / MDMA / Meth,3,State Checkpost Telemetry,2026-01-06 00:02:59,Observation reported near Namakkal South Campus Zone sector in Namakkal.,CORROBORATED,1
CMP-2026-01074,37,Tirupathur,181,543,Tirupathur North Industrial Bypass,1,Commercial Ganja / Cannabis,5,Health & Rehab Aggregate Registry,2026-07-06 16:43:08,Observation reported near Tirupathur North Industrial Bypass sector in Tirupathur.,CORROBORATED,0
CMP-2026-01075,29,Sivaganga,144,430,Sivaganga West Market,1,Commercial Ganja / Cannabis,3,State Checkpost Telemetry,2025-03-23 07:00:53,Observation reported near Sivaganga West Market sector in Sivaganga.,NEEDS_VERIFICATION,0
CMP-2026-01076,23,Namakkal,114,340,Namakkal West Market,5,Opioid Analogues / Brown Sugar / Heroin,5,Health & Rehab Aggregate Registry,2025-07-06 16:01:42,Observation reported near Namakkal West Market sector in Namakkal.,UNVERIFIED,0
CMP-2026-01077,37,Tirupathur,183,547,Tirupathur East Market,4,Chemical Precursors / Ephedrine,2,Police FIR & Seizure Register,2025-12-17 23:58:21,Observation reported near Tirupathur East Market sector in Tirupathur.,NEEDS_VERIFICATION,0
CMP-2026-01078,21,Kallakurichi,105,314,Kallakurichi Central Campus Zone,3,Prescription Narcotics / Codeine / Alprazolam,4,State Anti-Drug Helpline 10583,2025-05-05 13:05:16,Observation reported near Kallakurichi Central Campus Zone sector in Kallakurichi.,CORROBORATED,0
CMP-2026-01079,33,Thiruvarur,161,483,Thiruvarur North Industrial Bypass,1,Commercial Ganja / Cannabis,3,State Checkpost Telemetry,2024-12-05 06:51:34,Observation reported near Thiruvarur North Industrial Bypass sector in Thiruvarur.,NEEDS_VERIFICATION,0
CMP-2026-01080,31,Virudhunagar,154,462,Virudhunagar West Industrial Bypass,1,Commercial Ganja / Cannabis,5,Health & Rehab Aggregate Registry,2026-04-09 12:12:24,Observation reported near Virudhunagar West Industrial Bypass sector in Virudhunagar.,VERIFIED,0
CMP-2026-01081,2,Coimbatore,6,17,Coimbatore North Campus Zone,3,Prescription Narcotics / Codeine / Alprazolam,5,Health & Rehab Aggregate Registry,2025-06-08 13:53:17,Observation reported near Coimbatore North Campus Zone sector in Coimbatore.,CORROBORATED,0
CMP-2026-01082,36,Ranipet,179,536,Ranipet West Campus Zone,6,Unclassified / Suspicious Substance,5,Health & Rehab Aggregate Registry,2025-08-26 22:32:23,Observation reported near Ranipet West Campus Zone sector in Ranipet.,VERIFIED,0
CMP-2026-01083,33,Thiruvarur,164,490,Thiruvarur West Market,2,Synthetic Stimulants / MDMA / Meth,3,State Checkpost Telemetry,2026-07-08 17:40:31,Observation reported near Thiruvarur West Market sector in Thiruvarur.,UNVERIFIED,0
CMP-2026-01084,27,Perambalur,132,394,Perambalur South Market,6,Unclassified / Suspicious Substance,5,Health & Rehab Aggregate Registry,2024-12-17 23:56:51,Observation reported near Perambalur South Market sector in Perambalur.,NEEDS_VERIFICATION,0
CMP-2026-01085,33,Thiruvarur,164,490,Thiruvarur West Market,2,Synthetic Stimulants / MDMA / Meth,1,Anonymous Citizen Portal,2026-02-01 17:34:55,Observation reported near Thiruvarur West Market sector in Thiruvarur.,VERIFIED,0
CMP-2026-01086,3,Madurai,14,40,Madurai West Market,4,Chemical Precursors / Ephedrine,1,Anonymous Citizen Portal,2024-11-14 05:04:31,Observation reported near Madurai West Market sector in Madurai.,VERIFIED,0
CMP-2026-01087,35,Mayiladuthurai,172,516,Mayiladuthurai South Industrial Bypass,6,Unclassified / Suspicious Substance,2,Police FIR & Seizure Register,2026-03-01 03:13:15,Observation reported near Mayiladuthurai South Industrial Bypass sector in Mayiladuthurai.,UNVERIFIED,0
CMP-2026-01088,24,Nilgiris,116,348,Nilgiris North Industrial Bypass,1,Commercial Ganja / Cannabis,1,Anonymous Citizen Portal,2026-01-27 04:13:44,Observation reported near Nilgiris North Industrial Bypass sector in Nilgiris.,CORROBORATED,0
CMP-2026-01089,20,Viluppuram,97,290,Viluppuram South Campus Zone,2,Synthetic Stimulants / MDMA / Meth,2,Police FIR & Seizure Register,2025-05-20 23:12:49,Observation reported near Viluppuram South Campus Zone sector in Viluppuram.,VERIFIED,0
CMP-2026-01090,26,Ariyalur,128,384,Ariyalur East Industrial Bypass,1,Commercial Ganja / Cannabis,1,Anonymous Citizen Portal,2024-11-14 10:53:42,Observation reported near Ariyalur East Industrial Bypass sector in Ariyalur.,UNVERIFIED,0
CMP-2026-01091,15,Tenkasi,71,213,Tenkasi North Industrial Bypass,4,Chemical Precursors / Ephedrine,5,Health & Rehab Aggregate Registry,2024-12-18 07:25:38,Observation reported near Tenkasi North Industrial Bypass sector in Tenkasi.,VERIFIED,0
CMP-2026-01092,28,Pudukkottai,137,410,Pudukkottai South Campus Zone,4,Chemical Precursors / Ephedrine,1,Anonymous Citizen Portal,2025-09-25 21:31:58,Observation reported near Pudukkottai South Campus Zone sector in Pudukkottai.,UNVERIFIED,0
CMP-2026-01093,31,Virudhunagar,155,464,Virudhunagar Central Campus Zone,1,Commercial Ganja / Cannabis,5,Health & Rehab Aggregate Registry,2025-07-09 08:38:33,Observation reported near Virudhunagar Central Campus Zone sector in Virudhunagar.,NEEDS_VERIFICATION,0
CMP-2026-01094,6,Tirunelveli,27,80,Tirunelveli South Campus Zone,4,Chemical Precursors / Ephedrine,5,Health & Rehab Aggregate Registry,2025-03-04 14:58:26,Observation reported near Tirunelveli South Campus Zone sector in Tirunelveli.,UNVERIFIED,0
CMP-2026-01095,9,Vellore,42,125,Vellore South Campus Zone,1,Commercial Ganja / Cannabis,4,State Anti-Drug Helpline 10583,2026-04-18 10:05:14,Observation reported near Vellore South Campus Zone sector in Vellore.,CORROBORATED,1
CMP-2026-01096,17,Chengalpattu,83,248,Chengalpattu East Campus Zone,4,Chemical Precursors / Ephedrine,3,State Checkpost Telemetry,2026-05-27 11:26:51,Observation reported near Chengalpattu East Campus Zone sector in Chengalpattu.,UNVERIFIED,1
CMP-2026-01097,14,Kanniyakumari,68,202,Kanniyakumari East Market,6,Unclassified / Suspicious Substance,1,Anonymous Citizen Portal,2024-10-23 08:49:23,Observation reported near Kanniyakumari East Market sector in Kanniyakumari.,CORROBORATED,0
CMP-2026-01098,11,Dindigul,51,151,Dindigul North Market,6,Unclassified / Suspicious Substance,3,State Checkpost Telemetry,2025-11-28 03:44:36,Observation reported near Dindigul North Market sector in Dindigul.,UNVERIFIED,0
CMP-2026-01099,31,Virudhunagar,151,452,Virudhunagar North Campus Zone,2,Synthetic Stimulants / MDMA / Meth,4,State Anti-Drug Helpline 10583,2026-04-23 19:05:30,Observation reported near Virudhunagar North Campus Zone sector in Virudhunagar.,UNVERIFIED,0
CMP-2026-01100,38,Tiruvannamalai,189,565,Tiruvannamalai West Market,2,Synthetic Stimulants / MDMA / Meth,4,State Anti-Drug Helpline 10583,2025-10-12 11:19:50,Observation reported near Tiruvannamalai West Market sector in Tiruvannamalai.,UNVERIFIED,0
CMP-2026-01101,21,Kallakurichi,102,306,Kallakurichi South Industrial Bypass,3,Prescription Narcotics / Codeine / Alprazolam,2,Police FIR & Seizure Register,2025-03-11 14:55:24,Observation reported near Kallakurichi South Industrial Bypass sector in Kallakurichi.,NEEDS_VERIFICATION,0
CMP-2026-01102,15,Tenkasi,75,225,Tenkasi Central Industrial Bypass,4,Chemical Precursors / Ephedrine,1,Anonymous Citizen Portal,2025-12-15 15:18:45,Observation reported near Tenkasi Central Industrial Bypass sector in Tenkasi.,NEEDS_VERIFICATION,0
CMP-2026-01103,21,Kallakurichi,104,312,Kallakurichi West Industrial Bypass,3,Prescription Narcotics / Codeine / Alprazolam,4,State Anti-Drug Helpline 10583,2024-12-15 16:10:47,Observation reported near Kallakurichi West Industrial Bypass sector in Kallakurichi.,VERIFIED,0
CMP-2026-01104,30,Ramanathapuram,146,436,Ramanathapuram North Market,2,Synthetic Stimulants / MDMA / Meth,1,Anonymous Citizen Portal,2026-03-19 17:58:59,Observation reported near Ramanathapuram North Market sector in Ramanathapuram.,UNVERIFIED,0
CMP-2026-01105,31,Virudhunagar,151,451,Virudhunagar North Market,4,Chemical Precursors / Ephedrine,2,Police FIR & Seizure Register,2025-10-01 22:58:46,Observation reported near Virudhunagar North Market sector in Virudhunagar.,NEEDS_VERIFICATION,0
CMP-2026-01106,13,Thoothukudi,64,191,Thoothukudi West Campus Zone,2,Synthetic Stimulants / MDMA / Meth,1,Anonymous Citizen Portal,2026-02-21 17:07:21,Observation reported near Thoothukudi West Campus Zone sector in Thoothukudi.,VERIFIED,0
CMP-2026-01107,1,Chennai,3,9,Chennai East Industrial Bypass,2,Synthetic Stimulants / MDMA / Meth,2,Police FIR & Seizure Register,2026-01-15 16:08:36,Observation reported near Chennai East Industrial Bypass sector in Chennai.,UNVERIFIED,0
CMP-2026-01108,38,Tiruvannamalai,186,557,Tiruvannamalai North Campus Zone,6,Unclassified / Suspicious Substance,2,Police FIR & Seizure Register,2025-05-18 17:46:24,Observation reported near Tiruvannamalai North Campus Zone sector in Tiruvannamalai.,NEEDS_VERIFICATION,0
CMP-2026-01109,36,Ranipet,178,532,Ranipet East Market,3,Prescription Narcotics / Codeine / Alprazolam,4,State Anti-Drug Helpline 10583,2024-12-31 12:13:08,Observation reported near Ranipet East Market sector in Ranipet.,CORROBORATED,0
CMP-2026-01110,30,Ramanathapuram,150,448,Ramanathapuram Central Market,4,Chemical Precursors / Ephedrine,5,Health & Rehab Aggregate Registry,2025-03-17 00:09:39,Observation reported near Ramanathapuram Central Market sector in Ramanathapuram.,VERIFIED,0
CMP-2026-01111,32,Theni,160,479,Theni Central Campus Zone,5,Opioid Analogues / Brown Sugar / Heroin,2,Police FIR & Seizure Register,2026-03-29 13:23:41,Observation reported near Theni Central Campus Zone sector in Theni.,UNVERIFIED,0
CMP-2026-01112,15,Tenkasi,72,216,Tenkasi South Industrial Bypass,3,Prescription Narcotics / Codeine / Alprazolam,1,Anonymous Citizen Portal,2025-09-28 14:44:18,Observation reported near Tenkasi South Industrial Bypass sector in Tenkasi.,UNVERIFIED,0
CMP-2026-01113,6,Tirunelveli,28,83,Tirunelveli East Campus Zone,6,Unclassified / Suspicious Substance,1,Anonymous Citizen Portal,2025-06-06 16:43:06,Observation reported near Tirunelveli East Campus Zone sector in Tirunelveli.,VERIFIED,0
CMP-2026-01114,2,Coimbatore,6,18,Coimbatore North Industrial Bypass,5,Opioid Analogues / Brown Sugar / Heroin,1,Anonymous Citizen Portal,2026-05-07 23:14:22,Observation reported near Coimbatore North Industrial Bypass sector in Coimbatore.,UNVERIFIED,0
CMP-2026-01115,13,Thoothukudi,62,185,Thoothukudi South Campus Zone,1,Commercial Ganja / Cannabis,1,Anonymous Citizen Portal,2025-05-18 01:06:01,Observation reported near Thoothukudi South Campus Zone sector in Thoothukudi.,NEEDS_VERIFICATION,0
CMP-2026-01116,24,Nilgiris,120,358,Nilgiris Central Market,6,Unclassified / Suspicious Substance,5,Health & Rehab Aggregate Registry,2025-05-01 00:09:24,Observation reported near Nilgiris Central Market sector in Nilgiris.,CORROBORATED,1
CMP-2026-01117,10,Krishnagiri,48,143,Krishnagiri East Campus Zone,1,Commercial Ganja / Cannabis,3,State Checkpost Telemetry,2026-08-14 22:21:45,Observation reported near Krishnagiri East Campus Zone sector in Krishnagiri.,NEEDS_VERIFICATION,0
CMP-2026-01118,5,Tiruchirappalli,21,63,Tiruchirappalli North Industrial Bypass,1,Commercial Ganja / Cannabis,2,Police FIR & Seizure Register,2025-10-24 21:36:51,Observation reported near Tiruchirappalli North Industrial Bypass sector in Tiruchirappalli.,CORROBORATED,0
CMP-2026-01119,7,Erode,34,100,Erode West Market,4,Chemical Precursors / Ephedrine,1,Anonymous Citizen Portal,2026-07-21 22:01:59,Observation reported near Erode West Market sector in Erode.,NEEDS_VERIFICATION,0
CMP-2026-01120,5,Tiruchirappalli,21,63,Tiruchirappalli North Industrial Bypass,5,Opioid Analogues / Brown Sugar / Heroin,2,Police FIR & Seizure Register,2026-05-08 03:17:46,Observation reported near Tiruchirappalli North Industrial Bypass sector in Tiruchirappalli.,UNVERIFIED,0
CMP-2026-01121,18,Tiruvallur,90,269,Tiruvallur Central Campus Zone,5,Opioid Analogues / Brown Sugar / Heroin,4,State Anti-Drug Helpline 10583,2026-05-04 15:09:56,Observation reported near Tiruvallur Central Campus Zone sector in Tiruvallur.,NEEDS_VERIFICATION,0
CMP-2026-01122,38,Tiruvannamalai,190,569,Tiruvannamalai Central Campus Zone,3,Prescription Narcotics / Codeine / Alprazolam,3,State Checkpost Telemetry,2026-04-14 12:15:49,Observation reported near Tiruvannamalai Central Campus Zone sector in Tiruvannamalai.,UNVERIFIED,0
CMP-2026-01123,36,Ranipet,177,530,Ranipet South Campus Zone,5,Opioid Analogues / Brown Sugar / Heroin,4,State Anti-Drug Helpline 10583,2026-07-06 10:38:46,Observation reported near Ranipet South Campus Zone sector in Ranipet.,UNVERIFIED,0
CMP-2026-01124,20,Viluppuram,96,286,Viluppuram North Market,5,Opioid Analogues / Brown Sugar / Heroin,2,Police FIR & Seizure Register,2025-01-11 13:59:40,Observation reported near Viluppuram North Market sector in Viluppuram.,VERIFIED,0
CMP-2026-01125,35,Mayiladuthurai,171,513,Mayiladuthurai North Industrial Bypass,4,Chemical Precursors / Ephedrine,4,State Anti-Drug Helpline 10583,2026-07-29 02:19:53,Observation reported near Mayiladuthurai North Industrial Bypass sector in Mayiladuthurai.,UNVERIFIED,0
CMP-2026-01126,8,Tiruppur,36,108,Tiruppur North Industrial Bypass,1,Commercial Ganja / Cannabis,2,Police FIR & Seizure Register,2025-08-13 10:14:34,Observation reported near Tiruppur North Industrial Bypass sector in Tiruppur.,VERIFIED,0
CMP-2026-01127,34,Nagapattinam,167,499,Nagapattinam South Market,5,Opioid Analogues / Brown Sugar / Heroin,4,State Anti-Drug Helpline 10583,2026-03-12 12:35:36,Observation reported near Nagapattinam South Market sector in Nagapattinam.,VERIFIED,0
CMP-2026-01128,21,Kallakurichi,101,301,Kallakurichi North Market,3,Prescription Narcotics / Codeine / Alprazolam,5,Health & Rehab Aggregate Registry,2026-04-11 14:06:33,Observation reported near Kallakurichi North Market sector in Kallakurichi.,CORROBORATED,0
CMP-2026-01129,14,Kanniyakumari,69,207,Kanniyakumari West Industrial Bypass,2,Synthetic Stimulants / MDMA / Meth,3,State Checkpost Telemetry,2025-10-06 14:21:45,Observation reported near Kanniyakumari West Industrial Bypass sector in Kanniyakumari.,UNVERIFIED,0
CMP-2026-01130,30,Ramanathapuram,147,440,Ramanathapuram South Campus Zone,1,Commercial Ganja / Cannabis,1,Anonymous Citizen Portal,2026-07-13 04:02:40,Observation reported near Ramanathapuram South Campus Zone sector in Ramanathapuram.,VERIFIED,0
CMP-2026-01131,15,Tenkasi,72,214,Tenkasi South Market,2,Synthetic Stimulants / MDMA / Meth,4,State Anti-Drug Helpline 10583,2025-05-23 00:11:09,Observation reported near Tenkasi South Market sector in Tenkasi.,UNVERIFIED,0
CMP-2026-01132,11,Dindigul,51,151,Dindigul North Market,4,Chemical Precursors / Ephedrine,1,Anonymous Citizen Portal,2025-08-01 21:08:14,Observation reported near Dindigul North Market sector in Dindigul.,CORROBORATED,0
CMP-2026-01133,6,Tirunelveli,29,85,Tirunelveli West Market,6,Unclassified / Suspicious Substance,2,Police FIR & Seizure Register,2026-05-20 01:11:26,Observation reported near Tirunelveli West Market sector in Tirunelveli.,UNVERIFIED,0
CMP-2026-01134,13,Thoothukudi,64,191,Thoothukudi West Campus Zone,1,Commercial Ganja / Cannabis,4,State Anti-Drug Helpline 10583,2025-12-17 06:39:06,Observation reported near Thoothukudi West Campus Zone sector in Thoothukudi.,UNVERIFIED,0
CMP-2026-01135,34,Nagapattinam,170,508,Nagapattinam Central Market,4,Chemical Precursors / Ephedrine,1,Anonymous Citizen Portal,2025-08-12 05:57:48,Observation reported near Nagapattinam Central Market sector in Nagapattinam.,CORROBORATED,0
CMP-2026-01136,27,Perambalur,132,394,Perambalur South Market,4,Chemical Precursors / Ephedrine,5,Health & Rehab Aggregate Registry,2024-12-13 20:11:08,Observation reported near Perambalur South Market sector in Perambalur.,VERIFIED,0
CMP-2026-01137,31,Virudhunagar,153,458,Virudhunagar East Campus Zone,6,Unclassified / Suspicious Substance,2,Police FIR & Seizure Register,2025-06-07 05:27:31,Observation reported near Virudhunagar East Campus Zone sector in Virudhunagar.,UNVERIFIED,0
CMP-2026-01138,31,Virudhunagar,152,454,Virudhunagar South Market,4,Chemical Precursors / Ephedrine,5,Health & Rehab Aggregate Registry,2025-03-21 20:29:16,Observation reported near Virudhunagar South Market sector in Virudhunagar.,UNVERIFIED,0
CMP-2026-01139,4,Salem,19,57,Salem West Industrial Bypass,6,Unclassified / Suspicious Substance,4,State Anti-Drug Helpline 10583,2025-10-11 00:18:41,Observation reported near Salem West Industrial Bypass sector in Salem.,UNVERIFIED,0
CMP-2026-01140,2,Coimbatore,10,29,Coimbatore Central Campus Zone,5,Opioid Analogues / Brown Sugar / Heroin,1,Anonymous Citizen Portal,2025-04-19 23:52:20,Observation reported near Coimbatore Central Campus Zone sector in Coimbatore.,VERIFIED,0
CMP-2026-01141,1,Chennai,1,2,Chennai North Campus Zone,5,Opioid Analogues / Brown Sugar / Heroin,4,State Anti-Drug Helpline 10583,2026-06-21 08:35:15,Observation reported near Chennai North Campus Zone sector in Chennai.,NEEDS_VERIFICATION,0
CMP-2026-01142,6,Tirunelveli,29,86,Tirunelveli West Campus Zone,6,Unclassified / Suspicious Substance,5,Health & Rehab Aggregate Registry,2026-05-22 12:24:09,Observation reported near Tirunelveli West Campus Zone sector in Tirunelveli.,NEEDS_VERIFICATION,0
CMP-2026-01143,28,Pudukkottai,136,407,Pudukkottai North Campus Zone,6,Unclassified / Suspicious Substance,3,State Checkpost Telemetry,2026-01-12 04:00:09,Observation reported near Pudukkottai North Campus Zone sector in Pudukkottai.,UNVERIFIED,0
CMP-2026-01144,32,Theni,156,468,Theni North Industrial Bypass,4,Chemical Precursors / Ephedrine,3,State Checkpost Telemetry,2025-07-11 14:16:43,Observation reported near Theni North Industrial Bypass sector in Theni.,VERIFIED,1
CMP-2026-01145,32,Theni,156,468,Theni North Industrial Bypass,4,Chemical Precursors / Ephedrine,3,State Checkpost Telemetry,2026-03-18 22:06:43,Observation reported near Theni North Industrial Bypass sector in Theni.,NEEDS_VERIFICATION,1
CMP-2026-01146,11,Dindigul,53,158,Dindigul East Campus Zone,1,Commercial Ganja / Cannabis,1,Anonymous Citizen Portal,2025-10-15 18:23:04,Observation reported near Dindigul East Campus Zone sector in Dindigul.,CORROBORATED,0
CMP-2026-01147,28,Pudukkottai,140,420,Pudukkottai Central Industrial Bypass,2,Synthetic Stimulants / MDMA / Meth,1,Anonymous Citizen Portal,2024-11-20 13:07:47,Observation reported near Pudukkottai Central Industrial Bypass sector in Pudukkottai.,VERIFIED,0
CMP-2026-01148,4,Salem,16,48,Salem North Industrial Bypass,1,Commercial Ganja / Cannabis,1,Anonymous Citizen Portal,2025-10-17 10:25:13,Observation reported near Salem North Industrial Bypass sector in Salem.,CORROBORATED,0
CMP-2026-01149,32,Theni,160,480,Theni Central Industrial Bypass,1,Commercial Ganja / Cannabis,3,State Checkpost Telemetry,2024-11-03 17:13:32,Observation reported near Theni Central Industrial Bypass sector in Theni.,VERIFIED,1
CMP-2026-01150,15,Tenkasi,72,216,Tenkasi South Industrial Bypass,1,Commercial Ganja / Cannabis,3,State Checkpost Telemetry,2026-03-31 06:08:54,Observation reported near Tenkasi South Industrial Bypass sector in Tenkasi.,VERIFIED,0
CMP-2026-01151,11,Dindigul,53,157,Dindigul East Market,3,Prescription Narcotics / Codeine / Alprazolam,2,Police FIR & Seizure Register,2025-09-25 01:39:57,Observation reported near Dindigul East Market sector in Dindigul.,NEEDS_VERIFICATION,0
CMP-2026-01152,17,Chengalpattu,85,253,Chengalpattu Central Market,6,Unclassified / Suspicious Substance,1,Anonymous Citizen Portal,2025-07-02 01:29:42,Observation reported near Chengalpattu Central Market sector in Chengalpattu.,VERIFIED,0
CMP-2026-01153,21,Kallakurichi,105,313,Kallakurichi Central Market,4,Chemical Precursors / Ephedrine,4,State Anti-Drug Helpline 10583,2025-05-18 14:38:23,Observation reported near Kallakurichi Central Market sector in Kallakurichi.,CORROBORATED,0
CMP-2026-01154,3,Madurai,15,44,Madurai Central Campus Zone,1,Commercial Ganja / Cannabis,3,State Checkpost Telemetry,2025-02-15 07:56:02,Observation reported near Madurai Central Campus Zone sector in Madurai.,CORROBORATED,0
CMP-2026-01155,35,Mayiladuthurai,174,521,Mayiladuthurai West Campus Zone,2,Synthetic Stimulants / MDMA / Meth,1,Anonymous Citizen Portal,2024-12-22 10:03:57,Observation reported near Mayiladuthurai West Campus Zone sector in Mayiladuthurai.,CORROBORATED,0
CMP-2026-01156,36,Ranipet,178,533,Ranipet East Campus Zone,5,Opioid Analogues / Brown Sugar / Heroin,4,State Anti-Drug Helpline 10583,2024-09-29 16:03:00,Observation reported near Ranipet East Campus Zone sector in Ranipet.,UNVERIFIED,0
CMP-2026-01157,10,Krishnagiri,47,141,Krishnagiri South Industrial Bypass,2,Synthetic Stimulants / MDMA / Meth,4,State Anti-Drug Helpline 10583,2025-05-14 00:00:22,Observation reported near Krishnagiri South Industrial Bypass sector in Krishnagiri.,UNVERIFIED,0
CMP-2026-01158,36,Ranipet,180,540,Ranipet Central Industrial Bypass,5,Opioid Analogues / Brown Sugar / Heroin,3,State Checkpost Telemetry,2026-05-08 14:01:42,Observation reported near Ranipet Central Industrial Bypass sector in Ranipet.,CORROBORATED,0
CMP-2026-01159,31,Virudhunagar,154,460,Virudhunagar West Market,3,Prescription Narcotics / Codeine / Alprazolam,1,Anonymous Citizen Portal,2025-06-25 18:39:24,Observation reported near Virudhunagar West Market sector in Virudhunagar.,NEEDS_VERIFICATION,0
CMP-2026-01160,10,Krishnagiri,48,142,Krishnagiri East Market,1,Commercial Ganja / Cannabis,5,Health & Rehab Aggregate Registry,2025-01-18 03:50:01,Observation reported near Krishnagiri East Market sector in Krishnagiri.,CORROBORATED,0
CMP-2026-01161,28,Pudukkottai,140,420,Pudukkottai Central Industrial Bypass,1,Commercial Ganja / Cannabis,2,Police FIR & Seizure Register,2026-04-15 15:29:27,Observation reported near Pudukkottai Central Industrial Bypass sector in Pudukkottai.,VERIFIED,0
CMP-2026-01162,17,Chengalpattu,84,252,Chengalpattu West Industrial Bypass,5,Opioid Analogues / Brown Sugar / Heroin,5,Health & Rehab Aggregate Registry,2026-03-12 19:03:06,Observation reported near Chengalpattu West Industrial Bypass sector in Chengalpattu.,VERIFIED,0
CMP-2026-01163,26,Ariyalur,127,381,Ariyalur South Industrial Bypass,3,Prescription Narcotics / Codeine / Alprazolam,5,Health & Rehab Aggregate Registry,2026-08-03 19:58:21,Observation reported near Ariyalur South Industrial Bypass sector in Ariyalur.,UNVERIFIED,0
CMP-2026-01164,36,Ranipet,180,538,Ranipet Central Market,6,Unclassified / Suspicious Substance,4,State Anti-Drug Helpline 10583,2025-06-23 12:55:49,Observation reported near Ranipet Central Market sector in Ranipet.,VERIFIED,0
CMP-2026-01165,4,Salem,16,48,Salem North Industrial Bypass,4,Chemical Precursors / Ephedrine,5,Health & Rehab Aggregate Registry,2025-01-30 08:49:43,Observation reported near Salem North Industrial Bypass sector in Salem.,VERIFIED,1
CMP-2026-01166,8,Tiruppur,38,114,Tiruppur East Industrial Bypass,2,Synthetic Stimulants / MDMA / Meth,2,Police FIR & Seizure Register,2026-07-12 09:27:38,Observation reported near Tiruppur East Industrial Bypass sector in Tiruppur.,CORROBORATED,0
CMP-2026-01167,9,Vellore,45,134,Vellore Central Campus Zone,6,Unclassified / Suspicious Substance,1,Anonymous Citizen Portal,2025-04-16 19:12:52,Observation reported near Vellore Central Campus Zone sector in Vellore.,VERIFIED,0
CMP-2026-01168,25,Karur,123,368,Karur East Campus Zone,2,Synthetic Stimulants / MDMA / Meth,4,State Anti-Drug Helpline 10583,2025-09-08 18:42:02,Observation reported near Karur East Campus Zone sector in Karur.,UNVERIFIED,0
CMP-2026-01169,23,Namakkal,111,331,Namakkal North Market,3,Prescription Narcotics / Codeine / Alprazolam,3,State Checkpost Telemetry,2026-08-16 19:39:35,Observation reported near Namakkal North Market sector in Namakkal.,CORROBORATED,0
CMP-2026-01170,24,Nilgiris,116,346,Nilgiris North Market,1,Commercial Ganja / Cannabis,5,Health & Rehab Aggregate Registry,2025-03-20 09:28:58,Observation reported near Nilgiris North Market sector in Nilgiris.,UNVERIFIED,0
CMP-2026-01171,13,Thoothukudi,62,186,Thoothukudi South Industrial Bypass,2,Synthetic Stimulants / MDMA / Meth,1,Anonymous Citizen Portal,2026-05-26 15:52:23,Observation reported near Thoothukudi South Industrial Bypass sector in Thoothukudi.,UNVERIFIED,0
CMP-2026-01172,7,Erode,35,104,Erode Central Campus Zone,3,Prescription Narcotics / Codeine / Alprazolam,1,Anonymous Citizen Portal,2026-01-11 14:33:20,Observation reported near Erode Central Campus Zone sector in Erode.,CORROBORATED,0
CMP-2026-01173,26,Ariyalur,126,377,Ariyalur North Campus Zone,5,Opioid Analogues / Brown Sugar / Heroin,1,Anonymous Citizen Portal,2024-10-12 04:53:44,Observation reported near Ariyalur North Campus Zone sector in Ariyalur.,CORROBORATED,0
CMP-2026-01174,21,Kallakurichi,102,304,Kallakurichi South Market,6,Unclassified / Suspicious Substance,5,Health & Rehab Aggregate Registry,2025-03-13 20:47:10,Observation reported near Kallakurichi South Market sector in Kallakurichi.,CORROBORATED,0
CMP-2026-01175,35,Mayiladuthurai,175,525,Mayiladuthurai Central Industrial Bypass,6,Unclassified / Suspicious Substance,1,Anonymous Citizen Portal,2025-03-31 22:00:07,Observation reported near Mayiladuthurai Central Industrial Bypass sector in Mayiladuthurai.,NEEDS_VERIFICATION,0
CMP-2026-01176,18,Tiruvallur,88,264,Tiruvallur East Industrial Bypass,4,Chemical Precursors / Ephedrine,4,State Anti-Drug Helpline 10583,2026-05-01 08:44:51,Observation reported near Tiruvallur East Industrial Bypass sector in Tiruvallur.,VERIFIED,0
CMP-2026-01177,29,Sivaganga,141,422,Sivaganga North Campus Zone,4,Chemical Precursors / Ephedrine,1,Anonymous Citizen Portal,2026-04-20 19:37:13,Observation reported near Sivaganga North Campus Zone sector in Sivaganga.,CORROBORATED,0
CMP-2026-01178,8,Tiruppur,37,109,Tiruppur South Market,3,Prescription Narcotics / Codeine / Alprazolam,4,State Anti-Drug Helpline 10583,2026-04-27 16:00:49,Observation reported near Tiruppur South Market sector in Tiruppur.,NEEDS_VERIFICATION,0
CMP-2026-01179,29,Sivaganga,144,430,Sivaganga West Market,2,Synthetic Stimulants / MDMA / Meth,5,Health & Rehab Aggregate Registry,2024-12-29 21:27:14,Observation reported near Sivaganga West Market sector in Sivaganga.,NEEDS_VERIFICATION,0
CMP-2026-01180,7,Erode,32,96,Erode South Industrial Bypass,1,Commercial Ganja / Cannabis,5,Health & Rehab Aggregate Registry,2026-03-13 04:52:24,Observation reported near Erode South Industrial Bypass sector in Erode.,NEEDS_VERIFICATION,0
CMP-2026-01181,28,Pudukkottai,138,412,Pudukkottai East Market,5,Opioid Analogues / Brown Sugar / Heroin,2,Police FIR & Seizure Register,2025-02-26 06:14:21,Observation reported near Pudukkottai East Market sector in Pudukkottai.,NEEDS_VERIFICATION,1
CMP-2026-01182,17,Chengalpattu,85,253,Chengalpattu Central Market,6,Unclassified / Suspicious Substance,3,State Checkpost Telemetry,2025-01-06 10:10:36,Observation reported near Chengalpattu Central Market sector in Chengalpattu.,CORROBORATED,0
CMP-2026-01183,7,Erode,34,101,Erode West Campus Zone,1,Commercial Ganja / Cannabis,3,State Checkpost Telemetry,2025-12-20 08:30:08,Observation reported near Erode West Campus Zone sector in Erode.,CORROBORATED,0
CMP-2026-01184,4,Salem,17,51,Salem South Industrial Bypass,3,Prescription Narcotics / Codeine / Alprazolam,4,State Anti-Drug Helpline 10583,2024-10-20 10:26:52,Observation reported near Salem South Industrial Bypass sector in Salem.,VERIFIED,0
CMP-2026-01185,15,Tenkasi,72,216,Tenkasi South Industrial Bypass,6,Unclassified / Suspicious Substance,2,Police FIR & Seizure Register,2026-05-12 00:03:10,Observation reported near Tenkasi South Industrial Bypass sector in Tenkasi.,NEEDS_VERIFICATION,0
CMP-2026-01186,30,Ramanathapuram,148,442,Ramanathapuram East Market,5,Opioid Analogues / Brown Sugar / Heroin,2,Police FIR & Seizure Register,2025-03-06 10:47:42,Observation reported near Ramanathapuram East Market sector in Ramanathapuram.,CORROBORATED,0
CMP-2026-01187,32,Theni,156,468,Theni North Industrial Bypass,3,Prescription Narcotics / Codeine / Alprazolam,1,Anonymous Citizen Portal,2026-06-06 19:20:47,Observation reported near Theni North Industrial Bypass sector in Theni.,UNVERIFIED,0
CMP-2026-01188,13,Thoothukudi,61,181,Thoothukudi North Market,2,Synthetic Stimulants / MDMA / Meth,3,State Checkpost Telemetry,2026-02-28 07:03:52,Observation reported near Thoothukudi North Market sector in Thoothukudi.,VERIFIED,0
CMP-2026-01189,31,Virudhunagar,153,457,Virudhunagar East Market,5,Opioid Analogues / Brown Sugar / Heroin,3,State Checkpost Telemetry,2026-08-02 03:40:10,Observation reported near Virudhunagar East Market sector in Virudhunagar.,UNVERIFIED,0
CMP-2026-01190,9,Vellore,43,129,Vellore East Industrial Bypass,4,Chemical Precursors / Ephedrine,5,Health & Rehab Aggregate Registry,2025-02-02 11:27:29,Observation reported near Vellore East Industrial Bypass sector in Vellore.,VERIFIED,0
CMP-2026-01191,38,Tiruvannamalai,189,567,Tiruvannamalai West Industrial Bypass,1,Commercial Ganja / Cannabis,3,State Checkpost Telemetry,2025-07-29 16:27:17,Observation reported near Tiruvannamalai West Industrial Bypass sector in Tiruvannamalai.,CORROBORATED,0
CMP-2026-01192,20,Viluppuram,96,287,Viluppuram North Campus Zone,2,Synthetic Stimulants / MDMA / Meth,5,Health & Rehab Aggregate Registry,2026-08-12 11:21:42,Observation reported near Viluppuram North Campus Zone sector in Viluppuram.,CORROBORATED,0
CMP-2026-01193,16,Kancheepuram,78,234,Kancheepuram East Industrial Bypass,3,Prescription Narcotics / Codeine / Alprazolam,4,State Anti-Drug Helpline 10583,2025-11-18 05:35:27,Observation reported near Kancheepuram East Industrial Bypass sector in Kancheepuram.,CORROBORATED,0
CMP-2026-01194,27,Perambalur,133,397,Perambalur East Market,3,Prescription Narcotics / Codeine / Alprazolam,2,Police FIR & Seizure Register,2025-11-22 23:16:20,Observation reported near Perambalur East Market sector in Perambalur.,NEEDS_VERIFICATION,0
CMP-2026-01195,15,Tenkasi,74,221,Tenkasi West Campus Zone,4,Chemical Precursors / Ephedrine,2,Police FIR & Seizure Register,2026-05-22 17:07:13,Observation reported near Tenkasi West Campus Zone sector in Tenkasi.,CORROBORATED,0
CMP-2026-01196,10,Krishnagiri,46,138,Krishnagiri North Industrial Bypass,5,Opioid Analogues / Brown Sugar / Heroin,4,State Anti-Drug Helpline 10583,2025-06-13 03:47:59,Observation reported near Krishnagiri North Industrial Bypass sector in Krishnagiri.,NEEDS_VERIFICATION,0
CMP-2026-01197,23,Namakkal,112,334,Namakkal South Market,2,Synthetic Stimulants / MDMA / Meth,4,State Anti-Drug Helpline 10583,2025-01-03 13:38:59,Observation reported near Namakkal South Market sector in Namakkal.,CORROBORATED,1
CMP-2026-01198,29,Sivaganga,143,428,Sivaganga East Campus Zone,4,Chemical Precursors / Ephedrine,2,Police FIR & Seizure Register,2024-12-22 03:03:20,Observation reported near Sivaganga East Campus Zone sector in Sivaganga.,NEEDS_VERIFICATION,0
CMP-2026-01199,38,Tiruvannamalai,188,562,Tiruvannamalai East Market,4,Chemical Precursors / Ephedrine,5,Health & Rehab Aggregate Registry,2025-09-06 20:46:19,Observation reported near Tiruvannamalai East Market sector in Tiruvannamalai.,UNVERIFIED,0
CMP-2026-01200,31,Virudhunagar,152,456,Virudhunagar South Industrial Bypass,2,Synthetic Stimulants / MDMA / Meth,1,Anonymous Citizen Portal,2025-07-08 01:03:10,Observation reported near Virudhunagar South Industrial Bypass sector in Virudhunagar.,VERIFIED,0
CMP-2026-01201,30,Ramanathapuram,147,439,Ramanathapuram South Market,3,Prescription Narcotics / Codeine / Alprazolam,4,State Anti-Drug Helpline 10583,2025-03-03 10:40:20,Observation reported near Ramanathapuram South Market sector in Ramanathapuram.,UNVERIFIED,0
CMP-2026-01202,36,Ranipet,177,531,Ranipet South Industrial Bypass,5,Opioid Analogues / Brown Sugar / Heroin,2,Police FIR & Seizure Register,2025-11-14 10:59:39,Observation reported near Ranipet South Industrial Bypass sector in Ranipet.,CORROBORATED,1
CMP-2026-01203,34,Nagapattinam,168,504,Nagapattinam East Industrial Bypass,2,Synthetic Stimulants / MDMA / Meth,1,Anonymous Citizen Portal,2026-08-02 01:57:57,Observation reported near Nagapattinam East Industrial Bypass sector in Nagapattinam.,NEEDS_VERIFICATION,0
CMP-2026-01204,3,Madurai,13,38,Madurai East Campus Zone,6,Unclassified / Suspicious Substance,1,Anonymous Citizen Portal,2024-09-29 03:03:15,Observation reported near Madurai East Campus Zone sector in Madurai.,UNVERIFIED,0
CMP-2026-01205,12,Thanjavur,59,177,Thanjavur West Industrial Bypass,1,Commercial Ganja / Cannabis,2,Police FIR & Seizure Register,2025-02-12 13:21:10,Observation reported near Thanjavur West Industrial Bypass sector in Thanjavur.,CORROBORATED,0
CMP-2026-01206,25,Karur,125,374,Karur Central Campus Zone,2,Synthetic Stimulants / MDMA / Meth,2,Police FIR & Seizure Register,2025-03-25 20:38:48,Observation reported near Karur Central Campus Zone sector in Karur.,UNVERIFIED,0
CMP-2026-01207,7,Erode,34,100,Erode West Market,3,Prescription Narcotics / Codeine / Alprazolam,2,Police FIR & Seizure Register,2026-07-11 11:14:54,Observation reported near Erode West Market sector in Erode.,NEEDS_VERIFICATION,0
CMP-2026-01208,15,Tenkasi,75,223,Tenkasi Central Market,5,Opioid Analogues / Brown Sugar / Heroin,3,State Checkpost Telemetry,2025-02-25 11:13:45,Observation reported near Tenkasi Central Market sector in Tenkasi.,VERIFIED,0
CMP-2026-01209,31,Virudhunagar,152,454,Virudhunagar South Market,1,Commercial Ganja / Cannabis,5,Health & Rehab Aggregate Registry,2026-01-25 01:01:58,Observation reported near Virudhunagar South Market sector in Virudhunagar.,UNVERIFIED,0
CMP-2026-01210,10,Krishnagiri,49,146,Krishnagiri West Campus Zone,3,Prescription Narcotics / Codeine / Alprazolam,2,Police FIR & Seizure Register,2026-06-22 02:34:14,Observation reported near Krishnagiri West Campus Zone sector in Krishnagiri.,CORROBORATED,0
CMP-2026-01211,11,Dindigul,52,155,Dindigul South Campus Zone,4,Chemical Precursors / Ephedrine,5,Health & Rehab Aggregate Registry,2025-06-16 13:58:39,Observation reported near Dindigul South Campus Zone sector in Dindigul.,VERIFIED,0
CMP-2026-01212,30,Ramanathapuram,148,442,Ramanathapuram East Market,4,Chemical Precursors / Ephedrine,3,State Checkpost Telemetry,2026-06-04 17:20:06,Observation reported near Ramanathapuram East Market sector in Ramanathapuram.,CORROBORATED,0
CMP-2026-01213,32,Theni,159,475,Theni West Market,4,Chemical Precursors / Ephedrine,4,State Anti-Drug Helpline 10583,2026-07-04 11:40:05,Observation reported near Theni West Market sector in Theni.,CORROBORATED,0
CMP-2026-01214,34,Nagapattinam,166,497,Nagapattinam North Campus Zone,4,Chemical Precursors / Ephedrine,1,Anonymous Citizen Portal,2026-01-05 21:32:09,Observation reported near Nagapattinam North Campus Zone sector in Nagapattinam.,UNVERIFIED,0
CMP-2026-01215,5,Tiruchirappalli,21,62,Tiruchirappalli North Campus Zone,1,Commercial Ganja / Cannabis,4,State Anti-Drug Helpline 10583,2024-12-17 08:15:34,Observation reported near Tiruchirappalli North Campus Zone sector in Tiruchirappalli.,VERIFIED,0
CMP-2026-01216,37,Tirupathur,182,545,Tirupathur South Campus Zone,1,Commercial Ganja / Cannabis,3,State Checkpost Telemetry,2025-04-10 05:41:04,Observation reported near Tirupathur South Campus Zone sector in Tirupathur.,NEEDS_VERIFICATION,0
CMP-2026-01217,34,Nagapattinam,169,505,Nagapattinam West Market,1,Commercial Ganja / Cannabis,1,Anonymous Citizen Portal,2025-10-25 17:14:56,Observation reported near Nagapattinam West Market sector in Nagapattinam.,VERIFIED,0
CMP-2026-01218,9,Vellore,42,125,Vellore South Campus Zone,1,Commercial Ganja / Cannabis,2,Police FIR & Seizure Register,2025-07-10 13:08:37,Observation reported near Vellore South Campus Zone sector in Vellore.,VERIFIED,0
CMP-2026-01219,23,Namakkal,113,337,Namakkal East Market,1,Commercial Ganja / Cannabis,2,Police FIR & Seizure Register,2024-12-14 00:20:40,Observation reported near Namakkal East Market sector in Namakkal.,UNVERIFIED,0
CMP-2026-01220,30,Ramanathapuram,146,438,Ramanathapuram North Industrial Bypass,1,Commercial Ganja / Cannabis,4,State Anti-Drug Helpline 10583,2025-03-11 08:02:22,Observation reported near Ramanathapuram North Industrial Bypass sector in Ramanathapuram.,VERIFIED,0
CMP-2026-01221,37,Tirupathur,185,554,Tirupathur Central Campus Zone,3,Prescription Narcotics / Codeine / Alprazolam,1,Anonymous Citizen Portal,2026-01-24 19:36:57,Observation reported near Tirupathur Central Campus Zone sector in Tirupathur.,UNVERIFIED,0
CMP-2026-01222,27,Perambalur,134,401,Perambalur West Campus Zone,5,Opioid Analogues / Brown Sugar / Heroin,4,State Anti-Drug Helpline 10583,2025-11-11 00:46:27,Observation reported near Perambalur West Campus Zone sector in Perambalur.,CORROBORATED,0
CMP-2026-01223,21,Kallakurichi,105,314,Kallakurichi Central Campus Zone,4,Chemical Precursors / Ephedrine,5,Health & Rehab Aggregate Registry,2025-03-20 22:37:45,Observation reported near Kallakurichi Central Campus Zone sector in Kallakurichi.,UNVERIFIED,0
CMP-2026-01224,28,Pudukkottai,137,410,Pudukkottai South Campus Zone,5,Opioid Analogues / Brown Sugar / Heroin,2,Police FIR & Seizure Register,2025-04-06 13:56:18,Observation reported near Pudukkottai South Campus Zone sector in Pudukkottai.,UNVERIFIED,0
CMP-2026-01225,37,Tirupathur,185,553,Tirupathur Central Market,1,Commercial Ganja / Cannabis,3,State Checkpost Telemetry,2025-12-04 08:37:21,Observation reported near Tirupathur Central Market sector in Tirupathur.,UNVERIFIED,0
CMP-2026-01226,6,Tirunelveli,30,90,Tirunelveli Central Industrial Bypass,6,Unclassified / Suspicious Substance,3,State Checkpost Telemetry,2024-09-25 08:16:19,Observation reported near Tirunelveli Central Industrial Bypass sector in Tirunelveli.,CORROBORATED,0
CMP-2026-01227,24,Nilgiris,116,347,Nilgiris North Campus Zone,6,Unclassified / Suspicious Substance,5,Health & Rehab Aggregate Registry,2025-08-16 02:05:19,Observation reported near Nilgiris North Campus Zone sector in Nilgiris.,NEEDS_VERIFICATION,0
CMP-2026-01228,4,Salem,16,47,Salem North Campus Zone,4,Chemical Precursors / Ephedrine,4,State Anti-Drug Helpline 10583,2025-06-23 06:42:10,Observation reported near Salem North Campus Zone sector in Salem.,UNVERIFIED,0
CMP-2026-01229,19,Cuddalore,92,275,Cuddalore South Campus Zone,4,Chemical Precursors / Ephedrine,3,State Checkpost Telemetry,2025-06-24 21:12:50,Observation reported near Cuddalore South Campus Zone sector in Cuddalore.,UNVERIFIED,0
CMP-2026-01230,1,Chennai,4,10,Chennai West Market,4,Chemical Precursors / Ephedrine,5,Health & Rehab Aggregate Registry,2025-03-18 17:04:22,Observation reported near Chennai West Market sector in Chennai.,UNVERIFIED,0
CMP-2026-01231,36,Ranipet,180,539,Ranipet Central Campus Zone,2,Synthetic Stimulants / MDMA / Meth,4,State Anti-Drug Helpline 10583,2025-05-20 05:54:28,Observation reported near Ranipet Central Campus Zone sector in Ranipet.,VERIFIED,0
CMP-2026-01232,18,Tiruvallur,88,262,Tiruvallur East Market,5,Opioid Analogues / Brown Sugar / Heroin,2,Police FIR & Seizure Register,2025-09-03 21:16:29,Observation reported near Tiruvallur East Market sector in Tiruvallur.,UNVERIFIED,0
CMP-2026-01233,10,Krishnagiri,49,147,Krishnagiri West Industrial Bypass,2,Synthetic Stimulants / MDMA / Meth,3,State Checkpost Telemetry,2025-08-16 11:49:32,Observation reported near Krishnagiri West Industrial Bypass sector in Krishnagiri.,NEEDS_VERIFICATION,0
CMP-2026-01234,22,Dharmapuri,106,316,Dharmapuri North Market,5,Opioid Analogues / Brown Sugar / Heroin,5,Health & Rehab Aggregate Registry,2025-10-20 14:25:42,Observation reported near Dharmapuri North Market sector in Dharmapuri.,CORROBORATED,0
CMP-2026-01235,21,Kallakurichi,102,304,Kallakurichi South Market,1,Commercial Ganja / Cannabis,1,Anonymous Citizen Portal,2025-08-26 00:28:24,Observation reported near Kallakurichi South Market sector in Kallakurichi.,CORROBORATED,1
CMP-2026-01236,37,Tirupathur,181,541,Tirupathur North Market,6,Unclassified / Suspicious Substance,4,State Anti-Drug Helpline 10583,2026-04-23 14:01:00,Observation reported near Tirupathur North Market sector in Tirupathur.,CORROBORATED,0
CMP-2026-01237,2,Coimbatore,7,20,Coimbatore South Campus Zone,1,Commercial Ganja / Cannabis,5,Health & Rehab Aggregate Registry,2025-06-30 23:08:05,Observation reported near Coimbatore South Campus Zone sector in Coimbatore.,UNVERIFIED,0
CMP-2026-01238,2,Coimbatore,7,20,Coimbatore South Campus Zone,2,Synthetic Stimulants / MDMA / Meth,3,State Checkpost Telemetry,2026-02-20 10:58:54,Observation reported near Coimbatore South Campus Zone sector in Coimbatore.,UNVERIFIED,0
CMP-2026-01239,14,Kanniyakumari,69,207,Kanniyakumari West Industrial Bypass,2,Synthetic Stimulants / MDMA / Meth,3,State Checkpost Telemetry,2026-05-12 10:23:53,Observation reported near Kanniyakumari West Industrial Bypass sector in Kanniyakumari.,VERIFIED,0
CMP-2026-01240,7,Erode,35,105,Erode Central Industrial Bypass,4,Chemical Precursors / Ephedrine,5,Health & Rehab Aggregate Registry,2025-10-16 10:30:55,Observation reported near Erode Central Industrial Bypass sector in Erode.,VERIFIED,0
CMP-2026-01241,34,Nagapattinam,167,499,Nagapattinam South Market,2,Synthetic Stimulants / MDMA / Meth,2,Police FIR & Seizure Register,2024-09-29 16:09:15,Observation reported near Nagapattinam South Market sector in Nagapattinam.,NEEDS_VERIFICATION,0
CMP-2026-01242,15,Tenkasi,74,221,Tenkasi West Campus Zone,5,Opioid Analogues / Brown Sugar / Heroin,4,State Anti-Drug Helpline 10583,2025-08-16 22:23:48,Observation reported near Tenkasi West Campus Zone sector in Tenkasi.,NEEDS_VERIFICATION,0
CMP-2026-01243,8,Tiruppur,37,110,Tiruppur South Campus Zone,3,Prescription Narcotics / Codeine / Alprazolam,2,Police FIR & Seizure Register,2025-11-25 21:02:48,Observation reported near Tiruppur South Campus Zone sector in Tiruppur.,NEEDS_VERIFICATION,0
CMP-2026-01244,23,Namakkal,114,341,Namakkal West Campus Zone,1,Commercial Ganja / Cannabis,4,State Anti-Drug Helpline 10583,2026-02-25 11:54:24,Observation reported near Namakkal West Campus Zone sector in Namakkal.,NEEDS_VERIFICATION,0
CMP-2026-01245,35,Mayiladuthurai,175,523,Mayiladuthurai Central Market,4,Chemical Precursors / Ephedrine,3,State Checkpost Telemetry,2026-02-01 08:14:34,Observation reported near Mayiladuthurai Central Market sector in Mayiladuthurai.,NEEDS_VERIFICATION,0
CMP-2026-01246,1,Chennai,3,9,Chennai East Industrial Bypass,5,Opioid Analogues / Brown Sugar / Heroin,3,State Checkpost Telemetry,2025-08-03 09:48:47,Observation reported near Chennai East Industrial Bypass sector in Chennai.,NEEDS_VERIFICATION,0
CMP-2026-01247,11,Dindigul,53,159,Dindigul East Industrial Bypass,1,Commercial Ganja / Cannabis,1,Anonymous Citizen Portal,2025-07-16 00:20:03,Observation reported near Dindigul East Industrial Bypass sector in Dindigul.,UNVERIFIED,0
CMP-2026-01248,4,Salem,18,52,Salem East Market,4,Chemical Precursors / Ephedrine,1,Anonymous Citizen Portal,2024-12-05 21:50:38,Observation reported near Salem East Market sector in Salem.,CORROBORATED,1
CMP-2026-01249,13,Thoothukudi,62,185,Thoothukudi South Campus Zone,6,Unclassified / Suspicious Substance,1,Anonymous Citizen Portal,2025-05-20 12:35:58,Observation reported near Thoothukudi South Campus Zone sector in Thoothukudi.,VERIFIED,0
CMP-2026-01250,35,Mayiladuthurai,172,516,Mayiladuthurai South Industrial Bypass,4,Chemical Precursors / Ephedrine,4,State Anti-Drug Helpline 10583,2026-01-29 07:12:21,Observation reported near Mayiladuthurai South Industrial Bypass sector in Mayiladuthurai.,CORROBORATED,0