police_report_id,district_id,district_name,taluk_id,locality_id,station_code,incident_timestamp,operation_type,category_id,category_name,investigation_status
POL-2026-00001,28,Pudukkottai,137,409,PS-PUD-B3,2025-05-05 20:48:07,SEARCH_SEIZURE,5,Opioid Analogues / Brown Sugar / Heroin,PENDING_INVESTIGATION
POL-2026-00002,16,Kancheepuram,78,233,PS-KAN-B2,2026-05-05 03:00:23,SEARCH_SEIZURE,6,Unclassified / Suspicious Substance,ACTION_COMPLETED
POL-2026-00003,38,Tiruvannamalai,190,568,PS-TIR-B3,2024-10-14 23:31:37,ROUTINE_BEAT_PATROL,2,Synthetic Stimulants / MDMA / Meth,ACTION_COMPLETED
POL-2026-00004,7,Erode,35,103,PS-ERO-B4,2024-10-26 04:46:14,ROUTINE_BEAT_PATROL,6,Unclassified / Suspicious Substance,ACTION_COMPLETED
POL-2026-00005,1,Chennai,4,10,PS-CHE-B3,2025-05-22 03:06:55,SEARCH_SEIZURE,1,Commercial Ganja / Cannabis,ACTION_COMPLETED
POL-2026-00006,29,Sivaganga,142,424,PS-SIV-B4,2024-12-17 23:35:57,CHECKPOST_INTERCEPTION,3,Prescription Narcotics / Codeine / Alprazolam,CASE_REGISTERED
POL-2026-00007,17,Chengalpattu,83,249,PS-CHE-B1,2026-01-23 18:51:15,SEARCH_SEIZURE,2,Synthetic Stimulants / MDMA / Meth,PENDING_INVESTIGATION
POL-2026-00008,15,Tenkasi,73,219,PS-TEN-B1,2025-01-10 22:19:56,CHECKPOST_INTERCEPTION,1,Commercial Ganja / Cannabis,CASE_REGISTERED
POL-2026-00009,7,Erode,35,105,PS-ERO-B2,2025-09-22 14:08:31,SEARCH_SEIZURE,1,Commercial Ganja / Cannabis,CASE_REGISTERED
POL-2026-00010,2,Coimbatore,6,16,PS-COI-B4,2026-08-13 04:10:34,SPECIAL_TASK_DRIVE,5,Opioid Analogues / Brown Sugar / Heroin,PENDING_INVESTIGATION
POL-2026-00011,35,Mayiladuthurai,171,512,PS-MAY-B1,2026-07-31 09:55:45,CHECKPOST_INTERCEPTION,6,Unclassified / Suspicious Substance,PENDING_INVESTIGATION
POL-2026-00012,16,Kancheepuram,76,226,PS-KAN-B2,2026-04-01 05:27:24,ROUTINE_BEAT_PATROL,6,Unclassified / Suspicious Substance,CASE_REGISTERED
POL-2026-00013,29,Sivaganga,141,423,PS-SIV-B3,2024-12-29 02:01:19,SPECIAL_TASK_DRIVE,3,Prescription Narcotics / Codeine / Alprazolam,CASE_REGISTERED
POL-2026-00014,20,Viluppuram,96,288,PS-VIL-B3,2026-01-08 21:05:57,SPECIAL_TASK_DRIVE,2,Synthetic Stimulants / MDMA / Meth,CASE_REGISTERED
POL-2026-00015,34,Nagapattinam,168,502,PS-NAG-B2,2026-08-18 05:51:28,ROUTINE_BEAT_PATROL,6,Unclassified / Suspicious Substance,CASE_REGISTERED
POL-2026-00016,5,Tiruchirappalli,21,63,PS-TIR-B1,2025-08-19 11:53:31,ROUTINE_BEAT_PATROL,1,Commercial Ganja / Cannabis,CASE_REGISTERED
POL-2026-00017,8,Tiruppur,40,120,PS-TIR-B2,2025-02-04 21:44:42,SEARCH_SEIZURE,2,Synthetic Stimulants / MDMA / Meth,PENDING_INVESTIGATION
POL-2026-00018,25,Karur,123,367,PS-KAR-B4,2025-04-13 13:58:16,CHECKPOST_INTERCEPTION,4,Chemical Precursors / Ephedrine,PENDING_INVESTIGATION
POL-2026-00019,26,Ariyalur,130,388,PS-ARI-B3,2025-03-12 23:39:06,ROUTINE_BEAT_PATROL,3,Prescription Narcotics / Codeine / Alprazolam,CASE_REGISTERED
POL-2026-00020,34,Nagapattinam,167,499,PS-NAG-B2,2026-02-12 06:42:06,ROUTINE_BEAT_PATROL,5,Opioid Analogues / Brown Sugar / Heroin,ACTION_COMPLETED
POL-2026-00021,23,Namakkal,114,342,PS-NAM-B1,2026-07-27 13:57:38,ROUTINE_BEAT_PATROL,3,Prescription Narcotics / Codeine / Alprazolam,CASE_REGISTERED
POL-2026-00022,10,Krishnagiri,49,145,PS-KRI-B2,2025-02-25 21:19:29,CHECKPOST_INTERCEPTION,6,Unclassified / Suspicious Substance,PENDING_INVESTIGATION
POL-2026-00023,12,Thanjavur,58,174,PS-THA-B2,2024-11-13 16:58:58,SEARCH_SEIZURE,6,Unclassified / Suspicious Substance,PENDING_INVESTIGATION
POL-2026-00024,3,Madurai,15,43,PS-MAD-B1,2025-01-23 00:02:12,CHECKPOST_INTERCEPTION,1,Commercial Ganja / Cannabis,ACTION_COMPLETED
POL-2026-00025,17,Chengalpattu,81,241,PS-CHE-B2,2026-07-26 22:31:28,ROUTINE_BEAT_PATROL,2,Synthetic Stimulants / MDMA / Meth,CASE_REGISTERED
POL-2026-00026,7,Erode,32,96,PS-ERO-B4,2025-08-22 13:30:56,CHECKPOST_INTERCEPTION,2,Synthetic Stimulants / MDMA / Meth,CASE_REGISTERED
POL-2026-00027,15,Tenkasi,75,224,PS-TEN-B2,2024-12-24 22:16:08,ROUTINE_BEAT_PATROL,3,Prescription Narcotics / Codeine / Alprazolam,CASE_REGISTERED
POL-2026-00028,10,Krishnagiri,46,137,PS-KRI-B3,2025-03-17 05:12:44,CHECKPOST_INTERCEPTION,4,Chemical Precursors / Ephedrine,PENDING_INVESTIGATION
POL-2026-00029,24,Nilgiris,120,358,PS-NIL-B2,2025-02-06 18:49:26,SPECIAL_TASK_DRIVE,6,Unclassified / Suspicious Substance,PENDING_INVESTIGATION
POL-2026-00030,30,Ramanathapuram,146,437,PS-RAM-B2,2026-05-02 01:11:49,ROUTINE_BEAT_PATROL,6,Unclassified / Suspicious Substance,CASE_REGISTERED
POL-2026-00031,12,Thanjavur,59,177,PS-THA-B4,2025-05-15 00:43:41,SPECIAL_TASK_DRIVE,4,Chemical Precursors / Ephedrine,CASE_REGISTERED
POL-2026-00032,12,Thanjavur,60,179,PS-THA-B1,2025-07-27 23:59:16,SEARCH_SEIZURE,4,Chemical Precursors / Ephedrine,ACTION_COMPLETED
POL-2026-00033,17,Chengalpattu,85,253,PS-CHE-B2,2025-04-18 10:02:06,SEARCH_SEIZURE,5,Opioid Analogues / Brown Sugar / Heroin,CASE_REGISTERED
POL-2026-00034,11,Dindigul,51,151,PS-DIN-B3,2025-03-29 10:37:00,SPECIAL_TASK_DRIVE,1,Commercial Ganja / Cannabis,CASE_REGISTERED
POL-2026-00035,31,Virudhunagar,153,457,PS-VIR-B4,2025-05-11 19:10:35,SPECIAL_TASK_DRIVE,5,Opioid Analogues / Brown Sugar / Heroin,CASE_REGISTERED
POL-2026-00036,28,Pudukkottai,136,406,PS-PUD-B4,2025-04-18 20:43:04,SEARCH_SEIZURE,1,Commercial Ganja / Cannabis,CASE_REGISTERED
POL-2026-00037,13,Thoothukudi,62,184,PS-THO-B1,2025-05-02 08:32:46,CHECKPOST_INTERCEPTION,6,Unclassified / Suspicious Substance,CASE_REGISTERED
POL-2026-00038,11,Dindigul,52,156,PS-DIN-B2,2025-12-13 04:58:41,SEARCH_SEIZURE,1,Commercial Ganja / Cannabis,CASE_REGISTERED
POL-2026-00039,27,Perambalur,134,400,PS-PER-B3,2025-04-06 15:24:37,SEARCH_SEIZURE,4,Chemical Precursors / Ephedrine,ACTION_COMPLETED
POL-2026-00040,24,Nilgiris,120,360,PS-NIL-B3,2025-12-13 21:29:45,ROUTINE_BEAT_PATROL,6,Unclassified / Suspicious Substance,PENDING_INVESTIGATION
POL-2026-00041,1,Chennai,2,5,PS-CHE-B2,2026-05-01 17:57:17,SPECIAL_TASK_DRIVE,1,Commercial Ganja / Cannabis,CASE_REGISTERED
POL-2026-00042,16,Kancheepuram,76,226,PS-KAN-B4,2025-12-27 19:14:29,SEARCH_SEIZURE,1,Commercial Ganja / Cannabis,ACTION_COMPLETED
POL-2026-00043,37,Tirupathur,181,543,PS-TIR-B3,2026-06-19 21:16:20,SEARCH_SEIZURE,3,Prescription Narcotics / Codeine / Alprazolam,ACTION_COMPLETED
POL-2026-00044,20,Viluppuram,98,294,PS-VIL-B4,2024-10-25 05:38:24,ROUTINE_BEAT_PATROL,6,Unclassified / Suspicious Substance,PENDING_INVESTIGATION
POL-2026-00045,10,Krishnagiri,47,140,PS-KRI-B1,2024-11-11 11:13:52,SEARCH_SEIZURE,6,Unclassified / Suspicious Substance,ACTION_COMPLETED
POL-2026-00046,26,Ariyalur,126,376,PS-ARI-B4,2026-04-08 07:19:57,SEARCH_SEIZURE,1,Commercial Ganja / Cannabis,PENDING_INVESTIGATION
POL-2026-00047,27,Perambalur,131,392,PS-PER-B2,2025-04-04 02:37:22,CHECKPOST_INTERCEPTION,6,Unclassified / Suspicious Substance,ACTION_COMPLETED
POL-2026-00048,8,Tiruppur,36,107,PS-TIR-B1,2024-09-23 09:53:00,ROUTINE_BEAT_PATROL,6,Unclassified / Suspicious Substance,PENDING_INVESTIGATION
POL-2026-00049,6,Tirunelveli,29,85,PS-TIR-B4,2025-11-26 22:46:13,SEARCH_SEIZURE,6,Unclassified / Suspicious Substance,ACTION_COMPLETED
POL-2026-00050,29,Sivaganga,143,427,PS-SIV-B1,2026-08-08 03:07:29,SPECIAL_TASK_DRIVE,1,Commercial Ganja / Cannabis,PENDING_INVESTIGATION
POL-2026-00051,1,Chennai,4,11,PS-CHE-B3,2026-03-19 11:01:30,SPECIAL_TASK_DRIVE,2,Synthetic Stimulants / MDMA / Meth,ACTION_COMPLETED
POL-2026-00052,38,Tiruvannamalai,187,560,PS-TIR-B2,2025-12-03 21:15:27,SPECIAL_TASK_DRIVE,2,Synthetic Stimulants / MDMA / Meth,CASE_REGISTERED
POL-2026-00053,13,Thoothukudi,64,190,PS-THO-B2,2025-11-01 17:36:05,CHECKPOST_INTERCEPTION,6,Unclassified / Suspicious Substance,PENDING_INVESTIGATION
POL-2026-00054,14,Kanniyakumari,67,200,PS-KAN-B4,2026-08-09 14:50:34,CHECKPOST_INTERCEPTION,2,Synthetic Stimulants / MDMA / Meth,CASE_REGISTERED
POL-2026-00055,15,Tenkasi,74,220,PS-TEN-B4,2025-02-21 10:38:34,SEARCH_SEIZURE,3,Prescription Narcotics / Codeine / Alprazolam,CASE_REGISTERED
POL-2026-00056,22,Dharmapuri,110,328,PS-DHA-B3,2025-03-16 12:53:30,SPECIAL_TASK_DRIVE,4,Chemical Precursors / Ephedrine,CASE_REGISTERED
POL-2026-00057,13,Thoothukudi,61,183,PS-THO-B4,2026-06-17 22:02:37,SEARCH_SEIZURE,1,Commercial Ganja / Cannabis,CASE_REGISTERED
POL-2026-00058,36,Ranipet,179,536,PS-RAN-B2,2024-12-05 12:21:46,SEARCH_SEIZURE,4,Chemical Precursors / Ephedrine,ACTION_COMPLETED
POL-2026-00059,32,Theni,160,480,PS-THE-B1,2025-08-18 23:58:40,ROUTINE_BEAT_PATROL,6,Unclassified / Suspicious Substance,CASE_REGISTERED
POL-2026-00060,10,Krishnagiri,46,137,PS-KRI-B1,2026-02-03 01:52:57,ROUTINE_BEAT_PATROL,2,Synthetic Stimulants / MDMA / Meth,ACTION_COMPLETED
POL-2026-00061,27,Perambalur,135,404,PS-PER-B1,2024-12-28 05:40:14,SEARCH_SEIZURE,6,Unclassified / Suspicious Substance,CASE_REGISTERED
POL-2026-00062,28,Pudukkottai,139,417,PS-PUD-B4,2025-04-24 06:42:21,SPECIAL_TASK_DRIVE,1,Commercial Ganja / Cannabis,CASE_REGISTERED
POL-2026-00063,26,Ariyalur,127,381,PS-ARI-B4,2025-02-02 14:11:17,SEARCH_SEIZURE,1,Commercial Ganja / Cannabis,PENDING_INVESTIGATION
POL-2026-00064,21,Kallakurichi,104,310,PS-KAL-B3,2025-09-30 20:00:12,SPECIAL_TASK_DRIVE,3,Prescription Narcotics / Codeine / Alprazolam,CASE_REGISTERED
POL-2026-00065,26,Ariyalur,128,382,PS-ARI-B2,2026-02-05 12:27:05,ROUTINE_BEAT_PATROL,6,Unclassified / Suspicious Substance,ACTION_COMPLETED
POL-2026-00066,31,Virudhunagar,152,454,PS-VIR-B2,2025-07-05 18:07:36,ROUTINE_BEAT_PATROL,6,Unclassified / Suspicious Substance,ACTION_COMPLETED
POL-2026-00067,38,Tiruvannamalai,187,560,PS-TIR-B3,2025-03-04 08:11:51,ROUTINE_BEAT_PATROL,2,Synthetic Stimulants / MDMA / Meth,CASE_REGISTERED
POL-2026-00068,16,Kancheepuram,77,230,PS-KAN-B1,2026-05-31 03:35:09,CHECKPOST_INTERCEPTION,6,Unclassified / Suspicious Substance,ACTION_COMPLETED
POL-2026-00069,33,Thiruvarur,163,487,PS-THI-B1,2025-03-06 18:26:41,SPECIAL_TASK_DRIVE,1,Commercial Ganja / Cannabis,ACTION_COMPLETED
POL-2026-00070,1,Chennai,5,14,PS-CHE-B2,2026-04-20 13:39:36,SEARCH_SEIZURE,2,Synthetic Stimulants / MDMA / Meth,CASE_REGISTERED
POL-2026-00071,24,Nilgiris,116,348,PS-NIL-B3,2026-06-04 17:10:24,ROUTINE_BEAT_PATROL,6,Unclassified / Suspicious Substance,PENDING_INVESTIGATION
POL-2026-00072,35,Mayiladuthurai,173,517,PS-MAY-B3,2024-11-27 06:52:52,SPECIAL_TASK_DRIVE,2,Synthetic Stimulants / MDMA / Meth,ACTION_COMPLETED
POL-2026-00073,31,Virudhunagar,151,453,PS-VIR-B4,2026-02-22 03:37:18,CHECKPOST_INTERCEPTION,4,Chemical Precursors / Ephedrine,ACTION_COMPLETED
POL-2026-00074,1,Chennai,1,1,PS-CHE-B1,2024-10-26 04:03:47,ROUTINE_BEAT_PATROL,2,Synthetic Stimulants / MDMA / Meth,ACTION_COMPLETED
POL-2026-00075,6,Tirunelveli,28,82,PS-TIR-B2,2026-02-20 21:28:23,SEARCH_SEIZURE,1,Commercial Ganja / Cannabis,CASE_REGISTERED
POL-2026-00076,28,Pudukkottai,138,414,PS-PUD-B2,2024-12-16 00:49:23,ROUTINE_BEAT_PATROL,5,Opioid Analogues / Brown Sugar / Heroin,CASE_REGISTERED
POL-2026-00077,38,Tiruvannamalai,187,559,PS-TIR-B3,2025-09-20 14:41:55,SEARCH_SEIZURE,2,Synthetic Stimulants / MDMA / Meth,PENDING_INVESTIGATION
POL-2026-00078,16,Kancheepuram,76,226,PS-KAN-B3,2026-04-12 13:06:51,CHECKPOST_INTERCEPTION,6,Unclassified / Suspicious Substance,ACTION_COMPLETED
POL-2026-00079,1,Chennai,4,11,PS-CHE-B1,2025-06-04 06:15:54,ROUTINE_BEAT_PATROL,2,Synthetic Stimulants / MDMA / Meth,CASE_REGISTERED
POL-2026-00080,17,Chengalpattu,83,247,PS-CHE-B3,2025-03-24 19:35:08,SEARCH_SEIZURE,3,Prescription Narcotics / Codeine / Alprazolam,CASE_REGISTERED
POL-2026-00081,33,Thiruvarur,162,485,PS-THI-B2,2025-01-03 22:30:34,SPECIAL_TASK_DRIVE,1,Commercial Ganja / Cannabis,PENDING_INVESTIGATION
POL-2026-00082,12,Thanjavur,56,166,PS-THA-B4,2025-10-17 16:36:58,CHECKPOST_INTERCEPTION,4,Chemical Precursors / Ephedrine,CASE_REGISTERED
POL-2026-00083,9,Vellore,44,132,PS-VEL-B3,2024-12-24 12:24:18,CHECKPOST_INTERCEPTION,4,Chemical Precursors / Ephedrine,PENDING_INVESTIGATION
POL-2026-00084,32,Theni,157,469,PS-THE-B1,2024-12-21 10:56:28,ROUTINE_BEAT_PATROL,2,Synthetic Stimulants / MDMA / Meth,ACTION_COMPLETED
POL-2026-00085,17,Chengalpattu,83,248,PS-CHE-B1,2025-07-23 23:27:03,SPECIAL_TASK_DRIVE,6,Unclassified / Suspicious Substance,ACTION_COMPLETED
POL-2026-00086,37,Tirupathur,185,555,PS-TIR-B2,2024-11-04 16:03:02,SPECIAL_TASK_DRIVE,1,Commercial Ganja / Cannabis,CASE_REGISTERED
POL-2026-00087,35,Mayiladuthurai,173,519,PS-MAY-B3,2025-08-02 05:17:22,CHECKPOST_INTERCEPTION,1,Commercial Ganja / Cannabis,CASE_REGISTERED
POL-2026-00088,28,Pudukkottai,137,411,PS-PUD-B1,2025-08-11 00:05:07,SPECIAL_TASK_DRIVE,3,Prescription Narcotics / Codeine / Alprazolam,PENDING_INVESTIGATION
POL-2026-00089,20,Viluppuram,99,297,PS-VIL-B2,2026-04-07 13:22:55,ROUTINE_BEAT_PATROL,6,Unclassified / Suspicious Substance,ACTION_COMPLETED
POL-2026-00090,23,Namakkal,114,340,PS-NAM-B1,2026-06-11 20:03:26,ROUTINE_BEAT_PATROL,4,Chemical Precursors / Ephedrine,ACTION_COMPLETED
POL-2026-00091,28,Pudukkottai,138,414,PS-PUD-B1,2025-06-06 22:36:27,ROUTINE_BEAT_PATROL,6,Unclassified / Suspicious Substance,ACTION_COMPLETED
POL-2026-00092,38,Tiruvannamalai,187,559,PS-TIR-B4,2026-01-21 14:38:06,SEARCH_SEIZURE,6,Unclassified / Suspicious Substance,ACTION_COMPLETED
POL-2026-00093,9,Vellore,42,124,PS-VEL-B4,2026-06-26 01:34:15,SPECIAL_TASK_DRIVE,3,Prescription Narcotics / Codeine / Alprazolam,CASE_REGISTERED
POL-2026-00094,13,Thoothukudi,64,192,PS-THO-B1,2026-01-23 05:44:32,CHECKPOST_INTERCEPTION,4,Chemical Precursors / Ephedrine,ACTION_COMPLETED
POL-2026-00095,33,Thiruvarur,164,492,PS-THI-B3,2026-07-02 14:07:48,SEARCH_SEIZURE,5,Opioid Analogues / Brown Sugar / Heroin,CASE_REGISTERED
POL-2026-00096,26,Ariyalur,126,376,PS-ARI-B1,2025-08-21 05:49:46,ROUTINE_BEAT_PATROL,6,Unclassified / Suspicious Substance,PENDING_INVESTIGATION
POL-2026-00097,35,Mayiladuthurai,173,519,PS-MAY-B1,2025-10-07 01:13:03,ROUTINE_BEAT_PATROL,6,Unclassified / Suspicious Substance,CASE_REGISTERED
POL-2026-00098,22,Dharmapuri,109,327,PS-DHA-B1,2025-12-28 05:57:32,CHECKPOST_INTERCEPTION,4,Chemical Precursors / Ephedrine,CASE_REGISTERED
POL-2026-00099,38,Tiruvannamalai,188,563,PS-TIR-B1,2025-03-21 04:17:33,CHECKPOST_INTERCEPTION,2,Synthetic Stimulants / MDMA / Meth,ACTION_COMPLETED
POL-2026-00100,19,Cuddalore,93,279,PS-CUD-B1,2025-03-21 16:22:39,SPECIAL_TASK_DRIVE,5,Opioid Analogues / Brown Sugar / Heroin,ACTION_COMPLETED
POL-2026-00101,6,Tirunelveli,27,80,PS-TIR-B3,2025-12-03 15:22:37,ROUTINE_BEAT_PATROL,6,Unclassified / Suspicious Substance,CASE_REGISTERED
POL-2026-00102,17,Chengalpattu,81,243,PS-CHE-B4,2025-09-05 05:22:15,SPECIAL_TASK_DRIVE,4,Chemical Precursors / Ephedrine,CASE_REGISTERED
POL-2026-00103,20,Viluppuram,99,295,PS-VIL-B1,2025-06-17 04:26:44,SEARCH_SEIZURE,2,Synthetic Stimulants / MDMA / Meth,ACTION_COMPLETED
POL-2026-00104,11,Dindigul,51,153,PS-DIN-B2,2025-08-18 05:00:32,CHECKPOST_INTERCEPTION,3,Prescription Narcotics / Codeine / Alprazolam,PENDING_INVESTIGATION
POL-2026-00105,30,Ramanathapuram,149,446,PS-RAM-B2,2025-02-27 01:49:03,SPECIAL_TASK_DRIVE,6,Unclassified / Suspicious Substance,PENDING_INVESTIGATION
POL-2026-00106,2,Coimbatore,9,27,PS-COI-B4,2025-11-27 01:03:59,ROUTINE_BEAT_PATROL,3,Prescription Narcotics / Codeine / Alprazolam,ACTION_COMPLETED
POL-2026-00107,16,Kancheepuram,76,227,PS-KAN-B3,2025-04-17 12:22:04,SPECIAL_TASK_DRIVE,4,Chemical Precursors / Ephedrine,CASE_REGISTERED
POL-2026-00108,11,Dindigul,55,165,PS-DIN-B4,2026-08-13 17:56:15,SEARCH_SEIZURE,2,Synthetic Stimulants / MDMA / Meth,PENDING_INVESTIGATION
POL-2026-00109,36,Ranipet,178,534,PS-RAN-B1,2025-02-18 15:52:12,SPECIAL_TASK_DRIVE,2,Synthetic Stimulants / MDMA / Meth,PENDING_INVESTIGATION
POL-2026-00110,5,Tiruchirappalli,23,67,PS-TIR-B2,2025-04-14 17:45:51,ROUTINE_BEAT_PATROL,3,Prescription Narcotics / Codeine / Alprazolam,CASE_REGISTERED
POL-2026-00111,34,Nagapattinam,169,506,PS-NAG-B1,2024-11-23 22:28:48,CHECKPOST_INTERCEPTION,3,Prescription Narcotics / Codeine / Alprazolam,ACTION_COMPLETED
POL-2026-00112,24,Nilgiris,118,352,PS-NIL-B1,2026-04-05 21:06:38,SPECIAL_TASK_DRIVE,6,Unclassified / Suspicious Substance,CASE_REGISTERED
POL-2026-00113,33,Thiruvarur,163,488,PS-THI-B3,2024-10-14 04:58:25,SPECIAL_TASK_DRIVE,1,Commercial Ganja / Cannabis,PENDING_INVESTIGATION
POL-2026-00114,37,Tirupathur,185,553,PS-TIR-B1,2026-01-20 21:28:18,ROUTINE_BEAT_PATROL,2,Synthetic Stimulants / MDMA / Meth,ACTION_COMPLETED
POL-2026-00115,14,Kanniyakumari,68,204,PS-KAN-B2,2025-02-18 11:53:32,ROUTINE_BEAT_PATROL,5,Opioid Analogues / Brown Sugar / Heroin,CASE_REGISTERED
POL-2026-00116,33,Thiruvarur,162,484,PS-THI-B1,2025-03-23 02:53:45,SEARCH_SEIZURE,1,Commercial Ganja / Cannabis,ACTION_COMPLETED
POL-2026-00117,1,Chennai,1,2,PS-CHE-B4,2025-06-13 20:21:55,SEARCH_SEIZURE,5,Opioid Analogues / Brown Sugar / Heroin,CASE_REGISTERED
POL-2026-00118,27,Perambalur,132,396,PS-PER-B2,2025-06-18 10:32:41,CHECKPOST_INTERCEPTION,3,Prescription Narcotics / Codeine / Alprazolam,PENDING_INVESTIGATION
POL-2026-00119,38,Tiruvannamalai,186,557,PS-TIR-B4,2026-03-09 17:57:11,SPECIAL_TASK_DRIVE,5,Opioid Analogues / Brown Sugar / Heroin,ACTION_COMPLETED
POL-2026-00120,31,Virudhunagar,151,451,PS-VIR-B1,2025-05-15 06:00:18,SPECIAL_TASK_DRIVE,6,Unclassified / Suspicious Substance,CASE_REGISTERED
POL-2026-00121,12,Thanjavur,58,172,PS-THA-B3,2026-02-22 19:32:08,CHECKPOST_INTERCEPTION,4,Chemical Precursors / Ephedrine,CASE_REGISTERED
POL-2026-00122,6,Tirunelveli,26,76,PS-TIR-B2,2026-04-06 06:06:18,ROUTINE_BEAT_PATROL,5,Opioid Analogues / Brown Sugar / Heroin,PENDING_INVESTIGATION
POL-2026-00123,7,Erode,34,102,PS-ERO-B2,2025-02-27 00:22:13,SEARCH_SEIZURE,1,Commercial Ganja / Cannabis,ACTION_COMPLETED
POL-2026-00124,4,Salem,19,57,PS-SAL-B1,2025-09-12 12:38:17,CHECKPOST_INTERCEPTION,6,Unclassified / Suspicious Substance,PENDING_INVESTIGATION
POL-2026-00125,1,Chennai,1,3,PS-CHE-B4,2025-01-12 07:01:37,CHECKPOST_INTERCEPTION,3,Prescription Narcotics / Codeine / Alprazolam,CASE_REGISTERED
POL-2026-00126,34,Nagapattinam,170,508,PS-NAG-B1,2024-12-12 23:54:06,SPECIAL_TASK_DRIVE,6,Unclassified / Suspicious Substance,PENDING_INVESTIGATION
POL-2026-00127,1,Chennai,1,1,PS-CHE-B1,2025-07-05 07:42:03,ROUTINE_BEAT_PATROL,2,Synthetic Stimulants / MDMA / Meth,ACTION_COMPLETED
POL-2026-00128,18,Tiruvallur,87,260,PS-TIR-B1,2026-07-08 15:44:06,SEARCH_SEIZURE,3,Prescription Narcotics / Codeine / Alprazolam,ACTION_COMPLETED
POL-2026-00129,11,Dindigul,52,154,PS-DIN-B2,2026-01-08 03:17:40,ROUTINE_BEAT_PATROL,4,Chemical Precursors / Ephedrine,CASE_REGISTERED
POL-2026-00130,21,Kallakurichi,103,307,PS-KAL-B2,2026-06-24 20:18:43,CHECKPOST_INTERCEPTION,1,Commercial Ganja / Cannabis,PENDING_INVESTIGATION
POL-2026-00131,7,Erode,33,97,PS-ERO-B4,2025-12-04 23:22:54,ROUTINE_BEAT_PATROL,1,Commercial Ganja / Cannabis,PENDING_INVESTIGATION
POL-2026-00132,16,Kancheepuram,78,234,PS-KAN-B2,2025-03-02 05:35:46,SPECIAL_TASK_DRIVE,2,Synthetic Stimulants / MDMA / Meth,ACTION_COMPLETED
POL-2026-00133,1,Chennai,3,9,PS-CHE-B2,2025-11-15 10:16:47,SPECIAL_TASK_DRIVE,5,Opioid Analogues / Brown Sugar / Heroin,PENDING_INVESTIGATION
POL-2026-00134,22,Dharmapuri,109,325,PS-DHA-B3,2026-06-01 20:20:03,ROUTINE_BEAT_PATROL,3,Prescription Narcotics / Codeine / Alprazolam,CASE_REGISTERED
POL-2026-00135,4,Salem,18,52,PS-SAL-B3,2025-04-28 04:22:17,CHECKPOST_INTERCEPTION,2,Synthetic Stimulants / MDMA / Meth,ACTION_COMPLETED
POL-2026-00136,2,Coimbatore,6,18,PS-COI-B2,2026-02-22 05:56:08,SPECIAL_TASK_DRIVE,3,Prescription Narcotics / Codeine / Alprazolam,ACTION_COMPLETED
POL-2026-00137,32,Theni,156,467,PS-THE-B1,2025-09-25 11:29:13,SPECIAL_TASK_DRIVE,6,Unclassified / Suspicious Substance,ACTION_COMPLETED
POL-2026-00138,14,Kanniyakumari,69,206,PS-KAN-B3,2025-09-02 07:40:59,CHECKPOST_INTERCEPTION,1,Commercial Ganja / Cannabis,PENDING_INVESTIGATION
POL-2026-00139,27,Perambalur,132,395,PS-PER-B4,2025-02-15 09:52:21,CHECKPOST_INTERCEPTION,2,Synthetic Stimulants / MDMA / Meth,CASE_REGISTERED
POL-2026-00140,11,Dindigul,52,154,PS-DIN-B2,2026-01-24 19:27:46,ROUTINE_BEAT_PATROL,5,Opioid Analogues / Brown Sugar / Heroin,ACTION_COMPLETED
POL-2026-00141,24,Nilgiris,118,354,PS-NIL-B3,2026-08-10 08:08:05,SEARCH_SEIZURE,1,Commercial Ganja / Cannabis,CASE_REGISTERED
POL-2026-00142,38,Tiruvannamalai,190,570,PS-TIR-B1,2024-09-25 00:46:10,CHECKPOST_INTERCEPTION,4,Chemical Precursors / Ephedrine,ACTION_COMPLETED
POL-2026-00143,18,Tiruvallur,88,262,PS-TIR-B4,2024-09-27 22:41:53,CHECKPOST_INTERCEPTION,6,Unclassified / Suspicious Substance,CASE_REGISTERED
POL-2026-00144,14,Kanniyakumari,70,210,PS-KAN-B4,2025-12-16 11:37:48,SEARCH_SEIZURE,1,Commercial Ganja / Cannabis,CASE_REGISTERED
POL-2026-00145,6,Tirunelveli,29,85,PS-TIR-B3,2026-08-05 06:11:07,SPECIAL_TASK_DRIVE,4,Chemical Precursors / Ephedrine,PENDING_INVESTIGATION
POL-2026-00146,21,Kallakurichi,101,301,PS-KAL-B1,2026-06-12 00:24:57,CHECKPOST_INTERCEPTION,5,Opioid Analogues / Brown Sugar / Heroin,ACTION_COMPLETED
POL-2026-00147,30,Ramanathapuram,146,436,PS-RAM-B4,2024-11-04 23:02:35,SPECIAL_TASK_DRIVE,2,Synthetic Stimulants / MDMA / Meth,CASE_REGISTERED
POL-2026-00148,19,Cuddalore,92,274,PS-CUD-B2,2026-02-28 22:01:27,SPECIAL_TASK_DRIVE,2,Synthetic Stimulants / MDMA / Meth,ACTION_COMPLETED
POL-2026-00149,24,Nilgiris,120,359,PS-NIL-B3,2025-03-08 08:34:24,SEARCH_SEIZURE,4,Chemical Precursors / Ephedrine,PENDING_INVESTIGATION
POL-2026-00150,29,Sivaganga,144,431,PS-SIV-B1,2025-10-10 10:28:17,ROUTINE_BEAT_PATROL,3,Prescription Narcotics / Codeine / Alprazolam,ACTION_COMPLETED
POL-2026-00151,38,Tiruvannamalai,189,565,PS-TIR-B3,2025-06-04 23:00:27,CHECKPOST_INTERCEPTION,4,Chemical Precursors / Ephedrine,ACTION_COMPLETED
POL-2026-00152,23,Namakkal,115,343,PS-NAM-B2,2025-08-06 00:56:23,CHECKPOST_INTERCEPTION,6,Unclassified / Suspicious Substance,PENDING_INVESTIGATION
POL-2026-00153,16,Kancheepuram,78,234,PS-KAN-B3,2025-11-27 04:41:40,CHECKPOST_INTERCEPTION,4,Chemical Precursors / Ephedrine,CASE_REGISTERED
POL-2026-00154,4,Salem,17,50,PS-SAL-B1,2024-11-26 13:53:47,ROUTINE_BEAT_PATROL,2,Synthetic Stimulants / MDMA / Meth,CASE_REGISTERED
POL-2026-00155,27,Perambalur,134,402,PS-PER-B4,2026-01-19 04:58:23,CHECKPOST_INTERCEPTION,2,Synthetic Stimulants / MDMA / Meth,ACTION_COMPLETED
POL-2026-00156,14,Kanniyakumari,68,203,PS-KAN-B4,2025-03-16 13:50:17,ROUTINE_BEAT_PATROL,6,Unclassified / Suspicious Substance,PENDING_INVESTIGATION
POL-2026-00157,30,Ramanathapuram,149,447,PS-RAM-B1,2026-04-26 16:23:09,CHECKPOST_INTERCEPTION,3,Prescription Narcotics / Codeine / Alprazolam,ACTION_COMPLETED
POL-2026-00158,2,Coimbatore,9,27,PS-COI-B2,2025-01-03 10:51:55,SPECIAL_TASK_DRIVE,2,Synthetic Stimulants / MDMA / Meth,PENDING_INVESTIGATION
POL-2026-00159,37,Tirupathur,184,552,PS-TIR-B3,2026-05-09 08:57:25,SEARCH_SEIZURE,2,Synthetic Stimulants / MDMA / Meth,PENDING_INVESTIGATION
POL-2026-00160,4,Salem,16,48,PS-SAL-B2,2025-06-07 13:47:22,CHECKPOST_INTERCEPTION,4,Chemical Precursors / Ephedrine,PENDING_INVESTIGATION
POL-2026-00161,35,Mayiladuthurai,172,514,PS-MAY-B4,2025-04-11 11:19:06,ROUTINE_BEAT_PATROL,4,Chemical Precursors / Ephedrine,CASE_REGISTERED
POL-2026-00162,7,Erode,33,97,PS-ERO-B3,2026-05-26 18:21:29,CHECKPOST_INTERCEPTION,1,Commercial Ganja / Cannabis,PENDING_INVESTIGATION
POL-2026-00163,1,Chennai,1,3,PS-CHE-B1,2025-11-29 14:34:18,SPECIAL_TASK_DRIVE,4,Chemical Precursors / Ephedrine,ACTION_COMPLETED
POL-2026-00164,15,Tenkasi,74,220,PS-TEN-B2,2025-04-01 11:16:41,SPECIAL_TASK_DRIVE,5,Opioid Analogues / Brown Sugar / Heroin,CASE_REGISTERED
POL-2026-00165,21,Kallakurichi,101,302,PS-KAL-B2,2024-10-03 22:50:27,CHECKPOST_INTERCEPTION,3,Prescription Narcotics / Codeine / Alprazolam,ACTION_COMPLETED
POL-2026-00166,15,Tenkasi,75,223,PS-TEN-B2,2026-02-11 16:13:26,ROUTINE_BEAT_PATROL,1,Commercial Ganja / Cannabis,CASE_REGISTERED
POL-2026-00167,26,Ariyalur,129,385,PS-ARI-B4,2026-02-12 08:48:40,CHECKPOST_INTERCEPTION,3,Prescription Narcotics / Codeine / Alprazolam,ACTION_COMPLETED
POL-2026-00168,1,Chennai,3,9,PS-CHE-B3,2026-06-15 16:42:25,ROUTINE_BEAT_PATROL,4,Chemical Precursors / Ephedrine,PENDING_INVESTIGATION
POL-2026-00169,34,Nagapattinam,166,498,PS-NAG-B1,2026-06-13 02:18:02,SEARCH_SEIZURE,5,Opioid Analogues / Brown Sugar / Heroin,PENDING_INVESTIGATION
POL-2026-00170,13,Thoothukudi,63,189,PS-THO-B1,2026-02-03 12:14:30,ROUTINE_BEAT_PATROL,6,Unclassified / Suspicious Substance,ACTION_COMPLETED
POL-2026-00171,7,Erode,35,104,PS-ERO-B4,2025-09-27 15:11:56,SEARCH_SEIZURE,3,Prescription Narcotics / Codeine / Alprazolam,CASE_REGISTERED
POL-2026-00172,15,Tenkasi,72,215,PS-TEN-B2,2025-12-22 22:21:50,ROUTINE_BEAT_PATROL,4,Chemical Precursors / Ephedrine,PENDING_INVESTIGATION
POL-2026-00173,21,Kallakurichi,104,312,PS-KAL-B4,2026-07-08 12:51:49,ROUTINE_BEAT_PATROL,4,Chemical Precursors / Ephedrine,CASE_REGISTERED
POL-2026-00174,13,Thoothukudi,62,186,PS-THO-B1,2026-01-27 00:13:29,SEARCH_SEIZURE,6,Unclassified / Suspicious Substance,CASE_REGISTERED
POL-2026-00175,26,Ariyalur,127,381,PS-ARI-B3,2025-06-26 15:47:01,SEARCH_SEIZURE,3,Prescription Narcotics / Codeine / Alprazolam,PENDING_INVESTIGATION
POL-2026-00176,35,Mayiladuthurai,171,512,PS-MAY-B4,2025-08-02 15:29:58,SEARCH_SEIZURE,2,Synthetic Stimulants / MDMA / Meth,CASE_REGISTERED
POL-2026-00177,34,Nagapattinam,167,500,PS-NAG-B2,2025-03-24 02:32:16,CHECKPOST_INTERCEPTION,3,Prescription Narcotics / Codeine / Alprazolam,CASE_REGISTERED
POL-2026-00178,38,Tiruvannamalai,188,564,PS-TIR-B1,2025-07-01 20:18:50,SPECIAL_TASK_DRIVE,5,Opioid Analogues / Brown Sugar / Heroin,CASE_REGISTERED
POL-2026-00179,7,Erode,31,91,PS-ERO-B1,2025-02-06 07:23:03,SEARCH_SEIZURE,1,Commercial Ganja / Cannabis,CASE_REGISTERED
POL-2026-00180,33,Thiruvarur,163,487,PS-THI-B3,2025-08-29 13:27:40,CHECKPOST_INTERCEPTION,4,Chemical Precursors / Ephedrine,ACTION_COMPLETED
POL-2026-00181,28,Pudukkottai,137,409,PS-PUD-B1,2026-02-19 02:17:18,ROUTINE_BEAT_PATROL,5,Opioid Analogues / Brown Sugar / Heroin,CASE_REGISTERED
POL-2026-00182,35,Mayiladuthurai,173,517,PS-MAY-B3,2026-06-10 12:19:37,SEARCH_SEIZURE,2,Synthetic Stimulants / MDMA / Meth,CASE_REGISTERED
POL-2026-00183,17,Chengalpattu,82,244,PS-CHE-B3,2025-01-09 14:31:45,SEARCH_SEIZURE,1,Commercial Ganja / Cannabis,CASE_REGISTERED
POL-2026-00184,10,Krishnagiri,46,136,PS-KRI-B1,2025-01-30 22:55:10,ROUTINE_BEAT_PATROL,4,Chemical Precursors / Ephedrine,ACTION_COMPLETED
POL-2026-00185,13,Thoothukudi,62,185,PS-THO-B1,2026-05-09 17:44:57,CHECKPOST_INTERCEPTION,1,Commercial Ganja / Cannabis,PENDING_INVESTIGATION
POL-2026-00186,23,Namakkal,111,332,PS-NAM-B3,2025-12-22 13:01:19,CHECKPOST_INTERCEPTION,4,Chemical Precursors / Ephedrine,PENDING_INVESTIGATION
POL-2026-00187,33,Thiruvarur,162,484,PS-THI-B2,2025-08-26 07:55:13,ROUTINE_BEAT_PATROL,1,Commercial Ganja / Cannabis,PENDING_INVESTIGATION
POL-2026-00188,9,Vellore,43,129,PS-VEL-B2,2026-01-16 14:27:55,SEARCH_SEIZURE,4,Chemical Precursors / Ephedrine,ACTION_COMPLETED
POL-2026-00189,26,Ariyalur,127,380,PS-ARI-B1,2026-02-10 07:42:36,CHECKPOST_INTERCEPTION,3,Prescription Narcotics / Codeine / Alprazolam,ACTION_COMPLETED
POL-2026-00190,4,Salem,19,57,PS-SAL-B1,2025-10-11 21:15:48,ROUTINE_BEAT_PATROL,6,Unclassified / Suspicious Substance,PENDING_INVESTIGATION
POL-2026-00191,20,Viluppuram,98,294,PS-VIL-B1,2024-11-05 09:34:19,CHECKPOST_INTERCEPTION,3,Prescription Narcotics / Codeine / Alprazolam,CASE_REGISTERED
POL-2026-00192,38,Tiruvannamalai,190,570,PS-TIR-B2,2026-01-16 17:21:35,SEARCH_SEIZURE,5,Opioid Analogues / Brown Sugar / Heroin,ACTION_COMPLETED
POL-2026-00193,25,Karur,124,370,PS-KAR-B3,2025-08-20 01:23:27,SPECIAL_TASK_DRIVE,1,Commercial Ganja / Cannabis,CASE_REGISTERED
POL-2026-00194,37,Tirupathur,183,547,PS-TIR-B4,2025-10-09 09:38:36,SPECIAL_TASK_DRIVE,2,Synthetic Stimulants / MDMA / Meth,CASE_REGISTERED
POL-2026-00195,11,Dindigul,51,152,PS-DIN-B1,2026-05-09 20:49:40,CHECKPOST_INTERCEPTION,6,Unclassified / Suspicious Substance,PENDING_INVESTIGATION
POL-2026-00196,22,Dharmapuri,110,329,PS-DHA-B1,2025-12-22 15:12:13,SPECIAL_TASK_DRIVE,2,Synthetic Stimulants / MDMA / Meth,PENDING_INVESTIGATION
POL-2026-00197,11,Dindigul,54,161,PS-DIN-B2,2026-07-04 21:01:33,SPECIAL_TASK_DRIVE,6,Unclassified / Suspicious Substance,ACTION_COMPLETED
POL-2026-00198,10,Krishnagiri,48,144,PS-KRI-B1,2025-08-10 15:18:05,SEARCH_SEIZURE,6,Unclassified / Suspicious Substance,CASE_REGISTERED
POL-2026-00199,18,Tiruvallur,89,267,PS-TIR-B2,2025-06-25 13:29:11,CHECKPOST_INTERCEPTION,3,Prescription Narcotics / Codeine / Alprazolam,PENDING_INVESTIGATION
POL-2026-00200,5,Tiruchirappalli,24,71,PS-TIR-B4,2025-11-09 15:19:19,SPECIAL_TASK_DRIVE,6,Unclassified / Suspicious Substance,PENDING_INVESTIGATION
POL-2026-00201,18,Tiruvallur,88,262,PS-TIR-B3,2026-06-18 15:11:39,SEARCH_SEIZURE,3,Prescription Narcotics / Codeine / Alprazolam,ACTION_COMPLETED
POL-2026-00202,5,Tiruchirappalli,25,73,PS-TIR-B4,2025-06-05 10:03:30,ROUTINE_BEAT_PATROL,3,Prescription Narcotics / Codeine / Alprazolam,CASE_REGISTERED
POL-2026-00203,22,Dharmapuri,106,316,PS-DHA-B3,2025-07-23 01:54:21,SPECIAL_TASK_DRIVE,5,Opioid Analogues / Brown Sugar / Heroin,ACTION_COMPLETED
POL-2026-00204,18,Tiruvallur,86,258,PS-TIR-B2,2026-03-08 17:49:46,CHECKPOST_INTERCEPTION,6,Unclassified / Suspicious Substance,CASE_REGISTERED
POL-2026-00205,3,Madurai,13,39,PS-MAD-B4,2025-04-12 20:41:05,SPECIAL_TASK_DRIVE,2,Synthetic Stimulants / MDMA / Meth,ACTION_COMPLETED
POL-2026-00206,13,Thoothukudi,62,185,PS-THO-B1,2026-03-22 07:03:40,SEARCH_SEIZURE,5,Opioid Analogues / Brown Sugar / Heroin,PENDING_INVESTIGATION
POL-2026-00207,14,Kanniyakumari,67,201,PS-KAN-B3,2025-03-08 22:49:18,CHECKPOST_INTERCEPTION,1,Commercial Ganja / Cannabis,CASE_REGISTERED
POL-2026-00208,28,Pudukkottai,137,410,PS-PUD-B4,2025-08-17 09:09:18,ROUTINE_BEAT_PATROL,4,Chemical Precursors / Ephedrine,PENDING_INVESTIGATION
POL-2026-00209,15,Tenkasi,73,219,PS-TEN-B4,2025-02-25 15:26:41,ROUTINE_BEAT_PATROL,6,Unclassified / Suspicious Substance,PENDING_INVESTIGATION
POL-2026-00210,6,Tirunelveli,29,85,PS-TIR-B1,2025-08-09 01:16:25,SEARCH_SEIZURE,5,Opioid Analogues / Brown Sugar / Heroin,ACTION_COMPLETED
POL-2026-00211,16,Kancheepuram,79,236,PS-KAN-B1,2025-08-07 07:13:12,SEARCH_SEIZURE,3,Prescription Narcotics / Codeine / Alprazolam,ACTION_COMPLETED
POL-2026-00212,6,Tirunelveli,30,90,PS-TIR-B3,2024-11-11 05:20:30,CHECKPOST_INTERCEPTION,4,Chemical Precursors / Ephedrine,CASE_REGISTERED
POL-2026-00213,21,Kallakurichi,102,305,PS-KAL-B2,2026-02-26 21:04:20,SEARCH_SEIZURE,2,Synthetic Stimulants / MDMA / Meth,PENDING_INVESTIGATION
POL-2026-00214,7,Erode,34,100,PS-ERO-B3,2026-02-15 22:05:02,CHECKPOST_INTERCEPTION,5,Opioid Analogues / Brown Sugar / Heroin,PENDING_INVESTIGATION
POL-2026-00215,34,Nagapattinam,168,503,PS-NAG-B1,2025-10-12 02:15:46,CHECKPOST_INTERCEPTION,2,Synthetic Stimulants / MDMA / Meth,CASE_REGISTERED
POL-2026-00216,22,Dharmapuri,108,323,PS-DHA-B3,2026-04-30 23:38:35,SEARCH_SEIZURE,5,Opioid Analogues / Brown Sugar / Heroin,ACTION_COMPLETED
POL-2026-00217,22,Dharmapuri,108,323,PS-DHA-B3,2026-06-30 01:32:25,CHECKPOST_INTERCEPTION,3,Prescription Narcotics / Codeine / Alprazolam,PENDING_INVESTIGATION
POL-2026-00218,33,Thiruvarur,164,490,PS-THI-B1,2025-08-07 04:27:45,SEARCH_SEIZURE,3,Prescription Narcotics / Codeine / Alprazolam,ACTION_COMPLETED
POL-2026-00219,1,Chennai,3,9,PS-CHE-B2,2026-02-06 04:32:42,SEARCH_SEIZURE,6,Unclassified / Suspicious Substance,ACTION_COMPLETED
POL-2026-00220,28,Pudukkottai,138,414,PS-PUD-B1,2026-01-07 05:49:17,SPECIAL_TASK_DRIVE,1,Commercial Ganja / Cannabis,CASE_REGISTERED
POL-2026-00221,34,Nagapattinam,170,510,PS-NAG-B3,2025-03-29 16:34:37,CHECKPOST_INTERCEPTION,1,Commercial Ganja / Cannabis,PENDING_INVESTIGATION
POL-2026-00222,19,Cuddalore,93,278,PS-CUD-B4,2024-12-26 10:29:21,CHECKPOST_INTERCEPTION,5,Opioid Analogues / Brown Sugar / Heroin,PENDING_INVESTIGATION
POL-2026-00223,38,Tiruvannamalai,188,564,PS-TIR-B3,2025-08-14 02:21:00,CHECKPOST_INTERCEPTION,5,Opioid Analogues / Brown Sugar / Heroin,CASE_REGISTERED
POL-2026-00224,10,Krishnagiri,48,144,PS-KRI-B4,2025-04-09 03:21:08,SEARCH_SEIZURE,6,Unclassified / Suspicious Substance,ACTION_COMPLETED
POL-2026-00225,36,Ranipet,179,537,PS-RAN-B3,2024-09-19 00:57:18,CHECKPOST_INTERCEPTION,3,Prescription Narcotics / Codeine / Alprazolam,CASE_REGISTERED
POL-2026-00226,7,Erode,35,105,PS-ERO-B2,2026-01-07 05:05:23,SPECIAL_TASK_DRIVE,1,Commercial Ganja / Cannabis,PENDING_INVESTIGATION
POL-2026-00227,35,Mayiladuthurai,175,525,PS-MAY-B1,2025-09-28 06:43:06,ROUTINE_BEAT_PATROL,2,Synthetic Stimulants / MDMA / Meth,PENDING_INVESTIGATION
POL-2026-00228,11,Dindigul,53,159,PS-DIN-B1,2025-07-28 15:47:23,SEARCH_SEIZURE,2,Synthetic Stimulants / MDMA / Meth,ACTION_COMPLETED
POL-2026-00229,34,Nagapattinam,167,500,PS-NAG-B3,2025-04-08 18:09:08,CHECKPOST_INTERCEPTION,4,Chemical Precursors / Ephedrine,CASE_REGISTERED
POL-2026-00230,37,Tirupathur,182,546,PS-TIR-B3,2026-06-07 08:06:46,SEARCH_SEIZURE,3,Prescription Narcotics / Codeine / Alprazolam,PENDING_INVESTIGATION
POL-2026-00231,28,Pudukkottai,138,413,PS-PUD-B4,2026-07-28 04:18:06,ROUTINE_BEAT_PATROL,5,Opioid Analogues / Brown Sugar / Heroin,PENDING_INVESTIGATION
POL-2026-00232,6,Tirunelveli,30,88,PS-TIR-B1,2025-07-14 15:52:47,SPECIAL_TASK_DRIVE,5,Opioid Analogues / Brown Sugar / Heroin,CASE_REGISTERED
POL-2026-00233,24,Nilgiris,118,353,PS-NIL-B4,2026-08-10 04:31:06,SEARCH_SEIZURE,5,Opioid Analogues / Brown Sugar / Heroin,ACTION_COMPLETED
POL-2026-00234,13,Thoothukudi,64,192,PS-THO-B3,2026-08-08 10:05:03,ROUTINE_BEAT_PATROL,6,Unclassified / Suspicious Substance,PENDING_INVESTIGATION
POL-2026-00235,24,Nilgiris,120,360,PS-NIL-B1,2024-10-13 03:32:40,SEARCH_SEIZURE,6,Unclassified / Suspicious Substance,CASE_REGISTERED
POL-2026-00236,20,Viluppuram,98,294,PS-VIL-B1,2025-04-25 08:30:00,SPECIAL_TASK_DRIVE,5,Opioid Analogues / Brown Sugar / Heroin,ACTION_COMPLETED
POL-2026-00237,6,Tirunelveli,30,88,PS-TIR-B4,2025-08-10 16:38:08,SEARCH_SEIZURE,5,Opioid Analogues / Brown Sugar / Heroin,CASE_REGISTERED
POL-2026-00238,22,Dharmapuri,110,329,PS-DHA-B4,2024-10-02 06:12:03,SPECIAL_TASK_DRIVE,5,Opioid Analogues / Brown Sugar / Heroin,ACTION_COMPLETED
POL-2026-00239,32,Theni,159,475,PS-THE-B2,2026-06-09 13:00:43,ROUTINE_BEAT_PATROL,6,Unclassified / Suspicious Substance,CASE_REGISTERED
POL-2026-00240,6,Tirunelveli,28,82,PS-TIR-B2,2026-05-14 00:05:48,SEARCH_SEIZURE,6,Unclassified / Suspicious Substance,ACTION_COMPLETED
POL-2026-00241,9,Vellore,41,121,PS-VEL-B2,2025-04-21 01:56:09,CHECKPOST_INTERCEPTION,4,Chemical Precursors / Ephedrine,CASE_REGISTERED
POL-2026-00242,2,Coimbatore,6,17,PS-COI-B3,2026-01-17 22:41:49,SPECIAL_TASK_DRIVE,6,Unclassified / Suspicious Substance,PENDING_INVESTIGATION
POL-2026-00243,22,Dharmapuri,106,318,PS-DHA-B2,2026-06-10 07:14:06,CHECKPOST_INTERCEPTION,3,Prescription Narcotics / Codeine / Alprazolam,CASE_REGISTERED
POL-2026-00244,4,Salem,18,54,PS-SAL-B1,2024-11-09 23:00:41,ROUTINE_BEAT_PATROL,2,Synthetic Stimulants / MDMA / Meth,PENDING_INVESTIGATION
POL-2026-00245,34,Nagapattinam,166,497,PS-NAG-B1,2024-10-10 03:52:34,CHECKPOST_INTERCEPTION,3,Prescription Narcotics / Codeine / Alprazolam,CASE_REGISTERED
POL-2026-00246,26,Ariyalur,128,383,PS-ARI-B2,2025-07-03 16:48:58,ROUTINE_BEAT_PATROL,6,Unclassified / Suspicious Substance,PENDING_INVESTIGATION
POL-2026-00247,36,Ranipet,177,530,PS-RAN-B1,2025-07-03 01:51:39,SPECIAL_TASK_DRIVE,6,Unclassified / Suspicious Substance,CASE_REGISTERED
POL-2026-00248,28,Pudukkottai,139,417,PS-PUD-B2,2025-11-01 00:17:30,CHECKPOST_INTERCEPTION,2,Synthetic Stimulants / MDMA / Meth,ACTION_COMPLETED
POL-2026-00249,11,Dindigul,54,160,PS-DIN-B4,2024-12-01 01:23:19,CHECKPOST_INTERCEPTION,4,Chemical Precursors / Ephedrine,CASE_REGISTERED
POL-2026-00250,35,Mayiladuthurai,172,514,PS-MAY-B3,2026-06-15 15:32:05,ROUTINE_BEAT_PATROL,3,Prescription Narcotics / Codeine / Alprazolam,ACTION_COMPLETED
POL-2026-00251,9,Vellore,42,126,PS-VEL-B4,2025-08-12 04:24:30,SEARCH_SEIZURE,3,Prescription Narcotics / Codeine / Alprazolam,CASE_REGISTERED
POL-2026-00252,12,Thanjavur,56,166,PS-THA-B3,2026-04-09 12:22:41,ROUTINE_BEAT_PATROL,4,Chemical Precursors / Ephedrine,PENDING_INVESTIGATION
POL-2026-00253,37,Tirupathur,181,543,PS-TIR-B1,2026-05-23 15:39:09,SPECIAL_TASK_DRIVE,1,Commercial Ganja / Cannabis,ACTION_COMPLETED
POL-2026-00254,7,Erode,33,98,PS-ERO-B1,2026-08-18 21:13:29,SPECIAL_TASK_DRIVE,3,Prescription Narcotics / Codeine / Alprazolam,CASE_REGISTERED
POL-2026-00255,23,Namakkal,113,337,PS-NAM-B3,2025-10-07 03:06:08,CHECKPOST_INTERCEPTION,6,Unclassified / Suspicious Substance,PENDING_INVESTIGATION
POL-2026-00256,6,Tirunelveli,30,89,PS-TIR-B2,2025-05-10 17:48:18,SPECIAL_TASK_DRIVE,4,Chemical Precursors / Ephedrine,ACTION_COMPLETED
POL-2026-00257,10,Krishnagiri,46,136,PS-KRI-B2,2024-11-05 19:17:29,CHECKPOST_INTERCEPTION,1,Commercial Ganja / Cannabis,ACTION_COMPLETED
POL-2026-00258,22,Dharmapuri,106,318,PS-DHA-B1,2026-04-14 13:18:14,SPECIAL_TASK_DRIVE,3,Prescription Narcotics / Codeine / Alprazolam,CASE_REGISTERED
POL-2026-00259,16,Kancheepuram,80,238,PS-KAN-B3,2025-07-21 03:05:50,SEARCH_SEIZURE,3,Prescription Narcotics / Codeine / Alprazolam,PENDING_INVESTIGATION
POL-2026-00260,9,Vellore,45,133,PS-VEL-B4,2025-01-08 00:29:48,ROUTINE_BEAT_PATROL,6,Unclassified / Suspicious Substance,PENDING_INVESTIGATION
POL-2026-00261,31,Virudhunagar,151,453,PS-VIR-B2,2025-11-30 02:57:51,SEARCH_SEIZURE,1,Commercial Ganja / Cannabis,PENDING_INVESTIGATION
POL-2026-00262,27,Perambalur,131,393,PS-PER-B4,2025-09-27 02:16:05,SEARCH_SEIZURE,2,Synthetic Stimulants / MDMA / Meth,ACTION_COMPLETED
POL-2026-00263,9,Vellore,41,121,PS-VEL-B2,2025-03-26 05:08:13,ROUTINE_BEAT_PATROL,1,Commercial Ganja / Cannabis,PENDING_INVESTIGATION
POL-2026-00264,19,Cuddalore,92,276,PS-CUD-B1,2026-01-31 20:27:04,CHECKPOST_INTERCEPTION,6,Unclassified / Suspicious Substance,ACTION_COMPLETED
POL-2026-00265,20,Viluppuram,100,298,PS-VIL-B3,2026-02-28 17:31:13,SEARCH_SEIZURE,1,Commercial Ganja / Cannabis,CASE_REGISTERED
POL-2026-00266,6,Tirunelveli,26,78,PS-TIR-B4,2026-07-23 04:56:21,SPECIAL_TASK_DRIVE,5,Opioid Analogues / Brown Sugar / Heroin,PENDING_INVESTIGATION
POL-2026-00267,24,Nilgiris,116,348,PS-NIL-B3,2025-02-13 01:00:54,CHECKPOST_INTERCEPTION,6,Unclassified / Suspicious Substance,CASE_REGISTERED
POL-2026-00268,22,Dharmapuri,106,317,PS-DHA-B1,2026-02-18 17:02:04,SPECIAL_TASK_DRIVE,5,Opioid Analogues / Brown Sugar / Heroin,CASE_REGISTERED
POL-2026-00269,33,Thiruvarur,162,484,PS-THI-B3,2024-09-26 19:34:47,SPECIAL_TASK_DRIVE,2,Synthetic Stimulants / MDMA / Meth,ACTION_COMPLETED
POL-2026-00270,15,Tenkasi,73,217,PS-TEN-B2,2026-02-27 01:36:19,SPECIAL_TASK_DRIVE,3,Prescription Narcotics / Codeine / Alprazolam,CASE_REGISTERED
POL-2026-00271,27,Perambalur,132,395,PS-PER-B3,2024-11-10 18:05:38,ROUTINE_BEAT_PATROL,4,Chemical Precursors / Ephedrine,CASE_REGISTERED
POL-2026-00272,5,Tiruchirappalli,24,70,PS-TIR-B4,2025-04-17 18:35:47,SPECIAL_TASK_DRIVE,2,Synthetic Stimulants / MDMA / Meth,CASE_REGISTERED
POL-2026-00273,38,Tiruvannamalai,188,564,PS-TIR-B2,2025-07-20 19:21:52,CHECKPOST_INTERCEPTION,3,Prescription Narcotics / Codeine / Alprazolam,ACTION_COMPLETED
POL-2026-00274,20,Viluppuram,97,290,PS-VIL-B4,2026-01-13 14:27:50,CHECKPOST_INTERCEPTION,5,Opioid Analogues / Brown Sugar / Heroin,ACTION_COMPLETED
POL-2026-00275,16,Kancheepuram,77,229,PS-KAN-B4,2025-02-17 03:47:04,ROUTINE_BEAT_PATROL,4,Chemical Precursors / Ephedrine,CASE_REGISTERED
POL-2026-00276,24,Nilgiris,117,350,PS-NIL-B2,2026-06-21 02:17:19,ROUTINE_BEAT_PATROL,1,Commercial Ganja / Cannabis,ACTION_COMPLETED
POL-2026-00277,28,Pudukkottai,140,419,PS-PUD-B3,2025-07-22 19:43:41,SPECIAL_TASK_DRIVE,4,Chemical Precursors / Ephedrine,CASE_REGISTERED
POL-2026-00278,30,Ramanathapuram,149,446,PS-RAM-B2,2024-10-21 21:58:56,SEARCH_SEIZURE,2,Synthetic Stimulants / MDMA / Meth,CASE_REGISTERED
POL-2026-00279,28,Pudukkottai,136,406,PS-PUD-B3,2025-10-17 13:42:20,ROUTINE_BEAT_PATROL,2,Synthetic Stimulants / MDMA / Meth,ACTION_COMPLETED
POL-2026-00280,38,Tiruvannamalai,188,563,PS-TIR-B1,2025-03-05 01:16:42,SEARCH_SEIZURE,1,Commercial Ganja / Cannabis,ACTION_COMPLETED
POL-2026-00281,6,Tirunelveli,27,80,PS-TIR-B2,2026-01-13 02:43:45,ROUTINE_BEAT_PATROL,6,Unclassified / Suspicious Substance,CASE_REGISTERED
POL-2026-00282,10,Krishnagiri,47,140,PS-KRI-B3,2025-02-01 14:49:42,CHECKPOST_INTERCEPTION,2,Synthetic Stimulants / MDMA / Meth,ACTION_COMPLETED
POL-2026-00283,7,Erode,35,105,PS-ERO-B1,2025-07-08 00:26:39,ROUTINE_BEAT_PATROL,5,Opioid Analogues / Brown Sugar / Heroin,PENDING_INVESTIGATION
POL-2026-00284,13,Thoothukudi,64,192,PS-THO-B3,2025-01-03 05:39:35,CHECKPOST_INTERCEPTION,2,Synthetic Stimulants / MDMA / Meth,PENDING_INVESTIGATION
POL-2026-00285,24,Nilgiris,116,346,PS-NIL-B2,2025-04-24 08:08:33,CHECKPOST_INTERCEPTION,6,Unclassified / Suspicious Substance,PENDING_INVESTIGATION
POL-2026-00286,33,Thiruvarur,165,493,PS-THI-B3,2026-06-27 12:11:36,SEARCH_SEIZURE,6,Unclassified / Suspicious Substance,PENDING_INVESTIGATION
POL-2026-00287,26,Ariyalur,127,380,PS-ARI-B1,2025-03-08 14:52:28,ROUTINE_BEAT_PATROL,1,Commercial Ganja / Cannabis,ACTION_COMPLETED
POL-2026-00288,35,Mayiladuthurai,171,512,PS-MAY-B3,2025-12-11 03:24:43,SPECIAL_TASK_DRIVE,2,Synthetic Stimulants / MDMA / Meth,ACTION_COMPLETED
POL-2026-00289,35,Mayiladuthurai,171,511,PS-MAY-B3,2025-01-22 07:53:51,ROUTINE_BEAT_PATROL,6,Unclassified / Suspicious Substance,CASE_REGISTERED
POL-2026-00290,20,Viluppuram,97,290,PS-VIL-B3,2026-07-14 14:02:29,CHECKPOST_INTERCEPTION,1,Commercial Ganja / Cannabis,CASE_REGISTERED
POL-2026-00291,22,Dharmapuri,108,322,PS-DHA-B3,2026-06-19 09:36:28,CHECKPOST_INTERCEPTION,1,Commercial Ganja / Cannabis,PENDING_INVESTIGATION
POL-2026-00292,31,Virudhunagar,153,458,PS-VIR-B3,2026-06-03 17:06:03,SEARCH_SEIZURE,4,Chemical Precursors / Ephedrine,ACTION_COMPLETED
POL-2026-00293,31,Virudhunagar,151,452,PS-VIR-B3,2025-11-12 02:18:24,CHECKPOST_INTERCEPTION,6,Unclassified / Suspicious Substance,CASE_REGISTERED
POL-2026-00294,29,Sivaganga,144,432,PS-SIV-B3,2026-05-07 09:59:04,ROUTINE_BEAT_PATROL,6,Unclassified / Suspicious Substance,ACTION_COMPLETED
POL-2026-00295,1,Chennai,3,8,PS-CHE-B1,2025-01-31 14:39:01,SPECIAL_TASK_DRIVE,6,Unclassified / Suspicious Substance,CASE_REGISTERED
POL-2026-00296,31,Virudhunagar,154,462,PS-VIR-B2,2025-08-10 01:25:23,CHECKPOST_INTERCEPTION,5,Opioid Analogues / Brown Sugar / Heroin,CASE_REGISTERED
POL-2026-00297,18,Tiruvallur,87,259,PS-TIR-B3,2026-05-17 21:15:32,ROUTINE_BEAT_PATROL,2,Synthetic Stimulants / MDMA / Meth,CASE_REGISTERED
POL-2026-00298,27,Perambalur,135,403,PS-PER-B1,2024-12-30 21:30:42,ROUTINE_BEAT_PATROL,3,Prescription Narcotics / Codeine / Alprazolam,PENDING_INVESTIGATION
POL-2026-00299,20,Viluppuram,97,289,PS-VIL-B3,2025-07-25 20:32:55,SPECIAL_TASK_DRIVE,5,Opioid Analogues / Brown Sugar / Heroin,ACTION_COMPLETED
POL-2026-00300,12,Thanjavur,57,169,PS-THA-B2,2025-12-14 00:26:27,SEARCH_SEIZURE,3,Prescription Narcotics / Codeine / Alprazolam,PENDING_INVESTIGATION
POL-2026-00301,23,Namakkal,112,334,PS-NAM-B2,2025-05-22 04:50:52,CHECKPOST_INTERCEPTION,2,Synthetic Stimulants / MDMA / Meth,CASE_REGISTERED
POL-2026-00302,19,Cuddalore,93,278,PS-CUD-B1,2024-12-28 16:23:05,SEARCH_SEIZURE,4,Chemical Precursors / Ephedrine,CASE_REGISTERED
POL-2026-00303,21,Kallakurichi,104,312,PS-KAL-B3,2025-04-21 21:44:34,SPECIAL_TASK_DRIVE,5,Opioid Analogues / Brown Sugar / Heroin,ACTION_COMPLETED
POL-2026-00304,35,Mayiladuthurai,171,513,PS-MAY-B2,2025-09-03 07:32:25,ROUTINE_BEAT_PATROL,4,Chemical Precursors / Ephedrine,CASE_REGISTERED
POL-2026-00305,28,Pudukkottai,139,417,PS-PUD-B1,2025-02-01 03:07:40,CHECKPOST_INTERCEPTION,5,Opioid Analogues / Brown Sugar / Heroin,CASE_REGISTERED
POL-2026-00306,5,Tiruchirappalli,25,74,PS-TIR-B1,2025-05-18 07:55:48,SEARCH_SEIZURE,3,Prescription Narcotics / Codeine / Alprazolam,ACTION_COMPLETED
POL-2026-00307,15,Tenkasi,71,212,PS-TEN-B3,2024-12-29 12:08:47,CHECKPOST_INTERCEPTION,3,Prescription Narcotics / Codeine / Alprazolam,PENDING_INVESTIGATION
POL-2026-00308,25,Karur,125,375,PS-KAR-B4,2025-07-20 11:37:53,ROUTINE_BEAT_PATROL,2,Synthetic Stimulants / MDMA / Meth,PENDING_INVESTIGATION
POL-2026-00309,36,Ranipet,179,537,PS-RAN-B1,2025-08-28 20:30:28,SPECIAL_TASK_DRIVE,1,Commercial Ganja / Cannabis,PENDING_INVESTIGATION
POL-2026-00310,26,Ariyalur,127,381,PS-ARI-B3,2024-12-30 21:37:25,CHECKPOST_INTERCEPTION,5,Opioid Analogues / Brown Sugar / Heroin,ACTION_COMPLETED
POL-2026-00311,13,Thoothukudi,61,183,PS-THO-B1,2025-07-23 13:44:14,SPECIAL_TASK_DRIVE,2,Synthetic Stimulants / MDMA / Meth,ACTION_COMPLETED
POL-2026-00312,32,Theni,157,471,PS-THE-B3,2026-07-11 09:20:16,CHECKPOST_INTERCEPTION,3,Prescription Narcotics / Codeine / Alprazolam,CASE_REGISTERED
POL-2026-00313,6,Tirunelveli,28,82,PS-TIR-B3,2026-03-29 05:56:23,ROUTINE_BEAT_PATROL,2,Synthetic Stimulants / MDMA / Meth,CASE_REGISTERED
POL-2026-00314,20,Viluppuram,96,286,PS-VIL-B3,2024-10-12 00:03:48,CHECKPOST_INTERCEPTION,6,Unclassified / Suspicious Substance,CASE_REGISTERED
POL-2026-00315,25,Karur,122,366,PS-KAR-B4,2025-02-22 21:18:18,SPECIAL_TASK_DRIVE,4,Chemical Precursors / Ephedrine,CASE_REGISTERED
POL-2026-00316,11,Dindigul,51,151,PS-DIN-B1,2025-12-13 12:40:52,CHECKPOST_INTERCEPTION,5,Opioid Analogues / Brown Sugar / Heroin,CASE_REGISTERED
POL-2026-00317,5,Tiruchirappalli,23,67,PS-TIR-B2,2025-04-30 03:20:08,ROUTINE_BEAT_PATROL,2,Synthetic Stimulants / MDMA / Meth,CASE_REGISTERED
POL-2026-00318,18,Tiruvallur,90,268,PS-TIR-B2,2026-02-15 18:15:56,SPECIAL_TASK_DRIVE,4,Chemical Precursors / Ephedrine,ACTION_COMPLETED
POL-2026-00319,8,Tiruppur,39,115,PS-TIR-B2,2026-01-30 14:11:40,ROUTINE_BEAT_PATROL,6,Unclassified / Suspicious Substance,ACTION_COMPLETED
POL-2026-00320,28,Pudukkottai,136,408,PS-PUD-B3,2025-10-03 13:53:51,SEARCH_SEIZURE,1,Commercial Ganja / Cannabis,CASE_REGISTERED
POL-2026-00321,28,Pudukkottai,137,411,PS-PUD-B2,2025-10-05 16:23:16,CHECKPOST_INTERCEPTION,4,Chemical Precursors / Ephedrine,PENDING_INVESTIGATION
POL-2026-00322,12,Thanjavur,59,177,PS-THA-B2,2026-07-21 09:27:32,ROUTINE_BEAT_PATROL,5,Opioid Analogues / Brown Sugar / Heroin,PENDING_INVESTIGATION
POL-2026-00323,34,Nagapattinam,170,509,PS-NAG-B3,2024-09-30 23:35:42,ROUTINE_BEAT_PATROL,1,Commercial Ganja / Cannabis,PENDING_INVESTIGATION
POL-2026-00324,14,Kanniyakumari,70,210,PS-KAN-B1,2025-07-05 10:23:26,SPECIAL_TASK_DRIVE,3,Prescription Narcotics / Codeine / Alprazolam,CASE_REGISTERED
POL-2026-00325,2,Coimbatore,8,24,PS-COI-B2,2025-05-15 11:52:15,SPECIAL_TASK_DRIVE,5,Opioid Analogues / Brown Sugar / Heroin,ACTION_COMPLETED
POL-2026-00326,11,Dindigul,53,157,PS-DIN-B4,2024-10-18 15:10:57,ROUTINE_BEAT_PATROL,3,Prescription Narcotics / Codeine / Alprazolam,CASE_REGISTERED
POL-2026-00327,33,Thiruvarur,164,491,PS-THI-B4,2025-02-07 10:20:50,ROUTINE_BEAT_PATROL,2,Synthetic Stimulants / MDMA / Meth,PENDING_INVESTIGATION
POL-2026-00328,22,Dharmapuri,107,320,PS-DHA-B2,2026-01-03 21:57:39,SPECIAL_TASK_DRIVE,4,Chemical Precursors / Ephedrine,ACTION_COMPLETED
POL-2026-00329,35,Mayiladuthurai,171,513,PS-MAY-B4,2025-03-02 05:28:18,CHECKPOST_INTERCEPTION,1,Commercial Ganja / Cannabis,ACTION_COMPLETED
POL-2026-00330,14,Kanniyakumari,69,207,PS-KAN-B2,2025-04-16 19:11:51,SPECIAL_TASK_DRIVE,3,Prescription Narcotics / Codeine / Alprazolam,CASE_REGISTERED
POL-2026-00331,28,Pudukkottai,138,413,PS-PUD-B2,2026-04-01 08:43:01,ROUTINE_BEAT_PATROL,6,Unclassified / Suspicious Substance,CASE_REGISTERED
POL-2026-00332,15,Tenkasi,71,213,PS-TEN-B2,2026-02-11 11:20:25,SEARCH_SEIZURE,3,Prescription Narcotics / Codeine / Alprazolam,PENDING_INVESTIGATION
POL-2026-00333,38,Tiruvannamalai,189,567,PS-TIR-B4,2025-03-24 04:16:29,CHECKPOST_INTERCEPTION,1,Commercial Ganja / Cannabis,CASE_REGISTERED
POL-2026-00334,25,Karur,121,363,PS-KAR-B3,2024-10-27 05:09:29,SPECIAL_TASK_DRIVE,4,Chemical Precursors / Ephedrine,PENDING_INVESTIGATION
POL-2026-00335,22,Dharmapuri,110,329,PS-DHA-B3,2026-02-26 02:36:08,ROUTINE_BEAT_PATROL,3,Prescription Narcotics / Codeine / Alprazolam,ACTION_COMPLETED
POL-2026-00336,32,Theni,159,475,PS-THE-B3,2026-04-21 01:40:24,ROUTINE_BEAT_PATROL,4,Chemical Precursors / Ephedrine,PENDING_INVESTIGATION
POL-2026-00337,24,Nilgiris,120,359,PS-NIL-B2,2024-11-19 19:33:22,SPECIAL_TASK_DRIVE,1,Commercial Ganja / Cannabis,ACTION_COMPLETED
POL-2026-00338,5,Tiruchirappalli,22,64,PS-TIR-B3,2025-04-14 22:31:42,SPECIAL_TASK_DRIVE,1,Commercial Ganja / Cannabis,ACTION_COMPLETED
POL-2026-00339,17,Chengalpattu,81,242,PS-CHE-B1,2025-09-06 06:02:50,SPECIAL_TASK_DRIVE,3,Prescription Narcotics / Codeine / Alprazolam,ACTION_COMPLETED
POL-2026-00340,3,Madurai,13,37,PS-MAD-B4,2026-04-25 23:31:53,CHECKPOST_INTERCEPTION,6,Unclassified / Suspicious Substance,CASE_REGISTERED
POL-2026-00341,37,Tirupathur,182,546,PS-TIR-B4,2025-03-30 08:03:36,SPECIAL_TASK_DRIVE,5,Opioid Analogues / Brown Sugar / Heroin,PENDING_INVESTIGATION
POL-2026-00342,9,Vellore,41,122,PS-VEL-B4,2025-03-09 23:43:43,SEARCH_SEIZURE,6,Unclassified / Suspicious Substance,ACTION_COMPLETED
POL-2026-00343,16,Kancheepuram,80,238,PS-KAN-B2,2026-02-13 13:55:21,SEARCH_SEIZURE,1,Commercial Ganja / Cannabis,CASE_REGISTERED
POL-2026-00344,22,Dharmapuri,107,320,PS-DHA-B4,2025-12-01 13:29:14,ROUTINE_BEAT_PATROL,6,Unclassified / Suspicious Substance,ACTION_COMPLETED
POL-2026-00345,29,Sivaganga,145,434,PS-SIV-B4,2025-07-11 02:12:56,SEARCH_SEIZURE,1,Commercial Ganja / Cannabis,PENDING_INVESTIGATION
POL-2026-00346,6,Tirunelveli,26,76,PS-TIR-B1,2026-02-06 17:46:25,SPECIAL_TASK_DRIVE,2,Synthetic Stimulants / MDMA / Meth,PENDING_INVESTIGATION
POL-2026-00347,27,Perambalur,133,397,PS-PER-B1,2026-01-27 17:20:29,SEARCH_SEIZURE,2,Synthetic Stimulants / MDMA / Meth,ACTION_COMPLETED
POL-2026-00348,17,Chengalpattu,83,247,PS-CHE-B1,2024-10-22 21:32:05,CHECKPOST_INTERCEPTION,4,Chemical Precursors / Ephedrine,PENDING_INVESTIGATION
POL-2026-00349,29,Sivaganga,144,431,PS-SIV-B4,2026-05-10 14:02:21,CHECKPOST_INTERCEPTION,6,Unclassified / Suspicious Substance,ACTION_COMPLETED
POL-2026-00350,38,Tiruvannamalai,186,556,PS-TIR-B2,2024-12-13 02:21:14,CHECKPOST_INTERCEPTION,2,Synthetic Stimulants / MDMA / Meth,ACTION_COMPLETED
POL-2026-00351,18,Tiruvallur,87,259,PS-TIR-B2,2025-11-18 12:53:15,ROUTINE_BEAT_PATROL,5,Opioid Analogues / Brown Sugar / Heroin,PENDING_INVESTIGATION
POL-2026-00352,20,Viluppuram,100,298,PS-VIL-B4,2025-12-09 10:23:09,ROUTINE_BEAT_PATROL,4,Chemical Precursors / Ephedrine,ACTION_COMPLETED
POL-2026-00353,6,Tirunelveli,27,79,PS-TIR-B1,2026-08-11 12:53:57,SPECIAL_TASK_DRIVE,3,Prescription Narcotics / Codeine / Alprazolam,PENDING_INVESTIGATION
POL-2026-00354,28,Pudukkottai,139,416,PS-PUD-B2,2025-11-18 17:45:42,ROUTINE_BEAT_PATROL,4,Chemical Precursors / Ephedrine,PENDING_INVESTIGATION
POL-2026-00355,37,Tirupathur,184,550,PS-TIR-B3,2025-06-24 00:00:09,SPECIAL_TASK_DRIVE,4,Chemical Precursors / Ephedrine,PENDING_INVESTIGATION
POL-2026-00356,2,Coimbatore,9,27,PS-COI-B1,2026-01-25 21:06:12,ROUTINE_BEAT_PATROL,1,Commercial Ganja / Cannabis,CASE_REGISTERED
POL-2026-00357,34,Nagapattinam,167,499,PS-NAG-B1,2026-02-06 11:49:33,SEARCH_SEIZURE,1,Commercial Ganja / Cannabis,PENDING_INVESTIGATION
POL-2026-00358,7,Erode,31,91,PS-ERO-B1,2025-04-03 17:02:14,SPECIAL_TASK_DRIVE,6,Unclassified / Suspicious Substance,PENDING_INVESTIGATION
POL-2026-00359,29,Sivaganga,144,431,PS-SIV-B2,2026-04-30 21:23:45,SEARCH_SEIZURE,2,Synthetic Stimulants / MDMA / Meth,PENDING_INVESTIGATION
POL-2026-00360,28,Pudukkottai,136,408,PS-PUD-B2,2025-01-07 04:21:15,ROUTINE_BEAT_PATROL,4,Chemical Precursors / Ephedrine,ACTION_COMPLETED
POL-2026-00361,16,Kancheepuram,79,235,PS-KAN-B4,2026-02-08 14:48:24,SPECIAL_TASK_DRIVE,3,Prescription Narcotics / Codeine / Alprazolam,CASE_REGISTERED
POL-2026-00362,3,Madurai,12,36,PS-MAD-B3,2025-10-23 09:31:34,ROUTINE_BEAT_PATROL,5,Opioid Analogues / Brown Sugar / Heroin,CASE_REGISTERED
POL-2026-00363,28,Pudukkottai,138,412,PS-PUD-B1,2026-06-12 02:10:47,SEARCH_SEIZURE,1,Commercial Ganja / Cannabis,ACTION_COMPLETED
POL-2026-00364,19,Cuddalore,94,282,PS-CUD-B3,2025-04-26 22:19:53,CHECKPOST_INTERCEPTION,5,Opioid Analogues / Brown Sugar / Heroin,ACTION_COMPLETED
POL-2026-00365,16,Kancheepuram,76,226,PS-KAN-B4,2026-02-04 12:25:08,CHECKPOST_INTERCEPTION,5,Opioid Analogues / Brown Sugar / Heroin,PENDING_INVESTIGATION
POL-2026-00366,3,Madurai,13,37,PS-MAD-B3,2025-03-18 08:23:03,SEARCH_SEIZURE,6,Unclassified / Suspicious Substance,ACTION_COMPLETED
POL-2026-00367,24,Nilgiris,117,351,PS-NIL-B4,2025-05-07 21:05:14,SEARCH_SEIZURE,3,Prescription Narcotics / Codeine / Alprazolam,PENDING_INVESTIGATION
POL-2026-00368,12,Thanjavur,57,170,PS-THA-B4,2026-04-04 22:47:54,SPECIAL_TASK_DRIVE,2,Synthetic Stimulants / MDMA / Meth,ACTION_COMPLETED
POL-2026-00369,21,Kallakurichi,101,301,PS-KAL-B2,2024-11-25 05:28:44,CHECKPOST_INTERCEPTION,6,Unclassified / Suspicious Substance,CASE_REGISTERED
POL-2026-00370,24,Nilgiris,119,356,PS-NIL-B1,2025-02-13 14:06:28,ROUTINE_BEAT_PATROL,6,Unclassified / Suspicious Substance,CASE_REGISTERED
POL-2026-00371,24,Nilgiris,117,351,PS-NIL-B2,2024-10-30 04:12:54,ROUTINE_BEAT_PATROL,5,Opioid Analogues / Brown Sugar / Heroin,PENDING_INVESTIGATION
POL-2026-00372,34,Nagapattinam,169,507,PS-NAG-B2,2026-06-18 01:21:12,SEARCH_SEIZURE,5,Opioid Analogues / Brown Sugar / Heroin,PENDING_INVESTIGATION
POL-2026-00373,31,Virudhunagar,152,454,PS-VIR-B1,2025-05-19 14:15:50,SPECIAL_TASK_DRIVE,6,Unclassified / Suspicious Substance,ACTION_COMPLETED
POL-2026-00374,15,Tenkasi,75,224,PS-TEN-B2,2024-12-09 15:53:55,SEARCH_SEIZURE,5,Opioid Analogues / Brown Sugar / Heroin,CASE_REGISTERED
POL-2026-00375,31,Virudhunagar,151,453,PS-VIR-B4,2025-01-23 21:19:16,ROUTINE_BEAT_PATROL,1,Commercial Ganja / Cannabis,ACTION_COMPLETED
POL-2026-00376,13,Thoothukudi,62,184,PS-THO-B2,2024-10-05 22:29:52,CHECKPOST_INTERCEPTION,1,Commercial Ganja / Cannabis,ACTION_COMPLETED
POL-2026-00377,36,Ranipet,180,538,PS-RAN-B2,2026-04-24 14:45:16,SEARCH_SEIZURE,1,Commercial Ganja / Cannabis,PENDING_INVESTIGATION
POL-2026-00378,3,Madurai,11,32,PS-MAD-B4,2024-09-21 07:15:59,ROUTINE_BEAT_PATROL,3,Prescription Narcotics / Codeine / Alprazolam,ACTION_COMPLETED
POL-2026-00379,30,Ramanathapuram,146,436,PS-RAM-B2,2025-06-09 21:14:32,SEARCH_SEIZURE,6,Unclassified / Suspicious Substance,ACTION_COMPLETED
POL-2026-00380,19,Cuddalore,92,275,PS-CUD-B4,2026-03-26 19:35:43,CHECKPOST_INTERCEPTION,3,Prescription Narcotics / Codeine / Alprazolam,CASE_REGISTERED
POL-2026-00381,33,Thiruvarur,165,493,PS-THI-B4,2025-11-19 16:08:59,SPECIAL_TASK_DRIVE,3,Prescription Narcotics / Codeine / Alprazolam,PENDING_INVESTIGATION
POL-2026-00382,30,Ramanathapuram,147,439,PS-RAM-B3,2025-03-19 11:36:24,SEARCH_SEIZURE,5,Opioid Analogues / Brown Sugar / Heroin,CASE_REGISTERED
POL-2026-00383,19,Cuddalore,91,273,PS-CUD-B2,2026-03-04 04:03:36,SPECIAL_TASK_DRIVE,3,Prescription Narcotics / Codeine / Alprazolam,CASE_REGISTERED
POL-2026-00384,30,Ramanathapuram,150,449,PS-RAM-B4,2025-07-12 07:49:35,SPECIAL_TASK_DRIVE,6,Unclassified / Suspicious Substance,ACTION_COMPLETED
POL-2026-00385,5,Tiruchirappalli,24,71,PS-TIR-B3,2024-11-05 13:49:17,SPECIAL_TASK_DRIVE,6,Unclassified / Suspicious Substance,ACTION_COMPLETED
POL-2026-00386,4,Salem,19,55,PS-SAL-B4,2026-06-01 06:05:39,SEARCH_SEIZURE,5,Opioid Analogues / Brown Sugar / Heroin,ACTION_COMPLETED
POL-2026-00387,15,Tenkasi,75,225,PS-TEN-B4,2026-07-28 23:41:25,ROUTINE_BEAT_PATROL,1,Commercial Ganja / Cannabis,CASE_REGISTERED
POL-2026-00388,27,Perambalur,135,405,PS-PER-B4,2025-11-04 11:05:41,CHECKPOST_INTERCEPTION,3,Prescription Narcotics / Codeine / Alprazolam,CASE_REGISTERED
POL-2026-00389,30,Ramanathapuram,146,437,PS-RAM-B1,2025-12-20 15:29:32,CHECKPOST_INTERCEPTION,4,Chemical Precursors / Ephedrine,CASE_REGISTERED
POL-2026-00390,5,Tiruchirappalli,21,62,PS-TIR-B3,2026-01-08 08:58:27,ROUTINE_BEAT_PATROL,4,Chemical Precursors / Ephedrine,PENDING_INVESTIGATION
POL-2026-00391,6,Tirunelveli,27,79,PS-TIR-B1,2026-04-09 04:57:26,SPECIAL_TASK_DRIVE,5,Opioid Analogues / Brown Sugar / Heroin,PENDING_INVESTIGATION
POL-2026-00392,2,Coimbatore,10,28,PS-COI-B2,2025-05-14 12:36:05,ROUTINE_BEAT_PATROL,6,Unclassified / Suspicious Substance,ACTION_COMPLETED
POL-2026-00393,36,Ranipet,177,531,PS-RAN-B2,2026-02-14 01:19:35,CHECKPOST_INTERCEPTION,6,Unclassified / Suspicious Substance,CASE_REGISTERED
POL-2026-00394,9,Vellore,42,125,PS-VEL-B3,2025-11-16 08:39:02,SPECIAL_TASK_DRIVE,4,Chemical Precursors / Ephedrine,CASE_REGISTERED
POL-2026-00395,2,Coimbatore,6,17,PS-COI-B2,2026-03-31 04:29:49,SEARCH_SEIZURE,5,Opioid Analogues / Brown Sugar / Heroin,PENDING_INVESTIGATION
POL-2026-00396,2,Coimbatore,10,30,PS-COI-B3,2026-06-23 17:52:13,CHECKPOST_INTERCEPTION,5,Opioid Analogues / Brown Sugar / Heroin,PENDING_INVESTIGATION
POL-2026-00397,2,Coimbatore,7,20,PS-COI-B4,2025-09-27 10:32:56,ROUTINE_BEAT_PATROL,1,Commercial Ganja / Cannabis,CASE_REGISTERED
POL-2026-00398,6,Tirunelveli,28,84,PS-TIR-B4,2024-12-19 10:01:09,CHECKPOST_INTERCEPTION,6,Unclassified / Suspicious Substance,CASE_REGISTERED
POL-2026-00399,9,Vellore,42,124,PS-VEL-B2,2026-04-25 00:50:09,SPECIAL_TASK_DRIVE,1,Commercial Ganja / Cannabis,PENDING_INVESTIGATION
POL-2026-00400,11,Dindigul,51,153,PS-DIN-B4,2026-02-06 07:20:55,SPECIAL_TASK_DRIVE,4,Chemical Precursors / Ephedrine,CASE_REGISTERED
POL-2026-00401,15,Tenkasi,73,219,PS-TEN-B4,2025-09-09 19:23:45,SEARCH_SEIZURE,5,Opioid Analogues / Brown Sugar / Heroin,ACTION_COMPLETED
POL-2026-00402,14,Kanniyakumari,68,204,PS-KAN-B3,2026-06-05 10:03:03,CHECKPOST_INTERCEPTION,3,Prescription Narcotics / Codeine / Alprazolam,ACTION_COMPLETED
POL-2026-00403,32,Theni,156,467,PS-THE-B1,2026-06-25 15:36:06,CHECKPOST_INTERCEPTION,4,Chemical Precursors / Ephedrine,ACTION_COMPLETED
POL-2026-00404,31,Virudhunagar,153,458,PS-VIR-B2,2024-11-15 16:03:31,SEARCH_SEIZURE,1,Commercial Ganja / Cannabis,ACTION_COMPLETED
POL-2026-00405,26,Ariyalur,127,379,PS-ARI-B3,2024-12-21 12:43:12,SEARCH_SEIZURE,6,Unclassified / Suspicious Substance,PENDING_INVESTIGATION
POL-2026-00406,25,Karur,124,372,PS-KAR-B4,2026-01-15 10:26:35,SEARCH_SEIZURE,5,Opioid Analogues / Brown Sugar / Heroin,ACTION_COMPLETED
POL-2026-00407,5,Tiruchirappalli,24,72,PS-TIR-B3,2025-08-15 05:25:43,ROUTINE_BEAT_PATROL,6,Unclassified / Suspicious Substance,ACTION_COMPLETED
POL-2026-00408,7,Erode,33,99,PS-ERO-B3,2024-12-08 09:55:59,ROUTINE_BEAT_PATROL,4,Chemical Precursors / Ephedrine,PENDING_INVESTIGATION
POL-2026-00409,31,Virudhunagar,155,464,PS-VIR-B1,2025-08-16 03:33:22,CHECKPOST_INTERCEPTION,1,Commercial Ganja / Cannabis,CASE_REGISTERED
POL-2026-00410,14,Kanniyakumari,68,204,PS-KAN-B1,2026-03-12 10:21:47,SPECIAL_TASK_DRIVE,4,Chemical Precursors / Ephedrine,ACTION_COMPLETED
POL-2026-00411,14,Kanniyakumari,70,208,PS-KAN-B4,2026-03-10 08:48:53,CHECKPOST_INTERCEPTION,6,Unclassified / Suspicious Substance,ACTION_COMPLETED
POL-2026-00412,32,Theni,158,474,PS-THE-B3,2024-12-09 02:55:49,CHECKPOST_INTERCEPTION,5,Opioid Analogues / Brown Sugar / Heroin,CASE_REGISTERED
POL-2026-00413,13,Thoothukudi,64,190,PS-THO-B3,2026-06-03 05:23:53,SEARCH_SEIZURE,5,Opioid Analogues / Brown Sugar / Heroin,CASE_REGISTERED
POL-2026-00414,35,Mayiladuthurai,174,520,PS-MAY-B2,2026-08-12 11:45:36,SPECIAL_TASK_DRIVE,2,Synthetic Stimulants / MDMA / Meth,ACTION_COMPLETED
POL-2026-00415,24,Nilgiris,119,356,PS-NIL-B4,2026-08-10 08:32:20,CHECKPOST_INTERCEPTION,4,Chemical Precursors / Ephedrine,PENDING_INVESTIGATION
POL-2026-00416,14,Kanniyakumari,66,198,PS-KAN-B3,2026-07-22 02:59:51,ROUTINE_BEAT_PATROL,5,Opioid Analogues / Brown Sugar / Heroin,PENDING_INVESTIGATION
POL-2026-00417,20,Viluppuram,97,290,PS-VIL-B1,2025-01-05 04:42:25,CHECKPOST_INTERCEPTION,1,Commercial Ganja / Cannabis,CASE_REGISTERED
POL-2026-00418,6,Tirunelveli,28,82,PS-TIR-B2,2026-06-20 03:23:26,SEARCH_SEIZURE,1,Commercial Ganja / Cannabis,CASE_REGISTERED
POL-2026-00419,36,Ranipet,178,532,PS-RAN-B4,2025-01-07 17:48:32,CHECKPOST_INTERCEPTION,4,Chemical Precursors / Ephedrine,CASE_REGISTERED
POL-2026-00420,9,Vellore,43,128,PS-VEL-B3,2025-02-10 20:27:22,SPECIAL_TASK_DRIVE,6,Unclassified / Suspicious Substance,CASE_REGISTERED
POL-2026-00421,21,Kallakurichi,105,314,PS-KAL-B3,2026-03-08 06:22:48,ROUTINE_BEAT_PATROL,2,Synthetic Stimulants / MDMA / Meth,CASE_REGISTERED
POL-2026-00422,25,Karur,121,361,PS-KAR-B2,2024-11-19 05:42:00,SEARCH_SEIZURE,2,Synthetic Stimulants / MDMA / Meth,ACTION_COMPLETED
POL-2026-00423,26,Ariyalur,128,382,PS-ARI-B1,2026-06-24 21:30:02,SEARCH_SEIZURE,2,Synthetic Stimulants / MDMA / Meth,ACTION_COMPLETED
POL-2026-00424,6,Tirunelveli,29,85,PS-TIR-B3,2025-12-15 12:10:16,CHECKPOST_INTERCEPTION,4,Chemical Precursors / Ephedrine,PENDING_INVESTIGATION
POL-2026-00425,36,Ranipet,176,527,PS-RAN-B4,2025-02-17 12:05:06,SPECIAL_TASK_DRIVE,2,Synthetic Stimulants / MDMA / Meth,ACTION_COMPLETED
POL-2026-00426,13,Thoothukudi,62,185,PS-THO-B2,2025-04-17 03:44:23,SEARCH_SEIZURE,1,Commercial Ganja / Cannabis,ACTION_COMPLETED
POL-2026-00427,22,Dharmapuri,106,317,PS-DHA-B4,2025-12-21 07:47:36,SPECIAL_TASK_DRIVE,5,Opioid Analogues / Brown Sugar / Heroin,CASE_REGISTERED
POL-2026-00428,18,Tiruvallur,88,262,PS-TIR-B4,2026-01-16 21:51:37,ROUTINE_BEAT_PATROL,4,Chemical Precursors / Ephedrine,PENDING_INVESTIGATION
POL-2026-00429,35,Mayiladuthurai,172,516,PS-MAY-B4,2026-04-27 15:15:12,ROUTINE_BEAT_PATROL,6,Unclassified / Suspicious Substance,CASE_REGISTERED
POL-2026-00430,17,Chengalpattu,85,255,PS-CHE-B3,2025-12-09 02:11:19,ROUTINE_BEAT_PATROL,3,Prescription Narcotics / Codeine / Alprazolam,ACTION_COMPLETED
POL-2026-00431,10,Krishnagiri,46,138,PS-KRI-B3,2025-10-03 16:10:37,SEARCH_SEIZURE,1,Commercial Ganja / Cannabis,PENDING_INVESTIGATION
POL-2026-00432,15,Tenkasi,73,218,PS-TEN-B1,2025-11-10 01:03:04,ROUTINE_BEAT_PATROL,6,Unclassified / Suspicious Substance,PENDING_INVESTIGATION
POL-2026-00433,27,Perambalur,132,394,PS-PER-B4,2025-02-08 05:42:59,CHECKPOST_INTERCEPTION,3,Prescription Narcotics / Codeine / Alprazolam,CASE_REGISTERED
POL-2026-00434,30,Ramanathapuram,146,437,PS-RAM-B1,2025-10-13 04:16:47,SPECIAL_TASK_DRIVE,5,Opioid Analogues / Brown Sugar / Heroin,ACTION_COMPLETED
POL-2026-00435,7,Erode,33,99,PS-ERO-B2,2025-11-23 22:50:01,ROUTINE_BEAT_PATROL,2,Synthetic Stimulants / MDMA / Meth,ACTION_COMPLETED
POL-2026-00436,11,Dindigul,53,158,PS-DIN-B1,2025-03-16 11:08:48,ROUTINE_BEAT_PATROL,5,Opioid Analogues / Brown Sugar / Heroin,ACTION_COMPLETED
POL-2026-00437,30,Ramanathapuram,150,450,PS-RAM-B1,2025-12-24 18:16:37,CHECKPOST_INTERCEPTION,4,Chemical Precursors / Ephedrine,CASE_REGISTERED
POL-2026-00438,29,Sivaganga,142,426,PS-SIV-B4,2026-03-15 09:50:12,ROUTINE_BEAT_PATROL,6,Unclassified / Suspicious Substance,ACTION_COMPLETED
POL-2026-00439,2,Coimbatore,10,28,PS-COI-B4,2025-09-01 10:43:00,SEARCH_SEIZURE,5,Opioid Analogues / Brown Sugar / Heroin,ACTION_COMPLETED
POL-2026-00440,34,Nagapattinam,169,505,PS-NAG-B3,2025-10-31 08:22:54,CHECKPOST_INTERCEPTION,6,Unclassified / Suspicious Substance,PENDING_INVESTIGATION
POL-2026-00441,25,Karur,122,365,PS-KAR-B2,2025-05-12 10:19:57,CHECKPOST_INTERCEPTION,6,Unclassified / Suspicious Substance,PENDING_INVESTIGATION
POL-2026-00442,8,Tiruppur,38,114,PS-TIR-B3,2025-12-11 03:49:47,ROUTINE_BEAT_PATROL,6,Unclassified / Suspicious Substance,ACTION_COMPLETED
POL-2026-00443,33,Thiruvarur,162,484,PS-THI-B1,2025-04-07 18:55:18,SPECIAL_TASK_DRIVE,2,Synthetic Stimulants / MDMA / Meth,ACTION_COMPLETED
POL-2026-00444,29,Sivaganga,141,421,PS-SIV-B3,2026-02-19 16:50:42,ROUTINE_BEAT_PATROL,4,Chemical Precursors / Ephedrine,PENDING_INVESTIGATION
POL-2026-00445,9,Vellore,43,128,PS-VEL-B3,2025-01-19 03:06:36,ROUTINE_BEAT_PATROL,2,Synthetic Stimulants / MDMA / Meth,ACTION_COMPLETED
POL-2026-00446,9,Vellore,45,135,PS-VEL-B2,2026-01-11 01:23:40,SEARCH_SEIZURE,4,Chemical Precursors / Ephedrine,ACTION_COMPLETED
POL-2026-00447,5,Tiruchirappalli,25,73,PS-TIR-B4,2025-04-13 16:08:01,SEARCH_SEIZURE,6,Unclassified / Suspicious Substance,CASE_REGISTERED
POL-2026-00448,37,Tirupathur,184,552,PS-TIR-B1,2026-08-17 18:30:43,CHECKPOST_INTERCEPTION,5,Opioid Analogues / Brown Sugar / Heroin,CASE_REGISTERED
POL-2026-00449,13,Thoothukudi,63,188,PS-THO-B2,2026-01-04 05:01:27,CHECKPOST_INTERCEPTION,3,Prescription Narcotics / Codeine / Alprazolam,CASE_REGISTERED
POL-2026-00450,37,Tirupathur,182,544,PS-TIR-B3,2026-02-02 04:31:03,CHECKPOST_INTERCEPTION,1,Commercial Ganja / Cannabis,PENDING_INVESTIGATION
POL-2026-00451,16,Kancheepuram,80,238,PS-KAN-B3,2025-12-01 08:43:16,SEARCH_SEIZURE,6,Unclassified / Suspicious Substance,PENDING_INVESTIGATION
POL-2026-00452,16,Kancheepuram,77,229,PS-KAN-B3,2026-08-08 11:35:19,SEARCH_SEIZURE,3,Prescription Narcotics / Codeine / Alprazolam,CASE_REGISTERED
POL-2026-00453,13,Thoothukudi,63,188,PS-THO-B1,2025-09-29 16:27:13,SPECIAL_TASK_DRIVE,4,Chemical Precursors / Ephedrine,PENDING_INVESTIGATION
POL-2026-00454,22,Dharmapuri,106,316,PS-DHA-B1,2025-09-11 15:35:25,SPECIAL_TASK_DRIVE,4,Chemical Precursors / Ephedrine,CASE_REGISTERED
POL-2026-00455,16,Kancheepuram,78,234,PS-KAN-B3,2026-01-10 06:35:19,SPECIAL_TASK_DRIVE,6,Unclassified / Suspicious Substance,CASE_REGISTERED
POL-2026-00456,6,Tirunelveli,29,86,PS-TIR-B1,2025-09-05 14:41:32,ROUTINE_BEAT_PATROL,1,Commercial Ganja / Cannabis,ACTION_COMPLETED
POL-2026-00457,4,Salem,19,56,PS-SAL-B1,2026-02-15 20:51:44,CHECKPOST_INTERCEPTION,6,Unclassified / Suspicious Substance,CASE_REGISTERED
POL-2026-00458,18,Tiruvallur,90,270,PS-TIR-B1,2025-05-07 22:03:48,CHECKPOST_INTERCEPTION,5,Opioid Analogues / Brown Sugar / Heroin,PENDING_INVESTIGATION
POL-2026-00459,27,Perambalur,134,401,PS-PER-B3,2025-06-03 15:59:28,ROUTINE_BEAT_PATROL,3,Prescription Narcotics / Codeine / Alprazolam,ACTION_COMPLETED
POL-2026-00460,8,Tiruppur,39,115,PS-TIR-B1,2026-04-26 02:23:13,SEARCH_SEIZURE,4,Chemical Precursors / Ephedrine,CASE_REGISTERED
POL-2026-00461,37,Tirupathur,185,554,PS-TIR-B4,2025-12-14 23:58:47,SEARCH_SEIZURE,4,Chemical Precursors / Ephedrine,ACTION_COMPLETED
POL-2026-00462,6,Tirunelveli,30,88,PS-TIR-B3,2025-10-05 04:00:27,SPECIAL_TASK_DRIVE,3,Prescription Narcotics / Codeine / Alprazolam,ACTION_COMPLETED
POL-2026-00463,1,Chennai,4,12,PS-CHE-B3,2025-09-11 06:08:59,SEARCH_SEIZURE,6,Unclassified / Suspicious Substance,ACTION_COMPLETED
POL-2026-00464,37,Tirupathur,183,548,PS-TIR-B4,2026-01-04 20:04:20,SEARCH_SEIZURE,5,Opioid Analogues / Brown Sugar / Heroin,PENDING_INVESTIGATION
POL-2026-00465,16,Kancheepuram,77,231,PS-KAN-B3,2024-10-07 08:44:07,ROUTINE_BEAT_PATROL,1,Commercial Ganja / Cannabis,ACTION_COMPLETED
POL-2026-00466,38,Tiruvannamalai,188,563,PS-TIR-B4,2025-08-23 10:29:35,SPECIAL_TASK_DRIVE,2,Synthetic Stimulants / MDMA / Meth,ACTION_COMPLETED
POL-2026-00467,26,Ariyalur,128,383,PS-ARI-B4,2025-03-01 15:42:38,SPECIAL_TASK_DRIVE,2,Synthetic Stimulants / MDMA / Meth,CASE_REGISTERED
POL-2026-00468,9,Vellore,41,123,PS-VEL-B4,2026-07-18 06:58:46,SEARCH_SEIZURE,3,Prescription Narcotics / Codeine / Alprazolam,ACTION_COMPLETED
POL-2026-00469,33,Thiruvarur,164,492,PS-THI-B1,2025-03-22 01:53:06,SPECIAL_TASK_DRIVE,6,Unclassified / Suspicious Substance,CASE_REGISTERED
POL-2026-00470,13,Thoothukudi,64,192,PS-THO-B3,2026-02-25 01:24:19,ROUTINE_BEAT_PATROL,6,Unclassified / Suspicious Substance,ACTION_COMPLETED
POL-2026-00471,14,Kanniyakumari,70,209,PS-KAN-B2,2025-02-28 09:16:38,CHECKPOST_INTERCEPTION,6,Unclassified / Suspicious Substance,CASE_REGISTERED
POL-2026-00472,5,Tiruchirappalli,23,67,PS-TIR-B4,2026-06-04 23:14:40,SPECIAL_TASK_DRIVE,4,Chemical Precursors / Ephedrine,PENDING_INVESTIGATION
POL-2026-00473,10,Krishnagiri,50,149,PS-KRI-B1,2025-09-11 05:03:57,ROUTINE_BEAT_PATROL,6,Unclassified / Suspicious Substance,PENDING_INVESTIGATION
POL-2026-00474,32,Theni,156,466,PS-THE-B1,2026-03-28 07:29:33,CHECKPOST_INTERCEPTION,1,Commercial Ganja / Cannabis,ACTION_COMPLETED
POL-2026-00475,17,Chengalpattu,83,249,PS-CHE-B3,2025-11-04 16:59:25,SEARCH_SEIZURE,6,Unclassified / Suspicious Substance,CASE_REGISTERED
POL-2026-00476,10,Krishnagiri,48,142,PS-KRI-B4,2025-11-03 13:33:38,CHECKPOST_INTERCEPTION,4,Chemical Precursors / Ephedrine,ACTION_COMPLETED
POL-2026-00477,38,Tiruvannamalai,186,557,PS-TIR-B4,2025-03-28 12:36:26,CHECKPOST_INTERCEPTION,3,Prescription Narcotics / Codeine / Alprazolam,PENDING_INVESTIGATION
POL-2026-00478,18,Tiruvallur,87,259,PS-TIR-B3,2025-10-25 00:30:57,SEARCH_SEIZURE,4,Chemical Precursors / Ephedrine,CASE_REGISTERED
POL-2026-00479,10,Krishnagiri,48,143,PS-KRI-B4,2024-12-16 11:24:54,SPECIAL_TASK_DRIVE,3,Prescription Narcotics / Codeine / Alprazolam,ACTION_COMPLETED
POL-2026-00480,34,Nagapattinam,170,508,PS-NAG-B4,2026-08-17 00:45:15,SEARCH_SEIZURE,4,Chemical Precursors / Ephedrine,PENDING_INVESTIGATION
POL-2026-00481,4,Salem,19,55,PS-SAL-B1,2026-08-01 18:18:43,SEARCH_SEIZURE,3,Prescription Narcotics / Codeine / Alprazolam,CASE_REGISTERED
POL-2026-00482,3,Madurai,13,38,PS-MAD-B2,2025-10-11 22:47:01,SPECIAL_TASK_DRIVE,3,Prescription Narcotics / Codeine / Alprazolam,CASE_REGISTERED
POL-2026-00483,25,Karur,123,368,PS-KAR-B4,2026-06-10 18:08:56,ROUTINE_BEAT_PATROL,5,Opioid Analogues / Brown Sugar / Heroin,PENDING_INVESTIGATION
POL-2026-00484,12,Thanjavur,59,175,PS-THA-B1,2025-11-14 18:04:36,SEARCH_SEIZURE,3,Prescription Narcotics / Codeine / Alprazolam,ACTION_COMPLETED
POL-2026-00485,9,Vellore,44,132,PS-VEL-B4,2025-12-30 00:20:57,CHECKPOST_INTERCEPTION,5,Opioid Analogues / Brown Sugar / Heroin,CASE_REGISTERED
POL-2026-00486,35,Mayiladuthurai,175,525,PS-MAY-B4,2025-08-19 23:44:00,SEARCH_SEIZURE,5,Opioid Analogues / Brown Sugar / Heroin,PENDING_INVESTIGATION
POL-2026-00487,38,Tiruvannamalai,186,556,PS-TIR-B3,2025-05-28 06:17:47,SPECIAL_TASK_DRIVE,2,Synthetic Stimulants / MDMA / Meth,PENDING_INVESTIGATION
POL-2026-00488,38,Tiruvannamalai,187,559,PS-TIR-B3,2026-01-15 10:26:01,CHECKPOST_INTERCEPTION,3,Prescription Narcotics / Codeine / Alprazolam,ACTION_COMPLETED
POL-2026-00489,2,Coimbatore,8,24,PS-COI-B3,2026-07-23 22:04:30,ROUTINE_BEAT_PATROL,3,Prescription Narcotics / Codeine / Alprazolam,ACTION_COMPLETED
POL-2026-00490,32,Theni,156,467,PS-THE-B1,2025-12-20 04:11:12,ROUTINE_BEAT_PATROL,2,Synthetic Stimulants / MDMA / Meth,CASE_REGISTERED
POL-2026-00491,8,Tiruppur,40,118,PS-TIR-B2,2025-05-18 19:04:01,ROUTINE_BEAT_PATROL,4,Chemical Precursors / Ephedrine,CASE_REGISTERED
POL-2026-00492,24,Nilgiris,117,350,PS-NIL-B1,2025-11-27 04:04:57,SPECIAL_TASK_DRIVE,4,Chemical Precursors / Ephedrine,CASE_REGISTERED
POL-2026-00493,21,Kallakurichi,104,312,PS-KAL-B4,2024-12-19 20:34:32,SEARCH_SEIZURE,6,Unclassified / Suspicious Substance,CASE_REGISTERED
POL-2026-00494,10,Krishnagiri,47,139,PS-KRI-B1,2025-11-01 12:48:59,ROUTINE_BEAT_PATROL,4,Chemical Precursors / Ephedrine,CASE_REGISTERED
POL-2026-00495,29,Sivaganga,142,424,PS-SIV-B2,2025-06-09 15:21:25,SEARCH_SEIZURE,5,Opioid Analogues / Brown Sugar / Heroin,CASE_REGISTERED
POL-2026-00496,19,Cuddalore,91,273,PS-CUD-B1,2025-05-24 03:26:42,ROUTINE_BEAT_PATROL,1,Commercial Ganja / Cannabis,PENDING_INVESTIGATION
POL-2026-00497,25,Karur,123,367,PS-KAR-B1,2026-07-02 22:25:33,ROUTINE_BEAT_PATROL,3,Prescription Narcotics / Codeine / Alprazolam,ACTION_COMPLETED
POL-2026-00498,35,Mayiladuthurai,173,517,PS-MAY-B3,2025-10-13 01:18:50,ROUTINE_BEAT_PATROL,1,Commercial Ganja / Cannabis,ACTION_COMPLETED
POL-2026-00499,20,Viluppuram,100,299,PS-VIL-B1,2025-03-16 14:10:55,CHECKPOST_INTERCEPTION,6,Unclassified / Suspicious Substance,ACTION_COMPLETED
POL-2026-00500,12,Thanjavur,59,176,PS-THA-B1,2025-04-09 06:14:20,SEARCH_SEIZURE,5,Opioid Analogues / Brown Sugar / Heroin,PENDING_INVESTIGATION
POL-2026-00501,10,Krishnagiri,49,145,PS-KRI-B4,2025-11-02 14:20:51,SPECIAL_TASK_DRIVE,6,Unclassified / Suspicious Substance,ACTION_COMPLETED
POL-2026-00502,18,Tiruvallur,86,257,PS-TIR-B1,2026-06-04 00:35:45,SPECIAL_TASK_DRIVE,6,Unclassified / Suspicious Substance,CASE_REGISTERED
POL-2026-00503,22,Dharmapuri,109,325,PS-DHA-B1,2025-02-07 13:35:11,CHECKPOST_INTERCEPTION,2,Synthetic Stimulants / MDMA / Meth,PENDING_INVESTIGATION
POL-2026-00504,10,Krishnagiri,47,141,PS-KRI-B3,2026-02-26 11:08:26,CHECKPOST_INTERCEPTION,4,Chemical Precursors / Ephedrine,CASE_REGISTERED
POL-2026-00505,1,Chennai,5,15,PS-CHE-B3,2025-09-01 13:59:05,SEARCH_SEIZURE,3,Prescription Narcotics / Codeine / Alprazolam,ACTION_COMPLETED
POL-2026-00506,12,Thanjavur,59,177,PS-THA-B4,2025-02-18 08:18:35,ROUTINE_BEAT_PATROL,3,Prescription Narcotics / Codeine / Alprazolam,CASE_REGISTERED
POL-2026-00507,22,Dharmapuri,107,321,PS-DHA-B2,2026-05-21 12:10:39,SEARCH_SEIZURE,2,Synthetic Stimulants / MDMA / Meth,CASE_REGISTERED
POL-2026-00508,20,Viluppuram,100,298,PS-VIL-B3,2025-03-29 01:17:18,SPECIAL_TASK_DRIVE,4,Chemical Precursors / Ephedrine,CASE_REGISTERED
POL-2026-00509,24,Nilgiris,120,360,PS-NIL-B4,2025-06-23 14:35:12,ROUTINE_BEAT_PATROL,3,Prescription Narcotics / Codeine / Alprazolam,PENDING_INVESTIGATION
POL-2026-00510,17,Chengalpattu,82,246,PS-CHE-B4,2024-12-25 11:25:41,CHECKPOST_INTERCEPTION,4,Chemical Precursors / Ephedrine,PENDING_INVESTIGATION
POL-2026-00511,5,Tiruchirappalli,25,74,PS-TIR-B4,2024-09-20 06:06:07,SEARCH_SEIZURE,1,Commercial Ganja / Cannabis,PENDING_INVESTIGATION
POL-2026-00512,13,Thoothukudi,61,183,PS-THO-B1,2025-02-23 15:31:53,SEARCH_SEIZURE,5,Opioid Analogues / Brown Sugar / Heroin,CASE_REGISTERED
POL-2026-00513,25,Karur,122,366,PS-KAR-B4,2026-01-20 08:39:08,ROUTINE_BEAT_PATROL,4,Chemical Precursors / Ephedrine,PENDING_INVESTIGATION
POL-2026-00514,19,Cuddalore,91,271,PS-CUD-B2,2026-05-24 11:58:43,SPECIAL_TASK_DRIVE,2,Synthetic Stimulants / MDMA / Meth,PENDING_INVESTIGATION
POL-2026-00515,34,Nagapattinam,170,510,PS-NAG-B2,2026-05-23 06:16:15,SEARCH_SEIZURE,3,Prescription Narcotics / Codeine / Alprazolam,CASE_REGISTERED
POL-2026-00516,5,Tiruchirappalli,22,66,PS-TIR-B2,2026-05-03 15:46:02,ROUTINE_BEAT_PATROL,5,Opioid Analogues / Brown Sugar / Heroin,PENDING_INVESTIGATION
POL-2026-00517,33,Thiruvarur,164,492,PS-THI-B4,2024-11-04 06:39:24,ROUTINE_BEAT_PATROL,3,Prescription Narcotics / Codeine / Alprazolam,PENDING_INVESTIGATION
POL-2026-00518,1,Chennai,3,7,PS-CHE-B4,2024-12-24 23:11:43,SPECIAL_TASK_DRIVE,3,Prescription Narcotics / Codeine / Alprazolam,PENDING_INVESTIGATION
POL-2026-00519,4,Salem,20,58,PS-SAL-B2,2026-06-19 11:18:13,SEARCH_SEIZURE,2,Synthetic Stimulants / MDMA / Meth,ACTION_COMPLETED
POL-2026-00520,8,Tiruppur,36,106,PS-TIR-B4,2025-09-05 19:35:13,CHECKPOST_INTERCEPTION,4,Chemical Precursors / Ephedrine,ACTION_COMPLETED
POL-2026-00521,28,Pudukkottai,136,406,PS-PUD-B3,2025-06-10 18:04:18,CHECKPOST_INTERCEPTION,6,Unclassified / Suspicious Substance,PENDING_INVESTIGATION
POL-2026-00522,30,Ramanathapuram,148,443,PS-RAM-B1,2026-06-26 21:47:57,ROUTINE_BEAT_PATROL,1,Commercial Ganja / Cannabis,CASE_REGISTERED
POL-2026-00523,3,Madurai,15,43,PS-MAD-B2,2025-08-19 16:43:35,ROUTINE_BEAT_PATROL,4,Chemical Precursors / Ephedrine,ACTION_COMPLETED
POL-2026-00524,31,Virudhunagar,154,462,PS-VIR-B4,2024-10-06 04:33:31,SPECIAL_TASK_DRIVE,2,Synthetic Stimulants / MDMA / Meth,CASE_REGISTERED
POL-2026-00525,23,Namakkal,113,338,PS-NAM-B2,2025-04-03 00:40:16,CHECKPOST_INTERCEPTION,4,Chemical Precursors / Ephedrine,CASE_REGISTERED
POL-2026-00526,1,Chennai,2,4,PS-CHE-B4,2025-09-17 19:28:41,CHECKPOST_INTERCEPTION,4,Chemical Precursors / Ephedrine,ACTION_COMPLETED
POL-2026-00527,37,Tirupathur,184,551,PS-TIR-B4,2025-07-02 10:22:49,CHECKPOST_INTERCEPTION,5,Opioid Analogues / Brown Sugar / Heroin,PENDING_INVESTIGATION
POL-2026-00528,11,Dindigul,53,158,PS-DIN-B2,2025-11-12 20:22:44,SPECIAL_TASK_DRIVE,4,Chemical Precursors / Ephedrine,PENDING_INVESTIGATION
POL-2026-00529,22,Dharmapuri,109,326,PS-DHA-B4,2024-10-17 13:00:13,CHECKPOST_INTERCEPTION,5,Opioid Analogues / Brown Sugar / Heroin,CASE_REGISTERED
POL-2026-00530,15,Tenkasi,71,211,PS-TEN-B1,2026-01-17 05:13:54,SPECIAL_TASK_DRIVE,2,Synthetic Stimulants / MDMA / Meth,CASE_REGISTERED
POL-2026-00531,11,Dindigul,53,159,PS-DIN-B1,2026-07-20 10:35:59,ROUTINE_BEAT_PATROL,6,Unclassified / Suspicious Substance,CASE_REGISTERED
POL-2026-00532,33,Thiruvarur,164,490,PS-THI-B3,2026-03-10 05:31:57,ROUTINE_BEAT_PATROL,5,Opioid Analogues / Brown Sugar / Heroin,PENDING_INVESTIGATION
POL-2026-00533,17,Chengalpattu,84,250,PS-CHE-B2,2025-02-27 02:44:06,SPECIAL_TASK_DRIVE,2,Synthetic Stimulants / MDMA / Meth,ACTION_COMPLETED
POL-2026-00534,28,Pudukkottai,140,418,PS-PUD-B3,2026-01-31 05:16:46,CHECKPOST_INTERCEPTION,5,Opioid Analogues / Brown Sugar / Heroin,ACTION_COMPLETED
POL-2026-00535,21,Kallakurichi,103,308,PS-KAL-B2,2026-02-07 17:47:11,CHECKPOST_INTERCEPTION,4,Chemical Precursors / Ephedrine,CASE_REGISTERED
POL-2026-00536,37,Tirupathur,185,554,PS-TIR-B4,2025-12-21 11:04:28,SEARCH_SEIZURE,6,Unclassified / Suspicious Substance,ACTION_COMPLETED
POL-2026-00537,9,Vellore,44,131,PS-VEL-B3,2026-08-01 14:34:38,SEARCH_SEIZURE,5,Opioid Analogues / Brown Sugar / Heroin,CASE_REGISTERED
POL-2026-00538,23,Namakkal,114,341,PS-NAM-B1,2026-03-05 04:21:12,ROUTINE_BEAT_PATROL,4,Chemical Precursors / Ephedrine,CASE_REGISTERED
POL-2026-00539,26,Ariyalur,130,388,PS-ARI-B2,2026-04-22 23:37:26,ROUTINE_BEAT_PATROL,5,Opioid Analogues / Brown Sugar / Heroin,CASE_REGISTERED
POL-2026-00540,21,Kallakurichi,103,309,PS-KAL-B3,2025-03-29 07:26:50,SPECIAL_TASK_DRIVE,5,Opioid Analogues / Brown Sugar / Heroin,CASE_REGISTERED
POL-2026-00541,31,Virudhunagar,154,460,PS-VIR-B4,2024-10-05 03:04:19,ROUTINE_BEAT_PATROL,3,Prescription Narcotics / Codeine / Alprazolam,PENDING_INVESTIGATION
POL-2026-00542,14,Kanniyakumari,70,208,PS-KAN-B2,2026-06-11 05:40:39,SPECIAL_TASK_DRIVE,1,Commercial Ganja / Cannabis,ACTION_COMPLETED
POL-2026-00543,27,Perambalur,132,394,PS-PER-B4,2025-02-04 03:08:40,SPECIAL_TASK_DRIVE,3,Prescription Narcotics / Codeine / Alprazolam,CASE_REGISTERED
POL-2026-00544,38,Tiruvannamalai,187,559,PS-TIR-B4,2026-01-24 01:15:46,SPECIAL_TASK_DRIVE,2,Synthetic Stimulants / MDMA / Meth,ACTION_COMPLETED
POL-2026-00545,36,Ranipet,179,537,PS-RAN-B4,2025-01-29 17:51:05,SEARCH_SEIZURE,6,Unclassified / Suspicious Substance,ACTION_COMPLETED
POL-2026-00546,35,Mayiladuthurai,172,515,PS-MAY-B3,2024-12-08 03:45:48,SPECIAL_TASK_DRIVE,5,Opioid Analogues / Brown Sugar / Heroin,ACTION_COMPLETED
POL-2026-00547,4,Salem,19,55,PS-SAL-B1,2025-05-20 07:57:31,SPECIAL_TASK_DRIVE,4,Chemical Precursors / Ephedrine,CASE_REGISTERED
POL-2026-00548,4,Salem,18,54,PS-SAL-B3,2025-07-04 23:58:16,SPECIAL_TASK_DRIVE,6,Unclassified / Suspicious Substance,ACTION_COMPLETED
POL-2026-00549,22,Dharmapuri,109,327,PS-DHA-B1,2025-03-23 08:19:24,SEARCH_SEIZURE,3,Prescription Narcotics / Codeine / Alprazolam,ACTION_COMPLETED
POL-2026-00550,31,Virudhunagar,151,452,PS-VIR-B3,2025-08-22 12:20:15,SEARCH_SEIZURE,6,Unclassified / Suspicious Substance,ACTION_COMPLETED
POL-2026-00551,18,Tiruvallur,90,270,PS-TIR-B4,2025-09-22 10:02:09,SEARCH_SEIZURE,1,Commercial Ganja / Cannabis,CASE_REGISTERED
POL-2026-00552,28,Pudukkottai,137,410,PS-PUD-B4,2026-08-13 18:05:40,SPECIAL_TASK_DRIVE,4,Chemical Precursors / Ephedrine,CASE_REGISTERED
POL-2026-00553,26,Ariyalur,130,389,PS-ARI-B1,2025-02-22 18:57:28,ROUTINE_BEAT_PATROL,1,Commercial Ganja / Cannabis,PENDING_INVESTIGATION
POL-2026-00554,36,Ranipet,177,529,PS-RAN-B2,2026-01-21 03:57:39,SPECIAL_TASK_DRIVE,3,Prescription Narcotics / Codeine / Alprazolam,PENDING_INVESTIGATION
POL-2026-00555,21,Kallakurichi,102,306,PS-KAL-B3,2026-05-15 22:41:46,SEARCH_SEIZURE,1,Commercial Ganja / Cannabis,CASE_REGISTERED
POL-2026-00556,25,Karur,124,370,PS-KAR-B2,2025-01-30 08:58:18,SEARCH_SEIZURE,4,Chemical Precursors / Ephedrine,CASE_REGISTERED
POL-2026-00557,15,Tenkasi,75,224,PS-TEN-B2,2025-05-14 08:56:16,CHECKPOST_INTERCEPTION,1,Commercial Ganja / Cannabis,ACTION_COMPLETED
POL-2026-00558,24,Nilgiris,120,359,PS-NIL-B2,2024-10-16 07:38:18,SEARCH_SEIZURE,4,Chemical Precursors / Ephedrine,PENDING_INVESTIGATION
POL-2026-00559,12,Thanjavur,58,174,PS-THA-B3,2025-03-08 12:47:55,CHECKPOST_INTERCEPTION,6,Unclassified / Suspicious Substance,PENDING_INVESTIGATION
POL-2026-00560,34,Nagapattinam,167,500,PS-NAG-B3,2026-02-14 14:26:41,CHECKPOST_INTERCEPTION,2,Synthetic Stimulants / MDMA / Meth,ACTION_COMPLETED
POL-2026-00561,32,Theni,156,467,PS-THE-B3,2025-03-01 05:16:43,CHECKPOST_INTERCEPTION,1,Commercial Ganja / Cannabis,PENDING_INVESTIGATION
POL-2026-00562,35,Mayiladuthurai,172,515,PS-MAY-B2,2026-02-18 09:43:07,SPECIAL_TASK_DRIVE,2,Synthetic Stimulants / MDMA / Meth,CASE_REGISTERED
POL-2026-00563,1,Chennai,4,10,PS-CHE-B3,2026-08-01 11:15:08,ROUTINE_BEAT_PATROL,4,Chemical Precursors / Ephedrine,PENDING_INVESTIGATION
POL-2026-00564,18,Tiruvallur,90,269,PS-TIR-B2,2025-08-10 02:50:04,SPECIAL_TASK_DRIVE,6,Unclassified / Suspicious Substance,CASE_REGISTERED
POL-2026-00565,35,Mayiladuthurai,174,520,PS-MAY-B3,2025-12-11 09:04:29,SPECIAL_TASK_DRIVE,6,Unclassified / Suspicious Substance,CASE_REGISTERED
POL-2026-00566,32,Theni,160,478,PS-THE-B4,2024-10-02 11:03:21,ROUTINE_BEAT_PATROL,5,Opioid Analogues / Brown Sugar / Heroin,PENDING_INVESTIGATION
POL-2026-00567,26,Ariyalur,128,383,PS-ARI-B3,2024-10-23 10:35:23,SPECIAL_TASK_DRIVE,4,Chemical Precursors / Ephedrine,PENDING_INVESTIGATION
POL-2026-00568,37,Tirupathur,182,544,PS-TIR-B4,2026-07-22 21:49:47,ROUTINE_BEAT_PATROL,5,Opioid Analogues / Brown Sugar / Heroin,PENDING_INVESTIGATION
POL-2026-00569,28,Pudukkottai,137,410,PS-PUD-B1,2025-02-01 22:01:00,SEARCH_SEIZURE,6,Unclassified / Suspicious Substance,PENDING_INVESTIGATION
POL-2026-00570,18,Tiruvallur,87,259,PS-TIR-B3,2025-11-22 10:24:23,CHECKPOST_INTERCEPTION,6,Unclassified / Suspicious Substance,ACTION_COMPLETED
POL-2026-00571,2,Coimbatore,6,18,PS-COI-B2,2025-08-11 08:05:22,SEARCH_SEIZURE,5,Opioid Analogues / Brown Sugar / Heroin,CASE_REGISTERED
POL-2026-00572,19,Cuddalore,94,280,PS-CUD-B3,2026-05-13 23:50:21,ROUTINE_BEAT_PATROL,5,Opioid Analogues / Brown Sugar / Heroin,CASE_REGISTERED
POL-2026-00573,6,Tirunelveli,27,79,PS-TIR-B3,2025-07-09 06:30:46,SEARCH_SEIZURE,1,Commercial Ganja / Cannabis,PENDING_INVESTIGATION
POL-2026-00574,36,Ranipet,179,535,PS-RAN-B1,2025-05-04 02:21:24,SPECIAL_TASK_DRIVE,4,Chemical Precursors / Ephedrine,ACTION_COMPLETED
POL-2026-00575,9,Vellore,43,128,PS-VEL-B4,2025-09-23 07:04:08,CHECKPOST_INTERCEPTION,6,Unclassified / Suspicious Substance,PENDING_INVESTIGATION
POL-2026-00576,23,Namakkal,112,334,PS-NAM-B3,2025-09-02 18:54:17,SPECIAL_TASK_DRIVE,6,Unclassified / Suspicious Substance,PENDING_INVESTIGATION
POL-2026-00577,30,Ramanathapuram,148,443,PS-RAM-B3,2025-04-23 08:38:08,ROUTINE_BEAT_PATROL,2,Synthetic Stimulants / MDMA / Meth,ACTION_COMPLETED
POL-2026-00578,35,Mayiladuthurai,174,522,PS-MAY-B2,2025-07-10 00:15:38,CHECKPOST_INTERCEPTION,2,Synthetic Stimulants / MDMA / Meth,ACTION_COMPLETED
POL-2026-00579,13,Thoothukudi,62,185,PS-THO-B1,2024-11-14 13:39:50,ROUTINE_BEAT_PATROL,5,Opioid Analogues / Brown Sugar / Heroin,CASE_REGISTERED
POL-2026-00580,1,Chennai,2,4,PS-CHE-B2,2025-12-18 21:13:58,SPECIAL_TASK_DRIVE,2,Synthetic Stimulants / MDMA / Meth,CASE_REGISTERED
POL-2026-00581,7,Erode,32,94,PS-ERO-B3,2025-07-12 10:41:31,CHECKPOST_INTERCEPTION,6,Unclassified / Suspicious Substance,ACTION_COMPLETED
POL-2026-00582,7,Erode,31,93,PS-ERO-B2,2025-08-19 16:54:48,ROUTINE_BEAT_PATROL,1,Commercial Ganja / Cannabis,PENDING_INVESTIGATION
POL-2026-00583,20,Viluppuram,98,294,PS-VIL-B1,2025-08-25 01:12:43,SEARCH_SEIZURE,5,Opioid Analogues / Brown Sugar / Heroin,ACTION_COMPLETED
POL-2026-00584,29,Sivaganga,142,425,PS-SIV-B1,2025-11-21 18:08:19,CHECKPOST_INTERCEPTION,1,Commercial Ganja / Cannabis,PENDING_INVESTIGATION
POL-2026-00585,8,Tiruppur,36,107,PS-TIR-B4,2025-09-24 12:05:40,CHECKPOST_INTERCEPTION,3,Prescription Narcotics / Codeine / Alprazolam,ACTION_COMPLETED
POL-2026-00586,14,Kanniyakumari,69,207,PS-KAN-B1,2025-03-23 06:52:32,ROUTINE_BEAT_PATROL,3,Prescription Narcotics / Codeine / Alprazolam,CASE_REGISTERED
POL-2026-00587,32,Theni,156,467,PS-THE-B2,2025-08-22 09:33:02,CHECKPOST_INTERCEPTION,4,Chemical Precursors / Ephedrine,CASE_REGISTERED
POL-2026-00588,10,Krishnagiri,46,136,PS-KRI-B1,2025-12-04 21:17:22,ROUTINE_BEAT_PATROL,1,Commercial Ganja / Cannabis,ACTION_COMPLETED
POL-2026-00589,37,Tirupathur,184,551,PS-TIR-B1,2024-10-02 22:56:35,ROUTINE_BEAT_PATROL,1,Commercial Ganja / Cannabis,ACTION_COMPLETED
POL-2026-00590,37,Tirupathur,185,553,PS-TIR-B2,2025-05-25 06:03:20,SPECIAL_TASK_DRIVE,1,Commercial Ganja / Cannabis,PENDING_INVESTIGATION
POL-2026-00591,23,Namakkal,114,340,PS-NAM-B4,2026-03-17 08:25:56,SPECIAL_TASK_DRIVE,3,Prescription Narcotics / Codeine / Alprazolam,CASE_REGISTERED
POL-2026-00592,17,Chengalpattu,82,244,PS-CHE-B1,2025-04-15 06:33:42,SEARCH_SEIZURE,6,Unclassified / Suspicious Substance,ACTION_COMPLETED
POL-2026-00593,27,Perambalur,133,399,PS-PER-B1,2025-10-07 11:50:28,CHECKPOST_INTERCEPTION,5,Opioid Analogues / Brown Sugar / Heroin,PENDING_INVESTIGATION
POL-2026-00594,1,Chennai,1,1,PS-CHE-B3,2025-02-02 02:01:42,ROUTINE_BEAT_PATROL,6,Unclassified / Suspicious Substance,CASE_REGISTERED
POL-2026-00595,32,Theni,157,469,PS-THE-B4,2025-02-09 02:05:00,ROUTINE_BEAT_PATROL,3,Prescription Narcotics / Codeine / Alprazolam,CASE_REGISTERED
POL-2026-00596,34,Nagapattinam,169,507,PS-NAG-B1,2026-01-09 05:10:48,SEARCH_SEIZURE,1,Commercial Ganja / Cannabis,ACTION_COMPLETED
POL-2026-00597,6,Tirunelveli,27,79,PS-TIR-B3,2025-02-11 18:58:58,CHECKPOST_INTERCEPTION,2,Synthetic Stimulants / MDMA / Meth,ACTION_COMPLETED
POL-2026-00598,4,Salem,17,51,PS-SAL-B1,2025-08-05 09:30:01,CHECKPOST_INTERCEPTION,4,Chemical Precursors / Ephedrine,ACTION_COMPLETED
POL-2026-00599,28,Pudukkottai,136,407,PS-PUD-B1,2025-10-16 16:36:13,SPECIAL_TASK_DRIVE,5,Opioid Analogues / Brown Sugar / Heroin,CASE_REGISTERED
POL-2026-00600,8,Tiruppur,40,118,PS-TIR-B4,2024-11-12 22:38:06,SPECIAL_TASK_DRIVE,3,Prescription Narcotics / Codeine / Alprazolam,PENDING_INVESTIGATION
POL-2026-00601,25,Karur,125,374,PS-KAR-B3,2024-12-20 17:03:23,SEARCH_SEIZURE,3,Prescription Narcotics / Codeine / Alprazolam,ACTION_COMPLETED
POL-2026-00602,38,Tiruvannamalai,189,566,PS-TIR-B1,2026-04-08 17:51:13,CHECKPOST_INTERCEPTION,2,Synthetic Stimulants / MDMA / Meth,PENDING_INVESTIGATION
POL-2026-00603,32,Theni,157,470,PS-THE-B4,2025-02-08 08:53:29,SPECIAL_TASK_DRIVE,5,Opioid Analogues / Brown Sugar / Heroin,CASE_REGISTERED
POL-2026-00604,24,Nilgiris,119,355,PS-NIL-B4,2026-05-03 22:12:12,ROUTINE_BEAT_PATROL,1,Commercial Ganja / Cannabis,ACTION_COMPLETED
POL-2026-00605,15,Tenkasi,72,216,PS-TEN-B1,2025-02-17 14:44:23,ROUTINE_BEAT_PATROL,5,Opioid Analogues / Brown Sugar / Heroin,CASE_REGISTERED
POL-2026-00606,11,Dindigul,55,163,PS-DIN-B2,2026-02-26 20:23:01,ROUTINE_BEAT_PATROL,1,Commercial Ganja / Cannabis,ACTION_COMPLETED
POL-2026-00607,26,Ariyalur,130,390,PS-ARI-B3,2026-06-03 09:30:22,SPECIAL_TASK_DRIVE,3,Prescription Narcotics / Codeine / Alprazolam,CASE_REGISTERED
POL-2026-00608,1,Chennai,3,7,PS-CHE-B4,2026-07-23 21:34:02,SPECIAL_TASK_DRIVE,4,Chemical Precursors / Ephedrine,PENDING_INVESTIGATION
POL-2026-00609,32,Theni,156,466,PS-THE-B2,2024-11-05 22:44:57,SEARCH_SEIZURE,1,Commercial Ganja / Cannabis,ACTION_COMPLETED
POL-2026-00610,17,Chengalpattu,85,253,PS-CHE-B2,2026-02-15 05:52:36,SPECIAL_TASK_DRIVE,1,Commercial Ganja / Cannabis,ACTION_COMPLETED
POL-2026-00611,16,Kancheepuram,79,237,PS-KAN-B4,2025-09-25 20:38:04,SPECIAL_TASK_DRIVE,3,Prescription Narcotics / Codeine / Alprazolam,CASE_REGISTERED
POL-2026-00612,4,Salem,16,46,PS-SAL-B2,2025-07-28 08:22:47,ROUTINE_BEAT_PATROL,6,Unclassified / Suspicious Substance,PENDING_INVESTIGATION
POL-2026-00613,13,Thoothukudi,65,193,PS-THO-B4,2024-11-12 19:39:49,SEARCH_SEIZURE,4,Chemical Precursors / Ephedrine,ACTION_COMPLETED
POL-2026-00614,4,Salem,18,53,PS-SAL-B2,2026-05-25 03:31:12,SPECIAL_TASK_DRIVE,1,Commercial Ganja / Cannabis,CASE_REGISTERED
POL-2026-00615,24,Nilgiris,119,355,PS-NIL-B1,2025-06-25 16:09:42,SEARCH_SEIZURE,5,Opioid Analogues / Brown Sugar / Heroin,CASE_REGISTERED
POL-2026-00616,19,Cuddalore,92,274,PS-CUD-B3,2025-06-25 02:53:33,SEARCH_SEIZURE,6,Unclassified / Suspicious Substance,PENDING_INVESTIGATION
POL-2026-00617,15,Tenkasi,72,216,PS-TEN-B3,2025-08-01 01:26:17,SPECIAL_TASK_DRIVE,2,Synthetic Stimulants / MDMA / Meth,CASE_REGISTERED
POL-2026-00618,24,Nilgiris,120,359,PS-NIL-B1,2026-01-21 12:00:00,SPECIAL_TASK_DRIVE,1,Commercial Ganja / Cannabis,PENDING_INVESTIGATION
POL-2026-00619,9,Vellore,44,130,PS-VEL-B4,2025-03-26 04:39:06,CHECKPOST_INTERCEPTION,5,Opioid Analogues / Brown Sugar / Heroin,ACTION_COMPLETED
POL-2026-00620,27,Perambalur,135,404,PS-PER-B1,2026-03-05 08:44:02,SEARCH_SEIZURE,6,Unclassified / Suspicious Substance,ACTION_COMPLETED
POL-2026-00621,38,Tiruvannamalai,189,567,PS-TIR-B1,2025-05-04 02:20:37,ROUTINE_BEAT_PATROL,3,Prescription Narcotics / Codeine / Alprazolam,ACTION_COMPLETED
POL-2026-00622,13,Thoothukudi,65,194,PS-THO-B3,2026-01-14 07:25:38,SPECIAL_TASK_DRIVE,3,Prescription Narcotics / Codeine / Alprazolam,ACTION_COMPLETED
POL-2026-00623,9,Vellore,43,128,PS-VEL-B4,2026-04-07 21:44:30,CHECKPOST_INTERCEPTION,6,Unclassified / Suspicious Substance,PENDING_INVESTIGATION
POL-2026-00624,14,Kanniyakumari,69,206,PS-KAN-B2,2026-06-11 04:48:41,SEARCH_SEIZURE,5,Opioid Analogues / Brown Sugar / Heroin,PENDING_INVESTIGATION
POL-2026-00625,6,Tirunelveli,30,90,PS-TIR-B2,2025-10-20 05:49:45,CHECKPOST_INTERCEPTION,4,Chemical Precursors / Ephedrine,ACTION_COMPLETED
POL-2026-00626,16,Kancheepuram,80,238,PS-KAN-B3,2024-09-19 18:50:42,SPECIAL_TASK_DRIVE,5,Opioid Analogues / Brown Sugar / Heroin,ACTION_COMPLETED
POL-2026-00627,20,Viluppuram,99,297,PS-VIL-B2,2025-09-11 22:52:16,SPECIAL_TASK_DRIVE,3,Prescription Narcotics / Codeine / Alprazolam,ACTION_COMPLETED
POL-2026-00628,15,Tenkasi,73,217,PS-TEN-B3,2025-02-21 12:35:16,SPECIAL_TASK_DRIVE,1,Commercial Ganja / Cannabis,CASE_REGISTERED
POL-2026-00629,16,Kancheepuram,77,231,PS-KAN-B1,2025-08-27 14:53:35,SEARCH_SEIZURE,1,Commercial Ganja / Cannabis,ACTION_COMPLETED
POL-2026-00630,23,Namakkal,113,337,PS-NAM-B2,2026-06-02 05:07:25,ROUTINE_BEAT_PATROL,6,Unclassified / Suspicious Substance,PENDING_INVESTIGATION
POL-2026-00631,17,Chengalpattu,85,255,PS-CHE-B1,2024-10-22 17:42:45,CHECKPOST_INTERCEPTION,4,Chemical Precursors / Ephedrine,CASE_REGISTERED
POL-2026-00632,14,Kanniyakumari,67,199,PS-KAN-B2,2025-06-15 19:05:33,CHECKPOST_INTERCEPTION,4,Chemical Precursors / Ephedrine,PENDING_INVESTIGATION
POL-2026-00633,30,Ramanathapuram,148,443,PS-RAM-B2,2025-02-18 03:15:19,ROUTINE_BEAT_PATROL,5,Opioid Analogues / Brown Sugar / Heroin,ACTION_COMPLETED
POL-2026-00634,2,Coimbatore,9,27,PS-COI-B3,2024-09-27 17:24:48,ROUTINE_BEAT_PATROL,5,Opioid Analogues / Brown Sugar / Heroin,ACTION_COMPLETED
POL-2026-00635,4,Salem,20,60,PS-SAL-B4,2026-05-21 20:03:12,SEARCH_SEIZURE,5,Opioid Analogues / Brown Sugar / Heroin,CASE_REGISTERED
POL-2026-00636,10,Krishnagiri,49,147,PS-KRI-B3,2026-06-23 20:01:00,SEARCH_SEIZURE,3,Prescription Narcotics / Codeine / Alprazolam,CASE_REGISTERED
POL-2026-00637,30,Ramanathapuram,147,439,PS-RAM-B2,2024-12-11 01:31:50,SPECIAL_TASK_DRIVE,1,Commercial Ganja / Cannabis,PENDING_INVESTIGATION
POL-2026-00638,17,Chengalpattu,84,252,PS-CHE-B4,2025-07-28 14:58:53,SEARCH_SEIZURE,2,Synthetic Stimulants / MDMA / Meth,CASE_REGISTERED
POL-2026-00639,22,Dharmapuri,110,329,PS-DHA-B1,2026-04-18 16:48:53,SEARCH_SEIZURE,3,Prescription Narcotics / Codeine / Alprazolam,CASE_REGISTERED
POL-2026-00640,24,Nilgiris,118,354,PS-NIL-B2,2026-03-13 05:23:18,SEARCH_SEIZURE,1,Commercial Ganja / Cannabis,PENDING_INVESTIGATION
POL-2026-00641,21,Kallakurichi,105,314,PS-KAL-B2,2025-02-13 07:13:35,ROUTINE_BEAT_PATROL,4,Chemical Precursors / Ephedrine,PENDING_INVESTIGATION
POL-2026-00642,9,Vellore,43,128,PS-VEL-B2,2025-06-03 04:24:48,SPECIAL_TASK_DRIVE,1,Commercial Ganja / Cannabis,ACTION_COMPLETED
POL-2026-00643,2,Coimbatore,6,18,PS-COI-B2,2024-12-30 23:39:11,SPECIAL_TASK_DRIVE,4,Chemical Precursors / Ephedrine,PENDING_INVESTIGATION
POL-2026-00644,5,Tiruchirappalli,24,70,PS-TIR-B4,2026-06-14 05:10:47,ROUTINE_BEAT_PATROL,4,Chemical Precursors / Ephedrine,PENDING_INVESTIGATION
POL-2026-00645,23,Namakkal,115,345,PS-NAM-B1,2025-06-30 20:56:30,SPECIAL_TASK_DRIVE,1,Commercial Ganja / Cannabis,CASE_REGISTERED
POL-2026-00646,4,Salem,19,56,PS-SAL-B3,2024-10-21 12:18:09,SPECIAL_TASK_DRIVE,6,Unclassified / Suspicious Substance,CASE_REGISTERED
POL-2026-00647,22,Dharmapuri,109,327,PS-DHA-B4,2026-01-16 20:00:20,SEARCH_SEIZURE,3,Prescription Narcotics / Codeine / Alprazolam,PENDING_INVESTIGATION
POL-2026-00648,4,Salem,19,56,PS-SAL-B2,2025-04-20 10:13:12,SEARCH_SEIZURE,1,Commercial Ganja / Cannabis,ACTION_COMPLETED
POL-2026-00649,27,Perambalur,131,391,PS-PER-B2,2025-06-30 17:41:18,ROUTINE_BEAT_PATROL,4,Chemical Precursors / Ephedrine,ACTION_COMPLETED
POL-2026-00650,29,Sivaganga,143,427,PS-SIV-B4,2025-03-30 10:53:29,SPECIAL_TASK_DRIVE,5,Opioid Analogues / Brown Sugar / Heroin,PENDING_INVESTIGATION
POL-2026-00651,15,Tenkasi,74,222,PS-TEN-B3,2025-08-18 08:47:03,ROUTINE_BEAT_PATROL,3,Prescription Narcotics / Codeine / Alprazolam,CASE_REGISTERED
POL-2026-00652,23,Namakkal,113,338,PS-NAM-B1,2024-11-16 17:15:36,ROUTINE_BEAT_PATROL,3,Prescription Narcotics / Codeine / Alprazolam,CASE_REGISTERED
POL-2026-00653,7,Erode,34,102,PS-ERO-B2,2026-05-09 03:04:59,SPECIAL_TASK_DRIVE,6,Unclassified / Suspicious Substance,PENDING_INVESTIGATION
POL-2026-00654,12,Thanjavur,56,166,PS-THA-B1,2025-11-28 09:06:26,CHECKPOST_INTERCEPTION,1,Commercial Ganja / Cannabis,ACTION_COMPLETED
POL-2026-00655,1,Chennai,5,13,PS-CHE-B1,2026-07-23 23:53:47,SEARCH_SEIZURE,4,Chemical Precursors / Ephedrine,ACTION_COMPLETED
POL-2026-00656,23,Namakkal,112,336,PS-NAM-B2,2026-08-13 06:58:48,SEARCH_SEIZURE,6,Unclassified / Suspicious Substance,CASE_REGISTERED
POL-2026-00657,17,Chengalpattu,84,252,PS-CHE-B1,2026-02-24 20:07:56,ROUTINE_BEAT_PATROL,4,Chemical Precursors / Ephedrine,ACTION_COMPLETED
POL-2026-00658,6,Tirunelveli,30,90,PS-TIR-B2,2025-01-19 05:41:43,CHECKPOST_INTERCEPTION,6,Unclassified / Suspicious Substance,ACTION_COMPLETED
POL-2026-00659,9,Vellore,42,124,PS-VEL-B3,2025-04-30 11:03:54,SEARCH_SEIZURE,2,Synthetic Stimulants / MDMA / Meth,CASE_REGISTERED
POL-2026-00660,29,Sivaganga,141,423,PS-SIV-B3,2024-10-24 06:44:43,SPECIAL_TASK_DRIVE,3,Prescription Narcotics / Codeine / Alprazolam,ACTION_COMPLETED
POL-2026-00661,38,Tiruvannamalai,186,556,PS-TIR-B2,2026-01-30 04:43:54,CHECKPOST_INTERCEPTION,6,Unclassified / Suspicious Substance,CASE_REGISTERED
POL-2026-00662,13,Thoothukudi,63,188,PS-THO-B3,2026-01-31 12:01:46,ROUTINE_BEAT_PATROL,4,Chemical Precursors / Ephedrine,ACTION_COMPLETED
POL-2026-00663,31,Virudhunagar,153,457,PS-VIR-B4,2025-04-23 12:42:25,SEARCH_SEIZURE,2,Synthetic Stimulants / MDMA / Meth,PENDING_INVESTIGATION
POL-2026-00664,2,Coimbatore,10,30,PS-COI-B3,2026-03-14 02:16:25,ROUTINE_BEAT_PATROL,5,Opioid Analogues / Brown Sugar / Heroin,CASE_REGISTERED
POL-2026-00665,14,Kanniyakumari,68,203,PS-KAN-B3,2026-08-19 08:24:33,SPECIAL_TASK_DRIVE,4,Chemical Precursors / Ephedrine,ACTION_COMPLETED
POL-2026-00666,27,Perambalur,135,403,PS-PER-B2,2025-09-04 14:07:25,SPECIAL_TASK_DRIVE,3,Prescription Narcotics / Codeine / Alprazolam,CASE_REGISTERED
POL-2026-00667,7,Erode,34,100,PS-ERO-B3,2026-04-04 17:12:43,SPECIAL_TASK_DRIVE,4,Chemical Precursors / Ephedrine,PENDING_INVESTIGATION
POL-2026-00668,13,Thoothukudi,62,185,PS-THO-B4,2025-06-10 19:00:33,ROUTINE_BEAT_PATROL,5,Opioid Analogues / Brown Sugar / Heroin,CASE_REGISTERED
POL-2026-00669,8,Tiruppur,39,117,PS-TIR-B4,2025-08-19 18:42:56,CHECKPOST_INTERCEPTION,6,Unclassified / Suspicious Substance,PENDING_INVESTIGATION
POL-2026-00670,18,Tiruvallur,88,263,PS-TIR-B1,2026-05-29 21:28:04,SPECIAL_TASK_DRIVE,3,Prescription Narcotics / Codeine / Alprazolam,PENDING_INVESTIGATION
POL-2026-00671,8,Tiruppur,39,116,PS-TIR-B4,2024-10-03 18:10:18,SPECIAL_TASK_DRIVE,5,Opioid Analogues / Brown Sugar / Heroin,CASE_REGISTERED
POL-2026-00672,38,Tiruvannamalai,189,565,PS-TIR-B3,2024-11-17 23:29:08,SEARCH_SEIZURE,1,Commercial Ganja / Cannabis,CASE_REGISTERED
POL-2026-00673,9,Vellore,44,130,PS-VEL-B3,2025-02-11 16:48:57,SEARCH_SEIZURE,3,Prescription Narcotics / Codeine / Alprazolam,CASE_REGISTERED
POL-2026-00674,28,Pudukkottai,139,415,PS-PUD-B1,2025-04-11 01:45:25,CHECKPOST_INTERCEPTION,4,Chemical Precursors / Ephedrine,ACTION_COMPLETED
POL-2026-00675,18,Tiruvallur,88,264,PS-TIR-B1,2025-09-05 21:53:17,CHECKPOST_INTERCEPTION,6,Unclassified / Suspicious Substance,ACTION_COMPLETED
POL-2026-00676,24,Nilgiris,116,346,PS-NIL-B3,2025-09-07 02:03:12,SPECIAL_TASK_DRIVE,5,Opioid Analogues / Brown Sugar / Heroin,ACTION_COMPLETED
POL-2026-00677,19,Cuddalore,94,282,PS-CUD-B1,2025-10-18 11:02:52,ROUTINE_BEAT_PATROL,2,Synthetic Stimulants / MDMA / Meth,PENDING_INVESTIGATION
POL-2026-00678,38,Tiruvannamalai,190,568,PS-TIR-B2,2026-02-04 06:29:08,CHECKPOST_INTERCEPTION,5,Opioid Analogues / Brown Sugar / Heroin,ACTION_COMPLETED
POL-2026-00679,26,Ariyalur,129,385,PS-ARI-B3,2026-01-10 23:16:20,SEARCH_SEIZURE,2,Synthetic Stimulants / MDMA / Meth,ACTION_COMPLETED
POL-2026-00680,6,Tirunelveli,29,86,PS-TIR-B3,2024-11-16 04:37:59,CHECKPOST_INTERCEPTION,3,Prescription Narcotics / Codeine / Alprazolam,PENDING_INVESTIGATION
POL-2026-00681,19,Cuddalore,91,273,PS-CUD-B2,2024-09-24 15:38:42,SEARCH_SEIZURE,4,Chemical Precursors / Ephedrine,PENDING_INVESTIGATION
POL-2026-00682,22,Dharmapuri,110,329,PS-DHA-B3,2025-07-31 10:51:34,SEARCH_SEIZURE,5,Opioid Analogues / Brown Sugar / Heroin,ACTION_COMPLETED
POL-2026-00683,13,Thoothukudi,63,189,PS-THO-B2,2025-03-07 15:02:22,ROUTINE_BEAT_PATROL,2,Synthetic Stimulants / MDMA / Meth,CASE_REGISTERED
POL-2026-00684,19,Cuddalore,92,275,PS-CUD-B1,2026-07-31 04:30:03,CHECKPOST_INTERCEPTION,2,Synthetic Stimulants / MDMA / Meth,CASE_REGISTERED
POL-2026-00685,12,Thanjavur,59,176,PS-THA-B3,2024-11-12 08:37:33,CHECKPOST_INTERCEPTION,2,Synthetic Stimulants / MDMA / Meth,ACTION_COMPLETED
POL-2026-00686,16,Kancheepuram,76,226,PS-KAN-B4,2024-10-28 22:49:52,CHECKPOST_INTERCEPTION,2,Synthetic Stimulants / MDMA / Meth,PENDING_INVESTIGATION
POL-2026-00687,25,Karur,123,369,PS-KAR-B1,2025-01-24 21:50:09,ROUTINE_BEAT_PATROL,1,Commercial Ganja / Cannabis,ACTION_COMPLETED
POL-2026-00688,36,Ranipet,177,531,PS-RAN-B2,2026-03-05 10:03:11,SEARCH_SEIZURE,1,Commercial Ganja / Cannabis,ACTION_COMPLETED
POL-2026-00689,10,Krishnagiri,47,141,PS-KRI-B2,2024-11-20 18:06:22,CHECKPOST_INTERCEPTION,2,Synthetic Stimulants / MDMA / Meth,CASE_REGISTERED
POL-2026-00690,32,Theni,158,474,PS-THE-B3,2026-07-14 08:51:16,CHECKPOST_INTERCEPTION,4,Chemical Precursors / Ephedrine,CASE_REGISTERED
POL-2026-00691,15,Tenkasi,74,222,PS-TEN-B1,2025-10-24 21:17:57,CHECKPOST_INTERCEPTION,3,Prescription Narcotics / Codeine / Alprazolam,ACTION_COMPLETED
POL-2026-00692,11,Dindigul,54,162,PS-DIN-B3,2026-04-02 18:19:31,CHECKPOST_INTERCEPTION,1,Commercial Ganja / Cannabis,PENDING_INVESTIGATION
POL-2026-00693,20,Viluppuram,99,297,PS-VIL-B3,2024-12-11 19:26:50,CHECKPOST_INTERCEPTION,3,Prescription Narcotics / Codeine / Alprazolam,ACTION_COMPLETED
POL-2026-00694,23,Namakkal,114,342,PS-NAM-B3,2025-02-21 12:41:05,CHECKPOST_INTERCEPTION,3,Prescription Narcotics / Codeine / Alprazolam,ACTION_COMPLETED
POL-2026-00695,13,Thoothukudi,65,194,PS-THO-B4,2025-05-09 19:49:14,ROUTINE_BEAT_PATROL,2,Synthetic Stimulants / MDMA / Meth,ACTION_COMPLETED
POL-2026-00696,6,Tirunelveli,26,78,PS-TIR-B3,2026-03-05 08:39:07,SEARCH_SEIZURE,4,Chemical Precursors / Ephedrine,PENDING_INVESTIGATION
POL-2026-00697,21,Kallakurichi,103,308,PS-KAL-B2,2025-12-21 18:04:43,CHECKPOST_INTERCEPTION,1,Commercial Ganja / Cannabis,CASE_REGISTERED
POL-2026-00698,6,Tirunelveli,26,77,PS-TIR-B2,2024-11-27 02:22:57,ROUTINE_BEAT_PATROL,3,Prescription Narcotics / Codeine / Alprazolam,ACTION_COMPLETED
POL-2026-00699,20,Viluppuram,98,294,PS-VIL-B4,2026-02-09 02:58:31,CHECKPOST_INTERCEPTION,1,Commercial Ganja / Cannabis,PENDING_INVESTIGATION
POL-2026-00700,12,Thanjavur,57,170,PS-THA-B1,2026-03-12 13:56:12,SPECIAL_TASK_DRIVE,1,Commercial Ganja / Cannabis,CASE_REGISTERED
POL-2026-00701,33,Thiruvarur,164,492,PS-THI-B2,2025-02-05 13:39:28,SPECIAL_TASK_DRIVE,2,Synthetic Stimulants / MDMA / Meth,ACTION_COMPLETED
POL-2026-00702,9,Vellore,43,128,PS-VEL-B4,2026-07-27 14:02:18,ROUTINE_BEAT_PATROL,4,Chemical Precursors / Ephedrine,PENDING_INVESTIGATION
POL-2026-00703,36,Ranipet,180,538,PS-RAN-B3,2024-10-09 21:23:04,CHECKPOST_INTERCEPTION,3,Prescription Narcotics / Codeine / Alprazolam,ACTION_COMPLETED
POL-2026-00704,34,Nagapattinam,170,509,PS-NAG-B3,2025-11-05 14:38:43,CHECKPOST_INTERCEPTION,1,Commercial Ganja / Cannabis,ACTION_COMPLETED
POL-2026-00705,6,Tirunelveli,26,76,PS-TIR-B3,2026-08-04 16:34:45,ROUTINE_BEAT_PATROL,5,Opioid Analogues / Brown Sugar / Heroin,CASE_REGISTERED
POL-2026-00706,3,Madurai,15,45,PS-MAD-B3,2024-12-06 19:21:56,CHECKPOST_INTERCEPTION,6,Unclassified / Suspicious Substance,ACTION_COMPLETED
POL-2026-00707,26,Ariyalur,130,388,PS-ARI-B1,2026-05-11 13:41:28,SEARCH_SEIZURE,5,Opioid Analogues / Brown Sugar / Heroin,PENDING_INVESTIGATION
POL-2026-00708,25,Karur,121,361,PS-KAR-B4,2024-10-16 04:37:56,ROUTINE_BEAT_PATROL,3,Prescription Narcotics / Codeine / Alprazolam,CASE_REGISTERED
POL-2026-00709,9,Vellore,42,124,PS-VEL-B1,2025-07-15 09:20:07,SEARCH_SEIZURE,6,Unclassified / Suspicious Substance,PENDING_INVESTIGATION
POL-2026-00710,7,Erode,33,97,PS-ERO-B1,2025-11-24 02:15:35,ROUTINE_BEAT_PATROL,2,Synthetic Stimulants / MDMA / Meth,PENDING_INVESTIGATION
POL-2026-00711,8,Tiruppur,37,110,PS-TIR-B4,2025-03-21 03:31:27,CHECKPOST_INTERCEPTION,2,Synthetic Stimulants / MDMA / Meth,CASE_REGISTERED
POL-2026-00712,33,Thiruvarur,161,481,PS-THI-B2,2026-01-27 16:40:07,SPECIAL_TASK_DRIVE,1,Commercial Ganja / Cannabis,PENDING_INVESTIGATION
POL-2026-00713,27,Perambalur,131,391,PS-PER-B4,2025-06-26 06:54:47,ROUTINE_BEAT_PATROL,6,Unclassified / Suspicious Substance,CASE_REGISTERED
POL-2026-00714,12,Thanjavur,59,176,PS-THA-B2,2025-03-22 11:55:04,ROUTINE_BEAT_PATROL,3,Prescription Narcotics / Codeine / Alprazolam,PENDING_INVESTIGATION
POL-2026-00715,21,Kallakurichi,105,315,PS-KAL-B3,2025-05-11 18:52:41,SEARCH_SEIZURE,5,Opioid Analogues / Brown Sugar / Heroin,PENDING_INVESTIGATION
POL-2026-00716,17,Chengalpattu,83,249,PS-CHE-B1,2025-07-09 23:19:07,CHECKPOST_INTERCEPTION,5,Opioid Analogues / Brown Sugar / Heroin,CASE_REGISTERED
POL-2026-00717,17,Chengalpattu,84,251,PS-CHE-B3,2025-01-05 16:07:47,SEARCH_SEIZURE,2,Synthetic Stimulants / MDMA / Meth,ACTION_COMPLETED
POL-2026-00718,7,Erode,33,98,PS-ERO-B3,2024-10-11 07:47:07,CHECKPOST_INTERCEPTION,4,Chemical Precursors / Ephedrine,CASE_REGISTERED
POL-2026-00719,32,Theni,158,473,PS-THE-B1,2026-05-04 04:51:45,CHECKPOST_INTERCEPTION,3,Prescription Narcotics / Codeine / Alprazolam,CASE_REGISTERED
POL-2026-00720,7,Erode,35,104,PS-ERO-B1,2025-10-23 14:02:18,ROUTINE_BEAT_PATROL,5,Opioid Analogues / Brown Sugar / Heroin,PENDING_INVESTIGATION
POL-2026-00721,38,Tiruvannamalai,186,557,PS-TIR-B3,2025-09-12 16:16:08,CHECKPOST_INTERCEPTION,2,Synthetic Stimulants / MDMA / Meth,PENDING_INVESTIGATION
POL-2026-00722,15,Tenkasi,72,215,PS-TEN-B4,2025-10-02 15:49:15,SEARCH_SEIZURE,2,Synthetic Stimulants / MDMA / Meth,ACTION_COMPLETED
POL-2026-00723,26,Ariyalur,127,379,PS-ARI-B3,2025-03-11 10:37:10,SEARCH_SEIZURE,1,Commercial Ganja / Cannabis,CASE_REGISTERED
POL-2026-00724,17,Chengalpattu,84,251,PS-CHE-B2,2024-12-15 21:50:03,CHECKPOST_INTERCEPTION,1,Commercial Ganja / Cannabis,PENDING_INVESTIGATION
POL-2026-00725,34,Nagapattinam,166,498,PS-NAG-B1,2025-10-29 18:28:43,SEARCH_SEIZURE,1,Commercial Ganja / Cannabis,ACTION_COMPLETED
POL-2026-00726,26,Ariyalur,126,376,PS-ARI-B2,2025-06-28 10:33:21,SPECIAL_TASK_DRIVE,2,Synthetic Stimulants / MDMA / Meth,ACTION_COMPLETED
POL-2026-00727,1,Chennai,3,7,PS-CHE-B3,2026-08-07 11:16:25,SPECIAL_TASK_DRIVE,3,Prescription Narcotics / Codeine / Alprazolam,PENDING_INVESTIGATION
POL-2026-00728,30,Ramanathapuram,146,437,PS-RAM-B4,2024-09-26 22:12:34,CHECKPOST_INTERCEPTION,4,Chemical Precursors / Ephedrine,CASE_REGISTERED
POL-2026-00729,21,Kallakurichi,103,307,PS-KAL-B3,2025-09-14 11:55:25,ROUTINE_BEAT_PATROL,6,Unclassified / Suspicious Substance,PENDING_INVESTIGATION
POL-2026-00730,21,Kallakurichi,103,307,PS-KAL-B1,2026-06-15 17:03:55,CHECKPOST_INTERCEPTION,6,Unclassified / Suspicious Substance,CASE_REGISTERED
POL-2026-00731,29,Sivaganga,145,433,PS-SIV-B1,2026-08-08 03:20:05,CHECKPOST_INTERCEPTION,2,Synthetic Stimulants / MDMA / Meth,PENDING_INVESTIGATION
POL-2026-00732,33,Thiruvarur,164,491,PS-THI-B4,2024-12-03 06:12:42,CHECKPOST_INTERCEPTION,1,Commercial Ganja / Cannabis,PENDING_INVESTIGATION
POL-2026-00733,23,Namakkal,111,333,PS-NAM-B1,2026-06-19 21:44:16,SEARCH_SEIZURE,2,Synthetic Stimulants / MDMA / Meth,CASE_REGISTERED
POL-2026-00734,16,Kancheepuram,76,226,PS-KAN-B1,2024-11-03 10:15:40,CHECKPOST_INTERCEPTION,6,Unclassified / Suspicious Substance,CASE_REGISTERED
POL-2026-00735,24,Nilgiris,117,350,PS-NIL-B1,2025-07-31 18:08:56,CHECKPOST_INTERCEPTION,5,Opioid Analogues / Brown Sugar / Heroin,PENDING_INVESTIGATION
POL-2026-00736,4,Salem,20,59,PS-SAL-B3,2025-04-14 15:09:57,SPECIAL_TASK_DRIVE,6,Unclassified / Suspicious Substance,PENDING_INVESTIGATION
POL-2026-00737,3,Madurai,14,41,PS-MAD-B2,2025-05-17 20:07:58,ROUTINE_BEAT_PATROL,2,Synthetic Stimulants / MDMA / Meth,PENDING_INVESTIGATION
POL-2026-00738,31,Virudhunagar,154,460,PS-VIR-B2,2025-02-24 06:09:13,SEARCH_SEIZURE,3,Prescription Narcotics / Codeine / Alprazolam,CASE_REGISTERED
POL-2026-00739,31,Virudhunagar,153,457,PS-VIR-B3,2026-07-17 07:11:42,CHECKPOST_INTERCEPTION,1,Commercial Ganja / Cannabis,CASE_REGISTERED
POL-2026-00740,38,Tiruvannamalai,188,563,PS-TIR-B3,2024-10-03 08:13:34,SPECIAL_TASK_DRIVE,2,Synthetic Stimulants / MDMA / Meth,CASE_REGISTERED
POL-2026-00741,19,Cuddalore,95,285,PS-CUD-B1,2026-06-01 19:01:11,SEARCH_SEIZURE,6,Unclassified / Suspicious Substance,CASE_REGISTERED
POL-2026-00742,35,Mayiladuthurai,172,514,PS-MAY-B1,2025-11-24 05:26:15,ROUTINE_BEAT_PATROL,3,Prescription Narcotics / Codeine / Alprazolam,ACTION_COMPLETED
POL-2026-00743,6,Tirunelveli,27,80,PS-TIR-B1,2025-09-18 20:59:30,CHECKPOST_INTERCEPTION,4,Chemical Precursors / Ephedrine,PENDING_INVESTIGATION
POL-2026-00744,8,Tiruppur,39,117,PS-TIR-B1,2025-07-08 15:21:53,SPECIAL_TASK_DRIVE,6,Unclassified / Suspicious Substance,PENDING_INVESTIGATION
POL-2026-00745,38,Tiruvannamalai,187,560,PS-TIR-B1,2025-04-18 01:05:05,SPECIAL_TASK_DRIVE,2,Synthetic Stimulants / MDMA / Meth,PENDING_INVESTIGATION
POL-2026-00746,1,Chennai,3,9,PS-CHE-B1,2024-11-11 11:43:57,CHECKPOST_INTERCEPTION,3,Prescription Narcotics / Codeine / Alprazolam,ACTION_COMPLETED
POL-2026-00747,23,Namakkal,111,332,PS-NAM-B1,2026-08-19 09:38:19,ROUTINE_BEAT_PATROL,1,Commercial Ganja / Cannabis,CASE_REGISTERED
POL-2026-00748,33,Thiruvarur,165,495,PS-THI-B4,2026-06-04 09:08:37,SEARCH_SEIZURE,6,Unclassified / Suspicious Substance,CASE_REGISTERED
POL-2026-00749,33,Thiruvarur,165,493,PS-THI-B1,2025-09-07 03:05:58,CHECKPOST_INTERCEPTION,2,Synthetic Stimulants / MDMA / Meth,ACTION_COMPLETED
POL-2026-00750,12,Thanjavur,60,178,PS-THA-B2,2026-03-04 00:27:05,SEARCH_SEIZURE,4,Chemical Precursors / Ephedrine,ACTION_COMPLETED
POL-2026-00751,34,Nagapattinam,169,507,PS-NAG-B3,2025-04-30 22:51:57,SPECIAL_TASK_DRIVE,4,Chemical Precursors / Ephedrine,CASE_REGISTERED
POL-2026-00752,21,Kallakurichi,102,305,PS-KAL-B2,2025-03-25 13:30:11,SEARCH_SEIZURE,6,Unclassified / Suspicious Substance,ACTION_COMPLETED
POL-2026-00753,29,Sivaganga,144,432,PS-SIV-B4,2026-04-18 16:50:38,ROUTINE_BEAT_PATROL,5,Opioid Analogues / Brown Sugar / Heroin,PENDING_INVESTIGATION
POL-2026-00754,2,Coimbatore,10,30,PS-COI-B3,2025-04-04 08:03:47,SEARCH_SEIZURE,1,Commercial Ganja / Cannabis,PENDING_INVESTIGATION
POL-2026-00755,9,Vellore,42,125,PS-VEL-B1,2025-08-21 17:00:23,CHECKPOST_INTERCEPTION,5,Opioid Analogues / Brown Sugar / Heroin,ACTION_COMPLETED
POL-2026-00756,22,Dharmapuri,110,328,PS-DHA-B3,2025-01-17 20:57:21,CHECKPOST_INTERCEPTION,2,Synthetic Stimulants / MDMA / Meth,ACTION_COMPLETED
POL-2026-00757,23,Namakkal,115,343,PS-NAM-B1,2026-07-04 17:01:05,SPECIAL_TASK_DRIVE,3,Prescription Narcotics / Codeine / Alprazolam,PENDING_INVESTIGATION
POL-2026-00758,7,Erode,34,100,PS-ERO-B2,2025-01-01 17:28:28,CHECKPOST_INTERCEPTION,6,Unclassified / Suspicious Substance,CASE_REGISTERED
POL-2026-00759,10,Krishnagiri,47,140,PS-KRI-B3,2025-02-15 23:12:04,ROUTINE_BEAT_PATROL,6,Unclassified / Suspicious Substance,ACTION_COMPLETED
POL-2026-00760,36,Ranipet,176,527,PS-RAN-B3,2026-02-25 23:57:39,ROUTINE_BEAT_PATROL,1,Commercial Ganja / Cannabis,CASE_REGISTERED
POL-2026-00761,26,Ariyalur,129,387,PS-ARI-B3,2026-04-27 22:43:50,SEARCH_SEIZURE,2,Synthetic Stimulants / MDMA / Meth,PENDING_INVESTIGATION
POL-2026-00762,30,Ramanathapuram,146,438,PS-RAM-B2,2025-07-13 03:16:47,ROUTINE_BEAT_PATROL,1,Commercial Ganja / Cannabis,CASE_REGISTERED
POL-2026-00763,13,Thoothukudi,62,184,PS-THO-B2,2025-01-27 02:58:43,ROUTINE_BEAT_PATROL,5,Opioid Analogues / Brown Sugar / Heroin,CASE_REGISTERED
POL-2026-00764,1,Chennai,5,13,PS-CHE-B4,2024-11-04 21:21:12,SPECIAL_TASK_DRIVE,4,Chemical Precursors / Ephedrine,PENDING_INVESTIGATION
POL-2026-00765,35,Mayiladuthurai,172,515,PS-MAY-B4,2025-03-03 11:12:19,SPECIAL_TASK_DRIVE,4,Chemical Precursors / Ephedrine,PENDING_INVESTIGATION
POL-2026-00766,27,Perambalur,133,398,PS-PER-B4,2025-02-13 08:04:59,CHECKPOST_INTERCEPTION,4,Chemical Precursors / Ephedrine,PENDING_INVESTIGATION
POL-2026-00767,1,Chennai,4,11,PS-CHE-B3,2026-05-13 05:26:55,SEARCH_SEIZURE,3,Prescription Narcotics / Codeine / Alprazolam,ACTION_COMPLETED
POL-2026-00768,15,Tenkasi,75,225,PS-TEN-B1,2024-12-05 06:14:39,ROUTINE_BEAT_PATROL,6,Unclassified / Suspicious Substance,PENDING_INVESTIGATION
POL-2026-00769,13,Thoothukudi,64,192,PS-THO-B1,2025-10-04 05:12:15,SPECIAL_TASK_DRIVE,5,Opioid Analogues / Brown Sugar / Heroin,PENDING_INVESTIGATION
POL-2026-00770,20,Viluppuram,98,294,PS-VIL-B4,2025-04-23 12:37:56,SEARCH_SEIZURE,4,Chemical Precursors / Ephedrine,ACTION_COMPLETED
POL-2026-00771,23,Namakkal,114,341,PS-NAM-B4,2026-07-08 00:59:13,SEARCH_SEIZURE,3,Prescription Narcotics / Codeine / Alprazolam,PENDING_INVESTIGATION
POL-2026-00772,10,Krishnagiri,49,146,PS-KRI-B4,2025-06-11 01:16:15,SPECIAL_TASK_DRIVE,4,Chemical Precursors / Ephedrine,PENDING_INVESTIGATION
POL-2026-00773,2,Coimbatore,10,28,PS-COI-B2,2026-08-04 22:30:27,ROUTINE_BEAT_PATROL,5,Opioid Analogues / Brown Sugar / Heroin,CASE_REGISTERED
POL-2026-00774,23,Namakkal,113,338,PS-NAM-B4,2024-12-29 10:15:41,SPECIAL_TASK_DRIVE,4,Chemical Precursors / Ephedrine,ACTION_COMPLETED
POL-2026-00775,34,Nagapattinam,168,504,PS-NAG-B3,2026-05-18 08:01:46,ROUTINE_BEAT_PATROL,2,Synthetic Stimulants / MDMA / Meth,ACTION_COMPLETED
POL-2026-00776,4,Salem,20,60,PS-SAL-B3,2024-10-29 01:19:53,CHECKPOST_INTERCEPTION,4,Chemical Precursors / Ephedrine,ACTION_COMPLETED
POL-2026-00777,29,Sivaganga,144,430,PS-SIV-B3,2025-11-04 09:18:24,SPECIAL_TASK_DRIVE,2,Synthetic Stimulants / MDMA / Meth,CASE_REGISTERED
POL-2026-00778,10,Krishnagiri,50,148,PS-KRI-B4,2025-03-30 06:29:48,SPECIAL_TASK_DRIVE,5,Opioid Analogues / Brown Sugar / Heroin,ACTION_COMPLETED
POL-2026-00779,33,Thiruvarur,162,485,PS-THI-B3,2025-08-10 13:52:48,SPECIAL_TASK_DRIVE,5,Opioid Analogues / Brown Sugar / Heroin,CASE_REGISTERED
POL-2026-00780,5,Tiruchirappalli,25,74,PS-TIR-B3,2026-02-20 00:03:39,SPECIAL_TASK_DRIVE,3,Prescription Narcotics / Codeine / Alprazolam,CASE_REGISTERED
POL-2026-00781,29,Sivaganga,142,424,PS-SIV-B4,2025-09-10 17:31:56,SEARCH_SEIZURE,1,Commercial Ganja / Cannabis,PENDING_INVESTIGATION
POL-2026-00782,38,Tiruvannamalai,188,562,PS-TIR-B4,2025-11-07 20:57:58,SEARCH_SEIZURE,2,Synthetic Stimulants / MDMA / Meth,CASE_REGISTERED
POL-2026-00783,11,Dindigul,55,165,PS-DIN-B3,2026-05-20 17:40:58,SPECIAL_TASK_DRIVE,3,Prescription Narcotics / Codeine / Alprazolam,CASE_REGISTERED
POL-2026-00784,8,Tiruppur,37,109,PS-TIR-B4,2025-03-28 01:34:20,CHECKPOST_INTERCEPTION,1,Commercial Ganja / Cannabis,PENDING_INVESTIGATION
POL-2026-00785,37,Tirupathur,184,550,PS-TIR-B2,2026-08-06 05:20:22,CHECKPOST_INTERCEPTION,6,Unclassified / Suspicious Substance,PENDING_INVESTIGATION
POL-2026-00786,31,Virudhunagar,151,452,PS-VIR-B2,2026-03-23 19:25:40,ROUTINE_BEAT_PATROL,2,Synthetic Stimulants / MDMA / Meth,ACTION_COMPLETED
POL-2026-00787,10,Krishnagiri,50,148,PS-KRI-B4,2025-04-05 12:51:33,ROUTINE_BEAT_PATROL,6,Unclassified / Suspicious Substance,CASE_REGISTERED
POL-2026-00788,9,Vellore,43,128,PS-VEL-B4,2026-03-16 09:17:16,ROUTINE_BEAT_PATROL,1,Commercial Ganja / Cannabis,ACTION_COMPLETED
POL-2026-00789,18,Tiruvallur,86,257,PS-TIR-B3,2025-09-18 00:15:09,SEARCH_SEIZURE,2,Synthetic Stimulants / MDMA / Meth,PENDING_INVESTIGATION
POL-2026-00790,9,Vellore,43,129,PS-VEL-B3,2025-09-04 01:33:01,CHECKPOST_INTERCEPTION,1,Commercial Ganja / Cannabis,PENDING_INVESTIGATION
POL-2026-00791,23,Namakkal,114,341,PS-NAM-B1,2025-05-13 22:22:41,SPECIAL_TASK_DRIVE,2,Synthetic Stimulants / MDMA / Meth,ACTION_COMPLETED
POL-2026-00792,6,Tirunelveli,26,76,PS-TIR-B4,2024-12-10 10:51:18,ROUTINE_BEAT_PATROL,1,Commercial Ganja / Cannabis,CASE_REGISTERED
POL-2026-00793,11,Dindigul,53,157,PS-DIN-B4,2025-04-25 02:48:34,ROUTINE_BEAT_PATROL,5,Opioid Analogues / Brown Sugar / Heroin,CASE_REGISTERED
POL-2026-00794,4,Salem,16,46,PS-SAL-B1,2026-05-21 21:55:24,ROUTINE_BEAT_PATROL,3,Prescription Narcotics / Codeine / Alprazolam,ACTION_COMPLETED
POL-2026-00795,31,Virudhunagar,151,453,PS-VIR-B3,2025-06-21 12:18:00,SPECIAL_TASK_DRIVE,1,Commercial Ganja / Cannabis,CASE_REGISTERED
POL-2026-00796,29,Sivaganga,143,428,PS-SIV-B1,2025-03-19 17:42:00,ROUTINE_BEAT_PATROL,1,Commercial Ganja / Cannabis,PENDING_INVESTIGATION
POL-2026-00797,27,Perambalur,132,394,PS-PER-B2,2025-03-23 22:07:01,SPECIAL_TASK_DRIVE,6,Unclassified / Suspicious Substance,PENDING_INVESTIGATION
POL-2026-00798,23,Namakkal,111,332,PS-NAM-B4,2026-07-23 02:14:47,SEARCH_SEIZURE,1,Commercial Ganja / Cannabis,CASE_REGISTERED
POL-2026-00799,1,Chennai,2,4,PS-CHE-B2,2026-01-28 20:09:31,SEARCH_SEIZURE,1,Commercial Ganja / Cannabis,PENDING_INVESTIGATION
POL-2026-00800,37,Tirupathur,183,548,PS-TIR-B2,2026-02-25 16:26:56,SPECIAL_TASK_DRIVE,5,Opioid Analogues / Brown Sugar / Heroin,PENDING_INVESTIGATION
POL-2026-00801,31,Virudhunagar,153,459,PS-VIR-B2,2025-03-18 13:30:56,ROUTINE_BEAT_PATROL,6,Unclassified / Suspicious Substance,CASE_REGISTERED
POL-2026-00802,30,Ramanathapuram,146,437,PS-RAM-B3,2026-01-29 10:45:45,CHECKPOST_INTERCEPTION,3,Prescription Narcotics / Codeine / Alprazolam,PENDING_INVESTIGATION
POL-2026-00803,33,Thiruvarur,161,483,PS-THI-B3,2024-11-16 14:58:20,CHECKPOST_INTERCEPTION,1,Commercial Ganja / Cannabis,PENDING_INVESTIGATION
POL-2026-00804,1,Chennai,2,4,PS-CHE-B4,2026-07-15 12:50:40,ROUTINE_BEAT_PATROL,4,Chemical Precursors / Ephedrine,CASE_REGISTERED
POL-2026-00805,9,Vellore,44,131,PS-VEL-B1,2025-12-08 08:09:50,SEARCH_SEIZURE,1,Commercial Ganja / Cannabis,CASE_REGISTERED
POL-2026-00806,20,Viluppuram,97,290,PS-VIL-B2,2025-03-23 13:02:58,SPECIAL_TASK_DRIVE,3,Prescription Narcotics / Codeine / Alprazolam,PENDING_INVESTIGATION
POL-2026-00807,11,Dindigul,55,164,PS-DIN-B2,2025-08-23 16:45:41,ROUTINE_BEAT_PATROL,2,Synthetic Stimulants / MDMA / Meth,PENDING_INVESTIGATION
POL-2026-00808,30,Ramanathapuram,146,438,PS-RAM-B4,2025-03-22 04:35:14,CHECKPOST_INTERCEPTION,2,Synthetic Stimulants / MDMA / Meth,ACTION_COMPLETED
POL-2026-00809,35,Mayiladuthurai,172,516,PS-MAY-B3,2026-02-03 06:36:32,CHECKPOST_INTERCEPTION,3,Prescription Narcotics / Codeine / Alprazolam,ACTION_COMPLETED
POL-2026-00810,27,Perambalur,132,395,PS-PER-B3,2025-06-04 08:09:41,ROUTINE_BEAT_PATROL,3,Prescription Narcotics / Codeine / Alprazolam,ACTION_COMPLETED
POL-2026-00811,22,Dharmapuri,107,320,PS-DHA-B4,2025-06-01 11:44:42,CHECKPOST_INTERCEPTION,5,Opioid Analogues / Brown Sugar / Heroin,CASE_REGISTERED
POL-2026-00812,15,Tenkasi,73,217,PS-TEN-B4,2024-10-07 05:55:17,CHECKPOST_INTERCEPTION,4,Chemical Precursors / Ephedrine,ACTION_COMPLETED
POL-2026-00813,21,Kallakurichi,102,306,PS-KAL-B3,2026-07-17 04:23:30,SEARCH_SEIZURE,1,Commercial Ganja / Cannabis,ACTION_COMPLETED
POL-2026-00814,13,Thoothukudi,63,187,PS-THO-B3,2026-03-23 19:22:57,ROUTINE_BEAT_PATROL,6,Unclassified / Suspicious Substance,ACTION_COMPLETED
POL-2026-00815,32,Theni,156,467,PS-THE-B2,2024-11-29 06:58:39,SEARCH_SEIZURE,1,Commercial Ganja / Cannabis,ACTION_COMPLETED
POL-2026-00816,1,Chennai,3,8,PS-CHE-B1,2024-11-18 16:57:56,ROUTINE_BEAT_PATROL,3,Prescription Narcotics / Codeine / Alprazolam,ACTION_COMPLETED
POL-2026-00817,12,Thanjavur,57,169,PS-THA-B1,2025-11-18 23:04:59,CHECKPOST_INTERCEPTION,3,Prescription Narcotics / Codeine / Alprazolam,PENDING_INVESTIGATION
POL-2026-00818,26,Ariyalur,129,385,PS-ARI-B4,2026-08-11 11:01:41,CHECKPOST_INTERCEPTION,1,Commercial Ganja / Cannabis,ACTION_COMPLETED
POL-2026-00819,6,Tirunelveli,28,82,PS-TIR-B1,2025-07-17 04:27:30,SEARCH_SEIZURE,2,Synthetic Stimulants / MDMA / Meth,PENDING_INVESTIGATION
POL-2026-00820,3,Madurai,15,43,PS-MAD-B2,2025-12-17 20:12:49,SEARCH_SEIZURE,3,Prescription Narcotics / Codeine / Alprazolam,CASE_REGISTERED
POL-2026-00821,6,Tirunelveli,27,80,PS-TIR-B1,2026-07-08 09:11:52,CHECKPOST_INTERCEPTION,1,Commercial Ganja / Cannabis,PENDING_INVESTIGATION
POL-2026-00822,2,Coimbatore,8,23,PS-COI-B1,2026-02-09 00:57:30,SEARCH_SEIZURE,4,Chemical Precursors / Ephedrine,ACTION_COMPLETED
POL-2026-00823,28,Pudukkottai,137,409,PS-PUD-B3,2024-10-27 14:35:16,SEARCH_SEIZURE,2,Synthetic Stimulants / MDMA / Meth,CASE_REGISTERED
POL-2026-00824,12,Thanjavur,59,175,PS-THA-B3,2026-03-16 13:31:49,ROUTINE_BEAT_PATROL,6,Unclassified / Suspicious Substance,ACTION_COMPLETED
POL-2026-00825,37,Tirupathur,185,555,PS-TIR-B3,2025-04-06 03:57:20,SEARCH_SEIZURE,2,Synthetic Stimulants / MDMA / Meth,PENDING_INVESTIGATION
POL-2026-00826,17,Chengalpattu,81,241,PS-CHE-B1,2025-03-27 21:49:01,CHECKPOST_INTERCEPTION,1,Commercial Ganja / Cannabis,PENDING_INVESTIGATION
POL-2026-00827,29,Sivaganga,145,435,PS-SIV-B1,2026-04-25 21:26:45,ROUTINE_BEAT_PATROL,2,Synthetic Stimulants / MDMA / Meth,ACTION_COMPLETED
POL-2026-00828,30,Ramanathapuram,150,449,PS-RAM-B3,2025-11-04 14:32:20,SEARCH_SEIZURE,5,Opioid Analogues / Brown Sugar / Heroin,PENDING_INVESTIGATION
POL-2026-00829,15,Tenkasi,74,222,PS-TEN-B4,2025-12-13 21:34:49,SPECIAL_TASK_DRIVE,1,Commercial Ganja / Cannabis,PENDING_INVESTIGATION
POL-2026-00830,13,Thoothukudi,64,192,PS-THO-B2,2025-08-22 12:31:57,ROUTINE_BEAT_PATROL,2,Synthetic Stimulants / MDMA / Meth,PENDING_INVESTIGATION
POL-2026-00831,8,Tiruppur,39,115,PS-TIR-B2,2024-11-14 07:32:38,SPECIAL_TASK_DRIVE,3,Prescription Narcotics / Codeine / Alprazolam,CASE_REGISTERED
POL-2026-00832,35,Mayiladuthurai,174,522,PS-MAY-B4,2025-12-16 03:25:06,SEARCH_SEIZURE,3,Prescription Narcotics / Codeine / Alprazolam,PENDING_INVESTIGATION
POL-2026-00833,35,Mayiladuthurai,175,523,PS-MAY-B1,2025-11-30 14:29:40,SPECIAL_TASK_DRIVE,4,Chemical Precursors / Ephedrine,PENDING_INVESTIGATION
POL-2026-00834,16,Kancheepuram,77,229,PS-KAN-B1,2025-03-01 07:40:05,CHECKPOST_INTERCEPTION,1,Commercial Ganja / Cannabis,CASE_REGISTERED
POL-2026-00835,9,Vellore,41,122,PS-VEL-B2,2026-05-02 10:19:49,SEARCH_SEIZURE,4,Chemical Precursors / Ephedrine,ACTION_COMPLETED
POL-2026-00836,35,Mayiladuthurai,175,523,PS-MAY-B3,2026-07-03 02:41:20,ROUTINE_BEAT_PATROL,2,Synthetic Stimulants / MDMA / Meth,ACTION_COMPLETED
POL-2026-00837,33,Thiruvarur,165,494,PS-THI-B1,2025-08-19 04:42:46,SEARCH_SEIZURE,6,Unclassified / Suspicious Substance,ACTION_COMPLETED
POL-2026-00838,10,Krishnagiri,49,146,PS-KRI-B4,2025-03-20 01:42:33,ROUTINE_BEAT_PATROL,1,Commercial Ganja / Cannabis,ACTION_COMPLETED
POL-2026-00839,5,Tiruchirappalli,23,67,PS-TIR-B1,2024-12-07 13:08:07,SEARCH_SEIZURE,3,Prescription Narcotics / Codeine / Alprazolam,CASE_REGISTERED
POL-2026-00840,1,Chennai,1,2,PS-CHE-B3,2026-02-22 10:03:55,SEARCH_SEIZURE,2,Synthetic Stimulants / MDMA / Meth,PENDING_INVESTIGATION
POL-2026-00841,38,Tiruvannamalai,189,565,PS-TIR-B1,2025-07-03 13:08:33,SPECIAL_TASK_DRIVE,3,Prescription Narcotics / Codeine / Alprazolam,PENDING_INVESTIGATION
POL-2026-00842,25,Karur,123,367,PS-KAR-B2,2024-10-20 22:43:17,CHECKPOST_INTERCEPTION,3,Prescription Narcotics / Codeine / Alprazolam,PENDING_INVESTIGATION
POL-2026-00843,1,Chennai,5,14,PS-CHE-B2,2024-09-29 12:16:04,SPECIAL_TASK_DRIVE,3,Prescription Narcotics / Codeine / Alprazolam,ACTION_COMPLETED
POL-2026-00844,14,Kanniyakumari,67,199,PS-KAN-B2,2025-01-29 01:47:05,SEARCH_SEIZURE,4,Chemical Precursors / Ephedrine,CASE_REGISTERED
POL-2026-00845,11,Dindigul,52,155,PS-DIN-B2,2025-06-09 01:17:32,SPECIAL_TASK_DRIVE,1,Commercial Ganja / Cannabis,ACTION_COMPLETED
POL-2026-00846,22,Dharmapuri,106,318,PS-DHA-B4,2025-10-18 12:44:01,SPECIAL_TASK_DRIVE,3,Prescription Narcotics / Codeine / Alprazolam,ACTION_COMPLETED
POL-2026-00847,37,Tirupathur,182,544,PS-TIR-B4,2025-02-25 09:29:27,CHECKPOST_INTERCEPTION,1,Commercial Ganja / Cannabis,ACTION_COMPLETED
POL-2026-00848,21,Kallakurichi,104,312,PS-KAL-B4,2025-03-05 04:01:23,CHECKPOST_INTERCEPTION,6,Unclassified / Suspicious Substance,CASE_REGISTERED
POL-2026-00849,32,Theni,157,469,PS-THE-B4,2025-11-25 20:34:56,ROUTINE_BEAT_PATROL,5,Opioid Analogues / Brown Sugar / Heroin,PENDING_INVESTIGATION
POL-2026-00850,10,Krishnagiri,47,141,PS-KRI-B1,2025-10-03 11:04:01,SEARCH_SEIZURE,4,Chemical Precursors / Ephedrine,CASE_REGISTERED
POL-2026-00851,17,Chengalpattu,81,243,PS-CHE-B4,2025-04-21 02:45:43,SEARCH_SEIZURE,6,Unclassified / Suspicious Substance,CASE_REGISTERED
POL-2026-00852,28,Pudukkottai,136,407,PS-PUD-B3,2024-12-17 21:51:42,SEARCH_SEIZURE,4,Chemical Precursors / Ephedrine,PENDING_INVESTIGATION
POL-2026-00853,28,Pudukkottai,139,416,PS-PUD-B1,2026-05-24 16:10:11,ROUTINE_BEAT_PATROL,6,Unclassified / Suspicious Substance,ACTION_COMPLETED
POL-2026-00854,23,Namakkal,112,334,PS-NAM-B4,2026-05-01 20:48:32,ROUTINE_BEAT_PATROL,2,Synthetic Stimulants / MDMA / Meth,CASE_REGISTERED
POL-2026-00855,9,Vellore,45,135,PS-VEL-B4,2025-07-26 13:03:10,ROUTINE_BEAT_PATROL,6,Unclassified / Suspicious Substance,ACTION_COMPLETED
POL-2026-00856,37,Tirupathur,184,551,PS-TIR-B1,2026-06-30 23:37:35,SEARCH_SEIZURE,3,Prescription Narcotics / Codeine / Alprazolam,CASE_REGISTERED
POL-2026-00857,13,Thoothukudi,64,192,PS-THO-B4,2025-01-03 05:05:55,SEARCH_SEIZURE,6,Unclassified / Suspicious Substance,PENDING_INVESTIGATION
POL-2026-00858,15,Tenkasi,73,218,PS-TEN-B2,2026-04-29 08:00:51,ROUTINE_BEAT_PATROL,2,Synthetic Stimulants / MDMA / Meth,PENDING_INVESTIGATION
POL-2026-00859,34,Nagapattinam,167,500,PS-NAG-B4,2025-03-17 07:36:27,SEARCH_SEIZURE,2,Synthetic Stimulants / MDMA / Meth,ACTION_COMPLETED
POL-2026-00860,8,Tiruppur,38,112,PS-TIR-B2,2025-08-03 04:03:36,ROUTINE_BEAT_PATROL,6,Unclassified / Suspicious Substance,PENDING_INVESTIGATION
POL-2026-00861,15,Tenkasi,75,223,PS-TEN-B3,2025-02-02 03:42:46,ROUTINE_BEAT_PATROL,4,Chemical Precursors / Ephedrine,ACTION_COMPLETED
POL-2026-00862,11,Dindigul,52,156,PS-DIN-B4,2026-04-01 15:16:19,CHECKPOST_INTERCEPTION,4,Chemical Precursors / Ephedrine,PENDING_INVESTIGATION
POL-2026-00863,21,Kallakurichi,104,311,PS-KAL-B1,2026-04-25 04:16:29,CHECKPOST_INTERCEPTION,1,Commercial Ganja / Cannabis,ACTION_COMPLETED
POL-2026-00864,25,Karur,124,371,PS-KAR-B1,2024-12-03 11:40:41,SEARCH_SEIZURE,6,Unclassified / Suspicious Substance,ACTION_COMPLETED
POL-2026-00865,17,Chengalpattu,83,248,PS-CHE-B1,2024-10-06 00:42:23,SPECIAL_TASK_DRIVE,4,Chemical Precursors / Ephedrine,ACTION_COMPLETED
POL-2026-00866,15,Tenkasi,74,220,PS-TEN-B2,2026-02-18 03:57:18,ROUTINE_BEAT_PATROL,5,Opioid Analogues / Brown Sugar / Heroin,PENDING_INVESTIGATION
POL-2026-00867,22,Dharmapuri,110,328,PS-DHA-B3,2026-01-30 10:57:50,CHECKPOST_INTERCEPTION,6,Unclassified / Suspicious Substance,ACTION_COMPLETED
POL-2026-00868,26,Ariyalur,128,383,PS-ARI-B1,2025-08-01 11:26:24,ROUTINE_BEAT_PATROL,4,Chemical Precursors / Ephedrine,PENDING_INVESTIGATION
POL-2026-00869,4,Salem,17,49,PS-SAL-B3,2025-06-24 10:07:01,CHECKPOST_INTERCEPTION,2,Synthetic Stimulants / MDMA / Meth,PENDING_INVESTIGATION
POL-2026-00870,5,Tiruchirappalli,25,75,PS-TIR-B4,2026-05-27 16:39:34,CHECKPOST_INTERCEPTION,5,Opioid Analogues / Brown Sugar / Heroin,PENDING_INVESTIGATION
POL-2026-00871,34,Nagapattinam,166,496,PS-NAG-B3,2024-10-01 20:39:25,SEARCH_SEIZURE,6,Unclassified / Suspicious Substance,ACTION_COMPLETED
POL-2026-00872,4,Salem,20,60,PS-SAL-B3,2026-08-13 02:37:51,ROUTINE_BEAT_PATROL,6,Unclassified / Suspicious Substance,PENDING_INVESTIGATION
POL-2026-00873,37,Tirupathur,185,554,PS-TIR-B4,2024-11-25 16:58:00,CHECKPOST_INTERCEPTION,4,Chemical Precursors / Ephedrine,ACTION_COMPLETED
POL-2026-00874,16,Kancheepuram,79,237,PS-KAN-B1,2026-06-08 18:39:37,SEARCH_SEIZURE,5,Opioid Analogues / Brown Sugar / Heroin,ACTION_COMPLETED
POL-2026-00875,4,Salem,19,57,PS-SAL-B3,2026-07-31 16:48:58,ROUTINE_BEAT_PATROL,3,Prescription Narcotics / Codeine / Alprazolam,PENDING_INVESTIGATION
POL-2026-00876,8,Tiruppur,36,108,PS-TIR-B2,2025-09-13 07:17:32,SPECIAL_TASK_DRIVE,1,Commercial Ganja / Cannabis,PENDING_INVESTIGATION
POL-2026-00877,30,Ramanathapuram,147,440,PS-RAM-B4,2025-07-12 12:14:52,SEARCH_SEIZURE,3,Prescription Narcotics / Codeine / Alprazolam,PENDING_INVESTIGATION
POL-2026-00878,32,Theni,159,477,PS-THE-B3,2024-12-22 17:12:06,SEARCH_SEIZURE,1,Commercial Ganja / Cannabis,ACTION_COMPLETED
POL-2026-00879,20,Viluppuram,97,290,PS-VIL-B1,2024-10-22 07:01:32,SPECIAL_TASK_DRIVE,6,Unclassified / Suspicious Substance,CASE_REGISTERED
POL-2026-00880,19,Cuddalore,92,276,PS-CUD-B1,2026-02-07 00:46:12,CHECKPOST_INTERCEPTION,6,Unclassified / Suspicious Substance,ACTION_COMPLETED
POL-2026-00881,31,Virudhunagar,154,460,PS-VIR-B2,2025-07-15 02:57:04,ROUTINE_BEAT_PATROL,3,Prescription Narcotics / Codeine / Alprazolam,CASE_REGISTERED
POL-2026-00882,27,Perambalur,132,394,PS-PER-B1,2025-09-20 10:09:28,SPECIAL_TASK_DRIVE,6,Unclassified / Suspicious Substance,CASE_REGISTERED
POL-2026-00883,35,Mayiladuthurai,172,514,PS-MAY-B1,2026-05-13 23:08:39,SPECIAL_TASK_DRIVE,3,Prescription Narcotics / Codeine / Alprazolam,PENDING_INVESTIGATION
POL-2026-00884,21,Kallakurichi,102,304,PS-KAL-B4,2025-02-14 05:34:38,CHECKPOST_INTERCEPTION,3,Prescription Narcotics / Codeine / Alprazolam,CASE_REGISTERED
POL-2026-00885,23,Namakkal,113,338,PS-NAM-B2,2025-02-14 10:40:09,CHECKPOST_INTERCEPTION,1,Commercial Ganja / Cannabis,ACTION_COMPLETED
POL-2026-00886,21,Kallakurichi,104,312,PS-KAL-B4,2025-12-05 04:52:22,SEARCH_SEIZURE,6,Unclassified / Suspicious Substance,PENDING_INVESTIGATION
POL-2026-00887,16,Kancheepuram,78,232,PS-KAN-B1,2025-02-05 05:52:57,SEARCH_SEIZURE,2,Synthetic Stimulants / MDMA / Meth,ACTION_COMPLETED
POL-2026-00888,6,Tirunelveli,27,79,PS-TIR-B2,2024-12-19 15:55:47,CHECKPOST_INTERCEPTION,5,Opioid Analogues / Brown Sugar / Heroin,ACTION_COMPLETED
POL-2026-00889,15,Tenkasi,72,216,PS-TEN-B2,2025-06-05 19:11:16,SEARCH_SEIZURE,3,Prescription Narcotics / Codeine / Alprazolam,CASE_REGISTERED
POL-2026-00890,3,Madurai,13,38,PS-MAD-B3,2024-10-30 06:57:25,SPECIAL_TASK_DRIVE,1,Commercial Ganja / Cannabis,ACTION_COMPLETED
POL-2026-00891,13,Thoothukudi,65,195,PS-THO-B1,2026-07-14 04:23:13,SPECIAL_TASK_DRIVE,4,Chemical Precursors / Ephedrine,CASE_REGISTERED
POL-2026-00892,25,Karur,121,363,PS-KAR-B2,2025-01-03 11:42:29,CHECKPOST_INTERCEPTION,1,Commercial Ganja / Cannabis,PENDING_INVESTIGATION
POL-2026-00893,15,Tenkasi,72,215,PS-TEN-B1,2025-04-30 09:40:15,SEARCH_SEIZURE,5,Opioid Analogues / Brown Sugar / Heroin,PENDING_INVESTIGATION
POL-2026-00894,16,Kancheepuram,77,230,PS-KAN-B2,2024-12-30 15:58:45,SPECIAL_TASK_DRIVE,6,Unclassified / Suspicious Substance,ACTION_COMPLETED
POL-2026-00895,23,Namakkal,113,338,PS-NAM-B2,2025-11-11 09:41:10,SPECIAL_TASK_DRIVE,3,Prescription Narcotics / Codeine / Alprazolam,CASE_REGISTERED
POL-2026-00896,31,Virudhunagar,153,459,PS-VIR-B4,2025-04-15 00:13:56,ROUTINE_BEAT_PATROL,4,Chemical Precursors / Ephedrine,PENDING_INVESTIGATION
POL-2026-00897,17,Chengalpattu,81,242,PS-CHE-B4,2026-01-29 21:33:00,SEARCH_SEIZURE,6,Unclassified / Suspicious Substance,ACTION_COMPLETED
POL-2026-00898,15,Tenkasi,75,225,PS-TEN-B1,2026-06-19 15:07:20,CHECKPOST_INTERCEPTION,3,Prescription Narcotics / Codeine / Alprazolam,ACTION_COMPLETED
POL-2026-00899,15,Tenkasi,72,214,PS-TEN-B1,2026-05-18 20:45:15,SPECIAL_TASK_DRIVE,1,Commercial Ganja / Cannabis,PENDING_INVESTIGATION
POL-2026-00900,1,Chennai,4,10,PS-CHE-B2,2024-11-04 19:36:10,ROUTINE_BEAT_PATROL,3,Prescription Narcotics / Codeine / Alprazolam,PENDING_INVESTIGATION
POL-2026-00901,26,Ariyalur,130,388,PS-ARI-B2,2026-01-23 12:42:23,CHECKPOST_INTERCEPTION,2,Synthetic Stimulants / MDMA / Meth,CASE_REGISTERED
POL-2026-00902,31,Virudhunagar,154,462,PS-VIR-B3,2025-11-22 00:48:52,ROUTINE_BEAT_PATROL,1,Commercial Ganja / Cannabis,ACTION_COMPLETED
POL-2026-00903,7,Erode,31,93,PS-ERO-B2,2026-01-17 13:58:58,ROUTINE_BEAT_PATROL,1,Commercial Ganja / Cannabis,CASE_REGISTERED
POL-2026-00904,35,Mayiladuthurai,171,511,PS-MAY-B4,2026-06-25 16:37:12,ROUTINE_BEAT_PATROL,1,Commercial Ganja / Cannabis,PENDING_INVESTIGATION
POL-2026-00905,6,Tirunelveli,29,85,PS-TIR-B4,2025-01-24 21:35:57,CHECKPOST_INTERCEPTION,1,Commercial Ganja / Cannabis,ACTION_COMPLETED
POL-2026-00906,19,Cuddalore,91,273,PS-CUD-B4,2025-04-10 04:31:22,ROUTINE_BEAT_PATROL,5,Opioid Analogues / Brown Sugar / Heroin,CASE_REGISTERED
POL-2026-00907,11,Dindigul,54,161,PS-DIN-B3,2024-11-17 01:24:42,SEARCH_SEIZURE,1,Commercial Ganja / Cannabis,PENDING_INVESTIGATION
POL-2026-00908,15,Tenkasi,73,218,PS-TEN-B4,2024-11-19 00:54:45,SEARCH_SEIZURE,1,Commercial Ganja / Cannabis,CASE_REGISTERED
POL-2026-00909,26,Ariyalur,130,388,PS-ARI-B4,2025-02-08 07:06:54,SPECIAL_TASK_DRIVE,4,Chemical Precursors / Ephedrine,CASE_REGISTERED
POL-2026-00910,31,Virudhunagar,154,460,PS-VIR-B4,2026-01-07 17:52:55,SEARCH_SEIZURE,6,Unclassified / Suspicious Substance,CASE_REGISTERED
POL-2026-00911,10,Krishnagiri,47,140,PS-KRI-B3,2026-01-27 02:11:30,CHECKPOST_INTERCEPTION,2,Synthetic Stimulants / MDMA / Meth,ACTION_COMPLETED
POL-2026-00912,4,Salem,18,52,PS-SAL-B3,2026-07-16 12:27:32,SPECIAL_TASK_DRIVE,2,Synthetic Stimulants / MDMA / Meth,ACTION_COMPLETED
POL-2026-00913,8,Tiruppur,36,108,PS-TIR-B3,2025-08-24 02:06:40,ROUTINE_BEAT_PATROL,1,Commercial Ganja / Cannabis,CASE_REGISTERED
POL-2026-00914,36,Ranipet,179,536,PS-RAN-B2,2026-02-23 23:10:44,ROUTINE_BEAT_PATROL,1,Commercial Ganja / Cannabis,ACTION_COMPLETED
POL-2026-00915,7,Erode,35,104,PS-ERO-B1,2025-03-03 13:05:27,CHECKPOST_INTERCEPTION,2,Synthetic Stimulants / MDMA / Meth,CASE_REGISTERED
POL-2026-00916,2,Coimbatore,8,24,PS-COI-B3,2026-02-23 15:47:41,SEARCH_SEIZURE,1,Commercial Ganja / Cannabis,PENDING_INVESTIGATION
POL-2026-00917,32,Theni,160,480,PS-THE-B3,2025-03-31 11:10:34,CHECKPOST_INTERCEPTION,4,Chemical Precursors / Ephedrine,ACTION_COMPLETED
POL-2026-00918,10,Krishnagiri,47,141,PS-KRI-B4,2025-10-27 21:01:40,CHECKPOST_INTERCEPTION,3,Prescription Narcotics / Codeine / Alprazolam,PENDING_INVESTIGATION
POL-2026-00919,26,Ariyalur,129,385,PS-ARI-B2,2026-05-01 10:25:33,SEARCH_SEIZURE,2,Synthetic Stimulants / MDMA / Meth,PENDING_INVESTIGATION
POL-2026-00920,2,Coimbatore,6,17,PS-COI-B3,2025-03-16 17:09:48,CHECKPOST_INTERCEPTION,2,Synthetic Stimulants / MDMA / Meth,CASE_REGISTERED
POL-2026-00921,35,Mayiladuthurai,173,519,PS-MAY-B1,2025-09-05 12:00:48,SEARCH_SEIZURE,6,Unclassified / Suspicious Substance,CASE_REGISTERED
POL-2026-00922,20,Viluppuram,96,286,PS-VIL-B1,2026-04-18 16:57:05,CHECKPOST_INTERCEPTION,2,Synthetic Stimulants / MDMA / Meth,CASE_REGISTERED
POL-2026-00923,22,Dharmapuri,106,318,PS-DHA-B4,2025-05-07 01:11:31,SEARCH_SEIZURE,2,Synthetic Stimulants / MDMA / Meth,PENDING_INVESTIGATION
POL-2026-00924,15,Tenkasi,74,222,PS-TEN-B1,2026-05-23 19:20:22,CHECKPOST_INTERCEPTION,2,Synthetic Stimulants / MDMA / Meth,PENDING_INVESTIGATION
POL-2026-00925,9,Vellore,41,121,PS-VEL-B2,2025-02-17 09:11:54,ROUTINE_BEAT_PATROL,6,Unclassified / Suspicious Substance,CASE_REGISTERED
POL-2026-00926,15,Tenkasi,72,214,PS-TEN-B3,2025-02-23 13:06:14,ROUTINE_BEAT_PATROL,5,Opioid Analogues / Brown Sugar / Heroin,CASE_REGISTERED
POL-2026-00927,18,Tiruvallur,87,259,PS-TIR-B1,2025-05-23 03:50:24,SPECIAL_TASK_DRIVE,2,Synthetic Stimulants / MDMA / Meth,PENDING_INVESTIGATION
POL-2026-00928,33,Thiruvarur,165,494,PS-THI-B3,2026-01-21 15:07:10,ROUTINE_BEAT_PATROL,2,Synthetic Stimulants / MDMA / Meth,CASE_REGISTERED
POL-2026-00929,5,Tiruchirappalli,21,62,PS-TIR-B2,2025-12-02 04:34:08,SPECIAL_TASK_DRIVE,1,Commercial Ganja / Cannabis,CASE_REGISTERED
POL-2026-00930,32,Theni,157,471,PS-THE-B1,2025-03-23 22:11:16,ROUTINE_BEAT_PATROL,2,Synthetic Stimulants / MDMA / Meth,CASE_REGISTERED
POL-2026-00931,36,Ranipet,178,534,PS-RAN-B4,2026-02-11 13:03:16,SEARCH_SEIZURE,1,Commercial Ganja / Cannabis,PENDING_INVESTIGATION
POL-2026-00932,37,Tirupathur,183,548,PS-TIR-B3,2025-03-06 13:18:42,ROUTINE_BEAT_PATROL,5,Opioid Analogues / Brown Sugar / Heroin,ACTION_COMPLETED
POL-2026-00933,7,Erode,35,104,PS-ERO-B2,2026-01-13 09:20:11,ROUTINE_BEAT_PATROL,4,Chemical Precursors / Ephedrine,CASE_REGISTERED
POL-2026-00934,4,Salem,20,58,PS-SAL-B4,2025-10-08 00:33:34,CHECKPOST_INTERCEPTION,5,Opioid Analogues / Brown Sugar / Heroin,CASE_REGISTERED
POL-2026-00935,2,Coimbatore,9,26,PS-COI-B4,2026-01-20 09:11:43,CHECKPOST_INTERCEPTION,6,Unclassified / Suspicious Substance,CASE_REGISTERED
POL-2026-00936,19,Cuddalore,93,279,PS-CUD-B3,2025-08-15 03:09:06,CHECKPOST_INTERCEPTION,6,Unclassified / Suspicious Substance,CASE_REGISTERED
POL-2026-00937,29,Sivaganga,144,431,PS-SIV-B2,2025-09-08 17:13:40,CHECKPOST_INTERCEPTION,3,Prescription Narcotics / Codeine / Alprazolam,PENDING_INVESTIGATION
POL-2026-00938,27,Perambalur,132,395,PS-PER-B3,2025-10-30 20:48:11,CHECKPOST_INTERCEPTION,2,Synthetic Stimulants / MDMA / Meth,CASE_REGISTERED
POL-2026-00939,25,Karur,121,362,PS-KAR-B4,2025-08-26 12:20:45,SPECIAL_TASK_DRIVE,2,Synthetic Stimulants / MDMA / Meth,PENDING_INVESTIGATION
POL-2026-00940,26,Ariyalur,128,382,PS-ARI-B2,2024-10-21 10:53:53,CHECKPOST_INTERCEPTION,5,Opioid Analogues / Brown Sugar / Heroin,CASE_REGISTERED
POL-2026-00941,21,Kallakurichi,105,314,PS-KAL-B4,2025-09-05 22:01:39,CHECKPOST_INTERCEPTION,2,Synthetic Stimulants / MDMA / Meth,CASE_REGISTERED
POL-2026-00942,8,Tiruppur,40,119,PS-TIR-B2,2025-11-17 23:58:17,CHECKPOST_INTERCEPTION,1,Commercial Ganja / Cannabis,ACTION_COMPLETED
POL-2026-00943,35,Mayiladuthurai,173,517,PS-MAY-B4,2026-02-27 07:14:37,SEARCH_SEIZURE,1,Commercial Ganja / Cannabis,PENDING_INVESTIGATION
POL-2026-00944,28,Pudukkottai,140,418,PS-PUD-B1,2026-08-01 20:32:36,SEARCH_SEIZURE,1,Commercial Ganja / Cannabis,ACTION_COMPLETED
POL-2026-00945,17,Chengalpattu,82,246,PS-CHE-B1,2025-03-16 14:43:00,CHECKPOST_INTERCEPTION,6,Unclassified / Suspicious Substance,PENDING_INVESTIGATION
POL-2026-00946,12,Thanjavur,56,168,PS-THA-B4,2024-12-19 09:38:07,ROUTINE_BEAT_PATROL,3,Prescription Narcotics / Codeine / Alprazolam,ACTION_COMPLETED
POL-2026-00947,38,Tiruvannamalai,189,565,PS-TIR-B3,2026-07-08 10:21:43,SPECIAL_TASK_DRIVE,3,Prescription Narcotics / Codeine / Alprazolam,CASE_REGISTERED
POL-2026-00948,1,Chennai,5,15,PS-CHE-B4,2026-05-30 13:19:46,SPECIAL_TASK_DRIVE,6,Unclassified / Suspicious Substance,PENDING_INVESTIGATION
POL-2026-00949,7,Erode,32,95,PS-ERO-B3,2026-01-31 01:41:11,SPECIAL_TASK_DRIVE,2,Synthetic Stimulants / MDMA / Meth,CASE_REGISTERED
POL-2026-00950,9,Vellore,41,122,PS-VEL-B4,2026-02-13 10:42:32,SEARCH_SEIZURE,1,Commercial Ganja / Cannabis,CASE_REGISTERED
POL-2026-00951,1,Chennai,3,8,PS-CHE-B1,2025-05-06 21:25:48,CHECKPOST_INTERCEPTION,1,Commercial Ganja / Cannabis,ACTION_COMPLETED
POL-2026-00952,27,Perambalur,132,395,PS-PER-B2,2026-06-02 16:56:17,SPECIAL_TASK_DRIVE,4,Chemical Precursors / Ephedrine,ACTION_COMPLETED
POL-2026-00953,10,Krishnagiri,50,150,PS-KRI-B2,2025-01-26 02:23:17,ROUTINE_BEAT_PATROL,2,Synthetic Stimulants / MDMA / Meth,CASE_REGISTERED
POL-2026-00954,19,Cuddalore,92,274,PS-CUD-B3,2026-04-03 23:03:32,ROUTINE_BEAT_PATROL,3,Prescription Narcotics / Codeine / Alprazolam,CASE_REGISTERED
POL-2026-00955,28,Pudukkottai,136,408,PS-PUD-B2,2026-04-10 11:06:35,CHECKPOST_INTERCEPTION,5,Opioid Analogues / Brown Sugar / Heroin,PENDING_INVESTIGATION
POL-2026-00956,1,Chennai,4,12,PS-CHE-B2,2025-05-02 14:10:46,ROUTINE_BEAT_PATROL,2,Synthetic Stimulants / MDMA / Meth,ACTION_COMPLETED
POL-2026-00957,4,Salem,17,50,PS-SAL-B4,2026-07-30 05:52:44,SPECIAL_TASK_DRIVE,4,Chemical Precursors / Ephedrine,CASE_REGISTERED
POL-2026-00958,24,Nilgiris,119,355,PS-NIL-B4,2024-09-26 00:02:41,SPECIAL_TASK_DRIVE,3,Prescription Narcotics / Codeine / Alprazolam,ACTION_COMPLETED
POL-2026-00959,19,Cuddalore,91,273,PS-CUD-B2,2025-02-07 15:59:04,SPECIAL_TASK_DRIVE,2,Synthetic Stimulants / MDMA / Meth,CASE_REGISTERED
POL-2026-00960,14,Kanniyakumari,66,196,PS-KAN-B1,2025-12-24 11:33:04,SPECIAL_TASK_DRIVE,2,Synthetic Stimulants / MDMA / Meth,ACTION_COMPLETED
POL-2026-00961,8,Tiruppur,40,120,PS-TIR-B3,2024-10-08 07:51:52,ROUTINE_BEAT_PATROL,3,Prescription Narcotics / Codeine / Alprazolam,CASE_REGISTERED
POL-2026-00962,14,Kanniyakumari,66,196,PS-KAN-B1,2025-07-02 21:33:05,ROUTINE_BEAT_PATROL,3,Prescription Narcotics / Codeine / Alprazolam,CASE_REGISTERED
POL-2026-00963,1,Chennai,5,14,PS-CHE-B2,2025-02-07 21:31:47,SEARCH_SEIZURE,5,Opioid Analogues / Brown Sugar / Heroin,CASE_REGISTERED
POL-2026-00964,8,Tiruppur,38,112,PS-TIR-B1,2026-05-16 18:46:54,SEARCH_SEIZURE,3,Prescription Narcotics / Codeine / Alprazolam,PENDING_INVESTIGATION
POL-2026-00965,20,Viluppuram,100,300,PS-VIL-B4,2026-08-08 03:05:48,CHECKPOST_INTERCEPTION,6,Unclassified / Suspicious Substance,PENDING_INVESTIGATION
POL-2026-00966,1,Chennai,4,10,PS-CHE-B4,2025-11-15 08:23:46,CHECKPOST_INTERCEPTION,4,Chemical Precursors / Ephedrine,CASE_REGISTERED
POL-2026-00967,23,Namakkal,115,344,PS-NAM-B1,2024-10-16 05:15:37,ROUTINE_BEAT_PATROL,1,Commercial Ganja / Cannabis,PENDING_INVESTIGATION
POL-2026-00968,30,Ramanathapuram,146,438,PS-RAM-B1,2024-10-07 07:54:26,SEARCH_SEIZURE,3,Prescription Narcotics / Codeine / Alprazolam,CASE_REGISTERED
POL-2026-00969,16,Kancheepuram,77,229,PS-KAN-B3,2026-04-09 21:21:47,CHECKPOST_INTERCEPTION,4,Chemical Precursors / Ephedrine,ACTION_COMPLETED
POL-2026-00970,20,Viluppuram,100,299,PS-VIL-B1,2024-10-16 19:51:24,SPECIAL_TASK_DRIVE,4,Chemical Precursors / Ephedrine,CASE_REGISTERED
POL-2026-00971,10,Krishnagiri,47,140,PS-KRI-B2,2025-10-27 20:42:33,SPECIAL_TASK_DRIVE,6,Unclassified / Suspicious Substance,CASE_REGISTERED
POL-2026-00972,22,Dharmapuri,106,318,PS-DHA-B3,2025-10-19 04:18:54,SPECIAL_TASK_DRIVE,2,Synthetic Stimulants / MDMA / Meth,PENDING_INVESTIGATION
POL-2026-00973,21,Kallakurichi,101,303,PS-KAL-B3,2025-05-10 09:34:26,ROUTINE_BEAT_PATROL,5,Opioid Analogues / Brown Sugar / Heroin,PENDING_INVESTIGATION
POL-2026-00974,3,Madurai,13,37,PS-MAD-B2,2026-02-24 12:52:24,SPECIAL_TASK_DRIVE,4,Chemical Precursors / Ephedrine,PENDING_INVESTIGATION
POL-2026-00975,3,Madurai,12,36,PS-MAD-B2,2026-02-08 08:17:44,CHECKPOST_INTERCEPTION,2,Synthetic Stimulants / MDMA / Meth,ACTION_COMPLETED
POL-2026-00976,34,Nagapattinam,167,501,PS-NAG-B1,2025-06-19 06:43:37,CHECKPOST_INTERCEPTION,3,Prescription Narcotics / Codeine / Alprazolam,PENDING_INVESTIGATION
POL-2026-00977,28,Pudukkottai,136,407,PS-PUD-B1,2025-07-03 19:24:42,CHECKPOST_INTERCEPTION,2,Synthetic Stimulants / MDMA / Meth,ACTION_COMPLETED
POL-2026-00978,38,Tiruvannamalai,190,569,PS-TIR-B4,2025-12-13 18:02:45,SPECIAL_TASK_DRIVE,2,Synthetic Stimulants / MDMA / Meth,ACTION_COMPLETED
POL-2026-00979,17,Chengalpattu,82,245,PS-CHE-B4,2025-01-28 23:19:05,ROUTINE_BEAT_PATROL,3,Prescription Narcotics / Codeine / Alprazolam,CASE_REGISTERED
POL-2026-00980,12,Thanjavur,58,174,PS-THA-B1,2024-12-08 16:53:43,SPECIAL_TASK_DRIVE,3,Prescription Narcotics / Codeine / Alprazolam,PENDING_INVESTIGATION
POL-2026-00981,19,Cuddalore,91,272,PS-CUD-B1,2026-06-27 02:53:23,SEARCH_SEIZURE,1,Commercial Ganja / Cannabis,CASE_REGISTERED
POL-2026-00982,32,Theni,160,479,PS-THE-B3,2026-01-04 23:30:05,SEARCH_SEIZURE,5,Opioid Analogues / Brown Sugar / Heroin,ACTION_COMPLETED
POL-2026-00983,10,Krishnagiri,49,145,PS-KRI-B2,2024-12-12 22:34:36,CHECKPOST_INTERCEPTION,3,Prescription Narcotics / Codeine / Alprazolam,ACTION_COMPLETED
POL-2026-00984,27,Perambalur,131,391,PS-PER-B1,2025-05-09 22:38:26,CHECKPOST_INTERCEPTION,6,Unclassified / Suspicious Substance,ACTION_COMPLETED
POL-2026-00985,16,Kancheepuram,80,238,PS-KAN-B2,2024-09-25 01:14:30,SEARCH_SEIZURE,5,Opioid Analogues / Brown Sugar / Heroin,ACTION_COMPLETED
POL-2026-00986,19,Cuddalore,94,282,PS-CUD-B1,2026-08-11 20:19:50,CHECKPOST_INTERCEPTION,5,Opioid Analogues / Brown Sugar / Heroin,PENDING_INVESTIGATION
POL-2026-00987,22,Dharmapuri,108,324,PS-DHA-B3,2026-03-25 19:51:55,CHECKPOST_INTERCEPTION,2,Synthetic Stimulants / MDMA / Meth,CASE_REGISTERED
POL-2026-00988,26,Ariyalur,127,380,PS-ARI-B1,2025-09-16 00:04:54,CHECKPOST_INTERCEPTION,2,Synthetic Stimulants / MDMA / Meth,CASE_REGISTERED
POL-2026-00989,8,Tiruppur,38,112,PS-TIR-B1,2025-07-04 06:29:34,SPECIAL_TASK_DRIVE,2,Synthetic Stimulants / MDMA / Meth,PENDING_INVESTIGATION
POL-2026-00990,31,Virudhunagar,153,458,PS-VIR-B2,2024-10-01 18:32:24,ROUTINE_BEAT_PATROL,3,Prescription Narcotics / Codeine / Alprazolam,ACTION_COMPLETED
POL-2026-00991,14,Kanniyakumari,66,198,PS-KAN-B2,2025-08-16 22:05:56,ROUTINE_BEAT_PATROL,1,Commercial Ganja / Cannabis,PENDING_INVESTIGATION
POL-2026-00992,9,Vellore,42,124,PS-VEL-B3,2025-10-23 01:30:58,CHECKPOST_INTERCEPTION,5,Opioid Analogues / Brown Sugar / Heroin,CASE_REGISTERED
POL-2026-00993,36,Ranipet,178,533,PS-RAN-B1,2026-01-14 11:53:51,SEARCH_SEIZURE,6,Unclassified / Suspicious Substance,ACTION_COMPLETED
POL-2026-00994,20,Viluppuram,98,292,PS-VIL-B2,2025-02-06 22:48:39,SPECIAL_TASK_DRIVE,6,Unclassified / Suspicious Substance,ACTION_COMPLETED
POL-2026-00995,6,Tirunelveli,30,88,PS-TIR-B4,2024-12-28 13:56:35,SEARCH_SEIZURE,6,Unclassified / Suspicious Substance,PENDING_INVESTIGATION
POL-2026-00996,2,Coimbatore,7,20,PS-COI-B2,2025-12-21 02:31:23,ROUTINE_BEAT_PATROL,1,Commercial Ganja / Cannabis,CASE_REGISTERED
POL-2026-00997,34,Nagapattinam,169,505,PS-NAG-B2,2024-10-03 05:08:11,ROUTINE_BEAT_PATROL,5,Opioid Analogues / Brown Sugar / Heroin,PENDING_INVESTIGATION
POL-2026-00998,2,Coimbatore,8,23,PS-COI-B3,2024-11-03 05:18:50,ROUTINE_BEAT_PATROL,5,Opioid Analogues / Brown Sugar / Heroin,CASE_REGISTERED
POL-2026-00999,33,Thiruvarur,164,492,PS-THI-B3,2024-09-26 18:55:18,CHECKPOST_INTERCEPTION,5,Opioid Analogues / Brown Sugar / Heroin,PENDING_INVESTIGATION
POL-2026-01000,11,Dindigul,54,161,PS-DIN-B4,2025-03-04 09:49:15,SPECIAL_TASK_DRIVE,6,Unclassified / Suspicious Substance,CASE_REGISTERED
POL-2026-01001,10,Krishnagiri,46,138,PS-KRI-B1,2026-08-16 09:16:19,CHECKPOST_INTERCEPTION,1,Commercial Ganja / Cannabis,CASE_REGISTERED
POL-2026-01002,2,Coimbatore,10,30,PS-COI-B3,2026-02-08 08:25:39,ROUTINE_BEAT_PATROL,4,Chemical Precursors / Ephedrine,PENDING_INVESTIGATION
POL-2026-01003,1,Chennai,3,7,PS-CHE-B3,2026-03-25 14:07:14,SEARCH_SEIZURE,1,Commercial Ganja / Cannabis,CASE_REGISTERED
POL-2026-01004,34,Nagapattinam,166,497,PS-NAG-B3,2025-05-11 10:24:29,SEARCH_SEIZURE,1,Commercial Ganja / Cannabis,CASE_REGISTERED
POL-2026-01005,19,Cuddalore,94,280,PS-CUD-B1,2025-03-16 16:19:11,CHECKPOST_INTERCEPTION,4,Chemical Precursors / Ephedrine,ACTION_COMPLETED
POL-2026-01006,16,Kancheepuram,79,236,PS-KAN-B2,2025-10-31 10:18:43,ROUTINE_BEAT_PATROL,4,Chemical Precursors / Ephedrine,PENDING_INVESTIGATION
POL-2026-01007,14,Kanniyakumari,70,208,PS-KAN-B2,2026-07-27 01:22:16,SEARCH_SEIZURE,1,Commercial Ganja / Cannabis,ACTION_COMPLETED
POL-2026-01008,36,Ranipet,178,534,PS-RAN-B2,2024-12-31 10:43:20,ROUTINE_BEAT_PATROL,6,Unclassified / Suspicious Substance,ACTION_COMPLETED
POL-2026-01009,35,Mayiladuthurai,174,521,PS-MAY-B4,2025-04-26 03:42:17,ROUTINE_BEAT_PATROL,2,Synthetic Stimulants / MDMA / Meth,PENDING_INVESTIGATION
POL-2026-01010,26,Ariyalur,126,378,PS-ARI-B2,2025-07-19 19:07:10,SPECIAL_TASK_DRIVE,3,Prescription Narcotics / Codeine / Alprazolam,CASE_REGISTERED
POL-2026-01011,10,Krishnagiri,46,137,PS-KRI-B4,2025-12-30 21:48:39,CHECKPOST_INTERCEPTION,6,Unclassified / Suspicious Substance,CASE_REGISTERED
POL-2026-01012,24,Nilgiris,120,359,PS-NIL-B3,2025-05-28 02:57:43,SEARCH_SEIZURE,1,Commercial Ganja / Cannabis,CASE_REGISTERED
POL-2026-01013,6,Tirunelveli,27,80,PS-TIR-B2,2025-05-17 21:39:44,SPECIAL_TASK_DRIVE,2,Synthetic Stimulants / MDMA / Meth,PENDING_INVESTIGATION
POL-2026-01014,26,Ariyalur,127,381,PS-ARI-B3,2026-05-15 22:52:16,ROUTINE_BEAT_PATROL,6,Unclassified / Suspicious Substance,PENDING_INVESTIGATION
POL-2026-01015,30,Ramanathapuram,150,449,PS-RAM-B3,2026-01-25 13:20:21,CHECKPOST_INTERCEPTION,4,Chemical Precursors / Ephedrine,CASE_REGISTERED
POL-2026-01016,36,Ranipet,176,526,PS-RAN-B2,2025-02-26 16:57:20,SEARCH_SEIZURE,5,Opioid Analogues / Brown Sugar / Heroin,ACTION_COMPLETED
POL-2026-01017,37,Tirupathur,185,555,PS-TIR-B2,2025-07-16 03:20:49,ROUTINE_BEAT_PATROL,4,Chemical Precursors / Ephedrine,CASE_REGISTERED
POL-2026-01018,29,Sivaganga,141,422,PS-SIV-B1,2026-07-13 05:57:43,SEARCH_SEIZURE,2,Synthetic Stimulants / MDMA / Meth,PENDING_INVESTIGATION
POL-2026-01019,37,Tirupathur,182,545,PS-TIR-B3,2026-07-24 17:57:30,SPECIAL_TASK_DRIVE,2,Synthetic Stimulants / MDMA / Meth,PENDING_INVESTIGATION
POL-2026-01020,24,Nilgiris,119,355,PS-NIL-B2,2026-05-10 01:07:33,SPECIAL_TASK_DRIVE,1,Commercial Ganja / Cannabis,PENDING_INVESTIGATION
POL-2026-01021,11,Dindigul,52,154,PS-DIN-B1,2025-10-15 16:22:53,SEARCH_SEIZURE,1,Commercial Ganja / Cannabis,PENDING_INVESTIGATION
POL-2026-01022,32,Theni,157,471,PS-THE-B2,2025-07-29 10:12:25,CHECKPOST_INTERCEPTION,3,Prescription Narcotics / Codeine / Alprazolam,CASE_REGISTERED
POL-2026-01023,8,Tiruppur,40,120,PS-TIR-B2,2025-07-30 08:34:55,CHECKPOST_INTERCEPTION,2,Synthetic Stimulants / MDMA / Meth,ACTION_COMPLETED
POL-2026-01024,4,Salem,18,53,PS-SAL-B4,2024-09-25 17:17:18,ROUTINE_BEAT_PATROL,1,Commercial Ganja / Cannabis,ACTION_COMPLETED
POL-2026-01025,17,Chengalpattu,84,250,PS-CHE-B4,2024-09-25 19:21:13,SEARCH_SEIZURE,4,Chemical Precursors / Ephedrine,PENDING_INVESTIGATION
POL-2026-01026,13,Thoothukudi,64,190,PS-THO-B1,2025-04-25 15:34:47,SEARCH_SEIZURE,5,Opioid Analogues / Brown Sugar / Heroin,ACTION_COMPLETED
POL-2026-01027,35,Mayiladuthurai,172,515,PS-MAY-B2,2025-09-11 17:02:34,SEARCH_SEIZURE,4,Chemical Precursors / Ephedrine,PENDING_INVESTIGATION
POL-2026-01028,3,Madurai,15,44,PS-MAD-B2,2026-05-05 14:34:46,SEARCH_SEIZURE,5,Opioid Analogues / Brown Sugar / Heroin,CASE_REGISTERED
POL-2026-01029,14,Kanniyakumari,66,198,PS-KAN-B2,2026-01-24 20:42:27,CHECKPOST_INTERCEPTION,6,Unclassified / Suspicious Substance,CASE_REGISTERED
POL-2026-01030,14,Kanniyakumari,69,205,PS-KAN-B1,2025-07-30 23:29:31,SEARCH_SEIZURE,2,Synthetic Stimulants / MDMA / Meth,CASE_REGISTERED
POL-2026-01031,3,Madurai,14,40,PS-MAD-B1,2025-07-27 08:49:02,SEARCH_SEIZURE,6,Unclassified / Suspicious Substance,ACTION_COMPLETED
POL-2026-01032,27,Perambalur,134,400,PS-PER-B3,2026-06-20 21:11:40,SPECIAL_TASK_DRIVE,4,Chemical Precursors / Ephedrine,ACTION_COMPLETED
POL-2026-01033,5,Tiruchirappalli,23,67,PS-TIR-B2,2025-10-04 19:11:20,SEARCH_SEIZURE,3,Prescription Narcotics / Codeine / Alprazolam,ACTION_COMPLETED
POL-2026-01034,11,Dindigul,54,162,PS-DIN-B3,2025-02-19 03:54:57,ROUTINE_BEAT_PATROL,1,Commercial Ganja / Cannabis,CASE_REGISTERED
POL-2026-01035,26,Ariyalur,126,376,PS-ARI-B3,2025-08-28 20:23:25,SPECIAL_TASK_DRIVE,3,Prescription Narcotics / Codeine / Alprazolam,CASE_REGISTERED
POL-2026-01036,30,Ramanathapuram,147,439,PS-RAM-B2,2026-07-08 21:00:39,ROUTINE_BEAT_PATROL,2,Synthetic Stimulants / MDMA / Meth,ACTION_COMPLETED
POL-2026-01037,38,Tiruvannamalai,188,562,PS-TIR-B1,2026-06-08 09:41:26,SPECIAL_TASK_DRIVE,2,Synthetic Stimulants / MDMA / Meth,CASE_REGISTERED
POL-2026-01038,30,Ramanathapuram,149,445,PS-RAM-B3,2026-04-30 09:09:21,SPECIAL_TASK_DRIVE,6,Unclassified / Suspicious Substance,ACTION_COMPLETED
POL-2026-01039,6,Tirunelveli,26,78,PS-TIR-B4,2026-04-16 17:34:24,ROUTINE_BEAT_PATROL,3,Prescription Narcotics / Codeine / Alprazolam,CASE_REGISTERED
POL-2026-01040,1,Chennai,5,14,PS-CHE-B2,2025-10-03 16:23:35,SPECIAL_TASK_DRIVE,2,Synthetic Stimulants / MDMA / Meth,CASE_REGISTERED
POL-2026-01041,19,Cuddalore,92,276,PS-CUD-B1,2024-11-17 22:46:58,SEARCH_SEIZURE,5,Opioid Analogues / Brown Sugar / Heroin,CASE_REGISTERED
POL-2026-01042,13,Thoothukudi,64,191,PS-THO-B1,2026-06-13 01:50:05,SEARCH_SEIZURE,2,Synthetic Stimulants / MDMA / Meth,CASE_REGISTERED
POL-2026-01043,6,Tirunelveli,28,83,PS-TIR-B1,2025-02-14 13:42:10,SEARCH_SEIZURE,4,Chemical Precursors / Ephedrine,CASE_REGISTERED
POL-2026-01044,34,Nagapattinam,166,497,PS-NAG-B4,2026-03-09 00:55:27,ROUTINE_BEAT_PATROL,6,Unclassified / Suspicious Substance,CASE_REGISTERED
POL-2026-01045,30,Ramanathapuram,146,436,PS-RAM-B4,2025-05-24 23:05:48,CHECKPOST_INTERCEPTION,3,Prescription Narcotics / Codeine / Alprazolam,ACTION_COMPLETED
POL-2026-01046,15,Tenkasi,74,222,PS-TEN-B1,2024-10-07 20:36:09,SEARCH_SEIZURE,3,Prescription Narcotics / Codeine / Alprazolam,ACTION_COMPLETED
POL-2026-01047,31,Virudhunagar,153,458,PS-VIR-B1,2025-04-23 03:44:09,ROUTINE_BEAT_PATROL,5,Opioid Analogues / Brown Sugar / Heroin,PENDING_INVESTIGATION
POL-2026-01048,33,Thiruvarur,162,485,PS-THI-B2,2025-08-07 17:36:54,ROUTINE_BEAT_PATROL,6,Unclassified / Suspicious Substance,PENDING_INVESTIGATION
POL-2026-01049,15,Tenkasi,72,216,PS-TEN-B2,2024-10-25 21:09:35,SPECIAL_TASK_DRIVE,5,Opioid Analogues / Brown Sugar / Heroin,ACTION_COMPLETED
POL-2026-01050,10,Krishnagiri,49,147,PS-KRI-B2,2025-09-03 14:35:46,SEARCH_SEIZURE,5,Opioid Analogues / Brown Sugar / Heroin,ACTION_COMPLETED
POL-2026-01051,30,Ramanathapuram,147,440,PS-RAM-B1,2025-02-09 08:39:49,CHECKPOST_INTERCEPTION,1,Commercial Ganja / Cannabis,CASE_REGISTERED
POL-2026-01052,27,Perambalur,135,404,PS-PER-B2,2025-07-27 03:22:18,CHECKPOST_INTERCEPTION,1,Commercial Ganja / Cannabis,ACTION_COMPLETED
POL-2026-01053,13,Thoothukudi,61,181,PS-THO-B3,2024-11-07 00:11:47,CHECKPOST_INTERCEPTION,6,Unclassified / Suspicious Substance,CASE_REGISTERED
POL-2026-01054,16,Kancheepuram,78,234,PS-KAN-B2,2026-06-25 23:41:03,SEARCH_SEIZURE,1,Commercial Ganja / Cannabis,CASE_REGISTERED
POL-2026-01055,25,Karur,123,369,PS-KAR-B4,2024-10-14 09:45:58,SPECIAL_TASK_DRIVE,4,Chemical Precursors / Ephedrine,PENDING_INVESTIGATION
POL-2026-01056,6,Tirunelveli,28,82,PS-TIR-B2,2026-05-26 13:36:04,SEARCH_SEIZURE,2,Synthetic Stimulants / MDMA / Meth,CASE_REGISTERED
POL-2026-01057,33,Thiruvarur,163,489,PS-THI-B4,2025-05-28 08:45:11,SEARCH_SEIZURE,3,Prescription Narcotics / Codeine / Alprazolam,ACTION_COMPLETED
POL-2026-01058,26,Ariyalur,130,389,PS-ARI-B3,2026-06-04 12:12:55,SPECIAL_TASK_DRIVE,5,Opioid Analogues / Brown Sugar / Heroin,ACTION_COMPLETED
POL-2026-01059,18,Tiruvallur,88,263,PS-TIR-B4,2026-07-26 11:13:17,ROUTINE_BEAT_PATROL,6,Unclassified / Suspicious Substance,PENDING_INVESTIGATION
POL-2026-01060,29,Sivaganga,145,433,PS-SIV-B2,2026-06-25 23:45:06,ROUTINE_BEAT_PATROL,1,Commercial Ganja / Cannabis,ACTION_COMPLETED
POL-2026-01061,15,Tenkasi,75,223,PS-TEN-B2,2025-01-13 12:43:14,CHECKPOST_INTERCEPTION,3,Prescription Narcotics / Codeine / Alprazolam,CASE_REGISTERED
POL-2026-01062,5,Tiruchirappalli,23,69,PS-TIR-B4,2025-12-17 05:30:40,ROUTINE_BEAT_PATROL,6,Unclassified / Suspicious Substance,CASE_REGISTERED
POL-2026-01063,23,Namakkal,114,340,PS-NAM-B1,2026-07-05 20:28:23,CHECKPOST_INTERCEPTION,4,Chemical Precursors / Ephedrine,CASE_REGISTERED
POL-2026-01064,32,Theni,159,477,PS-THE-B3,2025-09-30 02:17:40,SPECIAL_TASK_DRIVE,4,Chemical Precursors / Ephedrine,ACTION_COMPLETED
POL-2026-01065,27,Perambalur,133,399,PS-PER-B1,2025-06-06 04:57:13,SPECIAL_TASK_DRIVE,6,Unclassified / Suspicious Substance,CASE_REGISTERED
POL-2026-01066,22,Dharmapuri,109,326,PS-DHA-B4,2026-03-12 01:18:52,SPECIAL_TASK_DRIVE,4,Chemical Precursors / Ephedrine,PENDING_INVESTIGATION
POL-2026-01067,17,Chengalpattu,84,251,PS-CHE-B1,2026-05-14 07:30:38,SPECIAL_TASK_DRIVE,6,Unclassified / Suspicious Substance,PENDING_INVESTIGATION
POL-2026-01068,18,Tiruvallur,90,268,PS-TIR-B4,2026-06-23 00:37:24,SPECIAL_TASK_DRIVE,1,Commercial Ganja / Cannabis,PENDING_INVESTIGATION
POL-2026-01069,24,Nilgiris,120,359,PS-NIL-B4,2025-12-04 15:17:22,SEARCH_SEIZURE,6,Unclassified / Suspicious Substance,PENDING_INVESTIGATION
POL-2026-01070,7,Erode,35,104,PS-ERO-B2,2025-01-17 23:11:19,ROUTINE_BEAT_PATROL,1,Commercial Ganja / Cannabis,CASE_REGISTERED
POL-2026-01071,28,Pudukkottai,137,410,PS-PUD-B3,2025-07-21 06:01:32,SPECIAL_TASK_DRIVE,1,Commercial Ganja / Cannabis,CASE_REGISTERED
POL-2026-01072,3,Madurai,12,34,PS-MAD-B1,2024-12-11 00:10:36,ROUTINE_BEAT_PATROL,6,Unclassified / Suspicious Substance,CASE_REGISTERED
POL-2026-01073,36,Ranipet,178,533,PS-RAN-B3,2024-10-11 19:46:14,SEARCH_SEIZURE,4,Chemical Precursors / Ephedrine,ACTION_COMPLETED
POL-2026-01074,33,Thiruvarur,161,483,PS-THI-B4,2026-08-16 00:16:30,ROUTINE_BEAT_PATROL,3,Prescription Narcotics / Codeine / Alprazolam,ACTION_COMPLETED
POL-2026-01075,10,Krishnagiri,46,137,PS-KRI-B4,2024-12-24 12:27:05,SEARCH_SEIZURE,5,Opioid Analogues / Brown Sugar / Heroin,PENDING_INVESTIGATION
POL-2026-01076,38,Tiruvannamalai,187,561,PS-TIR-B1,2026-02-02 12:06:44,SEARCH_SEIZURE,5,Opioid Analogues / Brown Sugar / Heroin,ACTION_COMPLETED
POL-2026-01077,25,Karur,121,362,PS-KAR-B1,2025-11-04 03:49:14,ROUTINE_BEAT_PATROL,1,Commercial Ganja / Cannabis,ACTION_COMPLETED
POL-2026-01078,15,Tenkasi,72,215,PS-TEN-B4,2026-01-22 17:43:36,CHECKPOST_INTERCEPTION,3,Prescription Narcotics / Codeine / Alprazolam,CASE_REGISTERED
POL-2026-01079,23,Namakkal,114,340,PS-NAM-B3,2025-12-20 16:57:44,SPECIAL_TASK_DRIVE,6,Unclassified / Suspicious Substance,CASE_REGISTERED
POL-2026-01080,24,Nilgiris,120,360,PS-NIL-B3,2025-12-03 16:23:01,SPECIAL_TASK_DRIVE,6,Unclassified / Suspicious Substance,CASE_REGISTERED
POL-2026-01081,3,Madurai,13,39,PS-MAD-B1,2024-12-21 15:47:39,SEARCH_SEIZURE,5,Opioid Analogues / Brown Sugar / Heroin,ACTION_COMPLETED
POL-2026-01082,4,Salem,17,50,PS-SAL-B2,2024-12-16 12:22:23,SPECIAL_TASK_DRIVE,4,Chemical Precursors / Ephedrine,CASE_REGISTERED
POL-2026-01083,26,Ariyalur,128,384,PS-ARI-B1,2025-12-03 20:36:31,ROUTINE_BEAT_PATROL,6,Unclassified / Suspicious Substance,CASE_REGISTERED
POL-2026-01084,21,Kallakurichi,102,304,PS-KAL-B2,2026-05-07 12:52:49,ROUTINE_BEAT_PATROL,2,Synthetic Stimulants / MDMA / Meth,ACTION_COMPLETED
POL-2026-01085,5,Tiruchirappalli,25,74,PS-TIR-B4,2024-09-21 22:08:22,CHECKPOST_INTERCEPTION,6,Unclassified / Suspicious Substance,PENDING_INVESTIGATION
POL-2026-01086,7,Erode,31,93,PS-ERO-B2,2024-09-25 04:32:35,ROUTINE_BEAT_PATROL,2,Synthetic Stimulants / MDMA / Meth,PENDING_INVESTIGATION
POL-2026-01087,13,Thoothukudi,65,193,PS-THO-B4,2026-07-17 11:46:43,SEARCH_SEIZURE,6,Unclassified / Suspicious Substance,PENDING_INVESTIGATION
POL-2026-01088,30,Ramanathapuram,148,444,PS-RAM-B4,2025-01-15 16:00:18,SEARCH_SEIZURE,1,Commercial Ganja / Cannabis,CASE_REGISTERED
POL-2026-01089,17,Chengalpattu,85,253,PS-CHE-B1,2025-08-30 01:27:09,CHECKPOST_INTERCEPTION,1,Commercial Ganja / Cannabis,PENDING_INVESTIGATION
POL-2026-01090,12,Thanjavur,56,167,PS-THA-B4,2025-04-21 08:14:30,SEARCH_SEIZURE,1,Commercial Ganja / Cannabis,ACTION_COMPLETED
POL-2026-01091,36,Ranipet,177,530,PS-RAN-B1,2026-03-29 12:32:08,CHECKPOST_INTERCEPTION,4,Chemical Precursors / Ephedrine,PENDING_INVESTIGATION
POL-2026-01092,4,Salem,17,51,PS-SAL-B2,2024-10-26 02:30:38,SEARCH_SEIZURE,6,Unclassified / Suspicious Substance,CASE_REGISTERED
POL-2026-01093,35,Mayiladuthurai,173,519,PS-MAY-B4,2026-03-24 12:08:50,ROUTINE_BEAT_PATROL,4,Chemical Precursors / Ephedrine,PENDING_INVESTIGATION
POL-2026-01094,24,Nilgiris,117,349,PS-NIL-B3,2026-01-02 08:06:47,SPECIAL_TASK_DRIVE,6,Unclassified / Suspicious Substance,CASE_REGISTERED
POL-2026-01095,35,Mayiladuthurai,172,516,PS-MAY-B2,2026-06-05 04:39:43,ROUTINE_BEAT_PATROL,4,Chemical Precursors / Ephedrine,ACTION_COMPLETED
POL-2026-01096,35,Mayiladuthurai,173,518,PS-MAY-B4,2025-05-14 19:55:57,SPECIAL_TASK_DRIVE,3,Prescription Narcotics / Codeine / Alprazolam,ACTION_COMPLETED
POL-2026-01097,31,Virudhunagar,154,460,PS-VIR-B1,2026-03-31 08:37:46,SEARCH_SEIZURE,2,Synthetic Stimulants / MDMA / Meth,ACTION_COMPLETED
POL-2026-01098,1,Chennai,3,7,PS-CHE-B1,2025-06-04 13:42:15,SEARCH_SEIZURE,4,Chemical Precursors / Ephedrine,ACTION_COMPLETED
POL-2026-01099,32,Theni,157,471,PS-THE-B3,2025-09-11 16:48:37,CHECKPOST_INTERCEPTION,5,Opioid Analogues / Brown Sugar / Heroin,PENDING_INVESTIGATION
POL-2026-01100,36,Ranipet,177,529,PS-RAN-B2,2026-01-31 22:38:44,SEARCH_SEIZURE,1,Commercial Ganja / Cannabis,PENDING_INVESTIGATION
POL-2026-01101,32,Theni,159,476,PS-THE-B4,2024-10-14 01:12:42,CHECKPOST_INTERCEPTION,2,Synthetic Stimulants / MDMA / Meth,ACTION_COMPLETED
POL-2026-01102,30,Ramanathapuram,150,450,PS-RAM-B1,2025-12-25 20:44:03,CHECKPOST_INTERCEPTION,6,Unclassified / Suspicious Substance,CASE_REGISTERED
POL-2026-01103,13,Thoothukudi,64,191,PS-THO-B4,2025-08-24 11:36:49,SEARCH_SEIZURE,2,Synthetic Stimulants / MDMA / Meth,CASE_REGISTERED
POL-2026-01104,3,Madurai,11,32,PS-MAD-B4,2025-06-15 21:20:27,SPECIAL_TASK_DRIVE,6,Unclassified / Suspicious Substance,PENDING_INVESTIGATION
POL-2026-01105,14,Kanniyakumari,67,199,PS-KAN-B3,2026-01-11 11:39:41,ROUTINE_BEAT_PATROL,1,Commercial Ganja / Cannabis,ACTION_COMPLETED
POL-2026-01106,7,Erode,33,99,PS-ERO-B2,2025-07-26 03:50:15,CHECKPOST_INTERCEPTION,2,Synthetic Stimulants / MDMA / Meth,PENDING_INVESTIGATION
POL-2026-01107,35,Mayiladuthurai,171,512,PS-MAY-B3,2026-07-01 04:36:06,SEARCH_SEIZURE,2,Synthetic Stimulants / MDMA / Meth,CASE_REGISTERED
POL-2026-01108,13,Thoothukudi,65,195,PS-THO-B2,2025-02-19 18:08:13,SPECIAL_TASK_DRIVE,4,Chemical Precursors / Ephedrine,PENDING_INVESTIGATION
POL-2026-01109,26,Ariyalur,130,388,PS-ARI-B3,2025-11-13 15:39:40,SEARCH_SEIZURE,6,Unclassified / Suspicious Substance,PENDING_INVESTIGATION
POL-2026-01110,12,Thanjavur,56,168,PS-THA-B3,2025-04-27 11:42:12,CHECKPOST_INTERCEPTION,5,Opioid Analogues / Brown Sugar / Heroin,CASE_REGISTERED
POL-2026-01111,18,Tiruvallur,89,267,PS-TIR-B1,2024-12-28 15:36:41,SEARCH_SEIZURE,4,Chemical Precursors / Ephedrine,PENDING_INVESTIGATION
POL-2026-01112,17,Chengalpattu,84,252,PS-CHE-B4,2025-03-05 12:10:22,SEARCH_SEIZURE,6,Unclassified / Suspicious Substance,CASE_REGISTERED
POL-2026-01113,32,Theni,159,475,PS-THE-B1,2026-03-18 10:53:24,ROUTINE_BEAT_PATROL,4,Chemical Precursors / Ephedrine,ACTION_COMPLETED
POL-2026-01114,27,Perambalur,135,403,PS-PER-B2,2025-08-28 03:27:05,SEARCH_SEIZURE,1,Commercial Ganja / Cannabis,ACTION_COMPLETED
POL-2026-01115,19,Cuddalore,94,280,PS-CUD-B1,2025-06-02 06:49:56,ROUTINE_BEAT_PATROL,5,Opioid Analogues / Brown Sugar / Heroin,ACTION_COMPLETED
POL-2026-01116,38,Tiruvannamalai,189,567,PS-TIR-B4,2025-12-06 09:27:11,SPECIAL_TASK_DRIVE,4,Chemical Precursors / Ephedrine,PENDING_INVESTIGATION
POL-2026-01117,13,Thoothukudi,65,193,PS-THO-B3,2026-01-07 00:36:56,CHECKPOST_INTERCEPTION,6,Unclassified / Suspicious Substance,PENDING_INVESTIGATION
POL-2026-01118,7,Erode,35,105,PS-ERO-B3,2025-09-12 15:39:46,SEARCH_SEIZURE,5,Opioid Analogues / Brown Sugar / Heroin,ACTION_COMPLETED
POL-2026-01119,6,Tirunelveli,27,81,PS-TIR-B1,2025-06-19 06:25:39,CHECKPOST_INTERCEPTION,5,Opioid Analogues / Brown Sugar / Heroin,ACTION_COMPLETED
POL-2026-01120,32,Theni,160,479,PS-THE-B1,2026-03-01 20:39:10,SEARCH_SEIZURE,2,Synthetic Stimulants / MDMA / Meth,CASE_REGISTERED
POL-2026-01121,10,Krishnagiri,46,137,PS-KRI-B3,2026-04-10 08:25:01,SPECIAL_TASK_DRIVE,6,Unclassified / Suspicious Substance,PENDING_INVESTIGATION
POL-2026-01122,5,Tiruchirappalli,25,75,PS-TIR-B1,2025-01-14 00:49:21,CHECKPOST_INTERCEPTION,3,Prescription Narcotics / Codeine / Alprazolam,CASE_REGISTERED
POL-2026-01123,34,Nagapattinam,167,501,PS-NAG-B4,2026-06-04 00:42:39,SEARCH_SEIZURE,2,Synthetic Stimulants / MDMA / Meth,ACTION_COMPLETED
POL-2026-01124,16,Kancheepuram,80,238,PS-KAN-B2,2026-06-27 21:07:49,SEARCH_SEIZURE,2,Synthetic Stimulants / MDMA / Meth,PENDING_INVESTIGATION
POL-2026-01125,14,Kanniyakumari,67,199,PS-KAN-B1,2025-06-22 06:36:12,CHECKPOST_INTERCEPTION,2,Synthetic Stimulants / MDMA / Meth,PENDING_INVESTIGATION
POL-2026-01126,18,Tiruvallur,88,262,PS-TIR-B4,2025-01-11 06:22:33,ROUTINE_BEAT_PATROL,2,Synthetic Stimulants / MDMA / Meth,PENDING_INVESTIGATION
POL-2026-01127,38,Tiruvannamalai,187,559,PS-TIR-B4,2024-11-17 23:21:33,CHECKPOST_INTERCEPTION,4,Chemical Precursors / Ephedrine,ACTION_COMPLETED
POL-2026-01128,29,Sivaganga,145,434,PS-SIV-B3,2024-12-18 04:07:03,SEARCH_SEIZURE,2,Synthetic Stimulants / MDMA / Meth,PENDING_INVESTIGATION
POL-2026-01129,34,Nagapattinam,168,504,PS-NAG-B2,2025-10-09 15:47:14,CHECKPOST_INTERCEPTION,3,Prescription Narcotics / Codeine / Alprazolam,CASE_REGISTERED
POL-2026-01130,1,Chennai,2,5,PS-CHE-B1,2024-10-31 22:05:39,SPECIAL_TASK_DRIVE,3,Prescription Narcotics / Codeine / Alprazolam,CASE_REGISTERED
POL-2026-01131,10,Krishnagiri,47,139,PS-KRI-B2,2024-12-12 06:44:28,CHECKPOST_INTERCEPTION,4,Chemical Precursors / Ephedrine,CASE_REGISTERED
POL-2026-01132,33,Thiruvarur,164,491,PS-THI-B3,2026-02-17 18:47:00,CHECKPOST_INTERCEPTION,3,Prescription Narcotics / Codeine / Alprazolam,ACTION_COMPLETED
POL-2026-01133,31,Virudhunagar,155,464,PS-VIR-B2,2025-09-25 08:25:19,ROUTINE_BEAT_PATROL,3,Prescription Narcotics / Codeine / Alprazolam,ACTION_COMPLETED
POL-2026-01134,6,Tirunelveli,30,88,PS-TIR-B1,2025-07-11 23:24:03,SPECIAL_TASK_DRIVE,6,Unclassified / Suspicious Substance,CASE_REGISTERED
POL-2026-01135,32,Theni,156,467,PS-THE-B4,2025-04-16 21:54:02,ROUTINE_BEAT_PATROL,6,Unclassified / Suspicious Substance,PENDING_INVESTIGATION
POL-2026-01136,8,Tiruppur,37,109,PS-TIR-B1,2026-01-08 15:00:40,ROUTINE_BEAT_PATROL,6,Unclassified / Suspicious Substance,CASE_REGISTERED
POL-2026-01137,19,Cuddalore,91,271,PS-CUD-B3,2025-01-09 02:50:28,SEARCH_SEIZURE,5,Opioid Analogues / Brown Sugar / Heroin,ACTION_COMPLETED
POL-2026-01138,37,Tirupathur,184,550,PS-TIR-B1,2025-10-20 21:45:05,SPECIAL_TASK_DRIVE,5,Opioid Analogues / Brown Sugar / Heroin,CASE_REGISTERED
POL-2026-01139,28,Pudukkottai,137,409,PS-PUD-B1,2025-11-25 17:27:42,SPECIAL_TASK_DRIVE,1,Commercial Ganja / Cannabis,PENDING_INVESTIGATION
POL-2026-01140,24,Nilgiris,119,357,PS-NIL-B3,2025-06-27 03:56:39,SPECIAL_TASK_DRIVE,4,Chemical Precursors / Ephedrine,CASE_REGISTERED
POL-2026-01141,7,Erode,34,101,PS-ERO-B3,2026-05-29 12:21:45,SEARCH_SEIZURE,4,Chemical Precursors / Ephedrine,ACTION_COMPLETED
POL-2026-01142,4,Salem,20,60,PS-SAL-B1,2026-04-27 15:34:11,CHECKPOST_INTERCEPTION,1,Commercial Ganja / Cannabis,ACTION_COMPLETED
POL-2026-01143,33,Thiruvarur,164,491,PS-THI-B3,2025-03-07 13:52:15,ROUTINE_BEAT_PATROL,2,Synthetic Stimulants / MDMA / Meth,PENDING_INVESTIGATION
POL-2026-01144,13,Thoothukudi,64,190,PS-THO-B2,2025-06-29 04:08:17,CHECKPOST_INTERCEPTION,5,Opioid Analogues / Brown Sugar / Heroin,PENDING_INVESTIGATION
POL-2026-01145,15,Tenkasi,72,216,PS-TEN-B1,2025-06-13 03:15:43,SPECIAL_TASK_DRIVE,3,Prescription Narcotics / Codeine / Alprazolam,PENDING_INVESTIGATION
POL-2026-01146,21,Kallakurichi,101,302,PS-KAL-B2,2024-11-04 20:54:58,SPECIAL_TASK_DRIVE,4,Chemical Precursors / Ephedrine,PENDING_INVESTIGATION
POL-2026-01147,37,Tirupathur,181,541,PS-TIR-B1,2024-11-29 15:59:20,ROUTINE_BEAT_PATROL,1,Commercial Ganja / Cannabis,PENDING_INVESTIGATION
POL-2026-01148,27,Perambalur,134,401,PS-PER-B3,2025-11-13 21:39:31,SEARCH_SEIZURE,5,Opioid Analogues / Brown Sugar / Heroin,ACTION_COMPLETED
POL-2026-01149,31,Virudhunagar,151,452,PS-VIR-B1,2026-03-04 11:08:25,SEARCH_SEIZURE,3,Prescription Narcotics / Codeine / Alprazolam,ACTION_COMPLETED
POL-2026-01150,21,Kallakurichi,101,301,PS-KAL-B1,2025-12-03 10:30:13,SEARCH_SEIZURE,5,Opioid Analogues / Brown Sugar / Heroin,CASE_REGISTERED