citizen_report_id,anonymous_token,district_id,district_name,taluk_id,locality_id,locality_name,category_id,category_name,submitted_at,intake_channel,verification_status,is_first_time_signal
CIT-2026-00001,ANON-TOKEN-31C329B34C,27,Perambalur,131,393,Perambalur North Industrial Bypass,2,Synthetic Stimulants / MDMA / Meth,2026-06-09 21:17:22,MOBILE_APP,NEEDS_VERIFICATION,0
CIT-2026-00002,ANON-TOKEN-49BB9B9843,27,Perambalur,131,391,Perambalur North Market,1,Commercial Ganja / Cannabis,2026-01-12 20:36:07,WEB_PORTAL,DISMISSED,0
CIT-2026-00003,ANON-TOKEN-20067B2337,1,Chennai,3,7,Chennai East Market,5,Opioid Analogues / Brown Sugar / Heroin,2025-04-03 10:27:34,WEB_PORTAL,UNVERIFIED,0
CIT-2026-00004,ANON-TOKEN-0667093CCF,4,Salem,16,46,Salem North Market,3,Prescription Narcotics / Codeine / Alprazolam,2025-04-27 23:37:22,TOLL_FREE_IVR,CORROBORATED,0
CIT-2026-00005,ANON-TOKEN-125D21CB9C,18,Tiruvallur,90,270,Tiruvallur Central Industrial Bypass,3,Prescription Narcotics / Codeine / Alprazolam,2025-04-24 10:06:48,MOBILE_APP,UNVERIFIED,0
CIT-2026-00006,ANON-TOKEN-BBAE3CA2D1,33,Thiruvarur,161,481,Thiruvarur North Market,1,Commercial Ganja / Cannabis,2025-05-15 14:22:23,TOLL_FREE_IVR,DISMISSED,0
CIT-2026-00007,ANON-TOKEN-251AC6B374,32,Theni,157,470,Theni South Campus Zone,6,Unclassified / Suspicious Substance,2025-05-30 16:54:43,TOLL_FREE_IVR,DISMISSED,0
CIT-2026-00008,ANON-TOKEN-EAD2CC94B4,36,Ranipet,178,534,Ranipet East Industrial Bypass,5,Opioid Analogues / Brown Sugar / Heroin,2026-06-10 13:39:03,TOLL_FREE_IVR,NEEDS_VERIFICATION,0
CIT-2026-00009,ANON-TOKEN-5FB6537FE6,9,Vellore,43,128,Vellore East Campus Zone,6,Unclassified / Suspicious Substance,2026-02-07 13:43:37,BOT,UNVERIFIED,0
CIT-2026-00010,ANON-TOKEN-0BF660940F,21,Kallakurichi,101,302,Kallakurichi North Campus Zone,1,Commercial Ganja / Cannabis,2024-12-01 18:54:05,MOBILE_APP,CORROBORATED,0
CIT-2026-00011,ANON-TOKEN-763B69AA14,9,Vellore,41,121,Vellore North Market,1,Commercial Ganja / Cannabis,2026-02-26 09:13:08,TOLL_FREE_IVR,DISMISSED,0
CIT-2026-00012,ANON-TOKEN-8491025FA5,30,Ramanathapuram,150,450,Ramanathapuram Central Industrial Bypass,3,Prescription Narcotics / Codeine / Alprazolam,2026-04-14 09:10:50,WEB_PORTAL,NEEDS_VERIFICATION,0
CIT-2026-00013,ANON-TOKEN-D228B2EB7F,29,Sivaganga,142,426,Sivaganga South Industrial Bypass,4,Chemical Precursors / Ephedrine,2025-04-17 03:34:49,WEB_PORTAL,UNVERIFIED,0
CIT-2026-00014,ANON-TOKEN-A04EB3C090,8,Tiruppur,36,108,Tiruppur North Industrial Bypass,6,Unclassified / Suspicious Substance,2025-03-05 21:41:05,BOT,DISMISSED,0
CIT-2026-00015,ANON-TOKEN-86707300C0,3,Madurai,11,31,Madurai North Market,3,Prescription Narcotics / Codeine / Alprazolam,2026-04-17 07:24:23,TOLL_FREE_IVR,UNVERIFIED,0
CIT-2026-00016,ANON-TOKEN-FEA3A4DC5A,29,Sivaganga,141,421,Sivaganga North Market,2,Synthetic Stimulants / MDMA / Meth,2026-05-25 01:05:58,BOT,DISMISSED,0
CIT-2026-00017,ANON-TOKEN-2B8100EF53,3,Madurai,15,43,Madurai Central Market,3,Prescription Narcotics / Codeine / Alprazolam,2024-10-02 17:02:51,MOBILE_APP,DISMISSED,0
CIT-2026-00018,ANON-TOKEN-2CEF9A405E,26,Ariyalur,126,377,Ariyalur North Campus Zone,5,Opioid Analogues / Brown Sugar / Heroin,2026-06-27 03:39:53,WEB_PORTAL,DISMISSED,1
CIT-2026-00019,ANON-TOKEN-B08F9EAAA5,18,Tiruvallur,88,263,Tiruvallur East Campus Zone,6,Unclassified / Suspicious Substance,2025-07-24 02:42:00,BOT,NEEDS_VERIFICATION,0
CIT-2026-00020,ANON-TOKEN-E042F07E04,31,Virudhunagar,153,457,Virudhunagar East Market,3,Prescription Narcotics / Codeine / Alprazolam,2025-01-04 17:31:59,WEB_PORTAL,UNVERIFIED,0
CIT-2026-00021,ANON-TOKEN-9CA82740BD,8,Tiruppur,36,106,Tiruppur North Market,5,Opioid Analogues / Brown Sugar / Heroin,2025-03-07 20:34:14,BOT,NEEDS_VERIFICATION,0
CIT-2026-00022,ANON-TOKEN-CFAFD02195,30,Ramanathapuram,147,439,Ramanathapuram South Market,4,Chemical Precursors / Ephedrine,2026-06-01 07:49:13,MOBILE_APP,NEEDS_VERIFICATION,0
CIT-2026-00023,ANON-TOKEN-5DB074ED78,28,Pudukkottai,136,408,Pudukkottai North Industrial Bypass,5,Opioid Analogues / Brown Sugar / Heroin,2026-05-07 05:27:06,WEB_PORTAL,DISMISSED,0
CIT-2026-00024,ANON-TOKEN-9B707AD03A,19,Cuddalore,91,272,Cuddalore North Campus Zone,2,Synthetic Stimulants / MDMA / Meth,2026-05-26 15:02:42,WEB_PORTAL,NEEDS_VERIFICATION,0
CIT-2026-00025,ANON-TOKEN-5A4FF4D4D3,11,Dindigul,55,164,Dindigul Central Campus Zone,3,Prescription Narcotics / Codeine / Alprazolam,2025-06-11 23:43:18,TOLL_FREE_IVR,DISMISSED,1
CIT-2026-00026,ANON-TOKEN-6595E468D3,11,Dindigul,54,160,Dindigul West Market,3,Prescription Narcotics / Codeine / Alprazolam,2025-05-23 08:07:06,BOT,DISMISSED,0
CIT-2026-00027,ANON-TOKEN-1B11378396,7,Erode,31,91,Erode North Market,4,Chemical Precursors / Ephedrine,2025-05-01 02:06:11,MOBILE_APP,DISMISSED,0
CIT-2026-00028,ANON-TOKEN-4F1FA5BC4A,37,Tirupathur,185,555,Tirupathur Central Industrial Bypass,5,Opioid Analogues / Brown Sugar / Heroin,2024-11-29 23:30:17,BOT,NEEDS_VERIFICATION,0
CIT-2026-00029,ANON-TOKEN-34810A1042,27,Perambalur,131,391,Perambalur North Market,4,Chemical Precursors / Ephedrine,2025-11-08 16:04:30,BOT,DISMISSED,1
CIT-2026-00030,ANON-TOKEN-557072004E,25,Karur,121,361,Karur North Market,4,Chemical Precursors / Ephedrine,2024-10-08 10:38:54,MOBILE_APP,UNVERIFIED,0
CIT-2026-00031,ANON-TOKEN-5C0194FFE0,15,Tenkasi,74,221,Tenkasi West Campus Zone,1,Commercial Ganja / Cannabis,2026-07-10 23:52:27,MOBILE_APP,CORROBORATED,0
CIT-2026-00032,ANON-TOKEN-025ADB9047,5,Tiruchirappalli,24,70,Tiruchirappalli West Market,6,Unclassified / Suspicious Substance,2024-12-30 01:11:46,BOT,NEEDS_VERIFICATION,0
CIT-2026-00033,ANON-TOKEN-02FF6FBCE3,25,Karur,121,361,Karur North Market,2,Synthetic Stimulants / MDMA / Meth,2025-04-06 15:58:55,MOBILE_APP,CORROBORATED,0
CIT-2026-00034,ANON-TOKEN-F06037C6BB,1,Chennai,4,12,Chennai West Industrial Bypass,3,Prescription Narcotics / Codeine / Alprazolam,2026-04-20 23:16:16,WEB_PORTAL,UNVERIFIED,0
CIT-2026-00035,ANON-TOKEN-68E4664702,17,Chengalpattu,85,253,Chengalpattu Central Market,6,Unclassified / Suspicious Substance,2025-10-30 20:52:44,BOT,NEEDS_VERIFICATION,0
CIT-2026-00036,ANON-TOKEN-EE1F6A0D30,31,Virudhunagar,154,462,Virudhunagar West Industrial Bypass,4,Chemical Precursors / Ephedrine,2025-03-21 21:55:34,WEB_PORTAL,NEEDS_VERIFICATION,0
CIT-2026-00037,ANON-TOKEN-E7295ACB5B,7,Erode,35,103,Erode Central Market,4,Chemical Precursors / Ephedrine,2026-04-01 15:44:16,WEB_PORTAL,CORROBORATED,0
CIT-2026-00038,ANON-TOKEN-3923C71A4B,8,Tiruppur,38,112,Tiruppur East Market,5,Opioid Analogues / Brown Sugar / Heroin,2024-11-07 01:24:19,TOLL_FREE_IVR,NEEDS_VERIFICATION,0
CIT-2026-00039,ANON-TOKEN-59AA482415,1,Chennai,5,13,Chennai Central Market,6,Unclassified / Suspicious Substance,2025-09-22 01:59:22,BOT,CORROBORATED,0
CIT-2026-00040,ANON-TOKEN-7326CCB99C,34,Nagapattinam,166,496,Nagapattinam North Market,3,Prescription Narcotics / Codeine / Alprazolam,2025-04-24 04:36:02,MOBILE_APP,CORROBORATED,1
CIT-2026-00041,ANON-TOKEN-4B0BAF48BA,3,Madurai,12,36,Madurai South Industrial Bypass,5,Opioid Analogues / Brown Sugar / Heroin,2026-01-07 23:31:16,BOT,UNVERIFIED,0
CIT-2026-00042,ANON-TOKEN-0D0F387591,16,Kancheepuram,80,238,Kancheepuram Central Market,2,Synthetic Stimulants / MDMA / Meth,2026-01-20 09:16:26,WEB_PORTAL,NEEDS_VERIFICATION,0
CIT-2026-00043,ANON-TOKEN-66E4D50800,1,Chennai,3,7,Chennai East Market,6,Unclassified / Suspicious Substance,2026-08-05 20:23:08,BOT,DISMISSED,0
CIT-2026-00044,ANON-TOKEN-3E308C7333,17,Chengalpattu,83,248,Chengalpattu East Campus Zone,5,Opioid Analogues / Brown Sugar / Heroin,2025-04-20 17:25:13,BOT,CORROBORATED,1
CIT-2026-00045,ANON-TOKEN-727BA153E1,7,Erode,34,101,Erode West Campus Zone,4,Chemical Precursors / Ephedrine,2026-01-14 01:23:05,MOBILE_APP,DISMISSED,1
CIT-2026-00046,ANON-TOKEN-B36791C5D7,35,Mayiladuthurai,174,520,Mayiladuthurai West Market,1,Commercial Ganja / Cannabis,2026-01-27 22:42:40,BOT,NEEDS_VERIFICATION,1
CIT-2026-00047,ANON-TOKEN-60B68F38E5,28,Pudukkottai,137,410,Pudukkottai South Campus Zone,4,Chemical Precursors / Ephedrine,2025-12-20 21:35:00,TOLL_FREE_IVR,NEEDS_VERIFICATION,0
CIT-2026-00048,ANON-TOKEN-CA21BB1070,21,Kallakurichi,105,314,Kallakurichi Central Campus Zone,1,Commercial Ganja / Cannabis,2025-12-30 01:14:37,WEB_PORTAL,NEEDS_VERIFICATION,0
CIT-2026-00049,ANON-TOKEN-DF98781CD7,33,Thiruvarur,161,481,Thiruvarur North Market,6,Unclassified / Suspicious Substance,2024-11-07 05:23:55,WEB_PORTAL,CORROBORATED,0
CIT-2026-00050,ANON-TOKEN-770E606F8B,35,Mayiladuthurai,174,520,Mayiladuthurai West Market,1,Commercial Ganja / Cannabis,2026-03-18 15:21:39,TOLL_FREE_IVR,DISMISSED,0
CIT-2026-00051,ANON-TOKEN-F95DBB3658,19,Cuddalore,93,279,Cuddalore East Industrial Bypass,1,Commercial Ganja / Cannabis,2025-02-13 16:07:01,TOLL_FREE_IVR,DISMISSED,0
CIT-2026-00052,ANON-TOKEN-58390884C1,13,Thoothukudi,62,185,Thoothukudi South Campus Zone,4,Chemical Precursors / Ephedrine,2024-10-30 14:07:47,MOBILE_APP,DISMISSED,0
CIT-2026-00053,ANON-TOKEN-D317133B20,34,Nagapattinam,170,509,Nagapattinam Central Campus Zone,4,Chemical Precursors / Ephedrine,2026-06-19 07:05:59,BOT,DISMISSED,0
CIT-2026-00054,ANON-TOKEN-2D5B15DEA9,1,Chennai,3,7,Chennai East Market,2,Synthetic Stimulants / MDMA / Meth,2026-04-02 11:56:24,TOLL_FREE_IVR,UNVERIFIED,0
CIT-2026-00055,ANON-TOKEN-8689092324,38,Tiruvannamalai,188,564,Tiruvannamalai East Industrial Bypass,4,Chemical Precursors / Ephedrine,2025-11-10 23:29:45,WEB_PORTAL,CORROBORATED,0
CIT-2026-00056,ANON-TOKEN-84CB288B75,34,Nagapattinam,168,502,Nagapattinam East Market,4,Chemical Precursors / Ephedrine,2025-08-26 01:23:42,BOT,DISMISSED,0
CIT-2026-00057,ANON-TOKEN-E7592283B3,28,Pudukkottai,138,414,Pudukkottai East Industrial Bypass,4,Chemical Precursors / Ephedrine,2026-04-26 18:03:27,WEB_PORTAL,NEEDS_VERIFICATION,0
CIT-2026-00058,ANON-TOKEN-982234F013,24,Nilgiris,120,358,Nilgiris Central Market,3,Prescription Narcotics / Codeine / Alprazolam,2026-05-19 22:30:47,MOBILE_APP,NEEDS_VERIFICATION,1
CIT-2026-00059,ANON-TOKEN-A36A7A6441,30,Ramanathapuram,148,442,Ramanathapuram East Market,5,Opioid Analogues / Brown Sugar / Heroin,2025-12-27 00:12:29,WEB_PORTAL,NEEDS_VERIFICATION,0
CIT-2026-00060,ANON-TOKEN-5582652BAD,18,Tiruvallur,86,258,Tiruvallur North Industrial Bypass,3,Prescription Narcotics / Codeine / Alprazolam,2026-02-16 04:36:24,TOLL_FREE_IVR,DISMISSED,0
CIT-2026-00061,ANON-TOKEN-F2434CBF74,11,Dindigul,53,158,Dindigul East Campus Zone,5,Opioid Analogues / Brown Sugar / Heroin,2025-01-16 16:27:23,BOT,CORROBORATED,0
CIT-2026-00062,ANON-TOKEN-AF5B3B4260,36,Ranipet,178,534,Ranipet East Industrial Bypass,4,Chemical Precursors / Ephedrine,2025-05-30 02:26:41,WEB_PORTAL,NEEDS_VERIFICATION,0
CIT-2026-00063,ANON-TOKEN-E32A98D5FD,2,Coimbatore,9,27,Coimbatore West Industrial Bypass,6,Unclassified / Suspicious Substance,2026-03-29 20:58:46,BOT,UNVERIFIED,0
CIT-2026-00064,ANON-TOKEN-A7DF2E6722,27,Perambalur,133,397,Perambalur East Market,4,Chemical Precursors / Ephedrine,2024-12-15 17:50:56,TOLL_FREE_IVR,UNVERIFIED,0
CIT-2026-00065,ANON-TOKEN-408C92560A,37,Tirupathur,182,545,Tirupathur South Campus Zone,4,Chemical Precursors / Ephedrine,2024-09-21 15:32:00,BOT,CORROBORATED,0
CIT-2026-00066,ANON-TOKEN-B11D03D6DB,20,Viluppuram,97,291,Viluppuram South Industrial Bypass,1,Commercial Ganja / Cannabis,2026-06-10 23:12:27,MOBILE_APP,UNVERIFIED,0
CIT-2026-00067,ANON-TOKEN-1058982C7D,21,Kallakurichi,105,313,Kallakurichi Central Market,6,Unclassified / Suspicious Substance,2025-03-18 08:43:07,WEB_PORTAL,DISMISSED,0
CIT-2026-00068,ANON-TOKEN-73239EA489,13,Thoothukudi,63,187,Thoothukudi East Market,5,Opioid Analogues / Brown Sugar / Heroin,2025-07-10 22:45:20,TOLL_FREE_IVR,NEEDS_VERIFICATION,0
CIT-2026-00069,ANON-TOKEN-F5E749DD55,31,Virudhunagar,155,464,Virudhunagar Central Campus Zone,4,Chemical Precursors / Ephedrine,2024-12-20 21:36:31,BOT,UNVERIFIED,0
CIT-2026-00070,ANON-TOKEN-08FC3B2230,20,Viluppuram,100,299,Viluppuram Central Campus Zone,2,Synthetic Stimulants / MDMA / Meth,2025-09-30 16:00:31,WEB_PORTAL,NEEDS_VERIFICATION,0
CIT-2026-00071,ANON-TOKEN-7F8C12CB17,32,Theni,160,480,Theni Central Industrial Bypass,1,Commercial Ganja / Cannabis,2026-06-02 08:29:48,TOLL_FREE_IVR,DISMISSED,0
CIT-2026-00072,ANON-TOKEN-A015BBBB3C,35,Mayiladuthurai,172,516,Mayiladuthurai South Industrial Bypass,3,Prescription Narcotics / Codeine / Alprazolam,2025-12-29 05:51:45,BOT,NEEDS_VERIFICATION,0
CIT-2026-00073,ANON-TOKEN-2148D7890B,18,Tiruvallur,86,257,Tiruvallur North Campus Zone,1,Commercial Ganja / Cannabis,2025-05-22 03:52:02,WEB_PORTAL,NEEDS_VERIFICATION,0
CIT-2026-00074,ANON-TOKEN-8B1D05558B,19,Cuddalore,93,277,Cuddalore East Market,1,Commercial Ganja / Cannabis,2025-06-05 15:51:47,MOBILE_APP,UNVERIFIED,0
CIT-2026-00075,ANON-TOKEN-4760994135,22,Dharmapuri,108,323,Dharmapuri East Campus Zone,1,Commercial Ganja / Cannabis,2025-06-10 03:39:20,BOT,DISMISSED,0
CIT-2026-00076,ANON-TOKEN-6EBFAAAC57,8,Tiruppur,39,115,Tiruppur West Market,2,Synthetic Stimulants / MDMA / Meth,2026-08-16 08:58:12,BOT,DISMISSED,0
CIT-2026-00077,ANON-TOKEN-DBEFD02354,19,Cuddalore,91,273,Cuddalore North Industrial Bypass,1,Commercial Ganja / Cannabis,2026-04-25 13:12:14,WEB_PORTAL,CORROBORATED,0
CIT-2026-00078,ANON-TOKEN-CE259EBD00,28,Pudukkottai,136,408,Pudukkottai North Industrial Bypass,1,Commercial Ganja / Cannabis,2024-12-24 08:24:12,WEB_PORTAL,UNVERIFIED,0
CIT-2026-00079,ANON-TOKEN-7186C03054,1,Chennai,1,2,Chennai North Campus Zone,6,Unclassified / Suspicious Substance,2025-10-21 18:28:20,MOBILE_APP,UNVERIFIED,0
CIT-2026-00080,ANON-TOKEN-FE44B51AE2,27,Perambalur,134,400,Perambalur West Market,4,Chemical Precursors / Ephedrine,2025-12-30 12:34:17,WEB_PORTAL,UNVERIFIED,0
CIT-2026-00081,ANON-TOKEN-CA2EF6830D,6,Tirunelveli,28,84,Tirunelveli East Industrial Bypass,2,Synthetic Stimulants / MDMA / Meth,2024-12-22 23:22:39,MOBILE_APP,DISMISSED,0
CIT-2026-00082,ANON-TOKEN-8BF4E3FEE0,28,Pudukkottai,137,410,Pudukkottai South Campus Zone,2,Synthetic Stimulants / MDMA / Meth,2025-07-21 11:54:29,TOLL_FREE_IVR,UNVERIFIED,0
CIT-2026-00083,ANON-TOKEN-CB89D5F602,3,Madurai,13,39,Madurai East Industrial Bypass,3,Prescription Narcotics / Codeine / Alprazolam,2024-12-19 03:50:07,MOBILE_APP,DISMISSED,0
CIT-2026-00084,ANON-TOKEN-15CBCF1646,22,Dharmapuri,107,321,Dharmapuri South Industrial Bypass,3,Prescription Narcotics / Codeine / Alprazolam,2026-01-10 19:56:45,WEB_PORTAL,DISMISSED,0
CIT-2026-00085,ANON-TOKEN-84EEADCE49,24,Nilgiris,117,351,Nilgiris South Industrial Bypass,5,Opioid Analogues / Brown Sugar / Heroin,2025-04-17 10:48:13,BOT,NEEDS_VERIFICATION,0
CIT-2026-00086,ANON-TOKEN-1771283E30,32,Theni,156,466,Theni North Market,2,Synthetic Stimulants / MDMA / Meth,2026-08-16 05:07:41,MOBILE_APP,NEEDS_VERIFICATION,0
CIT-2026-00087,ANON-TOKEN-81BBACC89A,17,Chengalpattu,85,253,Chengalpattu Central Market,6,Unclassified / Suspicious Substance,2024-10-28 11:08:15,BOT,UNVERIFIED,0
CIT-2026-00088,ANON-TOKEN-233C13F66C,29,Sivaganga,143,427,Sivaganga East Market,4,Chemical Precursors / Ephedrine,2026-03-11 08:26:51,TOLL_FREE_IVR,UNVERIFIED,0
CIT-2026-00089,ANON-TOKEN-4F4CB9D198,5,Tiruchirappalli,24,72,Tiruchirappalli West Industrial Bypass,1,Commercial Ganja / Cannabis,2025-08-24 06:20:18,TOLL_FREE_IVR,DISMISSED,0
CIT-2026-00090,ANON-TOKEN-78F62C32B0,19,Cuddalore,95,284,Cuddalore Central Campus Zone,5,Opioid Analogues / Brown Sugar / Heroin,2026-02-15 22:24:09,BOT,CORROBORATED,0
CIT-2026-00091,ANON-TOKEN-4117F3CB32,6,Tirunelveli,27,80,Tirunelveli South Campus Zone,4,Chemical Precursors / Ephedrine,2025-11-11 16:32:03,TOLL_FREE_IVR,NEEDS_VERIFICATION,0
CIT-2026-00092,ANON-TOKEN-255ED5B600,13,Thoothukudi,65,193,Thoothukudi Central Market,6,Unclassified / Suspicious Substance,2024-10-09 05:56:28,TOLL_FREE_IVR,UNVERIFIED,0
CIT-2026-00093,ANON-TOKEN-159C813737,20,Viluppuram,97,289,Viluppuram South Market,5,Opioid Analogues / Brown Sugar / Heroin,2025-08-01 06:38:17,WEB_PORTAL,NEEDS_VERIFICATION,0
CIT-2026-00094,ANON-TOKEN-386A2E1AD9,12,Thanjavur,58,172,Thanjavur East Market,5,Opioid Analogues / Brown Sugar / Heroin,2024-09-24 21:59:02,BOT,NEEDS_VERIFICATION,0
CIT-2026-00095,ANON-TOKEN-72B51BFEB3,33,Thiruvarur,163,487,Thiruvarur East Market,1,Commercial Ganja / Cannabis,2026-02-17 02:20:36,WEB_PORTAL,NEEDS_VERIFICATION,0
CIT-2026-00096,ANON-TOKEN-F7642A7729,29,Sivaganga,143,429,Sivaganga East Industrial Bypass,3,Prescription Narcotics / Codeine / Alprazolam,2025-03-13 18:26:30,WEB_PORTAL,DISMISSED,0
CIT-2026-00097,ANON-TOKEN-24D5F9C65B,24,Nilgiris,118,352,Nilgiris East Market,4,Chemical Precursors / Ephedrine,2025-10-06 11:03:49,WEB_PORTAL,UNVERIFIED,0
CIT-2026-00098,ANON-TOKEN-F2BC248316,1,Chennai,3,9,Chennai East Industrial Bypass,5,Opioid Analogues / Brown Sugar / Heroin,2025-07-27 23:12:12,WEB_PORTAL,CORROBORATED,0
CIT-2026-00099,ANON-TOKEN-4ED8A8A835,10,Krishnagiri,50,149,Krishnagiri Central Campus Zone,6,Unclassified / Suspicious Substance,2024-10-24 04:57:03,BOT,DISMISSED,0
CIT-2026-00100,ANON-TOKEN-5306FB57A1,34,Nagapattinam,166,497,Nagapattinam North Campus Zone,3,Prescription Narcotics / Codeine / Alprazolam,2025-03-22 18:41:26,BOT,UNVERIFIED,0
CIT-2026-00101,ANON-TOKEN-86527E2F9F,3,Madurai,15,44,Madurai Central Campus Zone,6,Unclassified / Suspicious Substance,2024-09-30 09:32:46,TOLL_FREE_IVR,UNVERIFIED,0
CIT-2026-00102,ANON-TOKEN-38EB82A9E3,3,Madurai,14,40,Madurai West Market,2,Synthetic Stimulants / MDMA / Meth,2026-05-17 12:29:54,BOT,CORROBORATED,0
CIT-2026-00103,ANON-TOKEN-92376CD6CD,6,Tirunelveli,26,78,Tirunelveli North Industrial Bypass,6,Unclassified / Suspicious Substance,2025-10-26 22:16:31,MOBILE_APP,CORROBORATED,0
CIT-2026-00104,ANON-TOKEN-A354ECE1CA,2,Coimbatore,7,20,Coimbatore South Campus Zone,4,Chemical Precursors / Ephedrine,2026-04-22 16:06:25,WEB_PORTAL,CORROBORATED,0
CIT-2026-00105,ANON-TOKEN-887BE1E800,38,Tiruvannamalai,189,566,Tiruvannamalai West Campus Zone,4,Chemical Precursors / Ephedrine,2025-07-09 07:47:24,WEB_PORTAL,UNVERIFIED,1
CIT-2026-00106,ANON-TOKEN-DF1629E5A5,37,Tirupathur,185,555,Tirupathur Central Industrial Bypass,4,Chemical Precursors / Ephedrine,2026-07-01 06:16:18,BOT,UNVERIFIED,0
CIT-2026-00107,ANON-TOKEN-5AF4B31D89,17,Chengalpattu,83,248,Chengalpattu East Campus Zone,4,Chemical Precursors / Ephedrine,2026-03-03 11:16:02,BOT,UNVERIFIED,0
CIT-2026-00108,ANON-TOKEN-54C38A2035,36,Ranipet,180,539,Ranipet Central Campus Zone,1,Commercial Ganja / Cannabis,2025-01-18 01:52:02,WEB_PORTAL,CORROBORATED,0
CIT-2026-00109,ANON-TOKEN-4D46E85737,6,Tirunelveli,30,88,Tirunelveli Central Market,1,Commercial Ganja / Cannabis,2025-08-05 03:58:42,WEB_PORTAL,NEEDS_VERIFICATION,0
CIT-2026-00110,ANON-TOKEN-1B186B5E68,17,Chengalpattu,82,244,Chengalpattu South Market,5,Opioid Analogues / Brown Sugar / Heroin,2025-06-07 11:02:48,TOLL_FREE_IVR,DISMISSED,1
CIT-2026-00111,ANON-TOKEN-9A3B34D775,34,Nagapattinam,166,498,Nagapattinam North Industrial Bypass,5,Opioid Analogues / Brown Sugar / Heroin,2026-08-04 06:48:15,BOT,NEEDS_VERIFICATION,0
CIT-2026-00112,ANON-TOKEN-E35F7F155C,3,Madurai,14,41,Madurai West Campus Zone,6,Unclassified / Suspicious Substance,2026-07-19 01:59:47,MOBILE_APP,NEEDS_VERIFICATION,0
CIT-2026-00113,ANON-TOKEN-13EBF2CFDF,21,Kallakurichi,101,303,Kallakurichi North Industrial Bypass,1,Commercial Ganja / Cannabis,2026-07-20 09:31:06,WEB_PORTAL,UNVERIFIED,0
CIT-2026-00114,ANON-TOKEN-4C3C617C00,4,Salem,16,48,Salem North Industrial Bypass,4,Chemical Precursors / Ephedrine,2026-01-24 12:29:12,MOBILE_APP,UNVERIFIED,0
CIT-2026-00115,ANON-TOKEN-3C5427EDD0,14,Kanniyakumari,67,199,Kanniyakumari South Market,1,Commercial Ganja / Cannabis,2025-03-03 15:26:34,BOT,UNVERIFIED,0
CIT-2026-00116,ANON-TOKEN-4BFAD2EFA8,24,Nilgiris,119,356,Nilgiris West Campus Zone,2,Synthetic Stimulants / MDMA / Meth,2025-12-03 22:09:22,WEB_PORTAL,DISMISSED,0
CIT-2026-00117,ANON-TOKEN-1AB1882336,4,Salem,20,59,Salem Central Campus Zone,2,Synthetic Stimulants / MDMA / Meth,2025-05-28 04:28:06,WEB_PORTAL,UNVERIFIED,0
CIT-2026-00118,ANON-TOKEN-D035477608,3,Madurai,12,35,Madurai South Campus Zone,4,Chemical Precursors / Ephedrine,2025-06-18 02:44:26,TOLL_FREE_IVR,NEEDS_VERIFICATION,0
CIT-2026-00119,ANON-TOKEN-DC29DA8BD0,8,Tiruppur,36,107,Tiruppur North Campus Zone,4,Chemical Precursors / Ephedrine,2026-07-11 00:10:43,MOBILE_APP,CORROBORATED,0
CIT-2026-00120,ANON-TOKEN-E786D6DC8D,26,Ariyalur,128,382,Ariyalur East Market,1,Commercial Ganja / Cannabis,2026-08-08 17:37:45,BOT,UNVERIFIED,0
CIT-2026-00121,ANON-TOKEN-8291548B67,25,Karur,123,367,Karur East Market,2,Synthetic Stimulants / MDMA / Meth,2025-03-24 15:24:52,MOBILE_APP,DISMISSED,0
CIT-2026-00122,ANON-TOKEN-7863F87BBE,31,Virudhunagar,154,460,Virudhunagar West Market,4,Chemical Precursors / Ephedrine,2025-08-16 00:09:07,WEB_PORTAL,NEEDS_VERIFICATION,1
CIT-2026-00123,ANON-TOKEN-9B37F9CBD2,14,Kanniyakumari,70,209,Kanniyakumari Central Campus Zone,3,Prescription Narcotics / Codeine / Alprazolam,2025-12-14 09:52:18,MOBILE_APP,CORROBORATED,0
CIT-2026-00124,ANON-TOKEN-3D6C169301,5,Tiruchirappalli,25,73,Tiruchirappalli Central Market,3,Prescription Narcotics / Codeine / Alprazolam,2026-02-23 05:26:19,MOBILE_APP,CORROBORATED,0
CIT-2026-00125,ANON-TOKEN-6DDB1F67EA,7,Erode,33,97,Erode East Market,4,Chemical Precursors / Ephedrine,2025-04-14 15:47:00,WEB_PORTAL,DISMISSED,0
CIT-2026-00126,ANON-TOKEN-9F8A37F236,16,Kancheepuram,78,233,Kancheepuram East Campus Zone,5,Opioid Analogues / Brown Sugar / Heroin,2026-06-16 13:09:46,TOLL_FREE_IVR,CORROBORATED,0
CIT-2026-00127,ANON-TOKEN-6DF11AE3B3,17,Chengalpattu,83,247,Chengalpattu East Market,2,Synthetic Stimulants / MDMA / Meth,2025-03-06 18:41:02,MOBILE_APP,UNVERIFIED,0
CIT-2026-00128,ANON-TOKEN-4746CAE03D,6,Tirunelveli,29,85,Tirunelveli West Market,6,Unclassified / Suspicious Substance,2025-07-19 15:21:35,MOBILE_APP,NEEDS_VERIFICATION,0
CIT-2026-00129,ANON-TOKEN-E1E9E1A393,17,Chengalpattu,83,249,Chengalpattu East Industrial Bypass,6,Unclassified / Suspicious Substance,2025-06-23 01:06:32,MOBILE_APP,NEEDS_VERIFICATION,0
CIT-2026-00130,ANON-TOKEN-22A29E0A35,11,Dindigul,52,154,Dindigul South Market,2,Synthetic Stimulants / MDMA / Meth,2025-04-03 23:56:40,TOLL_FREE_IVR,NEEDS_VERIFICATION,0
CIT-2026-00131,ANON-TOKEN-CEDC254F47,38,Tiruvannamalai,189,566,Tiruvannamalai West Campus Zone,3,Prescription Narcotics / Codeine / Alprazolam,2026-07-14 05:51:46,BOT,CORROBORATED,0
CIT-2026-00132,ANON-TOKEN-ADC6D978AE,14,Kanniyakumari,66,196,Kanniyakumari North Market,6,Unclassified / Suspicious Substance,2024-09-27 08:05:31,WEB_PORTAL,NEEDS_VERIFICATION,0
CIT-2026-00133,ANON-TOKEN-E9BA6C3528,12,Thanjavur,58,173,Thanjavur East Campus Zone,3,Prescription Narcotics / Codeine / Alprazolam,2025-06-20 03:06:29,TOLL_FREE_IVR,NEEDS_VERIFICATION,0
CIT-2026-00134,ANON-TOKEN-764BF403B1,15,Tenkasi,71,213,Tenkasi North Industrial Bypass,3,Prescription Narcotics / Codeine / Alprazolam,2025-03-03 02:05:09,WEB_PORTAL,CORROBORATED,0
CIT-2026-00135,ANON-TOKEN-A4F85FFA3C,36,Ranipet,179,537,Ranipet West Industrial Bypass,6,Unclassified / Suspicious Substance,2025-03-25 19:12:22,WEB_PORTAL,NEEDS_VERIFICATION,0
CIT-2026-00136,ANON-TOKEN-B976528D07,36,Ranipet,180,539,Ranipet Central Campus Zone,4,Chemical Precursors / Ephedrine,2024-12-13 05:41:02,WEB_PORTAL,DISMISSED,0
CIT-2026-00137,ANON-TOKEN-F8440A2F27,16,Kancheepuram,80,238,Kancheepuram Central Market,1,Commercial Ganja / Cannabis,2026-03-01 12:27:15,BOT,NEEDS_VERIFICATION,0
CIT-2026-00138,ANON-TOKEN-E9AD7FEA05,12,Thanjavur,57,171,Thanjavur South Industrial Bypass,6,Unclassified / Suspicious Substance,2024-12-01 10:50:00,TOLL_FREE_IVR,CORROBORATED,0
CIT-2026-00139,ANON-TOKEN-23FFD31233,13,Thoothukudi,61,183,Thoothukudi North Industrial Bypass,3,Prescription Narcotics / Codeine / Alprazolam,2026-01-01 00:04:58,WEB_PORTAL,DISMISSED,0
CIT-2026-00140,ANON-TOKEN-91C044F60F,3,Madurai,12,36,Madurai South Industrial Bypass,2,Synthetic Stimulants / MDMA / Meth,2025-08-28 05:15:42,TOLL_FREE_IVR,UNVERIFIED,0
CIT-2026-00141,ANON-TOKEN-773B821248,15,Tenkasi,72,215,Tenkasi South Campus Zone,4,Chemical Precursors / Ephedrine,2025-09-24 23:28:26,TOLL_FREE_IVR,UNVERIFIED,0
CIT-2026-00142,ANON-TOKEN-F994D94B2B,12,Thanjavur,60,179,Thanjavur Central Campus Zone,5,Opioid Analogues / Brown Sugar / Heroin,2025-09-17 07:06:54,MOBILE_APP,DISMISSED,0
CIT-2026-00143,ANON-TOKEN-5F69434C44,32,Theni,156,466,Theni North Market,2,Synthetic Stimulants / MDMA / Meth,2025-10-10 08:52:07,WEB_PORTAL,UNVERIFIED,0
CIT-2026-00144,ANON-TOKEN-42D00A3CB5,27,Perambalur,132,396,Perambalur South Industrial Bypass,5,Opioid Analogues / Brown Sugar / Heroin,2025-05-30 13:20:45,TOLL_FREE_IVR,NEEDS_VERIFICATION,0
CIT-2026-00145,ANON-TOKEN-559BAFEF70,12,Thanjavur,60,180,Thanjavur Central Industrial Bypass,2,Synthetic Stimulants / MDMA / Meth,2025-01-07 15:52:00,WEB_PORTAL,NEEDS_VERIFICATION,0
CIT-2026-00146,ANON-TOKEN-478C373464,28,Pudukkottai,137,409,Pudukkottai South Market,5,Opioid Analogues / Brown Sugar / Heroin,2025-05-17 18:19:31,MOBILE_APP,DISMISSED,0
CIT-2026-00147,ANON-TOKEN-D8123054DD,12,Thanjavur,56,167,Thanjavur North Campus Zone,1,Commercial Ganja / Cannabis,2025-04-03 22:21:51,TOLL_FREE_IVR,CORROBORATED,0
CIT-2026-00148,ANON-TOKEN-D07E5A7A9F,37,Tirupathur,184,551,Tirupathur West Campus Zone,2,Synthetic Stimulants / MDMA / Meth,2024-10-25 01:19:50,WEB_PORTAL,UNVERIFIED,0
CIT-2026-00149,ANON-TOKEN-5CE254F894,32,Theni,160,478,Theni Central Market,2,Synthetic Stimulants / MDMA / Meth,2026-06-17 12:46:48,TOLL_FREE_IVR,DISMISSED,0
CIT-2026-00150,ANON-TOKEN-7226D323CA,14,Kanniyakumari,66,196,Kanniyakumari North Market,6,Unclassified / Suspicious Substance,2025-10-25 19:35:03,BOT,NEEDS_VERIFICATION,0
CIT-2026-00151,ANON-TOKEN-3E979AFB42,1,Chennai,3,9,Chennai East Industrial Bypass,3,Prescription Narcotics / Codeine / Alprazolam,2026-02-24 20:28:45,TOLL_FREE_IVR,DISMISSED,0
CIT-2026-00152,ANON-TOKEN-6BCA19E885,6,Tirunelveli,29,85,Tirunelveli West Market,2,Synthetic Stimulants / MDMA / Meth,2025-10-31 18:20:14,TOLL_FREE_IVR,DISMISSED,0
CIT-2026-00153,ANON-TOKEN-01048E9B98,11,Dindigul,54,160,Dindigul West Market,1,Commercial Ganja / Cannabis,2024-12-14 10:04:29,BOT,NEEDS_VERIFICATION,0
CIT-2026-00154,ANON-TOKEN-D605556DB7,22,Dharmapuri,108,324,Dharmapuri East Industrial Bypass,5,Opioid Analogues / Brown Sugar / Heroin,2026-01-29 22:15:51,WEB_PORTAL,CORROBORATED,0
CIT-2026-00155,ANON-TOKEN-039C5CB41D,24,Nilgiris,116,346,Nilgiris North Market,5,Opioid Analogues / Brown Sugar / Heroin,2025-07-31 11:19:30,MOBILE_APP,CORROBORATED,0
CIT-2026-00156,ANON-TOKEN-66789A4431,35,Mayiladuthurai,175,524,Mayiladuthurai Central Campus Zone,2,Synthetic Stimulants / MDMA / Meth,2024-11-30 15:53:33,MOBILE_APP,CORROBORATED,0
CIT-2026-00157,ANON-TOKEN-8B9F779760,31,Virudhunagar,154,462,Virudhunagar West Industrial Bypass,4,Chemical Precursors / Ephedrine,2026-04-02 05:07:04,TOLL_FREE_IVR,NEEDS_VERIFICATION,0
CIT-2026-00158,ANON-TOKEN-08BB6D0A71,34,Nagapattinam,168,503,Nagapattinam East Campus Zone,4,Chemical Precursors / Ephedrine,2026-01-20 23:41:28,WEB_PORTAL,CORROBORATED,0
CIT-2026-00159,ANON-TOKEN-D9CA4994AB,13,Thoothukudi,61,183,Thoothukudi North Industrial Bypass,2,Synthetic Stimulants / MDMA / Meth,2026-04-18 01:10:20,TOLL_FREE_IVR,CORROBORATED,0
CIT-2026-00160,ANON-TOKEN-B9B8840E3D,31,Virudhunagar,155,465,Virudhunagar Central Industrial Bypass,4,Chemical Precursors / Ephedrine,2026-08-01 23:07:49,MOBILE_APP,UNVERIFIED,1
CIT-2026-00161,ANON-TOKEN-D89FCF18B0,4,Salem,19,55,Salem West Market,5,Opioid Analogues / Brown Sugar / Heroin,2026-02-03 12:16:54,BOT,NEEDS_VERIFICATION,0
CIT-2026-00162,ANON-TOKEN-EA0D40E1BB,31,Virudhunagar,155,465,Virudhunagar Central Industrial Bypass,2,Synthetic Stimulants / MDMA / Meth,2025-02-28 23:36:21,BOT,NEEDS_VERIFICATION,0
CIT-2026-00163,ANON-TOKEN-2F19E511C3,14,Kanniyakumari,69,207,Kanniyakumari West Industrial Bypass,1,Commercial Ganja / Cannabis,2025-12-24 18:14:15,TOLL_FREE_IVR,UNVERIFIED,0
CIT-2026-00164,ANON-TOKEN-3D2A8CFE87,23,Namakkal,113,337,Namakkal East Market,5,Opioid Analogues / Brown Sugar / Heroin,2025-05-17 23:26:19,WEB_PORTAL,CORROBORATED,0
CIT-2026-00165,ANON-TOKEN-391123DAFA,20,Viluppuram,97,290,Viluppuram South Campus Zone,3,Prescription Narcotics / Codeine / Alprazolam,2025-04-15 20:10:24,BOT,DISMISSED,0
CIT-2026-00166,ANON-TOKEN-A03A87C44C,12,Thanjavur,57,171,Thanjavur South Industrial Bypass,6,Unclassified / Suspicious Substance,2025-12-13 02:00:28,MOBILE_APP,CORROBORATED,0
CIT-2026-00167,ANON-TOKEN-701727193C,10,Krishnagiri,48,143,Krishnagiri East Campus Zone,3,Prescription Narcotics / Codeine / Alprazolam,2026-06-05 20:35:19,BOT,CORROBORATED,0
CIT-2026-00168,ANON-TOKEN-8BA5C400B8,12,Thanjavur,59,176,Thanjavur West Campus Zone,3,Prescription Narcotics / Codeine / Alprazolam,2026-07-16 08:41:48,TOLL_FREE_IVR,UNVERIFIED,0
CIT-2026-00169,ANON-TOKEN-7D10C6E3EC,38,Tiruvannamalai,188,562,Tiruvannamalai East Market,4,Chemical Precursors / Ephedrine,2025-09-15 00:28:44,TOLL_FREE_IVR,NEEDS_VERIFICATION,0
CIT-2026-00170,ANON-TOKEN-4986836BCE,27,Perambalur,132,396,Perambalur South Industrial Bypass,2,Synthetic Stimulants / MDMA / Meth,2025-07-31 17:55:53,WEB_PORTAL,UNVERIFIED,0
CIT-2026-00171,ANON-TOKEN-A855636D55,37,Tirupathur,184,550,Tirupathur West Market,2,Synthetic Stimulants / MDMA / Meth,2024-10-11 06:14:40,MOBILE_APP,DISMISSED,0
CIT-2026-00172,ANON-TOKEN-8BE8DCD7D7,13,Thoothukudi,64,191,Thoothukudi West Campus Zone,2,Synthetic Stimulants / MDMA / Meth,2026-02-11 22:57:32,MOBILE_APP,CORROBORATED,0
CIT-2026-00173,ANON-TOKEN-98B9B1E37A,4,Salem,19,57,Salem West Industrial Bypass,2,Synthetic Stimulants / MDMA / Meth,2025-06-28 12:33:23,BOT,CORROBORATED,0
CIT-2026-00174,ANON-TOKEN-651E144ACD,14,Kanniyakumari,66,196,Kanniyakumari North Market,3,Prescription Narcotics / Codeine / Alprazolam,2025-07-25 10:40:33,WEB_PORTAL,CORROBORATED,0
CIT-2026-00175,ANON-TOKEN-439674C6AB,37,Tirupathur,183,547,Tirupathur East Market,3,Prescription Narcotics / Codeine / Alprazolam,2024-10-19 12:12:04,BOT,UNVERIFIED,0
CIT-2026-00176,ANON-TOKEN-63BC6DFD0C,9,Vellore,41,121,Vellore North Market,2,Synthetic Stimulants / MDMA / Meth,2026-04-24 07:22:48,MOBILE_APP,UNVERIFIED,0
CIT-2026-00177,ANON-TOKEN-13B1DD2FBD,2,Coimbatore,9,27,Coimbatore West Industrial Bypass,1,Commercial Ganja / Cannabis,2025-05-30 13:44:46,MOBILE_APP,CORROBORATED,0
CIT-2026-00178,ANON-TOKEN-F2F080587D,7,Erode,32,94,Erode South Market,4,Chemical Precursors / Ephedrine,2025-08-09 19:16:53,TOLL_FREE_IVR,UNVERIFIED,0
CIT-2026-00179,ANON-TOKEN-6B71CA6A10,29,Sivaganga,141,423,Sivaganga North Industrial Bypass,5,Opioid Analogues / Brown Sugar / Heroin,2025-12-08 12:11:57,MOBILE_APP,UNVERIFIED,0
CIT-2026-00180,ANON-TOKEN-8BDEC7DA89,4,Salem,19,56,Salem West Campus Zone,4,Chemical Precursors / Ephedrine,2025-11-01 12:17:49,BOT,DISMISSED,0
CIT-2026-00181,ANON-TOKEN-B2DAF050FA,16,Kancheepuram,76,227,Kancheepuram North Campus Zone,2,Synthetic Stimulants / MDMA / Meth,2026-04-24 10:32:09,WEB_PORTAL,DISMISSED,0
CIT-2026-00182,ANON-TOKEN-E4A55EBE7B,11,Dindigul,54,162,Dindigul West Industrial Bypass,5,Opioid Analogues / Brown Sugar / Heroin,2024-11-07 19:12:37,BOT,UNVERIFIED,0
CIT-2026-00183,ANON-TOKEN-1A2B0083F4,22,Dharmapuri,109,325,Dharmapuri West Market,5,Opioid Analogues / Brown Sugar / Heroin,2024-11-10 15:51:18,BOT,NEEDS_VERIFICATION,0
CIT-2026-00184,ANON-TOKEN-BE06A0C350,17,Chengalpattu,84,252,Chengalpattu West Industrial Bypass,1,Commercial Ganja / Cannabis,2025-06-29 04:38:27,TOLL_FREE_IVR,NEEDS_VERIFICATION,0
CIT-2026-00185,ANON-TOKEN-C4D519360C,35,Mayiladuthurai,171,511,Mayiladuthurai North Market,2,Synthetic Stimulants / MDMA / Meth,2026-05-05 12:09:15,BOT,CORROBORATED,0
CIT-2026-00186,ANON-TOKEN-394C47710A,37,Tirupathur,182,544,Tirupathur South Market,3,Prescription Narcotics / Codeine / Alprazolam,2024-10-05 00:41:00,BOT,NEEDS_VERIFICATION,0
CIT-2026-00187,ANON-TOKEN-25CFFDC5C5,4,Salem,19,55,Salem West Market,3,Prescription Narcotics / Codeine / Alprazolam,2025-02-24 14:05:51,MOBILE_APP,DISMISSED,0
CIT-2026-00188,ANON-TOKEN-3438F5BAE8,18,Tiruvallur,86,256,Tiruvallur North Market,1,Commercial Ganja / Cannabis,2026-08-09 12:21:54,TOLL_FREE_IVR,NEEDS_VERIFICATION,0
CIT-2026-00189,ANON-TOKEN-D5BEDC8CD0,22,Dharmapuri,107,319,Dharmapuri South Market,2,Synthetic Stimulants / MDMA / Meth,2026-05-09 11:16:42,BOT,DISMISSED,0
CIT-2026-00190,ANON-TOKEN-E208E10A89,38,Tiruvannamalai,188,564,Tiruvannamalai East Industrial Bypass,4,Chemical Precursors / Ephedrine,2025-05-24 18:27:53,WEB_PORTAL,UNVERIFIED,0
CIT-2026-00191,ANON-TOKEN-64642DC27D,25,Karur,122,366,Karur South Industrial Bypass,2,Synthetic Stimulants / MDMA / Meth,2025-11-29 14:35:29,BOT,NEEDS_VERIFICATION,0
CIT-2026-00192,ANON-TOKEN-67E8A80D51,34,Nagapattinam,168,503,Nagapattinam East Campus Zone,2,Synthetic Stimulants / MDMA / Meth,2025-10-18 02:33:08,BOT,UNVERIFIED,0
CIT-2026-00193,ANON-TOKEN-A4F9B856AF,17,Chengalpattu,84,251,Chengalpattu West Campus Zone,2,Synthetic Stimulants / MDMA / Meth,2024-11-23 04:05:44,WEB_PORTAL,NEEDS_VERIFICATION,0
CIT-2026-00194,ANON-TOKEN-7E0E7E228E,38,Tiruvannamalai,187,561,Tiruvannamalai South Industrial Bypass,4,Chemical Precursors / Ephedrine,2026-07-04 06:56:10,WEB_PORTAL,DISMISSED,0
CIT-2026-00195,ANON-TOKEN-FF0D32C3CD,8,Tiruppur,40,119,Tiruppur Central Campus Zone,4,Chemical Precursors / Ephedrine,2025-07-11 19:59:45,MOBILE_APP,CORROBORATED,0
CIT-2026-00196,ANON-TOKEN-92AE8AA3B5,22,Dharmapuri,110,330,Dharmapuri Central Industrial Bypass,3,Prescription Narcotics / Codeine / Alprazolam,2025-04-10 02:51:52,WEB_PORTAL,NEEDS_VERIFICATION,0
CIT-2026-00197,ANON-TOKEN-04EDFFED31,11,Dindigul,55,163,Dindigul Central Market,4,Chemical Precursors / Ephedrine,2026-02-19 03:10:52,TOLL_FREE_IVR,UNVERIFIED,0
CIT-2026-00198,ANON-TOKEN-C2A2E211EE,37,Tirupathur,185,555,Tirupathur Central Industrial Bypass,3,Prescription Narcotics / Codeine / Alprazolam,2026-08-07 13:05:08,WEB_PORTAL,UNVERIFIED,0
CIT-2026-00199,ANON-TOKEN-370BB68B52,9,Vellore,41,121,Vellore North Market,6,Unclassified / Suspicious Substance,2025-06-22 11:01:32,MOBILE_APP,UNVERIFIED,0
CIT-2026-00200,ANON-TOKEN-D140FFF42C,16,Kancheepuram,80,239,Kancheepuram Central Campus Zone,4,Chemical Precursors / Ephedrine,2026-03-04 07:47:59,BOT,UNVERIFIED,0
CIT-2026-00201,ANON-TOKEN-2B5840A65A,38,Tiruvannamalai,190,569,Tiruvannamalai Central Campus Zone,2,Synthetic Stimulants / MDMA / Meth,2026-02-23 09:59:22,WEB_PORTAL,NEEDS_VERIFICATION,0
CIT-2026-00202,ANON-TOKEN-58A8C808E5,19,Cuddalore,91,272,Cuddalore North Campus Zone,4,Chemical Precursors / Ephedrine,2025-05-07 06:55:50,BOT,NEEDS_VERIFICATION,0
CIT-2026-00203,ANON-TOKEN-B248F24E9B,16,Kancheepuram,76,228,Kancheepuram North Industrial Bypass,4,Chemical Precursors / Ephedrine,2025-07-06 17:31:32,MOBILE_APP,CORROBORATED,0
CIT-2026-00204,ANON-TOKEN-087A251167,1,Chennai,3,7,Chennai East Market,3,Prescription Narcotics / Codeine / Alprazolam,2026-01-09 11:22:53,WEB_PORTAL,UNVERIFIED,0
CIT-2026-00205,ANON-TOKEN-88B24FA17A,25,Karur,121,362,Karur North Campus Zone,1,Commercial Ganja / Cannabis,2025-02-10 03:18:08,WEB_PORTAL,NEEDS_VERIFICATION,0
CIT-2026-00206,ANON-TOKEN-64C3A90EE6,38,Tiruvannamalai,186,556,Tiruvannamalai North Market,5,Opioid Analogues / Brown Sugar / Heroin,2025-10-10 22:48:03,WEB_PORTAL,UNVERIFIED,0
CIT-2026-00207,ANON-TOKEN-D9B7EC119B,23,Namakkal,113,338,Namakkal East Campus Zone,1,Commercial Ganja / Cannabis,2025-11-17 22:28:43,MOBILE_APP,CORROBORATED,0
CIT-2026-00208,ANON-TOKEN-D0B193C4EA,33,Thiruvarur,162,484,Thiruvarur South Market,4,Chemical Precursors / Ephedrine,2026-06-07 18:32:35,MOBILE_APP,CORROBORATED,0
CIT-2026-00209,ANON-TOKEN-00B5512081,31,Virudhunagar,154,462,Virudhunagar West Industrial Bypass,3,Prescription Narcotics / Codeine / Alprazolam,2026-08-01 15:49:03,BOT,DISMISSED,0
CIT-2026-00210,ANON-TOKEN-650620E633,36,Ranipet,177,530,Ranipet South Campus Zone,4,Chemical Precursors / Ephedrine,2025-06-20 02:29:33,MOBILE_APP,UNVERIFIED,0
CIT-2026-00211,ANON-TOKEN-1A84CE5AB7,25,Karur,121,361,Karur North Market,6,Unclassified / Suspicious Substance,2026-07-30 16:35:04,BOT,UNVERIFIED,0
CIT-2026-00212,ANON-TOKEN-4FB85BC888,5,Tiruchirappalli,22,66,Tiruchirappalli South Industrial Bypass,5,Opioid Analogues / Brown Sugar / Heroin,2026-01-02 19:55:48,BOT,CORROBORATED,0
CIT-2026-00213,ANON-TOKEN-ACFA6CC8E4,2,Coimbatore,9,27,Coimbatore West Industrial Bypass,3,Prescription Narcotics / Codeine / Alprazolam,2026-05-04 09:13:22,MOBILE_APP,DISMISSED,0
CIT-2026-00214,ANON-TOKEN-7603E2EB6C,35,Mayiladuthurai,173,519,Mayiladuthurai East Industrial Bypass,6,Unclassified / Suspicious Substance,2026-04-01 15:53:26,WEB_PORTAL,NEEDS_VERIFICATION,0
CIT-2026-00215,ANON-TOKEN-B55A472E48,25,Karur,121,363,Karur North Industrial Bypass,4,Chemical Precursors / Ephedrine,2025-09-01 19:32:53,TOLL_FREE_IVR,DISMISSED,0
CIT-2026-00216,ANON-TOKEN-2EA193CD2B,24,Nilgiris,116,346,Nilgiris North Market,2,Synthetic Stimulants / MDMA / Meth,2025-02-04 11:56:16,BOT,NEEDS_VERIFICATION,0
CIT-2026-00217,ANON-TOKEN-257C47C1D0,9,Vellore,42,125,Vellore South Campus Zone,3,Prescription Narcotics / Codeine / Alprazolam,2025-11-25 19:11:52,WEB_PORTAL,CORROBORATED,0
CIT-2026-00218,ANON-TOKEN-35414FC139,35,Mayiladuthurai,174,521,Mayiladuthurai West Campus Zone,4,Chemical Precursors / Ephedrine,2026-02-02 07:00:03,BOT,CORROBORATED,0
CIT-2026-00219,ANON-TOKEN-532EFCCE34,3,Madurai,15,44,Madurai Central Campus Zone,5,Opioid Analogues / Brown Sugar / Heroin,2025-07-13 19:04:49,WEB_PORTAL,UNVERIFIED,0
CIT-2026-00220,ANON-TOKEN-B4DAADD316,8,Tiruppur,39,116,Tiruppur West Campus Zone,3,Prescription Narcotics / Codeine / Alprazolam,2025-02-18 09:13:45,WEB_PORTAL,NEEDS_VERIFICATION,0
CIT-2026-00221,ANON-TOKEN-69DCB8DEA1,2,Coimbatore,9,25,Coimbatore West Market,4,Chemical Precursors / Ephedrine,2026-07-14 13:29:12,TOLL_FREE_IVR,CORROBORATED,0
CIT-2026-00222,ANON-TOKEN-E88893121A,6,Tirunelveli,29,85,Tirunelveli West Market,2,Synthetic Stimulants / MDMA / Meth,2025-06-08 09:50:19,MOBILE_APP,CORROBORATED,0
CIT-2026-00223,ANON-TOKEN-0C3DE7E87B,11,Dindigul,53,157,Dindigul East Market,1,Commercial Ganja / Cannabis,2025-11-14 21:01:54,BOT,DISMISSED,0
CIT-2026-00224,ANON-TOKEN-B3D620CDD7,1,Chennai,4,12,Chennai West Industrial Bypass,4,Chemical Precursors / Ephedrine,2025-03-02 00:46:05,BOT,DISMISSED,0
CIT-2026-00225,ANON-TOKEN-E9B70DD820,16,Kancheepuram,78,234,Kancheepuram East Industrial Bypass,3,Prescription Narcotics / Codeine / Alprazolam,2025-06-02 23:20:41,MOBILE_APP,DISMISSED,0
CIT-2026-00226,ANON-TOKEN-21B26A1BF8,32,Theni,160,479,Theni Central Campus Zone,5,Opioid Analogues / Brown Sugar / Heroin,2026-08-03 06:52:53,WEB_PORTAL,DISMISSED,1
CIT-2026-00227,ANON-TOKEN-D6D20E7B2E,19,Cuddalore,92,274,Cuddalore South Market,4,Chemical Precursors / Ephedrine,2025-04-29 09:13:18,WEB_PORTAL,DISMISSED,0
CIT-2026-00228,ANON-TOKEN-CF1719CCC6,8,Tiruppur,36,106,Tiruppur North Market,1,Commercial Ganja / Cannabis,2024-09-24 18:33:17,BOT,UNVERIFIED,0
CIT-2026-00229,ANON-TOKEN-4C85534742,15,Tenkasi,72,214,Tenkasi South Market,3,Prescription Narcotics / Codeine / Alprazolam,2025-04-05 11:14:34,WEB_PORTAL,DISMISSED,0
CIT-2026-00230,ANON-TOKEN-DD985E9413,4,Salem,16,47,Salem North Campus Zone,5,Opioid Analogues / Brown Sugar / Heroin,2025-03-22 21:15:33,TOLL_FREE_IVR,UNVERIFIED,0
CIT-2026-00231,ANON-TOKEN-15022DA291,8,Tiruppur,38,112,Tiruppur East Market,6,Unclassified / Suspicious Substance,2026-05-06 05:11:51,MOBILE_APP,DISMISSED,0
CIT-2026-00232,ANON-TOKEN-10EBDA3893,24,Nilgiris,118,353,Nilgiris East Campus Zone,1,Commercial Ganja / Cannabis,2025-08-24 02:42:44,TOLL_FREE_IVR,NEEDS_VERIFICATION,0
CIT-2026-00233,ANON-TOKEN-5C5728CFE2,31,Virudhunagar,155,465,Virudhunagar Central Industrial Bypass,2,Synthetic Stimulants / MDMA / Meth,2025-03-18 21:57:13,TOLL_FREE_IVR,CORROBORATED,0
CIT-2026-00234,ANON-TOKEN-2FFCF75EDB,30,Ramanathapuram,147,441,Ramanathapuram South Industrial Bypass,6,Unclassified / Suspicious Substance,2024-12-16 16:12:00,BOT,UNVERIFIED,0
CIT-2026-00235,ANON-TOKEN-FBCB7FE914,34,Nagapattinam,170,508,Nagapattinam Central Market,1,Commercial Ganja / Cannabis,2026-01-02 22:36:00,MOBILE_APP,DISMISSED,0
CIT-2026-00236,ANON-TOKEN-2EB61D9B32,17,Chengalpattu,84,252,Chengalpattu West Industrial Bypass,4,Chemical Precursors / Ephedrine,2026-01-21 08:10:18,WEB_PORTAL,NEEDS_VERIFICATION,0
CIT-2026-00237,ANON-TOKEN-5A6CD4F8BD,6,Tirunelveli,30,90,Tirunelveli Central Industrial Bypass,6,Unclassified / Suspicious Substance,2025-08-10 05:06:22,BOT,NEEDS_VERIFICATION,0
CIT-2026-00238,ANON-TOKEN-21D37DA643,36,Ranipet,176,526,Ranipet North Market,2,Synthetic Stimulants / MDMA / Meth,2024-10-28 07:56:13,MOBILE_APP,CORROBORATED,0
CIT-2026-00239,ANON-TOKEN-4D869E7113,13,Thoothukudi,63,188,Thoothukudi East Campus Zone,2,Synthetic Stimulants / MDMA / Meth,2025-08-30 00:48:39,WEB_PORTAL,CORROBORATED,0
CIT-2026-00240,ANON-TOKEN-AA812BB9D4,9,Vellore,44,131,Vellore West Campus Zone,1,Commercial Ganja / Cannabis,2026-06-07 10:16:10,BOT,NEEDS_VERIFICATION,0
CIT-2026-00241,ANON-TOKEN-9D1B730C19,31,Virudhunagar,154,460,Virudhunagar West Market,4,Chemical Precursors / Ephedrine,2025-08-14 09:25:19,MOBILE_APP,DISMISSED,0
CIT-2026-00242,ANON-TOKEN-65231A9022,38,Tiruvannamalai,186,556,Tiruvannamalai North Market,5,Opioid Analogues / Brown Sugar / Heroin,2025-02-13 22:45:57,MOBILE_APP,UNVERIFIED,0
CIT-2026-00243,ANON-TOKEN-00D9C9FFD9,35,Mayiladuthurai,171,513,Mayiladuthurai North Industrial Bypass,3,Prescription Narcotics / Codeine / Alprazolam,2024-10-16 20:53:42,BOT,DISMISSED,0
CIT-2026-00244,ANON-TOKEN-0E8C638187,18,Tiruvallur,89,267,Tiruvallur West Industrial Bypass,5,Opioid Analogues / Brown Sugar / Heroin,2024-12-17 15:58:21,MOBILE_APP,NEEDS_VERIFICATION,0
CIT-2026-00245,ANON-TOKEN-5F8D08A13F,9,Vellore,45,135,Vellore Central Industrial Bypass,4,Chemical Precursors / Ephedrine,2026-05-21 14:45:08,BOT,NEEDS_VERIFICATION,1
CIT-2026-00246,ANON-TOKEN-4789EFD628,30,Ramanathapuram,150,449,Ramanathapuram Central Campus Zone,2,Synthetic Stimulants / MDMA / Meth,2024-11-15 09:22:35,MOBILE_APP,UNVERIFIED,0
CIT-2026-00247,ANON-TOKEN-62A6F862B1,37,Tirupathur,184,551,Tirupathur West Campus Zone,3,Prescription Narcotics / Codeine / Alprazolam,2026-04-10 03:01:28,MOBILE_APP,UNVERIFIED,0
CIT-2026-00248,ANON-TOKEN-A3927A144E,19,Cuddalore,93,277,Cuddalore East Market,6,Unclassified / Suspicious Substance,2025-11-11 10:32:08,TOLL_FREE_IVR,CORROBORATED,0
CIT-2026-00249,ANON-TOKEN-CA5D45B44A,30,Ramanathapuram,149,447,Ramanathapuram West Industrial Bypass,2,Synthetic Stimulants / MDMA / Meth,2025-05-14 21:46:39,TOLL_FREE_IVR,UNVERIFIED,0
CIT-2026-00250,ANON-TOKEN-181A1B8215,31,Virudhunagar,151,451,Virudhunagar North Market,4,Chemical Precursors / Ephedrine,2026-02-14 06:02:21,TOLL_FREE_IVR,CORROBORATED,1
CIT-2026-00251,ANON-TOKEN-9471C6EBB4,3,Madurai,11,31,Madurai North Market,5,Opioid Analogues / Brown Sugar / Heroin,2025-02-14 15:41:31,WEB_PORTAL,UNVERIFIED,0
CIT-2026-00252,ANON-TOKEN-66F35811BA,12,Thanjavur,60,179,Thanjavur Central Campus Zone,4,Chemical Precursors / Ephedrine,2025-03-14 01:06:59,BOT,CORROBORATED,0
CIT-2026-00253,ANON-TOKEN-6F53367EBE,24,Nilgiris,116,347,Nilgiris North Campus Zone,1,Commercial Ganja / Cannabis,2026-01-19 04:53:45,BOT,NEEDS_VERIFICATION,0
CIT-2026-00254,ANON-TOKEN-AB08D91998,36,Ranipet,180,539,Ranipet Central Campus Zone,1,Commercial Ganja / Cannabis,2025-02-20 14:01:15,WEB_PORTAL,NEEDS_VERIFICATION,0
CIT-2026-00255,ANON-TOKEN-A724C889F8,17,Chengalpattu,85,254,Chengalpattu Central Campus Zone,4,Chemical Precursors / Ephedrine,2026-04-25 11:27:48,WEB_PORTAL,CORROBORATED,0
CIT-2026-00256,ANON-TOKEN-EA8E346778,33,Thiruvarur,162,484,Thiruvarur South Market,2,Synthetic Stimulants / MDMA / Meth,2026-08-14 02:30:10,TOLL_FREE_IVR,UNVERIFIED,0
CIT-2026-00257,ANON-TOKEN-0A75F21E32,18,Tiruvallur,90,269,Tiruvallur Central Campus Zone,5,Opioid Analogues / Brown Sugar / Heroin,2024-11-08 06:23:46,WEB_PORTAL,DISMISSED,0
CIT-2026-00258,ANON-TOKEN-73F77EEB82,17,Chengalpattu,84,252,Chengalpattu West Industrial Bypass,6,Unclassified / Suspicious Substance,2025-10-30 03:42:56,WEB_PORTAL,CORROBORATED,0
CIT-2026-00259,ANON-TOKEN-94706F6375,32,Theni,156,467,Theni North Campus Zone,1,Commercial Ganja / Cannabis,2026-02-01 08:20:11,MOBILE_APP,DISMISSED,1
CIT-2026-00260,ANON-TOKEN-E1951465BE,19,Cuddalore,93,279,Cuddalore East Industrial Bypass,6,Unclassified / Suspicious Substance,2025-01-29 17:48:48,MOBILE_APP,CORROBORATED,1
CIT-2026-00261,ANON-TOKEN-0F8077D092,23,Namakkal,112,334,Namakkal South Market,1,Commercial Ganja / Cannabis,2025-05-26 18:27:47,TOLL_FREE_IVR,NEEDS_VERIFICATION,0
CIT-2026-00262,ANON-TOKEN-F497B61421,4,Salem,17,50,Salem South Campus Zone,5,Opioid Analogues / Brown Sugar / Heroin,2025-12-21 00:45:13,WEB_PORTAL,UNVERIFIED,0
CIT-2026-00263,ANON-TOKEN-7F04FBC355,11,Dindigul,53,158,Dindigul East Campus Zone,3,Prescription Narcotics / Codeine / Alprazolam,2025-12-07 10:51:40,BOT,NEEDS_VERIFICATION,0
CIT-2026-00264,ANON-TOKEN-E8FD68181D,29,Sivaganga,141,421,Sivaganga North Market,5,Opioid Analogues / Brown Sugar / Heroin,2024-10-31 03:53:11,BOT,CORROBORATED,0
CIT-2026-00265,ANON-TOKEN-97D113F7B3,6,Tirunelveli,26,77,Tirunelveli North Campus Zone,6,Unclassified / Suspicious Substance,2024-11-18 21:32:09,WEB_PORTAL,NEEDS_VERIFICATION,0
CIT-2026-00266,ANON-TOKEN-7128FE659E,10,Krishnagiri,49,147,Krishnagiri West Industrial Bypass,5,Opioid Analogues / Brown Sugar / Heroin,2025-11-01 15:25:19,WEB_PORTAL,CORROBORATED,0
CIT-2026-00267,ANON-TOKEN-7C4D9F87B2,22,Dharmapuri,110,330,Dharmapuri Central Industrial Bypass,3,Prescription Narcotics / Codeine / Alprazolam,2025-01-10 10:40:45,TOLL_FREE_IVR,DISMISSED,1
CIT-2026-00268,ANON-TOKEN-671C948512,28,Pudukkottai,139,416,Pudukkottai West Campus Zone,5,Opioid Analogues / Brown Sugar / Heroin,2025-05-23 14:55:26,WEB_PORTAL,CORROBORATED,0
CIT-2026-00269,ANON-TOKEN-6E66F50A7B,30,Ramanathapuram,150,450,Ramanathapuram Central Industrial Bypass,4,Chemical Precursors / Ephedrine,2024-12-26 10:41:30,WEB_PORTAL,CORROBORATED,0
CIT-2026-00270,ANON-TOKEN-5E625B42CD,33,Thiruvarur,161,482,Thiruvarur North Campus Zone,2,Synthetic Stimulants / MDMA / Meth,2024-11-19 23:05:59,WEB_PORTAL,CORROBORATED,0
CIT-2026-00271,ANON-TOKEN-CE971E6779,1,Chennai,2,4,Chennai South Market,6,Unclassified / Suspicious Substance,2026-07-27 16:39:19,WEB_PORTAL,NEEDS_VERIFICATION,0
CIT-2026-00272,ANON-TOKEN-30C105E4F7,17,Chengalpattu,81,243,Chengalpattu North Industrial Bypass,5,Opioid Analogues / Brown Sugar / Heroin,2025-08-01 16:50:48,BOT,NEEDS_VERIFICATION,0
CIT-2026-00273,ANON-TOKEN-2280D790CC,8,Tiruppur,38,113,Tiruppur East Campus Zone,3,Prescription Narcotics / Codeine / Alprazolam,2024-12-15 06:59:30,MOBILE_APP,CORROBORATED,0
CIT-2026-00274,ANON-TOKEN-3715C2BC8D,30,Ramanathapuram,148,443,Ramanathapuram East Campus Zone,5,Opioid Analogues / Brown Sugar / Heroin,2025-12-30 17:30:02,TOLL_FREE_IVR,NEEDS_VERIFICATION,0
CIT-2026-00275,ANON-TOKEN-ECC5ED28B3,35,Mayiladuthurai,175,523,Mayiladuthurai Central Market,4,Chemical Precursors / Ephedrine,2026-05-05 12:21:13,MOBILE_APP,CORROBORATED,0
CIT-2026-00276,ANON-TOKEN-DF7790FDDC,11,Dindigul,54,160,Dindigul West Market,4,Chemical Precursors / Ephedrine,2025-10-16 04:43:02,WEB_PORTAL,NEEDS_VERIFICATION,0
CIT-2026-00277,ANON-TOKEN-130CBC8AC5,11,Dindigul,53,159,Dindigul East Industrial Bypass,1,Commercial Ganja / Cannabis,2025-06-12 17:39:37,TOLL_FREE_IVR,DISMISSED,0
CIT-2026-00278,ANON-TOKEN-BABBE5C7BD,25,Karur,122,364,Karur South Market,2,Synthetic Stimulants / MDMA / Meth,2025-05-06 21:39:58,WEB_PORTAL,UNVERIFIED,0
CIT-2026-00279,ANON-TOKEN-5188451489,4,Salem,19,56,Salem West Campus Zone,5,Opioid Analogues / Brown Sugar / Heroin,2026-04-08 00:38:36,BOT,CORROBORATED,1
CIT-2026-00280,ANON-TOKEN-FB788CC990,7,Erode,32,95,Erode South Campus Zone,6,Unclassified / Suspicious Substance,2026-05-01 06:10:28,WEB_PORTAL,UNVERIFIED,0
CIT-2026-00281,ANON-TOKEN-9D6BD3C514,31,Virudhunagar,155,465,Virudhunagar Central Industrial Bypass,1,Commercial Ganja / Cannabis,2025-04-17 16:10:16,TOLL_FREE_IVR,DISMISSED,0
CIT-2026-00282,ANON-TOKEN-EDAA7A9F2C,1,Chennai,4,11,Chennai West Campus Zone,6,Unclassified / Suspicious Substance,2024-12-07 21:59:58,WEB_PORTAL,CORROBORATED,0
CIT-2026-00283,ANON-TOKEN-5933374A24,18,Tiruvallur,89,266,Tiruvallur West Campus Zone,5,Opioid Analogues / Brown Sugar / Heroin,2025-10-30 18:03:36,BOT,CORROBORATED,0
CIT-2026-00284,ANON-TOKEN-F0B16763DE,35,Mayiladuthurai,175,524,Mayiladuthurai Central Campus Zone,4,Chemical Precursors / Ephedrine,2026-02-01 17:07:41,WEB_PORTAL,UNVERIFIED,0
CIT-2026-00285,ANON-TOKEN-F4CF3A33C5,16,Kancheepuram,79,236,Kancheepuram West Campus Zone,3,Prescription Narcotics / Codeine / Alprazolam,2024-12-13 05:51:32,WEB_PORTAL,UNVERIFIED,0
CIT-2026-00286,ANON-TOKEN-99DF650223,18,Tiruvallur,90,270,Tiruvallur Central Industrial Bypass,5,Opioid Analogues / Brown Sugar / Heroin,2026-01-01 02:11:39,BOT,CORROBORATED,0
CIT-2026-00287,ANON-TOKEN-392482E34A,32,Theni,156,466,Theni North Market,4,Chemical Precursors / Ephedrine,2025-05-12 05:05:13,WEB_PORTAL,NEEDS_VERIFICATION,0
CIT-2026-00288,ANON-TOKEN-8536EC6CB0,12,Thanjavur,58,172,Thanjavur East Market,2,Synthetic Stimulants / MDMA / Meth,2026-03-15 05:01:39,MOBILE_APP,CORROBORATED,0
CIT-2026-00289,ANON-TOKEN-A66F9BF523,10,Krishnagiri,49,147,Krishnagiri West Industrial Bypass,5,Opioid Analogues / Brown Sugar / Heroin,2024-11-04 18:52:59,TOLL_FREE_IVR,CORROBORATED,0
CIT-2026-00290,ANON-TOKEN-F158F0B9B9,31,Virudhunagar,151,452,Virudhunagar North Campus Zone,3,Prescription Narcotics / Codeine / Alprazolam,2026-04-30 08:00:52,TOLL_FREE_IVR,CORROBORATED,0
CIT-2026-00291,ANON-TOKEN-CF365781FA,35,Mayiladuthurai,173,517,Mayiladuthurai East Market,1,Commercial Ganja / Cannabis,2025-11-05 13:45:59,BOT,UNVERIFIED,0
CIT-2026-00292,ANON-TOKEN-35B4CBCD57,8,Tiruppur,38,112,Tiruppur East Market,5,Opioid Analogues / Brown Sugar / Heroin,2025-05-03 09:50:58,TOLL_FREE_IVR,NEEDS_VERIFICATION,0
CIT-2026-00293,ANON-TOKEN-D9AB59D6FF,24,Nilgiris,116,347,Nilgiris North Campus Zone,4,Chemical Precursors / Ephedrine,2025-08-25 08:29:01,BOT,CORROBORATED,0
CIT-2026-00294,ANON-TOKEN-C1511DCCC8,31,Virudhunagar,155,465,Virudhunagar Central Industrial Bypass,2,Synthetic Stimulants / MDMA / Meth,2025-01-03 07:18:16,TOLL_FREE_IVR,NEEDS_VERIFICATION,0
CIT-2026-00295,ANON-TOKEN-70E4DC6DE8,34,Nagapattinam,166,496,Nagapattinam North Market,1,Commercial Ganja / Cannabis,2025-10-02 02:20:08,WEB_PORTAL,CORROBORATED,0
CIT-2026-00296,ANON-TOKEN-13158B5029,38,Tiruvannamalai,188,562,Tiruvannamalai East Market,4,Chemical Precursors / Ephedrine,2026-08-12 03:07:09,TOLL_FREE_IVR,DISMISSED,0
CIT-2026-00297,ANON-TOKEN-AEBEAC6028,9,Vellore,43,129,Vellore East Industrial Bypass,5,Opioid Analogues / Brown Sugar / Heroin,2025-02-03 21:09:12,WEB_PORTAL,CORROBORATED,0
CIT-2026-00298,ANON-TOKEN-3B7B6D3755,34,Nagapattinam,167,501,Nagapattinam South Industrial Bypass,4,Chemical Precursors / Ephedrine,2025-01-21 19:45:34,TOLL_FREE_IVR,DISMISSED,0
CIT-2026-00299,ANON-TOKEN-FE82D729CE,12,Thanjavur,56,168,Thanjavur North Industrial Bypass,4,Chemical Precursors / Ephedrine,2025-07-25 02:34:32,WEB_PORTAL,NEEDS_VERIFICATION,0
CIT-2026-00300,ANON-TOKEN-6EDF60FEE6,2,Coimbatore,6,18,Coimbatore North Industrial Bypass,3,Prescription Narcotics / Codeine / Alprazolam,2025-07-27 08:42:17,BOT,UNVERIFIED,0
CIT-2026-00301,ANON-TOKEN-447ECE2286,2,Coimbatore,6,17,Coimbatore North Campus Zone,1,Commercial Ganja / Cannabis,2025-12-15 23:18:06,TOLL_FREE_IVR,UNVERIFIED,0
CIT-2026-00302,ANON-TOKEN-E19AF80E52,35,Mayiladuthurai,173,519,Mayiladuthurai East Industrial Bypass,3,Prescription Narcotics / Codeine / Alprazolam,2025-07-27 07:48:32,TOLL_FREE_IVR,CORROBORATED,0
CIT-2026-00303,ANON-TOKEN-F80ECB12D0,22,Dharmapuri,108,324,Dharmapuri East Industrial Bypass,3,Prescription Narcotics / Codeine / Alprazolam,2024-12-16 01:46:11,TOLL_FREE_IVR,NEEDS_VERIFICATION,0
CIT-2026-00304,ANON-TOKEN-0C8F7A0FA1,31,Virudhunagar,152,455,Virudhunagar South Campus Zone,4,Chemical Precursors / Ephedrine,2024-11-04 09:49:57,MOBILE_APP,UNVERIFIED,0
CIT-2026-00305,ANON-TOKEN-8F5A935957,10,Krishnagiri,47,141,Krishnagiri South Industrial Bypass,6,Unclassified / Suspicious Substance,2024-11-19 09:03:23,BOT,NEEDS_VERIFICATION,1
CIT-2026-00306,ANON-TOKEN-CF3D345F02,4,Salem,19,56,Salem West Campus Zone,4,Chemical Precursors / Ephedrine,2024-10-23 18:47:46,MOBILE_APP,CORROBORATED,0
CIT-2026-00307,ANON-TOKEN-A02ADDA592,17,Chengalpattu,81,242,Chengalpattu North Campus Zone,5,Opioid Analogues / Brown Sugar / Heroin,2025-07-31 11:33:04,MOBILE_APP,DISMISSED,0
CIT-2026-00308,ANON-TOKEN-68BA2C7409,20,Viluppuram,100,298,Viluppuram Central Market,1,Commercial Ganja / Cannabis,2026-05-10 19:03:27,MOBILE_APP,DISMISSED,0
CIT-2026-00309,ANON-TOKEN-FB13EDCBF7,6,Tirunelveli,30,89,Tirunelveli Central Campus Zone,5,Opioid Analogues / Brown Sugar / Heroin,2026-06-07 10:03:10,BOT,DISMISSED,0
CIT-2026-00310,ANON-TOKEN-B5106BA183,4,Salem,20,58,Salem Central Market,1,Commercial Ganja / Cannabis,2025-05-25 06:51:17,MOBILE_APP,UNVERIFIED,1
CIT-2026-00311,ANON-TOKEN-A8F4B5F5E0,8,Tiruppur,39,116,Tiruppur West Campus Zone,3,Prescription Narcotics / Codeine / Alprazolam,2025-10-27 10:24:48,MOBILE_APP,UNVERIFIED,0
CIT-2026-00312,ANON-TOKEN-A1F3A2338E,13,Thoothukudi,61,181,Thoothukudi North Market,3,Prescription Narcotics / Codeine / Alprazolam,2026-07-26 03:33:05,WEB_PORTAL,CORROBORATED,0
CIT-2026-00313,ANON-TOKEN-6950BC6804,19,Cuddalore,92,274,Cuddalore South Market,4,Chemical Precursors / Ephedrine,2025-04-02 16:45:28,WEB_PORTAL,DISMISSED,0
CIT-2026-00314,ANON-TOKEN-EB1FDC163A,20,Viluppuram,99,296,Viluppuram West Campus Zone,3,Prescription Narcotics / Codeine / Alprazolam,2026-07-16 23:37:48,TOLL_FREE_IVR,UNVERIFIED,1
CIT-2026-00315,ANON-TOKEN-A97636A598,2,Coimbatore,6,16,Coimbatore North Market,5,Opioid Analogues / Brown Sugar / Heroin,2026-01-16 17:32:54,BOT,DISMISSED,0
CIT-2026-00316,ANON-TOKEN-25E619B620,33,Thiruvarur,163,487,Thiruvarur East Market,6,Unclassified / Suspicious Substance,2026-03-08 23:56:30,TOLL_FREE_IVR,DISMISSED,0
CIT-2026-00317,ANON-TOKEN-6FE042F290,26,Ariyalur,127,381,Ariyalur South Industrial Bypass,4,Chemical Precursors / Ephedrine,2026-06-03 23:17:17,WEB_PORTAL,NEEDS_VERIFICATION,0
CIT-2026-00318,ANON-TOKEN-ACE398FD08,36,Ranipet,177,531,Ranipet South Industrial Bypass,3,Prescription Narcotics / Codeine / Alprazolam,2025-11-26 18:08:50,BOT,UNVERIFIED,0
CIT-2026-00319,ANON-TOKEN-51A64634F7,32,Theni,160,479,Theni Central Campus Zone,4,Chemical Precursors / Ephedrine,2025-05-19 12:04:38,WEB_PORTAL,NEEDS_VERIFICATION,1
CIT-2026-00320,ANON-TOKEN-D305B88B93,14,Kanniyakumari,68,202,Kanniyakumari East Market,3,Prescription Narcotics / Codeine / Alprazolam,2025-08-18 19:34:11,WEB_PORTAL,UNVERIFIED,0
CIT-2026-00321,ANON-TOKEN-274AB5F23E,24,Nilgiris,117,351,Nilgiris South Industrial Bypass,1,Commercial Ganja / Cannabis,2025-06-06 09:06:29,WEB_PORTAL,NEEDS_VERIFICATION,0
CIT-2026-00322,ANON-TOKEN-845E90E81E,1,Chennai,3,8,Chennai East Campus Zone,5,Opioid Analogues / Brown Sugar / Heroin,2025-03-27 00:36:18,BOT,NEEDS_VERIFICATION,0
CIT-2026-00323,ANON-TOKEN-6C7DCD15D4,26,Ariyalur,128,382,Ariyalur East Market,1,Commercial Ganja / Cannabis,2026-02-25 00:11:00,WEB_PORTAL,CORROBORATED,0
CIT-2026-00324,ANON-TOKEN-04AC4EF2EF,10,Krishnagiri,47,141,Krishnagiri South Industrial Bypass,6,Unclassified / Suspicious Substance,2025-03-17 14:30:40,MOBILE_APP,DISMISSED,0
CIT-2026-00325,ANON-TOKEN-10D08260AE,16,Kancheepuram,77,231,Kancheepuram South Industrial Bypass,4,Chemical Precursors / Ephedrine,2025-06-09 04:40:53,BOT,UNVERIFIED,0
CIT-2026-00326,ANON-TOKEN-314BC91752,28,Pudukkottai,137,411,Pudukkottai South Industrial Bypass,6,Unclassified / Suspicious Substance,2025-01-01 22:13:51,MOBILE_APP,UNVERIFIED,0
CIT-2026-00327,ANON-TOKEN-5AD7089E03,16,Kancheepuram,78,233,Kancheepuram East Campus Zone,5,Opioid Analogues / Brown Sugar / Heroin,2024-11-27 07:16:30,MOBILE_APP,DISMISSED,0
CIT-2026-00328,ANON-TOKEN-72AAD282C3,16,Kancheepuram,77,231,Kancheepuram South Industrial Bypass,5,Opioid Analogues / Brown Sugar / Heroin,2026-05-19 00:57:53,WEB_PORTAL,DISMISSED,0
CIT-2026-00329,ANON-TOKEN-A6EA493229,34,Nagapattinam,167,501,Nagapattinam South Industrial Bypass,4,Chemical Precursors / Ephedrine,2025-06-25 18:30:32,BOT,CORROBORATED,0
CIT-2026-00330,ANON-TOKEN-FCEA7E9407,9,Vellore,43,128,Vellore East Campus Zone,5,Opioid Analogues / Brown Sugar / Heroin,2025-01-09 10:20:09,WEB_PORTAL,NEEDS_VERIFICATION,0
CIT-2026-00331,ANON-TOKEN-A15BBC9217,8,Tiruppur,36,106,Tiruppur North Market,4,Chemical Precursors / Ephedrine,2024-12-27 03:15:03,MOBILE_APP,UNVERIFIED,0
CIT-2026-00332,ANON-TOKEN-F3DF39CAFA,17,Chengalpattu,84,252,Chengalpattu West Industrial Bypass,1,Commercial Ganja / Cannabis,2025-11-15 03:12:18,WEB_PORTAL,UNVERIFIED,0
CIT-2026-00333,ANON-TOKEN-FDB655528C,7,Erode,32,95,Erode South Campus Zone,6,Unclassified / Suspicious Substance,2026-05-11 13:06:33,TOLL_FREE_IVR,UNVERIFIED,0
CIT-2026-00334,ANON-TOKEN-30E271464D,10,Krishnagiri,48,142,Krishnagiri East Market,4,Chemical Precursors / Ephedrine,2025-11-09 07:58:53,BOT,UNVERIFIED,0
CIT-2026-00335,ANON-TOKEN-4A4047143D,16,Kancheepuram,77,229,Kancheepuram South Market,6,Unclassified / Suspicious Substance,2026-05-14 02:31:50,MOBILE_APP,NEEDS_VERIFICATION,0
CIT-2026-00336,ANON-TOKEN-09A550C63E,29,Sivaganga,142,425,Sivaganga South Campus Zone,3,Prescription Narcotics / Codeine / Alprazolam,2025-01-01 07:13:04,MOBILE_APP,NEEDS_VERIFICATION,0
CIT-2026-00337,ANON-TOKEN-DB852BB5F5,13,Thoothukudi,64,190,Thoothukudi West Market,6,Unclassified / Suspicious Substance,2026-08-07 16:54:46,WEB_PORTAL,CORROBORATED,1
CIT-2026-00338,ANON-TOKEN-B8B5F4D2EE,8,Tiruppur,36,107,Tiruppur North Campus Zone,3,Prescription Narcotics / Codeine / Alprazolam,2025-07-27 03:32:33,BOT,UNVERIFIED,0
CIT-2026-00339,ANON-TOKEN-392C26C3F0,14,Kanniyakumari,70,209,Kanniyakumari Central Campus Zone,5,Opioid Analogues / Brown Sugar / Heroin,2025-10-16 03:52:26,WEB_PORTAL,NEEDS_VERIFICATION,0
CIT-2026-00340,ANON-TOKEN-7EA736F2D7,4,Salem,19,56,Salem West Campus Zone,5,Opioid Analogues / Brown Sugar / Heroin,2026-03-30 18:41:42,TOLL_FREE_IVR,CORROBORATED,0
CIT-2026-00341,ANON-TOKEN-F9FFAE2BA9,6,Tirunelveli,28,84,Tirunelveli East Industrial Bypass,4,Chemical Precursors / Ephedrine,2025-08-19 01:42:42,MOBILE_APP,DISMISSED,0
CIT-2026-00342,ANON-TOKEN-4E545C1E27,12,Thanjavur,56,168,Thanjavur North Industrial Bypass,3,Prescription Narcotics / Codeine / Alprazolam,2025-12-02 01:56:49,BOT,DISMISSED,0
CIT-2026-00343,ANON-TOKEN-C5ADA91E40,7,Erode,33,98,Erode East Campus Zone,2,Synthetic Stimulants / MDMA / Meth,2025-08-09 03:00:18,WEB_PORTAL,UNVERIFIED,0
CIT-2026-00344,ANON-TOKEN-82D26CD74B,9,Vellore,44,131,Vellore West Campus Zone,5,Opioid Analogues / Brown Sugar / Heroin,2026-04-16 05:16:08,BOT,CORROBORATED,0
CIT-2026-00345,ANON-TOKEN-7E7FFFF160,6,Tirunelveli,29,86,Tirunelveli West Campus Zone,3,Prescription Narcotics / Codeine / Alprazolam,2026-01-02 05:14:14,BOT,DISMISSED,0
CIT-2026-00346,ANON-TOKEN-7559A38D2D,14,Kanniyakumari,70,209,Kanniyakumari Central Campus Zone,5,Opioid Analogues / Brown Sugar / Heroin,2025-03-16 14:31:10,BOT,CORROBORATED,0
CIT-2026-00347,ANON-TOKEN-670D2CDB51,35,Mayiladuthurai,175,523,Mayiladuthurai Central Market,1,Commercial Ganja / Cannabis,2026-04-11 23:32:51,BOT,CORROBORATED,0
CIT-2026-00348,ANON-TOKEN-A93E1AD3D5,34,Nagapattinam,168,502,Nagapattinam East Market,1,Commercial Ganja / Cannabis,2025-07-30 02:47:49,MOBILE_APP,CORROBORATED,0
CIT-2026-00349,ANON-TOKEN-69A4D1D7D2,23,Namakkal,112,335,Namakkal South Campus Zone,6,Unclassified / Suspicious Substance,2025-10-01 13:02:13,BOT,CORROBORATED,0
CIT-2026-00350,ANON-TOKEN-4EE9547713,6,Tirunelveli,29,87,Tirunelveli West Industrial Bypass,1,Commercial Ganja / Cannabis,2026-04-29 01:24:31,WEB_PORTAL,NEEDS_VERIFICATION,0
CIT-2026-00351,ANON-TOKEN-D277F39CA6,2,Coimbatore,8,24,Coimbatore East Industrial Bypass,2,Synthetic Stimulants / MDMA / Meth,2025-11-25 04:35:31,BOT,CORROBORATED,0
CIT-2026-00352,ANON-TOKEN-DCEFF11837,11,Dindigul,53,157,Dindigul East Market,5,Opioid Analogues / Brown Sugar / Heroin,2025-07-15 07:25:17,BOT,UNVERIFIED,0
CIT-2026-00353,ANON-TOKEN-09E3E86C07,31,Virudhunagar,151,451,Virudhunagar North Market,5,Opioid Analogues / Brown Sugar / Heroin,2025-09-03 18:24:51,WEB_PORTAL,NEEDS_VERIFICATION,0
CIT-2026-00354,ANON-TOKEN-2ECBF03488,2,Coimbatore,9,25,Coimbatore West Market,3,Prescription Narcotics / Codeine / Alprazolam,2025-12-02 01:40:13,BOT,NEEDS_VERIFICATION,0
CIT-2026-00355,ANON-TOKEN-7FB238D691,18,Tiruvallur,86,258,Tiruvallur North Industrial Bypass,2,Synthetic Stimulants / MDMA / Meth,2025-11-11 11:24:14,TOLL_FREE_IVR,NEEDS_VERIFICATION,0
CIT-2026-00356,ANON-TOKEN-B3B16D94A7,10,Krishnagiri,48,143,Krishnagiri East Campus Zone,1,Commercial Ganja / Cannabis,2024-12-24 08:54:56,WEB_PORTAL,DISMISSED,0
CIT-2026-00357,ANON-TOKEN-55E0AE5CEE,9,Vellore,44,131,Vellore West Campus Zone,6,Unclassified / Suspicious Substance,2025-08-25 17:27:34,BOT,NEEDS_VERIFICATION,1
CIT-2026-00358,ANON-TOKEN-27E45DCBE0,17,Chengalpattu,82,245,Chengalpattu South Campus Zone,1,Commercial Ganja / Cannabis,2025-08-01 11:10:37,TOLL_FREE_IVR,DISMISSED,0
CIT-2026-00359,ANON-TOKEN-EC0DF5CE7F,7,Erode,31,93,Erode North Industrial Bypass,4,Chemical Precursors / Ephedrine,2024-12-03 04:23:50,BOT,UNVERIFIED,0
CIT-2026-00360,ANON-TOKEN-284EC4667C,17,Chengalpattu,83,248,Chengalpattu East Campus Zone,5,Opioid Analogues / Brown Sugar / Heroin,2025-10-29 04:11:46,BOT,CORROBORATED,0
CIT-2026-00361,ANON-TOKEN-C879E98AE6,29,Sivaganga,145,435,Sivaganga Central Industrial Bypass,3,Prescription Narcotics / Codeine / Alprazolam,2024-10-25 23:12:00,TOLL_FREE_IVR,NEEDS_VERIFICATION,0
CIT-2026-00362,ANON-TOKEN-3C74E40353,7,Erode,32,94,Erode South Market,5,Opioid Analogues / Brown Sugar / Heroin,2025-05-05 15:45:26,MOBILE_APP,NEEDS_VERIFICATION,0
CIT-2026-00363,ANON-TOKEN-FA9B38C875,17,Chengalpattu,84,252,Chengalpattu West Industrial Bypass,2,Synthetic Stimulants / MDMA / Meth,2025-03-04 14:26:07,MOBILE_APP,CORROBORATED,0
CIT-2026-00364,ANON-TOKEN-FB2BDA3488,33,Thiruvarur,165,494,Thiruvarur Central Campus Zone,3,Prescription Narcotics / Codeine / Alprazolam,2025-04-17 10:17:01,TOLL_FREE_IVR,DISMISSED,0
CIT-2026-00365,ANON-TOKEN-CF12248D4A,10,Krishnagiri,47,139,Krishnagiri South Market,6,Unclassified / Suspicious Substance,2026-04-08 11:51:56,WEB_PORTAL,CORROBORATED,0
CIT-2026-00366,ANON-TOKEN-A2DC2D1223,15,Tenkasi,71,212,Tenkasi North Campus Zone,3,Prescription Narcotics / Codeine / Alprazolam,2024-12-06 21:12:04,MOBILE_APP,UNVERIFIED,0
CIT-2026-00367,ANON-TOKEN-E0DB86E5FA,13,Thoothukudi,61,182,Thoothukudi North Campus Zone,3,Prescription Narcotics / Codeine / Alprazolam,2025-10-21 19:43:34,TOLL_FREE_IVR,NEEDS_VERIFICATION,0
CIT-2026-00368,ANON-TOKEN-76F650C985,13,Thoothukudi,62,186,Thoothukudi South Industrial Bypass,4,Chemical Precursors / Ephedrine,2026-06-18 09:31:39,WEB_PORTAL,NEEDS_VERIFICATION,0
CIT-2026-00369,ANON-TOKEN-6CC9CF843E,31,Virudhunagar,152,454,Virudhunagar South Market,4,Chemical Precursors / Ephedrine,2026-01-04 07:08:51,BOT,UNVERIFIED,0
CIT-2026-00370,ANON-TOKEN-7E5109E1A3,32,Theni,159,477,Theni West Industrial Bypass,3,Prescription Narcotics / Codeine / Alprazolam,2026-04-18 22:20:57,MOBILE_APP,NEEDS_VERIFICATION,0
CIT-2026-00371,ANON-TOKEN-20C0B374E5,23,Namakkal,115,344,Namakkal Central Campus Zone,5,Opioid Analogues / Brown Sugar / Heroin,2025-01-14 02:24:43,WEB_PORTAL,DISMISSED,1
CIT-2026-00372,ANON-TOKEN-BAD531528D,21,Kallakurichi,105,314,Kallakurichi Central Campus Zone,4,Chemical Precursors / Ephedrine,2025-06-25 09:31:56,BOT,NEEDS_VERIFICATION,0
CIT-2026-00373,ANON-TOKEN-3085138B83,18,Tiruvallur,86,257,Tiruvallur North Campus Zone,3,Prescription Narcotics / Codeine / Alprazolam,2025-01-18 00:07:57,MOBILE_APP,UNVERIFIED,1
CIT-2026-00374,ANON-TOKEN-FA7FC87180,4,Salem,18,54,Salem East Industrial Bypass,5,Opioid Analogues / Brown Sugar / Heroin,2025-04-17 08:27:38,WEB_PORTAL,NEEDS_VERIFICATION,0
CIT-2026-00375,ANON-TOKEN-A83CCF740F,17,Chengalpattu,83,249,Chengalpattu East Industrial Bypass,1,Commercial Ganja / Cannabis,2025-06-09 04:41:10,BOT,CORROBORATED,0
CIT-2026-00376,ANON-TOKEN-4A8980BC62,24,Nilgiris,118,352,Nilgiris East Market,1,Commercial Ganja / Cannabis,2026-04-11 19:44:50,MOBILE_APP,DISMISSED,0
CIT-2026-00377,ANON-TOKEN-52CE6A27A2,8,Tiruppur,36,106,Tiruppur North Market,6,Unclassified / Suspicious Substance,2025-01-10 23:25:33,TOLL_FREE_IVR,DISMISSED,0
CIT-2026-00378,ANON-TOKEN-E3A9AF1AD5,16,Kancheepuram,77,229,Kancheepuram South Market,1,Commercial Ganja / Cannabis,2025-01-02 17:57:57,MOBILE_APP,UNVERIFIED,0
CIT-2026-00379,ANON-TOKEN-E15DE784A8,28,Pudukkottai,139,416,Pudukkottai West Campus Zone,1,Commercial Ganja / Cannabis,2024-10-29 23:38:45,BOT,NEEDS_VERIFICATION,0
CIT-2026-00380,ANON-TOKEN-350BB107D4,16,Kancheepuram,76,227,Kancheepuram North Campus Zone,5,Opioid Analogues / Brown Sugar / Heroin,2024-09-30 00:42:04,TOLL_FREE_IVR,UNVERIFIED,0
CIT-2026-00381,ANON-TOKEN-72BCFDC4CA,21,Kallakurichi,104,312,Kallakurichi West Industrial Bypass,3,Prescription Narcotics / Codeine / Alprazolam,2025-04-22 15:08:02,TOLL_FREE_IVR,CORROBORATED,0
CIT-2026-00382,ANON-TOKEN-E0BAEC780D,35,Mayiladuthurai,174,521,Mayiladuthurai West Campus Zone,2,Synthetic Stimulants / MDMA / Meth,2026-03-23 19:25:14,TOLL_FREE_IVR,NEEDS_VERIFICATION,0
CIT-2026-00383,ANON-TOKEN-49D59E66DA,13,Thoothukudi,62,184,Thoothukudi South Market,4,Chemical Precursors / Ephedrine,2025-07-06 07:01:22,WEB_PORTAL,NEEDS_VERIFICATION,0
CIT-2026-00384,ANON-TOKEN-DEAC611DE7,8,Tiruppur,38,112,Tiruppur East Market,4,Chemical Precursors / Ephedrine,2025-11-03 12:01:28,WEB_PORTAL,CORROBORATED,0
CIT-2026-00385,ANON-TOKEN-197CC767E0,35,Mayiladuthurai,171,511,Mayiladuthurai North Market,2,Synthetic Stimulants / MDMA / Meth,2026-02-09 09:16:41,TOLL_FREE_IVR,UNVERIFIED,0
CIT-2026-00386,ANON-TOKEN-3ED7A0FBD8,20,Viluppuram,97,291,Viluppuram South Industrial Bypass,5,Opioid Analogues / Brown Sugar / Heroin,2026-08-18 15:13:27,WEB_PORTAL,NEEDS_VERIFICATION,0
CIT-2026-00387,ANON-TOKEN-A39F1CA27E,7,Erode,35,103,Erode Central Market,2,Synthetic Stimulants / MDMA / Meth,2026-08-17 04:24:13,MOBILE_APP,DISMISSED,0
CIT-2026-00388,ANON-TOKEN-C59BC95130,35,Mayiladuthurai,173,519,Mayiladuthurai East Industrial Bypass,2,Synthetic Stimulants / MDMA / Meth,2026-07-31 06:43:19,TOLL_FREE_IVR,NEEDS_VERIFICATION,0
CIT-2026-00389,ANON-TOKEN-89146E93B2,38,Tiruvannamalai,189,565,Tiruvannamalai West Market,5,Opioid Analogues / Brown Sugar / Heroin,2026-06-18 01:00:32,MOBILE_APP,NEEDS_VERIFICATION,0
CIT-2026-00390,ANON-TOKEN-CE1BE5C753,21,Kallakurichi,102,305,Kallakurichi South Campus Zone,5,Opioid Analogues / Brown Sugar / Heroin,2025-03-29 02:54:41,BOT,NEEDS_VERIFICATION,0
CIT-2026-00391,ANON-TOKEN-05D728F90D,7,Erode,32,95,Erode South Campus Zone,6,Unclassified / Suspicious Substance,2026-03-31 02:01:35,WEB_PORTAL,DISMISSED,0
CIT-2026-00392,ANON-TOKEN-3FE525AD6D,32,Theni,156,467,Theni North Campus Zone,2,Synthetic Stimulants / MDMA / Meth,2025-07-31 11:32:40,WEB_PORTAL,DISMISSED,0
CIT-2026-00393,ANON-TOKEN-9D6A48AC29,13,Thoothukudi,64,191,Thoothukudi West Campus Zone,3,Prescription Narcotics / Codeine / Alprazolam,2026-03-01 20:20:46,WEB_PORTAL,CORROBORATED,0
CIT-2026-00394,ANON-TOKEN-FA67475FAD,11,Dindigul,52,156,Dindigul South Industrial Bypass,2,Synthetic Stimulants / MDMA / Meth,2026-07-23 13:09:30,BOT,UNVERIFIED,0
CIT-2026-00395,ANON-TOKEN-0C279C992A,2,Coimbatore,6,17,Coimbatore North Campus Zone,5,Opioid Analogues / Brown Sugar / Heroin,2025-10-31 10:36:47,TOLL_FREE_IVR,NEEDS_VERIFICATION,1
CIT-2026-00396,ANON-TOKEN-08BB5D8401,18,Tiruvallur,90,270,Tiruvallur Central Industrial Bypass,5,Opioid Analogues / Brown Sugar / Heroin,2025-12-22 04:39:50,MOBILE_APP,DISMISSED,1
CIT-2026-00397,ANON-TOKEN-ECD9624832,19,Cuddalore,91,272,Cuddalore North Campus Zone,3,Prescription Narcotics / Codeine / Alprazolam,2026-06-11 12:39:18,BOT,DISMISSED,0
CIT-2026-00398,ANON-TOKEN-D8F2B994D1,12,Thanjavur,56,168,Thanjavur North Industrial Bypass,1,Commercial Ganja / Cannabis,2024-11-12 12:54:25,BOT,UNVERIFIED,0
CIT-2026-00399,ANON-TOKEN-623D5EF1DC,25,Karur,122,365,Karur South Campus Zone,4,Chemical Precursors / Ephedrine,2026-01-16 14:41:31,MOBILE_APP,NEEDS_VERIFICATION,0
CIT-2026-00400,ANON-TOKEN-A60E032253,25,Karur,123,368,Karur East Campus Zone,4,Chemical Precursors / Ephedrine,2025-03-23 08:38:44,WEB_PORTAL,UNVERIFIED,0
CIT-2026-00401,ANON-TOKEN-F74753A390,29,Sivaganga,145,435,Sivaganga Central Industrial Bypass,4,Chemical Precursors / Ephedrine,2025-03-05 09:23:51,MOBILE_APP,DISMISSED,0
CIT-2026-00402,ANON-TOKEN-205F0936B2,19,Cuddalore,91,271,Cuddalore North Market,2,Synthetic Stimulants / MDMA / Meth,2026-04-17 05:39:27,BOT,NEEDS_VERIFICATION,0
CIT-2026-00403,ANON-TOKEN-7A2D3BBE89,22,Dharmapuri,107,320,Dharmapuri South Campus Zone,2,Synthetic Stimulants / MDMA / Meth,2025-11-09 07:27:51,MOBILE_APP,UNVERIFIED,0
CIT-2026-00404,ANON-TOKEN-9604EBE469,5,Tiruchirappalli,22,66,Tiruchirappalli South Industrial Bypass,3,Prescription Narcotics / Codeine / Alprazolam,2026-04-25 01:12:32,BOT,NEEDS_VERIFICATION,1
CIT-2026-00405,ANON-TOKEN-AF80E8EE8D,35,Mayiladuthurai,171,513,Mayiladuthurai North Industrial Bypass,5,Opioid Analogues / Brown Sugar / Heroin,2026-03-30 07:47:06,MOBILE_APP,NEEDS_VERIFICATION,0
CIT-2026-00406,ANON-TOKEN-50C8F356C1,29,Sivaganga,145,434,Sivaganga Central Campus Zone,6,Unclassified / Suspicious Substance,2026-02-18 02:28:31,MOBILE_APP,DISMISSED,0
CIT-2026-00407,ANON-TOKEN-965EBCACC9,10,Krishnagiri,46,137,Krishnagiri North Campus Zone,3,Prescription Narcotics / Codeine / Alprazolam,2025-04-08 05:26:10,TOLL_FREE_IVR,NEEDS_VERIFICATION,0
CIT-2026-00408,ANON-TOKEN-453A061ED4,9,Vellore,42,125,Vellore South Campus Zone,4,Chemical Precursors / Ephedrine,2025-01-16 21:51:49,TOLL_FREE_IVR,UNVERIFIED,0
CIT-2026-00409,ANON-TOKEN-BF4E4852B1,24,Nilgiris,116,346,Nilgiris North Market,3,Prescription Narcotics / Codeine / Alprazolam,2026-08-13 18:18:24,WEB_PORTAL,CORROBORATED,0
CIT-2026-00410,ANON-TOKEN-358C809422,13,Thoothukudi,65,194,Thoothukudi Central Campus Zone,6,Unclassified / Suspicious Substance,2024-10-04 20:53:27,BOT,NEEDS_VERIFICATION,0
CIT-2026-00411,ANON-TOKEN-6D244B72CA,38,Tiruvannamalai,190,570,Tiruvannamalai Central Industrial Bypass,2,Synthetic Stimulants / MDMA / Meth,2025-12-20 16:52:27,MOBILE_APP,NEEDS_VERIFICATION,0
CIT-2026-00412,ANON-TOKEN-2D1CC58D0A,10,Krishnagiri,49,146,Krishnagiri West Campus Zone,5,Opioid Analogues / Brown Sugar / Heroin,2025-03-12 17:00:55,BOT,DISMISSED,0
CIT-2026-00413,ANON-TOKEN-AF96F66128,18,Tiruvallur,86,256,Tiruvallur North Market,2,Synthetic Stimulants / MDMA / Meth,2024-11-30 09:35:32,MOBILE_APP,NEEDS_VERIFICATION,0
CIT-2026-00414,ANON-TOKEN-985C51693E,14,Kanniyakumari,66,197,Kanniyakumari North Campus Zone,3,Prescription Narcotics / Codeine / Alprazolam,2025-02-01 20:00:35,BOT,NEEDS_VERIFICATION,0
CIT-2026-00415,ANON-TOKEN-8A50377F9F,6,Tirunelveli,28,83,Tirunelveli East Campus Zone,4,Chemical Precursors / Ephedrine,2025-10-21 08:58:22,TOLL_FREE_IVR,UNVERIFIED,0
CIT-2026-00416,ANON-TOKEN-7196FA7DD2,20,Viluppuram,96,287,Viluppuram North Campus Zone,1,Commercial Ganja / Cannabis,2025-07-16 20:55:53,TOLL_FREE_IVR,CORROBORATED,0
CIT-2026-00417,ANON-TOKEN-F4243DEB98,6,Tirunelveli,29,86,Tirunelveli West Campus Zone,2,Synthetic Stimulants / MDMA / Meth,2026-02-24 19:22:09,BOT,DISMISSED,0
CIT-2026-00418,ANON-TOKEN-8B603569C8,13,Thoothukudi,61,183,Thoothukudi North Industrial Bypass,3,Prescription Narcotics / Codeine / Alprazolam,2026-03-21 20:13:29,BOT,CORROBORATED,0
CIT-2026-00419,ANON-TOKEN-580BE7CB75,11,Dindigul,54,160,Dindigul West Market,4,Chemical Precursors / Ephedrine,2024-12-30 10:17:59,MOBILE_APP,CORROBORATED,0
CIT-2026-00420,ANON-TOKEN-2D69AFD605,25,Karur,122,365,Karur South Campus Zone,3,Prescription Narcotics / Codeine / Alprazolam,2026-04-20 17:57:59,MOBILE_APP,NEEDS_VERIFICATION,0
CIT-2026-00421,ANON-TOKEN-145ED14144,16,Kancheepuram,76,227,Kancheepuram North Campus Zone,4,Chemical Precursors / Ephedrine,2024-11-02 10:14:02,MOBILE_APP,DISMISSED,0
CIT-2026-00422,ANON-TOKEN-E84ECF0536,27,Perambalur,134,400,Perambalur West Market,2,Synthetic Stimulants / MDMA / Meth,2026-05-02 01:46:33,WEB_PORTAL,UNVERIFIED,0
CIT-2026-00423,ANON-TOKEN-A1E24F81AF,5,Tiruchirappalli,24,72,Tiruchirappalli West Industrial Bypass,4,Chemical Precursors / Ephedrine,2026-02-25 07:21:58,WEB_PORTAL,NEEDS_VERIFICATION,0
CIT-2026-00424,ANON-TOKEN-70358584D6,5,Tiruchirappalli,22,64,Tiruchirappalli South Market,3,Prescription Narcotics / Codeine / Alprazolam,2025-09-15 09:32:06,TOLL_FREE_IVR,NEEDS_VERIFICATION,0
CIT-2026-00425,ANON-TOKEN-1C2653C845,16,Kancheepuram,80,240,Kancheepuram Central Industrial Bypass,4,Chemical Precursors / Ephedrine,2025-03-26 23:06:01,TOLL_FREE_IVR,UNVERIFIED,0
CIT-2026-00426,ANON-TOKEN-721E520351,7,Erode,31,93,Erode North Industrial Bypass,3,Prescription Narcotics / Codeine / Alprazolam,2025-01-29 13:30:27,TOLL_FREE_IVR,UNVERIFIED,0
CIT-2026-00427,ANON-TOKEN-B109B89520,7,Erode,34,100,Erode West Market,5,Opioid Analogues / Brown Sugar / Heroin,2025-12-23 17:35:59,WEB_PORTAL,NEEDS_VERIFICATION,0
CIT-2026-00428,ANON-TOKEN-1E435E7749,7,Erode,33,99,Erode East Industrial Bypass,6,Unclassified / Suspicious Substance,2025-10-21 23:48:42,BOT,DISMISSED,0
CIT-2026-00429,ANON-TOKEN-0AE47531E3,33,Thiruvarur,165,494,Thiruvarur Central Campus Zone,6,Unclassified / Suspicious Substance,2025-01-24 12:13:02,MOBILE_APP,DISMISSED,0
CIT-2026-00430,ANON-TOKEN-133F5E8E0A,13,Thoothukudi,62,186,Thoothukudi South Industrial Bypass,6,Unclassified / Suspicious Substance,2025-09-19 09:44:51,TOLL_FREE_IVR,UNVERIFIED,0
CIT-2026-00431,ANON-TOKEN-B8C8F36C35,11,Dindigul,52,154,Dindigul South Market,1,Commercial Ganja / Cannabis,2025-04-06 16:29:15,WEB_PORTAL,NEEDS_VERIFICATION,0
CIT-2026-00432,ANON-TOKEN-2E172E4BAE,13,Thoothukudi,62,184,Thoothukudi South Market,4,Chemical Precursors / Ephedrine,2026-01-03 11:07:08,BOT,CORROBORATED,0
CIT-2026-00433,ANON-TOKEN-66F372DA01,20,Viluppuram,98,294,Viluppuram East Industrial Bypass,1,Commercial Ganja / Cannabis,2026-04-28 19:14:17,MOBILE_APP,CORROBORATED,0
CIT-2026-00434,ANON-TOKEN-50EF3BDA1B,2,Coimbatore,10,29,Coimbatore Central Campus Zone,4,Chemical Precursors / Ephedrine,2025-06-23 04:02:57,BOT,CORROBORATED,0
CIT-2026-00435,ANON-TOKEN-ACC098AB4D,7,Erode,32,95,Erode South Campus Zone,4,Chemical Precursors / Ephedrine,2025-04-30 08:31:39,MOBILE_APP,DISMISSED,0
CIT-2026-00436,ANON-TOKEN-E91DBB2C5F,24,Nilgiris,117,351,Nilgiris South Industrial Bypass,4,Chemical Precursors / Ephedrine,2026-06-07 03:19:10,BOT,CORROBORATED,0
CIT-2026-00437,ANON-TOKEN-3AA3DE2E2F,22,Dharmapuri,107,321,Dharmapuri South Industrial Bypass,5,Opioid Analogues / Brown Sugar / Heroin,2024-12-19 06:58:05,WEB_PORTAL,DISMISSED,1
CIT-2026-00438,ANON-TOKEN-5803551C02,4,Salem,17,50,Salem South Campus Zone,5,Opioid Analogues / Brown Sugar / Heroin,2025-01-27 09:39:36,WEB_PORTAL,CORROBORATED,0
CIT-2026-00439,ANON-TOKEN-687AB129A9,15,Tenkasi,72,214,Tenkasi South Market,6,Unclassified / Suspicious Substance,2025-02-13 09:21:44,BOT,DISMISSED,1
CIT-2026-00440,ANON-TOKEN-F4A59466E4,5,Tiruchirappalli,23,69,Tiruchirappalli East Industrial Bypass,1,Commercial Ganja / Cannabis,2025-02-11 04:28:16,WEB_PORTAL,DISMISSED,0
CIT-2026-00441,ANON-TOKEN-09AB13C5DF,13,Thoothukudi,65,193,Thoothukudi Central Market,4,Chemical Precursors / Ephedrine,2026-05-15 06:05:35,TOLL_FREE_IVR,UNVERIFIED,1
CIT-2026-00442,ANON-TOKEN-92BD43F97C,3,Madurai,11,33,Madurai North Industrial Bypass,1,Commercial Ganja / Cannabis,2025-02-18 05:00:33,WEB_PORTAL,DISMISSED,0
CIT-2026-00443,ANON-TOKEN-7C995E0F15,14,Kanniyakumari,68,204,Kanniyakumari East Industrial Bypass,4,Chemical Precursors / Ephedrine,2025-04-14 01:10:43,TOLL_FREE_IVR,DISMISSED,0
CIT-2026-00444,ANON-TOKEN-FA10CF6460,21,Kallakurichi,105,314,Kallakurichi Central Campus Zone,5,Opioid Analogues / Brown Sugar / Heroin,2025-05-25 08:06:40,BOT,UNVERIFIED,0
CIT-2026-00445,ANON-TOKEN-9521F42C8A,36,Ranipet,176,527,Ranipet North Campus Zone,5,Opioid Analogues / Brown Sugar / Heroin,2026-07-31 23:52:15,MOBILE_APP,NEEDS_VERIFICATION,0
CIT-2026-00446,ANON-TOKEN-CD8AC9A165,32,Theni,156,467,Theni North Campus Zone,2,Synthetic Stimulants / MDMA / Meth,2025-12-04 07:59:23,TOLL_FREE_IVR,UNVERIFIED,0
CIT-2026-00447,ANON-TOKEN-B5636E3FD2,26,Ariyalur,128,383,Ariyalur East Campus Zone,3,Prescription Narcotics / Codeine / Alprazolam,2024-11-26 23:54:49,TOLL_FREE_IVR,NEEDS_VERIFICATION,0
CIT-2026-00448,ANON-TOKEN-4C925C1958,21,Kallakurichi,102,305,Kallakurichi South Campus Zone,6,Unclassified / Suspicious Substance,2025-09-02 04:46:40,TOLL_FREE_IVR,CORROBORATED,1
CIT-2026-00449,ANON-TOKEN-3A94C9CAA3,28,Pudukkottai,140,419,Pudukkottai Central Campus Zone,2,Synthetic Stimulants / MDMA / Meth,2026-03-12 17:15:32,WEB_PORTAL,UNVERIFIED,0
CIT-2026-00450,ANON-TOKEN-B4E1361AEE,25,Karur,124,372,Karur West Industrial Bypass,6,Unclassified / Suspicious Substance,2025-08-16 14:18:36,WEB_PORTAL,NEEDS_VERIFICATION,0
CIT-2026-00451,ANON-TOKEN-2CFC3C4878,38,Tiruvannamalai,186,556,Tiruvannamalai North Market,4,Chemical Precursors / Ephedrine,2025-04-08 04:22:50,WEB_PORTAL,CORROBORATED,0
CIT-2026-00452,ANON-TOKEN-228F4AAE38,19,Cuddalore,92,275,Cuddalore South Campus Zone,3,Prescription Narcotics / Codeine / Alprazolam,2025-10-16 13:39:35,TOLL_FREE_IVR,DISMISSED,1
CIT-2026-00453,ANON-TOKEN-9E62AB0A28,17,Chengalpattu,81,241,Chengalpattu North Market,5,Opioid Analogues / Brown Sugar / Heroin,2025-02-02 00:45:58,TOLL_FREE_IVR,UNVERIFIED,0
CIT-2026-00454,ANON-TOKEN-6651DC7912,31,Virudhunagar,154,461,Virudhunagar West Campus Zone,3,Prescription Narcotics / Codeine / Alprazolam,2025-04-27 14:21:25,WEB_PORTAL,CORROBORATED,0
CIT-2026-00455,ANON-TOKEN-08309DC3FD,31,Virudhunagar,151,453,Virudhunagar North Industrial Bypass,4,Chemical Precursors / Ephedrine,2025-12-15 18:53:16,MOBILE_APP,UNVERIFIED,0
CIT-2026-00456,ANON-TOKEN-01A447FF75,33,Thiruvarur,161,481,Thiruvarur North Market,4,Chemical Precursors / Ephedrine,2026-08-01 13:11:16,WEB_PORTAL,DISMISSED,0
CIT-2026-00457,ANON-TOKEN-900DE24244,5,Tiruchirappalli,25,74,Tiruchirappalli Central Campus Zone,5,Opioid Analogues / Brown Sugar / Heroin,2025-02-03 17:19:56,TOLL_FREE_IVR,NEEDS_VERIFICATION,0
CIT-2026-00458,ANON-TOKEN-40289D1848,9,Vellore,44,130,Vellore West Market,3,Prescription Narcotics / Codeine / Alprazolam,2025-09-10 18:27:50,MOBILE_APP,UNVERIFIED,0
CIT-2026-00459,ANON-TOKEN-67060A07B5,31,Virudhunagar,154,460,Virudhunagar West Market,3,Prescription Narcotics / Codeine / Alprazolam,2026-02-12 00:28:17,WEB_PORTAL,CORROBORATED,0
CIT-2026-00460,ANON-TOKEN-F394344CEA,35,Mayiladuthurai,174,521,Mayiladuthurai West Campus Zone,2,Synthetic Stimulants / MDMA / Meth,2025-05-15 11:07:38,TOLL_FREE_IVR,NEEDS_VERIFICATION,0
CIT-2026-00461,ANON-TOKEN-81A4855559,3,Madurai,12,34,Madurai South Market,1,Commercial Ganja / Cannabis,2025-01-10 17:29:01,WEB_PORTAL,UNVERIFIED,0
CIT-2026-00462,ANON-TOKEN-6AE61D0C70,28,Pudukkottai,138,413,Pudukkottai East Campus Zone,4,Chemical Precursors / Ephedrine,2025-12-08 12:54:00,WEB_PORTAL,NEEDS_VERIFICATION,0
CIT-2026-00463,ANON-TOKEN-2F88054877,30,Ramanathapuram,147,439,Ramanathapuram South Market,6,Unclassified / Suspicious Substance,2026-04-29 10:29:23,BOT,DISMISSED,0
CIT-2026-00464,ANON-TOKEN-C56F17CF4D,10,Krishnagiri,49,147,Krishnagiri West Industrial Bypass,5,Opioid Analogues / Brown Sugar / Heroin,2025-01-12 12:39:22,BOT,NEEDS_VERIFICATION,0
CIT-2026-00465,ANON-TOKEN-5568467481,18,Tiruvallur,89,265,Tiruvallur West Market,1,Commercial Ganja / Cannabis,2025-09-29 21:35:54,BOT,UNVERIFIED,0
CIT-2026-00466,ANON-TOKEN-CE704ECE71,21,Kallakurichi,102,306,Kallakurichi South Industrial Bypass,4,Chemical Precursors / Ephedrine,2025-03-13 00:25:25,WEB_PORTAL,CORROBORATED,0
CIT-2026-00467,ANON-TOKEN-005EB88467,25,Karur,122,364,Karur South Market,4,Chemical Precursors / Ephedrine,2025-08-08 16:51:15,TOLL_FREE_IVR,CORROBORATED,0
CIT-2026-00468,ANON-TOKEN-857683A834,24,Nilgiris,119,356,Nilgiris West Campus Zone,1,Commercial Ganja / Cannabis,2026-07-06 04:18:07,MOBILE_APP,CORROBORATED,0
CIT-2026-00469,ANON-TOKEN-5C97E7E0CC,36,Ranipet,180,540,Ranipet Central Industrial Bypass,1,Commercial Ganja / Cannabis,2025-02-24 07:48:10,TOLL_FREE_IVR,CORROBORATED,0
CIT-2026-00470,ANON-TOKEN-6DDDEE2115,22,Dharmapuri,107,320,Dharmapuri South Campus Zone,2,Synthetic Stimulants / MDMA / Meth,2026-03-18 23:25:47,TOLL_FREE_IVR,DISMISSED,0
CIT-2026-00471,ANON-TOKEN-103F98D356,9,Vellore,43,128,Vellore East Campus Zone,4,Chemical Precursors / Ephedrine,2025-08-21 13:19:04,BOT,CORROBORATED,0
CIT-2026-00472,ANON-TOKEN-7B3BCA2A3F,11,Dindigul,51,152,Dindigul North Campus Zone,5,Opioid Analogues / Brown Sugar / Heroin,2025-04-16 20:21:28,TOLL_FREE_IVR,DISMISSED,0
CIT-2026-00473,ANON-TOKEN-92781D1E04,6,Tirunelveli,27,80,Tirunelveli South Campus Zone,4,Chemical Precursors / Ephedrine,2026-08-09 22:56:13,BOT,UNVERIFIED,0
CIT-2026-00474,ANON-TOKEN-A479DA2948,28,Pudukkottai,140,418,Pudukkottai Central Market,4,Chemical Precursors / Ephedrine,2026-07-14 01:02:24,BOT,UNVERIFIED,0
CIT-2026-00475,ANON-TOKEN-7B2D2CA523,38,Tiruvannamalai,189,566,Tiruvannamalai West Campus Zone,4,Chemical Precursors / Ephedrine,2025-08-07 14:44:09,MOBILE_APP,UNVERIFIED,0
CIT-2026-00476,ANON-TOKEN-956645D8AB,16,Kancheepuram,80,240,Kancheepuram Central Industrial Bypass,4,Chemical Precursors / Ephedrine,2025-09-01 17:02:52,TOLL_FREE_IVR,NEEDS_VERIFICATION,0
CIT-2026-00477,ANON-TOKEN-B453C5EA76,24,Nilgiris,120,358,Nilgiris Central Market,3,Prescription Narcotics / Codeine / Alprazolam,2026-02-09 18:34:16,TOLL_FREE_IVR,NEEDS_VERIFICATION,0
CIT-2026-00478,ANON-TOKEN-D8A3B4AFFC,28,Pudukkottai,140,418,Pudukkottai Central Market,6,Unclassified / Suspicious Substance,2025-06-25 08:28:10,BOT,NEEDS_VERIFICATION,0
CIT-2026-00479,ANON-TOKEN-82355C6FD9,23,Namakkal,115,344,Namakkal Central Campus Zone,4,Chemical Precursors / Ephedrine,2024-12-24 04:45:56,MOBILE_APP,NEEDS_VERIFICATION,0
CIT-2026-00480,ANON-TOKEN-768F7AE964,14,Kanniyakumari,66,196,Kanniyakumari North Market,6,Unclassified / Suspicious Substance,2025-09-02 09:10:50,BOT,UNVERIFIED,0
CIT-2026-00481,ANON-TOKEN-19D0C7C636,25,Karur,121,361,Karur North Market,2,Synthetic Stimulants / MDMA / Meth,2025-06-30 19:05:20,BOT,DISMISSED,0
CIT-2026-00482,ANON-TOKEN-9C3975040C,24,Nilgiris,116,348,Nilgiris North Industrial Bypass,1,Commercial Ganja / Cannabis,2026-07-01 19:33:31,TOLL_FREE_IVR,UNVERIFIED,0
CIT-2026-00483,ANON-TOKEN-84EEB048A6,33,Thiruvarur,164,490,Thiruvarur West Market,4,Chemical Precursors / Ephedrine,2025-08-31 18:46:53,MOBILE_APP,CORROBORATED,0
CIT-2026-00484,ANON-TOKEN-3E837C4BAD,20,Viluppuram,99,295,Viluppuram West Market,6,Unclassified / Suspicious Substance,2025-04-23 01:12:06,TOLL_FREE_IVR,UNVERIFIED,0
CIT-2026-00485,ANON-TOKEN-E66F63783D,6,Tirunelveli,28,83,Tirunelveli East Campus Zone,5,Opioid Analogues / Brown Sugar / Heroin,2026-04-28 12:44:41,TOLL_FREE_IVR,NEEDS_VERIFICATION,0
CIT-2026-00486,ANON-TOKEN-4E8283C747,26,Ariyalur,130,388,Ariyalur Central Market,4,Chemical Precursors / Ephedrine,2025-09-21 23:44:23,MOBILE_APP,CORROBORATED,0
CIT-2026-00487,ANON-TOKEN-0AC4077D61,30,Ramanathapuram,146,436,Ramanathapuram North Market,1,Commercial Ganja / Cannabis,2024-11-21 22:12:08,TOLL_FREE_IVR,CORROBORATED,0
CIT-2026-00488,ANON-TOKEN-BAC470D46B,8,Tiruppur,39,115,Tiruppur West Market,1,Commercial Ganja / Cannabis,2025-04-20 21:43:56,WEB_PORTAL,CORROBORATED,0
CIT-2026-00489,ANON-TOKEN-2EA5E6726D,30,Ramanathapuram,150,450,Ramanathapuram Central Industrial Bypass,6,Unclassified / Suspicious Substance,2025-02-19 20:27:20,BOT,UNVERIFIED,0
CIT-2026-00490,ANON-TOKEN-2FEF786874,31,Virudhunagar,152,456,Virudhunagar South Industrial Bypass,6,Unclassified / Suspicious Substance,2026-02-06 10:21:55,WEB_PORTAL,DISMISSED,1
CIT-2026-00491,ANON-TOKEN-7256021182,38,Tiruvannamalai,189,566,Tiruvannamalai West Campus Zone,6,Unclassified / Suspicious Substance,2026-06-11 00:25:15,TOLL_FREE_IVR,UNVERIFIED,0
CIT-2026-00492,ANON-TOKEN-AABA11CAA9,28,Pudukkottai,140,420,Pudukkottai Central Industrial Bypass,6,Unclassified / Suspicious Substance,2025-03-27 04:25:45,TOLL_FREE_IVR,CORROBORATED,0
CIT-2026-00493,ANON-TOKEN-4ADDD913FC,38,Tiruvannamalai,186,556,Tiruvannamalai North Market,3,Prescription Narcotics / Codeine / Alprazolam,2026-06-08 22:31:05,MOBILE_APP,UNVERIFIED,0
CIT-2026-00494,ANON-TOKEN-92D55065E9,17,Chengalpattu,83,248,Chengalpattu East Campus Zone,4,Chemical Precursors / Ephedrine,2026-04-01 07:26:25,WEB_PORTAL,NEEDS_VERIFICATION,0
CIT-2026-00495,ANON-TOKEN-5FD906593E,31,Virudhunagar,153,458,Virudhunagar East Campus Zone,4,Chemical Precursors / Ephedrine,2025-02-16 07:35:18,WEB_PORTAL,NEEDS_VERIFICATION,0
CIT-2026-00496,ANON-TOKEN-A12C28C73C,26,Ariyalur,130,388,Ariyalur Central Market,1,Commercial Ganja / Cannabis,2025-10-24 05:15:31,MOBILE_APP,UNVERIFIED,0
CIT-2026-00497,ANON-TOKEN-5B12D99C08,36,Ranipet,176,526,Ranipet North Market,4,Chemical Precursors / Ephedrine,2026-07-11 19:56:07,TOLL_FREE_IVR,DISMISSED,0
CIT-2026-00498,ANON-TOKEN-BEE5FD575D,38,Tiruvannamalai,189,565,Tiruvannamalai West Market,5,Opioid Analogues / Brown Sugar / Heroin,2025-10-10 11:50:53,TOLL_FREE_IVR,UNVERIFIED,0
CIT-2026-00499,ANON-TOKEN-801D2687E5,30,Ramanathapuram,149,446,Ramanathapuram West Campus Zone,2,Synthetic Stimulants / MDMA / Meth,2025-05-09 13:11:12,MOBILE_APP,CORROBORATED,0
CIT-2026-00500,ANON-TOKEN-D0EDBB1E03,22,Dharmapuri,110,329,Dharmapuri Central Campus Zone,4,Chemical Precursors / Ephedrine,2026-03-11 08:42:28,MOBILE_APP,CORROBORATED,0
CIT-2026-00501,ANON-TOKEN-50E018406E,25,Karur,121,361,Karur North Market,4,Chemical Precursors / Ephedrine,2026-04-26 04:53:46,BOT,UNVERIFIED,0
CIT-2026-00502,ANON-TOKEN-95D1F399EC,13,Thoothukudi,62,185,Thoothukudi South Campus Zone,4,Chemical Precursors / Ephedrine,2024-10-21 10:06:59,WEB_PORTAL,NEEDS_VERIFICATION,0
CIT-2026-00503,ANON-TOKEN-5DFE0B26EA,5,Tiruchirappalli,21,62,Tiruchirappalli North Campus Zone,6,Unclassified / Suspicious Substance,2026-03-01 17:14:48,MOBILE_APP,NEEDS_VERIFICATION,0
CIT-2026-00504,ANON-TOKEN-30CBCAE2FA,7,Erode,32,94,Erode South Market,3,Prescription Narcotics / Codeine / Alprazolam,2026-08-05 13:48:51,WEB_PORTAL,DISMISSED,0
CIT-2026-00505,ANON-TOKEN-E8657A2AC8,23,Namakkal,115,344,Namakkal Central Campus Zone,3,Prescription Narcotics / Codeine / Alprazolam,2025-08-12 18:47:34,MOBILE_APP,DISMISSED,0
CIT-2026-00506,ANON-TOKEN-B48D1B2A91,35,Mayiladuthurai,175,523,Mayiladuthurai Central Market,3,Prescription Narcotics / Codeine / Alprazolam,2025-07-23 11:18:52,MOBILE_APP,CORROBORATED,0
CIT-2026-00507,ANON-TOKEN-ADCB6FB482,12,Thanjavur,59,177,Thanjavur West Industrial Bypass,5,Opioid Analogues / Brown Sugar / Heroin,2025-01-14 23:44:14,WEB_PORTAL,NEEDS_VERIFICATION,1
CIT-2026-00508,ANON-TOKEN-A93DC4DB75,37,Tirupathur,185,555,Tirupathur Central Industrial Bypass,6,Unclassified / Suspicious Substance,2025-04-26 09:16:40,BOT,NEEDS_VERIFICATION,0
CIT-2026-00509,ANON-TOKEN-441FDBCC15,13,Thoothukudi,65,193,Thoothukudi Central Market,3,Prescription Narcotics / Codeine / Alprazolam,2025-01-21 20:13:23,WEB_PORTAL,UNVERIFIED,0
CIT-2026-00510,ANON-TOKEN-0FCE38191A,38,Tiruvannamalai,188,562,Tiruvannamalai East Market,5,Opioid Analogues / Brown Sugar / Heroin,2026-07-03 17:13:00,BOT,NEEDS_VERIFICATION,0
CIT-2026-00511,ANON-TOKEN-1C3A0A1155,2,Coimbatore,10,29,Coimbatore Central Campus Zone,4,Chemical Precursors / Ephedrine,2025-10-20 21:28:51,TOLL_FREE_IVR,DISMISSED,0
CIT-2026-00512,ANON-TOKEN-1A7D9B68FA,22,Dharmapuri,106,316,Dharmapuri North Market,3,Prescription Narcotics / Codeine / Alprazolam,2025-05-02 00:39:33,WEB_PORTAL,CORROBORATED,0
CIT-2026-00513,ANON-TOKEN-2302F7F73A,8,Tiruppur,39,117,Tiruppur West Industrial Bypass,6,Unclassified / Suspicious Substance,2025-05-02 08:06:15,MOBILE_APP,NEEDS_VERIFICATION,0
CIT-2026-00514,ANON-TOKEN-66FFF9712C,18,Tiruvallur,88,264,Tiruvallur East Industrial Bypass,6,Unclassified / Suspicious Substance,2024-11-28 14:53:32,BOT,NEEDS_VERIFICATION,0
CIT-2026-00515,ANON-TOKEN-F1CD71181F,30,Ramanathapuram,150,448,Ramanathapuram Central Market,6,Unclassified / Suspicious Substance,2026-06-15 02:27:38,BOT,UNVERIFIED,0
CIT-2026-00516,ANON-TOKEN-5D06D50800,2,Coimbatore,6,17,Coimbatore North Campus Zone,2,Synthetic Stimulants / MDMA / Meth,2026-01-12 02:17:38,TOLL_FREE_IVR,NEEDS_VERIFICATION,0
CIT-2026-00517,ANON-TOKEN-A2E8A5FAA0,10,Krishnagiri,50,150,Krishnagiri Central Industrial Bypass,6,Unclassified / Suspicious Substance,2026-08-11 11:09:28,MOBILE_APP,UNVERIFIED,1
CIT-2026-00518,ANON-TOKEN-79C7C77AB5,24,Nilgiris,118,352,Nilgiris East Market,3,Prescription Narcotics / Codeine / Alprazolam,2025-03-15 10:42:08,WEB_PORTAL,CORROBORATED,0
CIT-2026-00519,ANON-TOKEN-132BDECC79,11,Dindigul,54,162,Dindigul West Industrial Bypass,1,Commercial Ganja / Cannabis,2025-04-09 08:26:54,BOT,DISMISSED,0
CIT-2026-00520,ANON-TOKEN-CD8EFB497A,31,Virudhunagar,155,465,Virudhunagar Central Industrial Bypass,4,Chemical Precursors / Ephedrine,2026-02-10 08:34:20,WEB_PORTAL,DISMISSED,0
CIT-2026-00521,ANON-TOKEN-A613207288,12,Thanjavur,60,180,Thanjavur Central Industrial Bypass,1,Commercial Ganja / Cannabis,2026-03-06 09:51:57,TOLL_FREE_IVR,CORROBORATED,0
CIT-2026-00522,ANON-TOKEN-324B2D911B,33,Thiruvarur,164,490,Thiruvarur West Market,4,Chemical Precursors / Ephedrine,2025-02-06 18:06:53,BOT,CORROBORATED,0
CIT-2026-00523,ANON-TOKEN-CEE24A5CC4,10,Krishnagiri,50,149,Krishnagiri Central Campus Zone,2,Synthetic Stimulants / MDMA / Meth,2026-04-02 09:14:24,WEB_PORTAL,CORROBORATED,0
CIT-2026-00524,ANON-TOKEN-B972556777,11,Dindigul,52,154,Dindigul South Market,5,Opioid Analogues / Brown Sugar / Heroin,2024-10-11 10:21:44,TOLL_FREE_IVR,NEEDS_VERIFICATION,0
CIT-2026-00525,ANON-TOKEN-AD582B9AE2,5,Tiruchirappalli,24,70,Tiruchirappalli West Market,4,Chemical Precursors / Ephedrine,2025-11-29 12:53:24,WEB_PORTAL,NEEDS_VERIFICATION,0
CIT-2026-00526,ANON-TOKEN-7EC2392B40,38,Tiruvannamalai,190,568,Tiruvannamalai Central Market,2,Synthetic Stimulants / MDMA / Meth,2024-10-06 00:18:29,TOLL_FREE_IVR,UNVERIFIED,0
CIT-2026-00527,ANON-TOKEN-B53E8D07E1,30,Ramanathapuram,147,441,Ramanathapuram South Industrial Bypass,3,Prescription Narcotics / Codeine / Alprazolam,2025-03-22 21:50:46,WEB_PORTAL,UNVERIFIED,0
CIT-2026-00528,ANON-TOKEN-746F2F109F,4,Salem,17,51,Salem South Industrial Bypass,6,Unclassified / Suspicious Substance,2025-09-15 22:08:22,BOT,DISMISSED,0
CIT-2026-00529,ANON-TOKEN-B500CEB261,13,Thoothukudi,62,186,Thoothukudi South Industrial Bypass,5,Opioid Analogues / Brown Sugar / Heroin,2026-07-05 20:16:33,WEB_PORTAL,NEEDS_VERIFICATION,0
CIT-2026-00530,ANON-TOKEN-FAB392880D,33,Thiruvarur,164,491,Thiruvarur West Campus Zone,3,Prescription Narcotics / Codeine / Alprazolam,2025-11-16 10:27:18,TOLL_FREE_IVR,UNVERIFIED,1
CIT-2026-00531,ANON-TOKEN-8294ECB0A3,33,Thiruvarur,165,493,Thiruvarur Central Market,4,Chemical Precursors / Ephedrine,2025-03-31 05:13:04,TOLL_FREE_IVR,UNVERIFIED,0
CIT-2026-00532,ANON-TOKEN-7E40A4F03E,11,Dindigul,51,151,Dindigul North Market,2,Synthetic Stimulants / MDMA / Meth,2025-01-14 16:06:22,TOLL_FREE_IVR,UNVERIFIED,0
CIT-2026-00533,ANON-TOKEN-E40F74AEB8,28,Pudukkottai,140,420,Pudukkottai Central Industrial Bypass,5,Opioid Analogues / Brown Sugar / Heroin,2026-02-15 06:24:41,MOBILE_APP,NEEDS_VERIFICATION,0
CIT-2026-00534,ANON-TOKEN-436C30DB79,31,Virudhunagar,152,456,Virudhunagar South Industrial Bypass,2,Synthetic Stimulants / MDMA / Meth,2024-12-20 19:12:34,TOLL_FREE_IVR,DISMISSED,0
CIT-2026-00535,ANON-TOKEN-652E38346E,31,Virudhunagar,153,457,Virudhunagar East Market,1,Commercial Ganja / Cannabis,2025-05-31 00:23:37,BOT,UNVERIFIED,0
CIT-2026-00536,ANON-TOKEN-E3CA3B5C1A,34,Nagapattinam,170,510,Nagapattinam Central Industrial Bypass,6,Unclassified / Suspicious Substance,2025-04-17 16:30:46,WEB_PORTAL,UNVERIFIED,0
CIT-2026-00537,ANON-TOKEN-8E02729699,10,Krishnagiri,46,138,Krishnagiri North Industrial Bypass,5,Opioid Analogues / Brown Sugar / Heroin,2025-01-15 00:55:53,BOT,DISMISSED,0
CIT-2026-00538,ANON-TOKEN-EF878F1F7E,17,Chengalpattu,81,242,Chengalpattu North Campus Zone,3,Prescription Narcotics / Codeine / Alprazolam,2025-12-14 04:51:55,TOLL_FREE_IVR,DISMISSED,0
CIT-2026-00539,ANON-TOKEN-EBA4A2F23F,21,Kallakurichi,101,303,Kallakurichi North Industrial Bypass,4,Chemical Precursors / Ephedrine,2025-07-24 14:05:47,WEB_PORTAL,NEEDS_VERIFICATION,0
CIT-2026-00540,ANON-TOKEN-C581984596,4,Salem,16,48,Salem North Industrial Bypass,2,Synthetic Stimulants / MDMA / Meth,2025-02-16 06:36:51,MOBILE_APP,NEEDS_VERIFICATION,0
CIT-2026-00541,ANON-TOKEN-3A52FC87E3,3,Madurai,12,35,Madurai South Campus Zone,4,Chemical Precursors / Ephedrine,2025-03-07 12:23:54,MOBILE_APP,UNVERIFIED,0
CIT-2026-00542,ANON-TOKEN-D9E3A1F736,18,Tiruvallur,87,259,Tiruvallur South Market,4,Chemical Precursors / Ephedrine,2025-11-25 05:29:09,TOLL_FREE_IVR,UNVERIFIED,0
CIT-2026-00543,ANON-TOKEN-4C354756D2,33,Thiruvarur,163,489,Thiruvarur East Industrial Bypass,6,Unclassified / Suspicious Substance,2025-09-14 04:08:58,WEB_PORTAL,NEEDS_VERIFICATION,0
CIT-2026-00544,ANON-TOKEN-D289219CF4,13,Thoothukudi,65,193,Thoothukudi Central Market,5,Opioid Analogues / Brown Sugar / Heroin,2024-10-16 21:51:01,MOBILE_APP,UNVERIFIED,0
CIT-2026-00545,ANON-TOKEN-1DA2470F2B,21,Kallakurichi,102,305,Kallakurichi South Campus Zone,6,Unclassified / Suspicious Substance,2026-07-30 11:21:53,BOT,UNVERIFIED,0
CIT-2026-00546,ANON-TOKEN-6117F979FB,9,Vellore,45,135,Vellore Central Industrial Bypass,3,Prescription Narcotics / Codeine / Alprazolam,2026-07-20 14:24:15,WEB_PORTAL,DISMISSED,0
CIT-2026-00547,ANON-TOKEN-4A5B6A2D79,16,Kancheepuram,78,233,Kancheepuram East Campus Zone,6,Unclassified / Suspicious Substance,2025-08-20 01:18:58,BOT,CORROBORATED,0
CIT-2026-00548,ANON-TOKEN-AF6A4BAD5D,24,Nilgiris,120,360,Nilgiris Central Industrial Bypass,1,Commercial Ganja / Cannabis,2026-06-08 22:42:38,WEB_PORTAL,NEEDS_VERIFICATION,1
CIT-2026-00549,ANON-TOKEN-D4A96E44EB,33,Thiruvarur,162,484,Thiruvarur South Market,4,Chemical Precursors / Ephedrine,2024-10-06 23:46:06,MOBILE_APP,UNVERIFIED,0
CIT-2026-00550,ANON-TOKEN-1EDE94CC0D,19,Cuddalore,92,275,Cuddalore South Campus Zone,1,Commercial Ganja / Cannabis,2025-10-03 01:20:28,TOLL_FREE_IVR,CORROBORATED,0
CIT-2026-00551,ANON-TOKEN-1A5E7E3466,25,Karur,121,361,Karur North Market,3,Prescription Narcotics / Codeine / Alprazolam,2025-02-08 13:42:29,TOLL_FREE_IVR,NEEDS_VERIFICATION,0
CIT-2026-00552,ANON-TOKEN-32815B77FC,32,Theni,159,476,Theni West Campus Zone,4,Chemical Precursors / Ephedrine,2025-09-26 14:38:53,TOLL_FREE_IVR,NEEDS_VERIFICATION,0
CIT-2026-00553,ANON-TOKEN-26600888C1,38,Tiruvannamalai,187,559,Tiruvannamalai South Market,6,Unclassified / Suspicious Substance,2026-06-24 07:15:15,TOLL_FREE_IVR,DISMISSED,0
CIT-2026-00554,ANON-TOKEN-87309663A1,23,Namakkal,112,334,Namakkal South Market,6,Unclassified / Suspicious Substance,2025-01-13 23:19:46,TOLL_FREE_IVR,NEEDS_VERIFICATION,0
CIT-2026-00555,ANON-TOKEN-0197F89630,31,Virudhunagar,155,463,Virudhunagar Central Market,2,Synthetic Stimulants / MDMA / Meth,2025-01-17 12:05:21,WEB_PORTAL,CORROBORATED,0
CIT-2026-00556,ANON-TOKEN-0C901294FC,22,Dharmapuri,106,316,Dharmapuri North Market,5,Opioid Analogues / Brown Sugar / Heroin,2025-11-03 09:53:15,BOT,CORROBORATED,0
CIT-2026-00557,ANON-TOKEN-6D86EFB2C1,25,Karur,121,361,Karur North Market,4,Chemical Precursors / Ephedrine,2026-02-26 19:19:52,BOT,CORROBORATED,0
CIT-2026-00558,ANON-TOKEN-80C5A461E6,9,Vellore,44,132,Vellore West Industrial Bypass,1,Commercial Ganja / Cannabis,2025-06-16 07:57:45,MOBILE_APP,NEEDS_VERIFICATION,0
CIT-2026-00559,ANON-TOKEN-6AA0D61253,13,Thoothukudi,64,192,Thoothukudi West Industrial Bypass,1,Commercial Ganja / Cannabis,2026-07-18 17:50:35,BOT,DISMISSED,0
CIT-2026-00560,ANON-TOKEN-4B9ABF068E,10,Krishnagiri,50,149,Krishnagiri Central Campus Zone,6,Unclassified / Suspicious Substance,2026-07-18 11:17:57,WEB_PORTAL,UNVERIFIED,0
CIT-2026-00561,ANON-TOKEN-7C6F3204B4,1,Chennai,3,7,Chennai East Market,5,Opioid Analogues / Brown Sugar / Heroin,2025-10-03 00:09:03,BOT,UNVERIFIED,0
CIT-2026-00562,ANON-TOKEN-4DD7CA20C3,19,Cuddalore,91,272,Cuddalore North Campus Zone,4,Chemical Precursors / Ephedrine,2025-05-29 20:08:33,MOBILE_APP,UNVERIFIED,0
CIT-2026-00563,ANON-TOKEN-FC1294C908,10,Krishnagiri,49,145,Krishnagiri West Market,3,Prescription Narcotics / Codeine / Alprazolam,2026-07-13 04:54:09,MOBILE_APP,DISMISSED,0
CIT-2026-00564,ANON-TOKEN-53C755181E,30,Ramanathapuram,146,438,Ramanathapuram North Industrial Bypass,4,Chemical Precursors / Ephedrine,2025-04-25 02:03:08,MOBILE_APP,UNVERIFIED,0
CIT-2026-00565,ANON-TOKEN-1FDDC8189E,32,Theni,160,480,Theni Central Industrial Bypass,3,Prescription Narcotics / Codeine / Alprazolam,2025-02-03 23:42:07,WEB_PORTAL,UNVERIFIED,0
CIT-2026-00566,ANON-TOKEN-B39E365B98,18,Tiruvallur,87,261,Tiruvallur South Industrial Bypass,1,Commercial Ganja / Cannabis,2024-12-25 06:33:46,WEB_PORTAL,UNVERIFIED,0
CIT-2026-00567,ANON-TOKEN-316754F2B1,11,Dindigul,51,153,Dindigul North Industrial Bypass,4,Chemical Precursors / Ephedrine,2026-06-24 10:28:41,WEB_PORTAL,NEEDS_VERIFICATION,0
CIT-2026-00568,ANON-TOKEN-0906F9A00C,37,Tirupathur,181,541,Tirupathur North Market,5,Opioid Analogues / Brown Sugar / Heroin,2025-07-27 15:00:02,TOLL_FREE_IVR,CORROBORATED,0
CIT-2026-00569,ANON-TOKEN-CA4E36457E,27,Perambalur,133,399,Perambalur East Industrial Bypass,6,Unclassified / Suspicious Substance,2024-10-21 12:55:15,BOT,DISMISSED,0
CIT-2026-00570,ANON-TOKEN-417A586B39,11,Dindigul,52,156,Dindigul South Industrial Bypass,1,Commercial Ganja / Cannabis,2025-08-16 00:48:39,WEB_PORTAL,UNVERIFIED,0
CIT-2026-00571,ANON-TOKEN-AF3BBB4F0A,24,Nilgiris,120,360,Nilgiris Central Industrial Bypass,5,Opioid Analogues / Brown Sugar / Heroin,2026-06-07 08:16:05,MOBILE_APP,CORROBORATED,0
CIT-2026-00572,ANON-TOKEN-CB1136FABC,9,Vellore,41,123,Vellore North Industrial Bypass,6,Unclassified / Suspicious Substance,2025-09-28 13:31:32,BOT,UNVERIFIED,0
CIT-2026-00573,ANON-TOKEN-E2CB636613,38,Tiruvannamalai,190,569,Tiruvannamalai Central Campus Zone,3,Prescription Narcotics / Codeine / Alprazolam,2026-06-21 16:06:25,TOLL_FREE_IVR,DISMISSED,0
CIT-2026-00574,ANON-TOKEN-47B0921328,33,Thiruvarur,164,491,Thiruvarur West Campus Zone,1,Commercial Ganja / Cannabis,2025-06-08 03:03:46,TOLL_FREE_IVR,NEEDS_VERIFICATION,0
CIT-2026-00575,ANON-TOKEN-DE52E94B30,31,Virudhunagar,154,461,Virudhunagar West Campus Zone,1,Commercial Ganja / Cannabis,2026-05-15 18:06:20,WEB_PORTAL,CORROBORATED,0
CIT-2026-00576,ANON-TOKEN-320D50BBE2,3,Madurai,11,31,Madurai North Market,3,Prescription Narcotics / Codeine / Alprazolam,2025-06-18 11:21:13,MOBILE_APP,DISMISSED,0
CIT-2026-00577,ANON-TOKEN-8E12018FAF,19,Cuddalore,94,281,Cuddalore West Campus Zone,5,Opioid Analogues / Brown Sugar / Heroin,2025-10-17 16:27:39,MOBILE_APP,CORROBORATED,0
CIT-2026-00578,ANON-TOKEN-86F90510AC,4,Salem,17,50,Salem South Campus Zone,6,Unclassified / Suspicious Substance,2026-07-25 18:01:33,WEB_PORTAL,DISMISSED,0
CIT-2026-00579,ANON-TOKEN-FEF65E6CA3,34,Nagapattinam,166,497,Nagapattinam North Campus Zone,3,Prescription Narcotics / Codeine / Alprazolam,2025-12-30 20:15:05,TOLL_FREE_IVR,UNVERIFIED,0
CIT-2026-00580,ANON-TOKEN-4A7DC50FD6,2,Coimbatore,10,28,Coimbatore Central Market,6,Unclassified / Suspicious Substance,2026-06-12 14:48:25,BOT,NEEDS_VERIFICATION,0
CIT-2026-00581,ANON-TOKEN-D4481B132B,36,Ranipet,180,539,Ranipet Central Campus Zone,6,Unclassified / Suspicious Substance,2025-09-12 03:28:01,BOT,NEEDS_VERIFICATION,0
CIT-2026-00582,ANON-TOKEN-761F4DCEE2,28,Pudukkottai,140,420,Pudukkottai Central Industrial Bypass,4,Chemical Precursors / Ephedrine,2025-12-12 06:24:26,TOLL_FREE_IVR,DISMISSED,0
CIT-2026-00583,ANON-TOKEN-3383B2E7C5,33,Thiruvarur,165,493,Thiruvarur Central Market,3,Prescription Narcotics / Codeine / Alprazolam,2026-07-15 09:46:05,MOBILE_APP,CORROBORATED,0
CIT-2026-00584,ANON-TOKEN-6241C801A2,19,Cuddalore,95,285,Cuddalore Central Industrial Bypass,5,Opioid Analogues / Brown Sugar / Heroin,2026-01-28 17:40:46,MOBILE_APP,UNVERIFIED,0
CIT-2026-00585,ANON-TOKEN-E846BCDC34,27,Perambalur,133,398,Perambalur East Campus Zone,6,Unclassified / Suspicious Substance,2026-03-20 12:10:55,MOBILE_APP,UNVERIFIED,1
CIT-2026-00586,ANON-TOKEN-1EA4D5F20B,4,Salem,20,58,Salem Central Market,1,Commercial Ganja / Cannabis,2026-02-16 06:05:06,MOBILE_APP,UNVERIFIED,0
CIT-2026-00587,ANON-TOKEN-72A1BA3F8D,21,Kallakurichi,104,311,Kallakurichi West Campus Zone,1,Commercial Ganja / Cannabis,2026-05-02 07:01:25,BOT,UNVERIFIED,0
CIT-2026-00588,ANON-TOKEN-95E9245559,5,Tiruchirappalli,23,68,Tiruchirappalli East Campus Zone,1,Commercial Ganja / Cannabis,2025-12-07 10:46:40,MOBILE_APP,NEEDS_VERIFICATION,0
CIT-2026-00589,ANON-TOKEN-7BC4ECFFC0,36,Ranipet,180,540,Ranipet Central Industrial Bypass,5,Opioid Analogues / Brown Sugar / Heroin,2025-06-03 19:48:35,WEB_PORTAL,UNVERIFIED,0
CIT-2026-00590,ANON-TOKEN-F12E54F8E2,10,Krishnagiri,48,142,Krishnagiri East Market,5,Opioid Analogues / Brown Sugar / Heroin,2025-01-12 14:35:17,TOLL_FREE_IVR,CORROBORATED,1
CIT-2026-00591,ANON-TOKEN-05859EFAF2,2,Coimbatore,9,26,Coimbatore West Campus Zone,4,Chemical Precursors / Ephedrine,2025-10-16 23:46:20,BOT,CORROBORATED,0
CIT-2026-00592,ANON-TOKEN-62476BBB89,37,Tirupathur,181,541,Tirupathur North Market,3,Prescription Narcotics / Codeine / Alprazolam,2025-11-10 12:18:37,TOLL_FREE_IVR,CORROBORATED,0
CIT-2026-00593,ANON-TOKEN-48959DD42C,30,Ramanathapuram,146,436,Ramanathapuram North Market,4,Chemical Precursors / Ephedrine,2026-03-27 13:54:00,MOBILE_APP,NEEDS_VERIFICATION,0
CIT-2026-00594,ANON-TOKEN-CF4D90AE76,5,Tiruchirappalli,21,63,Tiruchirappalli North Industrial Bypass,2,Synthetic Stimulants / MDMA / Meth,2025-02-28 01:56:06,BOT,NEEDS_VERIFICATION,1
CIT-2026-00595,ANON-TOKEN-807265509C,29,Sivaganga,142,425,Sivaganga South Campus Zone,5,Opioid Analogues / Brown Sugar / Heroin,2025-05-21 15:51:31,TOLL_FREE_IVR,UNVERIFIED,0
CIT-2026-00596,ANON-TOKEN-CD8EA28A97,8,Tiruppur,40,120,Tiruppur Central Industrial Bypass,5,Opioid Analogues / Brown Sugar / Heroin,2025-12-28 20:37:37,BOT,NEEDS_VERIFICATION,0
CIT-2026-00597,ANON-TOKEN-5257BF6092,3,Madurai,12,34,Madurai South Market,6,Unclassified / Suspicious Substance,2026-02-14 12:27:42,MOBILE_APP,DISMISSED,0
CIT-2026-00598,ANON-TOKEN-48ACA6B293,5,Tiruchirappalli,23,68,Tiruchirappalli East Campus Zone,4,Chemical Precursors / Ephedrine,2026-02-08 05:18:29,WEB_PORTAL,CORROBORATED,0
CIT-2026-00599,ANON-TOKEN-813809CD69,1,Chennai,4,12,Chennai West Industrial Bypass,2,Synthetic Stimulants / MDMA / Meth,2024-11-03 03:20:04,BOT,NEEDS_VERIFICATION,0
CIT-2026-00600,ANON-TOKEN-5D6B9A8AEE,19,Cuddalore,92,275,Cuddalore South Campus Zone,2,Synthetic Stimulants / MDMA / Meth,2025-12-21 10:40:36,MOBILE_APP,UNVERIFIED,0
CIT-2026-00601,ANON-TOKEN-0DB9AE8140,12,Thanjavur,60,179,Thanjavur Central Campus Zone,5,Opioid Analogues / Brown Sugar / Heroin,2024-10-07 02:56:15,MOBILE_APP,DISMISSED,0
CIT-2026-00602,ANON-TOKEN-286D2FD175,19,Cuddalore,93,277,Cuddalore East Market,1,Commercial Ganja / Cannabis,2026-04-29 23:37:39,MOBILE_APP,CORROBORATED,0
CIT-2026-00603,ANON-TOKEN-CB330537CB,23,Namakkal,115,343,Namakkal Central Market,2,Synthetic Stimulants / MDMA / Meth,2026-03-22 02:43:27,MOBILE_APP,UNVERIFIED,0
CIT-2026-00604,ANON-TOKEN-15DF73F0CC,35,Mayiladuthurai,171,512,Mayiladuthurai North Campus Zone,4,Chemical Precursors / Ephedrine,2025-11-02 18:26:05,TOLL_FREE_IVR,UNVERIFIED,0
CIT-2026-00605,ANON-TOKEN-BD6CD0AB70,6,Tirunelveli,26,77,Tirunelveli North Campus Zone,6,Unclassified / Suspicious Substance,2025-03-21 16:46:28,WEB_PORTAL,NEEDS_VERIFICATION,0
CIT-2026-00606,ANON-TOKEN-E48097F709,6,Tirunelveli,26,77,Tirunelveli North Campus Zone,1,Commercial Ganja / Cannabis,2026-04-30 12:22:25,WEB_PORTAL,DISMISSED,0
CIT-2026-00607,ANON-TOKEN-DC1D4EC67A,2,Coimbatore,7,19,Coimbatore South Market,5,Opioid Analogues / Brown Sugar / Heroin,2026-04-13 23:56:44,WEB_PORTAL,UNVERIFIED,0
CIT-2026-00608,ANON-TOKEN-4E839A0D69,9,Vellore,42,124,Vellore South Market,1,Commercial Ganja / Cannabis,2026-05-03 23:44:57,TOLL_FREE_IVR,DISMISSED,1
CIT-2026-00609,ANON-TOKEN-5C2C9D7009,37,Tirupathur,182,544,Tirupathur South Market,4,Chemical Precursors / Ephedrine,2025-09-23 00:19:55,TOLL_FREE_IVR,UNVERIFIED,0
CIT-2026-00610,ANON-TOKEN-8286C42C47,23,Namakkal,113,338,Namakkal East Campus Zone,1,Commercial Ganja / Cannabis,2025-03-20 04:01:57,BOT,NEEDS_VERIFICATION,0
CIT-2026-00611,ANON-TOKEN-B3A5637012,13,Thoothukudi,62,186,Thoothukudi South Industrial Bypass,5,Opioid Analogues / Brown Sugar / Heroin,2025-07-07 14:08:58,MOBILE_APP,CORROBORATED,0
CIT-2026-00612,ANON-TOKEN-D9675F690B,10,Krishnagiri,50,149,Krishnagiri Central Campus Zone,2,Synthetic Stimulants / MDMA / Meth,2026-07-22 04:45:44,BOT,CORROBORATED,0
CIT-2026-00613,ANON-TOKEN-8C8A0A9E3A,38,Tiruvannamalai,187,560,Tiruvannamalai South Campus Zone,1,Commercial Ganja / Cannabis,2024-10-29 09:03:44,BOT,NEEDS_VERIFICATION,0
CIT-2026-00614,ANON-TOKEN-998515CEBA,3,Madurai,14,41,Madurai West Campus Zone,5,Opioid Analogues / Brown Sugar / Heroin,2025-02-05 21:33:53,WEB_PORTAL,UNVERIFIED,0
CIT-2026-00615,ANON-TOKEN-4899FBAC22,35,Mayiladuthurai,173,518,Mayiladuthurai East Campus Zone,3,Prescription Narcotics / Codeine / Alprazolam,2024-10-08 13:30:30,BOT,NEEDS_VERIFICATION,0
CIT-2026-00616,ANON-TOKEN-1078F11017,5,Tiruchirappalli,21,61,Tiruchirappalli North Market,3,Prescription Narcotics / Codeine / Alprazolam,2024-10-18 13:57:44,WEB_PORTAL,DISMISSED,1
CIT-2026-00617,ANON-TOKEN-4034A4AC46,2,Coimbatore,10,29,Coimbatore Central Campus Zone,3,Prescription Narcotics / Codeine / Alprazolam,2025-02-20 19:00:20,TOLL_FREE_IVR,NEEDS_VERIFICATION,0
CIT-2026-00618,ANON-TOKEN-9242D1632A,29,Sivaganga,143,427,Sivaganga East Market,1,Commercial Ganja / Cannabis,2025-04-07 02:33:37,WEB_PORTAL,CORROBORATED,0
CIT-2026-00619,ANON-TOKEN-BD5E9E0274,7,Erode,34,102,Erode West Industrial Bypass,3,Prescription Narcotics / Codeine / Alprazolam,2026-07-24 05:45:19,MOBILE_APP,NEEDS_VERIFICATION,0
CIT-2026-00620,ANON-TOKEN-6A0364B5AF,28,Pudukkottai,139,416,Pudukkottai West Campus Zone,6,Unclassified / Suspicious Substance,2024-10-16 13:40:05,WEB_PORTAL,UNVERIFIED,1
CIT-2026-00621,ANON-TOKEN-F79C37E0D9,5,Tiruchirappalli,25,74,Tiruchirappalli Central Campus Zone,2,Synthetic Stimulants / MDMA / Meth,2024-11-23 04:17:18,TOLL_FREE_IVR,NEEDS_VERIFICATION,0
CIT-2026-00622,ANON-TOKEN-90D1BA181F,25,Karur,121,361,Karur North Market,4,Chemical Precursors / Ephedrine,2025-02-22 21:59:21,BOT,DISMISSED,0
CIT-2026-00623,ANON-TOKEN-14CDC29693,8,Tiruppur,36,107,Tiruppur North Campus Zone,3,Prescription Narcotics / Codeine / Alprazolam,2025-09-30 03:27:00,BOT,UNVERIFIED,0
CIT-2026-00624,ANON-TOKEN-29A178E53A,33,Thiruvarur,164,490,Thiruvarur West Market,1,Commercial Ganja / Cannabis,2025-04-11 04:21:44,BOT,CORROBORATED,0
CIT-2026-00625,ANON-TOKEN-CF4062DCE5,8,Tiruppur,38,114,Tiruppur East Industrial Bypass,4,Chemical Precursors / Ephedrine,2025-12-23 12:36:26,BOT,DISMISSED,0
CIT-2026-00626,ANON-TOKEN-049AE243BB,16,Kancheepuram,79,236,Kancheepuram West Campus Zone,1,Commercial Ganja / Cannabis,2025-02-18 09:50:09,BOT,CORROBORATED,0
CIT-2026-00627,ANON-TOKEN-B82A1764DA,26,Ariyalur,128,382,Ariyalur East Market,4,Chemical Precursors / Ephedrine,2025-11-03 19:54:09,TOLL_FREE_IVR,CORROBORATED,0
CIT-2026-00628,ANON-TOKEN-55B459F0A9,21,Kallakurichi,104,311,Kallakurichi West Campus Zone,4,Chemical Precursors / Ephedrine,2026-03-09 22:27:04,WEB_PORTAL,NEEDS_VERIFICATION,0
CIT-2026-00629,ANON-TOKEN-74D83D9145,29,Sivaganga,144,430,Sivaganga West Market,5,Opioid Analogues / Brown Sugar / Heroin,2024-12-28 06:59:57,MOBILE_APP,DISMISSED,0
CIT-2026-00630,ANON-TOKEN-0896796122,6,Tirunelveli,27,80,Tirunelveli South Campus Zone,3,Prescription Narcotics / Codeine / Alprazolam,2025-08-24 02:12:30,WEB_PORTAL,DISMISSED,0
CIT-2026-00631,ANON-TOKEN-F141BF92D9,30,Ramanathapuram,147,439,Ramanathapuram South Market,4,Chemical Precursors / Ephedrine,2025-11-26 21:45:04,WEB_PORTAL,DISMISSED,0
CIT-2026-00632,ANON-TOKEN-DCAC42678C,28,Pudukkottai,138,413,Pudukkottai East Campus Zone,3,Prescription Narcotics / Codeine / Alprazolam,2025-10-04 05:43:43,WEB_PORTAL,UNVERIFIED,0
CIT-2026-00633,ANON-TOKEN-AE2AB9B038,12,Thanjavur,58,172,Thanjavur East Market,5,Opioid Analogues / Brown Sugar / Heroin,2025-05-30 23:49:57,BOT,NEEDS_VERIFICATION,0
CIT-2026-00634,ANON-TOKEN-828FFB2446,12,Thanjavur,57,171,Thanjavur South Industrial Bypass,2,Synthetic Stimulants / MDMA / Meth,2025-04-11 13:40:05,WEB_PORTAL,UNVERIFIED,0
CIT-2026-00635,ANON-TOKEN-CA936E1810,19,Cuddalore,94,282,Cuddalore West Industrial Bypass,6,Unclassified / Suspicious Substance,2025-11-25 16:15:07,WEB_PORTAL,UNVERIFIED,0
CIT-2026-00636,ANON-TOKEN-DF638593D0,12,Thanjavur,56,167,Thanjavur North Campus Zone,6,Unclassified / Suspicious Substance,2026-04-01 11:59:40,BOT,UNVERIFIED,0
CIT-2026-00637,ANON-TOKEN-8367631A53,19,Cuddalore,95,284,Cuddalore Central Campus Zone,5,Opioid Analogues / Brown Sugar / Heroin,2025-11-08 18:37:13,TOLL_FREE_IVR,UNVERIFIED,0
CIT-2026-00638,ANON-TOKEN-2056B88F17,28,Pudukkottai,136,408,Pudukkottai North Industrial Bypass,4,Chemical Precursors / Ephedrine,2026-06-06 19:42:51,WEB_PORTAL,UNVERIFIED,0
CIT-2026-00639,ANON-TOKEN-C2BFB326AE,32,Theni,159,477,Theni West Industrial Bypass,3,Prescription Narcotics / Codeine / Alprazolam,2025-04-10 21:52:44,WEB_PORTAL,UNVERIFIED,0
CIT-2026-00640,ANON-TOKEN-97AB6AF563,21,Kallakurichi,101,302,Kallakurichi North Campus Zone,1,Commercial Ganja / Cannabis,2026-06-15 13:18:01,TOLL_FREE_IVR,UNVERIFIED,0
CIT-2026-00641,ANON-TOKEN-E6335262DE,26,Ariyalur,128,382,Ariyalur East Market,1,Commercial Ganja / Cannabis,2025-05-22 01:41:13,TOLL_FREE_IVR,UNVERIFIED,0
CIT-2026-00642,ANON-TOKEN-C28FB9AC2E,17,Chengalpattu,84,252,Chengalpattu West Industrial Bypass,5,Opioid Analogues / Brown Sugar / Heroin,2025-12-17 18:51:22,BOT,NEEDS_VERIFICATION,0
CIT-2026-00643,ANON-TOKEN-1EC566BDD0,17,Chengalpattu,84,250,Chengalpattu West Market,6,Unclassified / Suspicious Substance,2026-01-05 11:15:03,BOT,NEEDS_VERIFICATION,0
CIT-2026-00644,ANON-TOKEN-8ECE76C26A,23,Namakkal,114,341,Namakkal West Campus Zone,1,Commercial Ganja / Cannabis,2025-12-02 02:08:31,BOT,DISMISSED,0
CIT-2026-00645,ANON-TOKEN-951C364877,11,Dindigul,51,153,Dindigul North Industrial Bypass,3,Prescription Narcotics / Codeine / Alprazolam,2025-03-21 22:47:25,MOBILE_APP,CORROBORATED,1
CIT-2026-00646,ANON-TOKEN-C04515F148,14,Kanniyakumari,66,196,Kanniyakumari North Market,2,Synthetic Stimulants / MDMA / Meth,2026-06-02 20:25:17,WEB_PORTAL,CORROBORATED,0
CIT-2026-00647,ANON-TOKEN-522D7B0F69,24,Nilgiris,120,360,Nilgiris Central Industrial Bypass,3,Prescription Narcotics / Codeine / Alprazolam,2026-04-01 09:14:31,WEB_PORTAL,UNVERIFIED,0
CIT-2026-00648,ANON-TOKEN-A4060AEB28,34,Nagapattinam,168,502,Nagapattinam East Market,3,Prescription Narcotics / Codeine / Alprazolam,2025-02-21 22:53:46,WEB_PORTAL,UNVERIFIED,0
CIT-2026-00649,ANON-TOKEN-3463433EFB,3,Madurai,15,45,Madurai Central Industrial Bypass,4,Chemical Precursors / Ephedrine,2026-03-17 04:04:36,BOT,CORROBORATED,0
CIT-2026-00650,ANON-TOKEN-1ECDEB5A18,18,Tiruvallur,89,267,Tiruvallur West Industrial Bypass,1,Commercial Ganja / Cannabis,2025-12-03 08:42:30,MOBILE_APP,NEEDS_VERIFICATION,0
CIT-2026-00651,ANON-TOKEN-131DDA2E03,24,Nilgiris,117,350,Nilgiris South Campus Zone,6,Unclassified / Suspicious Substance,2025-04-30 23:04:07,MOBILE_APP,UNVERIFIED,0
CIT-2026-00652,ANON-TOKEN-D5665C8E0C,32,Theni,159,476,Theni West Campus Zone,2,Synthetic Stimulants / MDMA / Meth,2025-11-07 21:51:58,MOBILE_APP,DISMISSED,0
CIT-2026-00653,ANON-TOKEN-8C10E13ADC,5,Tiruchirappalli,23,68,Tiruchirappalli East Campus Zone,1,Commercial Ganja / Cannabis,2026-01-24 11:32:46,MOBILE_APP,DISMISSED,0
CIT-2026-00654,ANON-TOKEN-5DA5410C29,26,Ariyalur,126,377,Ariyalur North Campus Zone,6,Unclassified / Suspicious Substance,2025-11-15 17:20:20,MOBILE_APP,CORROBORATED,0
CIT-2026-00655,ANON-TOKEN-EC0493BE9F,35,Mayiladuthurai,175,523,Mayiladuthurai Central Market,3,Prescription Narcotics / Codeine / Alprazolam,2026-03-04 15:17:23,WEB_PORTAL,UNVERIFIED,0
CIT-2026-00656,ANON-TOKEN-24BC8B3EED,18,Tiruvallur,86,256,Tiruvallur North Market,6,Unclassified / Suspicious Substance,2024-12-13 15:32:07,WEB_PORTAL,DISMISSED,0
CIT-2026-00657,ANON-TOKEN-5AF401E41C,14,Kanniyakumari,68,202,Kanniyakumari East Market,4,Chemical Precursors / Ephedrine,2024-09-21 04:53:47,WEB_PORTAL,UNVERIFIED,0
CIT-2026-00658,ANON-TOKEN-86AA171A36,13,Thoothukudi,64,192,Thoothukudi West Industrial Bypass,5,Opioid Analogues / Brown Sugar / Heroin,2026-03-07 23:37:07,TOLL_FREE_IVR,CORROBORATED,0
CIT-2026-00659,ANON-TOKEN-2A41F66348,30,Ramanathapuram,149,445,Ramanathapuram West Market,6,Unclassified / Suspicious Substance,2025-04-20 11:45:39,BOT,UNVERIFIED,0
CIT-2026-00660,ANON-TOKEN-692598F0FF,27,Perambalur,134,402,Perambalur West Industrial Bypass,5,Opioid Analogues / Brown Sugar / Heroin,2025-10-19 09:26:31,WEB_PORTAL,DISMISSED,0
CIT-2026-00661,ANON-TOKEN-7A2257C4C8,10,Krishnagiri,48,144,Krishnagiri East Industrial Bypass,4,Chemical Precursors / Ephedrine,2024-10-28 11:13:14,TOLL_FREE_IVR,NEEDS_VERIFICATION,1
CIT-2026-00662,ANON-TOKEN-6733B6D009,26,Ariyalur,126,376,Ariyalur North Market,4,Chemical Precursors / Ephedrine,2025-10-19 01:25:15,BOT,UNVERIFIED,0
CIT-2026-00663,ANON-TOKEN-C9E212C21E,11,Dindigul,52,155,Dindigul South Campus Zone,6,Unclassified / Suspicious Substance,2024-11-11 03:49:26,WEB_PORTAL,UNVERIFIED,0
CIT-2026-00664,ANON-TOKEN-6164FEE0A5,18,Tiruvallur,89,265,Tiruvallur West Market,6,Unclassified / Suspicious Substance,2024-09-20 09:34:32,WEB_PORTAL,NEEDS_VERIFICATION,0
CIT-2026-00665,ANON-TOKEN-4F247130DB,2,Coimbatore,8,24,Coimbatore East Industrial Bypass,6,Unclassified / Suspicious Substance,2024-11-04 18:09:41,MOBILE_APP,CORROBORATED,0
CIT-2026-00666,ANON-TOKEN-4ACC413265,34,Nagapattinam,168,504,Nagapattinam East Industrial Bypass,5,Opioid Analogues / Brown Sugar / Heroin,2025-12-20 00:18:11,BOT,NEEDS_VERIFICATION,0
CIT-2026-00667,ANON-TOKEN-7286D43B25,25,Karur,125,374,Karur Central Campus Zone,6,Unclassified / Suspicious Substance,2026-07-13 04:11:19,BOT,NEEDS_VERIFICATION,0
CIT-2026-00668,ANON-TOKEN-90AE82B6D3,15,Tenkasi,72,216,Tenkasi South Industrial Bypass,3,Prescription Narcotics / Codeine / Alprazolam,2025-05-13 19:01:22,BOT,CORROBORATED,0
CIT-2026-00669,ANON-TOKEN-A4F2B894FD,30,Ramanathapuram,150,448,Ramanathapuram Central Market,4,Chemical Precursors / Ephedrine,2024-10-27 06:18:48,TOLL_FREE_IVR,NEEDS_VERIFICATION,0
CIT-2026-00670,ANON-TOKEN-DE9A0B3910,22,Dharmapuri,109,327,Dharmapuri West Industrial Bypass,2,Synthetic Stimulants / MDMA / Meth,2026-01-21 01:48:11,WEB_PORTAL,NEEDS_VERIFICATION,0
CIT-2026-00671,ANON-TOKEN-EC64832EFE,10,Krishnagiri,49,146,Krishnagiri West Campus Zone,2,Synthetic Stimulants / MDMA / Meth,2025-05-03 22:57:55,BOT,UNVERIFIED,0
CIT-2026-00672,ANON-TOKEN-972FC2AB06,35,Mayiladuthurai,174,521,Mayiladuthurai West Campus Zone,1,Commercial Ganja / Cannabis,2026-05-21 23:09:58,TOLL_FREE_IVR,CORROBORATED,0
CIT-2026-00673,ANON-TOKEN-33691D2C87,13,Thoothukudi,65,195,Thoothukudi Central Industrial Bypass,6,Unclassified / Suspicious Substance,2026-07-13 04:36:46,WEB_PORTAL,CORROBORATED,1
CIT-2026-00674,ANON-TOKEN-C55C775E48,38,Tiruvannamalai,189,566,Tiruvannamalai West Campus Zone,2,Synthetic Stimulants / MDMA / Meth,2026-02-21 10:26:43,MOBILE_APP,DISMISSED,0
CIT-2026-00675,ANON-TOKEN-69268A22A4,24,Nilgiris,116,348,Nilgiris North Industrial Bypass,1,Commercial Ganja / Cannabis,2025-11-03 12:47:58,BOT,UNVERIFIED,0
CIT-2026-00676,ANON-TOKEN-D6DD261704,19,Cuddalore,93,277,Cuddalore East Market,4,Chemical Precursors / Ephedrine,2025-11-25 11:40:15,MOBILE_APP,CORROBORATED,0
CIT-2026-00677,ANON-TOKEN-19F938868E,6,Tirunelveli,30,90,Tirunelveli Central Industrial Bypass,3,Prescription Narcotics / Codeine / Alprazolam,2025-12-07 07:29:09,WEB_PORTAL,UNVERIFIED,0
CIT-2026-00678,ANON-TOKEN-746DF035DB,38,Tiruvannamalai,187,559,Tiruvannamalai South Market,6,Unclassified / Suspicious Substance,2025-11-20 12:48:23,WEB_PORTAL,NEEDS_VERIFICATION,0
CIT-2026-00679,ANON-TOKEN-4162C6D506,22,Dharmapuri,107,321,Dharmapuri South Industrial Bypass,1,Commercial Ganja / Cannabis,2025-06-12 05:25:09,WEB_PORTAL,NEEDS_VERIFICATION,0
CIT-2026-00680,ANON-TOKEN-72A8F00D2D,26,Ariyalur,128,384,Ariyalur East Industrial Bypass,2,Synthetic Stimulants / MDMA / Meth,2026-02-13 20:16:11,BOT,DISMISSED,0
CIT-2026-00681,ANON-TOKEN-45B03016C9,23,Namakkal,115,344,Namakkal Central Campus Zone,3,Prescription Narcotics / Codeine / Alprazolam,2025-06-21 04:58:26,TOLL_FREE_IVR,CORROBORATED,0
CIT-2026-00682,ANON-TOKEN-6C7E6A8F68,20,Viluppuram,97,291,Viluppuram South Industrial Bypass,3,Prescription Narcotics / Codeine / Alprazolam,2024-12-10 15:45:29,TOLL_FREE_IVR,CORROBORATED,0
CIT-2026-00683,ANON-TOKEN-5BA0F3D994,6,Tirunelveli,29,85,Tirunelveli West Market,2,Synthetic Stimulants / MDMA / Meth,2026-06-22 19:30:59,BOT,UNVERIFIED,1
CIT-2026-00684,ANON-TOKEN-438E89A17A,1,Chennai,5,14,Chennai Central Campus Zone,2,Synthetic Stimulants / MDMA / Meth,2025-10-08 18:25:27,TOLL_FREE_IVR,NEEDS_VERIFICATION,0
CIT-2026-00685,ANON-TOKEN-A25C104671,3,Madurai,11,33,Madurai North Industrial Bypass,2,Synthetic Stimulants / MDMA / Meth,2026-07-25 16:34:10,MOBILE_APP,CORROBORATED,0
CIT-2026-00686,ANON-TOKEN-03EAF2B780,13,Thoothukudi,62,184,Thoothukudi South Market,5,Opioid Analogues / Brown Sugar / Heroin,2024-11-14 15:18:26,MOBILE_APP,DISMISSED,0
CIT-2026-00687,ANON-TOKEN-78A33C41EC,21,Kallakurichi,102,306,Kallakurichi South Industrial Bypass,1,Commercial Ganja / Cannabis,2024-11-27 13:01:23,MOBILE_APP,NEEDS_VERIFICATION,0
CIT-2026-00688,ANON-TOKEN-D2CE0E2763,31,Virudhunagar,152,456,Virudhunagar South Industrial Bypass,6,Unclassified / Suspicious Substance,2026-08-05 22:11:29,MOBILE_APP,CORROBORATED,0
CIT-2026-00689,ANON-TOKEN-AB7A1D946C,29,Sivaganga,141,421,Sivaganga North Market,6,Unclassified / Suspicious Substance,2025-08-15 02:56:30,MOBILE_APP,DISMISSED,0
CIT-2026-00690,ANON-TOKEN-4CCA5BD276,24,Nilgiris,120,360,Nilgiris Central Industrial Bypass,1,Commercial Ganja / Cannabis,2025-07-08 18:43:15,BOT,UNVERIFIED,0
CIT-2026-00691,ANON-TOKEN-C5E1751E9E,32,Theni,157,469,Theni South Market,4,Chemical Precursors / Ephedrine,2026-01-31 10:24:09,TOLL_FREE_IVR,DISMISSED,0
CIT-2026-00692,ANON-TOKEN-F19552B9F4,38,Tiruvannamalai,187,561,Tiruvannamalai South Industrial Bypass,1,Commercial Ganja / Cannabis,2025-09-25 02:54:26,TOLL_FREE_IVR,UNVERIFIED,0
CIT-2026-00693,ANON-TOKEN-46B9076D34,27,Perambalur,135,404,Perambalur Central Campus Zone,4,Chemical Precursors / Ephedrine,2025-07-31 02:13:05,MOBILE_APP,DISMISSED,0
CIT-2026-00694,ANON-TOKEN-44AD88C0F9,6,Tirunelveli,28,82,Tirunelveli East Market,5,Opioid Analogues / Brown Sugar / Heroin,2026-02-28 05:45:37,WEB_PORTAL,CORROBORATED,0
CIT-2026-00695,ANON-TOKEN-BE29A7CBF7,29,Sivaganga,145,434,Sivaganga Central Campus Zone,6,Unclassified / Suspicious Substance,2026-03-07 17:54:23,MOBILE_APP,CORROBORATED,0
CIT-2026-00696,ANON-TOKEN-13A76BA6F8,5,Tiruchirappalli,25,74,Tiruchirappalli Central Campus Zone,4,Chemical Precursors / Ephedrine,2025-10-07 19:23:05,MOBILE_APP,DISMISSED,0
CIT-2026-00697,ANON-TOKEN-8385403810,30,Ramanathapuram,147,441,Ramanathapuram South Industrial Bypass,1,Commercial Ganja / Cannabis,2025-05-27 16:58:58,MOBILE_APP,DISMISSED,0
CIT-2026-00698,ANON-TOKEN-D89FD73027,26,Ariyalur,128,382,Ariyalur East Market,5,Opioid Analogues / Brown Sugar / Heroin,2025-09-05 21:50:45,MOBILE_APP,DISMISSED,0
CIT-2026-00699,ANON-TOKEN-AB67F76077,19,Cuddalore,91,273,Cuddalore North Industrial Bypass,1,Commercial Ganja / Cannabis,2025-01-09 04:03:18,WEB_PORTAL,CORROBORATED,0
CIT-2026-00700,ANON-TOKEN-4690B3D2E1,3,Madurai,15,45,Madurai Central Industrial Bypass,3,Prescription Narcotics / Codeine / Alprazolam,2026-04-30 01:19:24,BOT,DISMISSED,0
CIT-2026-00701,ANON-TOKEN-4272A58CD3,29,Sivaganga,145,434,Sivaganga Central Campus Zone,3,Prescription Narcotics / Codeine / Alprazolam,2024-10-08 14:39:40,MOBILE_APP,DISMISSED,0
CIT-2026-00702,ANON-TOKEN-F82EA8C250,2,Coimbatore,7,19,Coimbatore South Market,2,Synthetic Stimulants / MDMA / Meth,2024-11-17 13:13:54,WEB_PORTAL,NEEDS_VERIFICATION,0
CIT-2026-00703,ANON-TOKEN-9CBAF76F68,35,Mayiladuthurai,172,514,Mayiladuthurai South Market,5,Opioid Analogues / Brown Sugar / Heroin,2024-11-27 20:37:09,TOLL_FREE_IVR,CORROBORATED,0
CIT-2026-00704,ANON-TOKEN-55A3BF4B90,24,Nilgiris,119,357,Nilgiris West Industrial Bypass,6,Unclassified / Suspicious Substance,2025-06-07 08:13:59,WEB_PORTAL,UNVERIFIED,0
CIT-2026-00705,ANON-TOKEN-5DAAFADD9B,15,Tenkasi,74,221,Tenkasi West Campus Zone,6,Unclassified / Suspicious Substance,2025-08-21 17:03:18,BOT,CORROBORATED,0
CIT-2026-00706,ANON-TOKEN-3FC53AD8BB,3,Madurai,13,39,Madurai East Industrial Bypass,6,Unclassified / Suspicious Substance,2025-08-06 16:17:01,TOLL_FREE_IVR,NEEDS_VERIFICATION,0
CIT-2026-00707,ANON-TOKEN-3A73AA6DCF,14,Kanniyakumari,70,209,Kanniyakumari Central Campus Zone,1,Commercial Ganja / Cannabis,2025-06-14 10:59:04,BOT,CORROBORATED,0
CIT-2026-00708,ANON-TOKEN-E6C859D188,22,Dharmapuri,110,328,Dharmapuri Central Market,5,Opioid Analogues / Brown Sugar / Heroin,2025-01-05 18:49:46,BOT,NEEDS_VERIFICATION,0
CIT-2026-00709,ANON-TOKEN-96DE1E0FE4,33,Thiruvarur,165,495,Thiruvarur Central Industrial Bypass,3,Prescription Narcotics / Codeine / Alprazolam,2025-10-07 10:21:05,MOBILE_APP,DISMISSED,0
CIT-2026-00710,ANON-TOKEN-F706C88DE1,21,Kallakurichi,103,308,Kallakurichi East Campus Zone,1,Commercial Ganja / Cannabis,2025-09-07 01:53:15,MOBILE_APP,DISMISSED,0
CIT-2026-00711,ANON-TOKEN-7CE49B9539,31,Virudhunagar,155,463,Virudhunagar Central Market,4,Chemical Precursors / Ephedrine,2026-04-19 22:50:35,TOLL_FREE_IVR,UNVERIFIED,0
CIT-2026-00712,ANON-TOKEN-FCB6CC67D5,33,Thiruvarur,163,489,Thiruvarur East Industrial Bypass,2,Synthetic Stimulants / MDMA / Meth,2025-05-14 10:42:19,WEB_PORTAL,UNVERIFIED,1
CIT-2026-00713,ANON-TOKEN-F292D2E316,5,Tiruchirappalli,25,75,Tiruchirappalli Central Industrial Bypass,6,Unclassified / Suspicious Substance,2026-04-12 10:36:41,MOBILE_APP,UNVERIFIED,0
CIT-2026-00714,ANON-TOKEN-5C8EFFE863,23,Namakkal,114,341,Namakkal West Campus Zone,3,Prescription Narcotics / Codeine / Alprazolam,2025-08-13 08:33:03,MOBILE_APP,NEEDS_VERIFICATION,0
CIT-2026-00715,ANON-TOKEN-C6D8DC2D21,25,Karur,125,375,Karur Central Industrial Bypass,1,Commercial Ganja / Cannabis,2025-09-25 17:33:41,WEB_PORTAL,NEEDS_VERIFICATION,1
CIT-2026-00716,ANON-TOKEN-EC92012DAA,25,Karur,121,362,Karur North Campus Zone,6,Unclassified / Suspicious Substance,2025-10-09 18:21:32,MOBILE_APP,NEEDS_VERIFICATION,0
CIT-2026-00717,ANON-TOKEN-98C3F91856,33,Thiruvarur,162,484,Thiruvarur South Market,3,Prescription Narcotics / Codeine / Alprazolam,2026-08-07 04:10:02,TOLL_FREE_IVR,UNVERIFIED,0
CIT-2026-00718,ANON-TOKEN-7515FF6F5E,7,Erode,35,104,Erode Central Campus Zone,4,Chemical Precursors / Ephedrine,2025-11-30 11:10:45,BOT,CORROBORATED,0
CIT-2026-00719,ANON-TOKEN-A94C383F54,2,Coimbatore,9,27,Coimbatore West Industrial Bypass,1,Commercial Ganja / Cannabis,2026-01-02 23:36:46,WEB_PORTAL,UNVERIFIED,0
CIT-2026-00720,ANON-TOKEN-C8CED1199D,38,Tiruvannamalai,188,562,Tiruvannamalai East Market,1,Commercial Ganja / Cannabis,2025-03-29 20:30:42,WEB_PORTAL,NEEDS_VERIFICATION,1
CIT-2026-00721,ANON-TOKEN-D3C88A8CD2,2,Coimbatore,9,26,Coimbatore West Campus Zone,6,Unclassified / Suspicious Substance,2024-10-05 15:12:46,MOBILE_APP,CORROBORATED,0
CIT-2026-00722,ANON-TOKEN-B19A94850B,22,Dharmapuri,110,328,Dharmapuri Central Market,4,Chemical Precursors / Ephedrine,2024-10-20 18:31:37,BOT,DISMISSED,0
CIT-2026-00723,ANON-TOKEN-4AEFF2F8A9,23,Namakkal,115,345,Namakkal Central Industrial Bypass,1,Commercial Ganja / Cannabis,2026-05-27 17:19:36,TOLL_FREE_IVR,UNVERIFIED,0
CIT-2026-00724,ANON-TOKEN-DC5045FE58,9,Vellore,42,126,Vellore South Industrial Bypass,1,Commercial Ganja / Cannabis,2025-07-01 22:50:00,WEB_PORTAL,UNVERIFIED,0
CIT-2026-00725,ANON-TOKEN-C8DE3AE3FE,11,Dindigul,53,157,Dindigul East Market,4,Chemical Precursors / Ephedrine,2025-09-24 02:08:41,TOLL_FREE_IVR,UNVERIFIED,0
CIT-2026-00726,ANON-TOKEN-D415A745AD,3,Madurai,11,32,Madurai North Campus Zone,2,Synthetic Stimulants / MDMA / Meth,2026-03-24 22:35:32,BOT,NEEDS_VERIFICATION,0
CIT-2026-00727,ANON-TOKEN-95C8089523,32,Theni,157,470,Theni South Campus Zone,2,Synthetic Stimulants / MDMA / Meth,2025-01-23 18:21:13,BOT,NEEDS_VERIFICATION,0
CIT-2026-00728,ANON-TOKEN-79EB38A6FF,17,Chengalpattu,84,252,Chengalpattu West Industrial Bypass,3,Prescription Narcotics / Codeine / Alprazolam,2026-02-12 07:12:37,BOT,DISMISSED,0
CIT-2026-00729,ANON-TOKEN-963D067993,14,Kanniyakumari,67,200,Kanniyakumari South Campus Zone,4,Chemical Precursors / Ephedrine,2026-07-21 20:36:59,WEB_PORTAL,CORROBORATED,1
CIT-2026-00730,ANON-TOKEN-E925199DA7,13,Thoothukudi,63,188,Thoothukudi East Campus Zone,4,Chemical Precursors / Ephedrine,2024-11-24 16:20:38,WEB_PORTAL,CORROBORATED,0
CIT-2026-00731,ANON-TOKEN-C6B525A367,23,Namakkal,112,334,Namakkal South Market,1,Commercial Ganja / Cannabis,2024-12-18 06:37:39,WEB_PORTAL,CORROBORATED,0
CIT-2026-00732,ANON-TOKEN-1034E93CCA,33,Thiruvarur,164,491,Thiruvarur West Campus Zone,4,Chemical Precursors / Ephedrine,2026-03-25 08:10:13,TOLL_FREE_IVR,DISMISSED,0
CIT-2026-00733,ANON-TOKEN-88EF9D1A8E,19,Cuddalore,92,275,Cuddalore South Campus Zone,1,Commercial Ganja / Cannabis,2026-05-05 16:12:35,WEB_PORTAL,UNVERIFIED,0
CIT-2026-00734,ANON-TOKEN-7A030F6953,3,Madurai,13,38,Madurai East Campus Zone,5,Opioid Analogues / Brown Sugar / Heroin,2024-09-21 15:11:29,MOBILE_APP,UNVERIFIED,0
CIT-2026-00735,ANON-TOKEN-33C1D3D412,35,Mayiladuthurai,175,523,Mayiladuthurai Central Market,2,Synthetic Stimulants / MDMA / Meth,2025-11-04 03:31:30,WEB_PORTAL,CORROBORATED,0
CIT-2026-00736,ANON-TOKEN-1B62579359,24,Nilgiris,119,357,Nilgiris West Industrial Bypass,5,Opioid Analogues / Brown Sugar / Heroin,2024-10-10 17:00:04,TOLL_FREE_IVR,DISMISSED,0
CIT-2026-00737,ANON-TOKEN-F4B184D089,1,Chennai,4,10,Chennai West Market,6,Unclassified / Suspicious Substance,2024-12-01 19:27:09,MOBILE_APP,CORROBORATED,0
CIT-2026-00738,ANON-TOKEN-E5A4FE73B1,15,Tenkasi,73,219,Tenkasi East Industrial Bypass,2,Synthetic Stimulants / MDMA / Meth,2024-11-06 03:39:36,BOT,DISMISSED,0
CIT-2026-00739,ANON-TOKEN-C606CADD06,36,Ranipet,176,526,Ranipet North Market,2,Synthetic Stimulants / MDMA / Meth,2025-03-02 03:20:09,BOT,DISMISSED,0
CIT-2026-00740,ANON-TOKEN-5E6BC656B5,22,Dharmapuri,110,330,Dharmapuri Central Industrial Bypass,5,Opioid Analogues / Brown Sugar / Heroin,2025-09-17 12:49:58,WEB_PORTAL,DISMISSED,0
CIT-2026-00741,ANON-TOKEN-E576F29AD7,23,Namakkal,113,339,Namakkal East Industrial Bypass,4,Chemical Precursors / Ephedrine,2024-10-30 07:19:16,WEB_PORTAL,CORROBORATED,0
CIT-2026-00742,ANON-TOKEN-349F239863,20,Viluppuram,99,296,Viluppuram West Campus Zone,5,Opioid Analogues / Brown Sugar / Heroin,2026-05-14 22:26:16,MOBILE_APP,UNVERIFIED,0
CIT-2026-00743,ANON-TOKEN-CBBE74D365,21,Kallakurichi,104,312,Kallakurichi West Industrial Bypass,2,Synthetic Stimulants / MDMA / Meth,2026-03-12 23:33:52,TOLL_FREE_IVR,CORROBORATED,0
CIT-2026-00744,ANON-TOKEN-68AF868989,1,Chennai,1,1,Chennai North Market,1,Commercial Ganja / Cannabis,2025-05-23 03:42:02,WEB_PORTAL,UNVERIFIED,1
CIT-2026-00745,ANON-TOKEN-93472F11C5,19,Cuddalore,93,278,Cuddalore East Campus Zone,4,Chemical Precursors / Ephedrine,2026-05-22 05:44:14,MOBILE_APP,DISMISSED,0
CIT-2026-00746,ANON-TOKEN-78F94AD366,33,Thiruvarur,164,492,Thiruvarur West Industrial Bypass,5,Opioid Analogues / Brown Sugar / Heroin,2024-12-28 11:39:50,TOLL_FREE_IVR,UNVERIFIED,0
CIT-2026-00747,ANON-TOKEN-086849740A,7,Erode,35,105,Erode Central Industrial Bypass,5,Opioid Analogues / Brown Sugar / Heroin,2025-04-17 03:12:36,BOT,CORROBORATED,0
CIT-2026-00748,ANON-TOKEN-8B5761849C,6,Tirunelveli,26,78,Tirunelveli North Industrial Bypass,4,Chemical Precursors / Ephedrine,2025-07-09 01:21:45,WEB_PORTAL,UNVERIFIED,0
CIT-2026-00749,ANON-TOKEN-F40EA7D408,17,Chengalpattu,83,248,Chengalpattu East Campus Zone,5,Opioid Analogues / Brown Sugar / Heroin,2025-10-10 12:54:20,MOBILE_APP,UNVERIFIED,0
CIT-2026-00750,ANON-TOKEN-EF994E0904,3,Madurai,14,42,Madurai West Industrial Bypass,2,Synthetic Stimulants / MDMA / Meth,2025-09-21 10:34:15,WEB_PORTAL,DISMISSED,0
CIT-2026-00751,ANON-TOKEN-2748063B01,38,Tiruvannamalai,189,565,Tiruvannamalai West Market,5,Opioid Analogues / Brown Sugar / Heroin,2024-09-24 22:32:25,TOLL_FREE_IVR,DISMISSED,0
CIT-2026-00752,ANON-TOKEN-6B805D3B20,24,Nilgiris,120,359,Nilgiris Central Campus Zone,5,Opioid Analogues / Brown Sugar / Heroin,2025-09-04 18:03:57,MOBILE_APP,DISMISSED,0
CIT-2026-00753,ANON-TOKEN-9DB9ED1186,16,Kancheepuram,77,229,Kancheepuram South Market,5,Opioid Analogues / Brown Sugar / Heroin,2026-05-16 07:19:42,MOBILE_APP,UNVERIFIED,0
CIT-2026-00754,ANON-TOKEN-091D512C6D,11,Dindigul,55,164,Dindigul Central Campus Zone,6,Unclassified / Suspicious Substance,2025-04-24 10:47:15,MOBILE_APP,DISMISSED,1
CIT-2026-00755,ANON-TOKEN-5698B232AC,21,Kallakurichi,102,305,Kallakurichi South Campus Zone,3,Prescription Narcotics / Codeine / Alprazolam,2026-03-19 20:09:55,MOBILE_APP,DISMISSED,0
CIT-2026-00756,ANON-TOKEN-8C1829A338,22,Dharmapuri,108,323,Dharmapuri East Campus Zone,5,Opioid Analogues / Brown Sugar / Heroin,2026-04-11 01:11:12,TOLL_FREE_IVR,DISMISSED,0
CIT-2026-00757,ANON-TOKEN-B5254CE43C,13,Thoothukudi,64,190,Thoothukudi West Market,5,Opioid Analogues / Brown Sugar / Heroin,2026-01-23 10:21:05,MOBILE_APP,DISMISSED,0
CIT-2026-00758,ANON-TOKEN-E3EAA5BF23,13,Thoothukudi,63,188,Thoothukudi East Campus Zone,4,Chemical Precursors / Ephedrine,2024-12-29 00:03:59,MOBILE_APP,NEEDS_VERIFICATION,0
CIT-2026-00759,ANON-TOKEN-0C9FFD98EA,36,Ranipet,177,529,Ranipet South Market,2,Synthetic Stimulants / MDMA / Meth,2025-03-22 03:19:31,MOBILE_APP,DISMISSED,0
CIT-2026-00760,ANON-TOKEN-BD4BBAE55A,11,Dindigul,55,165,Dindigul Central Industrial Bypass,3,Prescription Narcotics / Codeine / Alprazolam,2025-12-01 23:32:12,TOLL_FREE_IVR,UNVERIFIED,1
CIT-2026-00761,ANON-TOKEN-283512B0E9,38,Tiruvannamalai,189,565,Tiruvannamalai West Market,2,Synthetic Stimulants / MDMA / Meth,2025-04-24 07:26:54,MOBILE_APP,CORROBORATED,0
CIT-2026-00762,ANON-TOKEN-0502F3EAAF,8,Tiruppur,38,112,Tiruppur East Market,4,Chemical Precursors / Ephedrine,2025-05-31 05:14:45,MOBILE_APP,CORROBORATED,0
CIT-2026-00763,ANON-TOKEN-AC07332C59,26,Ariyalur,128,384,Ariyalur East Industrial Bypass,2,Synthetic Stimulants / MDMA / Meth,2026-02-23 07:59:09,BOT,DISMISSED,0
CIT-2026-00764,ANON-TOKEN-269A2C2D85,30,Ramanathapuram,148,444,Ramanathapuram East Industrial Bypass,6,Unclassified / Suspicious Substance,2025-02-17 15:24:27,WEB_PORTAL,NEEDS_VERIFICATION,0
CIT-2026-00765,ANON-TOKEN-6EDDFCB4AE,13,Thoothukudi,64,190,Thoothukudi West Market,5,Opioid Analogues / Brown Sugar / Heroin,2025-05-28 01:52:55,WEB_PORTAL,CORROBORATED,0
CIT-2026-00766,ANON-TOKEN-116B5B0E22,5,Tiruchirappalli,24,71,Tiruchirappalli West Campus Zone,5,Opioid Analogues / Brown Sugar / Heroin,2025-02-09 07:41:28,WEB_PORTAL,UNVERIFIED,0
CIT-2026-00767,ANON-TOKEN-949A7EB617,30,Ramanathapuram,146,436,Ramanathapuram North Market,5,Opioid Analogues / Brown Sugar / Heroin,2025-12-27 11:03:29,WEB_PORTAL,DISMISSED,0
CIT-2026-00768,ANON-TOKEN-D4363C6C2F,19,Cuddalore,91,271,Cuddalore North Market,1,Commercial Ganja / Cannabis,2026-06-26 16:12:40,WEB_PORTAL,CORROBORATED,0
CIT-2026-00769,ANON-TOKEN-C52BF6F7B2,21,Kallakurichi,102,306,Kallakurichi South Industrial Bypass,3,Prescription Narcotics / Codeine / Alprazolam,2026-07-14 13:28:26,MOBILE_APP,UNVERIFIED,0
CIT-2026-00770,ANON-TOKEN-773E0A1A58,10,Krishnagiri,50,149,Krishnagiri Central Campus Zone,3,Prescription Narcotics / Codeine / Alprazolam,2024-12-17 06:02:30,MOBILE_APP,DISMISSED,0
CIT-2026-00771,ANON-TOKEN-2905D7C4A0,28,Pudukkottai,137,409,Pudukkottai South Market,1,Commercial Ganja / Cannabis,2026-07-28 20:48:44,WEB_PORTAL,DISMISSED,0
CIT-2026-00772,ANON-TOKEN-A6C7AAD1D7,30,Ramanathapuram,146,436,Ramanathapuram North Market,6,Unclassified / Suspicious Substance,2024-12-26 18:52:57,MOBILE_APP,UNVERIFIED,0
CIT-2026-00773,ANON-TOKEN-FCA2435C3F,12,Thanjavur,60,179,Thanjavur Central Campus Zone,1,Commercial Ganja / Cannabis,2025-12-07 03:32:20,WEB_PORTAL,CORROBORATED,0
CIT-2026-00774,ANON-TOKEN-5E3791DBAA,29,Sivaganga,142,425,Sivaganga South Campus Zone,1,Commercial Ganja / Cannabis,2025-10-30 04:58:32,MOBILE_APP,DISMISSED,0
CIT-2026-00775,ANON-TOKEN-244D85C752,30,Ramanathapuram,146,437,Ramanathapuram North Campus Zone,5,Opioid Analogues / Brown Sugar / Heroin,2025-05-16 14:45:40,TOLL_FREE_IVR,CORROBORATED,0
CIT-2026-00776,ANON-TOKEN-2ECEEB9BC7,27,Perambalur,133,397,Perambalur East Market,5,Opioid Analogues / Brown Sugar / Heroin,2026-07-30 18:17:20,BOT,DISMISSED,0
CIT-2026-00777,ANON-TOKEN-9DDC1D01CA,2,Coimbatore,10,30,Coimbatore Central Industrial Bypass,5,Opioid Analogues / Brown Sugar / Heroin,2024-10-28 20:27:54,MOBILE_APP,DISMISSED,0
CIT-2026-00778,ANON-TOKEN-9A1603536E,17,Chengalpattu,81,241,Chengalpattu North Market,6,Unclassified / Suspicious Substance,2024-11-13 15:37:31,BOT,CORROBORATED,0
CIT-2026-00779,ANON-TOKEN-9283ECB67A,37,Tirupathur,183,548,Tirupathur East Campus Zone,3,Prescription Narcotics / Codeine / Alprazolam,2026-04-25 12:12:06,BOT,NEEDS_VERIFICATION,0
CIT-2026-00780,ANON-TOKEN-35AA3C3794,25,Karur,121,363,Karur North Industrial Bypass,5,Opioid Analogues / Brown Sugar / Heroin,2026-06-25 17:56:34,TOLL_FREE_IVR,UNVERIFIED,0
CIT-2026-00781,ANON-TOKEN-CAA02A0D32,32,Theni,159,475,Theni West Market,1,Commercial Ganja / Cannabis,2026-02-14 01:48:22,WEB_PORTAL,CORROBORATED,0
CIT-2026-00782,ANON-TOKEN-DF11622549,29,Sivaganga,142,426,Sivaganga South Industrial Bypass,2,Synthetic Stimulants / MDMA / Meth,2024-10-02 00:46:24,BOT,UNVERIFIED,0
CIT-2026-00783,ANON-TOKEN-0844967588,8,Tiruppur,40,118,Tiruppur Central Market,1,Commercial Ganja / Cannabis,2025-09-12 15:59:24,WEB_PORTAL,DISMISSED,1
CIT-2026-00784,ANON-TOKEN-8C43AECCA6,30,Ramanathapuram,149,447,Ramanathapuram West Industrial Bypass,1,Commercial Ganja / Cannabis,2025-03-23 01:08:45,BOT,NEEDS_VERIFICATION,0
CIT-2026-00785,ANON-TOKEN-E63743619D,30,Ramanathapuram,149,446,Ramanathapuram West Campus Zone,1,Commercial Ganja / Cannabis,2025-10-27 13:34:40,WEB_PORTAL,UNVERIFIED,0
CIT-2026-00786,ANON-TOKEN-AC00D17FD8,10,Krishnagiri,50,149,Krishnagiri Central Campus Zone,4,Chemical Precursors / Ephedrine,2025-07-19 13:42:32,TOLL_FREE_IVR,CORROBORATED,0
CIT-2026-00787,ANON-TOKEN-11BFE35152,34,Nagapattinam,167,500,Nagapattinam South Campus Zone,5,Opioid Analogues / Brown Sugar / Heroin,2026-04-15 17:16:40,MOBILE_APP,UNVERIFIED,0
CIT-2026-00788,ANON-TOKEN-CC54D084B9,10,Krishnagiri,49,145,Krishnagiri West Market,5,Opioid Analogues / Brown Sugar / Heroin,2025-01-26 06:29:16,BOT,CORROBORATED,0
CIT-2026-00789,ANON-TOKEN-D512D01770,35,Mayiladuthurai,171,511,Mayiladuthurai North Market,6,Unclassified / Suspicious Substance,2025-12-10 06:42:38,WEB_PORTAL,NEEDS_VERIFICATION,0
CIT-2026-00790,ANON-TOKEN-2F275ABADB,37,Tirupathur,184,552,Tirupathur West Industrial Bypass,2,Synthetic Stimulants / MDMA / Meth,2026-01-18 08:54:22,WEB_PORTAL,DISMISSED,0
CIT-2026-00791,ANON-TOKEN-ED1E23B18A,24,Nilgiris,119,357,Nilgiris West Industrial Bypass,5,Opioid Analogues / Brown Sugar / Heroin,2024-11-10 12:31:15,WEB_PORTAL,UNVERIFIED,0
CIT-2026-00792,ANON-TOKEN-3427D64261,7,Erode,31,91,Erode North Market,3,Prescription Narcotics / Codeine / Alprazolam,2025-04-18 17:28:48,WEB_PORTAL,NEEDS_VERIFICATION,0
CIT-2026-00793,ANON-TOKEN-22EE49C161,29,Sivaganga,145,433,Sivaganga Central Market,1,Commercial Ganja / Cannabis,2025-09-01 17:21:06,MOBILE_APP,DISMISSED,0
CIT-2026-00794,ANON-TOKEN-79510056BE,27,Perambalur,131,393,Perambalur North Industrial Bypass,6,Unclassified / Suspicious Substance,2026-06-06 20:48:04,WEB_PORTAL,UNVERIFIED,0
CIT-2026-00795,ANON-TOKEN-9C073D6B29,6,Tirunelveli,28,83,Tirunelveli East Campus Zone,2,Synthetic Stimulants / MDMA / Meth,2025-04-04 10:56:55,BOT,CORROBORATED,0
CIT-2026-00796,ANON-TOKEN-7F5DC511C9,20,Viluppuram,97,289,Viluppuram South Market,4,Chemical Precursors / Ephedrine,2025-04-03 11:13:00,MOBILE_APP,NEEDS_VERIFICATION,0
CIT-2026-00797,ANON-TOKEN-1DBB10199B,17,Chengalpattu,85,253,Chengalpattu Central Market,6,Unclassified / Suspicious Substance,2025-09-08 08:53:08,BOT,UNVERIFIED,0
CIT-2026-00798,ANON-TOKEN-88FE5D9C26,21,Kallakurichi,102,306,Kallakurichi South Industrial Bypass,1,Commercial Ganja / Cannabis,2025-12-08 23:40:53,BOT,UNVERIFIED,1
CIT-2026-00799,ANON-TOKEN-E0E50A744F,30,Ramanathapuram,148,442,Ramanathapuram East Market,3,Prescription Narcotics / Codeine / Alprazolam,2026-04-05 17:06:55,MOBILE_APP,DISMISSED,0
CIT-2026-00800,ANON-TOKEN-D1610866E2,25,Karur,125,375,Karur Central Industrial Bypass,5,Opioid Analogues / Brown Sugar / Heroin,2025-04-30 20:54:45,TOLL_FREE_IVR,CORROBORATED,0
CIT-2026-00801,ANON-TOKEN-0BDDCEE961,9,Vellore,43,128,Vellore East Campus Zone,5,Opioid Analogues / Brown Sugar / Heroin,2024-12-27 10:26:59,BOT,NEEDS_VERIFICATION,0
CIT-2026-00802,ANON-TOKEN-928871997D,13,Thoothukudi,61,183,Thoothukudi North Industrial Bypass,2,Synthetic Stimulants / MDMA / Meth,2026-03-14 09:40:27,MOBILE_APP,NEEDS_VERIFICATION,0
CIT-2026-00803,ANON-TOKEN-0CA9497F62,17,Chengalpattu,81,243,Chengalpattu North Industrial Bypass,4,Chemical Precursors / Ephedrine,2025-10-11 18:02:06,BOT,CORROBORATED,0
CIT-2026-00804,ANON-TOKEN-0AEC4F3DF4,9,Vellore,44,132,Vellore West Industrial Bypass,5,Opioid Analogues / Brown Sugar / Heroin,2025-07-28 21:23:02,WEB_PORTAL,NEEDS_VERIFICATION,0
CIT-2026-00805,ANON-TOKEN-ABA9336644,33,Thiruvarur,161,481,Thiruvarur North Market,1,Commercial Ganja / Cannabis,2025-04-26 21:35:23,TOLL_FREE_IVR,CORROBORATED,0
CIT-2026-00806,ANON-TOKEN-937F4EEDBC,12,Thanjavur,57,170,Thanjavur South Campus Zone,4,Chemical Precursors / Ephedrine,2025-01-18 03:40:54,TOLL_FREE_IVR,UNVERIFIED,0
CIT-2026-00807,ANON-TOKEN-1FDB8FDF1D,16,Kancheepuram,80,240,Kancheepuram Central Industrial Bypass,5,Opioid Analogues / Brown Sugar / Heroin,2025-05-07 21:21:04,TOLL_FREE_IVR,DISMISSED,1
CIT-2026-00808,ANON-TOKEN-6B00A13919,6,Tirunelveli,27,81,Tirunelveli South Industrial Bypass,5,Opioid Analogues / Brown Sugar / Heroin,2025-01-12 15:58:44,MOBILE_APP,UNVERIFIED,0
CIT-2026-00809,ANON-TOKEN-03BAA305FE,5,Tiruchirappalli,24,71,Tiruchirappalli West Campus Zone,3,Prescription Narcotics / Codeine / Alprazolam,2025-05-01 09:42:38,BOT,CORROBORATED,0
CIT-2026-00810,ANON-TOKEN-C61BD4768E,21,Kallakurichi,103,309,Kallakurichi East Industrial Bypass,4,Chemical Precursors / Ephedrine,2025-07-26 09:56:21,TOLL_FREE_IVR,CORROBORATED,0
CIT-2026-00811,ANON-TOKEN-55696954C9,9,Vellore,45,135,Vellore Central Industrial Bypass,5,Opioid Analogues / Brown Sugar / Heroin,2024-10-13 02:21:36,WEB_PORTAL,UNVERIFIED,0
CIT-2026-00812,ANON-TOKEN-BBFD9F2CE3,26,Ariyalur,128,384,Ariyalur East Industrial Bypass,2,Synthetic Stimulants / MDMA / Meth,2026-02-20 09:52:27,WEB_PORTAL,DISMISSED,0
CIT-2026-00813,ANON-TOKEN-9A9FBB8D59,16,Kancheepuram,78,234,Kancheepuram East Industrial Bypass,2,Synthetic Stimulants / MDMA / Meth,2025-06-28 18:02:48,TOLL_FREE_IVR,DISMISSED,0
CIT-2026-00814,ANON-TOKEN-84F0DF877D,14,Kanniyakumari,67,201,Kanniyakumari South Industrial Bypass,3,Prescription Narcotics / Codeine / Alprazolam,2026-01-28 11:44:06,MOBILE_APP,UNVERIFIED,0
CIT-2026-00815,ANON-TOKEN-D1C331EB94,7,Erode,35,103,Erode Central Market,6,Unclassified / Suspicious Substance,2026-06-11 01:49:39,TOLL_FREE_IVR,UNVERIFIED,1
CIT-2026-00816,ANON-TOKEN-92B8CECDA6,35,Mayiladuthurai,173,519,Mayiladuthurai East Industrial Bypass,2,Synthetic Stimulants / MDMA / Meth,2026-02-22 19:45:05,TOLL_FREE_IVR,DISMISSED,0
CIT-2026-00817,ANON-TOKEN-D0670AB069,5,Tiruchirappalli,23,68,Tiruchirappalli East Campus Zone,2,Synthetic Stimulants / MDMA / Meth,2026-07-28 04:33:16,BOT,DISMISSED,0
CIT-2026-00818,ANON-TOKEN-EF2933D708,20,Viluppuram,99,295,Viluppuram West Market,6,Unclassified / Suspicious Substance,2024-12-31 20:38:22,MOBILE_APP,DISMISSED,0
CIT-2026-00819,ANON-TOKEN-4C7D2CDA19,13,Thoothukudi,64,190,Thoothukudi West Market,2,Synthetic Stimulants / MDMA / Meth,2025-02-14 12:22:29,MOBILE_APP,CORROBORATED,0
CIT-2026-00820,ANON-TOKEN-2087CCA103,25,Karur,123,369,Karur East Industrial Bypass,1,Commercial Ganja / Cannabis,2025-10-09 06:48:48,BOT,DISMISSED,0
CIT-2026-00821,ANON-TOKEN-0AE8F6965B,3,Madurai,11,33,Madurai North Industrial Bypass,1,Commercial Ganja / Cannabis,2025-09-19 00:16:34,TOLL_FREE_IVR,NEEDS_VERIFICATION,0
CIT-2026-00822,ANON-TOKEN-C28AFF07C0,25,Karur,124,372,Karur West Industrial Bypass,5,Opioid Analogues / Brown Sugar / Heroin,2024-12-12 17:05:53,TOLL_FREE_IVR,UNVERIFIED,0
CIT-2026-00823,ANON-TOKEN-97ED10EC85,9,Vellore,43,127,Vellore East Market,6,Unclassified / Suspicious Substance,2025-01-16 11:05:55,BOT,DISMISSED,0
CIT-2026-00824,ANON-TOKEN-AC2AE9E98A,1,Chennai,5,13,Chennai Central Market,3,Prescription Narcotics / Codeine / Alprazolam,2026-05-03 04:52:59,MOBILE_APP,CORROBORATED,0
CIT-2026-00825,ANON-TOKEN-B2C6DD85B6,21,Kallakurichi,102,304,Kallakurichi South Market,4,Chemical Precursors / Ephedrine,2025-02-08 23:55:00,WEB_PORTAL,DISMISSED,0
CIT-2026-00826,ANON-TOKEN-F41C3CF78C,36,Ranipet,177,531,Ranipet South Industrial Bypass,4,Chemical Precursors / Ephedrine,2025-07-01 17:34:40,WEB_PORTAL,UNVERIFIED,0
CIT-2026-00827,ANON-TOKEN-4E502D4310,14,Kanniyakumari,70,209,Kanniyakumari Central Campus Zone,2,Synthetic Stimulants / MDMA / Meth,2024-10-17 22:12:06,TOLL_FREE_IVR,UNVERIFIED,0
CIT-2026-00828,ANON-TOKEN-CD772C83D8,26,Ariyalur,126,376,Ariyalur North Market,2,Synthetic Stimulants / MDMA / Meth,2025-12-10 16:09:11,MOBILE_APP,UNVERIFIED,0
CIT-2026-00829,ANON-TOKEN-E522F05D53,14,Kanniyakumari,67,199,Kanniyakumari South Market,2,Synthetic Stimulants / MDMA / Meth,2025-01-10 09:32:37,WEB_PORTAL,DISMISSED,0
CIT-2026-00830,ANON-TOKEN-378D169DFC,14,Kanniyakumari,66,198,Kanniyakumari North Industrial Bypass,5,Opioid Analogues / Brown Sugar / Heroin,2024-11-23 07:49:58,TOLL_FREE_IVR,CORROBORATED,0
CIT-2026-00831,ANON-TOKEN-10871D592C,20,Viluppuram,99,295,Viluppuram West Market,4,Chemical Precursors / Ephedrine,2026-02-18 03:02:58,MOBILE_APP,UNVERIFIED,0
CIT-2026-00832,ANON-TOKEN-A26F870271,36,Ranipet,179,536,Ranipet West Campus Zone,3,Prescription Narcotics / Codeine / Alprazolam,2024-11-08 16:33:11,MOBILE_APP,CORROBORATED,0
CIT-2026-00833,ANON-TOKEN-8AECED0E29,7,Erode,33,97,Erode East Market,5,Opioid Analogues / Brown Sugar / Heroin,2025-10-13 07:21:10,TOLL_FREE_IVR,CORROBORATED,0
CIT-2026-00834,ANON-TOKEN-C3DB966E1C,26,Ariyalur,127,381,Ariyalur South Industrial Bypass,4,Chemical Precursors / Ephedrine,2026-08-06 00:24:51,BOT,CORROBORATED,0
CIT-2026-00835,ANON-TOKEN-739CB0B163,6,Tirunelveli,28,84,Tirunelveli East Industrial Bypass,3,Prescription Narcotics / Codeine / Alprazolam,2026-01-27 08:47:40,BOT,CORROBORATED,0
CIT-2026-00836,ANON-TOKEN-D74D961351,13,Thoothukudi,63,187,Thoothukudi East Market,6,Unclassified / Suspicious Substance,2025-04-01 15:44:14,TOLL_FREE_IVR,CORROBORATED,0
CIT-2026-00837,ANON-TOKEN-1810434337,14,Kanniyakumari,67,199,Kanniyakumari South Market,5,Opioid Analogues / Brown Sugar / Heroin,2026-06-09 05:55:58,WEB_PORTAL,NEEDS_VERIFICATION,0
CIT-2026-00838,ANON-TOKEN-630C35E6A1,6,Tirunelveli,26,76,Tirunelveli North Market,6,Unclassified / Suspicious Substance,2025-10-26 05:37:46,BOT,NEEDS_VERIFICATION,0
CIT-2026-00839,ANON-TOKEN-36AC677861,21,Kallakurichi,101,302,Kallakurichi North Campus Zone,1,Commercial Ganja / Cannabis,2026-08-10 02:34:14,MOBILE_APP,NEEDS_VERIFICATION,0
CIT-2026-00840,ANON-TOKEN-4BAF4AE87A,17,Chengalpattu,84,251,Chengalpattu West Campus Zone,3,Prescription Narcotics / Codeine / Alprazolam,2024-10-19 03:05:35,MOBILE_APP,DISMISSED,0
CIT-2026-00841,ANON-TOKEN-83F5182C00,25,Karur,124,370,Karur West Market,3,Prescription Narcotics / Codeine / Alprazolam,2024-09-19 01:18:22,MOBILE_APP,UNVERIFIED,0
CIT-2026-00842,ANON-TOKEN-5C79D3B544,5,Tiruchirappalli,25,75,Tiruchirappalli Central Industrial Bypass,6,Unclassified / Suspicious Substance,2026-04-05 06:54:26,TOLL_FREE_IVR,NEEDS_VERIFICATION,0
CIT-2026-00843,ANON-TOKEN-9B200F0EA5,12,Thanjavur,57,169,Thanjavur South Market,3,Prescription Narcotics / Codeine / Alprazolam,2026-08-17 17:52:51,BOT,CORROBORATED,0
CIT-2026-00844,ANON-TOKEN-8FDBF1145D,2,Coimbatore,10,29,Coimbatore Central Campus Zone,5,Opioid Analogues / Brown Sugar / Heroin,2025-05-03 00:18:47,WEB_PORTAL,UNVERIFIED,0
CIT-2026-00845,ANON-TOKEN-856E7E4BEB,18,Tiruvallur,88,264,Tiruvallur East Industrial Bypass,2,Synthetic Stimulants / MDMA / Meth,2025-04-08 02:37:58,TOLL_FREE_IVR,DISMISSED,0
CIT-2026-00846,ANON-TOKEN-299C1B6BDF,3,Madurai,14,40,Madurai West Market,3,Prescription Narcotics / Codeine / Alprazolam,2024-11-13 08:04:12,TOLL_FREE_IVR,CORROBORATED,1
CIT-2026-00847,ANON-TOKEN-02595E77B5,5,Tiruchirappalli,22,65,Tiruchirappalli South Campus Zone,2,Synthetic Stimulants / MDMA / Meth,2026-01-23 12:01:51,BOT,NEEDS_VERIFICATION,0
CIT-2026-00848,ANON-TOKEN-40D724ECEF,29,Sivaganga,143,428,Sivaganga East Campus Zone,2,Synthetic Stimulants / MDMA / Meth,2024-11-27 21:31:45,BOT,UNVERIFIED,0
CIT-2026-00849,ANON-TOKEN-251AD46952,31,Virudhunagar,154,462,Virudhunagar West Industrial Bypass,3,Prescription Narcotics / Codeine / Alprazolam,2026-02-12 13:44:27,MOBILE_APP,CORROBORATED,0
CIT-2026-00850,ANON-TOKEN-D97945681A,13,Thoothukudi,64,191,Thoothukudi West Campus Zone,4,Chemical Precursors / Ephedrine,2024-11-13 11:09:41,MOBILE_APP,UNVERIFIED,0
CIT-2026-00851,ANON-TOKEN-2F37C918F0,11,Dindigul,51,152,Dindigul North Campus Zone,2,Synthetic Stimulants / MDMA / Meth,2025-05-05 02:40:13,TOLL_FREE_IVR,DISMISSED,0
CIT-2026-00852,ANON-TOKEN-68BDD6B5F1,33,Thiruvarur,161,481,Thiruvarur North Market,2,Synthetic Stimulants / MDMA / Meth,2025-11-06 18:24:44,MOBILE_APP,CORROBORATED,0
CIT-2026-00853,ANON-TOKEN-80FE720810,8,Tiruppur,39,116,Tiruppur West Campus Zone,1,Commercial Ganja / Cannabis,2025-05-16 10:54:43,MOBILE_APP,NEEDS_VERIFICATION,0
CIT-2026-00854,ANON-TOKEN-D96F1181A4,29,Sivaganga,142,425,Sivaganga South Campus Zone,6,Unclassified / Suspicious Substance,2026-08-01 02:09:25,TOLL_FREE_IVR,NEEDS_VERIFICATION,1
CIT-2026-00855,ANON-TOKEN-E6C8BBBDF7,21,Kallakurichi,101,303,Kallakurichi North Industrial Bypass,4,Chemical Precursors / Ephedrine,2025-04-20 04:06:06,WEB_PORTAL,NEEDS_VERIFICATION,0
CIT-2026-00856,ANON-TOKEN-9422EC0B4D,1,Chennai,4,12,Chennai West Industrial Bypass,2,Synthetic Stimulants / MDMA / Meth,2026-08-10 04:05:32,BOT,DISMISSED,0
CIT-2026-00857,ANON-TOKEN-AFE8B63CDF,3,Madurai,12,34,Madurai South Market,6,Unclassified / Suspicious Substance,2025-12-01 10:18:17,BOT,NEEDS_VERIFICATION,0
CIT-2026-00858,ANON-TOKEN-B7146D90FB,32,Theni,156,467,Theni North Campus Zone,1,Commercial Ganja / Cannabis,2025-07-21 17:15:47,WEB_PORTAL,UNVERIFIED,0
CIT-2026-00859,ANON-TOKEN-5E7965E7FA,32,Theni,159,475,Theni West Market,6,Unclassified / Suspicious Substance,2024-12-19 16:16:02,BOT,NEEDS_VERIFICATION,1
CIT-2026-00860,ANON-TOKEN-538274EEB5,18,Tiruvallur,86,258,Tiruvallur North Industrial Bypass,2,Synthetic Stimulants / MDMA / Meth,2025-08-28 04:43:50,MOBILE_APP,UNVERIFIED,0
CIT-2026-00861,ANON-TOKEN-00AE7DAF96,6,Tirunelveli,29,87,Tirunelveli West Industrial Bypass,4,Chemical Precursors / Ephedrine,2025-06-05 23:04:53,MOBILE_APP,DISMISSED,0
CIT-2026-00862,ANON-TOKEN-988A22BC3A,9,Vellore,45,133,Vellore Central Market,2,Synthetic Stimulants / MDMA / Meth,2024-11-14 01:37:14,WEB_PORTAL,CORROBORATED,0
CIT-2026-00863,ANON-TOKEN-17BD600BA4,30,Ramanathapuram,148,443,Ramanathapuram East Campus Zone,1,Commercial Ganja / Cannabis,2025-03-13 12:23:14,MOBILE_APP,UNVERIFIED,0
CIT-2026-00864,ANON-TOKEN-B024A2F511,29,Sivaganga,144,431,Sivaganga West Campus Zone,4,Chemical Precursors / Ephedrine,2026-07-01 21:25:18,BOT,DISMISSED,0
CIT-2026-00865,ANON-TOKEN-A40AA267A4,17,Chengalpattu,81,242,Chengalpattu North Campus Zone,4,Chemical Precursors / Ephedrine,2026-01-10 09:25:30,WEB_PORTAL,NEEDS_VERIFICATION,0
CIT-2026-00866,ANON-TOKEN-45400AB59D,38,Tiruvannamalai,187,559,Tiruvannamalai South Market,4,Chemical Precursors / Ephedrine,2026-03-05 17:44:57,MOBILE_APP,DISMISSED,0
CIT-2026-00867,ANON-TOKEN-B7225D42DE,4,Salem,16,48,Salem North Industrial Bypass,3,Prescription Narcotics / Codeine / Alprazolam,2025-10-12 23:13:44,WEB_PORTAL,CORROBORATED,0
CIT-2026-00868,ANON-TOKEN-A88EDF7058,27,Perambalur,135,405,Perambalur Central Industrial Bypass,5,Opioid Analogues / Brown Sugar / Heroin,2025-12-23 17:56:44,MOBILE_APP,DISMISSED,0
CIT-2026-00869,ANON-TOKEN-8E4DE637FF,29,Sivaganga,144,431,Sivaganga West Campus Zone,1,Commercial Ganja / Cannabis,2026-08-03 08:07:42,MOBILE_APP,NEEDS_VERIFICATION,0
CIT-2026-00870,ANON-TOKEN-69C4020B72,24,Nilgiris,117,350,Nilgiris South Campus Zone,3,Prescription Narcotics / Codeine / Alprazolam,2025-02-15 14:45:20,WEB_PORTAL,CORROBORATED,0
CIT-2026-00871,ANON-TOKEN-CF4ED92360,33,Thiruvarur,161,483,Thiruvarur North Industrial Bypass,6,Unclassified / Suspicious Substance,2026-06-18 02:18:34,TOLL_FREE_IVR,DISMISSED,0
CIT-2026-00872,ANON-TOKEN-E094523377,26,Ariyalur,126,376,Ariyalur North Market,5,Opioid Analogues / Brown Sugar / Heroin,2026-03-26 18:05:45,MOBILE_APP,NEEDS_VERIFICATION,0
CIT-2026-00873,ANON-TOKEN-DBDA829516,16,Kancheepuram,78,232,Kancheepuram East Market,2,Synthetic Stimulants / MDMA / Meth,2026-04-24 19:14:09,BOT,NEEDS_VERIFICATION,0
CIT-2026-00874,ANON-TOKEN-C20BDFAD65,33,Thiruvarur,161,481,Thiruvarur North Market,1,Commercial Ganja / Cannabis,2024-11-12 13:57:20,MOBILE_APP,DISMISSED,0
CIT-2026-00875,ANON-TOKEN-8193D81DE6,33,Thiruvarur,164,492,Thiruvarur West Industrial Bypass,4,Chemical Precursors / Ephedrine,2025-03-10 15:11:49,TOLL_FREE_IVR,NEEDS_VERIFICATION,0
CIT-2026-00876,ANON-TOKEN-A135AA38AF,3,Madurai,14,42,Madurai West Industrial Bypass,6,Unclassified / Suspicious Substance,2026-04-24 08:40:57,WEB_PORTAL,NEEDS_VERIFICATION,0
CIT-2026-00877,ANON-TOKEN-B31DCCA8E2,2,Coimbatore,6,18,Coimbatore North Industrial Bypass,2,Synthetic Stimulants / MDMA / Meth,2026-01-26 02:15:26,TOLL_FREE_IVR,NEEDS_VERIFICATION,0
CIT-2026-00878,ANON-TOKEN-17D0C64FBF,7,Erode,33,98,Erode East Campus Zone,1,Commercial Ganja / Cannabis,2025-07-29 13:00:24,WEB_PORTAL,NEEDS_VERIFICATION,0
CIT-2026-00879,ANON-TOKEN-D57E97346F,19,Cuddalore,91,272,Cuddalore North Campus Zone,6,Unclassified / Suspicious Substance,2025-07-10 22:01:45,MOBILE_APP,CORROBORATED,0
CIT-2026-00880,ANON-TOKEN-DD0EA38737,3,Madurai,13,37,Madurai East Market,3,Prescription Narcotics / Codeine / Alprazolam,2025-04-18 23:00:40,MOBILE_APP,NEEDS_VERIFICATION,0
CIT-2026-00881,ANON-TOKEN-990BAF0B44,2,Coimbatore,9,26,Coimbatore West Campus Zone,2,Synthetic Stimulants / MDMA / Meth,2026-06-25 08:02:32,MOBILE_APP,CORROBORATED,0
CIT-2026-00882,ANON-TOKEN-B0170D1895,5,Tiruchirappalli,23,68,Tiruchirappalli East Campus Zone,5,Opioid Analogues / Brown Sugar / Heroin,2026-02-18 15:00:14,MOBILE_APP,DISMISSED,0
CIT-2026-00883,ANON-TOKEN-B2EADE01A0,28,Pudukkottai,138,413,Pudukkottai East Campus Zone,6,Unclassified / Suspicious Substance,2025-10-16 20:43:33,WEB_PORTAL,NEEDS_VERIFICATION,1
CIT-2026-00884,ANON-TOKEN-AED2265496,1,Chennai,2,5,Chennai South Campus Zone,2,Synthetic Stimulants / MDMA / Meth,2026-01-12 01:24:34,TOLL_FREE_IVR,NEEDS_VERIFICATION,0
CIT-2026-00885,ANON-TOKEN-675300F839,13,Thoothukudi,62,184,Thoothukudi South Market,5,Opioid Analogues / Brown Sugar / Heroin,2026-02-22 22:13:29,BOT,NEEDS_VERIFICATION,0
CIT-2026-00886,ANON-TOKEN-99B32734AF,3,Madurai,12,36,Madurai South Industrial Bypass,4,Chemical Precursors / Ephedrine,2025-11-23 18:30:57,TOLL_FREE_IVR,DISMISSED,0
CIT-2026-00887,ANON-TOKEN-F7C4297778,17,Chengalpattu,82,244,Chengalpattu South Market,3,Prescription Narcotics / Codeine / Alprazolam,2025-04-18 19:12:18,MOBILE_APP,UNVERIFIED,0
CIT-2026-00888,ANON-TOKEN-78323B9E06,14,Kanniyakumari,70,208,Kanniyakumari Central Market,1,Commercial Ganja / Cannabis,2024-11-05 11:20:59,TOLL_FREE_IVR,UNVERIFIED,0
CIT-2026-00889,ANON-TOKEN-E3D7E5AB71,26,Ariyalur,126,378,Ariyalur North Industrial Bypass,6,Unclassified / Suspicious Substance,2024-11-26 15:27:28,MOBILE_APP,UNVERIFIED,0
CIT-2026-00890,ANON-TOKEN-10229532F4,12,Thanjavur,58,172,Thanjavur East Market,2,Synthetic Stimulants / MDMA / Meth,2026-01-16 00:37:26,TOLL_FREE_IVR,DISMISSED,0
CIT-2026-00891,ANON-TOKEN-A29ABCA1BA,31,Virudhunagar,155,465,Virudhunagar Central Industrial Bypass,1,Commercial Ganja / Cannabis,2025-10-19 12:56:12,TOLL_FREE_IVR,DISMISSED,0
CIT-2026-00892,ANON-TOKEN-7D06208459,9,Vellore,45,133,Vellore Central Market,5,Opioid Analogues / Brown Sugar / Heroin,2025-11-07 07:56:24,WEB_PORTAL,UNVERIFIED,0
CIT-2026-00893,ANON-TOKEN-52B5EFC641,23,Namakkal,111,333,Namakkal North Industrial Bypass,4,Chemical Precursors / Ephedrine,2025-12-07 03:22:53,BOT,CORROBORATED,0
CIT-2026-00894,ANON-TOKEN-414BE1475E,19,Cuddalore,95,284,Cuddalore Central Campus Zone,5,Opioid Analogues / Brown Sugar / Heroin,2026-01-30 23:32:54,BOT,UNVERIFIED,0
CIT-2026-00895,ANON-TOKEN-58A323B24C,36,Ranipet,178,534,Ranipet East Industrial Bypass,2,Synthetic Stimulants / MDMA / Meth,2026-02-06 12:11:44,MOBILE_APP,CORROBORATED,0
CIT-2026-00896,ANON-TOKEN-B3EF8B358A,36,Ranipet,176,528,Ranipet North Industrial Bypass,3,Prescription Narcotics / Codeine / Alprazolam,2025-08-30 16:31:03,TOLL_FREE_IVR,NEEDS_VERIFICATION,0
CIT-2026-00897,ANON-TOKEN-7F839D6588,38,Tiruvannamalai,190,570,Tiruvannamalai Central Industrial Bypass,3,Prescription Narcotics / Codeine / Alprazolam,2025-10-01 18:23:44,TOLL_FREE_IVR,CORROBORATED,0
CIT-2026-00898,ANON-TOKEN-D931DF77E3,32,Theni,160,478,Theni Central Market,6,Unclassified / Suspicious Substance,2026-08-09 20:35:39,WEB_PORTAL,DISMISSED,0
CIT-2026-00899,ANON-TOKEN-B515E8F1C8,30,Ramanathapuram,146,437,Ramanathapuram North Campus Zone,2,Synthetic Stimulants / MDMA / Meth,2024-11-03 05:29:03,MOBILE_APP,DISMISSED,0
CIT-2026-00900,ANON-TOKEN-0C949D451A,36,Ranipet,180,538,Ranipet Central Market,4,Chemical Precursors / Ephedrine,2026-01-24 14:14:47,BOT,CORROBORATED,0
CIT-2026-00901,ANON-TOKEN-E488E7A013,34,Nagapattinam,169,507,Nagapattinam West Industrial Bypass,6,Unclassified / Suspicious Substance,2025-08-09 09:15:46,WEB_PORTAL,DISMISSED,0
CIT-2026-00902,ANON-TOKEN-3ECDB1DBAB,12,Thanjavur,58,172,Thanjavur East Market,1,Commercial Ganja / Cannabis,2025-08-20 00:18:39,MOBILE_APP,CORROBORATED,0
CIT-2026-00903,ANON-TOKEN-26DFEB173F,12,Thanjavur,57,171,Thanjavur South Industrial Bypass,3,Prescription Narcotics / Codeine / Alprazolam,2024-12-05 08:00:47,BOT,CORROBORATED,0
CIT-2026-00904,ANON-TOKEN-48755355D5,13,Thoothukudi,62,184,Thoothukudi South Market,2,Synthetic Stimulants / MDMA / Meth,2024-09-28 08:18:25,WEB_PORTAL,DISMISSED,0
CIT-2026-00905,ANON-TOKEN-C24E8B127A,32,Theni,158,472,Theni East Market,1,Commercial Ganja / Cannabis,2025-08-30 19:59:04,WEB_PORTAL,UNVERIFIED,0
CIT-2026-00906,ANON-TOKEN-31FE3A13EF,7,Erode,31,91,Erode North Market,4,Chemical Precursors / Ephedrine,2025-04-18 12:59:05,TOLL_FREE_IVR,CORROBORATED,0
CIT-2026-00907,ANON-TOKEN-4F043802C8,2,Coimbatore,9,27,Coimbatore West Industrial Bypass,2,Synthetic Stimulants / MDMA / Meth,2025-02-02 07:48:55,BOT,NEEDS_VERIFICATION,0
CIT-2026-00908,ANON-TOKEN-C28E9D2BE9,3,Madurai,13,38,Madurai East Campus Zone,5,Opioid Analogues / Brown Sugar / Heroin,2025-01-22 07:36:47,MOBILE_APP,NEEDS_VERIFICATION,0
CIT-2026-00909,ANON-TOKEN-E65583067B,24,Nilgiris,118,353,Nilgiris East Campus Zone,2,Synthetic Stimulants / MDMA / Meth,2025-03-25 20:49:35,MOBILE_APP,NEEDS_VERIFICATION,0
CIT-2026-00910,ANON-TOKEN-27E57E27F1,37,Tirupathur,183,547,Tirupathur East Market,6,Unclassified / Suspicious Substance,2026-06-06 20:32:21,BOT,DISMISSED,0
CIT-2026-00911,ANON-TOKEN-4065B2EA8D,34,Nagapattinam,170,510,Nagapattinam Central Industrial Bypass,2,Synthetic Stimulants / MDMA / Meth,2024-11-13 00:26:32,BOT,UNVERIFIED,0
CIT-2026-00912,ANON-TOKEN-2E37F9EFE5,10,Krishnagiri,50,148,Krishnagiri Central Market,2,Synthetic Stimulants / MDMA / Meth,2025-01-15 13:09:17,TOLL_FREE_IVR,NEEDS_VERIFICATION,0
CIT-2026-00913,ANON-TOKEN-89AE7BA93F,6,Tirunelveli,27,81,Tirunelveli South Industrial Bypass,1,Commercial Ganja / Cannabis,2026-04-10 06:27:15,BOT,CORROBORATED,0
CIT-2026-00914,ANON-TOKEN-1402FD9A5E,13,Thoothukudi,61,182,Thoothukudi North Campus Zone,3,Prescription Narcotics / Codeine / Alprazolam,2025-07-01 20:04:21,BOT,NEEDS_VERIFICATION,0
CIT-2026-00915,ANON-TOKEN-40FE03B6A3,33,Thiruvarur,161,483,Thiruvarur North Industrial Bypass,2,Synthetic Stimulants / MDMA / Meth,2026-06-02 16:57:40,MOBILE_APP,NEEDS_VERIFICATION,0
CIT-2026-00916,ANON-TOKEN-ABE2597F14,1,Chennai,1,2,Chennai North Campus Zone,6,Unclassified / Suspicious Substance,2025-05-31 16:06:09,WEB_PORTAL,CORROBORATED,1
CIT-2026-00917,ANON-TOKEN-8A57CB92A7,18,Tiruvallur,87,260,Tiruvallur South Campus Zone,5,Opioid Analogues / Brown Sugar / Heroin,2026-01-01 19:12:29,WEB_PORTAL,DISMISSED,0
CIT-2026-00918,ANON-TOKEN-409D6226C5,25,Karur,123,367,Karur East Market,3,Prescription Narcotics / Codeine / Alprazolam,2025-02-14 01:23:19,TOLL_FREE_IVR,NEEDS_VERIFICATION,0
CIT-2026-00919,ANON-TOKEN-D3A3B76229,25,Karur,125,373,Karur Central Market,3,Prescription Narcotics / Codeine / Alprazolam,2025-06-27 08:39:44,MOBILE_APP,DISMISSED,0
CIT-2026-00920,ANON-TOKEN-440404A5A2,15,Tenkasi,75,223,Tenkasi Central Market,5,Opioid Analogues / Brown Sugar / Heroin,2025-02-15 05:11:07,MOBILE_APP,NEEDS_VERIFICATION,0
CIT-2026-00921,ANON-TOKEN-FEA7DAD028,18,Tiruvallur,87,259,Tiruvallur South Market,1,Commercial Ganja / Cannabis,2026-02-26 06:17:24,WEB_PORTAL,DISMISSED,1
CIT-2026-00922,ANON-TOKEN-6E0E3332BF,14,Kanniyakumari,67,201,Kanniyakumari South Industrial Bypass,6,Unclassified / Suspicious Substance,2025-08-26 00:01:56,WEB_PORTAL,DISMISSED,0
CIT-2026-00923,ANON-TOKEN-59ED6A448C,3,Madurai,12,34,Madurai South Market,1,Commercial Ganja / Cannabis,2025-03-23 04:11:33,MOBILE_APP,CORROBORATED,0
CIT-2026-00924,ANON-TOKEN-7103C1D615,27,Perambalur,132,395,Perambalur South Campus Zone,1,Commercial Ganja / Cannabis,2024-12-03 00:31:52,BOT,UNVERIFIED,0
CIT-2026-00925,ANON-TOKEN-D55DB77A49,32,Theni,156,467,Theni North Campus Zone,2,Synthetic Stimulants / MDMA / Meth,2025-10-13 16:51:30,WEB_PORTAL,CORROBORATED,0
CIT-2026-00926,ANON-TOKEN-5E942A705C,5,Tiruchirappalli,25,75,Tiruchirappalli Central Industrial Bypass,2,Synthetic Stimulants / MDMA / Meth,2024-09-28 04:19:15,WEB_PORTAL,NEEDS_VERIFICATION,0
CIT-2026-00927,ANON-TOKEN-693D0960CA,14,Kanniyakumari,67,200,Kanniyakumari South Campus Zone,4,Chemical Precursors / Ephedrine,2025-04-24 06:53:25,MOBILE_APP,DISMISSED,0
CIT-2026-00928,ANON-TOKEN-FF03D7FD15,4,Salem,18,54,Salem East Industrial Bypass,3,Prescription Narcotics / Codeine / Alprazolam,2025-08-01 13:38:45,WEB_PORTAL,DISMISSED,0
CIT-2026-00929,ANON-TOKEN-CBE1F73F64,8,Tiruppur,39,116,Tiruppur West Campus Zone,2,Synthetic Stimulants / MDMA / Meth,2026-04-20 06:53:24,TOLL_FREE_IVR,DISMISSED,0
CIT-2026-00930,ANON-TOKEN-B0F65D08CB,7,Erode,35,104,Erode Central Campus Zone,3,Prescription Narcotics / Codeine / Alprazolam,2024-10-28 15:48:45,BOT,UNVERIFIED,0
CIT-2026-00931,ANON-TOKEN-FAFC7BC62F,33,Thiruvarur,163,487,Thiruvarur East Market,3,Prescription Narcotics / Codeine / Alprazolam,2025-03-28 05:35:58,TOLL_FREE_IVR,NEEDS_VERIFICATION,0
CIT-2026-00932,ANON-TOKEN-1E76938125,33,Thiruvarur,165,495,Thiruvarur Central Industrial Bypass,2,Synthetic Stimulants / MDMA / Meth,2025-09-05 00:43:21,TOLL_FREE_IVR,UNVERIFIED,1
CIT-2026-00933,ANON-TOKEN-618DCF29F1,21,Kallakurichi,105,314,Kallakurichi Central Campus Zone,1,Commercial Ganja / Cannabis,2025-08-13 08:24:20,WEB_PORTAL,NEEDS_VERIFICATION,0
CIT-2026-00934,ANON-TOKEN-B19007434B,10,Krishnagiri,46,136,Krishnagiri North Market,5,Opioid Analogues / Brown Sugar / Heroin,2025-07-16 19:31:22,WEB_PORTAL,UNVERIFIED,0
CIT-2026-00935,ANON-TOKEN-D4EC0EEB5B,19,Cuddalore,94,282,Cuddalore West Industrial Bypass,4,Chemical Precursors / Ephedrine,2026-04-21 02:44:57,BOT,CORROBORATED,0
CIT-2026-00936,ANON-TOKEN-8CC33C9180,11,Dindigul,52,156,Dindigul South Industrial Bypass,4,Chemical Precursors / Ephedrine,2026-08-18 14:55:11,WEB_PORTAL,CORROBORATED,1
CIT-2026-00937,ANON-TOKEN-18F01CB352,2,Coimbatore,10,28,Coimbatore Central Market,2,Synthetic Stimulants / MDMA / Meth,2025-06-24 07:18:04,BOT,CORROBORATED,0
CIT-2026-00938,ANON-TOKEN-E088F07B3A,4,Salem,17,50,Salem South Campus Zone,1,Commercial Ganja / Cannabis,2024-11-22 19:07:45,TOLL_FREE_IVR,CORROBORATED,0
CIT-2026-00939,ANON-TOKEN-2E8BA5D5D0,24,Nilgiris,119,357,Nilgiris West Industrial Bypass,1,Commercial Ganja / Cannabis,2025-04-15 15:52:06,WEB_PORTAL,DISMISSED,0
CIT-2026-00940,ANON-TOKEN-D910D93F4A,20,Viluppuram,100,300,Viluppuram Central Industrial Bypass,2,Synthetic Stimulants / MDMA / Meth,2025-01-16 20:52:55,MOBILE_APP,CORROBORATED,0
CIT-2026-00941,ANON-TOKEN-C98023FBCD,23,Namakkal,115,343,Namakkal Central Market,6,Unclassified / Suspicious Substance,2026-01-07 01:58:17,BOT,DISMISSED,0
CIT-2026-00942,ANON-TOKEN-8F6F11FAE4,12,Thanjavur,56,167,Thanjavur North Campus Zone,5,Opioid Analogues / Brown Sugar / Heroin,2026-04-21 23:48:02,TOLL_FREE_IVR,NEEDS_VERIFICATION,0
CIT-2026-00943,ANON-TOKEN-9655AB73D4,37,Tirupathur,181,541,Tirupathur North Market,5,Opioid Analogues / Brown Sugar / Heroin,2025-08-14 16:01:37,TOLL_FREE_IVR,DISMISSED,0
CIT-2026-00944,ANON-TOKEN-B89472AE96,13,Thoothukudi,64,190,Thoothukudi West Market,4,Chemical Precursors / Ephedrine,2024-12-21 22:55:19,BOT,NEEDS_VERIFICATION,0
CIT-2026-00945,ANON-TOKEN-0129F9FA40,24,Nilgiris,117,351,Nilgiris South Industrial Bypass,3,Prescription Narcotics / Codeine / Alprazolam,2026-08-17 00:45:33,MOBILE_APP,DISMISSED,1
CIT-2026-00946,ANON-TOKEN-33BFB15B97,18,Tiruvallur,89,267,Tiruvallur West Industrial Bypass,3,Prescription Narcotics / Codeine / Alprazolam,2025-01-20 22:17:12,WEB_PORTAL,NEEDS_VERIFICATION,0
CIT-2026-00947,ANON-TOKEN-0D1B779561,37,Tirupathur,181,541,Tirupathur North Market,2,Synthetic Stimulants / MDMA / Meth,2025-05-15 04:41:41,BOT,NEEDS_VERIFICATION,1
CIT-2026-00948,ANON-TOKEN-F05EE38CBF,21,Kallakurichi,105,313,Kallakurichi Central Market,4,Chemical Precursors / Ephedrine,2025-05-28 03:52:52,BOT,CORROBORATED,0
CIT-2026-00949,ANON-TOKEN-2AA1DC1550,18,Tiruvallur,86,258,Tiruvallur North Industrial Bypass,2,Synthetic Stimulants / MDMA / Meth,2024-10-18 14:21:09,BOT,CORROBORATED,1
CIT-2026-00950,ANON-TOKEN-10CA022473,11,Dindigul,54,161,Dindigul West Campus Zone,3,Prescription Narcotics / Codeine / Alprazolam,2025-06-30 01:00:02,BOT,NEEDS_VERIFICATION,0
CIT-2026-00951,ANON-TOKEN-8A42B749FA,30,Ramanathapuram,148,443,Ramanathapuram East Campus Zone,6,Unclassified / Suspicious Substance,2025-02-05 12:49:34,WEB_PORTAL,NEEDS_VERIFICATION,0
CIT-2026-00952,ANON-TOKEN-39F7E70DA8,35,Mayiladuthurai,173,518,Mayiladuthurai East Campus Zone,4,Chemical Precursors / Ephedrine,2025-05-02 10:36:13,BOT,NEEDS_VERIFICATION,0
CIT-2026-00953,ANON-TOKEN-3C01A28D9B,33,Thiruvarur,164,492,Thiruvarur West Industrial Bypass,2,Synthetic Stimulants / MDMA / Meth,2025-09-10 22:24:46,BOT,DISMISSED,0
CIT-2026-00954,ANON-TOKEN-87F96915A1,19,Cuddalore,94,281,Cuddalore West Campus Zone,5,Opioid Analogues / Brown Sugar / Heroin,2026-02-20 05:54:17,BOT,CORROBORATED,1
CIT-2026-00955,ANON-TOKEN-F0641D546E,31,Virudhunagar,153,458,Virudhunagar East Campus Zone,5,Opioid Analogues / Brown Sugar / Heroin,2026-04-14 18:43:54,MOBILE_APP,CORROBORATED,0
CIT-2026-00956,ANON-TOKEN-FF4E69950C,23,Namakkal,112,334,Namakkal South Market,3,Prescription Narcotics / Codeine / Alprazolam,2026-05-17 20:25:03,TOLL_FREE_IVR,UNVERIFIED,0
CIT-2026-00957,ANON-TOKEN-6A44AABE47,3,Madurai,13,37,Madurai East Market,3,Prescription Narcotics / Codeine / Alprazolam,2025-09-09 14:23:04,TOLL_FREE_IVR,NEEDS_VERIFICATION,0
CIT-2026-00958,ANON-TOKEN-65D8F2EF2D,12,Thanjavur,60,179,Thanjavur Central Campus Zone,3,Prescription Narcotics / Codeine / Alprazolam,2026-04-24 03:22:46,TOLL_FREE_IVR,UNVERIFIED,0
CIT-2026-00959,ANON-TOKEN-E6E59DAECF,17,Chengalpattu,81,242,Chengalpattu North Campus Zone,3,Prescription Narcotics / Codeine / Alprazolam,2025-08-27 07:47:30,WEB_PORTAL,DISMISSED,0
CIT-2026-00960,ANON-TOKEN-FC4FF1401F,36,Ranipet,180,538,Ranipet Central Market,3,Prescription Narcotics / Codeine / Alprazolam,2026-02-18 22:45:21,WEB_PORTAL,NEEDS_VERIFICATION,0
CIT-2026-00961,ANON-TOKEN-54F36B6F07,26,Ariyalur,129,386,Ariyalur West Campus Zone,6,Unclassified / Suspicious Substance,2024-12-01 16:39:26,MOBILE_APP,UNVERIFIED,0
CIT-2026-00962,ANON-TOKEN-D68BEB97CA,24,Nilgiris,119,355,Nilgiris West Market,6,Unclassified / Suspicious Substance,2024-12-07 04:16:12,WEB_PORTAL,DISMISSED,0
CIT-2026-00963,ANON-TOKEN-F1AB523410,37,Tirupathur,183,547,Tirupathur East Market,6,Unclassified / Suspicious Substance,2025-11-21 00:22:25,WEB_PORTAL,DISMISSED,0
CIT-2026-00964,ANON-TOKEN-DBEE41ED21,6,Tirunelveli,29,85,Tirunelveli West Market,4,Chemical Precursors / Ephedrine,2026-02-07 17:07:57,TOLL_FREE_IVR,NEEDS_VERIFICATION,0
CIT-2026-00965,ANON-TOKEN-3219DD8051,15,Tenkasi,71,212,Tenkasi North Campus Zone,2,Synthetic Stimulants / MDMA / Meth,2025-12-14 17:23:50,BOT,NEEDS_VERIFICATION,0
CIT-2026-00966,ANON-TOKEN-FAA08A59D4,20,Viluppuram,96,286,Viluppuram North Market,1,Commercial Ganja / Cannabis,2025-01-18 10:46:33,TOLL_FREE_IVR,DISMISSED,0
CIT-2026-00967,ANON-TOKEN-378C837F06,1,Chennai,2,4,Chennai South Market,4,Chemical Precursors / Ephedrine,2024-09-27 03:33:54,MOBILE_APP,UNVERIFIED,0
CIT-2026-00968,ANON-TOKEN-9BDEB50CDF,23,Namakkal,114,340,Namakkal West Market,6,Unclassified / Suspicious Substance,2025-04-20 19:52:05,WEB_PORTAL,DISMISSED,0
CIT-2026-00969,ANON-TOKEN-91DEF74E03,2,Coimbatore,8,22,Coimbatore East Market,3,Prescription Narcotics / Codeine / Alprazolam,2026-06-01 09:39:22,MOBILE_APP,DISMISSED,0
CIT-2026-00970,ANON-TOKEN-976A05CBDA,27,Perambalur,133,398,Perambalur East Campus Zone,3,Prescription Narcotics / Codeine / Alprazolam,2026-02-28 11:09:08,BOT,CORROBORATED,0
CIT-2026-00971,ANON-TOKEN-8959D00A95,8,Tiruppur,39,116,Tiruppur West Campus Zone,6,Unclassified / Suspicious Substance,2025-10-14 06:26:00,BOT,UNVERIFIED,0
CIT-2026-00972,ANON-TOKEN-EBB5106ECC,31,Virudhunagar,155,463,Virudhunagar Central Market,3,Prescription Narcotics / Codeine / Alprazolam,2026-06-12 14:25:43,BOT,DISMISSED,0
CIT-2026-00973,ANON-TOKEN-48742D978D,9,Vellore,44,130,Vellore West Market,2,Synthetic Stimulants / MDMA / Meth,2026-03-27 16:55:59,BOT,CORROBORATED,1
CIT-2026-00974,ANON-TOKEN-27C157BCF2,35,Mayiladuthurai,173,517,Mayiladuthurai East Market,2,Synthetic Stimulants / MDMA / Meth,2024-09-30 22:45:30,WEB_PORTAL,CORROBORATED,0
CIT-2026-00975,ANON-TOKEN-21F8CD1B57,16,Kancheepuram,78,233,Kancheepuram East Campus Zone,2,Synthetic Stimulants / MDMA / Meth,2026-04-25 17:27:45,BOT,CORROBORATED,1
CIT-2026-00976,ANON-TOKEN-97D73A7595,19,Cuddalore,93,277,Cuddalore East Market,6,Unclassified / Suspicious Substance,2025-02-27 19:23:52,TOLL_FREE_IVR,DISMISSED,0
CIT-2026-00977,ANON-TOKEN-D55F5DD8E4,6,Tirunelveli,30,90,Tirunelveli Central Industrial Bypass,2,Synthetic Stimulants / MDMA / Meth,2025-06-18 10:09:35,TOLL_FREE_IVR,CORROBORATED,0
CIT-2026-00978,ANON-TOKEN-DE6FA5A0F0,35,Mayiladuthurai,171,512,Mayiladuthurai North Campus Zone,3,Prescription Narcotics / Codeine / Alprazolam,2025-10-23 14:02:35,WEB_PORTAL,DISMISSED,0
CIT-2026-00979,ANON-TOKEN-96B9469851,19,Cuddalore,94,282,Cuddalore West Industrial Bypass,3,Prescription Narcotics / Codeine / Alprazolam,2025-03-31 11:33:59,WEB_PORTAL,UNVERIFIED,0
CIT-2026-00980,ANON-TOKEN-531F665D41,29,Sivaganga,144,432,Sivaganga West Industrial Bypass,4,Chemical Precursors / Ephedrine,2025-11-10 04:15:12,WEB_PORTAL,CORROBORATED,0
CIT-2026-00981,ANON-TOKEN-44DCB5F233,7,Erode,32,96,Erode South Industrial Bypass,5,Opioid Analogues / Brown Sugar / Heroin,2025-11-11 17:29:02,MOBILE_APP,NEEDS_VERIFICATION,0
CIT-2026-00982,ANON-TOKEN-15FC9B694E,9,Vellore,45,134,Vellore Central Campus Zone,1,Commercial Ganja / Cannabis,2025-06-06 01:26:54,WEB_PORTAL,CORROBORATED,0
CIT-2026-00983,ANON-TOKEN-FF8A5AFF28,28,Pudukkottai,136,408,Pudukkottai North Industrial Bypass,4,Chemical Precursors / Ephedrine,2025-05-15 11:25:54,WEB_PORTAL,CORROBORATED,0
CIT-2026-00984,ANON-TOKEN-D95AFE3802,28,Pudukkottai,137,410,Pudukkottai South Campus Zone,5,Opioid Analogues / Brown Sugar / Heroin,2024-10-20 11:24:50,MOBILE_APP,UNVERIFIED,0
CIT-2026-00985,ANON-TOKEN-FC326CAEC4,31,Virudhunagar,153,458,Virudhunagar East Campus Zone,5,Opioid Analogues / Brown Sugar / Heroin,2025-01-25 02:19:42,MOBILE_APP,NEEDS_VERIFICATION,0
CIT-2026-00986,ANON-TOKEN-64685556DE,7,Erode,35,105,Erode Central Industrial Bypass,1,Commercial Ganja / Cannabis,2025-02-04 15:34:14,TOLL_FREE_IVR,CORROBORATED,0
CIT-2026-00987,ANON-TOKEN-B87A703C92,11,Dindigul,53,158,Dindigul East Campus Zone,1,Commercial Ganja / Cannabis,2025-09-25 05:29:55,WEB_PORTAL,DISMISSED,0
CIT-2026-00988,ANON-TOKEN-7A3C0D4989,29,Sivaganga,145,435,Sivaganga Central Industrial Bypass,2,Synthetic Stimulants / MDMA / Meth,2026-07-13 08:47:34,WEB_PORTAL,UNVERIFIED,0
CIT-2026-00989,ANON-TOKEN-EF06B84CBC,12,Thanjavur,58,174,Thanjavur East Industrial Bypass,5,Opioid Analogues / Brown Sugar / Heroin,2025-11-18 00:32:37,TOLL_FREE_IVR,DISMISSED,0
CIT-2026-00990,ANON-TOKEN-C1761A9FAA,33,Thiruvarur,161,482,Thiruvarur North Campus Zone,1,Commercial Ganja / Cannabis,2026-06-25 15:55:29,TOLL_FREE_IVR,CORROBORATED,0
CIT-2026-00991,ANON-TOKEN-035A95BA3B,23,Namakkal,115,343,Namakkal Central Market,1,Commercial Ganja / Cannabis,2024-11-26 19:10:42,MOBILE_APP,CORROBORATED,0
CIT-2026-00992,ANON-TOKEN-504D5CC98F,38,Tiruvannamalai,188,562,Tiruvannamalai East Market,5,Opioid Analogues / Brown Sugar / Heroin,2026-01-19 05:09:36,MOBILE_APP,DISMISSED,0
CIT-2026-00993,ANON-TOKEN-16380E85A4,5,Tiruchirappalli,21,61,Tiruchirappalli North Market,1,Commercial Ganja / Cannabis,2025-12-05 09:48:32,BOT,UNVERIFIED,0
CIT-2026-00994,ANON-TOKEN-A36DC05F43,16,Kancheepuram,78,234,Kancheepuram East Industrial Bypass,5,Opioid Analogues / Brown Sugar / Heroin,2026-01-22 05:42:54,MOBILE_APP,CORROBORATED,0
CIT-2026-00995,ANON-TOKEN-E8F2090772,21,Kallakurichi,101,302,Kallakurichi North Campus Zone,3,Prescription Narcotics / Codeine / Alprazolam,2024-11-04 06:11:50,MOBILE_APP,DISMISSED,0
CIT-2026-00996,ANON-TOKEN-56CEE265FB,8,Tiruppur,36,107,Tiruppur North Campus Zone,1,Commercial Ganja / Cannabis,2025-12-04 03:50:12,TOLL_FREE_IVR,DISMISSED,0
CIT-2026-00997,ANON-TOKEN-CA8313893A,12,Thanjavur,58,172,Thanjavur East Market,6,Unclassified / Suspicious Substance,2025-05-31 10:37:51,MOBILE_APP,DISMISSED,0
CIT-2026-00998,ANON-TOKEN-0FDC0B218D,32,Theni,157,470,Theni South Campus Zone,1,Commercial Ganja / Cannabis,2026-05-22 01:09:36,TOLL_FREE_IVR,NEEDS_VERIFICATION,0
CIT-2026-00999,ANON-TOKEN-4CB937DE10,21,Kallakurichi,104,312,Kallakurichi West Industrial Bypass,1,Commercial Ganja / Cannabis,2026-01-06 08:22:47,TOLL_FREE_IVR,CORROBORATED,0
CIT-2026-01000,ANON-TOKEN-A3F2B5DBA5,26,Ariyalur,128,384,Ariyalur East Industrial Bypass,6,Unclassified / Suspicious Substance,2025-12-06 07:00:03,TOLL_FREE_IVR,NEEDS_VERIFICATION,0
CIT-2026-01001,ANON-TOKEN-1C1816A6CF,16,Kancheepuram,78,233,Kancheepuram East Campus Zone,4,Chemical Precursors / Ephedrine,2025-12-07 10:44:38,BOT,DISMISSED,0
CIT-2026-01002,ANON-TOKEN-841D7E6137,21,Kallakurichi,104,311,Kallakurichi West Campus Zone,3,Prescription Narcotics / Codeine / Alprazolam,2024-11-11 15:08:23,BOT,NEEDS_VERIFICATION,0
CIT-2026-01003,ANON-TOKEN-789BDB1998,25,Karur,121,362,Karur North Campus Zone,4,Chemical Precursors / Ephedrine,2024-11-05 11:38:26,BOT,DISMISSED,1
CIT-2026-01004,ANON-TOKEN-8D8F883A64,2,Coimbatore,6,17,Coimbatore North Campus Zone,5,Opioid Analogues / Brown Sugar / Heroin,2025-04-10 21:59:22,TOLL_FREE_IVR,NEEDS_VERIFICATION,0
CIT-2026-01005,ANON-TOKEN-327094C839,8,Tiruppur,38,112,Tiruppur East Market,5,Opioid Analogues / Brown Sugar / Heroin,2025-02-06 12:30:51,MOBILE_APP,CORROBORATED,0
CIT-2026-01006,ANON-TOKEN-AC44DA5D48,30,Ramanathapuram,150,449,Ramanathapuram Central Campus Zone,4,Chemical Precursors / Ephedrine,2025-06-04 03:39:57,TOLL_FREE_IVR,DISMISSED,0
CIT-2026-01007,ANON-TOKEN-8C289345CE,5,Tiruchirappalli,21,62,Tiruchirappalli North Campus Zone,4,Chemical Precursors / Ephedrine,2025-11-24 12:10:35,WEB_PORTAL,CORROBORATED,0
CIT-2026-01008,ANON-TOKEN-AFC4D00885,34,Nagapattinam,169,505,Nagapattinam West Market,2,Synthetic Stimulants / MDMA / Meth,2025-07-06 13:45:54,TOLL_FREE_IVR,NEEDS_VERIFICATION,0
CIT-2026-01009,ANON-TOKEN-D313FAD364,15,Tenkasi,74,221,Tenkasi West Campus Zone,5,Opioid Analogues / Brown Sugar / Heroin,2025-05-21 00:34:57,MOBILE_APP,UNVERIFIED,0
CIT-2026-01010,ANON-TOKEN-8F934520BC,6,Tirunelveli,26,78,Tirunelveli North Industrial Bypass,4,Chemical Precursors / Ephedrine,2024-10-15 02:52:08,BOT,NEEDS_VERIFICATION,0
CIT-2026-01011,ANON-TOKEN-254ADFFCBB,3,Madurai,15,44,Madurai Central Campus Zone,1,Commercial Ganja / Cannabis,2024-12-03 13:04:05,WEB_PORTAL,UNVERIFIED,0
CIT-2026-01012,ANON-TOKEN-56C5537923,15,Tenkasi,74,220,Tenkasi West Market,3,Prescription Narcotics / Codeine / Alprazolam,2025-10-07 23:27:51,MOBILE_APP,NEEDS_VERIFICATION,0
CIT-2026-01013,ANON-TOKEN-E5C251403B,29,Sivaganga,145,434,Sivaganga Central Campus Zone,2,Synthetic Stimulants / MDMA / Meth,2025-05-17 11:11:29,WEB_PORTAL,NEEDS_VERIFICATION,0
CIT-2026-01014,ANON-TOKEN-03B5464F2E,25,Karur,123,367,Karur East Market,4,Chemical Precursors / Ephedrine,2025-05-03 21:52:43,WEB_PORTAL,CORROBORATED,0
CIT-2026-01015,ANON-TOKEN-E850781A49,14,Kanniyakumari,66,197,Kanniyakumari North Campus Zone,3,Prescription Narcotics / Codeine / Alprazolam,2026-03-19 00:40:24,BOT,DISMISSED,0
CIT-2026-01016,ANON-TOKEN-F82FAE3235,16,Kancheepuram,76,228,Kancheepuram North Industrial Bypass,3,Prescription Narcotics / Codeine / Alprazolam,2026-04-27 12:23:34,TOLL_FREE_IVR,DISMISSED,1
CIT-2026-01017,ANON-TOKEN-BB6A6C6212,10,Krishnagiri,49,147,Krishnagiri West Industrial Bypass,6,Unclassified / Suspicious Substance,2025-07-10 19:23:21,BOT,UNVERIFIED,0
CIT-2026-01018,ANON-TOKEN-1C76F5E409,36,Ranipet,179,535,Ranipet West Market,1,Commercial Ganja / Cannabis,2026-08-14 12:19:14,WEB_PORTAL,CORROBORATED,0
CIT-2026-01019,ANON-TOKEN-D07E36D204,35,Mayiladuthurai,175,523,Mayiladuthurai Central Market,4,Chemical Precursors / Ephedrine,2024-11-28 13:34:32,TOLL_FREE_IVR,NEEDS_VERIFICATION,0
CIT-2026-01020,ANON-TOKEN-DD602AD4EB,32,Theni,156,467,Theni North Campus Zone,2,Synthetic Stimulants / MDMA / Meth,2025-09-12 00:01:08,WEB_PORTAL,CORROBORATED,0
CIT-2026-01021,ANON-TOKEN-FBB3B0E1BF,2,Coimbatore,6,18,Coimbatore North Industrial Bypass,1,Commercial Ganja / Cannabis,2024-12-09 05:03:07,BOT,UNVERIFIED,0
CIT-2026-01022,ANON-TOKEN-3208211646,15,Tenkasi,71,212,Tenkasi North Campus Zone,4,Chemical Precursors / Ephedrine,2024-12-27 23:00:53,MOBILE_APP,DISMISSED,1
CIT-2026-01023,ANON-TOKEN-E7581F31D2,30,Ramanathapuram,146,436,Ramanathapuram North Market,5,Opioid Analogues / Brown Sugar / Heroin,2024-10-18 23:31:50,WEB_PORTAL,DISMISSED,0
CIT-2026-01024,ANON-TOKEN-790B0832DB,35,Mayiladuthurai,173,519,Mayiladuthurai East Industrial Bypass,4,Chemical Precursors / Ephedrine,2026-07-07 16:15:27,MOBILE_APP,DISMISSED,0
CIT-2026-01025,ANON-TOKEN-019A4B3AA0,32,Theni,157,471,Theni South Industrial Bypass,5,Opioid Analogues / Brown Sugar / Heroin,2026-06-17 09:13:27,TOLL_FREE_IVR,CORROBORATED,0
CIT-2026-01026,ANON-TOKEN-2278635DDC,25,Karur,121,362,Karur North Campus Zone,5,Opioid Analogues / Brown Sugar / Heroin,2025-11-01 13:08:15,MOBILE_APP,DISMISSED,0
CIT-2026-01027,ANON-TOKEN-07C779B725,20,Viluppuram,97,289,Viluppuram South Market,2,Synthetic Stimulants / MDMA / Meth,2025-06-02 18:30:30,TOLL_FREE_IVR,NEEDS_VERIFICATION,0
CIT-2026-01028,ANON-TOKEN-EE3E864E63,15,Tenkasi,74,221,Tenkasi West Campus Zone,4,Chemical Precursors / Ephedrine,2025-08-27 15:50:34,BOT,NEEDS_VERIFICATION,0
CIT-2026-01029,ANON-TOKEN-1834CD7BCD,7,Erode,34,102,Erode West Industrial Bypass,6,Unclassified / Suspicious Substance,2025-01-13 09:46:58,MOBILE_APP,CORROBORATED,0
CIT-2026-01030,ANON-TOKEN-76D64C6E42,17,Chengalpattu,81,243,Chengalpattu North Industrial Bypass,4,Chemical Precursors / Ephedrine,2025-05-21 17:47:40,MOBILE_APP,CORROBORATED,0
CIT-2026-01031,ANON-TOKEN-7C3A3B557D,16,Kancheepuram,79,237,Kancheepuram West Industrial Bypass,4,Chemical Precursors / Ephedrine,2025-06-21 01:16:05,WEB_PORTAL,CORROBORATED,0
CIT-2026-01032,ANON-TOKEN-F60946D448,26,Ariyalur,128,384,Ariyalur East Industrial Bypass,3,Prescription Narcotics / Codeine / Alprazolam,2025-08-06 14:01:07,WEB_PORTAL,UNVERIFIED,0
CIT-2026-01033,ANON-TOKEN-9790640558,15,Tenkasi,71,211,Tenkasi North Market,1,Commercial Ganja / Cannabis,2024-10-09 02:49:46,TOLL_FREE_IVR,NEEDS_VERIFICATION,1
CIT-2026-01034,ANON-TOKEN-9B4340AD26,24,Nilgiris,120,359,Nilgiris Central Campus Zone,1,Commercial Ganja / Cannabis,2026-08-07 05:56:09,MOBILE_APP,UNVERIFIED,0
CIT-2026-01035,ANON-TOKEN-F5626BEC37,10,Krishnagiri,48,143,Krishnagiri East Campus Zone,6,Unclassified / Suspicious Substance,2025-01-08 15:02:43,WEB_PORTAL,DISMISSED,0
CIT-2026-01036,ANON-TOKEN-732629AB7A,3,Madurai,14,42,Madurai West Industrial Bypass,2,Synthetic Stimulants / MDMA / Meth,2024-11-03 08:56:12,TOLL_FREE_IVR,CORROBORATED,0
CIT-2026-01037,ANON-TOKEN-D2C7CB0ED2,22,Dharmapuri,109,326,Dharmapuri West Campus Zone,3,Prescription Narcotics / Codeine / Alprazolam,2025-12-29 04:39:21,MOBILE_APP,DISMISSED,0
CIT-2026-01038,ANON-TOKEN-78DE00E0FD,12,Thanjavur,57,171,Thanjavur South Industrial Bypass,5,Opioid Analogues / Brown Sugar / Heroin,2025-04-16 02:07:00,WEB_PORTAL,DISMISSED,0
CIT-2026-01039,ANON-TOKEN-7A5594952D,3,Madurai,15,44,Madurai Central Campus Zone,1,Commercial Ganja / Cannabis,2025-09-03 06:24:48,BOT,NEEDS_VERIFICATION,0
CIT-2026-01040,ANON-TOKEN-3DB410B69A,26,Ariyalur,126,378,Ariyalur North Industrial Bypass,4,Chemical Precursors / Ephedrine,2026-06-17 13:04:56,MOBILE_APP,NEEDS_VERIFICATION,1
CIT-2026-01041,ANON-TOKEN-EFEAEE9849,7,Erode,33,98,Erode East Campus Zone,5,Opioid Analogues / Brown Sugar / Heroin,2026-01-18 19:10:17,TOLL_FREE_IVR,UNVERIFIED,0
CIT-2026-01042,ANON-TOKEN-F9727C1BC9,19,Cuddalore,93,278,Cuddalore East Campus Zone,5,Opioid Analogues / Brown Sugar / Heroin,2025-02-03 23:41:36,WEB_PORTAL,UNVERIFIED,0
CIT-2026-01043,ANON-TOKEN-7A5D4A236D,9,Vellore,45,135,Vellore Central Industrial Bypass,3,Prescription Narcotics / Codeine / Alprazolam,2025-01-24 22:49:59,BOT,CORROBORATED,1
CIT-2026-01044,ANON-TOKEN-0C97C502C0,11,Dindigul,53,158,Dindigul East Campus Zone,4,Chemical Precursors / Ephedrine,2025-08-06 23:38:55,MOBILE_APP,DISMISSED,0
CIT-2026-01045,ANON-TOKEN-A27B3E4704,13,Thoothukudi,65,194,Thoothukudi Central Campus Zone,6,Unclassified / Suspicious Substance,2025-04-18 01:59:08,WEB_PORTAL,NEEDS_VERIFICATION,0
CIT-2026-01046,ANON-TOKEN-1767030BDA,24,Nilgiris,117,349,Nilgiris South Market,3,Prescription Narcotics / Codeine / Alprazolam,2025-07-12 15:26:48,TOLL_FREE_IVR,DISMISSED,0
CIT-2026-01047,ANON-TOKEN-3E00D43804,27,Perambalur,133,399,Perambalur East Industrial Bypass,6,Unclassified / Suspicious Substance,2026-07-20 18:34:41,TOLL_FREE_IVR,UNVERIFIED,0
CIT-2026-01048,ANON-TOKEN-AD2B15363A,16,Kancheepuram,76,227,Kancheepuram North Campus Zone,4,Chemical Precursors / Ephedrine,2025-12-20 04:32:58,MOBILE_APP,UNVERIFIED,0
CIT-2026-01049,ANON-TOKEN-1F86188012,14,Kanniyakumari,66,198,Kanniyakumari North Industrial Bypass,5,Opioid Analogues / Brown Sugar / Heroin,2026-07-03 16:05:54,TOLL_FREE_IVR,UNVERIFIED,0
CIT-2026-01050,ANON-TOKEN-3123DEAB71,15,Tenkasi,73,218,Tenkasi East Campus Zone,3,Prescription Narcotics / Codeine / Alprazolam,2026-01-02 22:10:04,TOLL_FREE_IVR,UNVERIFIED,0
CIT-2026-01051,ANON-TOKEN-98D6848B26,23,Namakkal,113,339,Namakkal East Industrial Bypass,2,Synthetic Stimulants / MDMA / Meth,2025-07-13 12:58:53,BOT,NEEDS_VERIFICATION,0
CIT-2026-01052,ANON-TOKEN-3AF03F551D,7,Erode,31,93,Erode North Industrial Bypass,3,Prescription Narcotics / Codeine / Alprazolam,2025-12-22 21:33:20,MOBILE_APP,NEEDS_VERIFICATION,0
CIT-2026-01053,ANON-TOKEN-BBACFF7864,19,Cuddalore,94,281,Cuddalore West Campus Zone,1,Commercial Ganja / Cannabis,2025-09-24 16:01:22,WEB_PORTAL,UNVERIFIED,0
CIT-2026-01054,ANON-TOKEN-23BBF47E2E,31,Virudhunagar,155,465,Virudhunagar Central Industrial Bypass,2,Synthetic Stimulants / MDMA / Meth,2026-05-13 05:15:13,TOLL_FREE_IVR,UNVERIFIED,0
CIT-2026-01055,ANON-TOKEN-D4A4DFF224,27,Perambalur,133,397,Perambalur East Market,4,Chemical Precursors / Ephedrine,2025-12-16 11:23:50,TOLL_FREE_IVR,NEEDS_VERIFICATION,0
CIT-2026-01056,ANON-TOKEN-28C777DC14,5,Tiruchirappalli,22,64,Tiruchirappalli South Market,3,Prescription Narcotics / Codeine / Alprazolam,2026-01-13 20:30:14,WEB_PORTAL,CORROBORATED,0
CIT-2026-01057,ANON-TOKEN-A76C8A748D,1,Chennai,4,11,Chennai West Campus Zone,3,Prescription Narcotics / Codeine / Alprazolam,2024-09-29 09:15:39,WEB_PORTAL,CORROBORATED,0
CIT-2026-01058,ANON-TOKEN-AE0BF1CC60,13,Thoothukudi,61,182,Thoothukudi North Campus Zone,4,Chemical Precursors / Ephedrine,2025-05-21 10:31:11,MOBILE_APP,DISMISSED,0
CIT-2026-01059,ANON-TOKEN-266A38E99A,7,Erode,31,93,Erode North Industrial Bypass,1,Commercial Ganja / Cannabis,2026-01-29 23:00:58,BOT,NEEDS_VERIFICATION,0
CIT-2026-01060,ANON-TOKEN-9D5BABC711,3,Madurai,15,43,Madurai Central Market,1,Commercial Ganja / Cannabis,2025-02-05 18:38:51,BOT,UNVERIFIED,0
CIT-2026-01061,ANON-TOKEN-1FCE8A17C4,32,Theni,157,470,Theni South Campus Zone,6,Unclassified / Suspicious Substance,2025-08-08 21:31:24,BOT,CORROBORATED,1
CIT-2026-01062,ANON-TOKEN-370EBFBD97,38,Tiruvannamalai,189,567,Tiruvannamalai West Industrial Bypass,1,Commercial Ganja / Cannabis,2026-04-05 10:27:29,MOBILE_APP,NEEDS_VERIFICATION,0
CIT-2026-01063,ANON-TOKEN-190C306E48,3,Madurai,12,35,Madurai South Campus Zone,5,Opioid Analogues / Brown Sugar / Heroin,2025-01-30 11:02:50,BOT,CORROBORATED,0
CIT-2026-01064,ANON-TOKEN-A8EBF80EC7,9,Vellore,43,128,Vellore East Campus Zone,4,Chemical Precursors / Ephedrine,2025-03-31 20:30:49,WEB_PORTAL,CORROBORATED,0
CIT-2026-01065,ANON-TOKEN-60D34C87C7,18,Tiruvallur,90,268,Tiruvallur Central Market,4,Chemical Precursors / Ephedrine,2025-06-22 00:05:09,TOLL_FREE_IVR,DISMISSED,0
CIT-2026-01066,ANON-TOKEN-B85A765852,5,Tiruchirappalli,25,73,Tiruchirappalli Central Market,5,Opioid Analogues / Brown Sugar / Heroin,2025-02-14 03:26:01,BOT,DISMISSED,0
CIT-2026-01067,ANON-TOKEN-508D604023,3,Madurai,11,33,Madurai North Industrial Bypass,5,Opioid Analogues / Brown Sugar / Heroin,2026-04-25 14:54:10,WEB_PORTAL,UNVERIFIED,0
CIT-2026-01068,ANON-TOKEN-875C4107DB,12,Thanjavur,59,177,Thanjavur West Industrial Bypass,1,Commercial Ganja / Cannabis,2026-06-22 20:10:34,MOBILE_APP,DISMISSED,0
CIT-2026-01069,ANON-TOKEN-37DE0BAE57,25,Karur,123,368,Karur East Campus Zone,5,Opioid Analogues / Brown Sugar / Heroin,2026-07-18 09:32:01,WEB_PORTAL,NEEDS_VERIFICATION,1
CIT-2026-01070,ANON-TOKEN-1FC424F40A,10,Krishnagiri,48,144,Krishnagiri East Industrial Bypass,6,Unclassified / Suspicious Substance,2025-05-27 20:36:56,WEB_PORTAL,CORROBORATED,1
CIT-2026-01071,ANON-TOKEN-490B264206,37,Tirupathur,185,554,Tirupathur Central Campus Zone,4,Chemical Precursors / Ephedrine,2026-05-03 04:57:04,TOLL_FREE_IVR,CORROBORATED,0
CIT-2026-01072,ANON-TOKEN-F7615F7F9A,6,Tirunelveli,27,81,Tirunelveli South Industrial Bypass,3,Prescription Narcotics / Codeine / Alprazolam,2026-01-27 19:18:53,MOBILE_APP,NEEDS_VERIFICATION,0
CIT-2026-01073,ANON-TOKEN-0B3B5D7711,8,Tiruppur,38,112,Tiruppur East Market,3,Prescription Narcotics / Codeine / Alprazolam,2025-09-13 05:30:21,WEB_PORTAL,NEEDS_VERIFICATION,0
CIT-2026-01074,ANON-TOKEN-A5CD77D487,2,Coimbatore,9,25,Coimbatore West Market,2,Synthetic Stimulants / MDMA / Meth,2025-05-23 04:34:52,WEB_PORTAL,DISMISSED,0
CIT-2026-01075,ANON-TOKEN-93BDC92C01,30,Ramanathapuram,150,449,Ramanathapuram Central Campus Zone,6,Unclassified / Suspicious Substance,2025-12-12 03:57:53,MOBILE_APP,CORROBORATED,0
CIT-2026-01076,ANON-TOKEN-0A6F7B7824,21,Kallakurichi,103,307,Kallakurichi East Market,5,Opioid Analogues / Brown Sugar / Heroin,2026-04-29 01:32:18,TOLL_FREE_IVR,NEEDS_VERIFICATION,0
CIT-2026-01077,ANON-TOKEN-C53B303E4B,21,Kallakurichi,102,304,Kallakurichi South Market,2,Synthetic Stimulants / MDMA / Meth,2025-05-14 20:03:38,TOLL_FREE_IVR,CORROBORATED,0
CIT-2026-01078,ANON-TOKEN-351E108BEA,18,Tiruvallur,89,267,Tiruvallur West Industrial Bypass,1,Commercial Ganja / Cannabis,2025-05-08 11:51:36,TOLL_FREE_IVR,UNVERIFIED,0
CIT-2026-01079,ANON-TOKEN-5923132E5B,30,Ramanathapuram,146,436,Ramanathapuram North Market,3,Prescription Narcotics / Codeine / Alprazolam,2025-09-09 08:22:27,TOLL_FREE_IVR,DISMISSED,0
CIT-2026-01080,ANON-TOKEN-70D8F779E6,24,Nilgiris,117,351,Nilgiris South Industrial Bypass,2,Synthetic Stimulants / MDMA / Meth,2024-12-11 15:06:47,MOBILE_APP,NEEDS_VERIFICATION,0
CIT-2026-01081,ANON-TOKEN-4A65EB722F,11,Dindigul,55,164,Dindigul Central Campus Zone,4,Chemical Precursors / Ephedrine,2025-03-17 19:53:17,MOBILE_APP,NEEDS_VERIFICATION,0
CIT-2026-01082,ANON-TOKEN-3EE5AED67E,31,Virudhunagar,153,457,Virudhunagar East Market,5,Opioid Analogues / Brown Sugar / Heroin,2025-03-04 19:17:36,WEB_PORTAL,CORROBORATED,0
CIT-2026-01083,ANON-TOKEN-CCBFC40903,26,Ariyalur,128,382,Ariyalur East Market,4,Chemical Precursors / Ephedrine,2025-05-31 22:18:18,TOLL_FREE_IVR,UNVERIFIED,0
CIT-2026-01084,ANON-TOKEN-AD310F1328,8,Tiruppur,39,117,Tiruppur West Industrial Bypass,6,Unclassified / Suspicious Substance,2026-03-20 06:04:06,TOLL_FREE_IVR,UNVERIFIED,0
CIT-2026-01085,ANON-TOKEN-25850AA741,35,Mayiladuthurai,173,517,Mayiladuthurai East Market,5,Opioid Analogues / Brown Sugar / Heroin,2025-07-19 15:22:36,WEB_PORTAL,UNVERIFIED,0
CIT-2026-01086,ANON-TOKEN-4807AF5A3D,9,Vellore,41,123,Vellore North Industrial Bypass,6,Unclassified / Suspicious Substance,2026-06-29 20:18:17,WEB_PORTAL,CORROBORATED,0
CIT-2026-01087,ANON-TOKEN-A054F070D4,4,Salem,19,55,Salem West Market,6,Unclassified / Suspicious Substance,2025-03-19 17:23:34,MOBILE_APP,NEEDS_VERIFICATION,0
CIT-2026-01088,ANON-TOKEN-921B0E4D88,25,Karur,121,362,Karur North Campus Zone,4,Chemical Precursors / Ephedrine,2025-01-04 12:01:25,MOBILE_APP,DISMISSED,0
CIT-2026-01089,ANON-TOKEN-4DE2A2B56F,6,Tirunelveli,27,81,Tirunelveli South Industrial Bypass,3,Prescription Narcotics / Codeine / Alprazolam,2026-07-04 12:26:36,TOLL_FREE_IVR,CORROBORATED,0
CIT-2026-01090,ANON-TOKEN-C70493EE14,30,Ramanathapuram,146,438,Ramanathapuram North Industrial Bypass,5,Opioid Analogues / Brown Sugar / Heroin,2026-04-08 11:35:59,WEB_PORTAL,NEEDS_VERIFICATION,0
CIT-2026-01091,ANON-TOKEN-0062D63E6C,8,Tiruppur,39,116,Tiruppur West Campus Zone,2,Synthetic Stimulants / MDMA / Meth,2025-12-03 15:28:29,BOT,NEEDS_VERIFICATION,1
CIT-2026-01092,ANON-TOKEN-2A6C4305C3,3,Madurai,11,31,Madurai North Market,5,Opioid Analogues / Brown Sugar / Heroin,2024-09-20 01:16:35,TOLL_FREE_IVR,CORROBORATED,0
CIT-2026-01093,ANON-TOKEN-D015A09093,35,Mayiladuthurai,173,519,Mayiladuthurai East Industrial Bypass,1,Commercial Ganja / Cannabis,2025-07-28 16:26:43,WEB_PORTAL,DISMISSED,0
CIT-2026-01094,ANON-TOKEN-D9CC4CBC4F,37,Tirupathur,183,547,Tirupathur East Market,6,Unclassified / Suspicious Substance,2026-07-12 09:50:40,WEB_PORTAL,CORROBORATED,0
CIT-2026-01095,ANON-TOKEN-34256ED2C4,36,Ranipet,180,540,Ranipet Central Industrial Bypass,1,Commercial Ganja / Cannabis,2025-03-01 19:01:13,BOT,UNVERIFIED,0
CIT-2026-01096,ANON-TOKEN-B2BBA9DC7C,12,Thanjavur,58,173,Thanjavur East Campus Zone,1,Commercial Ganja / Cannabis,2026-05-29 04:29:30,MOBILE_APP,NEEDS_VERIFICATION,0
CIT-2026-01097,ANON-TOKEN-18F3E1BA38,30,Ramanathapuram,150,448,Ramanathapuram Central Market,3,Prescription Narcotics / Codeine / Alprazolam,2025-04-04 14:16:56,WEB_PORTAL,DISMISSED,0
CIT-2026-01098,ANON-TOKEN-D6E4B36972,38,Tiruvannamalai,190,569,Tiruvannamalai Central Campus Zone,2,Synthetic Stimulants / MDMA / Meth,2025-08-25 13:09:37,MOBILE_APP,NEEDS_VERIFICATION,0
CIT-2026-01099,ANON-TOKEN-D83E8C6108,1,Chennai,2,6,Chennai South Industrial Bypass,6,Unclassified / Suspicious Substance,2025-06-16 10:36:00,MOBILE_APP,NEEDS_VERIFICATION,0
CIT-2026-01100,ANON-TOKEN-29AD53F2B3,19,Cuddalore,94,281,Cuddalore West Campus Zone,2,Synthetic Stimulants / MDMA / Meth,2026-08-08 01:10:23,TOLL_FREE_IVR,DISMISSED,0
CIT-2026-01101,ANON-TOKEN-E8E5A090F4,5,Tiruchirappalli,22,64,Tiruchirappalli South Market,5,Opioid Analogues / Brown Sugar / Heroin,2026-06-21 09:00:08,TOLL_FREE_IVR,DISMISSED,0
CIT-2026-01102,ANON-TOKEN-2AFA165A35,31,Virudhunagar,155,464,Virudhunagar Central Campus Zone,2,Synthetic Stimulants / MDMA / Meth,2026-07-15 11:59:55,WEB_PORTAL,DISMISSED,0
CIT-2026-01103,ANON-TOKEN-5C95355D07,15,Tenkasi,75,225,Tenkasi Central Industrial Bypass,3,Prescription Narcotics / Codeine / Alprazolam,2025-06-29 05:28:09,BOT,DISMISSED,0
CIT-2026-01104,ANON-TOKEN-7BC1DAA8F6,33,Thiruvarur,164,491,Thiruvarur West Campus Zone,2,Synthetic Stimulants / MDMA / Meth,2026-07-04 15:49:14,MOBILE_APP,CORROBORATED,0
CIT-2026-01105,ANON-TOKEN-F73FD44E14,32,Theni,157,471,Theni South Industrial Bypass,5,Opioid Analogues / Brown Sugar / Heroin,2025-06-04 03:50:56,WEB_PORTAL,UNVERIFIED,0
CIT-2026-01106,ANON-TOKEN-1E39F5B89F,21,Kallakurichi,104,312,Kallakurichi West Industrial Bypass,5,Opioid Analogues / Brown Sugar / Heroin,2025-05-06 14:52:05,TOLL_FREE_IVR,NEEDS_VERIFICATION,1
CIT-2026-01107,ANON-TOKEN-9162EB9E4E,11,Dindigul,51,153,Dindigul North Industrial Bypass,6,Unclassified / Suspicious Substance,2024-11-26 18:33:53,TOLL_FREE_IVR,NEEDS_VERIFICATION,0
CIT-2026-01108,ANON-TOKEN-6062B4B1DC,35,Mayiladuthurai,173,517,Mayiladuthurai East Market,2,Synthetic Stimulants / MDMA / Meth,2025-02-01 14:54:29,TOLL_FREE_IVR,CORROBORATED,1
CIT-2026-01109,ANON-TOKEN-B517F815E8,30,Ramanathapuram,150,448,Ramanathapuram Central Market,4,Chemical Precursors / Ephedrine,2026-01-12 02:08:21,BOT,UNVERIFIED,0
CIT-2026-01110,ANON-TOKEN-24EC1F586A,11,Dindigul,55,164,Dindigul Central Campus Zone,5,Opioid Analogues / Brown Sugar / Heroin,2025-01-16 08:10:51,WEB_PORTAL,UNVERIFIED,0
CIT-2026-01111,ANON-TOKEN-3D792B3741,5,Tiruchirappalli,21,61,Tiruchirappalli North Market,1,Commercial Ganja / Cannabis,2024-12-21 17:32:13,MOBILE_APP,NEEDS_VERIFICATION,0
CIT-2026-01112,ANON-TOKEN-C4C9E28AC3,33,Thiruvarur,164,491,Thiruvarur West Campus Zone,2,Synthetic Stimulants / MDMA / Meth,2026-03-14 02:23:28,WEB_PORTAL,DISMISSED,0
CIT-2026-01113,ANON-TOKEN-0BCD31A4EC,30,Ramanathapuram,149,446,Ramanathapuram West Campus Zone,4,Chemical Precursors / Ephedrine,2024-12-10 00:09:58,BOT,UNVERIFIED,1
CIT-2026-01114,ANON-TOKEN-7FF68411F5,2,Coimbatore,7,19,Coimbatore South Market,1,Commercial Ganja / Cannabis,2025-12-11 05:00:05,TOLL_FREE_IVR,UNVERIFIED,0
CIT-2026-01115,ANON-TOKEN-F8E22AE3B7,20,Viluppuram,100,298,Viluppuram Central Market,3,Prescription Narcotics / Codeine / Alprazolam,2026-07-16 10:40:37,WEB_PORTAL,UNVERIFIED,1
CIT-2026-01116,ANON-TOKEN-E14BB8D7E4,10,Krishnagiri,50,148,Krishnagiri Central Market,4,Chemical Precursors / Ephedrine,2025-12-11 02:06:45,TOLL_FREE_IVR,UNVERIFIED,0
CIT-2026-01117,ANON-TOKEN-28502385BA,15,Tenkasi,71,211,Tenkasi North Market,4,Chemical Precursors / Ephedrine,2026-08-10 01:49:21,BOT,NEEDS_VERIFICATION,0
CIT-2026-01118,ANON-TOKEN-E5365FDD23,17,Chengalpattu,84,250,Chengalpattu West Market,1,Commercial Ganja / Cannabis,2025-05-12 23:21:06,BOT,UNVERIFIED,0
CIT-2026-01119,ANON-TOKEN-0E1BE8C85A,32,Theni,160,479,Theni Central Campus Zone,6,Unclassified / Suspicious Substance,2025-10-25 06:55:00,TOLL_FREE_IVR,CORROBORATED,0
CIT-2026-01120,ANON-TOKEN-F7C66C1111,38,Tiruvannamalai,189,567,Tiruvannamalai West Industrial Bypass,5,Opioid Analogues / Brown Sugar / Heroin,2025-03-19 04:11:07,WEB_PORTAL,UNVERIFIED,0
CIT-2026-01121,ANON-TOKEN-4097B6A01F,29,Sivaganga,144,430,Sivaganga West Market,1,Commercial Ganja / Cannabis,2026-07-05 20:54:36,WEB_PORTAL,NEEDS_VERIFICATION,0
CIT-2026-01122,ANON-TOKEN-0F4F75CEF1,9,Vellore,41,123,Vellore North Industrial Bypass,4,Chemical Precursors / Ephedrine,2025-07-11 17:43:28,BOT,NEEDS_VERIFICATION,0
CIT-2026-01123,ANON-TOKEN-5133510FCB,23,Namakkal,115,344,Namakkal Central Campus Zone,4,Chemical Precursors / Ephedrine,2024-10-23 20:04:41,TOLL_FREE_IVR,NEEDS_VERIFICATION,0
CIT-2026-01124,ANON-TOKEN-1973AAFA97,23,Namakkal,112,334,Namakkal South Market,5,Opioid Analogues / Brown Sugar / Heroin,2026-06-17 19:20:35,TOLL_FREE_IVR,CORROBORATED,0
CIT-2026-01125,ANON-TOKEN-8190B0A1E5,13,Thoothukudi,65,193,Thoothukudi Central Market,4,Chemical Precursors / Ephedrine,2025-01-20 22:21:01,BOT,UNVERIFIED,0
CIT-2026-01126,ANON-TOKEN-B880621CFB,3,Madurai,12,36,Madurai South Industrial Bypass,6,Unclassified / Suspicious Substance,2025-12-06 02:18:42,MOBILE_APP,NEEDS_VERIFICATION,0
CIT-2026-01127,ANON-TOKEN-A0C09B2721,13,Thoothukudi,62,185,Thoothukudi South Campus Zone,6,Unclassified / Suspicious Substance,2026-07-29 02:47:53,TOLL_FREE_IVR,UNVERIFIED,0
CIT-2026-01128,ANON-TOKEN-4033E3DBD1,3,Madurai,11,31,Madurai North Market,2,Synthetic Stimulants / MDMA / Meth,2026-07-12 03:43:45,BOT,UNVERIFIED,0
CIT-2026-01129,ANON-TOKEN-68FEBFE671,9,Vellore,44,131,Vellore West Campus Zone,1,Commercial Ganja / Cannabis,2026-01-16 08:19:28,TOLL_FREE_IVR,CORROBORATED,0
CIT-2026-01130,ANON-TOKEN-F7B047D7B4,32,Theni,158,472,Theni East Market,2,Synthetic Stimulants / MDMA / Meth,2025-08-26 06:17:08,TOLL_FREE_IVR,CORROBORATED,0
CIT-2026-01131,ANON-TOKEN-AC5BD3C5B0,8,Tiruppur,40,120,Tiruppur Central Industrial Bypass,6,Unclassified / Suspicious Substance,2026-08-14 11:13:30,TOLL_FREE_IVR,UNVERIFIED,0
CIT-2026-01132,ANON-TOKEN-0495D305AF,8,Tiruppur,38,113,Tiruppur East Campus Zone,2,Synthetic Stimulants / MDMA / Meth,2024-10-18 20:33:36,BOT,UNVERIFIED,0
CIT-2026-01133,ANON-TOKEN-CE6A9BDF7F,2,Coimbatore,6,18,Coimbatore North Industrial Bypass,3,Prescription Narcotics / Codeine / Alprazolam,2024-11-22 04:16:16,WEB_PORTAL,UNVERIFIED,0
CIT-2026-01134,ANON-TOKEN-686518E5D9,37,Tirupathur,184,551,Tirupathur West Campus Zone,4,Chemical Precursors / Ephedrine,2026-04-13 09:10:52,TOLL_FREE_IVR,UNVERIFIED,0
CIT-2026-01135,ANON-TOKEN-A256FD24BD,12,Thanjavur,59,177,Thanjavur West Industrial Bypass,1,Commercial Ganja / Cannabis,2026-06-02 04:51:41,WEB_PORTAL,NEEDS_VERIFICATION,0
CIT-2026-01136,ANON-TOKEN-54C3BCA248,7,Erode,33,99,Erode East Industrial Bypass,4,Chemical Precursors / Ephedrine,2025-05-17 17:33:41,BOT,NEEDS_VERIFICATION,0
CIT-2026-01137,ANON-TOKEN-D7992B63A8,13,Thoothukudi,64,190,Thoothukudi West Market,5,Opioid Analogues / Brown Sugar / Heroin,2025-04-20 11:01:05,WEB_PORTAL,NEEDS_VERIFICATION,0
CIT-2026-01138,ANON-TOKEN-13EBF43717,16,Kancheepuram,79,237,Kancheepuram West Industrial Bypass,6,Unclassified / Suspicious Substance,2025-06-28 20:43:42,TOLL_FREE_IVR,NEEDS_VERIFICATION,0
CIT-2026-01139,ANON-TOKEN-E5B50C2732,22,Dharmapuri,108,324,Dharmapuri East Industrial Bypass,6,Unclassified / Suspicious Substance,2025-04-08 16:02:52,BOT,NEEDS_VERIFICATION,0
CIT-2026-01140,ANON-TOKEN-93C9173D29,5,Tiruchirappalli,21,63,Tiruchirappalli North Industrial Bypass,5,Opioid Analogues / Brown Sugar / Heroin,2025-05-02 22:22:14,WEB_PORTAL,DISMISSED,0
CIT-2026-01141,ANON-TOKEN-CA53AD5FF1,8,Tiruppur,40,120,Tiruppur Central Industrial Bypass,6,Unclassified / Suspicious Substance,2026-05-04 20:26:31,TOLL_FREE_IVR,CORROBORATED,1
CIT-2026-01142,ANON-TOKEN-FB5AD53330,36,Ranipet,177,529,Ranipet South Market,6,Unclassified / Suspicious Substance,2026-01-13 21:36:28,TOLL_FREE_IVR,UNVERIFIED,0
CIT-2026-01143,ANON-TOKEN-8003123EDC,38,Tiruvannamalai,186,558,Tiruvannamalai North Industrial Bypass,2,Synthetic Stimulants / MDMA / Meth,2026-03-27 10:25:03,BOT,UNVERIFIED,0
CIT-2026-01144,ANON-TOKEN-74B6B706FB,7,Erode,31,91,Erode North Market,4,Chemical Precursors / Ephedrine,2025-05-04 21:14:51,WEB_PORTAL,NEEDS_VERIFICATION,1
CIT-2026-01145,ANON-TOKEN-79816E6E62,35,Mayiladuthurai,171,512,Mayiladuthurai North Campus Zone,6,Unclassified / Suspicious Substance,2025-04-11 07:07:37,MOBILE_APP,UNVERIFIED,0
CIT-2026-01146,ANON-TOKEN-E9721E43B8,6,Tirunelveli,26,77,Tirunelveli North Campus Zone,1,Commercial Ganja / Cannabis,2026-07-19 01:06:03,BOT,UNVERIFIED,0
CIT-2026-01147,ANON-TOKEN-E23E35DC6A,5,Tiruchirappalli,23,69,Tiruchirappalli East Industrial Bypass,4,Chemical Precursors / Ephedrine,2025-03-22 10:44:49,MOBILE_APP,CORROBORATED,1
CIT-2026-01148,ANON-TOKEN-7CCB777085,15,Tenkasi,75,225,Tenkasi Central Industrial Bypass,1,Commercial Ganja / Cannabis,2026-04-15 11:07:52,WEB_PORTAL,CORROBORATED,0
CIT-2026-01149,ANON-TOKEN-1CF119A98C,10,Krishnagiri,48,142,Krishnagiri East Market,3,Prescription Narcotics / Codeine / Alprazolam,2024-09-19 09:33:59,BOT,CORROBORATED,0
CIT-2026-01150,ANON-TOKEN-01DAB36E06,23,Namakkal,113,337,Namakkal East Market,3,Prescription Narcotics / Codeine / Alprazolam,2025-02-24 14:56:13,WEB_PORTAL,CORROBORATED,0
CIT-2026-01151,ANON-TOKEN-1E7703C176,25,Karur,124,372,Karur West Industrial Bypass,2,Synthetic Stimulants / MDMA / Meth,2025-10-27 14:56:36,TOLL_FREE_IVR,UNVERIFIED,0
CIT-2026-01152,ANON-TOKEN-3A1934C939,3,Madurai,11,33,Madurai North Industrial Bypass,2,Synthetic Stimulants / MDMA / Meth,2026-03-11 19:10:35,WEB_PORTAL,DISMISSED,0
CIT-2026-01153,ANON-TOKEN-886DD287F6,22,Dharmapuri,109,325,Dharmapuri West Market,1,Commercial Ganja / Cannabis,2025-07-16 12:58:15,TOLL_FREE_IVR,DISMISSED,0
CIT-2026-01154,ANON-TOKEN-BA5A2F1BC8,35,Mayiladuthurai,172,514,Mayiladuthurai South Market,3,Prescription Narcotics / Codeine / Alprazolam,2024-10-12 13:58:53,MOBILE_APP,UNVERIFIED,0
CIT-2026-01155,ANON-TOKEN-7309787547,29,Sivaganga,145,435,Sivaganga Central Industrial Bypass,5,Opioid Analogues / Brown Sugar / Heroin,2025-06-16 11:14:54,MOBILE_APP,NEEDS_VERIFICATION,0
CIT-2026-01156,ANON-TOKEN-65D0909AC4,28,Pudukkottai,140,419,Pudukkottai Central Campus Zone,1,Commercial Ganja / Cannabis,2024-11-17 00:08:54,TOLL_FREE_IVR,UNVERIFIED,0
CIT-2026-01157,ANON-TOKEN-B416A905E1,27,Perambalur,131,393,Perambalur North Industrial Bypass,1,Commercial Ganja / Cannabis,2025-05-23 13:17:45,TOLL_FREE_IVR,DISMISSED,0
CIT-2026-01158,ANON-TOKEN-3FE5C6AD5D,24,Nilgiris,117,350,Nilgiris South Campus Zone,1,Commercial Ganja / Cannabis,2025-06-22 20:55:31,BOT,NEEDS_VERIFICATION,1
CIT-2026-01159,ANON-TOKEN-C69852893D,31,Virudhunagar,154,460,Virudhunagar West Market,3,Prescription Narcotics / Codeine / Alprazolam,2025-05-10 06:05:15,BOT,UNVERIFIED,0
CIT-2026-01160,ANON-TOKEN-27529CEA99,26,Ariyalur,127,379,Ariyalur South Market,6,Unclassified / Suspicious Substance,2026-06-09 09:57:28,MOBILE_APP,NEEDS_VERIFICATION,0
CIT-2026-01161,ANON-TOKEN-37220C2F60,17,Chengalpattu,82,245,Chengalpattu South Campus Zone,3,Prescription Narcotics / Codeine / Alprazolam,2025-06-02 05:22:10,BOT,UNVERIFIED,0
CIT-2026-01162,ANON-TOKEN-E74ABB57BF,26,Ariyalur,129,387,Ariyalur West Industrial Bypass,2,Synthetic Stimulants / MDMA / Meth,2026-03-18 03:54:06,MOBILE_APP,UNVERIFIED,0
CIT-2026-01163,ANON-TOKEN-7384A06C8E,12,Thanjavur,57,169,Thanjavur South Market,5,Opioid Analogues / Brown Sugar / Heroin,2025-08-17 22:33:35,MOBILE_APP,CORROBORATED,0
CIT-2026-01164,ANON-TOKEN-9B3504F5CE,36,Ranipet,180,538,Ranipet Central Market,6,Unclassified / Suspicious Substance,2024-10-19 18:50:49,MOBILE_APP,DISMISSED,0
CIT-2026-01165,ANON-TOKEN-1FCF280A6D,5,Tiruchirappalli,24,72,Tiruchirappalli West Industrial Bypass,3,Prescription Narcotics / Codeine / Alprazolam,2025-08-10 14:49:50,TOLL_FREE_IVR,NEEDS_VERIFICATION,0
CIT-2026-01166,ANON-TOKEN-28B49E2EDA,26,Ariyalur,130,390,Ariyalur Central Industrial Bypass,5,Opioid Analogues / Brown Sugar / Heroin,2026-07-20 15:48:41,TOLL_FREE_IVR,UNVERIFIED,0
CIT-2026-01167,ANON-TOKEN-6F7D9AA6E0,20,Viluppuram,100,300,Viluppuram Central Industrial Bypass,4,Chemical Precursors / Ephedrine,2025-04-30 01:53:05,MOBILE_APP,UNVERIFIED,0
CIT-2026-01168,ANON-TOKEN-3B3311AA48,37,Tirupathur,182,545,Tirupathur South Campus Zone,2,Synthetic Stimulants / MDMA / Meth,2026-01-09 12:11:40,MOBILE_APP,DISMISSED,0
CIT-2026-01169,ANON-TOKEN-BCFA7F4373,19,Cuddalore,94,280,Cuddalore West Market,4,Chemical Precursors / Ephedrine,2026-05-07 19:16:24,BOT,UNVERIFIED,0
CIT-2026-01170,ANON-TOKEN-49972568A7,28,Pudukkottai,138,414,Pudukkottai East Industrial Bypass,5,Opioid Analogues / Brown Sugar / Heroin,2026-05-13 01:20:42,BOT,NEEDS_VERIFICATION,1
CIT-2026-01171,ANON-TOKEN-EFE63F56DC,5,Tiruchirappalli,24,70,Tiruchirappalli West Market,3,Prescription Narcotics / Codeine / Alprazolam,2025-05-19 02:01:16,MOBILE_APP,UNVERIFIED,0
CIT-2026-01172,ANON-TOKEN-49F80DF066,2,Coimbatore,8,22,Coimbatore East Market,5,Opioid Analogues / Brown Sugar / Heroin,2025-07-14 08:22:06,WEB_PORTAL,CORROBORATED,0
CIT-2026-01173,ANON-TOKEN-71F40E05AB,8,Tiruppur,38,113,Tiruppur East Campus Zone,1,Commercial Ganja / Cannabis,2026-05-15 00:44:41,TOLL_FREE_IVR,NEEDS_VERIFICATION,0
CIT-2026-01174,ANON-TOKEN-8278108ADD,3,Madurai,15,45,Madurai Central Industrial Bypass,5,Opioid Analogues / Brown Sugar / Heroin,2025-07-03 16:55:48,TOLL_FREE_IVR,UNVERIFIED,0
CIT-2026-01175,ANON-TOKEN-1BFE725989,10,Krishnagiri,47,139,Krishnagiri South Market,5,Opioid Analogues / Brown Sugar / Heroin,2025-05-28 23:43:12,TOLL_FREE_IVR,UNVERIFIED,0
CIT-2026-01176,ANON-TOKEN-52230B7752,14,Kanniyakumari,67,200,Kanniyakumari South Campus Zone,2,Synthetic Stimulants / MDMA / Meth,2026-01-26 15:05:53,TOLL_FREE_IVR,DISMISSED,0
CIT-2026-01177,ANON-TOKEN-00A7716EEE,3,Madurai,11,33,Madurai North Industrial Bypass,6,Unclassified / Suspicious Substance,2025-04-14 16:08:48,MOBILE_APP,DISMISSED,0
CIT-2026-01178,ANON-TOKEN-9461069576,36,Ranipet,177,531,Ranipet South Industrial Bypass,2,Synthetic Stimulants / MDMA / Meth,2026-02-06 16:16:47,BOT,DISMISSED,0
CIT-2026-01179,ANON-TOKEN-544C56E8C5,1,Chennai,2,5,Chennai South Campus Zone,2,Synthetic Stimulants / MDMA / Meth,2024-11-16 21:27:16,BOT,UNVERIFIED,0
CIT-2026-01180,ANON-TOKEN-CA4B9804A4,15,Tenkasi,72,215,Tenkasi South Campus Zone,5,Opioid Analogues / Brown Sugar / Heroin,2026-04-10 10:31:04,MOBILE_APP,UNVERIFIED,0
CIT-2026-01181,ANON-TOKEN-60ECF50229,35,Mayiladuthurai,174,522,Mayiladuthurai West Industrial Bypass,2,Synthetic Stimulants / MDMA / Meth,2026-01-23 05:09:21,WEB_PORTAL,NEEDS_VERIFICATION,0
CIT-2026-01182,ANON-TOKEN-C0621D2A45,1,Chennai,1,1,Chennai North Market,5,Opioid Analogues / Brown Sugar / Heroin,2025-11-24 11:51:09,WEB_PORTAL,CORROBORATED,0
CIT-2026-01183,ANON-TOKEN-5BFDBEEE80,21,Kallakurichi,103,309,Kallakurichi East Industrial Bypass,5,Opioid Analogues / Brown Sugar / Heroin,2026-02-14 23:59:31,WEB_PORTAL,NEEDS_VERIFICATION,0
CIT-2026-01184,ANON-TOKEN-BD713750FF,22,Dharmapuri,109,326,Dharmapuri West Campus Zone,6,Unclassified / Suspicious Substance,2026-02-10 16:04:24,BOT,UNVERIFIED,1
CIT-2026-01185,ANON-TOKEN-F7D1DEDDEF,13,Thoothukudi,61,181,Thoothukudi North Market,6,Unclassified / Suspicious Substance,2025-05-22 10:39:56,MOBILE_APP,CORROBORATED,0
CIT-2026-01186,ANON-TOKEN-1E70EA0409,21,Kallakurichi,104,312,Kallakurichi West Industrial Bypass,1,Commercial Ganja / Cannabis,2024-10-07 20:17:38,TOLL_FREE_IVR,NEEDS_VERIFICATION,0
CIT-2026-01187,ANON-TOKEN-E4FB5EFC8C,19,Cuddalore,94,282,Cuddalore West Industrial Bypass,4,Chemical Precursors / Ephedrine,2024-12-17 14:28:26,TOLL_FREE_IVR,NEEDS_VERIFICATION,0
CIT-2026-01188,ANON-TOKEN-5632D58F70,36,Ranipet,177,530,Ranipet South Campus Zone,3,Prescription Narcotics / Codeine / Alprazolam,2025-08-27 14:39:35,TOLL_FREE_IVR,NEEDS_VERIFICATION,0
CIT-2026-01189,ANON-TOKEN-2FBDF0F319,3,Madurai,13,37,Madurai East Market,3,Prescription Narcotics / Codeine / Alprazolam,2026-06-13 03:01:19,TOLL_FREE_IVR,NEEDS_VERIFICATION,0
CIT-2026-01190,ANON-TOKEN-BC8A0F7DF5,14,Kanniyakumari,70,208,Kanniyakumari Central Market,1,Commercial Ganja / Cannabis,2024-11-18 02:17:33,WEB_PORTAL,NEEDS_VERIFICATION,0
CIT-2026-01191,ANON-TOKEN-E667C0FC53,28,Pudukkottai,136,406,Pudukkottai North Market,1,Commercial Ganja / Cannabis,2024-10-14 02:21:34,WEB_PORTAL,UNVERIFIED,0
CIT-2026-01192,ANON-TOKEN-9A516EAA9A,27,Perambalur,132,396,Perambalur South Industrial Bypass,4,Chemical Precursors / Ephedrine,2025-03-30 00:50:37,WEB_PORTAL,DISMISSED,0
CIT-2026-01193,ANON-TOKEN-A9357F4500,34,Nagapattinam,167,499,Nagapattinam South Market,4,Chemical Precursors / Ephedrine,2025-05-25 07:24:32,BOT,NEEDS_VERIFICATION,0
CIT-2026-01194,ANON-TOKEN-8044D3E047,17,Chengalpattu,81,243,Chengalpattu North Industrial Bypass,6,Unclassified / Suspicious Substance,2026-02-04 11:34:31,TOLL_FREE_IVR,UNVERIFIED,0
CIT-2026-01195,ANON-TOKEN-3237E16D21,38,Tiruvannamalai,186,557,Tiruvannamalai North Campus Zone,4,Chemical Precursors / Ephedrine,2024-11-11 00:32:35,BOT,UNVERIFIED,0
CIT-2026-01196,ANON-TOKEN-7F642787F3,1,Chennai,5,14,Chennai Central Campus Zone,4,Chemical Precursors / Ephedrine,2025-08-16 14:59:55,BOT,UNVERIFIED,0
CIT-2026-01197,ANON-TOKEN-69A7222232,38,Tiruvannamalai,186,557,Tiruvannamalai North Campus Zone,1,Commercial Ganja / Cannabis,2025-04-15 00:34:38,BOT,CORROBORATED,0
CIT-2026-01198,ANON-TOKEN-CED5072C2C,8,Tiruppur,40,119,Tiruppur Central Campus Zone,2,Synthetic Stimulants / MDMA / Meth,2026-01-21 22:03:05,BOT,UNVERIFIED,0
CIT-2026-01199,ANON-TOKEN-0BB36DF502,5,Tiruchirappalli,21,63,Tiruchirappalli North Industrial Bypass,4,Chemical Precursors / Ephedrine,2024-12-20 07:36:23,WEB_PORTAL,CORROBORATED,0
CIT-2026-01200,ANON-TOKEN-FCB290819B,11,Dindigul,53,158,Dindigul East Campus Zone,5,Opioid Analogues / Brown Sugar / Heroin,2026-01-23 13:48:01,TOLL_FREE_IVR,NEEDS_VERIFICATION,1