fir_id,district_id,district_name,police_station_code,fir_date,offense_section,category_id,category_name,quantity_classification,investigation_status
FIR-THI-2026-0001,33,Thiruvarur,PS-THI-B2,2026-07-10 16:50:46,NDPS ACT SEC 8(c)/20(b)/22,1,Commercial Ganja / Cannabis,COMMERCIAL_QUANTITY,PENDING_TRIAL
FIR-COI-2026-0002,2,Coimbatore,PS-COI-B2,2025-05-03 10:10:01,NDPS ACT SEC 8(c)/20(b)/22,4,Chemical Precursors / Ephedrine,SMALL_QUANTITY,PENDING_TRIAL
FIR-VIL-2026-0003,20,Viluppuram,PS-VIL-B3,2026-06-12 01:01:30,NDPS ACT SEC 8(c)/20(b)/22,6,Unclassified / Suspicious Substance,COMMERCIAL_QUANTITY,UNDER_INVESTIGATION
FIR-RAN-2026-0004,36,Ranipet,PS-RAN-B1,2026-02-18 08:22:27,NDPS ACT SEC 8(c)/20(b)/22,5,Opioid Analogues / Brown Sugar / Heroin,SMALL_QUANTITY,PENDING_TRIAL
FIR-KAL-2026-0005,21,Kallakurichi,PS-KAL-B4,2025-12-01 10:29:17,NDPS ACT SEC 8(c)/20(b)/22,2,Synthetic Stimulants / MDMA / Meth,COMMERCIAL_QUANTITY,PENDING_TRIAL
FIR-RAM-2026-0006,30,Ramanathapuram,PS-RAM-B1,2026-03-16 00:44:17,NDPS ACT SEC 8(c)/20(b)/22,3,Prescription Narcotics / Codeine / Alprazolam,INTERMEDIATE_QUANTITY,CHARGESHEET_FILED
FIR-TEN-2026-0007,15,Tenkasi,PS-TEN-B3,2026-05-21 21:50:30,NDPS ACT SEC 8(c)/20(b)/22,6,Unclassified / Suspicious Substance,INTERMEDIATE_QUANTITY,CHARGESHEET_FILED
FIR-NAM-2026-0008,23,Namakkal,PS-NAM-B4,2026-03-06 18:51:04,NDPS ACT SEC 8(c)/20(b)/22,1,Commercial Ganja / Cannabis,INTERMEDIATE_QUANTITY,CHARGESHEET_FILED
FIR-PUD-2026-0009,28,Pudukkottai,PS-PUD-B1,2026-02-05 12:37:26,NDPS ACT SEC 8(c)/20(b)/22,1,Commercial Ganja / Cannabis,COMMERCIAL_QUANTITY,PENDING_TRIAL
FIR-KAN-2026-0010,14,Kanniyakumari,PS-KAN-B4,2025-11-27 17:42:27,NDPS ACT SEC 8(c)/20(b)/22,1,Commercial Ganja / Cannabis,COMMERCIAL_QUANTITY,UNDER_INVESTIGATION
FIR-THO-2026-0011,13,Thoothukudi,PS-THO-B3,2025-02-01 02:42:41,NDPS ACT SEC 8(c)/20(b)/22,6,Unclassified / Suspicious Substance,COMMERCIAL_QUANTITY,CHARGESHEET_FILED
FIR-DHA-2026-0012,22,Dharmapuri,PS-DHA-B4,2026-01-23 12:22:26,NDPS ACT SEC 8(c)/20(b)/22,4,Chemical Precursors / Ephedrine,COMMERCIAL_QUANTITY,PENDING_TRIAL
FIR-KRI-2026-0013,10,Krishnagiri,PS-KRI-B3,2025-06-05 15:08:24,NDPS ACT SEC 8(c)/20(b)/22,1,Commercial Ganja / Cannabis,INTERMEDIATE_QUANTITY,PENDING_TRIAL
FIR-ERO-2026-0014,7,Erode,PS-ERO-B4,2026-03-04 16:58:30,NDPS ACT SEC 8(c)/20(b)/22,5,Opioid Analogues / Brown Sugar / Heroin,COMMERCIAL_QUANTITY,PENDING_TRIAL
FIR-CUD-2026-0015,19,Cuddalore,PS-CUD-B3,2025-10-09 05:50:40,NDPS ACT SEC 8(c)/20(b)/22,1,Commercial Ganja / Cannabis,COMMERCIAL_QUANTITY,UNDER_INVESTIGATION
FIR-RAM-2026-0016,30,Ramanathapuram,PS-RAM-B2,2026-04-13 20:19:56,NDPS ACT SEC 8(c)/20(b)/22,2,Synthetic Stimulants / MDMA / Meth,INTERMEDIATE_QUANTITY,PENDING_TRIAL
FIR-VEL-2026-0017,9,Vellore,PS-VEL-B3,2026-01-01 01:35:19,NDPS ACT SEC 8(c)/20(b)/22,5,Opioid Analogues / Brown Sugar / Heroin,SMALL_QUANTITY,PENDING_TRIAL
FIR-CUD-2026-0018,19,Cuddalore,PS-CUD-B1,2025-01-25 20:55:52,NDPS ACT SEC 8(c)/20(b)/22,1,Commercial Ganja / Cannabis,COMMERCIAL_QUANTITY,PENDING_TRIAL
FIR-TIR-2026-0019,6,Tirunelveli,PS-TIR-B4,2026-07-22 20:48:08,NDPS ACT SEC 8(c)/20(b)/22,4,Chemical Precursors / Ephedrine,INTERMEDIATE_QUANTITY,CHARGESHEET_FILED
FIR-ERO-2026-0020,7,Erode,PS-ERO-B3,2026-01-21 04:45:08,NDPS ACT SEC 8(c)/20(b)/22,6,Unclassified / Suspicious Substance,COMMERCIAL_QUANTITY,UNDER_INVESTIGATION
FIR-TIR-2026-0021,38,Tiruvannamalai,PS-TIR-B1,2026-06-19 10:25:04,NDPS ACT SEC 8(c)/20(b)/22,1,Commercial Ganja / Cannabis,INTERMEDIATE_QUANTITY,PENDING_TRIAL
FIR-DIN-2026-0022,11,Dindigul,PS-DIN-B2,2025-10-20 19:13:00,NDPS ACT SEC 8(c)/20(b)/22,4,Chemical Precursors / Ephedrine,SMALL_QUANTITY,CHARGESHEET_FILED
FIR-TEN-2026-0023,15,Tenkasi,PS-TEN-B1,2025-05-30 18:09:33,NDPS ACT SEC 8(c)/20(b)/22,4,Chemical Precursors / Ephedrine,SMALL_QUANTITY,CHARGESHEET_FILED
FIR-CHE-2026-0024,1,Chennai,PS-CHE-B4,2026-07-14 01:45:54,NDPS ACT SEC 8(c)/20(b)/22,6,Unclassified / Suspicious Substance,COMMERCIAL_QUANTITY,PENDING_TRIAL
FIR-TIR-2026-0025,38,Tiruvannamalai,PS-TIR-B3,2025-12-29 21:13:14,NDPS ACT SEC 8(c)/20(b)/22,2,Synthetic Stimulants / MDMA / Meth,COMMERCIAL_QUANTITY,PENDING_TRIAL
FIR-DIN-2026-0026,11,Dindigul,PS-DIN-B1,2025-08-29 21:54:34,NDPS ACT SEC 8(c)/20(b)/22,1,Commercial Ganja / Cannabis,SMALL_QUANTITY,UNDER_INVESTIGATION
FIR-KAN-2026-0027,16,Kancheepuram,PS-KAN-B1,2025-07-16 08:38:07,NDPS ACT SEC 8(c)/20(b)/22,3,Prescription Narcotics / Codeine / Alprazolam,SMALL_QUANTITY,UNDER_INVESTIGATION
FIR-DHA-2026-0028,22,Dharmapuri,PS-DHA-B4,2024-11-14 11:56:58,NDPS ACT SEC 8(c)/20(b)/22,2,Synthetic Stimulants / MDMA / Meth,SMALL_QUANTITY,PENDING_TRIAL
FIR-COI-2026-0029,2,Coimbatore,PS-COI-B3,2025-10-13 05:20:58,NDPS ACT SEC 8(c)/20(b)/22,6,Unclassified / Suspicious Substance,SMALL_QUANTITY,PENDING_TRIAL
FIR-TIR-2026-0030,18,Tiruvallur,PS-TIR-B3,2026-03-18 04:31:08,NDPS ACT SEC 8(c)/20(b)/22,3,Prescription Narcotics / Codeine / Alprazolam,INTERMEDIATE_QUANTITY,CHARGESHEET_FILED
FIR-KAL-2026-0031,21,Kallakurichi,PS-KAL-B4,2025-10-25 14:20:46,NDPS ACT SEC 8(c)/20(b)/22,1,Commercial Ganja / Cannabis,SMALL_QUANTITY,UNDER_INVESTIGATION
FIR-MAD-2026-0032,3,Madurai,PS-MAD-B2,2025-06-17 14:17:41,NDPS ACT SEC 8(c)/20(b)/22,6,Unclassified / Suspicious Substance,COMMERCIAL_QUANTITY,PENDING_TRIAL
FIR-KAN-2026-0033,16,Kancheepuram,PS-KAN-B3,2025-04-18 20:33:44,NDPS ACT SEC 8(c)/20(b)/22,4,Chemical Precursors / Ephedrine,SMALL_QUANTITY,PENDING_TRIAL
FIR-RAM-2026-0034,30,Ramanathapuram,PS-RAM-B2,2024-12-14 22:20:47,NDPS ACT SEC 8(c)/20(b)/22,4,Chemical Precursors / Ephedrine,SMALL_QUANTITY,CHARGESHEET_FILED
FIR-SIV-2026-0035,29,Sivaganga,PS-SIV-B4,2026-03-11 18:22:00,NDPS ACT SEC 8(c)/20(b)/22,3,Prescription Narcotics / Codeine / Alprazolam,SMALL_QUANTITY,UNDER_INVESTIGATION
FIR-MAY-2026-0036,35,Mayiladuthurai,PS-MAY-B1,2024-12-22 16:42:22,NDPS ACT SEC 8(c)/20(b)/22,1,Commercial Ganja / Cannabis,INTERMEDIATE_QUANTITY,PENDING_TRIAL
FIR-TIR-2026-0037,38,Tiruvannamalai,PS-TIR-B4,2025-03-16 10:29:32,NDPS ACT SEC 8(c)/20(b)/22,6,Unclassified / Suspicious Substance,COMMERCIAL_QUANTITY,CHARGESHEET_FILED
FIR-TIR-2026-0038,18,Tiruvallur,PS-TIR-B1,2025-05-29 02:50:53,NDPS ACT SEC 8(c)/20(b)/22,2,Synthetic Stimulants / MDMA / Meth,SMALL_QUANTITY,CHARGESHEET_FILED
FIR-ARI-2026-0039,26,Ariyalur,PS-ARI-B4,2026-01-16 20:16:06,NDPS ACT SEC 8(c)/20(b)/22,5,Opioid Analogues / Brown Sugar / Heroin,SMALL_QUANTITY,PENDING_TRIAL
FIR-CUD-2026-0040,19,Cuddalore,PS-CUD-B2,2026-06-13 09:45:29,NDPS ACT SEC 8(c)/20(b)/22,2,Synthetic Stimulants / MDMA / Meth,INTERMEDIATE_QUANTITY,CHARGESHEET_FILED
FIR-CHE-2026-0041,1,Chennai,PS-CHE-B1,2025-08-29 17:25:04,NDPS ACT SEC 8(c)/20(b)/22,2,Synthetic Stimulants / MDMA / Meth,INTERMEDIATE_QUANTITY,CHARGESHEET_FILED
FIR-NAG-2026-0042,34,Nagapattinam,PS-NAG-B2,2025-02-24 00:19:11,NDPS ACT SEC 8(c)/20(b)/22,6,Unclassified / Suspicious Substance,INTERMEDIATE_QUANTITY,PENDING_TRIAL
FIR-KAL-2026-0043,21,Kallakurichi,PS-KAL-B1,2024-12-18 23:26:08,NDPS ACT SEC 8(c)/20(b)/22,1,Commercial Ganja / Cannabis,INTERMEDIATE_QUANTITY,PENDING_TRIAL
FIR-NAG-2026-0044,34,Nagapattinam,PS-NAG-B4,2026-01-01 03:47:59,NDPS ACT SEC 8(c)/20(b)/22,1,Commercial Ganja / Cannabis,SMALL_QUANTITY,UNDER_INVESTIGATION
FIR-NAM-2026-0045,23,Namakkal,PS-NAM-B1,2025-03-16 08:39:12,NDPS ACT SEC 8(c)/20(b)/22,4,Chemical Precursors / Ephedrine,SMALL_QUANTITY,CHARGESHEET_FILED
FIR-CUD-2026-0046,19,Cuddalore,PS-CUD-B4,2025-10-22 21:07:00,NDPS ACT SEC 8(c)/20(b)/22,1,Commercial Ganja / Cannabis,SMALL_QUANTITY,CHARGESHEET_FILED
FIR-THA-2026-0047,12,Thanjavur,PS-THA-B3,2025-12-17 02:10:36,NDPS ACT SEC 8(c)/20(b)/22,5,Opioid Analogues / Brown Sugar / Heroin,SMALL_QUANTITY,UNDER_INVESTIGATION
FIR-KAN-2026-0048,16,Kancheepuram,PS-KAN-B2,2024-11-18 07:24:18,NDPS ACT SEC 8(c)/20(b)/22,4,Chemical Precursors / Ephedrine,INTERMEDIATE_QUANTITY,UNDER_INVESTIGATION
FIR-CUD-2026-0049,19,Cuddalore,PS-CUD-B2,2024-12-21 02:25:25,NDPS ACT SEC 8(c)/20(b)/22,6,Unclassified / Suspicious Substance,SMALL_QUANTITY,PENDING_TRIAL
FIR-COI-2026-0050,2,Coimbatore,PS-COI-B1,2025-05-16 03:24:56,NDPS ACT SEC 8(c)/20(b)/22,2,Synthetic Stimulants / MDMA / Meth,SMALL_QUANTITY,PENDING_TRIAL
FIR-SAL-2026-0051,4,Salem,PS-SAL-B1,2026-03-12 08:34:08,NDPS ACT SEC 8(c)/20(b)/22,4,Chemical Precursors / Ephedrine,INTERMEDIATE_QUANTITY,CHARGESHEET_FILED
FIR-KAL-2026-0052,21,Kallakurichi,PS-KAL-B1,2025-04-19 10:15:30,NDPS ACT SEC 8(c)/20(b)/22,4,Chemical Precursors / Ephedrine,COMMERCIAL_QUANTITY,PENDING_TRIAL
FIR-TIR-2026-0053,18,Tiruvallur,PS-TIR-B1,2025-09-13 09:24:19,NDPS ACT SEC 8(c)/20(b)/22,1,Commercial Ganja / Cannabis,INTERMEDIATE_QUANTITY,UNDER_INVESTIGATION
FIR-TIR-2026-0054,5,Tiruchirappalli,PS-TIR-B1,2026-04-22 02:43:10,NDPS ACT SEC 8(c)/20(b)/22,5,Opioid Analogues / Brown Sugar / Heroin,SMALL_QUANTITY,UNDER_INVESTIGATION
FIR-NAM-2026-0055,23,Namakkal,PS-NAM-B2,2025-11-28 00:42:11,NDPS ACT SEC 8(c)/20(b)/22,5,Opioid Analogues / Brown Sugar / Heroin,COMMERCIAL_QUANTITY,PENDING_TRIAL
FIR-TIR-2026-0056,38,Tiruvannamalai,PS-TIR-B3,2024-12-10 10:24:34,NDPS ACT SEC 8(c)/20(b)/22,6,Unclassified / Suspicious Substance,SMALL_QUANTITY,PENDING_TRIAL
FIR-TIR-2026-0057,38,Tiruvannamalai,PS-TIR-B3,2025-10-18 16:34:00,NDPS ACT SEC 8(c)/20(b)/22,1,Commercial Ganja / Cannabis,INTERMEDIATE_QUANTITY,CHARGESHEET_FILED
FIR-RAM-2026-0058,30,Ramanathapuram,PS-RAM-B1,2026-05-27 23:43:55,NDPS ACT SEC 8(c)/20(b)/22,1,Commercial Ganja / Cannabis,INTERMEDIATE_QUANTITY,CHARGESHEET_FILED
FIR-VIL-2026-0059,20,Viluppuram,PS-VIL-B2,2026-07-12 16:50:07,NDPS ACT SEC 8(c)/20(b)/22,5,Opioid Analogues / Brown Sugar / Heroin,INTERMEDIATE_QUANTITY,CHARGESHEET_FILED
FIR-THI-2026-0060,33,Thiruvarur,PS-THI-B4,2025-08-13 12:01:36,NDPS ACT SEC 8(c)/20(b)/22,4,Chemical Precursors / Ephedrine,SMALL_QUANTITY,CHARGESHEET_FILED
FIR-COI-2026-0061,2,Coimbatore,PS-COI-B4,2025-01-30 13:03:25,NDPS ACT SEC 8(c)/20(b)/22,2,Synthetic Stimulants / MDMA / Meth,SMALL_QUANTITY,CHARGESHEET_FILED
FIR-MAD-2026-0062,3,Madurai,PS-MAD-B1,2024-11-12 01:25:50,NDPS ACT SEC 8(c)/20(b)/22,6,Unclassified / Suspicious Substance,INTERMEDIATE_QUANTITY,CHARGESHEET_FILED
FIR-NAG-2026-0063,34,Nagapattinam,PS-NAG-B3,2026-02-06 14:18:54,NDPS ACT SEC 8(c)/20(b)/22,4,Chemical Precursors / Ephedrine,INTERMEDIATE_QUANTITY,PENDING_TRIAL
FIR-ERO-2026-0064,7,Erode,PS-ERO-B3,2025-04-13 00:30:26,NDPS ACT SEC 8(c)/20(b)/22,3,Prescription Narcotics / Codeine / Alprazolam,INTERMEDIATE_QUANTITY,CHARGESHEET_FILED
FIR-DIN-2026-0065,11,Dindigul,PS-DIN-B1,2024-10-15 14:18:53,NDPS ACT SEC 8(c)/20(b)/22,1,Commercial Ganja / Cannabis,COMMERCIAL_QUANTITY,UNDER_INVESTIGATION
FIR-KAR-2026-0066,25,Karur,PS-KAR-B1,2025-03-17 07:01:13,NDPS ACT SEC 8(c)/20(b)/22,6,Unclassified / Suspicious Substance,COMMERCIAL_QUANTITY,UNDER_INVESTIGATION
FIR-THI-2026-0067,33,Thiruvarur,PS-THI-B2,2026-06-18 15:36:38,NDPS ACT SEC 8(c)/20(b)/22,6,Unclassified / Suspicious Substance,SMALL_QUANTITY,PENDING_TRIAL
FIR-CUD-2026-0068,19,Cuddalore,PS-CUD-B3,2026-08-12 11:13:24,NDPS ACT SEC 8(c)/20(b)/22,4,Chemical Precursors / Ephedrine,SMALL_QUANTITY,CHARGESHEET_FILED
FIR-COI-2026-0069,2,Coimbatore,PS-COI-B3,2025-02-24 18:52:17,NDPS ACT SEC 8(c)/20(b)/22,6,Unclassified / Suspicious Substance,COMMERCIAL_QUANTITY,PENDING_TRIAL
FIR-COI-2026-0070,2,Coimbatore,PS-COI-B2,2025-03-26 07:55:08,NDPS ACT SEC 8(c)/20(b)/22,4,Chemical Precursors / Ephedrine,COMMERCIAL_QUANTITY,UNDER_INVESTIGATION
FIR-TIR-2026-0071,38,Tiruvannamalai,PS-TIR-B1,2026-02-12 00:26:24,NDPS ACT SEC 8(c)/20(b)/22,3,Prescription Narcotics / Codeine / Alprazolam,COMMERCIAL_QUANTITY,PENDING_TRIAL
FIR-NIL-2026-0072,24,Nilgiris,PS-NIL-B4,2025-04-15 03:28:16,NDPS ACT SEC 8(c)/20(b)/22,6,Unclassified / Suspicious Substance,INTERMEDIATE_QUANTITY,CHARGESHEET_FILED
FIR-TIR-2026-0073,18,Tiruvallur,PS-TIR-B4,2025-12-04 10:35:04,NDPS ACT SEC 8(c)/20(b)/22,5,Opioid Analogues / Brown Sugar / Heroin,COMMERCIAL_QUANTITY,CHARGESHEET_FILED
FIR-RAN-2026-0074,36,Ranipet,PS-RAN-B1,2026-05-31 00:02:20,NDPS ACT SEC 8(c)/20(b)/22,4,Chemical Precursors / Ephedrine,SMALL_QUANTITY,CHARGESHEET_FILED
FIR-TEN-2026-0075,15,Tenkasi,PS-TEN-B2,2025-06-09 06:50:39,NDPS ACT SEC 8(c)/20(b)/22,2,Synthetic Stimulants / MDMA / Meth,SMALL_QUANTITY,UNDER_INVESTIGATION
FIR-KAR-2026-0076,25,Karur,PS-KAR-B4,2025-05-28 16:51:20,NDPS ACT SEC 8(c)/20(b)/22,5,Opioid Analogues / Brown Sugar / Heroin,SMALL_QUANTITY,CHARGESHEET_FILED
FIR-COI-2026-0077,2,Coimbatore,PS-COI-B2,2024-11-30 20:32:16,NDPS ACT SEC 8(c)/20(b)/22,3,Prescription Narcotics / Codeine / Alprazolam,SMALL_QUANTITY,UNDER_INVESTIGATION
FIR-RAN-2026-0078,36,Ranipet,PS-RAN-B2,2024-10-07 05:11:56,NDPS ACT SEC 8(c)/20(b)/22,2,Synthetic Stimulants / MDMA / Meth,SMALL_QUANTITY,UNDER_INVESTIGATION
FIR-MAY-2026-0079,35,Mayiladuthurai,PS-MAY-B3,2026-02-17 15:45:17,NDPS ACT SEC 8(c)/20(b)/22,5,Opioid Analogues / Brown Sugar / Heroin,COMMERCIAL_QUANTITY,CHARGESHEET_FILED
FIR-SAL-2026-0080,4,Salem,PS-SAL-B1,2025-07-03 23:26:45,NDPS ACT SEC 8(c)/20(b)/22,3,Prescription Narcotics / Codeine / Alprazolam,INTERMEDIATE_QUANTITY,PENDING_TRIAL
FIR-TIR-2026-0081,5,Tiruchirappalli,PS-TIR-B3,2024-11-12 22:17:48,NDPS ACT SEC 8(c)/20(b)/22,5,Opioid Analogues / Brown Sugar / Heroin,COMMERCIAL_QUANTITY,PENDING_TRIAL
FIR-SAL-2026-0082,4,Salem,PS-SAL-B3,2026-05-01 15:33:20,NDPS ACT SEC 8(c)/20(b)/22,5,Opioid Analogues / Brown Sugar / Heroin,INTERMEDIATE_QUANTITY,UNDER_INVESTIGATION
FIR-THE-2026-0083,32,Theni,PS-THE-B3,2025-01-22 23:44:27,NDPS ACT SEC 8(c)/20(b)/22,5,Opioid Analogues / Brown Sugar / Heroin,INTERMEDIATE_QUANTITY,PENDING_TRIAL
FIR-PUD-2026-0084,28,Pudukkottai,PS-PUD-B3,2026-07-31 23:03:36,NDPS ACT SEC 8(c)/20(b)/22,4,Chemical Precursors / Ephedrine,COMMERCIAL_QUANTITY,UNDER_INVESTIGATION
FIR-THE-2026-0085,32,Theni,PS-THE-B4,2024-10-05 09:00:52,NDPS ACT SEC 8(c)/20(b)/22,2,Synthetic Stimulants / MDMA / Meth,INTERMEDIATE_QUANTITY,UNDER_INVESTIGATION
FIR-KRI-2026-0086,10,Krishnagiri,PS-KRI-B2,2024-11-04 07:39:10,NDPS ACT SEC 8(c)/20(b)/22,4,Chemical Precursors / Ephedrine,INTERMEDIATE_QUANTITY,CHARGESHEET_FILED
FIR-RAM-2026-0087,30,Ramanathapuram,PS-RAM-B1,2025-07-20 10:36:43,NDPS ACT SEC 8(c)/20(b)/22,6,Unclassified / Suspicious Substance,COMMERCIAL_QUANTITY,CHARGESHEET_FILED
FIR-VIR-2026-0088,31,Virudhunagar,PS-VIR-B2,2024-11-25 19:40:33,NDPS ACT SEC 8(c)/20(b)/22,6,Unclassified / Suspicious Substance,INTERMEDIATE_QUANTITY,PENDING_TRIAL
FIR-KAR-2026-0089,25,Karur,PS-KAR-B3,2025-08-14 23:54:40,NDPS ACT SEC 8(c)/20(b)/22,2,Synthetic Stimulants / MDMA / Meth,COMMERCIAL_QUANTITY,UNDER_INVESTIGATION
FIR-TIR-2026-0090,37,Tirupathur,PS-TIR-B4,2025-07-25 19:59:21,NDPS ACT SEC 8(c)/20(b)/22,5,Opioid Analogues / Brown Sugar / Heroin,COMMERCIAL_QUANTITY,PENDING_TRIAL
FIR-VIL-2026-0091,20,Viluppuram,PS-VIL-B4,2025-08-28 09:57:36,NDPS ACT SEC 8(c)/20(b)/22,1,Commercial Ganja / Cannabis,SMALL_QUANTITY,UNDER_INVESTIGATION
FIR-ERO-2026-0092,7,Erode,PS-ERO-B3,2025-10-17 21:39:07,NDPS ACT SEC 8(c)/20(b)/22,5,Opioid Analogues / Brown Sugar / Heroin,SMALL_QUANTITY,CHARGESHEET_FILED
FIR-TIR-2026-0093,37,Tirupathur,PS-TIR-B4,2026-05-18 14:45:10,NDPS ACT SEC 8(c)/20(b)/22,3,Prescription Narcotics / Codeine / Alprazolam,INTERMEDIATE_QUANTITY,CHARGESHEET_FILED
FIR-KRI-2026-0094,10,Krishnagiri,PS-KRI-B2,2026-01-18 08:06:42,NDPS ACT SEC 8(c)/20(b)/22,1,Commercial Ganja / Cannabis,COMMERCIAL_QUANTITY,CHARGESHEET_FILED
FIR-KRI-2026-0095,10,Krishnagiri,PS-KRI-B4,2026-05-23 23:32:52,NDPS ACT SEC 8(c)/20(b)/22,3,Prescription Narcotics / Codeine / Alprazolam,SMALL_QUANTITY,PENDING_TRIAL
FIR-PER-2026-0096,27,Perambalur,PS-PER-B3,2026-06-14 18:38:07,NDPS ACT SEC 8(c)/20(b)/22,6,Unclassified / Suspicious Substance,SMALL_QUANTITY,UNDER_INVESTIGATION
FIR-NAG-2026-0097,34,Nagapattinam,PS-NAG-B4,2025-09-03 00:49:05,NDPS ACT SEC 8(c)/20(b)/22,2,Synthetic Stimulants / MDMA / Meth,SMALL_QUANTITY,CHARGESHEET_FILED
FIR-TIR-2026-0098,38,Tiruvannamalai,PS-TIR-B2,2025-07-11 17:38:00,NDPS ACT SEC 8(c)/20(b)/22,4,Chemical Precursors / Ephedrine,INTERMEDIATE_QUANTITY,CHARGESHEET_FILED
FIR-TEN-2026-0099,15,Tenkasi,PS-TEN-B2,2025-05-30 23:36:21,NDPS ACT SEC 8(c)/20(b)/22,2,Synthetic Stimulants / MDMA / Meth,COMMERCIAL_QUANTITY,UNDER_INVESTIGATION
FIR-VIL-2026-0100,20,Viluppuram,PS-VIL-B4,2026-05-03 03:21:34,NDPS ACT SEC 8(c)/20(b)/22,3,Prescription Narcotics / Codeine / Alprazolam,SMALL_QUANTITY,UNDER_INVESTIGATION
FIR-CHE-2026-0101,1,Chennai,PS-CHE-B4,2024-11-16 21:39:02,NDPS ACT SEC 8(c)/20(b)/22,4,Chemical Precursors / Ephedrine,SMALL_QUANTITY,PENDING_TRIAL
FIR-TIR-2026-0102,6,Tirunelveli,PS-TIR-B1,2026-02-05 15:52:33,NDPS ACT SEC 8(c)/20(b)/22,6,Unclassified / Suspicious Substance,INTERMEDIATE_QUANTITY,PENDING_TRIAL
FIR-TIR-2026-0103,6,Tirunelveli,PS-TIR-B4,2025-08-27 10:43:05,NDPS ACT SEC 8(c)/20(b)/22,2,Synthetic Stimulants / MDMA / Meth,SMALL_QUANTITY,CHARGESHEET_FILED
FIR-TIR-2026-0104,38,Tiruvannamalai,PS-TIR-B4,2026-01-08 22:19:33,NDPS ACT SEC 8(c)/20(b)/22,2,Synthetic Stimulants / MDMA / Meth,COMMERCIAL_QUANTITY,PENDING_TRIAL
FIR-PER-2026-0105,27,Perambalur,PS-PER-B2,2026-04-28 11:09:15,NDPS ACT SEC 8(c)/20(b)/22,4,Chemical Precursors / Ephedrine,INTERMEDIATE_QUANTITY,CHARGESHEET_FILED
FIR-KRI-2026-0106,10,Krishnagiri,PS-KRI-B3,2026-07-06 10:13:18,NDPS ACT SEC 8(c)/20(b)/22,3,Prescription Narcotics / Codeine / Alprazolam,COMMERCIAL_QUANTITY,UNDER_INVESTIGATION
FIR-TIR-2026-0107,5,Tiruchirappalli,PS-TIR-B4,2025-11-29 04:02:27,NDPS ACT SEC 8(c)/20(b)/22,1,Commercial Ganja / Cannabis,SMALL_QUANTITY,PENDING_TRIAL
FIR-ERO-2026-0108,7,Erode,PS-ERO-B4,2025-03-16 15:56:34,NDPS ACT SEC 8(c)/20(b)/22,5,Opioid Analogues / Brown Sugar / Heroin,SMALL_QUANTITY,UNDER_INVESTIGATION
FIR-TIR-2026-0109,38,Tiruvannamalai,PS-TIR-B3,2025-08-01 04:18:35,NDPS ACT SEC 8(c)/20(b)/22,1,Commercial Ganja / Cannabis,COMMERCIAL_QUANTITY,CHARGESHEET_FILED
FIR-MAY-2026-0110,35,Mayiladuthurai,PS-MAY-B1,2026-01-27 17:01:18,NDPS ACT SEC 8(c)/20(b)/22,2,Synthetic Stimulants / MDMA / Meth,COMMERCIAL_QUANTITY,PENDING_TRIAL
FIR-VIL-2026-0111,20,Viluppuram,PS-VIL-B1,2025-03-06 16:33:23,NDPS ACT SEC 8(c)/20(b)/22,4,Chemical Precursors / Ephedrine,COMMERCIAL_QUANTITY,UNDER_INVESTIGATION
FIR-TEN-2026-0112,15,Tenkasi,PS-TEN-B1,2024-12-28 02:56:16,NDPS ACT SEC 8(c)/20(b)/22,1,Commercial Ganja / Cannabis,COMMERCIAL_QUANTITY,CHARGESHEET_FILED
FIR-RAM-2026-0113,30,Ramanathapuram,PS-RAM-B3,2025-10-09 19:09:14,NDPS ACT SEC 8(c)/20(b)/22,5,Opioid Analogues / Brown Sugar / Heroin,INTERMEDIATE_QUANTITY,PENDING_TRIAL
FIR-KRI-2026-0114,10,Krishnagiri,PS-KRI-B2,2025-07-20 19:32:39,NDPS ACT SEC 8(c)/20(b)/22,3,Prescription Narcotics / Codeine / Alprazolam,SMALL_QUANTITY,PENDING_TRIAL
FIR-TIR-2026-0115,38,Tiruvannamalai,PS-TIR-B3,2025-03-17 19:22:14,NDPS ACT SEC 8(c)/20(b)/22,1,Commercial Ganja / Cannabis,SMALL_QUANTITY,UNDER_INVESTIGATION
FIR-VIL-2026-0116,20,Viluppuram,PS-VIL-B4,2026-07-15 17:12:59,NDPS ACT SEC 8(c)/20(b)/22,1,Commercial Ganja / Cannabis,COMMERCIAL_QUANTITY,UNDER_INVESTIGATION
FIR-PUD-2026-0117,28,Pudukkottai,PS-PUD-B3,2026-07-19 10:14:12,NDPS ACT SEC 8(c)/20(b)/22,3,Prescription Narcotics / Codeine / Alprazolam,SMALL_QUANTITY,UNDER_INVESTIGATION
FIR-THI-2026-0118,33,Thiruvarur,PS-THI-B4,2026-07-02 18:44:08,NDPS ACT SEC 8(c)/20(b)/22,2,Synthetic Stimulants / MDMA / Meth,COMMERCIAL_QUANTITY,PENDING_TRIAL
FIR-SIV-2026-0119,29,Sivaganga,PS-SIV-B2,2024-10-06 05:35:05,NDPS ACT SEC 8(c)/20(b)/22,2,Synthetic Stimulants / MDMA / Meth,SMALL_QUANTITY,CHARGESHEET_FILED
FIR-ARI-2026-0120,26,Ariyalur,PS-ARI-B1,2025-07-29 20:14:45,NDPS ACT SEC 8(c)/20(b)/22,2,Synthetic Stimulants / MDMA / Meth,COMMERCIAL_QUANTITY,PENDING_TRIAL
FIR-ARI-2026-0121,26,Ariyalur,PS-ARI-B2,2025-03-02 18:43:08,NDPS ACT SEC 8(c)/20(b)/22,1,Commercial Ganja / Cannabis,COMMERCIAL_QUANTITY,UNDER_INVESTIGATION
FIR-PUD-2026-0122,28,Pudukkottai,PS-PUD-B2,2024-10-01 16:37:20,NDPS ACT SEC 8(c)/20(b)/22,3,Prescription Narcotics / Codeine / Alprazolam,INTERMEDIATE_QUANTITY,CHARGESHEET_FILED
FIR-THE-2026-0123,32,Theni,PS-THE-B2,2025-05-08 05:29:38,NDPS ACT SEC 8(c)/20(b)/22,1,Commercial Ganja / Cannabis,SMALL_QUANTITY,CHARGESHEET_FILED
FIR-THI-2026-0124,33,Thiruvarur,PS-THI-B3,2024-10-08 18:00:11,NDPS ACT SEC 8(c)/20(b)/22,3,Prescription Narcotics / Codeine / Alprazolam,SMALL_QUANTITY,CHARGESHEET_FILED
FIR-PER-2026-0125,27,Perambalur,PS-PER-B3,2025-08-10 04:12:19,NDPS ACT SEC 8(c)/20(b)/22,6,Unclassified / Suspicious Substance,INTERMEDIATE_QUANTITY,PENDING_TRIAL
FIR-CUD-2026-0126,19,Cuddalore,PS-CUD-B1,2026-04-30 16:20:59,NDPS ACT SEC 8(c)/20(b)/22,4,Chemical Precursors / Ephedrine,COMMERCIAL_QUANTITY,CHARGESHEET_FILED
FIR-THO-2026-0127,13,Thoothukudi,PS-THO-B3,2026-08-01 18:56:38,NDPS ACT SEC 8(c)/20(b)/22,4,Chemical Precursors / Ephedrine,SMALL_QUANTITY,UNDER_INVESTIGATION
FIR-VIR-2026-0128,31,Virudhunagar,PS-VIR-B3,2024-12-18 02:39:23,NDPS ACT SEC 8(c)/20(b)/22,2,Synthetic Stimulants / MDMA / Meth,COMMERCIAL_QUANTITY,CHARGESHEET_FILED
FIR-CHE-2026-0129,1,Chennai,PS-CHE-B2,2024-09-22 06:34:14,NDPS ACT SEC 8(c)/20(b)/22,1,Commercial Ganja / Cannabis,COMMERCIAL_QUANTITY,PENDING_TRIAL
FIR-TIR-2026-0130,18,Tiruvallur,PS-TIR-B4,2025-04-11 05:04:15,NDPS ACT SEC 8(c)/20(b)/22,4,Chemical Precursors / Ephedrine,COMMERCIAL_QUANTITY,UNDER_INVESTIGATION
FIR-MAY-2026-0131,35,Mayiladuthurai,PS-MAY-B1,2025-07-27 09:31:11,NDPS ACT SEC 8(c)/20(b)/22,1,Commercial Ganja / Cannabis,COMMERCIAL_QUANTITY,CHARGESHEET_FILED
FIR-MAD-2026-0132,3,Madurai,PS-MAD-B1,2026-08-17 12:52:31,NDPS ACT SEC 8(c)/20(b)/22,5,Opioid Analogues / Brown Sugar / Heroin,SMALL_QUANTITY,CHARGESHEET_FILED
FIR-CHE-2026-0133,1,Chennai,PS-CHE-B1,2025-04-30 04:35:53,NDPS ACT SEC 8(c)/20(b)/22,5,Opioid Analogues / Brown Sugar / Heroin,COMMERCIAL_QUANTITY,CHARGESHEET_FILED
FIR-TIR-2026-0134,6,Tirunelveli,PS-TIR-B1,2025-01-06 13:31:25,NDPS ACT SEC 8(c)/20(b)/22,2,Synthetic Stimulants / MDMA / Meth,SMALL_QUANTITY,CHARGESHEET_FILED
FIR-DIN-2026-0135,11,Dindigul,PS-DIN-B1,2025-01-02 22:19:08,NDPS ACT SEC 8(c)/20(b)/22,2,Synthetic Stimulants / MDMA / Meth,SMALL_QUANTITY,UNDER_INVESTIGATION
FIR-KRI-2026-0136,10,Krishnagiri,PS-KRI-B2,2025-11-03 21:23:07,NDPS ACT SEC 8(c)/20(b)/22,2,Synthetic Stimulants / MDMA / Meth,INTERMEDIATE_QUANTITY,PENDING_TRIAL
FIR-THI-2026-0137,33,Thiruvarur,PS-THI-B4,2025-12-30 15:05:55,NDPS ACT SEC 8(c)/20(b)/22,2,Synthetic Stimulants / MDMA / Meth,COMMERCIAL_QUANTITY,PENDING_TRIAL
FIR-CHE-2026-0138,1,Chennai,PS-CHE-B1,2025-10-08 11:21:34,NDPS ACT SEC 8(c)/20(b)/22,3,Prescription Narcotics / Codeine / Alprazolam,INTERMEDIATE_QUANTITY,CHARGESHEET_FILED
FIR-VIR-2026-0139,31,Virudhunagar,PS-VIR-B2,2026-03-08 23:15:33,NDPS ACT SEC 8(c)/20(b)/22,6,Unclassified / Suspicious Substance,INTERMEDIATE_QUANTITY,UNDER_INVESTIGATION
FIR-KRI-2026-0140,10,Krishnagiri,PS-KRI-B4,2024-12-31 22:02:12,NDPS ACT SEC 8(c)/20(b)/22,2,Synthetic Stimulants / MDMA / Meth,COMMERCIAL_QUANTITY,CHARGESHEET_FILED
FIR-THI-2026-0141,33,Thiruvarur,PS-THI-B3,2026-08-08 03:19:07,NDPS ACT SEC 8(c)/20(b)/22,2,Synthetic Stimulants / MDMA / Meth,INTERMEDIATE_QUANTITY,PENDING_TRIAL
FIR-PUD-2026-0142,28,Pudukkottai,PS-PUD-B3,2025-06-22 20:39:33,NDPS ACT SEC 8(c)/20(b)/22,3,Prescription Narcotics / Codeine / Alprazolam,INTERMEDIATE_QUANTITY,UNDER_INVESTIGATION
FIR-ERO-2026-0143,7,Erode,PS-ERO-B4,2026-02-22 00:27:34,NDPS ACT SEC 8(c)/20(b)/22,5,Opioid Analogues / Brown Sugar / Heroin,SMALL_QUANTITY,PENDING_TRIAL
FIR-SAL-2026-0144,4,Salem,PS-SAL-B1,2025-08-30 04:43:19,NDPS ACT SEC 8(c)/20(b)/22,1,Commercial Ganja / Cannabis,INTERMEDIATE_QUANTITY,UNDER_INVESTIGATION
FIR-THE-2026-0145,32,Theni,PS-THE-B3,2025-10-01 17:17:43,NDPS ACT SEC 8(c)/20(b)/22,6,Unclassified / Suspicious Substance,INTERMEDIATE_QUANTITY,UNDER_INVESTIGATION
FIR-VIL-2026-0146,20,Viluppuram,PS-VIL-B3,2024-09-21 10:18:31,NDPS ACT SEC 8(c)/20(b)/22,1,Commercial Ganja / Cannabis,INTERMEDIATE_QUANTITY,CHARGESHEET_FILED
FIR-KAL-2026-0147,21,Kallakurichi,PS-KAL-B3,2024-09-27 02:39:27,NDPS ACT SEC 8(c)/20(b)/22,6,Unclassified / Suspicious Substance,INTERMEDIATE_QUANTITY,UNDER_INVESTIGATION
FIR-MAD-2026-0148,3,Madurai,PS-MAD-B3,2026-05-01 13:22:20,NDPS ACT SEC 8(c)/20(b)/22,2,Synthetic Stimulants / MDMA / Meth,COMMERCIAL_QUANTITY,PENDING_TRIAL
FIR-KAN-2026-0149,14,Kanniyakumari,PS-KAN-B2,2025-04-20 20:05:26,NDPS ACT SEC 8(c)/20(b)/22,1,Commercial Ganja / Cannabis,SMALL_QUANTITY,UNDER_INVESTIGATION
FIR-KAN-2026-0150,16,Kancheepuram,PS-KAN-B4,2026-07-24 07:39:01,NDPS ACT SEC 8(c)/20(b)/22,1,Commercial Ganja / Cannabis,INTERMEDIATE_QUANTITY,PENDING_TRIAL
FIR-TIR-2026-0151,37,Tirupathur,PS-TIR-B1,2025-06-19 05:14:13,NDPS ACT SEC 8(c)/20(b)/22,5,Opioid Analogues / Brown Sugar / Heroin,SMALL_QUANTITY,CHARGESHEET_FILED
FIR-TIR-2026-0152,37,Tirupathur,PS-TIR-B1,2025-11-29 02:27:10,NDPS ACT SEC 8(c)/20(b)/22,2,Synthetic Stimulants / MDMA / Meth,INTERMEDIATE_QUANTITY,UNDER_INVESTIGATION
FIR-MAY-2026-0153,35,Mayiladuthurai,PS-MAY-B3,2025-10-30 05:44:23,NDPS ACT SEC 8(c)/20(b)/22,1,Commercial Ganja / Cannabis,INTERMEDIATE_QUANTITY,UNDER_INVESTIGATION
FIR-THA-2026-0154,12,Thanjavur,PS-THA-B3,2024-09-30 21:33:01,NDPS ACT SEC 8(c)/20(b)/22,5,Opioid Analogues / Brown Sugar / Heroin,SMALL_QUANTITY,UNDER_INVESTIGATION
FIR-TEN-2026-0155,15,Tenkasi,PS-TEN-B3,2025-08-13 22:36:38,NDPS ACT SEC 8(c)/20(b)/22,5,Opioid Analogues / Brown Sugar / Heroin,INTERMEDIATE_QUANTITY,UNDER_INVESTIGATION
FIR-THE-2026-0156,32,Theni,PS-THE-B2,2026-04-30 12:44:18,NDPS ACT SEC 8(c)/20(b)/22,5,Opioid Analogues / Brown Sugar / Heroin,COMMERCIAL_QUANTITY,UNDER_INVESTIGATION
FIR-DIN-2026-0157,11,Dindigul,PS-DIN-B4,2024-10-21 13:00:15,NDPS ACT SEC 8(c)/20(b)/22,5,Opioid Analogues / Brown Sugar / Heroin,COMMERCIAL_QUANTITY,CHARGESHEET_FILED
FIR-THI-2026-0158,33,Thiruvarur,PS-THI-B1,2025-12-11 07:54:23,NDPS ACT SEC 8(c)/20(b)/22,2,Synthetic Stimulants / MDMA / Meth,SMALL_QUANTITY,CHARGESHEET_FILED
FIR-THI-2026-0159,33,Thiruvarur,PS-THI-B2,2025-12-09 10:29:52,NDPS ACT SEC 8(c)/20(b)/22,1,Commercial Ganja / Cannabis,SMALL_QUANTITY,PENDING_TRIAL
FIR-TIR-2026-0160,6,Tirunelveli,PS-TIR-B3,2026-07-29 05:59:55,NDPS ACT SEC 8(c)/20(b)/22,3,Prescription Narcotics / Codeine / Alprazolam,SMALL_QUANTITY,PENDING_TRIAL
FIR-VIR-2026-0161,31,Virudhunagar,PS-VIR-B4,2026-07-10 12:40:43,NDPS ACT SEC 8(c)/20(b)/22,6,Unclassified / Suspicious Substance,COMMERCIAL_QUANTITY,CHARGESHEET_FILED
FIR-TIR-2026-0162,37,Tirupathur,PS-TIR-B2,2025-01-18 20:43:07,NDPS ACT SEC 8(c)/20(b)/22,4,Chemical Precursors / Ephedrine,INTERMEDIATE_QUANTITY,UNDER_INVESTIGATION
FIR-TIR-2026-0163,5,Tiruchirappalli,PS-TIR-B4,2025-08-11 00:18:20,NDPS ACT SEC 8(c)/20(b)/22,3,Prescription Narcotics / Codeine / Alprazolam,COMMERCIAL_QUANTITY,PENDING_TRIAL
FIR-DHA-2026-0164,22,Dharmapuri,PS-DHA-B4,2026-01-19 15:39:27,NDPS ACT SEC 8(c)/20(b)/22,4,Chemical Precursors / Ephedrine,SMALL_QUANTITY,UNDER_INVESTIGATION
FIR-VIR-2026-0165,31,Virudhunagar,PS-VIR-B1,2025-01-13 08:49:10,NDPS ACT SEC 8(c)/20(b)/22,2,Synthetic Stimulants / MDMA / Meth,COMMERCIAL_QUANTITY,CHARGESHEET_FILED
FIR-KAN-2026-0166,16,Kancheepuram,PS-KAN-B3,2025-12-25 10:53:19,NDPS ACT SEC 8(c)/20(b)/22,6,Unclassified / Suspicious Substance,SMALL_QUANTITY,UNDER_INVESTIGATION
FIR-NAG-2026-0167,34,Nagapattinam,PS-NAG-B3,2026-06-10 03:06:37,NDPS ACT SEC 8(c)/20(b)/22,5,Opioid Analogues / Brown Sugar / Heroin,INTERMEDIATE_QUANTITY,PENDING_TRIAL
FIR-TIR-2026-0168,6,Tirunelveli,PS-TIR-B1,2025-10-06 13:48:07,NDPS ACT SEC 8(c)/20(b)/22,5,Opioid Analogues / Brown Sugar / Heroin,COMMERCIAL_QUANTITY,PENDING_TRIAL
FIR-RAN-2026-0169,36,Ranipet,PS-RAN-B1,2024-10-22 09:14:59,NDPS ACT SEC 8(c)/20(b)/22,1,Commercial Ganja / Cannabis,SMALL_QUANTITY,PENDING_TRIAL
FIR-NIL-2026-0170,24,Nilgiris,PS-NIL-B4,2026-05-23 08:35:51,NDPS ACT SEC 8(c)/20(b)/22,2,Synthetic Stimulants / MDMA / Meth,COMMERCIAL_QUANTITY,PENDING_TRIAL
FIR-TIR-2026-0171,37,Tirupathur,PS-TIR-B4,2025-03-27 06:21:46,NDPS ACT SEC 8(c)/20(b)/22,5,Opioid Analogues / Brown Sugar / Heroin,COMMERCIAL_QUANTITY,UNDER_INVESTIGATION
FIR-THE-2026-0172,32,Theni,PS-THE-B4,2025-11-08 22:01:02,NDPS ACT SEC 8(c)/20(b)/22,3,Prescription Narcotics / Codeine / Alprazolam,COMMERCIAL_QUANTITY,UNDER_INVESTIGATION
FIR-THI-2026-0173,33,Thiruvarur,PS-THI-B1,2026-07-07 04:30:31,NDPS ACT SEC 8(c)/20(b)/22,1,Commercial Ganja / Cannabis,INTERMEDIATE_QUANTITY,CHARGESHEET_FILED
FIR-PER-2026-0174,27,Perambalur,PS-PER-B2,2026-03-30 16:29:36,NDPS ACT SEC 8(c)/20(b)/22,1,Commercial Ganja / Cannabis,INTERMEDIATE_QUANTITY,UNDER_INVESTIGATION
FIR-THO-2026-0175,13,Thoothukudi,PS-THO-B4,2026-06-17 10:36:14,NDPS ACT SEC 8(c)/20(b)/22,5,Opioid Analogues / Brown Sugar / Heroin,INTERMEDIATE_QUANTITY,CHARGESHEET_FILED
FIR-MAD-2026-0176,3,Madurai,PS-MAD-B1,2024-12-07 21:31:17,NDPS ACT SEC 8(c)/20(b)/22,2,Synthetic Stimulants / MDMA / Meth,INTERMEDIATE_QUANTITY,CHARGESHEET_FILED
FIR-NAM-2026-0177,23,Namakkal,PS-NAM-B2,2026-03-10 10:50:26,NDPS ACT SEC 8(c)/20(b)/22,5,Opioid Analogues / Brown Sugar / Heroin,INTERMEDIATE_QUANTITY,CHARGESHEET_FILED
FIR-SAL-2026-0178,4,Salem,PS-SAL-B4,2025-10-27 23:34:59,NDPS ACT SEC 8(c)/20(b)/22,1,Commercial Ganja / Cannabis,SMALL_QUANTITY,PENDING_TRIAL
FIR-KAN-2026-0179,16,Kancheepuram,PS-KAN-B2,2024-11-06 04:39:27,NDPS ACT SEC 8(c)/20(b)/22,3,Prescription Narcotics / Codeine / Alprazolam,SMALL_QUANTITY,UNDER_INVESTIGATION
FIR-RAM-2026-0180,30,Ramanathapuram,PS-RAM-B1,2025-08-22 21:22:09,NDPS ACT SEC 8(c)/20(b)/22,2,Synthetic Stimulants / MDMA / Meth,INTERMEDIATE_QUANTITY,PENDING_TRIAL
FIR-CUD-2026-0181,19,Cuddalore,PS-CUD-B4,2025-09-08 11:44:53,NDPS ACT SEC 8(c)/20(b)/22,3,Prescription Narcotics / Codeine / Alprazolam,COMMERCIAL_QUANTITY,CHARGESHEET_FILED
FIR-MAD-2026-0182,3,Madurai,PS-MAD-B4,2025-06-21 19:41:14,NDPS ACT SEC 8(c)/20(b)/22,3,Prescription Narcotics / Codeine / Alprazolam,COMMERCIAL_QUANTITY,PENDING_TRIAL
FIR-NAG-2026-0183,34,Nagapattinam,PS-NAG-B1,2024-11-10 16:29:11,NDPS ACT SEC 8(c)/20(b)/22,5,Opioid Analogues / Brown Sugar / Heroin,COMMERCIAL_QUANTITY,PENDING_TRIAL
FIR-KAR-2026-0184,25,Karur,PS-KAR-B3,2026-06-26 23:14:20,NDPS ACT SEC 8(c)/20(b)/22,1,Commercial Ganja / Cannabis,COMMERCIAL_QUANTITY,PENDING_TRIAL
FIR-KAL-2026-0185,21,Kallakurichi,PS-KAL-B3,2026-01-31 08:38:57,NDPS ACT SEC 8(c)/20(b)/22,6,Unclassified / Suspicious Substance,SMALL_QUANTITY,PENDING_TRIAL
FIR-PER-2026-0186,27,Perambalur,PS-PER-B1,2025-11-11 00:04:38,NDPS ACT SEC 8(c)/20(b)/22,1,Commercial Ganja / Cannabis,INTERMEDIATE_QUANTITY,PENDING_TRIAL
FIR-CUD-2026-0187,19,Cuddalore,PS-CUD-B2,2025-07-28 06:52:58,NDPS ACT SEC 8(c)/20(b)/22,5,Opioid Analogues / Brown Sugar / Heroin,SMALL_QUANTITY,PENDING_TRIAL
FIR-DIN-2026-0188,11,Dindigul,PS-DIN-B3,2025-05-09 00:54:33,NDPS ACT SEC 8(c)/20(b)/22,6,Unclassified / Suspicious Substance,SMALL_QUANTITY,PENDING_TRIAL
FIR-ERO-2026-0189,7,Erode,PS-ERO-B1,2025-12-21 23:25:24,NDPS ACT SEC 8(c)/20(b)/22,5,Opioid Analogues / Brown Sugar / Heroin,COMMERCIAL_QUANTITY,CHARGESHEET_FILED
FIR-THE-2026-0190,32,Theni,PS-THE-B1,2026-07-15 09:22:23,NDPS ACT SEC 8(c)/20(b)/22,6,Unclassified / Suspicious Substance,SMALL_QUANTITY,CHARGESHEET_FILED
FIR-KRI-2026-0191,10,Krishnagiri,PS-KRI-B2,2025-08-18 08:02:09,NDPS ACT SEC 8(c)/20(b)/22,1,Commercial Ganja / Cannabis,INTERMEDIATE_QUANTITY,CHARGESHEET_FILED
FIR-KAN-2026-0192,14,Kanniyakumari,PS-KAN-B1,2025-10-09 03:28:57,NDPS ACT SEC 8(c)/20(b)/22,5,Opioid Analogues / Brown Sugar / Heroin,INTERMEDIATE_QUANTITY,PENDING_TRIAL
FIR-KRI-2026-0193,10,Krishnagiri,PS-KRI-B2,2025-08-24 06:08:14,NDPS ACT SEC 8(c)/20(b)/22,1,Commercial Ganja / Cannabis,SMALL_QUANTITY,CHARGESHEET_FILED
FIR-THE-2026-0194,32,Theni,PS-THE-B2,2025-07-31 02:58:46,NDPS ACT SEC 8(c)/20(b)/22,4,Chemical Precursors / Ephedrine,SMALL_QUANTITY,PENDING_TRIAL
FIR-NIL-2026-0195,24,Nilgiris,PS-NIL-B4,2025-02-16 20:42:40,NDPS ACT SEC 8(c)/20(b)/22,4,Chemical Precursors / Ephedrine,SMALL_QUANTITY,UNDER_INVESTIGATION
FIR-THO-2026-0196,13,Thoothukudi,PS-THO-B4,2025-09-23 13:18:49,NDPS ACT SEC 8(c)/20(b)/22,5,Opioid Analogues / Brown Sugar / Heroin,COMMERCIAL_QUANTITY,UNDER_INVESTIGATION
FIR-CUD-2026-0197,19,Cuddalore,PS-CUD-B1,2025-09-08 06:38:43,NDPS ACT SEC 8(c)/20(b)/22,2,Synthetic Stimulants / MDMA / Meth,COMMERCIAL_QUANTITY,CHARGESHEET_FILED
FIR-PUD-2026-0198,28,Pudukkottai,PS-PUD-B4,2025-12-20 19:48:59,NDPS ACT SEC 8(c)/20(b)/22,2,Synthetic Stimulants / MDMA / Meth,SMALL_QUANTITY,UNDER_INVESTIGATION
FIR-PUD-2026-0199,28,Pudukkottai,PS-PUD-B3,2025-11-17 08:14:43,NDPS ACT SEC 8(c)/20(b)/22,6,Unclassified / Suspicious Substance,SMALL_QUANTITY,CHARGESHEET_FILED
FIR-PER-2026-0200,27,Perambalur,PS-PER-B3,2026-08-04 07:20:57,NDPS ACT SEC 8(c)/20(b)/22,1,Commercial Ganja / Cannabis,SMALL_QUANTITY,CHARGESHEET_FILED
FIR-TIR-2026-0201,37,Tirupathur,PS-TIR-B2,2025-07-21 11:14:04,NDPS ACT SEC 8(c)/20(b)/22,5,Opioid Analogues / Brown Sugar / Heroin,COMMERCIAL_QUANTITY,CHARGESHEET_FILED
FIR-NIL-2026-0202,24,Nilgiris,PS-NIL-B3,2025-10-12 14:38:01,NDPS ACT SEC 8(c)/20(b)/22,1,Commercial Ganja / Cannabis,COMMERCIAL_QUANTITY,PENDING_TRIAL
FIR-CUD-2026-0203,19,Cuddalore,PS-CUD-B4,2025-03-07 00:09:20,NDPS ACT SEC 8(c)/20(b)/22,3,Prescription Narcotics / Codeine / Alprazolam,SMALL_QUANTITY,UNDER_INVESTIGATION
FIR-ERO-2026-0204,7,Erode,PS-ERO-B1,2025-06-13 02:33:06,NDPS ACT SEC 8(c)/20(b)/22,4,Chemical Precursors / Ephedrine,INTERMEDIATE_QUANTITY,UNDER_INVESTIGATION
FIR-CUD-2026-0205,19,Cuddalore,PS-CUD-B4,2026-06-03 05:05:00,NDPS ACT SEC 8(c)/20(b)/22,2,Synthetic Stimulants / MDMA / Meth,COMMERCIAL_QUANTITY,CHARGESHEET_FILED
FIR-ARI-2026-0206,26,Ariyalur,PS-ARI-B3,2025-11-12 21:11:18,NDPS ACT SEC 8(c)/20(b)/22,5,Opioid Analogues / Brown Sugar / Heroin,SMALL_QUANTITY,PENDING_TRIAL
FIR-MAY-2026-0207,35,Mayiladuthurai,PS-MAY-B4,2025-05-06 02:26:11,NDPS ACT SEC 8(c)/20(b)/22,1,Commercial Ganja / Cannabis,SMALL_QUANTITY,PENDING_TRIAL
FIR-KAN-2026-0208,14,Kanniyakumari,PS-KAN-B2,2025-07-21 03:23:16,NDPS ACT SEC 8(c)/20(b)/22,1,Commercial Ganja / Cannabis,INTERMEDIATE_QUANTITY,UNDER_INVESTIGATION
FIR-NAG-2026-0209,34,Nagapattinam,PS-NAG-B1,2024-12-13 14:48:17,NDPS ACT SEC 8(c)/20(b)/22,3,Prescription Narcotics / Codeine / Alprazolam,INTERMEDIATE_QUANTITY,CHARGESHEET_FILED
FIR-KAL-2026-0210,21,Kallakurichi,PS-KAL-B2,2026-05-16 04:36:07,NDPS ACT SEC 8(c)/20(b)/22,3,Prescription Narcotics / Codeine / Alprazolam,COMMERCIAL_QUANTITY,PENDING_TRIAL
FIR-CHE-2026-0211,1,Chennai,PS-CHE-B1,2025-11-08 23:59:12,NDPS ACT SEC 8(c)/20(b)/22,5,Opioid Analogues / Brown Sugar / Heroin,COMMERCIAL_QUANTITY,UNDER_INVESTIGATION
FIR-RAN-2026-0212,36,Ranipet,PS-RAN-B1,2026-05-31 04:58:35,NDPS ACT SEC 8(c)/20(b)/22,6,Unclassified / Suspicious Substance,SMALL_QUANTITY,CHARGESHEET_FILED
FIR-TIR-2026-0213,18,Tiruvallur,PS-TIR-B3,2025-02-05 23:47:08,NDPS ACT SEC 8(c)/20(b)/22,2,Synthetic Stimulants / MDMA / Meth,INTERMEDIATE_QUANTITY,PENDING_TRIAL
FIR-COI-2026-0214,2,Coimbatore,PS-COI-B4,2025-02-07 13:12:52,NDPS ACT SEC 8(c)/20(b)/22,5,Opioid Analogues / Brown Sugar / Heroin,COMMERCIAL_QUANTITY,PENDING_TRIAL
FIR-TIR-2026-0215,18,Tiruvallur,PS-TIR-B3,2024-12-12 11:29:01,NDPS ACT SEC 8(c)/20(b)/22,6,Unclassified / Suspicious Substance,COMMERCIAL_QUANTITY,UNDER_INVESTIGATION
FIR-DIN-2026-0216,11,Dindigul,PS-DIN-B1,2025-11-22 01:59:07,NDPS ACT SEC 8(c)/20(b)/22,3,Prescription Narcotics / Codeine / Alprazolam,SMALL_QUANTITY,CHARGESHEET_FILED
FIR-KAR-2026-0217,25,Karur,PS-KAR-B1,2024-09-23 00:14:59,NDPS ACT SEC 8(c)/20(b)/22,4,Chemical Precursors / Ephedrine,INTERMEDIATE_QUANTITY,PENDING_TRIAL
FIR-THA-2026-0218,12,Thanjavur,PS-THA-B2,2025-08-08 11:57:21,NDPS ACT SEC 8(c)/20(b)/22,5,Opioid Analogues / Brown Sugar / Heroin,COMMERCIAL_QUANTITY,CHARGESHEET_FILED
FIR-PER-2026-0219,27,Perambalur,PS-PER-B3,2026-06-09 01:44:05,NDPS ACT SEC 8(c)/20(b)/22,2,Synthetic Stimulants / MDMA / Meth,COMMERCIAL_QUANTITY,UNDER_INVESTIGATION
FIR-VIL-2026-0220,20,Viluppuram,PS-VIL-B2,2026-01-27 06:40:41,NDPS ACT SEC 8(c)/20(b)/22,5,Opioid Analogues / Brown Sugar / Heroin,INTERMEDIATE_QUANTITY,PENDING_TRIAL
FIR-RAN-2026-0221,36,Ranipet,PS-RAN-B3,2026-02-27 08:15:22,NDPS ACT SEC 8(c)/20(b)/22,5,Opioid Analogues / Brown Sugar / Heroin,SMALL_QUANTITY,UNDER_INVESTIGATION
FIR-COI-2026-0222,2,Coimbatore,PS-COI-B1,2026-08-15 01:43:03,NDPS ACT SEC 8(c)/20(b)/22,3,Prescription Narcotics / Codeine / Alprazolam,SMALL_QUANTITY,PENDING_TRIAL
FIR-KRI-2026-0223,10,Krishnagiri,PS-KRI-B1,2025-05-22 16:27:39,NDPS ACT SEC 8(c)/20(b)/22,6,Unclassified / Suspicious Substance,SMALL_QUANTITY,UNDER_INVESTIGATION
FIR-TIR-2026-0224,5,Tiruchirappalli,PS-TIR-B2,2025-11-29 13:20:54,NDPS ACT SEC 8(c)/20(b)/22,2,Synthetic Stimulants / MDMA / Meth,COMMERCIAL_QUANTITY,CHARGESHEET_FILED
FIR-THE-2026-0225,32,Theni,PS-THE-B4,2026-02-27 01:16:17,NDPS ACT SEC 8(c)/20(b)/22,6,Unclassified / Suspicious Substance,SMALL_QUANTITY,PENDING_TRIAL
FIR-CHE-2026-0226,17,Chengalpattu,PS-CHE-B2,2026-03-05 02:52:12,NDPS ACT SEC 8(c)/20(b)/22,5,Opioid Analogues / Brown Sugar / Heroin,COMMERCIAL_QUANTITY,CHARGESHEET_FILED
FIR-NAG-2026-0227,34,Nagapattinam,PS-NAG-B4,2025-11-13 09:47:49,NDPS ACT SEC 8(c)/20(b)/22,6,Unclassified / Suspicious Substance,SMALL_QUANTITY,CHARGESHEET_FILED
FIR-CHE-2026-0228,17,Chengalpattu,PS-CHE-B4,2025-05-20 07:30:41,NDPS ACT SEC 8(c)/20(b)/22,3,Prescription Narcotics / Codeine / Alprazolam,COMMERCIAL_QUANTITY,UNDER_INVESTIGATION
FIR-THI-2026-0229,33,Thiruvarur,PS-THI-B4,2025-11-28 01:08:07,NDPS ACT SEC 8(c)/20(b)/22,3,Prescription Narcotics / Codeine / Alprazolam,INTERMEDIATE_QUANTITY,CHARGESHEET_FILED
FIR-CHE-2026-0230,17,Chengalpattu,PS-CHE-B3,2025-07-26 10:42:23,NDPS ACT SEC 8(c)/20(b)/22,1,Commercial Ganja / Cannabis,SMALL_QUANTITY,PENDING_TRIAL
FIR-NAG-2026-0231,34,Nagapattinam,PS-NAG-B1,2025-04-16 00:32:45,NDPS ACT SEC 8(c)/20(b)/22,5,Opioid Analogues / Brown Sugar / Heroin,COMMERCIAL_QUANTITY,PENDING_TRIAL
FIR-KAN-2026-0232,14,Kanniyakumari,PS-KAN-B1,2025-03-30 08:30:38,NDPS ACT SEC 8(c)/20(b)/22,5,Opioid Analogues / Brown Sugar / Heroin,SMALL_QUANTITY,PENDING_TRIAL
FIR-TIR-2026-0233,18,Tiruvallur,PS-TIR-B1,2025-08-05 22:54:44,NDPS ACT SEC 8(c)/20(b)/22,4,Chemical Precursors / Ephedrine,COMMERCIAL_QUANTITY,PENDING_TRIAL
FIR-KRI-2026-0234,10,Krishnagiri,PS-KRI-B3,2025-10-26 19:13:43,NDPS ACT SEC 8(c)/20(b)/22,1,Commercial Ganja / Cannabis,INTERMEDIATE_QUANTITY,CHARGESHEET_FILED
FIR-CUD-2026-0235,19,Cuddalore,PS-CUD-B2,2025-02-28 21:52:35,NDPS ACT SEC 8(c)/20(b)/22,5,Opioid Analogues / Brown Sugar / Heroin,SMALL_QUANTITY,CHARGESHEET_FILED
FIR-TEN-2026-0236,15,Tenkasi,PS-TEN-B3,2026-01-20 14:08:52,NDPS ACT SEC 8(c)/20(b)/22,3,Prescription Narcotics / Codeine / Alprazolam,INTERMEDIATE_QUANTITY,UNDER_INVESTIGATION
FIR-DHA-2026-0237,22,Dharmapuri,PS-DHA-B3,2025-05-15 21:31:39,NDPS ACT SEC 8(c)/20(b)/22,2,Synthetic Stimulants / MDMA / Meth,INTERMEDIATE_QUANTITY,CHARGESHEET_FILED
FIR-VEL-2026-0238,9,Vellore,PS-VEL-B4,2025-10-01 07:19:20,NDPS ACT SEC 8(c)/20(b)/22,2,Synthetic Stimulants / MDMA / Meth,INTERMEDIATE_QUANTITY,UNDER_INVESTIGATION
FIR-KRI-2026-0239,10,Krishnagiri,PS-KRI-B4,2025-08-19 07:29:13,NDPS ACT SEC 8(c)/20(b)/22,3,Prescription Narcotics / Codeine / Alprazolam,INTERMEDIATE_QUANTITY,UNDER_INVESTIGATION
FIR-THI-2026-0240,33,Thiruvarur,PS-THI-B4,2024-10-15 20:09:09,NDPS ACT SEC 8(c)/20(b)/22,6,Unclassified / Suspicious Substance,SMALL_QUANTITY,CHARGESHEET_FILED
FIR-TIR-2026-0241,38,Tiruvannamalai,PS-TIR-B2,2024-09-30 19:27:14,NDPS ACT SEC 8(c)/20(b)/22,2,Synthetic Stimulants / MDMA / Meth,INTERMEDIATE_QUANTITY,CHARGESHEET_FILED
FIR-TIR-2026-0242,37,Tirupathur,PS-TIR-B1,2026-01-15 19:53:02,NDPS ACT SEC 8(c)/20(b)/22,5,Opioid Analogues / Brown Sugar / Heroin,INTERMEDIATE_QUANTITY,PENDING_TRIAL
FIR-KRI-2026-0243,10,Krishnagiri,PS-KRI-B1,2026-05-03 17:20:01,NDPS ACT SEC 8(c)/20(b)/22,4,Chemical Precursors / Ephedrine,SMALL_QUANTITY,CHARGESHEET_FILED
FIR-KAR-2026-0244,25,Karur,PS-KAR-B2,2024-12-16 13:26:53,NDPS ACT SEC 8(c)/20(b)/22,2,Synthetic Stimulants / MDMA / Meth,INTERMEDIATE_QUANTITY,PENDING_TRIAL
FIR-KAL-2026-0245,21,Kallakurichi,PS-KAL-B4,2026-03-28 01:55:31,NDPS ACT SEC 8(c)/20(b)/22,1,Commercial Ganja / Cannabis,INTERMEDIATE_QUANTITY,PENDING_TRIAL
FIR-TIR-2026-0246,37,Tirupathur,PS-TIR-B4,2026-01-28 07:26:22,NDPS ACT SEC 8(c)/20(b)/22,6,Unclassified / Suspicious Substance,SMALL_QUANTITY,CHARGESHEET_FILED
FIR-NAG-2026-0247,34,Nagapattinam,PS-NAG-B1,2026-06-04 14:23:40,NDPS ACT SEC 8(c)/20(b)/22,3,Prescription Narcotics / Codeine / Alprazolam,INTERMEDIATE_QUANTITY,PENDING_TRIAL
FIR-VIR-2026-0248,31,Virudhunagar,PS-VIR-B4,2024-10-14 04:39:41,NDPS ACT SEC 8(c)/20(b)/22,4,Chemical Precursors / Ephedrine,SMALL_QUANTITY,PENDING_TRIAL
FIR-ERO-2026-0249,7,Erode,PS-ERO-B2,2026-05-24 20:26:08,NDPS ACT SEC 8(c)/20(b)/22,6,Unclassified / Suspicious Substance,COMMERCIAL_QUANTITY,CHARGESHEET_FILED
FIR-KAL-2026-0250,21,Kallakurichi,PS-KAL-B4,2024-09-27 15:09:43,NDPS ACT SEC 8(c)/20(b)/22,6,Unclassified / Suspicious Substance,COMMERCIAL_QUANTITY,UNDER_INVESTIGATION
FIR-VIR-2026-0251,31,Virudhunagar,PS-VIR-B3,2025-01-19 21:20:08,NDPS ACT SEC 8(c)/20(b)/22,1,Commercial Ganja / Cannabis,COMMERCIAL_QUANTITY,PENDING_TRIAL
FIR-MAY-2026-0252,35,Mayiladuthurai,PS-MAY-B4,2025-10-26 05:26:10,NDPS ACT SEC 8(c)/20(b)/22,3,Prescription Narcotics / Codeine / Alprazolam,INTERMEDIATE_QUANTITY,CHARGESHEET_FILED
FIR-TIR-2026-0253,18,Tiruvallur,PS-TIR-B2,2025-03-16 03:06:13,NDPS ACT SEC 8(c)/20(b)/22,3,Prescription Narcotics / Codeine / Alprazolam,SMALL_QUANTITY,PENDING_TRIAL
FIR-TIR-2026-0254,38,Tiruvannamalai,PS-TIR-B3,2026-05-24 04:05:25,NDPS ACT SEC 8(c)/20(b)/22,6,Unclassified / Suspicious Substance,COMMERCIAL_QUANTITY,CHARGESHEET_FILED
FIR-KAL-2026-0255,21,Kallakurichi,PS-KAL-B4,2025-01-10 00:21:33,NDPS ACT SEC 8(c)/20(b)/22,1,Commercial Ganja / Cannabis,INTERMEDIATE_QUANTITY,PENDING_TRIAL
FIR-MAY-2026-0256,35,Mayiladuthurai,PS-MAY-B2,2024-10-06 07:58:35,NDPS ACT SEC 8(c)/20(b)/22,5,Opioid Analogues / Brown Sugar / Heroin,COMMERCIAL_QUANTITY,UNDER_INVESTIGATION
FIR-TIR-2026-0257,8,Tiruppur,PS-TIR-B2,2026-04-02 14:49:53,NDPS ACT SEC 8(c)/20(b)/22,5,Opioid Analogues / Brown Sugar / Heroin,SMALL_QUANTITY,UNDER_INVESTIGATION
FIR-MAD-2026-0258,3,Madurai,PS-MAD-B2,2026-03-12 07:09:31,NDPS ACT SEC 8(c)/20(b)/22,4,Chemical Precursors / Ephedrine,INTERMEDIATE_QUANTITY,UNDER_INVESTIGATION
FIR-THI-2026-0259,33,Thiruvarur,PS-THI-B1,2025-10-29 20:39:45,NDPS ACT SEC 8(c)/20(b)/22,5,Opioid Analogues / Brown Sugar / Heroin,COMMERCIAL_QUANTITY,UNDER_INVESTIGATION
FIR-DIN-2026-0260,11,Dindigul,PS-DIN-B4,2026-02-17 18:07:35,NDPS ACT SEC 8(c)/20(b)/22,2,Synthetic Stimulants / MDMA / Meth,INTERMEDIATE_QUANTITY,UNDER_INVESTIGATION
FIR-MAY-2026-0261,35,Mayiladuthurai,PS-MAY-B4,2025-05-11 03:06:34,NDPS ACT SEC 8(c)/20(b)/22,5,Opioid Analogues / Brown Sugar / Heroin,COMMERCIAL_QUANTITY,PENDING_TRIAL
FIR-THE-2026-0262,32,Theni,PS-THE-B4,2025-04-18 21:27:12,NDPS ACT SEC 8(c)/20(b)/22,3,Prescription Narcotics / Codeine / Alprazolam,INTERMEDIATE_QUANTITY,CHARGESHEET_FILED
FIR-RAM-2026-0263,30,Ramanathapuram,PS-RAM-B4,2026-02-23 16:23:05,NDPS ACT SEC 8(c)/20(b)/22,4,Chemical Precursors / Ephedrine,SMALL_QUANTITY,PENDING_TRIAL
FIR-TIR-2026-0264,6,Tirunelveli,PS-TIR-B1,2025-04-27 18:31:41,NDPS ACT SEC 8(c)/20(b)/22,6,Unclassified / Suspicious Substance,SMALL_QUANTITY,UNDER_INVESTIGATION
FIR-NAG-2026-0265,34,Nagapattinam,PS-NAG-B4,2026-05-25 02:19:02,NDPS ACT SEC 8(c)/20(b)/22,2,Synthetic Stimulants / MDMA / Meth,COMMERCIAL_QUANTITY,UNDER_INVESTIGATION
FIR-VEL-2026-0266,9,Vellore,PS-VEL-B2,2026-06-23 06:26:01,NDPS ACT SEC 8(c)/20(b)/22,2,Synthetic Stimulants / MDMA / Meth,INTERMEDIATE_QUANTITY,PENDING_TRIAL
FIR-TIR-2026-0267,37,Tirupathur,PS-TIR-B3,2026-02-27 04:06:54,NDPS ACT SEC 8(c)/20(b)/22,6,Unclassified / Suspicious Substance,COMMERCIAL_QUANTITY,PENDING_TRIAL
FIR-TIR-2026-0268,5,Tiruchirappalli,PS-TIR-B1,2025-11-27 15:50:14,NDPS ACT SEC 8(c)/20(b)/22,2,Synthetic Stimulants / MDMA / Meth,INTERMEDIATE_QUANTITY,PENDING_TRIAL
FIR-CHE-2026-0269,1,Chennai,PS-CHE-B4,2025-08-03 21:48:38,NDPS ACT SEC 8(c)/20(b)/22,4,Chemical Precursors / Ephedrine,INTERMEDIATE_QUANTITY,CHARGESHEET_FILED
FIR-ARI-2026-0270,26,Ariyalur,PS-ARI-B4,2025-08-15 09:34:30,NDPS ACT SEC 8(c)/20(b)/22,5,Opioid Analogues / Brown Sugar / Heroin,SMALL_QUANTITY,PENDING_TRIAL
FIR-CUD-2026-0271,19,Cuddalore,PS-CUD-B4,2025-06-30 16:50:32,NDPS ACT SEC 8(c)/20(b)/22,3,Prescription Narcotics / Codeine / Alprazolam,INTERMEDIATE_QUANTITY,CHARGESHEET_FILED
FIR-MAD-2026-0272,3,Madurai,PS-MAD-B2,2025-12-27 21:21:34,NDPS ACT SEC 8(c)/20(b)/22,3,Prescription Narcotics / Codeine / Alprazolam,COMMERCIAL_QUANTITY,PENDING_TRIAL
FIR-TIR-2026-0273,18,Tiruvallur,PS-TIR-B1,2025-10-29 04:07:33,NDPS ACT SEC 8(c)/20(b)/22,5,Opioid Analogues / Brown Sugar / Heroin,SMALL_QUANTITY,UNDER_INVESTIGATION
FIR-KAL-2026-0274,21,Kallakurichi,PS-KAL-B2,2025-12-07 10:43:19,NDPS ACT SEC 8(c)/20(b)/22,3,Prescription Narcotics / Codeine / Alprazolam,INTERMEDIATE_QUANTITY,PENDING_TRIAL
FIR-ARI-2026-0275,26,Ariyalur,PS-ARI-B4,2024-12-13 08:54:25,NDPS ACT SEC 8(c)/20(b)/22,6,Unclassified / Suspicious Substance,SMALL_QUANTITY,UNDER_INVESTIGATION
FIR-TEN-2026-0276,15,Tenkasi,PS-TEN-B1,2026-06-27 17:19:22,NDPS ACT SEC 8(c)/20(b)/22,1,Commercial Ganja / Cannabis,INTERMEDIATE_QUANTITY,CHARGESHEET_FILED
FIR-VIR-2026-0277,31,Virudhunagar,PS-VIR-B4,2025-08-28 16:38:10,NDPS ACT SEC 8(c)/20(b)/22,6,Unclassified / Suspicious Substance,COMMERCIAL_QUANTITY,PENDING_TRIAL
FIR-THO-2026-0278,13,Thoothukudi,PS-THO-B3,2026-08-03 01:32:19,NDPS ACT SEC 8(c)/20(b)/22,4,Chemical Precursors / Ephedrine,SMALL_QUANTITY,UNDER_INVESTIGATION
FIR-THA-2026-0279,12,Thanjavur,PS-THA-B2,2025-02-28 01:32:23,NDPS ACT SEC 8(c)/20(b)/22,2,Synthetic Stimulants / MDMA / Meth,INTERMEDIATE_QUANTITY,UNDER_INVESTIGATION
FIR-MAD-2026-0280,3,Madurai,PS-MAD-B4,2025-09-15 01:51:04,NDPS ACT SEC 8(c)/20(b)/22,2,Synthetic Stimulants / MDMA / Meth,SMALL_QUANTITY,UNDER_INVESTIGATION
FIR-ERO-2026-0281,7,Erode,PS-ERO-B4,2026-03-08 05:41:55,NDPS ACT SEC 8(c)/20(b)/22,2,Synthetic Stimulants / MDMA / Meth,COMMERCIAL_QUANTITY,CHARGESHEET_FILED
FIR-NAM-2026-0282,23,Namakkal,PS-NAM-B4,2026-06-25 11:35:24,NDPS ACT SEC 8(c)/20(b)/22,2,Synthetic Stimulants / MDMA / Meth,INTERMEDIATE_QUANTITY,UNDER_INVESTIGATION
FIR-NAM-2026-0283,23,Namakkal,PS-NAM-B3,2025-08-18 05:58:25,NDPS ACT SEC 8(c)/20(b)/22,3,Prescription Narcotics / Codeine / Alprazolam,COMMERCIAL_QUANTITY,CHARGESHEET_FILED
FIR-VIR-2026-0284,31,Virudhunagar,PS-VIR-B1,2024-10-14 21:48:02,NDPS ACT SEC 8(c)/20(b)/22,5,Opioid Analogues / Brown Sugar / Heroin,INTERMEDIATE_QUANTITY,UNDER_INVESTIGATION
FIR-DHA-2026-0285,22,Dharmapuri,PS-DHA-B3,2026-01-09 14:53:35,NDPS ACT SEC 8(c)/20(b)/22,6,Unclassified / Suspicious Substance,INTERMEDIATE_QUANTITY,PENDING_TRIAL
FIR-NAG-2026-0286,34,Nagapattinam,PS-NAG-B2,2024-10-18 21:13:22,NDPS ACT SEC 8(c)/20(b)/22,3,Prescription Narcotics / Codeine / Alprazolam,SMALL_QUANTITY,UNDER_INVESTIGATION
FIR-DHA-2026-0287,22,Dharmapuri,PS-DHA-B4,2026-05-11 19:08:50,NDPS ACT SEC 8(c)/20(b)/22,5,Opioid Analogues / Brown Sugar / Heroin,INTERMEDIATE_QUANTITY,UNDER_INVESTIGATION
FIR-VIL-2026-0288,20,Viluppuram,PS-VIL-B4,2026-02-17 04:56:39,NDPS ACT SEC 8(c)/20(b)/22,1,Commercial Ganja / Cannabis,COMMERCIAL_QUANTITY,UNDER_INVESTIGATION
FIR-TIR-2026-0289,5,Tiruchirappalli,PS-TIR-B1,2025-09-26 22:19:02,NDPS ACT SEC 8(c)/20(b)/22,2,Synthetic Stimulants / MDMA / Meth,SMALL_QUANTITY,PENDING_TRIAL
FIR-SIV-2026-0290,29,Sivaganga,PS-SIV-B3,2025-04-19 04:29:21,NDPS ACT SEC 8(c)/20(b)/22,2,Synthetic Stimulants / MDMA / Meth,COMMERCIAL_QUANTITY,UNDER_INVESTIGATION
FIR-THE-2026-0291,32,Theni,PS-THE-B3,2025-10-29 00:23:30,NDPS ACT SEC 8(c)/20(b)/22,6,Unclassified / Suspicious Substance,SMALL_QUANTITY,PENDING_TRIAL
FIR-NAM-2026-0292,23,Namakkal,PS-NAM-B3,2025-06-05 19:01:37,NDPS ACT SEC 8(c)/20(b)/22,1,Commercial Ganja / Cannabis,SMALL_QUANTITY,CHARGESHEET_FILED
FIR-TIR-2026-0293,37,Tirupathur,PS-TIR-B3,2026-01-06 10:01:58,NDPS ACT SEC 8(c)/20(b)/22,6,Unclassified / Suspicious Substance,INTERMEDIATE_QUANTITY,PENDING_TRIAL
FIR-SAL-2026-0294,4,Salem,PS-SAL-B4,2025-01-08 08:11:59,NDPS ACT SEC 8(c)/20(b)/22,1,Commercial Ganja / Cannabis,COMMERCIAL_QUANTITY,UNDER_INVESTIGATION
FIR-TIR-2026-0295,38,Tiruvannamalai,PS-TIR-B4,2026-03-17 02:24:22,NDPS ACT SEC 8(c)/20(b)/22,2,Synthetic Stimulants / MDMA / Meth,INTERMEDIATE_QUANTITY,CHARGESHEET_FILED
FIR-THO-2026-0296,13,Thoothukudi,PS-THO-B1,2026-05-22 01:03:31,NDPS ACT SEC 8(c)/20(b)/22,5,Opioid Analogues / Brown Sugar / Heroin,COMMERCIAL_QUANTITY,CHARGESHEET_FILED
FIR-DIN-2026-0297,11,Dindigul,PS-DIN-B1,2026-04-04 16:13:33,NDPS ACT SEC 8(c)/20(b)/22,3,Prescription Narcotics / Codeine / Alprazolam,INTERMEDIATE_QUANTITY,UNDER_INVESTIGATION
FIR-VIR-2026-0298,31,Virudhunagar,PS-VIR-B3,2025-02-27 02:02:45,NDPS ACT SEC 8(c)/20(b)/22,4,Chemical Precursors / Ephedrine,INTERMEDIATE_QUANTITY,CHARGESHEET_FILED
FIR-RAM-2026-0299,30,Ramanathapuram,PS-RAM-B2,2026-01-27 08:04:40,NDPS ACT SEC 8(c)/20(b)/22,5,Opioid Analogues / Brown Sugar / Heroin,SMALL_QUANTITY,UNDER_INVESTIGATION
FIR-VEL-2026-0300,9,Vellore,PS-VEL-B2,2026-02-06 15:22:31,NDPS ACT SEC 8(c)/20(b)/22,6,Unclassified / Suspicious Substance,COMMERCIAL_QUANTITY,UNDER_INVESTIGATION
FIR-TIR-2026-0301,5,Tiruchirappalli,PS-TIR-B4,2024-09-30 03:49:00,NDPS ACT SEC 8(c)/20(b)/22,2,Synthetic Stimulants / MDMA / Meth,SMALL_QUANTITY,PENDING_TRIAL
FIR-NAM-2026-0302,23,Namakkal,PS-NAM-B2,2025-01-16 04:21:00,NDPS ACT SEC 8(c)/20(b)/22,3,Prescription Narcotics / Codeine / Alprazolam,SMALL_QUANTITY,PENDING_TRIAL
FIR-TIR-2026-0303,18,Tiruvallur,PS-TIR-B1,2026-05-17 00:53:28,NDPS ACT SEC 8(c)/20(b)/22,6,Unclassified / Suspicious Substance,INTERMEDIATE_QUANTITY,UNDER_INVESTIGATION
FIR-VIR-2026-0304,31,Virudhunagar,PS-VIR-B1,2024-11-30 19:32:00,NDPS ACT SEC 8(c)/20(b)/22,3,Prescription Narcotics / Codeine / Alprazolam,COMMERCIAL_QUANTITY,PENDING_TRIAL
FIR-ARI-2026-0305,26,Ariyalur,PS-ARI-B1,2025-03-21 13:52:12,NDPS ACT SEC 8(c)/20(b)/22,5,Opioid Analogues / Brown Sugar / Heroin,SMALL_QUANTITY,CHARGESHEET_FILED
FIR-TIR-2026-0306,8,Tiruppur,PS-TIR-B2,2025-10-18 11:25:36,NDPS ACT SEC 8(c)/20(b)/22,6,Unclassified / Suspicious Substance,INTERMEDIATE_QUANTITY,CHARGESHEET_FILED
FIR-CHE-2026-0307,17,Chengalpattu,PS-CHE-B4,2026-07-18 06:48:21,NDPS ACT SEC 8(c)/20(b)/22,5,Opioid Analogues / Brown Sugar / Heroin,SMALL_QUANTITY,CHARGESHEET_FILED
FIR-THO-2026-0308,13,Thoothukudi,PS-THO-B3,2025-09-07 08:52:00,NDPS ACT SEC 8(c)/20(b)/22,4,Chemical Precursors / Ephedrine,SMALL_QUANTITY,CHARGESHEET_FILED
FIR-CHE-2026-0309,17,Chengalpattu,PS-CHE-B1,2024-12-17 18:36:01,NDPS ACT SEC 8(c)/20(b)/22,5,Opioid Analogues / Brown Sugar / Heroin,SMALL_QUANTITY,CHARGESHEET_FILED
FIR-THE-2026-0310,32,Theni,PS-THE-B3,2026-06-15 23:38:51,NDPS ACT SEC 8(c)/20(b)/22,5,Opioid Analogues / Brown Sugar / Heroin,INTERMEDIATE_QUANTITY,PENDING_TRIAL
FIR-THA-2026-0311,12,Thanjavur,PS-THA-B2,2026-01-14 08:12:55,NDPS ACT SEC 8(c)/20(b)/22,1,Commercial Ganja / Cannabis,SMALL_QUANTITY,CHARGESHEET_FILED
FIR-THA-2026-0312,12,Thanjavur,PS-THA-B2,2025-09-18 03:10:27,NDPS ACT SEC 8(c)/20(b)/22,4,Chemical Precursors / Ephedrine,COMMERCIAL_QUANTITY,UNDER_INVESTIGATION
FIR-KAN-2026-0313,14,Kanniyakumari,PS-KAN-B2,2025-12-20 22:20:24,NDPS ACT SEC 8(c)/20(b)/22,3,Prescription Narcotics / Codeine / Alprazolam,INTERMEDIATE_QUANTITY,UNDER_INVESTIGATION
FIR-TIR-2026-0314,6,Tirunelveli,PS-TIR-B3,2026-05-31 20:19:30,NDPS ACT SEC 8(c)/20(b)/22,4,Chemical Precursors / Ephedrine,COMMERCIAL_QUANTITY,CHARGESHEET_FILED
FIR-THE-2026-0315,32,Theni,PS-THE-B4,2026-06-03 11:02:52,NDPS ACT SEC 8(c)/20(b)/22,1,Commercial Ganja / Cannabis,INTERMEDIATE_QUANTITY,UNDER_INVESTIGATION
FIR-THI-2026-0316,33,Thiruvarur,PS-THI-B1,2024-11-23 16:27:57,NDPS ACT SEC 8(c)/20(b)/22,4,Chemical Precursors / Ephedrine,SMALL_QUANTITY,PENDING_TRIAL
FIR-VEL-2026-0317,9,Vellore,PS-VEL-B1,2024-12-06 06:35:00,NDPS ACT SEC 8(c)/20(b)/22,5,Opioid Analogues / Brown Sugar / Heroin,SMALL_QUANTITY,UNDER_INVESTIGATION
FIR-DIN-2026-0318,11,Dindigul,PS-DIN-B4,2026-05-31 03:37:11,NDPS ACT SEC 8(c)/20(b)/22,5,Opioid Analogues / Brown Sugar / Heroin,INTERMEDIATE_QUANTITY,PENDING_TRIAL
FIR-TIR-2026-0319,38,Tiruvannamalai,PS-TIR-B1,2025-11-07 19:58:14,NDPS ACT SEC 8(c)/20(b)/22,6,Unclassified / Suspicious Substance,SMALL_QUANTITY,PENDING_TRIAL
FIR-TIR-2026-0320,8,Tiruppur,PS-TIR-B3,2025-12-01 02:48:11,NDPS ACT SEC 8(c)/20(b)/22,5,Opioid Analogues / Brown Sugar / Heroin,COMMERCIAL_QUANTITY,PENDING_TRIAL
FIR-KAN-2026-0321,16,Kancheepuram,PS-KAN-B4,2024-10-26 04:17:48,NDPS ACT SEC 8(c)/20(b)/22,5,Opioid Analogues / Brown Sugar / Heroin,INTERMEDIATE_QUANTITY,UNDER_INVESTIGATION
FIR-DIN-2026-0322,11,Dindigul,PS-DIN-B4,2025-11-25 19:23:23,NDPS ACT SEC 8(c)/20(b)/22,3,Prescription Narcotics / Codeine / Alprazolam,COMMERCIAL_QUANTITY,UNDER_INVESTIGATION
FIR-ARI-2026-0323,26,Ariyalur,PS-ARI-B2,2025-02-27 10:48:45,NDPS ACT SEC 8(c)/20(b)/22,3,Prescription Narcotics / Codeine / Alprazolam,SMALL_QUANTITY,PENDING_TRIAL
FIR-ARI-2026-0324,26,Ariyalur,PS-ARI-B4,2025-11-04 02:30:16,NDPS ACT SEC 8(c)/20(b)/22,2,Synthetic Stimulants / MDMA / Meth,SMALL_QUANTITY,PENDING_TRIAL
FIR-KAN-2026-0325,14,Kanniyakumari,PS-KAN-B4,2025-06-13 03:21:26,NDPS ACT SEC 8(c)/20(b)/22,3,Prescription Narcotics / Codeine / Alprazolam,INTERMEDIATE_QUANTITY,UNDER_INVESTIGATION
FIR-THI-2026-0326,33,Thiruvarur,PS-THI-B2,2025-10-17 13:11:58,NDPS ACT SEC 8(c)/20(b)/22,1,Commercial Ganja / Cannabis,INTERMEDIATE_QUANTITY,PENDING_TRIAL
FIR-VIR-2026-0327,31,Virudhunagar,PS-VIR-B1,2025-01-21 20:19:56,NDPS ACT SEC 8(c)/20(b)/22,1,Commercial Ganja / Cannabis,SMALL_QUANTITY,UNDER_INVESTIGATION
FIR-SAL-2026-0328,4,Salem,PS-SAL-B3,2024-12-16 21:21:23,NDPS ACT SEC 8(c)/20(b)/22,5,Opioid Analogues / Brown Sugar / Heroin,INTERMEDIATE_QUANTITY,CHARGESHEET_FILED
FIR-VIL-2026-0329,20,Viluppuram,PS-VIL-B3,2026-07-27 19:25:45,NDPS ACT SEC 8(c)/20(b)/22,2,Synthetic Stimulants / MDMA / Meth,INTERMEDIATE_QUANTITY,UNDER_INVESTIGATION
FIR-THI-2026-0330,33,Thiruvarur,PS-THI-B3,2026-02-10 06:48:01,NDPS ACT SEC 8(c)/20(b)/22,3,Prescription Narcotics / Codeine / Alprazolam,COMMERCIAL_QUANTITY,UNDER_INVESTIGATION
FIR-KRI-2026-0331,10,Krishnagiri,PS-KRI-B4,2024-11-03 01:27:12,NDPS ACT SEC 8(c)/20(b)/22,3,Prescription Narcotics / Codeine / Alprazolam,COMMERCIAL_QUANTITY,CHARGESHEET_FILED
FIR-VEL-2026-0332,9,Vellore,PS-VEL-B4,2025-04-07 03:24:38,NDPS ACT SEC 8(c)/20(b)/22,4,Chemical Precursors / Ephedrine,SMALL_QUANTITY,UNDER_INVESTIGATION
FIR-MAY-2026-0333,35,Mayiladuthurai,PS-MAY-B1,2025-06-14 09:33:52,NDPS ACT SEC 8(c)/20(b)/22,4,Chemical Precursors / Ephedrine,INTERMEDIATE_QUANTITY,PENDING_TRIAL
FIR-TIR-2026-0334,37,Tirupathur,PS-TIR-B3,2026-08-10 09:11:09,NDPS ACT SEC 8(c)/20(b)/22,2,Synthetic Stimulants / MDMA / Meth,COMMERCIAL_QUANTITY,CHARGESHEET_FILED
FIR-PUD-2026-0335,28,Pudukkottai,PS-PUD-B4,2025-01-17 17:16:10,NDPS ACT SEC 8(c)/20(b)/22,6,Unclassified / Suspicious Substance,COMMERCIAL_QUANTITY,UNDER_INVESTIGATION
FIR-KRI-2026-0336,10,Krishnagiri,PS-KRI-B4,2025-01-28 14:28:55,NDPS ACT SEC 8(c)/20(b)/22,6,Unclassified / Suspicious Substance,SMALL_QUANTITY,PENDING_TRIAL
FIR-KAR-2026-0337,25,Karur,PS-KAR-B3,2026-02-08 21:28:43,NDPS ACT SEC 8(c)/20(b)/22,3,Prescription Narcotics / Codeine / Alprazolam,COMMERCIAL_QUANTITY,CHARGESHEET_FILED
FIR-KRI-2026-0338,10,Krishnagiri,PS-KRI-B4,2026-06-05 00:37:41,NDPS ACT SEC 8(c)/20(b)/22,1,Commercial Ganja / Cannabis,INTERMEDIATE_QUANTITY,CHARGESHEET_FILED
FIR-VIL-2026-0339,20,Viluppuram,PS-VIL-B3,2025-06-11 18:06:29,NDPS ACT SEC 8(c)/20(b)/22,6,Unclassified / Suspicious Substance,COMMERCIAL_QUANTITY,CHARGESHEET_FILED
FIR-CHE-2026-0340,1,Chennai,PS-CHE-B1,2025-02-08 01:46:04,NDPS ACT SEC 8(c)/20(b)/22,3,Prescription Narcotics / Codeine / Alprazolam,INTERMEDIATE_QUANTITY,CHARGESHEET_FILED
FIR-TEN-2026-0341,15,Tenkasi,PS-TEN-B2,2025-02-11 08:55:19,NDPS ACT SEC 8(c)/20(b)/22,1,Commercial Ganja / Cannabis,INTERMEDIATE_QUANTITY,CHARGESHEET_FILED
FIR-MAD-2026-0342,3,Madurai,PS-MAD-B4,2026-01-01 08:20:54,NDPS ACT SEC 8(c)/20(b)/22,2,Synthetic Stimulants / MDMA / Meth,INTERMEDIATE_QUANTITY,UNDER_INVESTIGATION
FIR-TIR-2026-0343,37,Tirupathur,PS-TIR-B1,2025-08-10 21:29:40,NDPS ACT SEC 8(c)/20(b)/22,2,Synthetic Stimulants / MDMA / Meth,SMALL_QUANTITY,UNDER_INVESTIGATION
FIR-TIR-2026-0344,8,Tiruppur,PS-TIR-B1,2025-02-15 08:55:44,NDPS ACT SEC 8(c)/20(b)/22,5,Opioid Analogues / Brown Sugar / Heroin,SMALL_QUANTITY,PENDING_TRIAL
FIR-TIR-2026-0345,5,Tiruchirappalli,PS-TIR-B4,2024-12-11 05:33:35,NDPS ACT SEC 8(c)/20(b)/22,3,Prescription Narcotics / Codeine / Alprazolam,SMALL_QUANTITY,PENDING_TRIAL
FIR-KRI-2026-0346,10,Krishnagiri,PS-KRI-B1,2025-12-17 22:37:13,NDPS ACT SEC 8(c)/20(b)/22,1,Commercial Ganja / Cannabis,INTERMEDIATE_QUANTITY,CHARGESHEET_FILED
FIR-DIN-2026-0347,11,Dindigul,PS-DIN-B2,2025-10-11 08:06:38,NDPS ACT SEC 8(c)/20(b)/22,1,Commercial Ganja / Cannabis,SMALL_QUANTITY,UNDER_INVESTIGATION
FIR-TIR-2026-0348,5,Tiruchirappalli,PS-TIR-B3,2026-02-02 14:06:05,NDPS ACT SEC 8(c)/20(b)/22,6,Unclassified / Suspicious Substance,INTERMEDIATE_QUANTITY,UNDER_INVESTIGATION
FIR-NIL-2026-0349,24,Nilgiris,PS-NIL-B4,2025-10-25 04:21:36,NDPS ACT SEC 8(c)/20(b)/22,1,Commercial Ganja / Cannabis,INTERMEDIATE_QUANTITY,PENDING_TRIAL
FIR-NIL-2026-0350,24,Nilgiris,PS-NIL-B1,2026-04-05 00:20:51,NDPS ACT SEC 8(c)/20(b)/22,3,Prescription Narcotics / Codeine / Alprazolam,COMMERCIAL_QUANTITY,CHARGESHEET_FILED
FIR-THA-2026-0351,12,Thanjavur,PS-THA-B4,2024-10-24 23:20:49,NDPS ACT SEC 8(c)/20(b)/22,3,Prescription Narcotics / Codeine / Alprazolam,COMMERCIAL_QUANTITY,PENDING_TRIAL
FIR-MAY-2026-0352,35,Mayiladuthurai,PS-MAY-B2,2025-11-12 03:20:44,NDPS ACT SEC 8(c)/20(b)/22,6,Unclassified / Suspicious Substance,COMMERCIAL_QUANTITY,CHARGESHEET_FILED
FIR-DIN-2026-0353,11,Dindigul,PS-DIN-B1,2025-11-15 02:28:21,NDPS ACT SEC 8(c)/20(b)/22,2,Synthetic Stimulants / MDMA / Meth,COMMERCIAL_QUANTITY,UNDER_INVESTIGATION
FIR-PUD-2026-0354,28,Pudukkottai,PS-PUD-B3,2025-07-04 03:47:06,NDPS ACT SEC 8(c)/20(b)/22,1,Commercial Ganja / Cannabis,SMALL_QUANTITY,PENDING_TRIAL
FIR-TIR-2026-0355,38,Tiruvannamalai,PS-TIR-B4,2025-04-22 12:20:06,NDPS ACT SEC 8(c)/20(b)/22,3,Prescription Narcotics / Codeine / Alprazolam,COMMERCIAL_QUANTITY,PENDING_TRIAL
FIR-TIR-2026-0356,8,Tiruppur,PS-TIR-B1,2024-10-13 20:49:50,NDPS ACT SEC 8(c)/20(b)/22,3,Prescription Narcotics / Codeine / Alprazolam,SMALL_QUANTITY,PENDING_TRIAL
FIR-VIR-2026-0357,31,Virudhunagar,PS-VIR-B1,2025-12-17 00:58:29,NDPS ACT SEC 8(c)/20(b)/22,4,Chemical Precursors / Ephedrine,SMALL_QUANTITY,PENDING_TRIAL
FIR-TIR-2026-0358,8,Tiruppur,PS-TIR-B2,2024-11-24 05:49:06,NDPS ACT SEC 8(c)/20(b)/22,5,Opioid Analogues / Brown Sugar / Heroin,SMALL_QUANTITY,PENDING_TRIAL
FIR-THA-2026-0359,12,Thanjavur,PS-THA-B2,2026-03-25 22:12:55,NDPS ACT SEC 8(c)/20(b)/22,2,Synthetic Stimulants / MDMA / Meth,SMALL_QUANTITY,CHARGESHEET_FILED
FIR-NAM-2026-0360,23,Namakkal,PS-NAM-B4,2025-12-29 23:27:53,NDPS ACT SEC 8(c)/20(b)/22,6,Unclassified / Suspicious Substance,COMMERCIAL_QUANTITY,UNDER_INVESTIGATION
FIR-TIR-2026-0361,6,Tirunelveli,PS-TIR-B1,2024-12-13 08:31:07,NDPS ACT SEC 8(c)/20(b)/22,5,Opioid Analogues / Brown Sugar / Heroin,INTERMEDIATE_QUANTITY,PENDING_TRIAL
FIR-TEN-2026-0362,15,Tenkasi,PS-TEN-B3,2025-12-28 03:18:15,NDPS ACT SEC 8(c)/20(b)/22,5,Opioid Analogues / Brown Sugar / Heroin,INTERMEDIATE_QUANTITY,CHARGESHEET_FILED
FIR-NAM-2026-0363,23,Namakkal,PS-NAM-B1,2024-12-20 18:51:49,NDPS ACT SEC 8(c)/20(b)/22,5,Opioid Analogues / Brown Sugar / Heroin,INTERMEDIATE_QUANTITY,PENDING_TRIAL
FIR-VIR-2026-0364,31,Virudhunagar,PS-VIR-B2,2025-11-01 14:28:10,NDPS ACT SEC 8(c)/20(b)/22,6,Unclassified / Suspicious Substance,SMALL_QUANTITY,PENDING_TRIAL
FIR-SIV-2026-0365,29,Sivaganga,PS-SIV-B2,2025-07-31 21:51:49,NDPS ACT SEC 8(c)/20(b)/22,1,Commercial Ganja / Cannabis,COMMERCIAL_QUANTITY,CHARGESHEET_FILED
FIR-THO-2026-0366,13,Thoothukudi,PS-THO-B2,2025-12-01 22:41:29,NDPS ACT SEC 8(c)/20(b)/22,6,Unclassified / Suspicious Substance,INTERMEDIATE_QUANTITY,UNDER_INVESTIGATION
FIR-THE-2026-0367,32,Theni,PS-THE-B1,2026-07-28 17:50:53,NDPS ACT SEC 8(c)/20(b)/22,6,Unclassified / Suspicious Substance,COMMERCIAL_QUANTITY,PENDING_TRIAL
FIR-ARI-2026-0368,26,Ariyalur,PS-ARI-B1,2026-04-16 05:32:44,NDPS ACT SEC 8(c)/20(b)/22,5,Opioid Analogues / Brown Sugar / Heroin,SMALL_QUANTITY,CHARGESHEET_FILED
FIR-THE-2026-0369,32,Theni,PS-THE-B2,2025-05-22 06:27:40,NDPS ACT SEC 8(c)/20(b)/22,4,Chemical Precursors / Ephedrine,COMMERCIAL_QUANTITY,UNDER_INVESTIGATION
FIR-DHA-2026-0370,22,Dharmapuri,PS-DHA-B4,2025-06-30 21:28:59,NDPS ACT SEC 8(c)/20(b)/22,4,Chemical Precursors / Ephedrine,INTERMEDIATE_QUANTITY,UNDER_INVESTIGATION
FIR-THA-2026-0371,12,Thanjavur,PS-THA-B3,2026-08-16 02:26:44,NDPS ACT SEC 8(c)/20(b)/22,5,Opioid Analogues / Brown Sugar / Heroin,COMMERCIAL_QUANTITY,CHARGESHEET_FILED
FIR-THO-2026-0372,13,Thoothukudi,PS-THO-B4,2025-10-29 14:38:04,NDPS ACT SEC 8(c)/20(b)/22,3,Prescription Narcotics / Codeine / Alprazolam,INTERMEDIATE_QUANTITY,PENDING_TRIAL
FIR-DIN-2026-0373,11,Dindigul,PS-DIN-B2,2025-06-12 10:45:55,NDPS ACT SEC 8(c)/20(b)/22,6,Unclassified / Suspicious Substance,COMMERCIAL_QUANTITY,UNDER_INVESTIGATION
FIR-RAN-2026-0374,36,Ranipet,PS-RAN-B1,2025-01-01 21:06:12,NDPS ACT SEC 8(c)/20(b)/22,3,Prescription Narcotics / Codeine / Alprazolam,INTERMEDIATE_QUANTITY,CHARGESHEET_FILED
FIR-KRI-2026-0375,10,Krishnagiri,PS-KRI-B2,2026-06-22 12:15:02,NDPS ACT SEC 8(c)/20(b)/22,4,Chemical Precursors / Ephedrine,SMALL_QUANTITY,UNDER_INVESTIGATION
FIR-COI-2026-0376,2,Coimbatore,PS-COI-B4,2025-07-06 14:01:07,NDPS ACT SEC 8(c)/20(b)/22,1,Commercial Ganja / Cannabis,INTERMEDIATE_QUANTITY,CHARGESHEET_FILED
FIR-KAN-2026-0377,14,Kanniyakumari,PS-KAN-B3,2025-04-23 16:00:15,NDPS ACT SEC 8(c)/20(b)/22,2,Synthetic Stimulants / MDMA / Meth,INTERMEDIATE_QUANTITY,UNDER_INVESTIGATION
FIR-KAL-2026-0378,21,Kallakurichi,PS-KAL-B2,2025-11-25 03:35:03,NDPS ACT SEC 8(c)/20(b)/22,6,Unclassified / Suspicious Substance,SMALL_QUANTITY,UNDER_INVESTIGATION
FIR-TIR-2026-0379,8,Tiruppur,PS-TIR-B4,2024-12-18 03:25:47,NDPS ACT SEC 8(c)/20(b)/22,1,Commercial Ganja / Cannabis,COMMERCIAL_QUANTITY,PENDING_TRIAL
FIR-KAN-2026-0380,16,Kancheepuram,PS-KAN-B2,2025-08-02 09:36:41,NDPS ACT SEC 8(c)/20(b)/22,1,Commercial Ganja / Cannabis,SMALL_QUANTITY,PENDING_TRIAL
FIR-NAM-2026-0381,23,Namakkal,PS-NAM-B1,2024-11-30 21:02:58,NDPS ACT SEC 8(c)/20(b)/22,1,Commercial Ganja / Cannabis,INTERMEDIATE_QUANTITY,PENDING_TRIAL
FIR-VIL-2026-0382,20,Viluppuram,PS-VIL-B4,2025-05-22 04:38:53,NDPS ACT SEC 8(c)/20(b)/22,2,Synthetic Stimulants / MDMA / Meth,SMALL_QUANTITY,UNDER_INVESTIGATION
FIR-TIR-2026-0383,18,Tiruvallur,PS-TIR-B3,2024-09-22 15:44:24,NDPS ACT SEC 8(c)/20(b)/22,3,Prescription Narcotics / Codeine / Alprazolam,COMMERCIAL_QUANTITY,UNDER_INVESTIGATION
FIR-SAL-2026-0384,4,Salem,PS-SAL-B2,2026-04-09 05:38:05,NDPS ACT SEC 8(c)/20(b)/22,2,Synthetic Stimulants / MDMA / Meth,COMMERCIAL_QUANTITY,UNDER_INVESTIGATION
FIR-VEL-2026-0385,9,Vellore,PS-VEL-B3,2025-02-02 04:16:47,NDPS ACT SEC 8(c)/20(b)/22,5,Opioid Analogues / Brown Sugar / Heroin,INTERMEDIATE_QUANTITY,CHARGESHEET_FILED
FIR-THI-2026-0386,33,Thiruvarur,PS-THI-B3,2024-10-02 17:02:58,NDPS ACT SEC 8(c)/20(b)/22,6,Unclassified / Suspicious Substance,SMALL_QUANTITY,UNDER_INVESTIGATION
FIR-VIR-2026-0387,31,Virudhunagar,PS-VIR-B3,2025-09-16 04:13:53,NDPS ACT SEC 8(c)/20(b)/22,1,Commercial Ganja / Cannabis,COMMERCIAL_QUANTITY,PENDING_TRIAL
FIR-COI-2026-0388,2,Coimbatore,PS-COI-B2,2026-07-13 10:03:16,NDPS ACT SEC 8(c)/20(b)/22,5,Opioid Analogues / Brown Sugar / Heroin,INTERMEDIATE_QUANTITY,PENDING_TRIAL
FIR-TIR-2026-0389,37,Tirupathur,PS-TIR-B3,2025-05-07 00:30:39,NDPS ACT SEC 8(c)/20(b)/22,1,Commercial Ganja / Cannabis,COMMERCIAL_QUANTITY,CHARGESHEET_FILED
FIR-CHE-2026-0390,17,Chengalpattu,PS-CHE-B1,2025-01-07 06:58:35,NDPS ACT SEC 8(c)/20(b)/22,5,Opioid Analogues / Brown Sugar / Heroin,SMALL_QUANTITY,PENDING_TRIAL
FIR-TIR-2026-0391,5,Tiruchirappalli,PS-TIR-B2,2026-04-07 21:26:45,NDPS ACT SEC 8(c)/20(b)/22,3,Prescription Narcotics / Codeine / Alprazolam,INTERMEDIATE_QUANTITY,CHARGESHEET_FILED
FIR-MAY-2026-0392,35,Mayiladuthurai,PS-MAY-B2,2026-02-24 21:39:50,NDPS ACT SEC 8(c)/20(b)/22,2,Synthetic Stimulants / MDMA / Meth,COMMERCIAL_QUANTITY,CHARGESHEET_FILED
FIR-KAN-2026-0393,14,Kanniyakumari,PS-KAN-B4,2026-02-03 03:08:17,NDPS ACT SEC 8(c)/20(b)/22,3,Prescription Narcotics / Codeine / Alprazolam,COMMERCIAL_QUANTITY,CHARGESHEET_FILED
FIR-ARI-2026-0394,26,Ariyalur,PS-ARI-B3,2026-06-30 10:41:29,NDPS ACT SEC 8(c)/20(b)/22,2,Synthetic Stimulants / MDMA / Meth,COMMERCIAL_QUANTITY,CHARGESHEET_FILED
FIR-PER-2026-0395,27,Perambalur,PS-PER-B2,2025-07-28 13:35:53,NDPS ACT SEC 8(c)/20(b)/22,6,Unclassified / Suspicious Substance,SMALL_QUANTITY,PENDING_TRIAL
FIR-MAY-2026-0396,35,Mayiladuthurai,PS-MAY-B1,2025-06-25 06:58:57,NDPS ACT SEC 8(c)/20(b)/22,1,Commercial Ganja / Cannabis,INTERMEDIATE_QUANTITY,PENDING_TRIAL
FIR-VIR-2026-0397,31,Virudhunagar,PS-VIR-B3,2025-03-08 21:19:14,NDPS ACT SEC 8(c)/20(b)/22,5,Opioid Analogues / Brown Sugar / Heroin,INTERMEDIATE_QUANTITY,PENDING_TRIAL
FIR-DHA-2026-0398,22,Dharmapuri,PS-DHA-B4,2026-01-02 09:14:00,NDPS ACT SEC 8(c)/20(b)/22,5,Opioid Analogues / Brown Sugar / Heroin,INTERMEDIATE_QUANTITY,CHARGESHEET_FILED
FIR-NAM-2026-0399,23,Namakkal,PS-NAM-B4,2025-10-15 19:00:59,NDPS ACT SEC 8(c)/20(b)/22,1,Commercial Ganja / Cannabis,COMMERCIAL_QUANTITY,CHARGESHEET_FILED
FIR-VIL-2026-0400,20,Viluppuram,PS-VIL-B1,2026-04-01 19:46:26,NDPS ACT SEC 8(c)/20(b)/22,5,Opioid Analogues / Brown Sugar / Heroin,INTERMEDIATE_QUANTITY,UNDER_INVESTIGATION
FIR-VEL-2026-0401,9,Vellore,PS-VEL-B2,2025-04-14 01:19:33,NDPS ACT SEC 8(c)/20(b)/22,5,Opioid Analogues / Brown Sugar / Heroin,SMALL_QUANTITY,UNDER_INVESTIGATION
FIR-ERO-2026-0402,7,Erode,PS-ERO-B1,2024-12-04 16:43:09,NDPS ACT SEC 8(c)/20(b)/22,6,Unclassified / Suspicious Substance,INTERMEDIATE_QUANTITY,CHARGESHEET_FILED
FIR-NAM-2026-0403,23,Namakkal,PS-NAM-B2,2025-02-01 10:46:37,NDPS ACT SEC 8(c)/20(b)/22,2,Synthetic Stimulants / MDMA / Meth,SMALL_QUANTITY,UNDER_INVESTIGATION
FIR-DHA-2026-0404,22,Dharmapuri,PS-DHA-B3,2024-10-03 03:59:19,NDPS ACT SEC 8(c)/20(b)/22,3,Prescription Narcotics / Codeine / Alprazolam,COMMERCIAL_QUANTITY,PENDING_TRIAL
FIR-TIR-2026-0405,38,Tiruvannamalai,PS-TIR-B2,2025-11-09 18:33:17,NDPS ACT SEC 8(c)/20(b)/22,3,Prescription Narcotics / Codeine / Alprazolam,SMALL_QUANTITY,CHARGESHEET_FILED
FIR-MAY-2026-0406,35,Mayiladuthurai,PS-MAY-B4,2026-07-26 08:20:41,NDPS ACT SEC 8(c)/20(b)/22,3,Prescription Narcotics / Codeine / Alprazolam,INTERMEDIATE_QUANTITY,CHARGESHEET_FILED
FIR-MAY-2026-0407,35,Mayiladuthurai,PS-MAY-B3,2026-05-09 04:33:09,NDPS ACT SEC 8(c)/20(b)/22,2,Synthetic Stimulants / MDMA / Meth,SMALL_QUANTITY,PENDING_TRIAL
FIR-VEL-2026-0408,9,Vellore,PS-VEL-B2,2026-08-11 01:51:04,NDPS ACT SEC 8(c)/20(b)/22,6,Unclassified / Suspicious Substance,SMALL_QUANTITY,PENDING_TRIAL
FIR-TIR-2026-0409,37,Tirupathur,PS-TIR-B4,2025-04-01 01:32:16,NDPS ACT SEC 8(c)/20(b)/22,2,Synthetic Stimulants / MDMA / Meth,SMALL_QUANTITY,CHARGESHEET_FILED
FIR-MAY-2026-0410,35,Mayiladuthurai,PS-MAY-B3,2024-10-25 15:47:07,NDPS ACT SEC 8(c)/20(b)/22,5,Opioid Analogues / Brown Sugar / Heroin,INTERMEDIATE_QUANTITY,PENDING_TRIAL
FIR-TIR-2026-0411,6,Tirunelveli,PS-TIR-B2,2025-04-17 22:34:47,NDPS ACT SEC 8(c)/20(b)/22,3,Prescription Narcotics / Codeine / Alprazolam,COMMERCIAL_QUANTITY,CHARGESHEET_FILED
FIR-PUD-2026-0412,28,Pudukkottai,PS-PUD-B2,2025-06-20 20:03:09,NDPS ACT SEC 8(c)/20(b)/22,5,Opioid Analogues / Brown Sugar / Heroin,SMALL_QUANTITY,CHARGESHEET_FILED
FIR-ERO-2026-0413,7,Erode,PS-ERO-B2,2024-12-18 02:03:21,NDPS ACT SEC 8(c)/20(b)/22,3,Prescription Narcotics / Codeine / Alprazolam,INTERMEDIATE_QUANTITY,UNDER_INVESTIGATION
FIR-ARI-2026-0414,26,Ariyalur,PS-ARI-B2,2024-11-23 20:48:20,NDPS ACT SEC 8(c)/20(b)/22,1,Commercial Ganja / Cannabis,SMALL_QUANTITY,UNDER_INVESTIGATION
FIR-TIR-2026-0415,18,Tiruvallur,PS-TIR-B2,2025-10-20 22:37:35,NDPS ACT SEC 8(c)/20(b)/22,5,Opioid Analogues / Brown Sugar / Heroin,SMALL_QUANTITY,UNDER_INVESTIGATION
FIR-SIV-2026-0416,29,Sivaganga,PS-SIV-B3,2025-04-28 04:09:55,NDPS ACT SEC 8(c)/20(b)/22,5,Opioid Analogues / Brown Sugar / Heroin,INTERMEDIATE_QUANTITY,CHARGESHEET_FILED
FIR-VIR-2026-0417,31,Virudhunagar,PS-VIR-B4,2025-12-19 05:36:49,NDPS ACT SEC 8(c)/20(b)/22,6,Unclassified / Suspicious Substance,COMMERCIAL_QUANTITY,PENDING_TRIAL
FIR-ERO-2026-0418,7,Erode,PS-ERO-B1,2025-06-08 22:57:38,NDPS ACT SEC 8(c)/20(b)/22,1,Commercial Ganja / Cannabis,INTERMEDIATE_QUANTITY,PENDING_TRIAL
FIR-CHE-2026-0419,1,Chennai,PS-CHE-B1,2024-12-26 08:40:04,NDPS ACT SEC 8(c)/20(b)/22,5,Opioid Analogues / Brown Sugar / Heroin,INTERMEDIATE_QUANTITY,PENDING_TRIAL
FIR-CUD-2026-0420,19,Cuddalore,PS-CUD-B4,2024-10-09 03:20:55,NDPS ACT SEC 8(c)/20(b)/22,1,Commercial Ganja / Cannabis,SMALL_QUANTITY,PENDING_TRIAL
FIR-VIR-2026-0421,31,Virudhunagar,PS-VIR-B1,2025-07-01 15:43:33,NDPS ACT SEC 8(c)/20(b)/22,1,Commercial Ganja / Cannabis,SMALL_QUANTITY,CHARGESHEET_FILED
FIR-COI-2026-0422,2,Coimbatore,PS-COI-B3,2024-09-25 14:22:28,NDPS ACT SEC 8(c)/20(b)/22,5,Opioid Analogues / Brown Sugar / Heroin,INTERMEDIATE_QUANTITY,PENDING_TRIAL
FIR-NAG-2026-0423,34,Nagapattinam,PS-NAG-B2,2025-02-12 11:00:22,NDPS ACT SEC 8(c)/20(b)/22,4,Chemical Precursors / Ephedrine,INTERMEDIATE_QUANTITY,UNDER_INVESTIGATION
FIR-NIL-2026-0424,24,Nilgiris,PS-NIL-B2,2024-12-24 09:19:31,NDPS ACT SEC 8(c)/20(b)/22,4,Chemical Precursors / Ephedrine,SMALL_QUANTITY,PENDING_TRIAL
FIR-MAD-2026-0425,3,Madurai,PS-MAD-B3,2025-10-25 10:03:41,NDPS ACT SEC 8(c)/20(b)/22,3,Prescription Narcotics / Codeine / Alprazolam,INTERMEDIATE_QUANTITY,PENDING_TRIAL
FIR-COI-2026-0426,2,Coimbatore,PS-COI-B2,2025-01-19 22:13:11,NDPS ACT SEC 8(c)/20(b)/22,1,Commercial Ganja / Cannabis,SMALL_QUANTITY,CHARGESHEET_FILED
FIR-THO-2026-0427,13,Thoothukudi,PS-THO-B2,2026-02-14 07:49:07,NDPS ACT SEC 8(c)/20(b)/22,3,Prescription Narcotics / Codeine / Alprazolam,SMALL_QUANTITY,CHARGESHEET_FILED
FIR-CHE-2026-0428,17,Chengalpattu,PS-CHE-B1,2025-09-22 07:10:41,NDPS ACT SEC 8(c)/20(b)/22,1,Commercial Ganja / Cannabis,SMALL_QUANTITY,CHARGESHEET_FILED
FIR-CUD-2026-0429,19,Cuddalore,PS-CUD-B2,2026-04-21 19:50:42,NDPS ACT SEC 8(c)/20(b)/22,2,Synthetic Stimulants / MDMA / Meth,COMMERCIAL_QUANTITY,UNDER_INVESTIGATION
FIR-THI-2026-0430,33,Thiruvarur,PS-THI-B1,2024-10-12 12:12:37,NDPS ACT SEC 8(c)/20(b)/22,6,Unclassified / Suspicious Substance,SMALL_QUANTITY,PENDING_TRIAL
FIR-DIN-2026-0431,11,Dindigul,PS-DIN-B2,2025-09-24 20:00:09,NDPS ACT SEC 8(c)/20(b)/22,2,Synthetic Stimulants / MDMA / Meth,COMMERCIAL_QUANTITY,UNDER_INVESTIGATION
FIR-NAM-2026-0432,23,Namakkal,PS-NAM-B3,2025-04-19 23:48:45,NDPS ACT SEC 8(c)/20(b)/22,2,Synthetic Stimulants / MDMA / Meth,COMMERCIAL_QUANTITY,PENDING_TRIAL
FIR-MAD-2026-0433,3,Madurai,PS-MAD-B3,2026-01-11 04:49:34,NDPS ACT SEC 8(c)/20(b)/22,4,Chemical Precursors / Ephedrine,COMMERCIAL_QUANTITY,PENDING_TRIAL
FIR-CUD-2026-0434,19,Cuddalore,PS-CUD-B1,2025-07-07 10:13:15,NDPS ACT SEC 8(c)/20(b)/22,2,Synthetic Stimulants / MDMA / Meth,SMALL_QUANTITY,UNDER_INVESTIGATION
FIR-CHE-2026-0435,1,Chennai,PS-CHE-B2,2025-11-25 22:16:28,NDPS ACT SEC 8(c)/20(b)/22,1,Commercial Ganja / Cannabis,SMALL_QUANTITY,PENDING_TRIAL
FIR-KAR-2026-0436,25,Karur,PS-KAR-B3,2026-04-21 07:52:36,NDPS ACT SEC 8(c)/20(b)/22,2,Synthetic Stimulants / MDMA / Meth,INTERMEDIATE_QUANTITY,PENDING_TRIAL
FIR-CUD-2026-0437,19,Cuddalore,PS-CUD-B1,2024-09-20 15:08:09,NDPS ACT SEC 8(c)/20(b)/22,5,Opioid Analogues / Brown Sugar / Heroin,INTERMEDIATE_QUANTITY,CHARGESHEET_FILED
FIR-DIN-2026-0438,11,Dindigul,PS-DIN-B4,2025-01-27 15:44:01,NDPS ACT SEC 8(c)/20(b)/22,2,Synthetic Stimulants / MDMA / Meth,COMMERCIAL_QUANTITY,CHARGESHEET_FILED
FIR-THO-2026-0439,13,Thoothukudi,PS-THO-B2,2025-02-25 03:05:18,NDPS ACT SEC 8(c)/20(b)/22,5,Opioid Analogues / Brown Sugar / Heroin,COMMERCIAL_QUANTITY,PENDING_TRIAL
FIR-ERO-2026-0440,7,Erode,PS-ERO-B2,2026-06-08 03:24:51,NDPS ACT SEC 8(c)/20(b)/22,2,Synthetic Stimulants / MDMA / Meth,INTERMEDIATE_QUANTITY,CHARGESHEET_FILED
FIR-ARI-2026-0441,26,Ariyalur,PS-ARI-B3,2025-11-10 20:53:26,NDPS ACT SEC 8(c)/20(b)/22,2,Synthetic Stimulants / MDMA / Meth,INTERMEDIATE_QUANTITY,PENDING_TRIAL
FIR-NAM-2026-0442,23,Namakkal,PS-NAM-B3,2025-12-02 21:32:09,NDPS ACT SEC 8(c)/20(b)/22,1,Commercial Ganja / Cannabis,SMALL_QUANTITY,UNDER_INVESTIGATION
FIR-THE-2026-0443,32,Theni,PS-THE-B2,2025-05-12 17:43:45,NDPS ACT SEC 8(c)/20(b)/22,1,Commercial Ganja / Cannabis,INTERMEDIATE_QUANTITY,UNDER_INVESTIGATION
FIR-TIR-2026-0444,18,Tiruvallur,PS-TIR-B2,2025-11-30 17:26:42,NDPS ACT SEC 8(c)/20(b)/22,6,Unclassified / Suspicious Substance,INTERMEDIATE_QUANTITY,CHARGESHEET_FILED
FIR-DHA-2026-0445,22,Dharmapuri,PS-DHA-B1,2025-04-07 12:58:41,NDPS ACT SEC 8(c)/20(b)/22,6,Unclassified / Suspicious Substance,INTERMEDIATE_QUANTITY,CHARGESHEET_FILED
FIR-PER-2026-0446,27,Perambalur,PS-PER-B1,2024-10-01 17:53:39,NDPS ACT SEC 8(c)/20(b)/22,2,Synthetic Stimulants / MDMA / Meth,INTERMEDIATE_QUANTITY,CHARGESHEET_FILED
FIR-NIL-2026-0447,24,Nilgiris,PS-NIL-B2,2025-08-18 02:44:00,NDPS ACT SEC 8(c)/20(b)/22,1,Commercial Ganja / Cannabis,INTERMEDIATE_QUANTITY,CHARGESHEET_FILED
FIR-TIR-2026-0448,38,Tiruvannamalai,PS-TIR-B2,2025-01-19 08:35:18,NDPS ACT SEC 8(c)/20(b)/22,1,Commercial Ganja / Cannabis,INTERMEDIATE_QUANTITY,UNDER_INVESTIGATION
FIR-NAG-2026-0449,34,Nagapattinam,PS-NAG-B1,2025-04-26 06:22:54,NDPS ACT SEC 8(c)/20(b)/22,4,Chemical Precursors / Ephedrine,COMMERCIAL_QUANTITY,UNDER_INVESTIGATION
FIR-TIR-2026-0450,37,Tirupathur,PS-TIR-B2,2024-11-13 22:31:43,NDPS ACT SEC 8(c)/20(b)/22,5,Opioid Analogues / Brown Sugar / Heroin,COMMERCIAL_QUANTITY,CHARGESHEET_FILED
FIR-CHE-2026-0451,1,Chennai,PS-CHE-B4,2025-09-11 04:05:47,NDPS ACT SEC 8(c)/20(b)/22,1,Commercial Ganja / Cannabis,INTERMEDIATE_QUANTITY,CHARGESHEET_FILED
FIR-TIR-2026-0452,37,Tirupathur,PS-TIR-B1,2025-01-18 15:07:13,NDPS ACT SEC 8(c)/20(b)/22,4,Chemical Precursors / Ephedrine,SMALL_QUANTITY,PENDING_TRIAL
FIR-SAL-2026-0453,4,Salem,PS-SAL-B2,2026-01-10 08:14:22,NDPS ACT SEC 8(c)/20(b)/22,2,Synthetic Stimulants / MDMA / Meth,INTERMEDIATE_QUANTITY,CHARGESHEET_FILED
FIR-NAG-2026-0454,34,Nagapattinam,PS-NAG-B3,2024-12-26 08:36:22,NDPS ACT SEC 8(c)/20(b)/22,1,Commercial Ganja / Cannabis,SMALL_QUANTITY,UNDER_INVESTIGATION
FIR-THO-2026-0455,13,Thoothukudi,PS-THO-B2,2025-04-27 21:03:27,NDPS ACT SEC 8(c)/20(b)/22,5,Opioid Analogues / Brown Sugar / Heroin,COMMERCIAL_QUANTITY,UNDER_INVESTIGATION
FIR-CUD-2026-0456,19,Cuddalore,PS-CUD-B2,2025-12-21 12:25:02,NDPS ACT SEC 8(c)/20(b)/22,2,Synthetic Stimulants / MDMA / Meth,COMMERCIAL_QUANTITY,PENDING_TRIAL
FIR-SIV-2026-0457,29,Sivaganga,PS-SIV-B3,2025-02-16 21:58:44,NDPS ACT SEC 8(c)/20(b)/22,5,Opioid Analogues / Brown Sugar / Heroin,COMMERCIAL_QUANTITY,PENDING_TRIAL
FIR-ERO-2026-0458,7,Erode,PS-ERO-B4,2025-12-26 14:18:13,NDPS ACT SEC 8(c)/20(b)/22,6,Unclassified / Suspicious Substance,INTERMEDIATE_QUANTITY,UNDER_INVESTIGATION
FIR-DHA-2026-0459,22,Dharmapuri,PS-DHA-B1,2025-11-09 08:01:50,NDPS ACT SEC 8(c)/20(b)/22,2,Synthetic Stimulants / MDMA / Meth,SMALL_QUANTITY,PENDING_TRIAL
FIR-THO-2026-0460,13,Thoothukudi,PS-THO-B4,2026-06-23 19:40:37,NDPS ACT SEC 8(c)/20(b)/22,4,Chemical Precursors / Ephedrine,SMALL_QUANTITY,PENDING_TRIAL
FIR-SIV-2026-0461,29,Sivaganga,PS-SIV-B1,2026-06-30 06:13:47,NDPS ACT SEC 8(c)/20(b)/22,2,Synthetic Stimulants / MDMA / Meth,SMALL_QUANTITY,UNDER_INVESTIGATION
FIR-THE-2026-0462,32,Theni,PS-THE-B3,2025-07-17 15:36:17,NDPS ACT SEC 8(c)/20(b)/22,3,Prescription Narcotics / Codeine / Alprazolam,INTERMEDIATE_QUANTITY,PENDING_TRIAL
FIR-THE-2026-0463,32,Theni,PS-THE-B1,2026-08-04 23:37:26,NDPS ACT SEC 8(c)/20(b)/22,2,Synthetic Stimulants / MDMA / Meth,COMMERCIAL_QUANTITY,UNDER_INVESTIGATION
FIR-VIL-2026-0464,20,Viluppuram,PS-VIL-B3,2025-05-24 14:01:22,NDPS ACT SEC 8(c)/20(b)/22,6,Unclassified / Suspicious Substance,INTERMEDIATE_QUANTITY,UNDER_INVESTIGATION
FIR-KAN-2026-0465,14,Kanniyakumari,PS-KAN-B2,2026-03-08 02:03:52,NDPS ACT SEC 8(c)/20(b)/22,5,Opioid Analogues / Brown Sugar / Heroin,INTERMEDIATE_QUANTITY,CHARGESHEET_FILED
FIR-TEN-2026-0466,15,Tenkasi,PS-TEN-B4,2025-12-18 06:08:30,NDPS ACT SEC 8(c)/20(b)/22,3,Prescription Narcotics / Codeine / Alprazolam,COMMERCIAL_QUANTITY,UNDER_INVESTIGATION
FIR-ERO-2026-0467,7,Erode,PS-ERO-B4,2025-02-08 20:24:19,NDPS ACT SEC 8(c)/20(b)/22,3,Prescription Narcotics / Codeine / Alprazolam,SMALL_QUANTITY,UNDER_INVESTIGATION
FIR-TIR-2026-0468,6,Tirunelveli,PS-TIR-B1,2024-11-05 01:40:36,NDPS ACT SEC 8(c)/20(b)/22,6,Unclassified / Suspicious Substance,INTERMEDIATE_QUANTITY,UNDER_INVESTIGATION
FIR-MAD-2026-0469,3,Madurai,PS-MAD-B3,2025-12-10 19:33:23,NDPS ACT SEC 8(c)/20(b)/22,5,Opioid Analogues / Brown Sugar / Heroin,SMALL_QUANTITY,PENDING_TRIAL
FIR-SAL-2026-0470,4,Salem,PS-SAL-B4,2026-02-24 00:50:42,NDPS ACT SEC 8(c)/20(b)/22,3,Prescription Narcotics / Codeine / Alprazolam,INTERMEDIATE_QUANTITY,CHARGESHEET_FILED
FIR-THA-2026-0471,12,Thanjavur,PS-THA-B2,2026-08-17 06:00:15,NDPS ACT SEC 8(c)/20(b)/22,1,Commercial Ganja / Cannabis,INTERMEDIATE_QUANTITY,CHARGESHEET_FILED
FIR-RAN-2026-0472,36,Ranipet,PS-RAN-B2,2026-08-02 04:32:00,NDPS ACT SEC 8(c)/20(b)/22,2,Synthetic Stimulants / MDMA / Meth,COMMERCIAL_QUANTITY,PENDING_TRIAL
FIR-THA-2026-0473,12,Thanjavur,PS-THA-B3,2025-09-21 14:55:26,NDPS ACT SEC 8(c)/20(b)/22,5,Opioid Analogues / Brown Sugar / Heroin,INTERMEDIATE_QUANTITY,PENDING_TRIAL
FIR-KAN-2026-0474,14,Kanniyakumari,PS-KAN-B3,2025-02-24 03:31:04,NDPS ACT SEC 8(c)/20(b)/22,6,Unclassified / Suspicious Substance,INTERMEDIATE_QUANTITY,CHARGESHEET_FILED
FIR-THA-2026-0475,12,Thanjavur,PS-THA-B1,2025-08-05 03:02:22,NDPS ACT SEC 8(c)/20(b)/22,1,Commercial Ganja / Cannabis,SMALL_QUANTITY,CHARGESHEET_FILED
FIR-TIR-2026-0476,6,Tirunelveli,PS-TIR-B3,2025-05-26 17:21:59,NDPS ACT SEC 8(c)/20(b)/22,5,Opioid Analogues / Brown Sugar / Heroin,SMALL_QUANTITY,PENDING_TRIAL
FIR-KAL-2026-0477,21,Kallakurichi,PS-KAL-B2,2026-07-17 06:40:33,NDPS ACT SEC 8(c)/20(b)/22,3,Prescription Narcotics / Codeine / Alprazolam,INTERMEDIATE_QUANTITY,PENDING_TRIAL
FIR-SIV-2026-0478,29,Sivaganga,PS-SIV-B1,2024-10-12 10:51:00,NDPS ACT SEC 8(c)/20(b)/22,1,Commercial Ganja / Cannabis,INTERMEDIATE_QUANTITY,CHARGESHEET_FILED
FIR-KRI-2026-0479,10,Krishnagiri,PS-KRI-B3,2024-10-29 15:27:22,NDPS ACT SEC 8(c)/20(b)/22,5,Opioid Analogues / Brown Sugar / Heroin,INTERMEDIATE_QUANTITY,UNDER_INVESTIGATION
FIR-MAY-2026-0480,35,Mayiladuthurai,PS-MAY-B2,2025-04-28 12:25:02,NDPS ACT SEC 8(c)/20(b)/22,5,Opioid Analogues / Brown Sugar / Heroin,INTERMEDIATE_QUANTITY,PENDING_TRIAL
FIR-THE-2026-0481,32,Theni,PS-THE-B4,2026-03-03 13:41:16,NDPS ACT SEC 8(c)/20(b)/22,5,Opioid Analogues / Brown Sugar / Heroin,COMMERCIAL_QUANTITY,UNDER_INVESTIGATION
FIR-KAL-2026-0482,21,Kallakurichi,PS-KAL-B1,2025-01-01 00:52:41,NDPS ACT SEC 8(c)/20(b)/22,2,Synthetic Stimulants / MDMA / Meth,INTERMEDIATE_QUANTITY,UNDER_INVESTIGATION
FIR-ERO-2026-0483,7,Erode,PS-ERO-B3,2026-07-14 10:40:17,NDPS ACT SEC 8(c)/20(b)/22,1,Commercial Ganja / Cannabis,SMALL_QUANTITY,CHARGESHEET_FILED
FIR-MAD-2026-0484,3,Madurai,PS-MAD-B1,2026-08-02 02:15:33,NDPS ACT SEC 8(c)/20(b)/22,4,Chemical Precursors / Ephedrine,COMMERCIAL_QUANTITY,PENDING_TRIAL
FIR-ARI-2026-0485,26,Ariyalur,PS-ARI-B2,2025-11-01 14:43:59,NDPS ACT SEC 8(c)/20(b)/22,4,Chemical Precursors / Ephedrine,SMALL_QUANTITY,UNDER_INVESTIGATION
FIR-PUD-2026-0486,28,Pudukkottai,PS-PUD-B2,2026-05-27 04:57:30,NDPS ACT SEC 8(c)/20(b)/22,6,Unclassified / Suspicious Substance,COMMERCIAL_QUANTITY,UNDER_INVESTIGATION
FIR-SIV-2026-0487,29,Sivaganga,PS-SIV-B1,2025-11-25 04:54:17,NDPS ACT SEC 8(c)/20(b)/22,1,Commercial Ganja / Cannabis,INTERMEDIATE_QUANTITY,PENDING_TRIAL
FIR-MAD-2026-0488,3,Madurai,PS-MAD-B3,2026-03-26 12:37:30,NDPS ACT SEC 8(c)/20(b)/22,1,Commercial Ganja / Cannabis,SMALL_QUANTITY,CHARGESHEET_FILED
FIR-TIR-2026-0489,8,Tiruppur,PS-TIR-B4,2025-07-02 16:21:58,NDPS ACT SEC 8(c)/20(b)/22,1,Commercial Ganja / Cannabis,SMALL_QUANTITY,PENDING_TRIAL
FIR-ARI-2026-0490,26,Ariyalur,PS-ARI-B1,2024-11-29 03:40:31,NDPS ACT SEC 8(c)/20(b)/22,6,Unclassified / Suspicious Substance,COMMERCIAL_QUANTITY,UNDER_INVESTIGATION
FIR-THO-2026-0491,13,Thoothukudi,PS-THO-B4,2025-02-24 17:33:28,NDPS ACT SEC 8(c)/20(b)/22,4,Chemical Precursors / Ephedrine,INTERMEDIATE_QUANTITY,PENDING_TRIAL
FIR-COI-2026-0492,2,Coimbatore,PS-COI-B4,2025-04-10 02:27:26,NDPS ACT SEC 8(c)/20(b)/22,3,Prescription Narcotics / Codeine / Alprazolam,INTERMEDIATE_QUANTITY,PENDING_TRIAL
FIR-VEL-2026-0493,9,Vellore,PS-VEL-B3,2025-10-15 05:10:38,NDPS ACT SEC 8(c)/20(b)/22,4,Chemical Precursors / Ephedrine,SMALL_QUANTITY,UNDER_INVESTIGATION
FIR-ARI-2026-0494,26,Ariyalur,PS-ARI-B3,2025-07-12 08:58:57,NDPS ACT SEC 8(c)/20(b)/22,4,Chemical Precursors / Ephedrine,COMMERCIAL_QUANTITY,UNDER_INVESTIGATION
FIR-PER-2026-0495,27,Perambalur,PS-PER-B2,2025-09-17 20:41:46,NDPS ACT SEC 8(c)/20(b)/22,6,Unclassified / Suspicious Substance,COMMERCIAL_QUANTITY,CHARGESHEET_FILED
FIR-SAL-2026-0496,4,Salem,PS-SAL-B2,2026-04-26 17:34:48,NDPS ACT SEC 8(c)/20(b)/22,4,Chemical Precursors / Ephedrine,COMMERCIAL_QUANTITY,CHARGESHEET_FILED
FIR-DIN-2026-0497,11,Dindigul,PS-DIN-B1,2026-01-06 11:47:46,NDPS ACT SEC 8(c)/20(b)/22,1,Commercial Ganja / Cannabis,INTERMEDIATE_QUANTITY,CHARGESHEET_FILED
FIR-NAG-2026-0498,34,Nagapattinam,PS-NAG-B1,2025-10-17 20:24:33,NDPS ACT SEC 8(c)/20(b)/22,3,Prescription Narcotics / Codeine / Alprazolam,COMMERCIAL_QUANTITY,CHARGESHEET_FILED
FIR-VIL-2026-0499,20,Viluppuram,PS-VIL-B1,2025-06-29 18:32:08,NDPS ACT SEC 8(c)/20(b)/22,6,Unclassified / Suspicious Substance,INTERMEDIATE_QUANTITY,PENDING_TRIAL
FIR-VIL-2026-0500,20,Viluppuram,PS-VIL-B4,2026-08-19 04:05:22,NDPS ACT SEC 8(c)/20(b)/22,1,Commercial Ganja / Cannabis,COMMERCIAL_QUANTITY,CHARGESHEET_FILED
FIR-TEN-2026-0501,15,Tenkasi,PS-TEN-B2,2026-06-07 19:32:49,NDPS ACT SEC 8(c)/20(b)/22,6,Unclassified / Suspicious Substance,SMALL_QUANTITY,PENDING_TRIAL
FIR-TIR-2026-0502,37,Tirupathur,PS-TIR-B2,2025-04-03 05:55:40,NDPS ACT SEC 8(c)/20(b)/22,4,Chemical Precursors / Ephedrine,SMALL_QUANTITY,CHARGESHEET_FILED
FIR-SIV-2026-0503,29,Sivaganga,PS-SIV-B2,2026-01-11 06:44:40,NDPS ACT SEC 8(c)/20(b)/22,3,Prescription Narcotics / Codeine / Alprazolam,INTERMEDIATE_QUANTITY,UNDER_INVESTIGATION
FIR-MAY-2026-0504,35,Mayiladuthurai,PS-MAY-B3,2026-01-13 20:42:12,NDPS ACT SEC 8(c)/20(b)/22,6,Unclassified / Suspicious Substance,SMALL_QUANTITY,CHARGESHEET_FILED
FIR-KAR-2026-0505,25,Karur,PS-KAR-B3,2024-09-25 17:09:20,NDPS ACT SEC 8(c)/20(b)/22,3,Prescription Narcotics / Codeine / Alprazolam,SMALL_QUANTITY,PENDING_TRIAL
FIR-MAY-2026-0506,35,Mayiladuthurai,PS-MAY-B1,2025-11-05 19:05:30,NDPS ACT SEC 8(c)/20(b)/22,3,Prescription Narcotics / Codeine / Alprazolam,SMALL_QUANTITY,UNDER_INVESTIGATION
FIR-RAM-2026-0507,30,Ramanathapuram,PS-RAM-B3,2025-06-18 13:53:32,NDPS ACT SEC 8(c)/20(b)/22,3,Prescription Narcotics / Codeine / Alprazolam,INTERMEDIATE_QUANTITY,PENDING_TRIAL
FIR-KAN-2026-0508,14,Kanniyakumari,PS-KAN-B4,2026-07-27 16:03:04,NDPS ACT SEC 8(c)/20(b)/22,6,Unclassified / Suspicious Substance,COMMERCIAL_QUANTITY,CHARGESHEET_FILED
FIR-THE-2026-0509,32,Theni,PS-THE-B2,2025-04-08 04:04:06,NDPS ACT SEC 8(c)/20(b)/22,3,Prescription Narcotics / Codeine / Alprazolam,INTERMEDIATE_QUANTITY,PENDING_TRIAL
FIR-DHA-2026-0510,22,Dharmapuri,PS-DHA-B4,2025-07-14 08:22:39,NDPS ACT SEC 8(c)/20(b)/22,3,Prescription Narcotics / Codeine / Alprazolam,INTERMEDIATE_QUANTITY,CHARGESHEET_FILED
FIR-MAY-2026-0511,35,Mayiladuthurai,PS-MAY-B3,2026-01-09 05:08:01,NDPS ACT SEC 8(c)/20(b)/22,1,Commercial Ganja / Cannabis,SMALL_QUANTITY,PENDING_TRIAL
FIR-MAY-2026-0512,35,Mayiladuthurai,PS-MAY-B4,2026-04-23 02:19:32,NDPS ACT SEC 8(c)/20(b)/22,2,Synthetic Stimulants / MDMA / Meth,SMALL_QUANTITY,PENDING_TRIAL
FIR-ARI-2026-0513,26,Ariyalur,PS-ARI-B2,2025-12-18 14:27:42,NDPS ACT SEC 8(c)/20(b)/22,5,Opioid Analogues / Brown Sugar / Heroin,COMMERCIAL_QUANTITY,UNDER_INVESTIGATION
FIR-KRI-2026-0514,10,Krishnagiri,PS-KRI-B4,2025-07-18 18:27:35,NDPS ACT SEC 8(c)/20(b)/22,1,Commercial Ganja / Cannabis,INTERMEDIATE_QUANTITY,PENDING_TRIAL
FIR-VIL-2026-0515,20,Viluppuram,PS-VIL-B2,2026-05-14 07:45:09,NDPS ACT SEC 8(c)/20(b)/22,2,Synthetic Stimulants / MDMA / Meth,SMALL_QUANTITY,PENDING_TRIAL
FIR-NAM-2026-0516,23,Namakkal,PS-NAM-B1,2026-02-23 23:53:57,NDPS ACT SEC 8(c)/20(b)/22,4,Chemical Precursors / Ephedrine,SMALL_QUANTITY,UNDER_INVESTIGATION
FIR-TIR-2026-0517,38,Tiruvannamalai,PS-TIR-B2,2024-10-12 23:26:58,NDPS ACT SEC 8(c)/20(b)/22,3,Prescription Narcotics / Codeine / Alprazolam,COMMERCIAL_QUANTITY,PENDING_TRIAL
FIR-NAG-2026-0518,34,Nagapattinam,PS-NAG-B1,2025-12-19 18:14:35,NDPS ACT SEC 8(c)/20(b)/22,6,Unclassified / Suspicious Substance,SMALL_QUANTITY,UNDER_INVESTIGATION
FIR-CUD-2026-0519,19,Cuddalore,PS-CUD-B4,2025-03-18 05:56:32,NDPS ACT SEC 8(c)/20(b)/22,1,Commercial Ganja / Cannabis,SMALL_QUANTITY,CHARGESHEET_FILED
FIR-KRI-2026-0520,10,Krishnagiri,PS-KRI-B1,2025-12-03 21:38:48,NDPS ACT SEC 8(c)/20(b)/22,5,Opioid Analogues / Brown Sugar / Heroin,INTERMEDIATE_QUANTITY,PENDING_TRIAL
FIR-TIR-2026-0521,5,Tiruchirappalli,PS-TIR-B1,2025-10-23 08:35:42,NDPS ACT SEC 8(c)/20(b)/22,1,Commercial Ganja / Cannabis,INTERMEDIATE_QUANTITY,UNDER_INVESTIGATION
FIR-THI-2026-0522,33,Thiruvarur,PS-THI-B3,2025-12-20 11:22:44,NDPS ACT SEC 8(c)/20(b)/22,2,Synthetic Stimulants / MDMA / Meth,SMALL_QUANTITY,UNDER_INVESTIGATION
FIR-TIR-2026-0523,37,Tirupathur,PS-TIR-B3,2025-10-17 21:23:59,NDPS ACT SEC 8(c)/20(b)/22,1,Commercial Ganja / Cannabis,SMALL_QUANTITY,PENDING_TRIAL
FIR-CUD-2026-0524,19,Cuddalore,PS-CUD-B4,2025-10-29 14:51:06,NDPS ACT SEC 8(c)/20(b)/22,3,Prescription Narcotics / Codeine / Alprazolam,SMALL_QUANTITY,CHARGESHEET_FILED
FIR-CHE-2026-0525,17,Chengalpattu,PS-CHE-B2,2025-08-15 10:44:43,NDPS ACT SEC 8(c)/20(b)/22,6,Unclassified / Suspicious Substance,SMALL_QUANTITY,CHARGESHEET_FILED
FIR-PER-2026-0526,27,Perambalur,PS-PER-B1,2025-11-29 04:30:52,NDPS ACT SEC 8(c)/20(b)/22,1,Commercial Ganja / Cannabis,COMMERCIAL_QUANTITY,CHARGESHEET_FILED
FIR-SAL-2026-0527,4,Salem,PS-SAL-B3,2025-06-19 18:21:40,NDPS ACT SEC 8(c)/20(b)/22,1,Commercial Ganja / Cannabis,INTERMEDIATE_QUANTITY,CHARGESHEET_FILED
FIR-KAN-2026-0528,14,Kanniyakumari,PS-KAN-B3,2024-12-19 17:41:25,NDPS ACT SEC 8(c)/20(b)/22,6,Unclassified / Suspicious Substance,COMMERCIAL_QUANTITY,UNDER_INVESTIGATION
FIR-ARI-2026-0529,26,Ariyalur,PS-ARI-B3,2025-04-21 20:13:08,NDPS ACT SEC 8(c)/20(b)/22,2,Synthetic Stimulants / MDMA / Meth,INTERMEDIATE_QUANTITY,CHARGESHEET_FILED
FIR-KAL-2026-0530,21,Kallakurichi,PS-KAL-B3,2025-12-31 21:58:09,NDPS ACT SEC 8(c)/20(b)/22,3,Prescription Narcotics / Codeine / Alprazolam,SMALL_QUANTITY,CHARGESHEET_FILED
FIR-THI-2026-0531,33,Thiruvarur,PS-THI-B4,2025-12-21 15:58:27,NDPS ACT SEC 8(c)/20(b)/22,4,Chemical Precursors / Ephedrine,COMMERCIAL_QUANTITY,PENDING_TRIAL
FIR-CHE-2026-0532,17,Chengalpattu,PS-CHE-B1,2025-05-02 14:14:40,NDPS ACT SEC 8(c)/20(b)/22,6,Unclassified / Suspicious Substance,INTERMEDIATE_QUANTITY,CHARGESHEET_FILED
FIR-COI-2026-0533,2,Coimbatore,PS-COI-B1,2026-04-04 07:38:09,NDPS ACT SEC 8(c)/20(b)/22,1,Commercial Ganja / Cannabis,COMMERCIAL_QUANTITY,CHARGESHEET_FILED
FIR-THA-2026-0534,12,Thanjavur,PS-THA-B4,2026-06-27 02:56:29,NDPS ACT SEC 8(c)/20(b)/22,5,Opioid Analogues / Brown Sugar / Heroin,COMMERCIAL_QUANTITY,PENDING_TRIAL
FIR-NIL-2026-0535,24,Nilgiris,PS-NIL-B2,2024-12-15 02:25:05,NDPS ACT SEC 8(c)/20(b)/22,5,Opioid Analogues / Brown Sugar / Heroin,INTERMEDIATE_QUANTITY,CHARGESHEET_FILED
FIR-KAN-2026-0536,16,Kancheepuram,PS-KAN-B1,2025-06-26 22:22:44,NDPS ACT SEC 8(c)/20(b)/22,3,Prescription Narcotics / Codeine / Alprazolam,COMMERCIAL_QUANTITY,UNDER_INVESTIGATION
FIR-KAN-2026-0537,14,Kanniyakumari,PS-KAN-B1,2026-05-03 06:14:55,NDPS ACT SEC 8(c)/20(b)/22,6,Unclassified / Suspicious Substance,COMMERCIAL_QUANTITY,PENDING_TRIAL
FIR-THI-2026-0538,33,Thiruvarur,PS-THI-B4,2025-05-29 18:24:02,NDPS ACT SEC 8(c)/20(b)/22,6,Unclassified / Suspicious Substance,INTERMEDIATE_QUANTITY,UNDER_INVESTIGATION
FIR-VIL-2026-0539,20,Viluppuram,PS-VIL-B2,2026-08-11 10:29:19,NDPS ACT SEC 8(c)/20(b)/22,1,Commercial Ganja / Cannabis,INTERMEDIATE_QUANTITY,UNDER_INVESTIGATION
FIR-CUD-2026-0540,19,Cuddalore,PS-CUD-B1,2025-02-23 03:52:03,NDPS ACT SEC 8(c)/20(b)/22,4,Chemical Precursors / Ephedrine,INTERMEDIATE_QUANTITY,CHARGESHEET_FILED
FIR-VEL-2026-0541,9,Vellore,PS-VEL-B1,2025-07-05 08:17:33,NDPS ACT SEC 8(c)/20(b)/22,1,Commercial Ganja / Cannabis,SMALL_QUANTITY,UNDER_INVESTIGATION
FIR-THO-2026-0542,13,Thoothukudi,PS-THO-B2,2025-12-16 01:48:35,NDPS ACT SEC 8(c)/20(b)/22,1,Commercial Ganja / Cannabis,COMMERCIAL_QUANTITY,UNDER_INVESTIGATION
FIR-MAD-2026-0543,3,Madurai,PS-MAD-B4,2025-04-21 23:58:40,NDPS ACT SEC 8(c)/20(b)/22,6,Unclassified / Suspicious Substance,COMMERCIAL_QUANTITY,PENDING_TRIAL
FIR-CHE-2026-0544,1,Chennai,PS-CHE-B3,2026-01-26 02:30:19,NDPS ACT SEC 8(c)/20(b)/22,2,Synthetic Stimulants / MDMA / Meth,INTERMEDIATE_QUANTITY,CHARGESHEET_FILED
FIR-SAL-2026-0545,4,Salem,PS-SAL-B1,2026-07-10 02:28:39,NDPS ACT SEC 8(c)/20(b)/22,2,Synthetic Stimulants / MDMA / Meth,COMMERCIAL_QUANTITY,UNDER_INVESTIGATION
FIR-CHE-2026-0546,17,Chengalpattu,PS-CHE-B3,2026-08-06 16:06:32,NDPS ACT SEC 8(c)/20(b)/22,4,Chemical Precursors / Ephedrine,INTERMEDIATE_QUANTITY,CHARGESHEET_FILED
FIR-PUD-2026-0547,28,Pudukkottai,PS-PUD-B4,2025-03-01 07:49:36,NDPS ACT SEC 8(c)/20(b)/22,1,Commercial Ganja / Cannabis,INTERMEDIATE_QUANTITY,UNDER_INVESTIGATION
FIR-TIR-2026-0548,8,Tiruppur,PS-TIR-B2,2026-02-13 03:43:14,NDPS ACT SEC 8(c)/20(b)/22,6,Unclassified / Suspicious Substance,SMALL_QUANTITY,UNDER_INVESTIGATION
FIR-DIN-2026-0549,11,Dindigul,PS-DIN-B4,2025-11-12 01:23:46,NDPS ACT SEC 8(c)/20(b)/22,5,Opioid Analogues / Brown Sugar / Heroin,INTERMEDIATE_QUANTITY,PENDING_TRIAL
FIR-SAL-2026-0550,4,Salem,PS-SAL-B2,2025-12-24 02:02:58,NDPS ACT SEC 8(c)/20(b)/22,3,Prescription Narcotics / Codeine / Alprazolam,SMALL_QUANTITY,CHARGESHEET_FILED
FIR-TIR-2026-0551,6,Tirunelveli,PS-TIR-B1,2025-03-12 07:14:16,NDPS ACT SEC 8(c)/20(b)/22,5,Opioid Analogues / Brown Sugar / Heroin,SMALL_QUANTITY,CHARGESHEET_FILED
FIR-KAL-2026-0552,21,Kallakurichi,PS-KAL-B3,2026-03-25 15:57:42,NDPS ACT SEC 8(c)/20(b)/22,4,Chemical Precursors / Ephedrine,COMMERCIAL_QUANTITY,PENDING_TRIAL
FIR-THA-2026-0553,12,Thanjavur,PS-THA-B2,2025-09-09 17:51:41,NDPS ACT SEC 8(c)/20(b)/22,1,Commercial Ganja / Cannabis,COMMERCIAL_QUANTITY,PENDING_TRIAL
FIR-THA-2026-0554,12,Thanjavur,PS-THA-B4,2025-05-05 21:22:40,NDPS ACT SEC 8(c)/20(b)/22,4,Chemical Precursors / Ephedrine,SMALL_QUANTITY,UNDER_INVESTIGATION
FIR-DIN-2026-0555,11,Dindigul,PS-DIN-B3,2026-02-21 01:16:33,NDPS ACT SEC 8(c)/20(b)/22,5,Opioid Analogues / Brown Sugar / Heroin,COMMERCIAL_QUANTITY,PENDING_TRIAL
FIR-CUD-2026-0556,19,Cuddalore,PS-CUD-B2,2026-01-23 05:33:13,NDPS ACT SEC 8(c)/20(b)/22,2,Synthetic Stimulants / MDMA / Meth,SMALL_QUANTITY,PENDING_TRIAL
FIR-MAD-2026-0557,3,Madurai,PS-MAD-B4,2026-07-03 17:27:26,NDPS ACT SEC 8(c)/20(b)/22,6,Unclassified / Suspicious Substance,COMMERCIAL_QUANTITY,UNDER_INVESTIGATION
FIR-NIL-2026-0558,24,Nilgiris,PS-NIL-B1,2026-05-16 07:39:55,NDPS ACT SEC 8(c)/20(b)/22,4,Chemical Precursors / Ephedrine,SMALL_QUANTITY,PENDING_TRIAL
FIR-THO-2026-0559,13,Thoothukudi,PS-THO-B4,2025-04-19 10:17:19,NDPS ACT SEC 8(c)/20(b)/22,6,Unclassified / Suspicious Substance,INTERMEDIATE_QUANTITY,UNDER_INVESTIGATION
FIR-ARI-2026-0560,26,Ariyalur,PS-ARI-B1,2025-10-06 20:20:24,NDPS ACT SEC 8(c)/20(b)/22,1,Commercial Ganja / Cannabis,SMALL_QUANTITY,PENDING_TRIAL
FIR-COI-2026-0561,2,Coimbatore,PS-COI-B2,2025-06-06 22:06:21,NDPS ACT SEC 8(c)/20(b)/22,1,Commercial Ganja / Cannabis,COMMERCIAL_QUANTITY,UNDER_INVESTIGATION
FIR-COI-2026-0562,2,Coimbatore,PS-COI-B2,2026-01-12 07:02:32,NDPS ACT SEC 8(c)/20(b)/22,3,Prescription Narcotics / Codeine / Alprazolam,COMMERCIAL_QUANTITY,PENDING_TRIAL
FIR-VIR-2026-0563,31,Virudhunagar,PS-VIR-B2,2025-11-10 15:55:26,NDPS ACT SEC 8(c)/20(b)/22,5,Opioid Analogues / Brown Sugar / Heroin,COMMERCIAL_QUANTITY,UNDER_INVESTIGATION
FIR-KAN-2026-0564,16,Kancheepuram,PS-KAN-B1,2026-06-09 07:46:16,NDPS ACT SEC 8(c)/20(b)/22,6,Unclassified / Suspicious Substance,INTERMEDIATE_QUANTITY,UNDER_INVESTIGATION
FIR-KRI-2026-0565,10,Krishnagiri,PS-KRI-B1,2025-11-30 22:40:48,NDPS ACT SEC 8(c)/20(b)/22,5,Opioid Analogues / Brown Sugar / Heroin,COMMERCIAL_QUANTITY,UNDER_INVESTIGATION
FIR-THI-2026-0566,33,Thiruvarur,PS-THI-B4,2024-12-13 19:51:58,NDPS ACT SEC 8(c)/20(b)/22,1,Commercial Ganja / Cannabis,INTERMEDIATE_QUANTITY,UNDER_INVESTIGATION
FIR-TIR-2026-0567,5,Tiruchirappalli,PS-TIR-B3,2025-02-16 16:03:19,NDPS ACT SEC 8(c)/20(b)/22,6,Unclassified / Suspicious Substance,COMMERCIAL_QUANTITY,UNDER_INVESTIGATION
FIR-SIV-2026-0568,29,Sivaganga,PS-SIV-B2,2025-03-11 20:27:45,NDPS ACT SEC 8(c)/20(b)/22,6,Unclassified / Suspicious Substance,INTERMEDIATE_QUANTITY,CHARGESHEET_FILED
FIR-PUD-2026-0569,28,Pudukkottai,PS-PUD-B2,2026-05-30 03:04:30,NDPS ACT SEC 8(c)/20(b)/22,3,Prescription Narcotics / Codeine / Alprazolam,SMALL_QUANTITY,CHARGESHEET_FILED
FIR-TIR-2026-0570,38,Tiruvannamalai,PS-TIR-B3,2025-10-14 12:33:08,NDPS ACT SEC 8(c)/20(b)/22,6,Unclassified / Suspicious Substance,SMALL_QUANTITY,CHARGESHEET_FILED
FIR-NIL-2026-0571,24,Nilgiris,PS-NIL-B3,2025-04-23 09:11:31,NDPS ACT SEC 8(c)/20(b)/22,3,Prescription Narcotics / Codeine / Alprazolam,SMALL_QUANTITY,UNDER_INVESTIGATION
FIR-PUD-2026-0572,28,Pudukkottai,PS-PUD-B3,2025-01-26 04:53:36,NDPS ACT SEC 8(c)/20(b)/22,4,Chemical Precursors / Ephedrine,SMALL_QUANTITY,PENDING_TRIAL
FIR-THO-2026-0573,13,Thoothukudi,PS-THO-B4,2026-05-30 08:09:42,NDPS ACT SEC 8(c)/20(b)/22,6,Unclassified / Suspicious Substance,SMALL_QUANTITY,UNDER_INVESTIGATION
FIR-KAN-2026-0574,16,Kancheepuram,PS-KAN-B3,2026-06-30 18:54:11,NDPS ACT SEC 8(c)/20(b)/22,6,Unclassified / Suspicious Substance,COMMERCIAL_QUANTITY,PENDING_TRIAL
FIR-CUD-2026-0575,19,Cuddalore,PS-CUD-B2,2025-01-30 01:49:11,NDPS ACT SEC 8(c)/20(b)/22,5,Opioid Analogues / Brown Sugar / Heroin,INTERMEDIATE_QUANTITY,CHARGESHEET_FILED
FIR-CHE-2026-0576,1,Chennai,PS-CHE-B3,2025-04-05 14:05:10,NDPS ACT SEC 8(c)/20(b)/22,4,Chemical Precursors / Ephedrine,INTERMEDIATE_QUANTITY,CHARGESHEET_FILED
FIR-NAG-2026-0577,34,Nagapattinam,PS-NAG-B3,2025-01-21 11:25:59,NDPS ACT SEC 8(c)/20(b)/22,3,Prescription Narcotics / Codeine / Alprazolam,COMMERCIAL_QUANTITY,CHARGESHEET_FILED
FIR-TIR-2026-0578,8,Tiruppur,PS-TIR-B1,2025-06-10 23:28:41,NDPS ACT SEC 8(c)/20(b)/22,1,Commercial Ganja / Cannabis,SMALL_QUANTITY,CHARGESHEET_FILED
FIR-TIR-2026-0579,5,Tiruchirappalli,PS-TIR-B2,2026-03-31 18:48:17,NDPS ACT SEC 8(c)/20(b)/22,6,Unclassified / Suspicious Substance,INTERMEDIATE_QUANTITY,PENDING_TRIAL
FIR-MAD-2026-0580,3,Madurai,PS-MAD-B2,2024-12-25 12:46:46,NDPS ACT SEC 8(c)/20(b)/22,2,Synthetic Stimulants / MDMA / Meth,INTERMEDIATE_QUANTITY,PENDING_TRIAL
FIR-ERO-2026-0581,7,Erode,PS-ERO-B3,2025-12-08 06:10:52,NDPS ACT SEC 8(c)/20(b)/22,5,Opioid Analogues / Brown Sugar / Heroin,SMALL_QUANTITY,CHARGESHEET_FILED
FIR-TIR-2026-0582,5,Tiruchirappalli,PS-TIR-B4,2024-11-22 04:29:55,NDPS ACT SEC 8(c)/20(b)/22,6,Unclassified / Suspicious Substance,COMMERCIAL_QUANTITY,CHARGESHEET_FILED
FIR-TIR-2026-0583,37,Tirupathur,PS-TIR-B1,2026-03-26 21:46:06,NDPS ACT SEC 8(c)/20(b)/22,4,Chemical Precursors / Ephedrine,SMALL_QUANTITY,CHARGESHEET_FILED
FIR-VEL-2026-0584,9,Vellore,PS-VEL-B3,2025-06-28 07:14:11,NDPS ACT SEC 8(c)/20(b)/22,1,Commercial Ganja / Cannabis,SMALL_QUANTITY,PENDING_TRIAL
FIR-THO-2026-0585,13,Thoothukudi,PS-THO-B3,2025-08-15 07:28:24,NDPS ACT SEC 8(c)/20(b)/22,6,Unclassified / Suspicious Substance,INTERMEDIATE_QUANTITY,PENDING_TRIAL
FIR-PER-2026-0586,27,Perambalur,PS-PER-B4,2025-10-18 02:32:03,NDPS ACT SEC 8(c)/20(b)/22,6,Unclassified / Suspicious Substance,SMALL_QUANTITY,UNDER_INVESTIGATION
FIR-SIV-2026-0587,29,Sivaganga,PS-SIV-B2,2024-12-04 15:45:35,NDPS ACT SEC 8(c)/20(b)/22,1,Commercial Ganja / Cannabis,SMALL_QUANTITY,CHARGESHEET_FILED
FIR-NIL-2026-0588,24,Nilgiris,PS-NIL-B4,2026-02-26 22:21:30,NDPS ACT SEC 8(c)/20(b)/22,4,Chemical Precursors / Ephedrine,COMMERCIAL_QUANTITY,UNDER_INVESTIGATION
FIR-PUD-2026-0589,28,Pudukkottai,PS-PUD-B4,2025-05-15 14:21:37,NDPS ACT SEC 8(c)/20(b)/22,2,Synthetic Stimulants / MDMA / Meth,COMMERCIAL_QUANTITY,PENDING_TRIAL
FIR-KAN-2026-0590,16,Kancheepuram,PS-KAN-B3,2025-07-06 06:53:16,NDPS ACT SEC 8(c)/20(b)/22,1,Commercial Ganja / Cannabis,COMMERCIAL_QUANTITY,CHARGESHEET_FILED
FIR-TIR-2026-0591,37,Tirupathur,PS-TIR-B1,2025-05-19 19:18:00,NDPS ACT SEC 8(c)/20(b)/22,4,Chemical Precursors / Ephedrine,INTERMEDIATE_QUANTITY,UNDER_INVESTIGATION
FIR-MAD-2026-0592,3,Madurai,PS-MAD-B4,2024-11-13 03:10:55,NDPS ACT SEC 8(c)/20(b)/22,5,Opioid Analogues / Brown Sugar / Heroin,INTERMEDIATE_QUANTITY,CHARGESHEET_FILED
FIR-NAG-2026-0593,34,Nagapattinam,PS-NAG-B2,2025-10-13 23:54:21,NDPS ACT SEC 8(c)/20(b)/22,5,Opioid Analogues / Brown Sugar / Heroin,COMMERCIAL_QUANTITY,CHARGESHEET_FILED
FIR-THA-2026-0594,12,Thanjavur,PS-THA-B1,2025-03-21 10:43:00,NDPS ACT SEC 8(c)/20(b)/22,2,Synthetic Stimulants / MDMA / Meth,COMMERCIAL_QUANTITY,UNDER_INVESTIGATION
FIR-TEN-2026-0595,15,Tenkasi,PS-TEN-B1,2025-08-26 21:04:04,NDPS ACT SEC 8(c)/20(b)/22,3,Prescription Narcotics / Codeine / Alprazolam,COMMERCIAL_QUANTITY,UNDER_INVESTIGATION
FIR-VIR-2026-0596,31,Virudhunagar,PS-VIR-B3,2024-10-15 18:05:47,NDPS ACT SEC 8(c)/20(b)/22,4,Chemical Precursors / Ephedrine,SMALL_QUANTITY,CHARGESHEET_FILED
FIR-CHE-2026-0597,1,Chennai,PS-CHE-B2,2025-05-27 00:00:05,NDPS ACT SEC 8(c)/20(b)/22,5,Opioid Analogues / Brown Sugar / Heroin,COMMERCIAL_QUANTITY,PENDING_TRIAL
FIR-NAG-2026-0598,34,Nagapattinam,PS-NAG-B2,2025-01-06 15:43:15,NDPS ACT SEC 8(c)/20(b)/22,2,Synthetic Stimulants / MDMA / Meth,INTERMEDIATE_QUANTITY,UNDER_INVESTIGATION
FIR-DHA-2026-0599,22,Dharmapuri,PS-DHA-B4,2026-04-10 03:08:04,NDPS ACT SEC 8(c)/20(b)/22,6,Unclassified / Suspicious Substance,INTERMEDIATE_QUANTITY,CHARGESHEET_FILED
FIR-TIR-2026-0600,6,Tirunelveli,PS-TIR-B3,2025-11-16 03:54:00,NDPS ACT SEC 8(c)/20(b)/22,6,Unclassified / Suspicious Substance,INTERMEDIATE_QUANTITY,PENDING_TRIAL
FIR-THI-2026-0601,33,Thiruvarur,PS-THI-B2,2026-07-17 10:15:17,NDPS ACT SEC 8(c)/20(b)/22,6,Unclassified / Suspicious Substance,SMALL_QUANTITY,PENDING_TRIAL
FIR-TIR-2026-0602,8,Tiruppur,PS-TIR-B3,2025-02-17 05:31:59,NDPS ACT SEC 8(c)/20(b)/22,3,Prescription Narcotics / Codeine / Alprazolam,INTERMEDIATE_QUANTITY,UNDER_INVESTIGATION
FIR-CUD-2026-0603,19,Cuddalore,PS-CUD-B1,2025-08-20 05:01:04,NDPS ACT SEC 8(c)/20(b)/22,5,Opioid Analogues / Brown Sugar / Heroin,SMALL_QUANTITY,CHARGESHEET_FILED
FIR-PUD-2026-0604,28,Pudukkottai,PS-PUD-B3,2025-04-18 01:49:28,NDPS ACT SEC 8(c)/20(b)/22,2,Synthetic Stimulants / MDMA / Meth,SMALL_QUANTITY,PENDING_TRIAL
FIR-TIR-2026-0605,38,Tiruvannamalai,PS-TIR-B2,2026-02-19 04:37:17,NDPS ACT SEC 8(c)/20(b)/22,1,Commercial Ganja / Cannabis,SMALL_QUANTITY,CHARGESHEET_FILED
FIR-SAL-2026-0606,4,Salem,PS-SAL-B1,2026-03-08 11:11:53,NDPS ACT SEC 8(c)/20(b)/22,4,Chemical Precursors / Ephedrine,INTERMEDIATE_QUANTITY,PENDING_TRIAL
FIR-TEN-2026-0607,15,Tenkasi,PS-TEN-B1,2025-10-21 14:24:32,NDPS ACT SEC 8(c)/20(b)/22,5,Opioid Analogues / Brown Sugar / Heroin,SMALL_QUANTITY,UNDER_INVESTIGATION
FIR-SAL-2026-0608,4,Salem,PS-SAL-B3,2024-09-21 23:38:38,NDPS ACT SEC 8(c)/20(b)/22,1,Commercial Ganja / Cannabis,COMMERCIAL_QUANTITY,CHARGESHEET_FILED
FIR-COI-2026-0609,2,Coimbatore,PS-COI-B4,2026-05-17 00:13:44,NDPS ACT SEC 8(c)/20(b)/22,1,Commercial Ganja / Cannabis,INTERMEDIATE_QUANTITY,CHARGESHEET_FILED
FIR-TIR-2026-0610,18,Tiruvallur,PS-TIR-B1,2026-01-17 13:39:54,NDPS ACT SEC 8(c)/20(b)/22,4,Chemical Precursors / Ephedrine,COMMERCIAL_QUANTITY,CHARGESHEET_FILED
FIR-MAD-2026-0611,3,Madurai,PS-MAD-B1,2024-10-12 09:23:51,NDPS ACT SEC 8(c)/20(b)/22,4,Chemical Precursors / Ephedrine,COMMERCIAL_QUANTITY,CHARGESHEET_FILED
FIR-VIR-2026-0612,31,Virudhunagar,PS-VIR-B3,2025-07-29 12:17:59,NDPS ACT SEC 8(c)/20(b)/22,2,Synthetic Stimulants / MDMA / Meth,COMMERCIAL_QUANTITY,UNDER_INVESTIGATION
FIR-TIR-2026-0613,18,Tiruvallur,PS-TIR-B4,2024-10-26 08:45:17,NDPS ACT SEC 8(c)/20(b)/22,3,Prescription Narcotics / Codeine / Alprazolam,INTERMEDIATE_QUANTITY,CHARGESHEET_FILED
FIR-TIR-2026-0614,18,Tiruvallur,PS-TIR-B2,2026-06-14 21:38:49,NDPS ACT SEC 8(c)/20(b)/22,2,Synthetic Stimulants / MDMA / Meth,SMALL_QUANTITY,UNDER_INVESTIGATION
FIR-NIL-2026-0615,24,Nilgiris,PS-NIL-B1,2025-01-04 19:30:19,NDPS ACT SEC 8(c)/20(b)/22,5,Opioid Analogues / Brown Sugar / Heroin,INTERMEDIATE_QUANTITY,UNDER_INVESTIGATION
FIR-NIL-2026-0616,24,Nilgiris,PS-NIL-B1,2024-09-20 19:31:40,NDPS ACT SEC 8(c)/20(b)/22,5,Opioid Analogues / Brown Sugar / Heroin,SMALL_QUANTITY,PENDING_TRIAL
FIR-MAD-2026-0617,3,Madurai,PS-MAD-B1,2025-04-15 05:52:49,NDPS ACT SEC 8(c)/20(b)/22,3,Prescription Narcotics / Codeine / Alprazolam,INTERMEDIATE_QUANTITY,CHARGESHEET_FILED
FIR-VIL-2026-0618,20,Viluppuram,PS-VIL-B4,2025-04-25 18:47:32,NDPS ACT SEC 8(c)/20(b)/22,4,Chemical Precursors / Ephedrine,COMMERCIAL_QUANTITY,CHARGESHEET_FILED
FIR-RAN-2026-0619,36,Ranipet,PS-RAN-B2,2026-01-08 23:12:28,NDPS ACT SEC 8(c)/20(b)/22,3,Prescription Narcotics / Codeine / Alprazolam,COMMERCIAL_QUANTITY,UNDER_INVESTIGATION
FIR-RAN-2026-0620,36,Ranipet,PS-RAN-B2,2024-11-10 20:20:20,NDPS ACT SEC 8(c)/20(b)/22,6,Unclassified / Suspicious Substance,COMMERCIAL_QUANTITY,CHARGESHEET_FILED
FIR-TIR-2026-0621,18,Tiruvallur,PS-TIR-B2,2024-10-08 22:54:07,NDPS ACT SEC 8(c)/20(b)/22,3,Prescription Narcotics / Codeine / Alprazolam,SMALL_QUANTITY,UNDER_INVESTIGATION
FIR-KRI-2026-0622,10,Krishnagiri,PS-KRI-B1,2026-02-06 18:07:50,NDPS ACT SEC 8(c)/20(b)/22,1,Commercial Ganja / Cannabis,INTERMEDIATE_QUANTITY,PENDING_TRIAL
FIR-CHE-2026-0623,1,Chennai,PS-CHE-B4,2025-12-10 23:55:31,NDPS ACT SEC 8(c)/20(b)/22,6,Unclassified / Suspicious Substance,SMALL_QUANTITY,UNDER_INVESTIGATION
FIR-TIR-2026-0624,37,Tirupathur,PS-TIR-B2,2025-07-29 12:14:27,NDPS ACT SEC 8(c)/20(b)/22,5,Opioid Analogues / Brown Sugar / Heroin,INTERMEDIATE_QUANTITY,UNDER_INVESTIGATION
FIR-TIR-2026-0625,6,Tirunelveli,PS-TIR-B1,2024-12-02 11:42:35,NDPS ACT SEC 8(c)/20(b)/22,1,Commercial Ganja / Cannabis,COMMERCIAL_QUANTITY,UNDER_INVESTIGATION
FIR-SIV-2026-0626,29,Sivaganga,PS-SIV-B4,2025-10-05 07:41:14,NDPS ACT SEC 8(c)/20(b)/22,3,Prescription Narcotics / Codeine / Alprazolam,SMALL_QUANTITY,PENDING_TRIAL
FIR-CUD-2026-0627,19,Cuddalore,PS-CUD-B1,2026-01-11 21:12:25,NDPS ACT SEC 8(c)/20(b)/22,4,Chemical Precursors / Ephedrine,SMALL_QUANTITY,UNDER_INVESTIGATION
FIR-KAR-2026-0628,25,Karur,PS-KAR-B4,2025-09-06 05:34:47,NDPS ACT SEC 8(c)/20(b)/22,3,Prescription Narcotics / Codeine / Alprazolam,SMALL_QUANTITY,CHARGESHEET_FILED
FIR-MAD-2026-0629,3,Madurai,PS-MAD-B3,2025-01-06 03:40:30,NDPS ACT SEC 8(c)/20(b)/22,3,Prescription Narcotics / Codeine / Alprazolam,COMMERCIAL_QUANTITY,PENDING_TRIAL
FIR-KAR-2026-0630,25,Karur,PS-KAR-B1,2025-08-31 06:50:21,NDPS ACT SEC 8(c)/20(b)/22,4,Chemical Precursors / Ephedrine,COMMERCIAL_QUANTITY,UNDER_INVESTIGATION
FIR-VIL-2026-0631,20,Viluppuram,PS-VIL-B4,2025-02-16 21:36:43,NDPS ACT SEC 8(c)/20(b)/22,6,Unclassified / Suspicious Substance,COMMERCIAL_QUANTITY,CHARGESHEET_FILED
FIR-ERO-2026-0632,7,Erode,PS-ERO-B2,2025-11-09 05:51:42,NDPS ACT SEC 8(c)/20(b)/22,3,Prescription Narcotics / Codeine / Alprazolam,SMALL_QUANTITY,UNDER_INVESTIGATION
FIR-SIV-2026-0633,29,Sivaganga,PS-SIV-B4,2026-08-18 14:56:28,NDPS ACT SEC 8(c)/20(b)/22,1,Commercial Ganja / Cannabis,SMALL_QUANTITY,CHARGESHEET_FILED
FIR-THE-2026-0634,32,Theni,PS-THE-B3,2025-12-01 19:52:44,NDPS ACT SEC 8(c)/20(b)/22,6,Unclassified / Suspicious Substance,INTERMEDIATE_QUANTITY,UNDER_INVESTIGATION
FIR-KAL-2026-0635,21,Kallakurichi,PS-KAL-B3,2026-03-25 17:21:09,NDPS ACT SEC 8(c)/20(b)/22,5,Opioid Analogues / Brown Sugar / Heroin,INTERMEDIATE_QUANTITY,CHARGESHEET_FILED
FIR-NIL-2026-0636,24,Nilgiris,PS-NIL-B2,2026-04-28 03:09:23,NDPS ACT SEC 8(c)/20(b)/22,5,Opioid Analogues / Brown Sugar / Heroin,COMMERCIAL_QUANTITY,CHARGESHEET_FILED
FIR-CUD-2026-0637,19,Cuddalore,PS-CUD-B4,2025-01-29 09:57:06,NDPS ACT SEC 8(c)/20(b)/22,5,Opioid Analogues / Brown Sugar / Heroin,INTERMEDIATE_QUANTITY,CHARGESHEET_FILED
FIR-RAM-2026-0638,30,Ramanathapuram,PS-RAM-B1,2024-11-30 15:21:12,NDPS ACT SEC 8(c)/20(b)/22,1,Commercial Ganja / Cannabis,SMALL_QUANTITY,PENDING_TRIAL
FIR-ERO-2026-0639,7,Erode,PS-ERO-B1,2025-03-02 00:38:57,NDPS ACT SEC 8(c)/20(b)/22,3,Prescription Narcotics / Codeine / Alprazolam,INTERMEDIATE_QUANTITY,UNDER_INVESTIGATION
FIR-CHE-2026-0640,1,Chennai,PS-CHE-B3,2024-12-30 17:42:14,NDPS ACT SEC 8(c)/20(b)/22,1,Commercial Ganja / Cannabis,SMALL_QUANTITY,UNDER_INVESTIGATION
FIR-CHE-2026-0641,1,Chennai,PS-CHE-B1,2026-06-26 04:22:11,NDPS ACT SEC 8(c)/20(b)/22,2,Synthetic Stimulants / MDMA / Meth,SMALL_QUANTITY,CHARGESHEET_FILED
FIR-PER-2026-0642,27,Perambalur,PS-PER-B4,2025-03-09 04:24:52,NDPS ACT SEC 8(c)/20(b)/22,3,Prescription Narcotics / Codeine / Alprazolam,SMALL_QUANTITY,CHARGESHEET_FILED
FIR-RAN-2026-0643,36,Ranipet,PS-RAN-B2,2025-07-20 04:43:47,NDPS ACT SEC 8(c)/20(b)/22,2,Synthetic Stimulants / MDMA / Meth,SMALL_QUANTITY,CHARGESHEET_FILED
FIR-THE-2026-0644,32,Theni,PS-THE-B1,2024-12-10 13:18:09,NDPS ACT SEC 8(c)/20(b)/22,6,Unclassified / Suspicious Substance,INTERMEDIATE_QUANTITY,UNDER_INVESTIGATION
FIR-TIR-2026-0645,8,Tiruppur,PS-TIR-B2,2025-09-08 02:00:15,NDPS ACT SEC 8(c)/20(b)/22,4,Chemical Precursors / Ephedrine,INTERMEDIATE_QUANTITY,UNDER_INVESTIGATION
FIR-ERO-2026-0646,7,Erode,PS-ERO-B4,2025-09-03 16:20:00,NDPS ACT SEC 8(c)/20(b)/22,4,Chemical Precursors / Ephedrine,INTERMEDIATE_QUANTITY,PENDING_TRIAL
FIR-CUD-2026-0647,19,Cuddalore,PS-CUD-B1,2026-07-16 05:05:23,NDPS ACT SEC 8(c)/20(b)/22,6,Unclassified / Suspicious Substance,COMMERCIAL_QUANTITY,PENDING_TRIAL
FIR-KAR-2026-0648,25,Karur,PS-KAR-B3,2025-03-05 11:43:33,NDPS ACT SEC 8(c)/20(b)/22,1,Commercial Ganja / Cannabis,INTERMEDIATE_QUANTITY,UNDER_INVESTIGATION
FIR-DIN-2026-0649,11,Dindigul,PS-DIN-B3,2025-06-20 22:06:44,NDPS ACT SEC 8(c)/20(b)/22,6,Unclassified / Suspicious Substance,INTERMEDIATE_QUANTITY,UNDER_INVESTIGATION
FIR-NAG-2026-0650,34,Nagapattinam,PS-NAG-B1,2024-12-14 08:05:39,NDPS ACT SEC 8(c)/20(b)/22,4,Chemical Precursors / Ephedrine,SMALL_QUANTITY,UNDER_INVESTIGATION
FIR-TIR-2026-0651,6,Tirunelveli,PS-TIR-B4,2025-07-02 17:47:27,NDPS ACT SEC 8(c)/20(b)/22,4,Chemical Precursors / Ephedrine,SMALL_QUANTITY,UNDER_INVESTIGATION
FIR-KAL-2026-0652,21,Kallakurichi,PS-KAL-B4,2026-01-25 13:13:23,NDPS ACT SEC 8(c)/20(b)/22,2,Synthetic Stimulants / MDMA / Meth,INTERMEDIATE_QUANTITY,PENDING_TRIAL
FIR-CHE-2026-0653,17,Chengalpattu,PS-CHE-B3,2026-02-23 04:07:13,NDPS ACT SEC 8(c)/20(b)/22,4,Chemical Precursors / Ephedrine,COMMERCIAL_QUANTITY,PENDING_TRIAL
FIR-DIN-2026-0654,11,Dindigul,PS-DIN-B2,2025-03-18 01:18:41,NDPS ACT SEC 8(c)/20(b)/22,5,Opioid Analogues / Brown Sugar / Heroin,COMMERCIAL_QUANTITY,CHARGESHEET_FILED
FIR-NIL-2026-0655,24,Nilgiris,PS-NIL-B4,2025-03-22 19:35:09,NDPS ACT SEC 8(c)/20(b)/22,2,Synthetic Stimulants / MDMA / Meth,COMMERCIAL_QUANTITY,CHARGESHEET_FILED
FIR-KAR-2026-0656,25,Karur,PS-KAR-B1,2024-09-27 20:43:33,NDPS ACT SEC 8(c)/20(b)/22,4,Chemical Precursors / Ephedrine,COMMERCIAL_QUANTITY,PENDING_TRIAL
FIR-ARI-2026-0657,26,Ariyalur,PS-ARI-B1,2025-06-22 09:13:44,NDPS ACT SEC 8(c)/20(b)/22,3,Prescription Narcotics / Codeine / Alprazolam,SMALL_QUANTITY,CHARGESHEET_FILED
FIR-PER-2026-0658,27,Perambalur,PS-PER-B3,2025-07-31 18:35:02,NDPS ACT SEC 8(c)/20(b)/22,2,Synthetic Stimulants / MDMA / Meth,SMALL_QUANTITY,PENDING_TRIAL
FIR-TIR-2026-0659,5,Tiruchirappalli,PS-TIR-B1,2026-03-26 11:54:01,NDPS ACT SEC 8(c)/20(b)/22,6,Unclassified / Suspicious Substance,SMALL_QUANTITY,PENDING_TRIAL
FIR-MAD-2026-0660,3,Madurai,PS-MAD-B4,2025-03-10 22:37:51,NDPS ACT SEC 8(c)/20(b)/22,6,Unclassified / Suspicious Substance,COMMERCIAL_QUANTITY,CHARGESHEET_FILED
FIR-TIR-2026-0661,37,Tirupathur,PS-TIR-B2,2025-04-13 05:40:23,NDPS ACT SEC 8(c)/20(b)/22,6,Unclassified / Suspicious Substance,INTERMEDIATE_QUANTITY,CHARGESHEET_FILED
FIR-MAD-2026-0662,3,Madurai,PS-MAD-B4,2025-05-03 09:10:00,NDPS ACT SEC 8(c)/20(b)/22,2,Synthetic Stimulants / MDMA / Meth,COMMERCIAL_QUANTITY,UNDER_INVESTIGATION
FIR-RAM-2026-0663,30,Ramanathapuram,PS-RAM-B3,2025-10-17 06:48:18,NDPS ACT SEC 8(c)/20(b)/22,4,Chemical Precursors / Ephedrine,INTERMEDIATE_QUANTITY,UNDER_INVESTIGATION
FIR-KRI-2026-0664,10,Krishnagiri,PS-KRI-B1,2026-01-29 05:08:19,NDPS ACT SEC 8(c)/20(b)/22,1,Commercial Ganja / Cannabis,SMALL_QUANTITY,UNDER_INVESTIGATION
FIR-NAM-2026-0665,23,Namakkal,PS-NAM-B2,2026-04-01 18:24:01,NDPS ACT SEC 8(c)/20(b)/22,5,Opioid Analogues / Brown Sugar / Heroin,SMALL_QUANTITY,PENDING_TRIAL
FIR-KAR-2026-0666,25,Karur,PS-KAR-B2,2025-09-29 12:27:35,NDPS ACT SEC 8(c)/20(b)/22,6,Unclassified / Suspicious Substance,INTERMEDIATE_QUANTITY,CHARGESHEET_FILED
FIR-PER-2026-0667,27,Perambalur,PS-PER-B4,2025-11-17 12:55:00,NDPS ACT SEC 8(c)/20(b)/22,5,Opioid Analogues / Brown Sugar / Heroin,SMALL_QUANTITY,PENDING_TRIAL
FIR-PER-2026-0668,27,Perambalur,PS-PER-B1,2025-04-13 20:10:13,NDPS ACT SEC 8(c)/20(b)/22,2,Synthetic Stimulants / MDMA / Meth,COMMERCIAL_QUANTITY,CHARGESHEET_FILED
FIR-NAG-2026-0669,34,Nagapattinam,PS-NAG-B3,2026-06-07 19:22:46,NDPS ACT SEC 8(c)/20(b)/22,3,Prescription Narcotics / Codeine / Alprazolam,SMALL_QUANTITY,PENDING_TRIAL
FIR-ARI-2026-0670,26,Ariyalur,PS-ARI-B3,2025-05-03 11:23:37,NDPS ACT SEC 8(c)/20(b)/22,6,Unclassified / Suspicious Substance,SMALL_QUANTITY,CHARGESHEET_FILED
FIR-NAG-2026-0671,34,Nagapattinam,PS-NAG-B1,2025-07-28 02:48:37,NDPS ACT SEC 8(c)/20(b)/22,3,Prescription Narcotics / Codeine / Alprazolam,INTERMEDIATE_QUANTITY,UNDER_INVESTIGATION
FIR-NAG-2026-0672,34,Nagapattinam,PS-NAG-B3,2026-08-17 19:11:31,NDPS ACT SEC 8(c)/20(b)/22,1,Commercial Ganja / Cannabis,SMALL_QUANTITY,CHARGESHEET_FILED
FIR-ERO-2026-0673,7,Erode,PS-ERO-B1,2026-03-01 01:28:57,NDPS ACT SEC 8(c)/20(b)/22,4,Chemical Precursors / Ephedrine,COMMERCIAL_QUANTITY,CHARGESHEET_FILED
FIR-MAD-2026-0674,3,Madurai,PS-MAD-B4,2026-03-12 17:50:11,NDPS ACT SEC 8(c)/20(b)/22,3,Prescription Narcotics / Codeine / Alprazolam,INTERMEDIATE_QUANTITY,CHARGESHEET_FILED
FIR-TIR-2026-0675,18,Tiruvallur,PS-TIR-B2,2025-04-04 09:09:40,NDPS ACT SEC 8(c)/20(b)/22,1,Commercial Ganja / Cannabis,COMMERCIAL_QUANTITY,UNDER_INVESTIGATION
FIR-VIL-2026-0676,20,Viluppuram,PS-VIL-B4,2026-07-07 09:19:05,NDPS ACT SEC 8(c)/20(b)/22,6,Unclassified / Suspicious Substance,COMMERCIAL_QUANTITY,CHARGESHEET_FILED
FIR-RAN-2026-0677,36,Ranipet,PS-RAN-B4,2025-07-25 22:18:12,NDPS ACT SEC 8(c)/20(b)/22,4,Chemical Precursors / Ephedrine,COMMERCIAL_QUANTITY,CHARGESHEET_FILED
FIR-ARI-2026-0678,26,Ariyalur,PS-ARI-B3,2026-05-11 08:56:00,NDPS ACT SEC 8(c)/20(b)/22,6,Unclassified / Suspicious Substance,COMMERCIAL_QUANTITY,PENDING_TRIAL
FIR-ERO-2026-0679,7,Erode,PS-ERO-B2,2026-08-01 18:55:56,NDPS ACT SEC 8(c)/20(b)/22,5,Opioid Analogues / Brown Sugar / Heroin,SMALL_QUANTITY,UNDER_INVESTIGATION
FIR-KAL-2026-0680,21,Kallakurichi,PS-KAL-B1,2025-06-10 08:03:54,NDPS ACT SEC 8(c)/20(b)/22,3,Prescription Narcotics / Codeine / Alprazolam,COMMERCIAL_QUANTITY,PENDING_TRIAL
FIR-TIR-2026-0681,8,Tiruppur,PS-TIR-B1,2025-09-24 06:35:04,NDPS ACT SEC 8(c)/20(b)/22,4,Chemical Precursors / Ephedrine,INTERMEDIATE_QUANTITY,PENDING_TRIAL
FIR-KAN-2026-0682,14,Kanniyakumari,PS-KAN-B3,2025-02-16 05:20:31,NDPS ACT SEC 8(c)/20(b)/22,1,Commercial Ganja / Cannabis,COMMERCIAL_QUANTITY,UNDER_INVESTIGATION
FIR-NIL-2026-0683,24,Nilgiris,PS-NIL-B3,2026-05-30 09:03:23,NDPS ACT SEC 8(c)/20(b)/22,2,Synthetic Stimulants / MDMA / Meth,INTERMEDIATE_QUANTITY,UNDER_INVESTIGATION
FIR-MAY-2026-0684,35,Mayiladuthurai,PS-MAY-B4,2025-12-20 22:32:57,NDPS ACT SEC 8(c)/20(b)/22,5,Opioid Analogues / Brown Sugar / Heroin,COMMERCIAL_QUANTITY,UNDER_INVESTIGATION
FIR-CHE-2026-0685,1,Chennai,PS-CHE-B2,2025-01-24 21:37:36,NDPS ACT SEC 8(c)/20(b)/22,3,Prescription Narcotics / Codeine / Alprazolam,INTERMEDIATE_QUANTITY,CHARGESHEET_FILED
FIR-ERO-2026-0686,7,Erode,PS-ERO-B1,2025-01-11 22:04:18,NDPS ACT SEC 8(c)/20(b)/22,5,Opioid Analogues / Brown Sugar / Heroin,COMMERCIAL_QUANTITY,UNDER_INVESTIGATION
FIR-CUD-2026-0687,19,Cuddalore,PS-CUD-B1,2024-12-20 20:13:49,NDPS ACT SEC 8(c)/20(b)/22,1,Commercial Ganja / Cannabis,COMMERCIAL_QUANTITY,CHARGESHEET_FILED
FIR-KRI-2026-0688,10,Krishnagiri,PS-KRI-B1,2025-09-11 07:22:09,NDPS ACT SEC 8(c)/20(b)/22,3,Prescription Narcotics / Codeine / Alprazolam,COMMERCIAL_QUANTITY,CHARGESHEET_FILED
FIR-MAD-2026-0689,3,Madurai,PS-MAD-B4,2026-07-11 23:11:42,NDPS ACT SEC 8(c)/20(b)/22,2,Synthetic Stimulants / MDMA / Meth,SMALL_QUANTITY,UNDER_INVESTIGATION
FIR-TIR-2026-0690,8,Tiruppur,PS-TIR-B2,2026-05-02 12:43:14,NDPS ACT SEC 8(c)/20(b)/22,2,Synthetic Stimulants / MDMA / Meth,COMMERCIAL_QUANTITY,CHARGESHEET_FILED
FIR-NIL-2026-0691,24,Nilgiris,PS-NIL-B1,2026-06-25 19:30:30,NDPS ACT SEC 8(c)/20(b)/22,6,Unclassified / Suspicious Substance,COMMERCIAL_QUANTITY,UNDER_INVESTIGATION
FIR-PUD-2026-0692,28,Pudukkottai,PS-PUD-B3,2026-07-02 21:48:20,NDPS ACT SEC 8(c)/20(b)/22,4,Chemical Precursors / Ephedrine,INTERMEDIATE_QUANTITY,PENDING_TRIAL
FIR-RAN-2026-0693,36,Ranipet,PS-RAN-B4,2025-08-22 05:59:22,NDPS ACT SEC 8(c)/20(b)/22,6,Unclassified / Suspicious Substance,COMMERCIAL_QUANTITY,PENDING_TRIAL
FIR-KAN-2026-0694,16,Kancheepuram,PS-KAN-B2,2025-09-11 07:54:48,NDPS ACT SEC 8(c)/20(b)/22,2,Synthetic Stimulants / MDMA / Meth,COMMERCIAL_QUANTITY,UNDER_INVESTIGATION
FIR-KAR-2026-0695,25,Karur,PS-KAR-B4,2025-03-08 02:52:07,NDPS ACT SEC 8(c)/20(b)/22,2,Synthetic Stimulants / MDMA / Meth,INTERMEDIATE_QUANTITY,CHARGESHEET_FILED
FIR-ARI-2026-0696,26,Ariyalur,PS-ARI-B3,2025-10-15 05:18:10,NDPS ACT SEC 8(c)/20(b)/22,5,Opioid Analogues / Brown Sugar / Heroin,INTERMEDIATE_QUANTITY,PENDING_TRIAL
FIR-KAN-2026-0697,14,Kanniyakumari,PS-KAN-B1,2025-09-25 10:58:44,NDPS ACT SEC 8(c)/20(b)/22,5,Opioid Analogues / Brown Sugar / Heroin,INTERMEDIATE_QUANTITY,CHARGESHEET_FILED
FIR-TIR-2026-0698,5,Tiruchirappalli,PS-TIR-B1,2025-10-30 04:10:59,NDPS ACT SEC 8(c)/20(b)/22,1,Commercial Ganja / Cannabis,INTERMEDIATE_QUANTITY,CHARGESHEET_FILED
FIR-VIL-2026-0699,20,Viluppuram,PS-VIL-B1,2025-12-31 11:43:57,NDPS ACT SEC 8(c)/20(b)/22,2,Synthetic Stimulants / MDMA / Meth,SMALL_QUANTITY,PENDING_TRIAL
FIR-TEN-2026-0700,15,Tenkasi,PS-TEN-B1,2026-01-03 15:38:53,NDPS ACT SEC 8(c)/20(b)/22,2,Synthetic Stimulants / MDMA / Meth,INTERMEDIATE_QUANTITY,PENDING_TRIAL
FIR-VIR-2026-0701,31,Virudhunagar,PS-VIR-B3,2025-12-27 05:19:25,NDPS ACT SEC 8(c)/20(b)/22,5,Opioid Analogues / Brown Sugar / Heroin,COMMERCIAL_QUANTITY,CHARGESHEET_FILED
FIR-RAM-2026-0702,30,Ramanathapuram,PS-RAM-B3,2025-11-25 15:12:19,NDPS ACT SEC 8(c)/20(b)/22,1,Commercial Ganja / Cannabis,INTERMEDIATE_QUANTITY,PENDING_TRIAL
FIR-NAG-2026-0703,34,Nagapattinam,PS-NAG-B4,2025-02-15 01:50:27,NDPS ACT SEC 8(c)/20(b)/22,4,Chemical Precursors / Ephedrine,INTERMEDIATE_QUANTITY,CHARGESHEET_FILED
FIR-THO-2026-0704,13,Thoothukudi,PS-THO-B2,2024-12-20 21:37:28,NDPS ACT SEC 8(c)/20(b)/22,6,Unclassified / Suspicious Substance,INTERMEDIATE_QUANTITY,CHARGESHEET_FILED
FIR-VIR-2026-0705,31,Virudhunagar,PS-VIR-B3,2025-04-27 18:14:07,NDPS ACT SEC 8(c)/20(b)/22,4,Chemical Precursors / Ephedrine,COMMERCIAL_QUANTITY,PENDING_TRIAL
FIR-TEN-2026-0706,15,Tenkasi,PS-TEN-B3,2025-07-12 03:39:21,NDPS ACT SEC 8(c)/20(b)/22,4,Chemical Precursors / Ephedrine,COMMERCIAL_QUANTITY,PENDING_TRIAL
FIR-TIR-2026-0707,8,Tiruppur,PS-TIR-B3,2025-09-07 05:19:22,NDPS ACT SEC 8(c)/20(b)/22,1,Commercial Ganja / Cannabis,INTERMEDIATE_QUANTITY,UNDER_INVESTIGATION
FIR-VEL-2026-0708,9,Vellore,PS-VEL-B4,2024-11-23 04:32:48,NDPS ACT SEC 8(c)/20(b)/22,3,Prescription Narcotics / Codeine / Alprazolam,INTERMEDIATE_QUANTITY,UNDER_INVESTIGATION
FIR-CHE-2026-0709,17,Chengalpattu,PS-CHE-B2,2024-10-18 13:30:41,NDPS ACT SEC 8(c)/20(b)/22,2,Synthetic Stimulants / MDMA / Meth,COMMERCIAL_QUANTITY,CHARGESHEET_FILED
FIR-SIV-2026-0710,29,Sivaganga,PS-SIV-B1,2026-01-08 14:57:43,NDPS ACT SEC 8(c)/20(b)/22,3,Prescription Narcotics / Codeine / Alprazolam,COMMERCIAL_QUANTITY,UNDER_INVESTIGATION
FIR-SIV-2026-0711,29,Sivaganga,PS-SIV-B2,2026-08-09 22:54:09,NDPS ACT SEC 8(c)/20(b)/22,1,Commercial Ganja / Cannabis,COMMERCIAL_QUANTITY,UNDER_INVESTIGATION
FIR-KAN-2026-0712,14,Kanniyakumari,PS-KAN-B3,2025-06-10 02:32:40,NDPS ACT SEC 8(c)/20(b)/22,2,Synthetic Stimulants / MDMA / Meth,SMALL_QUANTITY,PENDING_TRIAL
FIR-MAD-2026-0713,3,Madurai,PS-MAD-B4,2026-06-17 05:56:31,NDPS ACT SEC 8(c)/20(b)/22,4,Chemical Precursors / Ephedrine,SMALL_QUANTITY,CHARGESHEET_FILED
FIR-TIR-2026-0714,18,Tiruvallur,PS-TIR-B1,2026-01-08 14:29:27,NDPS ACT SEC 8(c)/20(b)/22,6,Unclassified / Suspicious Substance,INTERMEDIATE_QUANTITY,UNDER_INVESTIGATION
FIR-KRI-2026-0715,10,Krishnagiri,PS-KRI-B1,2024-10-16 06:58:43,NDPS ACT SEC 8(c)/20(b)/22,6,Unclassified / Suspicious Substance,INTERMEDIATE_QUANTITY,PENDING_TRIAL
FIR-MAY-2026-0716,35,Mayiladuthurai,PS-MAY-B3,2026-08-05 17:33:32,NDPS ACT SEC 8(c)/20(b)/22,6,Unclassified / Suspicious Substance,INTERMEDIATE_QUANTITY,PENDING_TRIAL
FIR-THI-2026-0717,33,Thiruvarur,PS-THI-B2,2026-03-31 02:08:56,NDPS ACT SEC 8(c)/20(b)/22,3,Prescription Narcotics / Codeine / Alprazolam,INTERMEDIATE_QUANTITY,PENDING_TRIAL
FIR-VEL-2026-0718,9,Vellore,PS-VEL-B1,2026-07-29 19:56:40,NDPS ACT SEC 8(c)/20(b)/22,3,Prescription Narcotics / Codeine / Alprazolam,INTERMEDIATE_QUANTITY,UNDER_INVESTIGATION
FIR-ARI-2026-0719,26,Ariyalur,PS-ARI-B4,2024-12-04 12:33:47,NDPS ACT SEC 8(c)/20(b)/22,1,Commercial Ganja / Cannabis,COMMERCIAL_QUANTITY,PENDING_TRIAL
FIR-TIR-2026-0720,6,Tirunelveli,PS-TIR-B2,2025-08-16 21:11:11,NDPS ACT SEC 8(c)/20(b)/22,5,Opioid Analogues / Brown Sugar / Heroin,COMMERCIAL_QUANTITY,UNDER_INVESTIGATION
FIR-CHE-2026-0721,1,Chennai,PS-CHE-B2,2025-10-10 15:42:01,NDPS ACT SEC 8(c)/20(b)/22,3,Prescription Narcotics / Codeine / Alprazolam,SMALL_QUANTITY,PENDING_TRIAL
FIR-VIR-2026-0722,31,Virudhunagar,PS-VIR-B4,2025-05-28 19:01:50,NDPS ACT SEC 8(c)/20(b)/22,4,Chemical Precursors / Ephedrine,SMALL_QUANTITY,UNDER_INVESTIGATION
FIR-KAN-2026-0723,16,Kancheepuram,PS-KAN-B1,2026-08-11 16:40:51,NDPS ACT SEC 8(c)/20(b)/22,2,Synthetic Stimulants / MDMA / Meth,INTERMEDIATE_QUANTITY,PENDING_TRIAL
FIR-ERO-2026-0724,7,Erode,PS-ERO-B2,2025-10-01 09:25:24,NDPS ACT SEC 8(c)/20(b)/22,6,Unclassified / Suspicious Substance,SMALL_QUANTITY,UNDER_INVESTIGATION
FIR-TEN-2026-0725,15,Tenkasi,PS-TEN-B2,2025-12-06 09:17:03,NDPS ACT SEC 8(c)/20(b)/22,5,Opioid Analogues / Brown Sugar / Heroin,SMALL_QUANTITY,CHARGESHEET_FILED
FIR-KAR-2026-0726,25,Karur,PS-KAR-B1,2025-02-01 04:35:03,NDPS ACT SEC 8(c)/20(b)/22,1,Commercial Ganja / Cannabis,SMALL_QUANTITY,CHARGESHEET_FILED
FIR-TIR-2026-0727,6,Tirunelveli,PS-TIR-B2,2025-01-15 21:42:36,NDPS ACT SEC 8(c)/20(b)/22,4,Chemical Precursors / Ephedrine,INTERMEDIATE_QUANTITY,PENDING_TRIAL
FIR-TIR-2026-0728,38,Tiruvannamalai,PS-TIR-B2,2024-10-26 12:31:27,NDPS ACT SEC 8(c)/20(b)/22,1,Commercial Ganja / Cannabis,INTERMEDIATE_QUANTITY,UNDER_INVESTIGATION
FIR-TIR-2026-0729,37,Tirupathur,PS-TIR-B1,2026-02-18 20:51:47,NDPS ACT SEC 8(c)/20(b)/22,5,Opioid Analogues / Brown Sugar / Heroin,SMALL_QUANTITY,UNDER_INVESTIGATION
FIR-KAN-2026-0730,14,Kanniyakumari,PS-KAN-B4,2025-08-12 11:34:05,NDPS ACT SEC 8(c)/20(b)/22,1,Commercial Ganja / Cannabis,COMMERCIAL_QUANTITY,CHARGESHEET_FILED
FIR-RAN-2026-0731,36,Ranipet,PS-RAN-B4,2025-03-19 04:56:31,NDPS ACT SEC 8(c)/20(b)/22,4,Chemical Precursors / Ephedrine,INTERMEDIATE_QUANTITY,CHARGESHEET_FILED
FIR-CHE-2026-0732,1,Chennai,PS-CHE-B1,2026-04-11 15:06:27,NDPS ACT SEC 8(c)/20(b)/22,5,Opioid Analogues / Brown Sugar / Heroin,INTERMEDIATE_QUANTITY,CHARGESHEET_FILED
FIR-KAL-2026-0733,21,Kallakurichi,PS-KAL-B4,2025-06-27 12:49:23,NDPS ACT SEC 8(c)/20(b)/22,3,Prescription Narcotics / Codeine / Alprazolam,INTERMEDIATE_QUANTITY,UNDER_INVESTIGATION
FIR-NAM-2026-0734,23,Namakkal,PS-NAM-B2,2026-03-28 00:17:10,NDPS ACT SEC 8(c)/20(b)/22,6,Unclassified / Suspicious Substance,COMMERCIAL_QUANTITY,PENDING_TRIAL
FIR-TIR-2026-0735,8,Tiruppur,PS-TIR-B2,2025-07-13 12:44:51,NDPS ACT SEC 8(c)/20(b)/22,3,Prescription Narcotics / Codeine / Alprazolam,COMMERCIAL_QUANTITY,UNDER_INVESTIGATION
FIR-VIL-2026-0736,20,Viluppuram,PS-VIL-B2,2025-04-15 12:48:52,NDPS ACT SEC 8(c)/20(b)/22,6,Unclassified / Suspicious Substance,COMMERCIAL_QUANTITY,CHARGESHEET_FILED
FIR-DHA-2026-0737,22,Dharmapuri,PS-DHA-B1,2026-05-20 14:03:21,NDPS ACT SEC 8(c)/20(b)/22,6,Unclassified / Suspicious Substance,INTERMEDIATE_QUANTITY,UNDER_INVESTIGATION
FIR-KAL-2026-0738,21,Kallakurichi,PS-KAL-B3,2026-06-15 17:41:48,NDPS ACT SEC 8(c)/20(b)/22,1,Commercial Ganja / Cannabis,INTERMEDIATE_QUANTITY,CHARGESHEET_FILED
FIR-RAM-2026-0739,30,Ramanathapuram,PS-RAM-B4,2026-04-18 01:05:33,NDPS ACT SEC 8(c)/20(b)/22,4,Chemical Precursors / Ephedrine,INTERMEDIATE_QUANTITY,PENDING_TRIAL
FIR-TIR-2026-0740,5,Tiruchirappalli,PS-TIR-B1,2026-04-24 06:24:26,NDPS ACT SEC 8(c)/20(b)/22,2,Synthetic Stimulants / MDMA / Meth,INTERMEDIATE_QUANTITY,UNDER_INVESTIGATION
FIR-RAM-2026-0741,30,Ramanathapuram,PS-RAM-B4,2025-06-16 17:07:48,NDPS ACT SEC 8(c)/20(b)/22,1,Commercial Ganja / Cannabis,COMMERCIAL_QUANTITY,CHARGESHEET_FILED
FIR-THA-2026-0742,12,Thanjavur,PS-THA-B2,2025-10-26 14:09:46,NDPS ACT SEC 8(c)/20(b)/22,1,Commercial Ganja / Cannabis,INTERMEDIATE_QUANTITY,PENDING_TRIAL
FIR-KAL-2026-0743,21,Kallakurichi,PS-KAL-B3,2026-04-04 15:08:32,NDPS ACT SEC 8(c)/20(b)/22,6,Unclassified / Suspicious Substance,COMMERCIAL_QUANTITY,CHARGESHEET_FILED
FIR-DIN-2026-0744,11,Dindigul,PS-DIN-B2,2025-02-17 05:23:53,NDPS ACT SEC 8(c)/20(b)/22,2,Synthetic Stimulants / MDMA / Meth,SMALL_QUANTITY,UNDER_INVESTIGATION
FIR-TEN-2026-0745,15,Tenkasi,PS-TEN-B3,2026-06-20 20:57:39,NDPS ACT SEC 8(c)/20(b)/22,2,Synthetic Stimulants / MDMA / Meth,INTERMEDIATE_QUANTITY,UNDER_INVESTIGATION
FIR-THE-2026-0746,32,Theni,PS-THE-B4,2025-03-10 21:30:13,NDPS ACT SEC 8(c)/20(b)/22,1,Commercial Ganja / Cannabis,COMMERCIAL_QUANTITY,UNDER_INVESTIGATION
FIR-TIR-2026-0747,8,Tiruppur,PS-TIR-B1,2025-03-10 08:31:46,NDPS ACT SEC 8(c)/20(b)/22,4,Chemical Precursors / Ephedrine,INTERMEDIATE_QUANTITY,UNDER_INVESTIGATION
FIR-THI-2026-0748,33,Thiruvarur,PS-THI-B2,2025-02-09 09:19:00,NDPS ACT SEC 8(c)/20(b)/22,5,Opioid Analogues / Brown Sugar / Heroin,INTERMEDIATE_QUANTITY,UNDER_INVESTIGATION
FIR-TIR-2026-0749,38,Tiruvannamalai,PS-TIR-B4,2025-08-01 01:42:41,NDPS ACT SEC 8(c)/20(b)/22,6,Unclassified / Suspicious Substance,COMMERCIAL_QUANTITY,UNDER_INVESTIGATION
FIR-TIR-2026-0750,6,Tirunelveli,PS-TIR-B4,2025-02-08 03:42:22,NDPS ACT SEC 8(c)/20(b)/22,6,Unclassified / Suspicious Substance,INTERMEDIATE_QUANTITY,CHARGESHEET_FILED
FIR-ERO-2026-0751,7,Erode,PS-ERO-B3,2026-01-28 04:16:52,NDPS ACT SEC 8(c)/20(b)/22,5,Opioid Analogues / Brown Sugar / Heroin,INTERMEDIATE_QUANTITY,PENDING_TRIAL
FIR-CUD-2026-0752,19,Cuddalore,PS-CUD-B1,2025-04-05 11:52:20,NDPS ACT SEC 8(c)/20(b)/22,4,Chemical Precursors / Ephedrine,INTERMEDIATE_QUANTITY,CHARGESHEET_FILED
FIR-THO-2026-0753,13,Thoothukudi,PS-THO-B2,2025-09-20 10:38:36,NDPS ACT SEC 8(c)/20(b)/22,3,Prescription Narcotics / Codeine / Alprazolam,INTERMEDIATE_QUANTITY,PENDING_TRIAL
FIR-TIR-2026-0754,37,Tirupathur,PS-TIR-B2,2025-02-11 12:05:41,NDPS ACT SEC 8(c)/20(b)/22,6,Unclassified / Suspicious Substance,SMALL_QUANTITY,UNDER_INVESTIGATION
FIR-TEN-2026-0755,15,Tenkasi,PS-TEN-B3,2024-12-30 10:05:47,NDPS ACT SEC 8(c)/20(b)/22,6,Unclassified / Suspicious Substance,COMMERCIAL_QUANTITY,CHARGESHEET_FILED
FIR-MAD-2026-0756,3,Madurai,PS-MAD-B3,2026-04-28 15:44:15,NDPS ACT SEC 8(c)/20(b)/22,2,Synthetic Stimulants / MDMA / Meth,INTERMEDIATE_QUANTITY,CHARGESHEET_FILED
FIR-KAN-2026-0757,14,Kanniyakumari,PS-KAN-B4,2024-12-20 07:22:24,NDPS ACT SEC 8(c)/20(b)/22,4,Chemical Precursors / Ephedrine,INTERMEDIATE_QUANTITY,UNDER_INVESTIGATION
FIR-KAN-2026-0758,16,Kancheepuram,PS-KAN-B4,2025-09-23 14:04:24,NDPS ACT SEC 8(c)/20(b)/22,5,Opioid Analogues / Brown Sugar / Heroin,INTERMEDIATE_QUANTITY,UNDER_INVESTIGATION
FIR-KAN-2026-0759,16,Kancheepuram,PS-KAN-B1,2026-04-20 05:12:45,NDPS ACT SEC 8(c)/20(b)/22,3,Prescription Narcotics / Codeine / Alprazolam,INTERMEDIATE_QUANTITY,CHARGESHEET_FILED
FIR-CHE-2026-0760,1,Chennai,PS-CHE-B1,2025-08-11 17:53:33,NDPS ACT SEC 8(c)/20(b)/22,1,Commercial Ganja / Cannabis,INTERMEDIATE_QUANTITY,UNDER_INVESTIGATION
FIR-TIR-2026-0761,5,Tiruchirappalli,PS-TIR-B4,2025-04-16 04:44:30,NDPS ACT SEC 8(c)/20(b)/22,4,Chemical Precursors / Ephedrine,INTERMEDIATE_QUANTITY,CHARGESHEET_FILED
FIR-KAR-2026-0762,25,Karur,PS-KAR-B3,2026-08-12 09:10:20,NDPS ACT SEC 8(c)/20(b)/22,5,Opioid Analogues / Brown Sugar / Heroin,SMALL_QUANTITY,UNDER_INVESTIGATION
FIR-MAD-2026-0763,3,Madurai,PS-MAD-B1,2025-09-11 17:38:15,NDPS ACT SEC 8(c)/20(b)/22,1,Commercial Ganja / Cannabis,COMMERCIAL_QUANTITY,CHARGESHEET_FILED
FIR-RAN-2026-0764,36,Ranipet,PS-RAN-B1,2025-11-24 05:44:48,NDPS ACT SEC 8(c)/20(b)/22,5,Opioid Analogues / Brown Sugar / Heroin,INTERMEDIATE_QUANTITY,UNDER_INVESTIGATION
FIR-NIL-2026-0765,24,Nilgiris,PS-NIL-B2,2025-03-28 08:17:20,NDPS ACT SEC 8(c)/20(b)/22,5,Opioid Analogues / Brown Sugar / Heroin,INTERMEDIATE_QUANTITY,UNDER_INVESTIGATION
FIR-SIV-2026-0766,29,Sivaganga,PS-SIV-B3,2025-04-03 11:46:12,NDPS ACT SEC 8(c)/20(b)/22,2,Synthetic Stimulants / MDMA / Meth,SMALL_QUANTITY,UNDER_INVESTIGATION
FIR-DHA-2026-0767,22,Dharmapuri,PS-DHA-B3,2025-12-18 09:49:52,NDPS ACT SEC 8(c)/20(b)/22,2,Synthetic Stimulants / MDMA / Meth,SMALL_QUANTITY,UNDER_INVESTIGATION
FIR-MAY-2026-0768,35,Mayiladuthurai,PS-MAY-B1,2026-05-16 10:37:20,NDPS ACT SEC 8(c)/20(b)/22,1,Commercial Ganja / Cannabis,SMALL_QUANTITY,UNDER_INVESTIGATION
FIR-ERO-2026-0769,7,Erode,PS-ERO-B4,2026-05-17 22:46:07,NDPS ACT SEC 8(c)/20(b)/22,6,Unclassified / Suspicious Substance,INTERMEDIATE_QUANTITY,CHARGESHEET_FILED
FIR-KRI-2026-0770,10,Krishnagiri,PS-KRI-B3,2025-06-22 20:03:21,NDPS ACT SEC 8(c)/20(b)/22,6,Unclassified / Suspicious Substance,COMMERCIAL_QUANTITY,PENDING_TRIAL
FIR-TIR-2026-0771,18,Tiruvallur,PS-TIR-B4,2025-01-20 07:20:52,NDPS ACT SEC 8(c)/20(b)/22,2,Synthetic Stimulants / MDMA / Meth,COMMERCIAL_QUANTITY,PENDING_TRIAL
FIR-THA-2026-0772,12,Thanjavur,PS-THA-B1,2025-11-26 19:03:14,NDPS ACT SEC 8(c)/20(b)/22,2,Synthetic Stimulants / MDMA / Meth,COMMERCIAL_QUANTITY,CHARGESHEET_FILED
FIR-VIR-2026-0773,31,Virudhunagar,PS-VIR-B1,2025-09-22 00:33:44,NDPS ACT SEC 8(c)/20(b)/22,2,Synthetic Stimulants / MDMA / Meth,INTERMEDIATE_QUANTITY,PENDING_TRIAL
FIR-RAM-2026-0774,30,Ramanathapuram,PS-RAM-B4,2025-07-11 23:38:55,NDPS ACT SEC 8(c)/20(b)/22,1,Commercial Ganja / Cannabis,INTERMEDIATE_QUANTITY,UNDER_INVESTIGATION
FIR-PUD-2026-0775,28,Pudukkottai,PS-PUD-B4,2026-06-13 22:28:14,NDPS ACT SEC 8(c)/20(b)/22,5,Opioid Analogues / Brown Sugar / Heroin,INTERMEDIATE_QUANTITY,CHARGESHEET_FILED
FIR-SIV-2026-0776,29,Sivaganga,PS-SIV-B2,2026-06-30 03:19:06,NDPS ACT SEC 8(c)/20(b)/22,6,Unclassified / Suspicious Substance,COMMERCIAL_QUANTITY,CHARGESHEET_FILED
FIR-MAD-2026-0777,3,Madurai,PS-MAD-B3,2024-11-07 16:53:18,NDPS ACT SEC 8(c)/20(b)/22,3,Prescription Narcotics / Codeine / Alprazolam,SMALL_QUANTITY,PENDING_TRIAL
FIR-SIV-2026-0778,29,Sivaganga,PS-SIV-B3,2025-11-06 22:51:21,NDPS ACT SEC 8(c)/20(b)/22,1,Commercial Ganja / Cannabis,COMMERCIAL_QUANTITY,CHARGESHEET_FILED
FIR-PUD-2026-0779,28,Pudukkottai,PS-PUD-B3,2025-09-02 15:20:13,NDPS ACT SEC 8(c)/20(b)/22,5,Opioid Analogues / Brown Sugar / Heroin,INTERMEDIATE_QUANTITY,PENDING_TRIAL
FIR-THE-2026-0780,32,Theni,PS-THE-B1,2025-11-01 01:05:57,NDPS ACT SEC 8(c)/20(b)/22,3,Prescription Narcotics / Codeine / Alprazolam,SMALL_QUANTITY,UNDER_INVESTIGATION
FIR-TIR-2026-0781,37,Tirupathur,PS-TIR-B4,2026-06-22 11:55:09,NDPS ACT SEC 8(c)/20(b)/22,2,Synthetic Stimulants / MDMA / Meth,COMMERCIAL_QUANTITY,CHARGESHEET_FILED
FIR-SIV-2026-0782,29,Sivaganga,PS-SIV-B1,2025-03-01 18:55:26,NDPS ACT SEC 8(c)/20(b)/22,2,Synthetic Stimulants / MDMA / Meth,SMALL_QUANTITY,UNDER_INVESTIGATION
FIR-ARI-2026-0783,26,Ariyalur,PS-ARI-B1,2025-04-28 17:19:33,NDPS ACT SEC 8(c)/20(b)/22,6,Unclassified / Suspicious Substance,COMMERCIAL_QUANTITY,PENDING_TRIAL
FIR-SAL-2026-0784,4,Salem,PS-SAL-B2,2025-08-06 03:41:11,NDPS ACT SEC 8(c)/20(b)/22,5,Opioid Analogues / Brown Sugar / Heroin,COMMERCIAL_QUANTITY,CHARGESHEET_FILED
FIR-MAY-2026-0785,35,Mayiladuthurai,PS-MAY-B1,2025-10-13 09:38:58,NDPS ACT SEC 8(c)/20(b)/22,1,Commercial Ganja / Cannabis,SMALL_QUANTITY,UNDER_INVESTIGATION
FIR-VIR-2026-0786,31,Virudhunagar,PS-VIR-B3,2025-10-30 03:08:06,NDPS ACT SEC 8(c)/20(b)/22,4,Chemical Precursors / Ephedrine,INTERMEDIATE_QUANTITY,PENDING_TRIAL
FIR-RAM-2026-0787,30,Ramanathapuram,PS-RAM-B2,2025-04-07 10:54:54,NDPS ACT SEC 8(c)/20(b)/22,2,Synthetic Stimulants / MDMA / Meth,SMALL_QUANTITY,PENDING_TRIAL
FIR-MAY-2026-0788,35,Mayiladuthurai,PS-MAY-B2,2025-11-16 13:43:58,NDPS ACT SEC 8(c)/20(b)/22,4,Chemical Precursors / Ephedrine,SMALL_QUANTITY,CHARGESHEET_FILED
FIR-TIR-2026-0789,5,Tiruchirappalli,PS-TIR-B4,2025-07-16 17:32:35,NDPS ACT SEC 8(c)/20(b)/22,4,Chemical Precursors / Ephedrine,INTERMEDIATE_QUANTITY,CHARGESHEET_FILED
FIR-MAY-2026-0790,35,Mayiladuthurai,PS-MAY-B1,2025-05-21 13:58:54,NDPS ACT SEC 8(c)/20(b)/22,4,Chemical Precursors / Ephedrine,SMALL_QUANTITY,PENDING_TRIAL
FIR-NAM-2026-0791,23,Namakkal,PS-NAM-B2,2025-03-23 01:09:33,NDPS ACT SEC 8(c)/20(b)/22,6,Unclassified / Suspicious Substance,SMALL_QUANTITY,PENDING_TRIAL
FIR-TIR-2026-0792,37,Tirupathur,PS-TIR-B4,2025-01-03 21:02:08,NDPS ACT SEC 8(c)/20(b)/22,4,Chemical Precursors / Ephedrine,INTERMEDIATE_QUANTITY,UNDER_INVESTIGATION
FIR-KAR-2026-0793,25,Karur,PS-KAR-B2,2025-07-28 11:55:49,NDPS ACT SEC 8(c)/20(b)/22,6,Unclassified / Suspicious Substance,COMMERCIAL_QUANTITY,CHARGESHEET_FILED
FIR-NIL-2026-0794,24,Nilgiris,PS-NIL-B3,2025-10-24 10:39:48,NDPS ACT SEC 8(c)/20(b)/22,1,Commercial Ganja / Cannabis,SMALL_QUANTITY,UNDER_INVESTIGATION
FIR-THI-2026-0795,33,Thiruvarur,PS-THI-B1,2025-01-26 18:53:59,NDPS ACT SEC 8(c)/20(b)/22,2,Synthetic Stimulants / MDMA / Meth,SMALL_QUANTITY,CHARGESHEET_FILED
FIR-CHE-2026-0796,17,Chengalpattu,PS-CHE-B1,2026-02-19 04:46:13,NDPS ACT SEC 8(c)/20(b)/22,5,Opioid Analogues / Brown Sugar / Heroin,INTERMEDIATE_QUANTITY,CHARGESHEET_FILED
FIR-COI-2026-0797,2,Coimbatore,PS-COI-B3,2025-04-21 22:50:04,NDPS ACT SEC 8(c)/20(b)/22,6,Unclassified / Suspicious Substance,COMMERCIAL_QUANTITY,PENDING_TRIAL
FIR-KAL-2026-0798,21,Kallakurichi,PS-KAL-B1,2025-02-25 23:22:48,NDPS ACT SEC 8(c)/20(b)/22,6,Unclassified / Suspicious Substance,COMMERCIAL_QUANTITY,CHARGESHEET_FILED
FIR-CHE-2026-0799,17,Chengalpattu,PS-CHE-B3,2025-03-31 00:24:36,NDPS ACT SEC 8(c)/20(b)/22,1,Commercial Ganja / Cannabis,SMALL_QUANTITY,UNDER_INVESTIGATION
FIR-NAG-2026-0800,34,Nagapattinam,PS-NAG-B4,2026-08-08 18:21:04,NDPS ACT SEC 8(c)/20(b)/22,4,Chemical Precursors / Ephedrine,INTERMEDIATE_QUANTITY,UNDER_INVESTIGATION
FIR-SAL-2026-0801,4,Salem,PS-SAL-B4,2025-08-14 21:31:05,NDPS ACT SEC 8(c)/20(b)/22,3,Prescription Narcotics / Codeine / Alprazolam,INTERMEDIATE_QUANTITY,CHARGESHEET_FILED
FIR-NAM-2026-0802,23,Namakkal,PS-NAM-B4,2025-08-24 15:32:29,NDPS ACT SEC 8(c)/20(b)/22,1,Commercial Ganja / Cannabis,COMMERCIAL_QUANTITY,PENDING_TRIAL
FIR-MAD-2026-0803,3,Madurai,PS-MAD-B1,2026-03-21 06:50:47,NDPS ACT SEC 8(c)/20(b)/22,4,Chemical Precursors / Ephedrine,SMALL_QUANTITY,UNDER_INVESTIGATION
FIR-TIR-2026-0804,38,Tiruvannamalai,PS-TIR-B1,2026-01-07 12:39:01,NDPS ACT SEC 8(c)/20(b)/22,4,Chemical Precursors / Ephedrine,COMMERCIAL_QUANTITY,PENDING_TRIAL
FIR-VIR-2026-0805,31,Virudhunagar,PS-VIR-B3,2026-07-26 08:53:13,NDPS ACT SEC 8(c)/20(b)/22,1,Commercial Ganja / Cannabis,SMALL_QUANTITY,CHARGESHEET_FILED
FIR-DIN-2026-0806,11,Dindigul,PS-DIN-B3,2024-11-09 01:50:07,NDPS ACT SEC 8(c)/20(b)/22,6,Unclassified / Suspicious Substance,COMMERCIAL_QUANTITY,PENDING_TRIAL
FIR-TIR-2026-0807,8,Tiruppur,PS-TIR-B3,2025-01-04 00:23:08,NDPS ACT SEC 8(c)/20(b)/22,4,Chemical Precursors / Ephedrine,SMALL_QUANTITY,CHARGESHEET_FILED
FIR-THI-2026-0808,33,Thiruvarur,PS-THI-B4,2025-02-13 02:21:22,NDPS ACT SEC 8(c)/20(b)/22,1,Commercial Ganja / Cannabis,INTERMEDIATE_QUANTITY,UNDER_INVESTIGATION
FIR-THE-2026-0809,32,Theni,PS-THE-B2,2025-05-27 00:26:37,NDPS ACT SEC 8(c)/20(b)/22,4,Chemical Precursors / Ephedrine,COMMERCIAL_QUANTITY,PENDING_TRIAL
FIR-VIR-2026-0810,31,Virudhunagar,PS-VIR-B2,2025-09-20 21:59:27,NDPS ACT SEC 8(c)/20(b)/22,1,Commercial Ganja / Cannabis,SMALL_QUANTITY,UNDER_INVESTIGATION
FIR-TIR-2026-0811,38,Tiruvannamalai,PS-TIR-B2,2025-11-17 19:30:36,NDPS ACT SEC 8(c)/20(b)/22,5,Opioid Analogues / Brown Sugar / Heroin,SMALL_QUANTITY,PENDING_TRIAL
FIR-KAN-2026-0812,14,Kanniyakumari,PS-KAN-B3,2026-05-04 01:44:23,NDPS ACT SEC 8(c)/20(b)/22,3,Prescription Narcotics / Codeine / Alprazolam,INTERMEDIATE_QUANTITY,PENDING_TRIAL
FIR-VIL-2026-0813,20,Viluppuram,PS-VIL-B1,2025-01-26 17:03:08,NDPS ACT SEC 8(c)/20(b)/22,6,Unclassified / Suspicious Substance,COMMERCIAL_QUANTITY,CHARGESHEET_FILED
FIR-THI-2026-0814,33,Thiruvarur,PS-THI-B4,2024-12-17 14:34:42,NDPS ACT SEC 8(c)/20(b)/22,2,Synthetic Stimulants / MDMA / Meth,INTERMEDIATE_QUANTITY,PENDING_TRIAL
FIR-KAR-2026-0815,25,Karur,PS-KAR-B4,2025-05-04 02:30:26,NDPS ACT SEC 8(c)/20(b)/22,2,Synthetic Stimulants / MDMA / Meth,INTERMEDIATE_QUANTITY,CHARGESHEET_FILED
FIR-DIN-2026-0816,11,Dindigul,PS-DIN-B1,2025-02-11 09:49:21,NDPS ACT SEC 8(c)/20(b)/22,1,Commercial Ganja / Cannabis,COMMERCIAL_QUANTITY,PENDING_TRIAL
FIR-TIR-2026-0817,8,Tiruppur,PS-TIR-B4,2025-09-14 02:27:44,NDPS ACT SEC 8(c)/20(b)/22,2,Synthetic Stimulants / MDMA / Meth,COMMERCIAL_QUANTITY,PENDING_TRIAL
FIR-TIR-2026-0818,8,Tiruppur,PS-TIR-B1,2026-03-25 02:53:20,NDPS ACT SEC 8(c)/20(b)/22,5,Opioid Analogues / Brown Sugar / Heroin,SMALL_QUANTITY,UNDER_INVESTIGATION
FIR-TIR-2026-0819,38,Tiruvannamalai,PS-TIR-B4,2026-04-30 11:05:54,NDPS ACT SEC 8(c)/20(b)/22,1,Commercial Ganja / Cannabis,INTERMEDIATE_QUANTITY,CHARGESHEET_FILED
FIR-KAN-2026-0820,14,Kanniyakumari,PS-KAN-B4,2026-03-06 20:00:33,NDPS ACT SEC 8(c)/20(b)/22,1,Commercial Ganja / Cannabis,INTERMEDIATE_QUANTITY,CHARGESHEET_FILED
FIR-PUD-2026-0821,28,Pudukkottai,PS-PUD-B1,2025-08-05 07:29:11,NDPS ACT SEC 8(c)/20(b)/22,4,Chemical Precursors / Ephedrine,INTERMEDIATE_QUANTITY,CHARGESHEET_FILED
FIR-DIN-2026-0822,11,Dindigul,PS-DIN-B1,2025-07-28 11:35:00,NDPS ACT SEC 8(c)/20(b)/22,1,Commercial Ganja / Cannabis,SMALL_QUANTITY,UNDER_INVESTIGATION
FIR-RAN-2026-0823,36,Ranipet,PS-RAN-B4,2025-04-27 06:07:42,NDPS ACT SEC 8(c)/20(b)/22,3,Prescription Narcotics / Codeine / Alprazolam,INTERMEDIATE_QUANTITY,UNDER_INVESTIGATION
FIR-NIL-2026-0824,24,Nilgiris,PS-NIL-B2,2025-04-05 18:54:26,NDPS ACT SEC 8(c)/20(b)/22,2,Synthetic Stimulants / MDMA / Meth,INTERMEDIATE_QUANTITY,UNDER_INVESTIGATION
FIR-THE-2026-0825,32,Theni,PS-THE-B3,2025-03-12 12:35:59,NDPS ACT SEC 8(c)/20(b)/22,2,Synthetic Stimulants / MDMA / Meth,COMMERCIAL_QUANTITY,UNDER_INVESTIGATION
FIR-NAG-2026-0826,34,Nagapattinam,PS-NAG-B2,2024-10-29 09:40:59,NDPS ACT SEC 8(c)/20(b)/22,6,Unclassified / Suspicious Substance,COMMERCIAL_QUANTITY,UNDER_INVESTIGATION
FIR-KAN-2026-0827,16,Kancheepuram,PS-KAN-B3,2024-11-24 23:25:16,NDPS ACT SEC 8(c)/20(b)/22,1,Commercial Ganja / Cannabis,INTERMEDIATE_QUANTITY,PENDING_TRIAL
FIR-VIL-2026-0828,20,Viluppuram,PS-VIL-B3,2024-10-01 18:38:51,NDPS ACT SEC 8(c)/20(b)/22,3,Prescription Narcotics / Codeine / Alprazolam,COMMERCIAL_QUANTITY,UNDER_INVESTIGATION
FIR-KAL-2026-0829,21,Kallakurichi,PS-KAL-B2,2025-09-20 03:33:30,NDPS ACT SEC 8(c)/20(b)/22,6,Unclassified / Suspicious Substance,COMMERCIAL_QUANTITY,PENDING_TRIAL
FIR-SIV-2026-0830,29,Sivaganga,PS-SIV-B3,2025-12-08 08:44:43,NDPS ACT SEC 8(c)/20(b)/22,4,Chemical Precursors / Ephedrine,COMMERCIAL_QUANTITY,UNDER_INVESTIGATION
FIR-CHE-2026-0831,1,Chennai,PS-CHE-B2,2024-10-25 00:58:01,NDPS ACT SEC 8(c)/20(b)/22,3,Prescription Narcotics / Codeine / Alprazolam,INTERMEDIATE_QUANTITY,UNDER_INVESTIGATION
FIR-TIR-2026-0832,8,Tiruppur,PS-TIR-B4,2024-11-11 22:32:27,NDPS ACT SEC 8(c)/20(b)/22,4,Chemical Precursors / Ephedrine,INTERMEDIATE_QUANTITY,UNDER_INVESTIGATION
FIR-ARI-2026-0833,26,Ariyalur,PS-ARI-B1,2025-11-14 03:06:00,NDPS ACT SEC 8(c)/20(b)/22,6,Unclassified / Suspicious Substance,INTERMEDIATE_QUANTITY,UNDER_INVESTIGATION
FIR-KAR-2026-0834,25,Karur,PS-KAR-B2,2026-05-10 09:58:04,NDPS ACT SEC 8(c)/20(b)/22,1,Commercial Ganja / Cannabis,SMALL_QUANTITY,CHARGESHEET_FILED
FIR-CUD-2026-0835,19,Cuddalore,PS-CUD-B2,2026-06-12 10:58:52,NDPS ACT SEC 8(c)/20(b)/22,4,Chemical Precursors / Ephedrine,SMALL_QUANTITY,PENDING_TRIAL
FIR-NAG-2026-0836,34,Nagapattinam,PS-NAG-B1,2025-12-12 23:27:19,NDPS ACT SEC 8(c)/20(b)/22,5,Opioid Analogues / Brown Sugar / Heroin,SMALL_QUANTITY,CHARGESHEET_FILED
FIR-NIL-2026-0837,24,Nilgiris,PS-NIL-B1,2026-02-10 22:06:17,NDPS ACT SEC 8(c)/20(b)/22,6,Unclassified / Suspicious Substance,COMMERCIAL_QUANTITY,UNDER_INVESTIGATION
FIR-THI-2026-0838,33,Thiruvarur,PS-THI-B1,2026-08-01 15:04:52,NDPS ACT SEC 8(c)/20(b)/22,4,Chemical Precursors / Ephedrine,COMMERCIAL_QUANTITY,PENDING_TRIAL
FIR-THE-2026-0839,32,Theni,PS-THE-B1,2024-10-20 22:45:04,NDPS ACT SEC 8(c)/20(b)/22,4,Chemical Precursors / Ephedrine,COMMERCIAL_QUANTITY,UNDER_INVESTIGATION
FIR-ERO-2026-0840,7,Erode,PS-ERO-B3,2025-10-02 19:07:34,NDPS ACT SEC 8(c)/20(b)/22,2,Synthetic Stimulants / MDMA / Meth,INTERMEDIATE_QUANTITY,PENDING_TRIAL
FIR-ARI-2026-0841,26,Ariyalur,PS-ARI-B4,2026-03-30 09:10:04,NDPS ACT SEC 8(c)/20(b)/22,1,Commercial Ganja / Cannabis,INTERMEDIATE_QUANTITY,CHARGESHEET_FILED
FIR-TIR-2026-0842,18,Tiruvallur,PS-TIR-B3,2026-03-10 08:30:07,NDPS ACT SEC 8(c)/20(b)/22,6,Unclassified / Suspicious Substance,COMMERCIAL_QUANTITY,CHARGESHEET_FILED
FIR-THI-2026-0843,33,Thiruvarur,PS-THI-B3,2024-11-27 06:17:23,NDPS ACT SEC 8(c)/20(b)/22,1,Commercial Ganja / Cannabis,COMMERCIAL_QUANTITY,UNDER_INVESTIGATION
FIR-TIR-2026-0844,18,Tiruvallur,PS-TIR-B1,2024-10-04 18:45:54,NDPS ACT SEC 8(c)/20(b)/22,4,Chemical Precursors / Ephedrine,COMMERCIAL_QUANTITY,UNDER_INVESTIGATION
FIR-TEN-2026-0845,15,Tenkasi,PS-TEN-B4,2025-12-14 13:45:48,NDPS ACT SEC 8(c)/20(b)/22,5,Opioid Analogues / Brown Sugar / Heroin,SMALL_QUANTITY,PENDING_TRIAL
FIR-SAL-2026-0846,4,Salem,PS-SAL-B1,2026-07-22 09:41:09,NDPS ACT SEC 8(c)/20(b)/22,3,Prescription Narcotics / Codeine / Alprazolam,INTERMEDIATE_QUANTITY,PENDING_TRIAL
FIR-MAD-2026-0847,3,Madurai,PS-MAD-B3,2026-02-25 17:52:54,NDPS ACT SEC 8(c)/20(b)/22,6,Unclassified / Suspicious Substance,COMMERCIAL_QUANTITY,CHARGESHEET_FILED
FIR-VIL-2026-0848,20,Viluppuram,PS-VIL-B2,2025-05-09 10:57:25,NDPS ACT SEC 8(c)/20(b)/22,2,Synthetic Stimulants / MDMA / Meth,SMALL_QUANTITY,CHARGESHEET_FILED
FIR-THI-2026-0849,33,Thiruvarur,PS-THI-B2,2025-06-17 11:51:41,NDPS ACT SEC 8(c)/20(b)/22,1,Commercial Ganja / Cannabis,SMALL_QUANTITY,CHARGESHEET_FILED
FIR-KAN-2026-0850,14,Kanniyakumari,PS-KAN-B2,2026-04-09 13:28:25,NDPS ACT SEC 8(c)/20(b)/22,6,Unclassified / Suspicious Substance,INTERMEDIATE_QUANTITY,PENDING_TRIAL
FIR-TIR-2026-0851,37,Tirupathur,PS-TIR-B4,2025-05-18 17:44:07,NDPS ACT SEC 8(c)/20(b)/22,5,Opioid Analogues / Brown Sugar / Heroin,SMALL_QUANTITY,CHARGESHEET_FILED
FIR-PUD-2026-0852,28,Pudukkottai,PS-PUD-B2,2025-03-11 17:08:12,NDPS ACT SEC 8(c)/20(b)/22,3,Prescription Narcotics / Codeine / Alprazolam,COMMERCIAL_QUANTITY,UNDER_INVESTIGATION
FIR-MAD-2026-0853,3,Madurai,PS-MAD-B1,2024-12-18 00:36:04,NDPS ACT SEC 8(c)/20(b)/22,4,Chemical Precursors / Ephedrine,INTERMEDIATE_QUANTITY,CHARGESHEET_FILED
FIR-NAG-2026-0854,34,Nagapattinam,PS-NAG-B3,2026-01-19 01:41:02,NDPS ACT SEC 8(c)/20(b)/22,1,Commercial Ganja / Cannabis,SMALL_QUANTITY,PENDING_TRIAL
FIR-TIR-2026-0855,6,Tirunelveli,PS-TIR-B3,2025-08-08 15:55:13,NDPS ACT SEC 8(c)/20(b)/22,6,Unclassified / Suspicious Substance,COMMERCIAL_QUANTITY,CHARGESHEET_FILED
FIR-PUD-2026-0856,28,Pudukkottai,PS-PUD-B3,2025-02-10 11:15:16,NDPS ACT SEC 8(c)/20(b)/22,1,Commercial Ganja / Cannabis,SMALL_QUANTITY,PENDING_TRIAL
FIR-DHA-2026-0857,22,Dharmapuri,PS-DHA-B3,2025-07-14 17:04:55,NDPS ACT SEC 8(c)/20(b)/22,1,Commercial Ganja / Cannabis,COMMERCIAL_QUANTITY,UNDER_INVESTIGATION
FIR-CHE-2026-0858,17,Chengalpattu,PS-CHE-B3,2026-03-25 01:50:31,NDPS ACT SEC 8(c)/20(b)/22,6,Unclassified / Suspicious Substance,INTERMEDIATE_QUANTITY,CHARGESHEET_FILED
FIR-THI-2026-0859,33,Thiruvarur,PS-THI-B2,2025-04-28 15:54:15,NDPS ACT SEC 8(c)/20(b)/22,6,Unclassified / Suspicious Substance,INTERMEDIATE_QUANTITY,CHARGESHEET_FILED
FIR-THA-2026-0860,12,Thanjavur,PS-THA-B4,2024-09-30 15:23:09,NDPS ACT SEC 8(c)/20(b)/22,1,Commercial Ganja / Cannabis,COMMERCIAL_QUANTITY,PENDING_TRIAL
FIR-KRI-2026-0861,10,Krishnagiri,PS-KRI-B3,2025-07-17 19:10:48,NDPS ACT SEC 8(c)/20(b)/22,4,Chemical Precursors / Ephedrine,SMALL_QUANTITY,UNDER_INVESTIGATION
FIR-CUD-2026-0862,19,Cuddalore,PS-CUD-B2,2025-11-11 12:20:05,NDPS ACT SEC 8(c)/20(b)/22,5,Opioid Analogues / Brown Sugar / Heroin,COMMERCIAL_QUANTITY,PENDING_TRIAL
FIR-TEN-2026-0863,15,Tenkasi,PS-TEN-B3,2025-08-25 05:28:06,NDPS ACT SEC 8(c)/20(b)/22,1,Commercial Ganja / Cannabis,COMMERCIAL_QUANTITY,CHARGESHEET_FILED
FIR-CHE-2026-0864,1,Chennai,PS-CHE-B4,2025-07-01 10:45:43,NDPS ACT SEC 8(c)/20(b)/22,3,Prescription Narcotics / Codeine / Alprazolam,COMMERCIAL_QUANTITY,UNDER_INVESTIGATION
FIR-VIL-2026-0865,20,Viluppuram,PS-VIL-B4,2026-01-05 20:02:02,NDPS ACT SEC 8(c)/20(b)/22,2,Synthetic Stimulants / MDMA / Meth,INTERMEDIATE_QUANTITY,UNDER_INVESTIGATION
FIR-THO-2026-0866,13,Thoothukudi,PS-THO-B2,2026-03-28 07:38:20,NDPS ACT SEC 8(c)/20(b)/22,2,Synthetic Stimulants / MDMA / Meth,COMMERCIAL_QUANTITY,CHARGESHEET_FILED
FIR-RAN-2026-0867,36,Ranipet,PS-RAN-B1,2025-04-10 10:52:15,NDPS ACT SEC 8(c)/20(b)/22,6,Unclassified / Suspicious Substance,COMMERCIAL_QUANTITY,UNDER_INVESTIGATION
FIR-THE-2026-0868,32,Theni,PS-THE-B4,2024-10-28 17:15:23,NDPS ACT SEC 8(c)/20(b)/22,2,Synthetic Stimulants / MDMA / Meth,SMALL_QUANTITY,CHARGESHEET_FILED
FIR-KAR-2026-0869,25,Karur,PS-KAR-B4,2025-09-02 11:08:24,NDPS ACT SEC 8(c)/20(b)/22,4,Chemical Precursors / Ephedrine,SMALL_QUANTITY,PENDING_TRIAL
FIR-VIR-2026-0870,31,Virudhunagar,PS-VIR-B2,2025-04-24 18:14:07,NDPS ACT SEC 8(c)/20(b)/22,6,Unclassified / Suspicious Substance,INTERMEDIATE_QUANTITY,PENDING_TRIAL
FIR-CHE-2026-0871,1,Chennai,PS-CHE-B4,2025-10-19 06:36:12,NDPS ACT SEC 8(c)/20(b)/22,6,Unclassified / Suspicious Substance,SMALL_QUANTITY,CHARGESHEET_FILED
FIR-MAD-2026-0872,3,Madurai,PS-MAD-B4,2026-03-02 23:19:07,NDPS ACT SEC 8(c)/20(b)/22,5,Opioid Analogues / Brown Sugar / Heroin,INTERMEDIATE_QUANTITY,UNDER_INVESTIGATION
FIR-TIR-2026-0873,5,Tiruchirappalli,PS-TIR-B3,2025-02-26 02:35:15,NDPS ACT SEC 8(c)/20(b)/22,5,Opioid Analogues / Brown Sugar / Heroin,COMMERCIAL_QUANTITY,UNDER_INVESTIGATION
FIR-TIR-2026-0874,18,Tiruvallur,PS-TIR-B3,2026-03-25 06:37:03,NDPS ACT SEC 8(c)/20(b)/22,3,Prescription Narcotics / Codeine / Alprazolam,INTERMEDIATE_QUANTITY,CHARGESHEET_FILED
FIR-PER-2026-0875,27,Perambalur,PS-PER-B4,2025-10-25 01:43:56,NDPS ACT SEC 8(c)/20(b)/22,1,Commercial Ganja / Cannabis,INTERMEDIATE_QUANTITY,UNDER_INVESTIGATION
FIR-KAN-2026-0876,14,Kanniyakumari,PS-KAN-B2,2025-02-04 00:28:54,NDPS ACT SEC 8(c)/20(b)/22,6,Unclassified / Suspicious Substance,INTERMEDIATE_QUANTITY,CHARGESHEET_FILED
FIR-KAN-2026-0877,16,Kancheepuram,PS-KAN-B1,2026-03-28 05:04:10,NDPS ACT SEC 8(c)/20(b)/22,5,Opioid Analogues / Brown Sugar / Heroin,SMALL_QUANTITY,UNDER_INVESTIGATION
FIR-TIR-2026-0878,37,Tirupathur,PS-TIR-B2,2025-05-06 03:12:19,NDPS ACT SEC 8(c)/20(b)/22,6,Unclassified / Suspicious Substance,INTERMEDIATE_QUANTITY,PENDING_TRIAL
FIR-SAL-2026-0879,4,Salem,PS-SAL-B1,2026-03-28 01:49:04,NDPS ACT SEC 8(c)/20(b)/22,1,Commercial Ganja / Cannabis,COMMERCIAL_QUANTITY,UNDER_INVESTIGATION
FIR-VIL-2026-0880,20,Viluppuram,PS-VIL-B3,2025-01-25 13:17:55,NDPS ACT SEC 8(c)/20(b)/22,5,Opioid Analogues / Brown Sugar / Heroin,SMALL_QUANTITY,CHARGESHEET_FILED
FIR-KAR-2026-0881,25,Karur,PS-KAR-B3,2025-08-24 02:58:34,NDPS ACT SEC 8(c)/20(b)/22,6,Unclassified / Suspicious Substance,SMALL_QUANTITY,PENDING_TRIAL
FIR-TIR-2026-0882,38,Tiruvannamalai,PS-TIR-B3,2025-11-29 03:28:27,NDPS ACT SEC 8(c)/20(b)/22,2,Synthetic Stimulants / MDMA / Meth,SMALL_QUANTITY,PENDING_TRIAL
FIR-CHE-2026-0883,17,Chengalpattu,PS-CHE-B3,2026-04-01 17:04:53,NDPS ACT SEC 8(c)/20(b)/22,1,Commercial Ganja / Cannabis,INTERMEDIATE_QUANTITY,PENDING_TRIAL
FIR-RAN-2026-0884,36,Ranipet,PS-RAN-B2,2025-11-04 20:17:14,NDPS ACT SEC 8(c)/20(b)/22,3,Prescription Narcotics / Codeine / Alprazolam,SMALL_QUANTITY,CHARGESHEET_FILED
FIR-NAM-2026-0885,23,Namakkal,PS-NAM-B4,2026-02-25 22:15:43,NDPS ACT SEC 8(c)/20(b)/22,4,Chemical Precursors / Ephedrine,SMALL_QUANTITY,PENDING_TRIAL
FIR-VEL-2026-0886,9,Vellore,PS-VEL-B1,2025-10-26 02:27:44,NDPS ACT SEC 8(c)/20(b)/22,4,Chemical Precursors / Ephedrine,COMMERCIAL_QUANTITY,UNDER_INVESTIGATION
FIR-KAL-2026-0887,21,Kallakurichi,PS-KAL-B1,2025-11-04 21:43:57,NDPS ACT SEC 8(c)/20(b)/22,4,Chemical Precursors / Ephedrine,COMMERCIAL_QUANTITY,UNDER_INVESTIGATION
FIR-VIR-2026-0888,31,Virudhunagar,PS-VIR-B1,2026-04-14 02:48:53,NDPS ACT SEC 8(c)/20(b)/22,6,Unclassified / Suspicious Substance,SMALL_QUANTITY,CHARGESHEET_FILED
FIR-CHE-2026-0889,1,Chennai,PS-CHE-B4,2024-11-18 08:56:46,NDPS ACT SEC 8(c)/20(b)/22,2,Synthetic Stimulants / MDMA / Meth,SMALL_QUANTITY,CHARGESHEET_FILED
FIR-TIR-2026-0890,38,Tiruvannamalai,PS-TIR-B1,2025-03-25 15:24:46,NDPS ACT SEC 8(c)/20(b)/22,3,Prescription Narcotics / Codeine / Alprazolam,SMALL_QUANTITY,UNDER_INVESTIGATION
FIR-PER-2026-0891,27,Perambalur,PS-PER-B4,2026-01-15 04:28:47,NDPS ACT SEC 8(c)/20(b)/22,5,Opioid Analogues / Brown Sugar / Heroin,INTERMEDIATE_QUANTITY,CHARGESHEET_FILED
FIR-VEL-2026-0892,9,Vellore,PS-VEL-B4,2026-06-21 23:41:02,NDPS ACT SEC 8(c)/20(b)/22,5,Opioid Analogues / Brown Sugar / Heroin,SMALL_QUANTITY,CHARGESHEET_FILED
FIR-CHE-2026-0893,17,Chengalpattu,PS-CHE-B1,2025-02-06 23:29:45,NDPS ACT SEC 8(c)/20(b)/22,4,Chemical Precursors / Ephedrine,INTERMEDIATE_QUANTITY,CHARGESHEET_FILED
FIR-THA-2026-0894,12,Thanjavur,PS-THA-B2,2024-11-28 09:02:08,NDPS ACT SEC 8(c)/20(b)/22,5,Opioid Analogues / Brown Sugar / Heroin,SMALL_QUANTITY,PENDING_TRIAL
FIR-TIR-2026-0895,18,Tiruvallur,PS-TIR-B2,2026-04-28 16:39:24,NDPS ACT SEC 8(c)/20(b)/22,5,Opioid Analogues / Brown Sugar / Heroin,INTERMEDIATE_QUANTITY,UNDER_INVESTIGATION
FIR-NAG-2026-0896,34,Nagapattinam,PS-NAG-B2,2025-10-27 21:37:30,NDPS ACT SEC 8(c)/20(b)/22,4,Chemical Precursors / Ephedrine,SMALL_QUANTITY,CHARGESHEET_FILED
FIR-THI-2026-0897,33,Thiruvarur,PS-THI-B3,2025-03-19 07:54:19,NDPS ACT SEC 8(c)/20(b)/22,1,Commercial Ganja / Cannabis,INTERMEDIATE_QUANTITY,UNDER_INVESTIGATION
FIR-NAM-2026-0898,23,Namakkal,PS-NAM-B3,2024-10-26 18:30:31,NDPS ACT SEC 8(c)/20(b)/22,1,Commercial Ganja / Cannabis,COMMERCIAL_QUANTITY,UNDER_INVESTIGATION
FIR-VIR-2026-0899,31,Virudhunagar,PS-VIR-B3,2026-07-03 12:16:40,NDPS ACT SEC 8(c)/20(b)/22,4,Chemical Precursors / Ephedrine,COMMERCIAL_QUANTITY,CHARGESHEET_FILED
FIR-TIR-2026-0900,38,Tiruvannamalai,PS-TIR-B4,2025-01-13 21:24:07,NDPS ACT SEC 8(c)/20(b)/22,4,Chemical Precursors / Ephedrine,SMALL_QUANTITY,CHARGESHEET_FILED
FIR-MAY-2026-0901,35,Mayiladuthurai,PS-MAY-B2,2025-10-15 14:37:39,NDPS ACT SEC 8(c)/20(b)/22,5,Opioid Analogues / Brown Sugar / Heroin,COMMERCIAL_QUANTITY,PENDING_TRIAL
FIR-ERO-2026-0902,7,Erode,PS-ERO-B2,2026-08-06 09:24:58,NDPS ACT SEC 8(c)/20(b)/22,1,Commercial Ganja / Cannabis,INTERMEDIATE_QUANTITY,UNDER_INVESTIGATION
FIR-KAN-2026-0903,14,Kanniyakumari,PS-KAN-B4,2024-10-24 16:18:37,NDPS ACT SEC 8(c)/20(b)/22,6,Unclassified / Suspicious Substance,COMMERCIAL_QUANTITY,CHARGESHEET_FILED
FIR-NIL-2026-0904,24,Nilgiris,PS-NIL-B3,2025-05-22 04:27:44,NDPS ACT SEC 8(c)/20(b)/22,6,Unclassified / Suspicious Substance,COMMERCIAL_QUANTITY,PENDING_TRIAL
FIR-ERO-2026-0905,7,Erode,PS-ERO-B2,2025-08-11 14:38:15,NDPS ACT SEC 8(c)/20(b)/22,5,Opioid Analogues / Brown Sugar / Heroin,INTERMEDIATE_QUANTITY,UNDER_INVESTIGATION
FIR-KAN-2026-0906,14,Kanniyakumari,PS-KAN-B4,2026-08-02 15:10:34,NDPS ACT SEC 8(c)/20(b)/22,5,Opioid Analogues / Brown Sugar / Heroin,SMALL_QUANTITY,UNDER_INVESTIGATION
FIR-CHE-2026-0907,17,Chengalpattu,PS-CHE-B3,2026-06-21 04:29:07,NDPS ACT SEC 8(c)/20(b)/22,4,Chemical Precursors / Ephedrine,COMMERCIAL_QUANTITY,CHARGESHEET_FILED
FIR-ARI-2026-0908,26,Ariyalur,PS-ARI-B3,2025-05-08 08:07:56,NDPS ACT SEC 8(c)/20(b)/22,5,Opioid Analogues / Brown Sugar / Heroin,INTERMEDIATE_QUANTITY,CHARGESHEET_FILED
FIR-ARI-2026-0909,26,Ariyalur,PS-ARI-B3,2026-02-18 07:28:50,NDPS ACT SEC 8(c)/20(b)/22,6,Unclassified / Suspicious Substance,COMMERCIAL_QUANTITY,PENDING_TRIAL
FIR-SIV-2026-0910,29,Sivaganga,PS-SIV-B2,2025-09-27 20:08:16,NDPS ACT SEC 8(c)/20(b)/22,2,Synthetic Stimulants / MDMA / Meth,SMALL_QUANTITY,CHARGESHEET_FILED
FIR-SAL-2026-0911,4,Salem,PS-SAL-B4,2025-01-08 06:11:20,NDPS ACT SEC 8(c)/20(b)/22,5,Opioid Analogues / Brown Sugar / Heroin,COMMERCIAL_QUANTITY,PENDING_TRIAL
FIR-KRI-2026-0912,10,Krishnagiri,PS-KRI-B3,2025-10-29 05:09:02,NDPS ACT SEC 8(c)/20(b)/22,1,Commercial Ganja / Cannabis,INTERMEDIATE_QUANTITY,CHARGESHEET_FILED
FIR-DIN-2026-0913,11,Dindigul,PS-DIN-B4,2024-10-10 19:59:23,NDPS ACT SEC 8(c)/20(b)/22,3,Prescription Narcotics / Codeine / Alprazolam,INTERMEDIATE_QUANTITY,PENDING_TRIAL
FIR-ERO-2026-0914,7,Erode,PS-ERO-B1,2024-09-25 17:22:53,NDPS ACT SEC 8(c)/20(b)/22,4,Chemical Precursors / Ephedrine,SMALL_QUANTITY,CHARGESHEET_FILED
FIR-TIR-2026-0915,8,Tiruppur,PS-TIR-B3,2024-09-29 21:33:45,NDPS ACT SEC 8(c)/20(b)/22,4,Chemical Precursors / Ephedrine,COMMERCIAL_QUANTITY,PENDING_TRIAL
FIR-VEL-2026-0916,9,Vellore,PS-VEL-B3,2025-12-21 01:08:06,NDPS ACT SEC 8(c)/20(b)/22,6,Unclassified / Suspicious Substance,INTERMEDIATE_QUANTITY,UNDER_INVESTIGATION
FIR-COI-2026-0917,2,Coimbatore,PS-COI-B1,2025-04-15 22:00:24,NDPS ACT SEC 8(c)/20(b)/22,1,Commercial Ganja / Cannabis,COMMERCIAL_QUANTITY,CHARGESHEET_FILED
FIR-CHE-2026-0918,1,Chennai,PS-CHE-B4,2025-06-04 22:02:26,NDPS ACT SEC 8(c)/20(b)/22,2,Synthetic Stimulants / MDMA / Meth,INTERMEDIATE_QUANTITY,CHARGESHEET_FILED
FIR-THA-2026-0919,12,Thanjavur,PS-THA-B4,2024-11-14 23:01:06,NDPS ACT SEC 8(c)/20(b)/22,6,Unclassified / Suspicious Substance,INTERMEDIATE_QUANTITY,PENDING_TRIAL
FIR-TIR-2026-0920,38,Tiruvannamalai,PS-TIR-B2,2026-05-31 02:45:32,NDPS ACT SEC 8(c)/20(b)/22,2,Synthetic Stimulants / MDMA / Meth,INTERMEDIATE_QUANTITY,CHARGESHEET_FILED
FIR-DIN-2026-0921,11,Dindigul,PS-DIN-B4,2025-01-08 15:56:20,NDPS ACT SEC 8(c)/20(b)/22,1,Commercial Ganja / Cannabis,COMMERCIAL_QUANTITY,UNDER_INVESTIGATION
FIR-THE-2026-0922,32,Theni,PS-THE-B3,2026-01-10 23:38:47,NDPS ACT SEC 8(c)/20(b)/22,3,Prescription Narcotics / Codeine / Alprazolam,SMALL_QUANTITY,UNDER_INVESTIGATION
FIR-CHE-2026-0923,1,Chennai,PS-CHE-B3,2025-04-18 00:44:12,NDPS ACT SEC 8(c)/20(b)/22,6,Unclassified / Suspicious Substance,INTERMEDIATE_QUANTITY,CHARGESHEET_FILED
FIR-CUD-2026-0924,19,Cuddalore,PS-CUD-B2,2024-10-11 00:06:59,NDPS ACT SEC 8(c)/20(b)/22,3,Prescription Narcotics / Codeine / Alprazolam,COMMERCIAL_QUANTITY,PENDING_TRIAL
FIR-KAL-2026-0925,21,Kallakurichi,PS-KAL-B1,2026-03-07 05:14:39,NDPS ACT SEC 8(c)/20(b)/22,1,Commercial Ganja / Cannabis,COMMERCIAL_QUANTITY,CHARGESHEET_FILED
FIR-VIL-2026-0926,20,Viluppuram,PS-VIL-B3,2026-03-09 16:56:37,NDPS ACT SEC 8(c)/20(b)/22,5,Opioid Analogues / Brown Sugar / Heroin,SMALL_QUANTITY,CHARGESHEET_FILED
FIR-RAN-2026-0927,36,Ranipet,PS-RAN-B2,2025-11-30 22:06:40,NDPS ACT SEC 8(c)/20(b)/22,1,Commercial Ganja / Cannabis,SMALL_QUANTITY,PENDING_TRIAL
FIR-COI-2026-0928,2,Coimbatore,PS-COI-B1,2026-03-11 00:35:56,NDPS ACT SEC 8(c)/20(b)/22,4,Chemical Precursors / Ephedrine,INTERMEDIATE_QUANTITY,CHARGESHEET_FILED
FIR-VIL-2026-0929,20,Viluppuram,PS-VIL-B1,2025-03-09 13:34:27,NDPS ACT SEC 8(c)/20(b)/22,1,Commercial Ganja / Cannabis,COMMERCIAL_QUANTITY,UNDER_INVESTIGATION
FIR-VIL-2026-0930,20,Viluppuram,PS-VIL-B4,2026-06-18 22:25:21,NDPS ACT SEC 8(c)/20(b)/22,4,Chemical Precursors / Ephedrine,INTERMEDIATE_QUANTITY,UNDER_INVESTIGATION
FIR-MAD-2026-0931,3,Madurai,PS-MAD-B4,2026-01-07 01:32:28,NDPS ACT SEC 8(c)/20(b)/22,1,Commercial Ganja / Cannabis,COMMERCIAL_QUANTITY,UNDER_INVESTIGATION
FIR-TIR-2026-0932,8,Tiruppur,PS-TIR-B2,2025-12-17 17:38:43,NDPS ACT SEC 8(c)/20(b)/22,4,Chemical Precursors / Ephedrine,SMALL_QUANTITY,PENDING_TRIAL
FIR-TEN-2026-0933,15,Tenkasi,PS-TEN-B2,2026-06-04 04:00:24,NDPS ACT SEC 8(c)/20(b)/22,6,Unclassified / Suspicious Substance,COMMERCIAL_QUANTITY,UNDER_INVESTIGATION
FIR-KAR-2026-0934,25,Karur,PS-KAR-B4,2026-03-18 14:00:22,NDPS ACT SEC 8(c)/20(b)/22,1,Commercial Ganja / Cannabis,SMALL_QUANTITY,UNDER_INVESTIGATION
FIR-CHE-2026-0935,1,Chennai,PS-CHE-B3,2026-07-30 09:13:51,NDPS ACT SEC 8(c)/20(b)/22,5,Opioid Analogues / Brown Sugar / Heroin,INTERMEDIATE_QUANTITY,UNDER_INVESTIGATION
FIR-VEL-2026-0936,9,Vellore,PS-VEL-B2,2026-07-27 15:53:46,NDPS ACT SEC 8(c)/20(b)/22,5,Opioid Analogues / Brown Sugar / Heroin,COMMERCIAL_QUANTITY,PENDING_TRIAL
FIR-NAG-2026-0937,34,Nagapattinam,PS-NAG-B1,2025-02-17 09:47:54,NDPS ACT SEC 8(c)/20(b)/22,2,Synthetic Stimulants / MDMA / Meth,SMALL_QUANTITY,PENDING_TRIAL
FIR-ARI-2026-0938,26,Ariyalur,PS-ARI-B1,2024-11-06 02:39:19,NDPS ACT SEC 8(c)/20(b)/22,2,Synthetic Stimulants / MDMA / Meth,INTERMEDIATE_QUANTITY,CHARGESHEET_FILED
FIR-PER-2026-0939,27,Perambalur,PS-PER-B1,2025-10-22 18:18:21,NDPS ACT SEC 8(c)/20(b)/22,4,Chemical Precursors / Ephedrine,SMALL_QUANTITY,PENDING_TRIAL
FIR-MAY-2026-0940,35,Mayiladuthurai,PS-MAY-B1,2025-11-21 13:29:50,NDPS ACT SEC 8(c)/20(b)/22,1,Commercial Ganja / Cannabis,SMALL_QUANTITY,PENDING_TRIAL
FIR-PUD-2026-0941,28,Pudukkottai,PS-PUD-B2,2025-10-25 13:13:20,NDPS ACT SEC 8(c)/20(b)/22,3,Prescription Narcotics / Codeine / Alprazolam,COMMERCIAL_QUANTITY,CHARGESHEET_FILED
FIR-TIR-2026-0942,6,Tirunelveli,PS-TIR-B4,2025-09-08 03:07:39,NDPS ACT SEC 8(c)/20(b)/22,6,Unclassified / Suspicious Substance,INTERMEDIATE_QUANTITY,CHARGESHEET_FILED
FIR-THO-2026-0943,13,Thoothukudi,PS-THO-B1,2024-10-15 20:19:39,NDPS ACT SEC 8(c)/20(b)/22,2,Synthetic Stimulants / MDMA / Meth,INTERMEDIATE_QUANTITY,UNDER_INVESTIGATION
FIR-DIN-2026-0944,11,Dindigul,PS-DIN-B4,2026-02-20 10:51:30,NDPS ACT SEC 8(c)/20(b)/22,2,Synthetic Stimulants / MDMA / Meth,SMALL_QUANTITY,PENDING_TRIAL
FIR-PUD-2026-0945,28,Pudukkottai,PS-PUD-B1,2026-07-05 18:35:36,NDPS ACT SEC 8(c)/20(b)/22,6,Unclassified / Suspicious Substance,SMALL_QUANTITY,PENDING_TRIAL
FIR-PER-2026-0946,27,Perambalur,PS-PER-B1,2025-11-17 23:46:03,NDPS ACT SEC 8(c)/20(b)/22,4,Chemical Precursors / Ephedrine,INTERMEDIATE_QUANTITY,PENDING_TRIAL
FIR-THO-2026-0947,13,Thoothukudi,PS-THO-B2,2025-09-05 02:34:42,NDPS ACT SEC 8(c)/20(b)/22,2,Synthetic Stimulants / MDMA / Meth,COMMERCIAL_QUANTITY,UNDER_INVESTIGATION
FIR-CHE-2026-0948,1,Chennai,PS-CHE-B3,2025-05-20 04:00:46,NDPS ACT SEC 8(c)/20(b)/22,1,Commercial Ganja / Cannabis,COMMERCIAL_QUANTITY,UNDER_INVESTIGATION
FIR-TIR-2026-0949,6,Tirunelveli,PS-TIR-B4,2026-08-18 11:19:21,NDPS ACT SEC 8(c)/20(b)/22,1,Commercial Ganja / Cannabis,SMALL_QUANTITY,CHARGESHEET_FILED
FIR-TEN-2026-0950,15,Tenkasi,PS-TEN-B4,2026-08-08 04:57:44,NDPS ACT SEC 8(c)/20(b)/22,1,Commercial Ganja / Cannabis,SMALL_QUANTITY,PENDING_TRIAL
FIR-TEN-2026-0951,15,Tenkasi,PS-TEN-B2,2026-06-15 11:02:34,NDPS ACT SEC 8(c)/20(b)/22,3,Prescription Narcotics / Codeine / Alprazolam,SMALL_QUANTITY,PENDING_TRIAL
FIR-COI-2026-0952,2,Coimbatore,PS-COI-B2,2025-11-09 18:57:01,NDPS ACT SEC 8(c)/20(b)/22,5,Opioid Analogues / Brown Sugar / Heroin,SMALL_QUANTITY,CHARGESHEET_FILED
FIR-CHE-2026-0953,1,Chennai,PS-CHE-B4,2026-05-01 08:48:43,NDPS ACT SEC 8(c)/20(b)/22,1,Commercial Ganja / Cannabis,SMALL_QUANTITY,PENDING_TRIAL
FIR-KRI-2026-0954,10,Krishnagiri,PS-KRI-B1,2025-03-12 09:48:31,NDPS ACT SEC 8(c)/20(b)/22,6,Unclassified / Suspicious Substance,SMALL_QUANTITY,CHARGESHEET_FILED
FIR-ERO-2026-0955,7,Erode,PS-ERO-B4,2026-08-17 18:55:29,NDPS ACT SEC 8(c)/20(b)/22,1,Commercial Ganja / Cannabis,COMMERCIAL_QUANTITY,CHARGESHEET_FILED
FIR-THA-2026-0956,12,Thanjavur,PS-THA-B2,2025-06-16 03:26:37,NDPS ACT SEC 8(c)/20(b)/22,2,Synthetic Stimulants / MDMA / Meth,SMALL_QUANTITY,CHARGESHEET_FILED
FIR-PUD-2026-0957,28,Pudukkottai,PS-PUD-B2,2026-01-05 10:56:30,NDPS ACT SEC 8(c)/20(b)/22,6,Unclassified / Suspicious Substance,INTERMEDIATE_QUANTITY,CHARGESHEET_FILED
FIR-TIR-2026-0958,8,Tiruppur,PS-TIR-B1,2024-09-22 02:31:03,NDPS ACT SEC 8(c)/20(b)/22,1,Commercial Ganja / Cannabis,COMMERCIAL_QUANTITY,CHARGESHEET_FILED
FIR-KAN-2026-0959,16,Kancheepuram,PS-KAN-B1,2025-09-17 19:22:30,NDPS ACT SEC 8(c)/20(b)/22,4,Chemical Precursors / Ephedrine,COMMERCIAL_QUANTITY,CHARGESHEET_FILED
FIR-CUD-2026-0960,19,Cuddalore,PS-CUD-B2,2025-09-08 17:37:44,NDPS ACT SEC 8(c)/20(b)/22,1,Commercial Ganja / Cannabis,COMMERCIAL_QUANTITY,UNDER_INVESTIGATION
FIR-CHE-2026-0961,1,Chennai,PS-CHE-B1,2025-04-11 17:54:18,NDPS ACT SEC 8(c)/20(b)/22,5,Opioid Analogues / Brown Sugar / Heroin,SMALL_QUANTITY,PENDING_TRIAL
FIR-THA-2026-0962,12,Thanjavur,PS-THA-B1,2025-04-08 22:10:51,NDPS ACT SEC 8(c)/20(b)/22,1,Commercial Ganja / Cannabis,SMALL_QUANTITY,CHARGESHEET_FILED
FIR-KAN-2026-0963,14,Kanniyakumari,PS-KAN-B2,2026-02-17 02:35:46,NDPS ACT SEC 8(c)/20(b)/22,3,Prescription Narcotics / Codeine / Alprazolam,COMMERCIAL_QUANTITY,UNDER_INVESTIGATION
FIR-TIR-2026-0964,37,Tirupathur,PS-TIR-B4,2025-06-23 00:26:37,NDPS ACT SEC 8(c)/20(b)/22,5,Opioid Analogues / Brown Sugar / Heroin,COMMERCIAL_QUANTITY,PENDING_TRIAL
FIR-DHA-2026-0965,22,Dharmapuri,PS-DHA-B1,2025-07-30 04:45:21,NDPS ACT SEC 8(c)/20(b)/22,5,Opioid Analogues / Brown Sugar / Heroin,SMALL_QUANTITY,CHARGESHEET_FILED
FIR-TIR-2026-0966,37,Tirupathur,PS-TIR-B2,2026-06-16 10:52:35,NDPS ACT SEC 8(c)/20(b)/22,6,Unclassified / Suspicious Substance,INTERMEDIATE_QUANTITY,UNDER_INVESTIGATION
FIR-TIR-2026-0967,8,Tiruppur,PS-TIR-B3,2025-04-20 02:36:36,NDPS ACT SEC 8(c)/20(b)/22,5,Opioid Analogues / Brown Sugar / Heroin,SMALL_QUANTITY,UNDER_INVESTIGATION
FIR-CHE-2026-0968,1,Chennai,PS-CHE-B3,2024-12-13 18:47:27,NDPS ACT SEC 8(c)/20(b)/22,4,Chemical Precursors / Ephedrine,SMALL_QUANTITY,UNDER_INVESTIGATION
FIR-KRI-2026-0969,10,Krishnagiri,PS-KRI-B4,2025-11-19 01:15:04,NDPS ACT SEC 8(c)/20(b)/22,4,Chemical Precursors / Ephedrine,INTERMEDIATE_QUANTITY,CHARGESHEET_FILED
FIR-CUD-2026-0970,19,Cuddalore,PS-CUD-B4,2026-07-18 03:15:17,NDPS ACT SEC 8(c)/20(b)/22,2,Synthetic Stimulants / MDMA / Meth,COMMERCIAL_QUANTITY,CHARGESHEET_FILED
FIR-THI-2026-0971,33,Thiruvarur,PS-THI-B4,2025-12-24 13:13:07,NDPS ACT SEC 8(c)/20(b)/22,5,Opioid Analogues / Brown Sugar / Heroin,SMALL_QUANTITY,CHARGESHEET_FILED
FIR-COI-2026-0972,2,Coimbatore,PS-COI-B1,2024-11-29 19:26:02,NDPS ACT SEC 8(c)/20(b)/22,6,Unclassified / Suspicious Substance,INTERMEDIATE_QUANTITY,PENDING_TRIAL
FIR-ERO-2026-0973,7,Erode,PS-ERO-B1,2025-12-01 23:33:41,NDPS ACT SEC 8(c)/20(b)/22,3,Prescription Narcotics / Codeine / Alprazolam,COMMERCIAL_QUANTITY,CHARGESHEET_FILED
FIR-TIR-2026-0974,38,Tiruvannamalai,PS-TIR-B1,2025-05-01 16:39:14,NDPS ACT SEC 8(c)/20(b)/22,1,Commercial Ganja / Cannabis,INTERMEDIATE_QUANTITY,CHARGESHEET_FILED
FIR-KRI-2026-0975,10,Krishnagiri,PS-KRI-B2,2026-07-30 19:51:06,NDPS ACT SEC 8(c)/20(b)/22,1,Commercial Ganja / Cannabis,COMMERCIAL_QUANTITY,PENDING_TRIAL
FIR-NAG-2026-0976,34,Nagapattinam,PS-NAG-B3,2024-10-06 14:27:28,NDPS ACT SEC 8(c)/20(b)/22,6,Unclassified / Suspicious Substance,COMMERCIAL_QUANTITY,CHARGESHEET_FILED
FIR-DHA-2026-0977,22,Dharmapuri,PS-DHA-B2,2026-04-04 02:52:18,NDPS ACT SEC 8(c)/20(b)/22,1,Commercial Ganja / Cannabis,SMALL_QUANTITY,UNDER_INVESTIGATION
FIR-NAG-2026-0978,34,Nagapattinam,PS-NAG-B1,2024-11-27 00:32:44,NDPS ACT SEC 8(c)/20(b)/22,6,Unclassified / Suspicious Substance,SMALL_QUANTITY,PENDING_TRIAL
FIR-SAL-2026-0979,4,Salem,PS-SAL-B2,2025-12-16 12:50:32,NDPS ACT SEC 8(c)/20(b)/22,6,Unclassified / Suspicious Substance,INTERMEDIATE_QUANTITY,CHARGESHEET_FILED
FIR-COI-2026-0980,2,Coimbatore,PS-COI-B3,2025-04-27 21:28:05,NDPS ACT SEC 8(c)/20(b)/22,1,Commercial Ganja / Cannabis,SMALL_QUANTITY,UNDER_INVESTIGATION
FIR-TIR-2026-0981,38,Tiruvannamalai,PS-TIR-B2,2025-09-05 20:17:57,NDPS ACT SEC 8(c)/20(b)/22,4,Chemical Precursors / Ephedrine,COMMERCIAL_QUANTITY,UNDER_INVESTIGATION
FIR-RAN-2026-0982,36,Ranipet,PS-RAN-B1,2026-07-25 14:28:45,NDPS ACT SEC 8(c)/20(b)/22,3,Prescription Narcotics / Codeine / Alprazolam,SMALL_QUANTITY,CHARGESHEET_FILED
FIR-VEL-2026-0983,9,Vellore,PS-VEL-B4,2025-07-04 19:31:59,NDPS ACT SEC 8(c)/20(b)/22,3,Prescription Narcotics / Codeine / Alprazolam,INTERMEDIATE_QUANTITY,UNDER_INVESTIGATION
FIR-THA-2026-0984,12,Thanjavur,PS-THA-B1,2024-10-25 21:53:35,NDPS ACT SEC 8(c)/20(b)/22,6,Unclassified / Suspicious Substance,COMMERCIAL_QUANTITY,PENDING_TRIAL
FIR-CHE-2026-0985,1,Chennai,PS-CHE-B4,2026-06-02 20:34:31,NDPS ACT SEC 8(c)/20(b)/22,1,Commercial Ganja / Cannabis,SMALL_QUANTITY,CHARGESHEET_FILED
FIR-NIL-2026-0986,24,Nilgiris,PS-NIL-B2,2025-12-13 06:17:04,NDPS ACT SEC 8(c)/20(b)/22,2,Synthetic Stimulants / MDMA / Meth,INTERMEDIATE_QUANTITY,PENDING_TRIAL
FIR-THI-2026-0987,33,Thiruvarur,PS-THI-B2,2025-05-01 10:46:51,NDPS ACT SEC 8(c)/20(b)/22,2,Synthetic Stimulants / MDMA / Meth,COMMERCIAL_QUANTITY,UNDER_INVESTIGATION
FIR-ERO-2026-0988,7,Erode,PS-ERO-B3,2024-10-09 02:28:58,NDPS ACT SEC 8(c)/20(b)/22,2,Synthetic Stimulants / MDMA / Meth,INTERMEDIATE_QUANTITY,CHARGESHEET_FILED
FIR-COI-2026-0989,2,Coimbatore,PS-COI-B1,2025-09-13 12:24:00,NDPS ACT SEC 8(c)/20(b)/22,6,Unclassified / Suspicious Substance,INTERMEDIATE_QUANTITY,PENDING_TRIAL
FIR-NAG-2026-0990,34,Nagapattinam,PS-NAG-B4,2026-06-13 16:02:19,NDPS ACT SEC 8(c)/20(b)/22,2,Synthetic Stimulants / MDMA / Meth,INTERMEDIATE_QUANTITY,UNDER_INVESTIGATION
FIR-NAM-2026-0991,23,Namakkal,PS-NAM-B1,2025-10-15 19:07:30,NDPS ACT SEC 8(c)/20(b)/22,3,Prescription Narcotics / Codeine / Alprazolam,INTERMEDIATE_QUANTITY,PENDING_TRIAL
FIR-KAN-2026-0992,16,Kancheepuram,PS-KAN-B1,2026-01-23 04:34:45,NDPS ACT SEC 8(c)/20(b)/22,3,Prescription Narcotics / Codeine / Alprazolam,SMALL_QUANTITY,UNDER_INVESTIGATION
FIR-THI-2026-0993,33,Thiruvarur,PS-THI-B4,2025-04-29 04:17:33,NDPS ACT SEC 8(c)/20(b)/22,4,Chemical Precursors / Ephedrine,INTERMEDIATE_QUANTITY,PENDING_TRIAL
FIR-THI-2026-0994,33,Thiruvarur,PS-THI-B4,2025-08-31 20:19:34,NDPS ACT SEC 8(c)/20(b)/22,2,Synthetic Stimulants / MDMA / Meth,INTERMEDIATE_QUANTITY,PENDING_TRIAL
FIR-TEN-2026-0995,15,Tenkasi,PS-TEN-B2,2024-10-05 15:55:21,NDPS ACT SEC 8(c)/20(b)/22,1,Commercial Ganja / Cannabis,COMMERCIAL_QUANTITY,CHARGESHEET_FILED
FIR-MAD-2026-0996,3,Madurai,PS-MAD-B1,2024-12-08 07:59:49,NDPS ACT SEC 8(c)/20(b)/22,1,Commercial Ganja / Cannabis,INTERMEDIATE_QUANTITY,UNDER_INVESTIGATION
FIR-MAD-2026-0997,3,Madurai,PS-MAD-B2,2025-12-21 04:45:13,NDPS ACT SEC 8(c)/20(b)/22,4,Chemical Precursors / Ephedrine,SMALL_QUANTITY,UNDER_INVESTIGATION
FIR-NIL-2026-0998,24,Nilgiris,PS-NIL-B3,2025-06-20 14:42:24,NDPS ACT SEC 8(c)/20(b)/22,2,Synthetic Stimulants / MDMA / Meth,COMMERCIAL_QUANTITY,CHARGESHEET_FILED
FIR-KRI-2026-0999,10,Krishnagiri,PS-KRI-B2,2025-02-27 03:57:33,NDPS ACT SEC 8(c)/20(b)/22,1,Commercial Ganja / Cannabis,COMMERCIAL_QUANTITY,UNDER_INVESTIGATION
FIR-THI-2026-1000,33,Thiruvarur,PS-THI-B3,2026-01-10 23:39:34,NDPS ACT SEC 8(c)/20(b)/22,5,Opioid Analogues / Brown Sugar / Heroin,INTERMEDIATE_QUANTITY,PENDING_TRIAL
FIR-VIR-2026-1001,31,Virudhunagar,PS-VIR-B3,2025-07-12 04:15:57,NDPS ACT SEC 8(c)/20(b)/22,6,Unclassified / Suspicious Substance,INTERMEDIATE_QUANTITY,CHARGESHEET_FILED
FIR-CHE-2026-1002,17,Chengalpattu,PS-CHE-B4,2026-02-09 12:37:56,NDPS ACT SEC 8(c)/20(b)/22,1,Commercial Ganja / Cannabis,INTERMEDIATE_QUANTITY,UNDER_INVESTIGATION
FIR-PUD-2026-1003,28,Pudukkottai,PS-PUD-B1,2026-05-02 09:59:44,NDPS ACT SEC 8(c)/20(b)/22,6,Unclassified / Suspicious Substance,SMALL_QUANTITY,UNDER_INVESTIGATION
FIR-TEN-2026-1004,15,Tenkasi,PS-TEN-B4,2024-10-27 13:00:56,NDPS ACT SEC 8(c)/20(b)/22,1,Commercial Ganja / Cannabis,INTERMEDIATE_QUANTITY,CHARGESHEET_FILED
FIR-VEL-2026-1005,9,Vellore,PS-VEL-B4,2026-08-03 18:07:40,NDPS ACT SEC 8(c)/20(b)/22,3,Prescription Narcotics / Codeine / Alprazolam,SMALL_QUANTITY,CHARGESHEET_FILED
FIR-TEN-2026-1006,15,Tenkasi,PS-TEN-B1,2025-04-22 19:00:30,NDPS ACT SEC 8(c)/20(b)/22,6,Unclassified / Suspicious Substance,SMALL_QUANTITY,CHARGESHEET_FILED
FIR-ARI-2026-1007,26,Ariyalur,PS-ARI-B1,2026-03-23 10:02:44,NDPS ACT SEC 8(c)/20(b)/22,1,Commercial Ganja / Cannabis,INTERMEDIATE_QUANTITY,CHARGESHEET_FILED
FIR-THO-2026-1008,13,Thoothukudi,PS-THO-B2,2025-03-30 19:05:01,NDPS ACT SEC 8(c)/20(b)/22,3,Prescription Narcotics / Codeine / Alprazolam,SMALL_QUANTITY,UNDER_INVESTIGATION
FIR-ARI-2026-1009,26,Ariyalur,PS-ARI-B1,2026-03-16 22:35:09,NDPS ACT SEC 8(c)/20(b)/22,5,Opioid Analogues / Brown Sugar / Heroin,INTERMEDIATE_QUANTITY,CHARGESHEET_FILED
FIR-VIL-2026-1010,20,Viluppuram,PS-VIL-B4,2026-02-25 07:59:29,NDPS ACT SEC 8(c)/20(b)/22,3,Prescription Narcotics / Codeine / Alprazolam,COMMERCIAL_QUANTITY,UNDER_INVESTIGATION
FIR-NAM-2026-1011,23,Namakkal,PS-NAM-B4,2026-07-21 21:16:18,NDPS ACT SEC 8(c)/20(b)/22,5,Opioid Analogues / Brown Sugar / Heroin,SMALL_QUANTITY,CHARGESHEET_FILED
FIR-COI-2026-1012,2,Coimbatore,PS-COI-B3,2024-10-16 20:30:56,NDPS ACT SEC 8(c)/20(b)/22,4,Chemical Precursors / Ephedrine,INTERMEDIATE_QUANTITY,UNDER_INVESTIGATION
FIR-TIR-2026-1013,6,Tirunelveli,PS-TIR-B3,2025-03-01 02:26:36,NDPS ACT SEC 8(c)/20(b)/22,4,Chemical Precursors / Ephedrine,INTERMEDIATE_QUANTITY,UNDER_INVESTIGATION
FIR-RAN-2026-1014,36,Ranipet,PS-RAN-B3,2025-04-26 16:07:50,NDPS ACT SEC 8(c)/20(b)/22,6,Unclassified / Suspicious Substance,COMMERCIAL_QUANTITY,PENDING_TRIAL
FIR-TIR-2026-1015,8,Tiruppur,PS-TIR-B4,2025-03-06 19:33:31,NDPS ACT SEC 8(c)/20(b)/22,2,Synthetic Stimulants / MDMA / Meth,SMALL_QUANTITY,PENDING_TRIAL
FIR-NAG-2026-1016,34,Nagapattinam,PS-NAG-B4,2026-05-04 05:45:27,NDPS ACT SEC 8(c)/20(b)/22,2,Synthetic Stimulants / MDMA / Meth,COMMERCIAL_QUANTITY,CHARGESHEET_FILED
FIR-CHE-2026-1017,17,Chengalpattu,PS-CHE-B2,2025-06-25 04:54:24,NDPS ACT SEC 8(c)/20(b)/22,4,Chemical Precursors / Ephedrine,SMALL_QUANTITY,CHARGESHEET_FILED
FIR-TIR-2026-1018,5,Tiruchirappalli,PS-TIR-B1,2025-06-06 12:00:58,NDPS ACT SEC 8(c)/20(b)/22,1,Commercial Ganja / Cannabis,SMALL_QUANTITY,CHARGESHEET_FILED
FIR-MAD-2026-1019,3,Madurai,PS-MAD-B4,2025-07-31 10:48:13,NDPS ACT SEC 8(c)/20(b)/22,1,Commercial Ganja / Cannabis,INTERMEDIATE_QUANTITY,CHARGESHEET_FILED
FIR-TIR-2026-1020,38,Tiruvannamalai,PS-TIR-B3,2025-08-31 06:36:38,NDPS ACT SEC 8(c)/20(b)/22,5,Opioid Analogues / Brown Sugar / Heroin,COMMERCIAL_QUANTITY,PENDING_TRIAL
FIR-KAN-2026-1021,16,Kancheepuram,PS-KAN-B4,2025-03-04 09:49:32,NDPS ACT SEC 8(c)/20(b)/22,2,Synthetic Stimulants / MDMA / Meth,SMALL_QUANTITY,CHARGESHEET_FILED
FIR-DIN-2026-1022,11,Dindigul,PS-DIN-B1,2025-03-24 10:25:48,NDPS ACT SEC 8(c)/20(b)/22,6,Unclassified / Suspicious Substance,SMALL_QUANTITY,CHARGESHEET_FILED
FIR-DIN-2026-1023,11,Dindigul,PS-DIN-B2,2026-03-01 19:32:30,NDPS ACT SEC 8(c)/20(b)/22,1,Commercial Ganja / Cannabis,COMMERCIAL_QUANTITY,UNDER_INVESTIGATION
FIR-SAL-2026-1024,4,Salem,PS-SAL-B2,2025-05-02 18:47:55,NDPS ACT SEC 8(c)/20(b)/22,3,Prescription Narcotics / Codeine / Alprazolam,COMMERCIAL_QUANTITY,CHARGESHEET_FILED
FIR-VIR-2026-1025,31,Virudhunagar,PS-VIR-B3,2025-08-08 18:43:06,NDPS ACT SEC 8(c)/20(b)/22,1,Commercial Ganja / Cannabis,COMMERCIAL_QUANTITY,UNDER_INVESTIGATION
FIR-TEN-2026-1026,15,Tenkasi,PS-TEN-B2,2024-09-28 08:48:11,NDPS ACT SEC 8(c)/20(b)/22,5,Opioid Analogues / Brown Sugar / Heroin,COMMERCIAL_QUANTITY,UNDER_INVESTIGATION
FIR-COI-2026-1027,2,Coimbatore,PS-COI-B2,2026-06-07 14:46:26,NDPS ACT SEC 8(c)/20(b)/22,6,Unclassified / Suspicious Substance,COMMERCIAL_QUANTITY,PENDING_TRIAL
FIR-KAN-2026-1028,16,Kancheepuram,PS-KAN-B4,2025-11-17 10:08:09,NDPS ACT SEC 8(c)/20(b)/22,6,Unclassified / Suspicious Substance,SMALL_QUANTITY,UNDER_INVESTIGATION
FIR-THI-2026-1029,33,Thiruvarur,PS-THI-B1,2026-05-18 11:43:59,NDPS ACT SEC 8(c)/20(b)/22,3,Prescription Narcotics / Codeine / Alprazolam,INTERMEDIATE_QUANTITY,CHARGESHEET_FILED
FIR-NAG-2026-1030,34,Nagapattinam,PS-NAG-B2,2026-04-08 21:16:33,NDPS ACT SEC 8(c)/20(b)/22,6,Unclassified / Suspicious Substance,SMALL_QUANTITY,UNDER_INVESTIGATION
FIR-DHA-2026-1031,22,Dharmapuri,PS-DHA-B3,2024-11-08 15:20:37,NDPS ACT SEC 8(c)/20(b)/22,4,Chemical Precursors / Ephedrine,COMMERCIAL_QUANTITY,PENDING_TRIAL
FIR-NAG-2026-1032,34,Nagapattinam,PS-NAG-B2,2025-08-31 17:02:02,NDPS ACT SEC 8(c)/20(b)/22,4,Chemical Precursors / Ephedrine,COMMERCIAL_QUANTITY,UNDER_INVESTIGATION
FIR-TIR-2026-1033,37,Tirupathur,PS-TIR-B1,2024-10-28 00:34:02,NDPS ACT SEC 8(c)/20(b)/22,5,Opioid Analogues / Brown Sugar / Heroin,COMMERCIAL_QUANTITY,UNDER_INVESTIGATION
FIR-TIR-2026-1034,38,Tiruvannamalai,PS-TIR-B1,2025-08-09 12:25:05,NDPS ACT SEC 8(c)/20(b)/22,1,Commercial Ganja / Cannabis,SMALL_QUANTITY,CHARGESHEET_FILED
FIR-DHA-2026-1035,22,Dharmapuri,PS-DHA-B4,2026-05-15 12:23:23,NDPS ACT SEC 8(c)/20(b)/22,5,Opioid Analogues / Brown Sugar / Heroin,COMMERCIAL_QUANTITY,UNDER_INVESTIGATION
FIR-RAM-2026-1036,30,Ramanathapuram,PS-RAM-B1,2025-06-10 10:37:40,NDPS ACT SEC 8(c)/20(b)/22,5,Opioid Analogues / Brown Sugar / Heroin,COMMERCIAL_QUANTITY,PENDING_TRIAL
FIR-CUD-2026-1037,19,Cuddalore,PS-CUD-B2,2025-06-19 10:36:35,NDPS ACT SEC 8(c)/20(b)/22,5,Opioid Analogues / Brown Sugar / Heroin,SMALL_QUANTITY,PENDING_TRIAL
FIR-ARI-2026-1038,26,Ariyalur,PS-ARI-B1,2024-12-02 04:01:00,NDPS ACT SEC 8(c)/20(b)/22,4,Chemical Precursors / Ephedrine,INTERMEDIATE_QUANTITY,UNDER_INVESTIGATION
FIR-PER-2026-1039,27,Perambalur,PS-PER-B3,2026-02-08 01:08:03,NDPS ACT SEC 8(c)/20(b)/22,2,Synthetic Stimulants / MDMA / Meth,SMALL_QUANTITY,CHARGESHEET_FILED
FIR-SAL-2026-1040,4,Salem,PS-SAL-B4,2026-06-15 10:59:48,NDPS ACT SEC 8(c)/20(b)/22,5,Opioid Analogues / Brown Sugar / Heroin,COMMERCIAL_QUANTITY,CHARGESHEET_FILED
FIR-CHE-2026-1041,17,Chengalpattu,PS-CHE-B4,2025-11-17 10:19:33,NDPS ACT SEC 8(c)/20(b)/22,6,Unclassified / Suspicious Substance,INTERMEDIATE_QUANTITY,UNDER_INVESTIGATION
FIR-VIR-2026-1042,31,Virudhunagar,PS-VIR-B4,2025-07-29 08:55:46,NDPS ACT SEC 8(c)/20(b)/22,2,Synthetic Stimulants / MDMA / Meth,SMALL_QUANTITY,UNDER_INVESTIGATION
FIR-NAM-2026-1043,23,Namakkal,PS-NAM-B4,2025-11-09 04:55:14,NDPS ACT SEC 8(c)/20(b)/22,3,Prescription Narcotics / Codeine / Alprazolam,INTERMEDIATE_QUANTITY,CHARGESHEET_FILED
FIR-MAY-2026-1044,35,Mayiladuthurai,PS-MAY-B2,2024-12-16 01:24:20,NDPS ACT SEC 8(c)/20(b)/22,1,Commercial Ganja / Cannabis,COMMERCIAL_QUANTITY,PENDING_TRIAL
FIR-MAY-2026-1045,35,Mayiladuthurai,PS-MAY-B1,2024-12-26 19:30:50,NDPS ACT SEC 8(c)/20(b)/22,3,Prescription Narcotics / Codeine / Alprazolam,INTERMEDIATE_QUANTITY,PENDING_TRIAL
FIR-KAL-2026-1046,21,Kallakurichi,PS-KAL-B1,2026-07-29 12:52:29,NDPS ACT SEC 8(c)/20(b)/22,2,Synthetic Stimulants / MDMA / Meth,INTERMEDIATE_QUANTITY,UNDER_INVESTIGATION
FIR-MAY-2026-1047,35,Mayiladuthurai,PS-MAY-B4,2025-07-05 02:17:46,NDPS ACT SEC 8(c)/20(b)/22,3,Prescription Narcotics / Codeine / Alprazolam,SMALL_QUANTITY,PENDING_TRIAL
FIR-THI-2026-1048,33,Thiruvarur,PS-THI-B2,2024-12-29 04:09:20,NDPS ACT SEC 8(c)/20(b)/22,6,Unclassified / Suspicious Substance,COMMERCIAL_QUANTITY,UNDER_INVESTIGATION
FIR-ARI-2026-1049,26,Ariyalur,PS-ARI-B2,2025-11-12 01:51:37,NDPS ACT SEC 8(c)/20(b)/22,4,Chemical Precursors / Ephedrine,SMALL_QUANTITY,CHARGESHEET_FILED
FIR-PER-2026-1050,27,Perambalur,PS-PER-B1,2025-04-24 23:25:27,NDPS ACT SEC 8(c)/20(b)/22,1,Commercial Ganja / Cannabis,INTERMEDIATE_QUANTITY,PENDING_TRIAL
FIR-KRI-2026-1051,10,Krishnagiri,PS-KRI-B3,2026-01-04 09:01:55,NDPS ACT SEC 8(c)/20(b)/22,3,Prescription Narcotics / Codeine / Alprazolam,INTERMEDIATE_QUANTITY,CHARGESHEET_FILED
FIR-TIR-2026-1052,8,Tiruppur,PS-TIR-B1,2025-03-25 23:32:43,NDPS ACT SEC 8(c)/20(b)/22,1,Commercial Ganja / Cannabis,SMALL_QUANTITY,UNDER_INVESTIGATION
FIR-RAM-2026-1053,30,Ramanathapuram,PS-RAM-B3,2025-06-08 04:18:35,NDPS ACT SEC 8(c)/20(b)/22,4,Chemical Precursors / Ephedrine,COMMERCIAL_QUANTITY,UNDER_INVESTIGATION
FIR-SIV-2026-1054,29,Sivaganga,PS-SIV-B3,2025-07-30 06:59:44,NDPS ACT SEC 8(c)/20(b)/22,6,Unclassified / Suspicious Substance,INTERMEDIATE_QUANTITY,PENDING_TRIAL
FIR-TIR-2026-1055,5,Tiruchirappalli,PS-TIR-B4,2025-09-27 06:05:05,NDPS ACT SEC 8(c)/20(b)/22,2,Synthetic Stimulants / MDMA / Meth,INTERMEDIATE_QUANTITY,PENDING_TRIAL
FIR-ERO-2026-1056,7,Erode,PS-ERO-B3,2024-10-05 09:48:29,NDPS ACT SEC 8(c)/20(b)/22,2,Synthetic Stimulants / MDMA / Meth,INTERMEDIATE_QUANTITY,CHARGESHEET_FILED
FIR-ERO-2026-1057,7,Erode,PS-ERO-B1,2025-02-13 01:12:24,NDPS ACT SEC 8(c)/20(b)/22,4,Chemical Precursors / Ephedrine,COMMERCIAL_QUANTITY,CHARGESHEET_FILED
FIR-SAL-2026-1058,4,Salem,PS-SAL-B3,2026-05-11 16:45:45,NDPS ACT SEC 8(c)/20(b)/22,6,Unclassified / Suspicious Substance,SMALL_QUANTITY,UNDER_INVESTIGATION
FIR-PUD-2026-1059,28,Pudukkottai,PS-PUD-B3,2025-01-09 06:28:11,NDPS ACT SEC 8(c)/20(b)/22,1,Commercial Ganja / Cannabis,INTERMEDIATE_QUANTITY,PENDING_TRIAL
FIR-RAM-2026-1060,30,Ramanathapuram,PS-RAM-B3,2025-10-18 15:42:30,NDPS ACT SEC 8(c)/20(b)/22,3,Prescription Narcotics / Codeine / Alprazolam,SMALL_QUANTITY,PENDING_TRIAL
FIR-TIR-2026-1061,37,Tirupathur,PS-TIR-B4,2024-11-28 23:59:38,NDPS ACT SEC 8(c)/20(b)/22,3,Prescription Narcotics / Codeine / Alprazolam,INTERMEDIATE_QUANTITY,CHARGESHEET_FILED
FIR-PER-2026-1062,27,Perambalur,PS-PER-B2,2025-06-20 21:25:11,NDPS ACT SEC 8(c)/20(b)/22,5,Opioid Analogues / Brown Sugar / Heroin,SMALL_QUANTITY,CHARGESHEET_FILED
FIR-DIN-2026-1063,11,Dindigul,PS-DIN-B1,2025-02-13 04:53:34,NDPS ACT SEC 8(c)/20(b)/22,1,Commercial Ganja / Cannabis,INTERMEDIATE_QUANTITY,CHARGESHEET_FILED
FIR-KAN-2026-1064,16,Kancheepuram,PS-KAN-B3,2025-09-05 12:30:13,NDPS ACT SEC 8(c)/20(b)/22,3,Prescription Narcotics / Codeine / Alprazolam,SMALL_QUANTITY,CHARGESHEET_FILED
FIR-VIL-2026-1065,20,Viluppuram,PS-VIL-B4,2025-05-08 00:18:26,NDPS ACT SEC 8(c)/20(b)/22,4,Chemical Precursors / Ephedrine,INTERMEDIATE_QUANTITY,UNDER_INVESTIGATION
FIR-THO-2026-1066,13,Thoothukudi,PS-THO-B2,2026-08-15 19:57:15,NDPS ACT SEC 8(c)/20(b)/22,3,Prescription Narcotics / Codeine / Alprazolam,COMMERCIAL_QUANTITY,CHARGESHEET_FILED
FIR-VIL-2026-1067,20,Viluppuram,PS-VIL-B3,2025-11-09 03:16:26,NDPS ACT SEC 8(c)/20(b)/22,6,Unclassified / Suspicious Substance,SMALL_QUANTITY,UNDER_INVESTIGATION
FIR-KAR-2026-1068,25,Karur,PS-KAR-B1,2024-11-18 11:41:39,NDPS ACT SEC 8(c)/20(b)/22,2,Synthetic Stimulants / MDMA / Meth,COMMERCIAL_QUANTITY,CHARGESHEET_FILED
FIR-RAM-2026-1069,30,Ramanathapuram,PS-RAM-B2,2026-05-05 01:30:31,NDPS ACT SEC 8(c)/20(b)/22,1,Commercial Ganja / Cannabis,COMMERCIAL_QUANTITY,UNDER_INVESTIGATION
FIR-NAG-2026-1070,34,Nagapattinam,PS-NAG-B3,2025-03-15 18:10:55,NDPS ACT SEC 8(c)/20(b)/22,2,Synthetic Stimulants / MDMA / Meth,COMMERCIAL_QUANTITY,UNDER_INVESTIGATION
FIR-COI-2026-1071,2,Coimbatore,PS-COI-B3,2026-06-23 17:01:54,NDPS ACT SEC 8(c)/20(b)/22,3,Prescription Narcotics / Codeine / Alprazolam,INTERMEDIATE_QUANTITY,PENDING_TRIAL
FIR-MAY-2026-1072,35,Mayiladuthurai,PS-MAY-B3,2026-02-18 09:48:00,NDPS ACT SEC 8(c)/20(b)/22,3,Prescription Narcotics / Codeine / Alprazolam,INTERMEDIATE_QUANTITY,UNDER_INVESTIGATION
FIR-TIR-2026-1073,38,Tiruvannamalai,PS-TIR-B3,2026-06-29 08:43:32,NDPS ACT SEC 8(c)/20(b)/22,4,Chemical Precursors / Ephedrine,INTERMEDIATE_QUANTITY,UNDER_INVESTIGATION
FIR-THI-2026-1074,33,Thiruvarur,PS-THI-B4,2025-02-04 02:16:35,NDPS ACT SEC 8(c)/20(b)/22,1,Commercial Ganja / Cannabis,SMALL_QUANTITY,UNDER_INVESTIGATION
FIR-TIR-2026-1075,37,Tirupathur,PS-TIR-B4,2025-11-11 21:08:26,NDPS ACT SEC 8(c)/20(b)/22,3,Prescription Narcotics / Codeine / Alprazolam,COMMERCIAL_QUANTITY,CHARGESHEET_FILED
FIR-NIL-2026-1076,24,Nilgiris,PS-NIL-B3,2025-03-24 02:06:42,NDPS ACT SEC 8(c)/20(b)/22,3,Prescription Narcotics / Codeine / Alprazolam,SMALL_QUANTITY,PENDING_TRIAL
FIR-NAM-2026-1077,23,Namakkal,PS-NAM-B1,2025-04-23 20:59:23,NDPS ACT SEC 8(c)/20(b)/22,5,Opioid Analogues / Brown Sugar / Heroin,COMMERCIAL_QUANTITY,CHARGESHEET_FILED
FIR-VIL-2026-1078,20,Viluppuram,PS-VIL-B3,2025-02-07 14:10:57,NDPS ACT SEC 8(c)/20(b)/22,4,Chemical Precursors / Ephedrine,SMALL_QUANTITY,CHARGESHEET_FILED
FIR-THE-2026-1079,32,Theni,PS-THE-B4,2025-10-23 07:22:23,NDPS ACT SEC 8(c)/20(b)/22,3,Prescription Narcotics / Codeine / Alprazolam,COMMERCIAL_QUANTITY,PENDING_TRIAL
FIR-ARI-2026-1080,26,Ariyalur,PS-ARI-B1,2025-05-04 21:51:16,NDPS ACT SEC 8(c)/20(b)/22,5,Opioid Analogues / Brown Sugar / Heroin,SMALL_QUANTITY,UNDER_INVESTIGATION
FIR-CHE-2026-1081,17,Chengalpattu,PS-CHE-B4,2025-11-26 06:34:45,NDPS ACT SEC 8(c)/20(b)/22,6,Unclassified / Suspicious Substance,COMMERCIAL_QUANTITY,CHARGESHEET_FILED
FIR-KAN-2026-1082,16,Kancheepuram,PS-KAN-B1,2024-11-15 09:22:37,NDPS ACT SEC 8(c)/20(b)/22,3,Prescription Narcotics / Codeine / Alprazolam,SMALL_QUANTITY,PENDING_TRIAL
FIR-RAM-2026-1083,30,Ramanathapuram,PS-RAM-B1,2025-09-12 05:11:55,NDPS ACT SEC 8(c)/20(b)/22,5,Opioid Analogues / Brown Sugar / Heroin,SMALL_QUANTITY,PENDING_TRIAL
FIR-TIR-2026-1084,6,Tirunelveli,PS-TIR-B4,2025-06-04 21:17:48,NDPS ACT SEC 8(c)/20(b)/22,2,Synthetic Stimulants / MDMA / Meth,COMMERCIAL_QUANTITY,CHARGESHEET_FILED
FIR-MAD-2026-1085,3,Madurai,PS-MAD-B1,2024-12-31 19:47:29,NDPS ACT SEC 8(c)/20(b)/22,3,Prescription Narcotics / Codeine / Alprazolam,SMALL_QUANTITY,PENDING_TRIAL
FIR-SAL-2026-1086,4,Salem,PS-SAL-B1,2024-11-05 04:41:59,NDPS ACT SEC 8(c)/20(b)/22,4,Chemical Precursors / Ephedrine,INTERMEDIATE_QUANTITY,CHARGESHEET_FILED
FIR-NIL-2026-1087,24,Nilgiris,PS-NIL-B4,2024-11-01 07:26:58,NDPS ACT SEC 8(c)/20(b)/22,1,Commercial Ganja / Cannabis,SMALL_QUANTITY,CHARGESHEET_FILED
FIR-KAN-2026-1088,14,Kanniyakumari,PS-KAN-B3,2025-10-27 04:37:12,NDPS ACT SEC 8(c)/20(b)/22,2,Synthetic Stimulants / MDMA / Meth,COMMERCIAL_QUANTITY,CHARGESHEET_FILED
FIR-NIL-2026-1089,24,Nilgiris,PS-NIL-B2,2025-04-05 11:05:20,NDPS ACT SEC 8(c)/20(b)/22,1,Commercial Ganja / Cannabis,COMMERCIAL_QUANTITY,PENDING_TRIAL
FIR-VEL-2026-1090,9,Vellore,PS-VEL-B3,2026-01-19 07:42:13,NDPS ACT SEC 8(c)/20(b)/22,6,Unclassified / Suspicious Substance,INTERMEDIATE_QUANTITY,CHARGESHEET_FILED
FIR-KAN-2026-1091,14,Kanniyakumari,PS-KAN-B4,2025-04-16 20:29:55,NDPS ACT SEC 8(c)/20(b)/22,2,Synthetic Stimulants / MDMA / Meth,INTERMEDIATE_QUANTITY,CHARGESHEET_FILED
FIR-KAN-2026-1092,14,Kanniyakumari,PS-KAN-B4,2026-06-18 07:15:08,NDPS ACT SEC 8(c)/20(b)/22,6,Unclassified / Suspicious Substance,COMMERCIAL_QUANTITY,UNDER_INVESTIGATION
FIR-CUD-2026-1093,19,Cuddalore,PS-CUD-B4,2025-01-22 07:44:18,NDPS ACT SEC 8(c)/20(b)/22,4,Chemical Precursors / Ephedrine,INTERMEDIATE_QUANTITY,UNDER_INVESTIGATION
FIR-KAN-2026-1094,14,Kanniyakumari,PS-KAN-B1,2025-10-02 22:28:03,NDPS ACT SEC 8(c)/20(b)/22,3,Prescription Narcotics / Codeine / Alprazolam,INTERMEDIATE_QUANTITY,CHARGESHEET_FILED
FIR-DHA-2026-1095,22,Dharmapuri,PS-DHA-B1,2024-12-25 11:25:14,NDPS ACT SEC 8(c)/20(b)/22,6,Unclassified / Suspicious Substance,INTERMEDIATE_QUANTITY,PENDING_TRIAL
FIR-NIL-2026-1096,24,Nilgiris,PS-NIL-B2,2025-02-10 03:07:01,NDPS ACT SEC 8(c)/20(b)/22,6,Unclassified / Suspicious Substance,INTERMEDIATE_QUANTITY,PENDING_TRIAL
FIR-NAM-2026-1097,23,Namakkal,PS-NAM-B2,2025-05-08 02:31:26,NDPS ACT SEC 8(c)/20(b)/22,5,Opioid Analogues / Brown Sugar / Heroin,COMMERCIAL_QUANTITY,CHARGESHEET_FILED
FIR-MAY-2026-1098,35,Mayiladuthurai,PS-MAY-B2,2025-07-27 23:50:59,NDPS ACT SEC 8(c)/20(b)/22,3,Prescription Narcotics / Codeine / Alprazolam,SMALL_QUANTITY,UNDER_INVESTIGATION
FIR-TIR-2026-1099,18,Tiruvallur,PS-TIR-B3,2025-03-04 07:55:36,NDPS ACT SEC 8(c)/20(b)/22,3,Prescription Narcotics / Codeine / Alprazolam,COMMERCIAL_QUANTITY,PENDING_TRIAL
FIR-VIR-2026-1100,31,Virudhunagar,PS-VIR-B2,2024-09-28 17:49:17,NDPS ACT SEC 8(c)/20(b)/22,6,Unclassified / Suspicious Substance,COMMERCIAL_QUANTITY,UNDER_INVESTIGATION