health_signal_id,district_id,district_name,reported_date,facility_type,aggregate_signal_type,category_id,category_name,aggregate_count
HLT-2026-00001,32,Theni,2025-04-22 13:46:23,LICENSED_REHAB_CENTER,SUBSTANCE_CONSULTATION,5,Opioid Analogues / Brown Sugar / Heroin,20
HLT-2026-00002,18,Tiruvallur,2025-02-16 17:16:22,LICENSED_REHAB_CENTER,TOXICOLOGY_SCREEN_AGGREGATE,2,Synthetic Stimulants / MDMA / Meth,11
HLT-2026-00003,34,Nagapattinam,2025-05-04 01:55:50,DISTRICT_HEADQUARTERS_HOSPITAL,SUBSTANCE_CONSULTATION,6,Unclassified / Suspicious Substance,14
HLT-2026-00004,28,Pudukkottai,2026-02-25 02:35:50,LICENSED_REHAB_CENTER,TOXICOLOGY_SCREEN_AGGREGATE,6,Unclassified / Suspicious Substance,16
HLT-2026-00005,23,Namakkal,2026-05-22 09:05:16,LICENSED_REHAB_CENTER,TOXICOLOGY_SCREEN_AGGREGATE,6,Unclassified / Suspicious Substance,7
HLT-2026-00006,1,Chennai,2024-12-04 06:08:30,DISTRICT_HEADQUARTERS_HOSPITAL,SUBSTANCE_CONSULTATION,4,Chemical Precursors / Ephedrine,20
HLT-2026-00007,34,Nagapattinam,2026-05-28 04:03:42,LICENSED_REHAB_CENTER,TOXICOLOGY_SCREEN_AGGREGATE,5,Opioid Analogues / Brown Sugar / Heroin,8
HLT-2026-00008,18,Tiruvallur,2026-03-01 22:29:03,DISTRICT_HEADQUARTERS_HOSPITAL,TOXICOLOGY_SCREEN_AGGREGATE,5,Opioid Analogues / Brown Sugar / Heroin,18
HLT-2026-00009,11,Dindigul,2026-04-29 18:26:01,DISTRICT_HEADQUARTERS_HOSPITAL,SUBSTANCE_CONSULTATION,2,Synthetic Stimulants / MDMA / Meth,4
HLT-2026-00010,16,Kancheepuram,2026-03-31 09:27:22,LICENSED_REHAB_CENTER,TOXICOLOGY_SCREEN_AGGREGATE,6,Unclassified / Suspicious Substance,14
HLT-2026-00011,9,Vellore,2026-03-24 16:04:29,GOVT_MEDICAL_COLLEGE_PSYCH,TOXICOLOGY_SCREEN_AGGREGATE,2,Synthetic Stimulants / MDMA / Meth,20
HLT-2026-00012,29,Sivaganga,2025-01-07 03:44:38,DISTRICT_HEADQUARTERS_HOSPITAL,TOXICOLOGY_SCREEN_AGGREGATE,4,Chemical Precursors / Ephedrine,18
HLT-2026-00013,31,Virudhunagar,2024-11-15 16:27:43,DISTRICT_HEADQUARTERS_HOSPITAL,SUBSTANCE_CONSULTATION,4,Chemical Precursors / Ephedrine,20
HLT-2026-00014,11,Dindigul,2025-11-12 20:50:10,DISTRICT_HEADQUARTERS_HOSPITAL,WITHDRAWAL_ADMISSION,5,Opioid Analogues / Brown Sugar / Heroin,4
HLT-2026-00015,25,Karur,2025-12-12 01:04:57,LICENSED_REHAB_CENTER,TOXICOLOGY_SCREEN_AGGREGATE,5,Opioid Analogues / Brown Sugar / Heroin,3
HLT-2026-00016,26,Ariyalur,2025-12-18 16:25:07,LICENSED_REHAB_CENTER,WITHDRAWAL_ADMISSION,5,Opioid Analogues / Brown Sugar / Heroin,17
HLT-2026-00017,25,Karur,2025-02-15 13:03:27,LICENSED_REHAB_CENTER,TOXICOLOGY_SCREEN_AGGREGATE,4,Chemical Precursors / Ephedrine,14
HLT-2026-00018,24,Nilgiris,2025-04-18 01:49:51,LICENSED_REHAB_CENTER,WITHDRAWAL_ADMISSION,4,Chemical Precursors / Ephedrine,10
HLT-2026-00019,26,Ariyalur,2026-07-07 23:41:22,LICENSED_REHAB_CENTER,WITHDRAWAL_ADMISSION,1,Commercial Ganja / Cannabis,4
HLT-2026-00020,16,Kancheepuram,2025-03-15 20:39:39,GOVT_MEDICAL_COLLEGE_PSYCH,SUBSTANCE_CONSULTATION,3,Prescription Narcotics / Codeine / Alprazolam,19
HLT-2026-00021,18,Tiruvallur,2025-04-14 20:18:32,GOVT_MEDICAL_COLLEGE_PSYCH,WITHDRAWAL_ADMISSION,6,Unclassified / Suspicious Substance,20
HLT-2026-00022,28,Pudukkottai,2026-07-30 13:00:47,DISTRICT_HEADQUARTERS_HOSPITAL,SUBSTANCE_CONSULTATION,5,Opioid Analogues / Brown Sugar / Heroin,22
HLT-2026-00023,36,Ranipet,2025-02-22 21:01:46,GOVT_MEDICAL_COLLEGE_PSYCH,SUBSTANCE_CONSULTATION,1,Commercial Ganja / Cannabis,10
HLT-2026-00024,5,Tiruchirappalli,2026-03-26 19:20:23,DISTRICT_HEADQUARTERS_HOSPITAL,TOXICOLOGY_SCREEN_AGGREGATE,4,Chemical Precursors / Ephedrine,3
HLT-2026-00025,38,Tiruvannamalai,2025-10-20 22:37:46,GOVT_MEDICAL_COLLEGE_PSYCH,SUBSTANCE_CONSULTATION,5,Opioid Analogues / Brown Sugar / Heroin,8
HLT-2026-00026,9,Vellore,2024-11-30 23:22:19,GOVT_MEDICAL_COLLEGE_PSYCH,TOXICOLOGY_SCREEN_AGGREGATE,5,Opioid Analogues / Brown Sugar / Heroin,6
HLT-2026-00027,18,Tiruvallur,2026-05-27 11:35:14,GOVT_MEDICAL_COLLEGE_PSYCH,WITHDRAWAL_ADMISSION,4,Chemical Precursors / Ephedrine,14
HLT-2026-00028,15,Tenkasi,2026-06-12 13:46:18,DISTRICT_HEADQUARTERS_HOSPITAL,SUBSTANCE_CONSULTATION,2,Synthetic Stimulants / MDMA / Meth,11
HLT-2026-00029,12,Thanjavur,2025-05-15 12:50:38,DISTRICT_HEADQUARTERS_HOSPITAL,TOXICOLOGY_SCREEN_AGGREGATE,1,Commercial Ganja / Cannabis,18
HLT-2026-00030,35,Mayiladuthurai,2026-02-18 05:21:59,LICENSED_REHAB_CENTER,SUBSTANCE_CONSULTATION,6,Unclassified / Suspicious Substance,6
HLT-2026-00031,7,Erode,2025-08-24 12:21:14,GOVT_MEDICAL_COLLEGE_PSYCH,TOXICOLOGY_SCREEN_AGGREGATE,3,Prescription Narcotics / Codeine / Alprazolam,4
HLT-2026-00032,32,Theni,2024-09-23 08:05:37,LICENSED_REHAB_CENTER,WITHDRAWAL_ADMISSION,5,Opioid Analogues / Brown Sugar / Heroin,8
HLT-2026-00033,12,Thanjavur,2025-10-01 02:07:13,GOVT_MEDICAL_COLLEGE_PSYCH,TOXICOLOGY_SCREEN_AGGREGATE,2,Synthetic Stimulants / MDMA / Meth,6
HLT-2026-00034,20,Viluppuram,2026-01-02 16:48:46,LICENSED_REHAB_CENTER,SUBSTANCE_CONSULTATION,5,Opioid Analogues / Brown Sugar / Heroin,14
HLT-2026-00035,28,Pudukkottai,2025-11-19 11:21:05,GOVT_MEDICAL_COLLEGE_PSYCH,WITHDRAWAL_ADMISSION,4,Chemical Precursors / Ephedrine,10
HLT-2026-00036,10,Krishnagiri,2025-11-19 12:03:34,GOVT_MEDICAL_COLLEGE_PSYCH,SUBSTANCE_CONSULTATION,1,Commercial Ganja / Cannabis,5
HLT-2026-00037,29,Sivaganga,2025-07-13 06:54:17,LICENSED_REHAB_CENTER,WITHDRAWAL_ADMISSION,5,Opioid Analogues / Brown Sugar / Heroin,18
HLT-2026-00038,8,Tiruppur,2026-05-19 03:31:30,DISTRICT_HEADQUARTERS_HOSPITAL,SUBSTANCE_CONSULTATION,6,Unclassified / Suspicious Substance,10
HLT-2026-00039,19,Cuddalore,2026-08-03 11:36:39,DISTRICT_HEADQUARTERS_HOSPITAL,SUBSTANCE_CONSULTATION,3,Prescription Narcotics / Codeine / Alprazolam,12
HLT-2026-00040,38,Tiruvannamalai,2026-04-12 10:16:06,GOVT_MEDICAL_COLLEGE_PSYCH,SUBSTANCE_CONSULTATION,5,Opioid Analogues / Brown Sugar / Heroin,8
HLT-2026-00041,12,Thanjavur,2026-05-20 19:38:26,DISTRICT_HEADQUARTERS_HOSPITAL,TOXICOLOGY_SCREEN_AGGREGATE,6,Unclassified / Suspicious Substance,17
HLT-2026-00042,30,Ramanathapuram,2025-03-24 23:25:16,LICENSED_REHAB_CENTER,TOXICOLOGY_SCREEN_AGGREGATE,1,Commercial Ganja / Cannabis,21
HLT-2026-00043,24,Nilgiris,2025-09-13 20:45:08,GOVT_MEDICAL_COLLEGE_PSYCH,WITHDRAWAL_ADMISSION,4,Chemical Precursors / Ephedrine,22
HLT-2026-00044,37,Tirupathur,2026-04-11 23:01:25,DISTRICT_HEADQUARTERS_HOSPITAL,SUBSTANCE_CONSULTATION,3,Prescription Narcotics / Codeine / Alprazolam,6
HLT-2026-00045,26,Ariyalur,2026-06-17 19:11:57,LICENSED_REHAB_CENTER,SUBSTANCE_CONSULTATION,3,Prescription Narcotics / Codeine / Alprazolam,16
HLT-2026-00046,38,Tiruvannamalai,2026-06-12 22:49:28,GOVT_MEDICAL_COLLEGE_PSYCH,SUBSTANCE_CONSULTATION,1,Commercial Ganja / Cannabis,10
HLT-2026-00047,20,Viluppuram,2026-01-27 08:55:01,LICENSED_REHAB_CENTER,WITHDRAWAL_ADMISSION,1,Commercial Ganja / Cannabis,16
HLT-2026-00048,10,Krishnagiri,2026-05-21 13:35:27,DISTRICT_HEADQUARTERS_HOSPITAL,WITHDRAWAL_ADMISSION,1,Commercial Ganja / Cannabis,20
HLT-2026-00049,4,Salem,2025-11-07 05:24:14,LICENSED_REHAB_CENTER,TOXICOLOGY_SCREEN_AGGREGATE,4,Chemical Precursors / Ephedrine,3
HLT-2026-00050,16,Kancheepuram,2025-09-26 19:38:00,LICENSED_REHAB_CENTER,SUBSTANCE_CONSULTATION,6,Unclassified / Suspicious Substance,14
HLT-2026-00051,34,Nagapattinam,2024-12-29 01:48:22,GOVT_MEDICAL_COLLEGE_PSYCH,WITHDRAWAL_ADMISSION,5,Opioid Analogues / Brown Sugar / Heroin,3
HLT-2026-00052,2,Coimbatore,2025-10-31 06:35:42,GOVT_MEDICAL_COLLEGE_PSYCH,SUBSTANCE_CONSULTATION,6,Unclassified / Suspicious Substance,12
HLT-2026-00053,4,Salem,2025-08-30 04:15:42,DISTRICT_HEADQUARTERS_HOSPITAL,TOXICOLOGY_SCREEN_AGGREGATE,3,Prescription Narcotics / Codeine / Alprazolam,19
HLT-2026-00054,16,Kancheepuram,2025-04-22 23:54:24,GOVT_MEDICAL_COLLEGE_PSYCH,WITHDRAWAL_ADMISSION,5,Opioid Analogues / Brown Sugar / Heroin,3
HLT-2026-00055,1,Chennai,2026-01-14 03:02:22,GOVT_MEDICAL_COLLEGE_PSYCH,SUBSTANCE_CONSULTATION,5,Opioid Analogues / Brown Sugar / Heroin,7
HLT-2026-00056,7,Erode,2024-09-20 23:12:58,DISTRICT_HEADQUARTERS_HOSPITAL,WITHDRAWAL_ADMISSION,1,Commercial Ganja / Cannabis,18
HLT-2026-00057,12,Thanjavur,2025-12-29 00:03:11,GOVT_MEDICAL_COLLEGE_PSYCH,SUBSTANCE_CONSULTATION,5,Opioid Analogues / Brown Sugar / Heroin,10
HLT-2026-00058,34,Nagapattinam,2025-02-23 23:00:42,LICENSED_REHAB_CENTER,TOXICOLOGY_SCREEN_AGGREGATE,3,Prescription Narcotics / Codeine / Alprazolam,9
HLT-2026-00059,22,Dharmapuri,2025-09-04 04:58:17,DISTRICT_HEADQUARTERS_HOSPITAL,TOXICOLOGY_SCREEN_AGGREGATE,2,Synthetic Stimulants / MDMA / Meth,15
HLT-2026-00060,21,Kallakurichi,2025-04-10 14:59:37,GOVT_MEDICAL_COLLEGE_PSYCH,SUBSTANCE_CONSULTATION,2,Synthetic Stimulants / MDMA / Meth,18
HLT-2026-00061,21,Kallakurichi,2025-10-20 07:31:15,DISTRICT_HEADQUARTERS_HOSPITAL,SUBSTANCE_CONSULTATION,6,Unclassified / Suspicious Substance,12
HLT-2026-00062,27,Perambalur,2026-04-13 21:58:50,LICENSED_REHAB_CENTER,TOXICOLOGY_SCREEN_AGGREGATE,2,Synthetic Stimulants / MDMA / Meth,8
HLT-2026-00063,11,Dindigul,2025-03-06 19:40:55,LICENSED_REHAB_CENTER,TOXICOLOGY_SCREEN_AGGREGATE,2,Synthetic Stimulants / MDMA / Meth,13
HLT-2026-00064,14,Kanniyakumari,2025-10-16 13:47:58,LICENSED_REHAB_CENTER,TOXICOLOGY_SCREEN_AGGREGATE,1,Commercial Ganja / Cannabis,12
HLT-2026-00065,34,Nagapattinam,2025-10-26 11:41:19,LICENSED_REHAB_CENTER,SUBSTANCE_CONSULTATION,3,Prescription Narcotics / Codeine / Alprazolam,13
HLT-2026-00066,31,Virudhunagar,2024-12-24 19:47:45,GOVT_MEDICAL_COLLEGE_PSYCH,SUBSTANCE_CONSULTATION,1,Commercial Ganja / Cannabis,10
HLT-2026-00067,23,Namakkal,2025-02-15 05:36:04,DISTRICT_HEADQUARTERS_HOSPITAL,SUBSTANCE_CONSULTATION,2,Synthetic Stimulants / MDMA / Meth,11
HLT-2026-00068,38,Tiruvannamalai,2026-06-08 04:01:19,LICENSED_REHAB_CENTER,SUBSTANCE_CONSULTATION,6,Unclassified / Suspicious Substance,8
HLT-2026-00069,38,Tiruvannamalai,2026-02-02 12:00:02,LICENSED_REHAB_CENTER,WITHDRAWAL_ADMISSION,5,Opioid Analogues / Brown Sugar / Heroin,15
HLT-2026-00070,28,Pudukkottai,2025-07-18 03:22:29,LICENSED_REHAB_CENTER,WITHDRAWAL_ADMISSION,1,Commercial Ganja / Cannabis,7
HLT-2026-00071,9,Vellore,2024-10-04 19:17:27,LICENSED_REHAB_CENTER,WITHDRAWAL_ADMISSION,1,Commercial Ganja / Cannabis,21
HLT-2026-00072,18,Tiruvallur,2026-07-25 07:07:14,LICENSED_REHAB_CENTER,WITHDRAWAL_ADMISSION,3,Prescription Narcotics / Codeine / Alprazolam,7
HLT-2026-00073,11,Dindigul,2025-07-16 07:33:10,LICENSED_REHAB_CENTER,WITHDRAWAL_ADMISSION,4,Chemical Precursors / Ephedrine,6
HLT-2026-00074,19,Cuddalore,2025-10-09 12:39:17,DISTRICT_HEADQUARTERS_HOSPITAL,WITHDRAWAL_ADMISSION,3,Prescription Narcotics / Codeine / Alprazolam,15
HLT-2026-00075,35,Mayiladuthurai,2026-05-05 19:28:38,GOVT_MEDICAL_COLLEGE_PSYCH,WITHDRAWAL_ADMISSION,1,Commercial Ganja / Cannabis,10
HLT-2026-00076,18,Tiruvallur,2025-06-29 03:24:39,LICENSED_REHAB_CENTER,WITHDRAWAL_ADMISSION,4,Chemical Precursors / Ephedrine,5
HLT-2026-00077,32,Theni,2024-12-06 05:09:13,GOVT_MEDICAL_COLLEGE_PSYCH,SUBSTANCE_CONSULTATION,1,Commercial Ganja / Cannabis,7
HLT-2026-00078,23,Namakkal,2024-10-14 07:57:10,DISTRICT_HEADQUARTERS_HOSPITAL,SUBSTANCE_CONSULTATION,6,Unclassified / Suspicious Substance,12
HLT-2026-00079,28,Pudukkottai,2025-05-24 19:05:52,DISTRICT_HEADQUARTERS_HOSPITAL,SUBSTANCE_CONSULTATION,4,Chemical Precursors / Ephedrine,15
HLT-2026-00080,14,Kanniyakumari,2024-11-15 23:41:27,LICENSED_REHAB_CENTER,TOXICOLOGY_SCREEN_AGGREGATE,3,Prescription Narcotics / Codeine / Alprazolam,2
HLT-2026-00081,37,Tirupathur,2025-11-27 08:56:30,DISTRICT_HEADQUARTERS_HOSPITAL,TOXICOLOGY_SCREEN_AGGREGATE,1,Commercial Ganja / Cannabis,15
HLT-2026-00082,30,Ramanathapuram,2025-03-11 06:21:23,DISTRICT_HEADQUARTERS_HOSPITAL,WITHDRAWAL_ADMISSION,4,Chemical Precursors / Ephedrine,12
HLT-2026-00083,10,Krishnagiri,2025-01-23 03:01:33,LICENSED_REHAB_CENTER,TOXICOLOGY_SCREEN_AGGREGATE,2,Synthetic Stimulants / MDMA / Meth,3
HLT-2026-00084,23,Namakkal,2025-07-26 09:31:27,LICENSED_REHAB_CENTER,TOXICOLOGY_SCREEN_AGGREGATE,2,Synthetic Stimulants / MDMA / Meth,9
HLT-2026-00085,20,Viluppuram,2025-01-02 21:40:42,LICENSED_REHAB_CENTER,SUBSTANCE_CONSULTATION,6,Unclassified / Suspicious Substance,8
HLT-2026-00086,13,Thoothukudi,2025-03-08 13:56:32,LICENSED_REHAB_CENTER,TOXICOLOGY_SCREEN_AGGREGATE,3,Prescription Narcotics / Codeine / Alprazolam,15
HLT-2026-00087,13,Thoothukudi,2026-08-05 08:11:59,LICENSED_REHAB_CENTER,WITHDRAWAL_ADMISSION,4,Chemical Precursors / Ephedrine,2
HLT-2026-00088,11,Dindigul,2025-09-19 08:17:11,GOVT_MEDICAL_COLLEGE_PSYCH,SUBSTANCE_CONSULTATION,6,Unclassified / Suspicious Substance,21
HLT-2026-00089,36,Ranipet,2025-06-29 00:06:12,GOVT_MEDICAL_COLLEGE_PSYCH,WITHDRAWAL_ADMISSION,1,Commercial Ganja / Cannabis,14
HLT-2026-00090,9,Vellore,2025-08-16 11:53:36,GOVT_MEDICAL_COLLEGE_PSYCH,TOXICOLOGY_SCREEN_AGGREGATE,6,Unclassified / Suspicious Substance,12
HLT-2026-00091,5,Tiruchirappalli,2025-01-10 01:24:07,DISTRICT_HEADQUARTERS_HOSPITAL,TOXICOLOGY_SCREEN_AGGREGATE,3,Prescription Narcotics / Codeine / Alprazolam,10
HLT-2026-00092,3,Madurai,2026-04-12 04:34:12,GOVT_MEDICAL_COLLEGE_PSYCH,SUBSTANCE_CONSULTATION,1,Commercial Ganja / Cannabis,7
HLT-2026-00093,11,Dindigul,2024-09-19 08:46:31,GOVT_MEDICAL_COLLEGE_PSYCH,TOXICOLOGY_SCREEN_AGGREGATE,3,Prescription Narcotics / Codeine / Alprazolam,12
HLT-2026-00094,13,Thoothukudi,2025-05-22 06:35:33,DISTRICT_HEADQUARTERS_HOSPITAL,WITHDRAWAL_ADMISSION,5,Opioid Analogues / Brown Sugar / Heroin,13
HLT-2026-00095,20,Viluppuram,2025-04-27 06:57:39,GOVT_MEDICAL_COLLEGE_PSYCH,WITHDRAWAL_ADMISSION,3,Prescription Narcotics / Codeine / Alprazolam,9
HLT-2026-00096,25,Karur,2026-01-13 18:05:36,DISTRICT_HEADQUARTERS_HOSPITAL,TOXICOLOGY_SCREEN_AGGREGATE,4,Chemical Precursors / Ephedrine,15
HLT-2026-00097,31,Virudhunagar,2026-05-17 14:22:26,DISTRICT_HEADQUARTERS_HOSPITAL,WITHDRAWAL_ADMISSION,3,Prescription Narcotics / Codeine / Alprazolam,17
HLT-2026-00098,32,Theni,2025-11-19 11:32:42,GOVT_MEDICAL_COLLEGE_PSYCH,SUBSTANCE_CONSULTATION,5,Opioid Analogues / Brown Sugar / Heroin,21
HLT-2026-00099,6,Tirunelveli,2025-05-09 05:59:23,LICENSED_REHAB_CENTER,TOXICOLOGY_SCREEN_AGGREGATE,1,Commercial Ganja / Cannabis,15
HLT-2026-00100,34,Nagapattinam,2026-05-14 04:24:08,LICENSED_REHAB_CENTER,TOXICOLOGY_SCREEN_AGGREGATE,1,Commercial Ganja / Cannabis,8
HLT-2026-00101,27,Perambalur,2024-10-08 13:32:43,DISTRICT_HEADQUARTERS_HOSPITAL,SUBSTANCE_CONSULTATION,1,Commercial Ganja / Cannabis,11
HLT-2026-00102,5,Tiruchirappalli,2025-05-15 22:23:54,GOVT_MEDICAL_COLLEGE_PSYCH,WITHDRAWAL_ADMISSION,1,Commercial Ganja / Cannabis,4
HLT-2026-00103,14,Kanniyakumari,2025-04-25 08:11:34,LICENSED_REHAB_CENTER,WITHDRAWAL_ADMISSION,5,Opioid Analogues / Brown Sugar / Heroin,9
HLT-2026-00104,8,Tiruppur,2025-04-02 13:10:42,DISTRICT_HEADQUARTERS_HOSPITAL,SUBSTANCE_CONSULTATION,4,Chemical Precursors / Ephedrine,21
HLT-2026-00105,4,Salem,2026-04-30 13:53:02,LICENSED_REHAB_CENTER,TOXICOLOGY_SCREEN_AGGREGATE,4,Chemical Precursors / Ephedrine,22
HLT-2026-00106,25,Karur,2026-02-15 14:08:51,DISTRICT_HEADQUARTERS_HOSPITAL,SUBSTANCE_CONSULTATION,1,Commercial Ganja / Cannabis,19
HLT-2026-00107,7,Erode,2025-07-06 19:46:47,LICENSED_REHAB_CENTER,SUBSTANCE_CONSULTATION,2,Synthetic Stimulants / MDMA / Meth,7
HLT-2026-00108,37,Tirupathur,2025-02-01 07:26:41,GOVT_MEDICAL_COLLEGE_PSYCH,WITHDRAWAL_ADMISSION,6,Unclassified / Suspicious Substance,18
HLT-2026-00109,19,Cuddalore,2025-01-12 06:07:36,DISTRICT_HEADQUARTERS_HOSPITAL,SUBSTANCE_CONSULTATION,5,Opioid Analogues / Brown Sugar / Heroin,2
HLT-2026-00110,24,Nilgiris,2026-04-25 14:54:53,DISTRICT_HEADQUARTERS_HOSPITAL,TOXICOLOGY_SCREEN_AGGREGATE,4,Chemical Precursors / Ephedrine,2
HLT-2026-00111,8,Tiruppur,2025-04-30 01:30:27,DISTRICT_HEADQUARTERS_HOSPITAL,TOXICOLOGY_SCREEN_AGGREGATE,6,Unclassified / Suspicious Substance,2
HLT-2026-00112,12,Thanjavur,2025-08-12 08:42:58,LICENSED_REHAB_CENTER,SUBSTANCE_CONSULTATION,3,Prescription Narcotics / Codeine / Alprazolam,14
HLT-2026-00113,20,Viluppuram,2026-03-27 12:02:56,LICENSED_REHAB_CENTER,SUBSTANCE_CONSULTATION,4,Chemical Precursors / Ephedrine,11
HLT-2026-00114,2,Coimbatore,2025-11-22 03:52:17,DISTRICT_HEADQUARTERS_HOSPITAL,SUBSTANCE_CONSULTATION,1,Commercial Ganja / Cannabis,16
HLT-2026-00115,22,Dharmapuri,2025-10-18 23:30:26,GOVT_MEDICAL_COLLEGE_PSYCH,TOXICOLOGY_SCREEN_AGGREGATE,1,Commercial Ganja / Cannabis,11
HLT-2026-00116,30,Ramanathapuram,2025-12-21 23:33:23,GOVT_MEDICAL_COLLEGE_PSYCH,WITHDRAWAL_ADMISSION,5,Opioid Analogues / Brown Sugar / Heroin,3
HLT-2026-00117,17,Chengalpattu,2024-11-27 19:54:58,DISTRICT_HEADQUARTERS_HOSPITAL,SUBSTANCE_CONSULTATION,2,Synthetic Stimulants / MDMA / Meth,3
HLT-2026-00118,18,Tiruvallur,2026-03-20 01:44:52,DISTRICT_HEADQUARTERS_HOSPITAL,WITHDRAWAL_ADMISSION,1,Commercial Ganja / Cannabis,9
HLT-2026-00119,37,Tirupathur,2026-08-16 03:54:26,LICENSED_REHAB_CENTER,WITHDRAWAL_ADMISSION,2,Synthetic Stimulants / MDMA / Meth,10
HLT-2026-00120,23,Namakkal,2026-08-14 20:23:51,DISTRICT_HEADQUARTERS_HOSPITAL,SUBSTANCE_CONSULTATION,4,Chemical Precursors / Ephedrine,21
HLT-2026-00121,6,Tirunelveli,2026-05-09 22:47:51,GOVT_MEDICAL_COLLEGE_PSYCH,TOXICOLOGY_SCREEN_AGGREGATE,5,Opioid Analogues / Brown Sugar / Heroin,17
HLT-2026-00122,29,Sivaganga,2026-03-12 19:25:37,GOVT_MEDICAL_COLLEGE_PSYCH,SUBSTANCE_CONSULTATION,3,Prescription Narcotics / Codeine / Alprazolam,7
HLT-2026-00123,31,Virudhunagar,2025-09-19 22:55:36,DISTRICT_HEADQUARTERS_HOSPITAL,SUBSTANCE_CONSULTATION,3,Prescription Narcotics / Codeine / Alprazolam,5
HLT-2026-00124,19,Cuddalore,2025-10-12 18:49:06,DISTRICT_HEADQUARTERS_HOSPITAL,WITHDRAWAL_ADMISSION,6,Unclassified / Suspicious Substance,15
HLT-2026-00125,30,Ramanathapuram,2025-08-09 14:18:24,GOVT_MEDICAL_COLLEGE_PSYCH,TOXICOLOGY_SCREEN_AGGREGATE,6,Unclassified / Suspicious Substance,3
HLT-2026-00126,6,Tirunelveli,2025-02-21 00:09:05,DISTRICT_HEADQUARTERS_HOSPITAL,SUBSTANCE_CONSULTATION,2,Synthetic Stimulants / MDMA / Meth,15
HLT-2026-00127,24,Nilgiris,2025-03-09 06:45:56,LICENSED_REHAB_CENTER,SUBSTANCE_CONSULTATION,3,Prescription Narcotics / Codeine / Alprazolam,5
HLT-2026-00128,6,Tirunelveli,2025-05-15 23:38:00,LICENSED_REHAB_CENTER,TOXICOLOGY_SCREEN_AGGREGATE,2,Synthetic Stimulants / MDMA / Meth,4
HLT-2026-00129,33,Thiruvarur,2026-01-29 11:54:19,LICENSED_REHAB_CENTER,SUBSTANCE_CONSULTATION,3,Prescription Narcotics / Codeine / Alprazolam,9
HLT-2026-00130,3,Madurai,2025-06-27 19:11:21,DISTRICT_HEADQUARTERS_HOSPITAL,SUBSTANCE_CONSULTATION,1,Commercial Ganja / Cannabis,7
HLT-2026-00131,32,Theni,2026-02-24 19:26:32,GOVT_MEDICAL_COLLEGE_PSYCH,TOXICOLOGY_SCREEN_AGGREGATE,6,Unclassified / Suspicious Substance,16
HLT-2026-00132,20,Viluppuram,2025-01-15 11:34:56,GOVT_MEDICAL_COLLEGE_PSYCH,TOXICOLOGY_SCREEN_AGGREGATE,6,Unclassified / Suspicious Substance,8
HLT-2026-00133,14,Kanniyakumari,2025-07-25 06:50:08,GOVT_MEDICAL_COLLEGE_PSYCH,SUBSTANCE_CONSULTATION,3,Prescription Narcotics / Codeine / Alprazolam,16
HLT-2026-00134,17,Chengalpattu,2025-12-21 14:24:02,DISTRICT_HEADQUARTERS_HOSPITAL,SUBSTANCE_CONSULTATION,6,Unclassified / Suspicious Substance,21
HLT-2026-00135,29,Sivaganga,2025-01-12 03:42:22,DISTRICT_HEADQUARTERS_HOSPITAL,SUBSTANCE_CONSULTATION,1,Commercial Ganja / Cannabis,10
HLT-2026-00136,13,Thoothukudi,2024-09-25 01:37:11,LICENSED_REHAB_CENTER,TOXICOLOGY_SCREEN_AGGREGATE,2,Synthetic Stimulants / MDMA / Meth,20
HLT-2026-00137,9,Vellore,2024-12-07 18:45:42,DISTRICT_HEADQUARTERS_HOSPITAL,TOXICOLOGY_SCREEN_AGGREGATE,3,Prescription Narcotics / Codeine / Alprazolam,12
HLT-2026-00138,29,Sivaganga,2024-10-04 17:52:21,GOVT_MEDICAL_COLLEGE_PSYCH,TOXICOLOGY_SCREEN_AGGREGATE,1,Commercial Ganja / Cannabis,20
HLT-2026-00139,9,Vellore,2026-08-14 11:29:07,GOVT_MEDICAL_COLLEGE_PSYCH,TOXICOLOGY_SCREEN_AGGREGATE,5,Opioid Analogues / Brown Sugar / Heroin,14
HLT-2026-00140,7,Erode,2024-10-18 01:34:37,DISTRICT_HEADQUARTERS_HOSPITAL,SUBSTANCE_CONSULTATION,4,Chemical Precursors / Ephedrine,17
HLT-2026-00141,16,Kancheepuram,2026-06-27 07:26:56,GOVT_MEDICAL_COLLEGE_PSYCH,SUBSTANCE_CONSULTATION,1,Commercial Ganja / Cannabis,12
HLT-2026-00142,12,Thanjavur,2025-05-08 18:14:00,GOVT_MEDICAL_COLLEGE_PSYCH,TOXICOLOGY_SCREEN_AGGREGATE,2,Synthetic Stimulants / MDMA / Meth,2
HLT-2026-00143,4,Salem,2025-04-20 13:23:02,DISTRICT_HEADQUARTERS_HOSPITAL,TOXICOLOGY_SCREEN_AGGREGATE,2,Synthetic Stimulants / MDMA / Meth,18
HLT-2026-00144,11,Dindigul,2025-08-28 05:08:10,DISTRICT_HEADQUARTERS_HOSPITAL,TOXICOLOGY_SCREEN_AGGREGATE,6,Unclassified / Suspicious Substance,11
HLT-2026-00145,19,Cuddalore,2025-12-08 10:00:41,DISTRICT_HEADQUARTERS_HOSPITAL,TOXICOLOGY_SCREEN_AGGREGATE,5,Opioid Analogues / Brown Sugar / Heroin,17
HLT-2026-00146,10,Krishnagiri,2025-03-10 02:23:37,LICENSED_REHAB_CENTER,SUBSTANCE_CONSULTATION,6,Unclassified / Suspicious Substance,9
HLT-2026-00147,17,Chengalpattu,2025-07-14 14:26:52,LICENSED_REHAB_CENTER,WITHDRAWAL_ADMISSION,1,Commercial Ganja / Cannabis,9
HLT-2026-00148,22,Dharmapuri,2025-04-08 02:55:12,DISTRICT_HEADQUARTERS_HOSPITAL,WITHDRAWAL_ADMISSION,2,Synthetic Stimulants / MDMA / Meth,2
HLT-2026-00149,16,Kancheepuram,2026-02-25 18:35:35,GOVT_MEDICAL_COLLEGE_PSYCH,SUBSTANCE_CONSULTATION,2,Synthetic Stimulants / MDMA / Meth,16
HLT-2026-00150,13,Thoothukudi,2025-11-03 00:27:09,GOVT_MEDICAL_COLLEGE_PSYCH,TOXICOLOGY_SCREEN_AGGREGATE,5,Opioid Analogues / Brown Sugar / Heroin,18
HLT-2026-00151,3,Madurai,2026-01-13 17:12:46,DISTRICT_HEADQUARTERS_HOSPITAL,WITHDRAWAL_ADMISSION,2,Synthetic Stimulants / MDMA / Meth,2
HLT-2026-00152,13,Thoothukudi,2025-10-06 23:38:18,GOVT_MEDICAL_COLLEGE_PSYCH,TOXICOLOGY_SCREEN_AGGREGATE,6,Unclassified / Suspicious Substance,7
HLT-2026-00153,23,Namakkal,2025-07-13 09:54:34,LICENSED_REHAB_CENTER,TOXICOLOGY_SCREEN_AGGREGATE,2,Synthetic Stimulants / MDMA / Meth,11
HLT-2026-00154,16,Kancheepuram,2024-11-21 05:27:08,LICENSED_REHAB_CENTER,WITHDRAWAL_ADMISSION,6,Unclassified / Suspicious Substance,15
HLT-2026-00155,6,Tirunelveli,2025-11-01 20:11:36,DISTRICT_HEADQUARTERS_HOSPITAL,WITHDRAWAL_ADMISSION,2,Synthetic Stimulants / MDMA / Meth,8
HLT-2026-00156,22,Dharmapuri,2026-06-28 15:02:24,GOVT_MEDICAL_COLLEGE_PSYCH,SUBSTANCE_CONSULTATION,4,Chemical Precursors / Ephedrine,15
HLT-2026-00157,17,Chengalpattu,2025-05-20 08:39:10,GOVT_MEDICAL_COLLEGE_PSYCH,TOXICOLOGY_SCREEN_AGGREGATE,1,Commercial Ganja / Cannabis,9
HLT-2026-00158,10,Krishnagiri,2025-12-05 18:13:36,DISTRICT_HEADQUARTERS_HOSPITAL,TOXICOLOGY_SCREEN_AGGREGATE,3,Prescription Narcotics / Codeine / Alprazolam,20
HLT-2026-00159,10,Krishnagiri,2024-11-07 13:33:41,LICENSED_REHAB_CENTER,WITHDRAWAL_ADMISSION,6,Unclassified / Suspicious Substance,5
HLT-2026-00160,15,Tenkasi,2025-08-20 17:41:54,LICENSED_REHAB_CENTER,WITHDRAWAL_ADMISSION,3,Prescription Narcotics / Codeine / Alprazolam,13
HLT-2026-00161,6,Tirunelveli,2025-11-14 13:21:13,LICENSED_REHAB_CENTER,TOXICOLOGY_SCREEN_AGGREGATE,2,Synthetic Stimulants / MDMA / Meth,9
HLT-2026-00162,21,Kallakurichi,2026-03-10 21:04:28,LICENSED_REHAB_CENTER,TOXICOLOGY_SCREEN_AGGREGATE,3,Prescription Narcotics / Codeine / Alprazolam,21
HLT-2026-00163,20,Viluppuram,2024-10-27 22:02:23,DISTRICT_HEADQUARTERS_HOSPITAL,TOXICOLOGY_SCREEN_AGGREGATE,1,Commercial Ganja / Cannabis,11
HLT-2026-00164,24,Nilgiris,2026-08-11 08:00:22,LICENSED_REHAB_CENTER,WITHDRAWAL_ADMISSION,3,Prescription Narcotics / Codeine / Alprazolam,19
HLT-2026-00165,13,Thoothukudi,2025-05-26 22:46:31,DISTRICT_HEADQUARTERS_HOSPITAL,SUBSTANCE_CONSULTATION,4,Chemical Precursors / Ephedrine,16
HLT-2026-00166,12,Thanjavur,2024-10-19 03:02:32,DISTRICT_HEADQUARTERS_HOSPITAL,WITHDRAWAL_ADMISSION,4,Chemical Precursors / Ephedrine,20
HLT-2026-00167,21,Kallakurichi,2026-05-19 09:30:01,LICENSED_REHAB_CENTER,WITHDRAWAL_ADMISSION,6,Unclassified / Suspicious Substance,13
HLT-2026-00168,8,Tiruppur,2024-12-27 02:56:29,DISTRICT_HEADQUARTERS_HOSPITAL,WITHDRAWAL_ADMISSION,2,Synthetic Stimulants / MDMA / Meth,22
HLT-2026-00169,2,Coimbatore,2025-08-30 21:05:27,DISTRICT_HEADQUARTERS_HOSPITAL,TOXICOLOGY_SCREEN_AGGREGATE,1,Commercial Ganja / Cannabis,21
HLT-2026-00170,12,Thanjavur,2024-10-07 16:28:41,DISTRICT_HEADQUARTERS_HOSPITAL,SUBSTANCE_CONSULTATION,5,Opioid Analogues / Brown Sugar / Heroin,17
HLT-2026-00171,7,Erode,2026-07-03 11:08:04,GOVT_MEDICAL_COLLEGE_PSYCH,WITHDRAWAL_ADMISSION,1,Commercial Ganja / Cannabis,10
HLT-2026-00172,33,Thiruvarur,2025-03-29 08:08:43,DISTRICT_HEADQUARTERS_HOSPITAL,SUBSTANCE_CONSULTATION,5,Opioid Analogues / Brown Sugar / Heroin,16
HLT-2026-00173,22,Dharmapuri,2025-04-13 03:37:56,GOVT_MEDICAL_COLLEGE_PSYCH,SUBSTANCE_CONSULTATION,4,Chemical Precursors / Ephedrine,10
HLT-2026-00174,9,Vellore,2025-09-17 08:41:00,GOVT_MEDICAL_COLLEGE_PSYCH,SUBSTANCE_CONSULTATION,5,Opioid Analogues / Brown Sugar / Heroin,19
HLT-2026-00175,12,Thanjavur,2025-03-18 02:20:08,DISTRICT_HEADQUARTERS_HOSPITAL,TOXICOLOGY_SCREEN_AGGREGATE,1,Commercial Ganja / Cannabis,18
HLT-2026-00176,15,Tenkasi,2026-02-25 21:15:46,LICENSED_REHAB_CENTER,SUBSTANCE_CONSULTATION,4,Chemical Precursors / Ephedrine,13
HLT-2026-00177,14,Kanniyakumari,2025-02-23 10:06:45,GOVT_MEDICAL_COLLEGE_PSYCH,WITHDRAWAL_ADMISSION,6,Unclassified / Suspicious Substance,17
HLT-2026-00178,20,Viluppuram,2026-05-21 23:29:54,DISTRICT_HEADQUARTERS_HOSPITAL,TOXICOLOGY_SCREEN_AGGREGATE,3,Prescription Narcotics / Codeine / Alprazolam,2
HLT-2026-00179,24,Nilgiris,2025-01-14 13:27:51,LICENSED_REHAB_CENTER,WITHDRAWAL_ADMISSION,5,Opioid Analogues / Brown Sugar / Heroin,19
HLT-2026-00180,33,Thiruvarur,2024-12-12 01:00:16,LICENSED_REHAB_CENTER,WITHDRAWAL_ADMISSION,2,Synthetic Stimulants / MDMA / Meth,3
HLT-2026-00181,13,Thoothukudi,2026-05-04 14:07:22,GOVT_MEDICAL_COLLEGE_PSYCH,SUBSTANCE_CONSULTATION,6,Unclassified / Suspicious Substance,5
HLT-2026-00182,20,Viluppuram,2024-12-09 16:36:10,DISTRICT_HEADQUARTERS_HOSPITAL,SUBSTANCE_CONSULTATION,2,Synthetic Stimulants / MDMA / Meth,22
HLT-2026-00183,34,Nagapattinam,2024-10-28 04:42:26,LICENSED_REHAB_CENTER,SUBSTANCE_CONSULTATION,3,Prescription Narcotics / Codeine / Alprazolam,8
HLT-2026-00184,9,Vellore,2026-07-06 08:09:34,GOVT_MEDICAL_COLLEGE_PSYCH,WITHDRAWAL_ADMISSION,3,Prescription Narcotics / Codeine / Alprazolam,20
HLT-2026-00185,25,Karur,2025-05-28 14:50:53,LICENSED_REHAB_CENTER,TOXICOLOGY_SCREEN_AGGREGATE,3,Prescription Narcotics / Codeine / Alprazolam,18
HLT-2026-00186,14,Kanniyakumari,2025-05-29 20:23:07,GOVT_MEDICAL_COLLEGE_PSYCH,SUBSTANCE_CONSULTATION,3,Prescription Narcotics / Codeine / Alprazolam,21
HLT-2026-00187,12,Thanjavur,2026-04-30 04:19:29,LICENSED_REHAB_CENTER,TOXICOLOGY_SCREEN_AGGREGATE,6,Unclassified / Suspicious Substance,18
HLT-2026-00188,15,Tenkasi,2026-05-02 10:06:10,DISTRICT_HEADQUARTERS_HOSPITAL,SUBSTANCE_CONSULTATION,5,Opioid Analogues / Brown Sugar / Heroin,8
HLT-2026-00189,5,Tiruchirappalli,2025-11-05 01:23:09,GOVT_MEDICAL_COLLEGE_PSYCH,WITHDRAWAL_ADMISSION,5,Opioid Analogues / Brown Sugar / Heroin,12
HLT-2026-00190,34,Nagapattinam,2025-08-21 23:24:39,LICENSED_REHAB_CENTER,WITHDRAWAL_ADMISSION,6,Unclassified / Suspicious Substance,8
HLT-2026-00191,30,Ramanathapuram,2025-07-22 19:50:31,DISTRICT_HEADQUARTERS_HOSPITAL,SUBSTANCE_CONSULTATION,5,Opioid Analogues / Brown Sugar / Heroin,16
HLT-2026-00192,24,Nilgiris,2024-12-20 03:05:08,DISTRICT_HEADQUARTERS_HOSPITAL,SUBSTANCE_CONSULTATION,5,Opioid Analogues / Brown Sugar / Heroin,12
HLT-2026-00193,6,Tirunelveli,2026-08-16 01:36:56,LICENSED_REHAB_CENTER,SUBSTANCE_CONSULTATION,1,Commercial Ganja / Cannabis,12
HLT-2026-00194,13,Thoothukudi,2025-03-02 23:34:02,LICENSED_REHAB_CENTER,SUBSTANCE_CONSULTATION,1,Commercial Ganja / Cannabis,3
HLT-2026-00195,27,Perambalur,2025-04-16 03:46:04,GOVT_MEDICAL_COLLEGE_PSYCH,SUBSTANCE_CONSULTATION,2,Synthetic Stimulants / MDMA / Meth,8
HLT-2026-00196,36,Ranipet,2026-01-14 17:42:37,GOVT_MEDICAL_COLLEGE_PSYCH,TOXICOLOGY_SCREEN_AGGREGATE,4,Chemical Precursors / Ephedrine,9
HLT-2026-00197,19,Cuddalore,2025-01-24 21:25:37,DISTRICT_HEADQUARTERS_HOSPITAL,TOXICOLOGY_SCREEN_AGGREGATE,2,Synthetic Stimulants / MDMA / Meth,7
HLT-2026-00198,19,Cuddalore,2026-07-25 09:04:02,LICENSED_REHAB_CENTER,TOXICOLOGY_SCREEN_AGGREGATE,3,Prescription Narcotics / Codeine / Alprazolam,20
HLT-2026-00199,5,Tiruchirappalli,2025-11-25 16:07:30,GOVT_MEDICAL_COLLEGE_PSYCH,TOXICOLOGY_SCREEN_AGGREGATE,4,Chemical Precursors / Ephedrine,15
HLT-2026-00200,18,Tiruvallur,2024-10-01 17:47:18,DISTRICT_HEADQUARTERS_HOSPITAL,TOXICOLOGY_SCREEN_AGGREGATE,1,Commercial Ganja / Cannabis,22
HLT-2026-00201,12,Thanjavur,2026-06-06 10:36:06,GOVT_MEDICAL_COLLEGE_PSYCH,TOXICOLOGY_SCREEN_AGGREGATE,5,Opioid Analogues / Brown Sugar / Heroin,10
HLT-2026-00202,22,Dharmapuri,2024-11-25 05:24:41,LICENSED_REHAB_CENTER,SUBSTANCE_CONSULTATION,1,Commercial Ganja / Cannabis,21
HLT-2026-00203,24,Nilgiris,2024-11-17 20:44:16,DISTRICT_HEADQUARTERS_HOSPITAL,WITHDRAWAL_ADMISSION,6,Unclassified / Suspicious Substance,18
HLT-2026-00204,26,Ariyalur,2026-03-12 14:23:57,GOVT_MEDICAL_COLLEGE_PSYCH,SUBSTANCE_CONSULTATION,5,Opioid Analogues / Brown Sugar / Heroin,7
HLT-2026-00205,15,Tenkasi,2026-07-18 18:31:12,GOVT_MEDICAL_COLLEGE_PSYCH,TOXICOLOGY_SCREEN_AGGREGATE,2,Synthetic Stimulants / MDMA / Meth,3
HLT-2026-00206,30,Ramanathapuram,2025-12-11 12:19:11,LICENSED_REHAB_CENTER,TOXICOLOGY_SCREEN_AGGREGATE,3,Prescription Narcotics / Codeine / Alprazolam,17
HLT-2026-00207,36,Ranipet,2025-10-31 08:44:52,DISTRICT_HEADQUARTERS_HOSPITAL,TOXICOLOGY_SCREEN_AGGREGATE,2,Synthetic Stimulants / MDMA / Meth,21
HLT-2026-00208,6,Tirunelveli,2025-07-22 14:31:00,LICENSED_REHAB_CENTER,TOXICOLOGY_SCREEN_AGGREGATE,6,Unclassified / Suspicious Substance,12
HLT-2026-00209,13,Thoothukudi,2025-10-16 04:13:58,GOVT_MEDICAL_COLLEGE_PSYCH,TOXICOLOGY_SCREEN_AGGREGATE,1,Commercial Ganja / Cannabis,18
HLT-2026-00210,32,Theni,2026-02-11 10:46:44,LICENSED_REHAB_CENTER,SUBSTANCE_CONSULTATION,1,Commercial Ganja / Cannabis,8
HLT-2026-00211,16,Kancheepuram,2025-06-04 20:22:08,GOVT_MEDICAL_COLLEGE_PSYCH,SUBSTANCE_CONSULTATION,1,Commercial Ganja / Cannabis,15
HLT-2026-00212,28,Pudukkottai,2025-11-02 05:10:50,DISTRICT_HEADQUARTERS_HOSPITAL,WITHDRAWAL_ADMISSION,3,Prescription Narcotics / Codeine / Alprazolam,14
HLT-2026-00213,2,Coimbatore,2026-07-23 20:17:53,LICENSED_REHAB_CENTER,SUBSTANCE_CONSULTATION,2,Synthetic Stimulants / MDMA / Meth,5
HLT-2026-00214,14,Kanniyakumari,2026-04-16 04:20:34,DISTRICT_HEADQUARTERS_HOSPITAL,SUBSTANCE_CONSULTATION,4,Chemical Precursors / Ephedrine,21
HLT-2026-00215,6,Tirunelveli,2024-12-31 10:30:03,GOVT_MEDICAL_COLLEGE_PSYCH,TOXICOLOGY_SCREEN_AGGREGATE,2,Synthetic Stimulants / MDMA / Meth,16
HLT-2026-00216,12,Thanjavur,2026-04-03 18:41:02,DISTRICT_HEADQUARTERS_HOSPITAL,TOXICOLOGY_SCREEN_AGGREGATE,5,Opioid Analogues / Brown Sugar / Heroin,11
HLT-2026-00217,31,Virudhunagar,2026-01-25 19:08:21,DISTRICT_HEADQUARTERS_HOSPITAL,SUBSTANCE_CONSULTATION,2,Synthetic Stimulants / MDMA / Meth,22
HLT-2026-00218,22,Dharmapuri,2025-12-30 15:07:02,DISTRICT_HEADQUARTERS_HOSPITAL,TOXICOLOGY_SCREEN_AGGREGATE,5,Opioid Analogues / Brown Sugar / Heroin,12
HLT-2026-00219,35,Mayiladuthurai,2025-05-24 16:23:55,GOVT_MEDICAL_COLLEGE_PSYCH,TOXICOLOGY_SCREEN_AGGREGATE,4,Chemical Precursors / Ephedrine,13
HLT-2026-00220,18,Tiruvallur,2024-11-18 15:22:16,LICENSED_REHAB_CENTER,SUBSTANCE_CONSULTATION,5,Opioid Analogues / Brown Sugar / Heroin,5
HLT-2026-00221,8,Tiruppur,2025-04-06 11:09:20,LICENSED_REHAB_CENTER,SUBSTANCE_CONSULTATION,6,Unclassified / Suspicious Substance,3
HLT-2026-00222,9,Vellore,2025-02-01 01:18:06,GOVT_MEDICAL_COLLEGE_PSYCH,WITHDRAWAL_ADMISSION,6,Unclassified / Suspicious Substance,11
HLT-2026-00223,21,Kallakurichi,2026-02-25 15:15:52,GOVT_MEDICAL_COLLEGE_PSYCH,SUBSTANCE_CONSULTATION,6,Unclassified / Suspicious Substance,15
HLT-2026-00224,16,Kancheepuram,2025-05-18 17:09:58,LICENSED_REHAB_CENTER,WITHDRAWAL_ADMISSION,1,Commercial Ganja / Cannabis,11
HLT-2026-00225,17,Chengalpattu,2025-03-25 12:04:20,DISTRICT_HEADQUARTERS_HOSPITAL,TOXICOLOGY_SCREEN_AGGREGATE,6,Unclassified / Suspicious Substance,20
HLT-2026-00226,38,Tiruvannamalai,2025-07-08 13:26:08,DISTRICT_HEADQUARTERS_HOSPITAL,TOXICOLOGY_SCREEN_AGGREGATE,5,Opioid Analogues / Brown Sugar / Heroin,7
HLT-2026-00227,18,Tiruvallur,2025-10-23 11:51:39,DISTRICT_HEADQUARTERS_HOSPITAL,SUBSTANCE_CONSULTATION,5,Opioid Analogues / Brown Sugar / Heroin,18
HLT-2026-00228,2,Coimbatore,2026-02-28 22:08:53,GOVT_MEDICAL_COLLEGE_PSYCH,WITHDRAWAL_ADMISSION,6,Unclassified / Suspicious Substance,7
HLT-2026-00229,34,Nagapattinam,2025-04-26 01:16:47,LICENSED_REHAB_CENTER,WITHDRAWAL_ADMISSION,6,Unclassified / Suspicious Substance,5
HLT-2026-00230,15,Tenkasi,2025-12-31 07:40:03,LICENSED_REHAB_CENTER,TOXICOLOGY_SCREEN_AGGREGATE,2,Synthetic Stimulants / MDMA / Meth,21
HLT-2026-00231,16,Kancheepuram,2026-04-25 08:03:47,LICENSED_REHAB_CENTER,TOXICOLOGY_SCREEN_AGGREGATE,5,Opioid Analogues / Brown Sugar / Heroin,11
HLT-2026-00232,4,Salem,2025-03-28 10:58:22,LICENSED_REHAB_CENTER,TOXICOLOGY_SCREEN_AGGREGATE,4,Chemical Precursors / Ephedrine,3
HLT-2026-00233,7,Erode,2026-06-08 13:27:11,GOVT_MEDICAL_COLLEGE_PSYCH,SUBSTANCE_CONSULTATION,3,Prescription Narcotics / Codeine / Alprazolam,17
HLT-2026-00234,35,Mayiladuthurai,2024-11-07 05:16:16,LICENSED_REHAB_CENTER,TOXICOLOGY_SCREEN_AGGREGATE,2,Synthetic Stimulants / MDMA / Meth,13
HLT-2026-00235,25,Karur,2025-03-21 14:34:21,DISTRICT_HEADQUARTERS_HOSPITAL,SUBSTANCE_CONSULTATION,1,Commercial Ganja / Cannabis,8
HLT-2026-00236,3,Madurai,2025-12-14 12:24:48,GOVT_MEDICAL_COLLEGE_PSYCH,SUBSTANCE_CONSULTATION,2,Synthetic Stimulants / MDMA / Meth,8
HLT-2026-00237,9,Vellore,2026-08-12 02:23:33,LICENSED_REHAB_CENTER,SUBSTANCE_CONSULTATION,6,Unclassified / Suspicious Substance,20
HLT-2026-00238,35,Mayiladuthurai,2025-11-29 05:03:44,LICENSED_REHAB_CENTER,SUBSTANCE_CONSULTATION,4,Chemical Precursors / Ephedrine,5
HLT-2026-00239,4,Salem,2025-06-07 15:24:37,DISTRICT_HEADQUARTERS_HOSPITAL,TOXICOLOGY_SCREEN_AGGREGATE,4,Chemical Precursors / Ephedrine,12
HLT-2026-00240,34,Nagapattinam,2025-07-13 09:48:06,GOVT_MEDICAL_COLLEGE_PSYCH,WITHDRAWAL_ADMISSION,1,Commercial Ganja / Cannabis,9
HLT-2026-00241,27,Perambalur,2026-07-29 10:47:42,LICENSED_REHAB_CENTER,SUBSTANCE_CONSULTATION,6,Unclassified / Suspicious Substance,13
HLT-2026-00242,18,Tiruvallur,2026-04-16 18:27:33,DISTRICT_HEADQUARTERS_HOSPITAL,SUBSTANCE_CONSULTATION,1,Commercial Ganja / Cannabis,9
HLT-2026-00243,36,Ranipet,2026-03-27 23:59:44,LICENSED_REHAB_CENTER,WITHDRAWAL_ADMISSION,6,Unclassified / Suspicious Substance,19
HLT-2026-00244,27,Perambalur,2026-05-07 05:11:43,LICENSED_REHAB_CENTER,SUBSTANCE_CONSULTATION,2,Synthetic Stimulants / MDMA / Meth,16
HLT-2026-00245,38,Tiruvannamalai,2026-02-02 05:14:43,LICENSED_REHAB_CENTER,WITHDRAWAL_ADMISSION,5,Opioid Analogues / Brown Sugar / Heroin,11
HLT-2026-00246,8,Tiruppur,2026-07-04 12:01:10,DISTRICT_HEADQUARTERS_HOSPITAL,TOXICOLOGY_SCREEN_AGGREGATE,2,Synthetic Stimulants / MDMA / Meth,7
HLT-2026-00247,31,Virudhunagar,2026-05-17 08:12:31,DISTRICT_HEADQUARTERS_HOSPITAL,WITHDRAWAL_ADMISSION,3,Prescription Narcotics / Codeine / Alprazolam,18
HLT-2026-00248,18,Tiruvallur,2025-11-17 16:21:46,DISTRICT_HEADQUARTERS_HOSPITAL,SUBSTANCE_CONSULTATION,1,Commercial Ganja / Cannabis,20
HLT-2026-00249,10,Krishnagiri,2024-10-14 20:05:14,LICENSED_REHAB_CENTER,WITHDRAWAL_ADMISSION,3,Prescription Narcotics / Codeine / Alprazolam,16
HLT-2026-00250,30,Ramanathapuram,2025-10-31 11:05:02,DISTRICT_HEADQUARTERS_HOSPITAL,TOXICOLOGY_SCREEN_AGGREGATE,5,Opioid Analogues / Brown Sugar / Heroin,5
HLT-2026-00251,38,Tiruvannamalai,2026-04-16 21:33:23,GOVT_MEDICAL_COLLEGE_PSYCH,TOXICOLOGY_SCREEN_AGGREGATE,1,Commercial Ganja / Cannabis,8
HLT-2026-00252,26,Ariyalur,2025-06-23 06:15:53,LICENSED_REHAB_CENTER,SUBSTANCE_CONSULTATION,2,Synthetic Stimulants / MDMA / Meth,18
HLT-2026-00253,31,Virudhunagar,2026-02-06 19:38:38,GOVT_MEDICAL_COLLEGE_PSYCH,WITHDRAWAL_ADMISSION,5,Opioid Analogues / Brown Sugar / Heroin,17
HLT-2026-00254,33,Thiruvarur,2025-02-05 20:58:25,GOVT_MEDICAL_COLLEGE_PSYCH,WITHDRAWAL_ADMISSION,1,Commercial Ganja / Cannabis,21
HLT-2026-00255,28,Pudukkottai,2026-07-15 09:23:28,DISTRICT_HEADQUARTERS_HOSPITAL,WITHDRAWAL_ADMISSION,2,Synthetic Stimulants / MDMA / Meth,14
HLT-2026-00256,5,Tiruchirappalli,2024-10-13 00:01:09,DISTRICT_HEADQUARTERS_HOSPITAL,WITHDRAWAL_ADMISSION,5,Opioid Analogues / Brown Sugar / Heroin,17
HLT-2026-00257,36,Ranipet,2026-03-19 03:23:44,GOVT_MEDICAL_COLLEGE_PSYCH,WITHDRAWAL_ADMISSION,4,Chemical Precursors / Ephedrine,2
HLT-2026-00258,33,Thiruvarur,2026-04-21 21:16:33,LICENSED_REHAB_CENTER,WITHDRAWAL_ADMISSION,3,Prescription Narcotics / Codeine / Alprazolam,9
HLT-2026-00259,22,Dharmapuri,2025-02-23 16:13:39,DISTRICT_HEADQUARTERS_HOSPITAL,TOXICOLOGY_SCREEN_AGGREGATE,3,Prescription Narcotics / Codeine / Alprazolam,3
HLT-2026-00260,19,Cuddalore,2025-10-15 00:40:20,DISTRICT_HEADQUARTERS_HOSPITAL,SUBSTANCE_CONSULTATION,2,Synthetic Stimulants / MDMA / Meth,20
HLT-2026-00261,19,Cuddalore,2026-06-26 14:24:25,LICENSED_REHAB_CENTER,TOXICOLOGY_SCREEN_AGGREGATE,5,Opioid Analogues / Brown Sugar / Heroin,17
HLT-2026-00262,3,Madurai,2024-12-28 20:11:21,DISTRICT_HEADQUARTERS_HOSPITAL,WITHDRAWAL_ADMISSION,1,Commercial Ganja / Cannabis,9
HLT-2026-00263,15,Tenkasi,2024-11-02 06:34:17,DISTRICT_HEADQUARTERS_HOSPITAL,TOXICOLOGY_SCREEN_AGGREGATE,1,Commercial Ganja / Cannabis,13
HLT-2026-00264,37,Tirupathur,2025-10-07 04:31:31,DISTRICT_HEADQUARTERS_HOSPITAL,SUBSTANCE_CONSULTATION,3,Prescription Narcotics / Codeine / Alprazolam,10
HLT-2026-00265,1,Chennai,2025-04-14 06:22:46,LICENSED_REHAB_CENTER,TOXICOLOGY_SCREEN_AGGREGATE,3,Prescription Narcotics / Codeine / Alprazolam,18
HLT-2026-00266,17,Chengalpattu,2025-05-19 09:51:23,GOVT_MEDICAL_COLLEGE_PSYCH,TOXICOLOGY_SCREEN_AGGREGATE,4,Chemical Precursors / Ephedrine,11
HLT-2026-00267,3,Madurai,2026-04-03 20:18:08,DISTRICT_HEADQUARTERS_HOSPITAL,SUBSTANCE_CONSULTATION,3,Prescription Narcotics / Codeine / Alprazolam,2
HLT-2026-00268,30,Ramanathapuram,2026-01-18 12:16:30,GOVT_MEDICAL_COLLEGE_PSYCH,TOXICOLOGY_SCREEN_AGGREGATE,4,Chemical Precursors / Ephedrine,10
HLT-2026-00269,21,Kallakurichi,2026-05-05 20:48:09,LICENSED_REHAB_CENTER,WITHDRAWAL_ADMISSION,4,Chemical Precursors / Ephedrine,10
HLT-2026-00270,3,Madurai,2024-09-23 13:48:48,LICENSED_REHAB_CENTER,SUBSTANCE_CONSULTATION,5,Opioid Analogues / Brown Sugar / Heroin,2
HLT-2026-00271,31,Virudhunagar,2025-12-30 00:54:46,LICENSED_REHAB_CENTER,SUBSTANCE_CONSULTATION,5,Opioid Analogues / Brown Sugar / Heroin,18
HLT-2026-00272,5,Tiruchirappalli,2026-01-10 13:44:59,LICENSED_REHAB_CENTER,SUBSTANCE_CONSULTATION,5,Opioid Analogues / Brown Sugar / Heroin,19
HLT-2026-00273,10,Krishnagiri,2024-11-14 14:01:59,GOVT_MEDICAL_COLLEGE_PSYCH,WITHDRAWAL_ADMISSION,5,Opioid Analogues / Brown Sugar / Heroin,4
HLT-2026-00274,38,Tiruvannamalai,2025-01-01 09:40:00,GOVT_MEDICAL_COLLEGE_PSYCH,SUBSTANCE_CONSULTATION,1,Commercial Ganja / Cannabis,5
HLT-2026-00275,25,Karur,2026-05-30 22:44:14,DISTRICT_HEADQUARTERS_HOSPITAL,TOXICOLOGY_SCREEN_AGGREGATE,4,Chemical Precursors / Ephedrine,11
HLT-2026-00276,19,Cuddalore,2026-02-18 20:08:36,GOVT_MEDICAL_COLLEGE_PSYCH,WITHDRAWAL_ADMISSION,3,Prescription Narcotics / Codeine / Alprazolam,13
HLT-2026-00277,17,Chengalpattu,2026-03-22 13:14:12,LICENSED_REHAB_CENTER,TOXICOLOGY_SCREEN_AGGREGATE,3,Prescription Narcotics / Codeine / Alprazolam,9
HLT-2026-00278,16,Kancheepuram,2026-02-16 14:45:05,DISTRICT_HEADQUARTERS_HOSPITAL,WITHDRAWAL_ADMISSION,6,Unclassified / Suspicious Substance,3
HLT-2026-00279,18,Tiruvallur,2025-01-11 10:57:06,LICENSED_REHAB_CENTER,WITHDRAWAL_ADMISSION,5,Opioid Analogues / Brown Sugar / Heroin,18
HLT-2026-00280,2,Coimbatore,2025-09-04 20:09:00,LICENSED_REHAB_CENTER,SUBSTANCE_CONSULTATION,5,Opioid Analogues / Brown Sugar / Heroin,10
HLT-2026-00281,22,Dharmapuri,2025-11-01 01:56:41,LICENSED_REHAB_CENTER,WITHDRAWAL_ADMISSION,5,Opioid Analogues / Brown Sugar / Heroin,22
HLT-2026-00282,36,Ranipet,2025-08-29 12:51:08,GOVT_MEDICAL_COLLEGE_PSYCH,TOXICOLOGY_SCREEN_AGGREGATE,5,Opioid Analogues / Brown Sugar / Heroin,11
HLT-2026-00283,21,Kallakurichi,2026-04-03 05:17:01,DISTRICT_HEADQUARTERS_HOSPITAL,TOXICOLOGY_SCREEN_AGGREGATE,6,Unclassified / Suspicious Substance,18
HLT-2026-00284,8,Tiruppur,2025-06-13 08:37:51,GOVT_MEDICAL_COLLEGE_PSYCH,WITHDRAWAL_ADMISSION,5,Opioid Analogues / Brown Sugar / Heroin,22
HLT-2026-00285,10,Krishnagiri,2025-03-30 17:00:56,DISTRICT_HEADQUARTERS_HOSPITAL,SUBSTANCE_CONSULTATION,2,Synthetic Stimulants / MDMA / Meth,6
HLT-2026-00286,10,Krishnagiri,2025-12-03 04:30:38,LICENSED_REHAB_CENTER,WITHDRAWAL_ADMISSION,5,Opioid Analogues / Brown Sugar / Heroin,19
HLT-2026-00287,17,Chengalpattu,2025-07-17 07:45:28,LICENSED_REHAB_CENTER,TOXICOLOGY_SCREEN_AGGREGATE,3,Prescription Narcotics / Codeine / Alprazolam,21
HLT-2026-00288,27,Perambalur,2026-05-13 04:41:53,GOVT_MEDICAL_COLLEGE_PSYCH,WITHDRAWAL_ADMISSION,1,Commercial Ganja / Cannabis,6
HLT-2026-00289,15,Tenkasi,2026-01-08 07:51:02,LICENSED_REHAB_CENTER,TOXICOLOGY_SCREEN_AGGREGATE,6,Unclassified / Suspicious Substance,6
HLT-2026-00290,12,Thanjavur,2024-12-13 17:45:25,GOVT_MEDICAL_COLLEGE_PSYCH,TOXICOLOGY_SCREEN_AGGREGATE,6,Unclassified / Suspicious Substance,17
HLT-2026-00291,22,Dharmapuri,2025-01-04 19:48:32,GOVT_MEDICAL_COLLEGE_PSYCH,WITHDRAWAL_ADMISSION,5,Opioid Analogues / Brown Sugar / Heroin,6
HLT-2026-00292,10,Krishnagiri,2026-02-17 15:08:04,GOVT_MEDICAL_COLLEGE_PSYCH,SUBSTANCE_CONSULTATION,4,Chemical Precursors / Ephedrine,6
HLT-2026-00293,4,Salem,2026-02-25 08:18:09,DISTRICT_HEADQUARTERS_HOSPITAL,WITHDRAWAL_ADMISSION,5,Opioid Analogues / Brown Sugar / Heroin,8
HLT-2026-00294,36,Ranipet,2024-11-23 15:36:31,GOVT_MEDICAL_COLLEGE_PSYCH,SUBSTANCE_CONSULTATION,2,Synthetic Stimulants / MDMA / Meth,20
HLT-2026-00295,30,Ramanathapuram,2026-08-13 16:03:19,DISTRICT_HEADQUARTERS_HOSPITAL,WITHDRAWAL_ADMISSION,1,Commercial Ganja / Cannabis,8
HLT-2026-00296,18,Tiruvallur,2024-10-26 09:44:09,LICENSED_REHAB_CENTER,TOXICOLOGY_SCREEN_AGGREGATE,6,Unclassified / Suspicious Substance,13
HLT-2026-00297,25,Karur,2025-05-30 06:31:04,LICENSED_REHAB_CENTER,WITHDRAWAL_ADMISSION,1,Commercial Ganja / Cannabis,8
HLT-2026-00298,26,Ariyalur,2024-11-19 03:09:40,GOVT_MEDICAL_COLLEGE_PSYCH,WITHDRAWAL_ADMISSION,6,Unclassified / Suspicious Substance,14
HLT-2026-00299,23,Namakkal,2025-01-14 05:19:22,LICENSED_REHAB_CENTER,SUBSTANCE_CONSULTATION,2,Synthetic Stimulants / MDMA / Meth,11
HLT-2026-00300,9,Vellore,2026-05-08 00:17:30,LICENSED_REHAB_CENTER,WITHDRAWAL_ADMISSION,2,Synthetic Stimulants / MDMA / Meth,8
HLT-2026-00301,34,Nagapattinam,2025-09-09 20:45:50,DISTRICT_HEADQUARTERS_HOSPITAL,WITHDRAWAL_ADMISSION,2,Synthetic Stimulants / MDMA / Meth,6
HLT-2026-00302,3,Madurai,2025-09-20 10:13:50,DISTRICT_HEADQUARTERS_HOSPITAL,SUBSTANCE_CONSULTATION,5,Opioid Analogues / Brown Sugar / Heroin,2
HLT-2026-00303,19,Cuddalore,2025-02-11 23:18:04,DISTRICT_HEADQUARTERS_HOSPITAL,SUBSTANCE_CONSULTATION,3,Prescription Narcotics / Codeine / Alprazolam,9
HLT-2026-00304,23,Namakkal,2025-08-22 23:57:22,DISTRICT_HEADQUARTERS_HOSPITAL,SUBSTANCE_CONSULTATION,5,Opioid Analogues / Brown Sugar / Heroin,21
HLT-2026-00305,36,Ranipet,2025-02-08 09:20:53,DISTRICT_HEADQUARTERS_HOSPITAL,WITHDRAWAL_ADMISSION,4,Chemical Precursors / Ephedrine,11
HLT-2026-00306,26,Ariyalur,2025-05-28 11:23:25,DISTRICT_HEADQUARTERS_HOSPITAL,TOXICOLOGY_SCREEN_AGGREGATE,3,Prescription Narcotics / Codeine / Alprazolam,22
HLT-2026-00307,34,Nagapattinam,2025-04-29 19:26:18,GOVT_MEDICAL_COLLEGE_PSYCH,TOXICOLOGY_SCREEN_AGGREGATE,2,Synthetic Stimulants / MDMA / Meth,5
HLT-2026-00308,32,Theni,2026-03-07 01:11:23,LICENSED_REHAB_CENTER,TOXICOLOGY_SCREEN_AGGREGATE,2,Synthetic Stimulants / MDMA / Meth,11
HLT-2026-00309,3,Madurai,2026-06-16 00:07:34,DISTRICT_HEADQUARTERS_HOSPITAL,WITHDRAWAL_ADMISSION,3,Prescription Narcotics / Codeine / Alprazolam,19
HLT-2026-00310,21,Kallakurichi,2026-02-21 11:31:25,LICENSED_REHAB_CENTER,SUBSTANCE_CONSULTATION,2,Synthetic Stimulants / MDMA / Meth,4
HLT-2026-00311,30,Ramanathapuram,2026-03-07 10:51:10,GOVT_MEDICAL_COLLEGE_PSYCH,TOXICOLOGY_SCREEN_AGGREGATE,4,Chemical Precursors / Ephedrine,14
HLT-2026-00312,37,Tirupathur,2025-04-05 16:57:44,DISTRICT_HEADQUARTERS_HOSPITAL,WITHDRAWAL_ADMISSION,6,Unclassified / Suspicious Substance,4
HLT-2026-00313,38,Tiruvannamalai,2026-01-07 14:19:22,LICENSED_REHAB_CENTER,TOXICOLOGY_SCREEN_AGGREGATE,6,Unclassified / Suspicious Substance,19
HLT-2026-00314,30,Ramanathapuram,2025-04-21 20:42:46,LICENSED_REHAB_CENTER,WITHDRAWAL_ADMISSION,5,Opioid Analogues / Brown Sugar / Heroin,8
HLT-2026-00315,11,Dindigul,2025-06-14 01:39:52,LICENSED_REHAB_CENTER,TOXICOLOGY_SCREEN_AGGREGATE,3,Prescription Narcotics / Codeine / Alprazolam,8
HLT-2026-00316,7,Erode,2025-08-02 22:33:12,GOVT_MEDICAL_COLLEGE_PSYCH,WITHDRAWAL_ADMISSION,6,Unclassified / Suspicious Substance,7
HLT-2026-00317,17,Chengalpattu,2026-05-17 20:29:01,GOVT_MEDICAL_COLLEGE_PSYCH,TOXICOLOGY_SCREEN_AGGREGATE,4,Chemical Precursors / Ephedrine,14
HLT-2026-00318,3,Madurai,2025-09-02 09:51:50,LICENSED_REHAB_CENTER,WITHDRAWAL_ADMISSION,4,Chemical Precursors / Ephedrine,14
HLT-2026-00319,38,Tiruvannamalai,2025-06-15 20:59:24,DISTRICT_HEADQUARTERS_HOSPITAL,SUBSTANCE_CONSULTATION,5,Opioid Analogues / Brown Sugar / Heroin,15
HLT-2026-00320,2,Coimbatore,2024-11-14 08:05:45,DISTRICT_HEADQUARTERS_HOSPITAL,WITHDRAWAL_ADMISSION,4,Chemical Precursors / Ephedrine,11
HLT-2026-00321,38,Tiruvannamalai,2026-08-01 21:42:22,GOVT_MEDICAL_COLLEGE_PSYCH,SUBSTANCE_CONSULTATION,2,Synthetic Stimulants / MDMA / Meth,7
HLT-2026-00322,18,Tiruvallur,2024-11-18 19:04:08,DISTRICT_HEADQUARTERS_HOSPITAL,WITHDRAWAL_ADMISSION,5,Opioid Analogues / Brown Sugar / Heroin,2
HLT-2026-00323,15,Tenkasi,2026-02-23 17:35:48,DISTRICT_HEADQUARTERS_HOSPITAL,TOXICOLOGY_SCREEN_AGGREGATE,2,Synthetic Stimulants / MDMA / Meth,2
HLT-2026-00324,32,Theni,2024-10-07 21:16:58,LICENSED_REHAB_CENTER,TOXICOLOGY_SCREEN_AGGREGATE,2,Synthetic Stimulants / MDMA / Meth,14
HLT-2026-00325,3,Madurai,2026-03-10 05:58:52,DISTRICT_HEADQUARTERS_HOSPITAL,WITHDRAWAL_ADMISSION,1,Commercial Ganja / Cannabis,6
HLT-2026-00326,1,Chennai,2025-01-04 20:41:37,GOVT_MEDICAL_COLLEGE_PSYCH,WITHDRAWAL_ADMISSION,5,Opioid Analogues / Brown Sugar / Heroin,17
HLT-2026-00327,1,Chennai,2025-01-14 04:11:14,GOVT_MEDICAL_COLLEGE_PSYCH,SUBSTANCE_CONSULTATION,3,Prescription Narcotics / Codeine / Alprazolam,17
HLT-2026-00328,3,Madurai,2024-12-30 14:54:42,DISTRICT_HEADQUARTERS_HOSPITAL,TOXICOLOGY_SCREEN_AGGREGATE,5,Opioid Analogues / Brown Sugar / Heroin,9
HLT-2026-00329,34,Nagapattinam,2026-04-12 09:31:11,GOVT_MEDICAL_COLLEGE_PSYCH,TOXICOLOGY_SCREEN_AGGREGATE,2,Synthetic Stimulants / MDMA / Meth,12
HLT-2026-00330,4,Salem,2025-02-26 04:25:58,DISTRICT_HEADQUARTERS_HOSPITAL,WITHDRAWAL_ADMISSION,4,Chemical Precursors / Ephedrine,6
HLT-2026-00331,10,Krishnagiri,2026-07-11 23:34:56,LICENSED_REHAB_CENTER,SUBSTANCE_CONSULTATION,4,Chemical Precursors / Ephedrine,5
HLT-2026-00332,11,Dindigul,2026-03-09 06:40:12,GOVT_MEDICAL_COLLEGE_PSYCH,TOXICOLOGY_SCREEN_AGGREGATE,5,Opioid Analogues / Brown Sugar / Heroin,20
HLT-2026-00333,11,Dindigul,2026-08-18 17:16:23,DISTRICT_HEADQUARTERS_HOSPITAL,WITHDRAWAL_ADMISSION,6,Unclassified / Suspicious Substance,17
HLT-2026-00334,30,Ramanathapuram,2025-06-14 11:17:03,LICENSED_REHAB_CENTER,SUBSTANCE_CONSULTATION,2,Synthetic Stimulants / MDMA / Meth,3
HLT-2026-00335,22,Dharmapuri,2026-08-01 23:56:42,LICENSED_REHAB_CENTER,SUBSTANCE_CONSULTATION,1,Commercial Ganja / Cannabis,18
HLT-2026-00336,22,Dharmapuri,2025-10-18 01:29:23,DISTRICT_HEADQUARTERS_HOSPITAL,TOXICOLOGY_SCREEN_AGGREGATE,3,Prescription Narcotics / Codeine / Alprazolam,12
HLT-2026-00337,34,Nagapattinam,2025-01-10 15:11:06,GOVT_MEDICAL_COLLEGE_PSYCH,TOXICOLOGY_SCREEN_AGGREGATE,3,Prescription Narcotics / Codeine / Alprazolam,21
HLT-2026-00338,21,Kallakurichi,2025-04-11 05:04:34,GOVT_MEDICAL_COLLEGE_PSYCH,SUBSTANCE_CONSULTATION,1,Commercial Ganja / Cannabis,2
HLT-2026-00339,29,Sivaganga,2025-09-30 18:22:16,GOVT_MEDICAL_COLLEGE_PSYCH,TOXICOLOGY_SCREEN_AGGREGATE,5,Opioid Analogues / Brown Sugar / Heroin,4
HLT-2026-00340,16,Kancheepuram,2026-05-02 13:43:48,GOVT_MEDICAL_COLLEGE_PSYCH,TOXICOLOGY_SCREEN_AGGREGATE,6,Unclassified / Suspicious Substance,20
HLT-2026-00341,32,Theni,2024-12-30 21:49:33,DISTRICT_HEADQUARTERS_HOSPITAL,WITHDRAWAL_ADMISSION,4,Chemical Precursors / Ephedrine,2
HLT-2026-00342,38,Tiruvannamalai,2024-10-12 18:24:11,LICENSED_REHAB_CENTER,SUBSTANCE_CONSULTATION,3,Prescription Narcotics / Codeine / Alprazolam,6
HLT-2026-00343,30,Ramanathapuram,2026-07-16 06:23:23,DISTRICT_HEADQUARTERS_HOSPITAL,SUBSTANCE_CONSULTATION,1,Commercial Ganja / Cannabis,5
HLT-2026-00344,37,Tirupathur,2025-07-12 13:21:03,DISTRICT_HEADQUARTERS_HOSPITAL,TOXICOLOGY_SCREEN_AGGREGATE,2,Synthetic Stimulants / MDMA / Meth,21
HLT-2026-00345,16,Kancheepuram,2025-06-13 06:34:20,LICENSED_REHAB_CENTER,WITHDRAWAL_ADMISSION,3,Prescription Narcotics / Codeine / Alprazolam,7
HLT-2026-00346,9,Vellore,2026-04-26 03:39:49,DISTRICT_HEADQUARTERS_HOSPITAL,TOXICOLOGY_SCREEN_AGGREGATE,4,Chemical Precursors / Ephedrine,10
HLT-2026-00347,5,Tiruchirappalli,2024-12-26 02:49:45,DISTRICT_HEADQUARTERS_HOSPITAL,SUBSTANCE_CONSULTATION,4,Chemical Precursors / Ephedrine,2
HLT-2026-00348,8,Tiruppur,2024-11-05 09:37:32,LICENSED_REHAB_CENTER,SUBSTANCE_CONSULTATION,1,Commercial Ganja / Cannabis,21
HLT-2026-00349,31,Virudhunagar,2024-12-18 15:48:37,DISTRICT_HEADQUARTERS_HOSPITAL,SUBSTANCE_CONSULTATION,5,Opioid Analogues / Brown Sugar / Heroin,11
HLT-2026-00350,34,Nagapattinam,2026-01-14 22:40:59,DISTRICT_HEADQUARTERS_HOSPITAL,SUBSTANCE_CONSULTATION,3,Prescription Narcotics / Codeine / Alprazolam,9
HLT-2026-00351,28,Pudukkottai,2026-01-11 17:15:56,DISTRICT_HEADQUARTERS_HOSPITAL,TOXICOLOGY_SCREEN_AGGREGATE,3,Prescription Narcotics / Codeine / Alprazolam,14
HLT-2026-00352,23,Namakkal,2025-05-25 11:56:57,DISTRICT_HEADQUARTERS_HOSPITAL,SUBSTANCE_CONSULTATION,3,Prescription Narcotics / Codeine / Alprazolam,8
HLT-2026-00353,30,Ramanathapuram,2025-11-22 11:34:36,DISTRICT_HEADQUARTERS_HOSPITAL,SUBSTANCE_CONSULTATION,4,Chemical Precursors / Ephedrine,19
HLT-2026-00354,20,Viluppuram,2025-10-12 01:42:25,DISTRICT_HEADQUARTERS_HOSPITAL,SUBSTANCE_CONSULTATION,5,Opioid Analogues / Brown Sugar / Heroin,12
HLT-2026-00355,27,Perambalur,2026-04-27 21:43:31,GOVT_MEDICAL_COLLEGE_PSYCH,SUBSTANCE_CONSULTATION,1,Commercial Ganja / Cannabis,15
HLT-2026-00356,8,Tiruppur,2025-11-28 07:07:51,LICENSED_REHAB_CENTER,SUBSTANCE_CONSULTATION,4,Chemical Precursors / Ephedrine,17
HLT-2026-00357,7,Erode,2026-01-06 16:13:26,GOVT_MEDICAL_COLLEGE_PSYCH,WITHDRAWAL_ADMISSION,5,Opioid Analogues / Brown Sugar / Heroin,15
HLT-2026-00358,1,Chennai,2024-11-23 09:24:43,GOVT_MEDICAL_COLLEGE_PSYCH,WITHDRAWAL_ADMISSION,4,Chemical Precursors / Ephedrine,11
HLT-2026-00359,20,Viluppuram,2025-08-20 21:15:31,DISTRICT_HEADQUARTERS_HOSPITAL,TOXICOLOGY_SCREEN_AGGREGATE,1,Commercial Ganja / Cannabis,8
HLT-2026-00360,32,Theni,2024-10-16 07:45:44,GOVT_MEDICAL_COLLEGE_PSYCH,WITHDRAWAL_ADMISSION,3,Prescription Narcotics / Codeine / Alprazolam,14
HLT-2026-00361,34,Nagapattinam,2025-09-13 06:14:13,DISTRICT_HEADQUARTERS_HOSPITAL,TOXICOLOGY_SCREEN_AGGREGATE,4,Chemical Precursors / Ephedrine,10
HLT-2026-00362,2,Coimbatore,2024-12-18 18:02:49,GOVT_MEDICAL_COLLEGE_PSYCH,TOXICOLOGY_SCREEN_AGGREGATE,6,Unclassified / Suspicious Substance,8
HLT-2026-00363,22,Dharmapuri,2025-12-09 21:01:05,LICENSED_REHAB_CENTER,WITHDRAWAL_ADMISSION,6,Unclassified / Suspicious Substance,9
HLT-2026-00364,32,Theni,2025-03-13 12:54:37,GOVT_MEDICAL_COLLEGE_PSYCH,SUBSTANCE_CONSULTATION,6,Unclassified / Suspicious Substance,11
HLT-2026-00365,10,Krishnagiri,2026-07-24 01:34:07,LICENSED_REHAB_CENTER,TOXICOLOGY_SCREEN_AGGREGATE,1,Commercial Ganja / Cannabis,15
HLT-2026-00366,6,Tirunelveli,2026-03-13 16:49:37,LICENSED_REHAB_CENTER,TOXICOLOGY_SCREEN_AGGREGATE,5,Opioid Analogues / Brown Sugar / Heroin,22
HLT-2026-00367,6,Tirunelveli,2026-07-02 08:56:19,LICENSED_REHAB_CENTER,SUBSTANCE_CONSULTATION,3,Prescription Narcotics / Codeine / Alprazolam,5
HLT-2026-00368,25,Karur,2026-08-05 14:33:13,DISTRICT_HEADQUARTERS_HOSPITAL,TOXICOLOGY_SCREEN_AGGREGATE,6,Unclassified / Suspicious Substance,6
HLT-2026-00369,18,Tiruvallur,2025-06-18 19:33:16,GOVT_MEDICAL_COLLEGE_PSYCH,TOXICOLOGY_SCREEN_AGGREGATE,6,Unclassified / Suspicious Substance,3
HLT-2026-00370,22,Dharmapuri,2025-03-24 13:55:58,GOVT_MEDICAL_COLLEGE_PSYCH,TOXICOLOGY_SCREEN_AGGREGATE,3,Prescription Narcotics / Codeine / Alprazolam,13
HLT-2026-00371,15,Tenkasi,2026-01-30 11:46:28,GOVT_MEDICAL_COLLEGE_PSYCH,WITHDRAWAL_ADMISSION,5,Opioid Analogues / Brown Sugar / Heroin,3
HLT-2026-00372,10,Krishnagiri,2025-07-13 23:14:48,DISTRICT_HEADQUARTERS_HOSPITAL,TOXICOLOGY_SCREEN_AGGREGATE,4,Chemical Precursors / Ephedrine,12
HLT-2026-00373,8,Tiruppur,2026-04-06 20:47:34,GOVT_MEDICAL_COLLEGE_PSYCH,TOXICOLOGY_SCREEN_AGGREGATE,2,Synthetic Stimulants / MDMA / Meth,21
HLT-2026-00374,25,Karur,2025-11-14 07:37:57,GOVT_MEDICAL_COLLEGE_PSYCH,SUBSTANCE_CONSULTATION,6,Unclassified / Suspicious Substance,18
HLT-2026-00375,30,Ramanathapuram,2026-07-22 10:31:58,LICENSED_REHAB_CENTER,TOXICOLOGY_SCREEN_AGGREGATE,4,Chemical Precursors / Ephedrine,17
HLT-2026-00376,18,Tiruvallur,2025-08-23 19:47:49,LICENSED_REHAB_CENTER,TOXICOLOGY_SCREEN_AGGREGATE,2,Synthetic Stimulants / MDMA / Meth,2
HLT-2026-00377,37,Tirupathur,2026-08-04 08:47:22,GOVT_MEDICAL_COLLEGE_PSYCH,TOXICOLOGY_SCREEN_AGGREGATE,6,Unclassified / Suspicious Substance,8
HLT-2026-00378,7,Erode,2026-06-12 11:26:08,GOVT_MEDICAL_COLLEGE_PSYCH,SUBSTANCE_CONSULTATION,5,Opioid Analogues / Brown Sugar / Heroin,4
HLT-2026-00379,14,Kanniyakumari,2025-07-20 10:55:14,DISTRICT_HEADQUARTERS_HOSPITAL,TOXICOLOGY_SCREEN_AGGREGATE,3,Prescription Narcotics / Codeine / Alprazolam,21
HLT-2026-00380,5,Tiruchirappalli,2024-12-25 06:03:27,GOVT_MEDICAL_COLLEGE_PSYCH,TOXICOLOGY_SCREEN_AGGREGATE,4,Chemical Precursors / Ephedrine,15
HLT-2026-00381,18,Tiruvallur,2026-02-14 19:23:11,LICENSED_REHAB_CENTER,TOXICOLOGY_SCREEN_AGGREGATE,1,Commercial Ganja / Cannabis,17
HLT-2026-00382,1,Chennai,2025-01-27 10:18:36,GOVT_MEDICAL_COLLEGE_PSYCH,WITHDRAWAL_ADMISSION,6,Unclassified / Suspicious Substance,11
HLT-2026-00383,24,Nilgiris,2025-06-08 04:22:52,DISTRICT_HEADQUARTERS_HOSPITAL,TOXICOLOGY_SCREEN_AGGREGATE,5,Opioid Analogues / Brown Sugar / Heroin,3
HLT-2026-00384,28,Pudukkottai,2025-09-16 12:45:20,DISTRICT_HEADQUARTERS_HOSPITAL,WITHDRAWAL_ADMISSION,2,Synthetic Stimulants / MDMA / Meth,13
HLT-2026-00385,4,Salem,2026-03-12 17:01:15,GOVT_MEDICAL_COLLEGE_PSYCH,WITHDRAWAL_ADMISSION,4,Chemical Precursors / Ephedrine,15
HLT-2026-00386,32,Theni,2025-07-02 12:55:30,GOVT_MEDICAL_COLLEGE_PSYCH,WITHDRAWAL_ADMISSION,4,Chemical Precursors / Ephedrine,9
HLT-2026-00387,24,Nilgiris,2025-04-23 16:12:52,GOVT_MEDICAL_COLLEGE_PSYCH,TOXICOLOGY_SCREEN_AGGREGATE,2,Synthetic Stimulants / MDMA / Meth,13
HLT-2026-00388,16,Kancheepuram,2024-10-08 01:16:34,LICENSED_REHAB_CENTER,SUBSTANCE_CONSULTATION,5,Opioid Analogues / Brown Sugar / Heroin,3
HLT-2026-00389,23,Namakkal,2025-05-26 12:17:33,LICENSED_REHAB_CENTER,SUBSTANCE_CONSULTATION,2,Synthetic Stimulants / MDMA / Meth,12
HLT-2026-00390,29,Sivaganga,2025-06-09 05:14:00,LICENSED_REHAB_CENTER,TOXICOLOGY_SCREEN_AGGREGATE,6,Unclassified / Suspicious Substance,10
HLT-2026-00391,33,Thiruvarur,2025-05-26 13:26:04,GOVT_MEDICAL_COLLEGE_PSYCH,SUBSTANCE_CONSULTATION,2,Synthetic Stimulants / MDMA / Meth,13
HLT-2026-00392,37,Tirupathur,2025-10-10 17:32:45,GOVT_MEDICAL_COLLEGE_PSYCH,WITHDRAWAL_ADMISSION,2,Synthetic Stimulants / MDMA / Meth,11
HLT-2026-00393,29,Sivaganga,2025-12-11 12:38:21,GOVT_MEDICAL_COLLEGE_PSYCH,WITHDRAWAL_ADMISSION,5,Opioid Analogues / Brown Sugar / Heroin,16
HLT-2026-00394,27,Perambalur,2025-04-20 04:21:43,LICENSED_REHAB_CENTER,TOXICOLOGY_SCREEN_AGGREGATE,4,Chemical Precursors / Ephedrine,11
HLT-2026-00395,13,Thoothukudi,2024-11-17 08:48:15,LICENSED_REHAB_CENTER,WITHDRAWAL_ADMISSION,4,Chemical Precursors / Ephedrine,11
HLT-2026-00396,19,Cuddalore,2026-01-09 02:28:25,DISTRICT_HEADQUARTERS_HOSPITAL,SUBSTANCE_CONSULTATION,2,Synthetic Stimulants / MDMA / Meth,11
HLT-2026-00397,4,Salem,2025-12-17 13:58:00,GOVT_MEDICAL_COLLEGE_PSYCH,TOXICOLOGY_SCREEN_AGGREGATE,5,Opioid Analogues / Brown Sugar / Heroin,14
HLT-2026-00398,17,Chengalpattu,2026-04-07 23:41:24,LICENSED_REHAB_CENTER,TOXICOLOGY_SCREEN_AGGREGATE,1,Commercial Ganja / Cannabis,5
HLT-2026-00399,10,Krishnagiri,2025-03-22 09:05:35,GOVT_MEDICAL_COLLEGE_PSYCH,SUBSTANCE_CONSULTATION,6,Unclassified / Suspicious Substance,10
HLT-2026-00400,4,Salem,2026-06-10 14:10:38,LICENSED_REHAB_CENTER,SUBSTANCE_CONSULTATION,5,Opioid Analogues / Brown Sugar / Heroin,16
HLT-2026-00401,18,Tiruvallur,2026-02-24 01:22:33,LICENSED_REHAB_CENTER,SUBSTANCE_CONSULTATION,6,Unclassified / Suspicious Substance,12
HLT-2026-00402,15,Tenkasi,2025-08-09 16:05:36,DISTRICT_HEADQUARTERS_HOSPITAL,SUBSTANCE_CONSULTATION,5,Opioid Analogues / Brown Sugar / Heroin,8
HLT-2026-00403,5,Tiruchirappalli,2025-02-26 19:45:56,LICENSED_REHAB_CENTER,TOXICOLOGY_SCREEN_AGGREGATE,1,Commercial Ganja / Cannabis,6
HLT-2026-00404,22,Dharmapuri,2025-06-05 19:14:45,LICENSED_REHAB_CENTER,WITHDRAWAL_ADMISSION,1,Commercial Ganja / Cannabis,2
HLT-2026-00405,28,Pudukkottai,2025-04-14 13:56:08,GOVT_MEDICAL_COLLEGE_PSYCH,WITHDRAWAL_ADMISSION,1,Commercial Ganja / Cannabis,21
HLT-2026-00406,5,Tiruchirappalli,2024-12-16 11:36:47,GOVT_MEDICAL_COLLEGE_PSYCH,TOXICOLOGY_SCREEN_AGGREGATE,6,Unclassified / Suspicious Substance,16
HLT-2026-00407,35,Mayiladuthurai,2026-08-18 00:53:35,GOVT_MEDICAL_COLLEGE_PSYCH,WITHDRAWAL_ADMISSION,3,Prescription Narcotics / Codeine / Alprazolam,14
HLT-2026-00408,31,Virudhunagar,2025-11-24 18:00:21,DISTRICT_HEADQUARTERS_HOSPITAL,WITHDRAWAL_ADMISSION,3,Prescription Narcotics / Codeine / Alprazolam,14
HLT-2026-00409,1,Chennai,2025-04-11 23:52:54,LICENSED_REHAB_CENTER,TOXICOLOGY_SCREEN_AGGREGATE,2,Synthetic Stimulants / MDMA / Meth,21
HLT-2026-00410,9,Vellore,2025-11-25 01:23:38,GOVT_MEDICAL_COLLEGE_PSYCH,WITHDRAWAL_ADMISSION,2,Synthetic Stimulants / MDMA / Meth,9
HLT-2026-00411,29,Sivaganga,2026-05-10 20:26:07,DISTRICT_HEADQUARTERS_HOSPITAL,WITHDRAWAL_ADMISSION,1,Commercial Ganja / Cannabis,4
HLT-2026-00412,13,Thoothukudi,2025-04-22 15:58:14,DISTRICT_HEADQUARTERS_HOSPITAL,TOXICOLOGY_SCREEN_AGGREGATE,5,Opioid Analogues / Brown Sugar / Heroin,18
HLT-2026-00413,6,Tirunelveli,2026-05-14 12:22:45,DISTRICT_HEADQUARTERS_HOSPITAL,WITHDRAWAL_ADMISSION,2,Synthetic Stimulants / MDMA / Meth,3
HLT-2026-00414,32,Theni,2025-12-10 18:02:47,DISTRICT_HEADQUARTERS_HOSPITAL,TOXICOLOGY_SCREEN_AGGREGATE,5,Opioid Analogues / Brown Sugar / Heroin,7
HLT-2026-00415,21,Kallakurichi,2025-05-05 12:36:34,GOVT_MEDICAL_COLLEGE_PSYCH,TOXICOLOGY_SCREEN_AGGREGATE,2,Synthetic Stimulants / MDMA / Meth,5
HLT-2026-00416,9,Vellore,2025-02-23 05:13:57,GOVT_MEDICAL_COLLEGE_PSYCH,WITHDRAWAL_ADMISSION,1,Commercial Ganja / Cannabis,12
HLT-2026-00417,33,Thiruvarur,2025-03-23 21:45:53,GOVT_MEDICAL_COLLEGE_PSYCH,WITHDRAWAL_ADMISSION,3,Prescription Narcotics / Codeine / Alprazolam,18
HLT-2026-00418,31,Virudhunagar,2024-12-04 03:28:43,GOVT_MEDICAL_COLLEGE_PSYCH,SUBSTANCE_CONSULTATION,4,Chemical Precursors / Ephedrine,4
HLT-2026-00419,27,Perambalur,2025-06-19 19:03:20,GOVT_MEDICAL_COLLEGE_PSYCH,SUBSTANCE_CONSULTATION,2,Synthetic Stimulants / MDMA / Meth,20
HLT-2026-00420,4,Salem,2024-09-20 16:48:21,GOVT_MEDICAL_COLLEGE_PSYCH,WITHDRAWAL_ADMISSION,6,Unclassified / Suspicious Substance,9
HLT-2026-00421,5,Tiruchirappalli,2026-03-08 04:14:21,DISTRICT_HEADQUARTERS_HOSPITAL,SUBSTANCE_CONSULTATION,6,Unclassified / Suspicious Substance,2
HLT-2026-00422,30,Ramanathapuram,2024-10-21 11:50:53,LICENSED_REHAB_CENTER,SUBSTANCE_CONSULTATION,5,Opioid Analogues / Brown Sugar / Heroin,8
HLT-2026-00423,26,Ariyalur,2025-10-29 07:09:32,GOVT_MEDICAL_COLLEGE_PSYCH,TOXICOLOGY_SCREEN_AGGREGATE,1,Commercial Ganja / Cannabis,20
HLT-2026-00424,5,Tiruchirappalli,2025-02-26 23:42:47,LICENSED_REHAB_CENTER,SUBSTANCE_CONSULTATION,2,Synthetic Stimulants / MDMA / Meth,10
HLT-2026-00425,32,Theni,2025-09-18 04:31:32,GOVT_MEDICAL_COLLEGE_PSYCH,SUBSTANCE_CONSULTATION,4,Chemical Precursors / Ephedrine,14
HLT-2026-00426,38,Tiruvannamalai,2026-08-01 18:11:32,DISTRICT_HEADQUARTERS_HOSPITAL,TOXICOLOGY_SCREEN_AGGREGATE,2,Synthetic Stimulants / MDMA / Meth,20
HLT-2026-00427,12,Thanjavur,2024-11-25 00:12:47,GOVT_MEDICAL_COLLEGE_PSYCH,WITHDRAWAL_ADMISSION,3,Prescription Narcotics / Codeine / Alprazolam,2
HLT-2026-00428,27,Perambalur,2025-01-16 05:40:34,LICENSED_REHAB_CENTER,TOXICOLOGY_SCREEN_AGGREGATE,6,Unclassified / Suspicious Substance,21
HLT-2026-00429,25,Karur,2026-03-23 03:59:51,LICENSED_REHAB_CENTER,SUBSTANCE_CONSULTATION,3,Prescription Narcotics / Codeine / Alprazolam,7
HLT-2026-00430,13,Thoothukudi,2024-10-19 22:51:36,LICENSED_REHAB_CENTER,SUBSTANCE_CONSULTATION,1,Commercial Ganja / Cannabis,8
HLT-2026-00431,10,Krishnagiri,2024-11-14 03:58:41,GOVT_MEDICAL_COLLEGE_PSYCH,WITHDRAWAL_ADMISSION,3,Prescription Narcotics / Codeine / Alprazolam,22
HLT-2026-00432,38,Tiruvannamalai,2026-01-30 02:09:03,LICENSED_REHAB_CENTER,TOXICOLOGY_SCREEN_AGGREGATE,5,Opioid Analogues / Brown Sugar / Heroin,6
HLT-2026-00433,19,Cuddalore,2025-02-14 17:52:02,DISTRICT_HEADQUARTERS_HOSPITAL,SUBSTANCE_CONSULTATION,5,Opioid Analogues / Brown Sugar / Heroin,15
HLT-2026-00434,22,Dharmapuri,2026-01-24 17:28:13,LICENSED_REHAB_CENTER,SUBSTANCE_CONSULTATION,5,Opioid Analogues / Brown Sugar / Heroin,3
HLT-2026-00435,19,Cuddalore,2026-03-13 20:35:06,LICENSED_REHAB_CENTER,WITHDRAWAL_ADMISSION,5,Opioid Analogues / Brown Sugar / Heroin,11
HLT-2026-00436,22,Dharmapuri,2024-12-10 09:14:05,DISTRICT_HEADQUARTERS_HOSPITAL,WITHDRAWAL_ADMISSION,6,Unclassified / Suspicious Substance,8
HLT-2026-00437,5,Tiruchirappalli,2024-09-26 10:17:06,LICENSED_REHAB_CENTER,WITHDRAWAL_ADMISSION,2,Synthetic Stimulants / MDMA / Meth,12
HLT-2026-00438,3,Madurai,2026-07-24 23:09:42,DISTRICT_HEADQUARTERS_HOSPITAL,SUBSTANCE_CONSULTATION,5,Opioid Analogues / Brown Sugar / Heroin,21
HLT-2026-00439,37,Tirupathur,2025-09-01 18:18:13,LICENSED_REHAB_CENTER,WITHDRAWAL_ADMISSION,2,Synthetic Stimulants / MDMA / Meth,15
HLT-2026-00440,20,Viluppuram,2025-11-13 20:51:18,GOVT_MEDICAL_COLLEGE_PSYCH,WITHDRAWAL_ADMISSION,2,Synthetic Stimulants / MDMA / Meth,5
HLT-2026-00441,26,Ariyalur,2026-07-04 23:42:03,GOVT_MEDICAL_COLLEGE_PSYCH,WITHDRAWAL_ADMISSION,2,Synthetic Stimulants / MDMA / Meth,3
HLT-2026-00442,25,Karur,2025-09-29 14:29:10,DISTRICT_HEADQUARTERS_HOSPITAL,WITHDRAWAL_ADMISSION,6,Unclassified / Suspicious Substance,3
HLT-2026-00443,27,Perambalur,2025-11-02 16:14:38,LICENSED_REHAB_CENTER,SUBSTANCE_CONSULTATION,6,Unclassified / Suspicious Substance,13
HLT-2026-00444,22,Dharmapuri,2025-03-17 11:31:28,DISTRICT_HEADQUARTERS_HOSPITAL,SUBSTANCE_CONSULTATION,6,Unclassified / Suspicious Substance,12
HLT-2026-00445,3,Madurai,2026-06-28 03:48:29,LICENSED_REHAB_CENTER,TOXICOLOGY_SCREEN_AGGREGATE,1,Commercial Ganja / Cannabis,6
HLT-2026-00446,30,Ramanathapuram,2026-03-16 11:23:20,LICENSED_REHAB_CENTER,SUBSTANCE_CONSULTATION,4,Chemical Precursors / Ephedrine,12
HLT-2026-00447,19,Cuddalore,2025-01-27 00:19:44,DISTRICT_HEADQUARTERS_HOSPITAL,SUBSTANCE_CONSULTATION,3,Prescription Narcotics / Codeine / Alprazolam,21
HLT-2026-00448,25,Karur,2024-10-22 20:26:57,GOVT_MEDICAL_COLLEGE_PSYCH,WITHDRAWAL_ADMISSION,2,Synthetic Stimulants / MDMA / Meth,19
HLT-2026-00449,38,Tiruvannamalai,2026-01-25 13:22:57,DISTRICT_HEADQUARTERS_HOSPITAL,SUBSTANCE_CONSULTATION,2,Synthetic Stimulants / MDMA / Meth,7
HLT-2026-00450,22,Dharmapuri,2025-02-14 23:10:08,DISTRICT_HEADQUARTERS_HOSPITAL,TOXICOLOGY_SCREEN_AGGREGATE,6,Unclassified / Suspicious Substance,13
HLT-2026-00451,7,Erode,2024-10-25 01:42:45,GOVT_MEDICAL_COLLEGE_PSYCH,TOXICOLOGY_SCREEN_AGGREGATE,3,Prescription Narcotics / Codeine / Alprazolam,10
HLT-2026-00452,32,Theni,2025-02-27 06:44:08,DISTRICT_HEADQUARTERS_HOSPITAL,TOXICOLOGY_SCREEN_AGGREGATE,2,Synthetic Stimulants / MDMA / Meth,11
HLT-2026-00453,14,Kanniyakumari,2026-04-08 20:18:20,LICENSED_REHAB_CENTER,WITHDRAWAL_ADMISSION,2,Synthetic Stimulants / MDMA / Meth,19
HLT-2026-00454,37,Tirupathur,2026-01-31 11:46:55,GOVT_MEDICAL_COLLEGE_PSYCH,SUBSTANCE_CONSULTATION,1,Commercial Ganja / Cannabis,18
HLT-2026-00455,4,Salem,2026-03-24 05:01:20,GOVT_MEDICAL_COLLEGE_PSYCH,WITHDRAWAL_ADMISSION,2,Synthetic Stimulants / MDMA / Meth,14
HLT-2026-00456,5,Tiruchirappalli,2026-06-03 06:11:06,LICENSED_REHAB_CENTER,SUBSTANCE_CONSULTATION,5,Opioid Analogues / Brown Sugar / Heroin,21
HLT-2026-00457,7,Erode,2026-05-19 21:18:58,GOVT_MEDICAL_COLLEGE_PSYCH,TOXICOLOGY_SCREEN_AGGREGATE,6,Unclassified / Suspicious Substance,13
HLT-2026-00458,9,Vellore,2024-11-08 03:57:50,GOVT_MEDICAL_COLLEGE_PSYCH,WITHDRAWAL_ADMISSION,2,Synthetic Stimulants / MDMA / Meth,17
HLT-2026-00459,35,Mayiladuthurai,2025-10-31 21:56:34,GOVT_MEDICAL_COLLEGE_PSYCH,WITHDRAWAL_ADMISSION,4,Chemical Precursors / Ephedrine,3
HLT-2026-00460,20,Viluppuram,2024-11-10 17:05:44,GOVT_MEDICAL_COLLEGE_PSYCH,WITHDRAWAL_ADMISSION,1,Commercial Ganja / Cannabis,22
HLT-2026-00461,26,Ariyalur,2025-04-09 17:40:09,LICENSED_REHAB_CENTER,SUBSTANCE_CONSULTATION,2,Synthetic Stimulants / MDMA / Meth,3
HLT-2026-00462,27,Perambalur,2026-02-07 07:40:38,GOVT_MEDICAL_COLLEGE_PSYCH,TOXICOLOGY_SCREEN_AGGREGATE,4,Chemical Precursors / Ephedrine,4
HLT-2026-00463,1,Chennai,2025-09-02 16:05:41,DISTRICT_HEADQUARTERS_HOSPITAL,TOXICOLOGY_SCREEN_AGGREGATE,4,Chemical Precursors / Ephedrine,11
HLT-2026-00464,23,Namakkal,2025-02-27 17:56:10,GOVT_MEDICAL_COLLEGE_PSYCH,TOXICOLOGY_SCREEN_AGGREGATE,6,Unclassified / Suspicious Substance,20
HLT-2026-00465,20,Viluppuram,2024-10-27 23:57:54,DISTRICT_HEADQUARTERS_HOSPITAL,WITHDRAWAL_ADMISSION,4,Chemical Precursors / Ephedrine,14
HLT-2026-00466,16,Kancheepuram,2024-11-30 16:53:01,DISTRICT_HEADQUARTERS_HOSPITAL,SUBSTANCE_CONSULTATION,1,Commercial Ganja / Cannabis,22
HLT-2026-00467,19,Cuddalore,2025-03-21 22:12:19,GOVT_MEDICAL_COLLEGE_PSYCH,WITHDRAWAL_ADMISSION,4,Chemical Precursors / Ephedrine,19
HLT-2026-00468,22,Dharmapuri,2025-06-12 02:01:00,GOVT_MEDICAL_COLLEGE_PSYCH,WITHDRAWAL_ADMISSION,2,Synthetic Stimulants / MDMA / Meth,15
HLT-2026-00469,12,Thanjavur,2025-07-12 17:25:46,LICENSED_REHAB_CENTER,SUBSTANCE_CONSULTATION,2,Synthetic Stimulants / MDMA / Meth,3
HLT-2026-00470,15,Tenkasi,2025-05-10 18:41:34,DISTRICT_HEADQUARTERS_HOSPITAL,WITHDRAWAL_ADMISSION,2,Synthetic Stimulants / MDMA / Meth,3
HLT-2026-00471,31,Virudhunagar,2025-01-15 12:22:36,LICENSED_REHAB_CENTER,WITHDRAWAL_ADMISSION,1,Commercial Ganja / Cannabis,2
HLT-2026-00472,18,Tiruvallur,2025-03-10 12:48:48,GOVT_MEDICAL_COLLEGE_PSYCH,WITHDRAWAL_ADMISSION,3,Prescription Narcotics / Codeine / Alprazolam,22
HLT-2026-00473,31,Virudhunagar,2025-07-01 06:22:00,LICENSED_REHAB_CENTER,WITHDRAWAL_ADMISSION,1,Commercial Ganja / Cannabis,15
HLT-2026-00474,20,Viluppuram,2026-06-30 22:45:48,LICENSED_REHAB_CENTER,SUBSTANCE_CONSULTATION,1,Commercial Ganja / Cannabis,12
HLT-2026-00475,14,Kanniyakumari,2026-01-12 00:01:41,GOVT_MEDICAL_COLLEGE_PSYCH,TOXICOLOGY_SCREEN_AGGREGATE,4,Chemical Precursors / Ephedrine,11
HLT-2026-00476,31,Virudhunagar,2025-02-27 09:07:00,GOVT_MEDICAL_COLLEGE_PSYCH,TOXICOLOGY_SCREEN_AGGREGATE,6,Unclassified / Suspicious Substance,21
HLT-2026-00477,10,Krishnagiri,2026-01-06 16:33:12,GOVT_MEDICAL_COLLEGE_PSYCH,TOXICOLOGY_SCREEN_AGGREGATE,1,Commercial Ganja / Cannabis,19
HLT-2026-00478,10,Krishnagiri,2025-10-28 06:34:29,GOVT_MEDICAL_COLLEGE_PSYCH,SUBSTANCE_CONSULTATION,4,Chemical Precursors / Ephedrine,9
HLT-2026-00479,5,Tiruchirappalli,2025-01-09 22:04:25,GOVT_MEDICAL_COLLEGE_PSYCH,SUBSTANCE_CONSULTATION,1,Commercial Ganja / Cannabis,13
HLT-2026-00480,21,Kallakurichi,2024-10-05 23:39:56,GOVT_MEDICAL_COLLEGE_PSYCH,TOXICOLOGY_SCREEN_AGGREGATE,1,Commercial Ganja / Cannabis,16
HLT-2026-00481,29,Sivaganga,2026-03-31 16:45:22,LICENSED_REHAB_CENTER,SUBSTANCE_CONSULTATION,5,Opioid Analogues / Brown Sugar / Heroin,8
HLT-2026-00482,33,Thiruvarur,2026-03-24 04:44:46,GOVT_MEDICAL_COLLEGE_PSYCH,TOXICOLOGY_SCREEN_AGGREGATE,1,Commercial Ganja / Cannabis,22
HLT-2026-00483,27,Perambalur,2026-01-03 15:33:58,DISTRICT_HEADQUARTERS_HOSPITAL,WITHDRAWAL_ADMISSION,3,Prescription Narcotics / Codeine / Alprazolam,4
HLT-2026-00484,15,Tenkasi,2025-03-21 12:00:05,GOVT_MEDICAL_COLLEGE_PSYCH,WITHDRAWAL_ADMISSION,4,Chemical Precursors / Ephedrine,9
HLT-2026-00485,38,Tiruvannamalai,2024-10-12 20:01:48,LICENSED_REHAB_CENTER,SUBSTANCE_CONSULTATION,3,Prescription Narcotics / Codeine / Alprazolam,14
HLT-2026-00486,2,Coimbatore,2026-07-06 22:09:00,DISTRICT_HEADQUARTERS_HOSPITAL,SUBSTANCE_CONSULTATION,2,Synthetic Stimulants / MDMA / Meth,9
HLT-2026-00487,9,Vellore,2026-07-05 13:58:52,LICENSED_REHAB_CENTER,WITHDRAWAL_ADMISSION,6,Unclassified / Suspicious Substance,22
HLT-2026-00488,35,Mayiladuthurai,2024-10-20 11:04:07,LICENSED_REHAB_CENTER,WITHDRAWAL_ADMISSION,4,Chemical Precursors / Ephedrine,5
HLT-2026-00489,27,Perambalur,2025-08-22 10:52:47,GOVT_MEDICAL_COLLEGE_PSYCH,WITHDRAWAL_ADMISSION,2,Synthetic Stimulants / MDMA / Meth,13
HLT-2026-00490,8,Tiruppur,2025-10-13 07:09:42,DISTRICT_HEADQUARTERS_HOSPITAL,SUBSTANCE_CONSULTATION,1,Commercial Ganja / Cannabis,12
HLT-2026-00491,17,Chengalpattu,2026-06-28 10:19:48,LICENSED_REHAB_CENTER,WITHDRAWAL_ADMISSION,4,Chemical Precursors / Ephedrine,10
HLT-2026-00492,37,Tirupathur,2024-10-22 14:01:31,LICENSED_REHAB_CENTER,WITHDRAWAL_ADMISSION,3,Prescription Narcotics / Codeine / Alprazolam,3
HLT-2026-00493,29,Sivaganga,2025-03-29 15:24:30,DISTRICT_HEADQUARTERS_HOSPITAL,WITHDRAWAL_ADMISSION,1,Commercial Ganja / Cannabis,5
HLT-2026-00494,34,Nagapattinam,2026-03-21 18:36:47,GOVT_MEDICAL_COLLEGE_PSYCH,SUBSTANCE_CONSULTATION,4,Chemical Precursors / Ephedrine,10
HLT-2026-00495,19,Cuddalore,2026-04-25 13:27:59,DISTRICT_HEADQUARTERS_HOSPITAL,WITHDRAWAL_ADMISSION,1,Commercial Ganja / Cannabis,6
HLT-2026-00496,38,Tiruvannamalai,2024-12-17 00:07:06,LICENSED_REHAB_CENTER,SUBSTANCE_CONSULTATION,3,Prescription Narcotics / Codeine / Alprazolam,12
HLT-2026-00497,24,Nilgiris,2026-05-31 15:58:01,LICENSED_REHAB_CENTER,TOXICOLOGY_SCREEN_AGGREGATE,5,Opioid Analogues / Brown Sugar / Heroin,12
HLT-2026-00498,35,Mayiladuthurai,2025-08-20 06:41:17,GOVT_MEDICAL_COLLEGE_PSYCH,SUBSTANCE_CONSULTATION,1,Commercial Ganja / Cannabis,12
HLT-2026-00499,30,Ramanathapuram,2026-07-29 07:07:47,GOVT_MEDICAL_COLLEGE_PSYCH,TOXICOLOGY_SCREEN_AGGREGATE,5,Opioid Analogues / Brown Sugar / Heroin,11
HLT-2026-00500,22,Dharmapuri,2025-03-15 22:47:25,DISTRICT_HEADQUARTERS_HOSPITAL,WITHDRAWAL_ADMISSION,2,Synthetic Stimulants / MDMA / Meth,19
HLT-2026-00501,11,Dindigul,2024-12-09 06:49:01,GOVT_MEDICAL_COLLEGE_PSYCH,SUBSTANCE_CONSULTATION,1,Commercial Ganja / Cannabis,13
HLT-2026-00502,12,Thanjavur,2025-02-15 00:50:35,GOVT_MEDICAL_COLLEGE_PSYCH,WITHDRAWAL_ADMISSION,6,Unclassified / Suspicious Substance,22
HLT-2026-00503,21,Kallakurichi,2026-04-06 08:46:13,DISTRICT_HEADQUARTERS_HOSPITAL,TOXICOLOGY_SCREEN_AGGREGATE,5,Opioid Analogues / Brown Sugar / Heroin,3
HLT-2026-00504,1,Chennai,2025-03-19 16:27:16,GOVT_MEDICAL_COLLEGE_PSYCH,WITHDRAWAL_ADMISSION,2,Synthetic Stimulants / MDMA / Meth,4
HLT-2026-00505,28,Pudukkottai,2025-05-23 01:17:32,DISTRICT_HEADQUARTERS_HOSPITAL,WITHDRAWAL_ADMISSION,3,Prescription Narcotics / Codeine / Alprazolam,19
HLT-2026-00506,23,Namakkal,2025-02-22 09:24:25,LICENSED_REHAB_CENTER,WITHDRAWAL_ADMISSION,4,Chemical Precursors / Ephedrine,4
HLT-2026-00507,23,Namakkal,2026-06-02 22:44:30,GOVT_MEDICAL_COLLEGE_PSYCH,TOXICOLOGY_SCREEN_AGGREGATE,5,Opioid Analogues / Brown Sugar / Heroin,19
HLT-2026-00508,24,Nilgiris,2026-04-11 15:42:51,DISTRICT_HEADQUARTERS_HOSPITAL,SUBSTANCE_CONSULTATION,5,Opioid Analogues / Brown Sugar / Heroin,12
HLT-2026-00509,38,Tiruvannamalai,2026-04-14 16:20:12,GOVT_MEDICAL_COLLEGE_PSYCH,TOXICOLOGY_SCREEN_AGGREGATE,3,Prescription Narcotics / Codeine / Alprazolam,6
HLT-2026-00510,27,Perambalur,2024-10-04 21:29:22,DISTRICT_HEADQUARTERS_HOSPITAL,WITHDRAWAL_ADMISSION,6,Unclassified / Suspicious Substance,22
HLT-2026-00511,14,Kanniyakumari,2024-11-04 08:15:18,LICENSED_REHAB_CENTER,WITHDRAWAL_ADMISSION,2,Synthetic Stimulants / MDMA / Meth,22
HLT-2026-00512,23,Namakkal,2024-10-11 16:53:55,LICENSED_REHAB_CENTER,SUBSTANCE_CONSULTATION,3,Prescription Narcotics / Codeine / Alprazolam,17
HLT-2026-00513,34,Nagapattinam,2025-08-03 19:10:44,LICENSED_REHAB_CENTER,WITHDRAWAL_ADMISSION,5,Opioid Analogues / Brown Sugar / Heroin,16
HLT-2026-00514,18,Tiruvallur,2026-01-21 00:10:42,LICENSED_REHAB_CENTER,TOXICOLOGY_SCREEN_AGGREGATE,1,Commercial Ganja / Cannabis,4
HLT-2026-00515,1,Chennai,2024-11-28 02:32:53,DISTRICT_HEADQUARTERS_HOSPITAL,SUBSTANCE_CONSULTATION,4,Chemical Precursors / Ephedrine,8
HLT-2026-00516,29,Sivaganga,2025-09-04 15:57:57,DISTRICT_HEADQUARTERS_HOSPITAL,SUBSTANCE_CONSULTATION,5,Opioid Analogues / Brown Sugar / Heroin,14
HLT-2026-00517,34,Nagapattinam,2025-04-17 13:44:33,GOVT_MEDICAL_COLLEGE_PSYCH,WITHDRAWAL_ADMISSION,6,Unclassified / Suspicious Substance,5
HLT-2026-00518,9,Vellore,2026-07-01 20:22:56,LICENSED_REHAB_CENTER,WITHDRAWAL_ADMISSION,4,Chemical Precursors / Ephedrine,16
HLT-2026-00519,21,Kallakurichi,2026-06-14 05:31:18,GOVT_MEDICAL_COLLEGE_PSYCH,SUBSTANCE_CONSULTATION,5,Opioid Analogues / Brown Sugar / Heroin,18
HLT-2026-00520,28,Pudukkottai,2026-08-11 11:04:57,LICENSED_REHAB_CENTER,SUBSTANCE_CONSULTATION,1,Commercial Ganja / Cannabis,3
HLT-2026-00521,23,Namakkal,2025-11-02 04:51:23,LICENSED_REHAB_CENTER,SUBSTANCE_CONSULTATION,4,Chemical Precursors / Ephedrine,5
HLT-2026-00522,11,Dindigul,2025-03-06 23:19:02,GOVT_MEDICAL_COLLEGE_PSYCH,TOXICOLOGY_SCREEN_AGGREGATE,6,Unclassified / Suspicious Substance,18
HLT-2026-00523,6,Tirunelveli,2025-07-03 00:09:22,GOVT_MEDICAL_COLLEGE_PSYCH,SUBSTANCE_CONSULTATION,5,Opioid Analogues / Brown Sugar / Heroin,22
HLT-2026-00524,6,Tirunelveli,2026-02-17 07:13:33,DISTRICT_HEADQUARTERS_HOSPITAL,SUBSTANCE_CONSULTATION,6,Unclassified / Suspicious Substance,15
HLT-2026-00525,25,Karur,2026-03-11 13:56:56,DISTRICT_HEADQUARTERS_HOSPITAL,SUBSTANCE_CONSULTATION,3,Prescription Narcotics / Codeine / Alprazolam,5
HLT-2026-00526,19,Cuddalore,2024-10-04 13:00:40,DISTRICT_HEADQUARTERS_HOSPITAL,TOXICOLOGY_SCREEN_AGGREGATE,4,Chemical Precursors / Ephedrine,19
HLT-2026-00527,10,Krishnagiri,2026-05-04 02:05:40,LICENSED_REHAB_CENTER,SUBSTANCE_CONSULTATION,1,Commercial Ganja / Cannabis,18
HLT-2026-00528,34,Nagapattinam,2026-06-20 01:50:08,LICENSED_REHAB_CENTER,SUBSTANCE_CONSULTATION,3,Prescription Narcotics / Codeine / Alprazolam,14
HLT-2026-00529,34,Nagapattinam,2025-01-15 14:47:14,DISTRICT_HEADQUARTERS_HOSPITAL,TOXICOLOGY_SCREEN_AGGREGATE,4,Chemical Precursors / Ephedrine,4
HLT-2026-00530,16,Kancheepuram,2025-10-25 07:06:09,DISTRICT_HEADQUARTERS_HOSPITAL,TOXICOLOGY_SCREEN_AGGREGATE,5,Opioid Analogues / Brown Sugar / Heroin,6
HLT-2026-00531,4,Salem,2025-05-01 14:40:23,DISTRICT_HEADQUARTERS_HOSPITAL,SUBSTANCE_CONSULTATION,1,Commercial Ganja / Cannabis,12
HLT-2026-00532,26,Ariyalur,2024-11-04 14:54:10,GOVT_MEDICAL_COLLEGE_PSYCH,SUBSTANCE_CONSULTATION,6,Unclassified / Suspicious Substance,20
HLT-2026-00533,20,Viluppuram,2024-09-23 00:16:58,GOVT_MEDICAL_COLLEGE_PSYCH,SUBSTANCE_CONSULTATION,5,Opioid Analogues / Brown Sugar / Heroin,8
HLT-2026-00534,15,Tenkasi,2025-05-25 13:45:16,LICENSED_REHAB_CENTER,SUBSTANCE_CONSULTATION,5,Opioid Analogues / Brown Sugar / Heroin,3
HLT-2026-00535,5,Tiruchirappalli,2026-03-15 23:03:45,DISTRICT_HEADQUARTERS_HOSPITAL,TOXICOLOGY_SCREEN_AGGREGATE,5,Opioid Analogues / Brown Sugar / Heroin,10
HLT-2026-00536,4,Salem,2025-08-05 15:42:53,GOVT_MEDICAL_COLLEGE_PSYCH,TOXICOLOGY_SCREEN_AGGREGATE,1,Commercial Ganja / Cannabis,16
HLT-2026-00537,7,Erode,2025-07-17 18:50:38,DISTRICT_HEADQUARTERS_HOSPITAL,TOXICOLOGY_SCREEN_AGGREGATE,5,Opioid Analogues / Brown Sugar / Heroin,7
HLT-2026-00538,9,Vellore,2026-07-20 16:34:18,LICENSED_REHAB_CENTER,WITHDRAWAL_ADMISSION,4,Chemical Precursors / Ephedrine,17
HLT-2026-00539,10,Krishnagiri,2024-10-18 22:30:52,LICENSED_REHAB_CENTER,SUBSTANCE_CONSULTATION,2,Synthetic Stimulants / MDMA / Meth,21
HLT-2026-00540,20,Viluppuram,2025-11-21 02:46:44,DISTRICT_HEADQUARTERS_HOSPITAL,WITHDRAWAL_ADMISSION,6,Unclassified / Suspicious Substance,21
HLT-2026-00541,15,Tenkasi,2025-12-05 15:03:05,LICENSED_REHAB_CENTER,TOXICOLOGY_SCREEN_AGGREGATE,4,Chemical Precursors / Ephedrine,8
HLT-2026-00542,24,Nilgiris,2026-01-12 02:19:52,LICENSED_REHAB_CENTER,WITHDRAWAL_ADMISSION,4,Chemical Precursors / Ephedrine,9
HLT-2026-00543,30,Ramanathapuram,2025-07-29 18:58:55,LICENSED_REHAB_CENTER,WITHDRAWAL_ADMISSION,1,Commercial Ganja / Cannabis,15
HLT-2026-00544,7,Erode,2025-04-23 12:16:37,LICENSED_REHAB_CENTER,TOXICOLOGY_SCREEN_AGGREGATE,4,Chemical Precursors / Ephedrine,7
HLT-2026-00545,34,Nagapattinam,2024-10-29 13:14:50,GOVT_MEDICAL_COLLEGE_PSYCH,WITHDRAWAL_ADMISSION,1,Commercial Ganja / Cannabis,20
HLT-2026-00546,4,Salem,2025-08-06 19:00:41,DISTRICT_HEADQUARTERS_HOSPITAL,TOXICOLOGY_SCREEN_AGGREGATE,1,Commercial Ganja / Cannabis,19
HLT-2026-00547,16,Kancheepuram,2025-01-20 14:35:15,DISTRICT_HEADQUARTERS_HOSPITAL,SUBSTANCE_CONSULTATION,6,Unclassified / Suspicious Substance,14
HLT-2026-00548,3,Madurai,2024-11-13 22:59:15,DISTRICT_HEADQUARTERS_HOSPITAL,SUBSTANCE_CONSULTATION,1,Commercial Ganja / Cannabis,5
HLT-2026-00549,18,Tiruvallur,2025-11-01 00:52:28,LICENSED_REHAB_CENTER,SUBSTANCE_CONSULTATION,1,Commercial Ganja / Cannabis,8
HLT-2026-00550,29,Sivaganga,2025-06-04 03:47:06,LICENSED_REHAB_CENTER,SUBSTANCE_CONSULTATION,5,Opioid Analogues / Brown Sugar / Heroin,14
HLT-2026-00551,37,Tirupathur,2025-09-03 05:34:09,DISTRICT_HEADQUARTERS_HOSPITAL,SUBSTANCE_CONSULTATION,2,Synthetic Stimulants / MDMA / Meth,15
HLT-2026-00552,34,Nagapattinam,2026-06-29 04:12:52,DISTRICT_HEADQUARTERS_HOSPITAL,SUBSTANCE_CONSULTATION,1,Commercial Ganja / Cannabis,18
HLT-2026-00553,7,Erode,2026-08-17 06:48:17,LICENSED_REHAB_CENTER,WITHDRAWAL_ADMISSION,2,Synthetic Stimulants / MDMA / Meth,5
HLT-2026-00554,37,Tirupathur,2025-02-03 23:21:41,DISTRICT_HEADQUARTERS_HOSPITAL,TOXICOLOGY_SCREEN_AGGREGATE,4,Chemical Precursors / Ephedrine,20
HLT-2026-00555,21,Kallakurichi,2025-03-01 23:16:15,DISTRICT_HEADQUARTERS_HOSPITAL,WITHDRAWAL_ADMISSION,4,Chemical Precursors / Ephedrine,18
HLT-2026-00556,24,Nilgiris,2026-01-03 06:01:20,GOVT_MEDICAL_COLLEGE_PSYCH,SUBSTANCE_CONSULTATION,4,Chemical Precursors / Ephedrine,16
HLT-2026-00557,14,Kanniyakumari,2024-09-28 13:18:20,GOVT_MEDICAL_COLLEGE_PSYCH,TOXICOLOGY_SCREEN_AGGREGATE,5,Opioid Analogues / Brown Sugar / Heroin,12
HLT-2026-00558,31,Virudhunagar,2025-09-24 12:33:41,DISTRICT_HEADQUARTERS_HOSPITAL,SUBSTANCE_CONSULTATION,1,Commercial Ganja / Cannabis,6
HLT-2026-00559,22,Dharmapuri,2025-10-10 09:25:22,LICENSED_REHAB_CENTER,WITHDRAWAL_ADMISSION,2,Synthetic Stimulants / MDMA / Meth,10
HLT-2026-00560,20,Viluppuram,2026-06-24 23:06:14,LICENSED_REHAB_CENTER,WITHDRAWAL_ADMISSION,5,Opioid Analogues / Brown Sugar / Heroin,19
HLT-2026-00561,32,Theni,2025-05-12 19:19:01,LICENSED_REHAB_CENTER,SUBSTANCE_CONSULTATION,2,Synthetic Stimulants / MDMA / Meth,12
HLT-2026-00562,3,Madurai,2025-08-31 16:46:30,LICENSED_REHAB_CENTER,WITHDRAWAL_ADMISSION,4,Chemical Precursors / Ephedrine,12
HLT-2026-00563,9,Vellore,2026-01-11 13:04:20,LICENSED_REHAB_CENTER,TOXICOLOGY_SCREEN_AGGREGATE,1,Commercial Ganja / Cannabis,9
HLT-2026-00564,29,Sivaganga,2024-10-16 13:52:58,GOVT_MEDICAL_COLLEGE_PSYCH,SUBSTANCE_CONSULTATION,2,Synthetic Stimulants / MDMA / Meth,4
HLT-2026-00565,37,Tirupathur,2024-10-26 04:51:02,LICENSED_REHAB_CENTER,WITHDRAWAL_ADMISSION,6,Unclassified / Suspicious Substance,17
HLT-2026-00566,7,Erode,2026-02-01 23:53:20,LICENSED_REHAB_CENTER,SUBSTANCE_CONSULTATION,4,Chemical Precursors / Ephedrine,12
HLT-2026-00567,15,Tenkasi,2026-03-18 16:15:09,LICENSED_REHAB_CENTER,SUBSTANCE_CONSULTATION,4,Chemical Precursors / Ephedrine,3
HLT-2026-00568,1,Chennai,2024-09-24 11:18:41,GOVT_MEDICAL_COLLEGE_PSYCH,TOXICOLOGY_SCREEN_AGGREGATE,1,Commercial Ganja / Cannabis,6
HLT-2026-00569,25,Karur,2026-03-12 14:26:15,DISTRICT_HEADQUARTERS_HOSPITAL,WITHDRAWAL_ADMISSION,6,Unclassified / Suspicious Substance,21
HLT-2026-00570,29,Sivaganga,2026-03-03 02:00:19,GOVT_MEDICAL_COLLEGE_PSYCH,TOXICOLOGY_SCREEN_AGGREGATE,4,Chemical Precursors / Ephedrine,17
HLT-2026-00571,2,Coimbatore,2025-07-29 15:28:16,DISTRICT_HEADQUARTERS_HOSPITAL,WITHDRAWAL_ADMISSION,1,Commercial Ganja / Cannabis,8
HLT-2026-00572,32,Theni,2026-02-27 03:15:40,DISTRICT_HEADQUARTERS_HOSPITAL,SUBSTANCE_CONSULTATION,5,Opioid Analogues / Brown Sugar / Heroin,6
HLT-2026-00573,21,Kallakurichi,2025-03-21 06:22:20,GOVT_MEDICAL_COLLEGE_PSYCH,TOXICOLOGY_SCREEN_AGGREGATE,3,Prescription Narcotics / Codeine / Alprazolam,13
HLT-2026-00574,25,Karur,2025-11-06 16:46:31,GOVT_MEDICAL_COLLEGE_PSYCH,WITHDRAWAL_ADMISSION,1,Commercial Ganja / Cannabis,8
HLT-2026-00575,30,Ramanathapuram,2026-06-23 01:19:11,DISTRICT_HEADQUARTERS_HOSPITAL,SUBSTANCE_CONSULTATION,4,Chemical Precursors / Ephedrine,15
HLT-2026-00576,23,Namakkal,2026-03-26 00:29:24,GOVT_MEDICAL_COLLEGE_PSYCH,TOXICOLOGY_SCREEN_AGGREGATE,6,Unclassified / Suspicious Substance,7
HLT-2026-00577,28,Pudukkottai,2025-07-13 05:16:55,DISTRICT_HEADQUARTERS_HOSPITAL,TOXICOLOGY_SCREEN_AGGREGATE,4,Chemical Precursors / Ephedrine,17
HLT-2026-00578,22,Dharmapuri,2025-11-12 01:29:27,GOVT_MEDICAL_COLLEGE_PSYCH,TOXICOLOGY_SCREEN_AGGREGATE,6,Unclassified / Suspicious Substance,8
HLT-2026-00579,31,Virudhunagar,2025-10-06 09:28:13,GOVT_MEDICAL_COLLEGE_PSYCH,TOXICOLOGY_SCREEN_AGGREGATE,2,Synthetic Stimulants / MDMA / Meth,6
HLT-2026-00580,11,Dindigul,2025-02-08 19:32:23,DISTRICT_HEADQUARTERS_HOSPITAL,SUBSTANCE_CONSULTATION,2,Synthetic Stimulants / MDMA / Meth,7
HLT-2026-00581,32,Theni,2025-06-17 20:13:16,DISTRICT_HEADQUARTERS_HOSPITAL,TOXICOLOGY_SCREEN_AGGREGATE,2,Synthetic Stimulants / MDMA / Meth,6
HLT-2026-00582,24,Nilgiris,2025-12-27 02:50:48,DISTRICT_HEADQUARTERS_HOSPITAL,SUBSTANCE_CONSULTATION,1,Commercial Ganja / Cannabis,8
HLT-2026-00583,10,Krishnagiri,2025-04-17 17:26:25,GOVT_MEDICAL_COLLEGE_PSYCH,TOXICOLOGY_SCREEN_AGGREGATE,3,Prescription Narcotics / Codeine / Alprazolam,11
HLT-2026-00584,38,Tiruvannamalai,2025-10-09 22:06:00,LICENSED_REHAB_CENTER,TOXICOLOGY_SCREEN_AGGREGATE,2,Synthetic Stimulants / MDMA / Meth,7
HLT-2026-00585,6,Tirunelveli,2024-11-18 13:17:36,GOVT_MEDICAL_COLLEGE_PSYCH,WITHDRAWAL_ADMISSION,4,Chemical Precursors / Ephedrine,3
HLT-2026-00586,19,Cuddalore,2025-07-25 11:55:13,LICENSED_REHAB_CENTER,TOXICOLOGY_SCREEN_AGGREGATE,6,Unclassified / Suspicious Substance,14
HLT-2026-00587,9,Vellore,2026-05-27 19:43:01,DISTRICT_HEADQUARTERS_HOSPITAL,SUBSTANCE_CONSULTATION,4,Chemical Precursors / Ephedrine,22
HLT-2026-00588,14,Kanniyakumari,2024-10-17 18:56:44,DISTRICT_HEADQUARTERS_HOSPITAL,SUBSTANCE_CONSULTATION,1,Commercial Ganja / Cannabis,7
HLT-2026-00589,4,Salem,2025-12-30 03:05:22,LICENSED_REHAB_CENTER,SUBSTANCE_CONSULTATION,5,Opioid Analogues / Brown Sugar / Heroin,20
HLT-2026-00590,13,Thoothukudi,2026-06-09 01:17:18,LICENSED_REHAB_CENTER,SUBSTANCE_CONSULTATION,4,Chemical Precursors / Ephedrine,9
HLT-2026-00591,34,Nagapattinam,2026-05-12 09:21:15,LICENSED_REHAB_CENTER,TOXICOLOGY_SCREEN_AGGREGATE,2,Synthetic Stimulants / MDMA / Meth,18
HLT-2026-00592,30,Ramanathapuram,2024-12-10 04:51:01,LICENSED_REHAB_CENTER,SUBSTANCE_CONSULTATION,1,Commercial Ganja / Cannabis,14
HLT-2026-00593,24,Nilgiris,2024-10-24 05:25:02,LICENSED_REHAB_CENTER,SUBSTANCE_CONSULTATION,3,Prescription Narcotics / Codeine / Alprazolam,21
HLT-2026-00594,8,Tiruppur,2024-10-18 17:20:42,DISTRICT_HEADQUARTERS_HOSPITAL,TOXICOLOGY_SCREEN_AGGREGATE,4,Chemical Precursors / Ephedrine,6
HLT-2026-00595,1,Chennai,2025-09-24 08:05:58,LICENSED_REHAB_CENTER,TOXICOLOGY_SCREEN_AGGREGATE,6,Unclassified / Suspicious Substance,13
HLT-2026-00596,33,Thiruvarur,2024-10-14 22:49:00,GOVT_MEDICAL_COLLEGE_PSYCH,SUBSTANCE_CONSULTATION,4,Chemical Precursors / Ephedrine,15
HLT-2026-00597,17,Chengalpattu,2025-02-20 13:30:34,LICENSED_REHAB_CENTER,WITHDRAWAL_ADMISSION,5,Opioid Analogues / Brown Sugar / Heroin,21
HLT-2026-00598,14,Kanniyakumari,2025-03-10 06:28:03,GOVT_MEDICAL_COLLEGE_PSYCH,TOXICOLOGY_SCREEN_AGGREGATE,1,Commercial Ganja / Cannabis,21
HLT-2026-00599,15,Tenkasi,2025-12-24 11:45:26,DISTRICT_HEADQUARTERS_HOSPITAL,SUBSTANCE_CONSULTATION,1,Commercial Ganja / Cannabis,5
HLT-2026-00600,33,Thiruvarur,2024-09-28 05:57:20,DISTRICT_HEADQUARTERS_HOSPITAL,SUBSTANCE_CONSULTATION,3,Prescription Narcotics / Codeine / Alprazolam,14
HLT-2026-00601,18,Tiruvallur,2025-01-11 19:58:54,DISTRICT_HEADQUARTERS_HOSPITAL,SUBSTANCE_CONSULTATION,3,Prescription Narcotics / Codeine / Alprazolam,21
HLT-2026-00602,15,Tenkasi,2025-10-22 12:51:25,DISTRICT_HEADQUARTERS_HOSPITAL,SUBSTANCE_CONSULTATION,4,Chemical Precursors / Ephedrine,22
HLT-2026-00603,25,Karur,2025-08-04 00:07:42,DISTRICT_HEADQUARTERS_HOSPITAL,TOXICOLOGY_SCREEN_AGGREGATE,1,Commercial Ganja / Cannabis,14
HLT-2026-00604,27,Perambalur,2025-11-30 12:37:36,LICENSED_REHAB_CENTER,TOXICOLOGY_SCREEN_AGGREGATE,6,Unclassified / Suspicious Substance,5
HLT-2026-00605,2,Coimbatore,2025-05-13 10:43:41,GOVT_MEDICAL_COLLEGE_PSYCH,WITHDRAWAL_ADMISSION,1,Commercial Ganja / Cannabis,6
HLT-2026-00606,11,Dindigul,2025-06-11 02:22:55,LICENSED_REHAB_CENTER,WITHDRAWAL_ADMISSION,6,Unclassified / Suspicious Substance,9
HLT-2026-00607,35,Mayiladuthurai,2026-07-30 20:52:09,LICENSED_REHAB_CENTER,SUBSTANCE_CONSULTATION,5,Opioid Analogues / Brown Sugar / Heroin,9
HLT-2026-00608,12,Thanjavur,2024-12-12 19:23:55,GOVT_MEDICAL_COLLEGE_PSYCH,WITHDRAWAL_ADMISSION,3,Prescription Narcotics / Codeine / Alprazolam,7
HLT-2026-00609,29,Sivaganga,2026-01-27 22:41:44,LICENSED_REHAB_CENTER,TOXICOLOGY_SCREEN_AGGREGATE,5,Opioid Analogues / Brown Sugar / Heroin,2
HLT-2026-00610,23,Namakkal,2024-11-14 12:30:48,LICENSED_REHAB_CENTER,TOXICOLOGY_SCREEN_AGGREGATE,1,Commercial Ganja / Cannabis,8
HLT-2026-00611,29,Sivaganga,2024-12-11 00:33:02,DISTRICT_HEADQUARTERS_HOSPITAL,SUBSTANCE_CONSULTATION,2,Synthetic Stimulants / MDMA / Meth,16
HLT-2026-00612,2,Coimbatore,2026-07-01 15:45:53,LICENSED_REHAB_CENTER,TOXICOLOGY_SCREEN_AGGREGATE,5,Opioid Analogues / Brown Sugar / Heroin,6
HLT-2026-00613,9,Vellore,2025-10-29 13:30:19,DISTRICT_HEADQUARTERS_HOSPITAL,SUBSTANCE_CONSULTATION,2,Synthetic Stimulants / MDMA / Meth,13
HLT-2026-00614,22,Dharmapuri,2025-12-27 20:41:27,DISTRICT_HEADQUARTERS_HOSPITAL,TOXICOLOGY_SCREEN_AGGREGATE,5,Opioid Analogues / Brown Sugar / Heroin,13
HLT-2026-00615,5,Tiruchirappalli,2026-05-08 04:02:38,DISTRICT_HEADQUARTERS_HOSPITAL,TOXICOLOGY_SCREEN_AGGREGATE,6,Unclassified / Suspicious Substance,4
HLT-2026-00616,12,Thanjavur,2026-03-25 20:21:30,LICENSED_REHAB_CENTER,TOXICOLOGY_SCREEN_AGGREGATE,2,Synthetic Stimulants / MDMA / Meth,15
HLT-2026-00617,1,Chennai,2024-09-27 22:54:41,DISTRICT_HEADQUARTERS_HOSPITAL,TOXICOLOGY_SCREEN_AGGREGATE,6,Unclassified / Suspicious Substance,17
HLT-2026-00618,38,Tiruvannamalai,2026-07-28 04:25:03,LICENSED_REHAB_CENTER,WITHDRAWAL_ADMISSION,2,Synthetic Stimulants / MDMA / Meth,6
HLT-2026-00619,1,Chennai,2025-05-28 04:31:46,GOVT_MEDICAL_COLLEGE_PSYCH,SUBSTANCE_CONSULTATION,5,Opioid Analogues / Brown Sugar / Heroin,5
HLT-2026-00620,22,Dharmapuri,2025-10-06 03:12:02,DISTRICT_HEADQUARTERS_HOSPITAL,SUBSTANCE_CONSULTATION,4,Chemical Precursors / Ephedrine,7
HLT-2026-00621,18,Tiruvallur,2024-10-01 06:43:02,DISTRICT_HEADQUARTERS_HOSPITAL,TOXICOLOGY_SCREEN_AGGREGATE,1,Commercial Ganja / Cannabis,14
HLT-2026-00622,8,Tiruppur,2025-06-23 04:14:27,LICENSED_REHAB_CENTER,TOXICOLOGY_SCREEN_AGGREGATE,4,Chemical Precursors / Ephedrine,22
HLT-2026-00623,26,Ariyalur,2025-02-23 08:26:48,DISTRICT_HEADQUARTERS_HOSPITAL,WITHDRAWAL_ADMISSION,5,Opioid Analogues / Brown Sugar / Heroin,12
HLT-2026-00624,16,Kancheepuram,2026-04-12 21:51:00,GOVT_MEDICAL_COLLEGE_PSYCH,WITHDRAWAL_ADMISSION,3,Prescription Narcotics / Codeine / Alprazolam,22
HLT-2026-00625,34,Nagapattinam,2024-10-30 19:30:10,DISTRICT_HEADQUARTERS_HOSPITAL,WITHDRAWAL_ADMISSION,6,Unclassified / Suspicious Substance,14
HLT-2026-00626,8,Tiruppur,2026-03-11 00:31:12,GOVT_MEDICAL_COLLEGE_PSYCH,SUBSTANCE_CONSULTATION,5,Opioid Analogues / Brown Sugar / Heroin,8
HLT-2026-00627,36,Ranipet,2025-07-06 08:45:36,LICENSED_REHAB_CENTER,SUBSTANCE_CONSULTATION,2,Synthetic Stimulants / MDMA / Meth,16
HLT-2026-00628,15,Tenkasi,2025-12-15 14:40:37,DISTRICT_HEADQUARTERS_HOSPITAL,TOXICOLOGY_SCREEN_AGGREGATE,3,Prescription Narcotics / Codeine / Alprazolam,4
HLT-2026-00629,14,Kanniyakumari,2025-05-27 18:25:43,GOVT_MEDICAL_COLLEGE_PSYCH,WITHDRAWAL_ADMISSION,6,Unclassified / Suspicious Substance,14
HLT-2026-00630,10,Krishnagiri,2025-01-03 05:53:37,LICENSED_REHAB_CENTER,SUBSTANCE_CONSULTATION,2,Synthetic Stimulants / MDMA / Meth,12
HLT-2026-00631,38,Tiruvannamalai,2025-04-16 08:58:59,LICENSED_REHAB_CENTER,TOXICOLOGY_SCREEN_AGGREGATE,1,Commercial Ganja / Cannabis,13
HLT-2026-00632,14,Kanniyakumari,2025-02-22 17:32:52,DISTRICT_HEADQUARTERS_HOSPITAL,WITHDRAWAL_ADMISSION,1,Commercial Ganja / Cannabis,20
HLT-2026-00633,32,Theni,2025-02-20 02:06:12,DISTRICT_HEADQUARTERS_HOSPITAL,SUBSTANCE_CONSULTATION,1,Commercial Ganja / Cannabis,15
HLT-2026-00634,23,Namakkal,2025-03-16 11:59:21,GOVT_MEDICAL_COLLEGE_PSYCH,WITHDRAWAL_ADMISSION,5,Opioid Analogues / Brown Sugar / Heroin,3
HLT-2026-00635,32,Theni,2025-01-18 01:42:05,DISTRICT_HEADQUARTERS_HOSPITAL,WITHDRAWAL_ADMISSION,3,Prescription Narcotics / Codeine / Alprazolam,15
HLT-2026-00636,8,Tiruppur,2025-09-19 20:49:17,GOVT_MEDICAL_COLLEGE_PSYCH,TOXICOLOGY_SCREEN_AGGREGATE,1,Commercial Ganja / Cannabis,8
HLT-2026-00637,13,Thoothukudi,2024-09-25 08:45:43,LICENSED_REHAB_CENTER,WITHDRAWAL_ADMISSION,1,Commercial Ganja / Cannabis,10
HLT-2026-00638,24,Nilgiris,2025-05-25 18:04:26,GOVT_MEDICAL_COLLEGE_PSYCH,TOXICOLOGY_SCREEN_AGGREGATE,1,Commercial Ganja / Cannabis,16
HLT-2026-00639,29,Sivaganga,2025-05-24 10:03:43,LICENSED_REHAB_CENTER,TOXICOLOGY_SCREEN_AGGREGATE,3,Prescription Narcotics / Codeine / Alprazolam,21
HLT-2026-00640,19,Cuddalore,2025-12-25 10:31:45,GOVT_MEDICAL_COLLEGE_PSYCH,SUBSTANCE_CONSULTATION,3,Prescription Narcotics / Codeine / Alprazolam,4
HLT-2026-00641,35,Mayiladuthurai,2025-09-20 20:20:27,DISTRICT_HEADQUARTERS_HOSPITAL,TOXICOLOGY_SCREEN_AGGREGATE,1,Commercial Ganja / Cannabis,17
HLT-2026-00642,3,Madurai,2026-05-05 20:50:19,LICENSED_REHAB_CENTER,WITHDRAWAL_ADMISSION,5,Opioid Analogues / Brown Sugar / Heroin,3
HLT-2026-00643,16,Kancheepuram,2026-06-11 00:01:28,GOVT_MEDICAL_COLLEGE_PSYCH,SUBSTANCE_CONSULTATION,1,Commercial Ganja / Cannabis,18
HLT-2026-00644,11,Dindigul,2025-01-26 07:33:21,GOVT_MEDICAL_COLLEGE_PSYCH,WITHDRAWAL_ADMISSION,6,Unclassified / Suspicious Substance,17
HLT-2026-00645,4,Salem,2026-07-02 14:36:32,LICENSED_REHAB_CENTER,WITHDRAWAL_ADMISSION,4,Chemical Precursors / Ephedrine,7
HLT-2026-00646,15,Tenkasi,2024-11-12 03:47:42,LICENSED_REHAB_CENTER,SUBSTANCE_CONSULTATION,2,Synthetic Stimulants / MDMA / Meth,8
HLT-2026-00647,29,Sivaganga,2024-11-03 02:13:18,DISTRICT_HEADQUARTERS_HOSPITAL,SUBSTANCE_CONSULTATION,5,Opioid Analogues / Brown Sugar / Heroin,3
HLT-2026-00648,36,Ranipet,2026-02-07 00:54:00,GOVT_MEDICAL_COLLEGE_PSYCH,SUBSTANCE_CONSULTATION,6,Unclassified / Suspicious Substance,14
HLT-2026-00649,5,Tiruchirappalli,2026-03-31 04:58:31,LICENSED_REHAB_CENTER,WITHDRAWAL_ADMISSION,5,Opioid Analogues / Brown Sugar / Heroin,15
HLT-2026-00650,28,Pudukkottai,2025-05-28 13:59:04,DISTRICT_HEADQUARTERS_HOSPITAL,TOXICOLOGY_SCREEN_AGGREGATE,6,Unclassified / Suspicious Substance,14
HLT-2026-00651,10,Krishnagiri,2025-10-21 11:29:35,GOVT_MEDICAL_COLLEGE_PSYCH,SUBSTANCE_CONSULTATION,1,Commercial Ganja / Cannabis,17
HLT-2026-00652,18,Tiruvallur,2026-02-02 02:51:41,LICENSED_REHAB_CENTER,TOXICOLOGY_SCREEN_AGGREGATE,6,Unclassified / Suspicious Substance,17
HLT-2026-00653,30,Ramanathapuram,2026-06-22 08:24:13,GOVT_MEDICAL_COLLEGE_PSYCH,SUBSTANCE_CONSULTATION,3,Prescription Narcotics / Codeine / Alprazolam,6
HLT-2026-00654,18,Tiruvallur,2026-03-16 22:45:49,DISTRICT_HEADQUARTERS_HOSPITAL,SUBSTANCE_CONSULTATION,6,Unclassified / Suspicious Substance,6
HLT-2026-00655,17,Chengalpattu,2024-11-10 18:16:40,GOVT_MEDICAL_COLLEGE_PSYCH,WITHDRAWAL_ADMISSION,4,Chemical Precursors / Ephedrine,20
HLT-2026-00656,2,Coimbatore,2026-07-12 13:23:04,GOVT_MEDICAL_COLLEGE_PSYCH,TOXICOLOGY_SCREEN_AGGREGATE,3,Prescription Narcotics / Codeine / Alprazolam,20
HLT-2026-00657,5,Tiruchirappalli,2026-02-08 19:26:05,LICENSED_REHAB_CENTER,TOXICOLOGY_SCREEN_AGGREGATE,2,Synthetic Stimulants / MDMA / Meth,21
HLT-2026-00658,34,Nagapattinam,2026-01-20 06:07:30,DISTRICT_HEADQUARTERS_HOSPITAL,SUBSTANCE_CONSULTATION,6,Unclassified / Suspicious Substance,11
HLT-2026-00659,10,Krishnagiri,2024-12-05 00:49:32,DISTRICT_HEADQUARTERS_HOSPITAL,WITHDRAWAL_ADMISSION,2,Synthetic Stimulants / MDMA / Meth,8
HLT-2026-00660,38,Tiruvannamalai,2026-03-12 15:08:27,LICENSED_REHAB_CENTER,SUBSTANCE_CONSULTATION,1,Commercial Ganja / Cannabis,4
HLT-2026-00661,15,Tenkasi,2024-09-22 18:25:34,DISTRICT_HEADQUARTERS_HOSPITAL,SUBSTANCE_CONSULTATION,2,Synthetic Stimulants / MDMA / Meth,4
HLT-2026-00662,11,Dindigul,2026-03-10 21:19:57,DISTRICT_HEADQUARTERS_HOSPITAL,WITHDRAWAL_ADMISSION,6,Unclassified / Suspicious Substance,11
HLT-2026-00663,34,Nagapattinam,2024-09-30 12:59:03,GOVT_MEDICAL_COLLEGE_PSYCH,WITHDRAWAL_ADMISSION,5,Opioid Analogues / Brown Sugar / Heroin,19
HLT-2026-00664,14,Kanniyakumari,2026-01-14 06:43:14,LICENSED_REHAB_CENTER,SUBSTANCE_CONSULTATION,4,Chemical Precursors / Ephedrine,2
HLT-2026-00665,14,Kanniyakumari,2025-06-09 11:35:32,LICENSED_REHAB_CENTER,TOXICOLOGY_SCREEN_AGGREGATE,4,Chemical Precursors / Ephedrine,20
HLT-2026-00666,24,Nilgiris,2025-04-26 06:15:31,LICENSED_REHAB_CENTER,SUBSTANCE_CONSULTATION,5,Opioid Analogues / Brown Sugar / Heroin,12
HLT-2026-00667,29,Sivaganga,2026-01-19 06:05:24,GOVT_MEDICAL_COLLEGE_PSYCH,TOXICOLOGY_SCREEN_AGGREGATE,5,Opioid Analogues / Brown Sugar / Heroin,2
HLT-2026-00668,7,Erode,2025-02-03 23:08:34,LICENSED_REHAB_CENTER,TOXICOLOGY_SCREEN_AGGREGATE,1,Commercial Ganja / Cannabis,18
HLT-2026-00669,10,Krishnagiri,2024-10-02 18:21:39,DISTRICT_HEADQUARTERS_HOSPITAL,TOXICOLOGY_SCREEN_AGGREGATE,5,Opioid Analogues / Brown Sugar / Heroin,12
HLT-2026-00670,24,Nilgiris,2025-02-28 23:43:34,LICENSED_REHAB_CENTER,SUBSTANCE_CONSULTATION,6,Unclassified / Suspicious Substance,17
HLT-2026-00671,26,Ariyalur,2025-12-21 17:44:11,LICENSED_REHAB_CENTER,TOXICOLOGY_SCREEN_AGGREGATE,6,Unclassified / Suspicious Substance,3
HLT-2026-00672,36,Ranipet,2026-01-22 00:23:21,LICENSED_REHAB_CENTER,WITHDRAWAL_ADMISSION,3,Prescription Narcotics / Codeine / Alprazolam,9
HLT-2026-00673,6,Tirunelveli,2026-02-27 15:16:48,GOVT_MEDICAL_COLLEGE_PSYCH,SUBSTANCE_CONSULTATION,4,Chemical Precursors / Ephedrine,22
HLT-2026-00674,36,Ranipet,2025-07-14 01:18:48,LICENSED_REHAB_CENTER,SUBSTANCE_CONSULTATION,3,Prescription Narcotics / Codeine / Alprazolam,7
HLT-2026-00675,24,Nilgiris,2026-05-26 21:02:02,LICENSED_REHAB_CENTER,TOXICOLOGY_SCREEN_AGGREGATE,1,Commercial Ganja / Cannabis,18
HLT-2026-00676,3,Madurai,2024-12-22 16:44:03,GOVT_MEDICAL_COLLEGE_PSYCH,SUBSTANCE_CONSULTATION,4,Chemical Precursors / Ephedrine,6
HLT-2026-00677,37,Tirupathur,2024-12-01 10:37:30,DISTRICT_HEADQUARTERS_HOSPITAL,TOXICOLOGY_SCREEN_AGGREGATE,2,Synthetic Stimulants / MDMA / Meth,21
HLT-2026-00678,28,Pudukkottai,2026-06-27 23:46:00,GOVT_MEDICAL_COLLEGE_PSYCH,TOXICOLOGY_SCREEN_AGGREGATE,1,Commercial Ganja / Cannabis,21
HLT-2026-00679,34,Nagapattinam,2026-03-29 00:28:20,LICENSED_REHAB_CENTER,TOXICOLOGY_SCREEN_AGGREGATE,5,Opioid Analogues / Brown Sugar / Heroin,10
HLT-2026-00680,17,Chengalpattu,2025-04-20 17:19:23,DISTRICT_HEADQUARTERS_HOSPITAL,WITHDRAWAL_ADMISSION,3,Prescription Narcotics / Codeine / Alprazolam,19
HLT-2026-00681,1,Chennai,2025-01-03 09:31:13,LICENSED_REHAB_CENTER,WITHDRAWAL_ADMISSION,2,Synthetic Stimulants / MDMA / Meth,20
HLT-2026-00682,1,Chennai,2026-02-10 17:56:16,LICENSED_REHAB_CENTER,TOXICOLOGY_SCREEN_AGGREGATE,6,Unclassified / Suspicious Substance,14
HLT-2026-00683,36,Ranipet,2025-06-18 19:02:43,GOVT_MEDICAL_COLLEGE_PSYCH,TOXICOLOGY_SCREEN_AGGREGATE,5,Opioid Analogues / Brown Sugar / Heroin,13
HLT-2026-00684,3,Madurai,2024-11-15 16:03:01,GOVT_MEDICAL_COLLEGE_PSYCH,WITHDRAWAL_ADMISSION,5,Opioid Analogues / Brown Sugar / Heroin,22
HLT-2026-00685,12,Thanjavur,2024-11-02 09:07:08,LICENSED_REHAB_CENTER,TOXICOLOGY_SCREEN_AGGREGATE,3,Prescription Narcotics / Codeine / Alprazolam,14
HLT-2026-00686,16,Kancheepuram,2025-11-01 20:29:42,GOVT_MEDICAL_COLLEGE_PSYCH,TOXICOLOGY_SCREEN_AGGREGATE,3,Prescription Narcotics / Codeine / Alprazolam,4
HLT-2026-00687,32,Theni,2025-02-27 05:28:22,DISTRICT_HEADQUARTERS_HOSPITAL,TOXICOLOGY_SCREEN_AGGREGATE,2,Synthetic Stimulants / MDMA / Meth,5
HLT-2026-00688,9,Vellore,2026-08-02 00:56:04,DISTRICT_HEADQUARTERS_HOSPITAL,SUBSTANCE_CONSULTATION,5,Opioid Analogues / Brown Sugar / Heroin,4
HLT-2026-00689,15,Tenkasi,2025-11-09 19:55:59,DISTRICT_HEADQUARTERS_HOSPITAL,SUBSTANCE_CONSULTATION,1,Commercial Ganja / Cannabis,15
HLT-2026-00690,7,Erode,2024-10-13 21:11:53,DISTRICT_HEADQUARTERS_HOSPITAL,TOXICOLOGY_SCREEN_AGGREGATE,6,Unclassified / Suspicious Substance,12
HLT-2026-00691,14,Kanniyakumari,2026-08-06 20:16:20,GOVT_MEDICAL_COLLEGE_PSYCH,WITHDRAWAL_ADMISSION,1,Commercial Ganja / Cannabis,15
HLT-2026-00692,10,Krishnagiri,2024-12-26 05:13:05,DISTRICT_HEADQUARTERS_HOSPITAL,TOXICOLOGY_SCREEN_AGGREGATE,3,Prescription Narcotics / Codeine / Alprazolam,2
HLT-2026-00693,29,Sivaganga,2025-11-16 05:53:20,LICENSED_REHAB_CENTER,WITHDRAWAL_ADMISSION,2,Synthetic Stimulants / MDMA / Meth,16
HLT-2026-00694,1,Chennai,2026-08-11 10:42:49,LICENSED_REHAB_CENTER,SUBSTANCE_CONSULTATION,2,Synthetic Stimulants / MDMA / Meth,3
HLT-2026-00695,18,Tiruvallur,2024-10-14 02:42:56,LICENSED_REHAB_CENTER,TOXICOLOGY_SCREEN_AGGREGATE,1,Commercial Ganja / Cannabis,15
HLT-2026-00696,9,Vellore,2024-12-30 15:23:14,DISTRICT_HEADQUARTERS_HOSPITAL,TOXICOLOGY_SCREEN_AGGREGATE,1,Commercial Ganja / Cannabis,3
HLT-2026-00697,10,Krishnagiri,2024-10-14 20:00:34,LICENSED_REHAB_CENTER,SUBSTANCE_CONSULTATION,5,Opioid Analogues / Brown Sugar / Heroin,11
HLT-2026-00698,2,Coimbatore,2026-05-26 06:46:21,GOVT_MEDICAL_COLLEGE_PSYCH,SUBSTANCE_CONSULTATION,1,Commercial Ganja / Cannabis,6
HLT-2026-00699,20,Viluppuram,2025-03-21 00:41:44,LICENSED_REHAB_CENTER,WITHDRAWAL_ADMISSION,5,Opioid Analogues / Brown Sugar / Heroin,2
HLT-2026-00700,19,Cuddalore,2026-04-18 16:01:34,DISTRICT_HEADQUARTERS_HOSPITAL,WITHDRAWAL_ADMISSION,3,Prescription Narcotics / Codeine / Alprazolam,17
HLT-2026-00701,5,Tiruchirappalli,2025-04-04 16:42:18,DISTRICT_HEADQUARTERS_HOSPITAL,SUBSTANCE_CONSULTATION,4,Chemical Precursors / Ephedrine,15
HLT-2026-00702,20,Viluppuram,2026-04-12 06:53:51,GOVT_MEDICAL_COLLEGE_PSYCH,WITHDRAWAL_ADMISSION,6,Unclassified / Suspicious Substance,2
HLT-2026-00703,34,Nagapattinam,2026-02-13 13:18:20,LICENSED_REHAB_CENTER,WITHDRAWAL_ADMISSION,6,Unclassified / Suspicious Substance,14
HLT-2026-00704,8,Tiruppur,2024-12-01 04:33:33,DISTRICT_HEADQUARTERS_HOSPITAL,SUBSTANCE_CONSULTATION,5,Opioid Analogues / Brown Sugar / Heroin,8
HLT-2026-00705,3,Madurai,2026-05-17 01:03:09,LICENSED_REHAB_CENTER,TOXICOLOGY_SCREEN_AGGREGATE,6,Unclassified / Suspicious Substance,17
HLT-2026-00706,8,Tiruppur,2025-07-12 19:10:42,GOVT_MEDICAL_COLLEGE_PSYCH,WITHDRAWAL_ADMISSION,4,Chemical Precursors / Ephedrine,19
HLT-2026-00707,33,Thiruvarur,2025-03-27 04:46:46,DISTRICT_HEADQUARTERS_HOSPITAL,WITHDRAWAL_ADMISSION,4,Chemical Precursors / Ephedrine,17
HLT-2026-00708,19,Cuddalore,2026-02-11 07:13:11,DISTRICT_HEADQUARTERS_HOSPITAL,WITHDRAWAL_ADMISSION,4,Chemical Precursors / Ephedrine,19
HLT-2026-00709,16,Kancheepuram,2025-05-11 15:20:38,LICENSED_REHAB_CENTER,SUBSTANCE_CONSULTATION,2,Synthetic Stimulants / MDMA / Meth,10
HLT-2026-00710,35,Mayiladuthurai,2024-12-31 04:08:05,DISTRICT_HEADQUARTERS_HOSPITAL,TOXICOLOGY_SCREEN_AGGREGATE,3,Prescription Narcotics / Codeine / Alprazolam,14
HLT-2026-00711,30,Ramanathapuram,2025-07-29 11:00:09,DISTRICT_HEADQUARTERS_HOSPITAL,SUBSTANCE_CONSULTATION,2,Synthetic Stimulants / MDMA / Meth,15
HLT-2026-00712,8,Tiruppur,2025-07-15 17:03:52,DISTRICT_HEADQUARTERS_HOSPITAL,SUBSTANCE_CONSULTATION,3,Prescription Narcotics / Codeine / Alprazolam,6
HLT-2026-00713,3,Madurai,2025-08-26 22:26:19,GOVT_MEDICAL_COLLEGE_PSYCH,WITHDRAWAL_ADMISSION,5,Opioid Analogues / Brown Sugar / Heroin,11
HLT-2026-00714,11,Dindigul,2025-04-10 18:56:45,GOVT_MEDICAL_COLLEGE_PSYCH,TOXICOLOGY_SCREEN_AGGREGATE,6,Unclassified / Suspicious Substance,17
HLT-2026-00715,30,Ramanathapuram,2024-10-23 10:19:00,GOVT_MEDICAL_COLLEGE_PSYCH,TOXICOLOGY_SCREEN_AGGREGATE,2,Synthetic Stimulants / MDMA / Meth,13
HLT-2026-00716,10,Krishnagiri,2026-05-17 11:42:36,DISTRICT_HEADQUARTERS_HOSPITAL,SUBSTANCE_CONSULTATION,3,Prescription Narcotics / Codeine / Alprazolam,7
HLT-2026-00717,2,Coimbatore,2026-05-12 12:21:31,LICENSED_REHAB_CENTER,WITHDRAWAL_ADMISSION,2,Synthetic Stimulants / MDMA / Meth,3
HLT-2026-00718,16,Kancheepuram,2026-07-27 13:52:03,GOVT_MEDICAL_COLLEGE_PSYCH,SUBSTANCE_CONSULTATION,4,Chemical Precursors / Ephedrine,13
HLT-2026-00719,2,Coimbatore,2025-12-22 14:46:09,GOVT_MEDICAL_COLLEGE_PSYCH,SUBSTANCE_CONSULTATION,1,Commercial Ganja / Cannabis,22
HLT-2026-00720,3,Madurai,2025-04-01 03:32:49,GOVT_MEDICAL_COLLEGE_PSYCH,WITHDRAWAL_ADMISSION,5,Opioid Analogues / Brown Sugar / Heroin,3
HLT-2026-00721,18,Tiruvallur,2025-12-29 17:29:25,LICENSED_REHAB_CENTER,WITHDRAWAL_ADMISSION,2,Synthetic Stimulants / MDMA / Meth,6
HLT-2026-00722,37,Tirupathur,2026-08-07 21:07:26,LICENSED_REHAB_CENTER,WITHDRAWAL_ADMISSION,5,Opioid Analogues / Brown Sugar / Heroin,20
HLT-2026-00723,36,Ranipet,2026-07-21 17:22:54,DISTRICT_HEADQUARTERS_HOSPITAL,WITHDRAWAL_ADMISSION,5,Opioid Analogues / Brown Sugar / Heroin,16
HLT-2026-00724,30,Ramanathapuram,2025-11-25 21:45:33,GOVT_MEDICAL_COLLEGE_PSYCH,SUBSTANCE_CONSULTATION,3,Prescription Narcotics / Codeine / Alprazolam,17
HLT-2026-00725,10,Krishnagiri,2026-04-19 00:38:24,GOVT_MEDICAL_COLLEGE_PSYCH,SUBSTANCE_CONSULTATION,4,Chemical Precursors / Ephedrine,18
HLT-2026-00726,23,Namakkal,2026-06-27 12:39:38,DISTRICT_HEADQUARTERS_HOSPITAL,TOXICOLOGY_SCREEN_AGGREGATE,5,Opioid Analogues / Brown Sugar / Heroin,4
HLT-2026-00727,33,Thiruvarur,2026-07-04 19:44:41,LICENSED_REHAB_CENTER,TOXICOLOGY_SCREEN_AGGREGATE,1,Commercial Ganja / Cannabis,11
HLT-2026-00728,38,Tiruvannamalai,2024-11-16 16:51:45,LICENSED_REHAB_CENTER,TOXICOLOGY_SCREEN_AGGREGATE,6,Unclassified / Suspicious Substance,17
HLT-2026-00729,1,Chennai,2026-05-13 02:10:18,LICENSED_REHAB_CENTER,TOXICOLOGY_SCREEN_AGGREGATE,1,Commercial Ganja / Cannabis,8
HLT-2026-00730,3,Madurai,2026-04-21 01:43:21,GOVT_MEDICAL_COLLEGE_PSYCH,SUBSTANCE_CONSULTATION,2,Synthetic Stimulants / MDMA / Meth,17
HLT-2026-00731,23,Namakkal,2026-02-15 06:12:12,LICENSED_REHAB_CENTER,WITHDRAWAL_ADMISSION,4,Chemical Precursors / Ephedrine,3
HLT-2026-00732,13,Thoothukudi,2024-11-08 07:09:58,GOVT_MEDICAL_COLLEGE_PSYCH,WITHDRAWAL_ADMISSION,3,Prescription Narcotics / Codeine / Alprazolam,10
HLT-2026-00733,28,Pudukkottai,2026-07-30 12:38:39,DISTRICT_HEADQUARTERS_HOSPITAL,SUBSTANCE_CONSULTATION,3,Prescription Narcotics / Codeine / Alprazolam,9
HLT-2026-00734,7,Erode,2025-05-14 11:51:05,LICENSED_REHAB_CENTER,WITHDRAWAL_ADMISSION,3,Prescription Narcotics / Codeine / Alprazolam,4
HLT-2026-00735,30,Ramanathapuram,2025-01-04 18:12:16,GOVT_MEDICAL_COLLEGE_PSYCH,SUBSTANCE_CONSULTATION,2,Synthetic Stimulants / MDMA / Meth,10
HLT-2026-00736,32,Theni,2025-07-14 18:11:30,DISTRICT_HEADQUARTERS_HOSPITAL,SUBSTANCE_CONSULTATION,1,Commercial Ganja / Cannabis,7
HLT-2026-00737,20,Viluppuram,2026-02-24 05:19:13,LICENSED_REHAB_CENTER,TOXICOLOGY_SCREEN_AGGREGATE,3,Prescription Narcotics / Codeine / Alprazolam,13
HLT-2026-00738,15,Tenkasi,2025-05-21 19:25:57,DISTRICT_HEADQUARTERS_HOSPITAL,SUBSTANCE_CONSULTATION,3,Prescription Narcotics / Codeine / Alprazolam,9
HLT-2026-00739,10,Krishnagiri,2025-11-30 05:06:51,DISTRICT_HEADQUARTERS_HOSPITAL,SUBSTANCE_CONSULTATION,4,Chemical Precursors / Ephedrine,4
HLT-2026-00740,34,Nagapattinam,2026-02-04 01:53:13,GOVT_MEDICAL_COLLEGE_PSYCH,WITHDRAWAL_ADMISSION,5,Opioid Analogues / Brown Sugar / Heroin,11
HLT-2026-00741,7,Erode,2026-01-18 22:18:40,DISTRICT_HEADQUARTERS_HOSPITAL,TOXICOLOGY_SCREEN_AGGREGATE,3,Prescription Narcotics / Codeine / Alprazolam,4
HLT-2026-00742,35,Mayiladuthurai,2025-06-07 14:57:32,DISTRICT_HEADQUARTERS_HOSPITAL,WITHDRAWAL_ADMISSION,5,Opioid Analogues / Brown Sugar / Heroin,14
HLT-2026-00743,35,Mayiladuthurai,2025-06-30 23:59:59,GOVT_MEDICAL_COLLEGE_PSYCH,SUBSTANCE_CONSULTATION,2,Synthetic Stimulants / MDMA / Meth,15
HLT-2026-00744,12,Thanjavur,2025-11-23 12:04:19,DISTRICT_HEADQUARTERS_HOSPITAL,TOXICOLOGY_SCREEN_AGGREGATE,5,Opioid Analogues / Brown Sugar / Heroin,11
HLT-2026-00745,30,Ramanathapuram,2025-12-08 11:39:47,LICENSED_REHAB_CENTER,WITHDRAWAL_ADMISSION,4,Chemical Precursors / Ephedrine,17
HLT-2026-00746,1,Chennai,2026-01-06 23:48:15,GOVT_MEDICAL_COLLEGE_PSYCH,SUBSTANCE_CONSULTATION,4,Chemical Precursors / Ephedrine,18
HLT-2026-00747,13,Thoothukudi,2025-08-14 00:38:33,DISTRICT_HEADQUARTERS_HOSPITAL,SUBSTANCE_CONSULTATION,6,Unclassified / Suspicious Substance,9
HLT-2026-00748,13,Thoothukudi,2026-05-07 14:28:30,GOVT_MEDICAL_COLLEGE_PSYCH,TOXICOLOGY_SCREEN_AGGREGATE,5,Opioid Analogues / Brown Sugar / Heroin,5
HLT-2026-00749,6,Tirunelveli,2025-07-05 20:00:01,LICENSED_REHAB_CENTER,TOXICOLOGY_SCREEN_AGGREGATE,4,Chemical Precursors / Ephedrine,14
HLT-2026-00750,14,Kanniyakumari,2024-09-29 07:22:53,GOVT_MEDICAL_COLLEGE_PSYCH,TOXICOLOGY_SCREEN_AGGREGATE,1,Commercial Ganja / Cannabis,17
HLT-2026-00751,28,Pudukkottai,2026-03-08 05:57:31,DISTRICT_HEADQUARTERS_HOSPITAL,WITHDRAWAL_ADMISSION,5,Opioid Analogues / Brown Sugar / Heroin,8
HLT-2026-00752,1,Chennai,2025-07-18 01:09:53,DISTRICT_HEADQUARTERS_HOSPITAL,SUBSTANCE_CONSULTATION,3,Prescription Narcotics / Codeine / Alprazolam,20
HLT-2026-00753,20,Viluppuram,2026-05-20 10:02:31,GOVT_MEDICAL_COLLEGE_PSYCH,TOXICOLOGY_SCREEN_AGGREGATE,2,Synthetic Stimulants / MDMA / Meth,17
HLT-2026-00754,22,Dharmapuri,2025-12-24 17:29:12,DISTRICT_HEADQUARTERS_HOSPITAL,SUBSTANCE_CONSULTATION,6,Unclassified / Suspicious Substance,21
HLT-2026-00755,6,Tirunelveli,2025-04-10 16:18:24,DISTRICT_HEADQUARTERS_HOSPITAL,TOXICOLOGY_SCREEN_AGGREGATE,1,Commercial Ganja / Cannabis,22
HLT-2026-00756,4,Salem,2025-11-14 17:32:56,LICENSED_REHAB_CENTER,SUBSTANCE_CONSULTATION,2,Synthetic Stimulants / MDMA / Meth,14
HLT-2026-00757,28,Pudukkottai,2025-06-01 01:46:42,LICENSED_REHAB_CENTER,WITHDRAWAL_ADMISSION,3,Prescription Narcotics / Codeine / Alprazolam,16
HLT-2026-00758,20,Viluppuram,2025-12-31 10:07:49,GOVT_MEDICAL_COLLEGE_PSYCH,TOXICOLOGY_SCREEN_AGGREGATE,4,Chemical Precursors / Ephedrine,17
HLT-2026-00759,30,Ramanathapuram,2025-12-27 14:07:34,DISTRICT_HEADQUARTERS_HOSPITAL,TOXICOLOGY_SCREEN_AGGREGATE,3,Prescription Narcotics / Codeine / Alprazolam,20
HLT-2026-00760,7,Erode,2026-05-23 06:15:40,LICENSED_REHAB_CENTER,WITHDRAWAL_ADMISSION,5,Opioid Analogues / Brown Sugar / Heroin,12
HLT-2026-00761,33,Thiruvarur,2025-11-14 03:32:41,DISTRICT_HEADQUARTERS_HOSPITAL,WITHDRAWAL_ADMISSION,4,Chemical Precursors / Ephedrine,13
HLT-2026-00762,7,Erode,2025-07-11 22:39:44,DISTRICT_HEADQUARTERS_HOSPITAL,SUBSTANCE_CONSULTATION,2,Synthetic Stimulants / MDMA / Meth,8
HLT-2026-00763,12,Thanjavur,2025-03-28 19:40:28,LICENSED_REHAB_CENTER,SUBSTANCE_CONSULTATION,5,Opioid Analogues / Brown Sugar / Heroin,2
HLT-2026-00764,22,Dharmapuri,2024-11-30 17:12:30,GOVT_MEDICAL_COLLEGE_PSYCH,SUBSTANCE_CONSULTATION,5,Opioid Analogues / Brown Sugar / Heroin,3
HLT-2026-00765,21,Kallakurichi,2024-11-11 13:34:54,LICENSED_REHAB_CENTER,WITHDRAWAL_ADMISSION,4,Chemical Precursors / Ephedrine,2
HLT-2026-00766,14,Kanniyakumari,2025-04-07 02:12:17,GOVT_MEDICAL_COLLEGE_PSYCH,TOXICOLOGY_SCREEN_AGGREGATE,5,Opioid Analogues / Brown Sugar / Heroin,21
HLT-2026-00767,3,Madurai,2026-02-04 06:05:02,LICENSED_REHAB_CENTER,WITHDRAWAL_ADMISSION,4,Chemical Precursors / Ephedrine,22
HLT-2026-00768,33,Thiruvarur,2024-10-26 09:04:19,GOVT_MEDICAL_COLLEGE_PSYCH,TOXICOLOGY_SCREEN_AGGREGATE,6,Unclassified / Suspicious Substance,12
HLT-2026-00769,30,Ramanathapuram,2025-02-19 12:05:44,LICENSED_REHAB_CENTER,WITHDRAWAL_ADMISSION,1,Commercial Ganja / Cannabis,20
HLT-2026-00770,14,Kanniyakumari,2024-10-27 12:37:55,GOVT_MEDICAL_COLLEGE_PSYCH,TOXICOLOGY_SCREEN_AGGREGATE,3,Prescription Narcotics / Codeine / Alprazolam,21
HLT-2026-00771,2,Coimbatore,2026-08-08 14:03:57,LICENSED_REHAB_CENTER,WITHDRAWAL_ADMISSION,1,Commercial Ganja / Cannabis,12
HLT-2026-00772,23,Namakkal,2025-12-17 19:41:28,DISTRICT_HEADQUARTERS_HOSPITAL,TOXICOLOGY_SCREEN_AGGREGATE,1,Commercial Ganja / Cannabis,4
HLT-2026-00773,5,Tiruchirappalli,2025-10-02 15:07:14,LICENSED_REHAB_CENTER,TOXICOLOGY_SCREEN_AGGREGATE,3,Prescription Narcotics / Codeine / Alprazolam,6
HLT-2026-00774,9,Vellore,2025-12-22 15:34:23,GOVT_MEDICAL_COLLEGE_PSYCH,WITHDRAWAL_ADMISSION,4,Chemical Precursors / Ephedrine,17
HLT-2026-00775,35,Mayiladuthurai,2025-07-09 20:13:23,GOVT_MEDICAL_COLLEGE_PSYCH,TOXICOLOGY_SCREEN_AGGREGATE,4,Chemical Precursors / Ephedrine,17
HLT-2026-00776,38,Tiruvannamalai,2025-05-09 08:34:14,GOVT_MEDICAL_COLLEGE_PSYCH,TOXICOLOGY_SCREEN_AGGREGATE,2,Synthetic Stimulants / MDMA / Meth,12
HLT-2026-00777,34,Nagapattinam,2026-01-16 02:27:10,GOVT_MEDICAL_COLLEGE_PSYCH,SUBSTANCE_CONSULTATION,2,Synthetic Stimulants / MDMA / Meth,20
HLT-2026-00778,27,Perambalur,2026-07-13 10:24:28,LICENSED_REHAB_CENTER,WITHDRAWAL_ADMISSION,6,Unclassified / Suspicious Substance,21
HLT-2026-00779,30,Ramanathapuram,2026-04-17 17:53:15,DISTRICT_HEADQUARTERS_HOSPITAL,TOXICOLOGY_SCREEN_AGGREGATE,4,Chemical Precursors / Ephedrine,13
HLT-2026-00780,25,Karur,2025-09-22 20:44:45,LICENSED_REHAB_CENTER,TOXICOLOGY_SCREEN_AGGREGATE,5,Opioid Analogues / Brown Sugar / Heroin,12
HLT-2026-00781,31,Virudhunagar,2024-10-08 06:44:45,GOVT_MEDICAL_COLLEGE_PSYCH,WITHDRAWAL_ADMISSION,3,Prescription Narcotics / Codeine / Alprazolam,9
HLT-2026-00782,35,Mayiladuthurai,2026-05-03 10:55:58,DISTRICT_HEADQUARTERS_HOSPITAL,SUBSTANCE_CONSULTATION,4,Chemical Precursors / Ephedrine,15
HLT-2026-00783,14,Kanniyakumari,2025-02-27 00:26:35,DISTRICT_HEADQUARTERS_HOSPITAL,WITHDRAWAL_ADMISSION,5,Opioid Analogues / Brown Sugar / Heroin,20
HLT-2026-00784,10,Krishnagiri,2026-05-25 19:57:04,DISTRICT_HEADQUARTERS_HOSPITAL,WITHDRAWAL_ADMISSION,5,Opioid Analogues / Brown Sugar / Heroin,18
HLT-2026-00785,18,Tiruvallur,2024-11-01 18:23:28,GOVT_MEDICAL_COLLEGE_PSYCH,SUBSTANCE_CONSULTATION,4,Chemical Precursors / Ephedrine,22
HLT-2026-00786,3,Madurai,2025-07-18 19:24:40,LICENSED_REHAB_CENTER,SUBSTANCE_CONSULTATION,4,Chemical Precursors / Ephedrine,21
HLT-2026-00787,7,Erode,2025-08-08 19:05:00,GOVT_MEDICAL_COLLEGE_PSYCH,SUBSTANCE_CONSULTATION,3,Prescription Narcotics / Codeine / Alprazolam,8
HLT-2026-00788,18,Tiruvallur,2025-09-30 10:17:05,DISTRICT_HEADQUARTERS_HOSPITAL,SUBSTANCE_CONSULTATION,3,Prescription Narcotics / Codeine / Alprazolam,7
HLT-2026-00789,7,Erode,2025-03-03 04:19:58,DISTRICT_HEADQUARTERS_HOSPITAL,SUBSTANCE_CONSULTATION,6,Unclassified / Suspicious Substance,7
HLT-2026-00790,25,Karur,2025-06-05 22:42:42,DISTRICT_HEADQUARTERS_HOSPITAL,TOXICOLOGY_SCREEN_AGGREGATE,2,Synthetic Stimulants / MDMA / Meth,4
HLT-2026-00791,36,Ranipet,2024-12-27 15:36:13,GOVT_MEDICAL_COLLEGE_PSYCH,TOXICOLOGY_SCREEN_AGGREGATE,1,Commercial Ganja / Cannabis,16
HLT-2026-00792,38,Tiruvannamalai,2026-02-12 16:04:44,LICENSED_REHAB_CENTER,WITHDRAWAL_ADMISSION,1,Commercial Ganja / Cannabis,11
HLT-2026-00793,24,Nilgiris,2026-06-06 14:11:54,DISTRICT_HEADQUARTERS_HOSPITAL,SUBSTANCE_CONSULTATION,1,Commercial Ganja / Cannabis,2
HLT-2026-00794,18,Tiruvallur,2025-10-16 12:12:40,DISTRICT_HEADQUARTERS_HOSPITAL,TOXICOLOGY_SCREEN_AGGREGATE,2,Synthetic Stimulants / MDMA / Meth,9
HLT-2026-00795,18,Tiruvallur,2025-12-14 14:34:00,LICENSED_REHAB_CENTER,SUBSTANCE_CONSULTATION,5,Opioid Analogues / Brown Sugar / Heroin,9
HLT-2026-00796,14,Kanniyakumari,2026-05-31 15:11:51,DISTRICT_HEADQUARTERS_HOSPITAL,TOXICOLOGY_SCREEN_AGGREGATE,6,Unclassified / Suspicious Substance,6
HLT-2026-00797,16,Kancheepuram,2026-07-13 17:37:42,GOVT_MEDICAL_COLLEGE_PSYCH,SUBSTANCE_CONSULTATION,5,Opioid Analogues / Brown Sugar / Heroin,18
HLT-2026-00798,13,Thoothukudi,2025-04-21 18:50:34,DISTRICT_HEADQUARTERS_HOSPITAL,SUBSTANCE_CONSULTATION,1,Commercial Ganja / Cannabis,2
HLT-2026-00799,35,Mayiladuthurai,2024-11-14 17:28:14,DISTRICT_HEADQUARTERS_HOSPITAL,SUBSTANCE_CONSULTATION,1,Commercial Ganja / Cannabis,10
HLT-2026-00800,26,Ariyalur,2026-01-06 23:50:40,GOVT_MEDICAL_COLLEGE_PSYCH,SUBSTANCE_CONSULTATION,6,Unclassified / Suspicious Substance,4
HLT-2026-00801,12,Thanjavur,2025-04-05 18:17:08,GOVT_MEDICAL_COLLEGE_PSYCH,SUBSTANCE_CONSULTATION,2,Synthetic Stimulants / MDMA / Meth,13
HLT-2026-00802,37,Tirupathur,2026-04-10 09:09:57,LICENSED_REHAB_CENTER,WITHDRAWAL_ADMISSION,1,Commercial Ganja / Cannabis,20
HLT-2026-00803,17,Chengalpattu,2026-06-13 07:28:16,DISTRICT_HEADQUARTERS_HOSPITAL,TOXICOLOGY_SCREEN_AGGREGATE,6,Unclassified / Suspicious Substance,19
HLT-2026-00804,26,Ariyalur,2025-03-04 19:56:37,DISTRICT_HEADQUARTERS_HOSPITAL,SUBSTANCE_CONSULTATION,4,Chemical Precursors / Ephedrine,21
HLT-2026-00805,14,Kanniyakumari,2025-03-18 23:27:20,GOVT_MEDICAL_COLLEGE_PSYCH,TOXICOLOGY_SCREEN_AGGREGATE,4,Chemical Precursors / Ephedrine,14
HLT-2026-00806,2,Coimbatore,2025-02-11 10:15:20,GOVT_MEDICAL_COLLEGE_PSYCH,TOXICOLOGY_SCREEN_AGGREGATE,4,Chemical Precursors / Ephedrine,13
HLT-2026-00807,20,Viluppuram,2026-01-03 09:01:46,GOVT_MEDICAL_COLLEGE_PSYCH,TOXICOLOGY_SCREEN_AGGREGATE,1,Commercial Ganja / Cannabis,9
HLT-2026-00808,19,Cuddalore,2026-03-11 13:23:14,GOVT_MEDICAL_COLLEGE_PSYCH,WITHDRAWAL_ADMISSION,6,Unclassified / Suspicious Substance,10
HLT-2026-00809,36,Ranipet,2025-03-06 13:55:50,LICENSED_REHAB_CENTER,WITHDRAWAL_ADMISSION,4,Chemical Precursors / Ephedrine,18
HLT-2026-00810,37,Tirupathur,2025-10-19 03:17:41,LICENSED_REHAB_CENTER,TOXICOLOGY_SCREEN_AGGREGATE,3,Prescription Narcotics / Codeine / Alprazolam,12
HLT-2026-00811,2,Coimbatore,2025-02-02 11:15:29,DISTRICT_HEADQUARTERS_HOSPITAL,SUBSTANCE_CONSULTATION,3,Prescription Narcotics / Codeine / Alprazolam,16
HLT-2026-00812,22,Dharmapuri,2026-06-25 14:59:50,LICENSED_REHAB_CENTER,WITHDRAWAL_ADMISSION,2,Synthetic Stimulants / MDMA / Meth,18
HLT-2026-00813,8,Tiruppur,2025-10-03 12:42:54,LICENSED_REHAB_CENTER,TOXICOLOGY_SCREEN_AGGREGATE,5,Opioid Analogues / Brown Sugar / Heroin,4
HLT-2026-00814,37,Tirupathur,2025-10-11 20:06:29,GOVT_MEDICAL_COLLEGE_PSYCH,SUBSTANCE_CONSULTATION,2,Synthetic Stimulants / MDMA / Meth,20
HLT-2026-00815,34,Nagapattinam,2024-09-25 08:47:35,LICENSED_REHAB_CENTER,WITHDRAWAL_ADMISSION,2,Synthetic Stimulants / MDMA / Meth,4
HLT-2026-00816,2,Coimbatore,2026-01-10 12:37:10,LICENSED_REHAB_CENTER,SUBSTANCE_CONSULTATION,2,Synthetic Stimulants / MDMA / Meth,3
HLT-2026-00817,18,Tiruvallur,2024-12-24 07:10:22,LICENSED_REHAB_CENTER,TOXICOLOGY_SCREEN_AGGREGATE,4,Chemical Precursors / Ephedrine,11
HLT-2026-00818,1,Chennai,2026-04-09 03:46:12,LICENSED_REHAB_CENTER,WITHDRAWAL_ADMISSION,1,Commercial Ganja / Cannabis,8
HLT-2026-00819,13,Thoothukudi,2025-06-06 22:51:30,DISTRICT_HEADQUARTERS_HOSPITAL,SUBSTANCE_CONSULTATION,3,Prescription Narcotics / Codeine / Alprazolam,6
HLT-2026-00820,14,Kanniyakumari,2024-10-26 21:04:26,GOVT_MEDICAL_COLLEGE_PSYCH,TOXICOLOGY_SCREEN_AGGREGATE,2,Synthetic Stimulants / MDMA / Meth,17
HLT-2026-00821,37,Tirupathur,2025-08-16 19:44:48,DISTRICT_HEADQUARTERS_HOSPITAL,WITHDRAWAL_ADMISSION,6,Unclassified / Suspicious Substance,22
HLT-2026-00822,28,Pudukkottai,2024-09-21 23:26:46,LICENSED_REHAB_CENTER,SUBSTANCE_CONSULTATION,4,Chemical Precursors / Ephedrine,18
HLT-2026-00823,14,Kanniyakumari,2025-07-28 13:41:56,GOVT_MEDICAL_COLLEGE_PSYCH,TOXICOLOGY_SCREEN_AGGREGATE,6,Unclassified / Suspicious Substance,7
HLT-2026-00824,14,Kanniyakumari,2025-10-01 19:19:12,LICENSED_REHAB_CENTER,SUBSTANCE_CONSULTATION,3,Prescription Narcotics / Codeine / Alprazolam,6
HLT-2026-00825,26,Ariyalur,2026-03-10 02:23:08,GOVT_MEDICAL_COLLEGE_PSYCH,TOXICOLOGY_SCREEN_AGGREGATE,4,Chemical Precursors / Ephedrine,9
HLT-2026-00826,24,Nilgiris,2024-09-21 18:34:57,LICENSED_REHAB_CENTER,TOXICOLOGY_SCREEN_AGGREGATE,6,Unclassified / Suspicious Substance,21
HLT-2026-00827,24,Nilgiris,2025-06-30 21:34:19,GOVT_MEDICAL_COLLEGE_PSYCH,WITHDRAWAL_ADMISSION,6,Unclassified / Suspicious Substance,22
HLT-2026-00828,36,Ranipet,2025-06-28 01:21:14,GOVT_MEDICAL_COLLEGE_PSYCH,SUBSTANCE_CONSULTATION,6,Unclassified / Suspicious Substance,9
HLT-2026-00829,1,Chennai,2024-12-31 09:14:01,GOVT_MEDICAL_COLLEGE_PSYCH,SUBSTANCE_CONSULTATION,3,Prescription Narcotics / Codeine / Alprazolam,13
HLT-2026-00830,27,Perambalur,2025-12-07 09:42:07,LICENSED_REHAB_CENTER,SUBSTANCE_CONSULTATION,3,Prescription Narcotics / Codeine / Alprazolam,5
HLT-2026-00831,10,Krishnagiri,2026-01-10 11:29:23,LICENSED_REHAB_CENTER,WITHDRAWAL_ADMISSION,3,Prescription Narcotics / Codeine / Alprazolam,10
HLT-2026-00832,29,Sivaganga,2026-05-22 02:02:00,LICENSED_REHAB_CENTER,TOXICOLOGY_SCREEN_AGGREGATE,3,Prescription Narcotics / Codeine / Alprazolam,2
HLT-2026-00833,27,Perambalur,2025-05-01 23:12:38,GOVT_MEDICAL_COLLEGE_PSYCH,SUBSTANCE_CONSULTATION,3,Prescription Narcotics / Codeine / Alprazolam,4
HLT-2026-00834,11,Dindigul,2024-12-13 01:23:33,LICENSED_REHAB_CENTER,SUBSTANCE_CONSULTATION,5,Opioid Analogues / Brown Sugar / Heroin,7
HLT-2026-00835,5,Tiruchirappalli,2025-08-25 05:38:46,LICENSED_REHAB_CENTER,SUBSTANCE_CONSULTATION,6,Unclassified / Suspicious Substance,13
HLT-2026-00836,14,Kanniyakumari,2025-01-24 08:57:43,LICENSED_REHAB_CENTER,WITHDRAWAL_ADMISSION,3,Prescription Narcotics / Codeine / Alprazolam,18
HLT-2026-00837,25,Karur,2025-01-21 22:26:49,GOVT_MEDICAL_COLLEGE_PSYCH,WITHDRAWAL_ADMISSION,4,Chemical Precursors / Ephedrine,20
HLT-2026-00838,19,Cuddalore,2025-04-25 02:41:18,LICENSED_REHAB_CENTER,TOXICOLOGY_SCREEN_AGGREGATE,6,Unclassified / Suspicious Substance,15
HLT-2026-00839,14,Kanniyakumari,2026-03-07 17:32:50,GOVT_MEDICAL_COLLEGE_PSYCH,WITHDRAWAL_ADMISSION,2,Synthetic Stimulants / MDMA / Meth,21
HLT-2026-00840,36,Ranipet,2025-09-23 17:25:44,LICENSED_REHAB_CENTER,SUBSTANCE_CONSULTATION,1,Commercial Ganja / Cannabis,13
HLT-2026-00841,5,Tiruchirappalli,2025-06-09 15:45:49,LICENSED_REHAB_CENTER,TOXICOLOGY_SCREEN_AGGREGATE,4,Chemical Precursors / Ephedrine,13
HLT-2026-00842,2,Coimbatore,2026-07-22 21:00:01,GOVT_MEDICAL_COLLEGE_PSYCH,TOXICOLOGY_SCREEN_AGGREGATE,3,Prescription Narcotics / Codeine / Alprazolam,18
HLT-2026-00843,32,Theni,2025-08-11 12:20:31,GOVT_MEDICAL_COLLEGE_PSYCH,WITHDRAWAL_ADMISSION,4,Chemical Precursors / Ephedrine,2
HLT-2026-00844,7,Erode,2025-06-11 07:18:36,LICENSED_REHAB_CENTER,SUBSTANCE_CONSULTATION,4,Chemical Precursors / Ephedrine,21
HLT-2026-00845,33,Thiruvarur,2026-02-06 23:55:11,DISTRICT_HEADQUARTERS_HOSPITAL,TOXICOLOGY_SCREEN_AGGREGATE,4,Chemical Precursors / Ephedrine,15
HLT-2026-00846,32,Theni,2024-12-27 15:13:11,LICENSED_REHAB_CENTER,TOXICOLOGY_SCREEN_AGGREGATE,4,Chemical Precursors / Ephedrine,7
HLT-2026-00847,33,Thiruvarur,2026-03-24 09:29:54,GOVT_MEDICAL_COLLEGE_PSYCH,TOXICOLOGY_SCREEN_AGGREGATE,5,Opioid Analogues / Brown Sugar / Heroin,9
HLT-2026-00848,28,Pudukkottai,2025-07-16 04:14:59,DISTRICT_HEADQUARTERS_HOSPITAL,TOXICOLOGY_SCREEN_AGGREGATE,6,Unclassified / Suspicious Substance,18
HLT-2026-00849,1,Chennai,2025-07-23 04:19:54,GOVT_MEDICAL_COLLEGE_PSYCH,WITHDRAWAL_ADMISSION,2,Synthetic Stimulants / MDMA / Meth,14
HLT-2026-00850,33,Thiruvarur,2025-04-11 04:03:38,DISTRICT_HEADQUARTERS_HOSPITAL,WITHDRAWAL_ADMISSION,1,Commercial Ganja / Cannabis,19
HLT-2026-00851,24,Nilgiris,2026-04-18 06:06:04,LICENSED_REHAB_CENTER,SUBSTANCE_CONSULTATION,1,Commercial Ganja / Cannabis,13
HLT-2026-00852,17,Chengalpattu,2026-06-09 15:57:21,GOVT_MEDICAL_COLLEGE_PSYCH,TOXICOLOGY_SCREEN_AGGREGATE,3,Prescription Narcotics / Codeine / Alprazolam,2
HLT-2026-00853,4,Salem,2026-02-16 16:41:10,LICENSED_REHAB_CENTER,SUBSTANCE_CONSULTATION,4,Chemical Precursors / Ephedrine,7
HLT-2026-00854,7,Erode,2025-10-24 21:42:32,GOVT_MEDICAL_COLLEGE_PSYCH,SUBSTANCE_CONSULTATION,4,Chemical Precursors / Ephedrine,15
HLT-2026-00855,15,Tenkasi,2026-05-10 04:39:32,GOVT_MEDICAL_COLLEGE_PSYCH,TOXICOLOGY_SCREEN_AGGREGATE,5,Opioid Analogues / Brown Sugar / Heroin,14
HLT-2026-00856,7,Erode,2025-09-19 15:14:44,LICENSED_REHAB_CENTER,WITHDRAWAL_ADMISSION,6,Unclassified / Suspicious Substance,12
HLT-2026-00857,37,Tirupathur,2024-12-31 12:29:19,LICENSED_REHAB_CENTER,SUBSTANCE_CONSULTATION,1,Commercial Ganja / Cannabis,16
HLT-2026-00858,15,Tenkasi,2024-11-27 09:08:34,LICENSED_REHAB_CENTER,SUBSTANCE_CONSULTATION,3,Prescription Narcotics / Codeine / Alprazolam,19
HLT-2026-00859,22,Dharmapuri,2026-02-11 06:13:48,DISTRICT_HEADQUARTERS_HOSPITAL,TOXICOLOGY_SCREEN_AGGREGATE,3,Prescription Narcotics / Codeine / Alprazolam,3
HLT-2026-00860,9,Vellore,2026-01-29 11:56:28,LICENSED_REHAB_CENTER,TOXICOLOGY_SCREEN_AGGREGATE,2,Synthetic Stimulants / MDMA / Meth,12
HLT-2026-00861,29,Sivaganga,2026-05-18 06:43:51,GOVT_MEDICAL_COLLEGE_PSYCH,TOXICOLOGY_SCREEN_AGGREGATE,3,Prescription Narcotics / Codeine / Alprazolam,17
HLT-2026-00862,19,Cuddalore,2026-01-04 22:05:21,GOVT_MEDICAL_COLLEGE_PSYCH,SUBSTANCE_CONSULTATION,5,Opioid Analogues / Brown Sugar / Heroin,3
HLT-2026-00863,7,Erode,2026-07-13 22:46:42,GOVT_MEDICAL_COLLEGE_PSYCH,WITHDRAWAL_ADMISSION,2,Synthetic Stimulants / MDMA / Meth,13
HLT-2026-00864,24,Nilgiris,2025-03-29 20:52:09,GOVT_MEDICAL_COLLEGE_PSYCH,WITHDRAWAL_ADMISSION,2,Synthetic Stimulants / MDMA / Meth,21
HLT-2026-00865,17,Chengalpattu,2025-06-03 15:11:43,DISTRICT_HEADQUARTERS_HOSPITAL,SUBSTANCE_CONSULTATION,1,Commercial Ganja / Cannabis,17
HLT-2026-00866,28,Pudukkottai,2026-07-09 20:57:50,GOVT_MEDICAL_COLLEGE_PSYCH,WITHDRAWAL_ADMISSION,6,Unclassified / Suspicious Substance,11
HLT-2026-00867,16,Kancheepuram,2025-11-03 11:53:38,GOVT_MEDICAL_COLLEGE_PSYCH,SUBSTANCE_CONSULTATION,6,Unclassified / Suspicious Substance,5
HLT-2026-00868,38,Tiruvannamalai,2025-08-03 02:22:25,DISTRICT_HEADQUARTERS_HOSPITAL,TOXICOLOGY_SCREEN_AGGREGATE,1,Commercial Ganja / Cannabis,17
HLT-2026-00869,33,Thiruvarur,2025-09-26 02:09:59,DISTRICT_HEADQUARTERS_HOSPITAL,SUBSTANCE_CONSULTATION,5,Opioid Analogues / Brown Sugar / Heroin,14
HLT-2026-00870,23,Namakkal,2025-05-01 20:24:25,DISTRICT_HEADQUARTERS_HOSPITAL,SUBSTANCE_CONSULTATION,3,Prescription Narcotics / Codeine / Alprazolam,19
HLT-2026-00871,14,Kanniyakumari,2025-06-22 21:29:16,GOVT_MEDICAL_COLLEGE_PSYCH,WITHDRAWAL_ADMISSION,3,Prescription Narcotics / Codeine / Alprazolam,10
HLT-2026-00872,27,Perambalur,2025-12-03 14:27:06,GOVT_MEDICAL_COLLEGE_PSYCH,SUBSTANCE_CONSULTATION,5,Opioid Analogues / Brown Sugar / Heroin,17
HLT-2026-00873,2,Coimbatore,2024-11-17 18:57:47,DISTRICT_HEADQUARTERS_HOSPITAL,TOXICOLOGY_SCREEN_AGGREGATE,6,Unclassified / Suspicious Substance,5
HLT-2026-00874,11,Dindigul,2025-02-07 10:34:24,GOVT_MEDICAL_COLLEGE_PSYCH,TOXICOLOGY_SCREEN_AGGREGATE,1,Commercial Ganja / Cannabis,13
HLT-2026-00875,10,Krishnagiri,2025-12-29 07:40:36,GOVT_MEDICAL_COLLEGE_PSYCH,WITHDRAWAL_ADMISSION,3,Prescription Narcotics / Codeine / Alprazolam,4
HLT-2026-00876,19,Cuddalore,2026-03-23 18:29:23,LICENSED_REHAB_CENTER,WITHDRAWAL_ADMISSION,1,Commercial Ganja / Cannabis,17
HLT-2026-00877,34,Nagapattinam,2025-12-17 04:04:43,LICENSED_REHAB_CENTER,WITHDRAWAL_ADMISSION,2,Synthetic Stimulants / MDMA / Meth,20
HLT-2026-00878,19,Cuddalore,2024-10-14 13:49:24,LICENSED_REHAB_CENTER,TOXICOLOGY_SCREEN_AGGREGATE,2,Synthetic Stimulants / MDMA / Meth,4
HLT-2026-00879,26,Ariyalur,2024-10-11 07:53:59,DISTRICT_HEADQUARTERS_HOSPITAL,TOXICOLOGY_SCREEN_AGGREGATE,6,Unclassified / Suspicious Substance,18
HLT-2026-00880,17,Chengalpattu,2025-07-19 21:46:06,GOVT_MEDICAL_COLLEGE_PSYCH,SUBSTANCE_CONSULTATION,3,Prescription Narcotics / Codeine / Alprazolam,21
HLT-2026-00881,32,Theni,2024-10-06 00:39:54,LICENSED_REHAB_CENTER,WITHDRAWAL_ADMISSION,5,Opioid Analogues / Brown Sugar / Heroin,20
HLT-2026-00882,26,Ariyalur,2024-10-13 20:16:09,LICENSED_REHAB_CENTER,SUBSTANCE_CONSULTATION,1,Commercial Ganja / Cannabis,17
HLT-2026-00883,26,Ariyalur,2026-05-25 21:45:09,GOVT_MEDICAL_COLLEGE_PSYCH,SUBSTANCE_CONSULTATION,4,Chemical Precursors / Ephedrine,11
HLT-2026-00884,1,Chennai,2024-12-26 14:40:08,GOVT_MEDICAL_COLLEGE_PSYCH,SUBSTANCE_CONSULTATION,1,Commercial Ganja / Cannabis,20
HLT-2026-00885,34,Nagapattinam,2025-11-10 15:44:20,LICENSED_REHAB_CENTER,SUBSTANCE_CONSULTATION,2,Synthetic Stimulants / MDMA / Meth,18
HLT-2026-00886,16,Kancheepuram,2025-11-19 10:51:14,GOVT_MEDICAL_COLLEGE_PSYCH,SUBSTANCE_CONSULTATION,3,Prescription Narcotics / Codeine / Alprazolam,11
HLT-2026-00887,13,Thoothukudi,2025-12-12 02:00:30,LICENSED_REHAB_CENTER,WITHDRAWAL_ADMISSION,1,Commercial Ganja / Cannabis,13
HLT-2026-00888,18,Tiruvallur,2024-12-09 19:24:30,LICENSED_REHAB_CENTER,SUBSTANCE_CONSULTATION,6,Unclassified / Suspicious Substance,9
HLT-2026-00889,23,Namakkal,2024-12-13 00:22:06,GOVT_MEDICAL_COLLEGE_PSYCH,TOXICOLOGY_SCREEN_AGGREGATE,5,Opioid Analogues / Brown Sugar / Heroin,2
HLT-2026-00890,35,Mayiladuthurai,2025-05-05 13:27:03,GOVT_MEDICAL_COLLEGE_PSYCH,SUBSTANCE_CONSULTATION,2,Synthetic Stimulants / MDMA / Meth,3
HLT-2026-00891,18,Tiruvallur,2025-03-03 09:58:56,LICENSED_REHAB_CENTER,WITHDRAWAL_ADMISSION,6,Unclassified / Suspicious Substance,11
HLT-2026-00892,6,Tirunelveli,2024-10-03 22:23:45,LICENSED_REHAB_CENTER,WITHDRAWAL_ADMISSION,2,Synthetic Stimulants / MDMA / Meth,11
HLT-2026-00893,26,Ariyalur,2024-10-09 15:35:12,DISTRICT_HEADQUARTERS_HOSPITAL,WITHDRAWAL_ADMISSION,3,Prescription Narcotics / Codeine / Alprazolam,5
HLT-2026-00894,10,Krishnagiri,2026-08-04 04:13:51,LICENSED_REHAB_CENTER,SUBSTANCE_CONSULTATION,2,Synthetic Stimulants / MDMA / Meth,6
HLT-2026-00895,14,Kanniyakumari,2025-07-06 18:15:53,LICENSED_REHAB_CENTER,TOXICOLOGY_SCREEN_AGGREGATE,5,Opioid Analogues / Brown Sugar / Heroin,8
HLT-2026-00896,35,Mayiladuthurai,2025-06-07 16:07:13,GOVT_MEDICAL_COLLEGE_PSYCH,TOXICOLOGY_SCREEN_AGGREGATE,4,Chemical Precursors / Ephedrine,11
HLT-2026-00897,17,Chengalpattu,2026-03-24 10:18:23,DISTRICT_HEADQUARTERS_HOSPITAL,WITHDRAWAL_ADMISSION,6,Unclassified / Suspicious Substance,12
HLT-2026-00898,2,Coimbatore,2025-03-19 16:19:16,DISTRICT_HEADQUARTERS_HOSPITAL,SUBSTANCE_CONSULTATION,1,Commercial Ganja / Cannabis,10
HLT-2026-00899,21,Kallakurichi,2026-03-27 09:23:02,DISTRICT_HEADQUARTERS_HOSPITAL,WITHDRAWAL_ADMISSION,1,Commercial Ganja / Cannabis,22
HLT-2026-00900,13,Thoothukudi,2025-06-28 04:41:14,LICENSED_REHAB_CENTER,SUBSTANCE_CONSULTATION,5,Opioid Analogues / Brown Sugar / Heroin,21
HLT-2026-00901,1,Chennai,2025-12-11 18:39:28,DISTRICT_HEADQUARTERS_HOSPITAL,SUBSTANCE_CONSULTATION,1,Commercial Ganja / Cannabis,15
HLT-2026-00902,21,Kallakurichi,2025-09-13 21:52:19,DISTRICT_HEADQUARTERS_HOSPITAL,SUBSTANCE_CONSULTATION,3,Prescription Narcotics / Codeine / Alprazolam,8
HLT-2026-00903,28,Pudukkottai,2026-05-04 11:02:27,LICENSED_REHAB_CENTER,SUBSTANCE_CONSULTATION,4,Chemical Precursors / Ephedrine,5
HLT-2026-00904,30,Ramanathapuram,2025-11-11 14:29:15,DISTRICT_HEADQUARTERS_HOSPITAL,SUBSTANCE_CONSULTATION,5,Opioid Analogues / Brown Sugar / Heroin,8
HLT-2026-00905,31,Virudhunagar,2026-07-25 07:45:57,GOVT_MEDICAL_COLLEGE_PSYCH,SUBSTANCE_CONSULTATION,3,Prescription Narcotics / Codeine / Alprazolam,12
HLT-2026-00906,6,Tirunelveli,2025-04-25 14:03:32,GOVT_MEDICAL_COLLEGE_PSYCH,TOXICOLOGY_SCREEN_AGGREGATE,6,Unclassified / Suspicious Substance,9
HLT-2026-00907,29,Sivaganga,2026-07-26 09:27:19,DISTRICT_HEADQUARTERS_HOSPITAL,WITHDRAWAL_ADMISSION,5,Opioid Analogues / Brown Sugar / Heroin,5
HLT-2026-00908,8,Tiruppur,2024-10-20 11:24:32,DISTRICT_HEADQUARTERS_HOSPITAL,TOXICOLOGY_SCREEN_AGGREGATE,2,Synthetic Stimulants / MDMA / Meth,17
HLT-2026-00909,36,Ranipet,2026-08-11 14:57:15,DISTRICT_HEADQUARTERS_HOSPITAL,SUBSTANCE_CONSULTATION,3,Prescription Narcotics / Codeine / Alprazolam,13
HLT-2026-00910,17,Chengalpattu,2025-09-12 12:14:19,GOVT_MEDICAL_COLLEGE_PSYCH,TOXICOLOGY_SCREEN_AGGREGATE,5,Opioid Analogues / Brown Sugar / Heroin,11
HLT-2026-00911,17,Chengalpattu,2026-03-04 08:20:53,DISTRICT_HEADQUARTERS_HOSPITAL,WITHDRAWAL_ADMISSION,1,Commercial Ganja / Cannabis,6
HLT-2026-00912,28,Pudukkottai,2026-05-25 03:51:35,GOVT_MEDICAL_COLLEGE_PSYCH,WITHDRAWAL_ADMISSION,2,Synthetic Stimulants / MDMA / Meth,4
HLT-2026-00913,29,Sivaganga,2026-05-11 18:58:08,DISTRICT_HEADQUARTERS_HOSPITAL,SUBSTANCE_CONSULTATION,1,Commercial Ganja / Cannabis,17
HLT-2026-00914,8,Tiruppur,2024-12-14 10:09:14,GOVT_MEDICAL_COLLEGE_PSYCH,WITHDRAWAL_ADMISSION,4,Chemical Precursors / Ephedrine,22
HLT-2026-00915,22,Dharmapuri,2025-02-10 01:35:59,LICENSED_REHAB_CENTER,TOXICOLOGY_SCREEN_AGGREGATE,1,Commercial Ganja / Cannabis,7
HLT-2026-00916,22,Dharmapuri,2026-01-10 11:11:12,GOVT_MEDICAL_COLLEGE_PSYCH,SUBSTANCE_CONSULTATION,2,Synthetic Stimulants / MDMA / Meth,8
HLT-2026-00917,36,Ranipet,2025-07-13 14:36:13,LICENSED_REHAB_CENTER,TOXICOLOGY_SCREEN_AGGREGATE,5,Opioid Analogues / Brown Sugar / Heroin,4
HLT-2026-00918,15,Tenkasi,2025-01-30 12:31:32,GOVT_MEDICAL_COLLEGE_PSYCH,WITHDRAWAL_ADMISSION,5,Opioid Analogues / Brown Sugar / Heroin,17
HLT-2026-00919,6,Tirunelveli,2025-05-28 20:49:39,DISTRICT_HEADQUARTERS_HOSPITAL,WITHDRAWAL_ADMISSION,3,Prescription Narcotics / Codeine / Alprazolam,21
HLT-2026-00920,11,Dindigul,2025-01-12 11:30:56,DISTRICT_HEADQUARTERS_HOSPITAL,WITHDRAWAL_ADMISSION,1,Commercial Ganja / Cannabis,7
HLT-2026-00921,10,Krishnagiri,2025-02-04 16:59:23,LICENSED_REHAB_CENTER,SUBSTANCE_CONSULTATION,5,Opioid Analogues / Brown Sugar / Heroin,10
HLT-2026-00922,20,Viluppuram,2026-05-11 04:02:00,GOVT_MEDICAL_COLLEGE_PSYCH,WITHDRAWAL_ADMISSION,4,Chemical Precursors / Ephedrine,7
HLT-2026-00923,35,Mayiladuthurai,2024-10-04 00:33:49,GOVT_MEDICAL_COLLEGE_PSYCH,TOXICOLOGY_SCREEN_AGGREGATE,5,Opioid Analogues / Brown Sugar / Heroin,10
HLT-2026-00924,15,Tenkasi,2025-12-09 08:21:02,LICENSED_REHAB_CENTER,TOXICOLOGY_SCREEN_AGGREGATE,4,Chemical Precursors / Ephedrine,5
HLT-2026-00925,14,Kanniyakumari,2025-05-11 22:23:56,DISTRICT_HEADQUARTERS_HOSPITAL,WITHDRAWAL_ADMISSION,3,Prescription Narcotics / Codeine / Alprazolam,19
HLT-2026-00926,24,Nilgiris,2025-04-17 06:10:43,GOVT_MEDICAL_COLLEGE_PSYCH,TOXICOLOGY_SCREEN_AGGREGATE,6,Unclassified / Suspicious Substance,21
HLT-2026-00927,22,Dharmapuri,2026-03-27 03:06:11,DISTRICT_HEADQUARTERS_HOSPITAL,WITHDRAWAL_ADMISSION,2,Synthetic Stimulants / MDMA / Meth,14
HLT-2026-00928,14,Kanniyakumari,2026-04-07 01:25:23,GOVT_MEDICAL_COLLEGE_PSYCH,SUBSTANCE_CONSULTATION,4,Chemical Precursors / Ephedrine,10
HLT-2026-00929,31,Virudhunagar,2025-08-09 07:09:43,LICENSED_REHAB_CENTER,WITHDRAWAL_ADMISSION,2,Synthetic Stimulants / MDMA / Meth,18
HLT-2026-00930,38,Tiruvannamalai,2024-11-13 20:20:55,GOVT_MEDICAL_COLLEGE_PSYCH,WITHDRAWAL_ADMISSION,1,Commercial Ganja / Cannabis,13
HLT-2026-00931,24,Nilgiris,2024-12-22 06:18:38,LICENSED_REHAB_CENTER,TOXICOLOGY_SCREEN_AGGREGATE,1,Commercial Ganja / Cannabis,10
HLT-2026-00932,13,Thoothukudi,2026-07-21 07:29:41,LICENSED_REHAB_CENTER,SUBSTANCE_CONSULTATION,1,Commercial Ganja / Cannabis,3
HLT-2026-00933,12,Thanjavur,2024-10-25 22:24:22,GOVT_MEDICAL_COLLEGE_PSYCH,SUBSTANCE_CONSULTATION,2,Synthetic Stimulants / MDMA / Meth,18
HLT-2026-00934,38,Tiruvannamalai,2025-10-16 23:32:50,LICENSED_REHAB_CENTER,WITHDRAWAL_ADMISSION,4,Chemical Precursors / Ephedrine,3
HLT-2026-00935,2,Coimbatore,2025-05-02 03:40:25,DISTRICT_HEADQUARTERS_HOSPITAL,SUBSTANCE_CONSULTATION,5,Opioid Analogues / Brown Sugar / Heroin,15
HLT-2026-00936,13,Thoothukudi,2026-04-05 22:40:04,DISTRICT_HEADQUARTERS_HOSPITAL,SUBSTANCE_CONSULTATION,6,Unclassified / Suspicious Substance,9
HLT-2026-00937,12,Thanjavur,2024-11-29 12:22:43,LICENSED_REHAB_CENTER,SUBSTANCE_CONSULTATION,2,Synthetic Stimulants / MDMA / Meth,14
HLT-2026-00938,18,Tiruvallur,2025-12-14 01:16:45,DISTRICT_HEADQUARTERS_HOSPITAL,WITHDRAWAL_ADMISSION,2,Synthetic Stimulants / MDMA / Meth,19
HLT-2026-00939,6,Tirunelveli,2025-11-01 18:02:06,DISTRICT_HEADQUARTERS_HOSPITAL,WITHDRAWAL_ADMISSION,4,Chemical Precursors / Ephedrine,7
HLT-2026-00940,13,Thoothukudi,2025-01-07 08:44:17,LICENSED_REHAB_CENTER,TOXICOLOGY_SCREEN_AGGREGATE,3,Prescription Narcotics / Codeine / Alprazolam,21
HLT-2026-00941,24,Nilgiris,2025-04-04 11:07:30,LICENSED_REHAB_CENTER,SUBSTANCE_CONSULTATION,3,Prescription Narcotics / Codeine / Alprazolam,10
HLT-2026-00942,19,Cuddalore,2026-07-28 13:11:55,DISTRICT_HEADQUARTERS_HOSPITAL,WITHDRAWAL_ADMISSION,2,Synthetic Stimulants / MDMA / Meth,2
HLT-2026-00943,4,Salem,2024-10-03 07:03:45,LICENSED_REHAB_CENTER,SUBSTANCE_CONSULTATION,3,Prescription Narcotics / Codeine / Alprazolam,17
HLT-2026-00944,34,Nagapattinam,2025-11-08 18:32:36,GOVT_MEDICAL_COLLEGE_PSYCH,TOXICOLOGY_SCREEN_AGGREGATE,1,Commercial Ganja / Cannabis,15
HLT-2026-00945,27,Perambalur,2026-07-10 11:23:13,GOVT_MEDICAL_COLLEGE_PSYCH,SUBSTANCE_CONSULTATION,4,Chemical Precursors / Ephedrine,21
HLT-2026-00946,6,Tirunelveli,2025-12-09 23:37:51,LICENSED_REHAB_CENTER,TOXICOLOGY_SCREEN_AGGREGATE,3,Prescription Narcotics / Codeine / Alprazolam,4
HLT-2026-00947,9,Vellore,2026-03-16 23:27:33,DISTRICT_HEADQUARTERS_HOSPITAL,WITHDRAWAL_ADMISSION,6,Unclassified / Suspicious Substance,21
HLT-2026-00948,33,Thiruvarur,2025-04-01 00:40:31,GOVT_MEDICAL_COLLEGE_PSYCH,TOXICOLOGY_SCREEN_AGGREGATE,3,Prescription Narcotics / Codeine / Alprazolam,21
HLT-2026-00949,20,Viluppuram,2025-10-03 17:14:27,GOVT_MEDICAL_COLLEGE_PSYCH,SUBSTANCE_CONSULTATION,3,Prescription Narcotics / Codeine / Alprazolam,3
HLT-2026-00950,4,Salem,2025-09-15 16:29:48,LICENSED_REHAB_CENTER,TOXICOLOGY_SCREEN_AGGREGATE,1,Commercial Ganja / Cannabis,12
HLT-2026-00951,24,Nilgiris,2026-07-19 06:01:40,GOVT_MEDICAL_COLLEGE_PSYCH,WITHDRAWAL_ADMISSION,6,Unclassified / Suspicious Substance,5
HLT-2026-00952,25,Karur,2026-02-17 11:43:40,DISTRICT_HEADQUARTERS_HOSPITAL,TOXICOLOGY_SCREEN_AGGREGATE,4,Chemical Precursors / Ephedrine,17
HLT-2026-00953,13,Thoothukudi,2026-01-31 16:23:59,GOVT_MEDICAL_COLLEGE_PSYCH,SUBSTANCE_CONSULTATION,5,Opioid Analogues / Brown Sugar / Heroin,7
HLT-2026-00954,21,Kallakurichi,2026-04-23 00:01:42,GOVT_MEDICAL_COLLEGE_PSYCH,WITHDRAWAL_ADMISSION,3,Prescription Narcotics / Codeine / Alprazolam,21
HLT-2026-00955,13,Thoothukudi,2025-03-17 14:33:48,LICENSED_REHAB_CENTER,TOXICOLOGY_SCREEN_AGGREGATE,4,Chemical Precursors / Ephedrine,9
HLT-2026-00956,33,Thiruvarur,2026-02-17 08:49:33,DISTRICT_HEADQUARTERS_HOSPITAL,SUBSTANCE_CONSULTATION,6,Unclassified / Suspicious Substance,20
HLT-2026-00957,17,Chengalpattu,2026-08-18 07:34:37,DISTRICT_HEADQUARTERS_HOSPITAL,WITHDRAWAL_ADMISSION,4,Chemical Precursors / Ephedrine,7
HLT-2026-00958,9,Vellore,2025-08-21 02:51:48,DISTRICT_HEADQUARTERS_HOSPITAL,TOXICOLOGY_SCREEN_AGGREGATE,5,Opioid Analogues / Brown Sugar / Heroin,22
HLT-2026-00959,13,Thoothukudi,2026-01-30 20:26:36,GOVT_MEDICAL_COLLEGE_PSYCH,WITHDRAWAL_ADMISSION,5,Opioid Analogues / Brown Sugar / Heroin,21
HLT-2026-00960,6,Tirunelveli,2026-02-21 04:41:52,DISTRICT_HEADQUARTERS_HOSPITAL,TOXICOLOGY_SCREEN_AGGREGATE,1,Commercial Ganja / Cannabis,11
HLT-2026-00961,19,Cuddalore,2025-07-10 05:45:42,LICENSED_REHAB_CENTER,TOXICOLOGY_SCREEN_AGGREGATE,2,Synthetic Stimulants / MDMA / Meth,22
HLT-2026-00962,21,Kallakurichi,2025-12-26 04:51:10,GOVT_MEDICAL_COLLEGE_PSYCH,SUBSTANCE_CONSULTATION,2,Synthetic Stimulants / MDMA / Meth,13
HLT-2026-00963,22,Dharmapuri,2024-10-11 18:42:10,GOVT_MEDICAL_COLLEGE_PSYCH,WITHDRAWAL_ADMISSION,3,Prescription Narcotics / Codeine / Alprazolam,16
HLT-2026-00964,24,Nilgiris,2025-06-14 14:26:38,GOVT_MEDICAL_COLLEGE_PSYCH,SUBSTANCE_CONSULTATION,4,Chemical Precursors / Ephedrine,3
HLT-2026-00965,3,Madurai,2026-06-02 03:37:30,LICENSED_REHAB_CENTER,WITHDRAWAL_ADMISSION,3,Prescription Narcotics / Codeine / Alprazolam,18
HLT-2026-00966,14,Kanniyakumari,2026-02-09 17:09:03,DISTRICT_HEADQUARTERS_HOSPITAL,WITHDRAWAL_ADMISSION,6,Unclassified / Suspicious Substance,20
HLT-2026-00967,37,Tirupathur,2025-05-29 08:29:20,DISTRICT_HEADQUARTERS_HOSPITAL,WITHDRAWAL_ADMISSION,5,Opioid Analogues / Brown Sugar / Heroin,13
HLT-2026-00968,27,Perambalur,2024-09-27 16:37:15,LICENSED_REHAB_CENTER,TOXICOLOGY_SCREEN_AGGREGATE,1,Commercial Ganja / Cannabis,13
HLT-2026-00969,13,Thoothukudi,2025-07-28 02:22:31,DISTRICT_HEADQUARTERS_HOSPITAL,WITHDRAWAL_ADMISSION,1,Commercial Ganja / Cannabis,19
HLT-2026-00970,11,Dindigul,2026-02-16 22:18:36,DISTRICT_HEADQUARTERS_HOSPITAL,TOXICOLOGY_SCREEN_AGGREGATE,1,Commercial Ganja / Cannabis,19
HLT-2026-00971,35,Mayiladuthurai,2025-09-01 21:27:32,GOVT_MEDICAL_COLLEGE_PSYCH,TOXICOLOGY_SCREEN_AGGREGATE,6,Unclassified / Suspicious Substance,22
HLT-2026-00972,35,Mayiladuthurai,2026-04-22 11:43:58,LICENSED_REHAB_CENTER,SUBSTANCE_CONSULTATION,2,Synthetic Stimulants / MDMA / Meth,5
HLT-2026-00973,26,Ariyalur,2024-09-19 18:34:49,LICENSED_REHAB_CENTER,TOXICOLOGY_SCREEN_AGGREGATE,2,Synthetic Stimulants / MDMA / Meth,2
HLT-2026-00974,1,Chennai,2026-02-16 01:38:07,DISTRICT_HEADQUARTERS_HOSPITAL,SUBSTANCE_CONSULTATION,1,Commercial Ganja / Cannabis,7
HLT-2026-00975,32,Theni,2025-11-20 06:05:12,DISTRICT_HEADQUARTERS_HOSPITAL,SUBSTANCE_CONSULTATION,4,Chemical Precursors / Ephedrine,15
HLT-2026-00976,25,Karur,2025-11-25 19:50:39,LICENSED_REHAB_CENTER,SUBSTANCE_CONSULTATION,2,Synthetic Stimulants / MDMA / Meth,9
HLT-2026-00977,21,Kallakurichi,2025-06-29 11:06:27,GOVT_MEDICAL_COLLEGE_PSYCH,TOXICOLOGY_SCREEN_AGGREGATE,2,Synthetic Stimulants / MDMA / Meth,3
HLT-2026-00978,34,Nagapattinam,2026-05-10 05:33:50,DISTRICT_HEADQUARTERS_HOSPITAL,TOXICOLOGY_SCREEN_AGGREGATE,5,Opioid Analogues / Brown Sugar / Heroin,14
HLT-2026-00979,26,Ariyalur,2025-09-16 13:41:41,LICENSED_REHAB_CENTER,SUBSTANCE_CONSULTATION,3,Prescription Narcotics / Codeine / Alprazolam,15
HLT-2026-00980,8,Tiruppur,2026-05-22 23:41:56,DISTRICT_HEADQUARTERS_HOSPITAL,WITHDRAWAL_ADMISSION,2,Synthetic Stimulants / MDMA / Meth,18
HLT-2026-00981,31,Virudhunagar,2026-03-30 04:34:11,DISTRICT_HEADQUARTERS_HOSPITAL,WITHDRAWAL_ADMISSION,5,Opioid Analogues / Brown Sugar / Heroin,14
HLT-2026-00982,38,Tiruvannamalai,2025-08-26 03:57:07,DISTRICT_HEADQUARTERS_HOSPITAL,SUBSTANCE_CONSULTATION,5,Opioid Analogues / Brown Sugar / Heroin,17
HLT-2026-00983,1,Chennai,2025-11-30 20:55:03,DISTRICT_HEADQUARTERS_HOSPITAL,SUBSTANCE_CONSULTATION,4,Chemical Precursors / Ephedrine,16
HLT-2026-00984,11,Dindigul,2024-12-22 20:44:43,LICENSED_REHAB_CENTER,TOXICOLOGY_SCREEN_AGGREGATE,1,Commercial Ganja / Cannabis,14
HLT-2026-00985,33,Thiruvarur,2026-04-10 08:07:52,LICENSED_REHAB_CENTER,WITHDRAWAL_ADMISSION,5,Opioid Analogues / Brown Sugar / Heroin,13
HLT-2026-00986,21,Kallakurichi,2025-12-25 00:39:23,DISTRICT_HEADQUARTERS_HOSPITAL,TOXICOLOGY_SCREEN_AGGREGATE,4,Chemical Precursors / Ephedrine,8
HLT-2026-00987,32,Theni,2026-03-10 09:11:01,LICENSED_REHAB_CENTER,TOXICOLOGY_SCREEN_AGGREGATE,2,Synthetic Stimulants / MDMA / Meth,20
HLT-2026-00988,36,Ranipet,2026-04-17 10:31:46,LICENSED_REHAB_CENTER,TOXICOLOGY_SCREEN_AGGREGATE,5,Opioid Analogues / Brown Sugar / Heroin,15
HLT-2026-00989,14,Kanniyakumari,2025-05-04 17:44:03,DISTRICT_HEADQUARTERS_HOSPITAL,TOXICOLOGY_SCREEN_AGGREGATE,5,Opioid Analogues / Brown Sugar / Heroin,4
HLT-2026-00990,13,Thoothukudi,2025-01-03 07:53:58,LICENSED_REHAB_CENTER,SUBSTANCE_CONSULTATION,3,Prescription Narcotics / Codeine / Alprazolam,7
HLT-2026-00991,2,Coimbatore,2025-06-05 16:53:28,LICENSED_REHAB_CENTER,WITHDRAWAL_ADMISSION,2,Synthetic Stimulants / MDMA / Meth,11
HLT-2026-00992,15,Tenkasi,2025-08-28 10:53:34,DISTRICT_HEADQUARTERS_HOSPITAL,WITHDRAWAL_ADMISSION,6,Unclassified / Suspicious Substance,17
HLT-2026-00993,9,Vellore,2025-08-26 02:02:05,LICENSED_REHAB_CENTER,TOXICOLOGY_SCREEN_AGGREGATE,5,Opioid Analogues / Brown Sugar / Heroin,18
HLT-2026-00994,12,Thanjavur,2026-06-18 13:14:02,GOVT_MEDICAL_COLLEGE_PSYCH,WITHDRAWAL_ADMISSION,2,Synthetic Stimulants / MDMA / Meth,6
HLT-2026-00995,30,Ramanathapuram,2025-06-26 23:29:20,DISTRICT_HEADQUARTERS_HOSPITAL,SUBSTANCE_CONSULTATION,6,Unclassified / Suspicious Substance,14
HLT-2026-00996,35,Mayiladuthurai,2025-05-02 11:10:35,GOVT_MEDICAL_COLLEGE_PSYCH,WITHDRAWAL_ADMISSION,1,Commercial Ganja / Cannabis,17
HLT-2026-00997,17,Chengalpattu,2026-05-23 03:31:38,GOVT_MEDICAL_COLLEGE_PSYCH,TOXICOLOGY_SCREEN_AGGREGATE,2,Synthetic Stimulants / MDMA / Meth,20
HLT-2026-00998,19,Cuddalore,2025-05-16 00:16:20,GOVT_MEDICAL_COLLEGE_PSYCH,WITHDRAWAL_ADMISSION,4,Chemical Precursors / Ephedrine,6
HLT-2026-00999,2,Coimbatore,2026-07-15 09:33:01,GOVT_MEDICAL_COLLEGE_PSYCH,WITHDRAWAL_ADMISSION,2,Synthetic Stimulants / MDMA / Meth,7
HLT-2026-01000,19,Cuddalore,2024-09-28 14:44:50,LICENSED_REHAB_CENTER,SUBSTANCE_CONSULTATION,6,Unclassified / Suspicious Substance,18