snapshot_id,district_id,district_name,snapshot_timestamp,risk_indicator,velocity_ratio,confidence_score,coverage_status,trend_classification
RZ-HIST-00001,15,Tenkasi,2026-05-16 03:47:00,WATCH,2.3,68,LIMITED,BASELINE_STABLE
RZ-HIST-00002,28,Pudukkottai,2026-03-14 09:00:16,LOW,0.8,61,MODERATE,LIMITED_COVERAGE_GAP
RZ-HIST-00003,17,Chengalpattu,2025-02-27 17:33:04,INCREASING,2.1,78,GOOD,RAPID_ACCELERATION
RZ-HIST-00004,21,Kallakurichi,2025-05-29 04:01:10,LOW,0.6,58,LIMITED,LIMITED_COVERAGE_GAP
RZ-HIST-00005,9,Vellore,2024-11-04 00:51:14,INCREASING,2.2,76,GOOD,BASELINE_STABLE
RZ-HIST-00006,28,Pudukkottai,2025-08-06 17:16:38,LOW,0.8,61,MODERATE,RAPID_ACCELERATION
RZ-HIST-00007,29,Sivaganga,2025-02-07 15:47:32,LOW,0.6,59,LIMITED,DECELERATING
RZ-HIST-00008,23,Namakkal,2024-11-21 07:49:35,WATCH,0.9,68,MODERATE,LIMITED_COVERAGE_GAP
RZ-HIST-00009,33,Thiruvarur,2025-11-24 21:10:46,LOW,0.5,56,LIMITED,LIMITED_COVERAGE_GAP
RZ-HIST-00010,11,Dindigul,2025-11-12 07:40:59,WATCH,0.9,68,MODERATE,RAPID_ACCELERATION
RZ-HIST-00011,30,Ramanathapuram,2026-02-05 19:57:30,WATCH,1.5,71,MODERATE,LIMITED_COVERAGE_GAP
RZ-HIST-00012,34,Nagapattinam,2026-02-19 20:52:29,WATCH,1.2,68,MODERATE,DECELERATING
RZ-HIST-00013,19,Cuddalore,2025-04-15 17:23:47,LOW,0.8,62,MODERATE,DECELERATING
RZ-HIST-00014,21,Kallakurichi,2025-04-10 23:32:04,LOW,0.6,58,LIMITED,RAPID_ACCELERATION
RZ-HIST-00015,5,Tiruchirappalli,2025-08-18 06:12:21,WATCH,1.1,74,GOOD,RAPID_ACCELERATION
RZ-HIST-00016,12,Thanjavur,2026-07-24 12:11:11,LOW,0.7,64,MODERATE,BASELINE_STABLE
RZ-HIST-00017,8,Tiruppur,2025-05-09 20:28:07,INCREASING,2.8,80,GOOD,DECELERATING
RZ-HIST-00018,28,Pudukkottai,2025-02-21 21:06:25,LOW,0.8,61,MODERATE,DECELERATING
RZ-HIST-00019,35,Mayiladuthurai,2024-12-04 04:45:51,LOW,0.6,58,LIMITED,RAPID_ACCELERATION
RZ-HIST-00020,3,Madurai,2025-06-04 17:34:56,INCREASING,2.1,78,GOOD,RAPID_ACCELERATION
RZ-HIST-00021,25,Karur,2025-09-14 04:20:48,LOW,0.7,60,MODERATE,LIMITED_COVERAGE_GAP
RZ-HIST-00022,38,Tiruvannamalai,2025-03-23 18:30:47,WATCH,1.1,70,GOOD,LIMITED_COVERAGE_GAP
RZ-HIST-00023,11,Dindigul,2025-01-20 08:26:49,WATCH,0.9,68,MODERATE,BASELINE_STABLE
RZ-HIST-00024,6,Tirunelveli,2026-05-16 05:42:38,WATCH,1,72,MODERATE,DECELERATING
RZ-HIST-00025,10,Krishnagiri,2025-07-20 07:29:15,HIGH PREVENTIVE ATTENTION,4.8,85,GOOD,LIMITED_COVERAGE_GAP
RZ-HIST-00026,37,Tirupathur,2025-06-01 11:33:09,WATCH,1.2,67,MODERATE,BASELINE_STABLE
RZ-HIST-00027,14,Kanniyakumari,2025-01-04 06:44:54,WATCH,1.1,70,MODERATE,BASELINE_STABLE
RZ-HIST-00028,21,Kallakurichi,2025-05-25 22:52:15,LOW,0.6,58,LIMITED,DECELERATING
RZ-HIST-00029,10,Krishnagiri,2025-06-02 09:27:38,HIGH PREVENTIVE ATTENTION,4.8,85,GOOD,RAPID_ACCELERATION
RZ-HIST-00030,10,Krishnagiri,2026-06-05 09:01:17,HIGH PREVENTIVE ATTENTION,4.8,85,GOOD,DECELERATING
RZ-HIST-00031,29,Sivaganga,2026-06-25 11:42:43,LOW,0.6,59,LIMITED,BASELINE_STABLE
RZ-HIST-00032,11,Dindigul,2026-07-02 02:38:54,WATCH,0.9,68,MODERATE,LIMITED_COVERAGE_GAP
RZ-HIST-00033,16,Kancheepuram,2026-02-22 08:23:15,WATCH,1,72,GOOD,LIMITED_COVERAGE_GAP
RZ-HIST-00034,20,Viluppuram,2024-12-10 16:15:07,WATCH,1,65,MODERATE,RAPID_ACCELERATION
RZ-HIST-00035,28,Pudukkottai,2025-09-19 10:29:32,LOW,0.8,61,MODERATE,BASELINE_STABLE
RZ-HIST-00036,25,Karur,2025-12-11 21:45:42,LOW,0.7,60,MODERATE,RAPID_ACCELERATION
RZ-HIST-00037,3,Madurai,2026-08-19 09:04:30,INCREASING,2.1,78,GOOD,RAPID_ACCELERATION
RZ-HIST-00038,14,Kanniyakumari,2026-01-16 07:17:51,WATCH,1.1,70,MODERATE,BASELINE_STABLE
RZ-HIST-00039,31,Virudhunagar,2025-08-24 20:50:52,WATCH,1,69,MODERATE,LIMITED_COVERAGE_GAP
RZ-HIST-00040,9,Vellore,2025-12-09 23:28:20,INCREASING,2.2,76,GOOD,BASELINE_STABLE
RZ-HIST-00041,26,Ariyalur,2025-08-20 09:08:39,INSUFFICIENT_DATA,0.3,42,LIMITED,LIMITED_COVERAGE_GAP
RZ-HIST-00042,37,Tirupathur,2025-02-15 09:25:27,WATCH,1.2,67,MODERATE,BASELINE_STABLE
RZ-HIST-00043,3,Madurai,2026-05-25 06:00:16,INCREASING,2.1,78,GOOD,LIMITED_COVERAGE_GAP
RZ-HIST-00044,4,Salem,2025-01-17 01:37:58,INCREASING,2.4,82,GOOD,DECELERATING
RZ-HIST-00045,25,Karur,2025-09-17 14:07:01,LOW,0.7,60,MODERATE,DECELERATING
RZ-HIST-00046,5,Tiruchirappalli,2025-05-05 14:30:16,WATCH,1.1,74,GOOD,DECELERATING
RZ-HIST-00047,29,Sivaganga,2026-06-04 14:11:29,LOW,0.6,59,LIMITED,RAPID_ACCELERATION
RZ-HIST-00048,15,Tenkasi,2025-05-23 21:19:41,WATCH,2.3,68,LIMITED,BASELINE_STABLE
RZ-HIST-00049,10,Krishnagiri,2025-12-04 16:00:37,HIGH PREVENTIVE ATTENTION,4.8,85,GOOD,RAPID_ACCELERATION
RZ-HIST-00050,2,Coimbatore,2026-01-06 20:45:07,HIGH PREVENTIVE ATTENTION,6,88,GOOD,DECELERATING
RZ-HIST-00051,25,Karur,2024-10-17 17:16:52,LOW,0.7,60,MODERATE,LIMITED_COVERAGE_GAP
RZ-HIST-00052,8,Tiruppur,2026-06-18 05:14:02,INCREASING,2.8,80,GOOD,BASELINE_STABLE
RZ-HIST-00053,28,Pudukkottai,2025-02-01 17:57:08,LOW,0.8,61,MODERATE,RAPID_ACCELERATION
RZ-HIST-00054,38,Tiruvannamalai,2025-06-17 04:28:54,WATCH,1.1,70,GOOD,BASELINE_STABLE
RZ-HIST-00055,2,Coimbatore,2025-10-16 02:22:58,HIGH PREVENTIVE ATTENTION,6,88,GOOD,RAPID_ACCELERATION
RZ-HIST-00056,25,Karur,2025-05-07 12:12:01,LOW,0.7,60,MODERATE,DECELERATING
RZ-HIST-00057,12,Thanjavur,2025-05-06 18:27:26,LOW,0.7,64,MODERATE,BASELINE_STABLE
RZ-HIST-00058,25,Karur,2025-01-12 20:11:42,LOW,0.7,60,MODERATE,RAPID_ACCELERATION
RZ-HIST-00059,34,Nagapattinam,2025-06-24 08:32:58,WATCH,1.2,68,MODERATE,RAPID_ACCELERATION
RZ-HIST-00060,1,Chennai,2024-10-07 14:11:54,HIGH PREVENTIVE ATTENTION,3.5,84,GOOD,RAPID_ACCELERATION
RZ-HIST-00061,12,Thanjavur,2026-06-05 15:09:25,LOW,0.7,64,MODERATE,RAPID_ACCELERATION
RZ-HIST-00062,18,Tiruvallur,2025-10-26 00:31:51,INCREASING,2.3,80,GOOD,BASELINE_STABLE
RZ-HIST-00063,30,Ramanathapuram,2025-02-25 08:44:02,WATCH,1.5,71,MODERATE,RAPID_ACCELERATION
RZ-HIST-00064,2,Coimbatore,2026-04-06 22:11:40,HIGH PREVENTIVE ATTENTION,6,88,GOOD,BASELINE_STABLE
RZ-HIST-00065,1,Chennai,2025-08-30 22:37:27,HIGH PREVENTIVE ATTENTION,3.5,84,GOOD,LIMITED_COVERAGE_GAP
RZ-HIST-00066,12,Thanjavur,2026-06-26 06:46:43,LOW,0.7,64,MODERATE,RAPID_ACCELERATION
RZ-HIST-00067,21,Kallakurichi,2025-09-03 13:15:07,LOW,0.6,58,LIMITED,RAPID_ACCELERATION
RZ-HIST-00068,9,Vellore,2025-10-28 16:44:04,INCREASING,2.2,76,GOOD,LIMITED_COVERAGE_GAP
RZ-HIST-00069,14,Kanniyakumari,2025-07-30 18:52:07,WATCH,1.1,70,MODERATE,BASELINE_STABLE
RZ-HIST-00070,22,Dharmapuri,2024-12-01 12:48:24,WATCH,1.4,66,MODERATE,LIMITED_COVERAGE_GAP
RZ-HIST-00071,26,Ariyalur,2026-07-03 10:01:07,INSUFFICIENT_DATA,0.3,42,LIMITED,DECELERATING
RZ-HIST-00072,25,Karur,2024-11-16 07:05:05,LOW,0.7,60,MODERATE,RAPID_ACCELERATION
RZ-HIST-00073,23,Namakkal,2025-03-08 14:21:39,WATCH,0.9,68,MODERATE,RAPID_ACCELERATION
RZ-HIST-00074,18,Tiruvallur,2025-08-14 18:13:04,INCREASING,2.3,80,GOOD,DECELERATING
RZ-HIST-00075,38,Tiruvannamalai,2026-08-18 09:00:20,WATCH,1.1,70,GOOD,BASELINE_STABLE
RZ-HIST-00076,2,Coimbatore,2025-02-23 23:17:18,HIGH PREVENTIVE ATTENTION,6,88,GOOD,RAPID_ACCELERATION
RZ-HIST-00077,36,Ranipet,2025-03-29 02:53:57,WATCH,1.6,72,GOOD,BASELINE_STABLE
RZ-HIST-00078,14,Kanniyakumari,2026-08-05 12:52:33,WATCH,1.1,70,MODERATE,BASELINE_STABLE
RZ-HIST-00079,33,Thiruvarur,2024-12-16 21:07:33,LOW,0.5,56,LIMITED,DECELERATING
RZ-HIST-00080,37,Tirupathur,2026-02-09 05:04:26,WATCH,1.2,67,MODERATE,BASELINE_STABLE
RZ-HIST-00081,15,Tenkasi,2025-07-27 14:09:01,WATCH,2.3,68,LIMITED,LIMITED_COVERAGE_GAP
RZ-HIST-00082,7,Erode,2025-06-28 14:11:12,WATCH,1.2,75,GOOD,DECELERATING
RZ-HIST-00083,5,Tiruchirappalli,2025-02-11 10:13:53,WATCH,1.1,74,GOOD,RAPID_ACCELERATION
RZ-HIST-00084,2,Coimbatore,2024-10-20 11:23:52,HIGH PREVENTIVE ATTENTION,6,88,GOOD,BASELINE_STABLE
RZ-HIST-00085,11,Dindigul,2026-01-09 19:10:06,WATCH,0.9,68,MODERATE,LIMITED_COVERAGE_GAP
RZ-HIST-00086,23,Namakkal,2026-01-28 15:29:16,WATCH,0.9,68,MODERATE,RAPID_ACCELERATION
RZ-HIST-00087,1,Chennai,2025-11-24 03:29:01,HIGH PREVENTIVE ATTENTION,3.5,84,GOOD,BASELINE_STABLE
RZ-HIST-00088,37,Tirupathur,2025-12-03 18:40:52,WATCH,1.2,67,MODERATE,BASELINE_STABLE
RZ-HIST-00089,2,Coimbatore,2026-02-02 23:47:35,HIGH PREVENTIVE ATTENTION,6,88,GOOD,LIMITED_COVERAGE_GAP
RZ-HIST-00090,5,Tiruchirappalli,2024-10-05 12:33:35,WATCH,1.1,74,GOOD,RAPID_ACCELERATION
RZ-HIST-00091,19,Cuddalore,2026-08-06 13:31:30,LOW,0.8,62,MODERATE,DECELERATING
RZ-HIST-00092,14,Kanniyakumari,2025-06-17 02:46:11,WATCH,1.1,70,MODERATE,BASELINE_STABLE
RZ-HIST-00093,19,Cuddalore,2025-09-01 15:41:13,LOW,0.8,62,MODERATE,LIMITED_COVERAGE_GAP
RZ-HIST-00094,30,Ramanathapuram,2025-02-25 01:11:14,WATCH,1.5,71,MODERATE,LIMITED_COVERAGE_GAP
RZ-HIST-00095,27,Perambalur,2026-08-05 23:45:32,INSUFFICIENT_DATA,0.4,44,LIMITED,DECELERATING
RZ-HIST-00096,7,Erode,2026-06-14 07:45:40,WATCH,1.2,75,GOOD,BASELINE_STABLE
RZ-HIST-00097,34,Nagapattinam,2026-06-04 09:16:48,WATCH,1.2,68,MODERATE,BASELINE_STABLE
RZ-HIST-00098,35,Mayiladuthurai,2026-01-14 18:12:45,LOW,0.6,58,LIMITED,BASELINE_STABLE
RZ-HIST-00099,16,Kancheepuram,2024-09-25 01:49:59,WATCH,1,72,GOOD,BASELINE_STABLE
RZ-HIST-00100,26,Ariyalur,2025-12-28 04:06:45,INSUFFICIENT_DATA,0.3,42,LIMITED,RAPID_ACCELERATION
RZ-HIST-00101,1,Chennai,2025-05-01 12:50:22,HIGH PREVENTIVE ATTENTION,3.5,84,GOOD,BASELINE_STABLE
RZ-HIST-00102,1,Chennai,2025-02-04 22:51:53,HIGH PREVENTIVE ATTENTION,3.5,84,GOOD,DECELERATING
RZ-HIST-00103,16,Kancheepuram,2026-06-11 03:09:21,WATCH,1,72,GOOD,LIMITED_COVERAGE_GAP
RZ-HIST-00104,24,Nilgiris,2025-03-23 05:28:53,WATCH,1.8,74,MODERATE,LIMITED_COVERAGE_GAP
RZ-HIST-00105,26,Ariyalur,2024-11-27 15:39:17,INSUFFICIENT_DATA,0.3,42,LIMITED,RAPID_ACCELERATION
RZ-HIST-00106,22,Dharmapuri,2024-10-20 19:03:10,WATCH,1.4,66,MODERATE,RAPID_ACCELERATION
RZ-HIST-00107,8,Tiruppur,2025-01-23 14:38:08,INCREASING,2.8,80,GOOD,RAPID_ACCELERATION
RZ-HIST-00108,35,Mayiladuthurai,2025-08-23 08:50:38,LOW,0.6,58,LIMITED,RAPID_ACCELERATION
RZ-HIST-00109,26,Ariyalur,2025-08-18 12:19:09,INSUFFICIENT_DATA,0.3,42,LIMITED,RAPID_ACCELERATION
RZ-HIST-00110,13,Thoothukudi,2025-07-14 11:44:54,INCREASING,2.5,86,GOOD,RAPID_ACCELERATION
RZ-HIST-00111,8,Tiruppur,2026-03-10 01:35:44,INCREASING,2.8,80,GOOD,DECELERATING
RZ-HIST-00112,17,Chengalpattu,2024-11-03 12:22:40,INCREASING,2.1,78,GOOD,LIMITED_COVERAGE_GAP
RZ-HIST-00113,23,Namakkal,2025-06-02 03:44:33,WATCH,0.9,68,MODERATE,RAPID_ACCELERATION
RZ-HIST-00114,21,Kallakurichi,2026-07-18 02:15:52,LOW,0.6,58,LIMITED,DECELERATING
RZ-HIST-00115,20,Viluppuram,2026-03-08 00:13:23,WATCH,1,65,MODERATE,LIMITED_COVERAGE_GAP
RZ-HIST-00116,33,Thiruvarur,2026-03-22 04:39:51,LOW,0.5,56,LIMITED,LIMITED_COVERAGE_GAP
RZ-HIST-00117,23,Namakkal,2025-03-05 20:23:38,WATCH,0.9,68,MODERATE,BASELINE_STABLE
RZ-HIST-00118,14,Kanniyakumari,2025-10-12 08:40:15,WATCH,1.1,70,MODERATE,DECELERATING
RZ-HIST-00119,26,Ariyalur,2025-07-20 11:45:15,INSUFFICIENT_DATA,0.3,42,LIMITED,BASELINE_STABLE
RZ-HIST-00120,9,Vellore,2024-09-22 12:20:33,INCREASING,2.2,76,GOOD,BASELINE_STABLE
RZ-HIST-00121,29,Sivaganga,2026-06-13 03:24:43,LOW,0.6,59,LIMITED,DECELERATING
RZ-HIST-00122,26,Ariyalur,2026-08-02 09:55:45,INSUFFICIENT_DATA,0.3,42,LIMITED,LIMITED_COVERAGE_GAP
RZ-HIST-00123,15,Tenkasi,2025-04-21 17:56:26,WATCH,2.3,68,LIMITED,RAPID_ACCELERATION
RZ-HIST-00124,10,Krishnagiri,2025-08-14 14:52:50,HIGH PREVENTIVE ATTENTION,4.8,85,GOOD,LIMITED_COVERAGE_GAP
RZ-HIST-00125,29,Sivaganga,2025-09-10 21:41:09,LOW,0.6,59,LIMITED,DECELERATING
RZ-HIST-00126,6,Tirunelveli,2024-10-24 17:57:33,WATCH,1,72,MODERATE,LIMITED_COVERAGE_GAP
RZ-HIST-00127,16,Kancheepuram,2025-03-08 02:46:58,WATCH,1,72,GOOD,BASELINE_STABLE
RZ-HIST-00128,28,Pudukkottai,2025-10-15 10:24:57,LOW,0.8,61,MODERATE,LIMITED_COVERAGE_GAP
RZ-HIST-00129,24,Nilgiris,2024-11-07 16:45:09,WATCH,1.8,74,MODERATE,BASELINE_STABLE
RZ-HIST-00130,10,Krishnagiri,2026-01-16 18:59:03,HIGH PREVENTIVE ATTENTION,4.8,85,GOOD,RAPID_ACCELERATION
RZ-HIST-00131,20,Viluppuram,2025-04-17 06:22:16,WATCH,1,65,MODERATE,LIMITED_COVERAGE_GAP
RZ-HIST-00132,27,Perambalur,2025-08-05 19:17:56,INSUFFICIENT_DATA,0.4,44,LIMITED,RAPID_ACCELERATION
RZ-HIST-00133,4,Salem,2025-03-01 16:59:53,INCREASING,2.4,82,GOOD,BASELINE_STABLE
RZ-HIST-00134,30,Ramanathapuram,2024-11-25 04:23:12,WATCH,1.5,71,MODERATE,LIMITED_COVERAGE_GAP
RZ-HIST-00135,2,Coimbatore,2025-09-06 11:08:27,HIGH PREVENTIVE ATTENTION,6,88,GOOD,LIMITED_COVERAGE_GAP
RZ-HIST-00136,38,Tiruvannamalai,2025-10-01 21:49:17,WATCH,1.1,70,GOOD,BASELINE_STABLE
RZ-HIST-00137,20,Viluppuram,2025-01-21 05:50:43,WATCH,1,65,MODERATE,LIMITED_COVERAGE_GAP
RZ-HIST-00138,13,Thoothukudi,2025-07-21 08:19:28,INCREASING,2.5,86,GOOD,RAPID_ACCELERATION
RZ-HIST-00139,35,Mayiladuthurai,2026-08-17 03:17:24,LOW,0.6,58,LIMITED,RAPID_ACCELERATION
RZ-HIST-00140,2,Coimbatore,2026-03-14 03:32:19,HIGH PREVENTIVE ATTENTION,6,88,GOOD,DECELERATING
RZ-HIST-00141,27,Perambalur,2025-02-05 11:11:25,INSUFFICIENT_DATA,0.4,44,LIMITED,BASELINE_STABLE
RZ-HIST-00142,19,Cuddalore,2025-06-17 15:54:15,LOW,0.8,62,MODERATE,LIMITED_COVERAGE_GAP
RZ-HIST-00143,9,Vellore,2024-12-05 21:16:25,INCREASING,2.2,76,GOOD,RAPID_ACCELERATION
RZ-HIST-00144,19,Cuddalore,2025-08-31 05:09:32,LOW,0.8,62,MODERATE,BASELINE_STABLE
RZ-HIST-00145,23,Namakkal,2025-08-19 10:24:43,WATCH,0.9,68,MODERATE,BASELINE_STABLE
RZ-HIST-00146,2,Coimbatore,2025-07-31 11:34:53,HIGH PREVENTIVE ATTENTION,6,88,GOOD,LIMITED_COVERAGE_GAP
RZ-HIST-00147,10,Krishnagiri,2024-09-23 22:03:26,HIGH PREVENTIVE ATTENTION,4.8,85,GOOD,DECELERATING
RZ-HIST-00148,22,Dharmapuri,2025-02-08 07:51:01,WATCH,1.4,66,MODERATE,DECELERATING
RZ-HIST-00149,28,Pudukkottai,2025-05-05 07:33:02,LOW,0.8,61,MODERATE,DECELERATING
RZ-HIST-00150,5,Tiruchirappalli,2025-10-07 20:45:16,WATCH,1.1,74,GOOD,BASELINE_STABLE
RZ-HIST-00151,22,Dharmapuri,2026-01-27 15:13:29,WATCH,1.4,66,MODERATE,BASELINE_STABLE
RZ-HIST-00152,1,Chennai,2026-06-12 20:59:55,HIGH PREVENTIVE ATTENTION,3.5,84,GOOD,RAPID_ACCELERATION
RZ-HIST-00153,5,Tiruchirappalli,2025-04-12 23:43:00,WATCH,1.1,74,GOOD,LIMITED_COVERAGE_GAP
RZ-HIST-00154,13,Thoothukudi,2026-05-31 10:28:50,INCREASING,2.5,86,GOOD,DECELERATING
RZ-HIST-00155,32,Theni,2026-01-23 23:31:04,INCREASING,1.9,73,MODERATE,BASELINE_STABLE
RZ-HIST-00156,30,Ramanathapuram,2025-09-03 18:17:50,WATCH,1.5,71,MODERATE,LIMITED_COVERAGE_GAP
RZ-HIST-00157,12,Thanjavur,2025-04-21 03:30:52,LOW,0.7,64,MODERATE,DECELERATING
RZ-HIST-00158,21,Kallakurichi,2026-05-26 04:57:01,LOW,0.6,58,LIMITED,BASELINE_STABLE
RZ-HIST-00159,11,Dindigul,2025-01-22 20:27:52,WATCH,0.9,68,MODERATE,RAPID_ACCELERATION
RZ-HIST-00160,25,Karur,2026-05-25 22:52:22,LOW,0.7,60,MODERATE,LIMITED_COVERAGE_GAP
RZ-HIST-00161,12,Thanjavur,2025-02-10 20:08:39,LOW,0.7,64,MODERATE,RAPID_ACCELERATION
RZ-HIST-00162,10,Krishnagiri,2026-06-27 11:18:05,HIGH PREVENTIVE ATTENTION,4.8,85,GOOD,LIMITED_COVERAGE_GAP
RZ-HIST-00163,10,Krishnagiri,2026-02-25 13:17:07,HIGH PREVENTIVE ATTENTION,4.8,85,GOOD,RAPID_ACCELERATION
RZ-HIST-00164,12,Thanjavur,2024-10-17 21:43:48,LOW,0.7,64,MODERATE,LIMITED_COVERAGE_GAP
RZ-HIST-00165,3,Madurai,2026-04-03 03:13:50,INCREASING,2.1,78,GOOD,BASELINE_STABLE
RZ-HIST-00166,8,Tiruppur,2026-04-05 20:12:24,INCREASING,2.8,80,GOOD,LIMITED_COVERAGE_GAP
RZ-HIST-00167,10,Krishnagiri,2025-02-14 01:39:39,HIGH PREVENTIVE ATTENTION,4.8,85,GOOD,DECELERATING
RZ-HIST-00168,33,Thiruvarur,2024-10-30 14:33:04,LOW,0.5,56,LIMITED,BASELINE_STABLE
RZ-HIST-00169,31,Virudhunagar,2024-12-07 12:24:36,WATCH,1,69,MODERATE,BASELINE_STABLE
RZ-HIST-00170,24,Nilgiris,2025-01-12 16:24:34,WATCH,1.8,74,MODERATE,LIMITED_COVERAGE_GAP
RZ-HIST-00171,4,Salem,2024-10-23 17:02:41,INCREASING,2.4,82,GOOD,RAPID_ACCELERATION
RZ-HIST-00172,17,Chengalpattu,2026-07-26 14:25:30,INCREASING,2.1,78,GOOD,LIMITED_COVERAGE_GAP
RZ-HIST-00173,3,Madurai,2025-08-08 08:18:41,INCREASING,2.1,78,GOOD,DECELERATING
RZ-HIST-00174,18,Tiruvallur,2026-01-13 05:27:40,INCREASING,2.3,80,GOOD,LIMITED_COVERAGE_GAP
RZ-HIST-00175,1,Chennai,2025-12-19 10:53:12,HIGH PREVENTIVE ATTENTION,3.5,84,GOOD,LIMITED_COVERAGE_GAP
RZ-HIST-00176,18,Tiruvallur,2026-05-29 06:52:58,INCREASING,2.3,80,GOOD,RAPID_ACCELERATION
RZ-HIST-00177,21,Kallakurichi,2026-02-25 10:39:48,LOW,0.6,58,LIMITED,RAPID_ACCELERATION
RZ-HIST-00178,38,Tiruvannamalai,2025-12-23 21:12:22,WATCH,1.1,70,GOOD,LIMITED_COVERAGE_GAP
RZ-HIST-00179,29,Sivaganga,2026-01-24 16:38:57,LOW,0.6,59,LIMITED,DECELERATING
RZ-HIST-00180,3,Madurai,2026-01-07 01:53:33,INCREASING,2.1,78,GOOD,LIMITED_COVERAGE_GAP
RZ-HIST-00181,22,Dharmapuri,2025-02-15 16:20:35,WATCH,1.4,66,MODERATE,BASELINE_STABLE
RZ-HIST-00182,8,Tiruppur,2026-04-08 13:21:37,INCREASING,2.8,80,GOOD,LIMITED_COVERAGE_GAP
RZ-HIST-00183,17,Chengalpattu,2026-04-12 00:14:08,INCREASING,2.1,78,GOOD,RAPID_ACCELERATION
RZ-HIST-00184,38,Tiruvannamalai,2025-06-08 07:36:24,WATCH,1.1,70,GOOD,DECELERATING
RZ-HIST-00185,26,Ariyalur,2025-12-25 19:44:58,INSUFFICIENT_DATA,0.3,42,LIMITED,BASELINE_STABLE
RZ-HIST-00186,8,Tiruppur,2025-01-02 01:01:46,INCREASING,2.8,80,GOOD,DECELERATING
RZ-HIST-00187,21,Kallakurichi,2025-01-03 19:43:23,LOW,0.6,58,LIMITED,DECELERATING
RZ-HIST-00188,35,Mayiladuthurai,2025-08-21 05:54:49,LOW,0.6,58,LIMITED,BASELINE_STABLE
RZ-HIST-00189,36,Ranipet,2026-05-31 08:28:48,WATCH,1.6,72,GOOD,LIMITED_COVERAGE_GAP
RZ-HIST-00190,3,Madurai,2025-02-27 22:08:56,INCREASING,2.1,78,GOOD,BASELINE_STABLE
RZ-HIST-00191,11,Dindigul,2025-09-29 14:35:29,WATCH,0.9,68,MODERATE,BASELINE_STABLE
RZ-HIST-00192,3,Madurai,2025-06-13 16:34:07,INCREASING,2.1,78,GOOD,RAPID_ACCELERATION
RZ-HIST-00193,37,Tirupathur,2024-12-12 23:50:10,WATCH,1.2,67,MODERATE,LIMITED_COVERAGE_GAP
RZ-HIST-00194,13,Thoothukudi,2026-02-21 05:56:05,INCREASING,2.5,86,GOOD,RAPID_ACCELERATION
RZ-HIST-00195,3,Madurai,2026-01-26 19:05:42,INCREASING,2.1,78,GOOD,DECELERATING
RZ-HIST-00196,36,Ranipet,2025-11-26 11:27:59,WATCH,1.6,72,GOOD,BASELINE_STABLE
RZ-HIST-00197,30,Ramanathapuram,2025-10-12 10:47:08,WATCH,1.5,71,MODERATE,RAPID_ACCELERATION
RZ-HIST-00198,13,Thoothukudi,2025-12-10 06:50:12,INCREASING,2.5,86,GOOD,DECELERATING
RZ-HIST-00199,13,Thoothukudi,2026-07-12 12:51:05,INCREASING,2.5,86,GOOD,DECELERATING
RZ-HIST-00200,2,Coimbatore,2026-07-08 05:37:52,HIGH PREVENTIVE ATTENTION,6,88,GOOD,BASELINE_STABLE
RZ-HIST-00201,31,Virudhunagar,2025-12-10 11:48:37,WATCH,1,69,MODERATE,LIMITED_COVERAGE_GAP
RZ-HIST-00202,17,Chengalpattu,2025-12-17 07:38:16,INCREASING,2.1,78,GOOD,BASELINE_STABLE
RZ-HIST-00203,6,Tirunelveli,2026-02-08 12:44:37,WATCH,1,72,MODERATE,BASELINE_STABLE
RZ-HIST-00204,18,Tiruvallur,2026-07-17 01:23:59,INCREASING,2.3,80,GOOD,BASELINE_STABLE
RZ-HIST-00205,38,Tiruvannamalai,2026-02-20 19:39:06,WATCH,1.1,70,GOOD,RAPID_ACCELERATION
RZ-HIST-00206,11,Dindigul,2025-09-08 12:59:33,WATCH,0.9,68,MODERATE,LIMITED_COVERAGE_GAP
RZ-HIST-00207,12,Thanjavur,2025-09-11 13:17:53,LOW,0.7,64,MODERATE,LIMITED_COVERAGE_GAP
RZ-HIST-00208,28,Pudukkottai,2026-06-02 19:27:17,LOW,0.8,61,MODERATE,BASELINE_STABLE
RZ-HIST-00209,33,Thiruvarur,2025-05-31 19:58:27,LOW,0.5,56,LIMITED,BASELINE_STABLE
RZ-HIST-00210,31,Virudhunagar,2024-11-20 10:31:29,WATCH,1,69,MODERATE,BASELINE_STABLE
RZ-HIST-00211,10,Krishnagiri,2026-05-15 21:10:11,HIGH PREVENTIVE ATTENTION,4.8,85,GOOD,BASELINE_STABLE
RZ-HIST-00212,2,Coimbatore,2026-06-26 06:50:15,HIGH PREVENTIVE ATTENTION,6,88,GOOD,RAPID_ACCELERATION
RZ-HIST-00213,21,Kallakurichi,2026-08-03 22:17:56,LOW,0.6,58,LIMITED,RAPID_ACCELERATION
RZ-HIST-00214,27,Perambalur,2025-04-14 23:35:03,INSUFFICIENT_DATA,0.4,44,LIMITED,LIMITED_COVERAGE_GAP
RZ-HIST-00215,29,Sivaganga,2025-03-24 08:04:00,LOW,0.6,59,LIMITED,DECELERATING
RZ-HIST-00216,18,Tiruvallur,2026-04-03 13:20:34,INCREASING,2.3,80,GOOD,RAPID_ACCELERATION
RZ-HIST-00217,23,Namakkal,2026-04-18 15:34:08,WATCH,0.9,68,MODERATE,BASELINE_STABLE
RZ-HIST-00218,32,Theni,2025-04-03 15:34:30,INCREASING,1.9,73,MODERATE,DECELERATING
RZ-HIST-00219,38,Tiruvannamalai,2025-01-14 14:54:13,WATCH,1.1,70,GOOD,RAPID_ACCELERATION
RZ-HIST-00220,7,Erode,2025-05-27 05:25:03,WATCH,1.2,75,GOOD,BASELINE_STABLE
RZ-HIST-00221,14,Kanniyakumari,2026-05-13 22:25:10,WATCH,1.1,70,MODERATE,DECELERATING
RZ-HIST-00222,20,Viluppuram,2026-01-23 05:43:57,WATCH,1,65,MODERATE,DECELERATING
RZ-HIST-00223,32,Theni,2024-11-09 20:54:19,INCREASING,1.9,73,MODERATE,RAPID_ACCELERATION
RZ-HIST-00224,22,Dharmapuri,2025-08-20 16:11:07,WATCH,1.4,66,MODERATE,DECELERATING
RZ-HIST-00225,28,Pudukkottai,2025-01-04 18:34:45,LOW,0.8,61,MODERATE,BASELINE_STABLE
RZ-HIST-00226,34,Nagapattinam,2024-10-11 23:07:13,WATCH,1.2,68,MODERATE,DECELERATING
RZ-HIST-00227,25,Karur,2026-06-15 14:51:05,LOW,0.7,60,MODERATE,DECELERATING
RZ-HIST-00228,2,Coimbatore,2026-01-27 12:53:25,HIGH PREVENTIVE ATTENTION,6,88,GOOD,DECELERATING
RZ-HIST-00229,20,Viluppuram,2026-05-28 14:32:54,WATCH,1,65,MODERATE,LIMITED_COVERAGE_GAP
RZ-HIST-00230,19,Cuddalore,2025-07-05 17:27:56,LOW,0.8,62,MODERATE,RAPID_ACCELERATION
RZ-HIST-00231,10,Krishnagiri,2025-12-14 19:50:16,HIGH PREVENTIVE ATTENTION,4.8,85,GOOD,DECELERATING
RZ-HIST-00232,38,Tiruvannamalai,2025-02-06 20:44:37,WATCH,1.1,70,GOOD,LIMITED_COVERAGE_GAP
RZ-HIST-00233,30,Ramanathapuram,2025-09-03 19:51:03,WATCH,1.5,71,MODERATE,RAPID_ACCELERATION
RZ-HIST-00234,9,Vellore,2024-11-24 12:10:36,INCREASING,2.2,76,GOOD,RAPID_ACCELERATION
RZ-HIST-00235,19,Cuddalore,2024-12-10 07:27:38,LOW,0.8,62,MODERATE,LIMITED_COVERAGE_GAP
RZ-HIST-00236,8,Tiruppur,2025-05-23 13:41:36,INCREASING,2.8,80,GOOD,BASELINE_STABLE
RZ-HIST-00237,35,Mayiladuthurai,2025-02-19 15:16:50,LOW,0.6,58,LIMITED,LIMITED_COVERAGE_GAP
RZ-HIST-00238,21,Kallakurichi,2024-10-19 11:58:37,LOW,0.6,58,LIMITED,LIMITED_COVERAGE_GAP
RZ-HIST-00239,23,Namakkal,2025-02-09 22:33:35,WATCH,0.9,68,MODERATE,BASELINE_STABLE
RZ-HIST-00240,18,Tiruvallur,2025-03-17 12:39:27,INCREASING,2.3,80,GOOD,RAPID_ACCELERATION
RZ-HIST-00241,8,Tiruppur,2025-12-12 07:50:28,INCREASING,2.8,80,GOOD,LIMITED_COVERAGE_GAP
RZ-HIST-00242,7,Erode,2025-03-17 14:08:57,WATCH,1.2,75,GOOD,DECELERATING
RZ-HIST-00243,29,Sivaganga,2024-10-29 22:43:06,LOW,0.6,59,LIMITED,RAPID_ACCELERATION
RZ-HIST-00244,38,Tiruvannamalai,2025-04-16 17:43:08,WATCH,1.1,70,GOOD,DECELERATING
RZ-HIST-00245,10,Krishnagiri,2026-08-08 03:18:57,HIGH PREVENTIVE ATTENTION,4.8,85,GOOD,DECELERATING
RZ-HIST-00246,14,Kanniyakumari,2026-05-06 03:03:04,WATCH,1.1,70,MODERATE,BASELINE_STABLE
RZ-HIST-00247,3,Madurai,2026-07-11 23:04:45,INCREASING,2.1,78,GOOD,LIMITED_COVERAGE_GAP
RZ-HIST-00248,34,Nagapattinam,2026-03-28 14:52:21,WATCH,1.2,68,MODERATE,LIMITED_COVERAGE_GAP
RZ-HIST-00249,3,Madurai,2025-02-06 00:32:47,INCREASING,2.1,78,GOOD,BASELINE_STABLE
RZ-HIST-00250,10,Krishnagiri,2025-06-05 21:27:31,HIGH PREVENTIVE ATTENTION,4.8,85,GOOD,DECELERATING
RZ-HIST-00251,26,Ariyalur,2025-05-28 18:48:22,INSUFFICIENT_DATA,0.3,42,LIMITED,DECELERATING
RZ-HIST-00252,2,Coimbatore,2026-05-20 23:00:30,HIGH PREVENTIVE ATTENTION,6,88,GOOD,BASELINE_STABLE
RZ-HIST-00253,35,Mayiladuthurai,2025-02-20 01:21:36,LOW,0.6,58,LIMITED,RAPID_ACCELERATION
RZ-HIST-00254,26,Ariyalur,2025-06-10 18:51:45,INSUFFICIENT_DATA,0.3,42,LIMITED,DECELERATING
RZ-HIST-00255,4,Salem,2024-12-28 14:58:10,INCREASING,2.4,82,GOOD,BASELINE_STABLE
RZ-HIST-00256,37,Tirupathur,2026-02-17 09:29:43,WATCH,1.2,67,MODERATE,BASELINE_STABLE
RZ-HIST-00257,4,Salem,2025-12-06 22:51:49,INCREASING,2.4,82,GOOD,RAPID_ACCELERATION
RZ-HIST-00258,12,Thanjavur,2026-08-11 10:47:12,LOW,0.7,64,MODERATE,RAPID_ACCELERATION
RZ-HIST-00259,33,Thiruvarur,2026-02-10 17:59:28,LOW,0.5,56,LIMITED,RAPID_ACCELERATION
RZ-HIST-00260,10,Krishnagiri,2025-05-27 08:29:13,HIGH PREVENTIVE ATTENTION,4.8,85,GOOD,BASELINE_STABLE
RZ-HIST-00261,1,Chennai,2025-03-13 17:28:47,HIGH PREVENTIVE ATTENTION,3.5,84,GOOD,DECELERATING
RZ-HIST-00262,8,Tiruppur,2024-12-25 00:37:28,INCREASING,2.8,80,GOOD,DECELERATING
RZ-HIST-00263,38,Tiruvannamalai,2024-12-07 12:08:10,WATCH,1.1,70,GOOD,LIMITED_COVERAGE_GAP
RZ-HIST-00264,21,Kallakurichi,2025-10-20 08:25:01,LOW,0.6,58,LIMITED,LIMITED_COVERAGE_GAP
RZ-HIST-00265,29,Sivaganga,2024-11-30 21:16:54,LOW,0.6,59,LIMITED,LIMITED_COVERAGE_GAP
RZ-HIST-00266,2,Coimbatore,2024-11-08 16:27:00,HIGH PREVENTIVE ATTENTION,6,88,GOOD,LIMITED_COVERAGE_GAP
RZ-HIST-00267,16,Kancheepuram,2025-05-27 14:23:58,WATCH,1,72,GOOD,LIMITED_COVERAGE_GAP
RZ-HIST-00268,28,Pudukkottai,2025-07-16 04:00:17,LOW,0.8,61,MODERATE,DECELERATING
RZ-HIST-00269,34,Nagapattinam,2025-09-29 10:28:23,WATCH,1.2,68,MODERATE,BASELINE_STABLE
RZ-HIST-00270,35,Mayiladuthurai,2026-08-13 10:39:31,LOW,0.6,58,LIMITED,RAPID_ACCELERATION
RZ-HIST-00271,38,Tiruvannamalai,2025-09-05 23:54:43,WATCH,1.1,70,GOOD,BASELINE_STABLE
RZ-HIST-00272,34,Nagapattinam,2026-06-10 01:15:54,WATCH,1.2,68,MODERATE,DECELERATING
RZ-HIST-00273,5,Tiruchirappalli,2025-10-04 04:44:17,WATCH,1.1,74,GOOD,LIMITED_COVERAGE_GAP
RZ-HIST-00274,36,Ranipet,2025-06-16 04:30:03,WATCH,1.6,72,GOOD,LIMITED_COVERAGE_GAP
RZ-HIST-00275,2,Coimbatore,2025-05-05 04:02:47,HIGH PREVENTIVE ATTENTION,6,88,GOOD,LIMITED_COVERAGE_GAP
RZ-HIST-00276,1,Chennai,2025-01-24 15:57:38,HIGH PREVENTIVE ATTENTION,3.5,84,GOOD,RAPID_ACCELERATION
RZ-HIST-00277,30,Ramanathapuram,2024-12-18 16:00:12,WATCH,1.5,71,MODERATE,DECELERATING
RZ-HIST-00278,25,Karur,2026-05-04 18:13:24,LOW,0.7,60,MODERATE,RAPID_ACCELERATION
RZ-HIST-00279,10,Krishnagiri,2025-01-31 17:00:13,HIGH PREVENTIVE ATTENTION,4.8,85,GOOD,LIMITED_COVERAGE_GAP
RZ-HIST-00280,29,Sivaganga,2025-12-14 05:06:53,LOW,0.6,59,LIMITED,LIMITED_COVERAGE_GAP
RZ-HIST-00281,4,Salem,2025-10-11 16:58:51,INCREASING,2.4,82,GOOD,BASELINE_STABLE
RZ-HIST-00282,12,Thanjavur,2025-11-24 19:12:20,LOW,0.7,64,MODERATE,BASELINE_STABLE
RZ-HIST-00283,31,Virudhunagar,2025-05-31 17:56:02,WATCH,1,69,MODERATE,DECELERATING
RZ-HIST-00284,17,Chengalpattu,2025-09-20 13:01:55,INCREASING,2.1,78,GOOD,BASELINE_STABLE
RZ-HIST-00285,35,Mayiladuthurai,2026-01-23 13:24:40,LOW,0.6,58,LIMITED,DECELERATING
RZ-HIST-00286,18,Tiruvallur,2025-09-25 18:35:37,INCREASING,2.3,80,GOOD,DECELERATING
RZ-HIST-00287,19,Cuddalore,2025-10-12 11:02:54,LOW,0.8,62,MODERATE,DECELERATING
RZ-HIST-00288,10,Krishnagiri,2025-05-24 20:15:03,HIGH PREVENTIVE ATTENTION,4.8,85,GOOD,LIMITED_COVERAGE_GAP
RZ-HIST-00289,27,Perambalur,2025-02-09 13:39:43,INSUFFICIENT_DATA,0.4,44,LIMITED,BASELINE_STABLE
RZ-HIST-00290,26,Ariyalur,2026-05-28 02:02:13,INSUFFICIENT_DATA,0.3,42,LIMITED,LIMITED_COVERAGE_GAP
RZ-HIST-00291,33,Thiruvarur,2025-06-02 22:43:06,LOW,0.5,56,LIMITED,LIMITED_COVERAGE_GAP
RZ-HIST-00292,17,Chengalpattu,2025-06-19 03:17:49,INCREASING,2.1,78,GOOD,DECELERATING
RZ-HIST-00293,5,Tiruchirappalli,2026-01-08 23:06:47,WATCH,1.1,74,GOOD,DECELERATING
RZ-HIST-00294,31,Virudhunagar,2026-01-20 22:49:04,WATCH,1,69,MODERATE,LIMITED_COVERAGE_GAP
RZ-HIST-00295,10,Krishnagiri,2024-10-10 14:54:34,HIGH PREVENTIVE ATTENTION,4.8,85,GOOD,DECELERATING
RZ-HIST-00296,31,Virudhunagar,2024-11-10 12:08:03,WATCH,1,69,MODERATE,DECELERATING
RZ-HIST-00297,30,Ramanathapuram,2025-02-14 23:51:02,WATCH,1.5,71,MODERATE,BASELINE_STABLE
RZ-HIST-00298,9,Vellore,2025-01-16 13:09:18,INCREASING,2.2,76,GOOD,BASELINE_STABLE
RZ-HIST-00299,15,Tenkasi,2026-03-22 00:22:48,WATCH,2.3,68,LIMITED,BASELINE_STABLE
RZ-HIST-00300,24,Nilgiris,2025-07-22 09:54:03,WATCH,1.8,74,MODERATE,RAPID_ACCELERATION
RZ-HIST-00301,36,Ranipet,2025-07-28 09:09:32,WATCH,1.6,72,GOOD,BASELINE_STABLE
RZ-HIST-00302,8,Tiruppur,2026-03-03 16:02:03,INCREASING,2.8,80,GOOD,RAPID_ACCELERATION
RZ-HIST-00303,38,Tiruvannamalai,2025-08-15 22:19:28,WATCH,1.1,70,GOOD,LIMITED_COVERAGE_GAP
RZ-HIST-00304,17,Chengalpattu,2026-01-06 00:50:22,INCREASING,2.1,78,GOOD,BASELINE_STABLE
RZ-HIST-00305,34,Nagapattinam,2026-07-19 01:11:02,WATCH,1.2,68,MODERATE,BASELINE_STABLE
RZ-HIST-00306,22,Dharmapuri,2024-09-30 07:33:15,WATCH,1.4,66,MODERATE,BASELINE_STABLE
RZ-HIST-00307,22,Dharmapuri,2025-09-14 05:49:54,WATCH,1.4,66,MODERATE,LIMITED_COVERAGE_GAP
RZ-HIST-00308,3,Madurai,2025-07-01 04:53:25,INCREASING,2.1,78,GOOD,DECELERATING
RZ-HIST-00309,8,Tiruppur,2026-07-31 03:38:16,INCREASING,2.8,80,GOOD,DECELERATING
RZ-HIST-00310,6,Tirunelveli,2025-08-07 11:56:13,WATCH,1,72,MODERATE,RAPID_ACCELERATION
RZ-HIST-00311,18,Tiruvallur,2025-10-08 08:35:46,INCREASING,2.3,80,GOOD,BASELINE_STABLE
RZ-HIST-00312,4,Salem,2026-05-06 06:32:09,INCREASING,2.4,82,GOOD,BASELINE_STABLE
RZ-HIST-00313,27,Perambalur,2026-05-23 06:16:16,INSUFFICIENT_DATA,0.4,44,LIMITED,RAPID_ACCELERATION
RZ-HIST-00314,33,Thiruvarur,2026-03-14 21:18:10,LOW,0.5,56,LIMITED,BASELINE_STABLE
RZ-HIST-00315,8,Tiruppur,2025-11-02 22:08:55,INCREASING,2.8,80,GOOD,RAPID_ACCELERATION
RZ-HIST-00316,38,Tiruvannamalai,2025-01-25 15:57:55,WATCH,1.1,70,GOOD,DECELERATING
RZ-HIST-00317,17,Chengalpattu,2025-07-18 20:11:05,INCREASING,2.1,78,GOOD,LIMITED_COVERAGE_GAP
RZ-HIST-00318,7,Erode,2024-10-13 07:29:41,WATCH,1.2,75,GOOD,RAPID_ACCELERATION
RZ-HIST-00319,13,Thoothukudi,2024-12-30 07:53:03,INCREASING,2.5,86,GOOD,DECELERATING
RZ-HIST-00320,19,Cuddalore,2026-06-12 10:53:44,LOW,0.8,62,MODERATE,RAPID_ACCELERATION
RZ-HIST-00321,19,Cuddalore,2025-07-12 02:37:05,LOW,0.8,62,MODERATE,DECELERATING
RZ-HIST-00322,11,Dindigul,2025-10-04 03:51:06,WATCH,0.9,68,MODERATE,RAPID_ACCELERATION
RZ-HIST-00323,4,Salem,2024-10-18 00:40:39,INCREASING,2.4,82,GOOD,BASELINE_STABLE
RZ-HIST-00324,13,Thoothukudi,2026-03-07 10:48:30,INCREASING,2.5,86,GOOD,LIMITED_COVERAGE_GAP
RZ-HIST-00325,3,Madurai,2025-03-27 10:07:40,INCREASING,2.1,78,GOOD,BASELINE_STABLE
RZ-HIST-00326,15,Tenkasi,2025-06-15 21:28:16,WATCH,2.3,68,LIMITED,BASELINE_STABLE
RZ-HIST-00327,5,Tiruchirappalli,2025-07-23 15:29:00,WATCH,1.1,74,GOOD,BASELINE_STABLE
RZ-HIST-00328,36,Ranipet,2025-02-26 18:18:30,WATCH,1.6,72,GOOD,DECELERATING
RZ-HIST-00329,21,Kallakurichi,2025-12-12 13:53:24,LOW,0.6,58,LIMITED,LIMITED_COVERAGE_GAP
RZ-HIST-00330,22,Dharmapuri,2025-08-09 19:55:42,WATCH,1.4,66,MODERATE,DECELERATING
RZ-HIST-00331,4,Salem,2026-06-17 14:39:40,INCREASING,2.4,82,GOOD,BASELINE_STABLE
RZ-HIST-00332,14,Kanniyakumari,2026-01-26 04:04:14,WATCH,1.1,70,MODERATE,LIMITED_COVERAGE_GAP
RZ-HIST-00333,3,Madurai,2025-07-14 06:11:30,INCREASING,2.1,78,GOOD,RAPID_ACCELERATION
RZ-HIST-00334,38,Tiruvannamalai,2026-08-04 12:40:51,WATCH,1.1,70,GOOD,LIMITED_COVERAGE_GAP
RZ-HIST-00335,3,Madurai,2025-08-23 18:55:00,INCREASING,2.1,78,GOOD,LIMITED_COVERAGE_GAP
RZ-HIST-00336,25,Karur,2026-07-07 13:29:11,LOW,0.7,60,MODERATE,BASELINE_STABLE
RZ-HIST-00337,37,Tirupathur,2024-10-26 14:00:46,WATCH,1.2,67,MODERATE,LIMITED_COVERAGE_GAP
RZ-HIST-00338,11,Dindigul,2026-03-15 01:10:14,WATCH,0.9,68,MODERATE,LIMITED_COVERAGE_GAP
RZ-HIST-00339,4,Salem,2025-05-30 23:58:32,INCREASING,2.4,82,GOOD,LIMITED_COVERAGE_GAP
RZ-HIST-00340,25,Karur,2025-05-20 05:30:20,LOW,0.7,60,MODERATE,LIMITED_COVERAGE_GAP
RZ-HIST-00341,30,Ramanathapuram,2025-06-24 16:51:20,WATCH,1.5,71,MODERATE,RAPID_ACCELERATION
RZ-HIST-00342,3,Madurai,2026-07-04 18:17:24,INCREASING,2.1,78,GOOD,BASELINE_STABLE
RZ-HIST-00343,26,Ariyalur,2025-05-21 11:41:37,INSUFFICIENT_DATA,0.3,42,LIMITED,LIMITED_COVERAGE_GAP
RZ-HIST-00344,35,Mayiladuthurai,2025-02-09 18:31:36,LOW,0.6,58,LIMITED,BASELINE_STABLE
RZ-HIST-00345,28,Pudukkottai,2025-11-22 06:27:57,LOW,0.8,61,MODERATE,DECELERATING
RZ-HIST-00346,33,Thiruvarur,2024-11-19 15:28:18,LOW,0.5,56,LIMITED,BASELINE_STABLE
RZ-HIST-00347,27,Perambalur,2026-02-26 22:58:53,INSUFFICIENT_DATA,0.4,44,LIMITED,BASELINE_STABLE
RZ-HIST-00348,34,Nagapattinam,2025-10-20 23:52:22,WATCH,1.2,68,MODERATE,LIMITED_COVERAGE_GAP
RZ-HIST-00349,18,Tiruvallur,2025-03-07 03:17:34,INCREASING,2.3,80,GOOD,DECELERATING
RZ-HIST-00350,38,Tiruvannamalai,2026-03-21 20:01:30,WATCH,1.1,70,GOOD,RAPID_ACCELERATION
RZ-HIST-00351,16,Kancheepuram,2025-01-07 18:30:23,WATCH,1,72,GOOD,LIMITED_COVERAGE_GAP
RZ-HIST-00352,2,Coimbatore,2026-08-09 11:03:01,HIGH PREVENTIVE ATTENTION,6,88,GOOD,LIMITED_COVERAGE_GAP
RZ-HIST-00353,16,Kancheepuram,2026-06-28 01:03:27,WATCH,1,72,GOOD,BASELINE_STABLE
RZ-HIST-00354,16,Kancheepuram,2025-06-16 08:26:40,WATCH,1,72,GOOD,LIMITED_COVERAGE_GAP
RZ-HIST-00355,33,Thiruvarur,2026-06-04 12:06:55,LOW,0.5,56,LIMITED,DECELERATING
RZ-HIST-00356,14,Kanniyakumari,2026-06-10 09:01:31,WATCH,1.1,70,MODERATE,RAPID_ACCELERATION
RZ-HIST-00357,26,Ariyalur,2025-12-04 04:40:35,INSUFFICIENT_DATA,0.3,42,LIMITED,DECELERATING
RZ-HIST-00358,10,Krishnagiri,2026-01-14 21:15:27,HIGH PREVENTIVE ATTENTION,4.8,85,GOOD,BASELINE_STABLE
RZ-HIST-00359,6,Tirunelveli,2026-06-13 12:09:41,WATCH,1,72,MODERATE,DECELERATING
RZ-HIST-00360,23,Namakkal,2026-06-07 08:40:08,WATCH,0.9,68,MODERATE,RAPID_ACCELERATION
RZ-HIST-00361,24,Nilgiris,2025-07-28 22:19:54,WATCH,1.8,74,MODERATE,RAPID_ACCELERATION
RZ-HIST-00362,31,Virudhunagar,2024-11-16 00:41:34,WATCH,1,69,MODERATE,DECELERATING
RZ-HIST-00363,12,Thanjavur,2025-03-20 03:15:10,LOW,0.7,64,MODERATE,RAPID_ACCELERATION
RZ-HIST-00364,6,Tirunelveli,2026-04-17 14:26:48,WATCH,1,72,MODERATE,RAPID_ACCELERATION
RZ-HIST-00365,19,Cuddalore,2026-05-09 12:38:55,LOW,0.8,62,MODERATE,DECELERATING
RZ-HIST-00366,35,Mayiladuthurai,2025-08-27 22:31:10,LOW,0.6,58,LIMITED,LIMITED_COVERAGE_GAP
RZ-HIST-00367,32,Theni,2026-03-24 14:40:07,INCREASING,1.9,73,MODERATE,LIMITED_COVERAGE_GAP
RZ-HIST-00368,17,Chengalpattu,2025-01-09 09:46:35,INCREASING,2.1,78,GOOD,RAPID_ACCELERATION
RZ-HIST-00369,14,Kanniyakumari,2026-02-13 06:07:05,WATCH,1.1,70,MODERATE,RAPID_ACCELERATION
RZ-HIST-00370,27,Perambalur,2024-10-15 21:07:37,INSUFFICIENT_DATA,0.4,44,LIMITED,LIMITED_COVERAGE_GAP
RZ-HIST-00371,28,Pudukkottai,2026-03-24 08:23:19,LOW,0.8,61,MODERATE,RAPID_ACCELERATION
RZ-HIST-00372,4,Salem,2025-04-21 08:02:59,INCREASING,2.4,82,GOOD,DECELERATING
RZ-HIST-00373,30,Ramanathapuram,2024-12-15 03:27:44,WATCH,1.5,71,MODERATE,DECELERATING
RZ-HIST-00374,25,Karur,2025-03-22 06:22:03,LOW,0.7,60,MODERATE,LIMITED_COVERAGE_GAP
RZ-HIST-00375,14,Kanniyakumari,2025-10-25 14:26:36,WATCH,1.1,70,MODERATE,LIMITED_COVERAGE_GAP
RZ-HIST-00376,33,Thiruvarur,2026-03-24 05:48:43,LOW,0.5,56,LIMITED,BASELINE_STABLE
RZ-HIST-00377,6,Tirunelveli,2024-09-28 05:33:29,WATCH,1,72,MODERATE,LIMITED_COVERAGE_GAP
RZ-HIST-00378,8,Tiruppur,2025-03-01 09:16:25,INCREASING,2.8,80,GOOD,BASELINE_STABLE
RZ-HIST-00379,5,Tiruchirappalli,2026-02-14 00:47:18,WATCH,1.1,74,GOOD,DECELERATING
RZ-HIST-00380,3,Madurai,2026-05-10 14:38:12,INCREASING,2.1,78,GOOD,DECELERATING
RZ-HIST-00381,21,Kallakurichi,2026-07-12 06:17:07,LOW,0.6,58,LIMITED,LIMITED_COVERAGE_GAP
RZ-HIST-00382,30,Ramanathapuram,2026-08-01 21:31:43,WATCH,1.5,71,MODERATE,RAPID_ACCELERATION
RZ-HIST-00383,16,Kancheepuram,2025-04-28 11:51:13,WATCH,1,72,GOOD,RAPID_ACCELERATION
RZ-HIST-00384,12,Thanjavur,2025-04-09 13:46:47,LOW,0.7,64,MODERATE,DECELERATING
RZ-HIST-00385,1,Chennai,2024-10-10 21:15:41,HIGH PREVENTIVE ATTENTION,3.5,84,GOOD,BASELINE_STABLE
RZ-HIST-00386,2,Coimbatore,2024-12-13 05:49:35,HIGH PREVENTIVE ATTENTION,6,88,GOOD,DECELERATING
RZ-HIST-00387,18,Tiruvallur,2025-02-19 04:26:25,INCREASING,2.3,80,GOOD,BASELINE_STABLE
RZ-HIST-00388,22,Dharmapuri,2025-08-15 05:15:04,WATCH,1.4,66,MODERATE,LIMITED_COVERAGE_GAP
RZ-HIST-00389,16,Kancheepuram,2025-01-26 18:32:19,WATCH,1,72,GOOD,RAPID_ACCELERATION
RZ-HIST-00390,27,Perambalur,2025-06-25 14:13:04,INSUFFICIENT_DATA,0.4,44,LIMITED,LIMITED_COVERAGE_GAP
RZ-HIST-00391,18,Tiruvallur,2024-10-18 03:16:13,INCREASING,2.3,80,GOOD,BASELINE_STABLE
RZ-HIST-00392,24,Nilgiris,2025-11-12 04:33:08,WATCH,1.8,74,MODERATE,BASELINE_STABLE
RZ-HIST-00393,30,Ramanathapuram,2025-09-08 22:52:15,WATCH,1.5,71,MODERATE,RAPID_ACCELERATION
RZ-HIST-00394,26,Ariyalur,2025-07-19 06:10:24,INSUFFICIENT_DATA,0.3,42,LIMITED,LIMITED_COVERAGE_GAP
RZ-HIST-00395,11,Dindigul,2025-11-01 02:09:10,WATCH,0.9,68,MODERATE,RAPID_ACCELERATION
RZ-HIST-00396,18,Tiruvallur,2025-11-15 12:33:38,INCREASING,2.3,80,GOOD,RAPID_ACCELERATION
RZ-HIST-00397,9,Vellore,2025-07-04 18:27:45,INCREASING,2.2,76,GOOD,DECELERATING
RZ-HIST-00398,11,Dindigul,2025-01-25 11:51:42,WATCH,0.9,68,MODERATE,LIMITED_COVERAGE_GAP
RZ-HIST-00399,10,Krishnagiri,2026-05-27 09:45:40,HIGH PREVENTIVE ATTENTION,4.8,85,GOOD,DECELERATING
RZ-HIST-00400,20,Viluppuram,2025-11-10 12:14:15,WATCH,1,65,MODERATE,DECELERATING
RZ-HIST-00401,4,Salem,2025-02-14 08:47:20,INCREASING,2.4,82,GOOD,RAPID_ACCELERATION
RZ-HIST-00402,23,Namakkal,2025-03-27 15:57:35,WATCH,0.9,68,MODERATE,BASELINE_STABLE
RZ-HIST-00403,35,Mayiladuthurai,2026-07-30 14:23:06,LOW,0.6,58,LIMITED,LIMITED_COVERAGE_GAP
RZ-HIST-00404,27,Perambalur,2025-07-26 14:36:54,INSUFFICIENT_DATA,0.4,44,LIMITED,DECELERATING
RZ-HIST-00405,35,Mayiladuthurai,2025-11-22 21:25:52,LOW,0.6,58,LIMITED,DECELERATING
RZ-HIST-00406,27,Perambalur,2024-09-23 18:36:29,INSUFFICIENT_DATA,0.4,44,LIMITED,LIMITED_COVERAGE_GAP
RZ-HIST-00407,38,Tiruvannamalai,2024-10-04 04:26:34,WATCH,1.1,70,GOOD,DECELERATING
RZ-HIST-00408,37,Tirupathur,2025-06-19 11:35:36,WATCH,1.2,67,MODERATE,LIMITED_COVERAGE_GAP
RZ-HIST-00409,8,Tiruppur,2026-01-29 18:02:59,INCREASING,2.8,80,GOOD,RAPID_ACCELERATION
RZ-HIST-00410,9,Vellore,2025-03-09 23:19:43,INCREASING,2.2,76,GOOD,DECELERATING
RZ-HIST-00411,20,Viluppuram,2025-07-07 00:28:34,WATCH,1,65,MODERATE,DECELERATING
RZ-HIST-00412,12,Thanjavur,2025-02-21 09:10:09,LOW,0.7,64,MODERATE,BASELINE_STABLE
RZ-HIST-00413,18,Tiruvallur,2025-09-21 16:13:46,INCREASING,2.3,80,GOOD,RAPID_ACCELERATION
RZ-HIST-00414,16,Kancheepuram,2024-10-12 19:55:24,WATCH,1,72,GOOD,BASELINE_STABLE
RZ-HIST-00415,20,Viluppuram,2026-04-26 02:05:32,WATCH,1,65,MODERATE,DECELERATING
RZ-HIST-00416,6,Tirunelveli,2026-04-11 02:16:13,WATCH,1,72,MODERATE,BASELINE_STABLE
RZ-HIST-00417,19,Cuddalore,2025-10-17 00:40:37,LOW,0.8,62,MODERATE,RAPID_ACCELERATION
RZ-HIST-00418,23,Namakkal,2025-05-03 08:25:44,WATCH,0.9,68,MODERATE,LIMITED_COVERAGE_GAP
RZ-HIST-00419,11,Dindigul,2024-09-19 18:07:46,WATCH,0.9,68,MODERATE,RAPID_ACCELERATION
RZ-HIST-00420,8,Tiruppur,2026-04-26 23:27:23,INCREASING,2.8,80,GOOD,BASELINE_STABLE
RZ-HIST-00421,20,Viluppuram,2025-11-03 18:12:22,WATCH,1,65,MODERATE,RAPID_ACCELERATION
RZ-HIST-00422,15,Tenkasi,2025-11-09 09:57:20,WATCH,2.3,68,LIMITED,RAPID_ACCELERATION
RZ-HIST-00423,9,Vellore,2025-08-21 09:41:52,INCREASING,2.2,76,GOOD,LIMITED_COVERAGE_GAP
RZ-HIST-00424,8,Tiruppur,2026-03-25 07:16:57,INCREASING,2.8,80,GOOD,LIMITED_COVERAGE_GAP
RZ-HIST-00425,3,Madurai,2026-03-04 15:08:25,INCREASING,2.1,78,GOOD,DECELERATING
RZ-HIST-00426,7,Erode,2026-02-17 17:28:42,WATCH,1.2,75,GOOD,LIMITED_COVERAGE_GAP
RZ-HIST-00427,19,Cuddalore,2026-08-12 23:47:10,LOW,0.8,62,MODERATE,RAPID_ACCELERATION
RZ-HIST-00428,24,Nilgiris,2025-03-14 13:23:09,WATCH,1.8,74,MODERATE,RAPID_ACCELERATION
RZ-HIST-00429,12,Thanjavur,2025-10-10 23:10:01,LOW,0.7,64,MODERATE,BASELINE_STABLE
RZ-HIST-00430,8,Tiruppur,2025-01-29 00:56:29,INCREASING,2.8,80,GOOD,RAPID_ACCELERATION
RZ-HIST-00431,9,Vellore,2025-11-03 14:50:39,INCREASING,2.2,76,GOOD,RAPID_ACCELERATION
RZ-HIST-00432,6,Tirunelveli,2026-06-23 06:34:48,WATCH,1,72,MODERATE,BASELINE_STABLE
RZ-HIST-00433,7,Erode,2024-11-16 12:13:55,WATCH,1.2,75,GOOD,BASELINE_STABLE
RZ-HIST-00434,34,Nagapattinam,2024-10-15 22:07:09,WATCH,1.2,68,MODERATE,DECELERATING
RZ-HIST-00435,31,Virudhunagar,2024-10-20 08:05:17,WATCH,1,69,MODERATE,LIMITED_COVERAGE_GAP
RZ-HIST-00436,34,Nagapattinam,2024-12-10 03:59:24,WATCH,1.2,68,MODERATE,DECELERATING
RZ-HIST-00437,27,Perambalur,2025-02-10 23:30:18,INSUFFICIENT_DATA,0.4,44,LIMITED,BASELINE_STABLE
RZ-HIST-00438,37,Tirupathur,2024-11-29 03:44:46,WATCH,1.2,67,MODERATE,BASELINE_STABLE
RZ-HIST-00439,2,Coimbatore,2024-11-10 09:14:58,HIGH PREVENTIVE ATTENTION,6,88,GOOD,BASELINE_STABLE
RZ-HIST-00440,5,Tiruchirappalli,2026-02-26 10:12:53,WATCH,1.1,74,GOOD,RAPID_ACCELERATION
RZ-HIST-00441,30,Ramanathapuram,2026-06-09 21:08:50,WATCH,1.5,71,MODERATE,DECELERATING
RZ-HIST-00442,9,Vellore,2026-08-15 13:07:40,INCREASING,2.2,76,GOOD,BASELINE_STABLE
RZ-HIST-00443,8,Tiruppur,2025-03-15 16:29:36,INCREASING,2.8,80,GOOD,BASELINE_STABLE
RZ-HIST-00444,32,Theni,2026-04-22 19:58:51,INCREASING,1.9,73,MODERATE,LIMITED_COVERAGE_GAP
RZ-HIST-00445,6,Tirunelveli,2026-07-12 03:18:50,WATCH,1,72,MODERATE,RAPID_ACCELERATION
RZ-HIST-00446,14,Kanniyakumari,2025-04-02 05:28:08,WATCH,1.1,70,MODERATE,RAPID_ACCELERATION
RZ-HIST-00447,31,Virudhunagar,2024-11-12 00:34:10,WATCH,1,69,MODERATE,LIMITED_COVERAGE_GAP
RZ-HIST-00448,2,Coimbatore,2025-04-15 09:10:15,HIGH PREVENTIVE ATTENTION,6,88,GOOD,BASELINE_STABLE
RZ-HIST-00449,23,Namakkal,2024-12-01 14:49:00,WATCH,0.9,68,MODERATE,LIMITED_COVERAGE_GAP
RZ-HIST-00450,27,Perambalur,2024-10-10 20:16:19,INSUFFICIENT_DATA,0.4,44,LIMITED,DECELERATING
RZ-HIST-00451,3,Madurai,2026-07-22 13:49:06,INCREASING,2.1,78,GOOD,DECELERATING
RZ-HIST-00452,3,Madurai,2024-11-09 22:24:09,INCREASING,2.1,78,GOOD,RAPID_ACCELERATION
RZ-HIST-00453,5,Tiruchirappalli,2024-11-18 01:12:47,WATCH,1.1,74,GOOD,RAPID_ACCELERATION
RZ-HIST-00454,26,Ariyalur,2025-11-21 19:45:49,INSUFFICIENT_DATA,0.3,42,LIMITED,BASELINE_STABLE
RZ-HIST-00455,17,Chengalpattu,2026-03-22 15:16:00,INCREASING,2.1,78,GOOD,RAPID_ACCELERATION
RZ-HIST-00456,2,Coimbatore,2025-03-13 23:02:08,HIGH PREVENTIVE ATTENTION,6,88,GOOD,BASELINE_STABLE
RZ-HIST-00457,34,Nagapattinam,2025-08-18 02:10:37,WATCH,1.2,68,MODERATE,DECELERATING
RZ-HIST-00458,32,Theni,2025-11-18 05:16:31,INCREASING,1.9,73,MODERATE,RAPID_ACCELERATION
RZ-HIST-00459,7,Erode,2024-11-02 13:27:05,WATCH,1.2,75,GOOD,RAPID_ACCELERATION
RZ-HIST-00460,19,Cuddalore,2026-07-24 20:46:38,LOW,0.8,62,MODERATE,RAPID_ACCELERATION
RZ-HIST-00461,21,Kallakurichi,2024-12-10 13:57:03,LOW,0.6,58,LIMITED,DECELERATING
RZ-HIST-00462,4,Salem,2025-02-21 16:41:18,INCREASING,2.4,82,GOOD,BASELINE_STABLE
RZ-HIST-00463,2,Coimbatore,2025-12-27 23:11:27,HIGH PREVENTIVE ATTENTION,6,88,GOOD,DECELERATING
RZ-HIST-00464,34,Nagapattinam,2026-06-05 19:50:55,WATCH,1.2,68,MODERATE,DECELERATING
RZ-HIST-00465,23,Namakkal,2024-09-26 03:53:24,WATCH,0.9,68,MODERATE,RAPID_ACCELERATION
RZ-HIST-00466,37,Tirupathur,2026-06-07 21:48:30,WATCH,1.2,67,MODERATE,DECELERATING
RZ-HIST-00467,19,Cuddalore,2024-09-22 23:38:47,LOW,0.8,62,MODERATE,LIMITED_COVERAGE_GAP
RZ-HIST-00468,18,Tiruvallur,2025-11-28 16:58:12,INCREASING,2.3,80,GOOD,RAPID_ACCELERATION
RZ-HIST-00469,37,Tirupathur,2026-01-05 04:58:21,WATCH,1.2,67,MODERATE,BASELINE_STABLE
RZ-HIST-00470,4,Salem,2025-10-17 05:00:32,INCREASING,2.4,82,GOOD,RAPID_ACCELERATION
RZ-HIST-00471,26,Ariyalur,2025-12-05 20:44:04,INSUFFICIENT_DATA,0.3,42,LIMITED,DECELERATING
RZ-HIST-00472,22,Dharmapuri,2025-05-10 13:17:15,WATCH,1.4,66,MODERATE,BASELINE_STABLE
RZ-HIST-00473,11,Dindigul,2025-11-01 11:46:23,WATCH,0.9,68,MODERATE,RAPID_ACCELERATION
RZ-HIST-00474,32,Theni,2025-11-20 21:06:30,INCREASING,1.9,73,MODERATE,RAPID_ACCELERATION
RZ-HIST-00475,17,Chengalpattu,2025-07-22 23:28:28,INCREASING,2.1,78,GOOD,RAPID_ACCELERATION
RZ-HIST-00476,2,Coimbatore,2025-08-11 19:57:47,HIGH PREVENTIVE ATTENTION,6,88,GOOD,LIMITED_COVERAGE_GAP
RZ-HIST-00477,16,Kancheepuram,2024-12-05 09:15:08,WATCH,1,72,GOOD,LIMITED_COVERAGE_GAP
RZ-HIST-00478,18,Tiruvallur,2025-03-18 11:51:32,INCREASING,2.3,80,GOOD,RAPID_ACCELERATION
RZ-HIST-00479,5,Tiruchirappalli,2026-01-26 12:40:49,WATCH,1.1,74,GOOD,DECELERATING
RZ-HIST-00480,6,Tirunelveli,2025-03-13 21:09:42,WATCH,1,72,MODERATE,RAPID_ACCELERATION
RZ-HIST-00481,29,Sivaganga,2026-05-04 01:54:00,LOW,0.6,59,LIMITED,RAPID_ACCELERATION
RZ-HIST-00482,9,Vellore,2024-11-12 01:20:12,INCREASING,2.2,76,GOOD,LIMITED_COVERAGE_GAP
RZ-HIST-00483,26,Ariyalur,2026-01-04 00:48:10,INSUFFICIENT_DATA,0.3,42,LIMITED,BASELINE_STABLE
RZ-HIST-00484,22,Dharmapuri,2024-11-19 02:01:28,WATCH,1.4,66,MODERATE,LIMITED_COVERAGE_GAP
RZ-HIST-00485,15,Tenkasi,2026-05-15 17:09:09,WATCH,2.3,68,LIMITED,DECELERATING
RZ-HIST-00486,28,Pudukkottai,2026-02-28 00:04:50,LOW,0.8,61,MODERATE,BASELINE_STABLE
RZ-HIST-00487,1,Chennai,2024-09-20 14:33:48,HIGH PREVENTIVE ATTENTION,3.5,84,GOOD,DECELERATING
RZ-HIST-00488,31,Virudhunagar,2025-06-09 13:26:42,WATCH,1,69,MODERATE,LIMITED_COVERAGE_GAP
RZ-HIST-00489,33,Thiruvarur,2024-10-29 10:28:36,LOW,0.5,56,LIMITED,LIMITED_COVERAGE_GAP
RZ-HIST-00490,36,Ranipet,2026-02-03 16:16:49,WATCH,1.6,72,GOOD,LIMITED_COVERAGE_GAP
RZ-HIST-00491,14,Kanniyakumari,2025-04-15 14:09:13,WATCH,1.1,70,MODERATE,DECELERATING
RZ-HIST-00492,5,Tiruchirappalli,2026-07-31 23:17:12,WATCH,1.1,74,GOOD,RAPID_ACCELERATION
RZ-HIST-00493,6,Tirunelveli,2025-03-16 08:58:38,WATCH,1,72,MODERATE,BASELINE_STABLE
RZ-HIST-00494,33,Thiruvarur,2024-12-20 14:33:22,LOW,0.5,56,LIMITED,RAPID_ACCELERATION
RZ-HIST-00495,38,Tiruvannamalai,2026-03-17 00:10:04,WATCH,1.1,70,GOOD,RAPID_ACCELERATION
RZ-HIST-00496,31,Virudhunagar,2025-06-01 16:00:24,WATCH,1,69,MODERATE,RAPID_ACCELERATION
RZ-HIST-00497,27,Perambalur,2026-05-14 19:03:58,INSUFFICIENT_DATA,0.4,44,LIMITED,BASELINE_STABLE
RZ-HIST-00498,21,Kallakurichi,2025-12-08 21:39:37,LOW,0.6,58,LIMITED,DECELERATING
RZ-HIST-00499,7,Erode,2025-12-13 16:42:24,WATCH,1.2,75,GOOD,LIMITED_COVERAGE_GAP
RZ-HIST-00500,27,Perambalur,2025-07-31 10:08:23,INSUFFICIENT_DATA,0.4,44,LIMITED,BASELINE_STABLE
RZ-HIST-00501,36,Ranipet,2025-12-13 22:56:18,WATCH,1.6,72,GOOD,DECELERATING
RZ-HIST-00502,24,Nilgiris,2026-03-20 03:14:50,WATCH,1.8,74,MODERATE,BASELINE_STABLE
RZ-HIST-00503,8,Tiruppur,2026-08-17 17:08:30,INCREASING,2.8,80,GOOD,BASELINE_STABLE
RZ-HIST-00504,21,Kallakurichi,2024-12-18 05:59:59,LOW,0.6,58,LIMITED,RAPID_ACCELERATION
RZ-HIST-00505,2,Coimbatore,2026-01-26 04:10:32,HIGH PREVENTIVE ATTENTION,6,88,GOOD,BASELINE_STABLE
RZ-HIST-00506,22,Dharmapuri,2026-01-23 04:27:41,WATCH,1.4,66,MODERATE,BASELINE_STABLE
RZ-HIST-00507,4,Salem,2024-11-02 02:19:25,INCREASING,2.4,82,GOOD,DECELERATING
RZ-HIST-00508,12,Thanjavur,2026-03-22 15:06:18,LOW,0.7,64,MODERATE,BASELINE_STABLE
RZ-HIST-00509,26,Ariyalur,2025-06-18 18:30:03,INSUFFICIENT_DATA,0.3,42,LIMITED,LIMITED_COVERAGE_GAP
RZ-HIST-00510,20,Viluppuram,2026-05-12 20:06:28,WATCH,1,65,MODERATE,LIMITED_COVERAGE_GAP
RZ-HIST-00511,34,Nagapattinam,2025-08-23 17:04:15,WATCH,1.2,68,MODERATE,LIMITED_COVERAGE_GAP
RZ-HIST-00512,8,Tiruppur,2025-08-19 20:04:38,INCREASING,2.8,80,GOOD,RAPID_ACCELERATION
RZ-HIST-00513,34,Nagapattinam,2025-12-30 18:54:43,WATCH,1.2,68,MODERATE,DECELERATING
RZ-HIST-00514,36,Ranipet,2026-08-02 03:57:33,WATCH,1.6,72,GOOD,LIMITED_COVERAGE_GAP
RZ-HIST-00515,17,Chengalpattu,2025-12-26 14:53:57,INCREASING,2.1,78,GOOD,DECELERATING
RZ-HIST-00516,9,Vellore,2025-06-15 22:52:56,INCREASING,2.2,76,GOOD,RAPID_ACCELERATION
RZ-HIST-00517,10,Krishnagiri,2026-06-13 22:27:33,HIGH PREVENTIVE ATTENTION,4.8,85,GOOD,LIMITED_COVERAGE_GAP
RZ-HIST-00518,13,Thoothukudi,2026-06-13 13:00:37,INCREASING,2.5,86,GOOD,RAPID_ACCELERATION
RZ-HIST-00519,19,Cuddalore,2025-10-10 04:01:04,LOW,0.8,62,MODERATE,BASELINE_STABLE
RZ-HIST-00520,17,Chengalpattu,2025-04-07 21:29:57,INCREASING,2.1,78,GOOD,RAPID_ACCELERATION
RZ-HIST-00521,32,Theni,2026-07-27 19:44:52,INCREASING,1.9,73,MODERATE,DECELERATING
RZ-HIST-00522,14,Kanniyakumari,2025-02-11 04:49:41,WATCH,1.1,70,MODERATE,DECELERATING
RZ-HIST-00523,30,Ramanathapuram,2025-02-13 11:25:11,WATCH,1.5,71,MODERATE,BASELINE_STABLE
RZ-HIST-00524,5,Tiruchirappalli,2026-06-25 06:58:22,WATCH,1.1,74,GOOD,RAPID_ACCELERATION
RZ-HIST-00525,11,Dindigul,2026-07-23 04:27:35,WATCH,0.9,68,MODERATE,RAPID_ACCELERATION
RZ-HIST-00526,35,Mayiladuthurai,2026-04-14 22:30:54,LOW,0.6,58,LIMITED,BASELINE_STABLE
RZ-HIST-00527,13,Thoothukudi,2025-01-12 11:31:52,INCREASING,2.5,86,GOOD,LIMITED_COVERAGE_GAP
RZ-HIST-00528,4,Salem,2025-07-17 22:45:52,INCREASING,2.4,82,GOOD,DECELERATING
RZ-HIST-00529,20,Viluppuram,2026-04-25 17:30:32,WATCH,1,65,MODERATE,BASELINE_STABLE
RZ-HIST-00530,8,Tiruppur,2025-01-25 10:38:39,INCREASING,2.8,80,GOOD,BASELINE_STABLE
RZ-HIST-00531,32,Theni,2025-05-21 14:07:02,INCREASING,1.9,73,MODERATE,DECELERATING
RZ-HIST-00532,7,Erode,2026-06-22 07:02:02,WATCH,1.2,75,GOOD,RAPID_ACCELERATION
RZ-HIST-00533,5,Tiruchirappalli,2025-12-29 10:03:13,WATCH,1.1,74,GOOD,LIMITED_COVERAGE_GAP
RZ-HIST-00534,26,Ariyalur,2026-04-25 17:02:05,INSUFFICIENT_DATA,0.3,42,LIMITED,DECELERATING
RZ-HIST-00535,14,Kanniyakumari,2025-09-04 20:48:02,WATCH,1.1,70,MODERATE,RAPID_ACCELERATION
RZ-HIST-00536,10,Krishnagiri,2024-09-25 15:18:01,HIGH PREVENTIVE ATTENTION,4.8,85,GOOD,DECELERATING
RZ-HIST-00537,38,Tiruvannamalai,2025-10-17 04:13:32,WATCH,1.1,70,GOOD,LIMITED_COVERAGE_GAP
RZ-HIST-00538,13,Thoothukudi,2024-10-13 14:39:03,INCREASING,2.5,86,GOOD,RAPID_ACCELERATION
RZ-HIST-00539,2,Coimbatore,2025-05-10 06:47:15,HIGH PREVENTIVE ATTENTION,6,88,GOOD,DECELERATING
RZ-HIST-00540,28,Pudukkottai,2026-04-03 14:04:38,LOW,0.8,61,MODERATE,RAPID_ACCELERATION
RZ-HIST-00541,15,Tenkasi,2026-01-21 20:43:26,WATCH,2.3,68,LIMITED,LIMITED_COVERAGE_GAP
RZ-HIST-00542,36,Ranipet,2025-11-13 18:44:30,WATCH,1.6,72,GOOD,LIMITED_COVERAGE_GAP
RZ-HIST-00543,20,Viluppuram,2025-12-19 16:57:42,WATCH,1,65,MODERATE,LIMITED_COVERAGE_GAP
RZ-HIST-00544,3,Madurai,2026-06-14 12:13:50,INCREASING,2.1,78,GOOD,LIMITED_COVERAGE_GAP
RZ-HIST-00545,38,Tiruvannamalai,2025-05-15 01:22:28,WATCH,1.1,70,GOOD,BASELINE_STABLE
RZ-HIST-00546,21,Kallakurichi,2025-06-08 05:30:25,LOW,0.6,58,LIMITED,RAPID_ACCELERATION
RZ-HIST-00547,30,Ramanathapuram,2025-01-22 08:46:55,WATCH,1.5,71,MODERATE,LIMITED_COVERAGE_GAP
RZ-HIST-00548,30,Ramanathapuram,2026-05-11 20:08:10,WATCH,1.5,71,MODERATE,DECELERATING
RZ-HIST-00549,7,Erode,2026-08-09 12:29:20,WATCH,1.2,75,GOOD,RAPID_ACCELERATION
RZ-HIST-00550,6,Tirunelveli,2025-12-21 08:29:43,WATCH,1,72,MODERATE,DECELERATING
RZ-HIST-00551,38,Tiruvannamalai,2026-02-28 06:03:58,WATCH,1.1,70,GOOD,RAPID_ACCELERATION
RZ-HIST-00552,37,Tirupathur,2024-12-15 04:46:45,WATCH,1.2,67,MODERATE,DECELERATING
RZ-HIST-00553,29,Sivaganga,2024-11-05 00:33:25,LOW,0.6,59,LIMITED,LIMITED_COVERAGE_GAP
RZ-HIST-00554,35,Mayiladuthurai,2024-12-13 08:23:57,LOW,0.6,58,LIMITED,RAPID_ACCELERATION
RZ-HIST-00555,7,Erode,2026-07-31 05:26:37,WATCH,1.2,75,GOOD,RAPID_ACCELERATION
RZ-HIST-00556,29,Sivaganga,2026-02-09 17:18:38,LOW,0.6,59,LIMITED,DECELERATING
RZ-HIST-00557,27,Perambalur,2025-09-05 14:08:27,INSUFFICIENT_DATA,0.4,44,LIMITED,DECELERATING
RZ-HIST-00558,33,Thiruvarur,2025-09-19 04:33:17,LOW,0.5,56,LIMITED,DECELERATING
RZ-HIST-00559,10,Krishnagiri,2026-01-01 23:15:42,HIGH PREVENTIVE ATTENTION,4.8,85,GOOD,LIMITED_COVERAGE_GAP
RZ-HIST-00560,33,Thiruvarur,2024-09-22 17:03:48,LOW,0.5,56,LIMITED,RAPID_ACCELERATION
RZ-HIST-00561,14,Kanniyakumari,2025-07-26 22:09:31,WATCH,1.1,70,MODERATE,LIMITED_COVERAGE_GAP
RZ-HIST-00562,13,Thoothukudi,2025-12-08 02:11:58,INCREASING,2.5,86,GOOD,BASELINE_STABLE
RZ-HIST-00563,35,Mayiladuthurai,2025-08-19 14:00:23,LOW,0.6,58,LIMITED,BASELINE_STABLE
RZ-HIST-00564,12,Thanjavur,2026-03-15 11:24:54,LOW,0.7,64,MODERATE,RAPID_ACCELERATION
RZ-HIST-00565,14,Kanniyakumari,2025-03-28 08:22:08,WATCH,1.1,70,MODERATE,LIMITED_COVERAGE_GAP
RZ-HIST-00566,15,Tenkasi,2026-06-16 22:08:08,WATCH,2.3,68,LIMITED,BASELINE_STABLE
RZ-HIST-00567,38,Tiruvannamalai,2026-08-11 14:09:35,WATCH,1.1,70,GOOD,RAPID_ACCELERATION
RZ-HIST-00568,30,Ramanathapuram,2026-05-02 15:53:24,WATCH,1.5,71,MODERATE,DECELERATING
RZ-HIST-00569,17,Chengalpattu,2024-11-24 21:19:46,INCREASING,2.1,78,GOOD,RAPID_ACCELERATION
RZ-HIST-00570,21,Kallakurichi,2026-07-29 03:42:32,LOW,0.6,58,LIMITED,RAPID_ACCELERATION
RZ-HIST-00571,11,Dindigul,2024-11-18 00:13:18,WATCH,0.9,68,MODERATE,RAPID_ACCELERATION
RZ-HIST-00572,27,Perambalur,2026-02-27 02:06:04,INSUFFICIENT_DATA,0.4,44,LIMITED,BASELINE_STABLE
RZ-HIST-00573,32,Theni,2025-06-25 16:50:52,INCREASING,1.9,73,MODERATE,DECELERATING
RZ-HIST-00574,6,Tirunelveli,2026-03-17 12:09:59,WATCH,1,72,MODERATE,DECELERATING
RZ-HIST-00575,24,Nilgiris,2026-02-24 21:41:41,WATCH,1.8,74,MODERATE,RAPID_ACCELERATION
RZ-HIST-00576,34,Nagapattinam,2024-10-20 16:19:55,WATCH,1.2,68,MODERATE,BASELINE_STABLE
RZ-HIST-00577,26,Ariyalur,2026-03-05 12:52:34,INSUFFICIENT_DATA,0.3,42,LIMITED,DECELERATING
RZ-HIST-00578,31,Virudhunagar,2024-12-11 05:42:31,WATCH,1,69,MODERATE,BASELINE_STABLE
RZ-HIST-00579,30,Ramanathapuram,2025-05-29 16:17:11,WATCH,1.5,71,MODERATE,LIMITED_COVERAGE_GAP
RZ-HIST-00580,19,Cuddalore,2026-07-20 04:35:04,LOW,0.8,62,MODERATE,LIMITED_COVERAGE_GAP
RZ-HIST-00581,26,Ariyalur,2026-02-02 12:51:02,INSUFFICIENT_DATA,0.3,42,LIMITED,RAPID_ACCELERATION
RZ-HIST-00582,18,Tiruvallur,2025-02-13 13:41:51,INCREASING,2.3,80,GOOD,DECELERATING
RZ-HIST-00583,7,Erode,2025-12-01 06:26:27,WATCH,1.2,75,GOOD,RAPID_ACCELERATION
RZ-HIST-00584,21,Kallakurichi,2026-08-12 22:18:08,LOW,0.6,58,LIMITED,BASELINE_STABLE
RZ-HIST-00585,25,Karur,2024-10-19 19:29:07,LOW,0.7,60,MODERATE,RAPID_ACCELERATION
RZ-HIST-00586,28,Pudukkottai,2024-10-01 16:09:56,LOW,0.8,61,MODERATE,LIMITED_COVERAGE_GAP
RZ-HIST-00587,20,Viluppuram,2025-06-19 04:28:39,WATCH,1,65,MODERATE,DECELERATING
RZ-HIST-00588,36,Ranipet,2025-10-24 14:07:33,WATCH,1.6,72,GOOD,RAPID_ACCELERATION
RZ-HIST-00589,8,Tiruppur,2024-12-10 22:13:58,INCREASING,2.8,80,GOOD,BASELINE_STABLE
RZ-HIST-00590,27,Perambalur,2024-09-28 09:24:56,INSUFFICIENT_DATA,0.4,44,LIMITED,BASELINE_STABLE
RZ-HIST-00591,38,Tiruvannamalai,2025-01-05 18:16:22,WATCH,1.1,70,GOOD,LIMITED_COVERAGE_GAP
RZ-HIST-00592,27,Perambalur,2026-05-31 19:29:58,INSUFFICIENT_DATA,0.4,44,LIMITED,DECELERATING
RZ-HIST-00593,13,Thoothukudi,2025-06-03 21:10:55,INCREASING,2.5,86,GOOD,LIMITED_COVERAGE_GAP
RZ-HIST-00594,29,Sivaganga,2024-12-08 04:49:54,LOW,0.6,59,LIMITED,BASELINE_STABLE
RZ-HIST-00595,18,Tiruvallur,2025-05-27 21:02:49,INCREASING,2.3,80,GOOD,RAPID_ACCELERATION
RZ-HIST-00596,14,Kanniyakumari,2025-04-11 16:33:29,WATCH,1.1,70,MODERATE,BASELINE_STABLE
RZ-HIST-00597,26,Ariyalur,2025-11-20 17:50:17,INSUFFICIENT_DATA,0.3,42,LIMITED,BASELINE_STABLE
RZ-HIST-00598,11,Dindigul,2025-03-14 14:00:22,WATCH,0.9,68,MODERATE,LIMITED_COVERAGE_GAP
RZ-HIST-00599,6,Tirunelveli,2025-06-16 04:00:31,WATCH,1,72,MODERATE,DECELERATING
RZ-HIST-00600,9,Vellore,2026-08-09 14:30:31,INCREASING,2.2,76,GOOD,RAPID_ACCELERATION
RZ-HIST-00601,20,Viluppuram,2026-03-05 02:07:44,WATCH,1,65,MODERATE,RAPID_ACCELERATION
RZ-HIST-00602,33,Thiruvarur,2026-02-27 04:32:04,LOW,0.5,56,LIMITED,DECELERATING
RZ-HIST-00603,26,Ariyalur,2025-07-26 06:04:27,INSUFFICIENT_DATA,0.3,42,LIMITED,DECELERATING
RZ-HIST-00604,33,Thiruvarur,2025-10-04 18:23:28,LOW,0.5,56,LIMITED,LIMITED_COVERAGE_GAP
RZ-HIST-00605,17,Chengalpattu,2025-03-27 22:12:15,INCREASING,2.1,78,GOOD,LIMITED_COVERAGE_GAP
RZ-HIST-00606,25,Karur,2025-08-01 22:01:46,LOW,0.7,60,MODERATE,DECELERATING
RZ-HIST-00607,8,Tiruppur,2025-10-02 16:15:18,INCREASING,2.8,80,GOOD,RAPID_ACCELERATION
RZ-HIST-00608,17,Chengalpattu,2025-10-13 15:48:57,INCREASING,2.1,78,GOOD,LIMITED_COVERAGE_GAP
RZ-HIST-00609,7,Erode,2025-10-25 11:25:06,WATCH,1.2,75,GOOD,BASELINE_STABLE
RZ-HIST-00610,10,Krishnagiri,2025-03-08 22:05:03,HIGH PREVENTIVE ATTENTION,4.8,85,GOOD,BASELINE_STABLE
RZ-HIST-00611,37,Tirupathur,2026-02-03 21:49:18,WATCH,1.2,67,MODERATE,LIMITED_COVERAGE_GAP
RZ-HIST-00612,10,Krishnagiri,2025-10-15 14:15:31,HIGH PREVENTIVE ATTENTION,4.8,85,GOOD,DECELERATING
RZ-HIST-00613,5,Tiruchirappalli,2026-03-31 23:24:14,WATCH,1.1,74,GOOD,LIMITED_COVERAGE_GAP
RZ-HIST-00614,26,Ariyalur,2025-05-27 16:45:48,INSUFFICIENT_DATA,0.3,42,LIMITED,BASELINE_STABLE
RZ-HIST-00615,1,Chennai,2026-02-07 09:08:48,HIGH PREVENTIVE ATTENTION,3.5,84,GOOD,BASELINE_STABLE
RZ-HIST-00616,9,Vellore,2024-12-27 18:29:51,INCREASING,2.2,76,GOOD,DECELERATING
RZ-HIST-00617,7,Erode,2025-02-21 16:55:37,WATCH,1.2,75,GOOD,LIMITED_COVERAGE_GAP
RZ-HIST-00618,5,Tiruchirappalli,2026-04-05 15:38:13,WATCH,1.1,74,GOOD,LIMITED_COVERAGE_GAP
RZ-HIST-00619,3,Madurai,2026-05-31 13:08:24,INCREASING,2.1,78,GOOD,BASELINE_STABLE
RZ-HIST-00620,9,Vellore,2025-04-18 08:48:20,INCREASING,2.2,76,GOOD,DECELERATING
RZ-HIST-00621,8,Tiruppur,2025-01-28 01:07:33,INCREASING,2.8,80,GOOD,LIMITED_COVERAGE_GAP
RZ-HIST-00622,16,Kancheepuram,2025-04-29 03:58:04,WATCH,1,72,GOOD,LIMITED_COVERAGE_GAP
RZ-HIST-00623,33,Thiruvarur,2025-06-03 06:50:16,LOW,0.5,56,LIMITED,LIMITED_COVERAGE_GAP
RZ-HIST-00624,27,Perambalur,2025-05-22 12:31:15,INSUFFICIENT_DATA,0.4,44,LIMITED,LIMITED_COVERAGE_GAP
RZ-HIST-00625,27,Perambalur,2025-11-15 13:41:07,INSUFFICIENT_DATA,0.4,44,LIMITED,BASELINE_STABLE
RZ-HIST-00626,29,Sivaganga,2026-06-03 05:27:12,LOW,0.6,59,LIMITED,BASELINE_STABLE
RZ-HIST-00627,4,Salem,2026-03-20 08:23:54,INCREASING,2.4,82,GOOD,DECELERATING
RZ-HIST-00628,3,Madurai,2025-11-24 04:24:48,INCREASING,2.1,78,GOOD,LIMITED_COVERAGE_GAP
RZ-HIST-00629,4,Salem,2024-11-26 19:52:18,INCREASING,2.4,82,GOOD,BASELINE_STABLE
RZ-HIST-00630,23,Namakkal,2025-12-02 02:37:51,WATCH,0.9,68,MODERATE,RAPID_ACCELERATION
RZ-HIST-00631,18,Tiruvallur,2025-06-13 16:08:18,INCREASING,2.3,80,GOOD,LIMITED_COVERAGE_GAP
RZ-HIST-00632,36,Ranipet,2025-03-19 06:54:02,WATCH,1.6,72,GOOD,LIMITED_COVERAGE_GAP
RZ-HIST-00633,26,Ariyalur,2026-03-22 09:15:19,INSUFFICIENT_DATA,0.3,42,LIMITED,BASELINE_STABLE
RZ-HIST-00634,14,Kanniyakumari,2024-12-29 02:19:30,WATCH,1.1,70,MODERATE,BASELINE_STABLE
RZ-HIST-00635,23,Namakkal,2025-08-09 02:50:34,WATCH,0.9,68,MODERATE,RAPID_ACCELERATION
RZ-HIST-00636,34,Nagapattinam,2024-12-31 21:02:31,WATCH,1.2,68,MODERATE,LIMITED_COVERAGE_GAP
RZ-HIST-00637,2,Coimbatore,2024-10-04 03:35:15,HIGH PREVENTIVE ATTENTION,6,88,GOOD,LIMITED_COVERAGE_GAP
RZ-HIST-00638,2,Coimbatore,2025-03-05 13:04:12,HIGH PREVENTIVE ATTENTION,6,88,GOOD,DECELERATING
RZ-HIST-00639,15,Tenkasi,2025-11-04 14:25:27,WATCH,2.3,68,LIMITED,BASELINE_STABLE
RZ-HIST-00640,2,Coimbatore,2025-07-20 18:09:31,HIGH PREVENTIVE ATTENTION,6,88,GOOD,LIMITED_COVERAGE_GAP
RZ-HIST-00641,1,Chennai,2026-04-12 14:43:29,HIGH PREVENTIVE ATTENTION,3.5,84,GOOD,BASELINE_STABLE
RZ-HIST-00642,36,Ranipet,2026-03-03 17:33:18,WATCH,1.6,72,GOOD,RAPID_ACCELERATION
RZ-HIST-00643,16,Kancheepuram,2025-09-01 21:57:11,WATCH,1,72,GOOD,LIMITED_COVERAGE_GAP
RZ-HIST-00644,28,Pudukkottai,2024-12-14 06:29:29,LOW,0.8,61,MODERATE,LIMITED_COVERAGE_GAP
RZ-HIST-00645,29,Sivaganga,2026-05-02 12:49:37,LOW,0.6,59,LIMITED,RAPID_ACCELERATION
RZ-HIST-00646,28,Pudukkottai,2025-01-29 22:21:17,LOW,0.8,61,MODERATE,DECELERATING
RZ-HIST-00647,9,Vellore,2026-07-27 05:16:11,INCREASING,2.2,76,GOOD,RAPID_ACCELERATION
RZ-HIST-00648,33,Thiruvarur,2024-12-03 08:11:27,LOW,0.5,56,LIMITED,DECELERATING
RZ-HIST-00649,3,Madurai,2025-10-20 11:53:04,INCREASING,2.1,78,GOOD,LIMITED_COVERAGE_GAP
RZ-HIST-00650,7,Erode,2024-11-17 12:24:54,WATCH,1.2,75,GOOD,DECELERATING
RZ-HIST-00651,35,Mayiladuthurai,2026-04-22 07:39:25,LOW,0.6,58,LIMITED,DECELERATING
RZ-HIST-00652,15,Tenkasi,2025-08-21 21:18:21,WATCH,2.3,68,LIMITED,DECELERATING
RZ-HIST-00653,24,Nilgiris,2025-06-07 19:39:19,WATCH,1.8,74,MODERATE,DECELERATING
RZ-HIST-00654,22,Dharmapuri,2026-07-11 17:23:32,WATCH,1.4,66,MODERATE,BASELINE_STABLE
RZ-HIST-00655,26,Ariyalur,2025-05-10 04:58:24,INSUFFICIENT_DATA,0.3,42,LIMITED,BASELINE_STABLE
RZ-HIST-00656,1,Chennai,2025-07-12 16:19:51,HIGH PREVENTIVE ATTENTION,3.5,84,GOOD,RAPID_ACCELERATION
RZ-HIST-00657,3,Madurai,2025-11-02 23:47:03,INCREASING,2.1,78,GOOD,BASELINE_STABLE
RZ-HIST-00658,31,Virudhunagar,2024-10-09 19:11:05,WATCH,1,69,MODERATE,DECELERATING
RZ-HIST-00659,6,Tirunelveli,2024-12-14 08:21:38,WATCH,1,72,MODERATE,LIMITED_COVERAGE_GAP
RZ-HIST-00660,6,Tirunelveli,2026-04-12 14:08:57,WATCH,1,72,MODERATE,BASELINE_STABLE
RZ-HIST-00661,19,Cuddalore,2024-10-30 19:37:23,LOW,0.8,62,MODERATE,BASELINE_STABLE
RZ-HIST-00662,26,Ariyalur,2025-04-09 17:24:57,INSUFFICIENT_DATA,0.3,42,LIMITED,LIMITED_COVERAGE_GAP
RZ-HIST-00663,26,Ariyalur,2025-12-23 07:32:07,INSUFFICIENT_DATA,0.3,42,LIMITED,LIMITED_COVERAGE_GAP
RZ-HIST-00664,23,Namakkal,2025-01-20 03:47:22,WATCH,0.9,68,MODERATE,RAPID_ACCELERATION
RZ-HIST-00665,14,Kanniyakumari,2025-12-08 00:40:58,WATCH,1.1,70,MODERATE,RAPID_ACCELERATION
RZ-HIST-00666,20,Viluppuram,2025-07-12 06:28:13,WATCH,1,65,MODERATE,BASELINE_STABLE
RZ-HIST-00667,5,Tiruchirappalli,2026-04-29 04:56:05,WATCH,1.1,74,GOOD,RAPID_ACCELERATION
RZ-HIST-00668,23,Namakkal,2026-01-25 04:18:49,WATCH,0.9,68,MODERATE,BASELINE_STABLE
RZ-HIST-00669,25,Karur,2025-04-25 10:07:33,LOW,0.7,60,MODERATE,LIMITED_COVERAGE_GAP
RZ-HIST-00670,34,Nagapattinam,2024-10-25 01:45:26,WATCH,1.2,68,MODERATE,BASELINE_STABLE
RZ-HIST-00671,11,Dindigul,2024-10-15 10:50:03,WATCH,0.9,68,MODERATE,DECELERATING
RZ-HIST-00672,14,Kanniyakumari,2025-08-09 17:19:22,WATCH,1.1,70,MODERATE,LIMITED_COVERAGE_GAP
RZ-HIST-00673,11,Dindigul,2026-04-23 12:19:06,WATCH,0.9,68,MODERATE,RAPID_ACCELERATION
RZ-HIST-00674,37,Tirupathur,2025-06-11 19:40:29,WATCH,1.2,67,MODERATE,BASELINE_STABLE
RZ-HIST-00675,33,Thiruvarur,2024-12-03 22:21:05,LOW,0.5,56,LIMITED,LIMITED_COVERAGE_GAP
RZ-HIST-00676,27,Perambalur,2025-11-22 15:26:29,INSUFFICIENT_DATA,0.4,44,LIMITED,DECELERATING
RZ-HIST-00677,13,Thoothukudi,2025-06-23 05:11:50,INCREASING,2.5,86,GOOD,RAPID_ACCELERATION
RZ-HIST-00678,5,Tiruchirappalli,2024-10-19 09:05:03,WATCH,1.1,74,GOOD,BASELINE_STABLE
RZ-HIST-00679,10,Krishnagiri,2025-11-13 05:17:51,HIGH PREVENTIVE ATTENTION,4.8,85,GOOD,DECELERATING
RZ-HIST-00680,33,Thiruvarur,2026-03-25 12:05:22,LOW,0.5,56,LIMITED,LIMITED_COVERAGE_GAP
RZ-HIST-00681,2,Coimbatore,2026-05-20 18:42:24,HIGH PREVENTIVE ATTENTION,6,88,GOOD,BASELINE_STABLE
RZ-HIST-00682,18,Tiruvallur,2025-04-07 22:17:50,INCREASING,2.3,80,GOOD,RAPID_ACCELERATION
RZ-HIST-00683,33,Thiruvarur,2025-03-13 19:04:46,LOW,0.5,56,LIMITED,DECELERATING
RZ-HIST-00684,25,Karur,2025-08-06 13:01:08,LOW,0.7,60,MODERATE,BASELINE_STABLE
RZ-HIST-00685,8,Tiruppur,2026-01-08 20:54:27,INCREASING,2.8,80,GOOD,BASELINE_STABLE
RZ-HIST-00686,18,Tiruvallur,2024-12-08 07:04:06,INCREASING,2.3,80,GOOD,DECELERATING
RZ-HIST-00687,21,Kallakurichi,2026-06-19 21:13:54,LOW,0.6,58,LIMITED,LIMITED_COVERAGE_GAP
RZ-HIST-00688,6,Tirunelveli,2025-03-18 11:47:26,WATCH,1,72,MODERATE,RAPID_ACCELERATION
RZ-HIST-00689,38,Tiruvannamalai,2026-08-14 01:48:45,WATCH,1.1,70,GOOD,BASELINE_STABLE
RZ-HIST-00690,38,Tiruvannamalai,2025-05-06 15:58:34,WATCH,1.1,70,GOOD,DECELERATING
RZ-HIST-00691,18,Tiruvallur,2025-07-22 01:51:46,INCREASING,2.3,80,GOOD,LIMITED_COVERAGE_GAP
RZ-HIST-00692,24,Nilgiris,2025-10-14 02:18:39,WATCH,1.8,74,MODERATE,DECELERATING
RZ-HIST-00693,24,Nilgiris,2025-11-24 02:00:16,WATCH,1.8,74,MODERATE,LIMITED_COVERAGE_GAP
RZ-HIST-00694,38,Tiruvannamalai,2025-06-06 23:00:04,WATCH,1.1,70,GOOD,LIMITED_COVERAGE_GAP
RZ-HIST-00695,28,Pudukkottai,2025-01-26 23:53:44,LOW,0.8,61,MODERATE,LIMITED_COVERAGE_GAP
RZ-HIST-00696,18,Tiruvallur,2025-11-13 11:09:09,INCREASING,2.3,80,GOOD,LIMITED_COVERAGE_GAP
RZ-HIST-00697,15,Tenkasi,2024-12-26 09:17:48,WATCH,2.3,68,LIMITED,DECELERATING
RZ-HIST-00698,34,Nagapattinam,2025-10-23 13:22:09,WATCH,1.2,68,MODERATE,BASELINE_STABLE
RZ-HIST-00699,1,Chennai,2024-09-30 05:16:19,HIGH PREVENTIVE ATTENTION,3.5,84,GOOD,BASELINE_STABLE
RZ-HIST-00700,28,Pudukkottai,2025-12-09 18:58:43,LOW,0.8,61,MODERATE,LIMITED_COVERAGE_GAP
RZ-HIST-00701,31,Virudhunagar,2026-07-07 21:11:42,WATCH,1,69,MODERATE,LIMITED_COVERAGE_GAP
RZ-HIST-00702,20,Viluppuram,2025-02-27 19:09:05,WATCH,1,65,MODERATE,LIMITED_COVERAGE_GAP
RZ-HIST-00703,20,Viluppuram,2024-11-22 00:34:02,WATCH,1,65,MODERATE,DECELERATING
RZ-HIST-00704,31,Virudhunagar,2024-11-12 04:15:13,WATCH,1,69,MODERATE,LIMITED_COVERAGE_GAP
RZ-HIST-00705,33,Thiruvarur,2026-03-20 11:59:16,LOW,0.5,56,LIMITED,RAPID_ACCELERATION
RZ-HIST-00706,19,Cuddalore,2024-10-02 09:00:07,LOW,0.8,62,MODERATE,LIMITED_COVERAGE_GAP
RZ-HIST-00707,28,Pudukkottai,2025-01-16 02:52:39,LOW,0.8,61,MODERATE,RAPID_ACCELERATION
RZ-HIST-00708,28,Pudukkottai,2024-12-18 08:18:37,LOW,0.8,61,MODERATE,DECELERATING
RZ-HIST-00709,23,Namakkal,2025-11-29 22:43:30,WATCH,0.9,68,MODERATE,LIMITED_COVERAGE_GAP
RZ-HIST-00710,37,Tirupathur,2026-01-08 05:00:43,WATCH,1.2,67,MODERATE,DECELERATING
RZ-HIST-00711,12,Thanjavur,2026-07-05 15:30:55,LOW,0.7,64,MODERATE,RAPID_ACCELERATION
RZ-HIST-00712,23,Namakkal,2025-08-25 01:07:21,WATCH,0.9,68,MODERATE,RAPID_ACCELERATION
RZ-HIST-00713,3,Madurai,2025-01-01 22:42:11,INCREASING,2.1,78,GOOD,LIMITED_COVERAGE_GAP
RZ-HIST-00714,29,Sivaganga,2025-07-28 22:29:03,LOW,0.6,59,LIMITED,RAPID_ACCELERATION
RZ-HIST-00715,38,Tiruvannamalai,2026-02-08 15:53:37,WATCH,1.1,70,GOOD,DECELERATING
RZ-HIST-00716,20,Viluppuram,2025-07-19 01:58:37,WATCH,1,65,MODERATE,RAPID_ACCELERATION
RZ-HIST-00717,34,Nagapattinam,2026-07-25 12:01:34,WATCH,1.2,68,MODERATE,LIMITED_COVERAGE_GAP
RZ-HIST-00718,2,Coimbatore,2025-07-16 20:54:29,HIGH PREVENTIVE ATTENTION,6,88,GOOD,LIMITED_COVERAGE_GAP
RZ-HIST-00719,18,Tiruvallur,2024-10-07 07:35:44,INCREASING,2.3,80,GOOD,LIMITED_COVERAGE_GAP
RZ-HIST-00720,26,Ariyalur,2024-12-04 19:32:19,INSUFFICIENT_DATA,0.3,42,LIMITED,DECELERATING
RZ-HIST-00721,2,Coimbatore,2025-03-18 22:40:57,HIGH PREVENTIVE ATTENTION,6,88,GOOD,LIMITED_COVERAGE_GAP
RZ-HIST-00722,30,Ramanathapuram,2026-04-26 09:40:23,WATCH,1.5,71,MODERATE,LIMITED_COVERAGE_GAP
RZ-HIST-00723,15,Tenkasi,2024-10-05 02:58:18,WATCH,2.3,68,LIMITED,RAPID_ACCELERATION
RZ-HIST-00724,7,Erode,2025-01-17 10:25:26,WATCH,1.2,75,GOOD,BASELINE_STABLE
RZ-HIST-00725,12,Thanjavur,2025-11-13 14:12:34,LOW,0.7,64,MODERATE,DECELERATING
RZ-HIST-00726,5,Tiruchirappalli,2025-11-22 04:02:32,WATCH,1.1,74,GOOD,DECELERATING
RZ-HIST-00727,37,Tirupathur,2025-04-02 18:11:13,WATCH,1.2,67,MODERATE,DECELERATING
RZ-HIST-00728,33,Thiruvarur,2024-10-07 12:15:14,LOW,0.5,56,LIMITED,LIMITED_COVERAGE_GAP
RZ-HIST-00729,15,Tenkasi,2025-07-08 06:13:50,WATCH,2.3,68,LIMITED,RAPID_ACCELERATION
RZ-HIST-00730,25,Karur,2026-03-16 11:08:34,LOW,0.7,60,MODERATE,RAPID_ACCELERATION
RZ-HIST-00731,3,Madurai,2024-10-30 09:13:40,INCREASING,2.1,78,GOOD,BASELINE_STABLE
RZ-HIST-00732,11,Dindigul,2026-03-05 14:12:49,WATCH,0.9,68,MODERATE,LIMITED_COVERAGE_GAP
RZ-HIST-00733,4,Salem,2025-04-10 11:16:26,INCREASING,2.4,82,GOOD,RAPID_ACCELERATION
RZ-HIST-00734,4,Salem,2025-11-14 20:43:19,INCREASING,2.4,82,GOOD,RAPID_ACCELERATION
RZ-HIST-00735,35,Mayiladuthurai,2025-03-30 19:29:36,LOW,0.6,58,LIMITED,RAPID_ACCELERATION
RZ-HIST-00736,5,Tiruchirappalli,2025-09-22 03:09:31,WATCH,1.1,74,GOOD,DECELERATING
RZ-HIST-00737,9,Vellore,2026-03-29 11:48:10,INCREASING,2.2,76,GOOD,DECELERATING
RZ-HIST-00738,11,Dindigul,2025-03-31 23:21:25,WATCH,0.9,68,MODERATE,RAPID_ACCELERATION
RZ-HIST-00739,14,Kanniyakumari,2025-02-14 20:32:20,WATCH,1.1,70,MODERATE,DECELERATING
RZ-HIST-00740,30,Ramanathapuram,2025-01-16 07:47:29,WATCH,1.5,71,MODERATE,LIMITED_COVERAGE_GAP
RZ-HIST-00741,12,Thanjavur,2025-05-03 23:44:16,LOW,0.7,64,MODERATE,LIMITED_COVERAGE_GAP
RZ-HIST-00742,26,Ariyalur,2025-09-10 08:12:36,INSUFFICIENT_DATA,0.3,42,LIMITED,RAPID_ACCELERATION
RZ-HIST-00743,28,Pudukkottai,2025-02-04 23:44:04,LOW,0.8,61,MODERATE,LIMITED_COVERAGE_GAP
RZ-HIST-00744,12,Thanjavur,2025-03-14 21:57:38,LOW,0.7,64,MODERATE,DECELERATING
RZ-HIST-00745,26,Ariyalur,2025-03-31 18:50:25,INSUFFICIENT_DATA,0.3,42,LIMITED,LIMITED_COVERAGE_GAP
RZ-HIST-00746,12,Thanjavur,2025-07-24 06:28:19,LOW,0.7,64,MODERATE,LIMITED_COVERAGE_GAP
RZ-HIST-00747,7,Erode,2025-02-04 02:08:55,WATCH,1.2,75,GOOD,LIMITED_COVERAGE_GAP
RZ-HIST-00748,9,Vellore,2025-05-03 13:58:50,INCREASING,2.2,76,GOOD,DECELERATING
RZ-HIST-00749,21,Kallakurichi,2025-06-12 13:59:07,LOW,0.6,58,LIMITED,DECELERATING
RZ-HIST-00750,13,Thoothukudi,2025-09-23 07:16:32,INCREASING,2.5,86,GOOD,RAPID_ACCELERATION
RZ-HIST-00751,9,Vellore,2026-02-10 14:17:51,INCREASING,2.2,76,GOOD,BASELINE_STABLE
RZ-HIST-00752,18,Tiruvallur,2025-11-22 03:15:14,INCREASING,2.3,80,GOOD,LIMITED_COVERAGE_GAP
RZ-HIST-00753,19,Cuddalore,2025-08-27 19:43:15,LOW,0.8,62,MODERATE,BASELINE_STABLE
RZ-HIST-00754,17,Chengalpattu,2025-11-02 15:31:07,INCREASING,2.1,78,GOOD,LIMITED_COVERAGE_GAP
RZ-HIST-00755,15,Tenkasi,2026-01-03 11:27:15,WATCH,2.3,68,LIMITED,DECELERATING
RZ-HIST-00756,4,Salem,2024-11-26 04:00:37,INCREASING,2.4,82,GOOD,RAPID_ACCELERATION
RZ-HIST-00757,16,Kancheepuram,2025-12-17 15:24:26,WATCH,1,72,GOOD,LIMITED_COVERAGE_GAP
RZ-HIST-00758,17,Chengalpattu,2025-11-05 09:32:21,INCREASING,2.1,78,GOOD,DECELERATING
RZ-HIST-00759,7,Erode,2025-03-16 12:47:54,WATCH,1.2,75,GOOD,LIMITED_COVERAGE_GAP
RZ-HIST-00760,29,Sivaganga,2025-10-07 20:33:47,LOW,0.6,59,LIMITED,DECELERATING
RZ-HIST-00761,28,Pudukkottai,2026-07-31 22:22:43,LOW,0.8,61,MODERATE,BASELINE_STABLE
RZ-HIST-00762,30,Ramanathapuram,2024-12-20 02:00:15,WATCH,1.5,71,MODERATE,RAPID_ACCELERATION
RZ-HIST-00763,8,Tiruppur,2025-11-05 04:56:41,INCREASING,2.8,80,GOOD,BASELINE_STABLE
RZ-HIST-00764,16,Kancheepuram,2024-10-14 09:38:40,WATCH,1,72,GOOD,RAPID_ACCELERATION
RZ-HIST-00765,16,Kancheepuram,2026-07-02 17:54:57,WATCH,1,72,GOOD,DECELERATING
RZ-HIST-00766,14,Kanniyakumari,2025-09-05 13:48:34,WATCH,1.1,70,MODERATE,DECELERATING
RZ-HIST-00767,12,Thanjavur,2024-12-09 00:51:26,LOW,0.7,64,MODERATE,LIMITED_COVERAGE_GAP
RZ-HIST-00768,12,Thanjavur,2026-05-31 09:55:47,LOW,0.7,64,MODERATE,BASELINE_STABLE
RZ-HIST-00769,35,Mayiladuthurai,2026-01-01 09:22:21,LOW,0.6,58,LIMITED,DECELERATING
RZ-HIST-00770,38,Tiruvannamalai,2025-12-13 13:36:28,WATCH,1.1,70,GOOD,BASELINE_STABLE
RZ-HIST-00771,38,Tiruvannamalai,2026-02-14 11:48:13,WATCH,1.1,70,GOOD,BASELINE_STABLE
RZ-HIST-00772,20,Viluppuram,2025-10-08 03:16:01,WATCH,1,65,MODERATE,RAPID_ACCELERATION
RZ-HIST-00773,16,Kancheepuram,2025-07-09 06:30:31,WATCH,1,72,GOOD,DECELERATING
RZ-HIST-00774,19,Cuddalore,2025-02-03 13:43:57,LOW,0.8,62,MODERATE,LIMITED_COVERAGE_GAP
RZ-HIST-00775,16,Kancheepuram,2025-01-22 02:20:19,WATCH,1,72,GOOD,RAPID_ACCELERATION
RZ-HIST-00776,28,Pudukkottai,2025-03-14 03:17:09,LOW,0.8,61,MODERATE,RAPID_ACCELERATION
RZ-HIST-00777,9,Vellore,2026-01-15 07:40:40,INCREASING,2.2,76,GOOD,RAPID_ACCELERATION
RZ-HIST-00778,10,Krishnagiri,2025-06-14 03:40:37,HIGH PREVENTIVE ATTENTION,4.8,85,GOOD,DECELERATING
RZ-HIST-00779,2,Coimbatore,2024-12-17 17:20:58,HIGH PREVENTIVE ATTENTION,6,88,GOOD,DECELERATING
RZ-HIST-00780,22,Dharmapuri,2025-07-05 19:31:31,WATCH,1.4,66,MODERATE,RAPID_ACCELERATION
RZ-HIST-00781,26,Ariyalur,2025-10-05 00:36:09,INSUFFICIENT_DATA,0.3,42,LIMITED,BASELINE_STABLE
RZ-HIST-00782,13,Thoothukudi,2026-06-08 14:52:26,INCREASING,2.5,86,GOOD,BASELINE_STABLE
RZ-HIST-00783,24,Nilgiris,2025-03-20 14:51:18,WATCH,1.8,74,MODERATE,RAPID_ACCELERATION
RZ-HIST-00784,6,Tirunelveli,2025-12-07 02:32:03,WATCH,1,72,MODERATE,LIMITED_COVERAGE_GAP
RZ-HIST-00785,16,Kancheepuram,2025-06-12 16:30:07,WATCH,1,72,GOOD,DECELERATING
RZ-HIST-00786,17,Chengalpattu,2026-07-13 08:28:25,INCREASING,2.1,78,GOOD,DECELERATING
RZ-HIST-00787,15,Tenkasi,2025-10-17 07:55:31,WATCH,2.3,68,LIMITED,RAPID_ACCELERATION
RZ-HIST-00788,37,Tirupathur,2025-01-28 12:34:02,WATCH,1.2,67,MODERATE,BASELINE_STABLE
RZ-HIST-00789,34,Nagapattinam,2026-07-16 00:10:04,WATCH,1.2,68,MODERATE,DECELERATING
RZ-HIST-00790,25,Karur,2025-05-31 08:44:38,LOW,0.7,60,MODERATE,DECELERATING
RZ-HIST-00791,14,Kanniyakumari,2026-03-25 19:51:29,WATCH,1.1,70,MODERATE,BASELINE_STABLE
RZ-HIST-00792,9,Vellore,2024-09-26 08:31:49,INCREASING,2.2,76,GOOD,RAPID_ACCELERATION
RZ-HIST-00793,30,Ramanathapuram,2026-08-15 19:36:56,WATCH,1.5,71,MODERATE,BASELINE_STABLE
RZ-HIST-00794,2,Coimbatore,2024-12-01 09:32:41,HIGH PREVENTIVE ATTENTION,6,88,GOOD,RAPID_ACCELERATION
RZ-HIST-00795,38,Tiruvannamalai,2026-04-14 23:42:43,WATCH,1.1,70,GOOD,BASELINE_STABLE
RZ-HIST-00796,37,Tirupathur,2024-11-18 02:23:15,WATCH,1.2,67,MODERATE,BASELINE_STABLE
RZ-HIST-00797,17,Chengalpattu,2025-06-06 00:52:03,INCREASING,2.1,78,GOOD,RAPID_ACCELERATION
RZ-HIST-00798,17,Chengalpattu,2026-05-26 11:59:02,INCREASING,2.1,78,GOOD,BASELINE_STABLE
RZ-HIST-00799,24,Nilgiris,2026-07-10 17:06:29,WATCH,1.8,74,MODERATE,LIMITED_COVERAGE_GAP
RZ-HIST-00800,8,Tiruppur,2026-05-17 19:09:43,INCREASING,2.8,80,GOOD,RAPID_ACCELERATION
RZ-HIST-00801,8,Tiruppur,2025-10-27 19:02:37,INCREASING,2.8,80,GOOD,RAPID_ACCELERATION
RZ-HIST-00802,11,Dindigul,2026-03-10 00:22:21,WATCH,0.9,68,MODERATE,RAPID_ACCELERATION
RZ-HIST-00803,23,Namakkal,2024-11-27 02:24:19,WATCH,0.9,68,MODERATE,DECELERATING
RZ-HIST-00804,17,Chengalpattu,2026-08-09 02:46:11,INCREASING,2.1,78,GOOD,DECELERATING
RZ-HIST-00805,26,Ariyalur,2024-11-15 19:13:39,INSUFFICIENT_DATA,0.3,42,LIMITED,DECELERATING
RZ-HIST-00806,36,Ranipet,2024-09-28 18:21:36,WATCH,1.6,72,GOOD,RAPID_ACCELERATION
RZ-HIST-00807,9,Vellore,2025-03-19 11:03:50,INCREASING,2.2,76,GOOD,LIMITED_COVERAGE_GAP
RZ-HIST-00808,13,Thoothukudi,2025-08-23 10:19:56,INCREASING,2.5,86,GOOD,RAPID_ACCELERATION
RZ-HIST-00809,36,Ranipet,2025-02-17 11:23:11,WATCH,1.6,72,GOOD,RAPID_ACCELERATION
RZ-HIST-00810,8,Tiruppur,2026-06-15 03:19:12,INCREASING,2.8,80,GOOD,RAPID_ACCELERATION
RZ-HIST-00811,4,Salem,2025-01-24 10:21:51,INCREASING,2.4,82,GOOD,BASELINE_STABLE
RZ-HIST-00812,29,Sivaganga,2026-02-28 03:06:33,LOW,0.6,59,LIMITED,RAPID_ACCELERATION
RZ-HIST-00813,11,Dindigul,2025-04-27 09:22:24,WATCH,0.9,68,MODERATE,LIMITED_COVERAGE_GAP
RZ-HIST-00814,29,Sivaganga,2026-05-15 21:12:53,LOW,0.6,59,LIMITED,DECELERATING
RZ-HIST-00815,13,Thoothukudi,2026-04-21 00:11:29,INCREASING,2.5,86,GOOD,BASELINE_STABLE
RZ-HIST-00816,20,Viluppuram,2025-01-30 11:17:20,WATCH,1,65,MODERATE,DECELERATING
RZ-HIST-00817,1,Chennai,2025-03-22 17:15:36,HIGH PREVENTIVE ATTENTION,3.5,84,GOOD,LIMITED_COVERAGE_GAP
RZ-HIST-00818,8,Tiruppur,2026-05-02 13:02:03,INCREASING,2.8,80,GOOD,LIMITED_COVERAGE_GAP
RZ-HIST-00819,3,Madurai,2025-04-22 05:31:02,INCREASING,2.1,78,GOOD,LIMITED_COVERAGE_GAP
RZ-HIST-00820,34,Nagapattinam,2025-11-09 17:44:19,WATCH,1.2,68,MODERATE,DECELERATING
RZ-HIST-00821,27,Perambalur,2024-10-05 18:52:47,INSUFFICIENT_DATA,0.4,44,LIMITED,DECELERATING
RZ-HIST-00822,22,Dharmapuri,2026-07-13 12:05:08,WATCH,1.4,66,MODERATE,LIMITED_COVERAGE_GAP
RZ-HIST-00823,13,Thoothukudi,2026-05-27 03:48:29,INCREASING,2.5,86,GOOD,BASELINE_STABLE
RZ-HIST-00824,15,Tenkasi,2025-06-26 09:38:02,WATCH,2.3,68,LIMITED,LIMITED_COVERAGE_GAP
RZ-HIST-00825,26,Ariyalur,2025-05-28 09:37:53,INSUFFICIENT_DATA,0.3,42,LIMITED,LIMITED_COVERAGE_GAP
RZ-HIST-00826,19,Cuddalore,2025-08-22 11:03:59,LOW,0.8,62,MODERATE,RAPID_ACCELERATION
RZ-HIST-00827,20,Viluppuram,2025-07-15 08:37:04,WATCH,1,65,MODERATE,BASELINE_STABLE
RZ-HIST-00828,8,Tiruppur,2025-11-21 13:25:42,INCREASING,2.8,80,GOOD,BASELINE_STABLE
RZ-HIST-00829,37,Tirupathur,2026-03-24 05:55:01,WATCH,1.2,67,MODERATE,DECELERATING
RZ-HIST-00830,24,Nilgiris,2026-05-23 12:46:00,WATCH,1.8,74,MODERATE,RAPID_ACCELERATION
RZ-HIST-00831,13,Thoothukudi,2024-10-11 10:14:11,INCREASING,2.5,86,GOOD,BASELINE_STABLE
RZ-HIST-00832,5,Tiruchirappalli,2025-03-10 09:23:38,WATCH,1.1,74,GOOD,LIMITED_COVERAGE_GAP
RZ-HIST-00833,20,Viluppuram,2025-02-13 06:59:07,WATCH,1,65,MODERATE,RAPID_ACCELERATION
RZ-HIST-00834,38,Tiruvannamalai,2026-07-10 08:04:57,WATCH,1.1,70,GOOD,RAPID_ACCELERATION
RZ-HIST-00835,21,Kallakurichi,2026-08-14 22:33:51,LOW,0.6,58,LIMITED,LIMITED_COVERAGE_GAP
RZ-HIST-00836,14,Kanniyakumari,2025-12-12 09:43:14,WATCH,1.1,70,MODERATE,LIMITED_COVERAGE_GAP
RZ-HIST-00837,2,Coimbatore,2026-06-17 22:07:18,HIGH PREVENTIVE ATTENTION,6,88,GOOD,DECELERATING
RZ-HIST-00838,24,Nilgiris,2026-03-24 17:37:20,WATCH,1.8,74,MODERATE,BASELINE_STABLE
RZ-HIST-00839,20,Viluppuram,2024-11-30 09:53:06,WATCH,1,65,MODERATE,DECELERATING
RZ-HIST-00840,20,Viluppuram,2024-10-12 14:44:00,WATCH,1,65,MODERATE,LIMITED_COVERAGE_GAP
RZ-HIST-00841,35,Mayiladuthurai,2025-02-10 19:58:11,LOW,0.6,58,LIMITED,RAPID_ACCELERATION
RZ-HIST-00842,13,Thoothukudi,2025-10-06 07:33:59,INCREASING,2.5,86,GOOD,DECELERATING
RZ-HIST-00843,20,Viluppuram,2025-09-18 10:40:10,WATCH,1,65,MODERATE,LIMITED_COVERAGE_GAP
RZ-HIST-00844,36,Ranipet,2024-10-02 17:48:45,WATCH,1.6,72,GOOD,LIMITED_COVERAGE_GAP
RZ-HIST-00845,32,Theni,2026-07-03 19:00:49,INCREASING,1.9,73,MODERATE,DECELERATING
RZ-HIST-00846,29,Sivaganga,2024-10-28 08:23:06,LOW,0.6,59,LIMITED,BASELINE_STABLE
RZ-HIST-00847,29,Sivaganga,2026-03-10 16:39:03,LOW,0.6,59,LIMITED,LIMITED_COVERAGE_GAP
RZ-HIST-00848,37,Tirupathur,2024-11-08 07:49:51,WATCH,1.2,67,MODERATE,LIMITED_COVERAGE_GAP
RZ-HIST-00849,30,Ramanathapuram,2025-03-26 04:15:05,WATCH,1.5,71,MODERATE,RAPID_ACCELERATION
RZ-HIST-00850,37,Tirupathur,2026-03-19 19:25:14,WATCH,1.2,67,MODERATE,BASELINE_STABLE
RZ-HIST-00851,35,Mayiladuthurai,2025-09-24 20:11:35,LOW,0.6,58,LIMITED,RAPID_ACCELERATION
RZ-HIST-00852,34,Nagapattinam,2025-05-10 00:25:35,WATCH,1.2,68,MODERATE,BASELINE_STABLE
RZ-HIST-00853,33,Thiruvarur,2025-01-09 19:48:06,LOW,0.5,56,LIMITED,DECELERATING
RZ-HIST-00854,33,Thiruvarur,2026-03-28 04:59:25,LOW,0.5,56,LIMITED,LIMITED_COVERAGE_GAP
RZ-HIST-00855,30,Ramanathapuram,2025-07-12 11:09:01,WATCH,1.5,71,MODERATE,BASELINE_STABLE
RZ-HIST-00856,32,Theni,2026-04-28 07:52:55,INCREASING,1.9,73,MODERATE,DECELERATING
RZ-HIST-00857,38,Tiruvannamalai,2025-10-13 10:18:32,WATCH,1.1,70,GOOD,DECELERATING
RZ-HIST-00858,32,Theni,2026-03-27 02:23:58,INCREASING,1.9,73,MODERATE,DECELERATING
RZ-HIST-00859,14,Kanniyakumari,2026-07-02 02:37:17,WATCH,1.1,70,MODERATE,BASELINE_STABLE
RZ-HIST-00860,37,Tirupathur,2026-05-16 14:01:10,WATCH,1.2,67,MODERATE,RAPID_ACCELERATION
RZ-HIST-00861,21,Kallakurichi,2026-01-17 16:21:30,LOW,0.6,58,LIMITED,LIMITED_COVERAGE_GAP
RZ-HIST-00862,8,Tiruppur,2025-02-22 06:58:38,INCREASING,2.8,80,GOOD,LIMITED_COVERAGE_GAP
RZ-HIST-00863,19,Cuddalore,2025-04-01 08:42:40,LOW,0.8,62,MODERATE,BASELINE_STABLE
RZ-HIST-00864,1,Chennai,2026-06-08 00:17:38,HIGH PREVENTIVE ATTENTION,3.5,84,GOOD,BASELINE_STABLE
RZ-HIST-00865,7,Erode,2024-09-28 17:23:32,WATCH,1.2,75,GOOD,DECELERATING
RZ-HIST-00866,37,Tirupathur,2025-08-12 17:09:51,WATCH,1.2,67,MODERATE,LIMITED_COVERAGE_GAP
RZ-HIST-00867,5,Tiruchirappalli,2025-12-18 10:13:12,WATCH,1.1,74,GOOD,BASELINE_STABLE
RZ-HIST-00868,9,Vellore,2025-08-05 10:43:02,INCREASING,2.2,76,GOOD,BASELINE_STABLE
RZ-HIST-00869,22,Dharmapuri,2026-03-10 11:27:45,WATCH,1.4,66,MODERATE,RAPID_ACCELERATION
RZ-HIST-00870,10,Krishnagiri,2025-07-29 05:04:10,HIGH PREVENTIVE ATTENTION,4.8,85,GOOD,DECELERATING
RZ-HIST-00871,5,Tiruchirappalli,2025-10-19 04:02:14,WATCH,1.1,74,GOOD,RAPID_ACCELERATION
RZ-HIST-00872,10,Krishnagiri,2026-05-31 08:18:48,HIGH PREVENTIVE ATTENTION,4.8,85,GOOD,DECELERATING
RZ-HIST-00873,16,Kancheepuram,2024-10-29 12:01:21,WATCH,1,72,GOOD,DECELERATING
RZ-HIST-00874,26,Ariyalur,2024-11-02 12:32:28,INSUFFICIENT_DATA,0.3,42,LIMITED,BASELINE_STABLE
RZ-HIST-00875,30,Ramanathapuram,2026-03-13 13:33:31,WATCH,1.5,71,MODERATE,DECELERATING
RZ-HIST-00876,19,Cuddalore,2024-12-17 19:56:30,LOW,0.8,62,MODERATE,RAPID_ACCELERATION
RZ-HIST-00877,18,Tiruvallur,2025-02-08 09:21:05,INCREASING,2.3,80,GOOD,DECELERATING
RZ-HIST-00878,26,Ariyalur,2025-05-30 05:51:45,INSUFFICIENT_DATA,0.3,42,LIMITED,LIMITED_COVERAGE_GAP
RZ-HIST-00879,17,Chengalpattu,2026-02-09 03:21:00,INCREASING,2.1,78,GOOD,LIMITED_COVERAGE_GAP
RZ-HIST-00880,37,Tirupathur,2026-02-28 16:33:44,WATCH,1.2,67,MODERATE,LIMITED_COVERAGE_GAP
RZ-HIST-00881,28,Pudukkottai,2025-11-04 02:06:03,LOW,0.8,61,MODERATE,LIMITED_COVERAGE_GAP
RZ-HIST-00882,9,Vellore,2025-06-01 11:02:52,INCREASING,2.2,76,GOOD,LIMITED_COVERAGE_GAP
RZ-HIST-00883,5,Tiruchirappalli,2025-06-27 11:57:02,WATCH,1.1,74,GOOD,RAPID_ACCELERATION
RZ-HIST-00884,23,Namakkal,2026-08-07 04:48:10,WATCH,0.9,68,MODERATE,RAPID_ACCELERATION
RZ-HIST-00885,15,Tenkasi,2026-01-31 12:39:17,WATCH,2.3,68,LIMITED,BASELINE_STABLE
RZ-HIST-00886,9,Vellore,2026-04-12 19:09:40,INCREASING,2.2,76,GOOD,DECELERATING
RZ-HIST-00887,30,Ramanathapuram,2024-11-16 04:00:55,WATCH,1.5,71,MODERATE,BASELINE_STABLE
RZ-HIST-00888,9,Vellore,2026-01-04 00:17:34,INCREASING,2.2,76,GOOD,LIMITED_COVERAGE_GAP
RZ-HIST-00889,23,Namakkal,2026-07-25 14:59:23,WATCH,0.9,68,MODERATE,RAPID_ACCELERATION
RZ-HIST-00890,25,Karur,2025-05-03 17:29:40,LOW,0.7,60,MODERATE,LIMITED_COVERAGE_GAP
RZ-HIST-00891,36,Ranipet,2026-04-05 14:21:15,WATCH,1.6,72,GOOD,BASELINE_STABLE
RZ-HIST-00892,31,Virudhunagar,2025-04-27 17:10:47,WATCH,1,69,MODERATE,DECELERATING
RZ-HIST-00893,8,Tiruppur,2025-03-16 07:28:07,INCREASING,2.8,80,GOOD,RAPID_ACCELERATION
RZ-HIST-00894,4,Salem,2025-04-11 04:44:22,INCREASING,2.4,82,GOOD,RAPID_ACCELERATION
RZ-HIST-00895,30,Ramanathapuram,2026-07-10 07:36:33,WATCH,1.5,71,MODERATE,DECELERATING
RZ-HIST-00896,22,Dharmapuri,2025-03-13 18:41:14,WATCH,1.4,66,MODERATE,BASELINE_STABLE
RZ-HIST-00897,13,Thoothukudi,2024-10-22 15:35:17,INCREASING,2.5,86,GOOD,BASELINE_STABLE
RZ-HIST-00898,5,Tiruchirappalli,2026-04-19 04:34:46,WATCH,1.1,74,GOOD,DECELERATING
RZ-HIST-00899,8,Tiruppur,2026-06-28 17:24:30,INCREASING,2.8,80,GOOD,LIMITED_COVERAGE_GAP
RZ-HIST-00900,35,Mayiladuthurai,2025-07-30 02:09:55,LOW,0.6,58,LIMITED,LIMITED_COVERAGE_GAP
RZ-HIST-00901,32,Theni,2025-02-14 22:10:43,INCREASING,1.9,73,MODERATE,LIMITED_COVERAGE_GAP
RZ-HIST-00902,19,Cuddalore,2026-08-02 01:08:02,LOW,0.8,62,MODERATE,RAPID_ACCELERATION
RZ-HIST-00903,22,Dharmapuri,2025-11-08 14:29:52,WATCH,1.4,66,MODERATE,DECELERATING
RZ-HIST-00904,2,Coimbatore,2025-02-24 21:26:12,HIGH PREVENTIVE ATTENTION,6,88,GOOD,RAPID_ACCELERATION
RZ-HIST-00905,8,Tiruppur,2025-11-14 20:42:13,INCREASING,2.8,80,GOOD,RAPID_ACCELERATION
RZ-HIST-00906,1,Chennai,2026-06-01 23:49:47,HIGH PREVENTIVE ATTENTION,3.5,84,GOOD,RAPID_ACCELERATION
RZ-HIST-00907,6,Tirunelveli,2026-01-19 01:03:30,WATCH,1,72,MODERATE,LIMITED_COVERAGE_GAP
RZ-HIST-00908,7,Erode,2025-08-31 16:07:34,WATCH,1.2,75,GOOD,BASELINE_STABLE
RZ-HIST-00909,19,Cuddalore,2025-04-16 04:28:27,LOW,0.8,62,MODERATE,BASELINE_STABLE
RZ-HIST-00910,12,Thanjavur,2024-09-22 06:43:04,LOW,0.7,64,MODERATE,RAPID_ACCELERATION
RZ-HIST-00911,26,Ariyalur,2026-04-11 20:22:22,INSUFFICIENT_DATA,0.3,42,LIMITED,DECELERATING
RZ-HIST-00912,36,Ranipet,2025-05-25 22:22:12,WATCH,1.6,72,GOOD,LIMITED_COVERAGE_GAP
RZ-HIST-00913,23,Namakkal,2025-04-30 20:32:55,WATCH,0.9,68,MODERATE,RAPID_ACCELERATION
RZ-HIST-00914,3,Madurai,2025-06-18 19:09:35,INCREASING,2.1,78,GOOD,DECELERATING
RZ-HIST-00915,27,Perambalur,2025-03-25 16:51:38,INSUFFICIENT_DATA,0.4,44,LIMITED,RAPID_ACCELERATION
RZ-HIST-00916,18,Tiruvallur,2025-06-13 06:10:13,INCREASING,2.3,80,GOOD,DECELERATING
RZ-HIST-00917,15,Tenkasi,2026-03-06 14:13:27,WATCH,2.3,68,LIMITED,BASELINE_STABLE
RZ-HIST-00918,4,Salem,2024-11-05 10:51:28,INCREASING,2.4,82,GOOD,RAPID_ACCELERATION
RZ-HIST-00919,28,Pudukkottai,2025-01-26 00:43:30,LOW,0.8,61,MODERATE,DECELERATING
RZ-HIST-00920,36,Ranipet,2025-08-02 06:41:50,WATCH,1.6,72,GOOD,DECELERATING
RZ-HIST-00921,21,Kallakurichi,2026-07-19 00:35:53,LOW,0.6,58,LIMITED,RAPID_ACCELERATION
RZ-HIST-00922,37,Tirupathur,2024-10-26 19:02:27,WATCH,1.2,67,MODERATE,BASELINE_STABLE
RZ-HIST-00923,1,Chennai,2026-01-30 11:10:34,HIGH PREVENTIVE ATTENTION,3.5,84,GOOD,BASELINE_STABLE
RZ-HIST-00924,7,Erode,2026-06-07 19:18:02,WATCH,1.2,75,GOOD,LIMITED_COVERAGE_GAP
RZ-HIST-00925,13,Thoothukudi,2025-12-31 21:21:40,INCREASING,2.5,86,GOOD,BASELINE_STABLE
RZ-HIST-00926,5,Tiruchirappalli,2025-06-03 13:28:33,WATCH,1.1,74,GOOD,RAPID_ACCELERATION
RZ-HIST-00927,32,Theni,2026-01-07 11:31:02,INCREASING,1.9,73,MODERATE,LIMITED_COVERAGE_GAP
RZ-HIST-00928,33,Thiruvarur,2025-09-16 17:12:13,LOW,0.5,56,LIMITED,LIMITED_COVERAGE_GAP
RZ-HIST-00929,13,Thoothukudi,2025-06-18 11:44:35,INCREASING,2.5,86,GOOD,DECELERATING
RZ-HIST-00930,3,Madurai,2024-12-26 11:51:49,INCREASING,2.1,78,GOOD,DECELERATING
RZ-HIST-00931,17,Chengalpattu,2025-02-28 10:41:16,INCREASING,2.1,78,GOOD,LIMITED_COVERAGE_GAP
RZ-HIST-00932,31,Virudhunagar,2026-04-15 21:33:00,WATCH,1,69,MODERATE,DECELERATING
RZ-HIST-00933,29,Sivaganga,2025-01-11 12:04:09,LOW,0.6,59,LIMITED,BASELINE_STABLE
RZ-HIST-00934,38,Tiruvannamalai,2025-03-08 18:03:03,WATCH,1.1,70,GOOD,RAPID_ACCELERATION
RZ-HIST-00935,10,Krishnagiri,2026-03-02 14:51:29,HIGH PREVENTIVE ATTENTION,4.8,85,GOOD,RAPID_ACCELERATION
RZ-HIST-00936,18,Tiruvallur,2025-06-27 00:33:58,INCREASING,2.3,80,GOOD,BASELINE_STABLE
RZ-HIST-00937,11,Dindigul,2025-09-14 14:54:33,WATCH,0.9,68,MODERATE,DECELERATING
RZ-HIST-00938,12,Thanjavur,2025-10-04 22:54:52,LOW,0.7,64,MODERATE,RAPID_ACCELERATION
RZ-HIST-00939,21,Kallakurichi,2024-11-28 05:05:58,LOW,0.6,58,LIMITED,BASELINE_STABLE
RZ-HIST-00940,32,Theni,2026-01-03 23:49:59,INCREASING,1.9,73,MODERATE,DECELERATING
RZ-HIST-00941,8,Tiruppur,2025-06-20 10:24:26,INCREASING,2.8,80,GOOD,BASELINE_STABLE
RZ-HIST-00942,2,Coimbatore,2025-10-30 12:36:42,HIGH PREVENTIVE ATTENTION,6,88,GOOD,RAPID_ACCELERATION
RZ-HIST-00943,4,Salem,2025-12-14 09:57:53,INCREASING,2.4,82,GOOD,DECELERATING
RZ-HIST-00944,7,Erode,2024-12-27 05:50:41,WATCH,1.2,75,GOOD,BASELINE_STABLE
RZ-HIST-00945,34,Nagapattinam,2026-06-18 13:00:09,WATCH,1.2,68,MODERATE,DECELERATING
RZ-HIST-00946,29,Sivaganga,2026-07-22 23:09:51,LOW,0.6,59,LIMITED,RAPID_ACCELERATION
RZ-HIST-00947,19,Cuddalore,2025-10-10 21:40:47,LOW,0.8,62,MODERATE,DECELERATING
RZ-HIST-00948,5,Tiruchirappalli,2026-01-17 08:44:23,WATCH,1.1,74,GOOD,DECELERATING
RZ-HIST-00949,35,Mayiladuthurai,2024-10-06 10:03:59,LOW,0.6,58,LIMITED,BASELINE_STABLE
RZ-HIST-00950,17,Chengalpattu,2025-08-07 04:26:25,INCREASING,2.1,78,GOOD,RAPID_ACCELERATION
RZ-HIST-00951,20,Viluppuram,2026-07-12 03:36:58,WATCH,1,65,MODERATE,RAPID_ACCELERATION
RZ-HIST-00952,6,Tirunelveli,2026-07-27 19:27:50,WATCH,1,72,MODERATE,RAPID_ACCELERATION
RZ-HIST-00953,30,Ramanathapuram,2025-07-27 05:39:01,WATCH,1.5,71,MODERATE,DECELERATING
RZ-HIST-00954,12,Thanjavur,2025-08-15 15:53:44,LOW,0.7,64,MODERATE,DECELERATING
RZ-HIST-00955,9,Vellore,2026-08-10 23:15:26,INCREASING,2.2,76,GOOD,RAPID_ACCELERATION
RZ-HIST-00956,27,Perambalur,2026-01-02 02:48:20,INSUFFICIENT_DATA,0.4,44,LIMITED,LIMITED_COVERAGE_GAP
RZ-HIST-00957,25,Karur,2025-10-14 10:20:40,LOW,0.7,60,MODERATE,BASELINE_STABLE
RZ-HIST-00958,18,Tiruvallur,2024-11-21 19:12:47,INCREASING,2.3,80,GOOD,RAPID_ACCELERATION
RZ-HIST-00959,25,Karur,2026-06-03 14:34:39,LOW,0.7,60,MODERATE,LIMITED_COVERAGE_GAP
RZ-HIST-00960,24,Nilgiris,2025-01-16 21:57:05,WATCH,1.8,74,MODERATE,LIMITED_COVERAGE_GAP
RZ-HIST-00961,24,Nilgiris,2025-10-06 00:13:01,WATCH,1.8,74,MODERATE,DECELERATING
RZ-HIST-00962,14,Kanniyakumari,2025-02-15 11:51:17,WATCH,1.1,70,MODERATE,RAPID_ACCELERATION
RZ-HIST-00963,36,Ranipet,2026-06-07 04:13:56,WATCH,1.6,72,GOOD,BASELINE_STABLE
RZ-HIST-00964,25,Karur,2026-03-11 04:17:18,LOW,0.7,60,MODERATE,LIMITED_COVERAGE_GAP
RZ-HIST-00965,16,Kancheepuram,2025-05-17 06:49:42,WATCH,1,72,GOOD,BASELINE_STABLE
RZ-HIST-00966,37,Tirupathur,2026-01-21 07:42:13,WATCH,1.2,67,MODERATE,LIMITED_COVERAGE_GAP
RZ-HIST-00967,16,Kancheepuram,2025-08-24 07:13:08,WATCH,1,72,GOOD,BASELINE_STABLE
RZ-HIST-00968,36,Ranipet,2025-11-18 12:25:06,WATCH,1.6,72,GOOD,DECELERATING
RZ-HIST-00969,18,Tiruvallur,2026-08-12 13:27:02,INCREASING,2.3,80,GOOD,LIMITED_COVERAGE_GAP
RZ-HIST-00970,30,Ramanathapuram,2024-11-20 12:08:05,WATCH,1.5,71,MODERATE,LIMITED_COVERAGE_GAP
RZ-HIST-00971,16,Kancheepuram,2024-10-12 18:33:23,WATCH,1,72,GOOD,DECELERATING
RZ-HIST-00972,6,Tirunelveli,2025-04-20 08:09:15,WATCH,1,72,MODERATE,LIMITED_COVERAGE_GAP
RZ-HIST-00973,11,Dindigul,2025-09-01 21:30:07,WATCH,0.9,68,MODERATE,BASELINE_STABLE
RZ-HIST-00974,23,Namakkal,2025-02-09 15:50:52,WATCH,0.9,68,MODERATE,DECELERATING
RZ-HIST-00975,26,Ariyalur,2025-09-04 20:36:03,INSUFFICIENT_DATA,0.3,42,LIMITED,BASELINE_STABLE
RZ-HIST-00976,15,Tenkasi,2025-04-18 11:27:47,WATCH,2.3,68,LIMITED,LIMITED_COVERAGE_GAP
RZ-HIST-00977,17,Chengalpattu,2025-03-31 15:05:36,INCREASING,2.1,78,GOOD,LIMITED_COVERAGE_GAP
RZ-HIST-00978,38,Tiruvannamalai,2025-04-21 11:12:12,WATCH,1.1,70,GOOD,BASELINE_STABLE
RZ-HIST-00979,21,Kallakurichi,2025-01-11 15:00:30,LOW,0.6,58,LIMITED,DECELERATING
RZ-HIST-00980,20,Viluppuram,2025-02-16 14:36:16,WATCH,1,65,MODERATE,LIMITED_COVERAGE_GAP
RZ-HIST-00981,20,Viluppuram,2025-03-29 13:18:32,WATCH,1,65,MODERATE,LIMITED_COVERAGE_GAP
RZ-HIST-00982,12,Thanjavur,2025-12-28 14:36:46,LOW,0.7,64,MODERATE,DECELERATING
RZ-HIST-00983,2,Coimbatore,2026-01-15 02:58:30,HIGH PREVENTIVE ATTENTION,6,88,GOOD,BASELINE_STABLE
RZ-HIST-00984,9,Vellore,2026-04-09 13:37:02,INCREASING,2.2,76,GOOD,RAPID_ACCELERATION
RZ-HIST-00985,6,Tirunelveli,2026-06-30 23:13:27,WATCH,1,72,MODERATE,DECELERATING
RZ-HIST-00986,35,Mayiladuthurai,2025-10-31 16:32:40,LOW,0.6,58,LIMITED,DECELERATING
RZ-HIST-00987,5,Tiruchirappalli,2025-06-17 23:29:29,WATCH,1.1,74,GOOD,LIMITED_COVERAGE_GAP
RZ-HIST-00988,26,Ariyalur,2026-02-06 21:50:46,INSUFFICIENT_DATA,0.3,42,LIMITED,BASELINE_STABLE
RZ-HIST-00989,19,Cuddalore,2024-11-25 13:08:42,LOW,0.8,62,MODERATE,RAPID_ACCELERATION
RZ-HIST-00990,17,Chengalpattu,2025-04-03 01:03:10,INCREASING,2.1,78,GOOD,BASELINE_STABLE
RZ-HIST-00991,26,Ariyalur,2026-02-20 22:58:26,INSUFFICIENT_DATA,0.3,42,LIMITED,LIMITED_COVERAGE_GAP
RZ-HIST-00992,30,Ramanathapuram,2025-07-15 14:16:16,WATCH,1.5,71,MODERATE,LIMITED_COVERAGE_GAP
RZ-HIST-00993,11,Dindigul,2024-12-08 07:19:37,WATCH,0.9,68,MODERATE,DECELERATING
RZ-HIST-00994,13,Thoothukudi,2025-12-18 14:39:52,INCREASING,2.5,86,GOOD,RAPID_ACCELERATION
RZ-HIST-00995,7,Erode,2025-01-15 01:17:28,WATCH,1.2,75,GOOD,LIMITED_COVERAGE_GAP
RZ-HIST-00996,23,Namakkal,2024-11-27 08:53:25,WATCH,0.9,68,MODERATE,DECELERATING
RZ-HIST-00997,14,Kanniyakumari,2026-07-23 00:14:49,WATCH,1.1,70,MODERATE,LIMITED_COVERAGE_GAP
RZ-HIST-00998,23,Namakkal,2025-12-12 01:22:45,WATCH,0.9,68,MODERATE,BASELINE_STABLE
RZ-HIST-00999,29,Sivaganga,2024-10-16 20:52:57,LOW,0.6,59,LIMITED,LIMITED_COVERAGE_GAP
RZ-HIST-01000,32,Theni,2026-04-08 01:04:54,INCREASING,1.9,73,MODERATE,DECELERATING
RZ-HIST-01001,22,Dharmapuri,2024-09-26 22:30:55,WATCH,1.4,66,MODERATE,RAPID_ACCELERATION
RZ-HIST-01002,1,Chennai,2025-10-02 05:05:32,HIGH PREVENTIVE ATTENTION,3.5,84,GOOD,RAPID_ACCELERATION
RZ-HIST-01003,22,Dharmapuri,2025-09-26 19:33:15,WATCH,1.4,66,MODERATE,RAPID_ACCELERATION
RZ-HIST-01004,13,Thoothukudi,2025-07-19 00:06:46,INCREASING,2.5,86,GOOD,LIMITED_COVERAGE_GAP
RZ-HIST-01005,5,Tiruchirappalli,2024-12-25 08:43:52,WATCH,1.1,74,GOOD,DECELERATING
RZ-HIST-01006,2,Coimbatore,2025-11-01 05:34:22,HIGH PREVENTIVE ATTENTION,6,88,GOOD,LIMITED_COVERAGE_GAP
RZ-HIST-01007,37,Tirupathur,2026-02-24 16:49:16,WATCH,1.2,67,MODERATE,BASELINE_STABLE
RZ-HIST-01008,2,Coimbatore,2025-10-28 02:17:51,HIGH PREVENTIVE ATTENTION,6,88,GOOD,RAPID_ACCELERATION
RZ-HIST-01009,29,Sivaganga,2024-11-29 12:09:28,LOW,0.6,59,LIMITED,RAPID_ACCELERATION
RZ-HIST-01010,28,Pudukkottai,2025-02-26 21:36:41,LOW,0.8,61,MODERATE,BASELINE_STABLE
RZ-HIST-01011,3,Madurai,2025-06-27 00:55:53,INCREASING,2.1,78,GOOD,DECELERATING
RZ-HIST-01012,36,Ranipet,2025-07-04 08:06:01,WATCH,1.6,72,GOOD,LIMITED_COVERAGE_GAP
RZ-HIST-01013,23,Namakkal,2025-11-02 13:52:30,WATCH,0.9,68,MODERATE,DECELERATING
RZ-HIST-01014,33,Thiruvarur,2025-10-22 18:09:08,LOW,0.5,56,LIMITED,LIMITED_COVERAGE_GAP
RZ-HIST-01015,17,Chengalpattu,2026-01-05 02:19:01,INCREASING,2.1,78,GOOD,RAPID_ACCELERATION
RZ-HIST-01016,16,Kancheepuram,2024-11-30 06:27:54,WATCH,1,72,GOOD,BASELINE_STABLE
RZ-HIST-01017,31,Virudhunagar,2024-11-04 07:24:08,WATCH,1,69,MODERATE,BASELINE_STABLE
RZ-HIST-01018,12,Thanjavur,2026-06-16 08:16:04,LOW,0.7,64,MODERATE,RAPID_ACCELERATION
RZ-HIST-01019,38,Tiruvannamalai,2025-06-12 04:02:24,WATCH,1.1,70,GOOD,LIMITED_COVERAGE_GAP
RZ-HIST-01020,21,Kallakurichi,2026-04-09 15:12:47,LOW,0.6,58,LIMITED,DECELERATING
RZ-HIST-01021,23,Namakkal,2025-04-15 01:54:49,WATCH,0.9,68,MODERATE,BASELINE_STABLE
RZ-HIST-01022,7,Erode,2026-04-22 04:43:37,WATCH,1.2,75,GOOD,DECELERATING
RZ-HIST-01023,18,Tiruvallur,2025-09-29 02:57:54,INCREASING,2.3,80,GOOD,LIMITED_COVERAGE_GAP
RZ-HIST-01024,18,Tiruvallur,2026-05-06 20:45:34,INCREASING,2.3,80,GOOD,DECELERATING
RZ-HIST-01025,22,Dharmapuri,2025-09-16 07:37:11,WATCH,1.4,66,MODERATE,LIMITED_COVERAGE_GAP
RZ-HIST-01026,23,Namakkal,2026-06-05 04:56:50,WATCH,0.9,68,MODERATE,LIMITED_COVERAGE_GAP
RZ-HIST-01027,11,Dindigul,2025-09-01 13:11:48,WATCH,0.9,68,MODERATE,LIMITED_COVERAGE_GAP
RZ-HIST-01028,15,Tenkasi,2025-12-01 19:33:06,WATCH,2.3,68,LIMITED,DECELERATING
RZ-HIST-01029,23,Namakkal,2025-11-22 05:34:49,WATCH,0.9,68,MODERATE,DECELERATING
RZ-HIST-01030,9,Vellore,2025-04-26 09:51:43,INCREASING,2.2,76,GOOD,RAPID_ACCELERATION
RZ-HIST-01031,34,Nagapattinam,2026-04-04 06:04:40,WATCH,1.2,68,MODERATE,LIMITED_COVERAGE_GAP
RZ-HIST-01032,16,Kancheepuram,2025-03-12 04:07:01,WATCH,1,72,GOOD,RAPID_ACCELERATION
RZ-HIST-01033,6,Tirunelveli,2024-10-20 18:50:55,WATCH,1,72,MODERATE,RAPID_ACCELERATION
RZ-HIST-01034,6,Tirunelveli,2025-07-23 00:26:15,WATCH,1,72,MODERATE,RAPID_ACCELERATION
RZ-HIST-01035,26,Ariyalur,2025-04-22 11:50:32,INSUFFICIENT_DATA,0.3,42,LIMITED,DECELERATING
RZ-HIST-01036,28,Pudukkottai,2025-05-25 18:10:41,LOW,0.8,61,MODERATE,LIMITED_COVERAGE_GAP
RZ-HIST-01037,30,Ramanathapuram,2024-12-22 04:23:46,WATCH,1.5,71,MODERATE,RAPID_ACCELERATION
RZ-HIST-01038,29,Sivaganga,2025-03-28 18:32:55,LOW,0.6,59,LIMITED,DECELERATING
RZ-HIST-01039,28,Pudukkottai,2025-03-31 14:33:53,LOW,0.8,61,MODERATE,RAPID_ACCELERATION
RZ-HIST-01040,33,Thiruvarur,2026-06-10 20:01:45,LOW,0.5,56,LIMITED,DECELERATING
RZ-HIST-01041,31,Virudhunagar,2025-04-30 23:29:16,WATCH,1,69,MODERATE,BASELINE_STABLE
RZ-HIST-01042,29,Sivaganga,2024-12-11 16:14:06,LOW,0.6,59,LIMITED,BASELINE_STABLE
RZ-HIST-01043,10,Krishnagiri,2024-11-20 14:58:10,HIGH PREVENTIVE ATTENTION,4.8,85,GOOD,RAPID_ACCELERATION
RZ-HIST-01044,38,Tiruvannamalai,2024-09-22 16:15:57,WATCH,1.1,70,GOOD,BASELINE_STABLE
RZ-HIST-01045,35,Mayiladuthurai,2025-01-16 13:43:40,LOW,0.6,58,LIMITED,RAPID_ACCELERATION
RZ-HIST-01046,10,Krishnagiri,2026-07-05 12:00:44,HIGH PREVENTIVE ATTENTION,4.8,85,GOOD,DECELERATING
RZ-HIST-01047,10,Krishnagiri,2024-11-01 16:49:40,HIGH PREVENTIVE ATTENTION,4.8,85,GOOD,RAPID_ACCELERATION
RZ-HIST-01048,38,Tiruvannamalai,2025-08-05 02:09:53,WATCH,1.1,70,GOOD,BASELINE_STABLE
RZ-HIST-01049,35,Mayiladuthurai,2025-06-13 20:41:18,LOW,0.6,58,LIMITED,LIMITED_COVERAGE_GAP
RZ-HIST-01050,32,Theni,2024-10-05 20:42:30,INCREASING,1.9,73,MODERATE,BASELINE_STABLE
RZ-HIST-01051,5,Tiruchirappalli,2026-04-03 03:37:10,WATCH,1.1,74,GOOD,RAPID_ACCELERATION
RZ-HIST-01052,28,Pudukkottai,2025-05-19 00:16:18,LOW,0.8,61,MODERATE,BASELINE_STABLE
RZ-HIST-01053,3,Madurai,2026-03-28 16:54:53,INCREASING,2.1,78,GOOD,BASELINE_STABLE
RZ-HIST-01054,5,Tiruchirappalli,2026-04-21 13:36:16,WATCH,1.1,74,GOOD,BASELINE_STABLE
RZ-HIST-01055,27,Perambalur,2025-12-27 08:46:37,INSUFFICIENT_DATA,0.4,44,LIMITED,LIMITED_COVERAGE_GAP
RZ-HIST-01056,28,Pudukkottai,2026-03-24 03:39:04,LOW,0.8,61,MODERATE,DECELERATING
RZ-HIST-01057,12,Thanjavur,2026-01-29 13:04:40,LOW,0.7,64,MODERATE,DECELERATING
RZ-HIST-01058,6,Tirunelveli,2025-11-24 03:27:43,WATCH,1,72,MODERATE,RAPID_ACCELERATION
RZ-HIST-01059,7,Erode,2026-06-20 04:34:59,WATCH,1.2,75,GOOD,LIMITED_COVERAGE_GAP
RZ-HIST-01060,29,Sivaganga,2026-03-19 02:34:34,LOW,0.6,59,LIMITED,RAPID_ACCELERATION
RZ-HIST-01061,22,Dharmapuri,2026-05-27 01:55:33,WATCH,1.4,66,MODERATE,BASELINE_STABLE
RZ-HIST-01062,16,Kancheepuram,2025-05-25 16:54:15,WATCH,1,72,GOOD,LIMITED_COVERAGE_GAP
RZ-HIST-01063,2,Coimbatore,2025-05-10 15:29:19,HIGH PREVENTIVE ATTENTION,6,88,GOOD,BASELINE_STABLE
RZ-HIST-01064,31,Virudhunagar,2026-05-16 14:54:14,WATCH,1,69,MODERATE,BASELINE_STABLE
RZ-HIST-01065,4,Salem,2025-08-13 19:30:07,INCREASING,2.4,82,GOOD,DECELERATING
RZ-HIST-01066,11,Dindigul,2026-07-30 23:15:11,WATCH,0.9,68,MODERATE,DECELERATING
RZ-HIST-01067,21,Kallakurichi,2025-05-15 22:20:37,LOW,0.6,58,LIMITED,BASELINE_STABLE
RZ-HIST-01068,33,Thiruvarur,2025-11-19 21:53:17,LOW,0.5,56,LIMITED,DECELERATING
RZ-HIST-01069,15,Tenkasi,2026-08-13 10:59:18,WATCH,2.3,68,LIMITED,BASELINE_STABLE
RZ-HIST-01070,15,Tenkasi,2025-10-12 22:31:43,WATCH,2.3,68,LIMITED,LIMITED_COVERAGE_GAP
RZ-HIST-01071,15,Tenkasi,2025-07-09 04:12:44,WATCH,2.3,68,LIMITED,RAPID_ACCELERATION
RZ-HIST-01072,37,Tirupathur,2026-05-03 01:47:32,WATCH,1.2,67,MODERATE,BASELINE_STABLE
RZ-HIST-01073,29,Sivaganga,2025-11-13 12:47:34,LOW,0.6,59,LIMITED,DECELERATING
RZ-HIST-01074,29,Sivaganga,2025-02-28 00:37:38,LOW,0.6,59,LIMITED,RAPID_ACCELERATION
RZ-HIST-01075,34,Nagapattinam,2025-06-01 04:21:12,WATCH,1.2,68,MODERATE,LIMITED_COVERAGE_GAP
RZ-HIST-01076,7,Erode,2024-10-07 20:26:49,WATCH,1.2,75,GOOD,LIMITED_COVERAGE_GAP
RZ-HIST-01077,27,Perambalur,2026-05-29 05:53:18,INSUFFICIENT_DATA,0.4,44,LIMITED,BASELINE_STABLE
RZ-HIST-01078,13,Thoothukudi,2026-05-31 20:59:00,INCREASING,2.5,86,GOOD,BASELINE_STABLE
RZ-HIST-01079,38,Tiruvannamalai,2025-11-20 12:27:12,WATCH,1.1,70,GOOD,LIMITED_COVERAGE_GAP
RZ-HIST-01080,34,Nagapattinam,2025-01-10 09:27:10,WATCH,1.2,68,MODERATE,RAPID_ACCELERATION
RZ-HIST-01081,21,Kallakurichi,2025-07-22 23:08:53,LOW,0.6,58,LIMITED,LIMITED_COVERAGE_GAP
RZ-HIST-01082,32,Theni,2025-03-15 02:52:43,INCREASING,1.9,73,MODERATE,DECELERATING
RZ-HIST-01083,35,Mayiladuthurai,2026-06-30 23:28:57,LOW,0.6,58,LIMITED,LIMITED_COVERAGE_GAP
RZ-HIST-01084,4,Salem,2025-10-24 04:21:08,INCREASING,2.4,82,GOOD,LIMITED_COVERAGE_GAP
RZ-HIST-01085,35,Mayiladuthurai,2026-08-05 07:40:55,LOW,0.6,58,LIMITED,DECELERATING
RZ-HIST-01086,10,Krishnagiri,2025-05-09 14:35:42,HIGH PREVENTIVE ATTENTION,4.8,85,GOOD,RAPID_ACCELERATION
RZ-HIST-01087,17,Chengalpattu,2025-09-09 20:28:45,INCREASING,2.1,78,GOOD,BASELINE_STABLE
RZ-HIST-01088,1,Chennai,2025-05-20 14:26:49,HIGH PREVENTIVE ATTENTION,3.5,84,GOOD,RAPID_ACCELERATION
RZ-HIST-01089,2,Coimbatore,2025-08-16 17:30:44,HIGH PREVENTIVE ATTENTION,6,88,GOOD,RAPID_ACCELERATION
RZ-HIST-01090,28,Pudukkottai,2026-01-17 22:03:26,LOW,0.8,61,MODERATE,BASELINE_STABLE
RZ-HIST-01091,27,Perambalur,2024-12-03 02:10:20,INSUFFICIENT_DATA,0.4,44,LIMITED,BASELINE_STABLE
RZ-HIST-01092,25,Karur,2025-11-24 01:34:17,LOW,0.7,60,MODERATE,LIMITED_COVERAGE_GAP
RZ-HIST-01093,6,Tirunelveli,2025-03-04 09:22:52,WATCH,1,72,MODERATE,RAPID_ACCELERATION
RZ-HIST-01094,16,Kancheepuram,2024-12-23 05:44:14,WATCH,1,72,GOOD,LIMITED_COVERAGE_GAP
RZ-HIST-01095,20,Viluppuram,2025-04-23 16:36:42,WATCH,1,65,MODERATE,RAPID_ACCELERATION
RZ-HIST-01096,22,Dharmapuri,2025-09-21 17:26:41,WATCH,1.4,66,MODERATE,RAPID_ACCELERATION
RZ-HIST-01097,34,Nagapattinam,2026-03-31 13:57:21,WATCH,1.2,68,MODERATE,DECELERATING
RZ-HIST-01098,34,Nagapattinam,2026-06-29 15:50:18,WATCH,1.2,68,MODERATE,LIMITED_COVERAGE_GAP
RZ-HIST-01099,8,Tiruppur,2025-05-01 02:31:02,INCREASING,2.8,80,GOOD,DECELERATING
RZ-HIST-01100,25,Karur,2025-01-06 00:21:35,LOW,0.7,60,MODERATE,DECELERATING
RZ-HIST-01101,5,Tiruchirappalli,2026-04-30 07:22:01,WATCH,1.1,74,GOOD,LIMITED_COVERAGE_GAP
RZ-HIST-01102,28,Pudukkottai,2026-03-31 01:51:52,LOW,0.8,61,MODERATE,DECELERATING
RZ-HIST-01103,26,Ariyalur,2024-12-26 04:37:39,INSUFFICIENT_DATA,0.3,42,LIMITED,BASELINE_STABLE
RZ-HIST-01104,15,Tenkasi,2025-05-06 20:17:03,WATCH,2.3,68,LIMITED,DECELERATING
RZ-HIST-01105,14,Kanniyakumari,2025-08-15 14:50:25,WATCH,1.1,70,MODERATE,DECELERATING
RZ-HIST-01106,1,Chennai,2026-05-08 14:21:20,HIGH PREVENTIVE ATTENTION,3.5,84,GOOD,DECELERATING
RZ-HIST-01107,28,Pudukkottai,2026-04-10 11:47:54,LOW,0.8,61,MODERATE,RAPID_ACCELERATION
RZ-HIST-01108,26,Ariyalur,2026-03-31 05:34:57,INSUFFICIENT_DATA,0.3,42,LIMITED,RAPID_ACCELERATION
RZ-HIST-01109,23,Namakkal,2025-04-10 18:54:22,WATCH,0.9,68,MODERATE,LIMITED_COVERAGE_GAP
RZ-HIST-01110,11,Dindigul,2026-02-26 11:46:01,WATCH,0.9,68,MODERATE,DECELERATING
RZ-HIST-01111,3,Madurai,2026-08-09 00:10:09,INCREASING,2.1,78,GOOD,BASELINE_STABLE
RZ-HIST-01112,10,Krishnagiri,2024-10-09 12:32:00,HIGH PREVENTIVE ATTENTION,4.8,85,GOOD,DECELERATING
RZ-HIST-01113,38,Tiruvannamalai,2025-02-10 06:47:25,WATCH,1.1,70,GOOD,BASELINE_STABLE
RZ-HIST-01114,25,Karur,2024-11-05 10:33:41,LOW,0.7,60,MODERATE,BASELINE_STABLE
RZ-HIST-01115,23,Namakkal,2025-08-22 18:08:52,WATCH,0.9,68,MODERATE,DECELERATING
RZ-HIST-01116,29,Sivaganga,2026-07-08 04:35:33,LOW,0.6,59,LIMITED,BASELINE_STABLE
RZ-HIST-01117,22,Dharmapuri,2025-03-06 21:55:06,WATCH,1.4,66,MODERATE,LIMITED_COVERAGE_GAP
RZ-HIST-01118,17,Chengalpattu,2026-03-22 22:00:20,INCREASING,2.1,78,GOOD,DECELERATING
RZ-HIST-01119,24,Nilgiris,2025-05-29 03:15:56,WATCH,1.8,74,MODERATE,DECELERATING
RZ-HIST-01120,23,Namakkal,2025-11-24 10:08:36,WATCH,0.9,68,MODERATE,DECELERATING
RZ-HIST-01121,9,Vellore,2025-11-05 04:12:01,INCREASING,2.2,76,GOOD,DECELERATING
RZ-HIST-01122,12,Thanjavur,2024-09-25 17:31:20,LOW,0.7,64,MODERATE,LIMITED_COVERAGE_GAP
RZ-HIST-01123,6,Tirunelveli,2025-03-09 01:17:44,WATCH,1,72,MODERATE,LIMITED_COVERAGE_GAP
RZ-HIST-01124,17,Chengalpattu,2025-04-21 00:53:46,INCREASING,2.1,78,GOOD,RAPID_ACCELERATION
RZ-HIST-01125,19,Cuddalore,2025-08-02 00:44:42,LOW,0.8,62,MODERATE,RAPID_ACCELERATION
RZ-HIST-01126,33,Thiruvarur,2025-12-20 19:45:23,LOW,0.5,56,LIMITED,LIMITED_COVERAGE_GAP
RZ-HIST-01127,21,Kallakurichi,2025-09-29 08:18:05,LOW,0.6,58,LIMITED,DECELERATING
RZ-HIST-01128,9,Vellore,2025-09-15 02:58:26,INCREASING,2.2,76,GOOD,RAPID_ACCELERATION
RZ-HIST-01129,27,Perambalur,2025-06-19 09:00:07,INSUFFICIENT_DATA,0.4,44,LIMITED,BASELINE_STABLE
RZ-HIST-01130,24,Nilgiris,2025-09-18 07:16:19,WATCH,1.8,74,MODERATE,DECELERATING
RZ-HIST-01131,35,Mayiladuthurai,2026-06-22 10:01:08,LOW,0.6,58,LIMITED,DECELERATING
RZ-HIST-01132,2,Coimbatore,2026-03-23 06:25:05,HIGH PREVENTIVE ATTENTION,6,88,GOOD,RAPID_ACCELERATION
RZ-HIST-01133,10,Krishnagiri,2025-04-06 22:40:21,HIGH PREVENTIVE ATTENTION,4.8,85,GOOD,DECELERATING
RZ-HIST-01134,34,Nagapattinam,2025-08-12 01:04:11,WATCH,1.2,68,MODERATE,RAPID_ACCELERATION
RZ-HIST-01135,3,Madurai,2024-11-05 01:57:43,INCREASING,2.1,78,GOOD,LIMITED_COVERAGE_GAP
RZ-HIST-01136,8,Tiruppur,2025-05-22 07:23:27,INCREASING,2.8,80,GOOD,DECELERATING
RZ-HIST-01137,7,Erode,2026-04-04 04:20:54,WATCH,1.2,75,GOOD,BASELINE_STABLE
RZ-HIST-01138,25,Karur,2025-03-26 18:46:07,LOW,0.7,60,MODERATE,DECELERATING
RZ-HIST-01139,38,Tiruvannamalai,2026-02-02 04:19:09,WATCH,1.1,70,GOOD,DECELERATING
RZ-HIST-01140,23,Namakkal,2025-10-24 07:41:12,WATCH,0.9,68,MODERATE,BASELINE_STABLE
RZ-HIST-01141,25,Karur,2025-04-22 04:10:36,LOW,0.7,60,MODERATE,LIMITED_COVERAGE_GAP
RZ-HIST-01142,23,Namakkal,2025-02-10 06:56:07,WATCH,0.9,68,MODERATE,RAPID_ACCELERATION
RZ-HIST-01143,30,Ramanathapuram,2025-04-11 13:52:52,WATCH,1.5,71,MODERATE,BASELINE_STABLE
RZ-HIST-01144,35,Mayiladuthurai,2026-05-15 03:16:17,LOW,0.6,58,LIMITED,RAPID_ACCELERATION
RZ-HIST-01145,20,Viluppuram,2026-01-09 07:02:29,WATCH,1,65,MODERATE,DECELERATING
RZ-HIST-01146,32,Theni,2025-08-07 13:45:12,INCREASING,1.9,73,MODERATE,LIMITED_COVERAGE_GAP
RZ-HIST-01147,29,Sivaganga,2026-04-11 17:15:49,LOW,0.6,59,LIMITED,LIMITED_COVERAGE_GAP
RZ-HIST-01148,24,Nilgiris,2026-06-01 09:50:22,WATCH,1.8,74,MODERATE,LIMITED_COVERAGE_GAP
RZ-HIST-01149,2,Coimbatore,2024-12-22 12:17:00,HIGH PREVENTIVE ATTENTION,6,88,GOOD,RAPID_ACCELERATION
RZ-HIST-01150,33,Thiruvarur,2026-06-01 11:39:37,LOW,0.5,56,LIMITED,LIMITED_COVERAGE_GAP
RZ-HIST-01151,6,Tirunelveli,2025-03-30 07:12:34,WATCH,1,72,MODERATE,RAPID_ACCELERATION
RZ-HIST-01152,25,Karur,2026-02-26 14:42:15,LOW,0.7,60,MODERATE,DECELERATING
RZ-HIST-01153,26,Ariyalur,2025-09-05 05:09:10,INSUFFICIENT_DATA,0.3,42,LIMITED,RAPID_ACCELERATION
RZ-HIST-01154,16,Kancheepuram,2024-10-27 15:10:26,WATCH,1,72,GOOD,LIMITED_COVERAGE_GAP
RZ-HIST-01155,9,Vellore,2026-03-24 12:06:17,INCREASING,2.2,76,GOOD,RAPID_ACCELERATION
RZ-HIST-01156,3,Madurai,2026-05-23 06:14:55,INCREASING,2.1,78,GOOD,BASELINE_STABLE
RZ-HIST-01157,28,Pudukkottai,2025-08-04 02:10:43,LOW,0.8,61,MODERATE,BASELINE_STABLE
RZ-HIST-01158,5,Tiruchirappalli,2026-06-09 19:23:24,WATCH,1.1,74,GOOD,LIMITED_COVERAGE_GAP
RZ-HIST-01159,11,Dindigul,2026-05-15 13:02:41,WATCH,0.9,68,MODERATE,DECELERATING
RZ-HIST-01160,26,Ariyalur,2024-12-21 20:37:31,INSUFFICIENT_DATA,0.3,42,LIMITED,DECELERATING
RZ-HIST-01161,31,Virudhunagar,2024-11-05 21:23:11,WATCH,1,69,MODERATE,BASELINE_STABLE
RZ-HIST-01162,15,Tenkasi,2025-07-25 23:15:51,WATCH,2.3,68,LIMITED,BASELINE_STABLE
RZ-HIST-01163,21,Kallakurichi,2026-05-27 21:34:09,LOW,0.6,58,LIMITED,DECELERATING
RZ-HIST-01164,7,Erode,2026-04-16 00:42:04,WATCH,1.2,75,GOOD,RAPID_ACCELERATION
RZ-HIST-01165,37,Tirupathur,2024-10-07 16:16:19,WATCH,1.2,67,MODERATE,BASELINE_STABLE
RZ-HIST-01166,6,Tirunelveli,2024-12-06 22:49:33,WATCH,1,72,MODERATE,BASELINE_STABLE
RZ-HIST-01167,23,Namakkal,2024-10-09 01:39:41,WATCH,0.9,68,MODERATE,BASELINE_STABLE
RZ-HIST-01168,28,Pudukkottai,2024-10-04 15:26:58,LOW,0.8,61,MODERATE,DECELERATING
RZ-HIST-01169,12,Thanjavur,2025-12-26 04:46:18,LOW,0.7,64,MODERATE,BASELINE_STABLE
RZ-HIST-01170,6,Tirunelveli,2026-01-15 01:53:48,WATCH,1,72,MODERATE,BASELINE_STABLE
RZ-HIST-01171,19,Cuddalore,2025-03-22 11:04:00,LOW,0.8,62,MODERATE,DECELERATING
RZ-HIST-01172,35,Mayiladuthurai,2025-04-20 16:21:02,LOW,0.6,58,LIMITED,DECELERATING
RZ-HIST-01173,14,Kanniyakumari,2024-10-06 02:22:25,WATCH,1.1,70,MODERATE,BASELINE_STABLE
RZ-HIST-01174,11,Dindigul,2026-02-07 17:19:33,WATCH,0.9,68,MODERATE,BASELINE_STABLE
RZ-HIST-01175,6,Tirunelveli,2025-01-22 05:17:37,WATCH,1,72,MODERATE,DECELERATING
RZ-HIST-01176,17,Chengalpattu,2025-01-03 16:48:34,INCREASING,2.1,78,GOOD,RAPID_ACCELERATION
RZ-HIST-01177,24,Nilgiris,2026-06-02 01:41:45,WATCH,1.8,74,MODERATE,LIMITED_COVERAGE_GAP
RZ-HIST-01178,8,Tiruppur,2024-12-21 12:15:23,INCREASING,2.8,80,GOOD,LIMITED_COVERAGE_GAP
RZ-HIST-01179,31,Virudhunagar,2024-12-15 16:14:50,WATCH,1,69,MODERATE,RAPID_ACCELERATION
RZ-HIST-01180,10,Krishnagiri,2025-01-05 14:05:25,HIGH PREVENTIVE ATTENTION,4.8,85,GOOD,BASELINE_STABLE
RZ-HIST-01181,13,Thoothukudi,2025-05-07 23:39:31,INCREASING,2.5,86,GOOD,RAPID_ACCELERATION
RZ-HIST-01182,19,Cuddalore,2025-09-19 06:23:04,LOW,0.8,62,MODERATE,BASELINE_STABLE
RZ-HIST-01183,5,Tiruchirappalli,2025-12-11 13:38:15,WATCH,1.1,74,GOOD,LIMITED_COVERAGE_GAP
RZ-HIST-01184,4,Salem,2026-07-24 14:10:46,INCREASING,2.4,82,GOOD,LIMITED_COVERAGE_GAP
RZ-HIST-01185,32,Theni,2025-04-22 04:13:05,INCREASING,1.9,73,MODERATE,DECELERATING
RZ-HIST-01186,24,Nilgiris,2025-11-09 22:13:55,WATCH,1.8,74,MODERATE,BASELINE_STABLE
RZ-HIST-01187,33,Thiruvarur,2025-06-13 10:21:11,LOW,0.5,56,LIMITED,DECELERATING
RZ-HIST-01188,23,Namakkal,2025-01-10 03:19:15,WATCH,0.9,68,MODERATE,RAPID_ACCELERATION
RZ-HIST-01189,34,Nagapattinam,2025-01-21 01:05:09,WATCH,1.2,68,MODERATE,RAPID_ACCELERATION
RZ-HIST-01190,36,Ranipet,2026-02-14 01:53:31,WATCH,1.6,72,GOOD,RAPID_ACCELERATION
RZ-HIST-01191,37,Tirupathur,2025-07-22 17:25:17,WATCH,1.2,67,MODERATE,RAPID_ACCELERATION
RZ-HIST-01192,33,Thiruvarur,2026-02-20 17:08:12,LOW,0.5,56,LIMITED,DECELERATING
RZ-HIST-01193,22,Dharmapuri,2026-06-13 12:52:30,WATCH,1.4,66,MODERATE,BASELINE_STABLE
RZ-HIST-01194,18,Tiruvallur,2024-12-11 16:20:04,INCREASING,2.3,80,GOOD,RAPID_ACCELERATION
RZ-HIST-01195,25,Karur,2025-02-09 11:43:35,LOW,0.7,60,MODERATE,BASELINE_STABLE
RZ-HIST-01196,5,Tiruchirappalli,2025-12-24 18:02:20,WATCH,1.1,74,GOOD,RAPID_ACCELERATION
RZ-HIST-01197,24,Nilgiris,2024-11-21 22:18:27,WATCH,1.8,74,MODERATE,LIMITED_COVERAGE_GAP
RZ-HIST-01198,9,Vellore,2025-12-27 08:40:14,INCREASING,2.2,76,GOOD,DECELERATING
RZ-HIST-01199,1,Chennai,2026-08-07 02:23:42,HIGH PREVENTIVE ATTENTION,3.5,84,GOOD,LIMITED_COVERAGE_GAP
RZ-HIST-01200,27,Perambalur,2024-12-29 19:20:27,INSUFFICIENT_DATA,0.4,44,LIMITED,RAPID_ACCELERATION