forecast_id,district_id,district_name,generated_at,forecast_horizon,forecast_risk_level,forecast_confidence,primary_factor,model_version,safeguard_disclaimer
FC-HIST-00001,14,Kanniyakumari,2025-10-15 10:43:32,90_DAY_PREVENTIVE_ATTENTION,WATCH,70,CAMPUS_SECTOR_CLUSTER_EXPANSION,NARVEX_TEMPORAL_BAYES_V2.1,Preventive attention indicator only; does not establish criminal activity.
FC-HIST-00002,30,Ramanathapuram,2026-07-28 05:14:42,30_DAY_PREVENTIVE_ATTENTION,WATCH,71,CAMPUS_SECTOR_CLUSTER_EXPANSION,NARVEX_TEMPORAL_BAYES_V2.1,Preventive attention indicator only; does not establish criminal activity.
FC-HIST-00003,14,Kanniyakumari,2026-04-09 18:06:35,30_DAY_PREVENTIVE_ATTENTION,WATCH,70,HISTORICAL_SEASONAL_SURGE,NARVEX_TEMPORAL_BAYES_V2.1,Preventive attention indicator only; does not establish criminal activity.
FC-HIST-00004,9,Vellore,2026-08-16 16:29:32,30_DAY_PREVENTIVE_ATTENTION,INCREASING,76,HISTORICAL_SEASONAL_SURGE,NARVEX_TEMPORAL_BAYES_V2.1,Preventive attention indicator only; does not establish criminal activity.
FC-HIST-00005,2,Coimbatore,2025-03-30 11:04:49,30_DAY_PREVENTIVE_ATTENTION,HIGH PREVENTIVE ATTENTION,88,HISTORICAL_SEASONAL_SURGE,NARVEX_TEMPORAL_BAYES_V2.1,Preventive attention indicator only; does not establish criminal activity.
FC-HIST-00006,1,Chennai,2025-05-28 09:29:02,30_DAY_PREVENTIVE_ATTENTION,HIGH PREVENTIVE ATTENTION,84,HISTORICAL_SEASONAL_SURGE,NARVEX_TEMPORAL_BAYES_V2.1,Preventive attention indicator only; does not establish criminal activity.
FC-HIST-00007,30,Ramanathapuram,2025-06-26 04:51:29,90_DAY_PREVENTIVE_ATTENTION,WATCH,71,HIGHWAY_CHECKPOST_VELOCITY_BURST,NARVEX_TEMPORAL_BAYES_V2.1,Preventive attention indicator only; does not establish criminal activity.
FC-HIST-00008,35,Mayiladuthurai,2024-11-23 00:33:03,90_DAY_PREVENTIVE_ATTENTION,LOW,58,HIGHWAY_CHECKPOST_VELOCITY_BURST,NARVEX_TEMPORAL_BAYES_V2.1,Preventive attention indicator only; does not establish criminal activity.
FC-HIST-00009,30,Ramanathapuram,2026-06-04 09:51:44,30_DAY_PREVENTIVE_ATTENTION,WATCH,71,CAMPUS_SECTOR_CLUSTER_EXPANSION,NARVEX_TEMPORAL_BAYES_V2.1,Preventive attention indicator only; does not establish criminal activity.
FC-HIST-00010,31,Virudhunagar,2026-03-24 06:59:24,30_DAY_PREVENTIVE_ATTENTION,WATCH,69,HIGHWAY_CHECKPOST_VELOCITY_BURST,NARVEX_TEMPORAL_BAYES_V2.1,Preventive attention indicator only; does not establish criminal activity.
FC-HIST-00011,9,Vellore,2025-05-19 10:35:41,90_DAY_PREVENTIVE_ATTENTION,INCREASING,76,CAMPUS_SECTOR_CLUSTER_EXPANSION,NARVEX_TEMPORAL_BAYES_V2.1,Preventive attention indicator only; does not establish criminal activity.
FC-HIST-00012,26,Ariyalur,2025-01-22 21:00:46,90_DAY_PREVENTIVE_ATTENTION,INSUFFICIENT_DATA,42,HIGHWAY_CHECKPOST_VELOCITY_BURST,NARVEX_TEMPORAL_BAYES_V2.1,Preventive attention indicator only; does not establish criminal activity.
FC-HIST-00013,21,Kallakurichi,2026-02-26 00:32:05,30_DAY_PREVENTIVE_ATTENTION,LOW,58,HIGHWAY_CHECKPOST_VELOCITY_BURST,NARVEX_TEMPORAL_BAYES_V2.1,Preventive attention indicator only; does not establish criminal activity.
FC-HIST-00014,20,Viluppuram,2025-10-24 12:53:59,30_DAY_PREVENTIVE_ATTENTION,WATCH,65,HISTORICAL_SEASONAL_SURGE,NARVEX_TEMPORAL_BAYES_V2.1,Preventive attention indicator only; does not establish criminal activity.
FC-HIST-00015,30,Ramanathapuram,2026-05-17 03:16:34,90_DAY_PREVENTIVE_ATTENTION,WATCH,71,HIGHWAY_CHECKPOST_VELOCITY_BURST,NARVEX_TEMPORAL_BAYES_V2.1,Preventive attention indicator only; does not establish criminal activity.
FC-HIST-00016,23,Namakkal,2025-04-25 09:42:37,30_DAY_PREVENTIVE_ATTENTION,WATCH,68,HIGHWAY_CHECKPOST_VELOCITY_BURST,NARVEX_TEMPORAL_BAYES_V2.1,Preventive attention indicator only; does not establish criminal activity.
FC-HIST-00017,7,Erode,2025-05-26 02:22:05,90_DAY_PREVENTIVE_ATTENTION,WATCH,75,HISTORICAL_SEASONAL_SURGE,NARVEX_TEMPORAL_BAYES_V2.1,Preventive attention indicator only; does not establish criminal activity.
FC-HIST-00018,3,Madurai,2026-06-17 22:50:27,30_DAY_PREVENTIVE_ATTENTION,INCREASING,78,HIGHWAY_CHECKPOST_VELOCITY_BURST,NARVEX_TEMPORAL_BAYES_V2.1,Preventive attention indicator only; does not establish criminal activity.
FC-HIST-00019,6,Tirunelveli,2025-03-30 23:07:17,30_DAY_PREVENTIVE_ATTENTION,WATCH,72,HISTORICAL_SEASONAL_SURGE,NARVEX_TEMPORAL_BAYES_V2.1,Preventive attention indicator only; does not establish criminal activity.
FC-HIST-00020,18,Tiruvallur,2025-04-10 05:50:25,30_DAY_PREVENTIVE_ATTENTION,INCREASING,80,CAMPUS_SECTOR_CLUSTER_EXPANSION,NARVEX_TEMPORAL_BAYES_V2.1,Preventive attention indicator only; does not establish criminal activity.
FC-HIST-00021,8,Tiruppur,2026-06-29 11:34:10,90_DAY_PREVENTIVE_ATTENTION,INCREASING,80,HISTORICAL_SEASONAL_SURGE,NARVEX_TEMPORAL_BAYES_V2.1,Preventive attention indicator only; does not establish criminal activity.
FC-HIST-00022,22,Dharmapuri,2026-06-16 09:19:19,30_DAY_PREVENTIVE_ATTENTION,WATCH,66,HIGHWAY_CHECKPOST_VELOCITY_BURST,NARVEX_TEMPORAL_BAYES_V2.1,Preventive attention indicator only; does not establish criminal activity.
FC-HIST-00023,20,Viluppuram,2025-08-25 03:41:00,30_DAY_PREVENTIVE_ATTENTION,WATCH,65,HIGHWAY_CHECKPOST_VELOCITY_BURST,NARVEX_TEMPORAL_BAYES_V2.1,Preventive attention indicator only; does not establish criminal activity.
FC-HIST-00024,18,Tiruvallur,2025-04-30 20:49:52,30_DAY_PREVENTIVE_ATTENTION,INCREASING,80,CAMPUS_SECTOR_CLUSTER_EXPANSION,NARVEX_TEMPORAL_BAYES_V2.1,Preventive attention indicator only; does not establish criminal activity.
FC-HIST-00025,4,Salem,2026-08-02 12:37:05,90_DAY_PREVENTIVE_ATTENTION,INCREASING,82,CAMPUS_SECTOR_CLUSTER_EXPANSION,NARVEX_TEMPORAL_BAYES_V2.1,Preventive attention indicator only; does not establish criminal activity.
FC-HIST-00026,16,Kancheepuram,2024-12-31 19:24:48,30_DAY_PREVENTIVE_ATTENTION,WATCH,72,CAMPUS_SECTOR_CLUSTER_EXPANSION,NARVEX_TEMPORAL_BAYES_V2.1,Preventive attention indicator only; does not establish criminal activity.
FC-HIST-00027,38,Tiruvannamalai,2026-05-07 10:55:49,90_DAY_PREVENTIVE_ATTENTION,WATCH,70,HIGHWAY_CHECKPOST_VELOCITY_BURST,NARVEX_TEMPORAL_BAYES_V2.1,Preventive attention indicator only; does not establish criminal activity.
FC-HIST-00028,16,Kancheepuram,2026-04-20 20:11:33,30_DAY_PREVENTIVE_ATTENTION,WATCH,72,HIGHWAY_CHECKPOST_VELOCITY_BURST,NARVEX_TEMPORAL_BAYES_V2.1,Preventive attention indicator only; does not establish criminal activity.
FC-HIST-00029,11,Dindigul,2026-04-01 00:38:03,90_DAY_PREVENTIVE_ATTENTION,WATCH,68,CAMPUS_SECTOR_CLUSTER_EXPANSION,NARVEX_TEMPORAL_BAYES_V2.1,Preventive attention indicator only; does not establish criminal activity.
FC-HIST-00030,37,Tirupathur,2024-12-21 14:34:52,30_DAY_PREVENTIVE_ATTENTION,WATCH,67,HISTORICAL_SEASONAL_SURGE,NARVEX_TEMPORAL_BAYES_V2.1,Preventive attention indicator only; does not establish criminal activity.
FC-HIST-00031,23,Namakkal,2025-12-03 12:23:54,90_DAY_PREVENTIVE_ATTENTION,WATCH,68,HISTORICAL_SEASONAL_SURGE,NARVEX_TEMPORAL_BAYES_V2.1,Preventive attention indicator only; does not establish criminal activity.
FC-HIST-00032,28,Pudukkottai,2025-04-11 07:35:18,30_DAY_PREVENTIVE_ATTENTION,LOW,61,HISTORICAL_SEASONAL_SURGE,NARVEX_TEMPORAL_BAYES_V2.1,Preventive attention indicator only; does not establish criminal activity.
FC-HIST-00033,5,Tiruchirappalli,2025-05-17 02:18:13,90_DAY_PREVENTIVE_ATTENTION,WATCH,74,HISTORICAL_SEASONAL_SURGE,NARVEX_TEMPORAL_BAYES_V2.1,Preventive attention indicator only; does not establish criminal activity.
FC-HIST-00034,14,Kanniyakumari,2025-05-01 11:44:51,30_DAY_PREVENTIVE_ATTENTION,WATCH,70,HIGHWAY_CHECKPOST_VELOCITY_BURST,NARVEX_TEMPORAL_BAYES_V2.1,Preventive attention indicator only; does not establish criminal activity.
FC-HIST-00035,7,Erode,2025-09-10 02:56:56,30_DAY_PREVENTIVE_ATTENTION,WATCH,75,CAMPUS_SECTOR_CLUSTER_EXPANSION,NARVEX_TEMPORAL_BAYES_V2.1,Preventive attention indicator only; does not establish criminal activity.
FC-HIST-00036,7,Erode,2024-12-02 07:03:11,90_DAY_PREVENTIVE_ATTENTION,WATCH,75,HISTORICAL_SEASONAL_SURGE,NARVEX_TEMPORAL_BAYES_V2.1,Preventive attention indicator only; does not establish criminal activity.
FC-HIST-00037,24,Nilgiris,2025-07-15 07:47:49,90_DAY_PREVENTIVE_ATTENTION,WATCH,74,HIGHWAY_CHECKPOST_VELOCITY_BURST,NARVEX_TEMPORAL_BAYES_V2.1,Preventive attention indicator only; does not establish criminal activity.
FC-HIST-00038,12,Thanjavur,2024-12-04 18:07:18,90_DAY_PREVENTIVE_ATTENTION,LOW,64,CAMPUS_SECTOR_CLUSTER_EXPANSION,NARVEX_TEMPORAL_BAYES_V2.1,Preventive attention indicator only; does not establish criminal activity.
FC-HIST-00039,5,Tiruchirappalli,2026-03-19 21:46:35,90_DAY_PREVENTIVE_ATTENTION,WATCH,74,HIGHWAY_CHECKPOST_VELOCITY_BURST,NARVEX_TEMPORAL_BAYES_V2.1,Preventive attention indicator only; does not establish criminal activity.
FC-HIST-00040,8,Tiruppur,2025-12-12 12:10:32,30_DAY_PREVENTIVE_ATTENTION,INCREASING,80,HIGHWAY_CHECKPOST_VELOCITY_BURST,NARVEX_TEMPORAL_BAYES_V2.1,Preventive attention indicator only; does not establish criminal activity.
FC-HIST-00041,17,Chengalpattu,2026-03-17 14:25:41,30_DAY_PREVENTIVE_ATTENTION,INCREASING,78,HIGHWAY_CHECKPOST_VELOCITY_BURST,NARVEX_TEMPORAL_BAYES_V2.1,Preventive attention indicator only; does not establish criminal activity.
FC-HIST-00042,15,Tenkasi,2025-08-22 03:25:44,90_DAY_PREVENTIVE_ATTENTION,WATCH,68,HIGHWAY_CHECKPOST_VELOCITY_BURST,NARVEX_TEMPORAL_BAYES_V2.1,Preventive attention indicator only; does not establish criminal activity.
FC-HIST-00043,37,Tirupathur,2025-08-08 01:20:24,30_DAY_PREVENTIVE_ATTENTION,WATCH,67,CAMPUS_SECTOR_CLUSTER_EXPANSION,NARVEX_TEMPORAL_BAYES_V2.1,Preventive attention indicator only; does not establish criminal activity.
FC-HIST-00044,18,Tiruvallur,2025-01-31 05:41:46,30_DAY_PREVENTIVE_ATTENTION,INCREASING,80,HIGHWAY_CHECKPOST_VELOCITY_BURST,NARVEX_TEMPORAL_BAYES_V2.1,Preventive attention indicator only; does not establish criminal activity.
FC-HIST-00045,18,Tiruvallur,2025-01-18 23:25:17,30_DAY_PREVENTIVE_ATTENTION,INCREASING,80,HISTORICAL_SEASONAL_SURGE,NARVEX_TEMPORAL_BAYES_V2.1,Preventive attention indicator only; does not establish criminal activity.
FC-HIST-00046,24,Nilgiris,2025-12-17 22:12:18,30_DAY_PREVENTIVE_ATTENTION,WATCH,74,HISTORICAL_SEASONAL_SURGE,NARVEX_TEMPORAL_BAYES_V2.1,Preventive attention indicator only; does not establish criminal activity.
FC-HIST-00047,1,Chennai,2025-11-15 07:58:36,90_DAY_PREVENTIVE_ATTENTION,HIGH PREVENTIVE ATTENTION,84,HIGHWAY_CHECKPOST_VELOCITY_BURST,NARVEX_TEMPORAL_BAYES_V2.1,Preventive attention indicator only; does not establish criminal activity.
FC-HIST-00048,32,Theni,2025-10-29 00:47:44,90_DAY_PREVENTIVE_ATTENTION,INCREASING,73,CAMPUS_SECTOR_CLUSTER_EXPANSION,NARVEX_TEMPORAL_BAYES_V2.1,Preventive attention indicator only; does not establish criminal activity.
FC-HIST-00049,24,Nilgiris,2025-10-14 23:41:07,90_DAY_PREVENTIVE_ATTENTION,WATCH,74,HIGHWAY_CHECKPOST_VELOCITY_BURST,NARVEX_TEMPORAL_BAYES_V2.1,Preventive attention indicator only; does not establish criminal activity.
FC-HIST-00050,1,Chennai,2025-02-02 21:44:03,90_DAY_PREVENTIVE_ATTENTION,HIGH PREVENTIVE ATTENTION,84,CAMPUS_SECTOR_CLUSTER_EXPANSION,NARVEX_TEMPORAL_BAYES_V2.1,Preventive attention indicator only; does not establish criminal activity.
FC-HIST-00051,34,Nagapattinam,2026-05-10 18:37:59,30_DAY_PREVENTIVE_ATTENTION,WATCH,68,HIGHWAY_CHECKPOST_VELOCITY_BURST,NARVEX_TEMPORAL_BAYES_V2.1,Preventive attention indicator only; does not establish criminal activity.
FC-HIST-00052,6,Tirunelveli,2026-01-22 22:02:26,90_DAY_PREVENTIVE_ATTENTION,WATCH,72,CAMPUS_SECTOR_CLUSTER_EXPANSION,NARVEX_TEMPORAL_BAYES_V2.1,Preventive attention indicator only; does not establish criminal activity.
FC-HIST-00053,20,Viluppuram,2024-11-19 17:36:21,90_DAY_PREVENTIVE_ATTENTION,WATCH,65,HISTORICAL_SEASONAL_SURGE,NARVEX_TEMPORAL_BAYES_V2.1,Preventive attention indicator only; does not establish criminal activity.
FC-HIST-00054,27,Perambalur,2026-04-06 12:25:50,90_DAY_PREVENTIVE_ATTENTION,INSUFFICIENT_DATA,44,CAMPUS_SECTOR_CLUSTER_EXPANSION,NARVEX_TEMPORAL_BAYES_V2.1,Preventive attention indicator only; does not establish criminal activity.
FC-HIST-00055,2,Coimbatore,2025-11-18 10:16:13,30_DAY_PREVENTIVE_ATTENTION,HIGH PREVENTIVE ATTENTION,88,HIGHWAY_CHECKPOST_VELOCITY_BURST,NARVEX_TEMPORAL_BAYES_V2.1,Preventive attention indicator only; does not establish criminal activity.
FC-HIST-00056,18,Tiruvallur,2026-07-02 12:32:37,90_DAY_PREVENTIVE_ATTENTION,INCREASING,80,CAMPUS_SECTOR_CLUSTER_EXPANSION,NARVEX_TEMPORAL_BAYES_V2.1,Preventive attention indicator only; does not establish criminal activity.
FC-HIST-00057,23,Namakkal,2025-03-02 21:32:18,30_DAY_PREVENTIVE_ATTENTION,WATCH,68,HIGHWAY_CHECKPOST_VELOCITY_BURST,NARVEX_TEMPORAL_BAYES_V2.1,Preventive attention indicator only; does not establish criminal activity.
FC-HIST-00058,23,Namakkal,2025-12-23 06:33:29,30_DAY_PREVENTIVE_ATTENTION,WATCH,68,HISTORICAL_SEASONAL_SURGE,NARVEX_TEMPORAL_BAYES_V2.1,Preventive attention indicator only; does not establish criminal activity.
FC-HIST-00059,17,Chengalpattu,2026-03-09 06:54:15,90_DAY_PREVENTIVE_ATTENTION,INCREASING,78,HIGHWAY_CHECKPOST_VELOCITY_BURST,NARVEX_TEMPORAL_BAYES_V2.1,Preventive attention indicator only; does not establish criminal activity.
FC-HIST-00060,30,Ramanathapuram,2025-09-12 16:47:23,90_DAY_PREVENTIVE_ATTENTION,WATCH,71,HIGHWAY_CHECKPOST_VELOCITY_BURST,NARVEX_TEMPORAL_BAYES_V2.1,Preventive attention indicator only; does not establish criminal activity.
FC-HIST-00061,31,Virudhunagar,2024-10-26 14:45:19,30_DAY_PREVENTIVE_ATTENTION,WATCH,69,HIGHWAY_CHECKPOST_VELOCITY_BURST,NARVEX_TEMPORAL_BAYES_V2.1,Preventive attention indicator only; does not establish criminal activity.
FC-HIST-00062,24,Nilgiris,2026-07-28 06:29:57,90_DAY_PREVENTIVE_ATTENTION,WATCH,74,HIGHWAY_CHECKPOST_VELOCITY_BURST,NARVEX_TEMPORAL_BAYES_V2.1,Preventive attention indicator only; does not establish criminal activity.
FC-HIST-00063,29,Sivaganga,2025-11-22 15:32:28,90_DAY_PREVENTIVE_ATTENTION,LOW,59,HIGHWAY_CHECKPOST_VELOCITY_BURST,NARVEX_TEMPORAL_BAYES_V2.1,Preventive attention indicator only; does not establish criminal activity.
FC-HIST-00064,29,Sivaganga,2025-02-16 05:33:58,90_DAY_PREVENTIVE_ATTENTION,LOW,59,HIGHWAY_CHECKPOST_VELOCITY_BURST,NARVEX_TEMPORAL_BAYES_V2.1,Preventive attention indicator only; does not establish criminal activity.
FC-HIST-00065,1,Chennai,2025-11-24 01:27:23,90_DAY_PREVENTIVE_ATTENTION,HIGH PREVENTIVE ATTENTION,84,HISTORICAL_SEASONAL_SURGE,NARVEX_TEMPORAL_BAYES_V2.1,Preventive attention indicator only; does not establish criminal activity.
FC-HIST-00066,30,Ramanathapuram,2025-03-02 06:40:40,30_DAY_PREVENTIVE_ATTENTION,WATCH,71,CAMPUS_SECTOR_CLUSTER_EXPANSION,NARVEX_TEMPORAL_BAYES_V2.1,Preventive attention indicator only; does not establish criminal activity.
FC-HIST-00067,15,Tenkasi,2025-12-20 17:34:44,90_DAY_PREVENTIVE_ATTENTION,WATCH,68,HIGHWAY_CHECKPOST_VELOCITY_BURST,NARVEX_TEMPORAL_BAYES_V2.1,Preventive attention indicator only; does not establish criminal activity.
FC-HIST-00068,28,Pudukkottai,2025-11-06 23:51:10,30_DAY_PREVENTIVE_ATTENTION,LOW,61,HIGHWAY_CHECKPOST_VELOCITY_BURST,NARVEX_TEMPORAL_BAYES_V2.1,Preventive attention indicator only; does not establish criminal activity.
FC-HIST-00069,20,Viluppuram,2026-07-23 19:51:36,90_DAY_PREVENTIVE_ATTENTION,WATCH,65,HISTORICAL_SEASONAL_SURGE,NARVEX_TEMPORAL_BAYES_V2.1,Preventive attention indicator only; does not establish criminal activity.
FC-HIST-00070,34,Nagapattinam,2025-12-10 02:47:30,90_DAY_PREVENTIVE_ATTENTION,WATCH,68,HIGHWAY_CHECKPOST_VELOCITY_BURST,NARVEX_TEMPORAL_BAYES_V2.1,Preventive attention indicator only; does not establish criminal activity.
FC-HIST-00071,35,Mayiladuthurai,2025-08-03 07:39:14,90_DAY_PREVENTIVE_ATTENTION,LOW,58,HIGHWAY_CHECKPOST_VELOCITY_BURST,NARVEX_TEMPORAL_BAYES_V2.1,Preventive attention indicator only; does not establish criminal activity.
FC-HIST-00072,16,Kancheepuram,2026-02-10 15:25:51,90_DAY_PREVENTIVE_ATTENTION,WATCH,72,HISTORICAL_SEASONAL_SURGE,NARVEX_TEMPORAL_BAYES_V2.1,Preventive attention indicator only; does not establish criminal activity.
FC-HIST-00073,13,Thoothukudi,2025-02-05 17:14:44,30_DAY_PREVENTIVE_ATTENTION,INCREASING,86,HISTORICAL_SEASONAL_SURGE,NARVEX_TEMPORAL_BAYES_V2.1,Preventive attention indicator only; does not establish criminal activity.
FC-HIST-00074,37,Tirupathur,2026-08-17 16:56:40,30_DAY_PREVENTIVE_ATTENTION,WATCH,67,HISTORICAL_SEASONAL_SURGE,NARVEX_TEMPORAL_BAYES_V2.1,Preventive attention indicator only; does not establish criminal activity.
FC-HIST-00075,32,Theni,2026-02-09 16:33:41,90_DAY_PREVENTIVE_ATTENTION,INCREASING,73,HISTORICAL_SEASONAL_SURGE,NARVEX_TEMPORAL_BAYES_V2.1,Preventive attention indicator only; does not establish criminal activity.
FC-HIST-00076,27,Perambalur,2026-03-04 07:19:40,30_DAY_PREVENTIVE_ATTENTION,INSUFFICIENT_DATA,44,HIGHWAY_CHECKPOST_VELOCITY_BURST,NARVEX_TEMPORAL_BAYES_V2.1,Preventive attention indicator only; does not establish criminal activity.
FC-HIST-00077,30,Ramanathapuram,2026-07-06 08:28:22,90_DAY_PREVENTIVE_ATTENTION,WATCH,71,CAMPUS_SECTOR_CLUSTER_EXPANSION,NARVEX_TEMPORAL_BAYES_V2.1,Preventive attention indicator only; does not establish criminal activity.
FC-HIST-00078,15,Tenkasi,2026-02-14 12:47:35,90_DAY_PREVENTIVE_ATTENTION,WATCH,68,HISTORICAL_SEASONAL_SURGE,NARVEX_TEMPORAL_BAYES_V2.1,Preventive attention indicator only; does not establish criminal activity.
FC-HIST-00079,15,Tenkasi,2026-01-11 01:10:40,30_DAY_PREVENTIVE_ATTENTION,WATCH,68,CAMPUS_SECTOR_CLUSTER_EXPANSION,NARVEX_TEMPORAL_BAYES_V2.1,Preventive attention indicator only; does not establish criminal activity.
FC-HIST-00080,9,Vellore,2026-05-06 14:25:31,90_DAY_PREVENTIVE_ATTENTION,INCREASING,76,CAMPUS_SECTOR_CLUSTER_EXPANSION,NARVEX_TEMPORAL_BAYES_V2.1,Preventive attention indicator only; does not establish criminal activity.
FC-HIST-00081,35,Mayiladuthurai,2025-04-07 00:46:32,30_DAY_PREVENTIVE_ATTENTION,LOW,58,HISTORICAL_SEASONAL_SURGE,NARVEX_TEMPORAL_BAYES_V2.1,Preventive attention indicator only; does not establish criminal activity.
FC-HIST-00082,23,Namakkal,2026-07-19 07:19:58,30_DAY_PREVENTIVE_ATTENTION,WATCH,68,HISTORICAL_SEASONAL_SURGE,NARVEX_TEMPORAL_BAYES_V2.1,Preventive attention indicator only; does not establish criminal activity.
FC-HIST-00083,21,Kallakurichi,2026-06-22 00:06:39,30_DAY_PREVENTIVE_ATTENTION,LOW,58,HISTORICAL_SEASONAL_SURGE,NARVEX_TEMPORAL_BAYES_V2.1,Preventive attention indicator only; does not establish criminal activity.
FC-HIST-00084,29,Sivaganga,2024-09-21 09:11:02,90_DAY_PREVENTIVE_ATTENTION,LOW,59,CAMPUS_SECTOR_CLUSTER_EXPANSION,NARVEX_TEMPORAL_BAYES_V2.1,Preventive attention indicator only; does not establish criminal activity.
FC-HIST-00085,18,Tiruvallur,2025-01-30 07:21:47,90_DAY_PREVENTIVE_ATTENTION,INCREASING,80,HISTORICAL_SEASONAL_SURGE,NARVEX_TEMPORAL_BAYES_V2.1,Preventive attention indicator only; does not establish criminal activity.
FC-HIST-00086,36,Ranipet,2025-03-10 20:04:08,30_DAY_PREVENTIVE_ATTENTION,WATCH,72,HIGHWAY_CHECKPOST_VELOCITY_BURST,NARVEX_TEMPORAL_BAYES_V2.1,Preventive attention indicator only; does not establish criminal activity.
FC-HIST-00087,11,Dindigul,2026-08-11 15:05:27,90_DAY_PREVENTIVE_ATTENTION,WATCH,68,HIGHWAY_CHECKPOST_VELOCITY_BURST,NARVEX_TEMPORAL_BAYES_V2.1,Preventive attention indicator only; does not establish criminal activity.
FC-HIST-00088,3,Madurai,2026-01-23 17:27:36,90_DAY_PREVENTIVE_ATTENTION,INCREASING,78,HIGHWAY_CHECKPOST_VELOCITY_BURST,NARVEX_TEMPORAL_BAYES_V2.1,Preventive attention indicator only; does not establish criminal activity.
FC-HIST-00089,8,Tiruppur,2026-04-17 19:38:35,30_DAY_PREVENTIVE_ATTENTION,INCREASING,80,CAMPUS_SECTOR_CLUSTER_EXPANSION,NARVEX_TEMPORAL_BAYES_V2.1,Preventive attention indicator only; does not establish criminal activity.
FC-HIST-00090,31,Virudhunagar,2025-09-13 15:10:23,90_DAY_PREVENTIVE_ATTENTION,WATCH,69,HISTORICAL_SEASONAL_SURGE,NARVEX_TEMPORAL_BAYES_V2.1,Preventive attention indicator only; does not establish criminal activity.
FC-HIST-00091,9,Vellore,2026-05-12 00:03:13,30_DAY_PREVENTIVE_ATTENTION,INCREASING,76,CAMPUS_SECTOR_CLUSTER_EXPANSION,NARVEX_TEMPORAL_BAYES_V2.1,Preventive attention indicator only; does not establish criminal activity.
FC-HIST-00092,27,Perambalur,2025-06-03 03:18:35,30_DAY_PREVENTIVE_ATTENTION,INSUFFICIENT_DATA,44,CAMPUS_SECTOR_CLUSTER_EXPANSION,NARVEX_TEMPORAL_BAYES_V2.1,Preventive attention indicator only; does not establish criminal activity.
FC-HIST-00093,27,Perambalur,2024-12-05 15:51:56,90_DAY_PREVENTIVE_ATTENTION,INSUFFICIENT_DATA,44,HISTORICAL_SEASONAL_SURGE,NARVEX_TEMPORAL_BAYES_V2.1,Preventive attention indicator only; does not establish criminal activity.
FC-HIST-00094,28,Pudukkottai,2025-02-28 06:31:13,90_DAY_PREVENTIVE_ATTENTION,LOW,61,CAMPUS_SECTOR_CLUSTER_EXPANSION,NARVEX_TEMPORAL_BAYES_V2.1,Preventive attention indicator only; does not establish criminal activity.
FC-HIST-00095,17,Chengalpattu,2025-09-05 01:38:01,90_DAY_PREVENTIVE_ATTENTION,INCREASING,78,CAMPUS_SECTOR_CLUSTER_EXPANSION,NARVEX_TEMPORAL_BAYES_V2.1,Preventive attention indicator only; does not establish criminal activity.
FC-HIST-00096,24,Nilgiris,2025-02-10 04:07:20,90_DAY_PREVENTIVE_ATTENTION,WATCH,74,CAMPUS_SECTOR_CLUSTER_EXPANSION,NARVEX_TEMPORAL_BAYES_V2.1,Preventive attention indicator only; does not establish criminal activity.
FC-HIST-00097,21,Kallakurichi,2024-12-21 18:36:44,90_DAY_PREVENTIVE_ATTENTION,LOW,58,HISTORICAL_SEASONAL_SURGE,NARVEX_TEMPORAL_BAYES_V2.1,Preventive attention indicator only; does not establish criminal activity.
FC-HIST-00098,11,Dindigul,2024-12-17 14:00:01,30_DAY_PREVENTIVE_ATTENTION,WATCH,68,HISTORICAL_SEASONAL_SURGE,NARVEX_TEMPORAL_BAYES_V2.1,Preventive attention indicator only; does not establish criminal activity.
FC-HIST-00099,31,Virudhunagar,2026-05-26 17:28:37,90_DAY_PREVENTIVE_ATTENTION,WATCH,69,CAMPUS_SECTOR_CLUSTER_EXPANSION,NARVEX_TEMPORAL_BAYES_V2.1,Preventive attention indicator only; does not establish criminal activity.
FC-HIST-00100,22,Dharmapuri,2024-10-27 11:07:37,30_DAY_PREVENTIVE_ATTENTION,WATCH,66,CAMPUS_SECTOR_CLUSTER_EXPANSION,NARVEX_TEMPORAL_BAYES_V2.1,Preventive attention indicator only; does not establish criminal activity.
FC-HIST-00101,29,Sivaganga,2024-11-12 07:23:59,30_DAY_PREVENTIVE_ATTENTION,LOW,59,CAMPUS_SECTOR_CLUSTER_EXPANSION,NARVEX_TEMPORAL_BAYES_V2.1,Preventive attention indicator only; does not establish criminal activity.
FC-HIST-00102,15,Tenkasi,2025-12-08 13:14:08,30_DAY_PREVENTIVE_ATTENTION,WATCH,68,CAMPUS_SECTOR_CLUSTER_EXPANSION,NARVEX_TEMPORAL_BAYES_V2.1,Preventive attention indicator only; does not establish criminal activity.
FC-HIST-00103,22,Dharmapuri,2025-12-15 23:17:51,90_DAY_PREVENTIVE_ATTENTION,WATCH,66,HIGHWAY_CHECKPOST_VELOCITY_BURST,NARVEX_TEMPORAL_BAYES_V2.1,Preventive attention indicator only; does not establish criminal activity.
FC-HIST-00104,3,Madurai,2025-05-26 05:53:39,90_DAY_PREVENTIVE_ATTENTION,INCREASING,78,HISTORICAL_SEASONAL_SURGE,NARVEX_TEMPORAL_BAYES_V2.1,Preventive attention indicator only; does not establish criminal activity.
FC-HIST-00105,18,Tiruvallur,2025-10-22 08:29:27,90_DAY_PREVENTIVE_ATTENTION,INCREASING,80,HISTORICAL_SEASONAL_SURGE,NARVEX_TEMPORAL_BAYES_V2.1,Preventive attention indicator only; does not establish criminal activity.
FC-HIST-00106,21,Kallakurichi,2026-02-11 09:42:27,90_DAY_PREVENTIVE_ATTENTION,LOW,58,HISTORICAL_SEASONAL_SURGE,NARVEX_TEMPORAL_BAYES_V2.1,Preventive attention indicator only; does not establish criminal activity.
FC-HIST-00107,33,Thiruvarur,2024-12-23 23:30:46,30_DAY_PREVENTIVE_ATTENTION,LOW,56,CAMPUS_SECTOR_CLUSTER_EXPANSION,NARVEX_TEMPORAL_BAYES_V2.1,Preventive attention indicator only; does not establish criminal activity.
FC-HIST-00108,26,Ariyalur,2025-08-15 22:58:30,30_DAY_PREVENTIVE_ATTENTION,INSUFFICIENT_DATA,42,HISTORICAL_SEASONAL_SURGE,NARVEX_TEMPORAL_BAYES_V2.1,Preventive attention indicator only; does not establish criminal activity.
FC-HIST-00109,33,Thiruvarur,2025-11-05 01:27:10,30_DAY_PREVENTIVE_ATTENTION,LOW,56,HIGHWAY_CHECKPOST_VELOCITY_BURST,NARVEX_TEMPORAL_BAYES_V2.1,Preventive attention indicator only; does not establish criminal activity.
FC-HIST-00110,27,Perambalur,2024-12-31 15:24:53,30_DAY_PREVENTIVE_ATTENTION,INSUFFICIENT_DATA,44,HISTORICAL_SEASONAL_SURGE,NARVEX_TEMPORAL_BAYES_V2.1,Preventive attention indicator only; does not establish criminal activity.
FC-HIST-00111,21,Kallakurichi,2025-11-25 16:43:57,30_DAY_PREVENTIVE_ATTENTION,LOW,58,HIGHWAY_CHECKPOST_VELOCITY_BURST,NARVEX_TEMPORAL_BAYES_V2.1,Preventive attention indicator only; does not establish criminal activity.
FC-HIST-00112,24,Nilgiris,2025-07-24 20:38:31,90_DAY_PREVENTIVE_ATTENTION,WATCH,74,HIGHWAY_CHECKPOST_VELOCITY_BURST,NARVEX_TEMPORAL_BAYES_V2.1,Preventive attention indicator only; does not establish criminal activity.
FC-HIST-00113,35,Mayiladuthurai,2025-06-13 08:33:46,30_DAY_PREVENTIVE_ATTENTION,LOW,58,CAMPUS_SECTOR_CLUSTER_EXPANSION,NARVEX_TEMPORAL_BAYES_V2.1,Preventive attention indicator only; does not establish criminal activity.
FC-HIST-00114,7,Erode,2025-03-07 22:40:54,90_DAY_PREVENTIVE_ATTENTION,WATCH,75,HIGHWAY_CHECKPOST_VELOCITY_BURST,NARVEX_TEMPORAL_BAYES_V2.1,Preventive attention indicator only; does not establish criminal activity.
FC-HIST-00115,12,Thanjavur,2026-03-15 21:38:42,90_DAY_PREVENTIVE_ATTENTION,LOW,64,HISTORICAL_SEASONAL_SURGE,NARVEX_TEMPORAL_BAYES_V2.1,Preventive attention indicator only; does not establish criminal activity.
FC-HIST-00116,11,Dindigul,2024-11-30 16:41:36,30_DAY_PREVENTIVE_ATTENTION,WATCH,68,CAMPUS_SECTOR_CLUSTER_EXPANSION,NARVEX_TEMPORAL_BAYES_V2.1,Preventive attention indicator only; does not establish criminal activity.
FC-HIST-00117,19,Cuddalore,2025-10-02 00:27:44,90_DAY_PREVENTIVE_ATTENTION,LOW,62,CAMPUS_SECTOR_CLUSTER_EXPANSION,NARVEX_TEMPORAL_BAYES_V2.1,Preventive attention indicator only; does not establish criminal activity.
FC-HIST-00118,12,Thanjavur,2025-02-24 01:27:20,30_DAY_PREVENTIVE_ATTENTION,LOW,64,HISTORICAL_SEASONAL_SURGE,NARVEX_TEMPORAL_BAYES_V2.1,Preventive attention indicator only; does not establish criminal activity.
FC-HIST-00119,10,Krishnagiri,2024-12-21 19:23:52,30_DAY_PREVENTIVE_ATTENTION,HIGH PREVENTIVE ATTENTION,85,HIGHWAY_CHECKPOST_VELOCITY_BURST,NARVEX_TEMPORAL_BAYES_V2.1,Preventive attention indicator only; does not establish criminal activity.
FC-HIST-00120,5,Tiruchirappalli,2025-07-30 03:21:15,90_DAY_PREVENTIVE_ATTENTION,WATCH,74,HISTORICAL_SEASONAL_SURGE,NARVEX_TEMPORAL_BAYES_V2.1,Preventive attention indicator only; does not establish criminal activity.
FC-HIST-00121,30,Ramanathapuram,2024-11-24 19:16:46,90_DAY_PREVENTIVE_ATTENTION,WATCH,71,HISTORICAL_SEASONAL_SURGE,NARVEX_TEMPORAL_BAYES_V2.1,Preventive attention indicator only; does not establish criminal activity.
FC-HIST-00122,10,Krishnagiri,2025-04-18 07:23:17,30_DAY_PREVENTIVE_ATTENTION,HIGH PREVENTIVE ATTENTION,85,HISTORICAL_SEASONAL_SURGE,NARVEX_TEMPORAL_BAYES_V2.1,Preventive attention indicator only; does not establish criminal activity.
FC-HIST-00123,6,Tirunelveli,2024-11-25 11:13:58,90_DAY_PREVENTIVE_ATTENTION,WATCH,72,HIGHWAY_CHECKPOST_VELOCITY_BURST,NARVEX_TEMPORAL_BAYES_V2.1,Preventive attention indicator only; does not establish criminal activity.
FC-HIST-00124,21,Kallakurichi,2025-12-10 11:35:46,30_DAY_PREVENTIVE_ATTENTION,LOW,58,HISTORICAL_SEASONAL_SURGE,NARVEX_TEMPORAL_BAYES_V2.1,Preventive attention indicator only; does not establish criminal activity.
FC-HIST-00125,1,Chennai,2025-03-06 12:02:11,90_DAY_PREVENTIVE_ATTENTION,HIGH PREVENTIVE ATTENTION,84,CAMPUS_SECTOR_CLUSTER_EXPANSION,NARVEX_TEMPORAL_BAYES_V2.1,Preventive attention indicator only; does not establish criminal activity.
FC-HIST-00126,29,Sivaganga,2026-01-15 17:31:03,90_DAY_PREVENTIVE_ATTENTION,LOW,59,HIGHWAY_CHECKPOST_VELOCITY_BURST,NARVEX_TEMPORAL_BAYES_V2.1,Preventive attention indicator only; does not establish criminal activity.
FC-HIST-00127,27,Perambalur,2025-01-30 18:14:28,30_DAY_PREVENTIVE_ATTENTION,INSUFFICIENT_DATA,44,HISTORICAL_SEASONAL_SURGE,NARVEX_TEMPORAL_BAYES_V2.1,Preventive attention indicator only; does not establish criminal activity.
FC-HIST-00128,27,Perambalur,2025-09-27 23:16:08,90_DAY_PREVENTIVE_ATTENTION,INSUFFICIENT_DATA,44,CAMPUS_SECTOR_CLUSTER_EXPANSION,NARVEX_TEMPORAL_BAYES_V2.1,Preventive attention indicator only; does not establish criminal activity.
FC-HIST-00129,16,Kancheepuram,2024-11-20 16:06:31,90_DAY_PREVENTIVE_ATTENTION,WATCH,72,HISTORICAL_SEASONAL_SURGE,NARVEX_TEMPORAL_BAYES_V2.1,Preventive attention indicator only; does not establish criminal activity.
FC-HIST-00130,11,Dindigul,2025-05-01 00:56:32,30_DAY_PREVENTIVE_ATTENTION,WATCH,68,HIGHWAY_CHECKPOST_VELOCITY_BURST,NARVEX_TEMPORAL_BAYES_V2.1,Preventive attention indicator only; does not establish criminal activity.
FC-HIST-00131,2,Coimbatore,2026-03-25 05:20:45,30_DAY_PREVENTIVE_ATTENTION,HIGH PREVENTIVE ATTENTION,88,HIGHWAY_CHECKPOST_VELOCITY_BURST,NARVEX_TEMPORAL_BAYES_V2.1,Preventive attention indicator only; does not establish criminal activity.
FC-HIST-00132,16,Kancheepuram,2024-10-10 08:40:31,30_DAY_PREVENTIVE_ATTENTION,WATCH,72,HISTORICAL_SEASONAL_SURGE,NARVEX_TEMPORAL_BAYES_V2.1,Preventive attention indicator only; does not establish criminal activity.
FC-HIST-00133,26,Ariyalur,2026-03-17 21:46:39,90_DAY_PREVENTIVE_ATTENTION,INSUFFICIENT_DATA,42,CAMPUS_SECTOR_CLUSTER_EXPANSION,NARVEX_TEMPORAL_BAYES_V2.1,Preventive attention indicator only; does not establish criminal activity.
FC-HIST-00134,8,Tiruppur,2025-01-07 03:14:54,30_DAY_PREVENTIVE_ATTENTION,INCREASING,80,CAMPUS_SECTOR_CLUSTER_EXPANSION,NARVEX_TEMPORAL_BAYES_V2.1,Preventive attention indicator only; does not establish criminal activity.
FC-HIST-00135,36,Ranipet,2026-06-17 08:04:48,30_DAY_PREVENTIVE_ATTENTION,WATCH,72,HIGHWAY_CHECKPOST_VELOCITY_BURST,NARVEX_TEMPORAL_BAYES_V2.1,Preventive attention indicator only; does not establish criminal activity.
FC-HIST-00136,33,Thiruvarur,2026-01-09 21:51:25,30_DAY_PREVENTIVE_ATTENTION,LOW,56,CAMPUS_SECTOR_CLUSTER_EXPANSION,NARVEX_TEMPORAL_BAYES_V2.1,Preventive attention indicator only; does not establish criminal activity.
FC-HIST-00137,18,Tiruvallur,2026-04-09 08:23:23,90_DAY_PREVENTIVE_ATTENTION,INCREASING,80,CAMPUS_SECTOR_CLUSTER_EXPANSION,NARVEX_TEMPORAL_BAYES_V2.1,Preventive attention indicator only; does not establish criminal activity.
FC-HIST-00138,33,Thiruvarur,2024-11-08 21:08:57,90_DAY_PREVENTIVE_ATTENTION,LOW,56,CAMPUS_SECTOR_CLUSTER_EXPANSION,NARVEX_TEMPORAL_BAYES_V2.1,Preventive attention indicator only; does not establish criminal activity.
FC-HIST-00139,8,Tiruppur,2025-02-11 10:36:32,30_DAY_PREVENTIVE_ATTENTION,INCREASING,80,HISTORICAL_SEASONAL_SURGE,NARVEX_TEMPORAL_BAYES_V2.1,Preventive attention indicator only; does not establish criminal activity.
FC-HIST-00140,8,Tiruppur,2025-02-04 10:55:30,30_DAY_PREVENTIVE_ATTENTION,INCREASING,80,CAMPUS_SECTOR_CLUSTER_EXPANSION,NARVEX_TEMPORAL_BAYES_V2.1,Preventive attention indicator only; does not establish criminal activity.
FC-HIST-00141,1,Chennai,2025-12-19 05:21:09,30_DAY_PREVENTIVE_ATTENTION,HIGH PREVENTIVE ATTENTION,84,HIGHWAY_CHECKPOST_VELOCITY_BURST,NARVEX_TEMPORAL_BAYES_V2.1,Preventive attention indicator only; does not establish criminal activity.
FC-HIST-00142,13,Thoothukudi,2025-10-09 09:35:23,30_DAY_PREVENTIVE_ATTENTION,INCREASING,86,HISTORICAL_SEASONAL_SURGE,NARVEX_TEMPORAL_BAYES_V2.1,Preventive attention indicator only; does not establish criminal activity.
FC-HIST-00143,32,Theni,2026-08-08 18:27:33,30_DAY_PREVENTIVE_ATTENTION,INCREASING,73,HIGHWAY_CHECKPOST_VELOCITY_BURST,NARVEX_TEMPORAL_BAYES_V2.1,Preventive attention indicator only; does not establish criminal activity.
FC-HIST-00144,21,Kallakurichi,2025-12-04 20:08:14,90_DAY_PREVENTIVE_ATTENTION,LOW,58,HIGHWAY_CHECKPOST_VELOCITY_BURST,NARVEX_TEMPORAL_BAYES_V2.1,Preventive attention indicator only; does not establish criminal activity.
FC-HIST-00145,29,Sivaganga,2025-02-02 07:53:01,30_DAY_PREVENTIVE_ATTENTION,LOW,59,CAMPUS_SECTOR_CLUSTER_EXPANSION,NARVEX_TEMPORAL_BAYES_V2.1,Preventive attention indicator only; does not establish criminal activity.
FC-HIST-00146,5,Tiruchirappalli,2025-10-09 10:26:42,90_DAY_PREVENTIVE_ATTENTION,WATCH,74,CAMPUS_SECTOR_CLUSTER_EXPANSION,NARVEX_TEMPORAL_BAYES_V2.1,Preventive attention indicator only; does not establish criminal activity.
FC-HIST-00147,22,Dharmapuri,2025-02-09 10:24:56,90_DAY_PREVENTIVE_ATTENTION,WATCH,66,HISTORICAL_SEASONAL_SURGE,NARVEX_TEMPORAL_BAYES_V2.1,Preventive attention indicator only; does not establish criminal activity.
FC-HIST-00148,17,Chengalpattu,2026-03-09 09:35:48,90_DAY_PREVENTIVE_ATTENTION,INCREASING,78,HIGHWAY_CHECKPOST_VELOCITY_BURST,NARVEX_TEMPORAL_BAYES_V2.1,Preventive attention indicator only; does not establish criminal activity.
FC-HIST-00149,18,Tiruvallur,2024-12-21 05:25:12,30_DAY_PREVENTIVE_ATTENTION,INCREASING,80,HIGHWAY_CHECKPOST_VELOCITY_BURST,NARVEX_TEMPORAL_BAYES_V2.1,Preventive attention indicator only; does not establish criminal activity.
FC-HIST-00150,13,Thoothukudi,2025-09-29 08:59:22,30_DAY_PREVENTIVE_ATTENTION,INCREASING,86,HISTORICAL_SEASONAL_SURGE,NARVEX_TEMPORAL_BAYES_V2.1,Preventive attention indicator only; does not establish criminal activity.
FC-HIST-00151,30,Ramanathapuram,2025-07-02 21:21:55,30_DAY_PREVENTIVE_ATTENTION,WATCH,71,HISTORICAL_SEASONAL_SURGE,NARVEX_TEMPORAL_BAYES_V2.1,Preventive attention indicator only; does not establish criminal activity.
FC-HIST-00152,15,Tenkasi,2025-12-11 03:36:26,90_DAY_PREVENTIVE_ATTENTION,WATCH,68,HISTORICAL_SEASONAL_SURGE,NARVEX_TEMPORAL_BAYES_V2.1,Preventive attention indicator only; does not establish criminal activity.
FC-HIST-00153,22,Dharmapuri,2026-02-21 10:44:47,30_DAY_PREVENTIVE_ATTENTION,WATCH,66,HISTORICAL_SEASONAL_SURGE,NARVEX_TEMPORAL_BAYES_V2.1,Preventive attention indicator only; does not establish criminal activity.
FC-HIST-00154,11,Dindigul,2026-08-10 14:37:15,30_DAY_PREVENTIVE_ATTENTION,WATCH,68,HISTORICAL_SEASONAL_SURGE,NARVEX_TEMPORAL_BAYES_V2.1,Preventive attention indicator only; does not establish criminal activity.
FC-HIST-00155,38,Tiruvannamalai,2025-03-07 17:00:32,90_DAY_PREVENTIVE_ATTENTION,WATCH,70,HISTORICAL_SEASONAL_SURGE,NARVEX_TEMPORAL_BAYES_V2.1,Preventive attention indicator only; does not establish criminal activity.
FC-HIST-00156,22,Dharmapuri,2024-10-20 08:28:06,30_DAY_PREVENTIVE_ATTENTION,WATCH,66,CAMPUS_SECTOR_CLUSTER_EXPANSION,NARVEX_TEMPORAL_BAYES_V2.1,Preventive attention indicator only; does not establish criminal activity.
FC-HIST-00157,14,Kanniyakumari,2025-12-11 16:43:40,30_DAY_PREVENTIVE_ATTENTION,WATCH,70,HISTORICAL_SEASONAL_SURGE,NARVEX_TEMPORAL_BAYES_V2.1,Preventive attention indicator only; does not establish criminal activity.
FC-HIST-00158,34,Nagapattinam,2026-01-29 20:05:41,30_DAY_PREVENTIVE_ATTENTION,WATCH,68,CAMPUS_SECTOR_CLUSTER_EXPANSION,NARVEX_TEMPORAL_BAYES_V2.1,Preventive attention indicator only; does not establish criminal activity.
FC-HIST-00159,28,Pudukkottai,2025-03-05 22:33:44,30_DAY_PREVENTIVE_ATTENTION,LOW,61,HISTORICAL_SEASONAL_SURGE,NARVEX_TEMPORAL_BAYES_V2.1,Preventive attention indicator only; does not establish criminal activity.
FC-HIST-00160,21,Kallakurichi,2025-07-26 21:48:09,90_DAY_PREVENTIVE_ATTENTION,LOW,58,HISTORICAL_SEASONAL_SURGE,NARVEX_TEMPORAL_BAYES_V2.1,Preventive attention indicator only; does not establish criminal activity.
FC-HIST-00161,11,Dindigul,2026-01-18 06:38:31,30_DAY_PREVENTIVE_ATTENTION,WATCH,68,CAMPUS_SECTOR_CLUSTER_EXPANSION,NARVEX_TEMPORAL_BAYES_V2.1,Preventive attention indicator only; does not establish criminal activity.
FC-HIST-00162,3,Madurai,2026-08-16 06:11:10,90_DAY_PREVENTIVE_ATTENTION,INCREASING,78,HIGHWAY_CHECKPOST_VELOCITY_BURST,NARVEX_TEMPORAL_BAYES_V2.1,Preventive attention indicator only; does not establish criminal activity.
FC-HIST-00163,16,Kancheepuram,2025-05-13 17:46:38,90_DAY_PREVENTIVE_ATTENTION,WATCH,72,HIGHWAY_CHECKPOST_VELOCITY_BURST,NARVEX_TEMPORAL_BAYES_V2.1,Preventive attention indicator only; does not establish criminal activity.
FC-HIST-00164,3,Madurai,2026-05-20 18:47:41,90_DAY_PREVENTIVE_ATTENTION,INCREASING,78,HIGHWAY_CHECKPOST_VELOCITY_BURST,NARVEX_TEMPORAL_BAYES_V2.1,Preventive attention indicator only; does not establish criminal activity.
FC-HIST-00165,2,Coimbatore,2024-10-24 19:13:24,90_DAY_PREVENTIVE_ATTENTION,HIGH PREVENTIVE ATTENTION,88,HISTORICAL_SEASONAL_SURGE,NARVEX_TEMPORAL_BAYES_V2.1,Preventive attention indicator only; does not establish criminal activity.
FC-HIST-00166,26,Ariyalur,2026-01-06 12:01:29,90_DAY_PREVENTIVE_ATTENTION,INSUFFICIENT_DATA,42,CAMPUS_SECTOR_CLUSTER_EXPANSION,NARVEX_TEMPORAL_BAYES_V2.1,Preventive attention indicator only; does not establish criminal activity.
FC-HIST-00167,27,Perambalur,2025-11-21 15:15:35,90_DAY_PREVENTIVE_ATTENTION,INSUFFICIENT_DATA,44,HIGHWAY_CHECKPOST_VELOCITY_BURST,NARVEX_TEMPORAL_BAYES_V2.1,Preventive attention indicator only; does not establish criminal activity.
FC-HIST-00168,21,Kallakurichi,2025-11-02 03:18:32,30_DAY_PREVENTIVE_ATTENTION,LOW,58,HISTORICAL_SEASONAL_SURGE,NARVEX_TEMPORAL_BAYES_V2.1,Preventive attention indicator only; does not establish criminal activity.
FC-HIST-00169,18,Tiruvallur,2026-06-05 20:55:01,30_DAY_PREVENTIVE_ATTENTION,INCREASING,80,HIGHWAY_CHECKPOST_VELOCITY_BURST,NARVEX_TEMPORAL_BAYES_V2.1,Preventive attention indicator only; does not establish criminal activity.
FC-HIST-00170,37,Tirupathur,2025-07-07 04:49:14,90_DAY_PREVENTIVE_ATTENTION,WATCH,67,HISTORICAL_SEASONAL_SURGE,NARVEX_TEMPORAL_BAYES_V2.1,Preventive attention indicator only; does not establish criminal activity.
FC-HIST-00171,22,Dharmapuri,2024-11-21 13:14:45,90_DAY_PREVENTIVE_ATTENTION,WATCH,66,HISTORICAL_SEASONAL_SURGE,NARVEX_TEMPORAL_BAYES_V2.1,Preventive attention indicator only; does not establish criminal activity.
FC-HIST-00172,21,Kallakurichi,2026-01-29 06:43:42,90_DAY_PREVENTIVE_ATTENTION,LOW,58,HIGHWAY_CHECKPOST_VELOCITY_BURST,NARVEX_TEMPORAL_BAYES_V2.1,Preventive attention indicator only; does not establish criminal activity.
FC-HIST-00173,25,Karur,2024-11-26 21:03:33,90_DAY_PREVENTIVE_ATTENTION,LOW,60,HIGHWAY_CHECKPOST_VELOCITY_BURST,NARVEX_TEMPORAL_BAYES_V2.1,Preventive attention indicator only; does not establish criminal activity.
FC-HIST-00174,7,Erode,2025-07-06 05:40:02,90_DAY_PREVENTIVE_ATTENTION,WATCH,75,HIGHWAY_CHECKPOST_VELOCITY_BURST,NARVEX_TEMPORAL_BAYES_V2.1,Preventive attention indicator only; does not establish criminal activity.
FC-HIST-00175,29,Sivaganga,2026-07-11 21:53:41,30_DAY_PREVENTIVE_ATTENTION,LOW,59,HIGHWAY_CHECKPOST_VELOCITY_BURST,NARVEX_TEMPORAL_BAYES_V2.1,Preventive attention indicator only; does not establish criminal activity.
FC-HIST-00176,28,Pudukkottai,2025-10-01 07:24:46,90_DAY_PREVENTIVE_ATTENTION,LOW,61,CAMPUS_SECTOR_CLUSTER_EXPANSION,NARVEX_TEMPORAL_BAYES_V2.1,Preventive attention indicator only; does not establish criminal activity.
FC-HIST-00177,28,Pudukkottai,2024-10-11 13:43:47,90_DAY_PREVENTIVE_ATTENTION,LOW,61,HISTORICAL_SEASONAL_SURGE,NARVEX_TEMPORAL_BAYES_V2.1,Preventive attention indicator only; does not establish criminal activity.
FC-HIST-00178,6,Tirunelveli,2025-11-25 05:49:55,90_DAY_PREVENTIVE_ATTENTION,WATCH,72,CAMPUS_SECTOR_CLUSTER_EXPANSION,NARVEX_TEMPORAL_BAYES_V2.1,Preventive attention indicator only; does not establish criminal activity.
FC-HIST-00179,2,Coimbatore,2025-12-01 06:06:32,30_DAY_PREVENTIVE_ATTENTION,HIGH PREVENTIVE ATTENTION,88,CAMPUS_SECTOR_CLUSTER_EXPANSION,NARVEX_TEMPORAL_BAYES_V2.1,Preventive attention indicator only; does not establish criminal activity.
FC-HIST-00180,38,Tiruvannamalai,2026-01-30 14:58:47,30_DAY_PREVENTIVE_ATTENTION,WATCH,70,HIGHWAY_CHECKPOST_VELOCITY_BURST,NARVEX_TEMPORAL_BAYES_V2.1,Preventive attention indicator only; does not establish criminal activity.
FC-HIST-00181,20,Viluppuram,2026-06-27 07:32:34,30_DAY_PREVENTIVE_ATTENTION,WATCH,65,HIGHWAY_CHECKPOST_VELOCITY_BURST,NARVEX_TEMPORAL_BAYES_V2.1,Preventive attention indicator only; does not establish criminal activity.
FC-HIST-00182,28,Pudukkottai,2024-12-12 14:26:12,90_DAY_PREVENTIVE_ATTENTION,LOW,61,CAMPUS_SECTOR_CLUSTER_EXPANSION,NARVEX_TEMPORAL_BAYES_V2.1,Preventive attention indicator only; does not establish criminal activity.
FC-HIST-00183,13,Thoothukudi,2025-05-14 04:10:58,30_DAY_PREVENTIVE_ATTENTION,INCREASING,86,HISTORICAL_SEASONAL_SURGE,NARVEX_TEMPORAL_BAYES_V2.1,Preventive attention indicator only; does not establish criminal activity.
FC-HIST-00184,31,Virudhunagar,2026-02-28 15:18:33,30_DAY_PREVENTIVE_ATTENTION,WATCH,69,CAMPUS_SECTOR_CLUSTER_EXPANSION,NARVEX_TEMPORAL_BAYES_V2.1,Preventive attention indicator only; does not establish criminal activity.
FC-HIST-00185,28,Pudukkottai,2024-10-26 13:19:26,30_DAY_PREVENTIVE_ATTENTION,LOW,61,HIGHWAY_CHECKPOST_VELOCITY_BURST,NARVEX_TEMPORAL_BAYES_V2.1,Preventive attention indicator only; does not establish criminal activity.
FC-HIST-00186,36,Ranipet,2025-03-17 11:09:56,90_DAY_PREVENTIVE_ATTENTION,WATCH,72,HIGHWAY_CHECKPOST_VELOCITY_BURST,NARVEX_TEMPORAL_BAYES_V2.1,Preventive attention indicator only; does not establish criminal activity.
FC-HIST-00187,37,Tirupathur,2025-11-25 03:15:01,90_DAY_PREVENTIVE_ATTENTION,WATCH,67,HIGHWAY_CHECKPOST_VELOCITY_BURST,NARVEX_TEMPORAL_BAYES_V2.1,Preventive attention indicator only; does not establish criminal activity.
FC-HIST-00188,17,Chengalpattu,2025-03-27 12:45:07,30_DAY_PREVENTIVE_ATTENTION,INCREASING,78,CAMPUS_SECTOR_CLUSTER_EXPANSION,NARVEX_TEMPORAL_BAYES_V2.1,Preventive attention indicator only; does not establish criminal activity.
FC-HIST-00189,16,Kancheepuram,2026-07-12 00:59:09,30_DAY_PREVENTIVE_ATTENTION,WATCH,72,CAMPUS_SECTOR_CLUSTER_EXPANSION,NARVEX_TEMPORAL_BAYES_V2.1,Preventive attention indicator only; does not establish criminal activity.
FC-HIST-00190,26,Ariyalur,2025-01-03 20:27:19,30_DAY_PREVENTIVE_ATTENTION,INSUFFICIENT_DATA,42,HISTORICAL_SEASONAL_SURGE,NARVEX_TEMPORAL_BAYES_V2.1,Preventive attention indicator only; does not establish criminal activity.
FC-HIST-00191,6,Tirunelveli,2025-10-04 05:45:33,30_DAY_PREVENTIVE_ATTENTION,WATCH,72,HIGHWAY_CHECKPOST_VELOCITY_BURST,NARVEX_TEMPORAL_BAYES_V2.1,Preventive attention indicator only; does not establish criminal activity.
FC-HIST-00192,17,Chengalpattu,2025-11-21 23:44:48,30_DAY_PREVENTIVE_ATTENTION,INCREASING,78,HISTORICAL_SEASONAL_SURGE,NARVEX_TEMPORAL_BAYES_V2.1,Preventive attention indicator only; does not establish criminal activity.
FC-HIST-00193,24,Nilgiris,2025-10-03 02:27:38,90_DAY_PREVENTIVE_ATTENTION,WATCH,74,HIGHWAY_CHECKPOST_VELOCITY_BURST,NARVEX_TEMPORAL_BAYES_V2.1,Preventive attention indicator only; does not establish criminal activity.
FC-HIST-00194,21,Kallakurichi,2024-12-01 15:22:48,30_DAY_PREVENTIVE_ATTENTION,LOW,58,HISTORICAL_SEASONAL_SURGE,NARVEX_TEMPORAL_BAYES_V2.1,Preventive attention indicator only; does not establish criminal activity.
FC-HIST-00195,17,Chengalpattu,2025-12-05 19:16:03,90_DAY_PREVENTIVE_ATTENTION,INCREASING,78,HIGHWAY_CHECKPOST_VELOCITY_BURST,NARVEX_TEMPORAL_BAYES_V2.1,Preventive attention indicator only; does not establish criminal activity.
FC-HIST-00196,10,Krishnagiri,2026-01-28 23:38:50,30_DAY_PREVENTIVE_ATTENTION,HIGH PREVENTIVE ATTENTION,85,CAMPUS_SECTOR_CLUSTER_EXPANSION,NARVEX_TEMPORAL_BAYES_V2.1,Preventive attention indicator only; does not establish criminal activity.
FC-HIST-00197,17,Chengalpattu,2024-09-25 14:42:53,30_DAY_PREVENTIVE_ATTENTION,INCREASING,78,CAMPUS_SECTOR_CLUSTER_EXPANSION,NARVEX_TEMPORAL_BAYES_V2.1,Preventive attention indicator only; does not establish criminal activity.
FC-HIST-00198,5,Tiruchirappalli,2026-01-12 10:50:04,30_DAY_PREVENTIVE_ATTENTION,WATCH,74,HIGHWAY_CHECKPOST_VELOCITY_BURST,NARVEX_TEMPORAL_BAYES_V2.1,Preventive attention indicator only; does not establish criminal activity.
FC-HIST-00199,1,Chennai,2026-01-18 15:49:29,90_DAY_PREVENTIVE_ATTENTION,HIGH PREVENTIVE ATTENTION,84,HISTORICAL_SEASONAL_SURGE,NARVEX_TEMPORAL_BAYES_V2.1,Preventive attention indicator only; does not establish criminal activity.
FC-HIST-00200,23,Namakkal,2025-01-09 21:18:29,30_DAY_PREVENTIVE_ATTENTION,WATCH,68,CAMPUS_SECTOR_CLUSTER_EXPANSION,NARVEX_TEMPORAL_BAYES_V2.1,Preventive attention indicator only; does not establish criminal activity.
FC-HIST-00201,1,Chennai,2025-11-08 03:21:29,30_DAY_PREVENTIVE_ATTENTION,HIGH PREVENTIVE ATTENTION,84,HISTORICAL_SEASONAL_SURGE,NARVEX_TEMPORAL_BAYES_V2.1,Preventive attention indicator only; does not establish criminal activity.
FC-HIST-00202,5,Tiruchirappalli,2026-06-17 08:31:04,90_DAY_PREVENTIVE_ATTENTION,WATCH,74,CAMPUS_SECTOR_CLUSTER_EXPANSION,NARVEX_TEMPORAL_BAYES_V2.1,Preventive attention indicator only; does not establish criminal activity.
FC-HIST-00203,16,Kancheepuram,2026-05-31 03:44:51,90_DAY_PREVENTIVE_ATTENTION,WATCH,72,HIGHWAY_CHECKPOST_VELOCITY_BURST,NARVEX_TEMPORAL_BAYES_V2.1,Preventive attention indicator only; does not establish criminal activity.
FC-HIST-00204,3,Madurai,2025-08-17 09:51:49,30_DAY_PREVENTIVE_ATTENTION,INCREASING,78,HISTORICAL_SEASONAL_SURGE,NARVEX_TEMPORAL_BAYES_V2.1,Preventive attention indicator only; does not establish criminal activity.
FC-HIST-00205,32,Theni,2024-11-07 14:03:40,30_DAY_PREVENTIVE_ATTENTION,INCREASING,73,CAMPUS_SECTOR_CLUSTER_EXPANSION,NARVEX_TEMPORAL_BAYES_V2.1,Preventive attention indicator only; does not establish criminal activity.
FC-HIST-00206,14,Kanniyakumari,2026-07-27 14:24:49,30_DAY_PREVENTIVE_ATTENTION,WATCH,70,HISTORICAL_SEASONAL_SURGE,NARVEX_TEMPORAL_BAYES_V2.1,Preventive attention indicator only; does not establish criminal activity.
FC-HIST-00207,10,Krishnagiri,2024-10-01 14:48:32,90_DAY_PREVENTIVE_ATTENTION,HIGH PREVENTIVE ATTENTION,85,HIGHWAY_CHECKPOST_VELOCITY_BURST,NARVEX_TEMPORAL_BAYES_V2.1,Preventive attention indicator only; does not establish criminal activity.
FC-HIST-00208,13,Thoothukudi,2024-12-28 12:23:30,90_DAY_PREVENTIVE_ATTENTION,INCREASING,86,CAMPUS_SECTOR_CLUSTER_EXPANSION,NARVEX_TEMPORAL_BAYES_V2.1,Preventive attention indicator only; does not establish criminal activity.
FC-HIST-00209,34,Nagapattinam,2025-02-06 00:03:27,30_DAY_PREVENTIVE_ATTENTION,WATCH,68,HISTORICAL_SEASONAL_SURGE,NARVEX_TEMPORAL_BAYES_V2.1,Preventive attention indicator only; does not establish criminal activity.
FC-HIST-00210,34,Nagapattinam,2026-08-14 15:02:39,90_DAY_PREVENTIVE_ATTENTION,WATCH,68,CAMPUS_SECTOR_CLUSTER_EXPANSION,NARVEX_TEMPORAL_BAYES_V2.1,Preventive attention indicator only; does not establish criminal activity.
FC-HIST-00211,5,Tiruchirappalli,2025-12-12 18:25:10,30_DAY_PREVENTIVE_ATTENTION,WATCH,74,HIGHWAY_CHECKPOST_VELOCITY_BURST,NARVEX_TEMPORAL_BAYES_V2.1,Preventive attention indicator only; does not establish criminal activity.
FC-HIST-00212,3,Madurai,2024-10-28 22:27:45,30_DAY_PREVENTIVE_ATTENTION,INCREASING,78,CAMPUS_SECTOR_CLUSTER_EXPANSION,NARVEX_TEMPORAL_BAYES_V2.1,Preventive attention indicator only; does not establish criminal activity.
FC-HIST-00213,16,Kancheepuram,2025-07-27 09:00:52,30_DAY_PREVENTIVE_ATTENTION,WATCH,72,HIGHWAY_CHECKPOST_VELOCITY_BURST,NARVEX_TEMPORAL_BAYES_V2.1,Preventive attention indicator only; does not establish criminal activity.
FC-HIST-00214,36,Ranipet,2025-04-19 07:36:18,30_DAY_PREVENTIVE_ATTENTION,WATCH,72,HIGHWAY_CHECKPOST_VELOCITY_BURST,NARVEX_TEMPORAL_BAYES_V2.1,Preventive attention indicator only; does not establish criminal activity.
FC-HIST-00215,22,Dharmapuri,2025-09-30 02:36:25,30_DAY_PREVENTIVE_ATTENTION,WATCH,66,HIGHWAY_CHECKPOST_VELOCITY_BURST,NARVEX_TEMPORAL_BAYES_V2.1,Preventive attention indicator only; does not establish criminal activity.
FC-HIST-00216,21,Kallakurichi,2025-11-22 03:24:23,90_DAY_PREVENTIVE_ATTENTION,LOW,58,CAMPUS_SECTOR_CLUSTER_EXPANSION,NARVEX_TEMPORAL_BAYES_V2.1,Preventive attention indicator only; does not establish criminal activity.
FC-HIST-00217,36,Ranipet,2025-01-16 22:29:20,30_DAY_PREVENTIVE_ATTENTION,WATCH,72,HIGHWAY_CHECKPOST_VELOCITY_BURST,NARVEX_TEMPORAL_BAYES_V2.1,Preventive attention indicator only; does not establish criminal activity.
FC-HIST-00218,6,Tirunelveli,2026-04-22 07:41:20,90_DAY_PREVENTIVE_ATTENTION,WATCH,72,CAMPUS_SECTOR_CLUSTER_EXPANSION,NARVEX_TEMPORAL_BAYES_V2.1,Preventive attention indicator only; does not establish criminal activity.
FC-HIST-00219,15,Tenkasi,2025-09-25 08:18:26,30_DAY_PREVENTIVE_ATTENTION,WATCH,68,HIGHWAY_CHECKPOST_VELOCITY_BURST,NARVEX_TEMPORAL_BAYES_V2.1,Preventive attention indicator only; does not establish criminal activity.
FC-HIST-00220,27,Perambalur,2024-09-19 12:30:16,90_DAY_PREVENTIVE_ATTENTION,INSUFFICIENT_DATA,44,HIGHWAY_CHECKPOST_VELOCITY_BURST,NARVEX_TEMPORAL_BAYES_V2.1,Preventive attention indicator only; does not establish criminal activity.
FC-HIST-00221,37,Tirupathur,2025-03-07 16:56:49,90_DAY_PREVENTIVE_ATTENTION,WATCH,67,HIGHWAY_CHECKPOST_VELOCITY_BURST,NARVEX_TEMPORAL_BAYES_V2.1,Preventive attention indicator only; does not establish criminal activity.
FC-HIST-00222,10,Krishnagiri,2025-05-09 02:46:00,90_DAY_PREVENTIVE_ATTENTION,HIGH PREVENTIVE ATTENTION,85,HISTORICAL_SEASONAL_SURGE,NARVEX_TEMPORAL_BAYES_V2.1,Preventive attention indicator only; does not establish criminal activity.
FC-HIST-00223,13,Thoothukudi,2025-07-19 03:51:42,90_DAY_PREVENTIVE_ATTENTION,INCREASING,86,HIGHWAY_CHECKPOST_VELOCITY_BURST,NARVEX_TEMPORAL_BAYES_V2.1,Preventive attention indicator only; does not establish criminal activity.
FC-HIST-00224,10,Krishnagiri,2025-10-14 07:10:06,90_DAY_PREVENTIVE_ATTENTION,HIGH PREVENTIVE ATTENTION,85,CAMPUS_SECTOR_CLUSTER_EXPANSION,NARVEX_TEMPORAL_BAYES_V2.1,Preventive attention indicator only; does not establish criminal activity.
FC-HIST-00225,35,Mayiladuthurai,2024-12-05 06:47:33,90_DAY_PREVENTIVE_ATTENTION,LOW,58,HIGHWAY_CHECKPOST_VELOCITY_BURST,NARVEX_TEMPORAL_BAYES_V2.1,Preventive attention indicator only; does not establish criminal activity.
FC-HIST-00226,12,Thanjavur,2025-09-11 16:53:10,30_DAY_PREVENTIVE_ATTENTION,LOW,64,HISTORICAL_SEASONAL_SURGE,NARVEX_TEMPORAL_BAYES_V2.1,Preventive attention indicator only; does not establish criminal activity.
FC-HIST-00227,16,Kancheepuram,2026-02-03 11:36:19,90_DAY_PREVENTIVE_ATTENTION,WATCH,72,CAMPUS_SECTOR_CLUSTER_EXPANSION,NARVEX_TEMPORAL_BAYES_V2.1,Preventive attention indicator only; does not establish criminal activity.
FC-HIST-00228,14,Kanniyakumari,2025-08-14 06:19:59,90_DAY_PREVENTIVE_ATTENTION,WATCH,70,CAMPUS_SECTOR_CLUSTER_EXPANSION,NARVEX_TEMPORAL_BAYES_V2.1,Preventive attention indicator only; does not establish criminal activity.
FC-HIST-00229,38,Tiruvannamalai,2025-11-05 04:44:04,90_DAY_PREVENTIVE_ATTENTION,WATCH,70,HISTORICAL_SEASONAL_SURGE,NARVEX_TEMPORAL_BAYES_V2.1,Preventive attention indicator only; does not establish criminal activity.
FC-HIST-00230,19,Cuddalore,2026-04-14 21:33:57,30_DAY_PREVENTIVE_ATTENTION,LOW,62,HIGHWAY_CHECKPOST_VELOCITY_BURST,NARVEX_TEMPORAL_BAYES_V2.1,Preventive attention indicator only; does not establish criminal activity.
FC-HIST-00231,28,Pudukkottai,2025-04-08 20:49:23,90_DAY_PREVENTIVE_ATTENTION,LOW,61,HISTORICAL_SEASONAL_SURGE,NARVEX_TEMPORAL_BAYES_V2.1,Preventive attention indicator only; does not establish criminal activity.
FC-HIST-00232,26,Ariyalur,2024-11-24 07:26:00,90_DAY_PREVENTIVE_ATTENTION,INSUFFICIENT_DATA,42,CAMPUS_SECTOR_CLUSTER_EXPANSION,NARVEX_TEMPORAL_BAYES_V2.1,Preventive attention indicator only; does not establish criminal activity.
FC-HIST-00233,24,Nilgiris,2025-01-04 23:26:31,90_DAY_PREVENTIVE_ATTENTION,WATCH,74,HISTORICAL_SEASONAL_SURGE,NARVEX_TEMPORAL_BAYES_V2.1,Preventive attention indicator only; does not establish criminal activity.
FC-HIST-00234,19,Cuddalore,2026-07-18 21:10:12,30_DAY_PREVENTIVE_ATTENTION,LOW,62,HISTORICAL_SEASONAL_SURGE,NARVEX_TEMPORAL_BAYES_V2.1,Preventive attention indicator only; does not establish criminal activity.
FC-HIST-00235,7,Erode,2025-01-01 06:41:52,30_DAY_PREVENTIVE_ATTENTION,WATCH,75,HISTORICAL_SEASONAL_SURGE,NARVEX_TEMPORAL_BAYES_V2.1,Preventive attention indicator only; does not establish criminal activity.
FC-HIST-00236,8,Tiruppur,2025-12-28 15:05:06,30_DAY_PREVENTIVE_ATTENTION,INCREASING,80,HISTORICAL_SEASONAL_SURGE,NARVEX_TEMPORAL_BAYES_V2.1,Preventive attention indicator only; does not establish criminal activity.
FC-HIST-00237,9,Vellore,2024-12-27 10:11:38,30_DAY_PREVENTIVE_ATTENTION,INCREASING,76,HIGHWAY_CHECKPOST_VELOCITY_BURST,NARVEX_TEMPORAL_BAYES_V2.1,Preventive attention indicator only; does not establish criminal activity.
FC-HIST-00238,1,Chennai,2025-10-22 01:14:10,30_DAY_PREVENTIVE_ATTENTION,HIGH PREVENTIVE ATTENTION,84,HIGHWAY_CHECKPOST_VELOCITY_BURST,NARVEX_TEMPORAL_BAYES_V2.1,Preventive attention indicator only; does not establish criminal activity.
FC-HIST-00239,16,Kancheepuram,2026-01-20 10:49:25,30_DAY_PREVENTIVE_ATTENTION,WATCH,72,HIGHWAY_CHECKPOST_VELOCITY_BURST,NARVEX_TEMPORAL_BAYES_V2.1,Preventive attention indicator only; does not establish criminal activity.
FC-HIST-00240,31,Virudhunagar,2024-11-18 04:19:07,90_DAY_PREVENTIVE_ATTENTION,WATCH,69,HISTORICAL_SEASONAL_SURGE,NARVEX_TEMPORAL_BAYES_V2.1,Preventive attention indicator only; does not establish criminal activity.
FC-HIST-00241,10,Krishnagiri,2025-04-09 08:54:54,30_DAY_PREVENTIVE_ATTENTION,HIGH PREVENTIVE ATTENTION,85,HISTORICAL_SEASONAL_SURGE,NARVEX_TEMPORAL_BAYES_V2.1,Preventive attention indicator only; does not establish criminal activity.
FC-HIST-00242,11,Dindigul,2026-03-07 22:14:53,90_DAY_PREVENTIVE_ATTENTION,WATCH,68,HIGHWAY_CHECKPOST_VELOCITY_BURST,NARVEX_TEMPORAL_BAYES_V2.1,Preventive attention indicator only; does not establish criminal activity.
FC-HIST-00243,7,Erode,2025-09-04 15:02:06,90_DAY_PREVENTIVE_ATTENTION,WATCH,75,HISTORICAL_SEASONAL_SURGE,NARVEX_TEMPORAL_BAYES_V2.1,Preventive attention indicator only; does not establish criminal activity.
FC-HIST-00244,13,Thoothukudi,2025-01-14 04:43:05,30_DAY_PREVENTIVE_ATTENTION,INCREASING,86,HIGHWAY_CHECKPOST_VELOCITY_BURST,NARVEX_TEMPORAL_BAYES_V2.1,Preventive attention indicator only; does not establish criminal activity.
FC-HIST-00245,5,Tiruchirappalli,2025-09-21 01:31:05,90_DAY_PREVENTIVE_ATTENTION,WATCH,74,HISTORICAL_SEASONAL_SURGE,NARVEX_TEMPORAL_BAYES_V2.1,Preventive attention indicator only; does not establish criminal activity.
FC-HIST-00246,17,Chengalpattu,2026-03-01 10:19:46,90_DAY_PREVENTIVE_ATTENTION,INCREASING,78,CAMPUS_SECTOR_CLUSTER_EXPANSION,NARVEX_TEMPORAL_BAYES_V2.1,Preventive attention indicator only; does not establish criminal activity.
FC-HIST-00247,5,Tiruchirappalli,2025-05-22 12:32:28,30_DAY_PREVENTIVE_ATTENTION,WATCH,74,CAMPUS_SECTOR_CLUSTER_EXPANSION,NARVEX_TEMPORAL_BAYES_V2.1,Preventive attention indicator only; does not establish criminal activity.
FC-HIST-00248,38,Tiruvannamalai,2025-02-09 22:44:21,30_DAY_PREVENTIVE_ATTENTION,WATCH,70,CAMPUS_SECTOR_CLUSTER_EXPANSION,NARVEX_TEMPORAL_BAYES_V2.1,Preventive attention indicator only; does not establish criminal activity.
FC-HIST-00249,34,Nagapattinam,2025-12-02 00:54:46,30_DAY_PREVENTIVE_ATTENTION,WATCH,68,HISTORICAL_SEASONAL_SURGE,NARVEX_TEMPORAL_BAYES_V2.1,Preventive attention indicator only; does not establish criminal activity.
FC-HIST-00250,10,Krishnagiri,2025-03-30 00:57:06,90_DAY_PREVENTIVE_ATTENTION,HIGH PREVENTIVE ATTENTION,85,CAMPUS_SECTOR_CLUSTER_EXPANSION,NARVEX_TEMPORAL_BAYES_V2.1,Preventive attention indicator only; does not establish criminal activity.
FC-HIST-00251,6,Tirunelveli,2026-08-10 04:34:50,90_DAY_PREVENTIVE_ATTENTION,WATCH,72,CAMPUS_SECTOR_CLUSTER_EXPANSION,NARVEX_TEMPORAL_BAYES_V2.1,Preventive attention indicator only; does not establish criminal activity.
FC-HIST-00252,11,Dindigul,2024-09-22 05:21:05,90_DAY_PREVENTIVE_ATTENTION,WATCH,68,HISTORICAL_SEASONAL_SURGE,NARVEX_TEMPORAL_BAYES_V2.1,Preventive attention indicator only; does not establish criminal activity.
FC-HIST-00253,1,Chennai,2024-12-25 14:19:02,90_DAY_PREVENTIVE_ATTENTION,HIGH PREVENTIVE ATTENTION,84,HISTORICAL_SEASONAL_SURGE,NARVEX_TEMPORAL_BAYES_V2.1,Preventive attention indicator only; does not establish criminal activity.
FC-HIST-00254,28,Pudukkottai,2026-05-27 07:05:48,30_DAY_PREVENTIVE_ATTENTION,LOW,61,CAMPUS_SECTOR_CLUSTER_EXPANSION,NARVEX_TEMPORAL_BAYES_V2.1,Preventive attention indicator only; does not establish criminal activity.
FC-HIST-00255,20,Viluppuram,2024-12-04 20:57:18,90_DAY_PREVENTIVE_ATTENTION,WATCH,65,HIGHWAY_CHECKPOST_VELOCITY_BURST,NARVEX_TEMPORAL_BAYES_V2.1,Preventive attention indicator only; does not establish criminal activity.
FC-HIST-00256,15,Tenkasi,2025-12-17 10:38:34,90_DAY_PREVENTIVE_ATTENTION,WATCH,68,CAMPUS_SECTOR_CLUSTER_EXPANSION,NARVEX_TEMPORAL_BAYES_V2.1,Preventive attention indicator only; does not establish criminal activity.
FC-HIST-00257,32,Theni,2026-01-29 15:52:19,30_DAY_PREVENTIVE_ATTENTION,INCREASING,73,HISTORICAL_SEASONAL_SURGE,NARVEX_TEMPORAL_BAYES_V2.1,Preventive attention indicator only; does not establish criminal activity.
FC-HIST-00258,31,Virudhunagar,2025-12-25 12:44:49,90_DAY_PREVENTIVE_ATTENTION,WATCH,69,HIGHWAY_CHECKPOST_VELOCITY_BURST,NARVEX_TEMPORAL_BAYES_V2.1,Preventive attention indicator only; does not establish criminal activity.
FC-HIST-00259,26,Ariyalur,2026-06-24 10:09:09,30_DAY_PREVENTIVE_ATTENTION,INSUFFICIENT_DATA,42,HISTORICAL_SEASONAL_SURGE,NARVEX_TEMPORAL_BAYES_V2.1,Preventive attention indicator only; does not establish criminal activity.
FC-HIST-00260,35,Mayiladuthurai,2026-05-31 08:41:55,90_DAY_PREVENTIVE_ATTENTION,LOW,58,HIGHWAY_CHECKPOST_VELOCITY_BURST,NARVEX_TEMPORAL_BAYES_V2.1,Preventive attention indicator only; does not establish criminal activity.
FC-HIST-00261,16,Kancheepuram,2025-10-15 23:38:39,90_DAY_PREVENTIVE_ATTENTION,WATCH,72,HISTORICAL_SEASONAL_SURGE,NARVEX_TEMPORAL_BAYES_V2.1,Preventive attention indicator only; does not establish criminal activity.
FC-HIST-00262,23,Namakkal,2025-08-10 20:58:30,30_DAY_PREVENTIVE_ATTENTION,WATCH,68,HISTORICAL_SEASONAL_SURGE,NARVEX_TEMPORAL_BAYES_V2.1,Preventive attention indicator only; does not establish criminal activity.
FC-HIST-00263,13,Thoothukudi,2026-01-05 17:11:15,90_DAY_PREVENTIVE_ATTENTION,INCREASING,86,CAMPUS_SECTOR_CLUSTER_EXPANSION,NARVEX_TEMPORAL_BAYES_V2.1,Preventive attention indicator only; does not establish criminal activity.
FC-HIST-00264,20,Viluppuram,2025-11-23 23:49:16,30_DAY_PREVENTIVE_ATTENTION,WATCH,65,HIGHWAY_CHECKPOST_VELOCITY_BURST,NARVEX_TEMPORAL_BAYES_V2.1,Preventive attention indicator only; does not establish criminal activity.
FC-HIST-00265,29,Sivaganga,2026-01-16 18:07:13,30_DAY_PREVENTIVE_ATTENTION,LOW,59,HISTORICAL_SEASONAL_SURGE,NARVEX_TEMPORAL_BAYES_V2.1,Preventive attention indicator only; does not establish criminal activity.
FC-HIST-00266,23,Namakkal,2024-11-24 09:48:11,30_DAY_PREVENTIVE_ATTENTION,WATCH,68,CAMPUS_SECTOR_CLUSTER_EXPANSION,NARVEX_TEMPORAL_BAYES_V2.1,Preventive attention indicator only; does not establish criminal activity.
FC-HIST-00267,18,Tiruvallur,2025-05-13 00:31:06,30_DAY_PREVENTIVE_ATTENTION,INCREASING,80,CAMPUS_SECTOR_CLUSTER_EXPANSION,NARVEX_TEMPORAL_BAYES_V2.1,Preventive attention indicator only; does not establish criminal activity.
FC-HIST-00268,14,Kanniyakumari,2025-04-09 13:01:59,30_DAY_PREVENTIVE_ATTENTION,WATCH,70,HISTORICAL_SEASONAL_SURGE,NARVEX_TEMPORAL_BAYES_V2.1,Preventive attention indicator only; does not establish criminal activity.
FC-HIST-00269,2,Coimbatore,2025-07-19 20:13:46,90_DAY_PREVENTIVE_ATTENTION,HIGH PREVENTIVE ATTENTION,88,HISTORICAL_SEASONAL_SURGE,NARVEX_TEMPORAL_BAYES_V2.1,Preventive attention indicator only; does not establish criminal activity.
FC-HIST-00270,11,Dindigul,2024-11-10 05:10:49,30_DAY_PREVENTIVE_ATTENTION,WATCH,68,HISTORICAL_SEASONAL_SURGE,NARVEX_TEMPORAL_BAYES_V2.1,Preventive attention indicator only; does not establish criminal activity.
FC-HIST-00271,16,Kancheepuram,2025-11-03 01:11:30,90_DAY_PREVENTIVE_ATTENTION,WATCH,72,CAMPUS_SECTOR_CLUSTER_EXPANSION,NARVEX_TEMPORAL_BAYES_V2.1,Preventive attention indicator only; does not establish criminal activity.
FC-HIST-00272,27,Perambalur,2025-08-30 04:11:45,30_DAY_PREVENTIVE_ATTENTION,INSUFFICIENT_DATA,44,HIGHWAY_CHECKPOST_VELOCITY_BURST,NARVEX_TEMPORAL_BAYES_V2.1,Preventive attention indicator only; does not establish criminal activity.
FC-HIST-00273,28,Pudukkottai,2025-06-20 13:37:08,90_DAY_PREVENTIVE_ATTENTION,LOW,61,CAMPUS_SECTOR_CLUSTER_EXPANSION,NARVEX_TEMPORAL_BAYES_V2.1,Preventive attention indicator only; does not establish criminal activity.
FC-HIST-00274,31,Virudhunagar,2025-02-04 19:58:34,90_DAY_PREVENTIVE_ATTENTION,WATCH,69,HIGHWAY_CHECKPOST_VELOCITY_BURST,NARVEX_TEMPORAL_BAYES_V2.1,Preventive attention indicator only; does not establish criminal activity.
FC-HIST-00275,9,Vellore,2025-03-27 18:34:42,30_DAY_PREVENTIVE_ATTENTION,INCREASING,76,HISTORICAL_SEASONAL_SURGE,NARVEX_TEMPORAL_BAYES_V2.1,Preventive attention indicator only; does not establish criminal activity.
FC-HIST-00276,5,Tiruchirappalli,2026-01-23 04:31:45,90_DAY_PREVENTIVE_ATTENTION,WATCH,74,HIGHWAY_CHECKPOST_VELOCITY_BURST,NARVEX_TEMPORAL_BAYES_V2.1,Preventive attention indicator only; does not establish criminal activity.
FC-HIST-00277,14,Kanniyakumari,2025-01-07 22:57:14,90_DAY_PREVENTIVE_ATTENTION,WATCH,70,CAMPUS_SECTOR_CLUSTER_EXPANSION,NARVEX_TEMPORAL_BAYES_V2.1,Preventive attention indicator only; does not establish criminal activity.
FC-HIST-00278,24,Nilgiris,2025-04-03 08:32:45,30_DAY_PREVENTIVE_ATTENTION,WATCH,74,HIGHWAY_CHECKPOST_VELOCITY_BURST,NARVEX_TEMPORAL_BAYES_V2.1,Preventive attention indicator only; does not establish criminal activity.
FC-HIST-00279,35,Mayiladuthurai,2026-06-12 02:58:40,30_DAY_PREVENTIVE_ATTENTION,LOW,58,CAMPUS_SECTOR_CLUSTER_EXPANSION,NARVEX_TEMPORAL_BAYES_V2.1,Preventive attention indicator only; does not establish criminal activity.
FC-HIST-00280,15,Tenkasi,2025-09-22 14:48:00,30_DAY_PREVENTIVE_ATTENTION,WATCH,68,HISTORICAL_SEASONAL_SURGE,NARVEX_TEMPORAL_BAYES_V2.1,Preventive attention indicator only; does not establish criminal activity.
FC-HIST-00281,2,Coimbatore,2026-04-07 19:11:21,30_DAY_PREVENTIVE_ATTENTION,HIGH PREVENTIVE ATTENTION,88,CAMPUS_SECTOR_CLUSTER_EXPANSION,NARVEX_TEMPORAL_BAYES_V2.1,Preventive attention indicator only; does not establish criminal activity.
FC-HIST-00282,23,Namakkal,2025-09-15 12:06:22,30_DAY_PREVENTIVE_ATTENTION,WATCH,68,HISTORICAL_SEASONAL_SURGE,NARVEX_TEMPORAL_BAYES_V2.1,Preventive attention indicator only; does not establish criminal activity.
FC-HIST-00283,32,Theni,2025-02-28 09:45:44,90_DAY_PREVENTIVE_ATTENTION,INCREASING,73,HISTORICAL_SEASONAL_SURGE,NARVEX_TEMPORAL_BAYES_V2.1,Preventive attention indicator only; does not establish criminal activity.
FC-HIST-00284,32,Theni,2025-10-16 08:32:04,90_DAY_PREVENTIVE_ATTENTION,INCREASING,73,HISTORICAL_SEASONAL_SURGE,NARVEX_TEMPORAL_BAYES_V2.1,Preventive attention indicator only; does not establish criminal activity.
FC-HIST-00285,11,Dindigul,2025-07-02 02:22:37,90_DAY_PREVENTIVE_ATTENTION,WATCH,68,CAMPUS_SECTOR_CLUSTER_EXPANSION,NARVEX_TEMPORAL_BAYES_V2.1,Preventive attention indicator only; does not establish criminal activity.
FC-HIST-00286,12,Thanjavur,2025-04-12 10:31:21,30_DAY_PREVENTIVE_ATTENTION,LOW,64,HISTORICAL_SEASONAL_SURGE,NARVEX_TEMPORAL_BAYES_V2.1,Preventive attention indicator only; does not establish criminal activity.
FC-HIST-00287,6,Tirunelveli,2025-10-28 21:11:10,90_DAY_PREVENTIVE_ATTENTION,WATCH,72,HISTORICAL_SEASONAL_SURGE,NARVEX_TEMPORAL_BAYES_V2.1,Preventive attention indicator only; does not establish criminal activity.
FC-HIST-00288,1,Chennai,2024-12-01 04:38:11,90_DAY_PREVENTIVE_ATTENTION,HIGH PREVENTIVE ATTENTION,84,HIGHWAY_CHECKPOST_VELOCITY_BURST,NARVEX_TEMPORAL_BAYES_V2.1,Preventive attention indicator only; does not establish criminal activity.
FC-HIST-00289,5,Tiruchirappalli,2024-12-23 10:21:31,30_DAY_PREVENTIVE_ATTENTION,WATCH,74,CAMPUS_SECTOR_CLUSTER_EXPANSION,NARVEX_TEMPORAL_BAYES_V2.1,Preventive attention indicator only; does not establish criminal activity.
FC-HIST-00290,32,Theni,2025-01-17 09:48:54,90_DAY_PREVENTIVE_ATTENTION,INCREASING,73,CAMPUS_SECTOR_CLUSTER_EXPANSION,NARVEX_TEMPORAL_BAYES_V2.1,Preventive attention indicator only; does not establish criminal activity.
FC-HIST-00291,6,Tirunelveli,2026-05-17 05:26:05,90_DAY_PREVENTIVE_ATTENTION,WATCH,72,HISTORICAL_SEASONAL_SURGE,NARVEX_TEMPORAL_BAYES_V2.1,Preventive attention indicator only; does not establish criminal activity.
FC-HIST-00292,29,Sivaganga,2026-08-04 17:00:44,90_DAY_PREVENTIVE_ATTENTION,LOW,59,HIGHWAY_CHECKPOST_VELOCITY_BURST,NARVEX_TEMPORAL_BAYES_V2.1,Preventive attention indicator only; does not establish criminal activity.
FC-HIST-00293,29,Sivaganga,2026-06-30 09:10:47,30_DAY_PREVENTIVE_ATTENTION,LOW,59,HIGHWAY_CHECKPOST_VELOCITY_BURST,NARVEX_TEMPORAL_BAYES_V2.1,Preventive attention indicator only; does not establish criminal activity.
FC-HIST-00294,37,Tirupathur,2025-08-29 00:49:02,30_DAY_PREVENTIVE_ATTENTION,WATCH,67,CAMPUS_SECTOR_CLUSTER_EXPANSION,NARVEX_TEMPORAL_BAYES_V2.1,Preventive attention indicator only; does not establish criminal activity.
FC-HIST-00295,35,Mayiladuthurai,2024-12-27 10:55:25,30_DAY_PREVENTIVE_ATTENTION,LOW,58,HIGHWAY_CHECKPOST_VELOCITY_BURST,NARVEX_TEMPORAL_BAYES_V2.1,Preventive attention indicator only; does not establish criminal activity.
FC-HIST-00296,35,Mayiladuthurai,2026-03-28 07:39:01,90_DAY_PREVENTIVE_ATTENTION,LOW,58,HISTORICAL_SEASONAL_SURGE,NARVEX_TEMPORAL_BAYES_V2.1,Preventive attention indicator only; does not establish criminal activity.
FC-HIST-00297,16,Kancheepuram,2026-02-15 09:07:50,30_DAY_PREVENTIVE_ATTENTION,WATCH,72,CAMPUS_SECTOR_CLUSTER_EXPANSION,NARVEX_TEMPORAL_BAYES_V2.1,Preventive attention indicator only; does not establish criminal activity.
FC-HIST-00298,25,Karur,2025-09-17 04:24:55,30_DAY_PREVENTIVE_ATTENTION,LOW,60,HISTORICAL_SEASONAL_SURGE,NARVEX_TEMPORAL_BAYES_V2.1,Preventive attention indicator only; does not establish criminal activity.
FC-HIST-00299,37,Tirupathur,2025-07-08 06:44:52,90_DAY_PREVENTIVE_ATTENTION,WATCH,67,CAMPUS_SECTOR_CLUSTER_EXPANSION,NARVEX_TEMPORAL_BAYES_V2.1,Preventive attention indicator only; does not establish criminal activity.
FC-HIST-00300,6,Tirunelveli,2024-12-05 06:25:23,90_DAY_PREVENTIVE_ATTENTION,WATCH,72,HISTORICAL_SEASONAL_SURGE,NARVEX_TEMPORAL_BAYES_V2.1,Preventive attention indicator only; does not establish criminal activity.
FC-HIST-00301,12,Thanjavur,2024-12-13 18:09:23,90_DAY_PREVENTIVE_ATTENTION,LOW,64,HISTORICAL_SEASONAL_SURGE,NARVEX_TEMPORAL_BAYES_V2.1,Preventive attention indicator only; does not establish criminal activity.
FC-HIST-00302,2,Coimbatore,2026-08-04 20:28:49,30_DAY_PREVENTIVE_ATTENTION,HIGH PREVENTIVE ATTENTION,88,HIGHWAY_CHECKPOST_VELOCITY_BURST,NARVEX_TEMPORAL_BAYES_V2.1,Preventive attention indicator only; does not establish criminal activity.
FC-HIST-00303,16,Kancheepuram,2024-12-08 14:36:02,90_DAY_PREVENTIVE_ATTENTION,WATCH,72,HISTORICAL_SEASONAL_SURGE,NARVEX_TEMPORAL_BAYES_V2.1,Preventive attention indicator only; does not establish criminal activity.
FC-HIST-00304,26,Ariyalur,2026-01-20 07:03:50,90_DAY_PREVENTIVE_ATTENTION,INSUFFICIENT_DATA,42,HISTORICAL_SEASONAL_SURGE,NARVEX_TEMPORAL_BAYES_V2.1,Preventive attention indicator only; does not establish criminal activity.
FC-HIST-00305,24,Nilgiris,2026-02-26 23:50:57,90_DAY_PREVENTIVE_ATTENTION,WATCH,74,HISTORICAL_SEASONAL_SURGE,NARVEX_TEMPORAL_BAYES_V2.1,Preventive attention indicator only; does not establish criminal activity.
FC-HIST-00306,23,Namakkal,2026-04-25 03:39:29,30_DAY_PREVENTIVE_ATTENTION,WATCH,68,HIGHWAY_CHECKPOST_VELOCITY_BURST,NARVEX_TEMPORAL_BAYES_V2.1,Preventive attention indicator only; does not establish criminal activity.
FC-HIST-00307,22,Dharmapuri,2025-11-25 10:33:14,30_DAY_PREVENTIVE_ATTENTION,WATCH,66,CAMPUS_SECTOR_CLUSTER_EXPANSION,NARVEX_TEMPORAL_BAYES_V2.1,Preventive attention indicator only; does not establish criminal activity.
FC-HIST-00308,34,Nagapattinam,2024-10-14 03:42:34,90_DAY_PREVENTIVE_ATTENTION,WATCH,68,HISTORICAL_SEASONAL_SURGE,NARVEX_TEMPORAL_BAYES_V2.1,Preventive attention indicator only; does not establish criminal activity.
FC-HIST-00309,11,Dindigul,2025-03-12 18:23:23,30_DAY_PREVENTIVE_ATTENTION,WATCH,68,HISTORICAL_SEASONAL_SURGE,NARVEX_TEMPORAL_BAYES_V2.1,Preventive attention indicator only; does not establish criminal activity.
FC-HIST-00310,25,Karur,2024-10-02 10:59:25,90_DAY_PREVENTIVE_ATTENTION,LOW,60,CAMPUS_SECTOR_CLUSTER_EXPANSION,NARVEX_TEMPORAL_BAYES_V2.1,Preventive attention indicator only; does not establish criminal activity.
FC-HIST-00311,35,Mayiladuthurai,2026-07-06 06:17:38,90_DAY_PREVENTIVE_ATTENTION,LOW,58,HIGHWAY_CHECKPOST_VELOCITY_BURST,NARVEX_TEMPORAL_BAYES_V2.1,Preventive attention indicator only; does not establish criminal activity.
FC-HIST-00312,21,Kallakurichi,2024-09-22 13:18:59,30_DAY_PREVENTIVE_ATTENTION,LOW,58,HIGHWAY_CHECKPOST_VELOCITY_BURST,NARVEX_TEMPORAL_BAYES_V2.1,Preventive attention indicator only; does not establish criminal activity.
FC-HIST-00313,33,Thiruvarur,2025-06-13 02:23:32,30_DAY_PREVENTIVE_ATTENTION,LOW,56,HISTORICAL_SEASONAL_SURGE,NARVEX_TEMPORAL_BAYES_V2.1,Preventive attention indicator only; does not establish criminal activity.
FC-HIST-00314,5,Tiruchirappalli,2025-04-07 23:18:38,90_DAY_PREVENTIVE_ATTENTION,WATCH,74,HISTORICAL_SEASONAL_SURGE,NARVEX_TEMPORAL_BAYES_V2.1,Preventive attention indicator only; does not establish criminal activity.
FC-HIST-00315,27,Perambalur,2025-10-20 05:25:56,90_DAY_PREVENTIVE_ATTENTION,INSUFFICIENT_DATA,44,HISTORICAL_SEASONAL_SURGE,NARVEX_TEMPORAL_BAYES_V2.1,Preventive attention indicator only; does not establish criminal activity.
FC-HIST-00316,23,Namakkal,2025-09-29 03:08:50,30_DAY_PREVENTIVE_ATTENTION,WATCH,68,HIGHWAY_CHECKPOST_VELOCITY_BURST,NARVEX_TEMPORAL_BAYES_V2.1,Preventive attention indicator only; does not establish criminal activity.
FC-HIST-00317,15,Tenkasi,2025-10-05 17:26:02,90_DAY_PREVENTIVE_ATTENTION,WATCH,68,HISTORICAL_SEASONAL_SURGE,NARVEX_TEMPORAL_BAYES_V2.1,Preventive attention indicator only; does not establish criminal activity.
FC-HIST-00318,3,Madurai,2026-03-04 03:38:52,30_DAY_PREVENTIVE_ATTENTION,INCREASING,78,CAMPUS_SECTOR_CLUSTER_EXPANSION,NARVEX_TEMPORAL_BAYES_V2.1,Preventive attention indicator only; does not establish criminal activity.
FC-HIST-00319,12,Thanjavur,2025-10-13 00:53:07,30_DAY_PREVENTIVE_ATTENTION,LOW,64,HIGHWAY_CHECKPOST_VELOCITY_BURST,NARVEX_TEMPORAL_BAYES_V2.1,Preventive attention indicator only; does not establish criminal activity.
FC-HIST-00320,4,Salem,2024-12-17 04:15:14,30_DAY_PREVENTIVE_ATTENTION,INCREASING,82,HISTORICAL_SEASONAL_SURGE,NARVEX_TEMPORAL_BAYES_V2.1,Preventive attention indicator only; does not establish criminal activity.
FC-HIST-00321,18,Tiruvallur,2026-04-19 03:50:38,90_DAY_PREVENTIVE_ATTENTION,INCREASING,80,CAMPUS_SECTOR_CLUSTER_EXPANSION,NARVEX_TEMPORAL_BAYES_V2.1,Preventive attention indicator only; does not establish criminal activity.
FC-HIST-00322,27,Perambalur,2025-04-27 11:52:00,30_DAY_PREVENTIVE_ATTENTION,INSUFFICIENT_DATA,44,CAMPUS_SECTOR_CLUSTER_EXPANSION,NARVEX_TEMPORAL_BAYES_V2.1,Preventive attention indicator only; does not establish criminal activity.
FC-HIST-00323,36,Ranipet,2024-11-04 17:54:10,90_DAY_PREVENTIVE_ATTENTION,WATCH,72,HIGHWAY_CHECKPOST_VELOCITY_BURST,NARVEX_TEMPORAL_BAYES_V2.1,Preventive attention indicator only; does not establish criminal activity.
FC-HIST-00324,11,Dindigul,2025-11-12 17:00:22,30_DAY_PREVENTIVE_ATTENTION,WATCH,68,HISTORICAL_SEASONAL_SURGE,NARVEX_TEMPORAL_BAYES_V2.1,Preventive attention indicator only; does not establish criminal activity.
FC-HIST-00325,9,Vellore,2026-06-11 17:31:09,90_DAY_PREVENTIVE_ATTENTION,INCREASING,76,CAMPUS_SECTOR_CLUSTER_EXPANSION,NARVEX_TEMPORAL_BAYES_V2.1,Preventive attention indicator only; does not establish criminal activity.
FC-HIST-00326,8,Tiruppur,2024-10-07 02:38:38,90_DAY_PREVENTIVE_ATTENTION,INCREASING,80,HISTORICAL_SEASONAL_SURGE,NARVEX_TEMPORAL_BAYES_V2.1,Preventive attention indicator only; does not establish criminal activity.
FC-HIST-00327,19,Cuddalore,2025-12-16 01:25:05,30_DAY_PREVENTIVE_ATTENTION,LOW,62,CAMPUS_SECTOR_CLUSTER_EXPANSION,NARVEX_TEMPORAL_BAYES_V2.1,Preventive attention indicator only; does not establish criminal activity.
FC-HIST-00328,16,Kancheepuram,2025-04-30 17:14:32,30_DAY_PREVENTIVE_ATTENTION,WATCH,72,HIGHWAY_CHECKPOST_VELOCITY_BURST,NARVEX_TEMPORAL_BAYES_V2.1,Preventive attention indicator only; does not establish criminal activity.
FC-HIST-00329,18,Tiruvallur,2024-10-31 07:18:51,30_DAY_PREVENTIVE_ATTENTION,INCREASING,80,CAMPUS_SECTOR_CLUSTER_EXPANSION,NARVEX_TEMPORAL_BAYES_V2.1,Preventive attention indicator only; does not establish criminal activity.
FC-HIST-00330,10,Krishnagiri,2026-06-04 02:49:29,90_DAY_PREVENTIVE_ATTENTION,HIGH PREVENTIVE ATTENTION,85,HIGHWAY_CHECKPOST_VELOCITY_BURST,NARVEX_TEMPORAL_BAYES_V2.1,Preventive attention indicator only; does not establish criminal activity.
FC-HIST-00331,31,Virudhunagar,2025-04-06 17:29:27,90_DAY_PREVENTIVE_ATTENTION,WATCH,69,HISTORICAL_SEASONAL_SURGE,NARVEX_TEMPORAL_BAYES_V2.1,Preventive attention indicator only; does not establish criminal activity.
FC-HIST-00332,20,Viluppuram,2026-02-08 16:18:12,30_DAY_PREVENTIVE_ATTENTION,WATCH,65,CAMPUS_SECTOR_CLUSTER_EXPANSION,NARVEX_TEMPORAL_BAYES_V2.1,Preventive attention indicator only; does not establish criminal activity.
FC-HIST-00333,25,Karur,2025-09-22 12:26:39,30_DAY_PREVENTIVE_ATTENTION,LOW,60,HIGHWAY_CHECKPOST_VELOCITY_BURST,NARVEX_TEMPORAL_BAYES_V2.1,Preventive attention indicator only; does not establish criminal activity.
FC-HIST-00334,34,Nagapattinam,2024-10-11 01:55:04,90_DAY_PREVENTIVE_ATTENTION,WATCH,68,HIGHWAY_CHECKPOST_VELOCITY_BURST,NARVEX_TEMPORAL_BAYES_V2.1,Preventive attention indicator only; does not establish criminal activity.
FC-HIST-00335,14,Kanniyakumari,2025-02-24 09:46:01,30_DAY_PREVENTIVE_ATTENTION,WATCH,70,HISTORICAL_SEASONAL_SURGE,NARVEX_TEMPORAL_BAYES_V2.1,Preventive attention indicator only; does not establish criminal activity.
FC-HIST-00336,37,Tirupathur,2025-09-10 08:15:57,30_DAY_PREVENTIVE_ATTENTION,WATCH,67,CAMPUS_SECTOR_CLUSTER_EXPANSION,NARVEX_TEMPORAL_BAYES_V2.1,Preventive attention indicator only; does not establish criminal activity.
FC-HIST-00337,14,Kanniyakumari,2025-01-19 21:11:30,90_DAY_PREVENTIVE_ATTENTION,WATCH,70,HISTORICAL_SEASONAL_SURGE,NARVEX_TEMPORAL_BAYES_V2.1,Preventive attention indicator only; does not establish criminal activity.
FC-HIST-00338,31,Virudhunagar,2025-11-23 11:28:03,90_DAY_PREVENTIVE_ATTENTION,WATCH,69,HIGHWAY_CHECKPOST_VELOCITY_BURST,NARVEX_TEMPORAL_BAYES_V2.1,Preventive attention indicator only; does not establish criminal activity.
FC-HIST-00339,32,Theni,2025-07-03 19:14:19,90_DAY_PREVENTIVE_ATTENTION,INCREASING,73,HISTORICAL_SEASONAL_SURGE,NARVEX_TEMPORAL_BAYES_V2.1,Preventive attention indicator only; does not establish criminal activity.
FC-HIST-00340,31,Virudhunagar,2025-07-26 08:34:01,90_DAY_PREVENTIVE_ATTENTION,WATCH,69,HIGHWAY_CHECKPOST_VELOCITY_BURST,NARVEX_TEMPORAL_BAYES_V2.1,Preventive attention indicator only; does not establish criminal activity.
FC-HIST-00341,17,Chengalpattu,2025-01-05 09:42:55,30_DAY_PREVENTIVE_ATTENTION,INCREASING,78,HIGHWAY_CHECKPOST_VELOCITY_BURST,NARVEX_TEMPORAL_BAYES_V2.1,Preventive attention indicator only; does not establish criminal activity.
FC-HIST-00342,24,Nilgiris,2025-12-29 12:23:33,90_DAY_PREVENTIVE_ATTENTION,WATCH,74,HISTORICAL_SEASONAL_SURGE,NARVEX_TEMPORAL_BAYES_V2.1,Preventive attention indicator only; does not establish criminal activity.
FC-HIST-00343,23,Namakkal,2025-07-09 00:23:49,90_DAY_PREVENTIVE_ATTENTION,WATCH,68,CAMPUS_SECTOR_CLUSTER_EXPANSION,NARVEX_TEMPORAL_BAYES_V2.1,Preventive attention indicator only; does not establish criminal activity.
FC-HIST-00344,17,Chengalpattu,2025-04-21 00:14:37,30_DAY_PREVENTIVE_ATTENTION,INCREASING,78,HIGHWAY_CHECKPOST_VELOCITY_BURST,NARVEX_TEMPORAL_BAYES_V2.1,Preventive attention indicator only; does not establish criminal activity.
FC-HIST-00345,1,Chennai,2026-02-02 16:09:11,30_DAY_PREVENTIVE_ATTENTION,HIGH PREVENTIVE ATTENTION,84,HISTORICAL_SEASONAL_SURGE,NARVEX_TEMPORAL_BAYES_V2.1,Preventive attention indicator only; does not establish criminal activity.
FC-HIST-00346,20,Viluppuram,2026-08-07 12:53:49,90_DAY_PREVENTIVE_ATTENTION,WATCH,65,CAMPUS_SECTOR_CLUSTER_EXPANSION,NARVEX_TEMPORAL_BAYES_V2.1,Preventive attention indicator only; does not establish criminal activity.
FC-HIST-00347,35,Mayiladuthurai,2025-09-22 12:58:49,30_DAY_PREVENTIVE_ATTENTION,LOW,58,HISTORICAL_SEASONAL_SURGE,NARVEX_TEMPORAL_BAYES_V2.1,Preventive attention indicator only; does not establish criminal activity.
FC-HIST-00348,37,Tirupathur,2026-02-02 23:49:04,90_DAY_PREVENTIVE_ATTENTION,WATCH,67,CAMPUS_SECTOR_CLUSTER_EXPANSION,NARVEX_TEMPORAL_BAYES_V2.1,Preventive attention indicator only; does not establish criminal activity.
FC-HIST-00349,20,Viluppuram,2025-07-10 04:04:43,90_DAY_PREVENTIVE_ATTENTION,WATCH,65,HISTORICAL_SEASONAL_SURGE,NARVEX_TEMPORAL_BAYES_V2.1,Preventive attention indicator only; does not establish criminal activity.
FC-HIST-00350,34,Nagapattinam,2024-10-26 17:30:06,30_DAY_PREVENTIVE_ATTENTION,WATCH,68,CAMPUS_SECTOR_CLUSTER_EXPANSION,NARVEX_TEMPORAL_BAYES_V2.1,Preventive attention indicator only; does not establish criminal activity.
FC-HIST-00351,15,Tenkasi,2026-02-22 06:16:36,90_DAY_PREVENTIVE_ATTENTION,WATCH,68,CAMPUS_SECTOR_CLUSTER_EXPANSION,NARVEX_TEMPORAL_BAYES_V2.1,Preventive attention indicator only; does not establish criminal activity.
FC-HIST-00352,2,Coimbatore,2025-06-20 06:41:32,90_DAY_PREVENTIVE_ATTENTION,HIGH PREVENTIVE ATTENTION,88,HISTORICAL_SEASONAL_SURGE,NARVEX_TEMPORAL_BAYES_V2.1,Preventive attention indicator only; does not establish criminal activity.
FC-HIST-00353,28,Pudukkottai,2025-05-02 17:29:50,90_DAY_PREVENTIVE_ATTENTION,LOW,61,HISTORICAL_SEASONAL_SURGE,NARVEX_TEMPORAL_BAYES_V2.1,Preventive attention indicator only; does not establish criminal activity.
FC-HIST-00354,10,Krishnagiri,2025-08-18 17:58:18,30_DAY_PREVENTIVE_ATTENTION,HIGH PREVENTIVE ATTENTION,85,HISTORICAL_SEASONAL_SURGE,NARVEX_TEMPORAL_BAYES_V2.1,Preventive attention indicator only; does not establish criminal activity.
FC-HIST-00355,35,Mayiladuthurai,2025-07-19 09:45:49,90_DAY_PREVENTIVE_ATTENTION,LOW,58,CAMPUS_SECTOR_CLUSTER_EXPANSION,NARVEX_TEMPORAL_BAYES_V2.1,Preventive attention indicator only; does not establish criminal activity.
FC-HIST-00356,19,Cuddalore,2026-05-26 23:35:42,30_DAY_PREVENTIVE_ATTENTION,LOW,62,HISTORICAL_SEASONAL_SURGE,NARVEX_TEMPORAL_BAYES_V2.1,Preventive attention indicator only; does not establish criminal activity.
FC-HIST-00357,31,Virudhunagar,2026-05-23 12:28:29,90_DAY_PREVENTIVE_ATTENTION,WATCH,69,HIGHWAY_CHECKPOST_VELOCITY_BURST,NARVEX_TEMPORAL_BAYES_V2.1,Preventive attention indicator only; does not establish criminal activity.
FC-HIST-00358,6,Tirunelveli,2025-02-26 14:20:23,30_DAY_PREVENTIVE_ATTENTION,WATCH,72,HISTORICAL_SEASONAL_SURGE,NARVEX_TEMPORAL_BAYES_V2.1,Preventive attention indicator only; does not establish criminal activity.
FC-HIST-00359,1,Chennai,2025-11-25 04:10:41,30_DAY_PREVENTIVE_ATTENTION,HIGH PREVENTIVE ATTENTION,84,HISTORICAL_SEASONAL_SURGE,NARVEX_TEMPORAL_BAYES_V2.1,Preventive attention indicator only; does not establish criminal activity.
FC-HIST-00360,24,Nilgiris,2026-06-09 07:26:33,30_DAY_PREVENTIVE_ATTENTION,WATCH,74,CAMPUS_SECTOR_CLUSTER_EXPANSION,NARVEX_TEMPORAL_BAYES_V2.1,Preventive attention indicator only; does not establish criminal activity.
FC-HIST-00361,37,Tirupathur,2024-12-15 08:02:11,90_DAY_PREVENTIVE_ATTENTION,WATCH,67,HISTORICAL_SEASONAL_SURGE,NARVEX_TEMPORAL_BAYES_V2.1,Preventive attention indicator only; does not establish criminal activity.
FC-HIST-00362,1,Chennai,2025-03-25 12:45:47,30_DAY_PREVENTIVE_ATTENTION,HIGH PREVENTIVE ATTENTION,84,HIGHWAY_CHECKPOST_VELOCITY_BURST,NARVEX_TEMPORAL_BAYES_V2.1,Preventive attention indicator only; does not establish criminal activity.
FC-HIST-00363,21,Kallakurichi,2026-04-02 09:07:58,30_DAY_PREVENTIVE_ATTENTION,LOW,58,CAMPUS_SECTOR_CLUSTER_EXPANSION,NARVEX_TEMPORAL_BAYES_V2.1,Preventive attention indicator only; does not establish criminal activity.
FC-HIST-00364,11,Dindigul,2026-04-10 14:47:49,90_DAY_PREVENTIVE_ATTENTION,WATCH,68,CAMPUS_SECTOR_CLUSTER_EXPANSION,NARVEX_TEMPORAL_BAYES_V2.1,Preventive attention indicator only; does not establish criminal activity.
FC-HIST-00365,29,Sivaganga,2025-10-31 06:21:20,30_DAY_PREVENTIVE_ATTENTION,LOW,59,CAMPUS_SECTOR_CLUSTER_EXPANSION,NARVEX_TEMPORAL_BAYES_V2.1,Preventive attention indicator only; does not establish criminal activity.
FC-HIST-00366,35,Mayiladuthurai,2025-01-08 06:58:42,90_DAY_PREVENTIVE_ATTENTION,LOW,58,HIGHWAY_CHECKPOST_VELOCITY_BURST,NARVEX_TEMPORAL_BAYES_V2.1,Preventive attention indicator only; does not establish criminal activity.
FC-HIST-00367,11,Dindigul,2025-04-19 14:03:08,30_DAY_PREVENTIVE_ATTENTION,WATCH,68,HIGHWAY_CHECKPOST_VELOCITY_BURST,NARVEX_TEMPORAL_BAYES_V2.1,Preventive attention indicator only; does not establish criminal activity.
FC-HIST-00368,33,Thiruvarur,2024-10-02 00:56:27,30_DAY_PREVENTIVE_ATTENTION,LOW,56,CAMPUS_SECTOR_CLUSTER_EXPANSION,NARVEX_TEMPORAL_BAYES_V2.1,Preventive attention indicator only; does not establish criminal activity.
FC-HIST-00369,13,Thoothukudi,2025-03-09 15:28:09,90_DAY_PREVENTIVE_ATTENTION,INCREASING,86,HIGHWAY_CHECKPOST_VELOCITY_BURST,NARVEX_TEMPORAL_BAYES_V2.1,Preventive attention indicator only; does not establish criminal activity.
FC-HIST-00370,29,Sivaganga,2026-01-18 16:01:48,90_DAY_PREVENTIVE_ATTENTION,LOW,59,CAMPUS_SECTOR_CLUSTER_EXPANSION,NARVEX_TEMPORAL_BAYES_V2.1,Preventive attention indicator only; does not establish criminal activity.
FC-HIST-00371,28,Pudukkottai,2025-01-28 18:26:01,30_DAY_PREVENTIVE_ATTENTION,LOW,61,CAMPUS_SECTOR_CLUSTER_EXPANSION,NARVEX_TEMPORAL_BAYES_V2.1,Preventive attention indicator only; does not establish criminal activity.
FC-HIST-00372,36,Ranipet,2026-07-05 02:16:14,90_DAY_PREVENTIVE_ATTENTION,WATCH,72,HIGHWAY_CHECKPOST_VELOCITY_BURST,NARVEX_TEMPORAL_BAYES_V2.1,Preventive attention indicator only; does not establish criminal activity.
FC-HIST-00373,9,Vellore,2026-02-28 22:17:15,90_DAY_PREVENTIVE_ATTENTION,INCREASING,76,CAMPUS_SECTOR_CLUSTER_EXPANSION,NARVEX_TEMPORAL_BAYES_V2.1,Preventive attention indicator only; does not establish criminal activity.
FC-HIST-00374,20,Viluppuram,2026-01-04 23:15:20,30_DAY_PREVENTIVE_ATTENTION,WATCH,65,HIGHWAY_CHECKPOST_VELOCITY_BURST,NARVEX_TEMPORAL_BAYES_V2.1,Preventive attention indicator only; does not establish criminal activity.
FC-HIST-00375,1,Chennai,2025-07-30 22:17:50,30_DAY_PREVENTIVE_ATTENTION,HIGH PREVENTIVE ATTENTION,84,CAMPUS_SECTOR_CLUSTER_EXPANSION,NARVEX_TEMPORAL_BAYES_V2.1,Preventive attention indicator only; does not establish criminal activity.
FC-HIST-00376,11,Dindigul,2025-10-03 15:09:57,30_DAY_PREVENTIVE_ATTENTION,WATCH,68,CAMPUS_SECTOR_CLUSTER_EXPANSION,NARVEX_TEMPORAL_BAYES_V2.1,Preventive attention indicator only; does not establish criminal activity.
FC-HIST-00377,25,Karur,2025-01-26 22:08:21,90_DAY_PREVENTIVE_ATTENTION,LOW,60,HISTORICAL_SEASONAL_SURGE,NARVEX_TEMPORAL_BAYES_V2.1,Preventive attention indicator only; does not establish criminal activity.
FC-HIST-00378,26,Ariyalur,2024-11-26 23:51:36,90_DAY_PREVENTIVE_ATTENTION,INSUFFICIENT_DATA,42,HIGHWAY_CHECKPOST_VELOCITY_BURST,NARVEX_TEMPORAL_BAYES_V2.1,Preventive attention indicator only; does not establish criminal activity.
FC-HIST-00379,1,Chennai,2026-03-21 18:15:50,90_DAY_PREVENTIVE_ATTENTION,HIGH PREVENTIVE ATTENTION,84,HISTORICAL_SEASONAL_SURGE,NARVEX_TEMPORAL_BAYES_V2.1,Preventive attention indicator only; does not establish criminal activity.
FC-HIST-00380,16,Kancheepuram,2026-07-03 21:51:44,90_DAY_PREVENTIVE_ATTENTION,WATCH,72,CAMPUS_SECTOR_CLUSTER_EXPANSION,NARVEX_TEMPORAL_BAYES_V2.1,Preventive attention indicator only; does not establish criminal activity.
FC-HIST-00381,11,Dindigul,2025-03-22 03:14:56,30_DAY_PREVENTIVE_ATTENTION,WATCH,68,HISTORICAL_SEASONAL_SURGE,NARVEX_TEMPORAL_BAYES_V2.1,Preventive attention indicator only; does not establish criminal activity.
FC-HIST-00382,14,Kanniyakumari,2024-10-18 19:14:47,30_DAY_PREVENTIVE_ATTENTION,WATCH,70,HISTORICAL_SEASONAL_SURGE,NARVEX_TEMPORAL_BAYES_V2.1,Preventive attention indicator only; does not establish criminal activity.
FC-HIST-00383,26,Ariyalur,2026-01-23 00:29:08,90_DAY_PREVENTIVE_ATTENTION,INSUFFICIENT_DATA,42,CAMPUS_SECTOR_CLUSTER_EXPANSION,NARVEX_TEMPORAL_BAYES_V2.1,Preventive attention indicator only; does not establish criminal activity.
FC-HIST-00384,38,Tiruvannamalai,2025-08-15 08:50:03,90_DAY_PREVENTIVE_ATTENTION,WATCH,70,HISTORICAL_SEASONAL_SURGE,NARVEX_TEMPORAL_BAYES_V2.1,Preventive attention indicator only; does not establish criminal activity.
FC-HIST-00385,22,Dharmapuri,2026-06-27 22:14:06,30_DAY_PREVENTIVE_ATTENTION,WATCH,66,CAMPUS_SECTOR_CLUSTER_EXPANSION,NARVEX_TEMPORAL_BAYES_V2.1,Preventive attention indicator only; does not establish criminal activity.
FC-HIST-00386,12,Thanjavur,2026-01-21 20:29:21,30_DAY_PREVENTIVE_ATTENTION,LOW,64,CAMPUS_SECTOR_CLUSTER_EXPANSION,NARVEX_TEMPORAL_BAYES_V2.1,Preventive attention indicator only; does not establish criminal activity.
FC-HIST-00387,26,Ariyalur,2025-06-28 04:20:15,30_DAY_PREVENTIVE_ATTENTION,INSUFFICIENT_DATA,42,CAMPUS_SECTOR_CLUSTER_EXPANSION,NARVEX_TEMPORAL_BAYES_V2.1,Preventive attention indicator only; does not establish criminal activity.
FC-HIST-00388,30,Ramanathapuram,2025-01-04 14:48:58,30_DAY_PREVENTIVE_ATTENTION,WATCH,71,HISTORICAL_SEASONAL_SURGE,NARVEX_TEMPORAL_BAYES_V2.1,Preventive attention indicator only; does not establish criminal activity.
FC-HIST-00389,29,Sivaganga,2024-12-20 16:01:19,90_DAY_PREVENTIVE_ATTENTION,LOW,59,CAMPUS_SECTOR_CLUSTER_EXPANSION,NARVEX_TEMPORAL_BAYES_V2.1,Preventive attention indicator only; does not establish criminal activity.
FC-HIST-00390,16,Kancheepuram,2026-01-09 11:23:46,90_DAY_PREVENTIVE_ATTENTION,WATCH,72,HISTORICAL_SEASONAL_SURGE,NARVEX_TEMPORAL_BAYES_V2.1,Preventive attention indicator only; does not establish criminal activity.
FC-HIST-00391,35,Mayiladuthurai,2024-12-09 02:40:06,90_DAY_PREVENTIVE_ATTENTION,LOW,58,HIGHWAY_CHECKPOST_VELOCITY_BURST,NARVEX_TEMPORAL_BAYES_V2.1,Preventive attention indicator only; does not establish criminal activity.
FC-HIST-00392,32,Theni,2024-11-10 03:30:17,90_DAY_PREVENTIVE_ATTENTION,INCREASING,73,HIGHWAY_CHECKPOST_VELOCITY_BURST,NARVEX_TEMPORAL_BAYES_V2.1,Preventive attention indicator only; does not establish criminal activity.
FC-HIST-00393,18,Tiruvallur,2025-06-14 07:40:44,90_DAY_PREVENTIVE_ATTENTION,INCREASING,80,HIGHWAY_CHECKPOST_VELOCITY_BURST,NARVEX_TEMPORAL_BAYES_V2.1,Preventive attention indicator only; does not establish criminal activity.
FC-HIST-00394,33,Thiruvarur,2026-05-15 18:41:41,30_DAY_PREVENTIVE_ATTENTION,LOW,56,CAMPUS_SECTOR_CLUSTER_EXPANSION,NARVEX_TEMPORAL_BAYES_V2.1,Preventive attention indicator only; does not establish criminal activity.
FC-HIST-00395,18,Tiruvallur,2025-12-25 11:35:38,30_DAY_PREVENTIVE_ATTENTION,INCREASING,80,HIGHWAY_CHECKPOST_VELOCITY_BURST,NARVEX_TEMPORAL_BAYES_V2.1,Preventive attention indicator only; does not establish criminal activity.
FC-HIST-00396,33,Thiruvarur,2025-04-29 17:58:13,30_DAY_PREVENTIVE_ATTENTION,LOW,56,HISTORICAL_SEASONAL_SURGE,NARVEX_TEMPORAL_BAYES_V2.1,Preventive attention indicator only; does not establish criminal activity.
FC-HIST-00397,5,Tiruchirappalli,2026-04-28 09:53:36,90_DAY_PREVENTIVE_ATTENTION,WATCH,74,HISTORICAL_SEASONAL_SURGE,NARVEX_TEMPORAL_BAYES_V2.1,Preventive attention indicator only; does not establish criminal activity.
FC-HIST-00398,24,Nilgiris,2024-10-27 22:29:38,90_DAY_PREVENTIVE_ATTENTION,WATCH,74,HIGHWAY_CHECKPOST_VELOCITY_BURST,NARVEX_TEMPORAL_BAYES_V2.1,Preventive attention indicator only; does not establish criminal activity.
FC-HIST-00399,14,Kanniyakumari,2025-12-16 09:29:28,90_DAY_PREVENTIVE_ATTENTION,WATCH,70,HISTORICAL_SEASONAL_SURGE,NARVEX_TEMPORAL_BAYES_V2.1,Preventive attention indicator only; does not establish criminal activity.
FC-HIST-00400,12,Thanjavur,2025-02-18 08:33:55,90_DAY_PREVENTIVE_ATTENTION,LOW,64,CAMPUS_SECTOR_CLUSTER_EXPANSION,NARVEX_TEMPORAL_BAYES_V2.1,Preventive attention indicator only; does not establish criminal activity.
FC-HIST-00401,33,Thiruvarur,2025-04-15 20:19:00,30_DAY_PREVENTIVE_ATTENTION,LOW,56,HIGHWAY_CHECKPOST_VELOCITY_BURST,NARVEX_TEMPORAL_BAYES_V2.1,Preventive attention indicator only; does not establish criminal activity.
FC-HIST-00402,20,Viluppuram,2025-10-04 16:26:45,90_DAY_PREVENTIVE_ATTENTION,WATCH,65,HISTORICAL_SEASONAL_SURGE,NARVEX_TEMPORAL_BAYES_V2.1,Preventive attention indicator only; does not establish criminal activity.
FC-HIST-00403,22,Dharmapuri,2026-08-11 03:42:09,90_DAY_PREVENTIVE_ATTENTION,WATCH,66,HIGHWAY_CHECKPOST_VELOCITY_BURST,NARVEX_TEMPORAL_BAYES_V2.1,Preventive attention indicator only; does not establish criminal activity.
FC-HIST-00404,4,Salem,2025-08-21 13:59:04,90_DAY_PREVENTIVE_ATTENTION,INCREASING,82,HIGHWAY_CHECKPOST_VELOCITY_BURST,NARVEX_TEMPORAL_BAYES_V2.1,Preventive attention indicator only; does not establish criminal activity.
FC-HIST-00405,34,Nagapattinam,2025-03-19 14:56:14,30_DAY_PREVENTIVE_ATTENTION,WATCH,68,HIGHWAY_CHECKPOST_VELOCITY_BURST,NARVEX_TEMPORAL_BAYES_V2.1,Preventive attention indicator only; does not establish criminal activity.
FC-HIST-00406,30,Ramanathapuram,2026-07-02 16:46:31,90_DAY_PREVENTIVE_ATTENTION,WATCH,71,HIGHWAY_CHECKPOST_VELOCITY_BURST,NARVEX_TEMPORAL_BAYES_V2.1,Preventive attention indicator only; does not establish criminal activity.
FC-HIST-00407,13,Thoothukudi,2025-04-09 01:27:42,90_DAY_PREVENTIVE_ATTENTION,INCREASING,86,CAMPUS_SECTOR_CLUSTER_EXPANSION,NARVEX_TEMPORAL_BAYES_V2.1,Preventive attention indicator only; does not establish criminal activity.
FC-HIST-00408,26,Ariyalur,2025-10-10 07:44:50,30_DAY_PREVENTIVE_ATTENTION,INSUFFICIENT_DATA,42,HISTORICAL_SEASONAL_SURGE,NARVEX_TEMPORAL_BAYES_V2.1,Preventive attention indicator only; does not establish criminal activity.
FC-HIST-00409,35,Mayiladuthurai,2025-07-18 12:23:46,90_DAY_PREVENTIVE_ATTENTION,LOW,58,HISTORICAL_SEASONAL_SURGE,NARVEX_TEMPORAL_BAYES_V2.1,Preventive attention indicator only; does not establish criminal activity.
FC-HIST-00410,38,Tiruvannamalai,2026-06-01 08:28:11,30_DAY_PREVENTIVE_ATTENTION,WATCH,70,CAMPUS_SECTOR_CLUSTER_EXPANSION,NARVEX_TEMPORAL_BAYES_V2.1,Preventive attention indicator only; does not establish criminal activity.
FC-HIST-00411,15,Tenkasi,2026-01-06 22:46:36,30_DAY_PREVENTIVE_ATTENTION,WATCH,68,HIGHWAY_CHECKPOST_VELOCITY_BURST,NARVEX_TEMPORAL_BAYES_V2.1,Preventive attention indicator only; does not establish criminal activity.
FC-HIST-00412,33,Thiruvarur,2025-11-22 11:29:16,90_DAY_PREVENTIVE_ATTENTION,LOW,56,CAMPUS_SECTOR_CLUSTER_EXPANSION,NARVEX_TEMPORAL_BAYES_V2.1,Preventive attention indicator only; does not establish criminal activity.
FC-HIST-00413,15,Tenkasi,2024-11-15 09:56:24,30_DAY_PREVENTIVE_ATTENTION,WATCH,68,HISTORICAL_SEASONAL_SURGE,NARVEX_TEMPORAL_BAYES_V2.1,Preventive attention indicator only; does not establish criminal activity.
FC-HIST-00414,5,Tiruchirappalli,2025-12-30 06:51:50,90_DAY_PREVENTIVE_ATTENTION,WATCH,74,CAMPUS_SECTOR_CLUSTER_EXPANSION,NARVEX_TEMPORAL_BAYES_V2.1,Preventive attention indicator only; does not establish criminal activity.
FC-HIST-00415,16,Kancheepuram,2026-08-16 21:53:40,90_DAY_PREVENTIVE_ATTENTION,WATCH,72,HIGHWAY_CHECKPOST_VELOCITY_BURST,NARVEX_TEMPORAL_BAYES_V2.1,Preventive attention indicator only; does not establish criminal activity.
FC-HIST-00416,8,Tiruppur,2025-06-03 07:51:51,30_DAY_PREVENTIVE_ATTENTION,INCREASING,80,HIGHWAY_CHECKPOST_VELOCITY_BURST,NARVEX_TEMPORAL_BAYES_V2.1,Preventive attention indicator only; does not establish criminal activity.
FC-HIST-00417,29,Sivaganga,2026-03-07 15:42:38,90_DAY_PREVENTIVE_ATTENTION,LOW,59,HIGHWAY_CHECKPOST_VELOCITY_BURST,NARVEX_TEMPORAL_BAYES_V2.1,Preventive attention indicator only; does not establish criminal activity.
FC-HIST-00418,2,Coimbatore,2025-03-09 05:24:38,90_DAY_PREVENTIVE_ATTENTION,HIGH PREVENTIVE ATTENTION,88,HISTORICAL_SEASONAL_SURGE,NARVEX_TEMPORAL_BAYES_V2.1,Preventive attention indicator only; does not establish criminal activity.
FC-HIST-00419,29,Sivaganga,2025-06-30 13:16:16,90_DAY_PREVENTIVE_ATTENTION,LOW,59,HISTORICAL_SEASONAL_SURGE,NARVEX_TEMPORAL_BAYES_V2.1,Preventive attention indicator only; does not establish criminal activity.
FC-HIST-00420,14,Kanniyakumari,2026-05-25 19:19:03,30_DAY_PREVENTIVE_ATTENTION,WATCH,70,CAMPUS_SECTOR_CLUSTER_EXPANSION,NARVEX_TEMPORAL_BAYES_V2.1,Preventive attention indicator only; does not establish criminal activity.
FC-HIST-00421,14,Kanniyakumari,2026-08-13 22:10:11,30_DAY_PREVENTIVE_ATTENTION,WATCH,70,CAMPUS_SECTOR_CLUSTER_EXPANSION,NARVEX_TEMPORAL_BAYES_V2.1,Preventive attention indicator only; does not establish criminal activity.
FC-HIST-00422,34,Nagapattinam,2026-08-07 08:42:41,30_DAY_PREVENTIVE_ATTENTION,WATCH,68,CAMPUS_SECTOR_CLUSTER_EXPANSION,NARVEX_TEMPORAL_BAYES_V2.1,Preventive attention indicator only; does not establish criminal activity.
FC-HIST-00423,34,Nagapattinam,2025-07-01 03:18:45,90_DAY_PREVENTIVE_ATTENTION,WATCH,68,HIGHWAY_CHECKPOST_VELOCITY_BURST,NARVEX_TEMPORAL_BAYES_V2.1,Preventive attention indicator only; does not establish criminal activity.
FC-HIST-00424,38,Tiruvannamalai,2026-04-27 12:46:07,90_DAY_PREVENTIVE_ATTENTION,WATCH,70,HIGHWAY_CHECKPOST_VELOCITY_BURST,NARVEX_TEMPORAL_BAYES_V2.1,Preventive attention indicator only; does not establish criminal activity.
FC-HIST-00425,26,Ariyalur,2026-04-11 14:20:05,90_DAY_PREVENTIVE_ATTENTION,INSUFFICIENT_DATA,42,CAMPUS_SECTOR_CLUSTER_EXPANSION,NARVEX_TEMPORAL_BAYES_V2.1,Preventive attention indicator only; does not establish criminal activity.
FC-HIST-00426,14,Kanniyakumari,2025-10-24 08:05:27,90_DAY_PREVENTIVE_ATTENTION,WATCH,70,CAMPUS_SECTOR_CLUSTER_EXPANSION,NARVEX_TEMPORAL_BAYES_V2.1,Preventive attention indicator only; does not establish criminal activity.
FC-HIST-00427,29,Sivaganga,2026-04-25 10:28:45,30_DAY_PREVENTIVE_ATTENTION,LOW,59,HISTORICAL_SEASONAL_SURGE,NARVEX_TEMPORAL_BAYES_V2.1,Preventive attention indicator only; does not establish criminal activity.
FC-HIST-00428,3,Madurai,2026-07-21 00:24:07,30_DAY_PREVENTIVE_ATTENTION,INCREASING,78,CAMPUS_SECTOR_CLUSTER_EXPANSION,NARVEX_TEMPORAL_BAYES_V2.1,Preventive attention indicator only; does not establish criminal activity.
FC-HIST-00429,21,Kallakurichi,2026-07-24 10:01:00,30_DAY_PREVENTIVE_ATTENTION,LOW,58,HIGHWAY_CHECKPOST_VELOCITY_BURST,NARVEX_TEMPORAL_BAYES_V2.1,Preventive attention indicator only; does not establish criminal activity.
FC-HIST-00430,36,Ranipet,2025-12-24 23:04:02,90_DAY_PREVENTIVE_ATTENTION,WATCH,72,CAMPUS_SECTOR_CLUSTER_EXPANSION,NARVEX_TEMPORAL_BAYES_V2.1,Preventive attention indicator only; does not establish criminal activity.
FC-HIST-00431,25,Karur,2024-11-04 10:54:28,90_DAY_PREVENTIVE_ATTENTION,LOW,60,CAMPUS_SECTOR_CLUSTER_EXPANSION,NARVEX_TEMPORAL_BAYES_V2.1,Preventive attention indicator only; does not establish criminal activity.
FC-HIST-00432,10,Krishnagiri,2025-10-28 10:08:19,30_DAY_PREVENTIVE_ATTENTION,HIGH PREVENTIVE ATTENTION,85,HISTORICAL_SEASONAL_SURGE,NARVEX_TEMPORAL_BAYES_V2.1,Preventive attention indicator only; does not establish criminal activity.
FC-HIST-00433,32,Theni,2025-11-11 04:54:07,30_DAY_PREVENTIVE_ATTENTION,INCREASING,73,HISTORICAL_SEASONAL_SURGE,NARVEX_TEMPORAL_BAYES_V2.1,Preventive attention indicator only; does not establish criminal activity.
FC-HIST-00434,6,Tirunelveli,2025-07-10 00:37:06,30_DAY_PREVENTIVE_ATTENTION,WATCH,72,HISTORICAL_SEASONAL_SURGE,NARVEX_TEMPORAL_BAYES_V2.1,Preventive attention indicator only; does not establish criminal activity.
FC-HIST-00435,28,Pudukkottai,2025-07-28 21:18:19,30_DAY_PREVENTIVE_ATTENTION,LOW,61,HISTORICAL_SEASONAL_SURGE,NARVEX_TEMPORAL_BAYES_V2.1,Preventive attention indicator only; does not establish criminal activity.
FC-HIST-00436,20,Viluppuram,2025-05-17 22:37:10,30_DAY_PREVENTIVE_ATTENTION,WATCH,65,CAMPUS_SECTOR_CLUSTER_EXPANSION,NARVEX_TEMPORAL_BAYES_V2.1,Preventive attention indicator only; does not establish criminal activity.
FC-HIST-00437,10,Krishnagiri,2025-10-01 11:07:32,90_DAY_PREVENTIVE_ATTENTION,HIGH PREVENTIVE ATTENTION,85,CAMPUS_SECTOR_CLUSTER_EXPANSION,NARVEX_TEMPORAL_BAYES_V2.1,Preventive attention indicator only; does not establish criminal activity.
FC-HIST-00438,21,Kallakurichi,2025-11-12 00:06:02,30_DAY_PREVENTIVE_ATTENTION,LOW,58,HISTORICAL_SEASONAL_SURGE,NARVEX_TEMPORAL_BAYES_V2.1,Preventive attention indicator only; does not establish criminal activity.
FC-HIST-00439,33,Thiruvarur,2025-02-25 00:53:56,90_DAY_PREVENTIVE_ATTENTION,LOW,56,HISTORICAL_SEASONAL_SURGE,NARVEX_TEMPORAL_BAYES_V2.1,Preventive attention indicator only; does not establish criminal activity.
FC-HIST-00440,27,Perambalur,2026-08-14 00:44:25,30_DAY_PREVENTIVE_ATTENTION,INSUFFICIENT_DATA,44,HIGHWAY_CHECKPOST_VELOCITY_BURST,NARVEX_TEMPORAL_BAYES_V2.1,Preventive attention indicator only; does not establish criminal activity.
FC-HIST-00441,21,Kallakurichi,2025-01-31 21:20:04,30_DAY_PREVENTIVE_ATTENTION,LOW,58,HIGHWAY_CHECKPOST_VELOCITY_BURST,NARVEX_TEMPORAL_BAYES_V2.1,Preventive attention indicator only; does not establish criminal activity.
FC-HIST-00442,17,Chengalpattu,2025-09-11 16:41:45,90_DAY_PREVENTIVE_ATTENTION,INCREASING,78,CAMPUS_SECTOR_CLUSTER_EXPANSION,NARVEX_TEMPORAL_BAYES_V2.1,Preventive attention indicator only; does not establish criminal activity.
FC-HIST-00443,33,Thiruvarur,2024-09-23 13:09:06,30_DAY_PREVENTIVE_ATTENTION,LOW,56,HISTORICAL_SEASONAL_SURGE,NARVEX_TEMPORAL_BAYES_V2.1,Preventive attention indicator only; does not establish criminal activity.
FC-HIST-00444,20,Viluppuram,2025-09-12 18:52:27,90_DAY_PREVENTIVE_ATTENTION,WATCH,65,HISTORICAL_SEASONAL_SURGE,NARVEX_TEMPORAL_BAYES_V2.1,Preventive attention indicator only; does not establish criminal activity.
FC-HIST-00445,21,Kallakurichi,2025-09-27 22:59:52,90_DAY_PREVENTIVE_ATTENTION,LOW,58,HIGHWAY_CHECKPOST_VELOCITY_BURST,NARVEX_TEMPORAL_BAYES_V2.1,Preventive attention indicator only; does not establish criminal activity.
FC-HIST-00446,11,Dindigul,2025-06-27 08:28:29,30_DAY_PREVENTIVE_ATTENTION,WATCH,68,CAMPUS_SECTOR_CLUSTER_EXPANSION,NARVEX_TEMPORAL_BAYES_V2.1,Preventive attention indicator only; does not establish criminal activity.
FC-HIST-00447,32,Theni,2025-01-11 05:47:05,30_DAY_PREVENTIVE_ATTENTION,INCREASING,73,HIGHWAY_CHECKPOST_VELOCITY_BURST,NARVEX_TEMPORAL_BAYES_V2.1,Preventive attention indicator only; does not establish criminal activity.
FC-HIST-00448,4,Salem,2026-03-29 11:54:40,90_DAY_PREVENTIVE_ATTENTION,INCREASING,82,HIGHWAY_CHECKPOST_VELOCITY_BURST,NARVEX_TEMPORAL_BAYES_V2.1,Preventive attention indicator only; does not establish criminal activity.
FC-HIST-00449,3,Madurai,2025-01-26 01:40:26,30_DAY_PREVENTIVE_ATTENTION,INCREASING,78,HIGHWAY_CHECKPOST_VELOCITY_BURST,NARVEX_TEMPORAL_BAYES_V2.1,Preventive attention indicator only; does not establish criminal activity.
FC-HIST-00450,4,Salem,2025-06-22 19:53:07,30_DAY_PREVENTIVE_ATTENTION,INCREASING,82,HIGHWAY_CHECKPOST_VELOCITY_BURST,NARVEX_TEMPORAL_BAYES_V2.1,Preventive attention indicator only; does not establish criminal activity.
FC-HIST-00451,34,Nagapattinam,2026-05-31 22:00:30,90_DAY_PREVENTIVE_ATTENTION,WATCH,68,HIGHWAY_CHECKPOST_VELOCITY_BURST,NARVEX_TEMPORAL_BAYES_V2.1,Preventive attention indicator only; does not establish criminal activity.
FC-HIST-00452,30,Ramanathapuram,2025-08-03 18:27:30,90_DAY_PREVENTIVE_ATTENTION,WATCH,71,HISTORICAL_SEASONAL_SURGE,NARVEX_TEMPORAL_BAYES_V2.1,Preventive attention indicator only; does not establish criminal activity.
FC-HIST-00453,15,Tenkasi,2026-08-04 15:03:40,30_DAY_PREVENTIVE_ATTENTION,WATCH,68,CAMPUS_SECTOR_CLUSTER_EXPANSION,NARVEX_TEMPORAL_BAYES_V2.1,Preventive attention indicator only; does not establish criminal activity.
FC-HIST-00454,5,Tiruchirappalli,2025-11-07 21:40:49,30_DAY_PREVENTIVE_ATTENTION,WATCH,74,HISTORICAL_SEASONAL_SURGE,NARVEX_TEMPORAL_BAYES_V2.1,Preventive attention indicator only; does not establish criminal activity.
FC-HIST-00455,6,Tirunelveli,2026-01-02 16:04:23,90_DAY_PREVENTIVE_ATTENTION,WATCH,72,HIGHWAY_CHECKPOST_VELOCITY_BURST,NARVEX_TEMPORAL_BAYES_V2.1,Preventive attention indicator only; does not establish criminal activity.
FC-HIST-00456,28,Pudukkottai,2026-05-16 16:19:43,30_DAY_PREVENTIVE_ATTENTION,LOW,61,HIGHWAY_CHECKPOST_VELOCITY_BURST,NARVEX_TEMPORAL_BAYES_V2.1,Preventive attention indicator only; does not establish criminal activity.
FC-HIST-00457,28,Pudukkottai,2024-10-13 13:31:04,90_DAY_PREVENTIVE_ATTENTION,LOW,61,HIGHWAY_CHECKPOST_VELOCITY_BURST,NARVEX_TEMPORAL_BAYES_V2.1,Preventive attention indicator only; does not establish criminal activity.
FC-HIST-00458,2,Coimbatore,2025-12-23 00:01:43,90_DAY_PREVENTIVE_ATTENTION,HIGH PREVENTIVE ATTENTION,88,CAMPUS_SECTOR_CLUSTER_EXPANSION,NARVEX_TEMPORAL_BAYES_V2.1,Preventive attention indicator only; does not establish criminal activity.
FC-HIST-00459,2,Coimbatore,2024-12-30 12:55:14,90_DAY_PREVENTIVE_ATTENTION,HIGH PREVENTIVE ATTENTION,88,CAMPUS_SECTOR_CLUSTER_EXPANSION,NARVEX_TEMPORAL_BAYES_V2.1,Preventive attention indicator only; does not establish criminal activity.
FC-HIST-00460,17,Chengalpattu,2026-08-04 00:27:05,90_DAY_PREVENTIVE_ATTENTION,INCREASING,78,CAMPUS_SECTOR_CLUSTER_EXPANSION,NARVEX_TEMPORAL_BAYES_V2.1,Preventive attention indicator only; does not establish criminal activity.
FC-HIST-00461,33,Thiruvarur,2024-11-13 12:24:58,90_DAY_PREVENTIVE_ATTENTION,LOW,56,HISTORICAL_SEASONAL_SURGE,NARVEX_TEMPORAL_BAYES_V2.1,Preventive attention indicator only; does not establish criminal activity.
FC-HIST-00462,3,Madurai,2025-12-10 02:19:12,30_DAY_PREVENTIVE_ATTENTION,INCREASING,78,CAMPUS_SECTOR_CLUSTER_EXPANSION,NARVEX_TEMPORAL_BAYES_V2.1,Preventive attention indicator only; does not establish criminal activity.
FC-HIST-00463,34,Nagapattinam,2024-10-06 01:00:06,30_DAY_PREVENTIVE_ATTENTION,WATCH,68,HISTORICAL_SEASONAL_SURGE,NARVEX_TEMPORAL_BAYES_V2.1,Preventive attention indicator only; does not establish criminal activity.
FC-HIST-00464,16,Kancheepuram,2026-06-22 08:46:57,30_DAY_PREVENTIVE_ATTENTION,WATCH,72,HIGHWAY_CHECKPOST_VELOCITY_BURST,NARVEX_TEMPORAL_BAYES_V2.1,Preventive attention indicator only; does not establish criminal activity.
FC-HIST-00465,14,Kanniyakumari,2025-02-12 04:51:23,30_DAY_PREVENTIVE_ATTENTION,WATCH,70,CAMPUS_SECTOR_CLUSTER_EXPANSION,NARVEX_TEMPORAL_BAYES_V2.1,Preventive attention indicator only; does not establish criminal activity.
FC-HIST-00466,31,Virudhunagar,2024-11-12 19:52:58,90_DAY_PREVENTIVE_ATTENTION,WATCH,69,CAMPUS_SECTOR_CLUSTER_EXPANSION,NARVEX_TEMPORAL_BAYES_V2.1,Preventive attention indicator only; does not establish criminal activity.
FC-HIST-00467,4,Salem,2025-08-09 06:26:09,90_DAY_PREVENTIVE_ATTENTION,INCREASING,82,HISTORICAL_SEASONAL_SURGE,NARVEX_TEMPORAL_BAYES_V2.1,Preventive attention indicator only; does not establish criminal activity.
FC-HIST-00468,23,Namakkal,2025-04-16 13:26:01,30_DAY_PREVENTIVE_ATTENTION,WATCH,68,HIGHWAY_CHECKPOST_VELOCITY_BURST,NARVEX_TEMPORAL_BAYES_V2.1,Preventive attention indicator only; does not establish criminal activity.
FC-HIST-00469,11,Dindigul,2025-03-05 13:37:16,90_DAY_PREVENTIVE_ATTENTION,WATCH,68,HIGHWAY_CHECKPOST_VELOCITY_BURST,NARVEX_TEMPORAL_BAYES_V2.1,Preventive attention indicator only; does not establish criminal activity.
FC-HIST-00470,34,Nagapattinam,2025-06-14 23:55:37,90_DAY_PREVENTIVE_ATTENTION,WATCH,68,HIGHWAY_CHECKPOST_VELOCITY_BURST,NARVEX_TEMPORAL_BAYES_V2.1,Preventive attention indicator only; does not establish criminal activity.
FC-HIST-00471,37,Tirupathur,2025-09-06 11:36:49,90_DAY_PREVENTIVE_ATTENTION,WATCH,67,HIGHWAY_CHECKPOST_VELOCITY_BURST,NARVEX_TEMPORAL_BAYES_V2.1,Preventive attention indicator only; does not establish criminal activity.
FC-HIST-00472,2,Coimbatore,2025-09-11 16:25:23,90_DAY_PREVENTIVE_ATTENTION,HIGH PREVENTIVE ATTENTION,88,HISTORICAL_SEASONAL_SURGE,NARVEX_TEMPORAL_BAYES_V2.1,Preventive attention indicator only; does not establish criminal activity.
FC-HIST-00473,8,Tiruppur,2025-12-01 09:29:31,30_DAY_PREVENTIVE_ATTENTION,INCREASING,80,HIGHWAY_CHECKPOST_VELOCITY_BURST,NARVEX_TEMPORAL_BAYES_V2.1,Preventive attention indicator only; does not establish criminal activity.
FC-HIST-00474,14,Kanniyakumari,2025-04-16 12:20:22,30_DAY_PREVENTIVE_ATTENTION,WATCH,70,HIGHWAY_CHECKPOST_VELOCITY_BURST,NARVEX_TEMPORAL_BAYES_V2.1,Preventive attention indicator only; does not establish criminal activity.
FC-HIST-00475,7,Erode,2025-09-11 19:44:24,90_DAY_PREVENTIVE_ATTENTION,WATCH,75,HISTORICAL_SEASONAL_SURGE,NARVEX_TEMPORAL_BAYES_V2.1,Preventive attention indicator only; does not establish criminal activity.
FC-HIST-00476,13,Thoothukudi,2025-07-30 04:14:51,30_DAY_PREVENTIVE_ATTENTION,INCREASING,86,CAMPUS_SECTOR_CLUSTER_EXPANSION,NARVEX_TEMPORAL_BAYES_V2.1,Preventive attention indicator only; does not establish criminal activity.
FC-HIST-00477,4,Salem,2026-06-19 16:33:10,30_DAY_PREVENTIVE_ATTENTION,INCREASING,82,CAMPUS_SECTOR_CLUSTER_EXPANSION,NARVEX_TEMPORAL_BAYES_V2.1,Preventive attention indicator only; does not establish criminal activity.
FC-HIST-00478,14,Kanniyakumari,2026-06-20 00:41:52,90_DAY_PREVENTIVE_ATTENTION,WATCH,70,HISTORICAL_SEASONAL_SURGE,NARVEX_TEMPORAL_BAYES_V2.1,Preventive attention indicator only; does not establish criminal activity.
FC-HIST-00479,11,Dindigul,2026-02-04 23:22:47,90_DAY_PREVENTIVE_ATTENTION,WATCH,68,HIGHWAY_CHECKPOST_VELOCITY_BURST,NARVEX_TEMPORAL_BAYES_V2.1,Preventive attention indicator only; does not establish criminal activity.
FC-HIST-00480,14,Kanniyakumari,2025-09-16 23:53:27,30_DAY_PREVENTIVE_ATTENTION,WATCH,70,HIGHWAY_CHECKPOST_VELOCITY_BURST,NARVEX_TEMPORAL_BAYES_V2.1,Preventive attention indicator only; does not establish criminal activity.
FC-HIST-00481,9,Vellore,2026-04-11 23:50:30,30_DAY_PREVENTIVE_ATTENTION,INCREASING,76,HIGHWAY_CHECKPOST_VELOCITY_BURST,NARVEX_TEMPORAL_BAYES_V2.1,Preventive attention indicator only; does not establish criminal activity.
FC-HIST-00482,18,Tiruvallur,2025-02-06 05:44:26,90_DAY_PREVENTIVE_ATTENTION,INCREASING,80,HISTORICAL_SEASONAL_SURGE,NARVEX_TEMPORAL_BAYES_V2.1,Preventive attention indicator only; does not establish criminal activity.
FC-HIST-00483,33,Thiruvarur,2025-11-24 03:12:37,90_DAY_PREVENTIVE_ATTENTION,LOW,56,HISTORICAL_SEASONAL_SURGE,NARVEX_TEMPORAL_BAYES_V2.1,Preventive attention indicator only; does not establish criminal activity.
FC-HIST-00484,24,Nilgiris,2025-01-16 03:48:38,90_DAY_PREVENTIVE_ATTENTION,WATCH,74,HIGHWAY_CHECKPOST_VELOCITY_BURST,NARVEX_TEMPORAL_BAYES_V2.1,Preventive attention indicator only; does not establish criminal activity.
FC-HIST-00485,7,Erode,2025-03-09 22:01:17,30_DAY_PREVENTIVE_ATTENTION,WATCH,75,HIGHWAY_CHECKPOST_VELOCITY_BURST,NARVEX_TEMPORAL_BAYES_V2.1,Preventive attention indicator only; does not establish criminal activity.
FC-HIST-00486,29,Sivaganga,2026-01-24 15:58:04,30_DAY_PREVENTIVE_ATTENTION,LOW,59,CAMPUS_SECTOR_CLUSTER_EXPANSION,NARVEX_TEMPORAL_BAYES_V2.1,Preventive attention indicator only; does not establish criminal activity.
FC-HIST-00487,24,Nilgiris,2025-10-07 03:58:19,90_DAY_PREVENTIVE_ATTENTION,WATCH,74,HISTORICAL_SEASONAL_SURGE,NARVEX_TEMPORAL_BAYES_V2.1,Preventive attention indicator only; does not establish criminal activity.
FC-HIST-00488,37,Tirupathur,2025-08-27 15:35:59,30_DAY_PREVENTIVE_ATTENTION,WATCH,67,HISTORICAL_SEASONAL_SURGE,NARVEX_TEMPORAL_BAYES_V2.1,Preventive attention indicator only; does not establish criminal activity.
FC-HIST-00489,1,Chennai,2026-08-07 12:17:54,30_DAY_PREVENTIVE_ATTENTION,HIGH PREVENTIVE ATTENTION,84,CAMPUS_SECTOR_CLUSTER_EXPANSION,NARVEX_TEMPORAL_BAYES_V2.1,Preventive attention indicator only; does not establish criminal activity.
FC-HIST-00490,21,Kallakurichi,2025-08-13 09:46:45,30_DAY_PREVENTIVE_ATTENTION,LOW,58,HIGHWAY_CHECKPOST_VELOCITY_BURST,NARVEX_TEMPORAL_BAYES_V2.1,Preventive attention indicator only; does not establish criminal activity.
FC-HIST-00491,30,Ramanathapuram,2026-04-18 17:15:57,30_DAY_PREVENTIVE_ATTENTION,WATCH,71,HIGHWAY_CHECKPOST_VELOCITY_BURST,NARVEX_TEMPORAL_BAYES_V2.1,Preventive attention indicator only; does not establish criminal activity.
FC-HIST-00492,16,Kancheepuram,2026-07-24 22:00:27,90_DAY_PREVENTIVE_ATTENTION,WATCH,72,CAMPUS_SECTOR_CLUSTER_EXPANSION,NARVEX_TEMPORAL_BAYES_V2.1,Preventive attention indicator only; does not establish criminal activity.
FC-HIST-00493,33,Thiruvarur,2025-04-10 12:14:08,30_DAY_PREVENTIVE_ATTENTION,LOW,56,HISTORICAL_SEASONAL_SURGE,NARVEX_TEMPORAL_BAYES_V2.1,Preventive attention indicator only; does not establish criminal activity.
FC-HIST-00494,8,Tiruppur,2026-03-26 22:47:49,30_DAY_PREVENTIVE_ATTENTION,INCREASING,80,HIGHWAY_CHECKPOST_VELOCITY_BURST,NARVEX_TEMPORAL_BAYES_V2.1,Preventive attention indicator only; does not establish criminal activity.
FC-HIST-00495,13,Thoothukudi,2024-09-21 17:05:41,30_DAY_PREVENTIVE_ATTENTION,INCREASING,86,CAMPUS_SECTOR_CLUSTER_EXPANSION,NARVEX_TEMPORAL_BAYES_V2.1,Preventive attention indicator only; does not establish criminal activity.
FC-HIST-00496,17,Chengalpattu,2026-06-07 13:19:06,30_DAY_PREVENTIVE_ATTENTION,INCREASING,78,CAMPUS_SECTOR_CLUSTER_EXPANSION,NARVEX_TEMPORAL_BAYES_V2.1,Preventive attention indicator only; does not establish criminal activity.
FC-HIST-00497,16,Kancheepuram,2025-07-12 09:54:08,30_DAY_PREVENTIVE_ATTENTION,WATCH,72,CAMPUS_SECTOR_CLUSTER_EXPANSION,NARVEX_TEMPORAL_BAYES_V2.1,Preventive attention indicator only; does not establish criminal activity.
FC-HIST-00498,1,Chennai,2025-08-02 15:24:02,90_DAY_PREVENTIVE_ATTENTION,HIGH PREVENTIVE ATTENTION,84,CAMPUS_SECTOR_CLUSTER_EXPANSION,NARVEX_TEMPORAL_BAYES_V2.1,Preventive attention indicator only; does not establish criminal activity.
FC-HIST-00499,2,Coimbatore,2025-02-13 22:50:55,90_DAY_PREVENTIVE_ATTENTION,HIGH PREVENTIVE ATTENTION,88,CAMPUS_SECTOR_CLUSTER_EXPANSION,NARVEX_TEMPORAL_BAYES_V2.1,Preventive attention indicator only; does not establish criminal activity.
FC-HIST-00500,29,Sivaganga,2026-05-03 01:44:40,30_DAY_PREVENTIVE_ATTENTION,LOW,59,CAMPUS_SECTOR_CLUSTER_EXPANSION,NARVEX_TEMPORAL_BAYES_V2.1,Preventive attention indicator only; does not establish criminal activity.
FC-HIST-00501,5,Tiruchirappalli,2024-11-01 09:37:41,30_DAY_PREVENTIVE_ATTENTION,WATCH,74,HIGHWAY_CHECKPOST_VELOCITY_BURST,NARVEX_TEMPORAL_BAYES_V2.1,Preventive attention indicator only; does not establish criminal activity.
FC-HIST-00502,3,Madurai,2026-07-28 06:35:22,90_DAY_PREVENTIVE_ATTENTION,INCREASING,78,CAMPUS_SECTOR_CLUSTER_EXPANSION,NARVEX_TEMPORAL_BAYES_V2.1,Preventive attention indicator only; does not establish criminal activity.
FC-HIST-00503,21,Kallakurichi,2026-02-04 07:39:36,30_DAY_PREVENTIVE_ATTENTION,LOW,58,HIGHWAY_CHECKPOST_VELOCITY_BURST,NARVEX_TEMPORAL_BAYES_V2.1,Preventive attention indicator only; does not establish criminal activity.
FC-HIST-00504,12,Thanjavur,2025-09-29 13:34:11,90_DAY_PREVENTIVE_ATTENTION,LOW,64,CAMPUS_SECTOR_CLUSTER_EXPANSION,NARVEX_TEMPORAL_BAYES_V2.1,Preventive attention indicator only; does not establish criminal activity.
FC-HIST-00505,6,Tirunelveli,2025-05-28 01:44:03,30_DAY_PREVENTIVE_ATTENTION,WATCH,72,HIGHWAY_CHECKPOST_VELOCITY_BURST,NARVEX_TEMPORAL_BAYES_V2.1,Preventive attention indicator only; does not establish criminal activity.
FC-HIST-00506,11,Dindigul,2025-04-13 02:30:57,90_DAY_PREVENTIVE_ATTENTION,WATCH,68,HIGHWAY_CHECKPOST_VELOCITY_BURST,NARVEX_TEMPORAL_BAYES_V2.1,Preventive attention indicator only; does not establish criminal activity.
FC-HIST-00507,8,Tiruppur,2026-02-11 08:15:24,90_DAY_PREVENTIVE_ATTENTION,INCREASING,80,HISTORICAL_SEASONAL_SURGE,NARVEX_TEMPORAL_BAYES_V2.1,Preventive attention indicator only; does not establish criminal activity.
FC-HIST-00508,22,Dharmapuri,2026-03-06 06:45:50,30_DAY_PREVENTIVE_ATTENTION,WATCH,66,HISTORICAL_SEASONAL_SURGE,NARVEX_TEMPORAL_BAYES_V2.1,Preventive attention indicator only; does not establish criminal activity.
FC-HIST-00509,25,Karur,2025-09-02 21:53:27,90_DAY_PREVENTIVE_ATTENTION,LOW,60,HIGHWAY_CHECKPOST_VELOCITY_BURST,NARVEX_TEMPORAL_BAYES_V2.1,Preventive attention indicator only; does not establish criminal activity.
FC-HIST-00510,16,Kancheepuram,2025-09-22 09:20:57,90_DAY_PREVENTIVE_ATTENTION,WATCH,72,HISTORICAL_SEASONAL_SURGE,NARVEX_TEMPORAL_BAYES_V2.1,Preventive attention indicator only; does not establish criminal activity.
FC-HIST-00511,11,Dindigul,2026-03-12 18:57:20,30_DAY_PREVENTIVE_ATTENTION,WATCH,68,CAMPUS_SECTOR_CLUSTER_EXPANSION,NARVEX_TEMPORAL_BAYES_V2.1,Preventive attention indicator only; does not establish criminal activity.
FC-HIST-00512,7,Erode,2026-06-24 01:09:32,30_DAY_PREVENTIVE_ATTENTION,WATCH,75,HISTORICAL_SEASONAL_SURGE,NARVEX_TEMPORAL_BAYES_V2.1,Preventive attention indicator only; does not establish criminal activity.
FC-HIST-00513,17,Chengalpattu,2026-03-25 08:11:21,30_DAY_PREVENTIVE_ATTENTION,INCREASING,78,HISTORICAL_SEASONAL_SURGE,NARVEX_TEMPORAL_BAYES_V2.1,Preventive attention indicator only; does not establish criminal activity.
FC-HIST-00514,14,Kanniyakumari,2024-10-25 07:34:31,30_DAY_PREVENTIVE_ATTENTION,WATCH,70,HIGHWAY_CHECKPOST_VELOCITY_BURST,NARVEX_TEMPORAL_BAYES_V2.1,Preventive attention indicator only; does not establish criminal activity.
FC-HIST-00515,29,Sivaganga,2025-02-20 00:02:08,30_DAY_PREVENTIVE_ATTENTION,LOW,59,HISTORICAL_SEASONAL_SURGE,NARVEX_TEMPORAL_BAYES_V2.1,Preventive attention indicator only; does not establish criminal activity.
FC-HIST-00516,15,Tenkasi,2025-03-16 14:38:21,30_DAY_PREVENTIVE_ATTENTION,WATCH,68,HISTORICAL_SEASONAL_SURGE,NARVEX_TEMPORAL_BAYES_V2.1,Preventive attention indicator only; does not establish criminal activity.
FC-HIST-00517,17,Chengalpattu,2026-02-22 20:37:12,90_DAY_PREVENTIVE_ATTENTION,INCREASING,78,HISTORICAL_SEASONAL_SURGE,NARVEX_TEMPORAL_BAYES_V2.1,Preventive attention indicator only; does not establish criminal activity.
FC-HIST-00518,3,Madurai,2024-12-19 09:17:53,90_DAY_PREVENTIVE_ATTENTION,INCREASING,78,HIGHWAY_CHECKPOST_VELOCITY_BURST,NARVEX_TEMPORAL_BAYES_V2.1,Preventive attention indicator only; does not establish criminal activity.
FC-HIST-00519,6,Tirunelveli,2025-02-22 14:11:28,90_DAY_PREVENTIVE_ATTENTION,WATCH,72,CAMPUS_SECTOR_CLUSTER_EXPANSION,NARVEX_TEMPORAL_BAYES_V2.1,Preventive attention indicator only; does not establish criminal activity.
FC-HIST-00520,7,Erode,2025-09-26 08:50:41,30_DAY_PREVENTIVE_ATTENTION,WATCH,75,CAMPUS_SECTOR_CLUSTER_EXPANSION,NARVEX_TEMPORAL_BAYES_V2.1,Preventive attention indicator only; does not establish criminal activity.
FC-HIST-00521,31,Virudhunagar,2025-07-13 01:50:33,90_DAY_PREVENTIVE_ATTENTION,WATCH,69,CAMPUS_SECTOR_CLUSTER_EXPANSION,NARVEX_TEMPORAL_BAYES_V2.1,Preventive attention indicator only; does not establish criminal activity.
FC-HIST-00522,31,Virudhunagar,2025-04-13 17:59:57,30_DAY_PREVENTIVE_ATTENTION,WATCH,69,HISTORICAL_SEASONAL_SURGE,NARVEX_TEMPORAL_BAYES_V2.1,Preventive attention indicator only; does not establish criminal activity.
FC-HIST-00523,6,Tirunelveli,2026-04-20 19:53:17,30_DAY_PREVENTIVE_ATTENTION,WATCH,72,CAMPUS_SECTOR_CLUSTER_EXPANSION,NARVEX_TEMPORAL_BAYES_V2.1,Preventive attention indicator only; does not establish criminal activity.
FC-HIST-00524,34,Nagapattinam,2024-09-19 10:47:03,90_DAY_PREVENTIVE_ATTENTION,WATCH,68,CAMPUS_SECTOR_CLUSTER_EXPANSION,NARVEX_TEMPORAL_BAYES_V2.1,Preventive attention indicator only; does not establish criminal activity.
FC-HIST-00525,4,Salem,2024-12-06 16:11:16,30_DAY_PREVENTIVE_ATTENTION,INCREASING,82,HISTORICAL_SEASONAL_SURGE,NARVEX_TEMPORAL_BAYES_V2.1,Preventive attention indicator only; does not establish criminal activity.
FC-HIST-00526,27,Perambalur,2025-01-23 18:53:09,30_DAY_PREVENTIVE_ATTENTION,INSUFFICIENT_DATA,44,HISTORICAL_SEASONAL_SURGE,NARVEX_TEMPORAL_BAYES_V2.1,Preventive attention indicator only; does not establish criminal activity.
FC-HIST-00527,38,Tiruvannamalai,2025-05-20 04:59:56,90_DAY_PREVENTIVE_ATTENTION,WATCH,70,HISTORICAL_SEASONAL_SURGE,NARVEX_TEMPORAL_BAYES_V2.1,Preventive attention indicator only; does not establish criminal activity.
FC-HIST-00528,10,Krishnagiri,2025-02-27 12:32:50,30_DAY_PREVENTIVE_ATTENTION,HIGH PREVENTIVE ATTENTION,85,HISTORICAL_SEASONAL_SURGE,NARVEX_TEMPORAL_BAYES_V2.1,Preventive attention indicator only; does not establish criminal activity.
FC-HIST-00529,10,Krishnagiri,2025-04-03 07:45:19,90_DAY_PREVENTIVE_ATTENTION,HIGH PREVENTIVE ATTENTION,85,CAMPUS_SECTOR_CLUSTER_EXPANSION,NARVEX_TEMPORAL_BAYES_V2.1,Preventive attention indicator only; does not establish criminal activity.
FC-HIST-00530,6,Tirunelveli,2025-10-11 19:21:20,30_DAY_PREVENTIVE_ATTENTION,WATCH,72,HIGHWAY_CHECKPOST_VELOCITY_BURST,NARVEX_TEMPORAL_BAYES_V2.1,Preventive attention indicator only; does not establish criminal activity.
FC-HIST-00531,16,Kancheepuram,2026-06-19 18:56:02,30_DAY_PREVENTIVE_ATTENTION,WATCH,72,HIGHWAY_CHECKPOST_VELOCITY_BURST,NARVEX_TEMPORAL_BAYES_V2.1,Preventive attention indicator only; does not establish criminal activity.
FC-HIST-00532,33,Thiruvarur,2025-01-07 23:40:41,30_DAY_PREVENTIVE_ATTENTION,LOW,56,CAMPUS_SECTOR_CLUSTER_EXPANSION,NARVEX_TEMPORAL_BAYES_V2.1,Preventive attention indicator only; does not establish criminal activity.
FC-HIST-00533,36,Ranipet,2025-11-17 04:46:52,90_DAY_PREVENTIVE_ATTENTION,WATCH,72,CAMPUS_SECTOR_CLUSTER_EXPANSION,NARVEX_TEMPORAL_BAYES_V2.1,Preventive attention indicator only; does not establish criminal activity.
FC-HIST-00534,17,Chengalpattu,2026-05-25 06:38:09,30_DAY_PREVENTIVE_ATTENTION,INCREASING,78,HISTORICAL_SEASONAL_SURGE,NARVEX_TEMPORAL_BAYES_V2.1,Preventive attention indicator only; does not establish criminal activity.
FC-HIST-00535,29,Sivaganga,2026-03-20 10:44:56,30_DAY_PREVENTIVE_ATTENTION,LOW,59,CAMPUS_SECTOR_CLUSTER_EXPANSION,NARVEX_TEMPORAL_BAYES_V2.1,Preventive attention indicator only; does not establish criminal activity.
FC-HIST-00536,17,Chengalpattu,2026-02-04 07:26:39,90_DAY_PREVENTIVE_ATTENTION,INCREASING,78,CAMPUS_SECTOR_CLUSTER_EXPANSION,NARVEX_TEMPORAL_BAYES_V2.1,Preventive attention indicator only; does not establish criminal activity.
FC-HIST-00537,36,Ranipet,2025-01-24 08:33:47,90_DAY_PREVENTIVE_ATTENTION,WATCH,72,HISTORICAL_SEASONAL_SURGE,NARVEX_TEMPORAL_BAYES_V2.1,Preventive attention indicator only; does not establish criminal activity.
FC-HIST-00538,37,Tirupathur,2026-03-02 05:15:46,30_DAY_PREVENTIVE_ATTENTION,WATCH,67,HIGHWAY_CHECKPOST_VELOCITY_BURST,NARVEX_TEMPORAL_BAYES_V2.1,Preventive attention indicator only; does not establish criminal activity.
FC-HIST-00539,27,Perambalur,2025-10-18 23:22:35,30_DAY_PREVENTIVE_ATTENTION,INSUFFICIENT_DATA,44,CAMPUS_SECTOR_CLUSTER_EXPANSION,NARVEX_TEMPORAL_BAYES_V2.1,Preventive attention indicator only; does not establish criminal activity.
FC-HIST-00540,33,Thiruvarur,2025-08-09 10:14:10,30_DAY_PREVENTIVE_ATTENTION,LOW,56,CAMPUS_SECTOR_CLUSTER_EXPANSION,NARVEX_TEMPORAL_BAYES_V2.1,Preventive attention indicator only; does not establish criminal activity.
FC-HIST-00541,34,Nagapattinam,2025-11-02 02:30:11,90_DAY_PREVENTIVE_ATTENTION,WATCH,68,HISTORICAL_SEASONAL_SURGE,NARVEX_TEMPORAL_BAYES_V2.1,Preventive attention indicator only; does not establish criminal activity.
FC-HIST-00542,31,Virudhunagar,2026-03-15 04:08:55,30_DAY_PREVENTIVE_ATTENTION,WATCH,69,HIGHWAY_CHECKPOST_VELOCITY_BURST,NARVEX_TEMPORAL_BAYES_V2.1,Preventive attention indicator only; does not establish criminal activity.
FC-HIST-00543,2,Coimbatore,2026-01-07 06:57:21,90_DAY_PREVENTIVE_ATTENTION,HIGH PREVENTIVE ATTENTION,88,CAMPUS_SECTOR_CLUSTER_EXPANSION,NARVEX_TEMPORAL_BAYES_V2.1,Preventive attention indicator only; does not establish criminal activity.
FC-HIST-00544,4,Salem,2025-02-08 00:41:49,30_DAY_PREVENTIVE_ATTENTION,INCREASING,82,CAMPUS_SECTOR_CLUSTER_EXPANSION,NARVEX_TEMPORAL_BAYES_V2.1,Preventive attention indicator only; does not establish criminal activity.
FC-HIST-00545,28,Pudukkottai,2025-07-05 07:34:19,90_DAY_PREVENTIVE_ATTENTION,LOW,61,CAMPUS_SECTOR_CLUSTER_EXPANSION,NARVEX_TEMPORAL_BAYES_V2.1,Preventive attention indicator only; does not establish criminal activity.
FC-HIST-00546,22,Dharmapuri,2025-09-02 06:23:00,30_DAY_PREVENTIVE_ATTENTION,WATCH,66,HIGHWAY_CHECKPOST_VELOCITY_BURST,NARVEX_TEMPORAL_BAYES_V2.1,Preventive attention indicator only; does not establish criminal activity.
FC-HIST-00547,17,Chengalpattu,2026-05-01 12:31:43,90_DAY_PREVENTIVE_ATTENTION,INCREASING,78,CAMPUS_SECTOR_CLUSTER_EXPANSION,NARVEX_TEMPORAL_BAYES_V2.1,Preventive attention indicator only; does not establish criminal activity.
FC-HIST-00548,2,Coimbatore,2025-03-09 10:15:00,30_DAY_PREVENTIVE_ATTENTION,HIGH PREVENTIVE ATTENTION,88,CAMPUS_SECTOR_CLUSTER_EXPANSION,NARVEX_TEMPORAL_BAYES_V2.1,Preventive attention indicator only; does not establish criminal activity.
FC-HIST-00549,36,Ranipet,2026-05-31 09:15:26,30_DAY_PREVENTIVE_ATTENTION,WATCH,72,HISTORICAL_SEASONAL_SURGE,NARVEX_TEMPORAL_BAYES_V2.1,Preventive attention indicator only; does not establish criminal activity.
FC-HIST-00550,29,Sivaganga,2024-09-24 05:25:38,30_DAY_PREVENTIVE_ATTENTION,LOW,59,CAMPUS_SECTOR_CLUSTER_EXPANSION,NARVEX_TEMPORAL_BAYES_V2.1,Preventive attention indicator only; does not establish criminal activity.
FC-HIST-00551,14,Kanniyakumari,2025-09-23 23:40:16,30_DAY_PREVENTIVE_ATTENTION,WATCH,70,HISTORICAL_SEASONAL_SURGE,NARVEX_TEMPORAL_BAYES_V2.1,Preventive attention indicator only; does not establish criminal activity.
FC-HIST-00552,23,Namakkal,2025-08-24 03:49:39,90_DAY_PREVENTIVE_ATTENTION,WATCH,68,HIGHWAY_CHECKPOST_VELOCITY_BURST,NARVEX_TEMPORAL_BAYES_V2.1,Preventive attention indicator only; does not establish criminal activity.
FC-HIST-00553,27,Perambalur,2026-06-26 01:52:56,90_DAY_PREVENTIVE_ATTENTION,INSUFFICIENT_DATA,44,HIGHWAY_CHECKPOST_VELOCITY_BURST,NARVEX_TEMPORAL_BAYES_V2.1,Preventive attention indicator only; does not establish criminal activity.
FC-HIST-00554,17,Chengalpattu,2025-01-04 18:11:27,30_DAY_PREVENTIVE_ATTENTION,INCREASING,78,HISTORICAL_SEASONAL_SURGE,NARVEX_TEMPORAL_BAYES_V2.1,Preventive attention indicator only; does not establish criminal activity.
FC-HIST-00555,15,Tenkasi,2025-10-27 18:21:17,30_DAY_PREVENTIVE_ATTENTION,WATCH,68,CAMPUS_SECTOR_CLUSTER_EXPANSION,NARVEX_TEMPORAL_BAYES_V2.1,Preventive attention indicator only; does not establish criminal activity.
FC-HIST-00556,21,Kallakurichi,2026-04-30 08:56:48,30_DAY_PREVENTIVE_ATTENTION,LOW,58,HISTORICAL_SEASONAL_SURGE,NARVEX_TEMPORAL_BAYES_V2.1,Preventive attention indicator only; does not establish criminal activity.
FC-HIST-00557,4,Salem,2025-11-11 06:10:15,30_DAY_PREVENTIVE_ATTENTION,INCREASING,82,HISTORICAL_SEASONAL_SURGE,NARVEX_TEMPORAL_BAYES_V2.1,Preventive attention indicator only; does not establish criminal activity.
FC-HIST-00558,23,Namakkal,2025-09-28 20:20:18,90_DAY_PREVENTIVE_ATTENTION,WATCH,68,HIGHWAY_CHECKPOST_VELOCITY_BURST,NARVEX_TEMPORAL_BAYES_V2.1,Preventive attention indicator only; does not establish criminal activity.
FC-HIST-00559,12,Thanjavur,2025-03-17 13:10:23,30_DAY_PREVENTIVE_ATTENTION,LOW,64,HISTORICAL_SEASONAL_SURGE,NARVEX_TEMPORAL_BAYES_V2.1,Preventive attention indicator only; does not establish criminal activity.
FC-HIST-00560,37,Tirupathur,2026-03-25 05:53:36,90_DAY_PREVENTIVE_ATTENTION,WATCH,67,CAMPUS_SECTOR_CLUSTER_EXPANSION,NARVEX_TEMPORAL_BAYES_V2.1,Preventive attention indicator only; does not establish criminal activity.
FC-HIST-00561,6,Tirunelveli,2025-12-21 03:01:52,30_DAY_PREVENTIVE_ATTENTION,WATCH,72,HISTORICAL_SEASONAL_SURGE,NARVEX_TEMPORAL_BAYES_V2.1,Preventive attention indicator only; does not establish criminal activity.
FC-HIST-00562,5,Tiruchirappalli,2025-08-17 06:10:20,90_DAY_PREVENTIVE_ATTENTION,WATCH,74,HIGHWAY_CHECKPOST_VELOCITY_BURST,NARVEX_TEMPORAL_BAYES_V2.1,Preventive attention indicator only; does not establish criminal activity.
FC-HIST-00563,31,Virudhunagar,2024-11-15 17:57:57,90_DAY_PREVENTIVE_ATTENTION,WATCH,69,CAMPUS_SECTOR_CLUSTER_EXPANSION,NARVEX_TEMPORAL_BAYES_V2.1,Preventive attention indicator only; does not establish criminal activity.
FC-HIST-00564,15,Tenkasi,2025-07-21 02:52:55,90_DAY_PREVENTIVE_ATTENTION,WATCH,68,HISTORICAL_SEASONAL_SURGE,NARVEX_TEMPORAL_BAYES_V2.1,Preventive attention indicator only; does not establish criminal activity.
FC-HIST-00565,27,Perambalur,2024-09-24 10:58:46,90_DAY_PREVENTIVE_ATTENTION,INSUFFICIENT_DATA,44,HISTORICAL_SEASONAL_SURGE,NARVEX_TEMPORAL_BAYES_V2.1,Preventive attention indicator only; does not establish criminal activity.
FC-HIST-00566,15,Tenkasi,2025-01-05 12:54:43,30_DAY_PREVENTIVE_ATTENTION,WATCH,68,HISTORICAL_SEASONAL_SURGE,NARVEX_TEMPORAL_BAYES_V2.1,Preventive attention indicator only; does not establish criminal activity.
FC-HIST-00567,19,Cuddalore,2025-06-21 19:04:08,90_DAY_PREVENTIVE_ATTENTION,LOW,62,HISTORICAL_SEASONAL_SURGE,NARVEX_TEMPORAL_BAYES_V2.1,Preventive attention indicator only; does not establish criminal activity.
FC-HIST-00568,33,Thiruvarur,2025-10-31 08:15:28,30_DAY_PREVENTIVE_ATTENTION,LOW,56,CAMPUS_SECTOR_CLUSTER_EXPANSION,NARVEX_TEMPORAL_BAYES_V2.1,Preventive attention indicator only; does not establish criminal activity.
FC-HIST-00569,9,Vellore,2025-03-18 18:45:56,90_DAY_PREVENTIVE_ATTENTION,INCREASING,76,HIGHWAY_CHECKPOST_VELOCITY_BURST,NARVEX_TEMPORAL_BAYES_V2.1,Preventive attention indicator only; does not establish criminal activity.
FC-HIST-00570,32,Theni,2025-11-27 13:46:29,90_DAY_PREVENTIVE_ATTENTION,INCREASING,73,HIGHWAY_CHECKPOST_VELOCITY_BURST,NARVEX_TEMPORAL_BAYES_V2.1,Preventive attention indicator only; does not establish criminal activity.
FC-HIST-00571,37,Tirupathur,2025-05-19 22:22:33,90_DAY_PREVENTIVE_ATTENTION,WATCH,67,HISTORICAL_SEASONAL_SURGE,NARVEX_TEMPORAL_BAYES_V2.1,Preventive attention indicator only; does not establish criminal activity.
FC-HIST-00572,32,Theni,2025-02-15 17:44:09,90_DAY_PREVENTIVE_ATTENTION,INCREASING,73,HIGHWAY_CHECKPOST_VELOCITY_BURST,NARVEX_TEMPORAL_BAYES_V2.1,Preventive attention indicator only; does not establish criminal activity.
FC-HIST-00573,8,Tiruppur,2026-08-18 12:03:55,90_DAY_PREVENTIVE_ATTENTION,INCREASING,80,HIGHWAY_CHECKPOST_VELOCITY_BURST,NARVEX_TEMPORAL_BAYES_V2.1,Preventive attention indicator only; does not establish criminal activity.
FC-HIST-00574,25,Karur,2026-08-08 10:34:06,90_DAY_PREVENTIVE_ATTENTION,LOW,60,CAMPUS_SECTOR_CLUSTER_EXPANSION,NARVEX_TEMPORAL_BAYES_V2.1,Preventive attention indicator only; does not establish criminal activity.
FC-HIST-00575,21,Kallakurichi,2025-05-07 03:49:19,30_DAY_PREVENTIVE_ATTENTION,LOW,58,CAMPUS_SECTOR_CLUSTER_EXPANSION,NARVEX_TEMPORAL_BAYES_V2.1,Preventive attention indicator only; does not establish criminal activity.
FC-HIST-00576,22,Dharmapuri,2026-05-15 07:48:32,90_DAY_PREVENTIVE_ATTENTION,WATCH,66,HIGHWAY_CHECKPOST_VELOCITY_BURST,NARVEX_TEMPORAL_BAYES_V2.1,Preventive attention indicator only; does not establish criminal activity.
FC-HIST-00577,27,Perambalur,2026-07-26 09:44:30,30_DAY_PREVENTIVE_ATTENTION,INSUFFICIENT_DATA,44,HIGHWAY_CHECKPOST_VELOCITY_BURST,NARVEX_TEMPORAL_BAYES_V2.1,Preventive attention indicator only; does not establish criminal activity.
FC-HIST-00578,4,Salem,2025-02-03 21:00:54,90_DAY_PREVENTIVE_ATTENTION,INCREASING,82,HIGHWAY_CHECKPOST_VELOCITY_BURST,NARVEX_TEMPORAL_BAYES_V2.1,Preventive attention indicator only; does not establish criminal activity.
FC-HIST-00579,24,Nilgiris,2026-07-06 11:21:10,90_DAY_PREVENTIVE_ATTENTION,WATCH,74,HIGHWAY_CHECKPOST_VELOCITY_BURST,NARVEX_TEMPORAL_BAYES_V2.1,Preventive attention indicator only; does not establish criminal activity.
FC-HIST-00580,7,Erode,2025-06-29 15:58:23,30_DAY_PREVENTIVE_ATTENTION,WATCH,75,CAMPUS_SECTOR_CLUSTER_EXPANSION,NARVEX_TEMPORAL_BAYES_V2.1,Preventive attention indicator only; does not establish criminal activity.
FC-HIST-00581,12,Thanjavur,2026-02-04 16:18:51,30_DAY_PREVENTIVE_ATTENTION,LOW,64,CAMPUS_SECTOR_CLUSTER_EXPANSION,NARVEX_TEMPORAL_BAYES_V2.1,Preventive attention indicator only; does not establish criminal activity.
FC-HIST-00582,29,Sivaganga,2025-08-10 21:26:36,90_DAY_PREVENTIVE_ATTENTION,LOW,59,CAMPUS_SECTOR_CLUSTER_EXPANSION,NARVEX_TEMPORAL_BAYES_V2.1,Preventive attention indicator only; does not establish criminal activity.
FC-HIST-00583,6,Tirunelveli,2026-07-29 12:29:23,90_DAY_PREVENTIVE_ATTENTION,WATCH,72,HISTORICAL_SEASONAL_SURGE,NARVEX_TEMPORAL_BAYES_V2.1,Preventive attention indicator only; does not establish criminal activity.
FC-HIST-00584,27,Perambalur,2026-06-18 02:54:45,90_DAY_PREVENTIVE_ATTENTION,INSUFFICIENT_DATA,44,HISTORICAL_SEASONAL_SURGE,NARVEX_TEMPORAL_BAYES_V2.1,Preventive attention indicator only; does not establish criminal activity.
FC-HIST-00585,17,Chengalpattu,2026-06-03 07:32:51,90_DAY_PREVENTIVE_ATTENTION,INCREASING,78,HISTORICAL_SEASONAL_SURGE,NARVEX_TEMPORAL_BAYES_V2.1,Preventive attention indicator only; does not establish criminal activity.
FC-HIST-00586,38,Tiruvannamalai,2024-10-21 16:59:01,30_DAY_PREVENTIVE_ATTENTION,WATCH,70,CAMPUS_SECTOR_CLUSTER_EXPANSION,NARVEX_TEMPORAL_BAYES_V2.1,Preventive attention indicator only; does not establish criminal activity.
FC-HIST-00587,26,Ariyalur,2026-07-19 07:50:00,30_DAY_PREVENTIVE_ATTENTION,INSUFFICIENT_DATA,42,CAMPUS_SECTOR_CLUSTER_EXPANSION,NARVEX_TEMPORAL_BAYES_V2.1,Preventive attention indicator only; does not establish criminal activity.
FC-HIST-00588,34,Nagapattinam,2024-12-02 10:25:07,90_DAY_PREVENTIVE_ATTENTION,WATCH,68,HIGHWAY_CHECKPOST_VELOCITY_BURST,NARVEX_TEMPORAL_BAYES_V2.1,Preventive attention indicator only; does not establish criminal activity.
FC-HIST-00589,1,Chennai,2025-10-27 11:35:06,30_DAY_PREVENTIVE_ATTENTION,HIGH PREVENTIVE ATTENTION,84,CAMPUS_SECTOR_CLUSTER_EXPANSION,NARVEX_TEMPORAL_BAYES_V2.1,Preventive attention indicator only; does not establish criminal activity.
FC-HIST-00590,24,Nilgiris,2026-03-03 19:33:17,30_DAY_PREVENTIVE_ATTENTION,WATCH,74,CAMPUS_SECTOR_CLUSTER_EXPANSION,NARVEX_TEMPORAL_BAYES_V2.1,Preventive attention indicator only; does not establish criminal activity.
FC-HIST-00591,23,Namakkal,2026-02-26 16:35:03,90_DAY_PREVENTIVE_ATTENTION,WATCH,68,CAMPUS_SECTOR_CLUSTER_EXPANSION,NARVEX_TEMPORAL_BAYES_V2.1,Preventive attention indicator only; does not establish criminal activity.
FC-HIST-00592,12,Thanjavur,2026-02-28 12:33:06,90_DAY_PREVENTIVE_ATTENTION,LOW,64,CAMPUS_SECTOR_CLUSTER_EXPANSION,NARVEX_TEMPORAL_BAYES_V2.1,Preventive attention indicator only; does not establish criminal activity.
FC-HIST-00593,19,Cuddalore,2025-09-20 02:06:56,30_DAY_PREVENTIVE_ATTENTION,LOW,62,HISTORICAL_SEASONAL_SURGE,NARVEX_TEMPORAL_BAYES_V2.1,Preventive attention indicator only; does not establish criminal activity.
FC-HIST-00594,35,Mayiladuthurai,2026-06-04 01:42:46,90_DAY_PREVENTIVE_ATTENTION,LOW,58,CAMPUS_SECTOR_CLUSTER_EXPANSION,NARVEX_TEMPORAL_BAYES_V2.1,Preventive attention indicator only; does not establish criminal activity.
FC-HIST-00595,33,Thiruvarur,2024-10-03 23:13:07,90_DAY_PREVENTIVE_ATTENTION,LOW,56,CAMPUS_SECTOR_CLUSTER_EXPANSION,NARVEX_TEMPORAL_BAYES_V2.1,Preventive attention indicator only; does not establish criminal activity.
FC-HIST-00596,27,Perambalur,2025-01-24 05:54:41,90_DAY_PREVENTIVE_ATTENTION,INSUFFICIENT_DATA,44,CAMPUS_SECTOR_CLUSTER_EXPANSION,NARVEX_TEMPORAL_BAYES_V2.1,Preventive attention indicator only; does not establish criminal activity.
FC-HIST-00597,17,Chengalpattu,2026-07-26 06:17:21,90_DAY_PREVENTIVE_ATTENTION,INCREASING,78,CAMPUS_SECTOR_CLUSTER_EXPANSION,NARVEX_TEMPORAL_BAYES_V2.1,Preventive attention indicator only; does not establish criminal activity.
FC-HIST-00598,12,Thanjavur,2025-07-24 09:46:56,90_DAY_PREVENTIVE_ATTENTION,LOW,64,HISTORICAL_SEASONAL_SURGE,NARVEX_TEMPORAL_BAYES_V2.1,Preventive attention indicator only; does not establish criminal activity.
FC-HIST-00599,30,Ramanathapuram,2025-09-05 21:18:57,90_DAY_PREVENTIVE_ATTENTION,WATCH,71,HISTORICAL_SEASONAL_SURGE,NARVEX_TEMPORAL_BAYES_V2.1,Preventive attention indicator only; does not establish criminal activity.
FC-HIST-00600,19,Cuddalore,2026-03-18 20:18:41,90_DAY_PREVENTIVE_ATTENTION,LOW,62,CAMPUS_SECTOR_CLUSTER_EXPANSION,NARVEX_TEMPORAL_BAYES_V2.1,Preventive attention indicator only; does not establish criminal activity.
FC-HIST-00601,26,Ariyalur,2026-02-23 08:21:19,30_DAY_PREVENTIVE_ATTENTION,INSUFFICIENT_DATA,42,HIGHWAY_CHECKPOST_VELOCITY_BURST,NARVEX_TEMPORAL_BAYES_V2.1,Preventive attention indicator only; does not establish criminal activity.
FC-HIST-00602,30,Ramanathapuram,2025-02-03 21:49:26,90_DAY_PREVENTIVE_ATTENTION,WATCH,71,HISTORICAL_SEASONAL_SURGE,NARVEX_TEMPORAL_BAYES_V2.1,Preventive attention indicator only; does not establish criminal activity.
FC-HIST-00603,17,Chengalpattu,2025-11-15 00:19:18,30_DAY_PREVENTIVE_ATTENTION,INCREASING,78,HIGHWAY_CHECKPOST_VELOCITY_BURST,NARVEX_TEMPORAL_BAYES_V2.1,Preventive attention indicator only; does not establish criminal activity.
FC-HIST-00604,2,Coimbatore,2025-01-01 00:01:44,30_DAY_PREVENTIVE_ATTENTION,HIGH PREVENTIVE ATTENTION,88,HIGHWAY_CHECKPOST_VELOCITY_BURST,NARVEX_TEMPORAL_BAYES_V2.1,Preventive attention indicator only; does not establish criminal activity.
FC-HIST-00605,11,Dindigul,2025-02-21 21:34:56,90_DAY_PREVENTIVE_ATTENTION,WATCH,68,HIGHWAY_CHECKPOST_VELOCITY_BURST,NARVEX_TEMPORAL_BAYES_V2.1,Preventive attention indicator only; does not establish criminal activity.
FC-HIST-00606,4,Salem,2025-09-17 05:43:38,90_DAY_PREVENTIVE_ATTENTION,INCREASING,82,HISTORICAL_SEASONAL_SURGE,NARVEX_TEMPORAL_BAYES_V2.1,Preventive attention indicator only; does not establish criminal activity.
FC-HIST-00607,30,Ramanathapuram,2025-05-23 16:24:13,90_DAY_PREVENTIVE_ATTENTION,WATCH,71,CAMPUS_SECTOR_CLUSTER_EXPANSION,NARVEX_TEMPORAL_BAYES_V2.1,Preventive attention indicator only; does not establish criminal activity.
FC-HIST-00608,13,Thoothukudi,2025-10-13 23:04:03,30_DAY_PREVENTIVE_ATTENTION,INCREASING,86,HISTORICAL_SEASONAL_SURGE,NARVEX_TEMPORAL_BAYES_V2.1,Preventive attention indicator only; does not establish criminal activity.
FC-HIST-00609,38,Tiruvannamalai,2024-10-05 18:56:01,30_DAY_PREVENTIVE_ATTENTION,WATCH,70,CAMPUS_SECTOR_CLUSTER_EXPANSION,NARVEX_TEMPORAL_BAYES_V2.1,Preventive attention indicator only; does not establish criminal activity.
FC-HIST-00610,38,Tiruvannamalai,2025-10-23 23:40:39,90_DAY_PREVENTIVE_ATTENTION,WATCH,70,CAMPUS_SECTOR_CLUSTER_EXPANSION,NARVEX_TEMPORAL_BAYES_V2.1,Preventive attention indicator only; does not establish criminal activity.
FC-HIST-00611,2,Coimbatore,2026-04-25 01:56:03,90_DAY_PREVENTIVE_ATTENTION,HIGH PREVENTIVE ATTENTION,88,HISTORICAL_SEASONAL_SURGE,NARVEX_TEMPORAL_BAYES_V2.1,Preventive attention indicator only; does not establish criminal activity.
FC-HIST-00612,14,Kanniyakumari,2025-07-29 07:13:09,30_DAY_PREVENTIVE_ATTENTION,WATCH,70,HIGHWAY_CHECKPOST_VELOCITY_BURST,NARVEX_TEMPORAL_BAYES_V2.1,Preventive attention indicator only; does not establish criminal activity.
FC-HIST-00613,17,Chengalpattu,2026-07-13 16:08:53,30_DAY_PREVENTIVE_ATTENTION,INCREASING,78,CAMPUS_SECTOR_CLUSTER_EXPANSION,NARVEX_TEMPORAL_BAYES_V2.1,Preventive attention indicator only; does not establish criminal activity.
FC-HIST-00614,33,Thiruvarur,2024-12-20 05:32:51,30_DAY_PREVENTIVE_ATTENTION,LOW,56,CAMPUS_SECTOR_CLUSTER_EXPANSION,NARVEX_TEMPORAL_BAYES_V2.1,Preventive attention indicator only; does not establish criminal activity.
FC-HIST-00615,23,Namakkal,2026-07-28 00:59:18,90_DAY_PREVENTIVE_ATTENTION,WATCH,68,HISTORICAL_SEASONAL_SURGE,NARVEX_TEMPORAL_BAYES_V2.1,Preventive attention indicator only; does not establish criminal activity.
FC-HIST-00616,9,Vellore,2026-05-22 08:33:48,30_DAY_PREVENTIVE_ATTENTION,INCREASING,76,CAMPUS_SECTOR_CLUSTER_EXPANSION,NARVEX_TEMPORAL_BAYES_V2.1,Preventive attention indicator only; does not establish criminal activity.
FC-HIST-00617,27,Perambalur,2025-08-31 03:38:47,30_DAY_PREVENTIVE_ATTENTION,INSUFFICIENT_DATA,44,HISTORICAL_SEASONAL_SURGE,NARVEX_TEMPORAL_BAYES_V2.1,Preventive attention indicator only; does not establish criminal activity.
FC-HIST-00618,30,Ramanathapuram,2026-05-18 06:44:07,30_DAY_PREVENTIVE_ATTENTION,WATCH,71,HIGHWAY_CHECKPOST_VELOCITY_BURST,NARVEX_TEMPORAL_BAYES_V2.1,Preventive attention indicator only; does not establish criminal activity.
FC-HIST-00619,32,Theni,2025-11-10 22:49:01,90_DAY_PREVENTIVE_ATTENTION,INCREASING,73,CAMPUS_SECTOR_CLUSTER_EXPANSION,NARVEX_TEMPORAL_BAYES_V2.1,Preventive attention indicator only; does not establish criminal activity.
FC-HIST-00620,30,Ramanathapuram,2025-04-28 16:40:30,30_DAY_PREVENTIVE_ATTENTION,WATCH,71,HIGHWAY_CHECKPOST_VELOCITY_BURST,NARVEX_TEMPORAL_BAYES_V2.1,Preventive attention indicator only; does not establish criminal activity.
FC-HIST-00621,9,Vellore,2025-03-22 01:49:51,90_DAY_PREVENTIVE_ATTENTION,INCREASING,76,HISTORICAL_SEASONAL_SURGE,NARVEX_TEMPORAL_BAYES_V2.1,Preventive attention indicator only; does not establish criminal activity.
FC-HIST-00622,35,Mayiladuthurai,2025-07-12 12:55:05,30_DAY_PREVENTIVE_ATTENTION,LOW,58,HISTORICAL_SEASONAL_SURGE,NARVEX_TEMPORAL_BAYES_V2.1,Preventive attention indicator only; does not establish criminal activity.
FC-HIST-00623,23,Namakkal,2025-02-17 04:31:23,30_DAY_PREVENTIVE_ATTENTION,WATCH,68,CAMPUS_SECTOR_CLUSTER_EXPANSION,NARVEX_TEMPORAL_BAYES_V2.1,Preventive attention indicator only; does not establish criminal activity.
FC-HIST-00624,5,Tiruchirappalli,2026-07-20 02:21:20,30_DAY_PREVENTIVE_ATTENTION,WATCH,74,HISTORICAL_SEASONAL_SURGE,NARVEX_TEMPORAL_BAYES_V2.1,Preventive attention indicator only; does not establish criminal activity.
FC-HIST-00625,11,Dindigul,2024-11-10 20:18:31,30_DAY_PREVENTIVE_ATTENTION,WATCH,68,HIGHWAY_CHECKPOST_VELOCITY_BURST,NARVEX_TEMPORAL_BAYES_V2.1,Preventive attention indicator only; does not establish criminal activity.
FC-HIST-00626,24,Nilgiris,2026-01-04 19:33:48,90_DAY_PREVENTIVE_ATTENTION,WATCH,74,HISTORICAL_SEASONAL_SURGE,NARVEX_TEMPORAL_BAYES_V2.1,Preventive attention indicator only; does not establish criminal activity.
FC-HIST-00627,29,Sivaganga,2024-11-08 20:13:54,30_DAY_PREVENTIVE_ATTENTION,LOW,59,HIGHWAY_CHECKPOST_VELOCITY_BURST,NARVEX_TEMPORAL_BAYES_V2.1,Preventive attention indicator only; does not establish criminal activity.
FC-HIST-00628,4,Salem,2024-11-28 07:41:23,90_DAY_PREVENTIVE_ATTENTION,INCREASING,82,HISTORICAL_SEASONAL_SURGE,NARVEX_TEMPORAL_BAYES_V2.1,Preventive attention indicator only; does not establish criminal activity.
FC-HIST-00629,9,Vellore,2025-06-11 15:12:16,30_DAY_PREVENTIVE_ATTENTION,INCREASING,76,HISTORICAL_SEASONAL_SURGE,NARVEX_TEMPORAL_BAYES_V2.1,Preventive attention indicator only; does not establish criminal activity.
FC-HIST-00630,16,Kancheepuram,2026-08-17 17:58:19,90_DAY_PREVENTIVE_ATTENTION,WATCH,72,CAMPUS_SECTOR_CLUSTER_EXPANSION,NARVEX_TEMPORAL_BAYES_V2.1,Preventive attention indicator only; does not establish criminal activity.
FC-HIST-00631,4,Salem,2025-07-23 12:00:54,90_DAY_PREVENTIVE_ATTENTION,INCREASING,82,HISTORICAL_SEASONAL_SURGE,NARVEX_TEMPORAL_BAYES_V2.1,Preventive attention indicator only; does not establish criminal activity.
FC-HIST-00632,6,Tirunelveli,2025-02-20 20:17:52,90_DAY_PREVENTIVE_ATTENTION,WATCH,72,HISTORICAL_SEASONAL_SURGE,NARVEX_TEMPORAL_BAYES_V2.1,Preventive attention indicator only; does not establish criminal activity.
FC-HIST-00633,1,Chennai,2025-02-24 06:22:09,30_DAY_PREVENTIVE_ATTENTION,HIGH PREVENTIVE ATTENTION,84,CAMPUS_SECTOR_CLUSTER_EXPANSION,NARVEX_TEMPORAL_BAYES_V2.1,Preventive attention indicator only; does not establish criminal activity.
FC-HIST-00634,37,Tirupathur,2026-05-23 01:54:34,30_DAY_PREVENTIVE_ATTENTION,WATCH,67,CAMPUS_SECTOR_CLUSTER_EXPANSION,NARVEX_TEMPORAL_BAYES_V2.1,Preventive attention indicator only; does not establish criminal activity.
FC-HIST-00635,14,Kanniyakumari,2026-04-27 17:56:07,90_DAY_PREVENTIVE_ATTENTION,WATCH,70,CAMPUS_SECTOR_CLUSTER_EXPANSION,NARVEX_TEMPORAL_BAYES_V2.1,Preventive attention indicator only; does not establish criminal activity.
FC-HIST-00636,15,Tenkasi,2025-01-31 15:21:30,30_DAY_PREVENTIVE_ATTENTION,WATCH,68,CAMPUS_SECTOR_CLUSTER_EXPANSION,NARVEX_TEMPORAL_BAYES_V2.1,Preventive attention indicator only; does not establish criminal activity.
FC-HIST-00637,36,Ranipet,2026-01-11 17:12:40,30_DAY_PREVENTIVE_ATTENTION,WATCH,72,HIGHWAY_CHECKPOST_VELOCITY_BURST,NARVEX_TEMPORAL_BAYES_V2.1,Preventive attention indicator only; does not establish criminal activity.
FC-HIST-00638,24,Nilgiris,2025-04-27 08:30:10,30_DAY_PREVENTIVE_ATTENTION,WATCH,74,HISTORICAL_SEASONAL_SURGE,NARVEX_TEMPORAL_BAYES_V2.1,Preventive attention indicator only; does not establish criminal activity.
FC-HIST-00639,35,Mayiladuthurai,2025-07-04 09:25:46,90_DAY_PREVENTIVE_ATTENTION,LOW,58,CAMPUS_SECTOR_CLUSTER_EXPANSION,NARVEX_TEMPORAL_BAYES_V2.1,Preventive attention indicator only; does not establish criminal activity.
FC-HIST-00640,22,Dharmapuri,2024-10-09 07:01:18,30_DAY_PREVENTIVE_ATTENTION,WATCH,66,HIGHWAY_CHECKPOST_VELOCITY_BURST,NARVEX_TEMPORAL_BAYES_V2.1,Preventive attention indicator only; does not establish criminal activity.
FC-HIST-00641,11,Dindigul,2025-10-07 09:43:44,30_DAY_PREVENTIVE_ATTENTION,WATCH,68,HISTORICAL_SEASONAL_SURGE,NARVEX_TEMPORAL_BAYES_V2.1,Preventive attention indicator only; does not establish criminal activity.
FC-HIST-00642,14,Kanniyakumari,2025-08-07 13:37:17,90_DAY_PREVENTIVE_ATTENTION,WATCH,70,HIGHWAY_CHECKPOST_VELOCITY_BURST,NARVEX_TEMPORAL_BAYES_V2.1,Preventive attention indicator only; does not establish criminal activity.
FC-HIST-00643,9,Vellore,2025-09-09 14:50:23,30_DAY_PREVENTIVE_ATTENTION,INCREASING,76,HISTORICAL_SEASONAL_SURGE,NARVEX_TEMPORAL_BAYES_V2.1,Preventive attention indicator only; does not establish criminal activity.
FC-HIST-00644,21,Kallakurichi,2024-10-14 05:07:42,30_DAY_PREVENTIVE_ATTENTION,LOW,58,HISTORICAL_SEASONAL_SURGE,NARVEX_TEMPORAL_BAYES_V2.1,Preventive attention indicator only; does not establish criminal activity.
FC-HIST-00645,6,Tirunelveli,2025-04-26 07:10:39,30_DAY_PREVENTIVE_ATTENTION,WATCH,72,HISTORICAL_SEASONAL_SURGE,NARVEX_TEMPORAL_BAYES_V2.1,Preventive attention indicator only; does not establish criminal activity.
FC-HIST-00646,24,Nilgiris,2026-04-04 14:55:22,30_DAY_PREVENTIVE_ATTENTION,WATCH,74,CAMPUS_SECTOR_CLUSTER_EXPANSION,NARVEX_TEMPORAL_BAYES_V2.1,Preventive attention indicator only; does not establish criminal activity.
FC-HIST-00647,28,Pudukkottai,2026-06-22 18:45:09,90_DAY_PREVENTIVE_ATTENTION,LOW,61,CAMPUS_SECTOR_CLUSTER_EXPANSION,NARVEX_TEMPORAL_BAYES_V2.1,Preventive attention indicator only; does not establish criminal activity.
FC-HIST-00648,12,Thanjavur,2026-03-15 13:55:24,90_DAY_PREVENTIVE_ATTENTION,LOW,64,CAMPUS_SECTOR_CLUSTER_EXPANSION,NARVEX_TEMPORAL_BAYES_V2.1,Preventive attention indicator only; does not establish criminal activity.
FC-HIST-00649,24,Nilgiris,2026-05-26 09:33:56,30_DAY_PREVENTIVE_ATTENTION,WATCH,74,HISTORICAL_SEASONAL_SURGE,NARVEX_TEMPORAL_BAYES_V2.1,Preventive attention indicator only; does not establish criminal activity.
FC-HIST-00650,9,Vellore,2025-06-01 06:31:27,30_DAY_PREVENTIVE_ATTENTION,INCREASING,76,HIGHWAY_CHECKPOST_VELOCITY_BURST,NARVEX_TEMPORAL_BAYES_V2.1,Preventive attention indicator only; does not establish criminal activity.
FC-HIST-00651,2,Coimbatore,2026-01-16 06:18:27,30_DAY_PREVENTIVE_ATTENTION,HIGH PREVENTIVE ATTENTION,88,CAMPUS_SECTOR_CLUSTER_EXPANSION,NARVEX_TEMPORAL_BAYES_V2.1,Preventive attention indicator only; does not establish criminal activity.
FC-HIST-00652,38,Tiruvannamalai,2024-10-12 18:06:38,30_DAY_PREVENTIVE_ATTENTION,WATCH,70,HIGHWAY_CHECKPOST_VELOCITY_BURST,NARVEX_TEMPORAL_BAYES_V2.1,Preventive attention indicator only; does not establish criminal activity.
FC-HIST-00653,9,Vellore,2025-04-15 22:03:49,30_DAY_PREVENTIVE_ATTENTION,INCREASING,76,HIGHWAY_CHECKPOST_VELOCITY_BURST,NARVEX_TEMPORAL_BAYES_V2.1,Preventive attention indicator only; does not establish criminal activity.
FC-HIST-00654,22,Dharmapuri,2024-12-27 09:43:11,90_DAY_PREVENTIVE_ATTENTION,WATCH,66,HIGHWAY_CHECKPOST_VELOCITY_BURST,NARVEX_TEMPORAL_BAYES_V2.1,Preventive attention indicator only; does not establish criminal activity.
FC-HIST-00655,6,Tirunelveli,2025-06-18 22:00:02,90_DAY_PREVENTIVE_ATTENTION,WATCH,72,CAMPUS_SECTOR_CLUSTER_EXPANSION,NARVEX_TEMPORAL_BAYES_V2.1,Preventive attention indicator only; does not establish criminal activity.
FC-HIST-00656,31,Virudhunagar,2025-01-14 13:28:45,90_DAY_PREVENTIVE_ATTENTION,WATCH,69,HIGHWAY_CHECKPOST_VELOCITY_BURST,NARVEX_TEMPORAL_BAYES_V2.1,Preventive attention indicator only; does not establish criminal activity.
FC-HIST-00657,11,Dindigul,2026-01-12 02:04:05,90_DAY_PREVENTIVE_ATTENTION,WATCH,68,HIGHWAY_CHECKPOST_VELOCITY_BURST,NARVEX_TEMPORAL_BAYES_V2.1,Preventive attention indicator only; does not establish criminal activity.
FC-HIST-00658,10,Krishnagiri,2026-04-27 05:35:06,90_DAY_PREVENTIVE_ATTENTION,HIGH PREVENTIVE ATTENTION,85,CAMPUS_SECTOR_CLUSTER_EXPANSION,NARVEX_TEMPORAL_BAYES_V2.1,Preventive attention indicator only; does not establish criminal activity.
FC-HIST-00659,32,Theni,2024-10-17 18:24:34,90_DAY_PREVENTIVE_ATTENTION,INCREASING,73,HIGHWAY_CHECKPOST_VELOCITY_BURST,NARVEX_TEMPORAL_BAYES_V2.1,Preventive attention indicator only; does not establish criminal activity.
FC-HIST-00660,34,Nagapattinam,2026-02-03 03:33:59,90_DAY_PREVENTIVE_ATTENTION,WATCH,68,CAMPUS_SECTOR_CLUSTER_EXPANSION,NARVEX_TEMPORAL_BAYES_V2.1,Preventive attention indicator only; does not establish criminal activity.
FC-HIST-00661,24,Nilgiris,2025-03-20 06:51:09,30_DAY_PREVENTIVE_ATTENTION,WATCH,74,CAMPUS_SECTOR_CLUSTER_EXPANSION,NARVEX_TEMPORAL_BAYES_V2.1,Preventive attention indicator only; does not establish criminal activity.
FC-HIST-00662,25,Karur,2026-07-26 18:02:23,90_DAY_PREVENTIVE_ATTENTION,LOW,60,HIGHWAY_CHECKPOST_VELOCITY_BURST,NARVEX_TEMPORAL_BAYES_V2.1,Preventive attention indicator only; does not establish criminal activity.
FC-HIST-00663,23,Namakkal,2024-11-04 08:55:51,30_DAY_PREVENTIVE_ATTENTION,WATCH,68,CAMPUS_SECTOR_CLUSTER_EXPANSION,NARVEX_TEMPORAL_BAYES_V2.1,Preventive attention indicator only; does not establish criminal activity.
FC-HIST-00664,8,Tiruppur,2025-12-23 13:38:52,30_DAY_PREVENTIVE_ATTENTION,INCREASING,80,HIGHWAY_CHECKPOST_VELOCITY_BURST,NARVEX_TEMPORAL_BAYES_V2.1,Preventive attention indicator only; does not establish criminal activity.
FC-HIST-00665,1,Chennai,2025-06-20 12:44:25,30_DAY_PREVENTIVE_ATTENTION,HIGH PREVENTIVE ATTENTION,84,HISTORICAL_SEASONAL_SURGE,NARVEX_TEMPORAL_BAYES_V2.1,Preventive attention indicator only; does not establish criminal activity.
FC-HIST-00666,16,Kancheepuram,2026-07-21 02:55:52,90_DAY_PREVENTIVE_ATTENTION,WATCH,72,CAMPUS_SECTOR_CLUSTER_EXPANSION,NARVEX_TEMPORAL_BAYES_V2.1,Preventive attention indicator only; does not establish criminal activity.
FC-HIST-00667,20,Viluppuram,2025-09-20 08:01:20,30_DAY_PREVENTIVE_ATTENTION,WATCH,65,HIGHWAY_CHECKPOST_VELOCITY_BURST,NARVEX_TEMPORAL_BAYES_V2.1,Preventive attention indicator only; does not establish criminal activity.
FC-HIST-00668,16,Kancheepuram,2026-06-04 04:24:11,90_DAY_PREVENTIVE_ATTENTION,WATCH,72,CAMPUS_SECTOR_CLUSTER_EXPANSION,NARVEX_TEMPORAL_BAYES_V2.1,Preventive attention indicator only; does not establish criminal activity.
FC-HIST-00669,16,Kancheepuram,2026-03-13 11:19:41,30_DAY_PREVENTIVE_ATTENTION,WATCH,72,CAMPUS_SECTOR_CLUSTER_EXPANSION,NARVEX_TEMPORAL_BAYES_V2.1,Preventive attention indicator only; does not establish criminal activity.
FC-HIST-00670,8,Tiruppur,2026-03-07 04:53:36,30_DAY_PREVENTIVE_ATTENTION,INCREASING,80,CAMPUS_SECTOR_CLUSTER_EXPANSION,NARVEX_TEMPORAL_BAYES_V2.1,Preventive attention indicator only; does not establish criminal activity.
FC-HIST-00671,31,Virudhunagar,2025-01-08 11:46:19,30_DAY_PREVENTIVE_ATTENTION,WATCH,69,HIGHWAY_CHECKPOST_VELOCITY_BURST,NARVEX_TEMPORAL_BAYES_V2.1,Preventive attention indicator only; does not establish criminal activity.
FC-HIST-00672,20,Viluppuram,2026-07-17 23:56:49,90_DAY_PREVENTIVE_ATTENTION,WATCH,65,CAMPUS_SECTOR_CLUSTER_EXPANSION,NARVEX_TEMPORAL_BAYES_V2.1,Preventive attention indicator only; does not establish criminal activity.
FC-HIST-00673,2,Coimbatore,2026-01-17 21:16:36,90_DAY_PREVENTIVE_ATTENTION,HIGH PREVENTIVE ATTENTION,88,HIGHWAY_CHECKPOST_VELOCITY_BURST,NARVEX_TEMPORAL_BAYES_V2.1,Preventive attention indicator only; does not establish criminal activity.
FC-HIST-00674,11,Dindigul,2025-12-07 11:35:06,30_DAY_PREVENTIVE_ATTENTION,WATCH,68,HISTORICAL_SEASONAL_SURGE,NARVEX_TEMPORAL_BAYES_V2.1,Preventive attention indicator only; does not establish criminal activity.
FC-HIST-00675,38,Tiruvannamalai,2024-11-24 07:14:58,90_DAY_PREVENTIVE_ATTENTION,WATCH,70,HIGHWAY_CHECKPOST_VELOCITY_BURST,NARVEX_TEMPORAL_BAYES_V2.1,Preventive attention indicator only; does not establish criminal activity.
FC-HIST-00676,1,Chennai,2026-01-06 10:20:37,90_DAY_PREVENTIVE_ATTENTION,HIGH PREVENTIVE ATTENTION,84,CAMPUS_SECTOR_CLUSTER_EXPANSION,NARVEX_TEMPORAL_BAYES_V2.1,Preventive attention indicator only; does not establish criminal activity.
FC-HIST-00677,3,Madurai,2025-01-22 13:47:21,30_DAY_PREVENTIVE_ATTENTION,INCREASING,78,HISTORICAL_SEASONAL_SURGE,NARVEX_TEMPORAL_BAYES_V2.1,Preventive attention indicator only; does not establish criminal activity.
FC-HIST-00678,1,Chennai,2025-10-27 19:36:01,30_DAY_PREVENTIVE_ATTENTION,HIGH PREVENTIVE ATTENTION,84,CAMPUS_SECTOR_CLUSTER_EXPANSION,NARVEX_TEMPORAL_BAYES_V2.1,Preventive attention indicator only; does not establish criminal activity.
FC-HIST-00679,15,Tenkasi,2026-01-24 05:13:30,30_DAY_PREVENTIVE_ATTENTION,WATCH,68,CAMPUS_SECTOR_CLUSTER_EXPANSION,NARVEX_TEMPORAL_BAYES_V2.1,Preventive attention indicator only; does not establish criminal activity.
FC-HIST-00680,3,Madurai,2025-02-01 16:58:27,90_DAY_PREVENTIVE_ATTENTION,INCREASING,78,CAMPUS_SECTOR_CLUSTER_EXPANSION,NARVEX_TEMPORAL_BAYES_V2.1,Preventive attention indicator only; does not establish criminal activity.
FC-HIST-00681,12,Thanjavur,2025-04-11 13:24:19,90_DAY_PREVENTIVE_ATTENTION,LOW,64,HIGHWAY_CHECKPOST_VELOCITY_BURST,NARVEX_TEMPORAL_BAYES_V2.1,Preventive attention indicator only; does not establish criminal activity.
FC-HIST-00682,3,Madurai,2026-05-20 21:52:07,30_DAY_PREVENTIVE_ATTENTION,INCREASING,78,HISTORICAL_SEASONAL_SURGE,NARVEX_TEMPORAL_BAYES_V2.1,Preventive attention indicator only; does not establish criminal activity.
FC-HIST-00683,16,Kancheepuram,2025-09-17 18:54:26,30_DAY_PREVENTIVE_ATTENTION,WATCH,72,HISTORICAL_SEASONAL_SURGE,NARVEX_TEMPORAL_BAYES_V2.1,Preventive attention indicator only; does not establish criminal activity.
FC-HIST-00684,12,Thanjavur,2025-05-07 23:29:46,90_DAY_PREVENTIVE_ATTENTION,LOW,64,HISTORICAL_SEASONAL_SURGE,NARVEX_TEMPORAL_BAYES_V2.1,Preventive attention indicator only; does not establish criminal activity.
FC-HIST-00685,9,Vellore,2024-10-29 18:04:06,90_DAY_PREVENTIVE_ATTENTION,INCREASING,76,HISTORICAL_SEASONAL_SURGE,NARVEX_TEMPORAL_BAYES_V2.1,Preventive attention indicator only; does not establish criminal activity.
FC-HIST-00686,27,Perambalur,2026-05-14 09:27:08,90_DAY_PREVENTIVE_ATTENTION,INSUFFICIENT_DATA,44,HIGHWAY_CHECKPOST_VELOCITY_BURST,NARVEX_TEMPORAL_BAYES_V2.1,Preventive attention indicator only; does not establish criminal activity.
FC-HIST-00687,33,Thiruvarur,2026-04-30 11:15:15,90_DAY_PREVENTIVE_ATTENTION,LOW,56,HIGHWAY_CHECKPOST_VELOCITY_BURST,NARVEX_TEMPORAL_BAYES_V2.1,Preventive attention indicator only; does not establish criminal activity.
FC-HIST-00688,3,Madurai,2025-09-12 22:10:15,90_DAY_PREVENTIVE_ATTENTION,INCREASING,78,HIGHWAY_CHECKPOST_VELOCITY_BURST,NARVEX_TEMPORAL_BAYES_V2.1,Preventive attention indicator only; does not establish criminal activity.
FC-HIST-00689,38,Tiruvannamalai,2025-07-13 09:57:41,30_DAY_PREVENTIVE_ATTENTION,WATCH,70,HIGHWAY_CHECKPOST_VELOCITY_BURST,NARVEX_TEMPORAL_BAYES_V2.1,Preventive attention indicator only; does not establish criminal activity.
FC-HIST-00690,12,Thanjavur,2025-10-15 04:14:46,30_DAY_PREVENTIVE_ATTENTION,LOW,64,HISTORICAL_SEASONAL_SURGE,NARVEX_TEMPORAL_BAYES_V2.1,Preventive attention indicator only; does not establish criminal activity.
FC-HIST-00691,21,Kallakurichi,2025-08-21 17:30:24,90_DAY_PREVENTIVE_ATTENTION,LOW,58,CAMPUS_SECTOR_CLUSTER_EXPANSION,NARVEX_TEMPORAL_BAYES_V2.1,Preventive attention indicator only; does not establish criminal activity.
FC-HIST-00692,32,Theni,2025-08-10 02:50:41,30_DAY_PREVENTIVE_ATTENTION,INCREASING,73,HISTORICAL_SEASONAL_SURGE,NARVEX_TEMPORAL_BAYES_V2.1,Preventive attention indicator only; does not establish criminal activity.
FC-HIST-00693,31,Virudhunagar,2025-11-29 10:20:31,90_DAY_PREVENTIVE_ATTENTION,WATCH,69,HIGHWAY_CHECKPOST_VELOCITY_BURST,NARVEX_TEMPORAL_BAYES_V2.1,Preventive attention indicator only; does not establish criminal activity.
FC-HIST-00694,8,Tiruppur,2024-11-15 23:06:22,30_DAY_PREVENTIVE_ATTENTION,INCREASING,80,HISTORICAL_SEASONAL_SURGE,NARVEX_TEMPORAL_BAYES_V2.1,Preventive attention indicator only; does not establish criminal activity.
FC-HIST-00695,2,Coimbatore,2025-01-13 05:32:47,30_DAY_PREVENTIVE_ATTENTION,HIGH PREVENTIVE ATTENTION,88,CAMPUS_SECTOR_CLUSTER_EXPANSION,NARVEX_TEMPORAL_BAYES_V2.1,Preventive attention indicator only; does not establish criminal activity.
FC-HIST-00696,1,Chennai,2026-01-18 01:17:25,30_DAY_PREVENTIVE_ATTENTION,HIGH PREVENTIVE ATTENTION,84,CAMPUS_SECTOR_CLUSTER_EXPANSION,NARVEX_TEMPORAL_BAYES_V2.1,Preventive attention indicator only; does not establish criminal activity.
FC-HIST-00697,15,Tenkasi,2024-11-09 02:26:07,30_DAY_PREVENTIVE_ATTENTION,WATCH,68,HIGHWAY_CHECKPOST_VELOCITY_BURST,NARVEX_TEMPORAL_BAYES_V2.1,Preventive attention indicator only; does not establish criminal activity.
FC-HIST-00698,37,Tirupathur,2024-09-29 10:26:37,90_DAY_PREVENTIVE_ATTENTION,WATCH,67,HIGHWAY_CHECKPOST_VELOCITY_BURST,NARVEX_TEMPORAL_BAYES_V2.1,Preventive attention indicator only; does not establish criminal activity.
FC-HIST-00699,29,Sivaganga,2025-02-06 14:26:59,30_DAY_PREVENTIVE_ATTENTION,LOW,59,CAMPUS_SECTOR_CLUSTER_EXPANSION,NARVEX_TEMPORAL_BAYES_V2.1,Preventive attention indicator only; does not establish criminal activity.
FC-HIST-00700,38,Tiruvannamalai,2026-01-25 09:23:58,30_DAY_PREVENTIVE_ATTENTION,WATCH,70,HIGHWAY_CHECKPOST_VELOCITY_BURST,NARVEX_TEMPORAL_BAYES_V2.1,Preventive attention indicator only; does not establish criminal activity.
FC-HIST-00701,33,Thiruvarur,2026-02-25 10:58:00,90_DAY_PREVENTIVE_ATTENTION,LOW,56,HIGHWAY_CHECKPOST_VELOCITY_BURST,NARVEX_TEMPORAL_BAYES_V2.1,Preventive attention indicator only; does not establish criminal activity.
FC-HIST-00702,34,Nagapattinam,2025-05-10 05:58:37,30_DAY_PREVENTIVE_ATTENTION,WATCH,68,HIGHWAY_CHECKPOST_VELOCITY_BURST,NARVEX_TEMPORAL_BAYES_V2.1,Preventive attention indicator only; does not establish criminal activity.
FC-HIST-00703,22,Dharmapuri,2026-06-13 16:14:03,90_DAY_PREVENTIVE_ATTENTION,WATCH,66,HIGHWAY_CHECKPOST_VELOCITY_BURST,NARVEX_TEMPORAL_BAYES_V2.1,Preventive attention indicator only; does not establish criminal activity.
FC-HIST-00704,33,Thiruvarur,2024-11-08 17:06:34,90_DAY_PREVENTIVE_ATTENTION,LOW,56,HISTORICAL_SEASONAL_SURGE,NARVEX_TEMPORAL_BAYES_V2.1,Preventive attention indicator only; does not establish criminal activity.
FC-HIST-00705,10,Krishnagiri,2025-01-17 14:21:58,30_DAY_PREVENTIVE_ATTENTION,HIGH PREVENTIVE ATTENTION,85,CAMPUS_SECTOR_CLUSTER_EXPANSION,NARVEX_TEMPORAL_BAYES_V2.1,Preventive attention indicator only; does not establish criminal activity.
FC-HIST-00706,35,Mayiladuthurai,2026-06-03 21:18:46,30_DAY_PREVENTIVE_ATTENTION,LOW,58,HIGHWAY_CHECKPOST_VELOCITY_BURST,NARVEX_TEMPORAL_BAYES_V2.1,Preventive attention indicator only; does not establish criminal activity.
FC-HIST-00707,21,Kallakurichi,2025-11-17 18:11:23,30_DAY_PREVENTIVE_ATTENTION,LOW,58,CAMPUS_SECTOR_CLUSTER_EXPANSION,NARVEX_TEMPORAL_BAYES_V2.1,Preventive attention indicator only; does not establish criminal activity.
FC-HIST-00708,30,Ramanathapuram,2025-08-16 12:32:10,90_DAY_PREVENTIVE_ATTENTION,WATCH,71,HIGHWAY_CHECKPOST_VELOCITY_BURST,NARVEX_TEMPORAL_BAYES_V2.1,Preventive attention indicator only; does not establish criminal activity.
FC-HIST-00709,12,Thanjavur,2026-08-02 23:57:57,90_DAY_PREVENTIVE_ATTENTION,LOW,64,CAMPUS_SECTOR_CLUSTER_EXPANSION,NARVEX_TEMPORAL_BAYES_V2.1,Preventive attention indicator only; does not establish criminal activity.
FC-HIST-00710,14,Kanniyakumari,2025-11-07 09:02:09,90_DAY_PREVENTIVE_ATTENTION,WATCH,70,CAMPUS_SECTOR_CLUSTER_EXPANSION,NARVEX_TEMPORAL_BAYES_V2.1,Preventive attention indicator only; does not establish criminal activity.
FC-HIST-00711,26,Ariyalur,2026-01-11 03:14:14,90_DAY_PREVENTIVE_ATTENTION,INSUFFICIENT_DATA,42,CAMPUS_SECTOR_CLUSTER_EXPANSION,NARVEX_TEMPORAL_BAYES_V2.1,Preventive attention indicator only; does not establish criminal activity.
FC-HIST-00712,23,Namakkal,2025-04-05 02:38:27,90_DAY_PREVENTIVE_ATTENTION,WATCH,68,HIGHWAY_CHECKPOST_VELOCITY_BURST,NARVEX_TEMPORAL_BAYES_V2.1,Preventive attention indicator only; does not establish criminal activity.
FC-HIST-00713,14,Kanniyakumari,2026-02-12 10:15:48,30_DAY_PREVENTIVE_ATTENTION,WATCH,70,HIGHWAY_CHECKPOST_VELOCITY_BURST,NARVEX_TEMPORAL_BAYES_V2.1,Preventive attention indicator only; does not establish criminal activity.
FC-HIST-00714,28,Pudukkottai,2026-03-11 12:38:39,90_DAY_PREVENTIVE_ATTENTION,LOW,61,CAMPUS_SECTOR_CLUSTER_EXPANSION,NARVEX_TEMPORAL_BAYES_V2.1,Preventive attention indicator only; does not establish criminal activity.
FC-HIST-00715,29,Sivaganga,2026-07-01 13:49:46,30_DAY_PREVENTIVE_ATTENTION,LOW,59,HIGHWAY_CHECKPOST_VELOCITY_BURST,NARVEX_TEMPORAL_BAYES_V2.1,Preventive attention indicator only; does not establish criminal activity.
FC-HIST-00716,3,Madurai,2025-06-19 11:06:13,30_DAY_PREVENTIVE_ATTENTION,INCREASING,78,HISTORICAL_SEASONAL_SURGE,NARVEX_TEMPORAL_BAYES_V2.1,Preventive attention indicator only; does not establish criminal activity.
FC-HIST-00717,9,Vellore,2024-11-01 02:11:42,90_DAY_PREVENTIVE_ATTENTION,INCREASING,76,HIGHWAY_CHECKPOST_VELOCITY_BURST,NARVEX_TEMPORAL_BAYES_V2.1,Preventive attention indicator only; does not establish criminal activity.
FC-HIST-00718,38,Tiruvannamalai,2025-04-19 14:34:58,30_DAY_PREVENTIVE_ATTENTION,WATCH,70,HISTORICAL_SEASONAL_SURGE,NARVEX_TEMPORAL_BAYES_V2.1,Preventive attention indicator only; does not establish criminal activity.
FC-HIST-00719,26,Ariyalur,2025-08-22 22:29:20,30_DAY_PREVENTIVE_ATTENTION,INSUFFICIENT_DATA,42,HISTORICAL_SEASONAL_SURGE,NARVEX_TEMPORAL_BAYES_V2.1,Preventive attention indicator only; does not establish criminal activity.
FC-HIST-00720,26,Ariyalur,2024-10-22 20:00:09,30_DAY_PREVENTIVE_ATTENTION,INSUFFICIENT_DATA,42,HISTORICAL_SEASONAL_SURGE,NARVEX_TEMPORAL_BAYES_V2.1,Preventive attention indicator only; does not establish criminal activity.
FC-HIST-00721,37,Tirupathur,2025-05-10 11:36:17,30_DAY_PREVENTIVE_ATTENTION,WATCH,67,CAMPUS_SECTOR_CLUSTER_EXPANSION,NARVEX_TEMPORAL_BAYES_V2.1,Preventive attention indicator only; does not establish criminal activity.
FC-HIST-00722,30,Ramanathapuram,2025-02-13 07:16:02,90_DAY_PREVENTIVE_ATTENTION,WATCH,71,CAMPUS_SECTOR_CLUSTER_EXPANSION,NARVEX_TEMPORAL_BAYES_V2.1,Preventive attention indicator only; does not establish criminal activity.
FC-HIST-00723,29,Sivaganga,2025-02-14 07:22:34,90_DAY_PREVENTIVE_ATTENTION,LOW,59,HISTORICAL_SEASONAL_SURGE,NARVEX_TEMPORAL_BAYES_V2.1,Preventive attention indicator only; does not establish criminal activity.
FC-HIST-00724,31,Virudhunagar,2026-07-07 18:31:28,90_DAY_PREVENTIVE_ATTENTION,WATCH,69,HIGHWAY_CHECKPOST_VELOCITY_BURST,NARVEX_TEMPORAL_BAYES_V2.1,Preventive attention indicator only; does not establish criminal activity.
FC-HIST-00725,28,Pudukkottai,2026-02-22 04:12:44,90_DAY_PREVENTIVE_ATTENTION,LOW,61,CAMPUS_SECTOR_CLUSTER_EXPANSION,NARVEX_TEMPORAL_BAYES_V2.1,Preventive attention indicator only; does not establish criminal activity.
FC-HIST-00726,38,Tiruvannamalai,2025-04-24 13:04:23,30_DAY_PREVENTIVE_ATTENTION,WATCH,70,HIGHWAY_CHECKPOST_VELOCITY_BURST,NARVEX_TEMPORAL_BAYES_V2.1,Preventive attention indicator only; does not establish criminal activity.
FC-HIST-00727,38,Tiruvannamalai,2026-03-14 01:20:38,30_DAY_PREVENTIVE_ATTENTION,WATCH,70,HISTORICAL_SEASONAL_SURGE,NARVEX_TEMPORAL_BAYES_V2.1,Preventive attention indicator only; does not establish criminal activity.
FC-HIST-00728,18,Tiruvallur,2025-10-29 14:48:32,90_DAY_PREVENTIVE_ATTENTION,INCREASING,80,HIGHWAY_CHECKPOST_VELOCITY_BURST,NARVEX_TEMPORAL_BAYES_V2.1,Preventive attention indicator only; does not establish criminal activity.
FC-HIST-00729,32,Theni,2025-06-07 17:06:25,30_DAY_PREVENTIVE_ATTENTION,INCREASING,73,HISTORICAL_SEASONAL_SURGE,NARVEX_TEMPORAL_BAYES_V2.1,Preventive attention indicator only; does not establish criminal activity.
FC-HIST-00730,19,Cuddalore,2026-04-08 12:53:41,30_DAY_PREVENTIVE_ATTENTION,LOW,62,HISTORICAL_SEASONAL_SURGE,NARVEX_TEMPORAL_BAYES_V2.1,Preventive attention indicator only; does not establish criminal activity.
FC-HIST-00731,9,Vellore,2026-08-11 17:14:55,30_DAY_PREVENTIVE_ATTENTION,INCREASING,76,HIGHWAY_CHECKPOST_VELOCITY_BURST,NARVEX_TEMPORAL_BAYES_V2.1,Preventive attention indicator only; does not establish criminal activity.
FC-HIST-00732,5,Tiruchirappalli,2026-02-05 02:35:17,90_DAY_PREVENTIVE_ATTENTION,WATCH,74,CAMPUS_SECTOR_CLUSTER_EXPANSION,NARVEX_TEMPORAL_BAYES_V2.1,Preventive attention indicator only; does not establish criminal activity.
FC-HIST-00733,5,Tiruchirappalli,2025-04-29 07:17:04,30_DAY_PREVENTIVE_ATTENTION,WATCH,74,HIGHWAY_CHECKPOST_VELOCITY_BURST,NARVEX_TEMPORAL_BAYES_V2.1,Preventive attention indicator only; does not establish criminal activity.
FC-HIST-00734,20,Viluppuram,2024-12-07 05:42:32,90_DAY_PREVENTIVE_ATTENTION,WATCH,65,HISTORICAL_SEASONAL_SURGE,NARVEX_TEMPORAL_BAYES_V2.1,Preventive attention indicator only; does not establish criminal activity.
FC-HIST-00735,4,Salem,2025-01-09 06:42:39,90_DAY_PREVENTIVE_ATTENTION,INCREASING,82,CAMPUS_SECTOR_CLUSTER_EXPANSION,NARVEX_TEMPORAL_BAYES_V2.1,Preventive attention indicator only; does not establish criminal activity.
FC-HIST-00736,2,Coimbatore,2025-05-05 08:45:12,90_DAY_PREVENTIVE_ATTENTION,HIGH PREVENTIVE ATTENTION,88,HISTORICAL_SEASONAL_SURGE,NARVEX_TEMPORAL_BAYES_V2.1,Preventive attention indicator only; does not establish criminal activity.
FC-HIST-00737,13,Thoothukudi,2024-11-02 06:46:00,30_DAY_PREVENTIVE_ATTENTION,INCREASING,86,CAMPUS_SECTOR_CLUSTER_EXPANSION,NARVEX_TEMPORAL_BAYES_V2.1,Preventive attention indicator only; does not establish criminal activity.
FC-HIST-00738,10,Krishnagiri,2026-03-12 14:00:39,30_DAY_PREVENTIVE_ATTENTION,HIGH PREVENTIVE ATTENTION,85,HIGHWAY_CHECKPOST_VELOCITY_BURST,NARVEX_TEMPORAL_BAYES_V2.1,Preventive attention indicator only; does not establish criminal activity.
FC-HIST-00739,28,Pudukkottai,2025-03-16 21:02:21,30_DAY_PREVENTIVE_ATTENTION,LOW,61,CAMPUS_SECTOR_CLUSTER_EXPANSION,NARVEX_TEMPORAL_BAYES_V2.1,Preventive attention indicator only; does not establish criminal activity.
FC-HIST-00740,35,Mayiladuthurai,2024-09-30 03:40:15,30_DAY_PREVENTIVE_ATTENTION,LOW,58,HIGHWAY_CHECKPOST_VELOCITY_BURST,NARVEX_TEMPORAL_BAYES_V2.1,Preventive attention indicator only; does not establish criminal activity.
FC-HIST-00741,32,Theni,2026-07-31 04:49:36,90_DAY_PREVENTIVE_ATTENTION,INCREASING,73,HIGHWAY_CHECKPOST_VELOCITY_BURST,NARVEX_TEMPORAL_BAYES_V2.1,Preventive attention indicator only; does not establish criminal activity.
FC-HIST-00742,35,Mayiladuthurai,2026-06-11 15:59:43,30_DAY_PREVENTIVE_ATTENTION,LOW,58,HISTORICAL_SEASONAL_SURGE,NARVEX_TEMPORAL_BAYES_V2.1,Preventive attention indicator only; does not establish criminal activity.
FC-HIST-00743,12,Thanjavur,2025-05-20 03:44:18,30_DAY_PREVENTIVE_ATTENTION,LOW,64,HISTORICAL_SEASONAL_SURGE,NARVEX_TEMPORAL_BAYES_V2.1,Preventive attention indicator only; does not establish criminal activity.
FC-HIST-00744,6,Tirunelveli,2025-07-06 19:45:57,30_DAY_PREVENTIVE_ATTENTION,WATCH,72,HISTORICAL_SEASONAL_SURGE,NARVEX_TEMPORAL_BAYES_V2.1,Preventive attention indicator only; does not establish criminal activity.
FC-HIST-00745,1,Chennai,2024-12-16 12:36:07,90_DAY_PREVENTIVE_ATTENTION,HIGH PREVENTIVE ATTENTION,84,HISTORICAL_SEASONAL_SURGE,NARVEX_TEMPORAL_BAYES_V2.1,Preventive attention indicator only; does not establish criminal activity.
FC-HIST-00746,1,Chennai,2025-12-24 21:22:56,30_DAY_PREVENTIVE_ATTENTION,HIGH PREVENTIVE ATTENTION,84,HISTORICAL_SEASONAL_SURGE,NARVEX_TEMPORAL_BAYES_V2.1,Preventive attention indicator only; does not establish criminal activity.
FC-HIST-00747,27,Perambalur,2025-07-10 17:35:08,90_DAY_PREVENTIVE_ATTENTION,INSUFFICIENT_DATA,44,CAMPUS_SECTOR_CLUSTER_EXPANSION,NARVEX_TEMPORAL_BAYES_V2.1,Preventive attention indicator only; does not establish criminal activity.
FC-HIST-00748,31,Virudhunagar,2024-12-13 02:42:04,90_DAY_PREVENTIVE_ATTENTION,WATCH,69,CAMPUS_SECTOR_CLUSTER_EXPANSION,NARVEX_TEMPORAL_BAYES_V2.1,Preventive attention indicator only; does not establish criminal activity.
FC-HIST-00749,8,Tiruppur,2025-08-31 04:32:41,30_DAY_PREVENTIVE_ATTENTION,INCREASING,80,CAMPUS_SECTOR_CLUSTER_EXPANSION,NARVEX_TEMPORAL_BAYES_V2.1,Preventive attention indicator only; does not establish criminal activity.
FC-HIST-00750,34,Nagapattinam,2024-10-14 02:33:35,90_DAY_PREVENTIVE_ATTENTION,WATCH,68,HIGHWAY_CHECKPOST_VELOCITY_BURST,NARVEX_TEMPORAL_BAYES_V2.1,Preventive attention indicator only; does not establish criminal activity.
FC-HIST-00751,34,Nagapattinam,2025-11-03 07:00:46,30_DAY_PREVENTIVE_ATTENTION,WATCH,68,HIGHWAY_CHECKPOST_VELOCITY_BURST,NARVEX_TEMPORAL_BAYES_V2.1,Preventive attention indicator only; does not establish criminal activity.
FC-HIST-00752,15,Tenkasi,2026-05-02 09:22:33,90_DAY_PREVENTIVE_ATTENTION,WATCH,68,HISTORICAL_SEASONAL_SURGE,NARVEX_TEMPORAL_BAYES_V2.1,Preventive attention indicator only; does not establish criminal activity.
FC-HIST-00753,31,Virudhunagar,2025-07-14 14:21:23,90_DAY_PREVENTIVE_ATTENTION,WATCH,69,CAMPUS_SECTOR_CLUSTER_EXPANSION,NARVEX_TEMPORAL_BAYES_V2.1,Preventive attention indicator only; does not establish criminal activity.
FC-HIST-00754,32,Theni,2025-09-12 15:07:07,90_DAY_PREVENTIVE_ATTENTION,INCREASING,73,HIGHWAY_CHECKPOST_VELOCITY_BURST,NARVEX_TEMPORAL_BAYES_V2.1,Preventive attention indicator only; does not establish criminal activity.
FC-HIST-00755,36,Ranipet,2025-06-19 20:55:05,90_DAY_PREVENTIVE_ATTENTION,WATCH,72,HISTORICAL_SEASONAL_SURGE,NARVEX_TEMPORAL_BAYES_V2.1,Preventive attention indicator only; does not establish criminal activity.
FC-HIST-00756,26,Ariyalur,2026-02-26 18:11:51,30_DAY_PREVENTIVE_ATTENTION,INSUFFICIENT_DATA,42,HIGHWAY_CHECKPOST_VELOCITY_BURST,NARVEX_TEMPORAL_BAYES_V2.1,Preventive attention indicator only; does not establish criminal activity.
FC-HIST-00757,38,Tiruvannamalai,2025-04-23 15:58:51,90_DAY_PREVENTIVE_ATTENTION,WATCH,70,HIGHWAY_CHECKPOST_VELOCITY_BURST,NARVEX_TEMPORAL_BAYES_V2.1,Preventive attention indicator only; does not establish criminal activity.
FC-HIST-00758,3,Madurai,2025-07-28 04:58:32,30_DAY_PREVENTIVE_ATTENTION,INCREASING,78,HIGHWAY_CHECKPOST_VELOCITY_BURST,NARVEX_TEMPORAL_BAYES_V2.1,Preventive attention indicator only; does not establish criminal activity.
FC-HIST-00759,8,Tiruppur,2025-08-20 12:09:51,90_DAY_PREVENTIVE_ATTENTION,INCREASING,80,HISTORICAL_SEASONAL_SURGE,NARVEX_TEMPORAL_BAYES_V2.1,Preventive attention indicator only; does not establish criminal activity.
FC-HIST-00760,9,Vellore,2025-04-05 09:22:53,90_DAY_PREVENTIVE_ATTENTION,INCREASING,76,CAMPUS_SECTOR_CLUSTER_EXPANSION,NARVEX_TEMPORAL_BAYES_V2.1,Preventive attention indicator only; does not establish criminal activity.
FC-HIST-00761,22,Dharmapuri,2025-04-05 04:33:38,30_DAY_PREVENTIVE_ATTENTION,WATCH,66,HIGHWAY_CHECKPOST_VELOCITY_BURST,NARVEX_TEMPORAL_BAYES_V2.1,Preventive attention indicator only; does not establish criminal activity.
FC-HIST-00762,7,Erode,2026-02-05 08:11:55,90_DAY_PREVENTIVE_ATTENTION,WATCH,75,HISTORICAL_SEASONAL_SURGE,NARVEX_TEMPORAL_BAYES_V2.1,Preventive attention indicator only; does not establish criminal activity.
FC-HIST-00763,6,Tirunelveli,2026-04-07 04:32:45,90_DAY_PREVENTIVE_ATTENTION,WATCH,72,HIGHWAY_CHECKPOST_VELOCITY_BURST,NARVEX_TEMPORAL_BAYES_V2.1,Preventive attention indicator only; does not establish criminal activity.
FC-HIST-00764,18,Tiruvallur,2025-05-07 02:32:55,90_DAY_PREVENTIVE_ATTENTION,INCREASING,80,HISTORICAL_SEASONAL_SURGE,NARVEX_TEMPORAL_BAYES_V2.1,Preventive attention indicator only; does not establish criminal activity.
FC-HIST-00765,38,Tiruvannamalai,2025-11-25 09:17:01,90_DAY_PREVENTIVE_ATTENTION,WATCH,70,HIGHWAY_CHECKPOST_VELOCITY_BURST,NARVEX_TEMPORAL_BAYES_V2.1,Preventive attention indicator only; does not establish criminal activity.
FC-HIST-00766,31,Virudhunagar,2026-01-30 22:24:44,90_DAY_PREVENTIVE_ATTENTION,WATCH,69,CAMPUS_SECTOR_CLUSTER_EXPANSION,NARVEX_TEMPORAL_BAYES_V2.1,Preventive attention indicator only; does not establish criminal activity.
FC-HIST-00767,27,Perambalur,2025-09-28 13:00:43,90_DAY_PREVENTIVE_ATTENTION,INSUFFICIENT_DATA,44,HISTORICAL_SEASONAL_SURGE,NARVEX_TEMPORAL_BAYES_V2.1,Preventive attention indicator only; does not establish criminal activity.
FC-HIST-00768,24,Nilgiris,2025-01-22 11:38:59,90_DAY_PREVENTIVE_ATTENTION,WATCH,74,HIGHWAY_CHECKPOST_VELOCITY_BURST,NARVEX_TEMPORAL_BAYES_V2.1,Preventive attention indicator only; does not establish criminal activity.
FC-HIST-00769,13,Thoothukudi,2026-06-09 19:01:38,90_DAY_PREVENTIVE_ATTENTION,INCREASING,86,HISTORICAL_SEASONAL_SURGE,NARVEX_TEMPORAL_BAYES_V2.1,Preventive attention indicator only; does not establish criminal activity.
FC-HIST-00770,16,Kancheepuram,2025-09-01 23:24:36,90_DAY_PREVENTIVE_ATTENTION,WATCH,72,HIGHWAY_CHECKPOST_VELOCITY_BURST,NARVEX_TEMPORAL_BAYES_V2.1,Preventive attention indicator only; does not establish criminal activity.
FC-HIST-00771,32,Theni,2025-02-14 01:51:01,90_DAY_PREVENTIVE_ATTENTION,INCREASING,73,HISTORICAL_SEASONAL_SURGE,NARVEX_TEMPORAL_BAYES_V2.1,Preventive attention indicator only; does not establish criminal activity.
FC-HIST-00772,34,Nagapattinam,2025-09-06 20:00:46,30_DAY_PREVENTIVE_ATTENTION,WATCH,68,HIGHWAY_CHECKPOST_VELOCITY_BURST,NARVEX_TEMPORAL_BAYES_V2.1,Preventive attention indicator only; does not establish criminal activity.
FC-HIST-00773,7,Erode,2026-06-07 12:07:52,90_DAY_PREVENTIVE_ATTENTION,WATCH,75,HIGHWAY_CHECKPOST_VELOCITY_BURST,NARVEX_TEMPORAL_BAYES_V2.1,Preventive attention indicator only; does not establish criminal activity.
FC-HIST-00774,29,Sivaganga,2026-07-31 07:22:26,90_DAY_PREVENTIVE_ATTENTION,LOW,59,CAMPUS_SECTOR_CLUSTER_EXPANSION,NARVEX_TEMPORAL_BAYES_V2.1,Preventive attention indicator only; does not establish criminal activity.
FC-HIST-00775,11,Dindigul,2025-12-03 19:23:28,30_DAY_PREVENTIVE_ATTENTION,WATCH,68,HISTORICAL_SEASONAL_SURGE,NARVEX_TEMPORAL_BAYES_V2.1,Preventive attention indicator only; does not establish criminal activity.
FC-HIST-00776,20,Viluppuram,2026-03-20 05:12:26,90_DAY_PREVENTIVE_ATTENTION,WATCH,65,CAMPUS_SECTOR_CLUSTER_EXPANSION,NARVEX_TEMPORAL_BAYES_V2.1,Preventive attention indicator only; does not establish criminal activity.
FC-HIST-00777,32,Theni,2025-06-13 23:22:28,30_DAY_PREVENTIVE_ATTENTION,INCREASING,73,HIGHWAY_CHECKPOST_VELOCITY_BURST,NARVEX_TEMPORAL_BAYES_V2.1,Preventive attention indicator only; does not establish criminal activity.
FC-HIST-00778,21,Kallakurichi,2025-11-07 08:22:35,90_DAY_PREVENTIVE_ATTENTION,LOW,58,HISTORICAL_SEASONAL_SURGE,NARVEX_TEMPORAL_BAYES_V2.1,Preventive attention indicator only; does not establish criminal activity.
FC-HIST-00779,21,Kallakurichi,2025-06-02 17:50:47,90_DAY_PREVENTIVE_ATTENTION,LOW,58,HISTORICAL_SEASONAL_SURGE,NARVEX_TEMPORAL_BAYES_V2.1,Preventive attention indicator only; does not establish criminal activity.
FC-HIST-00780,30,Ramanathapuram,2026-02-14 03:31:30,30_DAY_PREVENTIVE_ATTENTION,WATCH,71,HIGHWAY_CHECKPOST_VELOCITY_BURST,NARVEX_TEMPORAL_BAYES_V2.1,Preventive attention indicator only; does not establish criminal activity.
FC-HIST-00781,16,Kancheepuram,2025-06-27 08:20:45,30_DAY_PREVENTIVE_ATTENTION,WATCH,72,CAMPUS_SECTOR_CLUSTER_EXPANSION,NARVEX_TEMPORAL_BAYES_V2.1,Preventive attention indicator only; does not establish criminal activity.
FC-HIST-00782,4,Salem,2025-11-14 22:27:30,90_DAY_PREVENTIVE_ATTENTION,INCREASING,82,CAMPUS_SECTOR_CLUSTER_EXPANSION,NARVEX_TEMPORAL_BAYES_V2.1,Preventive attention indicator only; does not establish criminal activity.
FC-HIST-00783,20,Viluppuram,2026-05-30 21:06:56,90_DAY_PREVENTIVE_ATTENTION,WATCH,65,HIGHWAY_CHECKPOST_VELOCITY_BURST,NARVEX_TEMPORAL_BAYES_V2.1,Preventive attention indicator only; does not establish criminal activity.
FC-HIST-00784,36,Ranipet,2024-11-12 01:58:11,30_DAY_PREVENTIVE_ATTENTION,WATCH,72,CAMPUS_SECTOR_CLUSTER_EXPANSION,NARVEX_TEMPORAL_BAYES_V2.1,Preventive attention indicator only; does not establish criminal activity.
FC-HIST-00785,13,Thoothukudi,2026-07-17 19:48:45,30_DAY_PREVENTIVE_ATTENTION,INCREASING,86,HIGHWAY_CHECKPOST_VELOCITY_BURST,NARVEX_TEMPORAL_BAYES_V2.1,Preventive attention indicator only; does not establish criminal activity.
FC-HIST-00786,38,Tiruvannamalai,2024-12-02 03:03:39,90_DAY_PREVENTIVE_ATTENTION,WATCH,70,HISTORICAL_SEASONAL_SURGE,NARVEX_TEMPORAL_BAYES_V2.1,Preventive attention indicator only; does not establish criminal activity.
FC-HIST-00787,28,Pudukkottai,2026-06-15 06:35:21,90_DAY_PREVENTIVE_ATTENTION,LOW,61,CAMPUS_SECTOR_CLUSTER_EXPANSION,NARVEX_TEMPORAL_BAYES_V2.1,Preventive attention indicator only; does not establish criminal activity.
FC-HIST-00788,36,Ranipet,2024-11-08 16:49:25,30_DAY_PREVENTIVE_ATTENTION,WATCH,72,HISTORICAL_SEASONAL_SURGE,NARVEX_TEMPORAL_BAYES_V2.1,Preventive attention indicator only; does not establish criminal activity.
FC-HIST-00789,12,Thanjavur,2025-08-17 12:11:10,30_DAY_PREVENTIVE_ATTENTION,LOW,64,HIGHWAY_CHECKPOST_VELOCITY_BURST,NARVEX_TEMPORAL_BAYES_V2.1,Preventive attention indicator only; does not establish criminal activity.
FC-HIST-00790,13,Thoothukudi,2025-03-18 01:01:14,90_DAY_PREVENTIVE_ATTENTION,INCREASING,86,HIGHWAY_CHECKPOST_VELOCITY_BURST,NARVEX_TEMPORAL_BAYES_V2.1,Preventive attention indicator only; does not establish criminal activity.
FC-HIST-00791,2,Coimbatore,2024-10-06 10:16:52,30_DAY_PREVENTIVE_ATTENTION,HIGH PREVENTIVE ATTENTION,88,HIGHWAY_CHECKPOST_VELOCITY_BURST,NARVEX_TEMPORAL_BAYES_V2.1,Preventive attention indicator only; does not establish criminal activity.
FC-HIST-00792,34,Nagapattinam,2026-07-27 06:15:34,90_DAY_PREVENTIVE_ATTENTION,WATCH,68,HISTORICAL_SEASONAL_SURGE,NARVEX_TEMPORAL_BAYES_V2.1,Preventive attention indicator only; does not establish criminal activity.
FC-HIST-00793,16,Kancheepuram,2026-05-31 15:18:09,90_DAY_PREVENTIVE_ATTENTION,WATCH,72,CAMPUS_SECTOR_CLUSTER_EXPANSION,NARVEX_TEMPORAL_BAYES_V2.1,Preventive attention indicator only; does not establish criminal activity.
FC-HIST-00794,21,Kallakurichi,2025-10-03 03:13:32,90_DAY_PREVENTIVE_ATTENTION,LOW,58,HISTORICAL_SEASONAL_SURGE,NARVEX_TEMPORAL_BAYES_V2.1,Preventive attention indicator only; does not establish criminal activity.
FC-HIST-00795,7,Erode,2026-04-19 00:47:37,30_DAY_PREVENTIVE_ATTENTION,WATCH,75,HISTORICAL_SEASONAL_SURGE,NARVEX_TEMPORAL_BAYES_V2.1,Preventive attention indicator only; does not establish criminal activity.
FC-HIST-00796,38,Tiruvannamalai,2025-06-02 17:42:49,30_DAY_PREVENTIVE_ATTENTION,WATCH,70,CAMPUS_SECTOR_CLUSTER_EXPANSION,NARVEX_TEMPORAL_BAYES_V2.1,Preventive attention indicator only; does not establish criminal activity.
FC-HIST-00797,34,Nagapattinam,2026-08-12 11:52:04,90_DAY_PREVENTIVE_ATTENTION,WATCH,68,HIGHWAY_CHECKPOST_VELOCITY_BURST,NARVEX_TEMPORAL_BAYES_V2.1,Preventive attention indicator only; does not establish criminal activity.
FC-HIST-00798,9,Vellore,2025-04-06 19:58:58,30_DAY_PREVENTIVE_ATTENTION,INCREASING,76,HIGHWAY_CHECKPOST_VELOCITY_BURST,NARVEX_TEMPORAL_BAYES_V2.1,Preventive attention indicator only; does not establish criminal activity.
FC-HIST-00799,31,Virudhunagar,2025-01-04 04:23:06,30_DAY_PREVENTIVE_ATTENTION,WATCH,69,HISTORICAL_SEASONAL_SURGE,NARVEX_TEMPORAL_BAYES_V2.1,Preventive attention indicator only; does not establish criminal activity.
FC-HIST-00800,5,Tiruchirappalli,2025-07-06 20:05:31,90_DAY_PREVENTIVE_ATTENTION,WATCH,74,HIGHWAY_CHECKPOST_VELOCITY_BURST,NARVEX_TEMPORAL_BAYES_V2.1,Preventive attention indicator only; does not establish criminal activity.
FC-HIST-00801,9,Vellore,2025-05-13 15:40:02,30_DAY_PREVENTIVE_ATTENTION,INCREASING,76,CAMPUS_SECTOR_CLUSTER_EXPANSION,NARVEX_TEMPORAL_BAYES_V2.1,Preventive attention indicator only; does not establish criminal activity.
FC-HIST-00802,26,Ariyalur,2025-04-20 21:58:14,90_DAY_PREVENTIVE_ATTENTION,INSUFFICIENT_DATA,42,HIGHWAY_CHECKPOST_VELOCITY_BURST,NARVEX_TEMPORAL_BAYES_V2.1,Preventive attention indicator only; does not establish criminal activity.
FC-HIST-00803,5,Tiruchirappalli,2025-04-16 00:07:27,90_DAY_PREVENTIVE_ATTENTION,WATCH,74,CAMPUS_SECTOR_CLUSTER_EXPANSION,NARVEX_TEMPORAL_BAYES_V2.1,Preventive attention indicator only; does not establish criminal activity.
FC-HIST-00804,5,Tiruchirappalli,2025-06-25 03:26:39,90_DAY_PREVENTIVE_ATTENTION,WATCH,74,CAMPUS_SECTOR_CLUSTER_EXPANSION,NARVEX_TEMPORAL_BAYES_V2.1,Preventive attention indicator only; does not establish criminal activity.
FC-HIST-00805,15,Tenkasi,2026-01-27 15:31:43,30_DAY_PREVENTIVE_ATTENTION,WATCH,68,HIGHWAY_CHECKPOST_VELOCITY_BURST,NARVEX_TEMPORAL_BAYES_V2.1,Preventive attention indicator only; does not establish criminal activity.
FC-HIST-00806,24,Nilgiris,2024-10-03 08:48:28,90_DAY_PREVENTIVE_ATTENTION,WATCH,74,HISTORICAL_SEASONAL_SURGE,NARVEX_TEMPORAL_BAYES_V2.1,Preventive attention indicator only; does not establish criminal activity.
FC-HIST-00807,35,Mayiladuthurai,2026-07-20 05:48:24,30_DAY_PREVENTIVE_ATTENTION,LOW,58,CAMPUS_SECTOR_CLUSTER_EXPANSION,NARVEX_TEMPORAL_BAYES_V2.1,Preventive attention indicator only; does not establish criminal activity.
FC-HIST-00808,36,Ranipet,2026-06-21 19:41:17,30_DAY_PREVENTIVE_ATTENTION,WATCH,72,HIGHWAY_CHECKPOST_VELOCITY_BURST,NARVEX_TEMPORAL_BAYES_V2.1,Preventive attention indicator only; does not establish criminal activity.
FC-HIST-00809,37,Tirupathur,2026-07-04 23:59:21,90_DAY_PREVENTIVE_ATTENTION,WATCH,67,CAMPUS_SECTOR_CLUSTER_EXPANSION,NARVEX_TEMPORAL_BAYES_V2.1,Preventive attention indicator only; does not establish criminal activity.
FC-HIST-00810,6,Tirunelveli,2025-11-11 13:23:07,90_DAY_PREVENTIVE_ATTENTION,WATCH,72,HIGHWAY_CHECKPOST_VELOCITY_BURST,NARVEX_TEMPORAL_BAYES_V2.1,Preventive attention indicator only; does not establish criminal activity.
FC-HIST-00811,31,Virudhunagar,2025-02-02 17:13:16,90_DAY_PREVENTIVE_ATTENTION,WATCH,69,HISTORICAL_SEASONAL_SURGE,NARVEX_TEMPORAL_BAYES_V2.1,Preventive attention indicator only; does not establish criminal activity.
FC-HIST-00812,6,Tirunelveli,2025-04-12 21:31:34,30_DAY_PREVENTIVE_ATTENTION,WATCH,72,HISTORICAL_SEASONAL_SURGE,NARVEX_TEMPORAL_BAYES_V2.1,Preventive attention indicator only; does not establish criminal activity.
FC-HIST-00813,14,Kanniyakumari,2024-10-15 16:23:13,90_DAY_PREVENTIVE_ATTENTION,WATCH,70,HIGHWAY_CHECKPOST_VELOCITY_BURST,NARVEX_TEMPORAL_BAYES_V2.1,Preventive attention indicator only; does not establish criminal activity.
FC-HIST-00814,34,Nagapattinam,2025-05-23 04:35:23,30_DAY_PREVENTIVE_ATTENTION,WATCH,68,HISTORICAL_SEASONAL_SURGE,NARVEX_TEMPORAL_BAYES_V2.1,Preventive attention indicator only; does not establish criminal activity.
FC-HIST-00815,27,Perambalur,2025-08-16 23:02:59,30_DAY_PREVENTIVE_ATTENTION,INSUFFICIENT_DATA,44,HIGHWAY_CHECKPOST_VELOCITY_BURST,NARVEX_TEMPORAL_BAYES_V2.1,Preventive attention indicator only; does not establish criminal activity.
FC-HIST-00816,28,Pudukkottai,2024-12-05 23:07:00,90_DAY_PREVENTIVE_ATTENTION,LOW,61,CAMPUS_SECTOR_CLUSTER_EXPANSION,NARVEX_TEMPORAL_BAYES_V2.1,Preventive attention indicator only; does not establish criminal activity.
FC-HIST-00817,1,Chennai,2025-11-02 10:04:30,90_DAY_PREVENTIVE_ATTENTION,HIGH PREVENTIVE ATTENTION,84,CAMPUS_SECTOR_CLUSTER_EXPANSION,NARVEX_TEMPORAL_BAYES_V2.1,Preventive attention indicator only; does not establish criminal activity.
FC-HIST-00818,23,Namakkal,2025-08-19 14:37:43,30_DAY_PREVENTIVE_ATTENTION,WATCH,68,CAMPUS_SECTOR_CLUSTER_EXPANSION,NARVEX_TEMPORAL_BAYES_V2.1,Preventive attention indicator only; does not establish criminal activity.
FC-HIST-00819,14,Kanniyakumari,2025-10-28 16:48:05,90_DAY_PREVENTIVE_ATTENTION,WATCH,70,HIGHWAY_CHECKPOST_VELOCITY_BURST,NARVEX_TEMPORAL_BAYES_V2.1,Preventive attention indicator only; does not establish criminal activity.
FC-HIST-00820,24,Nilgiris,2025-07-19 07:09:45,90_DAY_PREVENTIVE_ATTENTION,WATCH,74,CAMPUS_SECTOR_CLUSTER_EXPANSION,NARVEX_TEMPORAL_BAYES_V2.1,Preventive attention indicator only; does not establish criminal activity.
FC-HIST-00821,33,Thiruvarur,2025-02-23 01:34:42,90_DAY_PREVENTIVE_ATTENTION,LOW,56,HIGHWAY_CHECKPOST_VELOCITY_BURST,NARVEX_TEMPORAL_BAYES_V2.1,Preventive attention indicator only; does not establish criminal activity.
FC-HIST-00822,7,Erode,2025-12-06 05:06:17,90_DAY_PREVENTIVE_ATTENTION,WATCH,75,HISTORICAL_SEASONAL_SURGE,NARVEX_TEMPORAL_BAYES_V2.1,Preventive attention indicator only; does not establish criminal activity.
FC-HIST-00823,35,Mayiladuthurai,2024-10-03 03:58:45,30_DAY_PREVENTIVE_ATTENTION,LOW,58,HISTORICAL_SEASONAL_SURGE,NARVEX_TEMPORAL_BAYES_V2.1,Preventive attention indicator only; does not establish criminal activity.
FC-HIST-00824,12,Thanjavur,2025-04-01 09:23:30,30_DAY_PREVENTIVE_ATTENTION,LOW,64,HIGHWAY_CHECKPOST_VELOCITY_BURST,NARVEX_TEMPORAL_BAYES_V2.1,Preventive attention indicator only; does not establish criminal activity.
FC-HIST-00825,37,Tirupathur,2025-08-04 10:42:13,90_DAY_PREVENTIVE_ATTENTION,WATCH,67,HISTORICAL_SEASONAL_SURGE,NARVEX_TEMPORAL_BAYES_V2.1,Preventive attention indicator only; does not establish criminal activity.
FC-HIST-00826,31,Virudhunagar,2026-06-01 18:36:32,30_DAY_PREVENTIVE_ATTENTION,WATCH,69,CAMPUS_SECTOR_CLUSTER_EXPANSION,NARVEX_TEMPORAL_BAYES_V2.1,Preventive attention indicator only; does not establish criminal activity.
FC-HIST-00827,17,Chengalpattu,2025-07-23 05:39:19,30_DAY_PREVENTIVE_ATTENTION,INCREASING,78,HIGHWAY_CHECKPOST_VELOCITY_BURST,NARVEX_TEMPORAL_BAYES_V2.1,Preventive attention indicator only; does not establish criminal activity.
FC-HIST-00828,12,Thanjavur,2025-09-17 18:42:43,30_DAY_PREVENTIVE_ATTENTION,LOW,64,HISTORICAL_SEASONAL_SURGE,NARVEX_TEMPORAL_BAYES_V2.1,Preventive attention indicator only; does not establish criminal activity.
FC-HIST-00829,1,Chennai,2025-03-24 14:44:51,90_DAY_PREVENTIVE_ATTENTION,HIGH PREVENTIVE ATTENTION,84,CAMPUS_SECTOR_CLUSTER_EXPANSION,NARVEX_TEMPORAL_BAYES_V2.1,Preventive attention indicator only; does not establish criminal activity.
FC-HIST-00830,21,Kallakurichi,2025-09-24 13:20:53,30_DAY_PREVENTIVE_ATTENTION,LOW,58,HIGHWAY_CHECKPOST_VELOCITY_BURST,NARVEX_TEMPORAL_BAYES_V2.1,Preventive attention indicator only; does not establish criminal activity.
FC-HIST-00831,21,Kallakurichi,2024-09-24 07:14:09,90_DAY_PREVENTIVE_ATTENTION,LOW,58,HISTORICAL_SEASONAL_SURGE,NARVEX_TEMPORAL_BAYES_V2.1,Preventive attention indicator only; does not establish criminal activity.
FC-HIST-00832,22,Dharmapuri,2026-05-23 22:45:47,90_DAY_PREVENTIVE_ATTENTION,WATCH,66,HISTORICAL_SEASONAL_SURGE,NARVEX_TEMPORAL_BAYES_V2.1,Preventive attention indicator only; does not establish criminal activity.
FC-HIST-00833,5,Tiruchirappalli,2024-11-12 02:12:36,90_DAY_PREVENTIVE_ATTENTION,WATCH,74,HISTORICAL_SEASONAL_SURGE,NARVEX_TEMPORAL_BAYES_V2.1,Preventive attention indicator only; does not establish criminal activity.
FC-HIST-00834,35,Mayiladuthurai,2026-06-24 23:59:53,30_DAY_PREVENTIVE_ATTENTION,LOW,58,CAMPUS_SECTOR_CLUSTER_EXPANSION,NARVEX_TEMPORAL_BAYES_V2.1,Preventive attention indicator only; does not establish criminal activity.
FC-HIST-00835,10,Krishnagiri,2026-02-04 20:24:36,30_DAY_PREVENTIVE_ATTENTION,HIGH PREVENTIVE ATTENTION,85,CAMPUS_SECTOR_CLUSTER_EXPANSION,NARVEX_TEMPORAL_BAYES_V2.1,Preventive attention indicator only; does not establish criminal activity.
FC-HIST-00836,31,Virudhunagar,2026-01-08 18:18:23,30_DAY_PREVENTIVE_ATTENTION,WATCH,69,HIGHWAY_CHECKPOST_VELOCITY_BURST,NARVEX_TEMPORAL_BAYES_V2.1,Preventive attention indicator only; does not establish criminal activity.
FC-HIST-00837,15,Tenkasi,2025-07-02 09:46:09,30_DAY_PREVENTIVE_ATTENTION,WATCH,68,CAMPUS_SECTOR_CLUSTER_EXPANSION,NARVEX_TEMPORAL_BAYES_V2.1,Preventive attention indicator only; does not establish criminal activity.
FC-HIST-00838,23,Namakkal,2025-03-02 08:47:07,90_DAY_PREVENTIVE_ATTENTION,WATCH,68,HISTORICAL_SEASONAL_SURGE,NARVEX_TEMPORAL_BAYES_V2.1,Preventive attention indicator only; does not establish criminal activity.
FC-HIST-00839,15,Tenkasi,2025-10-21 10:10:55,30_DAY_PREVENTIVE_ATTENTION,WATCH,68,CAMPUS_SECTOR_CLUSTER_EXPANSION,NARVEX_TEMPORAL_BAYES_V2.1,Preventive attention indicator only; does not establish criminal activity.
FC-HIST-00840,15,Tenkasi,2025-01-28 11:21:19,30_DAY_PREVENTIVE_ATTENTION,WATCH,68,CAMPUS_SECTOR_CLUSTER_EXPANSION,NARVEX_TEMPORAL_BAYES_V2.1,Preventive attention indicator only; does not establish criminal activity.
FC-HIST-00841,17,Chengalpattu,2026-04-04 22:43:51,90_DAY_PREVENTIVE_ATTENTION,INCREASING,78,HIGHWAY_CHECKPOST_VELOCITY_BURST,NARVEX_TEMPORAL_BAYES_V2.1,Preventive attention indicator only; does not establish criminal activity.
FC-HIST-00842,15,Tenkasi,2026-05-22 23:02:48,30_DAY_PREVENTIVE_ATTENTION,WATCH,68,CAMPUS_SECTOR_CLUSTER_EXPANSION,NARVEX_TEMPORAL_BAYES_V2.1,Preventive attention indicator only; does not establish criminal activity.
FC-HIST-00843,16,Kancheepuram,2025-03-07 09:05:27,30_DAY_PREVENTIVE_ATTENTION,WATCH,72,CAMPUS_SECTOR_CLUSTER_EXPANSION,NARVEX_TEMPORAL_BAYES_V2.1,Preventive attention indicator only; does not establish criminal activity.
FC-HIST-00844,30,Ramanathapuram,2026-05-25 05:39:43,30_DAY_PREVENTIVE_ATTENTION,WATCH,71,HISTORICAL_SEASONAL_SURGE,NARVEX_TEMPORAL_BAYES_V2.1,Preventive attention indicator only; does not establish criminal activity.
FC-HIST-00845,37,Tirupathur,2025-01-03 04:52:46,30_DAY_PREVENTIVE_ATTENTION,WATCH,67,CAMPUS_SECTOR_CLUSTER_EXPANSION,NARVEX_TEMPORAL_BAYES_V2.1,Preventive attention indicator only; does not establish criminal activity.
FC-HIST-00846,23,Namakkal,2025-12-31 04:07:46,90_DAY_PREVENTIVE_ATTENTION,WATCH,68,CAMPUS_SECTOR_CLUSTER_EXPANSION,NARVEX_TEMPORAL_BAYES_V2.1,Preventive attention indicator only; does not establish criminal activity.
FC-HIST-00847,28,Pudukkottai,2025-03-21 11:22:14,90_DAY_PREVENTIVE_ATTENTION,LOW,61,CAMPUS_SECTOR_CLUSTER_EXPANSION,NARVEX_TEMPORAL_BAYES_V2.1,Preventive attention indicator only; does not establish criminal activity.
FC-HIST-00848,16,Kancheepuram,2025-05-17 16:00:12,90_DAY_PREVENTIVE_ATTENTION,WATCH,72,CAMPUS_SECTOR_CLUSTER_EXPANSION,NARVEX_TEMPORAL_BAYES_V2.1,Preventive attention indicator only; does not establish criminal activity.
FC-HIST-00849,15,Tenkasi,2025-02-11 00:56:36,30_DAY_PREVENTIVE_ATTENTION,WATCH,68,HIGHWAY_CHECKPOST_VELOCITY_BURST,NARVEX_TEMPORAL_BAYES_V2.1,Preventive attention indicator only; does not establish criminal activity.
FC-HIST-00850,7,Erode,2026-03-27 11:38:30,30_DAY_PREVENTIVE_ATTENTION,WATCH,75,CAMPUS_SECTOR_CLUSTER_EXPANSION,NARVEX_TEMPORAL_BAYES_V2.1,Preventive attention indicator only; does not establish criminal activity.
FC-HIST-00851,5,Tiruchirappalli,2025-10-14 05:01:29,90_DAY_PREVENTIVE_ATTENTION,WATCH,74,HIGHWAY_CHECKPOST_VELOCITY_BURST,NARVEX_TEMPORAL_BAYES_V2.1,Preventive attention indicator only; does not establish criminal activity.
FC-HIST-00852,33,Thiruvarur,2025-11-15 10:25:30,30_DAY_PREVENTIVE_ATTENTION,LOW,56,CAMPUS_SECTOR_CLUSTER_EXPANSION,NARVEX_TEMPORAL_BAYES_V2.1,Preventive attention indicator only; does not establish criminal activity.
FC-HIST-00853,6,Tirunelveli,2024-12-04 11:53:32,30_DAY_PREVENTIVE_ATTENTION,WATCH,72,HIGHWAY_CHECKPOST_VELOCITY_BURST,NARVEX_TEMPORAL_BAYES_V2.1,Preventive attention indicator only; does not establish criminal activity.
FC-HIST-00854,14,Kanniyakumari,2026-07-13 15:00:04,30_DAY_PREVENTIVE_ATTENTION,WATCH,70,HISTORICAL_SEASONAL_SURGE,NARVEX_TEMPORAL_BAYES_V2.1,Preventive attention indicator only; does not establish criminal activity.
FC-HIST-00855,29,Sivaganga,2024-12-07 21:40:43,90_DAY_PREVENTIVE_ATTENTION,LOW,59,CAMPUS_SECTOR_CLUSTER_EXPANSION,NARVEX_TEMPORAL_BAYES_V2.1,Preventive attention indicator only; does not establish criminal activity.
FC-HIST-00856,24,Nilgiris,2025-05-03 07:47:26,90_DAY_PREVENTIVE_ATTENTION,WATCH,74,HIGHWAY_CHECKPOST_VELOCITY_BURST,NARVEX_TEMPORAL_BAYES_V2.1,Preventive attention indicator only; does not establish criminal activity.
FC-HIST-00857,11,Dindigul,2026-05-13 16:12:03,90_DAY_PREVENTIVE_ATTENTION,WATCH,68,HISTORICAL_SEASONAL_SURGE,NARVEX_TEMPORAL_BAYES_V2.1,Preventive attention indicator only; does not establish criminal activity.
FC-HIST-00858,18,Tiruvallur,2026-03-30 11:44:41,30_DAY_PREVENTIVE_ATTENTION,INCREASING,80,HIGHWAY_CHECKPOST_VELOCITY_BURST,NARVEX_TEMPORAL_BAYES_V2.1,Preventive attention indicator only; does not establish criminal activity.
FC-HIST-00859,35,Mayiladuthurai,2026-03-29 00:01:17,30_DAY_PREVENTIVE_ATTENTION,LOW,58,HIGHWAY_CHECKPOST_VELOCITY_BURST,NARVEX_TEMPORAL_BAYES_V2.1,Preventive attention indicator only; does not establish criminal activity.
FC-HIST-00860,16,Kancheepuram,2026-02-22 20:56:27,90_DAY_PREVENTIVE_ATTENTION,WATCH,72,HIGHWAY_CHECKPOST_VELOCITY_BURST,NARVEX_TEMPORAL_BAYES_V2.1,Preventive attention indicator only; does not establish criminal activity.
FC-HIST-00861,26,Ariyalur,2024-09-20 11:32:52,30_DAY_PREVENTIVE_ATTENTION,INSUFFICIENT_DATA,42,HIGHWAY_CHECKPOST_VELOCITY_BURST,NARVEX_TEMPORAL_BAYES_V2.1,Preventive attention indicator only; does not establish criminal activity.
FC-HIST-00862,10,Krishnagiri,2026-06-11 19:35:00,90_DAY_PREVENTIVE_ATTENTION,HIGH PREVENTIVE ATTENTION,85,HISTORICAL_SEASONAL_SURGE,NARVEX_TEMPORAL_BAYES_V2.1,Preventive attention indicator only; does not establish criminal activity.
FC-HIST-00863,12,Thanjavur,2026-02-13 11:52:57,30_DAY_PREVENTIVE_ATTENTION,LOW,64,HISTORICAL_SEASONAL_SURGE,NARVEX_TEMPORAL_BAYES_V2.1,Preventive attention indicator only; does not establish criminal activity.
FC-HIST-00864,16,Kancheepuram,2024-09-30 21:58:58,30_DAY_PREVENTIVE_ATTENTION,WATCH,72,CAMPUS_SECTOR_CLUSTER_EXPANSION,NARVEX_TEMPORAL_BAYES_V2.1,Preventive attention indicator only; does not establish criminal activity.
FC-HIST-00865,8,Tiruppur,2026-01-24 22:05:05,30_DAY_PREVENTIVE_ATTENTION,INCREASING,80,CAMPUS_SECTOR_CLUSTER_EXPANSION,NARVEX_TEMPORAL_BAYES_V2.1,Preventive attention indicator only; does not establish criminal activity.
FC-HIST-00866,33,Thiruvarur,2025-07-03 15:58:59,90_DAY_PREVENTIVE_ATTENTION,LOW,56,CAMPUS_SECTOR_CLUSTER_EXPANSION,NARVEX_TEMPORAL_BAYES_V2.1,Preventive attention indicator only; does not establish criminal activity.
FC-HIST-00867,13,Thoothukudi,2025-09-18 20:30:09,30_DAY_PREVENTIVE_ATTENTION,INCREASING,86,HIGHWAY_CHECKPOST_VELOCITY_BURST,NARVEX_TEMPORAL_BAYES_V2.1,Preventive attention indicator only; does not establish criminal activity.
FC-HIST-00868,10,Krishnagiri,2026-01-28 23:10:40,30_DAY_PREVENTIVE_ATTENTION,HIGH PREVENTIVE ATTENTION,85,CAMPUS_SECTOR_CLUSTER_EXPANSION,NARVEX_TEMPORAL_BAYES_V2.1,Preventive attention indicator only; does not establish criminal activity.
FC-HIST-00869,22,Dharmapuri,2025-12-22 18:32:27,90_DAY_PREVENTIVE_ATTENTION,WATCH,66,HISTORICAL_SEASONAL_SURGE,NARVEX_TEMPORAL_BAYES_V2.1,Preventive attention indicator only; does not establish criminal activity.
FC-HIST-00870,36,Ranipet,2024-12-07 12:21:01,30_DAY_PREVENTIVE_ATTENTION,WATCH,72,CAMPUS_SECTOR_CLUSTER_EXPANSION,NARVEX_TEMPORAL_BAYES_V2.1,Preventive attention indicator only; does not establish criminal activity.
FC-HIST-00871,37,Tirupathur,2026-03-28 02:49:07,30_DAY_PREVENTIVE_ATTENTION,WATCH,67,HIGHWAY_CHECKPOST_VELOCITY_BURST,NARVEX_TEMPORAL_BAYES_V2.1,Preventive attention indicator only; does not establish criminal activity.
FC-HIST-00872,4,Salem,2025-09-13 15:54:14,90_DAY_PREVENTIVE_ATTENTION,INCREASING,82,CAMPUS_SECTOR_CLUSTER_EXPANSION,NARVEX_TEMPORAL_BAYES_V2.1,Preventive attention indicator only; does not establish criminal activity.
FC-HIST-00873,17,Chengalpattu,2025-06-25 22:46:35,30_DAY_PREVENTIVE_ATTENTION,INCREASING,78,CAMPUS_SECTOR_CLUSTER_EXPANSION,NARVEX_TEMPORAL_BAYES_V2.1,Preventive attention indicator only; does not establish criminal activity.
FC-HIST-00874,25,Karur,2026-01-10 09:00:42,30_DAY_PREVENTIVE_ATTENTION,LOW,60,CAMPUS_SECTOR_CLUSTER_EXPANSION,NARVEX_TEMPORAL_BAYES_V2.1,Preventive attention indicator only; does not establish criminal activity.
FC-HIST-00875,25,Karur,2026-05-30 21:46:29,90_DAY_PREVENTIVE_ATTENTION,LOW,60,HISTORICAL_SEASONAL_SURGE,NARVEX_TEMPORAL_BAYES_V2.1,Preventive attention indicator only; does not establish criminal activity.
FC-HIST-00876,28,Pudukkottai,2025-08-14 23:21:24,30_DAY_PREVENTIVE_ATTENTION,LOW,61,HIGHWAY_CHECKPOST_VELOCITY_BURST,NARVEX_TEMPORAL_BAYES_V2.1,Preventive attention indicator only; does not establish criminal activity.
FC-HIST-00877,27,Perambalur,2026-03-31 11:47:42,30_DAY_PREVENTIVE_ATTENTION,INSUFFICIENT_DATA,44,HIGHWAY_CHECKPOST_VELOCITY_BURST,NARVEX_TEMPORAL_BAYES_V2.1,Preventive attention indicator only; does not establish criminal activity.
FC-HIST-00878,7,Erode,2026-03-05 15:34:50,90_DAY_PREVENTIVE_ATTENTION,WATCH,75,HIGHWAY_CHECKPOST_VELOCITY_BURST,NARVEX_TEMPORAL_BAYES_V2.1,Preventive attention indicator only; does not establish criminal activity.
FC-HIST-00879,31,Virudhunagar,2024-12-02 13:42:18,90_DAY_PREVENTIVE_ATTENTION,WATCH,69,HISTORICAL_SEASONAL_SURGE,NARVEX_TEMPORAL_BAYES_V2.1,Preventive attention indicator only; does not establish criminal activity.
FC-HIST-00880,32,Theni,2025-05-28 21:58:41,30_DAY_PREVENTIVE_ATTENTION,INCREASING,73,HISTORICAL_SEASONAL_SURGE,NARVEX_TEMPORAL_BAYES_V2.1,Preventive attention indicator only; does not establish criminal activity.
FC-HIST-00881,1,Chennai,2025-10-07 12:19:27,90_DAY_PREVENTIVE_ATTENTION,HIGH PREVENTIVE ATTENTION,84,HISTORICAL_SEASONAL_SURGE,NARVEX_TEMPORAL_BAYES_V2.1,Preventive attention indicator only; does not establish criminal activity.
FC-HIST-00882,19,Cuddalore,2025-11-07 21:59:44,90_DAY_PREVENTIVE_ATTENTION,LOW,62,HISTORICAL_SEASONAL_SURGE,NARVEX_TEMPORAL_BAYES_V2.1,Preventive attention indicator only; does not establish criminal activity.
FC-HIST-00883,34,Nagapattinam,2025-07-23 12:02:57,90_DAY_PREVENTIVE_ATTENTION,WATCH,68,HISTORICAL_SEASONAL_SURGE,NARVEX_TEMPORAL_BAYES_V2.1,Preventive attention indicator only; does not establish criminal activity.
FC-HIST-00884,14,Kanniyakumari,2024-10-05 11:04:51,90_DAY_PREVENTIVE_ATTENTION,WATCH,70,HIGHWAY_CHECKPOST_VELOCITY_BURST,NARVEX_TEMPORAL_BAYES_V2.1,Preventive attention indicator only; does not establish criminal activity.
FC-HIST-00885,36,Ranipet,2026-07-14 23:04:08,90_DAY_PREVENTIVE_ATTENTION,WATCH,72,HIGHWAY_CHECKPOST_VELOCITY_BURST,NARVEX_TEMPORAL_BAYES_V2.1,Preventive attention indicator only; does not establish criminal activity.
FC-HIST-00886,19,Cuddalore,2025-12-06 18:16:35,90_DAY_PREVENTIVE_ATTENTION,LOW,62,HIGHWAY_CHECKPOST_VELOCITY_BURST,NARVEX_TEMPORAL_BAYES_V2.1,Preventive attention indicator only; does not establish criminal activity.
FC-HIST-00887,22,Dharmapuri,2025-12-18 01:15:28,30_DAY_PREVENTIVE_ATTENTION,WATCH,66,HIGHWAY_CHECKPOST_VELOCITY_BURST,NARVEX_TEMPORAL_BAYES_V2.1,Preventive attention indicator only; does not establish criminal activity.
FC-HIST-00888,38,Tiruvannamalai,2025-01-16 18:22:44,90_DAY_PREVENTIVE_ATTENTION,WATCH,70,HIGHWAY_CHECKPOST_VELOCITY_BURST,NARVEX_TEMPORAL_BAYES_V2.1,Preventive attention indicator only; does not establish criminal activity.
FC-HIST-00889,5,Tiruchirappalli,2025-11-27 13:00:44,30_DAY_PREVENTIVE_ATTENTION,WATCH,74,HISTORICAL_SEASONAL_SURGE,NARVEX_TEMPORAL_BAYES_V2.1,Preventive attention indicator only; does not establish criminal activity.
FC-HIST-00890,19,Cuddalore,2026-02-06 23:42:13,30_DAY_PREVENTIVE_ATTENTION,LOW,62,HIGHWAY_CHECKPOST_VELOCITY_BURST,NARVEX_TEMPORAL_BAYES_V2.1,Preventive attention indicator only; does not establish criminal activity.
FC-HIST-00891,23,Namakkal,2025-12-08 17:16:44,90_DAY_PREVENTIVE_ATTENTION,WATCH,68,CAMPUS_SECTOR_CLUSTER_EXPANSION,NARVEX_TEMPORAL_BAYES_V2.1,Preventive attention indicator only; does not establish criminal activity.
FC-HIST-00892,16,Kancheepuram,2025-09-14 06:21:37,30_DAY_PREVENTIVE_ATTENTION,WATCH,72,HISTORICAL_SEASONAL_SURGE,NARVEX_TEMPORAL_BAYES_V2.1,Preventive attention indicator only; does not establish criminal activity.
FC-HIST-00893,30,Ramanathapuram,2024-12-30 18:40:22,30_DAY_PREVENTIVE_ATTENTION,WATCH,71,HISTORICAL_SEASONAL_SURGE,NARVEX_TEMPORAL_BAYES_V2.1,Preventive attention indicator only; does not establish criminal activity.
FC-HIST-00894,31,Virudhunagar,2024-12-09 18:31:45,30_DAY_PREVENTIVE_ATTENTION,WATCH,69,HIGHWAY_CHECKPOST_VELOCITY_BURST,NARVEX_TEMPORAL_BAYES_V2.1,Preventive attention indicator only; does not establish criminal activity.
FC-HIST-00895,22,Dharmapuri,2024-10-02 02:53:17,90_DAY_PREVENTIVE_ATTENTION,WATCH,66,HISTORICAL_SEASONAL_SURGE,NARVEX_TEMPORAL_BAYES_V2.1,Preventive attention indicator only; does not establish criminal activity.
FC-HIST-00896,11,Dindigul,2025-10-26 23:37:33,30_DAY_PREVENTIVE_ATTENTION,WATCH,68,HIGHWAY_CHECKPOST_VELOCITY_BURST,NARVEX_TEMPORAL_BAYES_V2.1,Preventive attention indicator only; does not establish criminal activity.
FC-HIST-00897,17,Chengalpattu,2026-04-26 01:55:23,90_DAY_PREVENTIVE_ATTENTION,INCREASING,78,HIGHWAY_CHECKPOST_VELOCITY_BURST,NARVEX_TEMPORAL_BAYES_V2.1,Preventive attention indicator only; does not establish criminal activity.
FC-HIST-00898,19,Cuddalore,2025-06-06 06:22:26,90_DAY_PREVENTIVE_ATTENTION,LOW,62,HISTORICAL_SEASONAL_SURGE,NARVEX_TEMPORAL_BAYES_V2.1,Preventive attention indicator only; does not establish criminal activity.
FC-HIST-00899,15,Tenkasi,2025-12-18 06:28:09,30_DAY_PREVENTIVE_ATTENTION,WATCH,68,CAMPUS_SECTOR_CLUSTER_EXPANSION,NARVEX_TEMPORAL_BAYES_V2.1,Preventive attention indicator only; does not establish criminal activity.
FC-HIST-00900,35,Mayiladuthurai,2024-10-02 01:34:32,30_DAY_PREVENTIVE_ATTENTION,LOW,58,HISTORICAL_SEASONAL_SURGE,NARVEX_TEMPORAL_BAYES_V2.1,Preventive attention indicator only; does not establish criminal activity.
FC-HIST-00901,28,Pudukkottai,2025-08-08 21:17:34,30_DAY_PREVENTIVE_ATTENTION,LOW,61,CAMPUS_SECTOR_CLUSTER_EXPANSION,NARVEX_TEMPORAL_BAYES_V2.1,Preventive attention indicator only; does not establish criminal activity.
FC-HIST-00902,26,Ariyalur,2026-01-22 12:11:12,30_DAY_PREVENTIVE_ATTENTION,INSUFFICIENT_DATA,42,HISTORICAL_SEASONAL_SURGE,NARVEX_TEMPORAL_BAYES_V2.1,Preventive attention indicator only; does not establish criminal activity.
FC-HIST-00903,12,Thanjavur,2026-07-29 09:47:00,30_DAY_PREVENTIVE_ATTENTION,LOW,64,HISTORICAL_SEASONAL_SURGE,NARVEX_TEMPORAL_BAYES_V2.1,Preventive attention indicator only; does not establish criminal activity.
FC-HIST-00904,22,Dharmapuri,2024-12-14 23:16:04,30_DAY_PREVENTIVE_ATTENTION,WATCH,66,HIGHWAY_CHECKPOST_VELOCITY_BURST,NARVEX_TEMPORAL_BAYES_V2.1,Preventive attention indicator only; does not establish criminal activity.
FC-HIST-00905,3,Madurai,2025-05-22 07:31:26,90_DAY_PREVENTIVE_ATTENTION,INCREASING,78,HISTORICAL_SEASONAL_SURGE,NARVEX_TEMPORAL_BAYES_V2.1,Preventive attention indicator only; does not establish criminal activity.
FC-HIST-00906,1,Chennai,2025-02-28 16:46:58,30_DAY_PREVENTIVE_ATTENTION,HIGH PREVENTIVE ATTENTION,84,CAMPUS_SECTOR_CLUSTER_EXPANSION,NARVEX_TEMPORAL_BAYES_V2.1,Preventive attention indicator only; does not establish criminal activity.
FC-HIST-00907,15,Tenkasi,2024-10-02 14:07:24,30_DAY_PREVENTIVE_ATTENTION,WATCH,68,CAMPUS_SECTOR_CLUSTER_EXPANSION,NARVEX_TEMPORAL_BAYES_V2.1,Preventive attention indicator only; does not establish criminal activity.
FC-HIST-00908,18,Tiruvallur,2025-08-12 17:54:34,30_DAY_PREVENTIVE_ATTENTION,INCREASING,80,CAMPUS_SECTOR_CLUSTER_EXPANSION,NARVEX_TEMPORAL_BAYES_V2.1,Preventive attention indicator only; does not establish criminal activity.
FC-HIST-00909,5,Tiruchirappalli,2026-08-16 05:19:07,30_DAY_PREVENTIVE_ATTENTION,WATCH,74,HIGHWAY_CHECKPOST_VELOCITY_BURST,NARVEX_TEMPORAL_BAYES_V2.1,Preventive attention indicator only; does not establish criminal activity.
FC-HIST-00910,24,Nilgiris,2026-01-11 04:04:14,90_DAY_PREVENTIVE_ATTENTION,WATCH,74,CAMPUS_SECTOR_CLUSTER_EXPANSION,NARVEX_TEMPORAL_BAYES_V2.1,Preventive attention indicator only; does not establish criminal activity.
FC-HIST-00911,35,Mayiladuthurai,2026-02-08 18:24:30,30_DAY_PREVENTIVE_ATTENTION,LOW,58,CAMPUS_SECTOR_CLUSTER_EXPANSION,NARVEX_TEMPORAL_BAYES_V2.1,Preventive attention indicator only; does not establish criminal activity.
FC-HIST-00912,28,Pudukkottai,2026-06-07 15:07:43,30_DAY_PREVENTIVE_ATTENTION,LOW,61,CAMPUS_SECTOR_CLUSTER_EXPANSION,NARVEX_TEMPORAL_BAYES_V2.1,Preventive attention indicator only; does not establish criminal activity.
FC-HIST-00913,17,Chengalpattu,2024-10-18 11:54:34,30_DAY_PREVENTIVE_ATTENTION,INCREASING,78,CAMPUS_SECTOR_CLUSTER_EXPANSION,NARVEX_TEMPORAL_BAYES_V2.1,Preventive attention indicator only; does not establish criminal activity.
FC-HIST-00914,13,Thoothukudi,2024-09-26 21:43:22,90_DAY_PREVENTIVE_ATTENTION,INCREASING,86,CAMPUS_SECTOR_CLUSTER_EXPANSION,NARVEX_TEMPORAL_BAYES_V2.1,Preventive attention indicator only; does not establish criminal activity.
FC-HIST-00915,10,Krishnagiri,2025-05-23 12:38:43,90_DAY_PREVENTIVE_ATTENTION,HIGH PREVENTIVE ATTENTION,85,CAMPUS_SECTOR_CLUSTER_EXPANSION,NARVEX_TEMPORAL_BAYES_V2.1,Preventive attention indicator only; does not establish criminal activity.
FC-HIST-00916,13,Thoothukudi,2026-02-07 19:00:24,30_DAY_PREVENTIVE_ATTENTION,INCREASING,86,HIGHWAY_CHECKPOST_VELOCITY_BURST,NARVEX_TEMPORAL_BAYES_V2.1,Preventive attention indicator only; does not establish criminal activity.
FC-HIST-00917,20,Viluppuram,2024-10-11 08:19:45,90_DAY_PREVENTIVE_ATTENTION,WATCH,65,CAMPUS_SECTOR_CLUSTER_EXPANSION,NARVEX_TEMPORAL_BAYES_V2.1,Preventive attention indicator only; does not establish criminal activity.
FC-HIST-00918,3,Madurai,2026-01-16 07:54:03,30_DAY_PREVENTIVE_ATTENTION,INCREASING,78,CAMPUS_SECTOR_CLUSTER_EXPANSION,NARVEX_TEMPORAL_BAYES_V2.1,Preventive attention indicator only; does not establish criminal activity.
FC-HIST-00919,13,Thoothukudi,2026-07-01 04:33:14,90_DAY_PREVENTIVE_ATTENTION,INCREASING,86,CAMPUS_SECTOR_CLUSTER_EXPANSION,NARVEX_TEMPORAL_BAYES_V2.1,Preventive attention indicator only; does not establish criminal activity.
FC-HIST-00920,27,Perambalur,2026-08-15 01:51:05,90_DAY_PREVENTIVE_ATTENTION,INSUFFICIENT_DATA,44,HIGHWAY_CHECKPOST_VELOCITY_BURST,NARVEX_TEMPORAL_BAYES_V2.1,Preventive attention indicator only; does not establish criminal activity.
FC-HIST-00921,5,Tiruchirappalli,2024-10-21 19:00:00,30_DAY_PREVENTIVE_ATTENTION,WATCH,74,CAMPUS_SECTOR_CLUSTER_EXPANSION,NARVEX_TEMPORAL_BAYES_V2.1,Preventive attention indicator only; does not establish criminal activity.
FC-HIST-00922,37,Tirupathur,2025-01-03 22:23:07,30_DAY_PREVENTIVE_ATTENTION,WATCH,67,HISTORICAL_SEASONAL_SURGE,NARVEX_TEMPORAL_BAYES_V2.1,Preventive attention indicator only; does not establish criminal activity.
FC-HIST-00923,35,Mayiladuthurai,2025-06-19 06:39:04,90_DAY_PREVENTIVE_ATTENTION,LOW,58,CAMPUS_SECTOR_CLUSTER_EXPANSION,NARVEX_TEMPORAL_BAYES_V2.1,Preventive attention indicator only; does not establish criminal activity.
FC-HIST-00924,24,Nilgiris,2025-01-21 13:42:38,30_DAY_PREVENTIVE_ATTENTION,WATCH,74,HIGHWAY_CHECKPOST_VELOCITY_BURST,NARVEX_TEMPORAL_BAYES_V2.1,Preventive attention indicator only; does not establish criminal activity.
FC-HIST-00925,29,Sivaganga,2025-02-21 09:00:31,90_DAY_PREVENTIVE_ATTENTION,LOW,59,CAMPUS_SECTOR_CLUSTER_EXPANSION,NARVEX_TEMPORAL_BAYES_V2.1,Preventive attention indicator only; does not establish criminal activity.
FC-HIST-00926,21,Kallakurichi,2026-01-17 14:47:25,90_DAY_PREVENTIVE_ATTENTION,LOW,58,HIGHWAY_CHECKPOST_VELOCITY_BURST,NARVEX_TEMPORAL_BAYES_V2.1,Preventive attention indicator only; does not establish criminal activity.
FC-HIST-00927,17,Chengalpattu,2025-06-25 00:32:47,30_DAY_PREVENTIVE_ATTENTION,INCREASING,78,HISTORICAL_SEASONAL_SURGE,NARVEX_TEMPORAL_BAYES_V2.1,Preventive attention indicator only; does not establish criminal activity.
FC-HIST-00928,18,Tiruvallur,2025-01-19 00:23:09,30_DAY_PREVENTIVE_ATTENTION,INCREASING,80,HIGHWAY_CHECKPOST_VELOCITY_BURST,NARVEX_TEMPORAL_BAYES_V2.1,Preventive attention indicator only; does not establish criminal activity.
FC-HIST-00929,13,Thoothukudi,2025-09-04 05:53:44,30_DAY_PREVENTIVE_ATTENTION,INCREASING,86,HIGHWAY_CHECKPOST_VELOCITY_BURST,NARVEX_TEMPORAL_BAYES_V2.1,Preventive attention indicator only; does not establish criminal activity.
FC-HIST-00930,10,Krishnagiri,2025-05-14 19:16:16,90_DAY_PREVENTIVE_ATTENTION,HIGH PREVENTIVE ATTENTION,85,HISTORICAL_SEASONAL_SURGE,NARVEX_TEMPORAL_BAYES_V2.1,Preventive attention indicator only; does not establish criminal activity.
FC-HIST-00931,34,Nagapattinam,2024-10-12 06:02:10,90_DAY_PREVENTIVE_ATTENTION,WATCH,68,CAMPUS_SECTOR_CLUSTER_EXPANSION,NARVEX_TEMPORAL_BAYES_V2.1,Preventive attention indicator only; does not establish criminal activity.
FC-HIST-00932,14,Kanniyakumari,2026-02-17 11:48:22,90_DAY_PREVENTIVE_ATTENTION,WATCH,70,CAMPUS_SECTOR_CLUSTER_EXPANSION,NARVEX_TEMPORAL_BAYES_V2.1,Preventive attention indicator only; does not establish criminal activity.
FC-HIST-00933,18,Tiruvallur,2025-01-17 10:24:15,90_DAY_PREVENTIVE_ATTENTION,INCREASING,80,CAMPUS_SECTOR_CLUSTER_EXPANSION,NARVEX_TEMPORAL_BAYES_V2.1,Preventive attention indicator only; does not establish criminal activity.
FC-HIST-00934,21,Kallakurichi,2025-10-22 05:58:10,30_DAY_PREVENTIVE_ATTENTION,LOW,58,CAMPUS_SECTOR_CLUSTER_EXPANSION,NARVEX_TEMPORAL_BAYES_V2.1,Preventive attention indicator only; does not establish criminal activity.
FC-HIST-00935,30,Ramanathapuram,2024-11-14 00:52:34,30_DAY_PREVENTIVE_ATTENTION,WATCH,71,CAMPUS_SECTOR_CLUSTER_EXPANSION,NARVEX_TEMPORAL_BAYES_V2.1,Preventive attention indicator only; does not establish criminal activity.
FC-HIST-00936,4,Salem,2024-10-23 12:41:36,30_DAY_PREVENTIVE_ATTENTION,INCREASING,82,HIGHWAY_CHECKPOST_VELOCITY_BURST,NARVEX_TEMPORAL_BAYES_V2.1,Preventive attention indicator only; does not establish criminal activity.
FC-HIST-00937,4,Salem,2025-05-23 03:08:45,30_DAY_PREVENTIVE_ATTENTION,INCREASING,82,CAMPUS_SECTOR_CLUSTER_EXPANSION,NARVEX_TEMPORAL_BAYES_V2.1,Preventive attention indicator only; does not establish criminal activity.
FC-HIST-00938,15,Tenkasi,2025-11-06 01:08:22,90_DAY_PREVENTIVE_ATTENTION,WATCH,68,HISTORICAL_SEASONAL_SURGE,NARVEX_TEMPORAL_BAYES_V2.1,Preventive attention indicator only; does not establish criminal activity.
FC-HIST-00939,23,Namakkal,2025-11-06 01:47:27,90_DAY_PREVENTIVE_ATTENTION,WATCH,68,HISTORICAL_SEASONAL_SURGE,NARVEX_TEMPORAL_BAYES_V2.1,Preventive attention indicator only; does not establish criminal activity.
FC-HIST-00940,26,Ariyalur,2025-06-27 03:05:07,90_DAY_PREVENTIVE_ATTENTION,INSUFFICIENT_DATA,42,HIGHWAY_CHECKPOST_VELOCITY_BURST,NARVEX_TEMPORAL_BAYES_V2.1,Preventive attention indicator only; does not establish criminal activity.
FC-HIST-00941,13,Thoothukudi,2025-11-26 06:59:08,90_DAY_PREVENTIVE_ATTENTION,INCREASING,86,HIGHWAY_CHECKPOST_VELOCITY_BURST,NARVEX_TEMPORAL_BAYES_V2.1,Preventive attention indicator only; does not establish criminal activity.
FC-HIST-00942,37,Tirupathur,2026-08-17 10:09:41,30_DAY_PREVENTIVE_ATTENTION,WATCH,67,HISTORICAL_SEASONAL_SURGE,NARVEX_TEMPORAL_BAYES_V2.1,Preventive attention indicator only; does not establish criminal activity.
FC-HIST-00943,24,Nilgiris,2025-12-06 12:23:29,90_DAY_PREVENTIVE_ATTENTION,WATCH,74,HISTORICAL_SEASONAL_SURGE,NARVEX_TEMPORAL_BAYES_V2.1,Preventive attention indicator only; does not establish criminal activity.
FC-HIST-00944,18,Tiruvallur,2026-06-05 16:30:37,90_DAY_PREVENTIVE_ATTENTION,INCREASING,80,HISTORICAL_SEASONAL_SURGE,NARVEX_TEMPORAL_BAYES_V2.1,Preventive attention indicator only; does not establish criminal activity.
FC-HIST-00945,23,Namakkal,2025-05-11 18:00:20,30_DAY_PREVENTIVE_ATTENTION,WATCH,68,CAMPUS_SECTOR_CLUSTER_EXPANSION,NARVEX_TEMPORAL_BAYES_V2.1,Preventive attention indicator only; does not establish criminal activity.
FC-HIST-00946,23,Namakkal,2026-04-24 13:03:33,30_DAY_PREVENTIVE_ATTENTION,WATCH,68,HISTORICAL_SEASONAL_SURGE,NARVEX_TEMPORAL_BAYES_V2.1,Preventive attention indicator only; does not establish criminal activity.
FC-HIST-00947,6,Tirunelveli,2025-05-20 21:38:07,90_DAY_PREVENTIVE_ATTENTION,WATCH,72,HISTORICAL_SEASONAL_SURGE,NARVEX_TEMPORAL_BAYES_V2.1,Preventive attention indicator only; does not establish criminal activity.
FC-HIST-00948,1,Chennai,2025-06-14 03:28:47,30_DAY_PREVENTIVE_ATTENTION,HIGH PREVENTIVE ATTENTION,84,HIGHWAY_CHECKPOST_VELOCITY_BURST,NARVEX_TEMPORAL_BAYES_V2.1,Preventive attention indicator only; does not establish criminal activity.
FC-HIST-00949,30,Ramanathapuram,2025-09-18 23:05:10,30_DAY_PREVENTIVE_ATTENTION,WATCH,71,HISTORICAL_SEASONAL_SURGE,NARVEX_TEMPORAL_BAYES_V2.1,Preventive attention indicator only; does not establish criminal activity.
FC-HIST-00950,18,Tiruvallur,2026-05-22 13:03:16,90_DAY_PREVENTIVE_ATTENTION,INCREASING,80,HIGHWAY_CHECKPOST_VELOCITY_BURST,NARVEX_TEMPORAL_BAYES_V2.1,Preventive attention indicator only; does not establish criminal activity.
FC-HIST-00951,15,Tenkasi,2025-05-18 16:05:17,30_DAY_PREVENTIVE_ATTENTION,WATCH,68,HISTORICAL_SEASONAL_SURGE,NARVEX_TEMPORAL_BAYES_V2.1,Preventive attention indicator only; does not establish criminal activity.
FC-HIST-00952,33,Thiruvarur,2025-04-21 21:49:59,30_DAY_PREVENTIVE_ATTENTION,LOW,56,HIGHWAY_CHECKPOST_VELOCITY_BURST,NARVEX_TEMPORAL_BAYES_V2.1,Preventive attention indicator only; does not establish criminal activity.
FC-HIST-00953,9,Vellore,2025-11-25 22:40:43,90_DAY_PREVENTIVE_ATTENTION,INCREASING,76,CAMPUS_SECTOR_CLUSTER_EXPANSION,NARVEX_TEMPORAL_BAYES_V2.1,Preventive attention indicator only; does not establish criminal activity.
FC-HIST-00954,4,Salem,2026-04-20 14:26:50,30_DAY_PREVENTIVE_ATTENTION,INCREASING,82,CAMPUS_SECTOR_CLUSTER_EXPANSION,NARVEX_TEMPORAL_BAYES_V2.1,Preventive attention indicator only; does not establish criminal activity.
FC-HIST-00955,36,Ranipet,2026-06-21 21:36:04,90_DAY_PREVENTIVE_ATTENTION,WATCH,72,HISTORICAL_SEASONAL_SURGE,NARVEX_TEMPORAL_BAYES_V2.1,Preventive attention indicator only; does not establish criminal activity.
FC-HIST-00956,10,Krishnagiri,2026-02-26 09:17:07,30_DAY_PREVENTIVE_ATTENTION,HIGH PREVENTIVE ATTENTION,85,CAMPUS_SECTOR_CLUSTER_EXPANSION,NARVEX_TEMPORAL_BAYES_V2.1,Preventive attention indicator only; does not establish criminal activity.
FC-HIST-00957,13,Thoothukudi,2025-03-17 00:15:16,30_DAY_PREVENTIVE_ATTENTION,INCREASING,86,HISTORICAL_SEASONAL_SURGE,NARVEX_TEMPORAL_BAYES_V2.1,Preventive attention indicator only; does not establish criminal activity.
FC-HIST-00958,6,Tirunelveli,2025-11-04 10:16:26,30_DAY_PREVENTIVE_ATTENTION,WATCH,72,HIGHWAY_CHECKPOST_VELOCITY_BURST,NARVEX_TEMPORAL_BAYES_V2.1,Preventive attention indicator only; does not establish criminal activity.
FC-HIST-00959,2,Coimbatore,2024-11-09 13:15:23,30_DAY_PREVENTIVE_ATTENTION,HIGH PREVENTIVE ATTENTION,88,HISTORICAL_SEASONAL_SURGE,NARVEX_TEMPORAL_BAYES_V2.1,Preventive attention indicator only; does not establish criminal activity.
FC-HIST-00960,7,Erode,2025-04-02 19:29:26,90_DAY_PREVENTIVE_ATTENTION,WATCH,75,HIGHWAY_CHECKPOST_VELOCITY_BURST,NARVEX_TEMPORAL_BAYES_V2.1,Preventive attention indicator only; does not establish criminal activity.
FC-HIST-00961,25,Karur,2026-08-02 19:47:03,90_DAY_PREVENTIVE_ATTENTION,LOW,60,HISTORICAL_SEASONAL_SURGE,NARVEX_TEMPORAL_BAYES_V2.1,Preventive attention indicator only; does not establish criminal activity.
FC-HIST-00962,8,Tiruppur,2025-04-10 18:07:53,30_DAY_PREVENTIVE_ATTENTION,INCREASING,80,CAMPUS_SECTOR_CLUSTER_EXPANSION,NARVEX_TEMPORAL_BAYES_V2.1,Preventive attention indicator only; does not establish criminal activity.
FC-HIST-00963,13,Thoothukudi,2026-02-22 21:37:27,30_DAY_PREVENTIVE_ATTENTION,INCREASING,86,CAMPUS_SECTOR_CLUSTER_EXPANSION,NARVEX_TEMPORAL_BAYES_V2.1,Preventive attention indicator only; does not establish criminal activity.
FC-HIST-00964,11,Dindigul,2024-11-07 17:39:13,30_DAY_PREVENTIVE_ATTENTION,WATCH,68,CAMPUS_SECTOR_CLUSTER_EXPANSION,NARVEX_TEMPORAL_BAYES_V2.1,Preventive attention indicator only; does not establish criminal activity.
FC-HIST-00965,20,Viluppuram,2026-02-23 19:05:56,90_DAY_PREVENTIVE_ATTENTION,WATCH,65,CAMPUS_SECTOR_CLUSTER_EXPANSION,NARVEX_TEMPORAL_BAYES_V2.1,Preventive attention indicator only; does not establish criminal activity.
FC-HIST-00966,21,Kallakurichi,2026-01-10 20:48:19,90_DAY_PREVENTIVE_ATTENTION,LOW,58,HISTORICAL_SEASONAL_SURGE,NARVEX_TEMPORAL_BAYES_V2.1,Preventive attention indicator only; does not establish criminal activity.
FC-HIST-00967,19,Cuddalore,2025-06-20 01:53:33,30_DAY_PREVENTIVE_ATTENTION,LOW,62,HISTORICAL_SEASONAL_SURGE,NARVEX_TEMPORAL_BAYES_V2.1,Preventive attention indicator only; does not establish criminal activity.
FC-HIST-00968,12,Thanjavur,2025-07-26 13:29:11,90_DAY_PREVENTIVE_ATTENTION,LOW,64,HISTORICAL_SEASONAL_SURGE,NARVEX_TEMPORAL_BAYES_V2.1,Preventive attention indicator only; does not establish criminal activity.
FC-HIST-00969,24,Nilgiris,2026-04-14 17:42:59,30_DAY_PREVENTIVE_ATTENTION,WATCH,74,CAMPUS_SECTOR_CLUSTER_EXPANSION,NARVEX_TEMPORAL_BAYES_V2.1,Preventive attention indicator only; does not establish criminal activity.
FC-HIST-00970,35,Mayiladuthurai,2025-01-22 04:28:33,90_DAY_PREVENTIVE_ATTENTION,LOW,58,HIGHWAY_CHECKPOST_VELOCITY_BURST,NARVEX_TEMPORAL_BAYES_V2.1,Preventive attention indicator only; does not establish criminal activity.
FC-HIST-00971,7,Erode,2026-01-17 18:03:13,90_DAY_PREVENTIVE_ATTENTION,WATCH,75,HIGHWAY_CHECKPOST_VELOCITY_BURST,NARVEX_TEMPORAL_BAYES_V2.1,Preventive attention indicator only; does not establish criminal activity.
FC-HIST-00972,1,Chennai,2025-10-05 03:54:50,30_DAY_PREVENTIVE_ATTENTION,HIGH PREVENTIVE ATTENTION,84,CAMPUS_SECTOR_CLUSTER_EXPANSION,NARVEX_TEMPORAL_BAYES_V2.1,Preventive attention indicator only; does not establish criminal activity.
FC-HIST-00973,4,Salem,2025-11-06 04:21:06,90_DAY_PREVENTIVE_ATTENTION,INCREASING,82,CAMPUS_SECTOR_CLUSTER_EXPANSION,NARVEX_TEMPORAL_BAYES_V2.1,Preventive attention indicator only; does not establish criminal activity.
FC-HIST-00974,32,Theni,2025-01-28 17:48:03,30_DAY_PREVENTIVE_ATTENTION,INCREASING,73,HIGHWAY_CHECKPOST_VELOCITY_BURST,NARVEX_TEMPORAL_BAYES_V2.1,Preventive attention indicator only; does not establish criminal activity.
FC-HIST-00975,28,Pudukkottai,2026-01-02 11:22:03,30_DAY_PREVENTIVE_ATTENTION,LOW,61,CAMPUS_SECTOR_CLUSTER_EXPANSION,NARVEX_TEMPORAL_BAYES_V2.1,Preventive attention indicator only; does not establish criminal activity.
FC-HIST-00976,38,Tiruvannamalai,2025-06-09 20:53:18,30_DAY_PREVENTIVE_ATTENTION,WATCH,70,HISTORICAL_SEASONAL_SURGE,NARVEX_TEMPORAL_BAYES_V2.1,Preventive attention indicator only; does not establish criminal activity.
FC-HIST-00977,27,Perambalur,2026-04-12 05:52:26,90_DAY_PREVENTIVE_ATTENTION,INSUFFICIENT_DATA,44,CAMPUS_SECTOR_CLUSTER_EXPANSION,NARVEX_TEMPORAL_BAYES_V2.1,Preventive attention indicator only; does not establish criminal activity.
FC-HIST-00978,17,Chengalpattu,2025-04-01 13:25:37,90_DAY_PREVENTIVE_ATTENTION,INCREASING,78,HISTORICAL_SEASONAL_SURGE,NARVEX_TEMPORAL_BAYES_V2.1,Preventive attention indicator only; does not establish criminal activity.
FC-HIST-00979,27,Perambalur,2025-12-19 14:33:03,90_DAY_PREVENTIVE_ATTENTION,INSUFFICIENT_DATA,44,CAMPUS_SECTOR_CLUSTER_EXPANSION,NARVEX_TEMPORAL_BAYES_V2.1,Preventive attention indicator only; does not establish criminal activity.
FC-HIST-00980,7,Erode,2026-03-15 16:40:36,30_DAY_PREVENTIVE_ATTENTION,WATCH,75,CAMPUS_SECTOR_CLUSTER_EXPANSION,NARVEX_TEMPORAL_BAYES_V2.1,Preventive attention indicator only; does not establish criminal activity.
FC-HIST-00981,15,Tenkasi,2024-11-02 17:35:39,30_DAY_PREVENTIVE_ATTENTION,WATCH,68,HIGHWAY_CHECKPOST_VELOCITY_BURST,NARVEX_TEMPORAL_BAYES_V2.1,Preventive attention indicator only; does not establish criminal activity.
FC-HIST-00982,31,Virudhunagar,2025-05-29 11:40:54,30_DAY_PREVENTIVE_ATTENTION,WATCH,69,CAMPUS_SECTOR_CLUSTER_EXPANSION,NARVEX_TEMPORAL_BAYES_V2.1,Preventive attention indicator only; does not establish criminal activity.
FC-HIST-00983,5,Tiruchirappalli,2025-06-30 07:00:47,90_DAY_PREVENTIVE_ATTENTION,WATCH,74,CAMPUS_SECTOR_CLUSTER_EXPANSION,NARVEX_TEMPORAL_BAYES_V2.1,Preventive attention indicator only; does not establish criminal activity.
FC-HIST-00984,30,Ramanathapuram,2024-10-18 13:16:50,90_DAY_PREVENTIVE_ATTENTION,WATCH,71,CAMPUS_SECTOR_CLUSTER_EXPANSION,NARVEX_TEMPORAL_BAYES_V2.1,Preventive attention indicator only; does not establish criminal activity.
FC-HIST-00985,37,Tirupathur,2026-02-15 07:32:46,90_DAY_PREVENTIVE_ATTENTION,WATCH,67,HIGHWAY_CHECKPOST_VELOCITY_BURST,NARVEX_TEMPORAL_BAYES_V2.1,Preventive attention indicator only; does not establish criminal activity.
FC-HIST-00986,27,Perambalur,2025-07-10 04:56:53,30_DAY_PREVENTIVE_ATTENTION,INSUFFICIENT_DATA,44,HIGHWAY_CHECKPOST_VELOCITY_BURST,NARVEX_TEMPORAL_BAYES_V2.1,Preventive attention indicator only; does not establish criminal activity.
FC-HIST-00987,14,Kanniyakumari,2025-06-25 16:58:05,90_DAY_PREVENTIVE_ATTENTION,WATCH,70,HISTORICAL_SEASONAL_SURGE,NARVEX_TEMPORAL_BAYES_V2.1,Preventive attention indicator only; does not establish criminal activity.
FC-HIST-00988,14,Kanniyakumari,2025-03-24 15:13:56,30_DAY_PREVENTIVE_ATTENTION,WATCH,70,HISTORICAL_SEASONAL_SURGE,NARVEX_TEMPORAL_BAYES_V2.1,Preventive attention indicator only; does not establish criminal activity.
FC-HIST-00989,7,Erode,2025-05-24 08:58:44,30_DAY_PREVENTIVE_ATTENTION,WATCH,75,CAMPUS_SECTOR_CLUSTER_EXPANSION,NARVEX_TEMPORAL_BAYES_V2.1,Preventive attention indicator only; does not establish criminal activity.
FC-HIST-00990,36,Ranipet,2026-03-31 10:57:14,30_DAY_PREVENTIVE_ATTENTION,WATCH,72,HIGHWAY_CHECKPOST_VELOCITY_BURST,NARVEX_TEMPORAL_BAYES_V2.1,Preventive attention indicator only; does not establish criminal activity.
FC-HIST-00991,9,Vellore,2026-04-07 07:14:26,30_DAY_PREVENTIVE_ATTENTION,INCREASING,76,HISTORICAL_SEASONAL_SURGE,NARVEX_TEMPORAL_BAYES_V2.1,Preventive attention indicator only; does not establish criminal activity.
FC-HIST-00992,22,Dharmapuri,2024-12-06 10:13:41,30_DAY_PREVENTIVE_ATTENTION,WATCH,66,HISTORICAL_SEASONAL_SURGE,NARVEX_TEMPORAL_BAYES_V2.1,Preventive attention indicator only; does not establish criminal activity.
FC-HIST-00993,36,Ranipet,2024-12-24 10:14:43,30_DAY_PREVENTIVE_ATTENTION,WATCH,72,CAMPUS_SECTOR_CLUSTER_EXPANSION,NARVEX_TEMPORAL_BAYES_V2.1,Preventive attention indicator only; does not establish criminal activity.
FC-HIST-00994,14,Kanniyakumari,2025-11-22 12:25:30,90_DAY_PREVENTIVE_ATTENTION,WATCH,70,HIGHWAY_CHECKPOST_VELOCITY_BURST,NARVEX_TEMPORAL_BAYES_V2.1,Preventive attention indicator only; does not establish criminal activity.
FC-HIST-00995,23,Namakkal,2025-09-27 20:43:57,90_DAY_PREVENTIVE_ATTENTION,WATCH,68,CAMPUS_SECTOR_CLUSTER_EXPANSION,NARVEX_TEMPORAL_BAYES_V2.1,Preventive attention indicator only; does not establish criminal activity.
FC-HIST-00996,5,Tiruchirappalli,2025-11-19 02:51:17,90_DAY_PREVENTIVE_ATTENTION,WATCH,74,CAMPUS_SECTOR_CLUSTER_EXPANSION,NARVEX_TEMPORAL_BAYES_V2.1,Preventive attention indicator only; does not establish criminal activity.
FC-HIST-00997,6,Tirunelveli,2025-09-02 08:37:21,90_DAY_PREVENTIVE_ATTENTION,WATCH,72,HIGHWAY_CHECKPOST_VELOCITY_BURST,NARVEX_TEMPORAL_BAYES_V2.1,Preventive attention indicator only; does not establish criminal activity.
FC-HIST-00998,20,Viluppuram,2026-05-27 03:10:34,90_DAY_PREVENTIVE_ATTENTION,WATCH,65,CAMPUS_SECTOR_CLUSTER_EXPANSION,NARVEX_TEMPORAL_BAYES_V2.1,Preventive attention indicator only; does not establish criminal activity.
FC-HIST-00999,32,Theni,2026-03-26 19:10:46,30_DAY_PREVENTIVE_ATTENTION,INCREASING,73,HISTORICAL_SEASONAL_SURGE,NARVEX_TEMPORAL_BAYES_V2.1,Preventive attention indicator only; does not establish criminal activity.
FC-HIST-01000,34,Nagapattinam,2025-02-07 12:29:29,90_DAY_PREVENTIVE_ATTENTION,WATCH,68,CAMPUS_SECTOR_CLUSTER_EXPANSION,NARVEX_TEMPORAL_BAYES_V2.1,Preventive attention indicator only; does not establish criminal activity.
FC-HIST-01001,23,Namakkal,2025-09-21 21:17:59,90_DAY_PREVENTIVE_ATTENTION,WATCH,68,HISTORICAL_SEASONAL_SURGE,NARVEX_TEMPORAL_BAYES_V2.1,Preventive attention indicator only; does not establish criminal activity.
FC-HIST-01002,32,Theni,2025-01-28 02:52:57,30_DAY_PREVENTIVE_ATTENTION,INCREASING,73,HISTORICAL_SEASONAL_SURGE,NARVEX_TEMPORAL_BAYES_V2.1,Preventive attention indicator only; does not establish criminal activity.
FC-HIST-01003,25,Karur,2025-09-18 00:55:03,30_DAY_PREVENTIVE_ATTENTION,LOW,60,CAMPUS_SECTOR_CLUSTER_EXPANSION,NARVEX_TEMPORAL_BAYES_V2.1,Preventive attention indicator only; does not establish criminal activity.
FC-HIST-01004,31,Virudhunagar,2026-02-27 19:45:22,30_DAY_PREVENTIVE_ATTENTION,WATCH,69,CAMPUS_SECTOR_CLUSTER_EXPANSION,NARVEX_TEMPORAL_BAYES_V2.1,Preventive attention indicator only; does not establish criminal activity.
FC-HIST-01005,25,Karur,2024-12-18 12:11:06,90_DAY_PREVENTIVE_ATTENTION,LOW,60,HIGHWAY_CHECKPOST_VELOCITY_BURST,NARVEX_TEMPORAL_BAYES_V2.1,Preventive attention indicator only; does not establish criminal activity.
FC-HIST-01006,2,Coimbatore,2026-04-17 12:07:13,90_DAY_PREVENTIVE_ATTENTION,HIGH PREVENTIVE ATTENTION,88,HIGHWAY_CHECKPOST_VELOCITY_BURST,NARVEX_TEMPORAL_BAYES_V2.1,Preventive attention indicator only; does not establish criminal activity.
FC-HIST-01007,24,Nilgiris,2025-02-03 12:26:24,90_DAY_PREVENTIVE_ATTENTION,WATCH,74,HIGHWAY_CHECKPOST_VELOCITY_BURST,NARVEX_TEMPORAL_BAYES_V2.1,Preventive attention indicator only; does not establish criminal activity.
FC-HIST-01008,36,Ranipet,2026-05-31 13:49:12,30_DAY_PREVENTIVE_ATTENTION,WATCH,72,HISTORICAL_SEASONAL_SURGE,NARVEX_TEMPORAL_BAYES_V2.1,Preventive attention indicator only; does not establish criminal activity.
FC-HIST-01009,35,Mayiladuthurai,2025-04-15 13:21:38,90_DAY_PREVENTIVE_ATTENTION,LOW,58,HIGHWAY_CHECKPOST_VELOCITY_BURST,NARVEX_TEMPORAL_BAYES_V2.1,Preventive attention indicator only; does not establish criminal activity.
FC-HIST-01010,21,Kallakurichi,2024-12-04 09:13:36,90_DAY_PREVENTIVE_ATTENTION,LOW,58,HIGHWAY_CHECKPOST_VELOCITY_BURST,NARVEX_TEMPORAL_BAYES_V2.1,Preventive attention indicator only; does not establish criminal activity.
FC-HIST-01011,5,Tiruchirappalli,2025-10-01 11:08:19,30_DAY_PREVENTIVE_ATTENTION,WATCH,74,HISTORICAL_SEASONAL_SURGE,NARVEX_TEMPORAL_BAYES_V2.1,Preventive attention indicator only; does not establish criminal activity.
FC-HIST-01012,16,Kancheepuram,2025-12-16 09:36:27,90_DAY_PREVENTIVE_ATTENTION,WATCH,72,HIGHWAY_CHECKPOST_VELOCITY_BURST,NARVEX_TEMPORAL_BAYES_V2.1,Preventive attention indicator only; does not establish criminal activity.
FC-HIST-01013,4,Salem,2025-02-15 12:58:06,90_DAY_PREVENTIVE_ATTENTION,INCREASING,82,CAMPUS_SECTOR_CLUSTER_EXPANSION,NARVEX_TEMPORAL_BAYES_V2.1,Preventive attention indicator only; does not establish criminal activity.
FC-HIST-01014,27,Perambalur,2025-02-18 19:26:46,90_DAY_PREVENTIVE_ATTENTION,INSUFFICIENT_DATA,44,HIGHWAY_CHECKPOST_VELOCITY_BURST,NARVEX_TEMPORAL_BAYES_V2.1,Preventive attention indicator only; does not establish criminal activity.
FC-HIST-01015,25,Karur,2026-04-11 04:10:08,30_DAY_PREVENTIVE_ATTENTION,LOW,60,HISTORICAL_SEASONAL_SURGE,NARVEX_TEMPORAL_BAYES_V2.1,Preventive attention indicator only; does not establish criminal activity.
FC-HIST-01016,6,Tirunelveli,2025-12-14 14:49:31,90_DAY_PREVENTIVE_ATTENTION,WATCH,72,CAMPUS_SECTOR_CLUSTER_EXPANSION,NARVEX_TEMPORAL_BAYES_V2.1,Preventive attention indicator only; does not establish criminal activity.
FC-HIST-01017,7,Erode,2025-07-31 12:03:17,30_DAY_PREVENTIVE_ATTENTION,WATCH,75,CAMPUS_SECTOR_CLUSTER_EXPANSION,NARVEX_TEMPORAL_BAYES_V2.1,Preventive attention indicator only; does not establish criminal activity.
FC-HIST-01018,37,Tirupathur,2026-04-22 17:29:42,30_DAY_PREVENTIVE_ATTENTION,WATCH,67,CAMPUS_SECTOR_CLUSTER_EXPANSION,NARVEX_TEMPORAL_BAYES_V2.1,Preventive attention indicator only; does not establish criminal activity.
FC-HIST-01019,12,Thanjavur,2025-07-20 17:22:02,30_DAY_PREVENTIVE_ATTENTION,LOW,64,CAMPUS_SECTOR_CLUSTER_EXPANSION,NARVEX_TEMPORAL_BAYES_V2.1,Preventive attention indicator only; does not establish criminal activity.
FC-HIST-01020,12,Thanjavur,2025-02-02 22:11:37,90_DAY_PREVENTIVE_ATTENTION,LOW,64,HISTORICAL_SEASONAL_SURGE,NARVEX_TEMPORAL_BAYES_V2.1,Preventive attention indicator only; does not establish criminal activity.
FC-HIST-01021,11,Dindigul,2024-12-31 20:02:02,30_DAY_PREVENTIVE_ATTENTION,WATCH,68,HISTORICAL_SEASONAL_SURGE,NARVEX_TEMPORAL_BAYES_V2.1,Preventive attention indicator only; does not establish criminal activity.
FC-HIST-01022,16,Kancheepuram,2026-07-15 05:48:46,90_DAY_PREVENTIVE_ATTENTION,WATCH,72,HIGHWAY_CHECKPOST_VELOCITY_BURST,NARVEX_TEMPORAL_BAYES_V2.1,Preventive attention indicator only; does not establish criminal activity.
FC-HIST-01023,12,Thanjavur,2026-04-29 04:08:37,30_DAY_PREVENTIVE_ATTENTION,LOW,64,HIGHWAY_CHECKPOST_VELOCITY_BURST,NARVEX_TEMPORAL_BAYES_V2.1,Preventive attention indicator only; does not establish criminal activity.
FC-HIST-01024,4,Salem,2025-01-15 16:45:21,30_DAY_PREVENTIVE_ATTENTION,INCREASING,82,CAMPUS_SECTOR_CLUSTER_EXPANSION,NARVEX_TEMPORAL_BAYES_V2.1,Preventive attention indicator only; does not establish criminal activity.
FC-HIST-01025,36,Ranipet,2026-06-16 18:59:06,90_DAY_PREVENTIVE_ATTENTION,WATCH,72,HIGHWAY_CHECKPOST_VELOCITY_BURST,NARVEX_TEMPORAL_BAYES_V2.1,Preventive attention indicator only; does not establish criminal activity.
FC-HIST-01026,31,Virudhunagar,2024-12-29 05:34:03,30_DAY_PREVENTIVE_ATTENTION,WATCH,69,HIGHWAY_CHECKPOST_VELOCITY_BURST,NARVEX_TEMPORAL_BAYES_V2.1,Preventive attention indicator only; does not establish criminal activity.
FC-HIST-01027,22,Dharmapuri,2025-10-07 18:20:50,90_DAY_PREVENTIVE_ATTENTION,WATCH,66,HISTORICAL_SEASONAL_SURGE,NARVEX_TEMPORAL_BAYES_V2.1,Preventive attention indicator only; does not establish criminal activity.
FC-HIST-01028,32,Theni,2026-05-09 17:21:24,30_DAY_PREVENTIVE_ATTENTION,INCREASING,73,HIGHWAY_CHECKPOST_VELOCITY_BURST,NARVEX_TEMPORAL_BAYES_V2.1,Preventive attention indicator only; does not establish criminal activity.
FC-HIST-01029,6,Tirunelveli,2025-01-18 14:17:18,90_DAY_PREVENTIVE_ATTENTION,WATCH,72,HISTORICAL_SEASONAL_SURGE,NARVEX_TEMPORAL_BAYES_V2.1,Preventive attention indicator only; does not establish criminal activity.
FC-HIST-01030,36,Ranipet,2026-01-08 15:01:09,90_DAY_PREVENTIVE_ATTENTION,WATCH,72,HISTORICAL_SEASONAL_SURGE,NARVEX_TEMPORAL_BAYES_V2.1,Preventive attention indicator only; does not establish criminal activity.
FC-HIST-01031,20,Viluppuram,2026-04-15 07:51:42,90_DAY_PREVENTIVE_ATTENTION,WATCH,65,HIGHWAY_CHECKPOST_VELOCITY_BURST,NARVEX_TEMPORAL_BAYES_V2.1,Preventive attention indicator only; does not establish criminal activity.
FC-HIST-01032,8,Tiruppur,2025-05-04 20:44:07,30_DAY_PREVENTIVE_ATTENTION,INCREASING,80,CAMPUS_SECTOR_CLUSTER_EXPANSION,NARVEX_TEMPORAL_BAYES_V2.1,Preventive attention indicator only; does not establish criminal activity.
FC-HIST-01033,1,Chennai,2026-03-19 06:36:25,30_DAY_PREVENTIVE_ATTENTION,HIGH PREVENTIVE ATTENTION,84,CAMPUS_SECTOR_CLUSTER_EXPANSION,NARVEX_TEMPORAL_BAYES_V2.1,Preventive attention indicator only; does not establish criminal activity.
FC-HIST-01034,37,Tirupathur,2026-08-15 10:28:07,90_DAY_PREVENTIVE_ATTENTION,WATCH,67,HIGHWAY_CHECKPOST_VELOCITY_BURST,NARVEX_TEMPORAL_BAYES_V2.1,Preventive attention indicator only; does not establish criminal activity.
FC-HIST-01035,25,Karur,2026-01-28 05:54:52,90_DAY_PREVENTIVE_ATTENTION,LOW,60,CAMPUS_SECTOR_CLUSTER_EXPANSION,NARVEX_TEMPORAL_BAYES_V2.1,Preventive attention indicator only; does not establish criminal activity.
FC-HIST-01036,8,Tiruppur,2025-06-18 03:08:12,90_DAY_PREVENTIVE_ATTENTION,INCREASING,80,CAMPUS_SECTOR_CLUSTER_EXPANSION,NARVEX_TEMPORAL_BAYES_V2.1,Preventive attention indicator only; does not establish criminal activity.
FC-HIST-01037,14,Kanniyakumari,2025-11-21 15:31:46,30_DAY_PREVENTIVE_ATTENTION,WATCH,70,CAMPUS_SECTOR_CLUSTER_EXPANSION,NARVEX_TEMPORAL_BAYES_V2.1,Preventive attention indicator only; does not establish criminal activity.
FC-HIST-01038,29,Sivaganga,2025-12-11 08:44:27,90_DAY_PREVENTIVE_ATTENTION,LOW,59,HIGHWAY_CHECKPOST_VELOCITY_BURST,NARVEX_TEMPORAL_BAYES_V2.1,Preventive attention indicator only; does not establish criminal activity.
FC-HIST-01039,36,Ranipet,2025-04-01 07:09:48,30_DAY_PREVENTIVE_ATTENTION,WATCH,72,HISTORICAL_SEASONAL_SURGE,NARVEX_TEMPORAL_BAYES_V2.1,Preventive attention indicator only; does not establish criminal activity.
FC-HIST-01040,12,Thanjavur,2026-08-13 18:04:32,30_DAY_PREVENTIVE_ATTENTION,LOW,64,CAMPUS_SECTOR_CLUSTER_EXPANSION,NARVEX_TEMPORAL_BAYES_V2.1,Preventive attention indicator only; does not establish criminal activity.
FC-HIST-01041,30,Ramanathapuram,2026-08-13 20:27:12,90_DAY_PREVENTIVE_ATTENTION,WATCH,71,HISTORICAL_SEASONAL_SURGE,NARVEX_TEMPORAL_BAYES_V2.1,Preventive attention indicator only; does not establish criminal activity.
FC-HIST-01042,29,Sivaganga,2025-11-07 22:21:52,30_DAY_PREVENTIVE_ATTENTION,LOW,59,HIGHWAY_CHECKPOST_VELOCITY_BURST,NARVEX_TEMPORAL_BAYES_V2.1,Preventive attention indicator only; does not establish criminal activity.
FC-HIST-01043,9,Vellore,2025-07-29 07:01:56,90_DAY_PREVENTIVE_ATTENTION,INCREASING,76,CAMPUS_SECTOR_CLUSTER_EXPANSION,NARVEX_TEMPORAL_BAYES_V2.1,Preventive attention indicator only; does not establish criminal activity.
FC-HIST-01044,5,Tiruchirappalli,2024-12-11 15:09:00,90_DAY_PREVENTIVE_ATTENTION,WATCH,74,HIGHWAY_CHECKPOST_VELOCITY_BURST,NARVEX_TEMPORAL_BAYES_V2.1,Preventive attention indicator only; does not establish criminal activity.
FC-HIST-01045,2,Coimbatore,2025-12-20 14:29:05,90_DAY_PREVENTIVE_ATTENTION,HIGH PREVENTIVE ATTENTION,88,CAMPUS_SECTOR_CLUSTER_EXPANSION,NARVEX_TEMPORAL_BAYES_V2.1,Preventive attention indicator only; does not establish criminal activity.
FC-HIST-01046,38,Tiruvannamalai,2025-09-24 13:53:01,90_DAY_PREVENTIVE_ATTENTION,WATCH,70,HISTORICAL_SEASONAL_SURGE,NARVEX_TEMPORAL_BAYES_V2.1,Preventive attention indicator only; does not establish criminal activity.
FC-HIST-01047,38,Tiruvannamalai,2026-06-07 10:45:55,90_DAY_PREVENTIVE_ATTENTION,WATCH,70,CAMPUS_SECTOR_CLUSTER_EXPANSION,NARVEX_TEMPORAL_BAYES_V2.1,Preventive attention indicator only; does not establish criminal activity.
FC-HIST-01048,22,Dharmapuri,2024-12-24 07:37:14,90_DAY_PREVENTIVE_ATTENTION,WATCH,66,CAMPUS_SECTOR_CLUSTER_EXPANSION,NARVEX_TEMPORAL_BAYES_V2.1,Preventive attention indicator only; does not establish criminal activity.
FC-HIST-01049,30,Ramanathapuram,2025-07-11 19:02:33,30_DAY_PREVENTIVE_ATTENTION,WATCH,71,HISTORICAL_SEASONAL_SURGE,NARVEX_TEMPORAL_BAYES_V2.1,Preventive attention indicator only; does not establish criminal activity.
FC-HIST-01050,6,Tirunelveli,2025-02-23 12:50:55,90_DAY_PREVENTIVE_ATTENTION,WATCH,72,HIGHWAY_CHECKPOST_VELOCITY_BURST,NARVEX_TEMPORAL_BAYES_V2.1,Preventive attention indicator only; does not establish criminal activity.
FC-HIST-01051,21,Kallakurichi,2025-08-02 21:13:46,90_DAY_PREVENTIVE_ATTENTION,LOW,58,HISTORICAL_SEASONAL_SURGE,NARVEX_TEMPORAL_BAYES_V2.1,Preventive attention indicator only; does not establish criminal activity.
FC-HIST-01052,25,Karur,2025-01-28 20:49:28,90_DAY_PREVENTIVE_ATTENTION,LOW,60,HIGHWAY_CHECKPOST_VELOCITY_BURST,NARVEX_TEMPORAL_BAYES_V2.1,Preventive attention indicator only; does not establish criminal activity.
FC-HIST-01053,19,Cuddalore,2025-10-09 18:22:28,90_DAY_PREVENTIVE_ATTENTION,LOW,62,HIGHWAY_CHECKPOST_VELOCITY_BURST,NARVEX_TEMPORAL_BAYES_V2.1,Preventive attention indicator only; does not establish criminal activity.
FC-HIST-01054,2,Coimbatore,2025-04-11 06:50:42,30_DAY_PREVENTIVE_ATTENTION,HIGH PREVENTIVE ATTENTION,88,HIGHWAY_CHECKPOST_VELOCITY_BURST,NARVEX_TEMPORAL_BAYES_V2.1,Preventive attention indicator only; does not establish criminal activity.
FC-HIST-01055,2,Coimbatore,2026-05-23 21:22:58,90_DAY_PREVENTIVE_ATTENTION,HIGH PREVENTIVE ATTENTION,88,CAMPUS_SECTOR_CLUSTER_EXPANSION,NARVEX_TEMPORAL_BAYES_V2.1,Preventive attention indicator only; does not establish criminal activity.
FC-HIST-01056,30,Ramanathapuram,2025-09-16 23:06:08,30_DAY_PREVENTIVE_ATTENTION,WATCH,71,HIGHWAY_CHECKPOST_VELOCITY_BURST,NARVEX_TEMPORAL_BAYES_V2.1,Preventive attention indicator only; does not establish criminal activity.
FC-HIST-01057,14,Kanniyakumari,2026-04-07 13:33:32,30_DAY_PREVENTIVE_ATTENTION,WATCH,70,HISTORICAL_SEASONAL_SURGE,NARVEX_TEMPORAL_BAYES_V2.1,Preventive attention indicator only; does not establish criminal activity.
FC-HIST-01058,36,Ranipet,2025-08-18 07:11:47,90_DAY_PREVENTIVE_ATTENTION,WATCH,72,HISTORICAL_SEASONAL_SURGE,NARVEX_TEMPORAL_BAYES_V2.1,Preventive attention indicator only; does not establish criminal activity.
FC-HIST-01059,30,Ramanathapuram,2025-07-19 21:11:06,90_DAY_PREVENTIVE_ATTENTION,WATCH,71,HISTORICAL_SEASONAL_SURGE,NARVEX_TEMPORAL_BAYES_V2.1,Preventive attention indicator only; does not establish criminal activity.
FC-HIST-01060,24,Nilgiris,2025-11-13 09:59:25,90_DAY_PREVENTIVE_ATTENTION,WATCH,74,CAMPUS_SECTOR_CLUSTER_EXPANSION,NARVEX_TEMPORAL_BAYES_V2.1,Preventive attention indicator only; does not establish criminal activity.
FC-HIST-01061,32,Theni,2025-08-17 09:28:24,30_DAY_PREVENTIVE_ATTENTION,INCREASING,73,HIGHWAY_CHECKPOST_VELOCITY_BURST,NARVEX_TEMPORAL_BAYES_V2.1,Preventive attention indicator only; does not establish criminal activity.
FC-HIST-01062,33,Thiruvarur,2025-06-20 19:46:55,30_DAY_PREVENTIVE_ATTENTION,LOW,56,CAMPUS_SECTOR_CLUSTER_EXPANSION,NARVEX_TEMPORAL_BAYES_V2.1,Preventive attention indicator only; does not establish criminal activity.
FC-HIST-01063,28,Pudukkottai,2026-02-10 20:40:25,90_DAY_PREVENTIVE_ATTENTION,LOW,61,HISTORICAL_SEASONAL_SURGE,NARVEX_TEMPORAL_BAYES_V2.1,Preventive attention indicator only; does not establish criminal activity.
FC-HIST-01064,6,Tirunelveli,2025-10-23 17:05:00,90_DAY_PREVENTIVE_ATTENTION,WATCH,72,HIGHWAY_CHECKPOST_VELOCITY_BURST,NARVEX_TEMPORAL_BAYES_V2.1,Preventive attention indicator only; does not establish criminal activity.
FC-HIST-01065,16,Kancheepuram,2025-06-12 04:20:45,30_DAY_PREVENTIVE_ATTENTION,WATCH,72,HISTORICAL_SEASONAL_SURGE,NARVEX_TEMPORAL_BAYES_V2.1,Preventive attention indicator only; does not establish criminal activity.
FC-HIST-01066,7,Erode,2026-02-28 04:46:41,30_DAY_PREVENTIVE_ATTENTION,WATCH,75,HISTORICAL_SEASONAL_SURGE,NARVEX_TEMPORAL_BAYES_V2.1,Preventive attention indicator only; does not establish criminal activity.
FC-HIST-01067,1,Chennai,2025-10-14 21:24:29,30_DAY_PREVENTIVE_ATTENTION,HIGH PREVENTIVE ATTENTION,84,CAMPUS_SECTOR_CLUSTER_EXPANSION,NARVEX_TEMPORAL_BAYES_V2.1,Preventive attention indicator only; does not establish criminal activity.
FC-HIST-01068,6,Tirunelveli,2025-04-24 04:04:57,30_DAY_PREVENTIVE_ATTENTION,WATCH,72,HISTORICAL_SEASONAL_SURGE,NARVEX_TEMPORAL_BAYES_V2.1,Preventive attention indicator only; does not establish criminal activity.
FC-HIST-01069,21,Kallakurichi,2026-05-02 05:02:31,30_DAY_PREVENTIVE_ATTENTION,LOW,58,HIGHWAY_CHECKPOST_VELOCITY_BURST,NARVEX_TEMPORAL_BAYES_V2.1,Preventive attention indicator only; does not establish criminal activity.
FC-HIST-01070,35,Mayiladuthurai,2025-03-08 21:06:15,30_DAY_PREVENTIVE_ATTENTION,LOW,58,HIGHWAY_CHECKPOST_VELOCITY_BURST,NARVEX_TEMPORAL_BAYES_V2.1,Preventive attention indicator only; does not establish criminal activity.
FC-HIST-01071,35,Mayiladuthurai,2024-11-24 05:05:45,30_DAY_PREVENTIVE_ATTENTION,LOW,58,HISTORICAL_SEASONAL_SURGE,NARVEX_TEMPORAL_BAYES_V2.1,Preventive attention indicator only; does not establish criminal activity.
FC-HIST-01072,22,Dharmapuri,2025-11-17 22:15:58,30_DAY_PREVENTIVE_ATTENTION,WATCH,66,HIGHWAY_CHECKPOST_VELOCITY_BURST,NARVEX_TEMPORAL_BAYES_V2.1,Preventive attention indicator only; does not establish criminal activity.
FC-HIST-01073,18,Tiruvallur,2025-11-07 00:18:10,30_DAY_PREVENTIVE_ATTENTION,INCREASING,80,HIGHWAY_CHECKPOST_VELOCITY_BURST,NARVEX_TEMPORAL_BAYES_V2.1,Preventive attention indicator only; does not establish criminal activity.
FC-HIST-01074,15,Tenkasi,2025-02-19 22:16:51,90_DAY_PREVENTIVE_ATTENTION,WATCH,68,HIGHWAY_CHECKPOST_VELOCITY_BURST,NARVEX_TEMPORAL_BAYES_V2.1,Preventive attention indicator only; does not establish criminal activity.
FC-HIST-01075,35,Mayiladuthurai,2025-05-01 09:56:06,30_DAY_PREVENTIVE_ATTENTION,LOW,58,CAMPUS_SECTOR_CLUSTER_EXPANSION,NARVEX_TEMPORAL_BAYES_V2.1,Preventive attention indicator only; does not establish criminal activity.
FC-HIST-01076,7,Erode,2025-01-17 05:39:15,30_DAY_PREVENTIVE_ATTENTION,WATCH,75,HIGHWAY_CHECKPOST_VELOCITY_BURST,NARVEX_TEMPORAL_BAYES_V2.1,Preventive attention indicator only; does not establish criminal activity.
FC-HIST-01077,6,Tirunelveli,2025-03-29 11:01:40,90_DAY_PREVENTIVE_ATTENTION,WATCH,72,HISTORICAL_SEASONAL_SURGE,NARVEX_TEMPORAL_BAYES_V2.1,Preventive attention indicator only; does not establish criminal activity.
FC-HIST-01078,25,Karur,2025-10-13 22:30:53,90_DAY_PREVENTIVE_ATTENTION,LOW,60,HISTORICAL_SEASONAL_SURGE,NARVEX_TEMPORAL_BAYES_V2.1,Preventive attention indicator only; does not establish criminal activity.
FC-HIST-01079,2,Coimbatore,2026-05-26 05:07:12,90_DAY_PREVENTIVE_ATTENTION,HIGH PREVENTIVE ATTENTION,88,HISTORICAL_SEASONAL_SURGE,NARVEX_TEMPORAL_BAYES_V2.1,Preventive attention indicator only; does not establish criminal activity.
FC-HIST-01080,31,Virudhunagar,2026-04-11 07:59:51,90_DAY_PREVENTIVE_ATTENTION,WATCH,69,HIGHWAY_CHECKPOST_VELOCITY_BURST,NARVEX_TEMPORAL_BAYES_V2.1,Preventive attention indicator only; does not establish criminal activity.
FC-HIST-01081,13,Thoothukudi,2025-01-30 15:46:11,30_DAY_PREVENTIVE_ATTENTION,INCREASING,86,HIGHWAY_CHECKPOST_VELOCITY_BURST,NARVEX_TEMPORAL_BAYES_V2.1,Preventive attention indicator only; does not establish criminal activity.
FC-HIST-01082,4,Salem,2025-09-17 10:47:16,90_DAY_PREVENTIVE_ATTENTION,INCREASING,82,HIGHWAY_CHECKPOST_VELOCITY_BURST,NARVEX_TEMPORAL_BAYES_V2.1,Preventive attention indicator only; does not establish criminal activity.
FC-HIST-01083,33,Thiruvarur,2024-11-17 09:52:14,30_DAY_PREVENTIVE_ATTENTION,LOW,56,CAMPUS_SECTOR_CLUSTER_EXPANSION,NARVEX_TEMPORAL_BAYES_V2.1,Preventive attention indicator only; does not establish criminal activity.
FC-HIST-01084,32,Theni,2025-10-27 23:47:33,30_DAY_PREVENTIVE_ATTENTION,INCREASING,73,CAMPUS_SECTOR_CLUSTER_EXPANSION,NARVEX_TEMPORAL_BAYES_V2.1,Preventive attention indicator only; does not establish criminal activity.
FC-HIST-01085,1,Chennai,2026-07-01 08:34:59,30_DAY_PREVENTIVE_ATTENTION,HIGH PREVENTIVE ATTENTION,84,HIGHWAY_CHECKPOST_VELOCITY_BURST,NARVEX_TEMPORAL_BAYES_V2.1,Preventive attention indicator only; does not establish criminal activity.
FC-HIST-01086,10,Krishnagiri,2025-08-21 11:11:10,30_DAY_PREVENTIVE_ATTENTION,HIGH PREVENTIVE ATTENTION,85,HIGHWAY_CHECKPOST_VELOCITY_BURST,NARVEX_TEMPORAL_BAYES_V2.1,Preventive attention indicator only; does not establish criminal activity.
FC-HIST-01087,4,Salem,2025-06-07 12:29:48,90_DAY_PREVENTIVE_ATTENTION,INCREASING,82,CAMPUS_SECTOR_CLUSTER_EXPANSION,NARVEX_TEMPORAL_BAYES_V2.1,Preventive attention indicator only; does not establish criminal activity.
FC-HIST-01088,4,Salem,2025-03-23 22:53:02,90_DAY_PREVENTIVE_ATTENTION,INCREASING,82,HIGHWAY_CHECKPOST_VELOCITY_BURST,NARVEX_TEMPORAL_BAYES_V2.1,Preventive attention indicator only; does not establish criminal activity.
FC-HIST-01089,36,Ranipet,2026-08-13 03:15:06,30_DAY_PREVENTIVE_ATTENTION,WATCH,72,CAMPUS_SECTOR_CLUSTER_EXPANSION,NARVEX_TEMPORAL_BAYES_V2.1,Preventive attention indicator only; does not establish criminal activity.
FC-HIST-01090,16,Kancheepuram,2026-02-23 21:39:48,90_DAY_PREVENTIVE_ATTENTION,WATCH,72,CAMPUS_SECTOR_CLUSTER_EXPANSION,NARVEX_TEMPORAL_BAYES_V2.1,Preventive attention indicator only; does not establish criminal activity.
FC-HIST-01091,25,Karur,2024-11-17 16:34:45,30_DAY_PREVENTIVE_ATTENTION,LOW,60,CAMPUS_SECTOR_CLUSTER_EXPANSION,NARVEX_TEMPORAL_BAYES_V2.1,Preventive attention indicator only; does not establish criminal activity.
FC-HIST-01092,38,Tiruvannamalai,2026-04-23 07:01:50,30_DAY_PREVENTIVE_ATTENTION,WATCH,70,HIGHWAY_CHECKPOST_VELOCITY_BURST,NARVEX_TEMPORAL_BAYES_V2.1,Preventive attention indicator only; does not establish criminal activity.
FC-HIST-01093,31,Virudhunagar,2026-03-03 08:19:11,90_DAY_PREVENTIVE_ATTENTION,WATCH,69,CAMPUS_SECTOR_CLUSTER_EXPANSION,NARVEX_TEMPORAL_BAYES_V2.1,Preventive attention indicator only; does not establish criminal activity.
FC-HIST-01094,22,Dharmapuri,2024-09-29 05:44:46,90_DAY_PREVENTIVE_ATTENTION,WATCH,66,HISTORICAL_SEASONAL_SURGE,NARVEX_TEMPORAL_BAYES_V2.1,Preventive attention indicator only; does not establish criminal activity.
FC-HIST-01095,24,Nilgiris,2024-10-18 03:42:02,30_DAY_PREVENTIVE_ATTENTION,WATCH,74,HISTORICAL_SEASONAL_SURGE,NARVEX_TEMPORAL_BAYES_V2.1,Preventive attention indicator only; does not establish criminal activity.
FC-HIST-01096,2,Coimbatore,2025-05-27 07:39:18,90_DAY_PREVENTIVE_ATTENTION,HIGH PREVENTIVE ATTENTION,88,HISTORICAL_SEASONAL_SURGE,NARVEX_TEMPORAL_BAYES_V2.1,Preventive attention indicator only; does not establish criminal activity.
FC-HIST-01097,19,Cuddalore,2026-03-29 03:24:49,30_DAY_PREVENTIVE_ATTENTION,LOW,62,CAMPUS_SECTOR_CLUSTER_EXPANSION,NARVEX_TEMPORAL_BAYES_V2.1,Preventive attention indicator only; does not establish criminal activity.
FC-HIST-01098,24,Nilgiris,2025-01-02 14:02:00,90_DAY_PREVENTIVE_ATTENTION,WATCH,74,HISTORICAL_SEASONAL_SURGE,NARVEX_TEMPORAL_BAYES_V2.1,Preventive attention indicator only; does not establish criminal activity.
FC-HIST-01099,38,Tiruvannamalai,2024-10-15 00:53:24,90_DAY_PREVENTIVE_ATTENTION,WATCH,70,HISTORICAL_SEASONAL_SURGE,NARVEX_TEMPORAL_BAYES_V2.1,Preventive attention indicator only; does not establish criminal activity.
FC-HIST-01100,22,Dharmapuri,2024-11-02 21:03:20,90_DAY_PREVENTIVE_ATTENTION,WATCH,66,CAMPUS_SECTOR_CLUSTER_EXPANSION,NARVEX_TEMPORAL_BAYES_V2.1,Preventive attention indicator only; does not establish criminal activity.