alert_id,district_id,district_name,created_at,alert_type,priority_level,status,trigger_summary,confidence_score
ALT-2026-00001,3,Madurai,2025-10-18 16:47:39,NEW_SIGNAL,HIGH,RESOLVED,Statistically significant pattern change observed in Madurai jurisdiction.,94
ALT-2026-00002,6,Tirunelveli,2024-09-28 18:40:26,HIGH_RISK_LOW_CONFIDENCE,MEDIUM,VERIFIED_ACTIONED,Statistically significant pattern change observed in Tirunelveli jurisdiction.,80
ALT-2026-00003,4,Salem,2025-02-22 17:54:32,HIGH_RISK_LOW_CONFIDENCE,ADVISORY,ASSIGNED_FOR_TRIAGE,Statistically significant pattern change observed in Salem jurisdiction.,90
ALT-2026-00004,28,Pudukkottai,2025-05-23 05:12:49,RAPID_INCREASE,HIGH,ASSIGNED_FOR_TRIAGE,Statistically significant pattern change observed in Pudukkottai jurisdiction.,72
ALT-2026-00005,11,Dindigul,2025-03-29 15:09:19,CORRIDOR_SURGE,MEDIUM,RESOLVED,Statistically significant pattern change observed in Dindigul jurisdiction.,72
ALT-2026-00006,30,Ramanathapuram,2024-11-21 08:06:33,DATA_ANOMALY,CRITICAL,ACTIVE_UNASSIGNED,Statistically significant pattern change observed in Ramanathapuram jurisdiction.,86
ALT-2026-00007,8,Tiruppur,2025-07-09 16:50:55,DATA_ANOMALY,ADVISORY,VERIFIED_ACTIONED,Statistically significant pattern change observed in Tiruppur jurisdiction.,70
ALT-2026-00008,22,Dharmapuri,2025-02-05 18:57:08,HIGH_RISK_LOW_CONFIDENCE,ADVISORY,VERIFIED_ACTIONED,Statistically significant pattern change observed in Dharmapuri jurisdiction.,81
ALT-2026-00009,7,Erode,2026-02-28 14:34:39,HIGH_RISK_LOW_CONFIDENCE,HIGH,RESOLVED,Statistically significant pattern change observed in Erode jurisdiction.,88
ALT-2026-00010,21,Kallakurichi,2025-09-06 03:28:47,EMERGING_ZONE,CRITICAL,VERIFIED_ACTIONED,Statistically significant pattern change observed in Kallakurichi jurisdiction.,81
ALT-2026-00011,25,Karur,2025-01-17 01:18:31,NEW_SIGNAL,CRITICAL,ACTIVE_UNASSIGNED,Statistically significant pattern change observed in Karur jurisdiction.,80
ALT-2026-00012,1,Chennai,2026-06-27 04:47:10,NEW_SIGNAL,MEDIUM,RESOLVED,Statistically significant pattern change observed in Chennai jurisdiction.,90
ALT-2026-00013,2,Coimbatore,2026-07-16 13:11:58,HIGH_RISK_LOW_CONFIDENCE,HIGH,ASSIGNED_FOR_TRIAGE,Statistically significant pattern change observed in Coimbatore jurisdiction.,69
ALT-2026-00014,4,Salem,2026-07-13 03:31:15,DATA_ANOMALY,CRITICAL,ACTIVE_UNASSIGNED,Statistically significant pattern change observed in Salem jurisdiction.,86
ALT-2026-00015,1,Chennai,2025-09-05 02:10:27,RAPID_INCREASE,HIGH,ASSIGNED_FOR_TRIAGE,Statistically significant pattern change observed in Chennai jurisdiction.,91
ALT-2026-00016,28,Pudukkottai,2025-04-28 00:57:49,DATA_ANOMALY,ADVISORY,ASSIGNED_FOR_TRIAGE,Statistically significant pattern change observed in Pudukkottai jurisdiction.,79
ALT-2026-00017,31,Virudhunagar,2025-08-09 23:35:05,NEW_SIGNAL,HIGH,ACTIVE_UNASSIGNED,Statistically significant pattern change observed in Virudhunagar jurisdiction.,84
ALT-2026-00018,32,Theni,2025-02-14 22:59:05,CORRIDOR_SURGE,CRITICAL,ACTIVE_UNASSIGNED,Statistically significant pattern change observed in Theni jurisdiction.,70
ALT-2026-00019,31,Virudhunagar,2025-09-11 20:10:58,CORRIDOR_SURGE,MEDIUM,RESOLVED,Statistically significant pattern change observed in Virudhunagar jurisdiction.,96
ALT-2026-00020,11,Dindigul,2025-07-22 17:31:47,RAPID_INCREASE,ADVISORY,VERIFIED_ACTIONED,Statistically significant pattern change observed in Dindigul jurisdiction.,93
ALT-2026-00021,30,Ramanathapuram,2025-12-17 04:29:59,CORRIDOR_SURGE,HIGH,ACTIVE_UNASSIGNED,Statistically significant pattern change observed in Ramanathapuram jurisdiction.,69
ALT-2026-00022,38,Tiruvannamalai,2025-12-20 12:43:40,CORRIDOR_SURGE,MEDIUM,RESOLVED,Statistically significant pattern change observed in Tiruvannamalai jurisdiction.,96
ALT-2026-00023,17,Chengalpattu,2025-10-19 12:53:55,EMERGING_ZONE,MEDIUM,ASSIGNED_FOR_TRIAGE,Statistically significant pattern change observed in Chengalpattu jurisdiction.,66
ALT-2026-00024,23,Namakkal,2025-03-18 05:32:55,EMERGING_ZONE,ADVISORY,VERIFIED_ACTIONED,Statistically significant pattern change observed in Namakkal jurisdiction.,80
ALT-2026-00025,23,Namakkal,2026-03-02 23:10:26,NEW_SIGNAL,CRITICAL,ACTIVE_UNASSIGNED,Statistically significant pattern change observed in Namakkal jurisdiction.,69
ALT-2026-00026,33,Thiruvarur,2025-11-30 15:02:11,NEW_SIGNAL,CRITICAL,ACTIVE_UNASSIGNED,Statistically significant pattern change observed in Thiruvarur jurisdiction.,66
ALT-2026-00027,20,Viluppuram,2025-12-16 00:04:10,HIGH_RISK_LOW_CONFIDENCE,MEDIUM,VERIFIED_ACTIONED,Statistically significant pattern change observed in Viluppuram jurisdiction.,93
ALT-2026-00028,10,Krishnagiri,2025-07-25 17:34:33,HIGH_RISK_LOW_CONFIDENCE,CRITICAL,ASSIGNED_FOR_TRIAGE,Statistically significant pattern change observed in Krishnagiri jurisdiction.,78
ALT-2026-00029,22,Dharmapuri,2025-03-05 04:49:32,RAPID_INCREASE,HIGH,ASSIGNED_FOR_TRIAGE,Statistically significant pattern change observed in Dharmapuri jurisdiction.,86
ALT-2026-00030,26,Ariyalur,2025-05-11 06:13:59,EMERGING_ZONE,ADVISORY,ASSIGNED_FOR_TRIAGE,Statistically significant pattern change observed in Ariyalur jurisdiction.,96
ALT-2026-00031,12,Thanjavur,2025-03-18 18:01:52,HIGH_RISK_LOW_CONFIDENCE,ADVISORY,ACTIVE_UNASSIGNED,Statistically significant pattern change observed in Thanjavur jurisdiction.,76
ALT-2026-00032,31,Virudhunagar,2026-07-28 12:10:43,CORRIDOR_SURGE,ADVISORY,ASSIGNED_FOR_TRIAGE,Statistically significant pattern change observed in Virudhunagar jurisdiction.,96
ALT-2026-00033,4,Salem,2025-11-23 18:33:58,CORRIDOR_SURGE,HIGH,ASSIGNED_FOR_TRIAGE,Statistically significant pattern change observed in Salem jurisdiction.,96
ALT-2026-00034,18,Tiruvallur,2025-01-07 02:59:39,CORRIDOR_SURGE,MEDIUM,ASSIGNED_FOR_TRIAGE,Statistically significant pattern change observed in Tiruvallur jurisdiction.,83
ALT-2026-00035,10,Krishnagiri,2026-04-08 03:15:34,NEW_SIGNAL,ADVISORY,ASSIGNED_FOR_TRIAGE,Statistically significant pattern change observed in Krishnagiri jurisdiction.,84
ALT-2026-00036,38,Tiruvannamalai,2025-05-27 12:02:04,NEW_SIGNAL,HIGH,VERIFIED_ACTIONED,Statistically significant pattern change observed in Tiruvannamalai jurisdiction.,94
ALT-2026-00037,35,Mayiladuthurai,2026-06-09 21:19:42,DATA_ANOMALY,HIGH,ACTIVE_UNASSIGNED,Statistically significant pattern change observed in Mayiladuthurai jurisdiction.,89
ALT-2026-00038,16,Kancheepuram,2025-04-26 01:44:44,RAPID_INCREASE,MEDIUM,VERIFIED_ACTIONED,Statistically significant pattern change observed in Kancheepuram jurisdiction.,93
ALT-2026-00039,32,Theni,2025-01-13 19:40:12,DATA_ANOMALY,CRITICAL,ASSIGNED_FOR_TRIAGE,Statistically significant pattern change observed in Theni jurisdiction.,86
ALT-2026-00040,23,Namakkal,2025-01-22 00:54:14,RAPID_INCREASE,CRITICAL,ASSIGNED_FOR_TRIAGE,Statistically significant pattern change observed in Namakkal jurisdiction.,85
ALT-2026-00041,33,Thiruvarur,2025-02-23 09:25:29,HIGH_RISK_LOW_CONFIDENCE,HIGH,VERIFIED_ACTIONED,Statistically significant pattern change observed in Thiruvarur jurisdiction.,77
ALT-2026-00042,10,Krishnagiri,2025-11-10 13:41:14,DATA_ANOMALY,ADVISORY,RESOLVED,Statistically significant pattern change observed in Krishnagiri jurisdiction.,82
ALT-2026-00043,1,Chennai,2026-04-27 12:20:27,EMERGING_ZONE,ADVISORY,VERIFIED_ACTIONED,Statistically significant pattern change observed in Chennai jurisdiction.,93
ALT-2026-00044,36,Ranipet,2025-01-26 06:33:50,NEW_SIGNAL,HIGH,ASSIGNED_FOR_TRIAGE,Statistically significant pattern change observed in Ranipet jurisdiction.,79
ALT-2026-00045,27,Perambalur,2026-02-21 09:25:00,DATA_ANOMALY,CRITICAL,ACTIVE_UNASSIGNED,Statistically significant pattern change observed in Perambalur jurisdiction.,65
ALT-2026-00046,38,Tiruvannamalai,2025-09-29 13:30:54,NEW_SIGNAL,ADVISORY,VERIFIED_ACTIONED,Statistically significant pattern change observed in Tiruvannamalai jurisdiction.,92
ALT-2026-00047,31,Virudhunagar,2026-05-25 22:16:27,DATA_ANOMALY,HIGH,VERIFIED_ACTIONED,Statistically significant pattern change observed in Virudhunagar jurisdiction.,84
ALT-2026-00048,34,Nagapattinam,2024-10-06 13:45:29,DATA_ANOMALY,CRITICAL,RESOLVED,Statistically significant pattern change observed in Nagapattinam jurisdiction.,72
ALT-2026-00049,28,Pudukkottai,2026-07-20 06:48:39,EMERGING_ZONE,CRITICAL,RESOLVED,Statistically significant pattern change observed in Pudukkottai jurisdiction.,87
ALT-2026-00050,11,Dindigul,2025-08-09 06:37:42,HIGH_RISK_LOW_CONFIDENCE,MEDIUM,RESOLVED,Statistically significant pattern change observed in Dindigul jurisdiction.,75
ALT-2026-00051,27,Perambalur,2026-01-20 03:41:38,RAPID_INCREASE,CRITICAL,RESOLVED,Statistically significant pattern change observed in Perambalur jurisdiction.,90
ALT-2026-00052,9,Vellore,2025-03-16 12:46:51,HIGH_RISK_LOW_CONFIDENCE,ADVISORY,ACTIVE_UNASSIGNED,Statistically significant pattern change observed in Vellore jurisdiction.,75
ALT-2026-00053,13,Thoothukudi,2024-12-04 16:21:08,RAPID_INCREASE,MEDIUM,ACTIVE_UNASSIGNED,Statistically significant pattern change observed in Thoothukudi jurisdiction.,78
ALT-2026-00054,3,Madurai,2025-03-30 07:00:56,DATA_ANOMALY,HIGH,VERIFIED_ACTIONED,Statistically significant pattern change observed in Madurai jurisdiction.,76
ALT-2026-00055,5,Tiruchirappalli,2025-06-27 17:59:23,DATA_ANOMALY,CRITICAL,RESOLVED,Statistically significant pattern change observed in Tiruchirappalli jurisdiction.,67
ALT-2026-00056,23,Namakkal,2025-12-25 11:11:55,EMERGING_ZONE,ADVISORY,ACTIVE_UNASSIGNED,Statistically significant pattern change observed in Namakkal jurisdiction.,90
ALT-2026-00057,32,Theni,2026-02-03 20:24:09,NEW_SIGNAL,HIGH,VERIFIED_ACTIONED,Statistically significant pattern change observed in Theni jurisdiction.,70
ALT-2026-00058,6,Tirunelveli,2025-10-23 12:54:09,EMERGING_ZONE,MEDIUM,ACTIVE_UNASSIGNED,Statistically significant pattern change observed in Tirunelveli jurisdiction.,68
ALT-2026-00059,15,Tenkasi,2025-10-31 00:00:41,NEW_SIGNAL,CRITICAL,VERIFIED_ACTIONED,Statistically significant pattern change observed in Tenkasi jurisdiction.,92
ALT-2026-00060,13,Thoothukudi,2025-12-23 17:03:49,HIGH_RISK_LOW_CONFIDENCE,CRITICAL,VERIFIED_ACTIONED,Statistically significant pattern change observed in Thoothukudi jurisdiction.,89
ALT-2026-00061,29,Sivaganga,2025-07-17 17:22:57,RAPID_INCREASE,HIGH,VERIFIED_ACTIONED,Statistically significant pattern change observed in Sivaganga jurisdiction.,79
ALT-2026-00062,9,Vellore,2025-08-13 20:59:01,DATA_ANOMALY,MEDIUM,ASSIGNED_FOR_TRIAGE,Statistically significant pattern change observed in Vellore jurisdiction.,67
ALT-2026-00063,16,Kancheepuram,2025-11-22 04:51:32,NEW_SIGNAL,HIGH,ACTIVE_UNASSIGNED,Statistically significant pattern change observed in Kancheepuram jurisdiction.,94
ALT-2026-00064,22,Dharmapuri,2025-03-16 20:23:06,HIGH_RISK_LOW_CONFIDENCE,CRITICAL,RESOLVED,Statistically significant pattern change observed in Dharmapuri jurisdiction.,88
ALT-2026-00065,6,Tirunelveli,2026-03-28 12:54:14,NEW_SIGNAL,HIGH,RESOLVED,Statistically significant pattern change observed in Tirunelveli jurisdiction.,71
ALT-2026-00066,31,Virudhunagar,2026-08-07 07:13:45,HIGH_RISK_LOW_CONFIDENCE,CRITICAL,RESOLVED,Statistically significant pattern change observed in Virudhunagar jurisdiction.,67
ALT-2026-00067,17,Chengalpattu,2025-10-15 00:52:15,CORRIDOR_SURGE,HIGH,RESOLVED,Statistically significant pattern change observed in Chengalpattu jurisdiction.,78
ALT-2026-00068,20,Viluppuram,2026-07-06 05:44:32,CORRIDOR_SURGE,CRITICAL,ACTIVE_UNASSIGNED,Statistically significant pattern change observed in Viluppuram jurisdiction.,77
ALT-2026-00069,12,Thanjavur,2025-05-17 10:03:27,EMERGING_ZONE,MEDIUM,ASSIGNED_FOR_TRIAGE,Statistically significant pattern change observed in Thanjavur jurisdiction.,90
ALT-2026-00070,6,Tirunelveli,2025-10-29 14:09:37,HIGH_RISK_LOW_CONFIDENCE,CRITICAL,RESOLVED,Statistically significant pattern change observed in Tirunelveli jurisdiction.,87
ALT-2026-00071,17,Chengalpattu,2025-03-22 14:52:13,NEW_SIGNAL,HIGH,VERIFIED_ACTIONED,Statistically significant pattern change observed in Chengalpattu jurisdiction.,89
ALT-2026-00072,30,Ramanathapuram,2026-04-19 09:00:54,RAPID_INCREASE,CRITICAL,ACTIVE_UNASSIGNED,Statistically significant pattern change observed in Ramanathapuram jurisdiction.,83
ALT-2026-00073,8,Tiruppur,2026-05-04 06:44:15,EMERGING_ZONE,HIGH,VERIFIED_ACTIONED,Statistically significant pattern change observed in Tiruppur jurisdiction.,74
ALT-2026-00074,38,Tiruvannamalai,2025-09-03 15:52:41,DATA_ANOMALY,CRITICAL,ACTIVE_UNASSIGNED,Statistically significant pattern change observed in Tiruvannamalai jurisdiction.,95
ALT-2026-00075,6,Tirunelveli,2025-03-23 21:35:59,CORRIDOR_SURGE,HIGH,ACTIVE_UNASSIGNED,Statistically significant pattern change observed in Tirunelveli jurisdiction.,83
ALT-2026-00076,13,Thoothukudi,2026-08-13 11:37:11,DATA_ANOMALY,MEDIUM,RESOLVED,Statistically significant pattern change observed in Thoothukudi jurisdiction.,85
ALT-2026-00077,32,Theni,2024-09-20 18:32:57,DATA_ANOMALY,MEDIUM,ASSIGNED_FOR_TRIAGE,Statistically significant pattern change observed in Theni jurisdiction.,92
ALT-2026-00078,17,Chengalpattu,2026-03-05 06:42:23,RAPID_INCREASE,ADVISORY,RESOLVED,Statistically significant pattern change observed in Chengalpattu jurisdiction.,88
ALT-2026-00079,3,Madurai,2026-07-21 16:32:28,NEW_SIGNAL,MEDIUM,VERIFIED_ACTIONED,Statistically significant pattern change observed in Madurai jurisdiction.,80
ALT-2026-00080,15,Tenkasi,2025-05-25 11:06:12,DATA_ANOMALY,MEDIUM,VERIFIED_ACTIONED,Statistically significant pattern change observed in Tenkasi jurisdiction.,78
ALT-2026-00081,20,Viluppuram,2026-01-14 04:11:25,DATA_ANOMALY,HIGH,RESOLVED,Statistically significant pattern change observed in Viluppuram jurisdiction.,68
ALT-2026-00082,13,Thoothukudi,2024-12-02 19:48:15,RAPID_INCREASE,ADVISORY,ACTIVE_UNASSIGNED,Statistically significant pattern change observed in Thoothukudi jurisdiction.,87
ALT-2026-00083,22,Dharmapuri,2025-11-17 04:52:14,HIGH_RISK_LOW_CONFIDENCE,CRITICAL,VERIFIED_ACTIONED,Statistically significant pattern change observed in Dharmapuri jurisdiction.,75
ALT-2026-00084,21,Kallakurichi,2025-04-14 14:07:16,DATA_ANOMALY,ADVISORY,ACTIVE_UNASSIGNED,Statistically significant pattern change observed in Kallakurichi jurisdiction.,65
ALT-2026-00085,22,Dharmapuri,2025-04-21 22:59:17,CORRIDOR_SURGE,CRITICAL,VERIFIED_ACTIONED,Statistically significant pattern change observed in Dharmapuri jurisdiction.,92
ALT-2026-00086,9,Vellore,2024-11-03 08:41:22,EMERGING_ZONE,CRITICAL,RESOLVED,Statistically significant pattern change observed in Vellore jurisdiction.,84
ALT-2026-00087,18,Tiruvallur,2025-03-01 20:33:43,NEW_SIGNAL,ADVISORY,ASSIGNED_FOR_TRIAGE,Statistically significant pattern change observed in Tiruvallur jurisdiction.,71
ALT-2026-00088,18,Tiruvallur,2026-07-17 21:50:07,CORRIDOR_SURGE,HIGH,RESOLVED,Statistically significant pattern change observed in Tiruvallur jurisdiction.,81
ALT-2026-00089,14,Kanniyakumari,2025-06-30 07:45:26,NEW_SIGNAL,HIGH,ASSIGNED_FOR_TRIAGE,Statistically significant pattern change observed in Kanniyakumari jurisdiction.,71
ALT-2026-00090,26,Ariyalur,2024-09-30 07:30:54,HIGH_RISK_LOW_CONFIDENCE,MEDIUM,VERIFIED_ACTIONED,Statistically significant pattern change observed in Ariyalur jurisdiction.,65
ALT-2026-00091,16,Kancheepuram,2025-02-24 04:14:31,HIGH_RISK_LOW_CONFIDENCE,MEDIUM,ACTIVE_UNASSIGNED,Statistically significant pattern change observed in Kancheepuram jurisdiction.,94
ALT-2026-00092,36,Ranipet,2026-04-18 07:38:32,CORRIDOR_SURGE,MEDIUM,ASSIGNED_FOR_TRIAGE,Statistically significant pattern change observed in Ranipet jurisdiction.,75
ALT-2026-00093,16,Kancheepuram,2025-07-23 05:02:47,RAPID_INCREASE,CRITICAL,VERIFIED_ACTIONED,Statistically significant pattern change observed in Kancheepuram jurisdiction.,88
ALT-2026-00094,15,Tenkasi,2024-11-07 08:18:07,NEW_SIGNAL,ADVISORY,RESOLVED,Statistically significant pattern change observed in Tenkasi jurisdiction.,74
ALT-2026-00095,17,Chengalpattu,2026-07-24 02:48:21,EMERGING_ZONE,HIGH,ASSIGNED_FOR_TRIAGE,Statistically significant pattern change observed in Chengalpattu jurisdiction.,65
ALT-2026-00096,20,Viluppuram,2026-03-24 01:36:58,DATA_ANOMALY,ADVISORY,ACTIVE_UNASSIGNED,Statistically significant pattern change observed in Viluppuram jurisdiction.,91
ALT-2026-00097,11,Dindigul,2025-06-03 08:17:43,NEW_SIGNAL,HIGH,ASSIGNED_FOR_TRIAGE,Statistically significant pattern change observed in Dindigul jurisdiction.,66
ALT-2026-00098,24,Nilgiris,2026-07-25 16:03:55,CORRIDOR_SURGE,MEDIUM,ASSIGNED_FOR_TRIAGE,Statistically significant pattern change observed in Nilgiris jurisdiction.,65
ALT-2026-00099,5,Tiruchirappalli,2026-08-14 03:45:24,EMERGING_ZONE,CRITICAL,ASSIGNED_FOR_TRIAGE,Statistically significant pattern change observed in Tiruchirappalli jurisdiction.,88
ALT-2026-00100,32,Theni,2025-10-23 11:52:37,EMERGING_ZONE,HIGH,VERIFIED_ACTIONED,Statistically significant pattern change observed in Theni jurisdiction.,70
ALT-2026-00101,24,Nilgiris,2026-04-14 00:57:24,EMERGING_ZONE,MEDIUM,ACTIVE_UNASSIGNED,Statistically significant pattern change observed in Nilgiris jurisdiction.,79
ALT-2026-00102,18,Tiruvallur,2026-05-14 10:14:33,RAPID_INCREASE,ADVISORY,ASSIGNED_FOR_TRIAGE,Statistically significant pattern change observed in Tiruvallur jurisdiction.,71
ALT-2026-00103,32,Theni,2025-12-15 02:29:33,DATA_ANOMALY,HIGH,VERIFIED_ACTIONED,Statistically significant pattern change observed in Theni jurisdiction.,73
ALT-2026-00104,9,Vellore,2026-07-12 00:46:33,EMERGING_ZONE,HIGH,RESOLVED,Statistically significant pattern change observed in Vellore jurisdiction.,82
ALT-2026-00105,10,Krishnagiri,2026-01-29 10:23:06,NEW_SIGNAL,MEDIUM,ACTIVE_UNASSIGNED,Statistically significant pattern change observed in Krishnagiri jurisdiction.,86
ALT-2026-00106,20,Viluppuram,2026-07-14 20:00:33,RAPID_INCREASE,CRITICAL,VERIFIED_ACTIONED,Statistically significant pattern change observed in Viluppuram jurisdiction.,90
ALT-2026-00107,9,Vellore,2025-12-22 21:11:52,HIGH_RISK_LOW_CONFIDENCE,MEDIUM,ASSIGNED_FOR_TRIAGE,Statistically significant pattern change observed in Vellore jurisdiction.,85
ALT-2026-00108,24,Nilgiris,2025-08-06 18:48:56,DATA_ANOMALY,CRITICAL,RESOLVED,Statistically significant pattern change observed in Nilgiris jurisdiction.,75
ALT-2026-00109,17,Chengalpattu,2025-07-28 16:42:03,RAPID_INCREASE,ADVISORY,ASSIGNED_FOR_TRIAGE,Statistically significant pattern change observed in Chengalpattu jurisdiction.,74
ALT-2026-00110,22,Dharmapuri,2024-10-18 05:57:36,CORRIDOR_SURGE,CRITICAL,ASSIGNED_FOR_TRIAGE,Statistically significant pattern change observed in Dharmapuri jurisdiction.,79
ALT-2026-00111,19,Cuddalore,2025-10-07 00:06:03,EMERGING_ZONE,ADVISORY,RESOLVED,Statistically significant pattern change observed in Cuddalore jurisdiction.,78
ALT-2026-00112,26,Ariyalur,2026-05-19 06:46:06,NEW_SIGNAL,CRITICAL,VERIFIED_ACTIONED,Statistically significant pattern change observed in Ariyalur jurisdiction.,86
ALT-2026-00113,25,Karur,2025-12-14 10:29:14,EMERGING_ZONE,MEDIUM,VERIFIED_ACTIONED,Statistically significant pattern change observed in Karur jurisdiction.,94
ALT-2026-00114,6,Tirunelveli,2025-05-26 03:22:55,CORRIDOR_SURGE,CRITICAL,VERIFIED_ACTIONED,Statistically significant pattern change observed in Tirunelveli jurisdiction.,81
ALT-2026-00115,20,Viluppuram,2024-11-17 23:32:58,HIGH_RISK_LOW_CONFIDENCE,MEDIUM,ACTIVE_UNASSIGNED,Statistically significant pattern change observed in Viluppuram jurisdiction.,93
ALT-2026-00116,25,Karur,2025-08-17 03:25:52,EMERGING_ZONE,CRITICAL,ASSIGNED_FOR_TRIAGE,Statistically significant pattern change observed in Karur jurisdiction.,92
ALT-2026-00117,27,Perambalur,2024-12-27 06:49:15,NEW_SIGNAL,CRITICAL,VERIFIED_ACTIONED,Statistically significant pattern change observed in Perambalur jurisdiction.,74
ALT-2026-00118,16,Kancheepuram,2025-12-11 15:58:56,EMERGING_ZONE,MEDIUM,ASSIGNED_FOR_TRIAGE,Statistically significant pattern change observed in Kancheepuram jurisdiction.,85
ALT-2026-00119,12,Thanjavur,2025-05-30 17:28:38,RAPID_INCREASE,HIGH,ASSIGNED_FOR_TRIAGE,Statistically significant pattern change observed in Thanjavur jurisdiction.,70
ALT-2026-00120,12,Thanjavur,2025-01-17 02:21:48,CORRIDOR_SURGE,ADVISORY,VERIFIED_ACTIONED,Statistically significant pattern change observed in Thanjavur jurisdiction.,84
ALT-2026-00121,2,Coimbatore,2026-02-05 05:26:58,DATA_ANOMALY,CRITICAL,VERIFIED_ACTIONED,Statistically significant pattern change observed in Coimbatore jurisdiction.,80
ALT-2026-00122,13,Thoothukudi,2025-02-17 12:57:12,NEW_SIGNAL,CRITICAL,ASSIGNED_FOR_TRIAGE,Statistically significant pattern change observed in Thoothukudi jurisdiction.,69
ALT-2026-00123,24,Nilgiris,2025-01-07 22:43:55,CORRIDOR_SURGE,MEDIUM,ACTIVE_UNASSIGNED,Statistically significant pattern change observed in Nilgiris jurisdiction.,67
ALT-2026-00124,18,Tiruvallur,2026-01-30 13:53:30,EMERGING_ZONE,ADVISORY,ASSIGNED_FOR_TRIAGE,Statistically significant pattern change observed in Tiruvallur jurisdiction.,82
ALT-2026-00125,10,Krishnagiri,2024-11-19 12:32:51,HIGH_RISK_LOW_CONFIDENCE,HIGH,RESOLVED,Statistically significant pattern change observed in Krishnagiri jurisdiction.,68
ALT-2026-00126,14,Kanniyakumari,2026-02-25 05:50:37,NEW_SIGNAL,MEDIUM,VERIFIED_ACTIONED,Statistically significant pattern change observed in Kanniyakumari jurisdiction.,87
ALT-2026-00127,28,Pudukkottai,2026-03-17 10:41:43,EMERGING_ZONE,HIGH,RESOLVED,Statistically significant pattern change observed in Pudukkottai jurisdiction.,88
ALT-2026-00128,7,Erode,2025-08-13 19:55:23,DATA_ANOMALY,ADVISORY,ASSIGNED_FOR_TRIAGE,Statistically significant pattern change observed in Erode jurisdiction.,85
ALT-2026-00129,3,Madurai,2026-05-16 20:08:38,HIGH_RISK_LOW_CONFIDENCE,ADVISORY,VERIFIED_ACTIONED,Statistically significant pattern change observed in Madurai jurisdiction.,66
ALT-2026-00130,28,Pudukkottai,2024-11-06 01:22:01,RAPID_INCREASE,HIGH,VERIFIED_ACTIONED,Statistically significant pattern change observed in Pudukkottai jurisdiction.,84
ALT-2026-00131,35,Mayiladuthurai,2025-12-20 02:57:27,RAPID_INCREASE,MEDIUM,VERIFIED_ACTIONED,Statistically significant pattern change observed in Mayiladuthurai jurisdiction.,96
ALT-2026-00132,1,Chennai,2026-05-26 12:31:31,HIGH_RISK_LOW_CONFIDENCE,CRITICAL,RESOLVED,Statistically significant pattern change observed in Chennai jurisdiction.,74
ALT-2026-00133,22,Dharmapuri,2025-05-18 18:12:06,HIGH_RISK_LOW_CONFIDENCE,MEDIUM,VERIFIED_ACTIONED,Statistically significant pattern change observed in Dharmapuri jurisdiction.,84
ALT-2026-00134,17,Chengalpattu,2025-02-02 02:29:47,CORRIDOR_SURGE,ADVISORY,VERIFIED_ACTIONED,Statistically significant pattern change observed in Chengalpattu jurisdiction.,67
ALT-2026-00135,34,Nagapattinam,2026-07-11 13:15:06,RAPID_INCREASE,CRITICAL,ASSIGNED_FOR_TRIAGE,Statistically significant pattern change observed in Nagapattinam jurisdiction.,65
ALT-2026-00136,11,Dindigul,2025-07-20 14:39:37,DATA_ANOMALY,CRITICAL,VERIFIED_ACTIONED,Statistically significant pattern change observed in Dindigul jurisdiction.,91
ALT-2026-00137,37,Tirupathur,2024-11-26 09:39:17,RAPID_INCREASE,CRITICAL,ACTIVE_UNASSIGNED,Statistically significant pattern change observed in Tirupathur jurisdiction.,70
ALT-2026-00138,27,Perambalur,2026-06-15 13:39:10,CORRIDOR_SURGE,HIGH,ASSIGNED_FOR_TRIAGE,Statistically significant pattern change observed in Perambalur jurisdiction.,67
ALT-2026-00139,4,Salem,2025-08-14 23:18:57,DATA_ANOMALY,HIGH,VERIFIED_ACTIONED,Statistically significant pattern change observed in Salem jurisdiction.,86
ALT-2026-00140,9,Vellore,2025-04-20 19:39:52,NEW_SIGNAL,ADVISORY,VERIFIED_ACTIONED,Statistically significant pattern change observed in Vellore jurisdiction.,74
ALT-2026-00141,15,Tenkasi,2024-10-26 10:34:57,EMERGING_ZONE,CRITICAL,RESOLVED,Statistically significant pattern change observed in Tenkasi jurisdiction.,76
ALT-2026-00142,32,Theni,2025-03-21 05:11:18,RAPID_INCREASE,HIGH,ASSIGNED_FOR_TRIAGE,Statistically significant pattern change observed in Theni jurisdiction.,89
ALT-2026-00143,32,Theni,2026-04-13 17:17:16,DATA_ANOMALY,ADVISORY,VERIFIED_ACTIONED,Statistically significant pattern change observed in Theni jurisdiction.,71
ALT-2026-00144,16,Kancheepuram,2024-12-26 10:32:11,CORRIDOR_SURGE,HIGH,ASSIGNED_FOR_TRIAGE,Statistically significant pattern change observed in Kancheepuram jurisdiction.,89
ALT-2026-00145,21,Kallakurichi,2024-10-20 10:36:14,NEW_SIGNAL,MEDIUM,ASSIGNED_FOR_TRIAGE,Statistically significant pattern change observed in Kallakurichi jurisdiction.,88
ALT-2026-00146,21,Kallakurichi,2024-11-04 10:46:48,CORRIDOR_SURGE,MEDIUM,ACTIVE_UNASSIGNED,Statistically significant pattern change observed in Kallakurichi jurisdiction.,89
ALT-2026-00147,19,Cuddalore,2025-06-28 10:51:22,CORRIDOR_SURGE,ADVISORY,VERIFIED_ACTIONED,Statistically significant pattern change observed in Cuddalore jurisdiction.,82
ALT-2026-00148,20,Viluppuram,2024-12-19 17:12:52,NEW_SIGNAL,ADVISORY,ASSIGNED_FOR_TRIAGE,Statistically significant pattern change observed in Viluppuram jurisdiction.,73
ALT-2026-00149,26,Ariyalur,2025-11-29 09:48:18,EMERGING_ZONE,CRITICAL,ACTIVE_UNASSIGNED,Statistically significant pattern change observed in Ariyalur jurisdiction.,73
ALT-2026-00150,3,Madurai,2025-12-29 17:40:00,CORRIDOR_SURGE,HIGH,ASSIGNED_FOR_TRIAGE,Statistically significant pattern change observed in Madurai jurisdiction.,86
ALT-2026-00151,32,Theni,2026-02-26 08:44:50,CORRIDOR_SURGE,CRITICAL,VERIFIED_ACTIONED,Statistically significant pattern change observed in Theni jurisdiction.,87
ALT-2026-00152,2,Coimbatore,2025-10-04 12:51:17,NEW_SIGNAL,ADVISORY,VERIFIED_ACTIONED,Statistically significant pattern change observed in Coimbatore jurisdiction.,83
ALT-2026-00153,25,Karur,2024-12-12 23:09:43,DATA_ANOMALY,ADVISORY,RESOLVED,Statistically significant pattern change observed in Karur jurisdiction.,76
ALT-2026-00154,30,Ramanathapuram,2025-10-25 21:45:52,CORRIDOR_SURGE,MEDIUM,ASSIGNED_FOR_TRIAGE,Statistically significant pattern change observed in Ramanathapuram jurisdiction.,89
ALT-2026-00155,32,Theni,2025-02-04 08:11:39,HIGH_RISK_LOW_CONFIDENCE,CRITICAL,VERIFIED_ACTIONED,Statistically significant pattern change observed in Theni jurisdiction.,88
ALT-2026-00156,1,Chennai,2026-07-16 19:36:32,CORRIDOR_SURGE,CRITICAL,ASSIGNED_FOR_TRIAGE,Statistically significant pattern change observed in Chennai jurisdiction.,70
ALT-2026-00157,25,Karur,2026-08-05 02:57:01,HIGH_RISK_LOW_CONFIDENCE,CRITICAL,RESOLVED,Statistically significant pattern change observed in Karur jurisdiction.,95
ALT-2026-00158,11,Dindigul,2024-12-04 07:46:59,EMERGING_ZONE,HIGH,VERIFIED_ACTIONED,Statistically significant pattern change observed in Dindigul jurisdiction.,87
ALT-2026-00159,9,Vellore,2026-08-14 21:38:45,RAPID_INCREASE,ADVISORY,RESOLVED,Statistically significant pattern change observed in Vellore jurisdiction.,80
ALT-2026-00160,7,Erode,2025-07-23 11:21:41,DATA_ANOMALY,CRITICAL,VERIFIED_ACTIONED,Statistically significant pattern change observed in Erode jurisdiction.,93
ALT-2026-00161,23,Namakkal,2026-01-03 22:54:30,HIGH_RISK_LOW_CONFIDENCE,MEDIUM,ASSIGNED_FOR_TRIAGE,Statistically significant pattern change observed in Namakkal jurisdiction.,73
ALT-2026-00162,23,Namakkal,2025-07-12 23:23:22,NEW_SIGNAL,MEDIUM,ACTIVE_UNASSIGNED,Statistically significant pattern change observed in Namakkal jurisdiction.,83
ALT-2026-00163,13,Thoothukudi,2026-08-11 20:43:03,EMERGING_ZONE,CRITICAL,ACTIVE_UNASSIGNED,Statistically significant pattern change observed in Thoothukudi jurisdiction.,81
ALT-2026-00164,38,Tiruvannamalai,2024-11-26 05:36:07,NEW_SIGNAL,ADVISORY,VERIFIED_ACTIONED,Statistically significant pattern change observed in Tiruvannamalai jurisdiction.,78
ALT-2026-00165,3,Madurai,2025-05-23 11:17:29,RAPID_INCREASE,CRITICAL,ASSIGNED_FOR_TRIAGE,Statistically significant pattern change observed in Madurai jurisdiction.,75
ALT-2026-00166,26,Ariyalur,2026-07-13 15:06:23,CORRIDOR_SURGE,CRITICAL,VERIFIED_ACTIONED,Statistically significant pattern change observed in Ariyalur jurisdiction.,89
ALT-2026-00167,27,Perambalur,2025-09-07 03:19:33,EMERGING_ZONE,HIGH,VERIFIED_ACTIONED,Statistically significant pattern change observed in Perambalur jurisdiction.,75
ALT-2026-00168,36,Ranipet,2025-11-13 14:29:39,CORRIDOR_SURGE,ADVISORY,RESOLVED,Statistically significant pattern change observed in Ranipet jurisdiction.,85
ALT-2026-00169,31,Virudhunagar,2025-12-02 18:19:38,HIGH_RISK_LOW_CONFIDENCE,MEDIUM,RESOLVED,Statistically significant pattern change observed in Virudhunagar jurisdiction.,70
ALT-2026-00170,19,Cuddalore,2025-02-19 08:36:27,HIGH_RISK_LOW_CONFIDENCE,ADVISORY,VERIFIED_ACTIONED,Statistically significant pattern change observed in Cuddalore jurisdiction.,92
ALT-2026-00171,10,Krishnagiri,2025-09-29 14:34:07,CORRIDOR_SURGE,HIGH,VERIFIED_ACTIONED,Statistically significant pattern change observed in Krishnagiri jurisdiction.,79
ALT-2026-00172,1,Chennai,2025-09-13 01:50:05,CORRIDOR_SURGE,HIGH,ASSIGNED_FOR_TRIAGE,Statistically significant pattern change observed in Chennai jurisdiction.,69
ALT-2026-00173,28,Pudukkottai,2026-05-23 13:38:42,EMERGING_ZONE,MEDIUM,ACTIVE_UNASSIGNED,Statistically significant pattern change observed in Pudukkottai jurisdiction.,74
ALT-2026-00174,29,Sivaganga,2025-07-02 09:41:06,CORRIDOR_SURGE,MEDIUM,VERIFIED_ACTIONED,Statistically significant pattern change observed in Sivaganga jurisdiction.,96
ALT-2026-00175,30,Ramanathapuram,2025-07-16 05:48:47,EMERGING_ZONE,HIGH,RESOLVED,Statistically significant pattern change observed in Ramanathapuram jurisdiction.,77
ALT-2026-00176,8,Tiruppur,2025-02-01 09:00:51,HIGH_RISK_LOW_CONFIDENCE,CRITICAL,RESOLVED,Statistically significant pattern change observed in Tiruppur jurisdiction.,94
ALT-2026-00177,6,Tirunelveli,2025-09-04 03:42:44,CORRIDOR_SURGE,MEDIUM,ASSIGNED_FOR_TRIAGE,Statistically significant pattern change observed in Tirunelveli jurisdiction.,88
ALT-2026-00178,2,Coimbatore,2025-11-14 01:05:53,NEW_SIGNAL,MEDIUM,RESOLVED,Statistically significant pattern change observed in Coimbatore jurisdiction.,72
ALT-2026-00179,4,Salem,2026-02-28 18:58:40,RAPID_INCREASE,HIGH,RESOLVED,Statistically significant pattern change observed in Salem jurisdiction.,82
ALT-2026-00180,24,Nilgiris,2026-05-05 19:14:44,EMERGING_ZONE,ADVISORY,RESOLVED,Statistically significant pattern change observed in Nilgiris jurisdiction.,92
ALT-2026-00181,28,Pudukkottai,2026-02-14 13:19:01,EMERGING_ZONE,CRITICAL,RESOLVED,Statistically significant pattern change observed in Pudukkottai jurisdiction.,84
ALT-2026-00182,2,Coimbatore,2026-04-06 02:23:57,RAPID_INCREASE,MEDIUM,RESOLVED,Statistically significant pattern change observed in Coimbatore jurisdiction.,66
ALT-2026-00183,35,Mayiladuthurai,2026-04-19 17:18:21,DATA_ANOMALY,MEDIUM,VERIFIED_ACTIONED,Statistically significant pattern change observed in Mayiladuthurai jurisdiction.,85
ALT-2026-00184,12,Thanjavur,2026-07-29 10:15:59,RAPID_INCREASE,HIGH,RESOLVED,Statistically significant pattern change observed in Thanjavur jurisdiction.,79
ALT-2026-00185,5,Tiruchirappalli,2026-04-06 16:14:34,EMERGING_ZONE,CRITICAL,ASSIGNED_FOR_TRIAGE,Statistically significant pattern change observed in Tiruchirappalli jurisdiction.,66
ALT-2026-00186,19,Cuddalore,2025-06-09 04:56:52,HIGH_RISK_LOW_CONFIDENCE,HIGH,RESOLVED,Statistically significant pattern change observed in Cuddalore jurisdiction.,75
ALT-2026-00187,21,Kallakurichi,2026-06-08 21:09:37,DATA_ANOMALY,HIGH,ACTIVE_UNASSIGNED,Statistically significant pattern change observed in Kallakurichi jurisdiction.,91
ALT-2026-00188,23,Namakkal,2024-11-07 21:31:19,RAPID_INCREASE,ADVISORY,ACTIVE_UNASSIGNED,Statistically significant pattern change observed in Namakkal jurisdiction.,84
ALT-2026-00189,29,Sivaganga,2025-06-16 15:43:49,DATA_ANOMALY,ADVISORY,VERIFIED_ACTIONED,Statistically significant pattern change observed in Sivaganga jurisdiction.,74
ALT-2026-00190,21,Kallakurichi,2025-09-27 04:28:27,NEW_SIGNAL,CRITICAL,VERIFIED_ACTIONED,Statistically significant pattern change observed in Kallakurichi jurisdiction.,75
ALT-2026-00191,35,Mayiladuthurai,2024-09-30 16:29:37,NEW_SIGNAL,HIGH,VERIFIED_ACTIONED,Statistically significant pattern change observed in Mayiladuthurai jurisdiction.,73
ALT-2026-00192,9,Vellore,2025-03-21 09:48:54,DATA_ANOMALY,HIGH,ASSIGNED_FOR_TRIAGE,Statistically significant pattern change observed in Vellore jurisdiction.,82
ALT-2026-00193,35,Mayiladuthurai,2025-01-01 06:36:53,CORRIDOR_SURGE,HIGH,ASSIGNED_FOR_TRIAGE,Statistically significant pattern change observed in Mayiladuthurai jurisdiction.,66
ALT-2026-00194,21,Kallakurichi,2024-10-09 05:45:21,EMERGING_ZONE,CRITICAL,RESOLVED,Statistically significant pattern change observed in Kallakurichi jurisdiction.,71
ALT-2026-00195,32,Theni,2026-06-13 03:04:15,DATA_ANOMALY,MEDIUM,VERIFIED_ACTIONED,Statistically significant pattern change observed in Theni jurisdiction.,93
ALT-2026-00196,8,Tiruppur,2025-08-15 08:33:51,RAPID_INCREASE,HIGH,ASSIGNED_FOR_TRIAGE,Statistically significant pattern change observed in Tiruppur jurisdiction.,90
ALT-2026-00197,32,Theni,2025-12-13 02:18:37,RAPID_INCREASE,HIGH,ASSIGNED_FOR_TRIAGE,Statistically significant pattern change observed in Theni jurisdiction.,68
ALT-2026-00198,30,Ramanathapuram,2025-05-14 21:28:53,EMERGING_ZONE,HIGH,ACTIVE_UNASSIGNED,Statistically significant pattern change observed in Ramanathapuram jurisdiction.,96
ALT-2026-00199,22,Dharmapuri,2026-06-15 15:29:32,EMERGING_ZONE,HIGH,ACTIVE_UNASSIGNED,Statistically significant pattern change observed in Dharmapuri jurisdiction.,87
ALT-2026-00200,10,Krishnagiri,2025-01-10 05:15:49,CORRIDOR_SURGE,HIGH,RESOLVED,Statistically significant pattern change observed in Krishnagiri jurisdiction.,94
ALT-2026-00201,24,Nilgiris,2025-10-09 16:50:05,NEW_SIGNAL,CRITICAL,ASSIGNED_FOR_TRIAGE,Statistically significant pattern change observed in Nilgiris jurisdiction.,66
ALT-2026-00202,28,Pudukkottai,2026-02-06 20:50:05,NEW_SIGNAL,HIGH,ACTIVE_UNASSIGNED,Statistically significant pattern change observed in Pudukkottai jurisdiction.,89
ALT-2026-00203,18,Tiruvallur,2025-10-16 16:41:14,CORRIDOR_SURGE,MEDIUM,VERIFIED_ACTIONED,Statistically significant pattern change observed in Tiruvallur jurisdiction.,69
ALT-2026-00204,18,Tiruvallur,2024-11-09 06:01:14,NEW_SIGNAL,ADVISORY,ASSIGNED_FOR_TRIAGE,Statistically significant pattern change observed in Tiruvallur jurisdiction.,77
ALT-2026-00205,30,Ramanathapuram,2026-02-22 08:50:21,DATA_ANOMALY,HIGH,ACTIVE_UNASSIGNED,Statistically significant pattern change observed in Ramanathapuram jurisdiction.,93
ALT-2026-00206,36,Ranipet,2026-05-15 23:28:38,DATA_ANOMALY,CRITICAL,VERIFIED_ACTIONED,Statistically significant pattern change observed in Ranipet jurisdiction.,87
ALT-2026-00207,23,Namakkal,2025-06-03 23:47:35,CORRIDOR_SURGE,MEDIUM,ACTIVE_UNASSIGNED,Statistically significant pattern change observed in Namakkal jurisdiction.,93
ALT-2026-00208,19,Cuddalore,2026-01-17 22:15:57,HIGH_RISK_LOW_CONFIDENCE,MEDIUM,VERIFIED_ACTIONED,Statistically significant pattern change observed in Cuddalore jurisdiction.,72
ALT-2026-00209,4,Salem,2025-02-12 08:42:47,RAPID_INCREASE,CRITICAL,RESOLVED,Statistically significant pattern change observed in Salem jurisdiction.,73
ALT-2026-00210,24,Nilgiris,2024-12-04 10:32:46,HIGH_RISK_LOW_CONFIDENCE,HIGH,ACTIVE_UNASSIGNED,Statistically significant pattern change observed in Nilgiris jurisdiction.,88
ALT-2026-00211,7,Erode,2026-07-21 08:44:37,NEW_SIGNAL,HIGH,VERIFIED_ACTIONED,Statistically significant pattern change observed in Erode jurisdiction.,92
ALT-2026-00212,30,Ramanathapuram,2025-03-01 06:31:15,CORRIDOR_SURGE,CRITICAL,VERIFIED_ACTIONED,Statistically significant pattern change observed in Ramanathapuram jurisdiction.,77
ALT-2026-00213,16,Kancheepuram,2025-09-20 14:18:07,RAPID_INCREASE,MEDIUM,VERIFIED_ACTIONED,Statistically significant pattern change observed in Kancheepuram jurisdiction.,89
ALT-2026-00214,26,Ariyalur,2025-08-29 19:13:41,NEW_SIGNAL,MEDIUM,RESOLVED,Statistically significant pattern change observed in Ariyalur jurisdiction.,90
ALT-2026-00215,16,Kancheepuram,2024-10-28 04:48:21,CORRIDOR_SURGE,HIGH,VERIFIED_ACTIONED,Statistically significant pattern change observed in Kancheepuram jurisdiction.,68
ALT-2026-00216,8,Tiruppur,2026-02-23 09:58:47,CORRIDOR_SURGE,HIGH,ACTIVE_UNASSIGNED,Statistically significant pattern change observed in Tiruppur jurisdiction.,93
ALT-2026-00217,37,Tirupathur,2025-03-20 14:26:31,NEW_SIGNAL,ADVISORY,ACTIVE_UNASSIGNED,Statistically significant pattern change observed in Tirupathur jurisdiction.,86
ALT-2026-00218,27,Perambalur,2025-04-17 10:59:26,RAPID_INCREASE,HIGH,ACTIVE_UNASSIGNED,Statistically significant pattern change observed in Perambalur jurisdiction.,93
ALT-2026-00219,23,Namakkal,2025-10-19 00:03:39,HIGH_RISK_LOW_CONFIDENCE,HIGH,ASSIGNED_FOR_TRIAGE,Statistically significant pattern change observed in Namakkal jurisdiction.,93
ALT-2026-00220,28,Pudukkottai,2025-01-31 22:37:08,RAPID_INCREASE,CRITICAL,RESOLVED,Statistically significant pattern change observed in Pudukkottai jurisdiction.,76
ALT-2026-00221,6,Tirunelveli,2025-02-16 07:52:17,CORRIDOR_SURGE,HIGH,RESOLVED,Statistically significant pattern change observed in Tirunelveli jurisdiction.,79
ALT-2026-00222,13,Thoothukudi,2026-04-15 21:24:40,CORRIDOR_SURGE,ADVISORY,RESOLVED,Statistically significant pattern change observed in Thoothukudi jurisdiction.,73
ALT-2026-00223,18,Tiruvallur,2025-10-12 00:23:00,HIGH_RISK_LOW_CONFIDENCE,ADVISORY,ACTIVE_UNASSIGNED,Statistically significant pattern change observed in Tiruvallur jurisdiction.,83
ALT-2026-00224,33,Thiruvarur,2025-04-03 14:01:44,HIGH_RISK_LOW_CONFIDENCE,MEDIUM,RESOLVED,Statistically significant pattern change observed in Thiruvarur jurisdiction.,71
ALT-2026-00225,27,Perambalur,2025-05-10 03:47:52,EMERGING_ZONE,MEDIUM,RESOLVED,Statistically significant pattern change observed in Perambalur jurisdiction.,78
ALT-2026-00226,18,Tiruvallur,2025-01-08 21:21:58,DATA_ANOMALY,HIGH,VERIFIED_ACTIONED,Statistically significant pattern change observed in Tiruvallur jurisdiction.,77
ALT-2026-00227,36,Ranipet,2026-03-11 19:34:58,DATA_ANOMALY,ADVISORY,RESOLVED,Statistically significant pattern change observed in Ranipet jurisdiction.,90
ALT-2026-00228,1,Chennai,2025-11-06 06:19:27,NEW_SIGNAL,HIGH,ACTIVE_UNASSIGNED,Statistically significant pattern change observed in Chennai jurisdiction.,92
ALT-2026-00229,14,Kanniyakumari,2025-11-03 13:45:10,RAPID_INCREASE,ADVISORY,ACTIVE_UNASSIGNED,Statistically significant pattern change observed in Kanniyakumari jurisdiction.,91
ALT-2026-00230,21,Kallakurichi,2025-05-01 04:16:02,EMERGING_ZONE,MEDIUM,VERIFIED_ACTIONED,Statistically significant pattern change observed in Kallakurichi jurisdiction.,87
ALT-2026-00231,14,Kanniyakumari,2025-12-17 14:37:25,NEW_SIGNAL,HIGH,ACTIVE_UNASSIGNED,Statistically significant pattern change observed in Kanniyakumari jurisdiction.,79
ALT-2026-00232,30,Ramanathapuram,2025-05-25 14:44:02,EMERGING_ZONE,HIGH,VERIFIED_ACTIONED,Statistically significant pattern change observed in Ramanathapuram jurisdiction.,81
ALT-2026-00233,14,Kanniyakumari,2026-06-10 12:36:14,NEW_SIGNAL,ADVISORY,RESOLVED,Statistically significant pattern change observed in Kanniyakumari jurisdiction.,86
ALT-2026-00234,11,Dindigul,2025-07-14 17:49:04,EMERGING_ZONE,CRITICAL,ASSIGNED_FOR_TRIAGE,Statistically significant pattern change observed in Dindigul jurisdiction.,65
ALT-2026-00235,6,Tirunelveli,2026-04-16 23:31:02,HIGH_RISK_LOW_CONFIDENCE,HIGH,RESOLVED,Statistically significant pattern change observed in Tirunelveli jurisdiction.,66
ALT-2026-00236,21,Kallakurichi,2025-04-23 23:49:53,NEW_SIGNAL,ADVISORY,VERIFIED_ACTIONED,Statistically significant pattern change observed in Kallakurichi jurisdiction.,86
ALT-2026-00237,18,Tiruvallur,2026-08-01 16:03:25,HIGH_RISK_LOW_CONFIDENCE,ADVISORY,RESOLVED,Statistically significant pattern change observed in Tiruvallur jurisdiction.,68
ALT-2026-00238,37,Tirupathur,2024-10-23 17:39:32,HIGH_RISK_LOW_CONFIDENCE,HIGH,VERIFIED_ACTIONED,Statistically significant pattern change observed in Tirupathur jurisdiction.,68
ALT-2026-00239,27,Perambalur,2025-05-05 15:43:21,RAPID_INCREASE,MEDIUM,ASSIGNED_FOR_TRIAGE,Statistically significant pattern change observed in Perambalur jurisdiction.,71
ALT-2026-00240,35,Mayiladuthurai,2026-06-11 08:49:14,DATA_ANOMALY,ADVISORY,ASSIGNED_FOR_TRIAGE,Statistically significant pattern change observed in Mayiladuthurai jurisdiction.,72
ALT-2026-00241,32,Theni,2025-01-29 09:20:05,DATA_ANOMALY,MEDIUM,RESOLVED,Statistically significant pattern change observed in Theni jurisdiction.,88
ALT-2026-00242,28,Pudukkottai,2026-07-13 03:06:38,CORRIDOR_SURGE,MEDIUM,ASSIGNED_FOR_TRIAGE,Statistically significant pattern change observed in Pudukkottai jurisdiction.,69
ALT-2026-00243,21,Kallakurichi,2025-09-10 12:43:05,CORRIDOR_SURGE,CRITICAL,RESOLVED,Statistically significant pattern change observed in Kallakurichi jurisdiction.,73
ALT-2026-00244,37,Tirupathur,2025-04-13 12:01:41,NEW_SIGNAL,MEDIUM,ASSIGNED_FOR_TRIAGE,Statistically significant pattern change observed in Tirupathur jurisdiction.,74
ALT-2026-00245,18,Tiruvallur,2025-05-11 08:33:10,HIGH_RISK_LOW_CONFIDENCE,MEDIUM,ASSIGNED_FOR_TRIAGE,Statistically significant pattern change observed in Tiruvallur jurisdiction.,71
ALT-2026-00246,23,Namakkal,2026-06-16 02:51:17,NEW_SIGNAL,CRITICAL,ACTIVE_UNASSIGNED,Statistically significant pattern change observed in Namakkal jurisdiction.,85
ALT-2026-00247,16,Kancheepuram,2025-04-27 18:06:33,DATA_ANOMALY,HIGH,ASSIGNED_FOR_TRIAGE,Statistically significant pattern change observed in Kancheepuram jurisdiction.,84
ALT-2026-00248,8,Tiruppur,2025-04-25 02:47:26,HIGH_RISK_LOW_CONFIDENCE,CRITICAL,ASSIGNED_FOR_TRIAGE,Statistically significant pattern change observed in Tiruppur jurisdiction.,69
ALT-2026-00249,11,Dindigul,2025-11-13 09:17:48,RAPID_INCREASE,CRITICAL,ASSIGNED_FOR_TRIAGE,Statistically significant pattern change observed in Dindigul jurisdiction.,84
ALT-2026-00250,16,Kancheepuram,2025-04-22 14:25:13,RAPID_INCREASE,CRITICAL,ASSIGNED_FOR_TRIAGE,Statistically significant pattern change observed in Kancheepuram jurisdiction.,94
ALT-2026-00251,3,Madurai,2025-04-25 14:04:01,RAPID_INCREASE,ADVISORY,ACTIVE_UNASSIGNED,Statistically significant pattern change observed in Madurai jurisdiction.,80
ALT-2026-00252,35,Mayiladuthurai,2026-07-07 00:19:13,EMERGING_ZONE,MEDIUM,ACTIVE_UNASSIGNED,Statistically significant pattern change observed in Mayiladuthurai jurisdiction.,92
ALT-2026-00253,29,Sivaganga,2024-11-24 22:20:38,EMERGING_ZONE,CRITICAL,VERIFIED_ACTIONED,Statistically significant pattern change observed in Sivaganga jurisdiction.,92
ALT-2026-00254,10,Krishnagiri,2025-10-05 13:39:16,RAPID_INCREASE,ADVISORY,RESOLVED,Statistically significant pattern change observed in Krishnagiri jurisdiction.,76
ALT-2026-00255,38,Tiruvannamalai,2025-08-23 22:06:25,CORRIDOR_SURGE,ADVISORY,VERIFIED_ACTIONED,Statistically significant pattern change observed in Tiruvannamalai jurisdiction.,93
ALT-2026-00256,11,Dindigul,2024-12-20 12:00:10,RAPID_INCREASE,HIGH,ASSIGNED_FOR_TRIAGE,Statistically significant pattern change observed in Dindigul jurisdiction.,90
ALT-2026-00257,23,Namakkal,2026-07-17 13:29:21,CORRIDOR_SURGE,MEDIUM,ASSIGNED_FOR_TRIAGE,Statistically significant pattern change observed in Namakkal jurisdiction.,68
ALT-2026-00258,19,Cuddalore,2026-01-05 13:11:06,NEW_SIGNAL,CRITICAL,ASSIGNED_FOR_TRIAGE,Statistically significant pattern change observed in Cuddalore jurisdiction.,77
ALT-2026-00259,31,Virudhunagar,2026-03-12 02:16:40,CORRIDOR_SURGE,MEDIUM,VERIFIED_ACTIONED,Statistically significant pattern change observed in Virudhunagar jurisdiction.,65
ALT-2026-00260,22,Dharmapuri,2026-03-04 23:10:05,NEW_SIGNAL,HIGH,ACTIVE_UNASSIGNED,Statistically significant pattern change observed in Dharmapuri jurisdiction.,68
ALT-2026-00261,16,Kancheepuram,2025-11-18 00:17:46,DATA_ANOMALY,ADVISORY,VERIFIED_ACTIONED,Statistically significant pattern change observed in Kancheepuram jurisdiction.,69
ALT-2026-00262,24,Nilgiris,2025-01-16 18:45:24,HIGH_RISK_LOW_CONFIDENCE,ADVISORY,ASSIGNED_FOR_TRIAGE,Statistically significant pattern change observed in Nilgiris jurisdiction.,81
ALT-2026-00263,6,Tirunelveli,2026-01-26 13:13:18,RAPID_INCREASE,MEDIUM,RESOLVED,Statistically significant pattern change observed in Tirunelveli jurisdiction.,90
ALT-2026-00264,23,Namakkal,2025-07-02 20:47:55,NEW_SIGNAL,HIGH,VERIFIED_ACTIONED,Statistically significant pattern change observed in Namakkal jurisdiction.,83
ALT-2026-00265,29,Sivaganga,2025-10-02 21:20:27,NEW_SIGNAL,MEDIUM,RESOLVED,Statistically significant pattern change observed in Sivaganga jurisdiction.,94
ALT-2026-00266,8,Tiruppur,2026-02-19 07:00:16,CORRIDOR_SURGE,CRITICAL,RESOLVED,Statistically significant pattern change observed in Tiruppur jurisdiction.,80
ALT-2026-00267,28,Pudukkottai,2025-09-15 01:18:39,NEW_SIGNAL,CRITICAL,RESOLVED,Statistically significant pattern change observed in Pudukkottai jurisdiction.,96
ALT-2026-00268,33,Thiruvarur,2024-11-05 05:26:02,HIGH_RISK_LOW_CONFIDENCE,CRITICAL,RESOLVED,Statistically significant pattern change observed in Thiruvarur jurisdiction.,69
ALT-2026-00269,20,Viluppuram,2026-03-30 22:11:02,DATA_ANOMALY,ADVISORY,ACTIVE_UNASSIGNED,Statistically significant pattern change observed in Viluppuram jurisdiction.,84
ALT-2026-00270,21,Kallakurichi,2025-12-04 04:02:59,NEW_SIGNAL,ADVISORY,ACTIVE_UNASSIGNED,Statistically significant pattern change observed in Kallakurichi jurisdiction.,78
ALT-2026-00271,9,Vellore,2024-10-10 21:47:13,HIGH_RISK_LOW_CONFIDENCE,MEDIUM,ACTIVE_UNASSIGNED,Statistically significant pattern change observed in Vellore jurisdiction.,81
ALT-2026-00272,12,Thanjavur,2025-12-29 04:19:07,HIGH_RISK_LOW_CONFIDENCE,MEDIUM,RESOLVED,Statistically significant pattern change observed in Thanjavur jurisdiction.,66
ALT-2026-00273,10,Krishnagiri,2026-05-22 12:23:50,RAPID_INCREASE,ADVISORY,RESOLVED,Statistically significant pattern change observed in Krishnagiri jurisdiction.,84
ALT-2026-00274,32,Theni,2025-02-04 22:45:10,RAPID_INCREASE,MEDIUM,ASSIGNED_FOR_TRIAGE,Statistically significant pattern change observed in Theni jurisdiction.,68
ALT-2026-00275,37,Tirupathur,2024-11-27 22:55:50,EMERGING_ZONE,ADVISORY,ACTIVE_UNASSIGNED,Statistically significant pattern change observed in Tirupathur jurisdiction.,66
ALT-2026-00276,10,Krishnagiri,2025-05-07 12:38:04,NEW_SIGNAL,MEDIUM,ASSIGNED_FOR_TRIAGE,Statistically significant pattern change observed in Krishnagiri jurisdiction.,93
ALT-2026-00277,13,Thoothukudi,2025-10-09 21:33:01,EMERGING_ZONE,HIGH,RESOLVED,Statistically significant pattern change observed in Thoothukudi jurisdiction.,85
ALT-2026-00278,16,Kancheepuram,2025-08-06 11:49:25,HIGH_RISK_LOW_CONFIDENCE,ADVISORY,RESOLVED,Statistically significant pattern change observed in Kancheepuram jurisdiction.,86
ALT-2026-00279,7,Erode,2024-11-01 20:59:17,EMERGING_ZONE,ADVISORY,VERIFIED_ACTIONED,Statistically significant pattern change observed in Erode jurisdiction.,91
ALT-2026-00280,4,Salem,2024-10-28 03:49:37,CORRIDOR_SURGE,CRITICAL,VERIFIED_ACTIONED,Statistically significant pattern change observed in Salem jurisdiction.,84
ALT-2026-00281,28,Pudukkottai,2025-10-22 13:38:38,NEW_SIGNAL,HIGH,RESOLVED,Statistically significant pattern change observed in Pudukkottai jurisdiction.,91
ALT-2026-00282,26,Ariyalur,2025-11-10 05:35:35,HIGH_RISK_LOW_CONFIDENCE,ADVISORY,ASSIGNED_FOR_TRIAGE,Statistically significant pattern change observed in Ariyalur jurisdiction.,76
ALT-2026-00283,24,Nilgiris,2026-02-02 06:19:10,CORRIDOR_SURGE,ADVISORY,VERIFIED_ACTIONED,Statistically significant pattern change observed in Nilgiris jurisdiction.,87
ALT-2026-00284,5,Tiruchirappalli,2025-05-30 23:58:29,CORRIDOR_SURGE,HIGH,VERIFIED_ACTIONED,Statistically significant pattern change observed in Tiruchirappalli jurisdiction.,69
ALT-2026-00285,6,Tirunelveli,2025-04-03 13:19:01,DATA_ANOMALY,ADVISORY,VERIFIED_ACTIONED,Statistically significant pattern change observed in Tirunelveli jurisdiction.,83
ALT-2026-00286,17,Chengalpattu,2025-12-28 03:50:22,NEW_SIGNAL,MEDIUM,ACTIVE_UNASSIGNED,Statistically significant pattern change observed in Chengalpattu jurisdiction.,72
ALT-2026-00287,21,Kallakurichi,2024-09-19 04:52:47,RAPID_INCREASE,CRITICAL,ASSIGNED_FOR_TRIAGE,Statistically significant pattern change observed in Kallakurichi jurisdiction.,68
ALT-2026-00288,34,Nagapattinam,2026-02-03 18:24:04,HIGH_RISK_LOW_CONFIDENCE,MEDIUM,ACTIVE_UNASSIGNED,Statistically significant pattern change observed in Nagapattinam jurisdiction.,75
ALT-2026-00289,35,Mayiladuthurai,2024-09-22 00:14:57,RAPID_INCREASE,ADVISORY,VERIFIED_ACTIONED,Statistically significant pattern change observed in Mayiladuthurai jurisdiction.,84
ALT-2026-00290,2,Coimbatore,2025-05-02 08:11:25,CORRIDOR_SURGE,ADVISORY,ASSIGNED_FOR_TRIAGE,Statistically significant pattern change observed in Coimbatore jurisdiction.,66
ALT-2026-00291,19,Cuddalore,2026-08-13 10:02:29,DATA_ANOMALY,CRITICAL,ASSIGNED_FOR_TRIAGE,Statistically significant pattern change observed in Cuddalore jurisdiction.,69
ALT-2026-00292,18,Tiruvallur,2026-07-24 10:24:40,EMERGING_ZONE,MEDIUM,ASSIGNED_FOR_TRIAGE,Statistically significant pattern change observed in Tiruvallur jurisdiction.,87
ALT-2026-00293,33,Thiruvarur,2025-10-27 06:08:23,DATA_ANOMALY,ADVISORY,ASSIGNED_FOR_TRIAGE,Statistically significant pattern change observed in Thiruvarur jurisdiction.,71
ALT-2026-00294,7,Erode,2025-06-26 01:05:26,NEW_SIGNAL,MEDIUM,RESOLVED,Statistically significant pattern change observed in Erode jurisdiction.,67
ALT-2026-00295,16,Kancheepuram,2026-08-10 15:30:51,CORRIDOR_SURGE,HIGH,ASSIGNED_FOR_TRIAGE,Statistically significant pattern change observed in Kancheepuram jurisdiction.,74
ALT-2026-00296,20,Viluppuram,2025-10-21 05:37:15,EMERGING_ZONE,MEDIUM,ASSIGNED_FOR_TRIAGE,Statistically significant pattern change observed in Viluppuram jurisdiction.,67
ALT-2026-00297,6,Tirunelveli,2024-11-27 05:10:37,CORRIDOR_SURGE,CRITICAL,VERIFIED_ACTIONED,Statistically significant pattern change observed in Tirunelveli jurisdiction.,84
ALT-2026-00298,34,Nagapattinam,2026-02-17 19:45:51,EMERGING_ZONE,HIGH,ACTIVE_UNASSIGNED,Statistically significant pattern change observed in Nagapattinam jurisdiction.,83
ALT-2026-00299,12,Thanjavur,2025-02-23 01:08:48,CORRIDOR_SURGE,CRITICAL,ACTIVE_UNASSIGNED,Statistically significant pattern change observed in Thanjavur jurisdiction.,87
ALT-2026-00300,35,Mayiladuthurai,2025-07-10 22:32:22,HIGH_RISK_LOW_CONFIDENCE,MEDIUM,RESOLVED,Statistically significant pattern change observed in Mayiladuthurai jurisdiction.,71
ALT-2026-00301,33,Thiruvarur,2025-04-24 16:09:10,DATA_ANOMALY,HIGH,RESOLVED,Statistically significant pattern change observed in Thiruvarur jurisdiction.,66
ALT-2026-00302,37,Tirupathur,2024-12-14 17:29:50,NEW_SIGNAL,MEDIUM,RESOLVED,Statistically significant pattern change observed in Tirupathur jurisdiction.,85
ALT-2026-00303,1,Chennai,2025-03-28 04:01:11,RAPID_INCREASE,ADVISORY,RESOLVED,Statistically significant pattern change observed in Chennai jurisdiction.,94
ALT-2026-00304,24,Nilgiris,2025-01-09 12:07:39,NEW_SIGNAL,ADVISORY,VERIFIED_ACTIONED,Statistically significant pattern change observed in Nilgiris jurisdiction.,83
ALT-2026-00305,8,Tiruppur,2026-05-19 21:36:23,HIGH_RISK_LOW_CONFIDENCE,HIGH,RESOLVED,Statistically significant pattern change observed in Tiruppur jurisdiction.,87
ALT-2026-00306,21,Kallakurichi,2025-08-24 20:42:41,NEW_SIGNAL,ADVISORY,RESOLVED,Statistically significant pattern change observed in Kallakurichi jurisdiction.,78
ALT-2026-00307,29,Sivaganga,2025-01-18 03:48:42,CORRIDOR_SURGE,HIGH,VERIFIED_ACTIONED,Statistically significant pattern change observed in Sivaganga jurisdiction.,71
ALT-2026-00308,7,Erode,2026-04-20 19:23:50,CORRIDOR_SURGE,CRITICAL,RESOLVED,Statistically significant pattern change observed in Erode jurisdiction.,88
ALT-2026-00309,7,Erode,2025-09-14 20:57:04,HIGH_RISK_LOW_CONFIDENCE,ADVISORY,ASSIGNED_FOR_TRIAGE,Statistically significant pattern change observed in Erode jurisdiction.,84
ALT-2026-00310,6,Tirunelveli,2026-03-26 23:27:38,DATA_ANOMALY,CRITICAL,ASSIGNED_FOR_TRIAGE,Statistically significant pattern change observed in Tirunelveli jurisdiction.,80
ALT-2026-00311,23,Namakkal,2024-12-22 08:34:21,RAPID_INCREASE,ADVISORY,ASSIGNED_FOR_TRIAGE,Statistically significant pattern change observed in Namakkal jurisdiction.,75
ALT-2026-00312,13,Thoothukudi,2025-09-13 01:56:35,EMERGING_ZONE,MEDIUM,ACTIVE_UNASSIGNED,Statistically significant pattern change observed in Thoothukudi jurisdiction.,66
ALT-2026-00313,22,Dharmapuri,2026-01-06 08:22:09,CORRIDOR_SURGE,CRITICAL,VERIFIED_ACTIONED,Statistically significant pattern change observed in Dharmapuri jurisdiction.,90
ALT-2026-00314,23,Namakkal,2026-05-28 18:32:00,HIGH_RISK_LOW_CONFIDENCE,ADVISORY,ASSIGNED_FOR_TRIAGE,Statistically significant pattern change observed in Namakkal jurisdiction.,86
ALT-2026-00315,10,Krishnagiri,2025-01-27 07:15:24,RAPID_INCREASE,HIGH,ASSIGNED_FOR_TRIAGE,Statistically significant pattern change observed in Krishnagiri jurisdiction.,91
ALT-2026-00316,34,Nagapattinam,2025-07-29 03:09:43,RAPID_INCREASE,CRITICAL,ACTIVE_UNASSIGNED,Statistically significant pattern change observed in Nagapattinam jurisdiction.,95
ALT-2026-00317,13,Thoothukudi,2026-06-21 14:47:49,NEW_SIGNAL,ADVISORY,VERIFIED_ACTIONED,Statistically significant pattern change observed in Thoothukudi jurisdiction.,81
ALT-2026-00318,35,Mayiladuthurai,2025-09-06 13:52:58,EMERGING_ZONE,HIGH,ACTIVE_UNASSIGNED,Statistically significant pattern change observed in Mayiladuthurai jurisdiction.,92
ALT-2026-00319,13,Thoothukudi,2024-11-23 05:36:47,NEW_SIGNAL,CRITICAL,ASSIGNED_FOR_TRIAGE,Statistically significant pattern change observed in Thoothukudi jurisdiction.,80
ALT-2026-00320,3,Madurai,2026-01-09 15:32:10,RAPID_INCREASE,HIGH,ACTIVE_UNASSIGNED,Statistically significant pattern change observed in Madurai jurisdiction.,77
ALT-2026-00321,14,Kanniyakumari,2024-10-20 19:54:17,DATA_ANOMALY,HIGH,ASSIGNED_FOR_TRIAGE,Statistically significant pattern change observed in Kanniyakumari jurisdiction.,95
ALT-2026-00322,17,Chengalpattu,2025-11-13 00:02:10,DATA_ANOMALY,CRITICAL,VERIFIED_ACTIONED,Statistically significant pattern change observed in Chengalpattu jurisdiction.,90
ALT-2026-00323,1,Chennai,2025-12-13 21:19:15,DATA_ANOMALY,MEDIUM,RESOLVED,Statistically significant pattern change observed in Chennai jurisdiction.,69
ALT-2026-00324,12,Thanjavur,2024-09-19 12:35:56,HIGH_RISK_LOW_CONFIDENCE,HIGH,ASSIGNED_FOR_TRIAGE,Statistically significant pattern change observed in Thanjavur jurisdiction.,80
ALT-2026-00325,5,Tiruchirappalli,2025-04-25 09:33:25,CORRIDOR_SURGE,CRITICAL,ASSIGNED_FOR_TRIAGE,Statistically significant pattern change observed in Tiruchirappalli jurisdiction.,73
ALT-2026-00326,13,Thoothukudi,2025-12-21 12:28:11,HIGH_RISK_LOW_CONFIDENCE,CRITICAL,RESOLVED,Statistically significant pattern change observed in Thoothukudi jurisdiction.,74
ALT-2026-00327,8,Tiruppur,2025-09-30 16:25:48,HIGH_RISK_LOW_CONFIDENCE,HIGH,VERIFIED_ACTIONED,Statistically significant pattern change observed in Tiruppur jurisdiction.,75
ALT-2026-00328,29,Sivaganga,2025-07-18 05:38:47,CORRIDOR_SURGE,HIGH,ASSIGNED_FOR_TRIAGE,Statistically significant pattern change observed in Sivaganga jurisdiction.,70
ALT-2026-00329,24,Nilgiris,2026-02-24 09:03:28,EMERGING_ZONE,CRITICAL,VERIFIED_ACTIONED,Statistically significant pattern change observed in Nilgiris jurisdiction.,91
ALT-2026-00330,16,Kancheepuram,2025-02-06 16:52:09,EMERGING_ZONE,ADVISORY,VERIFIED_ACTIONED,Statistically significant pattern change observed in Kancheepuram jurisdiction.,65
ALT-2026-00331,18,Tiruvallur,2025-03-01 09:56:18,RAPID_INCREASE,CRITICAL,ACTIVE_UNASSIGNED,Statistically significant pattern change observed in Tiruvallur jurisdiction.,88
ALT-2026-00332,13,Thoothukudi,2025-01-04 00:02:31,DATA_ANOMALY,ADVISORY,ASSIGNED_FOR_TRIAGE,Statistically significant pattern change observed in Thoothukudi jurisdiction.,93
ALT-2026-00333,32,Theni,2026-05-30 20:40:49,NEW_SIGNAL,MEDIUM,VERIFIED_ACTIONED,Statistically significant pattern change observed in Theni jurisdiction.,96
ALT-2026-00334,19,Cuddalore,2026-02-16 00:14:59,NEW_SIGNAL,MEDIUM,ACTIVE_UNASSIGNED,Statistically significant pattern change observed in Cuddalore jurisdiction.,80
ALT-2026-00335,17,Chengalpattu,2026-04-18 05:49:28,CORRIDOR_SURGE,CRITICAL,ACTIVE_UNASSIGNED,Statistically significant pattern change observed in Chengalpattu jurisdiction.,70
ALT-2026-00336,19,Cuddalore,2026-07-19 22:29:15,DATA_ANOMALY,MEDIUM,VERIFIED_ACTIONED,Statistically significant pattern change observed in Cuddalore jurisdiction.,77
ALT-2026-00337,28,Pudukkottai,2025-02-13 17:43:41,RAPID_INCREASE,ADVISORY,ASSIGNED_FOR_TRIAGE,Statistically significant pattern change observed in Pudukkottai jurisdiction.,87
ALT-2026-00338,23,Namakkal,2026-07-30 23:55:18,DATA_ANOMALY,ADVISORY,RESOLVED,Statistically significant pattern change observed in Namakkal jurisdiction.,81
ALT-2026-00339,37,Tirupathur,2025-12-27 21:18:40,HIGH_RISK_LOW_CONFIDENCE,HIGH,RESOLVED,Statistically significant pattern change observed in Tirupathur jurisdiction.,65
ALT-2026-00340,36,Ranipet,2026-03-27 23:22:22,NEW_SIGNAL,CRITICAL,RESOLVED,Statistically significant pattern change observed in Ranipet jurisdiction.,81
ALT-2026-00341,11,Dindigul,2025-06-27 14:28:12,NEW_SIGNAL,ADVISORY,VERIFIED_ACTIONED,Statistically significant pattern change observed in Dindigul jurisdiction.,74
ALT-2026-00342,11,Dindigul,2026-04-25 23:15:43,EMERGING_ZONE,ADVISORY,RESOLVED,Statistically significant pattern change observed in Dindigul jurisdiction.,71
ALT-2026-00343,24,Nilgiris,2026-01-14 06:31:43,DATA_ANOMALY,MEDIUM,ASSIGNED_FOR_TRIAGE,Statistically significant pattern change observed in Nilgiris jurisdiction.,85
ALT-2026-00344,5,Tiruchirappalli,2024-12-04 19:36:09,HIGH_RISK_LOW_CONFIDENCE,CRITICAL,RESOLVED,Statistically significant pattern change observed in Tiruchirappalli jurisdiction.,73
ALT-2026-00345,21,Kallakurichi,2025-08-02 21:55:48,CORRIDOR_SURGE,CRITICAL,VERIFIED_ACTIONED,Statistically significant pattern change observed in Kallakurichi jurisdiction.,87
ALT-2026-00346,9,Vellore,2025-08-31 07:58:53,HIGH_RISK_LOW_CONFIDENCE,MEDIUM,ACTIVE_UNASSIGNED,Statistically significant pattern change observed in Vellore jurisdiction.,74
ALT-2026-00347,23,Namakkal,2025-01-23 18:18:12,DATA_ANOMALY,MEDIUM,VERIFIED_ACTIONED,Statistically significant pattern change observed in Namakkal jurisdiction.,95
ALT-2026-00348,21,Kallakurichi,2025-04-17 05:31:24,NEW_SIGNAL,CRITICAL,RESOLVED,Statistically significant pattern change observed in Kallakurichi jurisdiction.,90
ALT-2026-00349,3,Madurai,2024-11-22 13:55:02,DATA_ANOMALY,CRITICAL,VERIFIED_ACTIONED,Statistically significant pattern change observed in Madurai jurisdiction.,79
ALT-2026-00350,28,Pudukkottai,2025-11-11 15:27:52,DATA_ANOMALY,CRITICAL,ASSIGNED_FOR_TRIAGE,Statistically significant pattern change observed in Pudukkottai jurisdiction.,88
ALT-2026-00351,17,Chengalpattu,2024-09-23 00:46:00,RAPID_INCREASE,ADVISORY,ASSIGNED_FOR_TRIAGE,Statistically significant pattern change observed in Chengalpattu jurisdiction.,81
ALT-2026-00352,5,Tiruchirappalli,2024-11-30 22:36:46,RAPID_INCREASE,CRITICAL,ASSIGNED_FOR_TRIAGE,Statistically significant pattern change observed in Tiruchirappalli jurisdiction.,69
ALT-2026-00353,14,Kanniyakumari,2025-08-07 10:28:56,EMERGING_ZONE,MEDIUM,ACTIVE_UNASSIGNED,Statistically significant pattern change observed in Kanniyakumari jurisdiction.,67
ALT-2026-00354,2,Coimbatore,2024-12-31 09:43:32,EMERGING_ZONE,HIGH,ASSIGNED_FOR_TRIAGE,Statistically significant pattern change observed in Coimbatore jurisdiction.,92
ALT-2026-00355,24,Nilgiris,2025-03-20 21:28:54,DATA_ANOMALY,HIGH,VERIFIED_ACTIONED,Statistically significant pattern change observed in Nilgiris jurisdiction.,84
ALT-2026-00356,31,Virudhunagar,2026-02-06 22:01:06,RAPID_INCREASE,CRITICAL,ACTIVE_UNASSIGNED,Statistically significant pattern change observed in Virudhunagar jurisdiction.,77
ALT-2026-00357,7,Erode,2026-05-31 08:36:56,HIGH_RISK_LOW_CONFIDENCE,HIGH,ACTIVE_UNASSIGNED,Statistically significant pattern change observed in Erode jurisdiction.,74
ALT-2026-00358,38,Tiruvannamalai,2025-05-01 05:34:01,RAPID_INCREASE,MEDIUM,RESOLVED,Statistically significant pattern change observed in Tiruvannamalai jurisdiction.,68
ALT-2026-00359,4,Salem,2025-10-12 13:04:27,HIGH_RISK_LOW_CONFIDENCE,CRITICAL,ACTIVE_UNASSIGNED,Statistically significant pattern change observed in Salem jurisdiction.,90
ALT-2026-00360,16,Kancheepuram,2024-10-17 22:00:07,CORRIDOR_SURGE,MEDIUM,ACTIVE_UNASSIGNED,Statistically significant pattern change observed in Kancheepuram jurisdiction.,95
ALT-2026-00361,17,Chengalpattu,2026-08-08 19:11:13,DATA_ANOMALY,ADVISORY,VERIFIED_ACTIONED,Statistically significant pattern change observed in Chengalpattu jurisdiction.,68
ALT-2026-00362,36,Ranipet,2025-06-22 04:21:24,HIGH_RISK_LOW_CONFIDENCE,ADVISORY,VERIFIED_ACTIONED,Statistically significant pattern change observed in Ranipet jurisdiction.,74
ALT-2026-00363,15,Tenkasi,2025-08-06 16:27:57,NEW_SIGNAL,CRITICAL,ASSIGNED_FOR_TRIAGE,Statistically significant pattern change observed in Tenkasi jurisdiction.,77
ALT-2026-00364,25,Karur,2025-07-14 16:38:32,CORRIDOR_SURGE,CRITICAL,ACTIVE_UNASSIGNED,Statistically significant pattern change observed in Karur jurisdiction.,85
ALT-2026-00365,28,Pudukkottai,2025-11-14 05:08:44,CORRIDOR_SURGE,CRITICAL,ASSIGNED_FOR_TRIAGE,Statistically significant pattern change observed in Pudukkottai jurisdiction.,69
ALT-2026-00366,35,Mayiladuthurai,2026-03-25 04:35:26,EMERGING_ZONE,ADVISORY,RESOLVED,Statistically significant pattern change observed in Mayiladuthurai jurisdiction.,84
ALT-2026-00367,5,Tiruchirappalli,2026-06-09 13:03:17,CORRIDOR_SURGE,ADVISORY,RESOLVED,Statistically significant pattern change observed in Tiruchirappalli jurisdiction.,71
ALT-2026-00368,22,Dharmapuri,2025-04-24 06:19:09,NEW_SIGNAL,HIGH,ASSIGNED_FOR_TRIAGE,Statistically significant pattern change observed in Dharmapuri jurisdiction.,89
ALT-2026-00369,10,Krishnagiri,2025-12-01 15:34:49,DATA_ANOMALY,HIGH,RESOLVED,Statistically significant pattern change observed in Krishnagiri jurisdiction.,72
ALT-2026-00370,33,Thiruvarur,2025-11-18 18:34:06,DATA_ANOMALY,ADVISORY,ACTIVE_UNASSIGNED,Statistically significant pattern change observed in Thiruvarur jurisdiction.,84
ALT-2026-00371,10,Krishnagiri,2025-04-11 08:54:43,RAPID_INCREASE,ADVISORY,VERIFIED_ACTIONED,Statistically significant pattern change observed in Krishnagiri jurisdiction.,90
ALT-2026-00372,11,Dindigul,2026-05-06 22:19:56,DATA_ANOMALY,CRITICAL,ASSIGNED_FOR_TRIAGE,Statistically significant pattern change observed in Dindigul jurisdiction.,74
ALT-2026-00373,11,Dindigul,2025-12-20 14:03:57,CORRIDOR_SURGE,CRITICAL,VERIFIED_ACTIONED,Statistically significant pattern change observed in Dindigul jurisdiction.,79
ALT-2026-00374,31,Virudhunagar,2025-08-10 17:31:39,RAPID_INCREASE,MEDIUM,ASSIGNED_FOR_TRIAGE,Statistically significant pattern change observed in Virudhunagar jurisdiction.,65
ALT-2026-00375,20,Viluppuram,2025-12-12 21:20:55,EMERGING_ZONE,CRITICAL,RESOLVED,Statistically significant pattern change observed in Viluppuram jurisdiction.,81
ALT-2026-00376,13,Thoothukudi,2025-08-22 13:31:43,EMERGING_ZONE,MEDIUM,RESOLVED,Statistically significant pattern change observed in Thoothukudi jurisdiction.,95
ALT-2026-00377,15,Tenkasi,2026-07-19 02:44:24,DATA_ANOMALY,ADVISORY,ACTIVE_UNASSIGNED,Statistically significant pattern change observed in Tenkasi jurisdiction.,90
ALT-2026-00378,22,Dharmapuri,2025-02-20 09:25:23,NEW_SIGNAL,ADVISORY,VERIFIED_ACTIONED,Statistically significant pattern change observed in Dharmapuri jurisdiction.,81
ALT-2026-00379,1,Chennai,2026-04-20 16:00:35,DATA_ANOMALY,CRITICAL,VERIFIED_ACTIONED,Statistically significant pattern change observed in Chennai jurisdiction.,84
ALT-2026-00380,12,Thanjavur,2025-11-12 05:20:23,DATA_ANOMALY,HIGH,VERIFIED_ACTIONED,Statistically significant pattern change observed in Thanjavur jurisdiction.,94
ALT-2026-00381,16,Kancheepuram,2025-05-12 13:00:48,CORRIDOR_SURGE,CRITICAL,ASSIGNED_FOR_TRIAGE,Statistically significant pattern change observed in Kancheepuram jurisdiction.,95
ALT-2026-00382,36,Ranipet,2026-07-07 05:08:17,HIGH_RISK_LOW_CONFIDENCE,CRITICAL,ASSIGNED_FOR_TRIAGE,Statistically significant pattern change observed in Ranipet jurisdiction.,96
ALT-2026-00383,26,Ariyalur,2025-08-09 01:16:34,EMERGING_ZONE,ADVISORY,RESOLVED,Statistically significant pattern change observed in Ariyalur jurisdiction.,94
ALT-2026-00384,15,Tenkasi,2024-09-30 16:16:58,RAPID_INCREASE,MEDIUM,ASSIGNED_FOR_TRIAGE,Statistically significant pattern change observed in Tenkasi jurisdiction.,96
ALT-2026-00385,13,Thoothukudi,2024-12-19 14:53:56,CORRIDOR_SURGE,HIGH,VERIFIED_ACTIONED,Statistically significant pattern change observed in Thoothukudi jurisdiction.,68
ALT-2026-00386,31,Virudhunagar,2026-01-07 15:43:00,DATA_ANOMALY,ADVISORY,RESOLVED,Statistically significant pattern change observed in Virudhunagar jurisdiction.,70
ALT-2026-00387,32,Theni,2026-08-07 05:41:01,EMERGING_ZONE,ADVISORY,VERIFIED_ACTIONED,Statistically significant pattern change observed in Theni jurisdiction.,72
ALT-2026-00388,10,Krishnagiri,2025-06-15 23:20:26,HIGH_RISK_LOW_CONFIDENCE,MEDIUM,VERIFIED_ACTIONED,Statistically significant pattern change observed in Krishnagiri jurisdiction.,90
ALT-2026-00389,16,Kancheepuram,2026-06-18 01:25:20,EMERGING_ZONE,MEDIUM,RESOLVED,Statistically significant pattern change observed in Kancheepuram jurisdiction.,76
ALT-2026-00390,9,Vellore,2026-04-02 02:16:19,EMERGING_ZONE,ADVISORY,RESOLVED,Statistically significant pattern change observed in Vellore jurisdiction.,81
ALT-2026-00391,31,Virudhunagar,2026-08-09 09:14:20,NEW_SIGNAL,HIGH,ASSIGNED_FOR_TRIAGE,Statistically significant pattern change observed in Virudhunagar jurisdiction.,74
ALT-2026-00392,12,Thanjavur,2026-08-15 12:25:26,NEW_SIGNAL,HIGH,VERIFIED_ACTIONED,Statistically significant pattern change observed in Thanjavur jurisdiction.,94
ALT-2026-00393,25,Karur,2025-01-13 12:04:42,HIGH_RISK_LOW_CONFIDENCE,MEDIUM,ASSIGNED_FOR_TRIAGE,Statistically significant pattern change observed in Karur jurisdiction.,95
ALT-2026-00394,2,Coimbatore,2025-12-16 16:59:07,NEW_SIGNAL,HIGH,ACTIVE_UNASSIGNED,Statistically significant pattern change observed in Coimbatore jurisdiction.,77
ALT-2026-00395,7,Erode,2024-11-01 13:14:15,HIGH_RISK_LOW_CONFIDENCE,ADVISORY,RESOLVED,Statistically significant pattern change observed in Erode jurisdiction.,85
ALT-2026-00396,17,Chengalpattu,2026-04-23 15:14:51,CORRIDOR_SURGE,MEDIUM,ACTIVE_UNASSIGNED,Statistically significant pattern change observed in Chengalpattu jurisdiction.,80
ALT-2026-00397,35,Mayiladuthurai,2025-03-22 12:08:36,RAPID_INCREASE,ADVISORY,ASSIGNED_FOR_TRIAGE,Statistically significant pattern change observed in Mayiladuthurai jurisdiction.,96
ALT-2026-00398,35,Mayiladuthurai,2026-06-18 14:40:07,DATA_ANOMALY,CRITICAL,ASSIGNED_FOR_TRIAGE,Statistically significant pattern change observed in Mayiladuthurai jurisdiction.,96
ALT-2026-00399,31,Virudhunagar,2024-11-15 18:57:54,NEW_SIGNAL,CRITICAL,VERIFIED_ACTIONED,Statistically significant pattern change observed in Virudhunagar jurisdiction.,92
ALT-2026-00400,17,Chengalpattu,2025-06-28 22:27:44,EMERGING_ZONE,HIGH,RESOLVED,Statistically significant pattern change observed in Chengalpattu jurisdiction.,82
ALT-2026-00401,20,Viluppuram,2025-06-27 02:34:10,CORRIDOR_SURGE,ADVISORY,ASSIGNED_FOR_TRIAGE,Statistically significant pattern change observed in Viluppuram jurisdiction.,69
ALT-2026-00402,12,Thanjavur,2026-05-19 08:40:22,NEW_SIGNAL,HIGH,RESOLVED,Statistically significant pattern change observed in Thanjavur jurisdiction.,77
ALT-2026-00403,31,Virudhunagar,2024-12-28 05:13:20,EMERGING_ZONE,ADVISORY,RESOLVED,Statistically significant pattern change observed in Virudhunagar jurisdiction.,88
ALT-2026-00404,27,Perambalur,2025-10-10 22:11:51,DATA_ANOMALY,CRITICAL,ASSIGNED_FOR_TRIAGE,Statistically significant pattern change observed in Perambalur jurisdiction.,74
ALT-2026-00405,27,Perambalur,2025-12-13 09:09:42,HIGH_RISK_LOW_CONFIDENCE,HIGH,VERIFIED_ACTIONED,Statistically significant pattern change observed in Perambalur jurisdiction.,71
ALT-2026-00406,12,Thanjavur,2026-07-29 12:25:58,DATA_ANOMALY,MEDIUM,ACTIVE_UNASSIGNED,Statistically significant pattern change observed in Thanjavur jurisdiction.,80
ALT-2026-00407,31,Virudhunagar,2025-01-03 19:11:35,RAPID_INCREASE,MEDIUM,VERIFIED_ACTIONED,Statistically significant pattern change observed in Virudhunagar jurisdiction.,83
ALT-2026-00408,27,Perambalur,2026-04-28 17:35:59,RAPID_INCREASE,MEDIUM,VERIFIED_ACTIONED,Statistically significant pattern change observed in Perambalur jurisdiction.,68
ALT-2026-00409,17,Chengalpattu,2026-02-11 02:27:14,RAPID_INCREASE,MEDIUM,VERIFIED_ACTIONED,Statistically significant pattern change observed in Chengalpattu jurisdiction.,82
ALT-2026-00410,24,Nilgiris,2025-12-11 21:20:23,DATA_ANOMALY,ADVISORY,ASSIGNED_FOR_TRIAGE,Statistically significant pattern change observed in Nilgiris jurisdiction.,72
ALT-2026-00411,20,Viluppuram,2025-06-16 06:52:50,CORRIDOR_SURGE,ADVISORY,VERIFIED_ACTIONED,Statistically significant pattern change observed in Viluppuram jurisdiction.,73
ALT-2026-00412,24,Nilgiris,2026-04-01 19:38:24,RAPID_INCREASE,ADVISORY,ASSIGNED_FOR_TRIAGE,Statistically significant pattern change observed in Nilgiris jurisdiction.,85
ALT-2026-00413,36,Ranipet,2025-01-11 10:26:03,NEW_SIGNAL,ADVISORY,RESOLVED,Statistically significant pattern change observed in Ranipet jurisdiction.,82
ALT-2026-00414,11,Dindigul,2025-09-14 15:45:34,HIGH_RISK_LOW_CONFIDENCE,ADVISORY,VERIFIED_ACTIONED,Statistically significant pattern change observed in Dindigul jurisdiction.,74
ALT-2026-00415,23,Namakkal,2026-03-10 15:23:40,NEW_SIGNAL,MEDIUM,ASSIGNED_FOR_TRIAGE,Statistically significant pattern change observed in Namakkal jurisdiction.,75
ALT-2026-00416,17,Chengalpattu,2025-11-29 19:34:50,DATA_ANOMALY,ADVISORY,RESOLVED,Statistically significant pattern change observed in Chengalpattu jurisdiction.,80
ALT-2026-00417,6,Tirunelveli,2025-01-26 17:53:36,RAPID_INCREASE,CRITICAL,VERIFIED_ACTIONED,Statistically significant pattern change observed in Tirunelveli jurisdiction.,88
ALT-2026-00418,17,Chengalpattu,2025-04-20 16:50:18,NEW_SIGNAL,MEDIUM,ACTIVE_UNASSIGNED,Statistically significant pattern change observed in Chengalpattu jurisdiction.,76
ALT-2026-00419,13,Thoothukudi,2026-07-15 09:01:46,EMERGING_ZONE,ADVISORY,VERIFIED_ACTIONED,Statistically significant pattern change observed in Thoothukudi jurisdiction.,92
ALT-2026-00420,35,Mayiladuthurai,2025-10-31 11:09:49,DATA_ANOMALY,MEDIUM,ASSIGNED_FOR_TRIAGE,Statistically significant pattern change observed in Mayiladuthurai jurisdiction.,94
ALT-2026-00421,14,Kanniyakumari,2026-05-21 22:50:19,CORRIDOR_SURGE,HIGH,ACTIVE_UNASSIGNED,Statistically significant pattern change observed in Kanniyakumari jurisdiction.,81
ALT-2026-00422,11,Dindigul,2025-05-23 09:27:18,EMERGING_ZONE,HIGH,ACTIVE_UNASSIGNED,Statistically significant pattern change observed in Dindigul jurisdiction.,93
ALT-2026-00423,35,Mayiladuthurai,2024-11-21 23:36:42,DATA_ANOMALY,ADVISORY,RESOLVED,Statistically significant pattern change observed in Mayiladuthurai jurisdiction.,80
ALT-2026-00424,22,Dharmapuri,2026-04-04 10:42:52,CORRIDOR_SURGE,ADVISORY,ACTIVE_UNASSIGNED,Statistically significant pattern change observed in Dharmapuri jurisdiction.,70
ALT-2026-00425,11,Dindigul,2024-12-13 02:53:09,DATA_ANOMALY,ADVISORY,ACTIVE_UNASSIGNED,Statistically significant pattern change observed in Dindigul jurisdiction.,76
ALT-2026-00426,11,Dindigul,2024-12-24 19:23:51,NEW_SIGNAL,HIGH,ASSIGNED_FOR_TRIAGE,Statistically significant pattern change observed in Dindigul jurisdiction.,76
ALT-2026-00427,15,Tenkasi,2024-11-03 04:29:43,RAPID_INCREASE,MEDIUM,ASSIGNED_FOR_TRIAGE,Statistically significant pattern change observed in Tenkasi jurisdiction.,66
ALT-2026-00428,32,Theni,2025-10-22 23:23:02,CORRIDOR_SURGE,ADVISORY,ASSIGNED_FOR_TRIAGE,Statistically significant pattern change observed in Theni jurisdiction.,80
ALT-2026-00429,36,Ranipet,2025-02-20 21:09:45,NEW_SIGNAL,HIGH,ACTIVE_UNASSIGNED,Statistically significant pattern change observed in Ranipet jurisdiction.,68
ALT-2026-00430,28,Pudukkottai,2026-06-10 00:39:04,NEW_SIGNAL,MEDIUM,RESOLVED,Statistically significant pattern change observed in Pudukkottai jurisdiction.,90
ALT-2026-00431,2,Coimbatore,2024-10-19 14:46:49,CORRIDOR_SURGE,HIGH,RESOLVED,Statistically significant pattern change observed in Coimbatore jurisdiction.,75
ALT-2026-00432,15,Tenkasi,2026-06-09 22:46:45,HIGH_RISK_LOW_CONFIDENCE,HIGH,ACTIVE_UNASSIGNED,Statistically significant pattern change observed in Tenkasi jurisdiction.,88
ALT-2026-00433,19,Cuddalore,2024-11-10 11:22:33,HIGH_RISK_LOW_CONFIDENCE,CRITICAL,ACTIVE_UNASSIGNED,Statistically significant pattern change observed in Cuddalore jurisdiction.,70
ALT-2026-00434,23,Namakkal,2025-06-24 03:27:18,NEW_SIGNAL,CRITICAL,ASSIGNED_FOR_TRIAGE,Statistically significant pattern change observed in Namakkal jurisdiction.,89
ALT-2026-00435,26,Ariyalur,2026-04-29 08:58:25,CORRIDOR_SURGE,ADVISORY,ASSIGNED_FOR_TRIAGE,Statistically significant pattern change observed in Ariyalur jurisdiction.,66
ALT-2026-00436,35,Mayiladuthurai,2025-02-28 17:48:47,RAPID_INCREASE,MEDIUM,ACTIVE_UNASSIGNED,Statistically significant pattern change observed in Mayiladuthurai jurisdiction.,91
ALT-2026-00437,30,Ramanathapuram,2025-10-18 17:26:03,HIGH_RISK_LOW_CONFIDENCE,MEDIUM,ACTIVE_UNASSIGNED,Statistically significant pattern change observed in Ramanathapuram jurisdiction.,73
ALT-2026-00438,7,Erode,2025-08-13 07:56:15,NEW_SIGNAL,MEDIUM,RESOLVED,Statistically significant pattern change observed in Erode jurisdiction.,86
ALT-2026-00439,38,Tiruvannamalai,2024-12-29 23:06:49,EMERGING_ZONE,HIGH,RESOLVED,Statistically significant pattern change observed in Tiruvannamalai jurisdiction.,67
ALT-2026-00440,19,Cuddalore,2026-03-27 14:34:30,RAPID_INCREASE,ADVISORY,RESOLVED,Statistically significant pattern change observed in Cuddalore jurisdiction.,88
ALT-2026-00441,32,Theni,2025-12-24 06:54:59,EMERGING_ZONE,MEDIUM,ACTIVE_UNASSIGNED,Statistically significant pattern change observed in Theni jurisdiction.,88
ALT-2026-00442,21,Kallakurichi,2025-03-22 08:09:29,HIGH_RISK_LOW_CONFIDENCE,ADVISORY,VERIFIED_ACTIONED,Statistically significant pattern change observed in Kallakurichi jurisdiction.,87
ALT-2026-00443,19,Cuddalore,2024-11-10 19:43:08,CORRIDOR_SURGE,ADVISORY,ACTIVE_UNASSIGNED,Statistically significant pattern change observed in Cuddalore jurisdiction.,95
ALT-2026-00444,2,Coimbatore,2025-12-04 15:06:23,CORRIDOR_SURGE,ADVISORY,VERIFIED_ACTIONED,Statistically significant pattern change observed in Coimbatore jurisdiction.,84
ALT-2026-00445,1,Chennai,2026-08-16 00:31:41,DATA_ANOMALY,HIGH,VERIFIED_ACTIONED,Statistically significant pattern change observed in Chennai jurisdiction.,72
ALT-2026-00446,27,Perambalur,2026-02-17 21:08:53,HIGH_RISK_LOW_CONFIDENCE,CRITICAL,VERIFIED_ACTIONED,Statistically significant pattern change observed in Perambalur jurisdiction.,69
ALT-2026-00447,22,Dharmapuri,2025-11-15 15:50:48,DATA_ANOMALY,MEDIUM,ASSIGNED_FOR_TRIAGE,Statistically significant pattern change observed in Dharmapuri jurisdiction.,81
ALT-2026-00448,29,Sivaganga,2025-03-06 10:13:08,EMERGING_ZONE,CRITICAL,ASSIGNED_FOR_TRIAGE,Statistically significant pattern change observed in Sivaganga jurisdiction.,65
ALT-2026-00449,15,Tenkasi,2024-10-13 04:44:07,DATA_ANOMALY,HIGH,ASSIGNED_FOR_TRIAGE,Statistically significant pattern change observed in Tenkasi jurisdiction.,96
ALT-2026-00450,20,Viluppuram,2025-09-26 10:43:30,CORRIDOR_SURGE,HIGH,VERIFIED_ACTIONED,Statistically significant pattern change observed in Viluppuram jurisdiction.,69
ALT-2026-00451,24,Nilgiris,2025-05-28 18:31:58,NEW_SIGNAL,MEDIUM,ASSIGNED_FOR_TRIAGE,Statistically significant pattern change observed in Nilgiris jurisdiction.,68
ALT-2026-00452,38,Tiruvannamalai,2025-05-29 12:31:09,DATA_ANOMALY,MEDIUM,ASSIGNED_FOR_TRIAGE,Statistically significant pattern change observed in Tiruvannamalai jurisdiction.,87
ALT-2026-00453,5,Tiruchirappalli,2026-07-30 04:57:03,HIGH_RISK_LOW_CONFIDENCE,HIGH,RESOLVED,Statistically significant pattern change observed in Tiruchirappalli jurisdiction.,70
ALT-2026-00454,29,Sivaganga,2025-01-12 20:56:28,HIGH_RISK_LOW_CONFIDENCE,ADVISORY,ACTIVE_UNASSIGNED,Statistically significant pattern change observed in Sivaganga jurisdiction.,89
ALT-2026-00455,10,Krishnagiri,2026-02-01 11:34:42,EMERGING_ZONE,MEDIUM,ASSIGNED_FOR_TRIAGE,Statistically significant pattern change observed in Krishnagiri jurisdiction.,95
ALT-2026-00456,24,Nilgiris,2026-07-15 21:17:32,NEW_SIGNAL,ADVISORY,RESOLVED,Statistically significant pattern change observed in Nilgiris jurisdiction.,71
ALT-2026-00457,14,Kanniyakumari,2024-09-26 01:40:02,DATA_ANOMALY,ADVISORY,ASSIGNED_FOR_TRIAGE,Statistically significant pattern change observed in Kanniyakumari jurisdiction.,71
ALT-2026-00458,25,Karur,2025-06-30 19:38:12,CORRIDOR_SURGE,MEDIUM,ASSIGNED_FOR_TRIAGE,Statistically significant pattern change observed in Karur jurisdiction.,86
ALT-2026-00459,26,Ariyalur,2025-04-02 22:42:10,CORRIDOR_SURGE,CRITICAL,VERIFIED_ACTIONED,Statistically significant pattern change observed in Ariyalur jurisdiction.,79
ALT-2026-00460,4,Salem,2024-11-16 04:04:56,CORRIDOR_SURGE,HIGH,ACTIVE_UNASSIGNED,Statistically significant pattern change observed in Salem jurisdiction.,76
ALT-2026-00461,4,Salem,2025-09-15 07:50:19,CORRIDOR_SURGE,MEDIUM,ACTIVE_UNASSIGNED,Statistically significant pattern change observed in Salem jurisdiction.,72
ALT-2026-00462,32,Theni,2025-03-01 17:27:09,NEW_SIGNAL,HIGH,ACTIVE_UNASSIGNED,Statistically significant pattern change observed in Theni jurisdiction.,92
ALT-2026-00463,15,Tenkasi,2026-06-08 07:37:55,EMERGING_ZONE,CRITICAL,ACTIVE_UNASSIGNED,Statistically significant pattern change observed in Tenkasi jurisdiction.,78
ALT-2026-00464,20,Viluppuram,2025-01-24 05:47:38,DATA_ANOMALY,HIGH,RESOLVED,Statistically significant pattern change observed in Viluppuram jurisdiction.,91
ALT-2026-00465,14,Kanniyakumari,2024-10-19 10:02:40,NEW_SIGNAL,ADVISORY,VERIFIED_ACTIONED,Statistically significant pattern change observed in Kanniyakumari jurisdiction.,96
ALT-2026-00466,38,Tiruvannamalai,2025-08-07 09:07:29,DATA_ANOMALY,ADVISORY,RESOLVED,Statistically significant pattern change observed in Tiruvannamalai jurisdiction.,85
ALT-2026-00467,23,Namakkal,2024-11-09 11:32:22,EMERGING_ZONE,ADVISORY,RESOLVED,Statistically significant pattern change observed in Namakkal jurisdiction.,96
ALT-2026-00468,10,Krishnagiri,2025-03-29 19:18:12,DATA_ANOMALY,HIGH,ASSIGNED_FOR_TRIAGE,Statistically significant pattern change observed in Krishnagiri jurisdiction.,65
ALT-2026-00469,18,Tiruvallur,2024-11-20 08:20:23,RAPID_INCREASE,MEDIUM,ASSIGNED_FOR_TRIAGE,Statistically significant pattern change observed in Tiruvallur jurisdiction.,87
ALT-2026-00470,18,Tiruvallur,2025-01-07 20:08:36,EMERGING_ZONE,ADVISORY,RESOLVED,Statistically significant pattern change observed in Tiruvallur jurisdiction.,80
ALT-2026-00471,27,Perambalur,2025-07-18 20:49:25,CORRIDOR_SURGE,ADVISORY,ASSIGNED_FOR_TRIAGE,Statistically significant pattern change observed in Perambalur jurisdiction.,96
ALT-2026-00472,15,Tenkasi,2025-08-05 08:19:23,DATA_ANOMALY,CRITICAL,RESOLVED,Statistically significant pattern change observed in Tenkasi jurisdiction.,85
ALT-2026-00473,15,Tenkasi,2025-05-15 12:04:55,DATA_ANOMALY,CRITICAL,ASSIGNED_FOR_TRIAGE,Statistically significant pattern change observed in Tenkasi jurisdiction.,77
ALT-2026-00474,12,Thanjavur,2024-09-26 04:29:35,RAPID_INCREASE,MEDIUM,VERIFIED_ACTIONED,Statistically significant pattern change observed in Thanjavur jurisdiction.,95
ALT-2026-00475,32,Theni,2026-06-22 11:56:14,HIGH_RISK_LOW_CONFIDENCE,CRITICAL,RESOLVED,Statistically significant pattern change observed in Theni jurisdiction.,67
ALT-2026-00476,2,Coimbatore,2024-10-27 01:02:00,RAPID_INCREASE,ADVISORY,RESOLVED,Statistically significant pattern change observed in Coimbatore jurisdiction.,94
ALT-2026-00477,25,Karur,2025-06-05 20:12:18,HIGH_RISK_LOW_CONFIDENCE,ADVISORY,ASSIGNED_FOR_TRIAGE,Statistically significant pattern change observed in Karur jurisdiction.,89
ALT-2026-00478,10,Krishnagiri,2026-07-18 10:26:14,DATA_ANOMALY,ADVISORY,RESOLVED,Statistically significant pattern change observed in Krishnagiri jurisdiction.,75
ALT-2026-00479,33,Thiruvarur,2025-05-29 14:56:30,CORRIDOR_SURGE,HIGH,RESOLVED,Statistically significant pattern change observed in Thiruvarur jurisdiction.,70
ALT-2026-00480,14,Kanniyakumari,2026-06-06 05:33:52,CORRIDOR_SURGE,MEDIUM,ACTIVE_UNASSIGNED,Statistically significant pattern change observed in Kanniyakumari jurisdiction.,67
ALT-2026-00481,29,Sivaganga,2024-12-22 12:49:32,DATA_ANOMALY,CRITICAL,ACTIVE_UNASSIGNED,Statistically significant pattern change observed in Sivaganga jurisdiction.,75
ALT-2026-00482,32,Theni,2025-10-14 06:06:05,HIGH_RISK_LOW_CONFIDENCE,MEDIUM,RESOLVED,Statistically significant pattern change observed in Theni jurisdiction.,70
ALT-2026-00483,4,Salem,2025-01-03 03:59:06,DATA_ANOMALY,HIGH,RESOLVED,Statistically significant pattern change observed in Salem jurisdiction.,71
ALT-2026-00484,29,Sivaganga,2025-03-09 16:56:15,HIGH_RISK_LOW_CONFIDENCE,CRITICAL,VERIFIED_ACTIONED,Statistically significant pattern change observed in Sivaganga jurisdiction.,74
ALT-2026-00485,10,Krishnagiri,2025-08-28 16:09:00,HIGH_RISK_LOW_CONFIDENCE,HIGH,ASSIGNED_FOR_TRIAGE,Statistically significant pattern change observed in Krishnagiri jurisdiction.,83
ALT-2026-00486,8,Tiruppur,2025-11-04 19:35:11,HIGH_RISK_LOW_CONFIDENCE,CRITICAL,RESOLVED,Statistically significant pattern change observed in Tiruppur jurisdiction.,94
ALT-2026-00487,7,Erode,2026-06-29 08:05:22,RAPID_INCREASE,CRITICAL,RESOLVED,Statistically significant pattern change observed in Erode jurisdiction.,77
ALT-2026-00488,4,Salem,2025-11-19 22:02:43,DATA_ANOMALY,HIGH,VERIFIED_ACTIONED,Statistically significant pattern change observed in Salem jurisdiction.,80
ALT-2026-00489,15,Tenkasi,2026-06-24 06:01:13,DATA_ANOMALY,CRITICAL,RESOLVED,Statistically significant pattern change observed in Tenkasi jurisdiction.,76
ALT-2026-00490,8,Tiruppur,2025-03-17 08:57:21,DATA_ANOMALY,ADVISORY,VERIFIED_ACTIONED,Statistically significant pattern change observed in Tiruppur jurisdiction.,67
ALT-2026-00491,2,Coimbatore,2025-03-08 22:27:42,DATA_ANOMALY,HIGH,ASSIGNED_FOR_TRIAGE,Statistically significant pattern change observed in Coimbatore jurisdiction.,93
ALT-2026-00492,36,Ranipet,2026-02-09 14:18:58,DATA_ANOMALY,HIGH,RESOLVED,Statistically significant pattern change observed in Ranipet jurisdiction.,75
ALT-2026-00493,33,Thiruvarur,2025-01-13 05:47:43,CORRIDOR_SURGE,MEDIUM,VERIFIED_ACTIONED,Statistically significant pattern change observed in Thiruvarur jurisdiction.,94
ALT-2026-00494,31,Virudhunagar,2026-04-21 10:40:51,NEW_SIGNAL,HIGH,RESOLVED,Statistically significant pattern change observed in Virudhunagar jurisdiction.,76
ALT-2026-00495,3,Madurai,2025-10-30 23:05:00,CORRIDOR_SURGE,HIGH,RESOLVED,Statistically significant pattern change observed in Madurai jurisdiction.,87
ALT-2026-00496,6,Tirunelveli,2025-08-18 13:22:34,EMERGING_ZONE,MEDIUM,ACTIVE_UNASSIGNED,Statistically significant pattern change observed in Tirunelveli jurisdiction.,83
ALT-2026-00497,7,Erode,2025-12-08 07:56:02,NEW_SIGNAL,MEDIUM,ACTIVE_UNASSIGNED,Statistically significant pattern change observed in Erode jurisdiction.,86
ALT-2026-00498,6,Tirunelveli,2025-08-22 11:29:38,EMERGING_ZONE,CRITICAL,ACTIVE_UNASSIGNED,Statistically significant pattern change observed in Tirunelveli jurisdiction.,80
ALT-2026-00499,22,Dharmapuri,2025-06-23 09:30:48,NEW_SIGNAL,ADVISORY,RESOLVED,Statistically significant pattern change observed in Dharmapuri jurisdiction.,75
ALT-2026-00500,19,Cuddalore,2026-07-22 11:23:33,EMERGING_ZONE,CRITICAL,RESOLVED,Statistically significant pattern change observed in Cuddalore jurisdiction.,88
ALT-2026-00501,1,Chennai,2026-06-17 11:14:51,EMERGING_ZONE,CRITICAL,VERIFIED_ACTIONED,Statistically significant pattern change observed in Chennai jurisdiction.,77
ALT-2026-00502,31,Virudhunagar,2025-10-24 16:38:33,HIGH_RISK_LOW_CONFIDENCE,CRITICAL,ACTIVE_UNASSIGNED,Statistically significant pattern change observed in Virudhunagar jurisdiction.,70
ALT-2026-00503,15,Tenkasi,2026-05-21 18:07:39,HIGH_RISK_LOW_CONFIDENCE,HIGH,RESOLVED,Statistically significant pattern change observed in Tenkasi jurisdiction.,86
ALT-2026-00504,32,Theni,2026-06-19 11:57:37,NEW_SIGNAL,ADVISORY,RESOLVED,Statistically significant pattern change observed in Theni jurisdiction.,93
ALT-2026-00505,31,Virudhunagar,2025-12-04 11:25:07,DATA_ANOMALY,CRITICAL,ASSIGNED_FOR_TRIAGE,Statistically significant pattern change observed in Virudhunagar jurisdiction.,84
ALT-2026-00506,18,Tiruvallur,2024-12-30 14:33:22,EMERGING_ZONE,ADVISORY,ACTIVE_UNASSIGNED,Statistically significant pattern change observed in Tiruvallur jurisdiction.,66
ALT-2026-00507,1,Chennai,2026-08-12 02:09:06,DATA_ANOMALY,MEDIUM,VERIFIED_ACTIONED,Statistically significant pattern change observed in Chennai jurisdiction.,73
ALT-2026-00508,7,Erode,2026-03-09 20:39:18,NEW_SIGNAL,MEDIUM,VERIFIED_ACTIONED,Statistically significant pattern change observed in Erode jurisdiction.,87
ALT-2026-00509,35,Mayiladuthurai,2026-02-08 11:44:01,EMERGING_ZONE,HIGH,VERIFIED_ACTIONED,Statistically significant pattern change observed in Mayiladuthurai jurisdiction.,79
ALT-2026-00510,15,Tenkasi,2026-05-23 10:10:55,CORRIDOR_SURGE,ADVISORY,ACTIVE_UNASSIGNED,Statistically significant pattern change observed in Tenkasi jurisdiction.,66
ALT-2026-00511,4,Salem,2026-05-22 15:25:56,RAPID_INCREASE,ADVISORY,RESOLVED,Statistically significant pattern change observed in Salem jurisdiction.,74
ALT-2026-00512,12,Thanjavur,2026-01-20 15:22:22,RAPID_INCREASE,ADVISORY,ACTIVE_UNASSIGNED,Statistically significant pattern change observed in Thanjavur jurisdiction.,94
ALT-2026-00513,20,Viluppuram,2024-11-19 22:15:35,RAPID_INCREASE,CRITICAL,ASSIGNED_FOR_TRIAGE,Statistically significant pattern change observed in Viluppuram jurisdiction.,86
ALT-2026-00514,38,Tiruvannamalai,2024-12-12 04:32:54,HIGH_RISK_LOW_CONFIDENCE,HIGH,ACTIVE_UNASSIGNED,Statistically significant pattern change observed in Tiruvannamalai jurisdiction.,69
ALT-2026-00515,15,Tenkasi,2025-09-15 11:08:29,HIGH_RISK_LOW_CONFIDENCE,ADVISORY,VERIFIED_ACTIONED,Statistically significant pattern change observed in Tenkasi jurisdiction.,71
ALT-2026-00516,21,Kallakurichi,2024-12-21 01:38:57,HIGH_RISK_LOW_CONFIDENCE,ADVISORY,ACTIVE_UNASSIGNED,Statistically significant pattern change observed in Kallakurichi jurisdiction.,88
ALT-2026-00517,2,Coimbatore,2026-04-14 23:35:34,HIGH_RISK_LOW_CONFIDENCE,HIGH,VERIFIED_ACTIONED,Statistically significant pattern change observed in Coimbatore jurisdiction.,76
ALT-2026-00518,1,Chennai,2025-10-24 06:27:16,HIGH_RISK_LOW_CONFIDENCE,CRITICAL,ACTIVE_UNASSIGNED,Statistically significant pattern change observed in Chennai jurisdiction.,77
ALT-2026-00519,36,Ranipet,2024-09-27 10:09:36,CORRIDOR_SURGE,HIGH,RESOLVED,Statistically significant pattern change observed in Ranipet jurisdiction.,65
ALT-2026-00520,36,Ranipet,2025-03-25 07:00:14,HIGH_RISK_LOW_CONFIDENCE,MEDIUM,VERIFIED_ACTIONED,Statistically significant pattern change observed in Ranipet jurisdiction.,94
ALT-2026-00521,15,Tenkasi,2025-06-17 01:59:05,EMERGING_ZONE,MEDIUM,ACTIVE_UNASSIGNED,Statistically significant pattern change observed in Tenkasi jurisdiction.,69
ALT-2026-00522,15,Tenkasi,2025-06-10 08:27:49,DATA_ANOMALY,ADVISORY,ASSIGNED_FOR_TRIAGE,Statistically significant pattern change observed in Tenkasi jurisdiction.,73
ALT-2026-00523,25,Karur,2025-06-11 16:12:03,NEW_SIGNAL,CRITICAL,ASSIGNED_FOR_TRIAGE,Statistically significant pattern change observed in Karur jurisdiction.,75
ALT-2026-00524,37,Tirupathur,2025-07-27 11:59:02,EMERGING_ZONE,HIGH,VERIFIED_ACTIONED,Statistically significant pattern change observed in Tirupathur jurisdiction.,71
ALT-2026-00525,23,Namakkal,2026-06-07 14:34:54,HIGH_RISK_LOW_CONFIDENCE,ADVISORY,ASSIGNED_FOR_TRIAGE,Statistically significant pattern change observed in Namakkal jurisdiction.,71
ALT-2026-00526,6,Tirunelveli,2024-10-26 15:00:00,DATA_ANOMALY,ADVISORY,ACTIVE_UNASSIGNED,Statistically significant pattern change observed in Tirunelveli jurisdiction.,74
ALT-2026-00527,38,Tiruvannamalai,2025-03-21 22:09:11,NEW_SIGNAL,HIGH,VERIFIED_ACTIONED,Statistically significant pattern change observed in Tiruvannamalai jurisdiction.,79
ALT-2026-00528,34,Nagapattinam,2025-02-16 07:00:48,DATA_ANOMALY,MEDIUM,RESOLVED,Statistically significant pattern change observed in Nagapattinam jurisdiction.,91
ALT-2026-00529,6,Tirunelveli,2026-07-24 16:10:47,EMERGING_ZONE,ADVISORY,ACTIVE_UNASSIGNED,Statistically significant pattern change observed in Tirunelveli jurisdiction.,67
ALT-2026-00530,18,Tiruvallur,2025-10-08 21:00:56,EMERGING_ZONE,ADVISORY,ASSIGNED_FOR_TRIAGE,Statistically significant pattern change observed in Tiruvallur jurisdiction.,84
ALT-2026-00531,10,Krishnagiri,2025-06-29 11:26:11,HIGH_RISK_LOW_CONFIDENCE,ADVISORY,RESOLVED,Statistically significant pattern change observed in Krishnagiri jurisdiction.,96
ALT-2026-00532,30,Ramanathapuram,2025-07-01 05:01:48,HIGH_RISK_LOW_CONFIDENCE,HIGH,RESOLVED,Statistically significant pattern change observed in Ramanathapuram jurisdiction.,84
ALT-2026-00533,35,Mayiladuthurai,2025-12-13 13:53:55,HIGH_RISK_LOW_CONFIDENCE,MEDIUM,RESOLVED,Statistically significant pattern change observed in Mayiladuthurai jurisdiction.,77
ALT-2026-00534,35,Mayiladuthurai,2026-01-17 13:44:14,HIGH_RISK_LOW_CONFIDENCE,MEDIUM,ASSIGNED_FOR_TRIAGE,Statistically significant pattern change observed in Mayiladuthurai jurisdiction.,82
ALT-2026-00535,19,Cuddalore,2024-11-08 23:38:38,NEW_SIGNAL,ADVISORY,ACTIVE_UNASSIGNED,Statistically significant pattern change observed in Cuddalore jurisdiction.,87
ALT-2026-00536,35,Mayiladuthurai,2025-02-11 04:29:52,DATA_ANOMALY,MEDIUM,ACTIVE_UNASSIGNED,Statistically significant pattern change observed in Mayiladuthurai jurisdiction.,84
ALT-2026-00537,13,Thoothukudi,2025-02-05 17:21:30,NEW_SIGNAL,HIGH,RESOLVED,Statistically significant pattern change observed in Thoothukudi jurisdiction.,89
ALT-2026-00538,37,Tirupathur,2025-03-18 14:41:52,EMERGING_ZONE,ADVISORY,RESOLVED,Statistically significant pattern change observed in Tirupathur jurisdiction.,75
ALT-2026-00539,7,Erode,2025-12-23 12:52:59,CORRIDOR_SURGE,MEDIUM,ASSIGNED_FOR_TRIAGE,Statistically significant pattern change observed in Erode jurisdiction.,85
ALT-2026-00540,26,Ariyalur,2025-10-07 06:15:21,RAPID_INCREASE,HIGH,VERIFIED_ACTIONED,Statistically significant pattern change observed in Ariyalur jurisdiction.,69
ALT-2026-00541,28,Pudukkottai,2025-09-14 14:31:55,NEW_SIGNAL,MEDIUM,RESOLVED,Statistically significant pattern change observed in Pudukkottai jurisdiction.,75
ALT-2026-00542,20,Viluppuram,2025-10-21 17:55:06,NEW_SIGNAL,ADVISORY,ACTIVE_UNASSIGNED,Statistically significant pattern change observed in Viluppuram jurisdiction.,96
ALT-2026-00543,11,Dindigul,2026-02-08 17:36:42,HIGH_RISK_LOW_CONFIDENCE,MEDIUM,ASSIGNED_FOR_TRIAGE,Statistically significant pattern change observed in Dindigul jurisdiction.,79
ALT-2026-00544,2,Coimbatore,2026-04-29 10:27:32,NEW_SIGNAL,CRITICAL,ASSIGNED_FOR_TRIAGE,Statistically significant pattern change observed in Coimbatore jurisdiction.,65
ALT-2026-00545,30,Ramanathapuram,2025-09-16 21:49:28,RAPID_INCREASE,ADVISORY,ACTIVE_UNASSIGNED,Statistically significant pattern change observed in Ramanathapuram jurisdiction.,83
ALT-2026-00546,10,Krishnagiri,2026-05-08 11:10:47,EMERGING_ZONE,MEDIUM,RESOLVED,Statistically significant pattern change observed in Krishnagiri jurisdiction.,73
ALT-2026-00547,27,Perambalur,2025-09-05 19:28:14,NEW_SIGNAL,MEDIUM,VERIFIED_ACTIONED,Statistically significant pattern change observed in Perambalur jurisdiction.,75
ALT-2026-00548,31,Virudhunagar,2024-12-22 22:45:03,HIGH_RISK_LOW_CONFIDENCE,HIGH,VERIFIED_ACTIONED,Statistically significant pattern change observed in Virudhunagar jurisdiction.,72
ALT-2026-00549,23,Namakkal,2024-12-17 07:52:47,DATA_ANOMALY,HIGH,ACTIVE_UNASSIGNED,Statistically significant pattern change observed in Namakkal jurisdiction.,75
ALT-2026-00550,26,Ariyalur,2024-10-11 18:58:50,RAPID_INCREASE,HIGH,ASSIGNED_FOR_TRIAGE,Statistically significant pattern change observed in Ariyalur jurisdiction.,68
ALT-2026-00551,35,Mayiladuthurai,2025-03-18 13:03:39,HIGH_RISK_LOW_CONFIDENCE,CRITICAL,ACTIVE_UNASSIGNED,Statistically significant pattern change observed in Mayiladuthurai jurisdiction.,71
ALT-2026-00552,34,Nagapattinam,2025-09-08 18:46:29,RAPID_INCREASE,MEDIUM,ASSIGNED_FOR_TRIAGE,Statistically significant pattern change observed in Nagapattinam jurisdiction.,92
ALT-2026-00553,25,Karur,2025-01-06 05:35:14,DATA_ANOMALY,CRITICAL,RESOLVED,Statistically significant pattern change observed in Karur jurisdiction.,65
ALT-2026-00554,16,Kancheepuram,2025-02-05 05:34:56,EMERGING_ZONE,MEDIUM,ASSIGNED_FOR_TRIAGE,Statistically significant pattern change observed in Kancheepuram jurisdiction.,92
ALT-2026-00555,29,Sivaganga,2025-09-15 08:34:59,NEW_SIGNAL,HIGH,ACTIVE_UNASSIGNED,Statistically significant pattern change observed in Sivaganga jurisdiction.,77
ALT-2026-00556,16,Kancheepuram,2026-05-24 07:54:57,DATA_ANOMALY,HIGH,ASSIGNED_FOR_TRIAGE,Statistically significant pattern change observed in Kancheepuram jurisdiction.,92
ALT-2026-00557,11,Dindigul,2025-03-05 18:56:25,HIGH_RISK_LOW_CONFIDENCE,ADVISORY,VERIFIED_ACTIONED,Statistically significant pattern change observed in Dindigul jurisdiction.,89
ALT-2026-00558,1,Chennai,2025-07-29 22:50:48,NEW_SIGNAL,HIGH,VERIFIED_ACTIONED,Statistically significant pattern change observed in Chennai jurisdiction.,89
ALT-2026-00559,10,Krishnagiri,2026-07-26 13:22:44,NEW_SIGNAL,CRITICAL,RESOLVED,Statistically significant pattern change observed in Krishnagiri jurisdiction.,94
ALT-2026-00560,13,Thoothukudi,2025-04-06 20:22:30,RAPID_INCREASE,HIGH,VERIFIED_ACTIONED,Statistically significant pattern change observed in Thoothukudi jurisdiction.,70
ALT-2026-00561,20,Viluppuram,2025-12-09 03:02:16,CORRIDOR_SURGE,ADVISORY,ACTIVE_UNASSIGNED,Statistically significant pattern change observed in Viluppuram jurisdiction.,69
ALT-2026-00562,19,Cuddalore,2025-05-25 13:45:49,HIGH_RISK_LOW_CONFIDENCE,ADVISORY,RESOLVED,Statistically significant pattern change observed in Cuddalore jurisdiction.,90
ALT-2026-00563,8,Tiruppur,2025-06-29 02:58:31,RAPID_INCREASE,HIGH,VERIFIED_ACTIONED,Statistically significant pattern change observed in Tiruppur jurisdiction.,96
ALT-2026-00564,32,Theni,2025-02-28 11:59:30,HIGH_RISK_LOW_CONFIDENCE,MEDIUM,RESOLVED,Statistically significant pattern change observed in Theni jurisdiction.,92
ALT-2026-00565,22,Dharmapuri,2026-07-25 01:05:51,RAPID_INCREASE,ADVISORY,ASSIGNED_FOR_TRIAGE,Statistically significant pattern change observed in Dharmapuri jurisdiction.,72
ALT-2026-00566,7,Erode,2026-01-30 06:20:00,CORRIDOR_SURGE,MEDIUM,ACTIVE_UNASSIGNED,Statistically significant pattern change observed in Erode jurisdiction.,95
ALT-2026-00567,2,Coimbatore,2026-01-13 18:40:09,DATA_ANOMALY,ADVISORY,VERIFIED_ACTIONED,Statistically significant pattern change observed in Coimbatore jurisdiction.,92
ALT-2026-00568,19,Cuddalore,2026-01-01 20:33:15,RAPID_INCREASE,HIGH,RESOLVED,Statistically significant pattern change observed in Cuddalore jurisdiction.,90
ALT-2026-00569,15,Tenkasi,2026-05-17 20:14:26,CORRIDOR_SURGE,HIGH,ACTIVE_UNASSIGNED,Statistically significant pattern change observed in Tenkasi jurisdiction.,75
ALT-2026-00570,30,Ramanathapuram,2026-03-19 04:36:25,RAPID_INCREASE,CRITICAL,ASSIGNED_FOR_TRIAGE,Statistically significant pattern change observed in Ramanathapuram jurisdiction.,80
ALT-2026-00571,21,Kallakurichi,2025-01-07 11:44:28,EMERGING_ZONE,HIGH,RESOLVED,Statistically significant pattern change observed in Kallakurichi jurisdiction.,78
ALT-2026-00572,19,Cuddalore,2026-03-14 03:37:30,RAPID_INCREASE,CRITICAL,VERIFIED_ACTIONED,Statistically significant pattern change observed in Cuddalore jurisdiction.,71
ALT-2026-00573,8,Tiruppur,2026-05-15 06:06:59,HIGH_RISK_LOW_CONFIDENCE,ADVISORY,ASSIGNED_FOR_TRIAGE,Statistically significant pattern change observed in Tiruppur jurisdiction.,67
ALT-2026-00574,30,Ramanathapuram,2025-01-05 12:48:26,HIGH_RISK_LOW_CONFIDENCE,MEDIUM,RESOLVED,Statistically significant pattern change observed in Ramanathapuram jurisdiction.,70
ALT-2026-00575,37,Tirupathur,2025-02-20 23:26:56,EMERGING_ZONE,MEDIUM,ACTIVE_UNASSIGNED,Statistically significant pattern change observed in Tirupathur jurisdiction.,89
ALT-2026-00576,38,Tiruvannamalai,2026-01-04 05:06:28,CORRIDOR_SURGE,HIGH,VERIFIED_ACTIONED,Statistically significant pattern change observed in Tiruvannamalai jurisdiction.,69
ALT-2026-00577,27,Perambalur,2025-10-31 20:06:32,EMERGING_ZONE,HIGH,ACTIVE_UNASSIGNED,Statistically significant pattern change observed in Perambalur jurisdiction.,81
ALT-2026-00578,18,Tiruvallur,2024-12-31 16:41:26,RAPID_INCREASE,HIGH,ASSIGNED_FOR_TRIAGE,Statistically significant pattern change observed in Tiruvallur jurisdiction.,81
ALT-2026-00579,1,Chennai,2026-05-19 12:28:09,HIGH_RISK_LOW_CONFIDENCE,HIGH,ACTIVE_UNASSIGNED,Statistically significant pattern change observed in Chennai jurisdiction.,70
ALT-2026-00580,27,Perambalur,2026-01-18 10:54:43,HIGH_RISK_LOW_CONFIDENCE,CRITICAL,RESOLVED,Statistically significant pattern change observed in Perambalur jurisdiction.,82
ALT-2026-00581,29,Sivaganga,2026-02-26 09:31:39,DATA_ANOMALY,MEDIUM,RESOLVED,Statistically significant pattern change observed in Sivaganga jurisdiction.,71
ALT-2026-00582,38,Tiruvannamalai,2024-11-14 19:34:45,EMERGING_ZONE,CRITICAL,ACTIVE_UNASSIGNED,Statistically significant pattern change observed in Tiruvannamalai jurisdiction.,68
ALT-2026-00583,24,Nilgiris,2026-03-20 21:57:06,NEW_SIGNAL,HIGH,RESOLVED,Statistically significant pattern change observed in Nilgiris jurisdiction.,77
ALT-2026-00584,27,Perambalur,2025-11-24 23:58:35,RAPID_INCREASE,HIGH,RESOLVED,Statistically significant pattern change observed in Perambalur jurisdiction.,84
ALT-2026-00585,34,Nagapattinam,2025-11-11 13:11:46,EMERGING_ZONE,CRITICAL,ASSIGNED_FOR_TRIAGE,Statistically significant pattern change observed in Nagapattinam jurisdiction.,71
ALT-2026-00586,28,Pudukkottai,2024-09-24 21:44:35,CORRIDOR_SURGE,CRITICAL,ACTIVE_UNASSIGNED,Statistically significant pattern change observed in Pudukkottai jurisdiction.,80
ALT-2026-00587,38,Tiruvannamalai,2026-01-23 23:25:34,CORRIDOR_SURGE,HIGH,RESOLVED,Statistically significant pattern change observed in Tiruvannamalai jurisdiction.,80
ALT-2026-00588,7,Erode,2025-09-24 13:06:25,HIGH_RISK_LOW_CONFIDENCE,HIGH,ASSIGNED_FOR_TRIAGE,Statistically significant pattern change observed in Erode jurisdiction.,78
ALT-2026-00589,30,Ramanathapuram,2025-12-31 11:19:51,NEW_SIGNAL,ADVISORY,ACTIVE_UNASSIGNED,Statistically significant pattern change observed in Ramanathapuram jurisdiction.,84
ALT-2026-00590,35,Mayiladuthurai,2026-06-19 02:44:19,HIGH_RISK_LOW_CONFIDENCE,MEDIUM,ASSIGNED_FOR_TRIAGE,Statistically significant pattern change observed in Mayiladuthurai jurisdiction.,74
ALT-2026-00591,18,Tiruvallur,2025-02-09 18:40:19,DATA_ANOMALY,ADVISORY,ACTIVE_UNASSIGNED,Statistically significant pattern change observed in Tiruvallur jurisdiction.,71
ALT-2026-00592,19,Cuddalore,2024-11-07 13:52:41,EMERGING_ZONE,MEDIUM,ACTIVE_UNASSIGNED,Statistically significant pattern change observed in Cuddalore jurisdiction.,76
ALT-2026-00593,17,Chengalpattu,2026-08-16 00:08:57,HIGH_RISK_LOW_CONFIDENCE,ADVISORY,ASSIGNED_FOR_TRIAGE,Statistically significant pattern change observed in Chengalpattu jurisdiction.,87
ALT-2026-00594,37,Tirupathur,2026-01-07 09:15:14,EMERGING_ZONE,CRITICAL,RESOLVED,Statistically significant pattern change observed in Tirupathur jurisdiction.,65
ALT-2026-00595,9,Vellore,2024-10-22 10:13:14,NEW_SIGNAL,ADVISORY,ASSIGNED_FOR_TRIAGE,Statistically significant pattern change observed in Vellore jurisdiction.,90
ALT-2026-00596,27,Perambalur,2025-02-19 21:35:13,CORRIDOR_SURGE,HIGH,RESOLVED,Statistically significant pattern change observed in Perambalur jurisdiction.,68
ALT-2026-00597,18,Tiruvallur,2026-02-06 15:16:38,RAPID_INCREASE,ADVISORY,VERIFIED_ACTIONED,Statistically significant pattern change observed in Tiruvallur jurisdiction.,84
ALT-2026-00598,9,Vellore,2025-11-10 20:05:42,EMERGING_ZONE,ADVISORY,ASSIGNED_FOR_TRIAGE,Statistically significant pattern change observed in Vellore jurisdiction.,66
ALT-2026-00599,38,Tiruvannamalai,2025-02-14 04:11:55,DATA_ANOMALY,CRITICAL,ASSIGNED_FOR_TRIAGE,Statistically significant pattern change observed in Tiruvannamalai jurisdiction.,92
ALT-2026-00600,26,Ariyalur,2026-04-23 09:34:17,RAPID_INCREASE,MEDIUM,ACTIVE_UNASSIGNED,Statistically significant pattern change observed in Ariyalur jurisdiction.,88
ALT-2026-00601,26,Ariyalur,2026-04-27 02:38:45,DATA_ANOMALY,ADVISORY,RESOLVED,Statistically significant pattern change observed in Ariyalur jurisdiction.,67
ALT-2026-00602,13,Thoothukudi,2025-11-29 19:54:05,HIGH_RISK_LOW_CONFIDENCE,MEDIUM,RESOLVED,Statistically significant pattern change observed in Thoothukudi jurisdiction.,81
ALT-2026-00603,25,Karur,2026-04-27 15:13:15,NEW_SIGNAL,ADVISORY,ASSIGNED_FOR_TRIAGE,Statistically significant pattern change observed in Karur jurisdiction.,76
ALT-2026-00604,30,Ramanathapuram,2025-12-30 09:57:30,DATA_ANOMALY,ADVISORY,VERIFIED_ACTIONED,Statistically significant pattern change observed in Ramanathapuram jurisdiction.,80
ALT-2026-00605,33,Thiruvarur,2025-07-25 05:56:00,EMERGING_ZONE,CRITICAL,VERIFIED_ACTIONED,Statistically significant pattern change observed in Thiruvarur jurisdiction.,89
ALT-2026-00606,29,Sivaganga,2025-10-07 20:56:19,DATA_ANOMALY,ADVISORY,RESOLVED,Statistically significant pattern change observed in Sivaganga jurisdiction.,94
ALT-2026-00607,23,Namakkal,2024-12-10 21:13:02,DATA_ANOMALY,HIGH,RESOLVED,Statistically significant pattern change observed in Namakkal jurisdiction.,67
ALT-2026-00608,6,Tirunelveli,2024-12-28 13:42:28,CORRIDOR_SURGE,HIGH,RESOLVED,Statistically significant pattern change observed in Tirunelveli jurisdiction.,70
ALT-2026-00609,3,Madurai,2025-03-24 22:14:08,DATA_ANOMALY,HIGH,ASSIGNED_FOR_TRIAGE,Statistically significant pattern change observed in Madurai jurisdiction.,86
ALT-2026-00610,24,Nilgiris,2026-08-15 03:43:01,RAPID_INCREASE,ADVISORY,ASSIGNED_FOR_TRIAGE,Statistically significant pattern change observed in Nilgiris jurisdiction.,69
ALT-2026-00611,30,Ramanathapuram,2026-03-04 15:51:30,RAPID_INCREASE,MEDIUM,ASSIGNED_FOR_TRIAGE,Statistically significant pattern change observed in Ramanathapuram jurisdiction.,87
ALT-2026-00612,16,Kancheepuram,2025-06-19 10:54:06,CORRIDOR_SURGE,MEDIUM,ASSIGNED_FOR_TRIAGE,Statistically significant pattern change observed in Kancheepuram jurisdiction.,84
ALT-2026-00613,19,Cuddalore,2026-07-04 15:30:00,DATA_ANOMALY,CRITICAL,RESOLVED,Statistically significant pattern change observed in Cuddalore jurisdiction.,87
ALT-2026-00614,7,Erode,2025-04-16 10:40:53,NEW_SIGNAL,CRITICAL,ASSIGNED_FOR_TRIAGE,Statistically significant pattern change observed in Erode jurisdiction.,78
ALT-2026-00615,35,Mayiladuthurai,2025-03-07 09:12:55,RAPID_INCREASE,HIGH,VERIFIED_ACTIONED,Statistically significant pattern change observed in Mayiladuthurai jurisdiction.,96
ALT-2026-00616,33,Thiruvarur,2025-05-15 19:02:16,DATA_ANOMALY,CRITICAL,RESOLVED,Statistically significant pattern change observed in Thiruvarur jurisdiction.,81
ALT-2026-00617,11,Dindigul,2026-03-08 02:21:35,RAPID_INCREASE,CRITICAL,RESOLVED,Statistically significant pattern change observed in Dindigul jurisdiction.,77
ALT-2026-00618,16,Kancheepuram,2026-03-02 10:38:35,CORRIDOR_SURGE,CRITICAL,ACTIVE_UNASSIGNED,Statistically significant pattern change observed in Kancheepuram jurisdiction.,78
ALT-2026-00619,14,Kanniyakumari,2026-05-03 04:07:32,RAPID_INCREASE,ADVISORY,ASSIGNED_FOR_TRIAGE,Statistically significant pattern change observed in Kanniyakumari jurisdiction.,89
ALT-2026-00620,23,Namakkal,2025-05-31 11:58:09,CORRIDOR_SURGE,HIGH,ACTIVE_UNASSIGNED,Statistically significant pattern change observed in Namakkal jurisdiction.,93
ALT-2026-00621,34,Nagapattinam,2026-05-03 16:11:15,EMERGING_ZONE,HIGH,ASSIGNED_FOR_TRIAGE,Statistically significant pattern change observed in Nagapattinam jurisdiction.,78
ALT-2026-00622,3,Madurai,2025-07-29 03:57:36,HIGH_RISK_LOW_CONFIDENCE,MEDIUM,RESOLVED,Statistically significant pattern change observed in Madurai jurisdiction.,67
ALT-2026-00623,30,Ramanathapuram,2025-04-10 19:52:22,RAPID_INCREASE,ADVISORY,ACTIVE_UNASSIGNED,Statistically significant pattern change observed in Ramanathapuram jurisdiction.,65
ALT-2026-00624,25,Karur,2025-04-07 18:04:00,DATA_ANOMALY,CRITICAL,ASSIGNED_FOR_TRIAGE,Statistically significant pattern change observed in Karur jurisdiction.,68
ALT-2026-00625,22,Dharmapuri,2025-01-05 01:39:48,EMERGING_ZONE,CRITICAL,ACTIVE_UNASSIGNED,Statistically significant pattern change observed in Dharmapuri jurisdiction.,96
ALT-2026-00626,29,Sivaganga,2025-10-25 21:34:16,NEW_SIGNAL,HIGH,RESOLVED,Statistically significant pattern change observed in Sivaganga jurisdiction.,76
ALT-2026-00627,21,Kallakurichi,2025-08-08 23:14:52,CORRIDOR_SURGE,ADVISORY,ACTIVE_UNASSIGNED,Statistically significant pattern change observed in Kallakurichi jurisdiction.,76
ALT-2026-00628,2,Coimbatore,2025-02-11 00:02:09,HIGH_RISK_LOW_CONFIDENCE,CRITICAL,ASSIGNED_FOR_TRIAGE,Statistically significant pattern change observed in Coimbatore jurisdiction.,68
ALT-2026-00629,30,Ramanathapuram,2026-03-17 01:21:27,EMERGING_ZONE,CRITICAL,RESOLVED,Statistically significant pattern change observed in Ramanathapuram jurisdiction.,66
ALT-2026-00630,6,Tirunelveli,2026-03-10 20:26:03,CORRIDOR_SURGE,MEDIUM,ASSIGNED_FOR_TRIAGE,Statistically significant pattern change observed in Tirunelveli jurisdiction.,96
ALT-2026-00631,13,Thoothukudi,2026-08-11 09:09:07,HIGH_RISK_LOW_CONFIDENCE,HIGH,ASSIGNED_FOR_TRIAGE,Statistically significant pattern change observed in Thoothukudi jurisdiction.,65
ALT-2026-00632,36,Ranipet,2024-10-29 18:45:04,RAPID_INCREASE,ADVISORY,ASSIGNED_FOR_TRIAGE,Statistically significant pattern change observed in Ranipet jurisdiction.,71
ALT-2026-00633,17,Chengalpattu,2025-12-18 07:18:00,RAPID_INCREASE,CRITICAL,VERIFIED_ACTIONED,Statistically significant pattern change observed in Chengalpattu jurisdiction.,87
ALT-2026-00634,31,Virudhunagar,2025-09-09 13:14:46,EMERGING_ZONE,ADVISORY,ASSIGNED_FOR_TRIAGE,Statistically significant pattern change observed in Virudhunagar jurisdiction.,76
ALT-2026-00635,1,Chennai,2025-02-07 15:22:45,EMERGING_ZONE,HIGH,RESOLVED,Statistically significant pattern change observed in Chennai jurisdiction.,74
ALT-2026-00636,18,Tiruvallur,2025-03-12 23:39:23,DATA_ANOMALY,MEDIUM,RESOLVED,Statistically significant pattern change observed in Tiruvallur jurisdiction.,91
ALT-2026-00637,37,Tirupathur,2025-06-01 17:01:23,DATA_ANOMALY,CRITICAL,RESOLVED,Statistically significant pattern change observed in Tirupathur jurisdiction.,87
ALT-2026-00638,8,Tiruppur,2025-06-18 07:40:37,HIGH_RISK_LOW_CONFIDENCE,CRITICAL,VERIFIED_ACTIONED,Statistically significant pattern change observed in Tiruppur jurisdiction.,88
ALT-2026-00639,37,Tirupathur,2026-04-15 23:00:08,EMERGING_ZONE,HIGH,ASSIGNED_FOR_TRIAGE,Statistically significant pattern change observed in Tirupathur jurisdiction.,96
ALT-2026-00640,8,Tiruppur,2025-06-12 17:14:16,DATA_ANOMALY,HIGH,ASSIGNED_FOR_TRIAGE,Statistically significant pattern change observed in Tiruppur jurisdiction.,70
ALT-2026-00641,19,Cuddalore,2025-01-03 07:12:43,CORRIDOR_SURGE,ADVISORY,RESOLVED,Statistically significant pattern change observed in Cuddalore jurisdiction.,73
ALT-2026-00642,2,Coimbatore,2024-11-10 00:31:54,RAPID_INCREASE,CRITICAL,VERIFIED_ACTIONED,Statistically significant pattern change observed in Coimbatore jurisdiction.,94
ALT-2026-00643,1,Chennai,2025-11-09 19:54:47,RAPID_INCREASE,ADVISORY,VERIFIED_ACTIONED,Statistically significant pattern change observed in Chennai jurisdiction.,87
ALT-2026-00644,14,Kanniyakumari,2026-06-11 16:55:04,DATA_ANOMALY,HIGH,RESOLVED,Statistically significant pattern change observed in Kanniyakumari jurisdiction.,77
ALT-2026-00645,18,Tiruvallur,2025-02-21 23:30:09,NEW_SIGNAL,ADVISORY,ASSIGNED_FOR_TRIAGE,Statistically significant pattern change observed in Tiruvallur jurisdiction.,93
ALT-2026-00646,19,Cuddalore,2026-06-16 06:00:33,CORRIDOR_SURGE,ADVISORY,ACTIVE_UNASSIGNED,Statistically significant pattern change observed in Cuddalore jurisdiction.,73
ALT-2026-00647,19,Cuddalore,2025-05-05 03:14:18,DATA_ANOMALY,MEDIUM,VERIFIED_ACTIONED,Statistically significant pattern change observed in Cuddalore jurisdiction.,95
ALT-2026-00648,6,Tirunelveli,2026-07-10 22:51:19,RAPID_INCREASE,HIGH,RESOLVED,Statistically significant pattern change observed in Tirunelveli jurisdiction.,93
ALT-2026-00649,33,Thiruvarur,2025-11-04 11:05:24,EMERGING_ZONE,CRITICAL,ASSIGNED_FOR_TRIAGE,Statistically significant pattern change observed in Thiruvarur jurisdiction.,78
ALT-2026-00650,6,Tirunelveli,2026-08-07 16:42:30,CORRIDOR_SURGE,HIGH,VERIFIED_ACTIONED,Statistically significant pattern change observed in Tirunelveli jurisdiction.,92
ALT-2026-00651,31,Virudhunagar,2025-07-06 10:07:43,RAPID_INCREASE,MEDIUM,ASSIGNED_FOR_TRIAGE,Statistically significant pattern change observed in Virudhunagar jurisdiction.,86
ALT-2026-00652,29,Sivaganga,2026-06-24 15:11:27,CORRIDOR_SURGE,CRITICAL,VERIFIED_ACTIONED,Statistically significant pattern change observed in Sivaganga jurisdiction.,75
ALT-2026-00653,24,Nilgiris,2026-04-12 17:25:14,EMERGING_ZONE,HIGH,ACTIVE_UNASSIGNED,Statistically significant pattern change observed in Nilgiris jurisdiction.,83
ALT-2026-00654,22,Dharmapuri,2024-11-16 20:24:35,DATA_ANOMALY,HIGH,RESOLVED,Statistically significant pattern change observed in Dharmapuri jurisdiction.,83
ALT-2026-00655,14,Kanniyakumari,2025-08-16 23:29:28,RAPID_INCREASE,CRITICAL,RESOLVED,Statistically significant pattern change observed in Kanniyakumari jurisdiction.,82
ALT-2026-00656,8,Tiruppur,2025-02-10 16:16:31,NEW_SIGNAL,CRITICAL,ASSIGNED_FOR_TRIAGE,Statistically significant pattern change observed in Tiruppur jurisdiction.,91
ALT-2026-00657,34,Nagapattinam,2026-02-23 03:59:20,HIGH_RISK_LOW_CONFIDENCE,CRITICAL,VERIFIED_ACTIONED,Statistically significant pattern change observed in Nagapattinam jurisdiction.,78
ALT-2026-00658,27,Perambalur,2024-09-29 00:08:16,RAPID_INCREASE,CRITICAL,ACTIVE_UNASSIGNED,Statistically significant pattern change observed in Perambalur jurisdiction.,75
ALT-2026-00659,24,Nilgiris,2026-06-16 18:39:16,RAPID_INCREASE,CRITICAL,ACTIVE_UNASSIGNED,Statistically significant pattern change observed in Nilgiris jurisdiction.,72
ALT-2026-00660,36,Ranipet,2026-07-26 00:55:04,DATA_ANOMALY,MEDIUM,ASSIGNED_FOR_TRIAGE,Statistically significant pattern change observed in Ranipet jurisdiction.,89
ALT-2026-00661,16,Kancheepuram,2025-02-13 03:38:41,HIGH_RISK_LOW_CONFIDENCE,ADVISORY,ACTIVE_UNASSIGNED,Statistically significant pattern change observed in Kancheepuram jurisdiction.,79
ALT-2026-00662,1,Chennai,2024-10-18 02:05:33,HIGH_RISK_LOW_CONFIDENCE,CRITICAL,ASSIGNED_FOR_TRIAGE,Statistically significant pattern change observed in Chennai jurisdiction.,69
ALT-2026-00663,2,Coimbatore,2025-04-13 02:48:07,CORRIDOR_SURGE,CRITICAL,ACTIVE_UNASSIGNED,Statistically significant pattern change observed in Coimbatore jurisdiction.,93
ALT-2026-00664,14,Kanniyakumari,2025-07-20 20:47:27,DATA_ANOMALY,ADVISORY,VERIFIED_ACTIONED,Statistically significant pattern change observed in Kanniyakumari jurisdiction.,79
ALT-2026-00665,37,Tirupathur,2026-08-19 09:21:06,NEW_SIGNAL,HIGH,ACTIVE_UNASSIGNED,Statistically significant pattern change observed in Tirupathur jurisdiction.,81
ALT-2026-00666,2,Coimbatore,2024-11-20 17:33:22,RAPID_INCREASE,CRITICAL,ASSIGNED_FOR_TRIAGE,Statistically significant pattern change observed in Coimbatore jurisdiction.,84
ALT-2026-00667,2,Coimbatore,2024-10-13 07:17:01,HIGH_RISK_LOW_CONFIDENCE,MEDIUM,ACTIVE_UNASSIGNED,Statistically significant pattern change observed in Coimbatore jurisdiction.,93
ALT-2026-00668,13,Thoothukudi,2025-07-17 23:41:25,NEW_SIGNAL,ADVISORY,RESOLVED,Statistically significant pattern change observed in Thoothukudi jurisdiction.,86
ALT-2026-00669,15,Tenkasi,2026-02-26 06:05:35,RAPID_INCREASE,ADVISORY,VERIFIED_ACTIONED,Statistically significant pattern change observed in Tenkasi jurisdiction.,84
ALT-2026-00670,32,Theni,2025-01-13 04:34:52,HIGH_RISK_LOW_CONFIDENCE,HIGH,ACTIVE_UNASSIGNED,Statistically significant pattern change observed in Theni jurisdiction.,67
ALT-2026-00671,8,Tiruppur,2025-07-31 08:48:39,RAPID_INCREASE,ADVISORY,RESOLVED,Statistically significant pattern change observed in Tiruppur jurisdiction.,85
ALT-2026-00672,9,Vellore,2024-11-07 11:29:18,EMERGING_ZONE,HIGH,VERIFIED_ACTIONED,Statistically significant pattern change observed in Vellore jurisdiction.,79
ALT-2026-00673,33,Thiruvarur,2025-10-17 10:20:42,RAPID_INCREASE,MEDIUM,ACTIVE_UNASSIGNED,Statistically significant pattern change observed in Thiruvarur jurisdiction.,80
ALT-2026-00674,29,Sivaganga,2024-09-20 23:52:34,CORRIDOR_SURGE,ADVISORY,ASSIGNED_FOR_TRIAGE,Statistically significant pattern change observed in Sivaganga jurisdiction.,83
ALT-2026-00675,13,Thoothukudi,2026-06-04 03:22:08,NEW_SIGNAL,ADVISORY,VERIFIED_ACTIONED,Statistically significant pattern change observed in Thoothukudi jurisdiction.,78
ALT-2026-00676,26,Ariyalur,2026-02-05 03:27:18,HIGH_RISK_LOW_CONFIDENCE,CRITICAL,VERIFIED_ACTIONED,Statistically significant pattern change observed in Ariyalur jurisdiction.,86
ALT-2026-00677,8,Tiruppur,2025-08-27 17:01:42,NEW_SIGNAL,ADVISORY,VERIFIED_ACTIONED,Statistically significant pattern change observed in Tiruppur jurisdiction.,75
ALT-2026-00678,34,Nagapattinam,2026-02-20 00:07:41,NEW_SIGNAL,ADVISORY,RESOLVED,Statistically significant pattern change observed in Nagapattinam jurisdiction.,94
ALT-2026-00679,36,Ranipet,2026-08-18 13:02:17,RAPID_INCREASE,ADVISORY,RESOLVED,Statistically significant pattern change observed in Ranipet jurisdiction.,80
ALT-2026-00680,12,Thanjavur,2025-04-17 03:56:52,NEW_SIGNAL,ADVISORY,VERIFIED_ACTIONED,Statistically significant pattern change observed in Thanjavur jurisdiction.,84
ALT-2026-00681,22,Dharmapuri,2025-03-15 12:51:50,CORRIDOR_SURGE,MEDIUM,ASSIGNED_FOR_TRIAGE,Statistically significant pattern change observed in Dharmapuri jurisdiction.,66
ALT-2026-00682,29,Sivaganga,2026-01-19 18:43:01,NEW_SIGNAL,MEDIUM,ACTIVE_UNASSIGNED,Statistically significant pattern change observed in Sivaganga jurisdiction.,74
ALT-2026-00683,10,Krishnagiri,2026-08-17 15:21:39,EMERGING_ZONE,MEDIUM,VERIFIED_ACTIONED,Statistically significant pattern change observed in Krishnagiri jurisdiction.,95
ALT-2026-00684,20,Viluppuram,2025-01-06 17:46:52,NEW_SIGNAL,HIGH,ASSIGNED_FOR_TRIAGE,Statistically significant pattern change observed in Viluppuram jurisdiction.,88
ALT-2026-00685,10,Krishnagiri,2026-02-13 22:23:30,DATA_ANOMALY,ADVISORY,ASSIGNED_FOR_TRIAGE,Statistically significant pattern change observed in Krishnagiri jurisdiction.,72
ALT-2026-00686,36,Ranipet,2026-03-17 09:04:56,NEW_SIGNAL,ADVISORY,VERIFIED_ACTIONED,Statistically significant pattern change observed in Ranipet jurisdiction.,67
ALT-2026-00687,21,Kallakurichi,2026-07-13 10:09:13,NEW_SIGNAL,HIGH,RESOLVED,Statistically significant pattern change observed in Kallakurichi jurisdiction.,67
ALT-2026-00688,24,Nilgiris,2026-03-05 20:34:17,EMERGING_ZONE,HIGH,VERIFIED_ACTIONED,Statistically significant pattern change observed in Nilgiris jurisdiction.,68
ALT-2026-00689,11,Dindigul,2025-12-04 01:35:58,NEW_SIGNAL,CRITICAL,VERIFIED_ACTIONED,Statistically significant pattern change observed in Dindigul jurisdiction.,87
ALT-2026-00690,29,Sivaganga,2024-11-05 02:06:13,CORRIDOR_SURGE,MEDIUM,VERIFIED_ACTIONED,Statistically significant pattern change observed in Sivaganga jurisdiction.,80
ALT-2026-00691,22,Dharmapuri,2025-09-02 19:49:22,EMERGING_ZONE,MEDIUM,VERIFIED_ACTIONED,Statistically significant pattern change observed in Dharmapuri jurisdiction.,78
ALT-2026-00692,7,Erode,2025-10-20 00:08:39,HIGH_RISK_LOW_CONFIDENCE,MEDIUM,ACTIVE_UNASSIGNED,Statistically significant pattern change observed in Erode jurisdiction.,76
ALT-2026-00693,8,Tiruppur,2025-03-05 12:43:48,NEW_SIGNAL,CRITICAL,ASSIGNED_FOR_TRIAGE,Statistically significant pattern change observed in Tiruppur jurisdiction.,90
ALT-2026-00694,14,Kanniyakumari,2025-06-14 03:57:51,CORRIDOR_SURGE,MEDIUM,RESOLVED,Statistically significant pattern change observed in Kanniyakumari jurisdiction.,93
ALT-2026-00695,9,Vellore,2024-11-17 03:43:58,EMERGING_ZONE,ADVISORY,VERIFIED_ACTIONED,Statistically significant pattern change observed in Vellore jurisdiction.,65
ALT-2026-00696,25,Karur,2025-06-11 16:06:26,DATA_ANOMALY,HIGH,ASSIGNED_FOR_TRIAGE,Statistically significant pattern change observed in Karur jurisdiction.,84
ALT-2026-00697,17,Chengalpattu,2025-08-12 10:52:00,RAPID_INCREASE,MEDIUM,ACTIVE_UNASSIGNED,Statistically significant pattern change observed in Chengalpattu jurisdiction.,67
ALT-2026-00698,19,Cuddalore,2025-08-18 15:14:40,CORRIDOR_SURGE,ADVISORY,VERIFIED_ACTIONED,Statistically significant pattern change observed in Cuddalore jurisdiction.,92
ALT-2026-00699,14,Kanniyakumari,2026-04-16 11:04:47,HIGH_RISK_LOW_CONFIDENCE,ADVISORY,ACTIVE_UNASSIGNED,Statistically significant pattern change observed in Kanniyakumari jurisdiction.,88
ALT-2026-00700,22,Dharmapuri,2025-03-20 16:00:35,EMERGING_ZONE,HIGH,RESOLVED,Statistically significant pattern change observed in Dharmapuri jurisdiction.,73
ALT-2026-00701,19,Cuddalore,2025-12-08 15:00:41,RAPID_INCREASE,CRITICAL,ASSIGNED_FOR_TRIAGE,Statistically significant pattern change observed in Cuddalore jurisdiction.,87
ALT-2026-00702,33,Thiruvarur,2025-04-18 04:53:32,EMERGING_ZONE,MEDIUM,VERIFIED_ACTIONED,Statistically significant pattern change observed in Thiruvarur jurisdiction.,67
ALT-2026-00703,18,Tiruvallur,2026-04-04 18:07:06,CORRIDOR_SURGE,ADVISORY,VERIFIED_ACTIONED,Statistically significant pattern change observed in Tiruvallur jurisdiction.,89
ALT-2026-00704,37,Tirupathur,2025-11-10 19:29:08,NEW_SIGNAL,MEDIUM,ASSIGNED_FOR_TRIAGE,Statistically significant pattern change observed in Tirupathur jurisdiction.,91
ALT-2026-00705,12,Thanjavur,2026-05-03 01:31:01,EMERGING_ZONE,MEDIUM,ASSIGNED_FOR_TRIAGE,Statistically significant pattern change observed in Thanjavur jurisdiction.,70
ALT-2026-00706,22,Dharmapuri,2026-08-01 22:10:24,NEW_SIGNAL,HIGH,ASSIGNED_FOR_TRIAGE,Statistically significant pattern change observed in Dharmapuri jurisdiction.,96
ALT-2026-00707,14,Kanniyakumari,2026-06-20 01:33:13,DATA_ANOMALY,ADVISORY,RESOLVED,Statistically significant pattern change observed in Kanniyakumari jurisdiction.,88
ALT-2026-00708,14,Kanniyakumari,2025-10-23 15:31:04,RAPID_INCREASE,HIGH,ACTIVE_UNASSIGNED,Statistically significant pattern change observed in Kanniyakumari jurisdiction.,71
ALT-2026-00709,3,Madurai,2026-05-18 07:52:20,CORRIDOR_SURGE,MEDIUM,ASSIGNED_FOR_TRIAGE,Statistically significant pattern change observed in Madurai jurisdiction.,71
ALT-2026-00710,33,Thiruvarur,2025-02-20 14:51:23,CORRIDOR_SURGE,ADVISORY,ASSIGNED_FOR_TRIAGE,Statistically significant pattern change observed in Thiruvarur jurisdiction.,72
ALT-2026-00711,12,Thanjavur,2026-08-13 03:31:55,EMERGING_ZONE,HIGH,RESOLVED,Statistically significant pattern change observed in Thanjavur jurisdiction.,74
ALT-2026-00712,21,Kallakurichi,2025-02-16 23:23:17,RAPID_INCREASE,ADVISORY,ACTIVE_UNASSIGNED,Statistically significant pattern change observed in Kallakurichi jurisdiction.,94
ALT-2026-00713,36,Ranipet,2024-12-21 01:31:39,HIGH_RISK_LOW_CONFIDENCE,CRITICAL,RESOLVED,Statistically significant pattern change observed in Ranipet jurisdiction.,65
ALT-2026-00714,4,Salem,2025-09-29 21:09:32,RAPID_INCREASE,CRITICAL,ASSIGNED_FOR_TRIAGE,Statistically significant pattern change observed in Salem jurisdiction.,69
ALT-2026-00715,35,Mayiladuthurai,2025-12-12 18:59:34,EMERGING_ZONE,HIGH,VERIFIED_ACTIONED,Statistically significant pattern change observed in Mayiladuthurai jurisdiction.,91
ALT-2026-00716,15,Tenkasi,2026-07-08 12:10:45,DATA_ANOMALY,CRITICAL,VERIFIED_ACTIONED,Statistically significant pattern change observed in Tenkasi jurisdiction.,68
ALT-2026-00717,37,Tirupathur,2026-03-26 14:16:06,EMERGING_ZONE,CRITICAL,RESOLVED,Statistically significant pattern change observed in Tirupathur jurisdiction.,73
ALT-2026-00718,25,Karur,2026-05-28 15:13:45,DATA_ANOMALY,ADVISORY,RESOLVED,Statistically significant pattern change observed in Karur jurisdiction.,88
ALT-2026-00719,21,Kallakurichi,2025-06-20 19:01:58,RAPID_INCREASE,HIGH,RESOLVED,Statistically significant pattern change observed in Kallakurichi jurisdiction.,96
ALT-2026-00720,2,Coimbatore,2025-04-12 01:30:45,NEW_SIGNAL,MEDIUM,ASSIGNED_FOR_TRIAGE,Statistically significant pattern change observed in Coimbatore jurisdiction.,71
ALT-2026-00721,21,Kallakurichi,2025-03-11 23:33:55,HIGH_RISK_LOW_CONFIDENCE,CRITICAL,RESOLVED,Statistically significant pattern change observed in Kallakurichi jurisdiction.,74
ALT-2026-00722,30,Ramanathapuram,2025-04-02 22:53:21,EMERGING_ZONE,MEDIUM,VERIFIED_ACTIONED,Statistically significant pattern change observed in Ramanathapuram jurisdiction.,90
ALT-2026-00723,31,Virudhunagar,2025-07-14 02:44:07,CORRIDOR_SURGE,MEDIUM,RESOLVED,Statistically significant pattern change observed in Virudhunagar jurisdiction.,74
ALT-2026-00724,17,Chengalpattu,2026-04-01 20:20:10,HIGH_RISK_LOW_CONFIDENCE,HIGH,RESOLVED,Statistically significant pattern change observed in Chengalpattu jurisdiction.,92
ALT-2026-00725,10,Krishnagiri,2025-04-03 20:36:11,EMERGING_ZONE,CRITICAL,ASSIGNED_FOR_TRIAGE,Statistically significant pattern change observed in Krishnagiri jurisdiction.,96
ALT-2026-00726,30,Ramanathapuram,2024-11-27 22:03:55,RAPID_INCREASE,HIGH,ASSIGNED_FOR_TRIAGE,Statistically significant pattern change observed in Ramanathapuram jurisdiction.,96
ALT-2026-00727,25,Karur,2026-04-25 23:09:16,NEW_SIGNAL,HIGH,RESOLVED,Statistically significant pattern change observed in Karur jurisdiction.,90
ALT-2026-00728,24,Nilgiris,2025-08-20 15:11:38,NEW_SIGNAL,ADVISORY,ASSIGNED_FOR_TRIAGE,Statistically significant pattern change observed in Nilgiris jurisdiction.,95
ALT-2026-00729,24,Nilgiris,2025-10-14 06:52:23,RAPID_INCREASE,HIGH,ASSIGNED_FOR_TRIAGE,Statistically significant pattern change observed in Nilgiris jurisdiction.,96
ALT-2026-00730,28,Pudukkottai,2025-03-30 20:38:45,NEW_SIGNAL,ADVISORY,RESOLVED,Statistically significant pattern change observed in Pudukkottai jurisdiction.,68
ALT-2026-00731,23,Namakkal,2025-06-15 21:37:03,DATA_ANOMALY,MEDIUM,ASSIGNED_FOR_TRIAGE,Statistically significant pattern change observed in Namakkal jurisdiction.,95
ALT-2026-00732,10,Krishnagiri,2025-07-21 10:37:37,DATA_ANOMALY,ADVISORY,RESOLVED,Statistically significant pattern change observed in Krishnagiri jurisdiction.,79
ALT-2026-00733,18,Tiruvallur,2026-08-15 00:16:39,RAPID_INCREASE,HIGH,ASSIGNED_FOR_TRIAGE,Statistically significant pattern change observed in Tiruvallur jurisdiction.,94
ALT-2026-00734,16,Kancheepuram,2024-11-19 23:35:57,RAPID_INCREASE,MEDIUM,ASSIGNED_FOR_TRIAGE,Statistically significant pattern change observed in Kancheepuram jurisdiction.,74
ALT-2026-00735,30,Ramanathapuram,2024-10-19 07:53:05,NEW_SIGNAL,CRITICAL,RESOLVED,Statistically significant pattern change observed in Ramanathapuram jurisdiction.,65
ALT-2026-00736,14,Kanniyakumari,2026-01-23 02:25:17,EMERGING_ZONE,MEDIUM,ASSIGNED_FOR_TRIAGE,Statistically significant pattern change observed in Kanniyakumari jurisdiction.,67
ALT-2026-00737,24,Nilgiris,2025-08-19 07:12:07,NEW_SIGNAL,CRITICAL,RESOLVED,Statistically significant pattern change observed in Nilgiris jurisdiction.,68
ALT-2026-00738,16,Kancheepuram,2025-12-05 16:45:06,RAPID_INCREASE,CRITICAL,VERIFIED_ACTIONED,Statistically significant pattern change observed in Kancheepuram jurisdiction.,87
ALT-2026-00739,26,Ariyalur,2026-02-09 18:23:15,DATA_ANOMALY,CRITICAL,RESOLVED,Statistically significant pattern change observed in Ariyalur jurisdiction.,77
ALT-2026-00740,25,Karur,2025-06-28 16:43:30,CORRIDOR_SURGE,HIGH,ACTIVE_UNASSIGNED,Statistically significant pattern change observed in Karur jurisdiction.,89
ALT-2026-00741,5,Tiruchirappalli,2025-06-13 03:50:02,CORRIDOR_SURGE,HIGH,ACTIVE_UNASSIGNED,Statistically significant pattern change observed in Tiruchirappalli jurisdiction.,73
ALT-2026-00742,22,Dharmapuri,2024-11-06 09:35:40,EMERGING_ZONE,HIGH,VERIFIED_ACTIONED,Statistically significant pattern change observed in Dharmapuri jurisdiction.,82
ALT-2026-00743,15,Tenkasi,2025-11-22 21:08:31,CORRIDOR_SURGE,HIGH,VERIFIED_ACTIONED,Statistically significant pattern change observed in Tenkasi jurisdiction.,78
ALT-2026-00744,27,Perambalur,2024-10-04 12:37:25,EMERGING_ZONE,CRITICAL,VERIFIED_ACTIONED,Statistically significant pattern change observed in Perambalur jurisdiction.,86
ALT-2026-00745,12,Thanjavur,2025-11-06 11:33:07,HIGH_RISK_LOW_CONFIDENCE,CRITICAL,ACTIVE_UNASSIGNED,Statistically significant pattern change observed in Thanjavur jurisdiction.,76
ALT-2026-00746,15,Tenkasi,2026-01-02 10:06:57,NEW_SIGNAL,CRITICAL,VERIFIED_ACTIONED,Statistically significant pattern change observed in Tenkasi jurisdiction.,80
ALT-2026-00747,18,Tiruvallur,2024-12-07 13:26:47,DATA_ANOMALY,MEDIUM,RESOLVED,Statistically significant pattern change observed in Tiruvallur jurisdiction.,76
ALT-2026-00748,12,Thanjavur,2025-05-25 04:54:05,RAPID_INCREASE,CRITICAL,VERIFIED_ACTIONED,Statistically significant pattern change observed in Thanjavur jurisdiction.,71
ALT-2026-00749,4,Salem,2025-09-29 22:54:07,DATA_ANOMALY,CRITICAL,ASSIGNED_FOR_TRIAGE,Statistically significant pattern change observed in Salem jurisdiction.,81
ALT-2026-00750,3,Madurai,2026-01-19 02:34:19,RAPID_INCREASE,CRITICAL,ACTIVE_UNASSIGNED,Statistically significant pattern change observed in Madurai jurisdiction.,67
ALT-2026-00751,11,Dindigul,2024-12-05 18:25:02,RAPID_INCREASE,HIGH,ASSIGNED_FOR_TRIAGE,Statistically significant pattern change observed in Dindigul jurisdiction.,85
ALT-2026-00752,36,Ranipet,2026-05-25 01:34:06,NEW_SIGNAL,CRITICAL,ACTIVE_UNASSIGNED,Statistically significant pattern change observed in Ranipet jurisdiction.,81
ALT-2026-00753,6,Tirunelveli,2025-05-16 01:19:30,RAPID_INCREASE,ADVISORY,VERIFIED_ACTIONED,Statistically significant pattern change observed in Tirunelveli jurisdiction.,68
ALT-2026-00754,18,Tiruvallur,2025-12-17 22:31:23,NEW_SIGNAL,HIGH,ASSIGNED_FOR_TRIAGE,Statistically significant pattern change observed in Tiruvallur jurisdiction.,91
ALT-2026-00755,16,Kancheepuram,2025-07-30 09:14:11,CORRIDOR_SURGE,HIGH,RESOLVED,Statistically significant pattern change observed in Kancheepuram jurisdiction.,94
ALT-2026-00756,38,Tiruvannamalai,2025-12-23 15:43:23,DATA_ANOMALY,CRITICAL,VERIFIED_ACTIONED,Statistically significant pattern change observed in Tiruvannamalai jurisdiction.,91
ALT-2026-00757,23,Namakkal,2025-06-15 14:21:18,DATA_ANOMALY,CRITICAL,VERIFIED_ACTIONED,Statistically significant pattern change observed in Namakkal jurisdiction.,85
ALT-2026-00758,20,Viluppuram,2026-01-13 04:20:11,EMERGING_ZONE,HIGH,ASSIGNED_FOR_TRIAGE,Statistically significant pattern change observed in Viluppuram jurisdiction.,74
ALT-2026-00759,34,Nagapattinam,2026-07-07 03:34:09,HIGH_RISK_LOW_CONFIDENCE,MEDIUM,VERIFIED_ACTIONED,Statistically significant pattern change observed in Nagapattinam jurisdiction.,88
ALT-2026-00760,14,Kanniyakumari,2025-03-12 10:37:52,EMERGING_ZONE,MEDIUM,RESOLVED,Statistically significant pattern change observed in Kanniyakumari jurisdiction.,74
ALT-2026-00761,27,Perambalur,2025-05-31 12:02:13,EMERGING_ZONE,MEDIUM,VERIFIED_ACTIONED,Statistically significant pattern change observed in Perambalur jurisdiction.,72
ALT-2026-00762,6,Tirunelveli,2025-07-24 16:10:51,HIGH_RISK_LOW_CONFIDENCE,MEDIUM,VERIFIED_ACTIONED,Statistically significant pattern change observed in Tirunelveli jurisdiction.,81
ALT-2026-00763,11,Dindigul,2025-02-16 14:55:52,DATA_ANOMALY,CRITICAL,ASSIGNED_FOR_TRIAGE,Statistically significant pattern change observed in Dindigul jurisdiction.,75
ALT-2026-00764,3,Madurai,2025-03-24 02:30:09,RAPID_INCREASE,CRITICAL,ACTIVE_UNASSIGNED,Statistically significant pattern change observed in Madurai jurisdiction.,82
ALT-2026-00765,26,Ariyalur,2025-04-25 20:30:24,DATA_ANOMALY,CRITICAL,ACTIVE_UNASSIGNED,Statistically significant pattern change observed in Ariyalur jurisdiction.,79
ALT-2026-00766,16,Kancheepuram,2025-10-20 04:21:24,CORRIDOR_SURGE,HIGH,VERIFIED_ACTIONED,Statistically significant pattern change observed in Kancheepuram jurisdiction.,85
ALT-2026-00767,36,Ranipet,2026-01-08 17:03:49,CORRIDOR_SURGE,ADVISORY,RESOLVED,Statistically significant pattern change observed in Ranipet jurisdiction.,82
ALT-2026-00768,38,Tiruvannamalai,2024-11-28 21:58:30,RAPID_INCREASE,MEDIUM,ACTIVE_UNASSIGNED,Statistically significant pattern change observed in Tiruvannamalai jurisdiction.,90
ALT-2026-00769,2,Coimbatore,2025-06-17 05:18:33,RAPID_INCREASE,ADVISORY,ASSIGNED_FOR_TRIAGE,Statistically significant pattern change observed in Coimbatore jurisdiction.,81
ALT-2026-00770,19,Cuddalore,2026-04-04 17:40:04,DATA_ANOMALY,ADVISORY,RESOLVED,Statistically significant pattern change observed in Cuddalore jurisdiction.,83
ALT-2026-00771,14,Kanniyakumari,2025-05-02 10:56:26,NEW_SIGNAL,MEDIUM,VERIFIED_ACTIONED,Statistically significant pattern change observed in Kanniyakumari jurisdiction.,82
ALT-2026-00772,20,Viluppuram,2025-01-08 08:59:35,HIGH_RISK_LOW_CONFIDENCE,ADVISORY,VERIFIED_ACTIONED,Statistically significant pattern change observed in Viluppuram jurisdiction.,79
ALT-2026-00773,29,Sivaganga,2026-03-16 22:40:20,EMERGING_ZONE,MEDIUM,ASSIGNED_FOR_TRIAGE,Statistically significant pattern change observed in Sivaganga jurisdiction.,77
ALT-2026-00774,29,Sivaganga,2026-05-03 17:36:45,EMERGING_ZONE,ADVISORY,VERIFIED_ACTIONED,Statistically significant pattern change observed in Sivaganga jurisdiction.,83
ALT-2026-00775,3,Madurai,2024-10-17 17:36:54,EMERGING_ZONE,HIGH,VERIFIED_ACTIONED,Statistically significant pattern change observed in Madurai jurisdiction.,96
ALT-2026-00776,19,Cuddalore,2025-03-30 00:15:05,DATA_ANOMALY,ADVISORY,RESOLVED,Statistically significant pattern change observed in Cuddalore jurisdiction.,92
ALT-2026-00777,1,Chennai,2026-02-15 13:03:20,DATA_ANOMALY,ADVISORY,ACTIVE_UNASSIGNED,Statistically significant pattern change observed in Chennai jurisdiction.,90
ALT-2026-00778,26,Ariyalur,2026-05-27 09:06:23,DATA_ANOMALY,ADVISORY,ASSIGNED_FOR_TRIAGE,Statistically significant pattern change observed in Ariyalur jurisdiction.,85
ALT-2026-00779,21,Kallakurichi,2024-10-24 10:48:08,NEW_SIGNAL,ADVISORY,ASSIGNED_FOR_TRIAGE,Statistically significant pattern change observed in Kallakurichi jurisdiction.,92
ALT-2026-00780,13,Thoothukudi,2025-01-20 23:28:37,EMERGING_ZONE,CRITICAL,VERIFIED_ACTIONED,Statistically significant pattern change observed in Thoothukudi jurisdiction.,82
ALT-2026-00781,1,Chennai,2025-08-06 11:13:02,RAPID_INCREASE,CRITICAL,VERIFIED_ACTIONED,Statistically significant pattern change observed in Chennai jurisdiction.,81
ALT-2026-00782,19,Cuddalore,2024-10-20 17:56:52,DATA_ANOMALY,HIGH,RESOLVED,Statistically significant pattern change observed in Cuddalore jurisdiction.,76
ALT-2026-00783,6,Tirunelveli,2024-09-29 01:32:33,NEW_SIGNAL,ADVISORY,VERIFIED_ACTIONED,Statistically significant pattern change observed in Tirunelveli jurisdiction.,88
ALT-2026-00784,7,Erode,2024-10-27 18:22:28,HIGH_RISK_LOW_CONFIDENCE,CRITICAL,ASSIGNED_FOR_TRIAGE,Statistically significant pattern change observed in Erode jurisdiction.,90
ALT-2026-00785,17,Chengalpattu,2026-07-06 06:51:37,DATA_ANOMALY,MEDIUM,RESOLVED,Statistically significant pattern change observed in Chengalpattu jurisdiction.,92
ALT-2026-00786,22,Dharmapuri,2026-06-26 16:50:12,RAPID_INCREASE,MEDIUM,ASSIGNED_FOR_TRIAGE,Statistically significant pattern change observed in Dharmapuri jurisdiction.,87
ALT-2026-00787,16,Kancheepuram,2025-02-04 23:08:23,EMERGING_ZONE,MEDIUM,ASSIGNED_FOR_TRIAGE,Statistically significant pattern change observed in Kancheepuram jurisdiction.,86
ALT-2026-00788,23,Namakkal,2024-11-21 13:25:16,HIGH_RISK_LOW_CONFIDENCE,MEDIUM,VERIFIED_ACTIONED,Statistically significant pattern change observed in Namakkal jurisdiction.,94
ALT-2026-00789,29,Sivaganga,2025-03-10 19:40:28,NEW_SIGNAL,HIGH,VERIFIED_ACTIONED,Statistically significant pattern change observed in Sivaganga jurisdiction.,96
ALT-2026-00790,11,Dindigul,2026-07-27 10:48:51,NEW_SIGNAL,ADVISORY,VERIFIED_ACTIONED,Statistically significant pattern change observed in Dindigul jurisdiction.,80
ALT-2026-00791,25,Karur,2026-05-03 18:53:05,RAPID_INCREASE,MEDIUM,ACTIVE_UNASSIGNED,Statistically significant pattern change observed in Karur jurisdiction.,72
ALT-2026-00792,5,Tiruchirappalli,2026-03-06 23:30:17,RAPID_INCREASE,ADVISORY,ASSIGNED_FOR_TRIAGE,Statistically significant pattern change observed in Tiruchirappalli jurisdiction.,90
ALT-2026-00793,4,Salem,2025-08-02 07:46:25,DATA_ANOMALY,HIGH,ASSIGNED_FOR_TRIAGE,Statistically significant pattern change observed in Salem jurisdiction.,75
ALT-2026-00794,19,Cuddalore,2025-07-03 18:11:41,EMERGING_ZONE,HIGH,ACTIVE_UNASSIGNED,Statistically significant pattern change observed in Cuddalore jurisdiction.,92
ALT-2026-00795,19,Cuddalore,2024-12-04 07:06:53,NEW_SIGNAL,CRITICAL,ASSIGNED_FOR_TRIAGE,Statistically significant pattern change observed in Cuddalore jurisdiction.,85
ALT-2026-00796,5,Tiruchirappalli,2025-11-25 17:48:31,DATA_ANOMALY,HIGH,VERIFIED_ACTIONED,Statistically significant pattern change observed in Tiruchirappalli jurisdiction.,94
ALT-2026-00797,18,Tiruvallur,2025-03-04 06:23:54,RAPID_INCREASE,HIGH,VERIFIED_ACTIONED,Statistically significant pattern change observed in Tiruvallur jurisdiction.,78
ALT-2026-00798,21,Kallakurichi,2026-06-08 05:22:05,RAPID_INCREASE,MEDIUM,RESOLVED,Statistically significant pattern change observed in Kallakurichi jurisdiction.,83
ALT-2026-00799,21,Kallakurichi,2025-05-09 00:46:00,CORRIDOR_SURGE,CRITICAL,ACTIVE_UNASSIGNED,Statistically significant pattern change observed in Kallakurichi jurisdiction.,83
ALT-2026-00800,13,Thoothukudi,2026-08-15 00:54:54,DATA_ANOMALY,ADVISORY,ACTIVE_UNASSIGNED,Statistically significant pattern change observed in Thoothukudi jurisdiction.,81
ALT-2026-00801,8,Tiruppur,2025-04-14 06:56:01,NEW_SIGNAL,CRITICAL,VERIFIED_ACTIONED,Statistically significant pattern change observed in Tiruppur jurisdiction.,91
ALT-2026-00802,36,Ranipet,2026-07-28 13:20:10,HIGH_RISK_LOW_CONFIDENCE,HIGH,RESOLVED,Statistically significant pattern change observed in Ranipet jurisdiction.,84
ALT-2026-00803,3,Madurai,2024-11-13 05:59:35,HIGH_RISK_LOW_CONFIDENCE,HIGH,VERIFIED_ACTIONED,Statistically significant pattern change observed in Madurai jurisdiction.,72
ALT-2026-00804,34,Nagapattinam,2026-05-13 18:44:15,NEW_SIGNAL,MEDIUM,ASSIGNED_FOR_TRIAGE,Statistically significant pattern change observed in Nagapattinam jurisdiction.,89
ALT-2026-00805,22,Dharmapuri,2026-07-31 17:02:04,EMERGING_ZONE,ADVISORY,VERIFIED_ACTIONED,Statistically significant pattern change observed in Dharmapuri jurisdiction.,87
ALT-2026-00806,9,Vellore,2025-08-29 04:47:10,DATA_ANOMALY,CRITICAL,ACTIVE_UNASSIGNED,Statistically significant pattern change observed in Vellore jurisdiction.,95
ALT-2026-00807,29,Sivaganga,2026-06-18 08:38:08,NEW_SIGNAL,HIGH,VERIFIED_ACTIONED,Statistically significant pattern change observed in Sivaganga jurisdiction.,83
ALT-2026-00808,5,Tiruchirappalli,2024-11-23 11:33:56,EMERGING_ZONE,MEDIUM,VERIFIED_ACTIONED,Statistically significant pattern change observed in Tiruchirappalli jurisdiction.,86
ALT-2026-00809,15,Tenkasi,2026-01-05 10:42:09,DATA_ANOMALY,ADVISORY,ACTIVE_UNASSIGNED,Statistically significant pattern change observed in Tenkasi jurisdiction.,88
ALT-2026-00810,27,Perambalur,2026-08-17 17:55:02,CORRIDOR_SURGE,HIGH,ASSIGNED_FOR_TRIAGE,Statistically significant pattern change observed in Perambalur jurisdiction.,95
ALT-2026-00811,6,Tirunelveli,2025-04-04 09:29:23,NEW_SIGNAL,MEDIUM,ACTIVE_UNASSIGNED,Statistically significant pattern change observed in Tirunelveli jurisdiction.,69
ALT-2026-00812,32,Theni,2024-12-11 18:57:46,NEW_SIGNAL,MEDIUM,VERIFIED_ACTIONED,Statistically significant pattern change observed in Theni jurisdiction.,77
ALT-2026-00813,34,Nagapattinam,2025-10-02 19:59:11,RAPID_INCREASE,CRITICAL,VERIFIED_ACTIONED,Statistically significant pattern change observed in Nagapattinam jurisdiction.,76
ALT-2026-00814,17,Chengalpattu,2025-08-31 19:55:17,EMERGING_ZONE,HIGH,RESOLVED,Statistically significant pattern change observed in Chengalpattu jurisdiction.,82
ALT-2026-00815,22,Dharmapuri,2024-12-14 00:53:59,CORRIDOR_SURGE,HIGH,VERIFIED_ACTIONED,Statistically significant pattern change observed in Dharmapuri jurisdiction.,83
ALT-2026-00816,11,Dindigul,2024-10-02 05:26:35,DATA_ANOMALY,MEDIUM,RESOLVED,Statistically significant pattern change observed in Dindigul jurisdiction.,87
ALT-2026-00817,4,Salem,2026-05-24 04:10:56,CORRIDOR_SURGE,MEDIUM,ASSIGNED_FOR_TRIAGE,Statistically significant pattern change observed in Salem jurisdiction.,84
ALT-2026-00818,24,Nilgiris,2026-02-24 21:13:17,EMERGING_ZONE,MEDIUM,ACTIVE_UNASSIGNED,Statistically significant pattern change observed in Nilgiris jurisdiction.,92
ALT-2026-00819,21,Kallakurichi,2025-01-28 00:20:22,NEW_SIGNAL,HIGH,RESOLVED,Statistically significant pattern change observed in Kallakurichi jurisdiction.,67
ALT-2026-00820,27,Perambalur,2026-05-21 03:32:10,HIGH_RISK_LOW_CONFIDENCE,HIGH,ACTIVE_UNASSIGNED,Statistically significant pattern change observed in Perambalur jurisdiction.,84
ALT-2026-00821,21,Kallakurichi,2025-09-26 15:20:59,HIGH_RISK_LOW_CONFIDENCE,CRITICAL,ASSIGNED_FOR_TRIAGE,Statistically significant pattern change observed in Kallakurichi jurisdiction.,75
ALT-2026-00822,6,Tirunelveli,2026-08-10 09:05:56,RAPID_INCREASE,CRITICAL,ASSIGNED_FOR_TRIAGE,Statistically significant pattern change observed in Tirunelveli jurisdiction.,76
ALT-2026-00823,32,Theni,2026-04-05 17:38:55,NEW_SIGNAL,HIGH,ASSIGNED_FOR_TRIAGE,Statistically significant pattern change observed in Theni jurisdiction.,67
ALT-2026-00824,37,Tirupathur,2025-08-10 23:09:31,EMERGING_ZONE,MEDIUM,VERIFIED_ACTIONED,Statistically significant pattern change observed in Tirupathur jurisdiction.,68
ALT-2026-00825,22,Dharmapuri,2025-11-11 00:18:29,NEW_SIGNAL,MEDIUM,ACTIVE_UNASSIGNED,Statistically significant pattern change observed in Dharmapuri jurisdiction.,69
ALT-2026-00826,36,Ranipet,2025-12-24 13:57:02,CORRIDOR_SURGE,HIGH,VERIFIED_ACTIONED,Statistically significant pattern change observed in Ranipet jurisdiction.,69
ALT-2026-00827,20,Viluppuram,2026-07-10 06:55:27,EMERGING_ZONE,HIGH,RESOLVED,Statistically significant pattern change observed in Viluppuram jurisdiction.,79
ALT-2026-00828,32,Theni,2026-01-05 12:22:05,NEW_SIGNAL,HIGH,ACTIVE_UNASSIGNED,Statistically significant pattern change observed in Theni jurisdiction.,83
ALT-2026-00829,4,Salem,2025-11-24 03:51:28,HIGH_RISK_LOW_CONFIDENCE,CRITICAL,ACTIVE_UNASSIGNED,Statistically significant pattern change observed in Salem jurisdiction.,93
ALT-2026-00830,2,Coimbatore,2026-08-17 08:41:13,EMERGING_ZONE,ADVISORY,ASSIGNED_FOR_TRIAGE,Statistically significant pattern change observed in Coimbatore jurisdiction.,72
ALT-2026-00831,34,Nagapattinam,2025-01-16 08:32:21,NEW_SIGNAL,CRITICAL,RESOLVED,Statistically significant pattern change observed in Nagapattinam jurisdiction.,87
ALT-2026-00832,15,Tenkasi,2024-10-16 13:49:41,HIGH_RISK_LOW_CONFIDENCE,HIGH,VERIFIED_ACTIONED,Statistically significant pattern change observed in Tenkasi jurisdiction.,76
ALT-2026-00833,34,Nagapattinam,2026-07-04 23:10:52,HIGH_RISK_LOW_CONFIDENCE,MEDIUM,ACTIVE_UNASSIGNED,Statistically significant pattern change observed in Nagapattinam jurisdiction.,72
ALT-2026-00834,32,Theni,2025-10-19 19:16:02,EMERGING_ZONE,MEDIUM,ACTIVE_UNASSIGNED,Statistically significant pattern change observed in Theni jurisdiction.,68
ALT-2026-00835,1,Chennai,2024-12-14 10:07:24,DATA_ANOMALY,MEDIUM,VERIFIED_ACTIONED,Statistically significant pattern change observed in Chennai jurisdiction.,89
ALT-2026-00836,6,Tirunelveli,2026-08-05 22:08:44,EMERGING_ZONE,HIGH,ASSIGNED_FOR_TRIAGE,Statistically significant pattern change observed in Tirunelveli jurisdiction.,85
ALT-2026-00837,23,Namakkal,2024-12-02 05:42:48,HIGH_RISK_LOW_CONFIDENCE,HIGH,ASSIGNED_FOR_TRIAGE,Statistically significant pattern change observed in Namakkal jurisdiction.,94
ALT-2026-00838,25,Karur,2025-02-24 03:19:30,DATA_ANOMALY,CRITICAL,ACTIVE_UNASSIGNED,Statistically significant pattern change observed in Karur jurisdiction.,96
ALT-2026-00839,17,Chengalpattu,2025-12-14 06:09:38,RAPID_INCREASE,ADVISORY,ACTIVE_UNASSIGNED,Statistically significant pattern change observed in Chengalpattu jurisdiction.,75
ALT-2026-00840,31,Virudhunagar,2026-07-16 07:23:06,RAPID_INCREASE,ADVISORY,VERIFIED_ACTIONED,Statistically significant pattern change observed in Virudhunagar jurisdiction.,72
ALT-2026-00841,27,Perambalur,2025-01-16 01:18:28,RAPID_INCREASE,HIGH,VERIFIED_ACTIONED,Statistically significant pattern change observed in Perambalur jurisdiction.,69
ALT-2026-00842,25,Karur,2025-03-26 13:27:34,DATA_ANOMALY,ADVISORY,ACTIVE_UNASSIGNED,Statistically significant pattern change observed in Karur jurisdiction.,95
ALT-2026-00843,10,Krishnagiri,2025-07-18 23:33:47,CORRIDOR_SURGE,HIGH,ACTIVE_UNASSIGNED,Statistically significant pattern change observed in Krishnagiri jurisdiction.,79
ALT-2026-00844,31,Virudhunagar,2026-07-27 18:05:50,HIGH_RISK_LOW_CONFIDENCE,ADVISORY,VERIFIED_ACTIONED,Statistically significant pattern change observed in Virudhunagar jurisdiction.,71
ALT-2026-00845,29,Sivaganga,2025-10-03 21:54:21,NEW_SIGNAL,HIGH,ASSIGNED_FOR_TRIAGE,Statistically significant pattern change observed in Sivaganga jurisdiction.,90
ALT-2026-00846,25,Karur,2024-11-10 17:19:55,DATA_ANOMALY,HIGH,VERIFIED_ACTIONED,Statistically significant pattern change observed in Karur jurisdiction.,76
ALT-2026-00847,6,Tirunelveli,2025-07-28 17:57:46,EMERGING_ZONE,ADVISORY,ASSIGNED_FOR_TRIAGE,Statistically significant pattern change observed in Tirunelveli jurisdiction.,70
ALT-2026-00848,24,Nilgiris,2026-03-06 12:11:10,RAPID_INCREASE,HIGH,ASSIGNED_FOR_TRIAGE,Statistically significant pattern change observed in Nilgiris jurisdiction.,66
ALT-2026-00849,12,Thanjavur,2026-05-23 21:13:40,DATA_ANOMALY,CRITICAL,VERIFIED_ACTIONED,Statistically significant pattern change observed in Thanjavur jurisdiction.,84
ALT-2026-00850,25,Karur,2025-09-26 01:38:37,CORRIDOR_SURGE,HIGH,RESOLVED,Statistically significant pattern change observed in Karur jurisdiction.,73
ALT-2026-00851,13,Thoothukudi,2026-08-14 04:01:49,HIGH_RISK_LOW_CONFIDENCE,MEDIUM,ACTIVE_UNASSIGNED,Statistically significant pattern change observed in Thoothukudi jurisdiction.,79
ALT-2026-00852,33,Thiruvarur,2025-08-11 15:33:32,EMERGING_ZONE,HIGH,ASSIGNED_FOR_TRIAGE,Statistically significant pattern change observed in Thiruvarur jurisdiction.,94
ALT-2026-00853,34,Nagapattinam,2025-02-18 15:17:12,EMERGING_ZONE,MEDIUM,RESOLVED,Statistically significant pattern change observed in Nagapattinam jurisdiction.,91
ALT-2026-00854,18,Tiruvallur,2024-11-02 23:07:48,DATA_ANOMALY,ADVISORY,RESOLVED,Statistically significant pattern change observed in Tiruvallur jurisdiction.,82
ALT-2026-00855,19,Cuddalore,2024-10-13 20:01:56,DATA_ANOMALY,CRITICAL,ACTIVE_UNASSIGNED,Statistically significant pattern change observed in Cuddalore jurisdiction.,89
ALT-2026-00856,17,Chengalpattu,2024-12-08 00:06:41,EMERGING_ZONE,CRITICAL,VERIFIED_ACTIONED,Statistically significant pattern change observed in Chengalpattu jurisdiction.,80
ALT-2026-00857,34,Nagapattinam,2025-08-01 18:29:50,CORRIDOR_SURGE,ADVISORY,ACTIVE_UNASSIGNED,Statistically significant pattern change observed in Nagapattinam jurisdiction.,67
ALT-2026-00858,28,Pudukkottai,2024-12-16 13:07:22,HIGH_RISK_LOW_CONFIDENCE,HIGH,RESOLVED,Statistically significant pattern change observed in Pudukkottai jurisdiction.,77
ALT-2026-00859,25,Karur,2025-10-10 09:34:33,RAPID_INCREASE,HIGH,RESOLVED,Statistically significant pattern change observed in Karur jurisdiction.,95
ALT-2026-00860,13,Thoothukudi,2024-11-07 23:54:43,DATA_ANOMALY,HIGH,VERIFIED_ACTIONED,Statistically significant pattern change observed in Thoothukudi jurisdiction.,68
ALT-2026-00861,10,Krishnagiri,2026-07-19 21:29:54,CORRIDOR_SURGE,HIGH,ACTIVE_UNASSIGNED,Statistically significant pattern change observed in Krishnagiri jurisdiction.,70
ALT-2026-00862,35,Mayiladuthurai,2025-08-20 13:27:28,NEW_SIGNAL,CRITICAL,ACTIVE_UNASSIGNED,Statistically significant pattern change observed in Mayiladuthurai jurisdiction.,92
ALT-2026-00863,38,Tiruvannamalai,2025-05-16 12:03:05,DATA_ANOMALY,MEDIUM,RESOLVED,Statistically significant pattern change observed in Tiruvannamalai jurisdiction.,72
ALT-2026-00864,15,Tenkasi,2026-08-01 08:52:47,CORRIDOR_SURGE,HIGH,ASSIGNED_FOR_TRIAGE,Statistically significant pattern change observed in Tenkasi jurisdiction.,75
ALT-2026-00865,16,Kancheepuram,2024-10-26 06:02:21,HIGH_RISK_LOW_CONFIDENCE,CRITICAL,ACTIVE_UNASSIGNED,Statistically significant pattern change observed in Kancheepuram jurisdiction.,69
ALT-2026-00866,30,Ramanathapuram,2025-04-19 13:18:04,RAPID_INCREASE,CRITICAL,VERIFIED_ACTIONED,Statistically significant pattern change observed in Ramanathapuram jurisdiction.,72
ALT-2026-00867,28,Pudukkottai,2025-11-30 09:23:50,DATA_ANOMALY,CRITICAL,ACTIVE_UNASSIGNED,Statistically significant pattern change observed in Pudukkottai jurisdiction.,70
ALT-2026-00868,27,Perambalur,2026-01-31 14:37:03,CORRIDOR_SURGE,HIGH,VERIFIED_ACTIONED,Statistically significant pattern change observed in Perambalur jurisdiction.,96
ALT-2026-00869,30,Ramanathapuram,2026-03-10 08:36:01,HIGH_RISK_LOW_CONFIDENCE,HIGH,VERIFIED_ACTIONED,Statistically significant pattern change observed in Ramanathapuram jurisdiction.,72
ALT-2026-00870,4,Salem,2025-09-22 00:28:27,EMERGING_ZONE,CRITICAL,ASSIGNED_FOR_TRIAGE,Statistically significant pattern change observed in Salem jurisdiction.,87
ALT-2026-00871,14,Kanniyakumari,2024-10-31 03:36:51,RAPID_INCREASE,MEDIUM,ASSIGNED_FOR_TRIAGE,Statistically significant pattern change observed in Kanniyakumari jurisdiction.,72
ALT-2026-00872,13,Thoothukudi,2026-07-07 05:59:24,HIGH_RISK_LOW_CONFIDENCE,MEDIUM,VERIFIED_ACTIONED,Statistically significant pattern change observed in Thoothukudi jurisdiction.,87
ALT-2026-00873,25,Karur,2026-05-18 21:20:32,DATA_ANOMALY,HIGH,RESOLVED,Statistically significant pattern change observed in Karur jurisdiction.,86
ALT-2026-00874,7,Erode,2026-05-26 09:55:34,CORRIDOR_SURGE,MEDIUM,RESOLVED,Statistically significant pattern change observed in Erode jurisdiction.,82
ALT-2026-00875,3,Madurai,2024-12-06 15:30:11,NEW_SIGNAL,MEDIUM,ASSIGNED_FOR_TRIAGE,Statistically significant pattern change observed in Madurai jurisdiction.,92
ALT-2026-00876,21,Kallakurichi,2025-04-03 00:19:04,EMERGING_ZONE,ADVISORY,ASSIGNED_FOR_TRIAGE,Statistically significant pattern change observed in Kallakurichi jurisdiction.,95
ALT-2026-00877,20,Viluppuram,2026-02-18 22:05:33,RAPID_INCREASE,ADVISORY,RESOLVED,Statistically significant pattern change observed in Viluppuram jurisdiction.,69
ALT-2026-00878,30,Ramanathapuram,2025-12-09 15:16:41,RAPID_INCREASE,ADVISORY,ASSIGNED_FOR_TRIAGE,Statistically significant pattern change observed in Ramanathapuram jurisdiction.,86
ALT-2026-00879,11,Dindigul,2025-08-20 14:38:14,RAPID_INCREASE,MEDIUM,ACTIVE_UNASSIGNED,Statistically significant pattern change observed in Dindigul jurisdiction.,78
ALT-2026-00880,13,Thoothukudi,2026-08-12 15:25:50,RAPID_INCREASE,HIGH,RESOLVED,Statistically significant pattern change observed in Thoothukudi jurisdiction.,87
ALT-2026-00881,18,Tiruvallur,2025-05-25 08:14:48,DATA_ANOMALY,MEDIUM,RESOLVED,Statistically significant pattern change observed in Tiruvallur jurisdiction.,94
ALT-2026-00882,1,Chennai,2026-07-23 09:49:34,RAPID_INCREASE,CRITICAL,ASSIGNED_FOR_TRIAGE,Statistically significant pattern change observed in Chennai jurisdiction.,95
ALT-2026-00883,19,Cuddalore,2026-01-20 09:25:52,RAPID_INCREASE,HIGH,RESOLVED,Statistically significant pattern change observed in Cuddalore jurisdiction.,66
ALT-2026-00884,36,Ranipet,2025-12-29 23:39:07,CORRIDOR_SURGE,MEDIUM,ACTIVE_UNASSIGNED,Statistically significant pattern change observed in Ranipet jurisdiction.,91
ALT-2026-00885,12,Thanjavur,2025-08-13 19:38:28,CORRIDOR_SURGE,ADVISORY,ACTIVE_UNASSIGNED,Statistically significant pattern change observed in Thanjavur jurisdiction.,78
ALT-2026-00886,13,Thoothukudi,2026-08-17 09:42:14,NEW_SIGNAL,HIGH,ACTIVE_UNASSIGNED,Statistically significant pattern change observed in Thoothukudi jurisdiction.,69
ALT-2026-00887,13,Thoothukudi,2026-01-11 23:10:20,DATA_ANOMALY,MEDIUM,VERIFIED_ACTIONED,Statistically significant pattern change observed in Thoothukudi jurisdiction.,66
ALT-2026-00888,7,Erode,2024-12-05 02:56:16,HIGH_RISK_LOW_CONFIDENCE,HIGH,ASSIGNED_FOR_TRIAGE,Statistically significant pattern change observed in Erode jurisdiction.,96
ALT-2026-00889,3,Madurai,2026-05-13 06:19:16,NEW_SIGNAL,CRITICAL,ASSIGNED_FOR_TRIAGE,Statistically significant pattern change observed in Madurai jurisdiction.,75
ALT-2026-00890,17,Chengalpattu,2024-09-22 10:44:10,RAPID_INCREASE,MEDIUM,RESOLVED,Statistically significant pattern change observed in Chengalpattu jurisdiction.,88
ALT-2026-00891,17,Chengalpattu,2026-05-07 10:46:00,NEW_SIGNAL,MEDIUM,ACTIVE_UNASSIGNED,Statistically significant pattern change observed in Chengalpattu jurisdiction.,69
ALT-2026-00892,12,Thanjavur,2026-03-28 01:12:37,NEW_SIGNAL,MEDIUM,ACTIVE_UNASSIGNED,Statistically significant pattern change observed in Thanjavur jurisdiction.,79
ALT-2026-00893,6,Tirunelveli,2025-12-23 19:43:38,CORRIDOR_SURGE,ADVISORY,RESOLVED,Statistically significant pattern change observed in Tirunelveli jurisdiction.,88
ALT-2026-00894,15,Tenkasi,2026-02-01 07:20:03,CORRIDOR_SURGE,MEDIUM,ASSIGNED_FOR_TRIAGE,Statistically significant pattern change observed in Tenkasi jurisdiction.,72
ALT-2026-00895,22,Dharmapuri,2024-11-26 11:55:28,EMERGING_ZONE,CRITICAL,VERIFIED_ACTIONED,Statistically significant pattern change observed in Dharmapuri jurisdiction.,86
ALT-2026-00896,3,Madurai,2025-11-08 01:40:35,DATA_ANOMALY,HIGH,VERIFIED_ACTIONED,Statistically significant pattern change observed in Madurai jurisdiction.,96
ALT-2026-00897,17,Chengalpattu,2026-07-25 21:51:15,DATA_ANOMALY,ADVISORY,RESOLVED,Statistically significant pattern change observed in Chengalpattu jurisdiction.,70
ALT-2026-00898,33,Thiruvarur,2025-08-19 19:48:10,RAPID_INCREASE,ADVISORY,ACTIVE_UNASSIGNED,Statistically significant pattern change observed in Thiruvarur jurisdiction.,79
ALT-2026-00899,7,Erode,2026-07-05 17:15:55,HIGH_RISK_LOW_CONFIDENCE,ADVISORY,ASSIGNED_FOR_TRIAGE,Statistically significant pattern change observed in Erode jurisdiction.,87
ALT-2026-00900,36,Ranipet,2025-07-16 10:09:03,EMERGING_ZONE,CRITICAL,ACTIVE_UNASSIGNED,Statistically significant pattern change observed in Ranipet jurisdiction.,82
ALT-2026-00901,22,Dharmapuri,2025-04-02 00:37:53,HIGH_RISK_LOW_CONFIDENCE,HIGH,VERIFIED_ACTIONED,Statistically significant pattern change observed in Dharmapuri jurisdiction.,71
ALT-2026-00902,14,Kanniyakumari,2026-02-13 18:13:26,CORRIDOR_SURGE,HIGH,ASSIGNED_FOR_TRIAGE,Statistically significant pattern change observed in Kanniyakumari jurisdiction.,89
ALT-2026-00903,18,Tiruvallur,2025-10-29 14:55:24,EMERGING_ZONE,CRITICAL,ASSIGNED_FOR_TRIAGE,Statistically significant pattern change observed in Tiruvallur jurisdiction.,79
ALT-2026-00904,11,Dindigul,2026-02-02 18:07:11,RAPID_INCREASE,HIGH,RESOLVED,Statistically significant pattern change observed in Dindigul jurisdiction.,69
ALT-2026-00905,33,Thiruvarur,2024-10-11 17:24:30,NEW_SIGNAL,MEDIUM,VERIFIED_ACTIONED,Statistically significant pattern change observed in Thiruvarur jurisdiction.,93
ALT-2026-00906,38,Tiruvannamalai,2024-09-25 19:19:38,RAPID_INCREASE,HIGH,ASSIGNED_FOR_TRIAGE,Statistically significant pattern change observed in Tiruvannamalai jurisdiction.,91
ALT-2026-00907,17,Chengalpattu,2025-05-16 12:40:25,DATA_ANOMALY,MEDIUM,RESOLVED,Statistically significant pattern change observed in Chengalpattu jurisdiction.,70
ALT-2026-00908,35,Mayiladuthurai,2025-05-19 22:04:21,HIGH_RISK_LOW_CONFIDENCE,MEDIUM,RESOLVED,Statistically significant pattern change observed in Mayiladuthurai jurisdiction.,96
ALT-2026-00909,24,Nilgiris,2026-01-18 08:51:38,HIGH_RISK_LOW_CONFIDENCE,HIGH,ACTIVE_UNASSIGNED,Statistically significant pattern change observed in Nilgiris jurisdiction.,84
ALT-2026-00910,9,Vellore,2026-04-05 18:06:52,HIGH_RISK_LOW_CONFIDENCE,ADVISORY,VERIFIED_ACTIONED,Statistically significant pattern change observed in Vellore jurisdiction.,75
ALT-2026-00911,22,Dharmapuri,2026-01-22 10:40:05,RAPID_INCREASE,ADVISORY,RESOLVED,Statistically significant pattern change observed in Dharmapuri jurisdiction.,73
ALT-2026-00912,27,Perambalur,2026-03-31 07:47:58,DATA_ANOMALY,ADVISORY,ASSIGNED_FOR_TRIAGE,Statistically significant pattern change observed in Perambalur jurisdiction.,87
ALT-2026-00913,20,Viluppuram,2025-10-02 00:06:28,HIGH_RISK_LOW_CONFIDENCE,HIGH,ASSIGNED_FOR_TRIAGE,Statistically significant pattern change observed in Viluppuram jurisdiction.,76
ALT-2026-00914,2,Coimbatore,2026-08-18 00:27:35,NEW_SIGNAL,CRITICAL,VERIFIED_ACTIONED,Statistically significant pattern change observed in Coimbatore jurisdiction.,90
ALT-2026-00915,23,Namakkal,2026-01-10 03:45:24,RAPID_INCREASE,ADVISORY,ASSIGNED_FOR_TRIAGE,Statistically significant pattern change observed in Namakkal jurisdiction.,89
ALT-2026-00916,2,Coimbatore,2026-05-14 23:10:39,RAPID_INCREASE,ADVISORY,RESOLVED,Statistically significant pattern change observed in Coimbatore jurisdiction.,66
ALT-2026-00917,16,Kancheepuram,2026-06-25 04:22:18,EMERGING_ZONE,MEDIUM,RESOLVED,Statistically significant pattern change observed in Kancheepuram jurisdiction.,81
ALT-2026-00918,5,Tiruchirappalli,2025-08-31 08:33:26,DATA_ANOMALY,MEDIUM,ACTIVE_UNASSIGNED,Statistically significant pattern change observed in Tiruchirappalli jurisdiction.,91
ALT-2026-00919,10,Krishnagiri,2025-05-06 08:46:45,RAPID_INCREASE,ADVISORY,ASSIGNED_FOR_TRIAGE,Statistically significant pattern change observed in Krishnagiri jurisdiction.,66
ALT-2026-00920,10,Krishnagiri,2026-07-25 06:44:27,HIGH_RISK_LOW_CONFIDENCE,MEDIUM,ACTIVE_UNASSIGNED,Statistically significant pattern change observed in Krishnagiri jurisdiction.,91
ALT-2026-00921,19,Cuddalore,2025-11-25 20:23:45,EMERGING_ZONE,HIGH,RESOLVED,Statistically significant pattern change observed in Cuddalore jurisdiction.,72
ALT-2026-00922,6,Tirunelveli,2025-06-19 17:24:47,DATA_ANOMALY,CRITICAL,RESOLVED,Statistically significant pattern change observed in Tirunelveli jurisdiction.,93
ALT-2026-00923,24,Nilgiris,2024-12-21 00:42:06,CORRIDOR_SURGE,MEDIUM,ASSIGNED_FOR_TRIAGE,Statistically significant pattern change observed in Nilgiris jurisdiction.,85
ALT-2026-00924,23,Namakkal,2026-03-15 17:09:26,EMERGING_ZONE,HIGH,VERIFIED_ACTIONED,Statistically significant pattern change observed in Namakkal jurisdiction.,83
ALT-2026-00925,2,Coimbatore,2025-06-13 15:06:41,EMERGING_ZONE,HIGH,VERIFIED_ACTIONED,Statistically significant pattern change observed in Coimbatore jurisdiction.,93
ALT-2026-00926,28,Pudukkottai,2026-07-07 23:18:55,CORRIDOR_SURGE,ADVISORY,ACTIVE_UNASSIGNED,Statistically significant pattern change observed in Pudukkottai jurisdiction.,72
ALT-2026-00927,4,Salem,2025-02-01 16:19:05,CORRIDOR_SURGE,MEDIUM,ASSIGNED_FOR_TRIAGE,Statistically significant pattern change observed in Salem jurisdiction.,93
ALT-2026-00928,36,Ranipet,2026-08-02 19:01:48,HIGH_RISK_LOW_CONFIDENCE,MEDIUM,ASSIGNED_FOR_TRIAGE,Statistically significant pattern change observed in Ranipet jurisdiction.,94
ALT-2026-00929,32,Theni,2024-12-15 17:44:35,NEW_SIGNAL,HIGH,RESOLVED,Statistically significant pattern change observed in Theni jurisdiction.,89
ALT-2026-00930,14,Kanniyakumari,2025-05-31 19:24:57,HIGH_RISK_LOW_CONFIDENCE,ADVISORY,RESOLVED,Statistically significant pattern change observed in Kanniyakumari jurisdiction.,68
ALT-2026-00931,34,Nagapattinam,2025-07-20 17:55:56,NEW_SIGNAL,MEDIUM,VERIFIED_ACTIONED,Statistically significant pattern change observed in Nagapattinam jurisdiction.,73
ALT-2026-00932,11,Dindigul,2024-09-27 17:28:01,EMERGING_ZONE,HIGH,RESOLVED,Statistically significant pattern change observed in Dindigul jurisdiction.,87
ALT-2026-00933,24,Nilgiris,2024-12-31 18:49:21,HIGH_RISK_LOW_CONFIDENCE,CRITICAL,ASSIGNED_FOR_TRIAGE,Statistically significant pattern change observed in Nilgiris jurisdiction.,77
ALT-2026-00934,5,Tiruchirappalli,2026-08-07 14:45:33,NEW_SIGNAL,ADVISORY,RESOLVED,Statistically significant pattern change observed in Tiruchirappalli jurisdiction.,80
ALT-2026-00935,35,Mayiladuthurai,2025-03-30 08:19:53,DATA_ANOMALY,ADVISORY,ASSIGNED_FOR_TRIAGE,Statistically significant pattern change observed in Mayiladuthurai jurisdiction.,80
ALT-2026-00936,2,Coimbatore,2025-05-14 22:46:03,CORRIDOR_SURGE,HIGH,VERIFIED_ACTIONED,Statistically significant pattern change observed in Coimbatore jurisdiction.,71
ALT-2026-00937,4,Salem,2024-11-05 08:06:44,CORRIDOR_SURGE,MEDIUM,RESOLVED,Statistically significant pattern change observed in Salem jurisdiction.,96
ALT-2026-00938,28,Pudukkottai,2026-05-02 16:55:06,RAPID_INCREASE,ADVISORY,ACTIVE_UNASSIGNED,Statistically significant pattern change observed in Pudukkottai jurisdiction.,76
ALT-2026-00939,11,Dindigul,2025-01-22 02:12:55,CORRIDOR_SURGE,CRITICAL,ACTIVE_UNASSIGNED,Statistically significant pattern change observed in Dindigul jurisdiction.,94
ALT-2026-00940,28,Pudukkottai,2025-08-23 04:06:24,DATA_ANOMALY,ADVISORY,VERIFIED_ACTIONED,Statistically significant pattern change observed in Pudukkottai jurisdiction.,92
ALT-2026-00941,7,Erode,2025-05-10 20:06:33,EMERGING_ZONE,HIGH,VERIFIED_ACTIONED,Statistically significant pattern change observed in Erode jurisdiction.,83
ALT-2026-00942,11,Dindigul,2025-03-05 14:55:51,NEW_SIGNAL,ADVISORY,ASSIGNED_FOR_TRIAGE,Statistically significant pattern change observed in Dindigul jurisdiction.,81
ALT-2026-00943,12,Thanjavur,2024-10-17 15:40:51,HIGH_RISK_LOW_CONFIDENCE,HIGH,VERIFIED_ACTIONED,Statistically significant pattern change observed in Thanjavur jurisdiction.,81
ALT-2026-00944,6,Tirunelveli,2025-02-28 18:42:28,RAPID_INCREASE,ADVISORY,ASSIGNED_FOR_TRIAGE,Statistically significant pattern change observed in Tirunelveli jurisdiction.,89
ALT-2026-00945,2,Coimbatore,2025-05-25 11:16:58,NEW_SIGNAL,HIGH,ASSIGNED_FOR_TRIAGE,Statistically significant pattern change observed in Coimbatore jurisdiction.,75
ALT-2026-00946,21,Kallakurichi,2025-04-01 06:05:06,RAPID_INCREASE,CRITICAL,ACTIVE_UNASSIGNED,Statistically significant pattern change observed in Kallakurichi jurisdiction.,93
ALT-2026-00947,23,Namakkal,2026-05-30 22:51:30,NEW_SIGNAL,CRITICAL,RESOLVED,Statistically significant pattern change observed in Namakkal jurisdiction.,70
ALT-2026-00948,8,Tiruppur,2026-07-23 20:50:27,NEW_SIGNAL,CRITICAL,ASSIGNED_FOR_TRIAGE,Statistically significant pattern change observed in Tiruppur jurisdiction.,81
ALT-2026-00949,15,Tenkasi,2025-04-27 23:19:05,RAPID_INCREASE,ADVISORY,RESOLVED,Statistically significant pattern change observed in Tenkasi jurisdiction.,89
ALT-2026-00950,26,Ariyalur,2024-09-21 00:14:33,HIGH_RISK_LOW_CONFIDENCE,HIGH,RESOLVED,Statistically significant pattern change observed in Ariyalur jurisdiction.,69
ALT-2026-00951,30,Ramanathapuram,2025-06-05 00:08:56,RAPID_INCREASE,HIGH,ACTIVE_UNASSIGNED,Statistically significant pattern change observed in Ramanathapuram jurisdiction.,65
ALT-2026-00952,14,Kanniyakumari,2025-11-18 21:45:39,EMERGING_ZONE,MEDIUM,ASSIGNED_FOR_TRIAGE,Statistically significant pattern change observed in Kanniyakumari jurisdiction.,84
ALT-2026-00953,1,Chennai,2025-04-14 07:32:11,CORRIDOR_SURGE,ADVISORY,ASSIGNED_FOR_TRIAGE,Statistically significant pattern change observed in Chennai jurisdiction.,86
ALT-2026-00954,3,Madurai,2025-04-02 20:49:06,NEW_SIGNAL,HIGH,VERIFIED_ACTIONED,Statistically significant pattern change observed in Madurai jurisdiction.,96
ALT-2026-00955,8,Tiruppur,2024-09-20 15:46:05,HIGH_RISK_LOW_CONFIDENCE,ADVISORY,ASSIGNED_FOR_TRIAGE,Statistically significant pattern change observed in Tiruppur jurisdiction.,75
ALT-2026-00956,4,Salem,2025-07-09 09:51:45,NEW_SIGNAL,HIGH,ASSIGNED_FOR_TRIAGE,Statistically significant pattern change observed in Salem jurisdiction.,71
ALT-2026-00957,36,Ranipet,2025-07-22 03:41:06,CORRIDOR_SURGE,HIGH,RESOLVED,Statistically significant pattern change observed in Ranipet jurisdiction.,75
ALT-2026-00958,19,Cuddalore,2024-09-28 23:10:01,EMERGING_ZONE,CRITICAL,ACTIVE_UNASSIGNED,Statistically significant pattern change observed in Cuddalore jurisdiction.,69
ALT-2026-00959,7,Erode,2024-10-31 23:45:36,NEW_SIGNAL,CRITICAL,ACTIVE_UNASSIGNED,Statistically significant pattern change observed in Erode jurisdiction.,77
ALT-2026-00960,35,Mayiladuthurai,2026-04-07 02:43:09,RAPID_INCREASE,HIGH,ASSIGNED_FOR_TRIAGE,Statistically significant pattern change observed in Mayiladuthurai jurisdiction.,83
ALT-2026-00961,16,Kancheepuram,2025-11-06 00:32:15,EMERGING_ZONE,HIGH,ACTIVE_UNASSIGNED,Statistically significant pattern change observed in Kancheepuram jurisdiction.,85
ALT-2026-00962,36,Ranipet,2026-04-19 18:56:04,HIGH_RISK_LOW_CONFIDENCE,HIGH,ACTIVE_UNASSIGNED,Statistically significant pattern change observed in Ranipet jurisdiction.,95
ALT-2026-00963,37,Tirupathur,2025-11-24 16:18:18,NEW_SIGNAL,CRITICAL,VERIFIED_ACTIONED,Statistically significant pattern change observed in Tirupathur jurisdiction.,91
ALT-2026-00964,23,Namakkal,2026-06-25 09:19:48,EMERGING_ZONE,MEDIUM,ACTIVE_UNASSIGNED,Statistically significant pattern change observed in Namakkal jurisdiction.,73
ALT-2026-00965,31,Virudhunagar,2025-09-24 11:38:11,NEW_SIGNAL,HIGH,VERIFIED_ACTIONED,Statistically significant pattern change observed in Virudhunagar jurisdiction.,91
ALT-2026-00966,7,Erode,2025-05-19 16:37:48,CORRIDOR_SURGE,MEDIUM,ACTIVE_UNASSIGNED,Statistically significant pattern change observed in Erode jurisdiction.,90
ALT-2026-00967,23,Namakkal,2025-03-22 20:03:29,NEW_SIGNAL,CRITICAL,VERIFIED_ACTIONED,Statistically significant pattern change observed in Namakkal jurisdiction.,86
ALT-2026-00968,22,Dharmapuri,2025-08-02 08:27:19,NEW_SIGNAL,MEDIUM,VERIFIED_ACTIONED,Statistically significant pattern change observed in Dharmapuri jurisdiction.,71
ALT-2026-00969,34,Nagapattinam,2025-12-04 05:54:40,RAPID_INCREASE,CRITICAL,ASSIGNED_FOR_TRIAGE,Statistically significant pattern change observed in Nagapattinam jurisdiction.,68
ALT-2026-00970,24,Nilgiris,2026-03-02 16:02:21,DATA_ANOMALY,MEDIUM,ASSIGNED_FOR_TRIAGE,Statistically significant pattern change observed in Nilgiris jurisdiction.,95
ALT-2026-00971,34,Nagapattinam,2026-01-30 00:30:53,CORRIDOR_SURGE,ADVISORY,ASSIGNED_FOR_TRIAGE,Statistically significant pattern change observed in Nagapattinam jurisdiction.,90
ALT-2026-00972,31,Virudhunagar,2025-04-16 19:14:15,DATA_ANOMALY,MEDIUM,RESOLVED,Statistically significant pattern change observed in Virudhunagar jurisdiction.,87
ALT-2026-00973,1,Chennai,2026-03-19 08:43:47,HIGH_RISK_LOW_CONFIDENCE,CRITICAL,VERIFIED_ACTIONED,Statistically significant pattern change observed in Chennai jurisdiction.,77
ALT-2026-00974,27,Perambalur,2026-06-11 11:08:58,CORRIDOR_SURGE,MEDIUM,VERIFIED_ACTIONED,Statistically significant pattern change observed in Perambalur jurisdiction.,92
ALT-2026-00975,3,Madurai,2026-02-12 13:48:51,EMERGING_ZONE,MEDIUM,ACTIVE_UNASSIGNED,Statistically significant pattern change observed in Madurai jurisdiction.,73
ALT-2026-00976,2,Coimbatore,2025-10-20 15:03:17,CORRIDOR_SURGE,HIGH,ACTIVE_UNASSIGNED,Statistically significant pattern change observed in Coimbatore jurisdiction.,86
ALT-2026-00977,5,Tiruchirappalli,2025-11-04 19:17:02,RAPID_INCREASE,ADVISORY,VERIFIED_ACTIONED,Statistically significant pattern change observed in Tiruchirappalli jurisdiction.,93
ALT-2026-00978,23,Namakkal,2025-05-21 09:05:59,DATA_ANOMALY,ADVISORY,RESOLVED,Statistically significant pattern change observed in Namakkal jurisdiction.,90
ALT-2026-00979,9,Vellore,2025-12-02 00:32:30,CORRIDOR_SURGE,ADVISORY,RESOLVED,Statistically significant pattern change observed in Vellore jurisdiction.,70
ALT-2026-00980,14,Kanniyakumari,2024-10-31 08:37:26,DATA_ANOMALY,ADVISORY,VERIFIED_ACTIONED,Statistically significant pattern change observed in Kanniyakumari jurisdiction.,83
ALT-2026-00981,11,Dindigul,2026-04-16 02:14:38,DATA_ANOMALY,ADVISORY,ASSIGNED_FOR_TRIAGE,Statistically significant pattern change observed in Dindigul jurisdiction.,88
ALT-2026-00982,23,Namakkal,2025-07-01 16:00:03,RAPID_INCREASE,ADVISORY,ACTIVE_UNASSIGNED,Statistically significant pattern change observed in Namakkal jurisdiction.,72
ALT-2026-00983,25,Karur,2026-01-30 02:38:01,RAPID_INCREASE,MEDIUM,VERIFIED_ACTIONED,Statistically significant pattern change observed in Karur jurisdiction.,71
ALT-2026-00984,24,Nilgiris,2025-03-09 08:23:42,HIGH_RISK_LOW_CONFIDENCE,ADVISORY,ACTIVE_UNASSIGNED,Statistically significant pattern change observed in Nilgiris jurisdiction.,91
ALT-2026-00985,29,Sivaganga,2025-05-30 13:52:37,CORRIDOR_SURGE,MEDIUM,ACTIVE_UNASSIGNED,Statistically significant pattern change observed in Sivaganga jurisdiction.,96
ALT-2026-00986,4,Salem,2026-01-17 21:39:46,DATA_ANOMALY,MEDIUM,VERIFIED_ACTIONED,Statistically significant pattern change observed in Salem jurisdiction.,67
ALT-2026-00987,30,Ramanathapuram,2025-05-08 20:06:56,EMERGING_ZONE,MEDIUM,VERIFIED_ACTIONED,Statistically significant pattern change observed in Ramanathapuram jurisdiction.,95
ALT-2026-00988,28,Pudukkottai,2025-03-05 09:41:24,RAPID_INCREASE,MEDIUM,ACTIVE_UNASSIGNED,Statistically significant pattern change observed in Pudukkottai jurisdiction.,94
ALT-2026-00989,10,Krishnagiri,2026-06-24 17:31:21,CORRIDOR_SURGE,HIGH,VERIFIED_ACTIONED,Statistically significant pattern change observed in Krishnagiri jurisdiction.,78
ALT-2026-00990,34,Nagapattinam,2025-09-30 08:50:41,EMERGING_ZONE,ADVISORY,ASSIGNED_FOR_TRIAGE,Statistically significant pattern change observed in Nagapattinam jurisdiction.,89
ALT-2026-00991,15,Tenkasi,2026-07-02 05:14:38,RAPID_INCREASE,HIGH,ACTIVE_UNASSIGNED,Statistically significant pattern change observed in Tenkasi jurisdiction.,81
ALT-2026-00992,15,Tenkasi,2026-01-03 22:16:48,CORRIDOR_SURGE,MEDIUM,RESOLVED,Statistically significant pattern change observed in Tenkasi jurisdiction.,72
ALT-2026-00993,1,Chennai,2025-09-07 11:01:10,DATA_ANOMALY,ADVISORY,RESOLVED,Statistically significant pattern change observed in Chennai jurisdiction.,91
ALT-2026-00994,37,Tirupathur,2026-08-17 07:06:56,DATA_ANOMALY,MEDIUM,VERIFIED_ACTIONED,Statistically significant pattern change observed in Tirupathur jurisdiction.,94
ALT-2026-00995,19,Cuddalore,2026-07-20 05:06:11,DATA_ANOMALY,CRITICAL,VERIFIED_ACTIONED,Statistically significant pattern change observed in Cuddalore jurisdiction.,68
ALT-2026-00996,23,Namakkal,2024-10-11 13:55:45,CORRIDOR_SURGE,HIGH,ACTIVE_UNASSIGNED,Statistically significant pattern change observed in Namakkal jurisdiction.,71
ALT-2026-00997,16,Kancheepuram,2026-05-06 07:25:16,DATA_ANOMALY,ADVISORY,ASSIGNED_FOR_TRIAGE,Statistically significant pattern change observed in Kancheepuram jurisdiction.,65
ALT-2026-00998,4,Salem,2024-11-21 07:38:14,HIGH_RISK_LOW_CONFIDENCE,MEDIUM,RESOLVED,Statistically significant pattern change observed in Salem jurisdiction.,72
ALT-2026-00999,14,Kanniyakumari,2025-02-01 09:23:37,NEW_SIGNAL,HIGH,RESOLVED,Statistically significant pattern change observed in Kanniyakumari jurisdiction.,84
ALT-2026-01000,2,Coimbatore,2025-03-01 10:12:56,HIGH_RISK_LOW_CONFIDENCE,HIGH,VERIFIED_ACTIONED,Statistically significant pattern change observed in Coimbatore jurisdiction.,69
ALT-2026-01001,21,Kallakurichi,2025-02-01 14:37:17,RAPID_INCREASE,CRITICAL,ASSIGNED_FOR_TRIAGE,Statistically significant pattern change observed in Kallakurichi jurisdiction.,74
ALT-2026-01002,21,Kallakurichi,2025-06-15 14:43:38,RAPID_INCREASE,HIGH,VERIFIED_ACTIONED,Statistically significant pattern change observed in Kallakurichi jurisdiction.,76
ALT-2026-01003,34,Nagapattinam,2025-09-29 00:51:27,HIGH_RISK_LOW_CONFIDENCE,HIGH,RESOLVED,Statistically significant pattern change observed in Nagapattinam jurisdiction.,96
ALT-2026-01004,5,Tiruchirappalli,2025-07-12 06:07:10,HIGH_RISK_LOW_CONFIDENCE,CRITICAL,VERIFIED_ACTIONED,Statistically significant pattern change observed in Tiruchirappalli jurisdiction.,67
ALT-2026-01005,11,Dindigul,2024-10-21 08:23:41,NEW_SIGNAL,ADVISORY,VERIFIED_ACTIONED,Statistically significant pattern change observed in Dindigul jurisdiction.,96
ALT-2026-01006,34,Nagapattinam,2025-11-15 12:41:59,EMERGING_ZONE,HIGH,RESOLVED,Statistically significant pattern change observed in Nagapattinam jurisdiction.,84
ALT-2026-01007,14,Kanniyakumari,2024-11-01 07:00:07,EMERGING_ZONE,MEDIUM,ACTIVE_UNASSIGNED,Statistically significant pattern change observed in Kanniyakumari jurisdiction.,88
ALT-2026-01008,34,Nagapattinam,2025-12-04 12:42:37,HIGH_RISK_LOW_CONFIDENCE,MEDIUM,RESOLVED,Statistically significant pattern change observed in Nagapattinam jurisdiction.,73
ALT-2026-01009,23,Namakkal,2025-11-17 22:30:10,DATA_ANOMALY,CRITICAL,ACTIVE_UNASSIGNED,Statistically significant pattern change observed in Namakkal jurisdiction.,70
ALT-2026-01010,14,Kanniyakumari,2025-12-03 13:54:06,HIGH_RISK_LOW_CONFIDENCE,ADVISORY,ASSIGNED_FOR_TRIAGE,Statistically significant pattern change observed in Kanniyakumari jurisdiction.,87
ALT-2026-01011,28,Pudukkottai,2025-03-29 05:57:27,DATA_ANOMALY,MEDIUM,VERIFIED_ACTIONED,Statistically significant pattern change observed in Pudukkottai jurisdiction.,75
ALT-2026-01012,11,Dindigul,2025-06-13 03:03:08,RAPID_INCREASE,HIGH,RESOLVED,Statistically significant pattern change observed in Dindigul jurisdiction.,82
ALT-2026-01013,23,Namakkal,2026-01-21 01:46:32,HIGH_RISK_LOW_CONFIDENCE,ADVISORY,VERIFIED_ACTIONED,Statistically significant pattern change observed in Namakkal jurisdiction.,79
ALT-2026-01014,6,Tirunelveli,2024-10-05 09:05:51,EMERGING_ZONE,ADVISORY,ACTIVE_UNASSIGNED,Statistically significant pattern change observed in Tirunelveli jurisdiction.,95
ALT-2026-01015,37,Tirupathur,2025-02-07 16:16:31,CORRIDOR_SURGE,HIGH,ACTIVE_UNASSIGNED,Statistically significant pattern change observed in Tirupathur jurisdiction.,88
ALT-2026-01016,24,Nilgiris,2024-11-24 15:04:14,HIGH_RISK_LOW_CONFIDENCE,CRITICAL,RESOLVED,Statistically significant pattern change observed in Nilgiris jurisdiction.,85
ALT-2026-01017,8,Tiruppur,2026-02-21 10:56:54,CORRIDOR_SURGE,HIGH,VERIFIED_ACTIONED,Statistically significant pattern change observed in Tiruppur jurisdiction.,81
ALT-2026-01018,29,Sivaganga,2025-11-01 14:23:58,EMERGING_ZONE,MEDIUM,VERIFIED_ACTIONED,Statistically significant pattern change observed in Sivaganga jurisdiction.,81
ALT-2026-01019,4,Salem,2025-11-20 19:38:56,EMERGING_ZONE,CRITICAL,ACTIVE_UNASSIGNED,Statistically significant pattern change observed in Salem jurisdiction.,80
ALT-2026-01020,35,Mayiladuthurai,2025-02-12 11:41:41,HIGH_RISK_LOW_CONFIDENCE,CRITICAL,ASSIGNED_FOR_TRIAGE,Statistically significant pattern change observed in Mayiladuthurai jurisdiction.,80
ALT-2026-01021,12,Thanjavur,2026-01-11 08:52:21,DATA_ANOMALY,CRITICAL,RESOLVED,Statistically significant pattern change observed in Thanjavur jurisdiction.,78
ALT-2026-01022,23,Namakkal,2025-07-07 14:24:34,DATA_ANOMALY,CRITICAL,RESOLVED,Statistically significant pattern change observed in Namakkal jurisdiction.,70
ALT-2026-01023,29,Sivaganga,2025-08-06 04:01:58,HIGH_RISK_LOW_CONFIDENCE,CRITICAL,RESOLVED,Statistically significant pattern change observed in Sivaganga jurisdiction.,92
ALT-2026-01024,24,Nilgiris,2025-11-24 10:01:58,RAPID_INCREASE,HIGH,ASSIGNED_FOR_TRIAGE,Statistically significant pattern change observed in Nilgiris jurisdiction.,69
ALT-2026-01025,5,Tiruchirappalli,2025-08-23 02:57:51,RAPID_INCREASE,CRITICAL,ACTIVE_UNASSIGNED,Statistically significant pattern change observed in Tiruchirappalli jurisdiction.,65
ALT-2026-01026,28,Pudukkottai,2025-12-17 21:35:45,DATA_ANOMALY,ADVISORY,ASSIGNED_FOR_TRIAGE,Statistically significant pattern change observed in Pudukkottai jurisdiction.,89
ALT-2026-01027,9,Vellore,2026-07-10 00:27:47,DATA_ANOMALY,MEDIUM,ACTIVE_UNASSIGNED,Statistically significant pattern change observed in Vellore jurisdiction.,83
ALT-2026-01028,16,Kancheepuram,2025-06-05 22:25:11,CORRIDOR_SURGE,HIGH,ASSIGNED_FOR_TRIAGE,Statistically significant pattern change observed in Kancheepuram jurisdiction.,69
ALT-2026-01029,6,Tirunelveli,2026-06-09 23:51:46,CORRIDOR_SURGE,HIGH,VERIFIED_ACTIONED,Statistically significant pattern change observed in Tirunelveli jurisdiction.,75
ALT-2026-01030,10,Krishnagiri,2025-09-29 06:31:26,NEW_SIGNAL,ADVISORY,ASSIGNED_FOR_TRIAGE,Statistically significant pattern change observed in Krishnagiri jurisdiction.,90
ALT-2026-01031,12,Thanjavur,2025-09-13 05:05:47,EMERGING_ZONE,CRITICAL,ASSIGNED_FOR_TRIAGE,Statistically significant pattern change observed in Thanjavur jurisdiction.,88
ALT-2026-01032,7,Erode,2025-07-10 02:56:43,CORRIDOR_SURGE,ADVISORY,ACTIVE_UNASSIGNED,Statistically significant pattern change observed in Erode jurisdiction.,82
ALT-2026-01033,8,Tiruppur,2026-05-23 20:04:37,DATA_ANOMALY,MEDIUM,ASSIGNED_FOR_TRIAGE,Statistically significant pattern change observed in Tiruppur jurisdiction.,96
ALT-2026-01034,33,Thiruvarur,2024-09-22 04:48:40,RAPID_INCREASE,ADVISORY,VERIFIED_ACTIONED,Statistically significant pattern change observed in Thiruvarur jurisdiction.,82
ALT-2026-01035,12,Thanjavur,2024-11-19 00:10:55,HIGH_RISK_LOW_CONFIDENCE,HIGH,VERIFIED_ACTIONED,Statistically significant pattern change observed in Thanjavur jurisdiction.,81
ALT-2026-01036,22,Dharmapuri,2026-04-27 22:48:43,RAPID_INCREASE,HIGH,ACTIVE_UNASSIGNED,Statistically significant pattern change observed in Dharmapuri jurisdiction.,85
ALT-2026-01037,13,Thoothukudi,2024-11-05 02:01:25,CORRIDOR_SURGE,CRITICAL,ASSIGNED_FOR_TRIAGE,Statistically significant pattern change observed in Thoothukudi jurisdiction.,68
ALT-2026-01038,28,Pudukkottai,2025-10-24 16:25:18,DATA_ANOMALY,CRITICAL,ACTIVE_UNASSIGNED,Statistically significant pattern change observed in Pudukkottai jurisdiction.,95
ALT-2026-01039,15,Tenkasi,2026-07-07 08:37:15,RAPID_INCREASE,ADVISORY,ASSIGNED_FOR_TRIAGE,Statistically significant pattern change observed in Tenkasi jurisdiction.,87
ALT-2026-01040,4,Salem,2025-05-08 19:21:59,NEW_SIGNAL,HIGH,RESOLVED,Statistically significant pattern change observed in Salem jurisdiction.,81
ALT-2026-01041,27,Perambalur,2025-02-13 10:09:40,NEW_SIGNAL,ADVISORY,ASSIGNED_FOR_TRIAGE,Statistically significant pattern change observed in Perambalur jurisdiction.,68
ALT-2026-01042,22,Dharmapuri,2026-07-18 22:02:46,CORRIDOR_SURGE,HIGH,VERIFIED_ACTIONED,Statistically significant pattern change observed in Dharmapuri jurisdiction.,95
ALT-2026-01043,36,Ranipet,2025-11-09 05:33:19,DATA_ANOMALY,ADVISORY,ASSIGNED_FOR_TRIAGE,Statistically significant pattern change observed in Ranipet jurisdiction.,89
ALT-2026-01044,37,Tirupathur,2024-09-21 13:16:53,RAPID_INCREASE,HIGH,ASSIGNED_FOR_TRIAGE,Statistically significant pattern change observed in Tirupathur jurisdiction.,68
ALT-2026-01045,2,Coimbatore,2024-10-18 01:43:19,EMERGING_ZONE,HIGH,VERIFIED_ACTIONED,Statistically significant pattern change observed in Coimbatore jurisdiction.,92
ALT-2026-01046,16,Kancheepuram,2024-10-21 16:45:55,CORRIDOR_SURGE,CRITICAL,ASSIGNED_FOR_TRIAGE,Statistically significant pattern change observed in Kancheepuram jurisdiction.,89
ALT-2026-01047,37,Tirupathur,2025-12-21 10:32:18,RAPID_INCREASE,ADVISORY,ASSIGNED_FOR_TRIAGE,Statistically significant pattern change observed in Tirupathur jurisdiction.,82
ALT-2026-01048,38,Tiruvannamalai,2025-10-08 04:29:37,HIGH_RISK_LOW_CONFIDENCE,ADVISORY,VERIFIED_ACTIONED,Statistically significant pattern change observed in Tiruvannamalai jurisdiction.,93
ALT-2026-01049,12,Thanjavur,2025-10-21 04:58:13,RAPID_INCREASE,HIGH,ASSIGNED_FOR_TRIAGE,Statistically significant pattern change observed in Thanjavur jurisdiction.,71
ALT-2026-01050,23,Namakkal,2024-10-15 08:35:15,HIGH_RISK_LOW_CONFIDENCE,CRITICAL,RESOLVED,Statistically significant pattern change observed in Namakkal jurisdiction.,79