ticket_id,associated_alert_id,district_id,district_name,assigned_officer_id,created_at,action_type,ticket_status,priority
TCK-2026-00001,ALT-2026-00170,17,Chengalpattu,OFFICER-TN-141,2026-07-02 22:18:46,CHECKPOST_ENHANCED_SURVEILLANCE,ACTION_COMPLETED,LOW
TCK-2026-00002,ALT-2026-00577,30,Ramanathapuram,OFFICER-TN-134,2025-05-28 04:02:35,CHECKPOST_ENHANCED_SURVEILLANCE,ACTION_COMPLETED,MEDIUM
TCK-2026-00003,ALT-2026-00320,19,Cuddalore,OFFICER-TN-186,2025-12-14 15:01:43,IMMEDIATE_PATROL_DISPATCH,ESCALATED,MEDIUM
TCK-2026-00004,ALT-2026-00321,14,Kanniyakumari,OFFICER-TN-104,2026-03-03 20:41:19,INTER_AGENCY_COORDINATION,CLOSED,MEDIUM
TCK-2026-00005,ALT-2026-00696,6,Tirunelveli,OFFICER-TN-176,2025-04-20 17:46:24,CHECKPOST_ENHANCED_SURVEILLANCE,ESCALATED,HIGH
TCK-2026-00006,ALT-2026-00337,34,Nagapattinam,OFFICER-TN-167,2025-05-05 14:04:50,HUMAN_INTELLIGENCE_INSPECTION,IN_PROGRESS,MEDIUM
TCK-2026-00007,ALT-2026-00566,35,Mayiladuthurai,OFFICER-TN-190,2025-09-21 01:18:27,INTER_AGENCY_COORDINATION,CLOSED,LOW
TCK-2026-00008,ALT-2026-00301,1,Chennai,OFFICER-TN-128,2025-01-18 21:36:33,HUMAN_INTELLIGENCE_INSPECTION,CLOSED,LOW
TCK-2026-00009,ALT-2026-00742,11,Dindigul,OFFICER-TN-158,2025-06-07 13:15:33,INTER_AGENCY_COORDINATION,ACTION_COMPLETED,LOW
TCK-2026-00010,ALT-2026-00567,31,Virudhunagar,OFFICER-TN-141,2025-09-12 14:03:29,IMMEDIATE_PATROL_DISPATCH,CLOSED,HIGH
TCK-2026-00011,ALT-2026-00989,18,Tiruvallur,OFFICER-TN-199,2025-12-22 01:25:22,CHECKPOST_ENHANCED_SURVEILLANCE,ACTION_COMPLETED,MEDIUM
TCK-2026-00012,ALT-2026-00532,29,Sivaganga,OFFICER-TN-152,2025-03-31 17:56:21,IMMEDIATE_PATROL_DISPATCH,ACTION_COMPLETED,LOW
TCK-2026-00013,ALT-2026-00764,28,Pudukkottai,OFFICER-TN-168,2025-06-23 11:31:35,IMMEDIATE_PATROL_DISPATCH,OPEN,LOW
TCK-2026-00014,ALT-2026-00625,36,Ranipet,OFFICER-TN-170,2025-04-03 18:24:06,IMMEDIATE_PATROL_DISPATCH,OPEN,LOW
TCK-2026-00015,ALT-2026-00334,30,Ramanathapuram,OFFICER-TN-110,2025-03-09 20:40:56,CHECKPOST_ENHANCED_SURVEILLANCE,CLOSED,HIGH
TCK-2026-00016,ALT-2026-00679,23,Namakkal,OFFICER-TN-103,2026-03-15 03:20:19,INTER_AGENCY_COORDINATION,ESCALATED,MEDIUM
TCK-2026-00017,ALT-2026-00012,7,Erode,OFFICER-TN-144,2026-06-10 20:24:49,INTER_AGENCY_COORDINATION,IN_PROGRESS,MEDIUM
TCK-2026-00018,ALT-2026-00709,24,Nilgiris,OFFICER-TN-138,2026-01-02 16:38:33,INTER_AGENCY_COORDINATION,ESCALATED,LOW
TCK-2026-00019,ALT-2026-00969,31,Virudhunagar,OFFICER-TN-165,2026-05-18 17:55:41,INTER_AGENCY_COORDINATION,IN_PROGRESS,LOW
TCK-2026-00020,ALT-2026-00206,18,Tiruvallur,OFFICER-TN-131,2026-04-09 09:10:39,HUMAN_INTELLIGENCE_INSPECTION,CLOSED,HIGH
TCK-2026-00021,ALT-2026-00271,6,Tirunelveli,OFFICER-TN-122,2026-03-03 20:48:21,IMMEDIATE_PATROL_DISPATCH,OPEN,MEDIUM
TCK-2026-00022,ALT-2026-00199,8,Tiruppur,OFFICER-TN-190,2025-06-10 21:55:41,CHECKPOST_ENHANCED_SURVEILLANCE,ACTION_COMPLETED,HIGH
TCK-2026-00023,ALT-2026-00054,11,Dindigul,OFFICER-TN-169,2025-07-13 20:44:34,INTER_AGENCY_COORDINATION,IN_PROGRESS,MEDIUM
TCK-2026-00024,ALT-2026-00461,1,Chennai,OFFICER-TN-103,2025-03-20 20:16:13,INTER_AGENCY_COORDINATION,OPEN,HIGH
TCK-2026-00025,ALT-2026-00422,24,Nilgiris,OFFICER-TN-185,2025-07-27 04:02:36,IMMEDIATE_PATROL_DISPATCH,IN_PROGRESS,MEDIUM
TCK-2026-00026,ALT-2026-00163,2,Coimbatore,OFFICER-TN-103,2025-08-12 11:05:00,HUMAN_INTELLIGENCE_INSPECTION,ACTION_COMPLETED,LOW
TCK-2026-00027,ALT-2026-00478,36,Ranipet,OFFICER-TN-121,2025-10-29 05:40:20,INTER_AGENCY_COORDINATION,ACTION_COMPLETED,LOW
TCK-2026-00028,ALT-2026-00441,10,Krishnagiri,OFFICER-TN-152,2026-07-24 14:37:08,HUMAN_INTELLIGENCE_INSPECTION,ESCALATED,HIGH
TCK-2026-00029,ALT-2026-00645,20,Viluppuram,OFFICER-TN-134,2025-02-06 14:16:59,CHECKPOST_ENHANCED_SURVEILLANCE,ESCALATED,LOW
TCK-2026-00030,ALT-2026-00732,23,Namakkal,OFFICER-TN-157,2025-06-01 12:21:41,IMMEDIATE_PATROL_DISPATCH,OPEN,HIGH
TCK-2026-00031,ALT-2026-00179,11,Dindigul,OFFICER-TN-118,2025-08-13 02:02:44,HUMAN_INTELLIGENCE_INSPECTION,IN_PROGRESS,MEDIUM
TCK-2026-00032,ALT-2026-00331,6,Tirunelveli,OFFICER-TN-157,2026-05-31 01:52:28,INTER_AGENCY_COORDINATION,ACTION_COMPLETED,MEDIUM
TCK-2026-00033,ALT-2026-00990,16,Kancheepuram,OFFICER-TN-132,2025-10-12 22:34:28,CHECKPOST_ENHANCED_SURVEILLANCE,ESCALATED,HIGH
TCK-2026-00034,ALT-2026-00687,22,Dharmapuri,OFFICER-TN-121,2026-08-17 05:24:31,IMMEDIATE_PATROL_DISPATCH,IN_PROGRESS,LOW
TCK-2026-00035,ALT-2026-00125,31,Virudhunagar,OFFICER-TN-169,2026-06-13 05:31:44,CHECKPOST_ENHANCED_SURVEILLANCE,CLOSED,HIGH
TCK-2026-00036,ALT-2026-00779,34,Nagapattinam,OFFICER-TN-194,2025-12-03 16:32:26,IMMEDIATE_PATROL_DISPATCH,CLOSED,LOW
TCK-2026-00037,ALT-2026-00395,34,Nagapattinam,OFFICER-TN-162,2025-06-07 03:33:56,INTER_AGENCY_COORDINATION,ACTION_COMPLETED,LOW
TCK-2026-00038,ALT-2026-00211,35,Mayiladuthurai,OFFICER-TN-174,2025-04-04 04:34:55,HUMAN_INTELLIGENCE_INSPECTION,ACTION_COMPLETED,HIGH
TCK-2026-00039,ALT-2026-01003,19,Cuddalore,OFFICER-TN-199,2026-03-30 06:37:10,INTER_AGENCY_COORDINATION,ACTION_COMPLETED,MEDIUM
TCK-2026-00040,ALT-2026-00130,30,Ramanathapuram,OFFICER-TN-134,2025-01-21 03:41:03,HUMAN_INTELLIGENCE_INSPECTION,OPEN,HIGH
TCK-2026-00041,ALT-2026-00282,34,Nagapattinam,OFFICER-TN-108,2026-06-08 14:36:12,CHECKPOST_ENHANCED_SURVEILLANCE,ACTION_COMPLETED,HIGH
TCK-2026-00042,ALT-2026-01010,27,Perambalur,OFFICER-TN-161,2026-07-16 06:43:53,CHECKPOST_ENHANCED_SURVEILLANCE,OPEN,MEDIUM
TCK-2026-00043,ALT-2026-01004,8,Tiruppur,OFFICER-TN-130,2025-07-01 14:58:46,CHECKPOST_ENHANCED_SURVEILLANCE,IN_PROGRESS,HIGH
TCK-2026-00044,ALT-2026-00841,38,Tiruvannamalai,OFFICER-TN-185,2025-05-09 20:52:25,INTER_AGENCY_COORDINATION,ACTION_COMPLETED,HIGH
TCK-2026-00045,ALT-2026-00199,7,Erode,OFFICER-TN-135,2026-03-02 22:08:25,INTER_AGENCY_COORDINATION,IN_PROGRESS,MEDIUM
TCK-2026-00046,ALT-2026-00217,11,Dindigul,OFFICER-TN-194,2026-02-02 16:55:29,INTER_AGENCY_COORDINATION,OPEN,LOW
TCK-2026-00047,ALT-2026-00644,5,Tiruchirappalli,OFFICER-TN-162,2025-05-03 09:25:02,INTER_AGENCY_COORDINATION,IN_PROGRESS,HIGH
TCK-2026-00048,ALT-2026-00570,2,Coimbatore,OFFICER-TN-170,2025-11-20 09:56:04,INTER_AGENCY_COORDINATION,CLOSED,LOW
TCK-2026-00049,ALT-2026-00013,8,Tiruppur,OFFICER-TN-106,2025-08-04 06:46:25,CHECKPOST_ENHANCED_SURVEILLANCE,ACTION_COMPLETED,HIGH
TCK-2026-00050,ALT-2026-00018,9,Vellore,OFFICER-TN-193,2026-01-14 11:27:29,HUMAN_INTELLIGENCE_INSPECTION,OPEN,LOW
TCK-2026-00051,ALT-2026-01007,23,Namakkal,OFFICER-TN-194,2026-04-04 20:00:44,INTER_AGENCY_COORDINATION,IN_PROGRESS,MEDIUM
TCK-2026-00052,ALT-2026-00324,13,Thoothukudi,OFFICER-TN-124,2025-06-24 12:36:00,CHECKPOST_ENHANCED_SURVEILLANCE,IN_PROGRESS,LOW
TCK-2026-00053,ALT-2026-00955,25,Karur,OFFICER-TN-105,2025-07-26 15:40:23,CHECKPOST_ENHANCED_SURVEILLANCE,IN_PROGRESS,LOW
TCK-2026-00054,ALT-2026-00432,30,Ramanathapuram,OFFICER-TN-120,2025-10-19 04:16:13,HUMAN_INTELLIGENCE_INSPECTION,OPEN,HIGH
TCK-2026-00055,ALT-2026-00372,34,Nagapattinam,OFFICER-TN-116,2025-10-12 23:54:43,CHECKPOST_ENHANCED_SURVEILLANCE,ACTION_COMPLETED,HIGH
TCK-2026-00056,ALT-2026-00570,26,Ariyalur,OFFICER-TN-143,2025-01-30 12:35:57,CHECKPOST_ENHANCED_SURVEILLANCE,ACTION_COMPLETED,HIGH
TCK-2026-00057,ALT-2026-00151,24,Nilgiris,OFFICER-TN-109,2026-01-06 08:11:23,CHECKPOST_ENHANCED_SURVEILLANCE,IN_PROGRESS,HIGH
TCK-2026-00058,ALT-2026-00002,27,Perambalur,OFFICER-TN-148,2026-02-08 05:51:11,IMMEDIATE_PATROL_DISPATCH,CLOSED,HIGH
TCK-2026-00059,ALT-2026-00229,7,Erode,OFFICER-TN-111,2026-07-24 22:30:20,INTER_AGENCY_COORDINATION,IN_PROGRESS,HIGH
TCK-2026-00060,ALT-2026-00034,22,Dharmapuri,OFFICER-TN-157,2026-04-19 03:51:20,HUMAN_INTELLIGENCE_INSPECTION,CLOSED,LOW
TCK-2026-00061,ALT-2026-00002,34,Nagapattinam,OFFICER-TN-136,2026-07-11 19:10:30,CHECKPOST_ENHANCED_SURVEILLANCE,ESCALATED,LOW
TCK-2026-00062,ALT-2026-00905,6,Tirunelveli,OFFICER-TN-170,2025-10-12 23:54:56,HUMAN_INTELLIGENCE_INSPECTION,ACTION_COMPLETED,HIGH
TCK-2026-00063,ALT-2026-00521,17,Chengalpattu,OFFICER-TN-116,2025-02-26 03:54:29,HUMAN_INTELLIGENCE_INSPECTION,OPEN,HIGH
TCK-2026-00064,ALT-2026-00385,3,Madurai,OFFICER-TN-187,2025-10-27 00:57:57,INTER_AGENCY_COORDINATION,CLOSED,MEDIUM
TCK-2026-00065,ALT-2026-00944,12,Thanjavur,OFFICER-TN-107,2026-05-25 08:22:05,CHECKPOST_ENHANCED_SURVEILLANCE,ACTION_COMPLETED,MEDIUM
TCK-2026-00066,ALT-2026-00198,1,Chennai,OFFICER-TN-185,2025-05-19 04:34:47,INTER_AGENCY_COORDINATION,IN_PROGRESS,MEDIUM
TCK-2026-00067,ALT-2026-00649,26,Ariyalur,OFFICER-TN-175,2025-12-09 09:47:48,CHECKPOST_ENHANCED_SURVEILLANCE,ESCALATED,LOW
TCK-2026-00068,ALT-2026-00391,2,Coimbatore,OFFICER-TN-138,2026-06-23 02:38:05,IMMEDIATE_PATROL_DISPATCH,OPEN,MEDIUM
TCK-2026-00069,ALT-2026-00918,37,Tirupathur,OFFICER-TN-115,2025-07-31 19:31:24,INTER_AGENCY_COORDINATION,OPEN,HIGH
TCK-2026-00070,ALT-2026-01017,38,Tiruvannamalai,OFFICER-TN-166,2025-05-16 18:42:52,INTER_AGENCY_COORDINATION,ACTION_COMPLETED,HIGH
TCK-2026-00071,ALT-2026-00441,27,Perambalur,OFFICER-TN-173,2025-03-22 02:09:29,IMMEDIATE_PATROL_DISPATCH,ESCALATED,LOW
TCK-2026-00072,ALT-2026-00311,32,Theni,OFFICER-TN-131,2025-01-01 12:29:54,CHECKPOST_ENHANCED_SURVEILLANCE,ESCALATED,LOW
TCK-2026-00073,ALT-2026-00590,22,Dharmapuri,OFFICER-TN-118,2025-08-11 17:32:44,HUMAN_INTELLIGENCE_INSPECTION,CLOSED,LOW
TCK-2026-00074,ALT-2026-00549,31,Virudhunagar,OFFICER-TN-193,2026-06-04 03:09:22,HUMAN_INTELLIGENCE_INSPECTION,ACTION_COMPLETED,MEDIUM
TCK-2026-00075,ALT-2026-00726,38,Tiruvannamalai,OFFICER-TN-153,2025-07-06 12:10:10,IMMEDIATE_PATROL_DISPATCH,ACTION_COMPLETED,MEDIUM
TCK-2026-00076,ALT-2026-00654,8,Tiruppur,OFFICER-TN-167,2026-05-18 08:22:28,HUMAN_INTELLIGENCE_INSPECTION,ACTION_COMPLETED,LOW
TCK-2026-00077,ALT-2026-00929,10,Krishnagiri,OFFICER-TN-160,2025-09-18 22:05:14,HUMAN_INTELLIGENCE_INSPECTION,ACTION_COMPLETED,HIGH
TCK-2026-00078,ALT-2026-00351,29,Sivaganga,OFFICER-TN-164,2026-05-24 01:56:15,INTER_AGENCY_COORDINATION,IN_PROGRESS,MEDIUM
TCK-2026-00079,ALT-2026-00352,30,Ramanathapuram,OFFICER-TN-107,2026-02-08 18:21:18,CHECKPOST_ENHANCED_SURVEILLANCE,ESCALATED,LOW
TCK-2026-00080,ALT-2026-00192,10,Krishnagiri,OFFICER-TN-122,2026-01-13 23:34:32,INTER_AGENCY_COORDINATION,IN_PROGRESS,MEDIUM
TCK-2026-00081,ALT-2026-00383,7,Erode,OFFICER-TN-126,2025-02-23 13:57:39,HUMAN_INTELLIGENCE_INSPECTION,ACTION_COMPLETED,HIGH
TCK-2026-00082,ALT-2026-00364,14,Kanniyakumari,OFFICER-TN-197,2025-02-26 04:20:59,CHECKPOST_ENHANCED_SURVEILLANCE,IN_PROGRESS,HIGH
TCK-2026-00083,ALT-2026-00294,18,Tiruvallur,OFFICER-TN-179,2025-05-13 08:22:28,IMMEDIATE_PATROL_DISPATCH,ACTION_COMPLETED,MEDIUM
TCK-2026-00084,ALT-2026-00815,38,Tiruvannamalai,OFFICER-TN-192,2026-01-23 16:49:19,HUMAN_INTELLIGENCE_INSPECTION,CLOSED,LOW
TCK-2026-00085,ALT-2026-00096,37,Tirupathur,OFFICER-TN-167,2025-04-18 01:36:19,INTER_AGENCY_COORDINATION,OPEN,MEDIUM
TCK-2026-00086,ALT-2026-00268,15,Tenkasi,OFFICER-TN-142,2026-03-04 09:50:36,CHECKPOST_ENHANCED_SURVEILLANCE,OPEN,LOW
TCK-2026-00087,ALT-2026-00811,37,Tirupathur,OFFICER-TN-179,2026-06-21 15:51:51,CHECKPOST_ENHANCED_SURVEILLANCE,OPEN,MEDIUM
TCK-2026-00088,ALT-2026-00019,20,Viluppuram,OFFICER-TN-106,2025-01-19 06:45:44,INTER_AGENCY_COORDINATION,IN_PROGRESS,HIGH
TCK-2026-00089,ALT-2026-00655,19,Cuddalore,OFFICER-TN-143,2025-09-26 12:11:33,INTER_AGENCY_COORDINATION,OPEN,MEDIUM
TCK-2026-00090,ALT-2026-00502,3,Madurai,OFFICER-TN-140,2025-03-17 17:10:01,IMMEDIATE_PATROL_DISPATCH,ACTION_COMPLETED,LOW
TCK-2026-00091,ALT-2026-00908,35,Mayiladuthurai,OFFICER-TN-130,2026-06-09 15:44:24,IMMEDIATE_PATROL_DISPATCH,CLOSED,HIGH
TCK-2026-00092,ALT-2026-01031,14,Kanniyakumari,OFFICER-TN-174,2025-05-28 18:40:20,IMMEDIATE_PATROL_DISPATCH,ESCALATED,LOW
TCK-2026-00093,ALT-2026-01050,13,Thoothukudi,OFFICER-TN-173,2025-08-18 14:51:02,IMMEDIATE_PATROL_DISPATCH,ACTION_COMPLETED,MEDIUM
TCK-2026-00094,ALT-2026-00341,8,Tiruppur,OFFICER-TN-180,2026-07-31 03:19:19,IMMEDIATE_PATROL_DISPATCH,IN_PROGRESS,LOW
TCK-2026-00095,ALT-2026-00220,21,Kallakurichi,OFFICER-TN-151,2025-10-15 23:57:16,INTER_AGENCY_COORDINATION,ESCALATED,LOW
TCK-2026-00096,ALT-2026-00963,20,Viluppuram,OFFICER-TN-151,2025-12-31 22:48:22,INTER_AGENCY_COORDINATION,ACTION_COMPLETED,LOW
TCK-2026-00097,ALT-2026-00456,9,Vellore,OFFICER-TN-192,2026-01-25 10:47:51,IMMEDIATE_PATROL_DISPATCH,ACTION_COMPLETED,HIGH
TCK-2026-00098,ALT-2026-00548,38,Tiruvannamalai,OFFICER-TN-119,2025-10-04 16:52:04,CHECKPOST_ENHANCED_SURVEILLANCE,OPEN,HIGH
TCK-2026-00099,ALT-2026-00167,24,Nilgiris,OFFICER-TN-190,2026-07-21 01:07:58,CHECKPOST_ENHANCED_SURVEILLANCE,ACTION_COMPLETED,MEDIUM
TCK-2026-00100,ALT-2026-00460,20,Viluppuram,OFFICER-TN-147,2026-07-27 10:24:16,INTER_AGENCY_COORDINATION,IN_PROGRESS,LOW
TCK-2026-00101,ALT-2026-00255,6,Tirunelveli,OFFICER-TN-160,2025-09-30 21:17:22,IMMEDIATE_PATROL_DISPATCH,ACTION_COMPLETED,HIGH
TCK-2026-00102,ALT-2026-00885,10,Krishnagiri,OFFICER-TN-196,2025-09-28 11:35:49,IMMEDIATE_PATROL_DISPATCH,ACTION_COMPLETED,MEDIUM
TCK-2026-00103,ALT-2026-00419,8,Tiruppur,OFFICER-TN-103,2025-08-24 19:34:59,INTER_AGENCY_COORDINATION,OPEN,LOW
TCK-2026-00104,ALT-2026-00609,15,Tenkasi,OFFICER-TN-145,2026-03-09 21:01:37,CHECKPOST_ENHANCED_SURVEILLANCE,OPEN,MEDIUM
TCK-2026-00105,ALT-2026-00830,18,Tiruvallur,OFFICER-TN-133,2025-12-29 14:38:27,CHECKPOST_ENHANCED_SURVEILLANCE,ESCALATED,MEDIUM
TCK-2026-00106,ALT-2026-00583,13,Thoothukudi,OFFICER-TN-149,2025-01-23 00:13:14,INTER_AGENCY_COORDINATION,IN_PROGRESS,LOW
TCK-2026-00107,ALT-2026-00763,38,Tiruvannamalai,OFFICER-TN-160,2026-03-10 10:19:32,INTER_AGENCY_COORDINATION,IN_PROGRESS,MEDIUM
TCK-2026-00108,ALT-2026-00646,23,Namakkal,OFFICER-TN-146,2025-02-18 17:03:51,HUMAN_INTELLIGENCE_INSPECTION,ACTION_COMPLETED,LOW
TCK-2026-00109,ALT-2026-00035,28,Pudukkottai,OFFICER-TN-157,2026-08-14 11:51:35,INTER_AGENCY_COORDINATION,ACTION_COMPLETED,LOW
TCK-2026-00110,ALT-2026-00920,18,Tiruvallur,OFFICER-TN-182,2025-02-18 17:16:57,INTER_AGENCY_COORDINATION,IN_PROGRESS,LOW
TCK-2026-00111,ALT-2026-00778,17,Chengalpattu,OFFICER-TN-111,2026-07-23 16:42:10,HUMAN_INTELLIGENCE_INSPECTION,CLOSED,HIGH
TCK-2026-00112,ALT-2026-00076,12,Thanjavur,OFFICER-TN-188,2026-06-06 13:45:48,INTER_AGENCY_COORDINATION,ESCALATED,LOW
TCK-2026-00113,ALT-2026-00022,24,Nilgiris,OFFICER-TN-180,2026-03-07 14:00:01,CHECKPOST_ENHANCED_SURVEILLANCE,OPEN,MEDIUM
TCK-2026-00114,ALT-2026-00210,14,Kanniyakumari,OFFICER-TN-101,2025-05-10 09:13:49,IMMEDIATE_PATROL_DISPATCH,ACTION_COMPLETED,LOW
TCK-2026-00115,ALT-2026-00317,11,Dindigul,OFFICER-TN-157,2026-05-23 22:10:30,CHECKPOST_ENHANCED_SURVEILLANCE,IN_PROGRESS,HIGH
TCK-2026-00116,ALT-2026-00034,25,Karur,OFFICER-TN-133,2025-11-23 01:28:21,CHECKPOST_ENHANCED_SURVEILLANCE,ESCALATED,LOW
TCK-2026-00117,ALT-2026-00522,17,Chengalpattu,OFFICER-TN-144,2025-10-08 07:00:26,CHECKPOST_ENHANCED_SURVEILLANCE,IN_PROGRESS,LOW
TCK-2026-00118,ALT-2026-00273,36,Ranipet,OFFICER-TN-110,2025-02-21 03:33:04,IMMEDIATE_PATROL_DISPATCH,OPEN,HIGH
TCK-2026-00119,ALT-2026-00202,19,Cuddalore,OFFICER-TN-140,2026-08-16 16:35:21,CHECKPOST_ENHANCED_SURVEILLANCE,IN_PROGRESS,LOW
TCK-2026-00120,ALT-2026-00475,23,Namakkal,OFFICER-TN-168,2026-06-26 07:45:04,IMMEDIATE_PATROL_DISPATCH,ACTION_COMPLETED,LOW
TCK-2026-00121,ALT-2026-00770,32,Theni,OFFICER-TN-151,2025-07-23 14:29:44,IMMEDIATE_PATROL_DISPATCH,ACTION_COMPLETED,MEDIUM
TCK-2026-00122,ALT-2026-00539,32,Theni,OFFICER-TN-169,2025-01-11 13:01:55,CHECKPOST_ENHANCED_SURVEILLANCE,OPEN,LOW
TCK-2026-00123,ALT-2026-00429,31,Virudhunagar,OFFICER-TN-146,2025-12-25 06:37:25,IMMEDIATE_PATROL_DISPATCH,ACTION_COMPLETED,MEDIUM
TCK-2026-00124,ALT-2026-00307,12,Thanjavur,OFFICER-TN-140,2025-01-10 06:39:44,CHECKPOST_ENHANCED_SURVEILLANCE,IN_PROGRESS,LOW
TCK-2026-00125,ALT-2026-01025,18,Tiruvallur,OFFICER-TN-161,2025-08-22 15:38:45,CHECKPOST_ENHANCED_SURVEILLANCE,IN_PROGRESS,LOW
TCK-2026-00126,ALT-2026-00415,33,Thiruvarur,OFFICER-TN-153,2025-11-02 10:16:20,HUMAN_INTELLIGENCE_INSPECTION,IN_PROGRESS,HIGH
TCK-2026-00127,ALT-2026-00412,7,Erode,OFFICER-TN-174,2025-04-18 01:43:13,IMMEDIATE_PATROL_DISPATCH,CLOSED,MEDIUM
TCK-2026-00128,ALT-2026-00741,36,Ranipet,OFFICER-TN-192,2026-06-27 11:06:47,INTER_AGENCY_COORDINATION,ACTION_COMPLETED,MEDIUM
TCK-2026-00129,ALT-2026-00283,36,Ranipet,OFFICER-TN-118,2025-06-05 01:33:10,HUMAN_INTELLIGENCE_INSPECTION,ACTION_COMPLETED,LOW
TCK-2026-00130,ALT-2026-00592,37,Tirupathur,OFFICER-TN-112,2025-08-05 07:38:04,INTER_AGENCY_COORDINATION,ESCALATED,MEDIUM
TCK-2026-00131,ALT-2026-00956,2,Coimbatore,OFFICER-TN-124,2026-01-30 09:54:50,IMMEDIATE_PATROL_DISPATCH,ACTION_COMPLETED,MEDIUM
TCK-2026-00132,ALT-2026-00306,22,Dharmapuri,OFFICER-TN-166,2025-12-25 21:10:10,CHECKPOST_ENHANCED_SURVEILLANCE,OPEN,MEDIUM
TCK-2026-00133,ALT-2026-00790,14,Kanniyakumari,OFFICER-TN-162,2026-04-01 22:34:24,INTER_AGENCY_COORDINATION,ESCALATED,HIGH
TCK-2026-00134,ALT-2026-00726,36,Ranipet,OFFICER-TN-150,2026-06-10 12:49:27,INTER_AGENCY_COORDINATION,CLOSED,MEDIUM
TCK-2026-00135,ALT-2026-00556,22,Dharmapuri,OFFICER-TN-133,2026-02-15 19:55:16,HUMAN_INTELLIGENCE_INSPECTION,ESCALATED,MEDIUM
TCK-2026-00136,ALT-2026-00339,6,Tirunelveli,OFFICER-TN-177,2025-12-12 12:14:52,IMMEDIATE_PATROL_DISPATCH,ACTION_COMPLETED,HIGH
TCK-2026-00137,ALT-2026-00105,36,Ranipet,OFFICER-TN-179,2025-10-10 22:30:04,CHECKPOST_ENHANCED_SURVEILLANCE,ACTION_COMPLETED,LOW
TCK-2026-00138,ALT-2026-00215,18,Tiruvallur,OFFICER-TN-152,2026-07-03 04:50:32,IMMEDIATE_PATROL_DISPATCH,ESCALATED,MEDIUM
TCK-2026-00139,ALT-2026-00884,34,Nagapattinam,OFFICER-TN-153,2025-10-08 02:19:40,IMMEDIATE_PATROL_DISPATCH,IN_PROGRESS,HIGH
TCK-2026-00140,ALT-2026-00546,21,Kallakurichi,OFFICER-TN-104,2026-04-27 18:59:49,CHECKPOST_ENHANCED_SURVEILLANCE,CLOSED,LOW
TCK-2026-00141,ALT-2026-00145,5,Tiruchirappalli,OFFICER-TN-198,2025-05-03 22:54:13,HUMAN_INTELLIGENCE_INSPECTION,ESCALATED,MEDIUM
TCK-2026-00142,ALT-2026-00549,19,Cuddalore,OFFICER-TN-193,2026-02-16 14:13:47,CHECKPOST_ENHANCED_SURVEILLANCE,OPEN,HIGH
TCK-2026-00143,ALT-2026-00115,19,Cuddalore,OFFICER-TN-199,2026-03-09 17:00:21,INTER_AGENCY_COORDINATION,OPEN,LOW
TCK-2026-00144,ALT-2026-00493,25,Karur,OFFICER-TN-126,2026-04-10 21:03:20,INTER_AGENCY_COORDINATION,IN_PROGRESS,MEDIUM
TCK-2026-00145,ALT-2026-00375,38,Tiruvannamalai,OFFICER-TN-119,2026-07-29 17:55:03,CHECKPOST_ENHANCED_SURVEILLANCE,IN_PROGRESS,MEDIUM
TCK-2026-00146,ALT-2026-00626,28,Pudukkottai,OFFICER-TN-116,2025-01-29 04:40:57,INTER_AGENCY_COORDINATION,IN_PROGRESS,HIGH
TCK-2026-00147,ALT-2026-00888,1,Chennai,OFFICER-TN-145,2025-09-16 19:55:14,INTER_AGENCY_COORDINATION,ESCALATED,LOW
TCK-2026-00148,ALT-2026-00706,12,Thanjavur,OFFICER-TN-178,2025-11-01 01:32:01,INTER_AGENCY_COORDINATION,CLOSED,LOW
TCK-2026-00149,ALT-2026-00829,38,Tiruvannamalai,OFFICER-TN-157,2025-04-07 16:31:24,CHECKPOST_ENHANCED_SURVEILLANCE,IN_PROGRESS,MEDIUM
TCK-2026-00150,ALT-2026-00587,13,Thoothukudi,OFFICER-TN-182,2025-06-07 15:16:35,IMMEDIATE_PATROL_DISPATCH,CLOSED,HIGH
TCK-2026-00151,ALT-2026-00831,12,Thanjavur,OFFICER-TN-186,2025-06-16 22:05:48,CHECKPOST_ENHANCED_SURVEILLANCE,OPEN,LOW
TCK-2026-00152,ALT-2026-00344,1,Chennai,OFFICER-TN-137,2025-11-26 09:22:51,INTER_AGENCY_COORDINATION,OPEN,LOW
TCK-2026-00153,ALT-2026-00410,13,Thoothukudi,OFFICER-TN-147,2025-09-12 23:11:05,IMMEDIATE_PATROL_DISPATCH,ESCALATED,MEDIUM
TCK-2026-00154,ALT-2026-00784,15,Tenkasi,OFFICER-TN-126,2025-12-01 07:28:29,INTER_AGENCY_COORDINATION,OPEN,LOW
TCK-2026-00155,ALT-2026-00728,12,Thanjavur,OFFICER-TN-199,2026-02-08 15:56:43,IMMEDIATE_PATROL_DISPATCH,IN_PROGRESS,LOW
TCK-2026-00156,ALT-2026-00882,12,Thanjavur,OFFICER-TN-167,2025-03-04 23:30:06,IMMEDIATE_PATROL_DISPATCH,ESCALATED,LOW
TCK-2026-00157,ALT-2026-00352,2,Coimbatore,OFFICER-TN-145,2025-09-07 18:33:33,INTER_AGENCY_COORDINATION,ACTION_COMPLETED,LOW
TCK-2026-00158,ALT-2026-00161,27,Perambalur,OFFICER-TN-161,2025-12-25 17:16:38,INTER_AGENCY_COORDINATION,ACTION_COMPLETED,MEDIUM
TCK-2026-00159,ALT-2026-00398,33,Thiruvarur,OFFICER-TN-194,2025-09-01 15:34:25,CHECKPOST_ENHANCED_SURVEILLANCE,OPEN,HIGH
TCK-2026-00160,ALT-2026-00483,6,Tirunelveli,OFFICER-TN-179,2025-07-22 03:14:26,CHECKPOST_ENHANCED_SURVEILLANCE,IN_PROGRESS,LOW
TCK-2026-00161,ALT-2026-00522,12,Thanjavur,OFFICER-TN-141,2025-08-16 07:32:30,HUMAN_INTELLIGENCE_INSPECTION,IN_PROGRESS,LOW
TCK-2026-00162,ALT-2026-00919,30,Ramanathapuram,OFFICER-TN-190,2025-05-23 08:35:56,IMMEDIATE_PATROL_DISPATCH,IN_PROGRESS,LOW
TCK-2026-00163,ALT-2026-00578,30,Ramanathapuram,OFFICER-TN-162,2025-09-16 19:52:56,INTER_AGENCY_COORDINATION,CLOSED,HIGH
TCK-2026-00164,ALT-2026-00629,38,Tiruvannamalai,OFFICER-TN-151,2025-07-01 14:00:49,IMMEDIATE_PATROL_DISPATCH,ESCALATED,MEDIUM
TCK-2026-00165,ALT-2026-00797,1,Chennai,OFFICER-TN-117,2026-07-20 02:32:32,HUMAN_INTELLIGENCE_INSPECTION,ACTION_COMPLETED,MEDIUM
TCK-2026-00166,ALT-2026-00491,2,Coimbatore,OFFICER-TN-123,2025-02-11 05:30:26,CHECKPOST_ENHANCED_SURVEILLANCE,IN_PROGRESS,MEDIUM
TCK-2026-00167,ALT-2026-00599,7,Erode,OFFICER-TN-111,2025-12-23 18:26:10,CHECKPOST_ENHANCED_SURVEILLANCE,ACTION_COMPLETED,LOW
TCK-2026-00168,ALT-2026-00609,29,Sivaganga,OFFICER-TN-178,2025-03-01 04:12:01,HUMAN_INTELLIGENCE_INSPECTION,ESCALATED,HIGH
TCK-2026-00169,ALT-2026-00908,30,Ramanathapuram,OFFICER-TN-124,2026-03-03 19:05:29,HUMAN_INTELLIGENCE_INSPECTION,ESCALATED,LOW
TCK-2026-00170,ALT-2026-00525,16,Kancheepuram,OFFICER-TN-173,2026-08-07 22:09:16,INTER_AGENCY_COORDINATION,ESCALATED,HIGH
TCK-2026-00171,ALT-2026-00542,15,Tenkasi,OFFICER-TN-108,2026-06-02 04:43:20,IMMEDIATE_PATROL_DISPATCH,CLOSED,LOW
TCK-2026-00172,ALT-2026-00304,31,Virudhunagar,OFFICER-TN-185,2026-06-19 02:03:45,INTER_AGENCY_COORDINATION,CLOSED,HIGH
TCK-2026-00173,ALT-2026-00609,20,Viluppuram,OFFICER-TN-137,2025-05-24 15:47:19,INTER_AGENCY_COORDINATION,ACTION_COMPLETED,MEDIUM
TCK-2026-00174,ALT-2026-00243,19,Cuddalore,OFFICER-TN-107,2026-06-27 20:19:57,IMMEDIATE_PATROL_DISPATCH,IN_PROGRESS,LOW
TCK-2026-00175,ALT-2026-00229,34,Nagapattinam,OFFICER-TN-174,2026-03-27 02:54:31,CHECKPOST_ENHANCED_SURVEILLANCE,IN_PROGRESS,MEDIUM
TCK-2026-00176,ALT-2026-00737,6,Tirunelveli,OFFICER-TN-150,2026-02-22 19:40:06,IMMEDIATE_PATROL_DISPATCH,ESCALATED,MEDIUM
TCK-2026-00177,ALT-2026-00893,19,Cuddalore,OFFICER-TN-136,2025-12-20 09:43:32,CHECKPOST_ENHANCED_SURVEILLANCE,OPEN,LOW
TCK-2026-00178,ALT-2026-01025,37,Tirupathur,OFFICER-TN-160,2026-03-07 21:49:47,CHECKPOST_ENHANCED_SURVEILLANCE,ESCALATED,LOW
TCK-2026-00179,ALT-2026-00153,4,Salem,OFFICER-TN-169,2025-08-18 23:49:44,HUMAN_INTELLIGENCE_INSPECTION,ACTION_COMPLETED,LOW
TCK-2026-00180,ALT-2026-00639,33,Thiruvarur,OFFICER-TN-134,2025-08-28 10:53:55,IMMEDIATE_PATROL_DISPATCH,CLOSED,MEDIUM
TCK-2026-00181,ALT-2026-00344,34,Nagapattinam,OFFICER-TN-157,2025-01-16 15:40:37,CHECKPOST_ENHANCED_SURVEILLANCE,ESCALATED,LOW
TCK-2026-00182,ALT-2026-00257,5,Tiruchirappalli,OFFICER-TN-130,2025-04-11 06:19:03,HUMAN_INTELLIGENCE_INSPECTION,ESCALATED,LOW
TCK-2026-00183,ALT-2026-00589,33,Thiruvarur,OFFICER-TN-178,2026-05-27 13:48:38,IMMEDIATE_PATROL_DISPATCH,ACTION_COMPLETED,MEDIUM
TCK-2026-00184,ALT-2026-00763,4,Salem,OFFICER-TN-150,2026-05-20 08:30:12,IMMEDIATE_PATROL_DISPATCH,OPEN,HIGH
TCK-2026-00185,ALT-2026-00836,12,Thanjavur,OFFICER-TN-106,2025-01-27 08:45:06,HUMAN_INTELLIGENCE_INSPECTION,OPEN,LOW
TCK-2026-00186,ALT-2026-00318,16,Kancheepuram,OFFICER-TN-181,2025-04-23 13:17:43,INTER_AGENCY_COORDINATION,IN_PROGRESS,HIGH
TCK-2026-00187,ALT-2026-00140,21,Kallakurichi,OFFICER-TN-102,2026-01-10 15:03:49,INTER_AGENCY_COORDINATION,CLOSED,LOW
TCK-2026-00188,ALT-2026-00963,13,Thoothukudi,OFFICER-TN-179,2026-06-04 05:04:34,IMMEDIATE_PATROL_DISPATCH,OPEN,MEDIUM
TCK-2026-00189,ALT-2026-00501,38,Tiruvannamalai,OFFICER-TN-128,2026-04-10 05:48:49,INTER_AGENCY_COORDINATION,ESCALATED,MEDIUM
TCK-2026-00190,ALT-2026-00878,13,Thoothukudi,OFFICER-TN-176,2025-11-26 13:59:23,CHECKPOST_ENHANCED_SURVEILLANCE,CLOSED,LOW
TCK-2026-00191,ALT-2026-00019,21,Kallakurichi,OFFICER-TN-191,2025-06-16 03:45:09,CHECKPOST_ENHANCED_SURVEILLANCE,ESCALATED,LOW
TCK-2026-00192,ALT-2026-00174,6,Tirunelveli,OFFICER-TN-190,2025-08-25 06:42:00,CHECKPOST_ENHANCED_SURVEILLANCE,ESCALATED,HIGH
TCK-2026-00193,ALT-2026-00969,33,Thiruvarur,OFFICER-TN-131,2026-02-12 03:17:05,HUMAN_INTELLIGENCE_INSPECTION,CLOSED,HIGH
TCK-2026-00194,ALT-2026-00973,15,Tenkasi,OFFICER-TN-178,2025-07-08 00:45:05,INTER_AGENCY_COORDINATION,IN_PROGRESS,LOW
TCK-2026-00195,ALT-2026-00157,3,Madurai,OFFICER-TN-157,2025-12-25 07:08:56,HUMAN_INTELLIGENCE_INSPECTION,ACTION_COMPLETED,HIGH
TCK-2026-00196,ALT-2026-00712,15,Tenkasi,OFFICER-TN-188,2026-07-13 13:57:55,INTER_AGENCY_COORDINATION,ACTION_COMPLETED,HIGH
TCK-2026-00197,ALT-2026-00936,36,Ranipet,OFFICER-TN-138,2025-01-21 20:11:46,HUMAN_INTELLIGENCE_INSPECTION,OPEN,LOW
TCK-2026-00198,ALT-2026-00639,37,Tirupathur,OFFICER-TN-150,2025-11-08 07:12:08,CHECKPOST_ENHANCED_SURVEILLANCE,ESCALATED,MEDIUM
TCK-2026-00199,ALT-2026-00797,9,Vellore,OFFICER-TN-195,2025-11-22 03:08:46,HUMAN_INTELLIGENCE_INSPECTION,CLOSED,LOW
TCK-2026-00200,ALT-2026-00516,23,Namakkal,OFFICER-TN-123,2025-02-15 10:06:08,HUMAN_INTELLIGENCE_INSPECTION,CLOSED,MEDIUM
TCK-2026-00201,ALT-2026-00461,24,Nilgiris,OFFICER-TN-153,2026-06-02 20:30:55,IMMEDIATE_PATROL_DISPATCH,IN_PROGRESS,HIGH
TCK-2026-00202,ALT-2026-00776,15,Tenkasi,OFFICER-TN-102,2026-07-29 17:07:50,HUMAN_INTELLIGENCE_INSPECTION,CLOSED,LOW
TCK-2026-00203,ALT-2026-00344,4,Salem,OFFICER-TN-116,2026-07-10 00:57:53,HUMAN_INTELLIGENCE_INSPECTION,ACTION_COMPLETED,LOW
TCK-2026-00204,ALT-2026-00856,37,Tirupathur,OFFICER-TN-194,2026-05-15 17:00:17,IMMEDIATE_PATROL_DISPATCH,OPEN,MEDIUM
TCK-2026-00205,ALT-2026-01045,16,Kancheepuram,OFFICER-TN-147,2025-06-27 07:04:57,HUMAN_INTELLIGENCE_INSPECTION,IN_PROGRESS,LOW
TCK-2026-00206,ALT-2026-00735,1,Chennai,OFFICER-TN-185,2025-02-08 23:42:23,HUMAN_INTELLIGENCE_INSPECTION,ACTION_COMPLETED,MEDIUM
TCK-2026-00207,ALT-2026-00328,33,Thiruvarur,OFFICER-TN-188,2026-02-07 22:02:00,CHECKPOST_ENHANCED_SURVEILLANCE,IN_PROGRESS,MEDIUM
TCK-2026-00208,ALT-2026-00007,34,Nagapattinam,OFFICER-TN-107,2026-02-27 14:40:40,HUMAN_INTELLIGENCE_INSPECTION,OPEN,HIGH
TCK-2026-00209,ALT-2026-00722,4,Salem,OFFICER-TN-175,2025-04-06 08:35:29,CHECKPOST_ENHANCED_SURVEILLANCE,OPEN,HIGH
TCK-2026-00210,ALT-2026-00504,35,Mayiladuthurai,OFFICER-TN-125,2025-06-11 09:05:05,IMMEDIATE_PATROL_DISPATCH,IN_PROGRESS,MEDIUM
TCK-2026-00211,ALT-2026-00452,8,Tiruppur,OFFICER-TN-155,2026-07-21 16:20:46,INTER_AGENCY_COORDINATION,ACTION_COMPLETED,LOW
TCK-2026-00212,ALT-2026-00765,9,Vellore,OFFICER-TN-157,2025-12-15 01:42:55,INTER_AGENCY_COORDINATION,CLOSED,MEDIUM
TCK-2026-00213,ALT-2026-00448,38,Tiruvannamalai,OFFICER-TN-167,2025-01-26 13:58:35,INTER_AGENCY_COORDINATION,CLOSED,MEDIUM
TCK-2026-00214,ALT-2026-00148,26,Ariyalur,OFFICER-TN-177,2025-10-17 02:09:09,CHECKPOST_ENHANCED_SURVEILLANCE,OPEN,HIGH
TCK-2026-00215,ALT-2026-00179,36,Ranipet,OFFICER-TN-105,2025-02-10 15:08:00,INTER_AGENCY_COORDINATION,ACTION_COMPLETED,LOW
TCK-2026-00216,ALT-2026-00388,33,Thiruvarur,OFFICER-TN-147,2026-05-02 18:45:25,INTER_AGENCY_COORDINATION,CLOSED,HIGH
TCK-2026-00217,ALT-2026-00255,19,Cuddalore,OFFICER-TN-161,2026-04-30 21:43:15,INTER_AGENCY_COORDINATION,ACTION_COMPLETED,MEDIUM
TCK-2026-00218,ALT-2026-00142,35,Mayiladuthurai,OFFICER-TN-134,2025-08-17 22:24:15,IMMEDIATE_PATROL_DISPATCH,CLOSED,HIGH
TCK-2026-00219,ALT-2026-00689,24,Nilgiris,OFFICER-TN-152,2025-12-27 20:24:11,IMMEDIATE_PATROL_DISPATCH,ACTION_COMPLETED,LOW
TCK-2026-00220,ALT-2026-00976,25,Karur,OFFICER-TN-157,2025-07-05 05:47:09,HUMAN_INTELLIGENCE_INSPECTION,CLOSED,LOW
TCK-2026-00221,ALT-2026-00211,2,Coimbatore,OFFICER-TN-111,2026-03-03 03:53:13,INTER_AGENCY_COORDINATION,CLOSED,LOW
TCK-2026-00222,ALT-2026-00733,4,Salem,OFFICER-TN-129,2026-03-06 14:17:24,HUMAN_INTELLIGENCE_INSPECTION,ACTION_COMPLETED,HIGH
TCK-2026-00223,ALT-2026-00491,11,Dindigul,OFFICER-TN-143,2026-07-18 15:47:43,IMMEDIATE_PATROL_DISPATCH,IN_PROGRESS,LOW
TCK-2026-00224,ALT-2026-00781,35,Mayiladuthurai,OFFICER-TN-195,2025-03-20 03:52:47,CHECKPOST_ENHANCED_SURVEILLANCE,ESCALATED,LOW
TCK-2026-00225,ALT-2026-00987,32,Theni,OFFICER-TN-117,2026-07-18 14:22:48,CHECKPOST_ENHANCED_SURVEILLANCE,OPEN,LOW
TCK-2026-00226,ALT-2026-00239,8,Tiruppur,OFFICER-TN-143,2026-05-08 23:42:01,CHECKPOST_ENHANCED_SURVEILLANCE,CLOSED,LOW
TCK-2026-00227,ALT-2026-00674,25,Karur,OFFICER-TN-141,2026-05-30 11:17:33,INTER_AGENCY_COORDINATION,CLOSED,HIGH
TCK-2026-00228,ALT-2026-00691,4,Salem,OFFICER-TN-116,2025-08-19 20:15:14,CHECKPOST_ENHANCED_SURVEILLANCE,OPEN,LOW
TCK-2026-00229,ALT-2026-00618,29,Sivaganga,OFFICER-TN-154,2025-04-25 05:47:20,IMMEDIATE_PATROL_DISPATCH,CLOSED,MEDIUM
TCK-2026-00230,ALT-2026-00873,20,Viluppuram,OFFICER-TN-136,2025-03-18 14:17:29,INTER_AGENCY_COORDINATION,CLOSED,MEDIUM
TCK-2026-00231,ALT-2026-00941,14,Kanniyakumari,OFFICER-TN-179,2026-03-09 11:38:42,INTER_AGENCY_COORDINATION,ESCALATED,LOW
TCK-2026-00232,ALT-2026-00061,14,Kanniyakumari,OFFICER-TN-195,2025-11-18 22:29:24,HUMAN_INTELLIGENCE_INSPECTION,OPEN,MEDIUM
TCK-2026-00233,ALT-2026-00727,28,Pudukkottai,OFFICER-TN-151,2026-03-15 19:44:22,INTER_AGENCY_COORDINATION,ACTION_COMPLETED,LOW
TCK-2026-00234,ALT-2026-00424,38,Tiruvannamalai,OFFICER-TN-166,2025-04-14 00:30:48,INTER_AGENCY_COORDINATION,IN_PROGRESS,LOW
TCK-2026-00235,ALT-2026-00385,29,Sivaganga,OFFICER-TN-195,2026-04-30 02:22:17,IMMEDIATE_PATROL_DISPATCH,ACTION_COMPLETED,MEDIUM
TCK-2026-00236,ALT-2026-00076,19,Cuddalore,OFFICER-TN-176,2025-04-25 20:25:02,HUMAN_INTELLIGENCE_INSPECTION,ACTION_COMPLETED,HIGH
TCK-2026-00237,ALT-2026-00221,7,Erode,OFFICER-TN-187,2025-11-19 23:09:51,CHECKPOST_ENHANCED_SURVEILLANCE,IN_PROGRESS,MEDIUM
TCK-2026-00238,ALT-2026-00423,28,Pudukkottai,OFFICER-TN-191,2025-09-04 21:51:33,INTER_AGENCY_COORDINATION,IN_PROGRESS,HIGH
TCK-2026-00239,ALT-2026-00884,15,Tenkasi,OFFICER-TN-178,2025-08-04 05:48:25,CHECKPOST_ENHANCED_SURVEILLANCE,CLOSED,HIGH
TCK-2026-00240,ALT-2026-00119,22,Dharmapuri,OFFICER-TN-175,2025-05-29 09:46:11,HUMAN_INTELLIGENCE_INSPECTION,CLOSED,LOW
TCK-2026-00241,ALT-2026-00534,35,Mayiladuthurai,OFFICER-TN-120,2026-02-10 15:17:53,HUMAN_INTELLIGENCE_INSPECTION,ESCALATED,HIGH
TCK-2026-00242,ALT-2026-00161,35,Mayiladuthurai,OFFICER-TN-125,2025-03-21 21:49:50,HUMAN_INTELLIGENCE_INSPECTION,ESCALATED,MEDIUM
TCK-2026-00243,ALT-2026-00212,23,Namakkal,OFFICER-TN-124,2025-09-16 15:41:25,HUMAN_INTELLIGENCE_INSPECTION,ESCALATED,MEDIUM
TCK-2026-00244,ALT-2026-00846,18,Tiruvallur,OFFICER-TN-124,2025-07-27 20:20:36,INTER_AGENCY_COORDINATION,CLOSED,HIGH
TCK-2026-00245,ALT-2026-00287,19,Cuddalore,OFFICER-TN-182,2025-10-20 09:04:33,IMMEDIATE_PATROL_DISPATCH,ESCALATED,MEDIUM
TCK-2026-00246,ALT-2026-01029,2,Coimbatore,OFFICER-TN-174,2026-02-01 14:20:06,IMMEDIATE_PATROL_DISPATCH,IN_PROGRESS,MEDIUM
TCK-2026-00247,ALT-2026-00939,24,Nilgiris,OFFICER-TN-197,2025-03-26 07:38:16,IMMEDIATE_PATROL_DISPATCH,OPEN,LOW
TCK-2026-00248,ALT-2026-00346,14,Kanniyakumari,OFFICER-TN-118,2026-01-30 12:26:07,INTER_AGENCY_COORDINATION,ACTION_COMPLETED,HIGH
TCK-2026-00249,ALT-2026-00246,37,Tirupathur,OFFICER-TN-166,2025-09-22 05:39:27,HUMAN_INTELLIGENCE_INSPECTION,IN_PROGRESS,HIGH
TCK-2026-00250,ALT-2026-00740,37,Tirupathur,OFFICER-TN-182,2025-06-30 12:11:10,HUMAN_INTELLIGENCE_INSPECTION,IN_PROGRESS,HIGH
TCK-2026-00251,ALT-2026-00161,22,Dharmapuri,OFFICER-TN-125,2026-03-04 20:08:03,HUMAN_INTELLIGENCE_INSPECTION,ACTION_COMPLETED,LOW
TCK-2026-00252,ALT-2026-00681,7,Erode,OFFICER-TN-163,2026-01-13 05:19:13,CHECKPOST_ENHANCED_SURVEILLANCE,ACTION_COMPLETED,MEDIUM
TCK-2026-00253,ALT-2026-00282,37,Tirupathur,OFFICER-TN-180,2025-06-12 19:32:05,IMMEDIATE_PATROL_DISPATCH,IN_PROGRESS,MEDIUM
TCK-2026-00254,ALT-2026-00837,19,Cuddalore,OFFICER-TN-137,2025-02-22 23:51:25,IMMEDIATE_PATROL_DISPATCH,ACTION_COMPLETED,MEDIUM
TCK-2026-00255,ALT-2026-00442,26,Ariyalur,OFFICER-TN-150,2026-07-08 17:12:08,HUMAN_INTELLIGENCE_INSPECTION,ESCALATED,LOW
TCK-2026-00256,ALT-2026-00839,36,Ranipet,OFFICER-TN-149,2025-02-23 14:16:48,IMMEDIATE_PATROL_DISPATCH,ACTION_COMPLETED,LOW
TCK-2026-00257,ALT-2026-00296,15,Tenkasi,OFFICER-TN-144,2025-06-10 17:31:19,HUMAN_INTELLIGENCE_INSPECTION,IN_PROGRESS,MEDIUM
TCK-2026-00258,ALT-2026-00807,9,Vellore,OFFICER-TN-121,2026-03-05 17:41:14,CHECKPOST_ENHANCED_SURVEILLANCE,ACTION_COMPLETED,HIGH
TCK-2026-00259,ALT-2026-00821,6,Tirunelveli,OFFICER-TN-112,2026-01-10 00:52:34,INTER_AGENCY_COORDINATION,ESCALATED,HIGH
TCK-2026-00260,ALT-2026-00749,10,Krishnagiri,OFFICER-TN-128,2026-06-20 04:34:23,HUMAN_INTELLIGENCE_INSPECTION,CLOSED,LOW
TCK-2026-00261,ALT-2026-00181,16,Kancheepuram,OFFICER-TN-159,2026-04-13 08:18:44,CHECKPOST_ENHANCED_SURVEILLANCE,OPEN,LOW
TCK-2026-00262,ALT-2026-00159,1,Chennai,OFFICER-TN-127,2026-04-05 15:56:41,INTER_AGENCY_COORDINATION,IN_PROGRESS,MEDIUM
TCK-2026-00263,ALT-2026-00205,24,Nilgiris,OFFICER-TN-127,2025-08-09 18:14:32,IMMEDIATE_PATROL_DISPATCH,IN_PROGRESS,HIGH
TCK-2026-00264,ALT-2026-00856,9,Vellore,OFFICER-TN-131,2026-05-25 04:26:06,HUMAN_INTELLIGENCE_INSPECTION,ACTION_COMPLETED,HIGH
TCK-2026-00265,ALT-2026-00025,31,Virudhunagar,OFFICER-TN-181,2025-05-09 14:26:58,IMMEDIATE_PATROL_DISPATCH,CLOSED,LOW
TCK-2026-00266,ALT-2026-00959,31,Virudhunagar,OFFICER-TN-129,2026-05-15 18:18:31,CHECKPOST_ENHANCED_SURVEILLANCE,ACTION_COMPLETED,MEDIUM
TCK-2026-00267,ALT-2026-00726,18,Tiruvallur,OFFICER-TN-120,2025-04-08 00:54:33,HUMAN_INTELLIGENCE_INSPECTION,ESCALATED,MEDIUM
TCK-2026-00268,ALT-2026-01030,12,Thanjavur,OFFICER-TN-117,2025-05-03 18:09:34,IMMEDIATE_PATROL_DISPATCH,ACTION_COMPLETED,HIGH
TCK-2026-00269,ALT-2026-00074,12,Thanjavur,OFFICER-TN-187,2026-05-24 03:52:27,IMMEDIATE_PATROL_DISPATCH,OPEN,LOW
TCK-2026-00270,ALT-2026-00787,38,Tiruvannamalai,OFFICER-TN-143,2026-06-14 00:17:11,HUMAN_INTELLIGENCE_INSPECTION,ACTION_COMPLETED,LOW
TCK-2026-00271,ALT-2026-00436,19,Cuddalore,OFFICER-TN-144,2026-02-24 04:07:06,HUMAN_INTELLIGENCE_INSPECTION,CLOSED,HIGH
TCK-2026-00272,ALT-2026-00197,12,Thanjavur,OFFICER-TN-144,2025-08-12 01:57:41,IMMEDIATE_PATROL_DISPATCH,ESCALATED,LOW
TCK-2026-00273,ALT-2026-00579,6,Tirunelveli,OFFICER-TN-105,2025-12-22 14:20:42,CHECKPOST_ENHANCED_SURVEILLANCE,OPEN,HIGH
TCK-2026-00274,ALT-2026-00082,24,Nilgiris,OFFICER-TN-171,2025-06-05 13:07:17,HUMAN_INTELLIGENCE_INSPECTION,CLOSED,HIGH
TCK-2026-00275,ALT-2026-00389,12,Thanjavur,OFFICER-TN-167,2025-12-08 21:52:04,IMMEDIATE_PATROL_DISPATCH,CLOSED,LOW
TCK-2026-00276,ALT-2026-00081,12,Thanjavur,OFFICER-TN-198,2025-11-14 07:19:14,HUMAN_INTELLIGENCE_INSPECTION,ESCALATED,LOW
TCK-2026-00277,ALT-2026-00681,9,Vellore,OFFICER-TN-160,2025-10-01 07:49:44,CHECKPOST_ENHANCED_SURVEILLANCE,ACTION_COMPLETED,LOW
TCK-2026-00278,ALT-2026-00683,6,Tirunelveli,OFFICER-TN-152,2026-06-11 10:22:54,IMMEDIATE_PATROL_DISPATCH,OPEN,HIGH
TCK-2026-00279,ALT-2026-00838,14,Kanniyakumari,OFFICER-TN-108,2025-01-24 10:38:38,IMMEDIATE_PATROL_DISPATCH,OPEN,MEDIUM
TCK-2026-00280,ALT-2026-00191,33,Thiruvarur,OFFICER-TN-137,2025-10-24 00:17:01,CHECKPOST_ENHANCED_SURVEILLANCE,IN_PROGRESS,LOW
TCK-2026-00281,ALT-2026-00422,13,Thoothukudi,OFFICER-TN-188,2026-06-09 16:53:14,INTER_AGENCY_COORDINATION,IN_PROGRESS,MEDIUM
TCK-2026-00282,ALT-2026-00953,21,Kallakurichi,OFFICER-TN-183,2026-04-12 06:39:15,INTER_AGENCY_COORDINATION,ACTION_COMPLETED,MEDIUM
TCK-2026-00283,ALT-2026-00742,12,Thanjavur,OFFICER-TN-170,2026-01-30 23:25:36,HUMAN_INTELLIGENCE_INSPECTION,ESCALATED,MEDIUM
TCK-2026-00284,ALT-2026-00837,8,Tiruppur,OFFICER-TN-180,2025-08-29 19:06:48,HUMAN_INTELLIGENCE_INSPECTION,OPEN,HIGH
TCK-2026-00285,ALT-2026-00221,19,Cuddalore,OFFICER-TN-153,2026-02-02 11:32:08,CHECKPOST_ENHANCED_SURVEILLANCE,ACTION_COMPLETED,LOW
TCK-2026-00286,ALT-2026-00541,34,Nagapattinam,OFFICER-TN-177,2025-03-17 00:13:03,CHECKPOST_ENHANCED_SURVEILLANCE,IN_PROGRESS,HIGH
TCK-2026-00287,ALT-2026-00172,30,Ramanathapuram,OFFICER-TN-135,2026-03-31 07:48:20,IMMEDIATE_PATROL_DISPATCH,ESCALATED,MEDIUM
TCK-2026-00288,ALT-2026-01035,15,Tenkasi,OFFICER-TN-141,2025-04-18 11:14:04,INTER_AGENCY_COORDINATION,OPEN,LOW
TCK-2026-00289,ALT-2026-00382,6,Tirunelveli,OFFICER-TN-104,2025-08-24 17:39:40,INTER_AGENCY_COORDINATION,IN_PROGRESS,LOW
TCK-2026-00290,ALT-2026-00490,6,Tirunelveli,OFFICER-TN-131,2025-07-23 09:18:37,HUMAN_INTELLIGENCE_INSPECTION,CLOSED,HIGH
TCK-2026-00291,ALT-2026-00516,36,Ranipet,OFFICER-TN-108,2026-01-09 02:36:16,HUMAN_INTELLIGENCE_INSPECTION,OPEN,LOW
TCK-2026-00292,ALT-2026-00934,23,Namakkal,OFFICER-TN-121,2025-01-27 19:18:35,CHECKPOST_ENHANCED_SURVEILLANCE,IN_PROGRESS,MEDIUM
TCK-2026-00293,ALT-2026-00794,8,Tiruppur,OFFICER-TN-114,2025-01-19 08:53:27,IMMEDIATE_PATROL_DISPATCH,ACTION_COMPLETED,MEDIUM
TCK-2026-00294,ALT-2026-00738,38,Tiruvannamalai,OFFICER-TN-174,2025-05-15 13:05:18,HUMAN_INTELLIGENCE_INSPECTION,ACTION_COMPLETED,LOW
TCK-2026-00295,ALT-2026-00347,18,Tiruvallur,OFFICER-TN-174,2025-09-02 16:57:07,INTER_AGENCY_COORDINATION,ACTION_COMPLETED,LOW
TCK-2026-00296,ALT-2026-00515,19,Cuddalore,OFFICER-TN-132,2026-07-12 19:05:00,IMMEDIATE_PATROL_DISPATCH,IN_PROGRESS,HIGH
TCK-2026-00297,ALT-2026-00879,22,Dharmapuri,OFFICER-TN-153,2025-04-26 20:30:39,IMMEDIATE_PATROL_DISPATCH,ACTION_COMPLETED,HIGH
TCK-2026-00298,ALT-2026-00531,38,Tiruvannamalai,OFFICER-TN-134,2026-01-24 11:35:26,INTER_AGENCY_COORDINATION,IN_PROGRESS,HIGH
TCK-2026-00299,ALT-2026-00286,26,Ariyalur,OFFICER-TN-167,2025-08-27 16:17:24,CHECKPOST_ENHANCED_SURVEILLANCE,ESCALATED,LOW
TCK-2026-00300,ALT-2026-00534,18,Tiruvallur,OFFICER-TN-130,2026-05-27 00:25:47,IMMEDIATE_PATROL_DISPATCH,CLOSED,HIGH
TCK-2026-00301,ALT-2026-00769,7,Erode,OFFICER-TN-104,2026-02-06 08:15:49,CHECKPOST_ENHANCED_SURVEILLANCE,ACTION_COMPLETED,LOW
TCK-2026-00302,ALT-2026-00417,22,Dharmapuri,OFFICER-TN-138,2025-05-11 16:40:44,IMMEDIATE_PATROL_DISPATCH,ESCALATED,LOW
TCK-2026-00303,ALT-2026-00372,8,Tiruppur,OFFICER-TN-111,2026-05-16 02:36:22,CHECKPOST_ENHANCED_SURVEILLANCE,IN_PROGRESS,LOW
TCK-2026-00304,ALT-2026-00550,12,Thanjavur,OFFICER-TN-106,2025-07-27 03:39:58,CHECKPOST_ENHANCED_SURVEILLANCE,CLOSED,LOW
TCK-2026-00305,ALT-2026-00174,37,Tirupathur,OFFICER-TN-193,2026-02-01 20:53:33,CHECKPOST_ENHANCED_SURVEILLANCE,OPEN,MEDIUM
TCK-2026-00306,ALT-2026-00622,8,Tiruppur,OFFICER-TN-107,2026-05-22 21:32:15,INTER_AGENCY_COORDINATION,ESCALATED,MEDIUM
TCK-2026-00307,ALT-2026-00842,37,Tirupathur,OFFICER-TN-164,2025-08-28 19:03:49,HUMAN_INTELLIGENCE_INSPECTION,OPEN,LOW
TCK-2026-00308,ALT-2026-00977,2,Coimbatore,OFFICER-TN-187,2025-09-23 10:12:42,CHECKPOST_ENHANCED_SURVEILLANCE,OPEN,MEDIUM
TCK-2026-00309,ALT-2026-00355,31,Virudhunagar,OFFICER-TN-140,2026-07-26 09:20:59,HUMAN_INTELLIGENCE_INSPECTION,ACTION_COMPLETED,HIGH
TCK-2026-00310,ALT-2026-00888,20,Viluppuram,OFFICER-TN-132,2025-11-06 13:54:37,CHECKPOST_ENHANCED_SURVEILLANCE,ACTION_COMPLETED,HIGH
TCK-2026-00311,ALT-2026-00789,9,Vellore,OFFICER-TN-188,2025-08-16 08:31:45,CHECKPOST_ENHANCED_SURVEILLANCE,OPEN,LOW
TCK-2026-00312,ALT-2026-00372,2,Coimbatore,OFFICER-TN-144,2025-12-19 13:16:11,INTER_AGENCY_COORDINATION,ACTION_COMPLETED,HIGH
TCK-2026-00313,ALT-2026-00318,33,Thiruvarur,OFFICER-TN-166,2025-06-19 10:45:51,HUMAN_INTELLIGENCE_INSPECTION,CLOSED,MEDIUM
TCK-2026-00314,ALT-2026-00963,23,Namakkal,OFFICER-TN-130,2026-02-12 04:16:43,HUMAN_INTELLIGENCE_INSPECTION,ACTION_COMPLETED,LOW
TCK-2026-00315,ALT-2026-00811,27,Perambalur,OFFICER-TN-131,2025-12-24 06:00:07,HUMAN_INTELLIGENCE_INSPECTION,ESCALATED,HIGH
TCK-2026-00316,ALT-2026-00104,34,Nagapattinam,OFFICER-TN-165,2025-12-08 21:42:59,INTER_AGENCY_COORDINATION,ESCALATED,LOW
TCK-2026-00317,ALT-2026-00021,28,Pudukkottai,OFFICER-TN-195,2026-07-28 21:19:09,IMMEDIATE_PATROL_DISPATCH,ACTION_COMPLETED,LOW
TCK-2026-00318,ALT-2026-00013,7,Erode,OFFICER-TN-109,2025-08-31 14:19:41,IMMEDIATE_PATROL_DISPATCH,OPEN,LOW
TCK-2026-00319,ALT-2026-00414,34,Nagapattinam,OFFICER-TN-176,2025-11-17 13:12:29,HUMAN_INTELLIGENCE_INSPECTION,ESCALATED,MEDIUM
TCK-2026-00320,ALT-2026-00955,38,Tiruvannamalai,OFFICER-TN-196,2025-09-22 15:08:53,HUMAN_INTELLIGENCE_INSPECTION,ESCALATED,LOW
TCK-2026-00321,ALT-2026-00036,14,Kanniyakumari,OFFICER-TN-128,2026-07-18 14:53:24,HUMAN_INTELLIGENCE_INSPECTION,OPEN,HIGH
TCK-2026-00322,ALT-2026-00786,18,Tiruvallur,OFFICER-TN-137,2025-02-22 17:40:19,IMMEDIATE_PATROL_DISPATCH,ESCALATED,LOW
TCK-2026-00323,ALT-2026-00109,10,Krishnagiri,OFFICER-TN-172,2026-01-30 01:41:18,IMMEDIATE_PATROL_DISPATCH,IN_PROGRESS,LOW
TCK-2026-00324,ALT-2026-00649,31,Virudhunagar,OFFICER-TN-127,2026-05-14 11:30:42,INTER_AGENCY_COORDINATION,ACTION_COMPLETED,MEDIUM
TCK-2026-00325,ALT-2026-00721,8,Tiruppur,OFFICER-TN-149,2025-01-11 00:21:21,INTER_AGENCY_COORDINATION,ACTION_COMPLETED,LOW
TCK-2026-00326,ALT-2026-00061,7,Erode,OFFICER-TN-160,2026-01-16 07:25:44,INTER_AGENCY_COORDINATION,CLOSED,LOW
TCK-2026-00327,ALT-2026-00548,15,Tenkasi,OFFICER-TN-127,2025-11-29 18:37:14,CHECKPOST_ENHANCED_SURVEILLANCE,CLOSED,LOW
TCK-2026-00328,ALT-2026-00052,14,Kanniyakumari,OFFICER-TN-156,2025-01-02 23:05:03,HUMAN_INTELLIGENCE_INSPECTION,IN_PROGRESS,MEDIUM
TCK-2026-00329,ALT-2026-01024,16,Kancheepuram,OFFICER-TN-121,2025-06-07 21:19:17,IMMEDIATE_PATROL_DISPATCH,ACTION_COMPLETED,MEDIUM
TCK-2026-00330,ALT-2026-00878,28,Pudukkottai,OFFICER-TN-114,2025-03-11 03:59:01,IMMEDIATE_PATROL_DISPATCH,IN_PROGRESS,LOW
TCK-2026-00331,ALT-2026-00505,17,Chengalpattu,OFFICER-TN-149,2026-06-21 22:36:23,INTER_AGENCY_COORDINATION,CLOSED,LOW
TCK-2026-00332,ALT-2026-00163,25,Karur,OFFICER-TN-147,2025-02-20 18:31:20,CHECKPOST_ENHANCED_SURVEILLANCE,CLOSED,HIGH
TCK-2026-00333,ALT-2026-00153,9,Vellore,OFFICER-TN-134,2025-02-14 23:25:36,CHECKPOST_ENHANCED_SURVEILLANCE,IN_PROGRESS,MEDIUM
TCK-2026-00334,ALT-2026-00807,17,Chengalpattu,OFFICER-TN-109,2025-09-16 02:26:38,INTER_AGENCY_COORDINATION,ESCALATED,MEDIUM
TCK-2026-00335,ALT-2026-00796,23,Namakkal,OFFICER-TN-157,2026-06-21 07:39:48,IMMEDIATE_PATROL_DISPATCH,ESCALATED,MEDIUM
TCK-2026-00336,ALT-2026-00795,16,Kancheepuram,OFFICER-TN-135,2025-06-19 17:30:33,CHECKPOST_ENHANCED_SURVEILLANCE,ESCALATED,HIGH
TCK-2026-00337,ALT-2026-00986,19,Cuddalore,OFFICER-TN-168,2025-07-03 02:35:13,CHECKPOST_ENHANCED_SURVEILLANCE,OPEN,LOW
TCK-2026-00338,ALT-2026-00496,5,Tiruchirappalli,OFFICER-TN-119,2025-05-17 01:58:25,CHECKPOST_ENHANCED_SURVEILLANCE,ACTION_COMPLETED,LOW
TCK-2026-00339,ALT-2026-00119,15,Tenkasi,OFFICER-TN-105,2025-06-01 23:17:00,HUMAN_INTELLIGENCE_INSPECTION,IN_PROGRESS,MEDIUM
TCK-2026-00340,ALT-2026-00555,36,Ranipet,OFFICER-TN-158,2025-06-20 16:18:52,HUMAN_INTELLIGENCE_INSPECTION,ESCALATED,LOW
TCK-2026-00341,ALT-2026-00915,7,Erode,OFFICER-TN-199,2026-05-10 13:58:03,HUMAN_INTELLIGENCE_INSPECTION,ACTION_COMPLETED,LOW
TCK-2026-00342,ALT-2026-00343,37,Tirupathur,OFFICER-TN-142,2025-03-10 08:49:13,INTER_AGENCY_COORDINATION,CLOSED,MEDIUM
TCK-2026-00343,ALT-2026-00539,30,Ramanathapuram,OFFICER-TN-178,2025-08-10 05:06:24,HUMAN_INTELLIGENCE_INSPECTION,OPEN,LOW
TCK-2026-00344,ALT-2026-00610,20,Viluppuram,OFFICER-TN-139,2025-09-11 15:28:45,HUMAN_INTELLIGENCE_INSPECTION,ESCALATED,HIGH
TCK-2026-00345,ALT-2026-00155,4,Salem,OFFICER-TN-177,2025-10-08 08:01:24,IMMEDIATE_PATROL_DISPATCH,CLOSED,LOW
TCK-2026-00346,ALT-2026-00152,10,Krishnagiri,OFFICER-TN-190,2025-11-09 21:28:01,INTER_AGENCY_COORDINATION,IN_PROGRESS,HIGH
TCK-2026-00347,ALT-2026-00216,26,Ariyalur,OFFICER-TN-155,2026-06-27 05:13:36,CHECKPOST_ENHANCED_SURVEILLANCE,ACTION_COMPLETED,MEDIUM
TCK-2026-00348,ALT-2026-01021,18,Tiruvallur,OFFICER-TN-130,2025-09-20 16:05:19,CHECKPOST_ENHANCED_SURVEILLANCE,ACTION_COMPLETED,HIGH
TCK-2026-00349,ALT-2026-01050,28,Pudukkottai,OFFICER-TN-180,2025-05-05 04:26:42,HUMAN_INTELLIGENCE_INSPECTION,CLOSED,HIGH
TCK-2026-00350,ALT-2026-00673,5,Tiruchirappalli,OFFICER-TN-153,2026-08-19 03:08:05,IMMEDIATE_PATROL_DISPATCH,ESCALATED,MEDIUM
TCK-2026-00351,ALT-2026-00521,37,Tirupathur,OFFICER-TN-176,2026-04-05 01:50:24,IMMEDIATE_PATROL_DISPATCH,OPEN,HIGH
TCK-2026-00352,ALT-2026-00127,32,Theni,OFFICER-TN-131,2025-06-26 18:03:14,IMMEDIATE_PATROL_DISPATCH,ESCALATED,MEDIUM
TCK-2026-00353,ALT-2026-00769,18,Tiruvallur,OFFICER-TN-118,2026-06-28 10:01:41,INTER_AGENCY_COORDINATION,OPEN,LOW
TCK-2026-00354,ALT-2026-00424,8,Tiruppur,OFFICER-TN-110,2025-05-13 00:21:55,CHECKPOST_ENHANCED_SURVEILLANCE,IN_PROGRESS,MEDIUM
TCK-2026-00355,ALT-2026-00716,13,Thoothukudi,OFFICER-TN-111,2025-04-29 00:10:08,INTER_AGENCY_COORDINATION,IN_PROGRESS,HIGH
TCK-2026-00356,ALT-2026-00058,30,Ramanathapuram,OFFICER-TN-101,2025-07-13 06:28:57,CHECKPOST_ENHANCED_SURVEILLANCE,CLOSED,MEDIUM
TCK-2026-00357,ALT-2026-00213,37,Tirupathur,OFFICER-TN-160,2026-04-11 11:48:02,CHECKPOST_ENHANCED_SURVEILLANCE,IN_PROGRESS,MEDIUM
TCK-2026-00358,ALT-2026-00099,14,Kanniyakumari,OFFICER-TN-177,2025-07-04 20:03:28,HUMAN_INTELLIGENCE_INSPECTION,IN_PROGRESS,MEDIUM
TCK-2026-00359,ALT-2026-00749,30,Ramanathapuram,OFFICER-TN-122,2026-05-20 09:38:46,CHECKPOST_ENHANCED_SURVEILLANCE,ESCALATED,HIGH
TCK-2026-00360,ALT-2026-00182,34,Nagapattinam,OFFICER-TN-151,2025-03-17 11:51:08,CHECKPOST_ENHANCED_SURVEILLANCE,CLOSED,HIGH
TCK-2026-00361,ALT-2026-00059,37,Tirupathur,OFFICER-TN-115,2025-11-04 19:30:02,IMMEDIATE_PATROL_DISPATCH,ESCALATED,LOW
TCK-2026-00362,ALT-2026-00722,29,Sivaganga,OFFICER-TN-132,2026-08-17 01:19:59,CHECKPOST_ENHANCED_SURVEILLANCE,OPEN,HIGH
TCK-2026-00363,ALT-2026-00228,11,Dindigul,OFFICER-TN-111,2025-03-30 13:16:46,IMMEDIATE_PATROL_DISPATCH,ESCALATED,LOW
TCK-2026-00364,ALT-2026-01045,31,Virudhunagar,OFFICER-TN-122,2025-02-28 05:01:26,HUMAN_INTELLIGENCE_INSPECTION,ACTION_COMPLETED,LOW
TCK-2026-00365,ALT-2026-00113,15,Tenkasi,OFFICER-TN-127,2025-02-08 19:46:03,CHECKPOST_ENHANCED_SURVEILLANCE,ESCALATED,HIGH
TCK-2026-00366,ALT-2026-00073,25,Karur,OFFICER-TN-110,2025-09-25 23:18:41,HUMAN_INTELLIGENCE_INSPECTION,OPEN,HIGH
TCK-2026-00367,ALT-2026-00336,5,Tiruchirappalli,OFFICER-TN-105,2025-11-28 13:28:06,HUMAN_INTELLIGENCE_INSPECTION,CLOSED,HIGH
TCK-2026-00368,ALT-2026-00382,33,Thiruvarur,OFFICER-TN-101,2026-03-18 17:01:30,INTER_AGENCY_COORDINATION,CLOSED,MEDIUM
TCK-2026-00369,ALT-2026-00493,33,Thiruvarur,OFFICER-TN-166,2026-07-03 01:55:46,HUMAN_INTELLIGENCE_INSPECTION,ESCALATED,HIGH
TCK-2026-00370,ALT-2026-00755,10,Krishnagiri,OFFICER-TN-121,2025-07-10 05:27:36,IMMEDIATE_PATROL_DISPATCH,ESCALATED,MEDIUM
TCK-2026-00371,ALT-2026-00077,10,Krishnagiri,OFFICER-TN-174,2026-01-08 17:51:20,INTER_AGENCY_COORDINATION,CLOSED,LOW
TCK-2026-00372,ALT-2026-00816,8,Tiruppur,OFFICER-TN-199,2025-03-15 07:33:14,CHECKPOST_ENHANCED_SURVEILLANCE,CLOSED,HIGH
TCK-2026-00373,ALT-2026-00944,21,Kallakurichi,OFFICER-TN-179,2025-05-19 05:59:22,HUMAN_INTELLIGENCE_INSPECTION,OPEN,MEDIUM
TCK-2026-00374,ALT-2026-00841,4,Salem,OFFICER-TN-140,2024-12-29 01:39:25,INTER_AGENCY_COORDINATION,IN_PROGRESS,HIGH
TCK-2026-00375,ALT-2026-00447,34,Nagapattinam,OFFICER-TN-197,2025-11-11 14:18:55,INTER_AGENCY_COORDINATION,OPEN,LOW
TCK-2026-00376,ALT-2026-00940,29,Sivaganga,OFFICER-TN-115,2025-07-21 12:46:51,HUMAN_INTELLIGENCE_INSPECTION,CLOSED,MEDIUM
TCK-2026-00377,ALT-2026-00374,19,Cuddalore,OFFICER-TN-196,2025-05-05 01:17:46,HUMAN_INTELLIGENCE_INSPECTION,OPEN,LOW
TCK-2026-00378,ALT-2026-00823,24,Nilgiris,OFFICER-TN-115,2026-03-07 08:13:41,IMMEDIATE_PATROL_DISPATCH,ESCALATED,LOW
TCK-2026-00379,ALT-2026-00062,3,Madurai,OFFICER-TN-142,2025-10-25 09:33:00,CHECKPOST_ENHANCED_SURVEILLANCE,CLOSED,LOW
TCK-2026-00380,ALT-2026-00380,22,Dharmapuri,OFFICER-TN-186,2025-03-24 06:33:01,HUMAN_INTELLIGENCE_INSPECTION,CLOSED,LOW
TCK-2026-00381,ALT-2026-00574,23,Namakkal,OFFICER-TN-106,2026-01-25 17:51:37,IMMEDIATE_PATROL_DISPATCH,ACTION_COMPLETED,MEDIUM
TCK-2026-00382,ALT-2026-00839,21,Kallakurichi,OFFICER-TN-190,2025-07-23 06:29:44,IMMEDIATE_PATROL_DISPATCH,ACTION_COMPLETED,LOW
TCK-2026-00383,ALT-2026-00231,10,Krishnagiri,OFFICER-TN-116,2025-03-24 15:13:57,IMMEDIATE_PATROL_DISPATCH,OPEN,LOW
TCK-2026-00384,ALT-2026-00956,19,Cuddalore,OFFICER-TN-175,2026-03-27 17:50:34,IMMEDIATE_PATROL_DISPATCH,OPEN,MEDIUM
TCK-2026-00385,ALT-2026-00546,35,Mayiladuthurai,OFFICER-TN-123,2025-09-25 21:09:11,IMMEDIATE_PATROL_DISPATCH,OPEN,MEDIUM
TCK-2026-00386,ALT-2026-00361,24,Nilgiris,OFFICER-TN-186,2025-01-27 07:00:47,INTER_AGENCY_COORDINATION,IN_PROGRESS,HIGH
TCK-2026-00387,ALT-2026-00025,28,Pudukkottai,OFFICER-TN-158,2025-10-08 23:03:08,IMMEDIATE_PATROL_DISPATCH,OPEN,LOW
TCK-2026-00388,ALT-2026-00153,29,Sivaganga,OFFICER-TN-134,2025-10-27 08:28:12,HUMAN_INTELLIGENCE_INSPECTION,IN_PROGRESS,LOW
TCK-2026-00389,ALT-2026-00321,34,Nagapattinam,OFFICER-TN-160,2025-08-11 13:36:24,HUMAN_INTELLIGENCE_INSPECTION,ESCALATED,HIGH
TCK-2026-00390,ALT-2026-00763,30,Ramanathapuram,OFFICER-TN-114,2025-04-09 14:07:31,HUMAN_INTELLIGENCE_INSPECTION,ACTION_COMPLETED,LOW
TCK-2026-00391,ALT-2026-00827,34,Nagapattinam,OFFICER-TN-101,2025-08-21 05:54:48,IMMEDIATE_PATROL_DISPATCH,ESCALATED,HIGH
TCK-2026-00392,ALT-2026-00793,20,Viluppuram,OFFICER-TN-157,2026-01-02 09:11:59,CHECKPOST_ENHANCED_SURVEILLANCE,ACTION_COMPLETED,HIGH
TCK-2026-00393,ALT-2026-00486,17,Chengalpattu,OFFICER-TN-141,2026-07-17 06:33:39,HUMAN_INTELLIGENCE_INSPECTION,ACTION_COMPLETED,HIGH
TCK-2026-00394,ALT-2026-00830,16,Kancheepuram,OFFICER-TN-172,2026-06-17 05:29:44,CHECKPOST_ENHANCED_SURVEILLANCE,ESCALATED,LOW
TCK-2026-00395,ALT-2026-00516,32,Theni,OFFICER-TN-175,2026-04-23 21:04:01,INTER_AGENCY_COORDINATION,ACTION_COMPLETED,LOW
TCK-2026-00396,ALT-2026-00037,9,Vellore,OFFICER-TN-164,2025-03-02 08:47:52,CHECKPOST_ENHANCED_SURVEILLANCE,ACTION_COMPLETED,MEDIUM
TCK-2026-00397,ALT-2026-00084,36,Ranipet,OFFICER-TN-133,2025-11-11 23:27:36,IMMEDIATE_PATROL_DISPATCH,OPEN,LOW
TCK-2026-00398,ALT-2026-00774,31,Virudhunagar,OFFICER-TN-139,2026-06-26 12:31:56,INTER_AGENCY_COORDINATION,CLOSED,MEDIUM
TCK-2026-00399,ALT-2026-00039,17,Chengalpattu,OFFICER-TN-182,2025-07-14 12:48:13,CHECKPOST_ENHANCED_SURVEILLANCE,OPEN,HIGH
TCK-2026-00400,ALT-2026-00795,18,Tiruvallur,OFFICER-TN-168,2025-02-16 08:01:26,IMMEDIATE_PATROL_DISPATCH,ESCALATED,MEDIUM
TCK-2026-00401,ALT-2026-00845,7,Erode,OFFICER-TN-146,2026-06-04 09:51:10,CHECKPOST_ENHANCED_SURVEILLANCE,ESCALATED,LOW
TCK-2026-00402,ALT-2026-00782,7,Erode,OFFICER-TN-171,2025-02-11 00:53:47,INTER_AGENCY_COORDINATION,OPEN,LOW
TCK-2026-00403,ALT-2026-00951,28,Pudukkottai,OFFICER-TN-158,2026-07-29 13:59:33,CHECKPOST_ENHANCED_SURVEILLANCE,CLOSED,MEDIUM
TCK-2026-00404,ALT-2026-00204,26,Ariyalur,OFFICER-TN-170,2025-02-18 01:46:34,INTER_AGENCY_COORDINATION,IN_PROGRESS,HIGH
TCK-2026-00405,ALT-2026-00937,5,Tiruchirappalli,OFFICER-TN-174,2026-03-03 18:22:52,INTER_AGENCY_COORDINATION,IN_PROGRESS,MEDIUM
TCK-2026-00406,ALT-2026-00416,29,Sivaganga,OFFICER-TN-135,2025-12-28 01:31:02,HUMAN_INTELLIGENCE_INSPECTION,CLOSED,HIGH
TCK-2026-00407,ALT-2026-00016,26,Ariyalur,OFFICER-TN-173,2025-11-26 23:55:29,INTER_AGENCY_COORDINATION,ACTION_COMPLETED,LOW
TCK-2026-00408,ALT-2026-01025,31,Virudhunagar,OFFICER-TN-178,2026-05-26 09:34:59,IMMEDIATE_PATROL_DISPATCH,IN_PROGRESS,MEDIUM
TCK-2026-00409,ALT-2026-00281,14,Kanniyakumari,OFFICER-TN-136,2025-02-17 21:32:59,CHECKPOST_ENHANCED_SURVEILLANCE,ESCALATED,MEDIUM
TCK-2026-00410,ALT-2026-00652,16,Kancheepuram,OFFICER-TN-108,2026-02-06 19:50:26,CHECKPOST_ENHANCED_SURVEILLANCE,ACTION_COMPLETED,HIGH
TCK-2026-00411,ALT-2026-00029,36,Ranipet,OFFICER-TN-170,2025-08-28 05:24:30,IMMEDIATE_PATROL_DISPATCH,CLOSED,MEDIUM
TCK-2026-00412,ALT-2026-00772,17,Chengalpattu,OFFICER-TN-167,2026-03-19 23:55:38,IMMEDIATE_PATROL_DISPATCH,ESCALATED,HIGH
TCK-2026-00413,ALT-2026-00228,31,Virudhunagar,OFFICER-TN-162,2025-12-13 13:59:05,IMMEDIATE_PATROL_DISPATCH,ESCALATED,MEDIUM
TCK-2026-00414,ALT-2026-00591,36,Ranipet,OFFICER-TN-189,2025-09-19 23:17:28,CHECKPOST_ENHANCED_SURVEILLANCE,ACTION_COMPLETED,MEDIUM
TCK-2026-00415,ALT-2026-00141,37,Tirupathur,OFFICER-TN-121,2025-09-27 08:48:47,CHECKPOST_ENHANCED_SURVEILLANCE,CLOSED,MEDIUM
TCK-2026-00416,ALT-2026-00964,28,Pudukkottai,OFFICER-TN-126,2026-07-28 20:52:50,IMMEDIATE_PATROL_DISPATCH,CLOSED,MEDIUM
TCK-2026-00417,ALT-2026-00385,14,Kanniyakumari,OFFICER-TN-111,2025-08-20 14:30:11,INTER_AGENCY_COORDINATION,OPEN,HIGH
TCK-2026-00418,ALT-2026-00149,31,Virudhunagar,OFFICER-TN-157,2025-08-17 15:31:36,CHECKPOST_ENHANCED_SURVEILLANCE,IN_PROGRESS,MEDIUM
TCK-2026-00419,ALT-2026-00402,7,Erode,OFFICER-TN-165,2026-07-06 10:58:43,HUMAN_INTELLIGENCE_INSPECTION,ESCALATED,HIGH
TCK-2026-00420,ALT-2026-00872,34,Nagapattinam,OFFICER-TN-130,2025-09-21 16:51:06,CHECKPOST_ENHANCED_SURVEILLANCE,OPEN,LOW
TCK-2026-00421,ALT-2026-00507,24,Nilgiris,OFFICER-TN-171,2025-11-03 00:55:56,INTER_AGENCY_COORDINATION,IN_PROGRESS,MEDIUM
TCK-2026-00422,ALT-2026-00020,35,Mayiladuthurai,OFFICER-TN-196,2026-06-25 15:05:41,IMMEDIATE_PATROL_DISPATCH,OPEN,HIGH
TCK-2026-00423,ALT-2026-01009,30,Ramanathapuram,OFFICER-TN-103,2026-07-19 09:06:23,INTER_AGENCY_COORDINATION,ACTION_COMPLETED,HIGH
TCK-2026-00424,ALT-2026-00183,4,Salem,OFFICER-TN-133,2025-07-01 10:06:41,INTER_AGENCY_COORDINATION,CLOSED,MEDIUM
TCK-2026-00425,ALT-2026-00307,31,Virudhunagar,OFFICER-TN-138,2026-04-14 13:18:14,INTER_AGENCY_COORDINATION,CLOSED,MEDIUM
TCK-2026-00426,ALT-2026-00466,1,Chennai,OFFICER-TN-135,2026-03-16 11:06:11,HUMAN_INTELLIGENCE_INSPECTION,ACTION_COMPLETED,MEDIUM
TCK-2026-00427,ALT-2026-00270,25,Karur,OFFICER-TN-129,2026-08-13 20:37:59,INTER_AGENCY_COORDINATION,CLOSED,MEDIUM
TCK-2026-00428,ALT-2026-00139,33,Thiruvarur,OFFICER-TN-156,2025-08-04 12:48:40,INTER_AGENCY_COORDINATION,ACTION_COMPLETED,LOW
TCK-2026-00429,ALT-2026-00110,7,Erode,OFFICER-TN-126,2025-04-17 21:43:14,INTER_AGENCY_COORDINATION,ESCALATED,MEDIUM
TCK-2026-00430,ALT-2026-00694,38,Tiruvannamalai,OFFICER-TN-134,2026-01-24 06:43:22,HUMAN_INTELLIGENCE_INSPECTION,OPEN,LOW
TCK-2026-00431,ALT-2026-00663,32,Theni,OFFICER-TN-198,2025-09-14 03:36:38,HUMAN_INTELLIGENCE_INSPECTION,OPEN,HIGH
TCK-2026-00432,ALT-2026-00214,37,Tirupathur,OFFICER-TN-141,2026-04-25 13:45:15,HUMAN_INTELLIGENCE_INSPECTION,ACTION_COMPLETED,HIGH
TCK-2026-00433,ALT-2026-00683,36,Ranipet,OFFICER-TN-180,2025-04-02 01:39:42,CHECKPOST_ENHANCED_SURVEILLANCE,ESCALATED,MEDIUM
TCK-2026-00434,ALT-2026-00970,17,Chengalpattu,OFFICER-TN-179,2026-01-18 08:54:34,IMMEDIATE_PATROL_DISPATCH,OPEN,MEDIUM
TCK-2026-00435,ALT-2026-00596,18,Tiruvallur,OFFICER-TN-143,2026-01-11 09:37:58,CHECKPOST_ENHANCED_SURVEILLANCE,OPEN,HIGH
TCK-2026-00436,ALT-2026-00698,1,Chennai,OFFICER-TN-188,2026-02-28 22:14:00,HUMAN_INTELLIGENCE_INSPECTION,ESCALATED,MEDIUM
TCK-2026-00437,ALT-2026-00307,24,Nilgiris,OFFICER-TN-158,2026-01-12 12:27:07,INTER_AGENCY_COORDINATION,OPEN,LOW
TCK-2026-00438,ALT-2026-00302,10,Krishnagiri,OFFICER-TN-186,2025-04-04 11:26:48,HUMAN_INTELLIGENCE_INSPECTION,ESCALATED,HIGH
TCK-2026-00439,ALT-2026-00430,15,Tenkasi,OFFICER-TN-130,2026-03-05 10:58:19,INTER_AGENCY_COORDINATION,ESCALATED,LOW
TCK-2026-00440,ALT-2026-00639,14,Kanniyakumari,OFFICER-TN-191,2025-11-05 09:18:29,HUMAN_INTELLIGENCE_INSPECTION,IN_PROGRESS,MEDIUM
TCK-2026-00441,ALT-2026-00189,12,Thanjavur,OFFICER-TN-126,2026-08-03 06:53:52,INTER_AGENCY_COORDINATION,ESCALATED,HIGH
TCK-2026-00442,ALT-2026-00902,23,Namakkal,OFFICER-TN-119,2025-10-18 17:25:05,HUMAN_INTELLIGENCE_INSPECTION,ESCALATED,HIGH
TCK-2026-00443,ALT-2026-00377,11,Dindigul,OFFICER-TN-181,2025-10-15 11:06:23,INTER_AGENCY_COORDINATION,IN_PROGRESS,HIGH
TCK-2026-00444,ALT-2026-00898,25,Karur,OFFICER-TN-154,2026-03-13 12:42:36,CHECKPOST_ENHANCED_SURVEILLANCE,IN_PROGRESS,HIGH
TCK-2026-00445,ALT-2026-00073,25,Karur,OFFICER-TN-120,2025-01-09 10:33:30,CHECKPOST_ENHANCED_SURVEILLANCE,ESCALATED,MEDIUM
TCK-2026-00446,ALT-2026-00351,7,Erode,OFFICER-TN-154,2026-07-06 09:26:34,IMMEDIATE_PATROL_DISPATCH,CLOSED,HIGH
TCK-2026-00447,ALT-2026-00267,10,Krishnagiri,OFFICER-TN-129,2026-07-10 11:20:50,HUMAN_INTELLIGENCE_INSPECTION,OPEN,HIGH
TCK-2026-00448,ALT-2026-00913,20,Viluppuram,OFFICER-TN-133,2026-05-24 18:27:13,CHECKPOST_ENHANCED_SURVEILLANCE,IN_PROGRESS,HIGH
TCK-2026-00449,ALT-2026-00400,37,Tirupathur,OFFICER-TN-195,2026-05-27 14:39:38,HUMAN_INTELLIGENCE_INSPECTION,ACTION_COMPLETED,MEDIUM
TCK-2026-00450,ALT-2026-00950,1,Chennai,OFFICER-TN-186,2026-01-12 09:46:55,HUMAN_INTELLIGENCE_INSPECTION,ACTION_COMPLETED,LOW
TCK-2026-00451,ALT-2026-00385,35,Mayiladuthurai,OFFICER-TN-167,2026-08-02 01:25:56,HUMAN_INTELLIGENCE_INSPECTION,CLOSED,LOW
TCK-2026-00452,ALT-2026-00333,3,Madurai,OFFICER-TN-181,2026-05-06 05:50:38,HUMAN_INTELLIGENCE_INSPECTION,CLOSED,MEDIUM
TCK-2026-00453,ALT-2026-00723,25,Karur,OFFICER-TN-164,2025-02-03 20:16:02,HUMAN_INTELLIGENCE_INSPECTION,ESCALATED,LOW
TCK-2026-00454,ALT-2026-00545,19,Cuddalore,OFFICER-TN-160,2025-10-13 09:59:45,CHECKPOST_ENHANCED_SURVEILLANCE,ESCALATED,MEDIUM
TCK-2026-00455,ALT-2026-00614,24,Nilgiris,OFFICER-TN-152,2025-05-02 18:33:40,CHECKPOST_ENHANCED_SURVEILLANCE,ESCALATED,MEDIUM
TCK-2026-00456,ALT-2026-00882,26,Ariyalur,OFFICER-TN-147,2025-06-10 13:39:02,CHECKPOST_ENHANCED_SURVEILLANCE,ESCALATED,LOW
TCK-2026-00457,ALT-2026-00415,23,Namakkal,OFFICER-TN-124,2025-11-25 00:14:25,IMMEDIATE_PATROL_DISPATCH,IN_PROGRESS,MEDIUM
TCK-2026-00458,ALT-2026-00673,6,Tirunelveli,OFFICER-TN-149,2025-03-22 14:15:24,IMMEDIATE_PATROL_DISPATCH,ESCALATED,HIGH
TCK-2026-00459,ALT-2026-00394,19,Cuddalore,OFFICER-TN-104,2025-03-12 17:41:02,IMMEDIATE_PATROL_DISPATCH,ESCALATED,LOW
TCK-2026-00460,ALT-2026-00945,7,Erode,OFFICER-TN-157,2025-10-02 00:20:48,INTER_AGENCY_COORDINATION,ESCALATED,HIGH
TCK-2026-00461,ALT-2026-00326,34,Nagapattinam,OFFICER-TN-183,2025-06-08 17:05:07,CHECKPOST_ENHANCED_SURVEILLANCE,IN_PROGRESS,HIGH
TCK-2026-00462,ALT-2026-00113,15,Tenkasi,OFFICER-TN-168,2025-02-26 13:18:17,CHECKPOST_ENHANCED_SURVEILLANCE,ESCALATED,HIGH
TCK-2026-00463,ALT-2026-00481,13,Thoothukudi,OFFICER-TN-139,2025-04-09 07:07:50,CHECKPOST_ENHANCED_SURVEILLANCE,CLOSED,LOW
TCK-2026-00464,ALT-2026-00295,15,Tenkasi,OFFICER-TN-109,2025-12-19 12:32:19,CHECKPOST_ENHANCED_SURVEILLANCE,OPEN,MEDIUM
TCK-2026-00465,ALT-2026-00265,15,Tenkasi,OFFICER-TN-146,2026-02-22 20:59:50,IMMEDIATE_PATROL_DISPATCH,ACTION_COMPLETED,LOW
TCK-2026-00466,ALT-2026-00842,19,Cuddalore,OFFICER-TN-111,2025-04-09 15:52:40,HUMAN_INTELLIGENCE_INSPECTION,OPEN,LOW
TCK-2026-00467,ALT-2026-00712,30,Ramanathapuram,OFFICER-TN-183,2026-01-02 02:34:58,IMMEDIATE_PATROL_DISPATCH,CLOSED,MEDIUM
TCK-2026-00468,ALT-2026-00690,1,Chennai,OFFICER-TN-111,2026-06-04 07:57:07,HUMAN_INTELLIGENCE_INSPECTION,OPEN,MEDIUM
TCK-2026-00469,ALT-2026-00430,14,Kanniyakumari,OFFICER-TN-139,2025-01-09 22:24:46,CHECKPOST_ENHANCED_SURVEILLANCE,CLOSED,HIGH
TCK-2026-00470,ALT-2026-00025,12,Thanjavur,OFFICER-TN-116,2025-04-15 10:40:53,INTER_AGENCY_COORDINATION,CLOSED,MEDIUM
TCK-2026-00471,ALT-2026-00205,13,Thoothukudi,OFFICER-TN-165,2025-08-04 00:22:09,CHECKPOST_ENHANCED_SURVEILLANCE,ESCALATED,LOW
TCK-2026-00472,ALT-2026-00325,3,Madurai,OFFICER-TN-175,2026-04-10 20:48:57,IMMEDIATE_PATROL_DISPATCH,IN_PROGRESS,HIGH
TCK-2026-00473,ALT-2026-00598,14,Kanniyakumari,OFFICER-TN-110,2025-10-10 12:00:45,INTER_AGENCY_COORDINATION,ACTION_COMPLETED,LOW
TCK-2026-00474,ALT-2026-01048,6,Tirunelveli,OFFICER-TN-137,2026-08-15 00:14:39,INTER_AGENCY_COORDINATION,ESCALATED,LOW
TCK-2026-00475,ALT-2026-00820,11,Dindigul,OFFICER-TN-127,2025-11-07 00:59:52,INTER_AGENCY_COORDINATION,OPEN,LOW
TCK-2026-00476,ALT-2026-00128,32,Theni,OFFICER-TN-108,2025-01-23 01:53:46,HUMAN_INTELLIGENCE_INSPECTION,CLOSED,LOW
TCK-2026-00477,ALT-2026-00514,32,Theni,OFFICER-TN-165,2025-05-01 11:11:13,HUMAN_INTELLIGENCE_INSPECTION,ACTION_COMPLETED,MEDIUM
TCK-2026-00478,ALT-2026-00028,8,Tiruppur,OFFICER-TN-149,2025-06-09 14:43:04,HUMAN_INTELLIGENCE_INSPECTION,ACTION_COMPLETED,HIGH
TCK-2026-00479,ALT-2026-00010,29,Sivaganga,OFFICER-TN-173,2025-05-13 15:19:17,HUMAN_INTELLIGENCE_INSPECTION,IN_PROGRESS,LOW
TCK-2026-00480,ALT-2026-00157,20,Viluppuram,OFFICER-TN-190,2025-05-27 14:48:06,IMMEDIATE_PATROL_DISPATCH,CLOSED,MEDIUM
TCK-2026-00481,ALT-2026-00047,31,Virudhunagar,OFFICER-TN-113,2026-04-04 14:41:49,CHECKPOST_ENHANCED_SURVEILLANCE,CLOSED,HIGH
TCK-2026-00482,ALT-2026-00643,32,Theni,OFFICER-TN-116,2026-07-30 05:18:28,IMMEDIATE_PATROL_DISPATCH,CLOSED,HIGH
TCK-2026-00483,ALT-2026-00602,25,Karur,OFFICER-TN-122,2025-06-26 10:18:09,HUMAN_INTELLIGENCE_INSPECTION,ESCALATED,LOW
TCK-2026-00484,ALT-2026-00532,14,Kanniyakumari,OFFICER-TN-111,2026-01-29 20:22:42,IMMEDIATE_PATROL_DISPATCH,CLOSED,MEDIUM
TCK-2026-00485,ALT-2026-00353,21,Kallakurichi,OFFICER-TN-114,2025-06-13 08:59:19,IMMEDIATE_PATROL_DISPATCH,OPEN,MEDIUM
TCK-2026-00486,ALT-2026-00338,29,Sivaganga,OFFICER-TN-188,2025-06-21 14:48:52,CHECKPOST_ENHANCED_SURVEILLANCE,OPEN,MEDIUM
TCK-2026-00487,ALT-2026-00725,26,Ariyalur,OFFICER-TN-116,2025-08-15 03:36:27,INTER_AGENCY_COORDINATION,ACTION_COMPLETED,MEDIUM
TCK-2026-00488,ALT-2026-00675,13,Thoothukudi,OFFICER-TN-154,2026-06-28 04:18:08,CHECKPOST_ENHANCED_SURVEILLANCE,OPEN,LOW
TCK-2026-00489,ALT-2026-00340,11,Dindigul,OFFICER-TN-161,2025-10-12 16:18:32,INTER_AGENCY_COORDINATION,CLOSED,HIGH
TCK-2026-00490,ALT-2026-00345,4,Salem,OFFICER-TN-168,2026-07-23 03:40:31,IMMEDIATE_PATROL_DISPATCH,ESCALATED,LOW
TCK-2026-00491,ALT-2026-00481,10,Krishnagiri,OFFICER-TN-198,2025-10-18 11:50:10,CHECKPOST_ENHANCED_SURVEILLANCE,OPEN,MEDIUM
TCK-2026-00492,ALT-2026-00714,31,Virudhunagar,OFFICER-TN-139,2026-01-27 20:13:00,INTER_AGENCY_COORDINATION,OPEN,LOW
TCK-2026-00493,ALT-2026-00506,5,Tiruchirappalli,OFFICER-TN-102,2026-02-02 05:14:43,IMMEDIATE_PATROL_DISPATCH,ACTION_COMPLETED,MEDIUM
TCK-2026-00494,ALT-2026-00801,27,Perambalur,OFFICER-TN-179,2026-07-18 21:50:57,INTER_AGENCY_COORDINATION,ACTION_COMPLETED,LOW
TCK-2026-00495,ALT-2026-00717,37,Tirupathur,OFFICER-TN-188,2025-05-06 04:52:24,HUMAN_INTELLIGENCE_INSPECTION,IN_PROGRESS,MEDIUM
TCK-2026-00496,ALT-2026-00923,23,Namakkal,OFFICER-TN-106,2025-01-19 19:36:35,HUMAN_INTELLIGENCE_INSPECTION,CLOSED,MEDIUM
TCK-2026-00497,ALT-2026-00018,9,Vellore,OFFICER-TN-165,2025-07-19 01:36:57,IMMEDIATE_PATROL_DISPATCH,ESCALATED,LOW
TCK-2026-00498,ALT-2026-00542,25,Karur,OFFICER-TN-143,2025-12-15 04:21:54,IMMEDIATE_PATROL_DISPATCH,ACTION_COMPLETED,HIGH
TCK-2026-00499,ALT-2026-00289,21,Kallakurichi,OFFICER-TN-114,2026-06-12 19:38:07,CHECKPOST_ENHANCED_SURVEILLANCE,ACTION_COMPLETED,HIGH
TCK-2026-00500,ALT-2026-00008,11,Dindigul,OFFICER-TN-138,2025-10-19 18:10:40,CHECKPOST_ENHANCED_SURVEILLANCE,OPEN,HIGH
TCK-2026-00501,ALT-2026-00498,13,Thoothukudi,OFFICER-TN-152,2025-08-10 18:52:06,HUMAN_INTELLIGENCE_INSPECTION,IN_PROGRESS,HIGH
TCK-2026-00502,ALT-2026-00986,6,Tirunelveli,OFFICER-TN-158,2025-08-23 09:26:16,HUMAN_INTELLIGENCE_INSPECTION,IN_PROGRESS,HIGH
TCK-2026-00503,ALT-2026-00193,4,Salem,OFFICER-TN-138,2026-01-03 19:14:40,HUMAN_INTELLIGENCE_INSPECTION,IN_PROGRESS,LOW
TCK-2026-00504,ALT-2026-00135,24,Nilgiris,OFFICER-TN-115,2026-06-13 06:26:36,HUMAN_INTELLIGENCE_INSPECTION,OPEN,MEDIUM
TCK-2026-00505,ALT-2026-00556,9,Vellore,OFFICER-TN-107,2026-05-07 16:34:53,INTER_AGENCY_COORDINATION,OPEN,LOW
TCK-2026-00506,ALT-2026-00923,27,Perambalur,OFFICER-TN-164,2026-02-17 03:34:23,HUMAN_INTELLIGENCE_INSPECTION,IN_PROGRESS,MEDIUM
TCK-2026-00507,ALT-2026-00042,16,Kancheepuram,OFFICER-TN-150,2025-06-24 04:37:54,INTER_AGENCY_COORDINATION,OPEN,LOW
TCK-2026-00508,ALT-2026-01017,4,Salem,OFFICER-TN-124,2025-02-23 11:34:40,CHECKPOST_ENHANCED_SURVEILLANCE,IN_PROGRESS,MEDIUM
TCK-2026-00509,ALT-2026-00165,24,Nilgiris,OFFICER-TN-162,2025-10-25 08:11:15,HUMAN_INTELLIGENCE_INSPECTION,ESCALATED,HIGH
TCK-2026-00510,ALT-2026-00434,7,Erode,OFFICER-TN-183,2026-03-17 17:23:01,IMMEDIATE_PATROL_DISPATCH,ACTION_COMPLETED,HIGH
TCK-2026-00511,ALT-2026-00536,20,Viluppuram,OFFICER-TN-194,2025-12-06 23:09:38,HUMAN_INTELLIGENCE_INSPECTION,ACTION_COMPLETED,MEDIUM
TCK-2026-00512,ALT-2026-00307,27,Perambalur,OFFICER-TN-183,2026-04-27 21:25:20,CHECKPOST_ENHANCED_SURVEILLANCE,ESCALATED,HIGH
TCK-2026-00513,ALT-2026-00214,34,Nagapattinam,OFFICER-TN-165,2025-12-30 09:17:56,CHECKPOST_ENHANCED_SURVEILLANCE,IN_PROGRESS,LOW
TCK-2026-00514,ALT-2026-00866,22,Dharmapuri,OFFICER-TN-156,2025-09-20 09:20:36,IMMEDIATE_PATROL_DISPATCH,IN_PROGRESS,HIGH
TCK-2026-00515,ALT-2026-00905,29,Sivaganga,OFFICER-TN-145,2025-01-18 23:54:11,HUMAN_INTELLIGENCE_INSPECTION,OPEN,LOW
TCK-2026-00516,ALT-2026-00542,11,Dindigul,OFFICER-TN-160,2025-01-12 22:34:12,INTER_AGENCY_COORDINATION,ESCALATED,MEDIUM
TCK-2026-00517,ALT-2026-00931,7,Erode,OFFICER-TN-160,2026-01-25 14:08:22,IMMEDIATE_PATROL_DISPATCH,ESCALATED,MEDIUM
TCK-2026-00518,ALT-2026-00249,4,Salem,OFFICER-TN-179,2025-02-22 18:24:26,INTER_AGENCY_COORDINATION,CLOSED,HIGH
TCK-2026-00519,ALT-2026-00275,31,Virudhunagar,OFFICER-TN-134,2026-08-18 21:34:29,CHECKPOST_ENHANCED_SURVEILLANCE,IN_PROGRESS,MEDIUM
TCK-2026-00520,ALT-2026-00179,13,Thoothukudi,OFFICER-TN-146,2026-07-29 23:36:41,CHECKPOST_ENHANCED_SURVEILLANCE,OPEN,LOW
TCK-2026-00521,ALT-2026-00108,33,Thiruvarur,OFFICER-TN-103,2025-02-20 20:35:24,CHECKPOST_ENHANCED_SURVEILLANCE,ACTION_COMPLETED,LOW
TCK-2026-00522,ALT-2026-00279,13,Thoothukudi,OFFICER-TN-145,2026-08-19 21:19:13,CHECKPOST_ENHANCED_SURVEILLANCE,OPEN,HIGH
TCK-2026-00523,ALT-2026-00646,18,Tiruvallur,OFFICER-TN-117,2025-11-26 00:51:20,INTER_AGENCY_COORDINATION,OPEN,MEDIUM
TCK-2026-00524,ALT-2026-00913,38,Tiruvannamalai,OFFICER-TN-120,2026-04-05 01:19:05,IMMEDIATE_PATROL_DISPATCH,ACTION_COMPLETED,HIGH
TCK-2026-00525,ALT-2026-00926,2,Coimbatore,OFFICER-TN-135,2026-07-10 21:25:44,IMMEDIATE_PATROL_DISPATCH,CLOSED,HIGH
TCK-2026-00526,ALT-2026-01032,38,Tiruvannamalai,OFFICER-TN-181,2025-11-16 01:49:32,INTER_AGENCY_COORDINATION,ESCALATED,LOW
TCK-2026-00527,ALT-2026-00372,34,Nagapattinam,OFFICER-TN-103,2026-01-05 13:13:59,HUMAN_INTELLIGENCE_INSPECTION,IN_PROGRESS,LOW
TCK-2026-00528,ALT-2026-00539,34,Nagapattinam,OFFICER-TN-199,2026-01-26 01:49:37,IMMEDIATE_PATROL_DISPATCH,CLOSED,LOW
TCK-2026-00529,ALT-2026-00940,28,Pudukkottai,OFFICER-TN-131,2025-10-14 04:23:25,IMMEDIATE_PATROL_DISPATCH,IN_PROGRESS,MEDIUM
TCK-2026-00530,ALT-2026-01014,28,Pudukkottai,OFFICER-TN-162,2025-10-05 23:22:53,INTER_AGENCY_COORDINATION,CLOSED,MEDIUM
TCK-2026-00531,ALT-2026-00117,21,Kallakurichi,OFFICER-TN-172,2026-04-19 18:41:14,CHECKPOST_ENHANCED_SURVEILLANCE,ACTION_COMPLETED,LOW
TCK-2026-00532,ALT-2026-00422,10,Krishnagiri,OFFICER-TN-113,2025-12-01 02:03:53,CHECKPOST_ENHANCED_SURVEILLANCE,OPEN,LOW
TCK-2026-00533,ALT-2026-00732,3,Madurai,OFFICER-TN-103,2025-02-01 08:56:03,CHECKPOST_ENHANCED_SURVEILLANCE,IN_PROGRESS,MEDIUM
TCK-2026-00534,ALT-2026-00270,35,Mayiladuthurai,OFFICER-TN-110,2026-06-24 18:13:40,IMMEDIATE_PATROL_DISPATCH,ESCALATED,MEDIUM
TCK-2026-00535,ALT-2026-00592,4,Salem,OFFICER-TN-121,2025-10-25 18:12:04,INTER_AGENCY_COORDINATION,ESCALATED,LOW
TCK-2026-00536,ALT-2026-00679,17,Chengalpattu,OFFICER-TN-121,2026-06-24 03:18:39,INTER_AGENCY_COORDINATION,CLOSED,MEDIUM
TCK-2026-00537,ALT-2026-00817,28,Pudukkottai,OFFICER-TN-112,2026-05-04 21:58:50,INTER_AGENCY_COORDINATION,IN_PROGRESS,LOW
TCK-2026-00538,ALT-2026-00701,38,Tiruvannamalai,OFFICER-TN-190,2026-02-03 02:00:46,INTER_AGENCY_COORDINATION,CLOSED,HIGH
TCK-2026-00539,ALT-2026-00609,18,Tiruvallur,OFFICER-TN-107,2025-05-29 03:29:51,HUMAN_INTELLIGENCE_INSPECTION,ACTION_COMPLETED,LOW
TCK-2026-00540,ALT-2026-00463,18,Tiruvallur,OFFICER-TN-135,2025-11-16 10:07:25,IMMEDIATE_PATROL_DISPATCH,OPEN,LOW
TCK-2026-00541,ALT-2026-00142,11,Dindigul,OFFICER-TN-175,2026-07-13 15:57:31,IMMEDIATE_PATROL_DISPATCH,OPEN,MEDIUM
TCK-2026-00542,ALT-2026-00565,1,Chennai,OFFICER-TN-117,2026-04-21 20:14:20,HUMAN_INTELLIGENCE_INSPECTION,ESCALATED,HIGH
TCK-2026-00543,ALT-2026-00405,1,Chennai,OFFICER-TN-153,2026-04-15 11:09:15,IMMEDIATE_PATROL_DISPATCH,OPEN,MEDIUM
TCK-2026-00544,ALT-2026-00239,2,Coimbatore,OFFICER-TN-179,2025-01-30 07:16:04,CHECKPOST_ENHANCED_SURVEILLANCE,IN_PROGRESS,HIGH
TCK-2026-00545,ALT-2026-00024,8,Tiruppur,OFFICER-TN-117,2025-03-22 08:52:56,IMMEDIATE_PATROL_DISPATCH,OPEN,MEDIUM
TCK-2026-00546,ALT-2026-00969,31,Virudhunagar,OFFICER-TN-170,2025-09-06 22:13:05,HUMAN_INTELLIGENCE_INSPECTION,ESCALATED,HIGH
TCK-2026-00547,ALT-2026-00446,23,Namakkal,OFFICER-TN-156,2025-04-23 14:58:34,INTER_AGENCY_COORDINATION,ESCALATED,HIGH
TCK-2026-00548,ALT-2026-00552,17,Chengalpattu,OFFICER-TN-121,2025-07-06 07:59:40,INTER_AGENCY_COORDINATION,ESCALATED,MEDIUM
TCK-2026-00549,ALT-2026-00078,24,Nilgiris,OFFICER-TN-186,2025-05-06 17:20:22,CHECKPOST_ENHANCED_SURVEILLANCE,ESCALATED,LOW
TCK-2026-00550,ALT-2026-00968,16,Kancheepuram,OFFICER-TN-107,2024-12-28 15:38:09,CHECKPOST_ENHANCED_SURVEILLANCE,CLOSED,MEDIUM
TCK-2026-00551,ALT-2026-00321,18,Tiruvallur,OFFICER-TN-124,2025-07-22 17:56:42,CHECKPOST_ENHANCED_SURVEILLANCE,IN_PROGRESS,LOW
TCK-2026-00552,ALT-2026-00849,34,Nagapattinam,OFFICER-TN-136,2026-05-01 21:48:28,CHECKPOST_ENHANCED_SURVEILLANCE,CLOSED,HIGH
TCK-2026-00553,ALT-2026-00006,18,Tiruvallur,OFFICER-TN-157,2026-04-02 21:22:48,IMMEDIATE_PATROL_DISPATCH,ESCALATED,LOW
TCK-2026-00554,ALT-2026-00151,33,Thiruvarur,OFFICER-TN-166,2025-09-01 12:21:37,HUMAN_INTELLIGENCE_INSPECTION,CLOSED,LOW
TCK-2026-00555,ALT-2026-00288,24,Nilgiris,OFFICER-TN-183,2025-06-24 09:07:46,IMMEDIATE_PATROL_DISPATCH,IN_PROGRESS,HIGH
TCK-2026-00556,ALT-2026-00734,22,Dharmapuri,OFFICER-TN-194,2025-11-07 17:25:05,INTER_AGENCY_COORDINATION,ESCALATED,LOW
TCK-2026-00557,ALT-2026-00620,26,Ariyalur,OFFICER-TN-171,2025-03-22 08:06:35,HUMAN_INTELLIGENCE_INSPECTION,CLOSED,LOW
TCK-2026-00558,ALT-2026-00556,19,Cuddalore,OFFICER-TN-183,2026-01-18 15:36:47,CHECKPOST_ENHANCED_SURVEILLANCE,ACTION_COMPLETED,LOW
TCK-2026-00559,ALT-2026-00512,22,Dharmapuri,OFFICER-TN-192,2025-09-28 05:33:44,HUMAN_INTELLIGENCE_INSPECTION,ESCALATED,LOW
TCK-2026-00560,ALT-2026-00190,28,Pudukkottai,OFFICER-TN-151,2025-06-16 05:52:12,IMMEDIATE_PATROL_DISPATCH,CLOSED,LOW
TCK-2026-00561,ALT-2026-00411,13,Thoothukudi,OFFICER-TN-128,2025-09-30 02:21:28,CHECKPOST_ENHANCED_SURVEILLANCE,CLOSED,LOW
TCK-2026-00562,ALT-2026-00972,33,Thiruvarur,OFFICER-TN-130,2024-12-29 15:24:57,HUMAN_INTELLIGENCE_INSPECTION,OPEN,MEDIUM
TCK-2026-00563,ALT-2026-00010,33,Thiruvarur,OFFICER-TN-111,2025-11-04 07:25:29,HUMAN_INTELLIGENCE_INSPECTION,ESCALATED,MEDIUM
TCK-2026-00564,ALT-2026-00077,26,Ariyalur,OFFICER-TN-174,2025-10-12 09:16:56,HUMAN_INTELLIGENCE_INSPECTION,OPEN,LOW
TCK-2026-00565,ALT-2026-00822,18,Tiruvallur,OFFICER-TN-192,2025-02-16 11:47:30,IMMEDIATE_PATROL_DISPATCH,IN_PROGRESS,MEDIUM
TCK-2026-00566,ALT-2026-00260,6,Tirunelveli,OFFICER-TN-123,2025-03-04 21:13:35,CHECKPOST_ENHANCED_SURVEILLANCE,ESCALATED,MEDIUM
TCK-2026-00567,ALT-2026-00064,10,Krishnagiri,OFFICER-TN-198,2025-07-04 00:52:41,CHECKPOST_ENHANCED_SURVEILLANCE,IN_PROGRESS,HIGH
TCK-2026-00568,ALT-2026-00233,12,Thanjavur,OFFICER-TN-129,2025-06-02 10:07:59,INTER_AGENCY_COORDINATION,OPEN,LOW
TCK-2026-00569,ALT-2026-00301,38,Tiruvannamalai,OFFICER-TN-147,2025-03-09 10:22:11,INTER_AGENCY_COORDINATION,OPEN,LOW
TCK-2026-00570,ALT-2026-00961,20,Viluppuram,OFFICER-TN-111,2026-02-09 06:36:04,IMMEDIATE_PATROL_DISPATCH,IN_PROGRESS,HIGH
TCK-2026-00571,ALT-2026-00619,10,Krishnagiri,OFFICER-TN-146,2026-06-12 00:01:02,CHECKPOST_ENHANCED_SURVEILLANCE,ACTION_COMPLETED,HIGH
TCK-2026-00572,ALT-2026-00895,31,Virudhunagar,OFFICER-TN-197,2025-04-20 23:23:40,IMMEDIATE_PATROL_DISPATCH,CLOSED,LOW
TCK-2026-00573,ALT-2026-00775,32,Theni,OFFICER-TN-182,2026-01-09 17:28:14,INTER_AGENCY_COORDINATION,ACTION_COMPLETED,LOW
TCK-2026-00574,ALT-2026-00781,25,Karur,OFFICER-TN-160,2025-09-26 19:51:14,IMMEDIATE_PATROL_DISPATCH,OPEN,HIGH
TCK-2026-00575,ALT-2026-00316,12,Thanjavur,OFFICER-TN-148,2026-02-21 17:11:37,IMMEDIATE_PATROL_DISPATCH,CLOSED,HIGH
TCK-2026-00576,ALT-2026-00443,21,Kallakurichi,OFFICER-TN-176,2025-10-04 15:26:36,IMMEDIATE_PATROL_DISPATCH,CLOSED,MEDIUM
TCK-2026-00577,ALT-2026-00580,1,Chennai,OFFICER-TN-106,2026-05-08 10:19:05,IMMEDIATE_PATROL_DISPATCH,CLOSED,LOW
TCK-2026-00578,ALT-2026-00914,15,Tenkasi,OFFICER-TN-183,2026-03-20 16:10:21,CHECKPOST_ENHANCED_SURVEILLANCE,ESCALATED,MEDIUM
TCK-2026-00579,ALT-2026-00505,11,Dindigul,OFFICER-TN-149,2025-08-13 13:14:22,INTER_AGENCY_COORDINATION,ESCALATED,LOW
TCK-2026-00580,ALT-2026-00034,2,Coimbatore,OFFICER-TN-189,2025-10-20 04:50:41,IMMEDIATE_PATROL_DISPATCH,OPEN,HIGH
TCK-2026-00581,ALT-2026-00048,30,Ramanathapuram,OFFICER-TN-155,2025-09-09 13:20:49,INTER_AGENCY_COORDINATION,ACTION_COMPLETED,HIGH
TCK-2026-00582,ALT-2026-00939,6,Tirunelveli,OFFICER-TN-135,2025-01-06 21:45:16,INTER_AGENCY_COORDINATION,ESCALATED,HIGH
TCK-2026-00583,ALT-2026-00194,14,Kanniyakumari,OFFICER-TN-146,2026-03-23 02:03:03,IMMEDIATE_PATROL_DISPATCH,ACTION_COMPLETED,LOW
TCK-2026-00584,ALT-2026-00193,23,Namakkal,OFFICER-TN-109,2025-07-30 16:17:36,INTER_AGENCY_COORDINATION,ACTION_COMPLETED,HIGH
TCK-2026-00585,ALT-2026-00005,22,Dharmapuri,OFFICER-TN-148,2025-01-08 11:20:33,IMMEDIATE_PATROL_DISPATCH,ESCALATED,LOW
TCK-2026-00586,ALT-2026-00263,3,Madurai,OFFICER-TN-162,2025-04-16 08:41:47,CHECKPOST_ENHANCED_SURVEILLANCE,CLOSED,HIGH
TCK-2026-00587,ALT-2026-00209,30,Ramanathapuram,OFFICER-TN-159,2025-05-17 11:17:43,INTER_AGENCY_COORDINATION,OPEN,HIGH
TCK-2026-00588,ALT-2026-00617,23,Namakkal,OFFICER-TN-136,2026-04-17 17:11:03,HUMAN_INTELLIGENCE_INSPECTION,CLOSED,MEDIUM
TCK-2026-00589,ALT-2026-00919,7,Erode,OFFICER-TN-107,2025-01-27 23:44:00,CHECKPOST_ENHANCED_SURVEILLANCE,CLOSED,LOW
TCK-2026-00590,ALT-2026-00045,5,Tiruchirappalli,OFFICER-TN-140,2025-02-18 08:22:15,HUMAN_INTELLIGENCE_INSPECTION,ESCALATED,MEDIUM
TCK-2026-00591,ALT-2026-00120,24,Nilgiris,OFFICER-TN-152,2026-01-28 07:18:18,CHECKPOST_ENHANCED_SURVEILLANCE,IN_PROGRESS,LOW
TCK-2026-00592,ALT-2026-00109,30,Ramanathapuram,OFFICER-TN-108,2025-03-19 06:24:41,CHECKPOST_ENHANCED_SURVEILLANCE,OPEN,LOW
TCK-2026-00593,ALT-2026-00718,11,Dindigul,OFFICER-TN-181,2026-01-25 10:42:46,INTER_AGENCY_COORDINATION,IN_PROGRESS,HIGH
TCK-2026-00594,ALT-2026-00299,24,Nilgiris,OFFICER-TN-104,2026-02-23 21:07:22,IMMEDIATE_PATROL_DISPATCH,IN_PROGRESS,HIGH
TCK-2026-00595,ALT-2026-00739,13,Thoothukudi,OFFICER-TN-138,2025-07-17 02:55:15,INTER_AGENCY_COORDINATION,IN_PROGRESS,MEDIUM
TCK-2026-00596,ALT-2026-00806,1,Chennai,OFFICER-TN-135,2025-12-29 00:07:42,HUMAN_INTELLIGENCE_INSPECTION,ACTION_COMPLETED,LOW
TCK-2026-00597,ALT-2026-00512,26,Ariyalur,OFFICER-TN-101,2026-01-28 02:12:27,HUMAN_INTELLIGENCE_INSPECTION,CLOSED,LOW
TCK-2026-00598,ALT-2026-00277,37,Tirupathur,OFFICER-TN-185,2025-02-05 23:13:28,CHECKPOST_ENHANCED_SURVEILLANCE,ESCALATED,MEDIUM
TCK-2026-00599,ALT-2026-00781,12,Thanjavur,OFFICER-TN-118,2025-07-31 06:24:16,IMMEDIATE_PATROL_DISPATCH,OPEN,LOW
TCK-2026-00600,ALT-2026-00852,29,Sivaganga,OFFICER-TN-122,2025-09-21 03:24:56,INTER_AGENCY_COORDINATION,IN_PROGRESS,MEDIUM
TCK-2026-00601,ALT-2026-00624,17,Chengalpattu,OFFICER-TN-111,2026-07-31 23:52:29,HUMAN_INTELLIGENCE_INSPECTION,ACTION_COMPLETED,LOW
TCK-2026-00602,ALT-2026-00931,26,Ariyalur,OFFICER-TN-176,2025-11-09 06:37:55,HUMAN_INTELLIGENCE_INSPECTION,ESCALATED,MEDIUM
TCK-2026-00603,ALT-2026-00314,37,Tirupathur,OFFICER-TN-146,2025-05-28 08:48:15,INTER_AGENCY_COORDINATION,OPEN,MEDIUM
TCK-2026-00604,ALT-2026-00568,24,Nilgiris,OFFICER-TN-149,2026-04-03 16:33:16,IMMEDIATE_PATROL_DISPATCH,IN_PROGRESS,HIGH
TCK-2026-00605,ALT-2026-00066,6,Tirunelveli,OFFICER-TN-102,2026-01-06 18:45:57,INTER_AGENCY_COORDINATION,ESCALATED,HIGH
TCK-2026-00606,ALT-2026-00779,11,Dindigul,OFFICER-TN-194,2026-03-07 12:34:35,INTER_AGENCY_COORDINATION,CLOSED,MEDIUM
TCK-2026-00607,ALT-2026-01041,13,Thoothukudi,OFFICER-TN-182,2025-12-27 15:20:28,CHECKPOST_ENHANCED_SURVEILLANCE,IN_PROGRESS,HIGH
TCK-2026-00608,ALT-2026-00609,31,Virudhunagar,OFFICER-TN-147,2026-05-30 03:42:24,IMMEDIATE_PATROL_DISPATCH,ESCALATED,LOW
TCK-2026-00609,ALT-2026-00820,30,Ramanathapuram,OFFICER-TN-198,2026-01-28 20:43:16,HUMAN_INTELLIGENCE_INSPECTION,IN_PROGRESS,HIGH
TCK-2026-00610,ALT-2026-00425,19,Cuddalore,OFFICER-TN-152,2026-06-14 03:57:57,INTER_AGENCY_COORDINATION,CLOSED,LOW
TCK-2026-00611,ALT-2026-00422,11,Dindigul,OFFICER-TN-186,2025-03-11 22:38:16,CHECKPOST_ENHANCED_SURVEILLANCE,OPEN,LOW
TCK-2026-00612,ALT-2026-00874,30,Ramanathapuram,OFFICER-TN-172,2025-12-22 13:00:55,INTER_AGENCY_COORDINATION,ACTION_COMPLETED,MEDIUM
TCK-2026-00613,ALT-2026-00751,8,Tiruppur,OFFICER-TN-104,2025-01-05 21:59:24,INTER_AGENCY_COORDINATION,OPEN,MEDIUM
TCK-2026-00614,ALT-2026-00871,29,Sivaganga,OFFICER-TN-146,2025-05-09 05:55:48,INTER_AGENCY_COORDINATION,IN_PROGRESS,MEDIUM
TCK-2026-00615,ALT-2026-00047,38,Tiruvannamalai,OFFICER-TN-106,2025-06-29 07:38:00,HUMAN_INTELLIGENCE_INSPECTION,CLOSED,LOW
TCK-2026-00616,ALT-2026-00469,22,Dharmapuri,OFFICER-TN-172,2025-02-13 12:18:12,IMMEDIATE_PATROL_DISPATCH,ACTION_COMPLETED,LOW
TCK-2026-00617,ALT-2026-00778,25,Karur,OFFICER-TN-103,2026-02-20 01:44:11,HUMAN_INTELLIGENCE_INSPECTION,ACTION_COMPLETED,HIGH
TCK-2026-00618,ALT-2026-00654,33,Thiruvarur,OFFICER-TN-150,2025-08-21 18:03:03,IMMEDIATE_PATROL_DISPATCH,OPEN,LOW
TCK-2026-00619,ALT-2026-00106,4,Salem,OFFICER-TN-190,2025-10-27 11:41:34,HUMAN_INTELLIGENCE_INSPECTION,CLOSED,LOW
TCK-2026-00620,ALT-2026-00978,1,Chennai,OFFICER-TN-141,2026-03-05 20:23:58,CHECKPOST_ENHANCED_SURVEILLANCE,ESCALATED,HIGH
TCK-2026-00621,ALT-2026-00992,22,Dharmapuri,OFFICER-TN-140,2026-03-24 18:42:08,INTER_AGENCY_COORDINATION,ACTION_COMPLETED,HIGH
TCK-2026-00622,ALT-2026-00375,34,Nagapattinam,OFFICER-TN-156,2025-06-10 16:46:58,INTER_AGENCY_COORDINATION,ACTION_COMPLETED,MEDIUM
TCK-2026-00623,ALT-2026-00488,27,Perambalur,OFFICER-TN-137,2025-11-27 05:35:16,CHECKPOST_ENHANCED_SURVEILLANCE,ESCALATED,HIGH
TCK-2026-00624,ALT-2026-01022,7,Erode,OFFICER-TN-174,2025-02-04 08:12:59,HUMAN_INTELLIGENCE_INSPECTION,ACTION_COMPLETED,HIGH
TCK-2026-00625,ALT-2026-00921,24,Nilgiris,OFFICER-TN-185,2025-10-13 09:34:43,HUMAN_INTELLIGENCE_INSPECTION,OPEN,MEDIUM
TCK-2026-00626,ALT-2026-00804,13,Thoothukudi,OFFICER-TN-117,2025-04-23 15:56:17,HUMAN_INTELLIGENCE_INSPECTION,OPEN,HIGH
TCK-2026-00627,ALT-2026-00395,17,Chengalpattu,OFFICER-TN-152,2026-01-17 09:57:55,INTER_AGENCY_COORDINATION,OPEN,LOW
TCK-2026-00628,ALT-2026-00153,27,Perambalur,OFFICER-TN-188,2025-09-24 12:56:16,IMMEDIATE_PATROL_DISPATCH,IN_PROGRESS,LOW
TCK-2026-00629,ALT-2026-00619,35,Mayiladuthurai,OFFICER-TN-196,2025-07-16 14:27:22,HUMAN_INTELLIGENCE_INSPECTION,ESCALATED,HIGH
TCK-2026-00630,ALT-2026-00659,9,Vellore,OFFICER-TN-118,2025-06-18 22:21:38,HUMAN_INTELLIGENCE_INSPECTION,IN_PROGRESS,HIGH
TCK-2026-00631,ALT-2026-00954,18,Tiruvallur,OFFICER-TN-158,2026-07-30 19:18:16,CHECKPOST_ENHANCED_SURVEILLANCE,ACTION_COMPLETED,HIGH
TCK-2026-00632,ALT-2026-00768,37,Tirupathur,OFFICER-TN-180,2025-07-16 11:34:31,CHECKPOST_ENHANCED_SURVEILLANCE,ACTION_COMPLETED,MEDIUM
TCK-2026-00633,ALT-2026-00396,26,Ariyalur,OFFICER-TN-187,2025-02-08 01:50:43,CHECKPOST_ENHANCED_SURVEILLANCE,CLOSED,HIGH
TCK-2026-00634,ALT-2026-00224,30,Ramanathapuram,OFFICER-TN-120,2025-08-30 19:36:24,CHECKPOST_ENHANCED_SURVEILLANCE,IN_PROGRESS,MEDIUM
TCK-2026-00635,ALT-2026-00046,25,Karur,OFFICER-TN-128,2026-01-07 00:55:46,INTER_AGENCY_COORDINATION,ESCALATED,LOW
TCK-2026-00636,ALT-2026-00639,37,Tirupathur,OFFICER-TN-138,2025-10-13 01:54:17,INTER_AGENCY_COORDINATION,CLOSED,HIGH
TCK-2026-00637,ALT-2026-00290,17,Chengalpattu,OFFICER-TN-149,2025-07-30 18:18:53,INTER_AGENCY_COORDINATION,ESCALATED,MEDIUM
TCK-2026-00638,ALT-2026-00851,15,Tenkasi,OFFICER-TN-173,2026-06-19 18:33:05,IMMEDIATE_PATROL_DISPATCH,CLOSED,HIGH
TCK-2026-00639,ALT-2026-00419,27,Perambalur,OFFICER-TN-171,2025-04-17 03:19:30,INTER_AGENCY_COORDINATION,IN_PROGRESS,LOW
TCK-2026-00640,ALT-2026-00845,32,Theni,OFFICER-TN-182,2026-04-17 01:13:49,HUMAN_INTELLIGENCE_INSPECTION,IN_PROGRESS,LOW
TCK-2026-00641,ALT-2026-00778,33,Thiruvarur,OFFICER-TN-119,2026-06-22 10:59:25,INTER_AGENCY_COORDINATION,CLOSED,MEDIUM
TCK-2026-00642,ALT-2026-00968,32,Theni,OFFICER-TN-194,2025-03-13 23:59:52,HUMAN_INTELLIGENCE_INSPECTION,IN_PROGRESS,LOW
TCK-2026-00643,ALT-2026-00128,4,Salem,OFFICER-TN-169,2025-01-08 08:48:16,INTER_AGENCY_COORDINATION,OPEN,LOW
TCK-2026-00644,ALT-2026-00156,28,Pudukkottai,OFFICER-TN-136,2026-01-31 23:20:44,HUMAN_INTELLIGENCE_INSPECTION,IN_PROGRESS,HIGH
TCK-2026-00645,ALT-2026-00852,21,Kallakurichi,OFFICER-TN-135,2026-03-08 21:04:45,INTER_AGENCY_COORDINATION,IN_PROGRESS,HIGH
TCK-2026-00646,ALT-2026-00331,25,Karur,OFFICER-TN-103,2026-02-01 21:21:26,CHECKPOST_ENHANCED_SURVEILLANCE,ACTION_COMPLETED,HIGH
TCK-2026-00647,ALT-2026-00187,10,Krishnagiri,OFFICER-TN-176,2026-01-27 23:25:14,HUMAN_INTELLIGENCE_INSPECTION,CLOSED,HIGH
TCK-2026-00648,ALT-2026-00146,7,Erode,OFFICER-TN-174,2026-02-17 09:58:07,HUMAN_INTELLIGENCE_INSPECTION,CLOSED,LOW
TCK-2026-00649,ALT-2026-00758,1,Chennai,OFFICER-TN-172,2025-09-12 02:59:58,IMMEDIATE_PATROL_DISPATCH,CLOSED,MEDIUM
TCK-2026-00650,ALT-2026-00989,34,Nagapattinam,OFFICER-TN-173,2025-03-08 08:56:38,IMMEDIATE_PATROL_DISPATCH,ACTION_COMPLETED,HIGH
TCK-2026-00651,ALT-2026-00176,35,Mayiladuthurai,OFFICER-TN-163,2025-03-05 07:01:24,INTER_AGENCY_COORDINATION,IN_PROGRESS,HIGH
TCK-2026-00652,ALT-2026-00030,24,Nilgiris,OFFICER-TN-186,2025-01-13 09:32:31,HUMAN_INTELLIGENCE_INSPECTION,OPEN,LOW
TCK-2026-00653,ALT-2026-00200,38,Tiruvannamalai,OFFICER-TN-192,2026-07-18 07:25:29,HUMAN_INTELLIGENCE_INSPECTION,CLOSED,MEDIUM
TCK-2026-00654,ALT-2026-00486,14,Kanniyakumari,OFFICER-TN-104,2025-04-27 22:51:14,HUMAN_INTELLIGENCE_INSPECTION,ESCALATED,LOW
TCK-2026-00655,ALT-2026-00367,6,Tirunelveli,OFFICER-TN-160,2025-05-01 09:30:14,INTER_AGENCY_COORDINATION,OPEN,MEDIUM
TCK-2026-00656,ALT-2026-00006,23,Namakkal,OFFICER-TN-199,2025-02-06 03:50:08,HUMAN_INTELLIGENCE_INSPECTION,CLOSED,LOW
TCK-2026-00657,ALT-2026-00195,8,Tiruppur,OFFICER-TN-138,2025-04-14 04:52:59,IMMEDIATE_PATROL_DISPATCH,OPEN,LOW
TCK-2026-00658,ALT-2026-00760,35,Mayiladuthurai,OFFICER-TN-172,2025-09-30 21:00:09,HUMAN_INTELLIGENCE_INSPECTION,CLOSED,MEDIUM
TCK-2026-00659,ALT-2026-00965,14,Kanniyakumari,OFFICER-TN-159,2025-02-20 06:14:50,CHECKPOST_ENHANCED_SURVEILLANCE,IN_PROGRESS,HIGH
TCK-2026-00660,ALT-2026-00104,37,Tirupathur,OFFICER-TN-187,2026-05-11 13:51:52,CHECKPOST_ENHANCED_SURVEILLANCE,IN_PROGRESS,HIGH
TCK-2026-00661,ALT-2026-00228,22,Dharmapuri,OFFICER-TN-114,2025-10-13 20:47:00,IMMEDIATE_PATROL_DISPATCH,ACTION_COMPLETED,HIGH
TCK-2026-00662,ALT-2026-00589,17,Chengalpattu,OFFICER-TN-198,2026-01-16 14:08:41,IMMEDIATE_PATROL_DISPATCH,OPEN,LOW
TCK-2026-00663,ALT-2026-00089,5,Tiruchirappalli,OFFICER-TN-113,2025-07-14 16:27:16,IMMEDIATE_PATROL_DISPATCH,ESCALATED,LOW
TCK-2026-00664,ALT-2026-01000,28,Pudukkottai,OFFICER-TN-198,2025-04-13 09:32:46,INTER_AGENCY_COORDINATION,CLOSED,HIGH
TCK-2026-00665,ALT-2026-00099,7,Erode,OFFICER-TN-176,2025-06-17 21:17:20,CHECKPOST_ENHANCED_SURVEILLANCE,ACTION_COMPLETED,HIGH
TCK-2026-00666,ALT-2026-00679,1,Chennai,OFFICER-TN-116,2026-05-02 08:41:01,IMMEDIATE_PATROL_DISPATCH,OPEN,HIGH
TCK-2026-00667,ALT-2026-00582,17,Chengalpattu,OFFICER-TN-133,2026-08-17 21:25:21,CHECKPOST_ENHANCED_SURVEILLANCE,CLOSED,LOW
TCK-2026-00668,ALT-2026-00062,15,Tenkasi,OFFICER-TN-170,2025-04-01 17:18:24,CHECKPOST_ENHANCED_SURVEILLANCE,OPEN,MEDIUM
TCK-2026-00669,ALT-2026-00388,13,Thoothukudi,OFFICER-TN-198,2025-07-09 07:55:33,INTER_AGENCY_COORDINATION,OPEN,LOW
TCK-2026-00670,ALT-2026-00184,32,Theni,OFFICER-TN-177,2025-09-05 20:41:46,CHECKPOST_ENHANCED_SURVEILLANCE,IN_PROGRESS,MEDIUM
TCK-2026-00671,ALT-2026-00994,32,Theni,OFFICER-TN-154,2026-02-22 02:40:49,CHECKPOST_ENHANCED_SURVEILLANCE,CLOSED,HIGH
TCK-2026-00672,ALT-2026-00694,2,Coimbatore,OFFICER-TN-111,2025-11-09 04:34:43,HUMAN_INTELLIGENCE_INSPECTION,IN_PROGRESS,MEDIUM
TCK-2026-00673,ALT-2026-00894,28,Pudukkottai,OFFICER-TN-144,2026-02-24 00:24:49,CHECKPOST_ENHANCED_SURVEILLANCE,OPEN,HIGH
TCK-2026-00674,ALT-2026-00535,1,Chennai,OFFICER-TN-192,2025-10-09 02:37:54,INTER_AGENCY_COORDINATION,ACTION_COMPLETED,LOW
TCK-2026-00675,ALT-2026-00478,32,Theni,OFFICER-TN-156,2025-12-17 21:44:47,CHECKPOST_ENHANCED_SURVEILLANCE,OPEN,LOW
TCK-2026-00676,ALT-2026-00360,1,Chennai,OFFICER-TN-181,2026-02-08 15:30:19,IMMEDIATE_PATROL_DISPATCH,OPEN,HIGH
TCK-2026-00677,ALT-2026-00730,13,Thoothukudi,OFFICER-TN-162,2025-12-28 19:06:16,INTER_AGENCY_COORDINATION,CLOSED,HIGH
TCK-2026-00678,ALT-2026-00241,26,Ariyalur,OFFICER-TN-153,2025-02-08 03:01:56,INTER_AGENCY_COORDINATION,ESCALATED,MEDIUM
TCK-2026-00679,ALT-2026-00361,10,Krishnagiri,OFFICER-TN-137,2026-01-04 14:49:16,INTER_AGENCY_COORDINATION,ESCALATED,MEDIUM
TCK-2026-00680,ALT-2026-00235,37,Tirupathur,OFFICER-TN-123,2026-02-08 07:56:11,HUMAN_INTELLIGENCE_INSPECTION,OPEN,LOW
TCK-2026-00681,ALT-2026-00490,15,Tenkasi,OFFICER-TN-199,2025-11-16 19:23:15,HUMAN_INTELLIGENCE_INSPECTION,ACTION_COMPLETED,HIGH
TCK-2026-00682,ALT-2026-00299,11,Dindigul,OFFICER-TN-112,2026-01-18 21:12:55,CHECKPOST_ENHANCED_SURVEILLANCE,OPEN,MEDIUM
TCK-2026-00683,ALT-2026-00745,23,Namakkal,OFFICER-TN-179,2025-10-26 16:22:07,HUMAN_INTELLIGENCE_INSPECTION,OPEN,HIGH
TCK-2026-00684,ALT-2026-00939,2,Coimbatore,OFFICER-TN-158,2026-01-07 05:12:09,INTER_AGENCY_COORDINATION,ACTION_COMPLETED,LOW
TCK-2026-00685,ALT-2026-00954,34,Nagapattinam,OFFICER-TN-123,2025-02-28 13:36:54,INTER_AGENCY_COORDINATION,OPEN,HIGH
TCK-2026-00686,ALT-2026-01007,8,Tiruppur,OFFICER-TN-110,2026-08-02 14:59:34,HUMAN_INTELLIGENCE_INSPECTION,IN_PROGRESS,HIGH
TCK-2026-00687,ALT-2026-00552,10,Krishnagiri,OFFICER-TN-109,2026-04-20 05:20:42,HUMAN_INTELLIGENCE_INSPECTION,ESCALATED,HIGH
TCK-2026-00688,ALT-2026-00148,7,Erode,OFFICER-TN-156,2026-02-09 10:49:46,HUMAN_INTELLIGENCE_INSPECTION,ACTION_COMPLETED,HIGH
TCK-2026-00689,ALT-2026-00859,32,Theni,OFFICER-TN-183,2026-05-21 01:28:47,INTER_AGENCY_COORDINATION,OPEN,LOW
TCK-2026-00690,ALT-2026-00480,36,Ranipet,OFFICER-TN-171,2025-12-22 11:42:25,IMMEDIATE_PATROL_DISPATCH,ESCALATED,MEDIUM
TCK-2026-00691,ALT-2026-00397,9,Vellore,OFFICER-TN-115,2026-07-29 23:22:09,IMMEDIATE_PATROL_DISPATCH,IN_PROGRESS,HIGH
TCK-2026-00692,ALT-2026-00368,30,Ramanathapuram,OFFICER-TN-102,2025-06-19 19:31:13,IMMEDIATE_PATROL_DISPATCH,ESCALATED,HIGH
TCK-2026-00693,ALT-2026-00158,37,Tirupathur,OFFICER-TN-101,2025-06-09 12:35:35,CHECKPOST_ENHANCED_SURVEILLANCE,ESCALATED,HIGH
TCK-2026-00694,ALT-2026-00836,22,Dharmapuri,OFFICER-TN-135,2026-02-15 05:49:34,HUMAN_INTELLIGENCE_INSPECTION,CLOSED,HIGH
TCK-2026-00695,ALT-2026-00552,24,Nilgiris,OFFICER-TN-196,2026-02-26 03:40:22,IMMEDIATE_PATROL_DISPATCH,CLOSED,HIGH
TCK-2026-00696,ALT-2026-00944,15,Tenkasi,OFFICER-TN-199,2026-05-29 07:56:14,IMMEDIATE_PATROL_DISPATCH,IN_PROGRESS,HIGH
TCK-2026-00697,ALT-2026-00777,25,Karur,OFFICER-TN-104,2025-03-04 15:45:02,HUMAN_INTELLIGENCE_INSPECTION,OPEN,MEDIUM
TCK-2026-00698,ALT-2026-00995,15,Tenkasi,OFFICER-TN-148,2025-01-30 19:36:25,INTER_AGENCY_COORDINATION,CLOSED,LOW
TCK-2026-00699,ALT-2026-00654,21,Kallakurichi,OFFICER-TN-157,2025-03-05 20:01:37,IMMEDIATE_PATROL_DISPATCH,OPEN,LOW
TCK-2026-00700,ALT-2026-00125,18,Tiruvallur,OFFICER-TN-144,2026-06-11 09:11:29,IMMEDIATE_PATROL_DISPATCH,IN_PROGRESS,HIGH
TCK-2026-00701,ALT-2026-00861,21,Kallakurichi,OFFICER-TN-111,2025-03-24 07:44:41,INTER_AGENCY_COORDINATION,OPEN,HIGH
TCK-2026-00702,ALT-2026-00957,19,Cuddalore,OFFICER-TN-141,2025-12-30 03:19:27,IMMEDIATE_PATROL_DISPATCH,OPEN,MEDIUM
TCK-2026-00703,ALT-2026-00402,31,Virudhunagar,OFFICER-TN-156,2025-10-22 20:17:12,IMMEDIATE_PATROL_DISPATCH,OPEN,MEDIUM
TCK-2026-00704,ALT-2026-00623,20,Viluppuram,OFFICER-TN-158,2025-04-30 10:17:06,HUMAN_INTELLIGENCE_INSPECTION,OPEN,MEDIUM
TCK-2026-00705,ALT-2026-00366,10,Krishnagiri,OFFICER-TN-192,2025-08-04 03:21:18,INTER_AGENCY_COORDINATION,IN_PROGRESS,HIGH
TCK-2026-00706,ALT-2026-00599,28,Pudukkottai,OFFICER-TN-116,2025-05-29 21:12:33,CHECKPOST_ENHANCED_SURVEILLANCE,ACTION_COMPLETED,LOW
TCK-2026-00707,ALT-2026-00106,3,Madurai,OFFICER-TN-123,2025-08-11 07:38:19,INTER_AGENCY_COORDINATION,ACTION_COMPLETED,LOW
TCK-2026-00708,ALT-2026-00086,2,Coimbatore,OFFICER-TN-181,2026-05-07 13:39:19,HUMAN_INTELLIGENCE_INSPECTION,IN_PROGRESS,MEDIUM
TCK-2026-00709,ALT-2026-00949,31,Virudhunagar,OFFICER-TN-187,2026-06-12 12:27:37,IMMEDIATE_PATROL_DISPATCH,OPEN,MEDIUM
TCK-2026-00710,ALT-2026-00807,17,Chengalpattu,OFFICER-TN-125,2026-08-03 03:30:45,CHECKPOST_ENHANCED_SURVEILLANCE,ESCALATED,LOW
TCK-2026-00711,ALT-2026-00996,6,Tirunelveli,OFFICER-TN-160,2026-03-15 14:13:23,INTER_AGENCY_COORDINATION,IN_PROGRESS,LOW
TCK-2026-00712,ALT-2026-00900,7,Erode,OFFICER-TN-186,2025-07-04 11:20:18,CHECKPOST_ENHANCED_SURVEILLANCE,OPEN,MEDIUM
TCK-2026-00713,ALT-2026-00929,8,Tiruppur,OFFICER-TN-168,2025-01-22 03:54:30,INTER_AGENCY_COORDINATION,OPEN,MEDIUM
TCK-2026-00714,ALT-2026-00126,8,Tiruppur,OFFICER-TN-140,2026-08-07 06:00:07,IMMEDIATE_PATROL_DISPATCH,ACTION_COMPLETED,MEDIUM
TCK-2026-00715,ALT-2026-00717,23,Namakkal,OFFICER-TN-126,2025-02-12 00:57:25,CHECKPOST_ENHANCED_SURVEILLANCE,CLOSED,MEDIUM
TCK-2026-00716,ALT-2026-00831,2,Coimbatore,OFFICER-TN-162,2026-05-05 18:58:10,IMMEDIATE_PATROL_DISPATCH,IN_PROGRESS,MEDIUM
TCK-2026-00717,ALT-2026-00879,23,Namakkal,OFFICER-TN-172,2025-11-21 08:03:53,HUMAN_INTELLIGENCE_INSPECTION,ACTION_COMPLETED,LOW
TCK-2026-00718,ALT-2026-00155,21,Kallakurichi,OFFICER-TN-193,2025-06-09 08:56:57,IMMEDIATE_PATROL_DISPATCH,ESCALATED,HIGH
TCK-2026-00719,ALT-2026-00298,12,Thanjavur,OFFICER-TN-186,2026-07-12 12:55:06,CHECKPOST_ENHANCED_SURVEILLANCE,ESCALATED,MEDIUM
TCK-2026-00720,ALT-2026-00709,38,Tiruvannamalai,OFFICER-TN-113,2026-02-26 23:46:03,IMMEDIATE_PATROL_DISPATCH,IN_PROGRESS,HIGH
TCK-2026-00721,ALT-2026-00208,33,Thiruvarur,OFFICER-TN-120,2025-06-30 05:34:01,IMMEDIATE_PATROL_DISPATCH,ACTION_COMPLETED,LOW
TCK-2026-00722,ALT-2026-00139,18,Tiruvallur,OFFICER-TN-157,2026-07-28 08:16:19,CHECKPOST_ENHANCED_SURVEILLANCE,IN_PROGRESS,MEDIUM
TCK-2026-00723,ALT-2026-01049,38,Tiruvannamalai,OFFICER-TN-133,2025-04-20 14:22:00,INTER_AGENCY_COORDINATION,ACTION_COMPLETED,MEDIUM
TCK-2026-00724,ALT-2026-00362,29,Sivaganga,OFFICER-TN-162,2026-02-07 12:33:20,CHECKPOST_ENHANCED_SURVEILLANCE,IN_PROGRESS,MEDIUM
TCK-2026-00725,ALT-2026-00125,29,Sivaganga,OFFICER-TN-131,2025-11-10 21:29:30,INTER_AGENCY_COORDINATION,ESCALATED,LOW
TCK-2026-00726,ALT-2026-00525,35,Mayiladuthurai,OFFICER-TN-146,2025-11-04 03:09:45,IMMEDIATE_PATROL_DISPATCH,CLOSED,LOW
TCK-2026-00727,ALT-2026-00571,10,Krishnagiri,OFFICER-TN-155,2025-08-08 12:57:20,HUMAN_INTELLIGENCE_INSPECTION,IN_PROGRESS,LOW
TCK-2026-00728,ALT-2026-00129,17,Chengalpattu,OFFICER-TN-120,2026-05-26 02:12:59,IMMEDIATE_PATROL_DISPATCH,ACTION_COMPLETED,LOW
TCK-2026-00729,ALT-2026-00712,15,Tenkasi,OFFICER-TN-114,2025-04-02 13:07:21,INTER_AGENCY_COORDINATION,IN_PROGRESS,HIGH
TCK-2026-00730,ALT-2026-00688,12,Thanjavur,OFFICER-TN-164,2025-06-16 11:29:10,IMMEDIATE_PATROL_DISPATCH,OPEN,MEDIUM
TCK-2026-00731,ALT-2026-00559,13,Thoothukudi,OFFICER-TN-109,2026-07-30 03:20:16,INTER_AGENCY_COORDINATION,ACTION_COMPLETED,MEDIUM
TCK-2026-00732,ALT-2026-00549,29,Sivaganga,OFFICER-TN-103,2025-03-29 13:02:36,IMMEDIATE_PATROL_DISPATCH,ESCALATED,MEDIUM
TCK-2026-00733,ALT-2026-00542,36,Ranipet,OFFICER-TN-161,2025-03-08 18:41:32,HUMAN_INTELLIGENCE_INSPECTION,OPEN,HIGH
TCK-2026-00734,ALT-2026-00713,5,Tiruchirappalli,OFFICER-TN-180,2026-05-31 14:44:49,CHECKPOST_ENHANCED_SURVEILLANCE,ACTION_COMPLETED,LOW
TCK-2026-00735,ALT-2026-00339,20,Viluppuram,OFFICER-TN-186,2026-07-11 12:25:50,CHECKPOST_ENHANCED_SURVEILLANCE,ESCALATED,LOW
TCK-2026-00736,ALT-2026-00984,6,Tirunelveli,OFFICER-TN-109,2026-07-12 07:44:18,INTER_AGENCY_COORDINATION,ACTION_COMPLETED,LOW
TCK-2026-00737,ALT-2026-00150,6,Tirunelveli,OFFICER-TN-159,2025-04-16 01:52:47,HUMAN_INTELLIGENCE_INSPECTION,ACTION_COMPLETED,LOW
TCK-2026-00738,ALT-2026-00020,9,Vellore,OFFICER-TN-180,2025-07-14 10:19:40,CHECKPOST_ENHANCED_SURVEILLANCE,ACTION_COMPLETED,MEDIUM
TCK-2026-00739,ALT-2026-00217,19,Cuddalore,OFFICER-TN-117,2025-09-23 04:26:50,CHECKPOST_ENHANCED_SURVEILLANCE,ACTION_COMPLETED,MEDIUM
TCK-2026-00740,ALT-2026-00360,8,Tiruppur,OFFICER-TN-188,2026-01-20 09:24:48,IMMEDIATE_PATROL_DISPATCH,OPEN,MEDIUM
TCK-2026-00741,ALT-2026-00543,37,Tirupathur,OFFICER-TN-155,2026-03-06 03:55:38,HUMAN_INTELLIGENCE_INSPECTION,IN_PROGRESS,LOW
TCK-2026-00742,ALT-2026-00769,13,Thoothukudi,OFFICER-TN-160,2025-02-17 19:06:20,HUMAN_INTELLIGENCE_INSPECTION,ESCALATED,HIGH
TCK-2026-00743,ALT-2026-00366,5,Tiruchirappalli,OFFICER-TN-135,2025-11-11 02:44:50,IMMEDIATE_PATROL_DISPATCH,OPEN,LOW
TCK-2026-00744,ALT-2026-01003,7,Erode,OFFICER-TN-199,2026-03-28 20:29:27,CHECKPOST_ENHANCED_SURVEILLANCE,OPEN,HIGH
TCK-2026-00745,ALT-2026-00351,29,Sivaganga,OFFICER-TN-159,2025-09-25 14:43:21,IMMEDIATE_PATROL_DISPATCH,OPEN,MEDIUM
TCK-2026-00746,ALT-2026-00875,34,Nagapattinam,OFFICER-TN-106,2025-05-09 22:55:42,HUMAN_INTELLIGENCE_INSPECTION,IN_PROGRESS,MEDIUM
TCK-2026-00747,ALT-2026-00141,5,Tiruchirappalli,OFFICER-TN-153,2026-07-31 21:46:24,HUMAN_INTELLIGENCE_INSPECTION,ESCALATED,MEDIUM
TCK-2026-00748,ALT-2026-00761,38,Tiruvannamalai,OFFICER-TN-109,2026-03-07 02:52:39,CHECKPOST_ENHANCED_SURVEILLANCE,ACTION_COMPLETED,HIGH
TCK-2026-00749,ALT-2026-00658,14,Kanniyakumari,OFFICER-TN-145,2025-01-11 23:04:48,IMMEDIATE_PATROL_DISPATCH,OPEN,MEDIUM
TCK-2026-00750,ALT-2026-00902,35,Mayiladuthurai,OFFICER-TN-117,2025-12-02 21:39:03,CHECKPOST_ENHANCED_SURVEILLANCE,OPEN,LOW
TCK-2026-00751,ALT-2026-00841,22,Dharmapuri,OFFICER-TN-122,2025-07-17 06:11:18,INTER_AGENCY_COORDINATION,ESCALATED,MEDIUM
TCK-2026-00752,ALT-2026-00208,8,Tiruppur,OFFICER-TN-105,2025-03-10 08:03:26,HUMAN_INTELLIGENCE_INSPECTION,CLOSED,MEDIUM
TCK-2026-00753,ALT-2026-00545,15,Tenkasi,OFFICER-TN-148,2025-10-30 09:15:18,IMMEDIATE_PATROL_DISPATCH,ACTION_COMPLETED,MEDIUM
TCK-2026-00754,ALT-2026-00287,34,Nagapattinam,OFFICER-TN-179,2025-09-17 13:06:21,HUMAN_INTELLIGENCE_INSPECTION,CLOSED,HIGH
TCK-2026-00755,ALT-2026-00341,28,Pudukkottai,OFFICER-TN-102,2025-09-24 16:18:02,CHECKPOST_ENHANCED_SURVEILLANCE,OPEN,LOW
TCK-2026-00756,ALT-2026-00424,2,Coimbatore,OFFICER-TN-197,2025-02-09 18:52:30,HUMAN_INTELLIGENCE_INSPECTION,IN_PROGRESS,MEDIUM
TCK-2026-00757,ALT-2026-00919,9,Vellore,OFFICER-TN-181,2026-07-15 20:16:59,IMMEDIATE_PATROL_DISPATCH,ESCALATED,HIGH
TCK-2026-00758,ALT-2026-00283,16,Kancheepuram,OFFICER-TN-145,2025-08-16 00:49:06,HUMAN_INTELLIGENCE_INSPECTION,OPEN,LOW
TCK-2026-00759,ALT-2026-00394,6,Tirunelveli,OFFICER-TN-135,2026-04-27 14:54:07,IMMEDIATE_PATROL_DISPATCH,IN_PROGRESS,LOW
TCK-2026-00760,ALT-2026-00805,1,Chennai,OFFICER-TN-155,2026-04-19 20:14:44,HUMAN_INTELLIGENCE_INSPECTION,ESCALATED,HIGH
TCK-2026-00761,ALT-2026-00875,34,Nagapattinam,OFFICER-TN-175,2025-09-21 14:22:14,INTER_AGENCY_COORDINATION,IN_PROGRESS,HIGH
TCK-2026-00762,ALT-2026-00758,2,Coimbatore,OFFICER-TN-122,2026-05-01 14:10:09,IMMEDIATE_PATROL_DISPATCH,ACTION_COMPLETED,HIGH
TCK-2026-00763,ALT-2026-00044,37,Tirupathur,OFFICER-TN-153,2025-08-01 19:17:38,HUMAN_INTELLIGENCE_INSPECTION,OPEN,HIGH
TCK-2026-00764,ALT-2026-00129,37,Tirupathur,OFFICER-TN-153,2026-02-08 14:17:42,INTER_AGENCY_COORDINATION,ACTION_COMPLETED,LOW
TCK-2026-00765,ALT-2026-00932,37,Tirupathur,OFFICER-TN-198,2026-06-04 00:07:22,CHECKPOST_ENHANCED_SURVEILLANCE,IN_PROGRESS,HIGH
TCK-2026-00766,ALT-2026-00537,7,Erode,OFFICER-TN-197,2026-03-25 20:19:15,CHECKPOST_ENHANCED_SURVEILLANCE,IN_PROGRESS,MEDIUM
TCK-2026-00767,ALT-2026-00344,9,Vellore,OFFICER-TN-126,2026-06-01 07:51:49,INTER_AGENCY_COORDINATION,OPEN,LOW
TCK-2026-00768,ALT-2026-00456,34,Nagapattinam,OFFICER-TN-176,2025-10-18 02:17:02,IMMEDIATE_PATROL_DISPATCH,IN_PROGRESS,HIGH
TCK-2026-00769,ALT-2026-00953,26,Ariyalur,OFFICER-TN-169,2026-07-10 06:39:59,CHECKPOST_ENHANCED_SURVEILLANCE,ESCALATED,HIGH
TCK-2026-00770,ALT-2026-00248,14,Kanniyakumari,OFFICER-TN-183,2025-03-08 07:41:12,INTER_AGENCY_COORDINATION,ESCALATED,HIGH
TCK-2026-00771,ALT-2026-00877,23,Namakkal,OFFICER-TN-115,2026-08-14 17:46:04,CHECKPOST_ENHANCED_SURVEILLANCE,OPEN,HIGH
TCK-2026-00772,ALT-2026-00915,23,Namakkal,OFFICER-TN-150,2025-06-29 12:34:39,HUMAN_INTELLIGENCE_INSPECTION,ESCALATED,HIGH
TCK-2026-00773,ALT-2026-00826,7,Erode,OFFICER-TN-197,2026-02-07 05:47:06,INTER_AGENCY_COORDINATION,ACTION_COMPLETED,MEDIUM
TCK-2026-00774,ALT-2026-00419,10,Krishnagiri,OFFICER-TN-143,2025-07-24 12:44:13,CHECKPOST_ENHANCED_SURVEILLANCE,IN_PROGRESS,MEDIUM
TCK-2026-00775,ALT-2026-00801,19,Cuddalore,OFFICER-TN-154,2025-01-18 01:05:49,INTER_AGENCY_COORDINATION,ESCALATED,HIGH
TCK-2026-00776,ALT-2026-00816,10,Krishnagiri,OFFICER-TN-158,2026-04-20 05:36:32,CHECKPOST_ENHANCED_SURVEILLANCE,OPEN,MEDIUM
TCK-2026-00777,ALT-2026-00440,5,Tiruchirappalli,OFFICER-TN-119,2025-05-18 18:12:26,CHECKPOST_ENHANCED_SURVEILLANCE,ACTION_COMPLETED,HIGH
TCK-2026-00778,ALT-2026-00577,20,Viluppuram,OFFICER-TN-168,2026-08-13 07:53:23,HUMAN_INTELLIGENCE_INSPECTION,ESCALATED,LOW
TCK-2026-00779,ALT-2026-00500,10,Krishnagiri,OFFICER-TN-150,2025-06-01 05:07:17,INTER_AGENCY_COORDINATION,ESCALATED,HIGH
TCK-2026-00780,ALT-2026-00646,23,Namakkal,OFFICER-TN-109,2025-07-20 14:17:40,INTER_AGENCY_COORDINATION,OPEN,LOW
TCK-2026-00781,ALT-2026-00489,14,Kanniyakumari,OFFICER-TN-196,2025-07-17 13:45:47,CHECKPOST_ENHANCED_SURVEILLANCE,ACTION_COMPLETED,HIGH
TCK-2026-00782,ALT-2026-00229,18,Tiruvallur,OFFICER-TN-127,2026-08-02 00:11:41,IMMEDIATE_PATROL_DISPATCH,OPEN,HIGH
TCK-2026-00783,ALT-2026-00738,7,Erode,OFFICER-TN-195,2025-07-29 15:41:33,CHECKPOST_ENHANCED_SURVEILLANCE,IN_PROGRESS,LOW
TCK-2026-00784,ALT-2026-00721,22,Dharmapuri,OFFICER-TN-158,2025-10-22 18:38:29,IMMEDIATE_PATROL_DISPATCH,CLOSED,MEDIUM
TCK-2026-00785,ALT-2026-00661,38,Tiruvannamalai,OFFICER-TN-115,2026-08-14 16:58:31,CHECKPOST_ENHANCED_SURVEILLANCE,CLOSED,MEDIUM
TCK-2026-00786,ALT-2026-00673,17,Chengalpattu,OFFICER-TN-130,2025-01-09 22:54:20,HUMAN_INTELLIGENCE_INSPECTION,ESCALATED,MEDIUM
TCK-2026-00787,ALT-2026-00549,25,Karur,OFFICER-TN-122,2025-04-09 13:42:19,HUMAN_INTELLIGENCE_INSPECTION,ACTION_COMPLETED,HIGH
TCK-2026-00788,ALT-2026-01015,5,Tiruchirappalli,OFFICER-TN-196,2025-10-01 22:54:58,IMMEDIATE_PATROL_DISPATCH,OPEN,MEDIUM
TCK-2026-00789,ALT-2026-00539,5,Tiruchirappalli,OFFICER-TN-152,2025-12-27 15:53:57,CHECKPOST_ENHANCED_SURVEILLANCE,IN_PROGRESS,HIGH
TCK-2026-00790,ALT-2026-01001,25,Karur,OFFICER-TN-164,2026-01-09 00:21:40,CHECKPOST_ENHANCED_SURVEILLANCE,CLOSED,LOW
TCK-2026-00791,ALT-2026-01012,34,Nagapattinam,OFFICER-TN-151,2025-07-15 12:42:43,HUMAN_INTELLIGENCE_INSPECTION,OPEN,LOW
TCK-2026-00792,ALT-2026-00250,34,Nagapattinam,OFFICER-TN-119,2025-04-07 14:04:37,IMMEDIATE_PATROL_DISPATCH,CLOSED,MEDIUM
TCK-2026-00793,ALT-2026-00311,1,Chennai,OFFICER-TN-192,2025-02-24 10:11:53,CHECKPOST_ENHANCED_SURVEILLANCE,ESCALATED,LOW
TCK-2026-00794,ALT-2026-00047,30,Ramanathapuram,OFFICER-TN-167,2026-04-14 12:51:23,CHECKPOST_ENHANCED_SURVEILLANCE,ACTION_COMPLETED,LOW
TCK-2026-00795,ALT-2026-00131,29,Sivaganga,OFFICER-TN-116,2026-05-25 19:04:53,INTER_AGENCY_COORDINATION,ESCALATED,MEDIUM
TCK-2026-00796,ALT-2026-00109,8,Tiruppur,OFFICER-TN-111,2025-05-11 19:36:53,IMMEDIATE_PATROL_DISPATCH,OPEN,LOW
TCK-2026-00797,ALT-2026-00994,9,Vellore,OFFICER-TN-157,2025-02-14 19:19:40,HUMAN_INTELLIGENCE_INSPECTION,IN_PROGRESS,MEDIUM
TCK-2026-00798,ALT-2026-00735,3,Madurai,OFFICER-TN-156,2026-07-11 23:41:03,INTER_AGENCY_COORDINATION,ACTION_COMPLETED,HIGH
TCK-2026-00799,ALT-2026-00091,30,Ramanathapuram,OFFICER-TN-164,2025-01-04 10:28:31,IMMEDIATE_PATROL_DISPATCH,ESCALATED,HIGH
TCK-2026-00800,ALT-2026-00694,10,Krishnagiri,OFFICER-TN-199,2026-06-25 20:31:01,IMMEDIATE_PATROL_DISPATCH,CLOSED,HIGH
TCK-2026-00801,ALT-2026-00844,17,Chengalpattu,OFFICER-TN-178,2026-08-02 08:03:37,INTER_AGENCY_COORDINATION,ESCALATED,LOW
TCK-2026-00802,ALT-2026-00552,7,Erode,OFFICER-TN-183,2025-12-31 10:01:30,HUMAN_INTELLIGENCE_INSPECTION,ACTION_COMPLETED,LOW
TCK-2026-00803,ALT-2026-00776,27,Perambalur,OFFICER-TN-192,2025-07-08 15:23:43,INTER_AGENCY_COORDINATION,OPEN,MEDIUM
TCK-2026-00804,ALT-2026-00461,27,Perambalur,OFFICER-TN-112,2026-03-23 21:56:08,HUMAN_INTELLIGENCE_INSPECTION,ACTION_COMPLETED,HIGH
TCK-2026-00805,ALT-2026-00631,19,Cuddalore,OFFICER-TN-123,2026-04-10 03:27:12,INTER_AGENCY_COORDINATION,IN_PROGRESS,HIGH
TCK-2026-00806,ALT-2026-00857,13,Thoothukudi,OFFICER-TN-183,2025-07-12 05:50:24,INTER_AGENCY_COORDINATION,OPEN,MEDIUM
TCK-2026-00807,ALT-2026-00209,34,Nagapattinam,OFFICER-TN-170,2026-08-14 16:31:39,INTER_AGENCY_COORDINATION,ACTION_COMPLETED,LOW
TCK-2026-00808,ALT-2026-00899,11,Dindigul,OFFICER-TN-110,2026-01-28 00:19:07,HUMAN_INTELLIGENCE_INSPECTION,IN_PROGRESS,HIGH
TCK-2026-00809,ALT-2026-00924,13,Thoothukudi,OFFICER-TN-129,2025-01-05 03:01:52,INTER_AGENCY_COORDINATION,CLOSED,LOW
TCK-2026-00810,ALT-2026-00767,28,Pudukkottai,OFFICER-TN-157,2025-09-29 23:41:17,IMMEDIATE_PATROL_DISPATCH,OPEN,MEDIUM
TCK-2026-00811,ALT-2026-00459,8,Tiruppur,OFFICER-TN-135,2025-02-17 22:43:14,INTER_AGENCY_COORDINATION,ESCALATED,MEDIUM
TCK-2026-00812,ALT-2026-00996,35,Mayiladuthurai,OFFICER-TN-151,2026-01-21 18:02:07,INTER_AGENCY_COORDINATION,IN_PROGRESS,HIGH
TCK-2026-00813,ALT-2026-00927,5,Tiruchirappalli,OFFICER-TN-195,2026-06-09 14:43:19,IMMEDIATE_PATROL_DISPATCH,OPEN,LOW
TCK-2026-00814,ALT-2026-00178,23,Namakkal,OFFICER-TN-163,2025-11-06 07:30:15,HUMAN_INTELLIGENCE_INSPECTION,IN_PROGRESS,MEDIUM
TCK-2026-00815,ALT-2026-00009,34,Nagapattinam,OFFICER-TN-180,2025-07-05 06:15:01,INTER_AGENCY_COORDINATION,ESCALATED,LOW
TCK-2026-00816,ALT-2026-00070,17,Chengalpattu,OFFICER-TN-117,2025-10-22 17:53:36,IMMEDIATE_PATROL_DISPATCH,OPEN,MEDIUM
TCK-2026-00817,ALT-2026-00512,31,Virudhunagar,OFFICER-TN-176,2025-10-08 17:46:30,IMMEDIATE_PATROL_DISPATCH,CLOSED,HIGH
TCK-2026-00818,ALT-2026-00316,3,Madurai,OFFICER-TN-132,2025-05-28 12:49:10,INTER_AGENCY_COORDINATION,ACTION_COMPLETED,HIGH
TCK-2026-00819,ALT-2026-00555,3,Madurai,OFFICER-TN-161,2025-04-25 14:09:55,HUMAN_INTELLIGENCE_INSPECTION,ESCALATED,HIGH
TCK-2026-00820,ALT-2026-00660,13,Thoothukudi,OFFICER-TN-109,2025-07-06 08:48:47,IMMEDIATE_PATROL_DISPATCH,CLOSED,HIGH
TCK-2026-00821,ALT-2026-00906,21,Kallakurichi,OFFICER-TN-111,2025-08-18 11:44:53,IMMEDIATE_PATROL_DISPATCH,ACTION_COMPLETED,LOW
TCK-2026-00822,ALT-2026-00299,9,Vellore,OFFICER-TN-179,2025-07-29 08:15:43,HUMAN_INTELLIGENCE_INSPECTION,CLOSED,HIGH
TCK-2026-00823,ALT-2026-00307,16,Kancheepuram,OFFICER-TN-141,2025-01-10 07:17:09,IMMEDIATE_PATROL_DISPATCH,OPEN,HIGH
TCK-2026-00824,ALT-2026-00649,15,Tenkasi,OFFICER-TN-176,2026-05-04 17:10:09,INTER_AGENCY_COORDINATION,ACTION_COMPLETED,MEDIUM
TCK-2026-00825,ALT-2026-00783,14,Kanniyakumari,OFFICER-TN-174,2025-10-28 16:11:00,HUMAN_INTELLIGENCE_INSPECTION,ACTION_COMPLETED,LOW
TCK-2026-00826,ALT-2026-00377,1,Chennai,OFFICER-TN-197,2025-04-15 19:43:52,CHECKPOST_ENHANCED_SURVEILLANCE,ESCALATED,MEDIUM
TCK-2026-00827,ALT-2026-00129,28,Pudukkottai,OFFICER-TN-108,2025-02-20 18:39:27,CHECKPOST_ENHANCED_SURVEILLANCE,IN_PROGRESS,MEDIUM
TCK-2026-00828,ALT-2026-00923,30,Ramanathapuram,OFFICER-TN-111,2026-05-30 21:40:19,CHECKPOST_ENHANCED_SURVEILLANCE,ESCALATED,LOW
TCK-2026-00829,ALT-2026-00844,31,Virudhunagar,OFFICER-TN-134,2026-08-12 23:31:01,IMMEDIATE_PATROL_DISPATCH,OPEN,HIGH
TCK-2026-00830,ALT-2026-00116,38,Tiruvannamalai,OFFICER-TN-185,2025-03-20 19:29:10,CHECKPOST_ENHANCED_SURVEILLANCE,ESCALATED,MEDIUM
TCK-2026-00831,ALT-2026-00537,33,Thiruvarur,OFFICER-TN-164,2026-03-17 21:19:04,CHECKPOST_ENHANCED_SURVEILLANCE,IN_PROGRESS,LOW
TCK-2026-00832,ALT-2026-00488,33,Thiruvarur,OFFICER-TN-161,2025-08-18 05:45:58,HUMAN_INTELLIGENCE_INSPECTION,ESCALATED,HIGH
TCK-2026-00833,ALT-2026-00677,23,Namakkal,OFFICER-TN-152,2026-07-14 15:49:55,CHECKPOST_ENHANCED_SURVEILLANCE,ACTION_COMPLETED,LOW
TCK-2026-00834,ALT-2026-00764,8,Tiruppur,OFFICER-TN-106,2025-09-13 05:35:14,IMMEDIATE_PATROL_DISPATCH,IN_PROGRESS,LOW
TCK-2026-00835,ALT-2026-00339,22,Dharmapuri,OFFICER-TN-120,2025-02-28 19:18:21,HUMAN_INTELLIGENCE_INSPECTION,ACTION_COMPLETED,LOW
TCK-2026-00836,ALT-2026-00730,30,Ramanathapuram,OFFICER-TN-171,2025-01-12 11:57:29,IMMEDIATE_PATROL_DISPATCH,IN_PROGRESS,MEDIUM
TCK-2026-00837,ALT-2026-00873,19,Cuddalore,OFFICER-TN-156,2026-03-20 05:37:52,IMMEDIATE_PATROL_DISPATCH,CLOSED,HIGH
TCK-2026-00838,ALT-2026-00464,15,Tenkasi,OFFICER-TN-151,2026-02-15 17:36:18,IMMEDIATE_PATROL_DISPATCH,ESCALATED,HIGH
TCK-2026-00839,ALT-2026-00780,30,Ramanathapuram,OFFICER-TN-103,2025-02-01 16:06:22,INTER_AGENCY_COORDINATION,OPEN,HIGH
TCK-2026-00840,ALT-2026-00113,5,Tiruchirappalli,OFFICER-TN-116,2025-04-21 01:58:01,IMMEDIATE_PATROL_DISPATCH,IN_PROGRESS,LOW
TCK-2026-00841,ALT-2026-00770,18,Tiruvallur,OFFICER-TN-154,2026-07-03 21:15:00,HUMAN_INTELLIGENCE_INSPECTION,ESCALATED,HIGH
TCK-2026-00842,ALT-2026-00094,29,Sivaganga,OFFICER-TN-166,2025-04-04 17:58:30,IMMEDIATE_PATROL_DISPATCH,CLOSED,LOW
TCK-2026-00843,ALT-2026-00559,11,Dindigul,OFFICER-TN-145,2025-01-30 06:11:21,CHECKPOST_ENHANCED_SURVEILLANCE,IN_PROGRESS,MEDIUM
TCK-2026-00844,ALT-2026-01004,23,Namakkal,OFFICER-TN-172,2025-02-12 12:58:55,IMMEDIATE_PATROL_DISPATCH,ESCALATED,LOW
TCK-2026-00845,ALT-2026-00134,24,Nilgiris,OFFICER-TN-103,2025-05-07 17:15:13,INTER_AGENCY_COORDINATION,ESCALATED,LOW
TCK-2026-00846,ALT-2026-00623,13,Thoothukudi,OFFICER-TN-120,2025-08-24 16:32:29,IMMEDIATE_PATROL_DISPATCH,CLOSED,LOW
TCK-2026-00847,ALT-2026-00273,26,Ariyalur,OFFICER-TN-197,2026-05-16 10:37:10,HUMAN_INTELLIGENCE_INSPECTION,ACTION_COMPLETED,HIGH
TCK-2026-00848,ALT-2026-00799,30,Ramanathapuram,OFFICER-TN-150,2025-09-04 02:39:35,INTER_AGENCY_COORDINATION,ACTION_COMPLETED,HIGH
TCK-2026-00849,ALT-2026-00718,20,Viluppuram,OFFICER-TN-106,2025-09-07 01:33:11,HUMAN_INTELLIGENCE_INSPECTION,ESCALATED,HIGH
TCK-2026-00850,ALT-2026-00888,14,Kanniyakumari,OFFICER-TN-173,2026-01-04 15:21:28,HUMAN_INTELLIGENCE_INSPECTION,ESCALATED,HIGH
TCK-2026-00851,ALT-2026-00650,4,Salem,OFFICER-TN-113,2026-05-31 07:57:26,CHECKPOST_ENHANCED_SURVEILLANCE,OPEN,MEDIUM
TCK-2026-00852,ALT-2026-00538,37,Tirupathur,OFFICER-TN-136,2026-08-10 14:49:38,CHECKPOST_ENHANCED_SURVEILLANCE,IN_PROGRESS,LOW
TCK-2026-00853,ALT-2026-00969,32,Theni,OFFICER-TN-186,2025-09-20 23:33:05,HUMAN_INTELLIGENCE_INSPECTION,OPEN,MEDIUM
TCK-2026-00854,ALT-2026-00084,18,Tiruvallur,OFFICER-TN-101,2026-08-14 14:06:43,CHECKPOST_ENHANCED_SURVEILLANCE,ESCALATED,MEDIUM
TCK-2026-00855,ALT-2026-00691,21,Kallakurichi,OFFICER-TN-156,2025-01-09 11:48:15,INTER_AGENCY_COORDINATION,CLOSED,LOW
TCK-2026-00856,ALT-2026-00371,35,Mayiladuthurai,OFFICER-TN-188,2026-02-20 15:05:18,IMMEDIATE_PATROL_DISPATCH,ACTION_COMPLETED,MEDIUM
TCK-2026-00857,ALT-2026-00035,12,Thanjavur,OFFICER-TN-170,2025-07-29 03:49:58,INTER_AGENCY_COORDINATION,OPEN,MEDIUM
TCK-2026-00858,ALT-2026-00731,34,Nagapattinam,OFFICER-TN-198,2026-03-08 05:30:06,CHECKPOST_ENHANCED_SURVEILLANCE,ESCALATED,HIGH
TCK-2026-00859,ALT-2026-00491,10,Krishnagiri,OFFICER-TN-171,2025-12-26 17:39:15,IMMEDIATE_PATROL_DISPATCH,OPEN,HIGH
TCK-2026-00860,ALT-2026-00527,5,Tiruchirappalli,OFFICER-TN-130,2025-08-15 02:07:39,CHECKPOST_ENHANCED_SURVEILLANCE,ACTION_COMPLETED,HIGH
TCK-2026-00861,ALT-2026-01014,4,Salem,OFFICER-TN-142,2025-02-28 09:21:39,HUMAN_INTELLIGENCE_INSPECTION,ESCALATED,HIGH
TCK-2026-00862,ALT-2026-00789,32,Theni,OFFICER-TN-162,2025-01-19 15:33:01,INTER_AGENCY_COORDINATION,IN_PROGRESS,LOW
TCK-2026-00863,ALT-2026-00575,34,Nagapattinam,OFFICER-TN-101,2026-03-30 02:05:07,IMMEDIATE_PATROL_DISPATCH,CLOSED,MEDIUM
TCK-2026-00864,ALT-2026-00596,33,Thiruvarur,OFFICER-TN-197,2025-09-18 16:37:02,CHECKPOST_ENHANCED_SURVEILLANCE,IN_PROGRESS,MEDIUM
TCK-2026-00865,ALT-2026-00140,2,Coimbatore,OFFICER-TN-166,2026-04-23 14:27:45,IMMEDIATE_PATROL_DISPATCH,ESCALATED,MEDIUM
TCK-2026-00866,ALT-2026-00191,28,Pudukkottai,OFFICER-TN-121,2025-01-18 16:22:16,HUMAN_INTELLIGENCE_INSPECTION,OPEN,LOW
TCK-2026-00867,ALT-2026-00263,14,Kanniyakumari,OFFICER-TN-122,2025-04-24 06:31:13,HUMAN_INTELLIGENCE_INSPECTION,ESCALATED,MEDIUM
TCK-2026-00868,ALT-2026-00266,2,Coimbatore,OFFICER-TN-169,2026-01-04 05:57:16,IMMEDIATE_PATROL_DISPATCH,OPEN,HIGH
TCK-2026-00869,ALT-2026-00284,11,Dindigul,OFFICER-TN-117,2025-10-07 19:31:40,CHECKPOST_ENHANCED_SURVEILLANCE,ESCALATED,HIGH
TCK-2026-00870,ALT-2026-00277,15,Tenkasi,OFFICER-TN-111,2026-03-09 18:08:18,INTER_AGENCY_COORDINATION,CLOSED,LOW
TCK-2026-00871,ALT-2026-00562,11,Dindigul,OFFICER-TN-180,2026-02-01 21:53:20,CHECKPOST_ENHANCED_SURVEILLANCE,OPEN,HIGH
TCK-2026-00872,ALT-2026-00941,21,Kallakurichi,OFFICER-TN-131,2025-02-05 19:41:39,IMMEDIATE_PATROL_DISPATCH,OPEN,HIGH
TCK-2026-00873,ALT-2026-00970,16,Kancheepuram,OFFICER-TN-197,2026-03-23 08:38:15,INTER_AGENCY_COORDINATION,CLOSED,HIGH
TCK-2026-00874,ALT-2026-00971,23,Namakkal,OFFICER-TN-117,2026-02-12 07:32:06,INTER_AGENCY_COORDINATION,CLOSED,MEDIUM
TCK-2026-00875,ALT-2026-00611,24,Nilgiris,OFFICER-TN-175,2026-08-09 04:16:37,IMMEDIATE_PATROL_DISPATCH,CLOSED,HIGH
TCK-2026-00876,ALT-2026-00775,26,Ariyalur,OFFICER-TN-182,2025-03-02 07:03:47,CHECKPOST_ENHANCED_SURVEILLANCE,ESCALATED,HIGH
TCK-2026-00877,ALT-2026-01008,19,Cuddalore,OFFICER-TN-180,2025-08-22 17:56:55,CHECKPOST_ENHANCED_SURVEILLANCE,ESCALATED,LOW
TCK-2026-00878,ALT-2026-00683,8,Tiruppur,OFFICER-TN-156,2025-01-01 03:56:29,CHECKPOST_ENHANCED_SURVEILLANCE,IN_PROGRESS,HIGH
TCK-2026-00879,ALT-2026-00917,8,Tiruppur,OFFICER-TN-115,2026-05-07 11:55:45,INTER_AGENCY_COORDINATION,IN_PROGRESS,MEDIUM
TCK-2026-00880,ALT-2026-00276,26,Ariyalur,OFFICER-TN-197,2026-06-11 12:59:52,CHECKPOST_ENHANCED_SURVEILLANCE,OPEN,LOW
TCK-2026-00881,ALT-2026-00472,23,Namakkal,OFFICER-TN-155,2025-05-01 20:47:14,HUMAN_INTELLIGENCE_INSPECTION,ACTION_COMPLETED,LOW
TCK-2026-00882,ALT-2026-00440,36,Ranipet,OFFICER-TN-119,2025-07-25 08:43:57,IMMEDIATE_PATROL_DISPATCH,ESCALATED,MEDIUM
TCK-2026-00883,ALT-2026-00467,11,Dindigul,OFFICER-TN-163,2025-02-06 11:34:59,IMMEDIATE_PATROL_DISPATCH,IN_PROGRESS,MEDIUM
TCK-2026-00884,ALT-2026-00587,37,Tirupathur,OFFICER-TN-154,2025-01-31 04:12:04,IMMEDIATE_PATROL_DISPATCH,OPEN,MEDIUM
TCK-2026-00885,ALT-2026-00749,22,Dharmapuri,OFFICER-TN-151,2025-04-17 22:32:13,HUMAN_INTELLIGENCE_INSPECTION,ESCALATED,LOW
TCK-2026-00886,ALT-2026-00547,35,Mayiladuthurai,OFFICER-TN-193,2026-06-14 01:10:20,IMMEDIATE_PATROL_DISPATCH,IN_PROGRESS,HIGH
TCK-2026-00887,ALT-2026-01001,1,Chennai,OFFICER-TN-188,2025-11-11 13:32:57,INTER_AGENCY_COORDINATION,IN_PROGRESS,HIGH
TCK-2026-00888,ALT-2026-00439,7,Erode,OFFICER-TN-146,2025-08-21 13:59:08,HUMAN_INTELLIGENCE_INSPECTION,CLOSED,HIGH
TCK-2026-00889,ALT-2026-00388,27,Perambalur,OFFICER-TN-150,2025-09-07 19:14:35,CHECKPOST_ENHANCED_SURVEILLANCE,OPEN,LOW
TCK-2026-00890,ALT-2026-00545,14,Kanniyakumari,OFFICER-TN-108,2025-12-23 05:37:56,INTER_AGENCY_COORDINATION,ESCALATED,HIGH
TCK-2026-00891,ALT-2026-01014,37,Tirupathur,OFFICER-TN-184,2026-04-08 07:07:36,HUMAN_INTELLIGENCE_INSPECTION,CLOSED,MEDIUM
TCK-2026-00892,ALT-2026-00328,13,Thoothukudi,OFFICER-TN-193,2025-10-06 11:47:25,HUMAN_INTELLIGENCE_INSPECTION,OPEN,LOW
TCK-2026-00893,ALT-2026-00814,6,Tirunelveli,OFFICER-TN-103,2025-10-13 22:34:21,CHECKPOST_ENHANCED_SURVEILLANCE,IN_PROGRESS,HIGH
TCK-2026-00894,ALT-2026-00454,31,Virudhunagar,OFFICER-TN-163,2026-01-27 21:54:48,HUMAN_INTELLIGENCE_INSPECTION,CLOSED,HIGH
TCK-2026-00895,ALT-2026-00089,24,Nilgiris,OFFICER-TN-164,2025-01-13 03:18:24,IMMEDIATE_PATROL_DISPATCH,CLOSED,LOW
TCK-2026-00896,ALT-2026-01016,7,Erode,OFFICER-TN-168,2026-02-08 21:34:59,HUMAN_INTELLIGENCE_INSPECTION,ESCALATED,MEDIUM
TCK-2026-00897,ALT-2026-00989,18,Tiruvallur,OFFICER-TN-131,2026-07-31 08:44:28,INTER_AGENCY_COORDINATION,ACTION_COMPLETED,MEDIUM
TCK-2026-00898,ALT-2026-00896,28,Pudukkottai,OFFICER-TN-127,2026-02-24 12:08:18,HUMAN_INTELLIGENCE_INSPECTION,IN_PROGRESS,LOW
TCK-2026-00899,ALT-2026-01027,4,Salem,OFFICER-TN-131,2025-07-13 02:52:39,CHECKPOST_ENHANCED_SURVEILLANCE,CLOSED,LOW
TCK-2026-00900,ALT-2026-00220,3,Madurai,OFFICER-TN-157,2026-03-08 10:34:11,INTER_AGENCY_COORDINATION,ACTION_COMPLETED,HIGH
TCK-2026-00901,ALT-2026-00868,3,Madurai,OFFICER-TN-149,2025-11-28 20:33:04,HUMAN_INTELLIGENCE_INSPECTION,ESCALATED,MEDIUM
TCK-2026-00902,ALT-2026-00718,3,Madurai,OFFICER-TN-122,2026-08-11 15:19:55,HUMAN_INTELLIGENCE_INSPECTION,CLOSED,LOW
TCK-2026-00903,ALT-2026-00135,2,Coimbatore,OFFICER-TN-111,2026-07-19 11:08:28,IMMEDIATE_PATROL_DISPATCH,IN_PROGRESS,MEDIUM
TCK-2026-00904,ALT-2026-00233,33,Thiruvarur,OFFICER-TN-194,2025-03-05 18:18:07,HUMAN_INTELLIGENCE_INSPECTION,IN_PROGRESS,MEDIUM
TCK-2026-00905,ALT-2026-00729,29,Sivaganga,OFFICER-TN-156,2025-08-24 23:14:57,CHECKPOST_ENHANCED_SURVEILLANCE,ACTION_COMPLETED,LOW
TCK-2026-00906,ALT-2026-00980,21,Kallakurichi,OFFICER-TN-160,2026-03-22 13:48:17,CHECKPOST_ENHANCED_SURVEILLANCE,OPEN,LOW
TCK-2026-00907,ALT-2026-00763,31,Virudhunagar,OFFICER-TN-135,2025-12-17 02:39:20,INTER_AGENCY_COORDINATION,ACTION_COMPLETED,MEDIUM
TCK-2026-00908,ALT-2026-00422,38,Tiruvannamalai,OFFICER-TN-164,2025-01-03 18:44:08,INTER_AGENCY_COORDINATION,ACTION_COMPLETED,HIGH
TCK-2026-00909,ALT-2026-00555,19,Cuddalore,OFFICER-TN-136,2025-06-11 16:14:53,CHECKPOST_ENHANCED_SURVEILLANCE,OPEN,LOW
TCK-2026-00910,ALT-2026-00060,24,Nilgiris,OFFICER-TN-143,2025-11-01 02:31:43,INTER_AGENCY_COORDINATION,CLOSED,LOW
TCK-2026-00911,ALT-2026-01007,21,Kallakurichi,OFFICER-TN-136,2025-04-14 21:17:04,HUMAN_INTELLIGENCE_INSPECTION,CLOSED,MEDIUM
TCK-2026-00912,ALT-2026-00463,38,Tiruvannamalai,OFFICER-TN-141,2025-07-06 02:41:27,HUMAN_INTELLIGENCE_INSPECTION,CLOSED,HIGH
TCK-2026-00913,ALT-2026-00766,33,Thiruvarur,OFFICER-TN-151,2025-07-28 22:14:57,IMMEDIATE_PATROL_DISPATCH,ESCALATED,MEDIUM
TCK-2026-00914,ALT-2026-00169,6,Tirunelveli,OFFICER-TN-190,2025-02-09 16:50:57,INTER_AGENCY_COORDINATION,ACTION_COMPLETED,LOW
TCK-2026-00915,ALT-2026-00384,2,Coimbatore,OFFICER-TN-155,2025-06-05 13:02:23,INTER_AGENCY_COORDINATION,ESCALATED,MEDIUM
TCK-2026-00916,ALT-2026-00086,25,Karur,OFFICER-TN-171,2026-05-21 03:50:26,INTER_AGENCY_COORDINATION,IN_PROGRESS,HIGH
TCK-2026-00917,ALT-2026-00566,33,Thiruvarur,OFFICER-TN-172,2025-07-11 00:45:22,HUMAN_INTELLIGENCE_INSPECTION,ESCALATED,HIGH
TCK-2026-00918,ALT-2026-00013,32,Theni,OFFICER-TN-114,2025-07-13 03:40:52,CHECKPOST_ENHANCED_SURVEILLANCE,IN_PROGRESS,LOW
TCK-2026-00919,ALT-2026-00482,10,Krishnagiri,OFFICER-TN-173,2026-04-19 16:59:37,IMMEDIATE_PATROL_DISPATCH,OPEN,HIGH
TCK-2026-00920,ALT-2026-00089,2,Coimbatore,OFFICER-TN-161,2026-06-17 08:56:48,HUMAN_INTELLIGENCE_INSPECTION,IN_PROGRESS,MEDIUM
TCK-2026-00921,ALT-2026-00068,4,Salem,OFFICER-TN-191,2025-06-07 20:42:04,HUMAN_INTELLIGENCE_INSPECTION,OPEN,HIGH
TCK-2026-00922,ALT-2026-00413,11,Dindigul,OFFICER-TN-139,2025-01-21 07:09:57,IMMEDIATE_PATROL_DISPATCH,CLOSED,LOW
TCK-2026-00923,ALT-2026-00017,25,Karur,OFFICER-TN-190,2025-10-07 09:37:17,INTER_AGENCY_COORDINATION,OPEN,LOW
TCK-2026-00924,ALT-2026-00453,11,Dindigul,OFFICER-TN-118,2026-03-21 10:29:35,HUMAN_INTELLIGENCE_INSPECTION,OPEN,MEDIUM
TCK-2026-00925,ALT-2026-00693,5,Tiruchirappalli,OFFICER-TN-116,2025-06-16 21:05:32,HUMAN_INTELLIGENCE_INSPECTION,CLOSED,MEDIUM
TCK-2026-00926,ALT-2026-00850,26,Ariyalur,OFFICER-TN-145,2026-07-22 13:39:21,CHECKPOST_ENHANCED_SURVEILLANCE,IN_PROGRESS,LOW
TCK-2026-00927,ALT-2026-00484,4,Salem,OFFICER-TN-134,2025-12-01 23:36:24,CHECKPOST_ENHANCED_SURVEILLANCE,IN_PROGRESS,HIGH
TCK-2026-00928,ALT-2026-00358,29,Sivaganga,OFFICER-TN-131,2026-06-03 04:35:02,CHECKPOST_ENHANCED_SURVEILLANCE,OPEN,MEDIUM
TCK-2026-00929,ALT-2026-00875,26,Ariyalur,OFFICER-TN-167,2025-06-25 23:04:50,HUMAN_INTELLIGENCE_INSPECTION,CLOSED,MEDIUM
TCK-2026-00930,ALT-2026-00706,37,Tirupathur,OFFICER-TN-140,2025-02-18 11:27:18,INTER_AGENCY_COORDINATION,OPEN,LOW
TCK-2026-00931,ALT-2026-00676,2,Coimbatore,OFFICER-TN-142,2025-05-08 21:13:45,HUMAN_INTELLIGENCE_INSPECTION,ESCALATED,MEDIUM
TCK-2026-00932,ALT-2026-00428,36,Ranipet,OFFICER-TN-182,2026-07-10 01:10:16,CHECKPOST_ENHANCED_SURVEILLANCE,OPEN,MEDIUM
TCK-2026-00933,ALT-2026-00287,19,Cuddalore,OFFICER-TN-125,2025-11-20 23:49:34,IMMEDIATE_PATROL_DISPATCH,IN_PROGRESS,HIGH
TCK-2026-00934,ALT-2026-00228,24,Nilgiris,OFFICER-TN-102,2026-01-07 01:39:23,INTER_AGENCY_COORDINATION,CLOSED,HIGH
TCK-2026-00935,ALT-2026-00130,10,Krishnagiri,OFFICER-TN-162,2025-01-21 11:08:37,HUMAN_INTELLIGENCE_INSPECTION,CLOSED,LOW
TCK-2026-00936,ALT-2026-00908,15,Tenkasi,OFFICER-TN-168,2025-01-10 02:18:45,INTER_AGENCY_COORDINATION,OPEN,HIGH
TCK-2026-00937,ALT-2026-00153,24,Nilgiris,OFFICER-TN-129,2025-04-07 16:34:51,CHECKPOST_ENHANCED_SURVEILLANCE,ACTION_COMPLETED,HIGH
TCK-2026-00938,ALT-2026-00746,24,Nilgiris,OFFICER-TN-176,2025-03-03 06:05:39,CHECKPOST_ENHANCED_SURVEILLANCE,CLOSED,HIGH
TCK-2026-00939,ALT-2026-00818,17,Chengalpattu,OFFICER-TN-164,2025-11-04 18:56:38,CHECKPOST_ENHANCED_SURVEILLANCE,CLOSED,HIGH
TCK-2026-00940,ALT-2026-00188,25,Karur,OFFICER-TN-159,2026-06-24 12:25:59,IMMEDIATE_PATROL_DISPATCH,IN_PROGRESS,MEDIUM
TCK-2026-00941,ALT-2026-00635,30,Ramanathapuram,OFFICER-TN-146,2026-01-13 12:25:37,CHECKPOST_ENHANCED_SURVEILLANCE,OPEN,MEDIUM
TCK-2026-00942,ALT-2026-00357,9,Vellore,OFFICER-TN-124,2026-07-06 18:07:07,IMMEDIATE_PATROL_DISPATCH,CLOSED,HIGH
TCK-2026-00943,ALT-2026-00508,18,Tiruvallur,OFFICER-TN-122,2026-05-19 09:41:26,INTER_AGENCY_COORDINATION,OPEN,HIGH
TCK-2026-00944,ALT-2026-00364,14,Kanniyakumari,OFFICER-TN-146,2026-07-07 06:22:23,IMMEDIATE_PATROL_DISPATCH,ACTION_COMPLETED,MEDIUM
TCK-2026-00945,ALT-2026-00755,19,Cuddalore,OFFICER-TN-184,2025-08-01 17:08:57,CHECKPOST_ENHANCED_SURVEILLANCE,CLOSED,MEDIUM
TCK-2026-00946,ALT-2026-00162,28,Pudukkottai,OFFICER-TN-128,2025-03-12 09:57:52,IMMEDIATE_PATROL_DISPATCH,OPEN,HIGH
TCK-2026-00947,ALT-2026-01048,15,Tenkasi,OFFICER-TN-129,2026-03-09 13:16:30,INTER_AGENCY_COORDINATION,ESCALATED,HIGH
TCK-2026-00948,ALT-2026-01013,33,Thiruvarur,OFFICER-TN-170,2026-06-17 07:54:23,INTER_AGENCY_COORDINATION,OPEN,LOW
TCK-2026-00949,ALT-2026-00763,33,Thiruvarur,OFFICER-TN-128,2025-01-24 10:23:47,CHECKPOST_ENHANCED_SURVEILLANCE,ESCALATED,HIGH
TCK-2026-00950,ALT-2026-00309,5,Tiruchirappalli,OFFICER-TN-199,2025-09-04 12:19:37,CHECKPOST_ENHANCED_SURVEILLANCE,ESCALATED,HIGH
TCK-2026-00951,ALT-2026-00028,6,Tirunelveli,OFFICER-TN-151,2025-11-15 13:15:17,HUMAN_INTELLIGENCE_INSPECTION,IN_PROGRESS,MEDIUM
TCK-2026-00952,ALT-2026-00863,18,Tiruvallur,OFFICER-TN-175,2025-04-16 13:04:49,IMMEDIATE_PATROL_DISPATCH,OPEN,HIGH
TCK-2026-00953,ALT-2026-00341,13,Thoothukudi,OFFICER-TN-148,2026-02-19 00:34:23,INTER_AGENCY_COORDINATION,ACTION_COMPLETED,HIGH
TCK-2026-00954,ALT-2026-00717,5,Tiruchirappalli,OFFICER-TN-112,2025-08-02 11:46:11,CHECKPOST_ENHANCED_SURVEILLANCE,IN_PROGRESS,MEDIUM
TCK-2026-00955,ALT-2026-00367,2,Coimbatore,OFFICER-TN-161,2025-08-22 05:18:28,HUMAN_INTELLIGENCE_INSPECTION,OPEN,MEDIUM
TCK-2026-00956,ALT-2026-00218,31,Virudhunagar,OFFICER-TN-147,2025-06-07 11:54:41,CHECKPOST_ENHANCED_SURVEILLANCE,ACTION_COMPLETED,LOW
TCK-2026-00957,ALT-2026-00922,27,Perambalur,OFFICER-TN-155,2026-06-24 21:20:48,INTER_AGENCY_COORDINATION,ACTION_COMPLETED,LOW
TCK-2026-00958,ALT-2026-00284,22,Dharmapuri,OFFICER-TN-173,2026-05-17 05:05:07,INTER_AGENCY_COORDINATION,ESCALATED,LOW
TCK-2026-00959,ALT-2026-00891,11,Dindigul,OFFICER-TN-133,2025-02-21 11:45:22,IMMEDIATE_PATROL_DISPATCH,IN_PROGRESS,HIGH
TCK-2026-00960,ALT-2026-00442,14,Kanniyakumari,OFFICER-TN-120,2026-07-15 23:01:01,HUMAN_INTELLIGENCE_INSPECTION,OPEN,HIGH
TCK-2026-00961,ALT-2026-00347,38,Tiruvannamalai,OFFICER-TN-163,2026-03-08 21:23:28,HUMAN_INTELLIGENCE_INSPECTION,IN_PROGRESS,MEDIUM
TCK-2026-00962,ALT-2026-00353,20,Viluppuram,OFFICER-TN-102,2025-12-11 05:54:34,CHECKPOST_ENHANCED_SURVEILLANCE,OPEN,LOW
TCK-2026-00963,ALT-2026-00936,24,Nilgiris,OFFICER-TN-114,2025-09-24 18:10:57,IMMEDIATE_PATROL_DISPATCH,CLOSED,HIGH
TCK-2026-00964,ALT-2026-00803,3,Madurai,OFFICER-TN-159,2025-05-13 11:12:08,CHECKPOST_ENHANCED_SURVEILLANCE,OPEN,MEDIUM
TCK-2026-00965,ALT-2026-00409,11,Dindigul,OFFICER-TN-154,2026-05-19 10:16:56,IMMEDIATE_PATROL_DISPATCH,OPEN,MEDIUM
TCK-2026-00966,ALT-2026-00005,25,Karur,OFFICER-TN-125,2025-03-29 14:40:21,HUMAN_INTELLIGENCE_INSPECTION,CLOSED,LOW
TCK-2026-00967,ALT-2026-00400,7,Erode,OFFICER-TN-101,2026-07-05 10:43:17,IMMEDIATE_PATROL_DISPATCH,ESCALATED,MEDIUM
TCK-2026-00968,ALT-2026-00694,6,Tirunelveli,OFFICER-TN-186,2025-07-01 17:58:22,IMMEDIATE_PATROL_DISPATCH,CLOSED,LOW
TCK-2026-00969,ALT-2026-00922,15,Tenkasi,OFFICER-TN-181,2026-04-27 11:11:35,CHECKPOST_ENHANCED_SURVEILLANCE,CLOSED,HIGH
TCK-2026-00970,ALT-2026-00394,29,Sivaganga,OFFICER-TN-183,2026-02-27 18:57:13,HUMAN_INTELLIGENCE_INSPECTION,CLOSED,LOW
TCK-2026-00971,ALT-2026-00756,28,Pudukkottai,OFFICER-TN-185,2025-08-07 13:40:54,INTER_AGENCY_COORDINATION,CLOSED,LOW
TCK-2026-00972,ALT-2026-00347,11,Dindigul,OFFICER-TN-179,2026-01-06 04:01:42,INTER_AGENCY_COORDINATION,ESCALATED,LOW
TCK-2026-00973,ALT-2026-00053,4,Salem,OFFICER-TN-173,2025-09-02 22:39:15,IMMEDIATE_PATROL_DISPATCH,OPEN,MEDIUM
TCK-2026-00974,ALT-2026-00406,38,Tiruvannamalai,OFFICER-TN-149,2025-04-01 01:03:18,HUMAN_INTELLIGENCE_INSPECTION,IN_PROGRESS,HIGH
TCK-2026-00975,ALT-2026-00880,10,Krishnagiri,OFFICER-TN-102,2025-05-09 19:46:41,INTER_AGENCY_COORDINATION,ACTION_COMPLETED,LOW
TCK-2026-00976,ALT-2026-01026,13,Thoothukudi,OFFICER-TN-151,2026-01-31 14:54:11,IMMEDIATE_PATROL_DISPATCH,ESCALATED,LOW
TCK-2026-00977,ALT-2026-00024,13,Thoothukudi,OFFICER-TN-193,2025-08-14 16:26:52,HUMAN_INTELLIGENCE_INSPECTION,IN_PROGRESS,MEDIUM
TCK-2026-00978,ALT-2026-00995,4,Salem,OFFICER-TN-157,2026-06-22 18:56:27,IMMEDIATE_PATROL_DISPATCH,CLOSED,HIGH
TCK-2026-00979,ALT-2026-00920,2,Coimbatore,OFFICER-TN-161,2025-06-10 04:12:28,CHECKPOST_ENHANCED_SURVEILLANCE,OPEN,MEDIUM
TCK-2026-00980,ALT-2026-00005,10,Krishnagiri,OFFICER-TN-128,2025-02-10 19:22:32,IMMEDIATE_PATROL_DISPATCH,ESCALATED,LOW
TCK-2026-00981,ALT-2026-00123,6,Tirunelveli,OFFICER-TN-188,2026-02-12 11:57:46,HUMAN_INTELLIGENCE_INSPECTION,OPEN,HIGH
TCK-2026-00982,ALT-2026-00593,22,Dharmapuri,OFFICER-TN-159,2026-06-25 15:04:38,HUMAN_INTELLIGENCE_INSPECTION,ACTION_COMPLETED,MEDIUM
TCK-2026-00983,ALT-2026-00777,11,Dindigul,OFFICER-TN-172,2025-06-26 04:10:04,CHECKPOST_ENHANCED_SURVEILLANCE,ACTION_COMPLETED,MEDIUM
TCK-2026-00984,ALT-2026-00106,9,Vellore,OFFICER-TN-123,2025-08-27 20:49:34,IMMEDIATE_PATROL_DISPATCH,ESCALATED,LOW
TCK-2026-00985,ALT-2026-00929,7,Erode,OFFICER-TN-168,2026-08-20 04:45:03,HUMAN_INTELLIGENCE_INSPECTION,CLOSED,MEDIUM
TCK-2026-00986,ALT-2026-00777,23,Namakkal,OFFICER-TN-118,2025-08-24 00:32:15,IMMEDIATE_PATROL_DISPATCH,OPEN,LOW
TCK-2026-00987,ALT-2026-00855,27,Perambalur,OFFICER-TN-199,2025-04-30 11:23:20,INTER_AGENCY_COORDINATION,ESCALATED,MEDIUM
TCK-2026-00988,ALT-2026-00108,8,Tiruppur,OFFICER-TN-123,2025-06-01 01:12:17,IMMEDIATE_PATROL_DISPATCH,ESCALATED,MEDIUM
TCK-2026-00989,ALT-2026-00659,7,Erode,OFFICER-TN-132,2026-04-07 06:12:16,IMMEDIATE_PATROL_DISPATCH,ESCALATED,HIGH
TCK-2026-00990,ALT-2026-00951,17,Chengalpattu,OFFICER-TN-119,2026-03-22 17:12:14,IMMEDIATE_PATROL_DISPATCH,OPEN,HIGH
TCK-2026-00991,ALT-2026-00857,24,Nilgiris,OFFICER-TN-186,2025-02-14 11:43:22,CHECKPOST_ENHANCED_SURVEILLANCE,ACTION_COMPLETED,LOW
TCK-2026-00992,ALT-2026-00677,13,Thoothukudi,OFFICER-TN-116,2026-07-09 14:06:48,IMMEDIATE_PATROL_DISPATCH,CLOSED,LOW
TCK-2026-00993,ALT-2026-00959,18,Tiruvallur,OFFICER-TN-176,2025-03-17 10:30:24,INTER_AGENCY_COORDINATION,IN_PROGRESS,LOW
TCK-2026-00994,ALT-2026-01050,8,Tiruppur,OFFICER-TN-163,2026-07-27 04:19:17,IMMEDIATE_PATROL_DISPATCH,IN_PROGRESS,MEDIUM
TCK-2026-00995,ALT-2026-00420,8,Tiruppur,OFFICER-TN-111,2026-06-28 20:11:38,IMMEDIATE_PATROL_DISPATCH,IN_PROGRESS,LOW
TCK-2026-00996,ALT-2026-01015,32,Theni,OFFICER-TN-161,2026-02-04 03:26:43,IMMEDIATE_PATROL_DISPATCH,IN_PROGRESS,HIGH
TCK-2026-00997,ALT-2026-00713,35,Mayiladuthurai,OFFICER-TN-153,2025-10-17 09:16:06,INTER_AGENCY_COORDINATION,CLOSED,MEDIUM
TCK-2026-00998,ALT-2026-00270,30,Ramanathapuram,OFFICER-TN-197,2026-05-23 02:42:23,INTER_AGENCY_COORDINATION,OPEN,MEDIUM
TCK-2026-00999,ALT-2026-00980,13,Thoothukudi,OFFICER-TN-169,2026-07-12 13:01:14,IMMEDIATE_PATROL_DISPATCH,IN_PROGRESS,HIGH
TCK-2026-01000,ALT-2026-00164,37,Tirupathur,OFFICER-TN-139,2025-03-01 10:11:26,CHECKPOST_ENHANCED_SURVEILLANCE,ACTION_COMPLETED,LOW