provenance_id,target_record_id,source_dataset,ingested_at,transformation_stage,verification_status,sha256_audit_hash
PRV-000001,CMP-2026-00981,HEALTH_STAT,2026-01-01 00:59:17,PII_REDACTED_AND_NORMALIZED,VERIFIED_INTEGRITY,80322d9ee5835cf8afcadf08d46b37f6464d075d0b0cd3f49d26a8e462b8b9e0
PRV-000002,CMP-2026-00637,POLICE_LEDGER,2026-03-22 06:11:41,PII_REDACTED_AND_NORMALIZED,VERIFIED_INTEGRITY,28fdfb891ecb592f9a9504d50f0c158c884d1dfbf49a950833af727619332299
PRV-000003,CMP-2026-00261,POLICE_LEDGER,2025-06-10 05:03:07,PII_REDACTED_AND_NORMALIZED,VERIFIED_INTEGRITY,112f44271e49bfa93fa269961e850939cefaeaa7663d5c97e47ced56188fb592
PRV-000004,CMP-2026-00388,POLICE_LEDGER,2025-02-06 04:53:33,PII_REDACTED_AND_NORMALIZED,VERIFIED_INTEGRITY,6c87835da9e0d8d1548c219374bb1a36656f66435df9972580867538c0c33cfa
PRV-000005,CMP-2026-00967,POLICE_LEDGER,2025-03-30 18:16:48,PII_REDACTED_AND_NORMALIZED,VERIFIED_INTEGRITY,d54574214f9ab9ed5f5477258fd7f72e2d9a38a242516744c90d3ccb8603ff8d
PRV-000006,CMP-2026-00553,CHECKPOST_SCANNER,2026-02-24 17:36:36,PII_REDACTED_AND_NORMALIZED,VERIFIED_INTEGRITY,783c5e0f70ed546d5d9e7e431732eeee6622573c34c598bb4a0dcbc9d384ce2b
PRV-000007,CMP-2026-00640,HEALTH_STAT,2026-08-04 04:16:22,PII_REDACTED_AND_NORMALIZED,VERIFIED_INTEGRITY,84bdfa2073bb22323f09bf434e835a13f77435b4af2c863d0acbdfa0341bded3
PRV-000008,CMP-2026-00039,CITIZEN_PORTAL,2026-04-18 01:31:31,PII_REDACTED_AND_NORMALIZED,VERIFIED_INTEGRITY,897fd4d9eb4973c804d97d9d924fd3d35905c2f9432b8d1e88ea73fca33fef88
PRV-000009,CMP-2026-00906,CITIZEN_PORTAL,2025-02-12 10:17:40,PII_REDACTED_AND_NORMALIZED,VERIFIED_INTEGRITY,ffa54c223c53377cbed87808556aebe01958bbdffeadef43704958d2f22b1c96
PRV-000010,CMP-2026-01102,HEALTH_STAT,2024-11-28 22:56:58,PII_REDACTED_AND_NORMALIZED,VERIFIED_INTEGRITY,9fa0b0454286a174cca7bedc287dd2939b57404c699ed0fe4ea7e05d3b9278a9
PRV-000011,CMP-2026-01022,CITIZEN_PORTAL,2025-05-12 05:20:41,PII_REDACTED_AND_NORMALIZED,VERIFIED_INTEGRITY,a7da88190d3e3338fced03fa789607863d1226e254b76dc8f2bc7cea488280f4
PRV-000012,CMP-2026-00909,CITIZEN_PORTAL,2025-07-13 00:54:12,PII_REDACTED_AND_NORMALIZED,VERIFIED_INTEGRITY,bb6855bf50de2efa685e63dd45d915b6ed9d598bf6ffd00ce71f23aa1a37a7fb
PRV-000013,CMP-2026-00696,HEALTH_STAT,2025-07-04 03:32:14,PII_REDACTED_AND_NORMALIZED,VERIFIED_INTEGRITY,7d075fe0343f90c4075801f2d66a7a308c77e457e7bce603b2339888140f9998
PRV-000014,CMP-2026-01151,CHECKPOST_SCANNER,2024-10-10 19:12:24,PII_REDACTED_AND_NORMALIZED,VERIFIED_INTEGRITY,d73a45ff425a6f7a861dc749e1541e84be0c19fbc224831c11986a712272b9a0
PRV-000015,CMP-2026-00860,CITIZEN_PORTAL,2024-12-26 00:01:30,PII_REDACTED_AND_NORMALIZED,VERIFIED_INTEGRITY,2d208b0a257ab3384e7c818d42cf3bda591012660ec386f3026f87617bb28437
PRV-000016,CMP-2026-01105,CHECKPOST_SCANNER,2025-06-28 08:44:04,PII_REDACTED_AND_NORMALIZED,VERIFIED_INTEGRITY,43b9a4c654c3d33204613eb7b47baa90a0175820fe5a769a14fec65ef889729b
PRV-000017,CMP-2026-00268,POLICE_LEDGER,2026-03-31 20:20:02,PII_REDACTED_AND_NORMALIZED,VERIFIED_INTEGRITY,74c616e854daa39e78f6d161aec7e7c277cefb9a17df34e162524551e4473ebf
PRV-000018,CMP-2026-00624,CITIZEN_PORTAL,2025-02-10 08:48:03,PII_REDACTED_AND_NORMALIZED,VERIFIED_INTEGRITY,02b01cafa65bb015db6b6872d39d1efaa8081d8d6f45b0313bb36c1f86589265
PRV-000019,CMP-2026-00037,POLICE_LEDGER,2024-09-20 14:17:21,PII_REDACTED_AND_NORMALIZED,VERIFIED_INTEGRITY,2e8c3ff4907ae4e018e9c83ae39248497a64e54352b1c71efcb5ecf586895757
PRV-000020,CMP-2026-00286,CHECKPOST_SCANNER,2025-10-19 15:11:30,PII_REDACTED_AND_NORMALIZED,VERIFIED_INTEGRITY,e267a221ef607690aad9c0538548300f11509d76ed0e021f974d6bd31d0e6c70
PRV-000021,CMP-2026-00725,CITIZEN_PORTAL,2024-12-13 18:07:21,PII_REDACTED_AND_NORMALIZED,VERIFIED_INTEGRITY,0aeba7a5eead971a0e50f315f37fd5f4f6d88fd2850050772b6cf88247fa472f
PRV-000022,CMP-2026-00760,POLICE_LEDGER,2026-01-05 14:41:23,PII_REDACTED_AND_NORMALIZED,VERIFIED_INTEGRITY,8ffdcd69c1e51b7d4688a3ca83d241772a6e896237988d951dc9d7afbf1611d0
PRV-000023,CMP-2026-00996,POLICE_LEDGER,2025-01-04 10:09:09,PII_REDACTED_AND_NORMALIZED,VERIFIED_INTEGRITY,47b419aa0edb2bc3ce021862719013a8a04c3e5b85fbd606fa94596571f40919
PRV-000024,CMP-2026-01095,HEALTH_STAT,2025-01-28 23:26:27,PII_REDACTED_AND_NORMALIZED,VERIFIED_INTEGRITY,bfc29b07b8c0b6dd36f734f4f170e7ae3475d97fb6cdfc8df4ebfed00392fadb
PRV-000025,CMP-2026-01048,CITIZEN_PORTAL,2025-09-18 08:08:27,PII_REDACTED_AND_NORMALIZED,VERIFIED_INTEGRITY,9663a6049afa443ced087112221aeeda819a7b66b9d588a4059da2cb5649a489
PRV-000026,CMP-2026-00940,POLICE_LEDGER,2025-02-12 23:17:11,PII_REDACTED_AND_NORMALIZED,VERIFIED_INTEGRITY,c9a0f12273ddf316d0f4669ed4d929571ca0675c3f76716379f22c694c88dd50
PRV-000027,CMP-2026-00604,POLICE_LEDGER,2026-04-29 08:03:12,PII_REDACTED_AND_NORMALIZED,VERIFIED_INTEGRITY,f802964e26ce8c4baff10fa481218b58b7ca8cf95a0c005db67225050b501995
PRV-000028,CMP-2026-01105,HEALTH_STAT,2026-06-12 13:21:32,PII_REDACTED_AND_NORMALIZED,VERIFIED_INTEGRITY,13d205863b33d237d13635b4efa06833897c9afc53637135627502b42440e921
PRV-000029,CMP-2026-00939,CHECKPOST_SCANNER,2026-08-08 15:05:03,PII_REDACTED_AND_NORMALIZED,VERIFIED_INTEGRITY,9ddff9cb8e5bff703115e7c122994df98063dde7085e424bb14ae8c2ced09bee
PRV-000030,CMP-2026-00950,CITIZEN_PORTAL,2024-10-30 06:56:10,PII_REDACTED_AND_NORMALIZED,VERIFIED_INTEGRITY,90477ca50414c738b1624b3bdb234cbae15721cf1607400888ae426060fb4c29
PRV-000031,CMP-2026-00199,HEALTH_STAT,2025-04-15 18:12:22,PII_REDACTED_AND_NORMALIZED,VERIFIED_INTEGRITY,dccee3d09ad13eead64d692ed2536b0a21f1a7220311cd322a80e6726e4989dd
PRV-000032,CMP-2026-00951,POLICE_LEDGER,2025-10-06 20:08:22,PII_REDACTED_AND_NORMALIZED,VERIFIED_INTEGRITY,eacad2a6b0d70bb24baabf827adf2c4cee99c11afb7e7b6f672628d3b805656f
PRV-000033,CMP-2026-01133,CITIZEN_PORTAL,2025-11-05 21:39:28,PII_REDACTED_AND_NORMALIZED,VERIFIED_INTEGRITY,3b8b54279067d8a9c24ff5afd307e509d68b0da3347bec5e51238f39c19233c9
PRV-000034,CMP-2026-00184,POLICE_LEDGER,2026-02-02 15:16:19,PII_REDACTED_AND_NORMALIZED,VERIFIED_INTEGRITY,277f8222c91cbd9305c71ca13a9a208c787350d09703a9b99b865b67a8d2b655
PRV-000035,CMP-2026-00964,CITIZEN_PORTAL,2024-12-28 07:52:16,PII_REDACTED_AND_NORMALIZED,VERIFIED_INTEGRITY,33617e5bb8559b9a1703342ccc5ffb0100dddfccbd23fb196138208e4eb20855
PRV-000036,CMP-2026-00665,CITIZEN_PORTAL,2025-05-15 14:16:12,PII_REDACTED_AND_NORMALIZED,VERIFIED_INTEGRITY,eefaead8aad7e2b00b14243c4c5c15fcccdfc63acff27f74aa2814919c1c8d9b
PRV-000037,CMP-2026-00130,CHECKPOST_SCANNER,2026-03-04 02:16:00,PII_REDACTED_AND_NORMALIZED,VERIFIED_INTEGRITY,5b22e160e65fa264d45e9b3d73d064f2231e258a08847f95d3da34b60d6f5fa3
PRV-000038,CMP-2026-01118,CHECKPOST_SCANNER,2025-10-22 04:45:41,PII_REDACTED_AND_NORMALIZED,VERIFIED_INTEGRITY,91ad461d034027c72a9b922f195768858c0f5d65e26ada04328d4fffb53ba8c6
PRV-000039,CMP-2026-00556,CITIZEN_PORTAL,2025-03-29 11:12:36,PII_REDACTED_AND_NORMALIZED,VERIFIED_INTEGRITY,4c64283d1cdaff335814bbe5bd70c25ff4bcc851132b5407d135b16f1312b671
PRV-000040,CMP-2026-01045,HEALTH_STAT,2026-01-24 01:14:58,PII_REDACTED_AND_NORMALIZED,VERIFIED_INTEGRITY,b30fe5a0ac76b20e3d9820d3207158c871942acb214efd61e075bab849e24925
PRV-000041,CMP-2026-00849,POLICE_LEDGER,2024-09-22 17:32:10,PII_REDACTED_AND_NORMALIZED,VERIFIED_INTEGRITY,04b8233e19ee9151d525c078689a861730d3567b739a55183304e337f7ee8cde
PRV-000042,CMP-2026-00420,CITIZEN_PORTAL,2025-04-23 07:10:52,PII_REDACTED_AND_NORMALIZED,VERIFIED_INTEGRITY,046b006dcf062ecf0ff9838399496cb58eb44a7e608db8347be49c4c59134359
PRV-000043,CMP-2026-01114,CITIZEN_PORTAL,2024-12-01 02:58:42,PII_REDACTED_AND_NORMALIZED,VERIFIED_INTEGRITY,ae2ec99c3df79a733e14cff7e2c20fbfb4c67e56a8300e8a68d7bfdf7c749e11
PRV-000044,CMP-2026-00722,CHECKPOST_SCANNER,2026-02-24 16:15:54,PII_REDACTED_AND_NORMALIZED,VERIFIED_INTEGRITY,cf855f2be69b7e80a8872d2ac8c21af69a7a824ee3b0f8630161511443792a70
PRV-000045,CMP-2026-00984,CHECKPOST_SCANNER,2026-02-18 07:25:27,PII_REDACTED_AND_NORMALIZED,VERIFIED_INTEGRITY,cac2ed4d4ed9de09306e1af1c771182dfeb2d81519f76b3766896060fc34ae35
PRV-000046,CMP-2026-00813,HEALTH_STAT,2024-11-21 18:07:50,PII_REDACTED_AND_NORMALIZED,VERIFIED_INTEGRITY,e673271404aae87433450c21020d2687108115bd821e6de357665efe27604a17
PRV-000047,CMP-2026-01054,HEALTH_STAT,2024-10-14 12:20:38,PII_REDACTED_AND_NORMALIZED,VERIFIED_INTEGRITY,97c84ea0222d146c3732274237efa43796842d5944a731df441f2e153495f00e
PRV-000048,CMP-2026-00020,CITIZEN_PORTAL,2024-10-16 00:41:02,PII_REDACTED_AND_NORMALIZED,VERIFIED_INTEGRITY,ac4575cf587ed1cfb9a9431bc704827f59ae39ebeae1f268c77318b935cb750a
PRV-000049,CMP-2026-00823,HEALTH_STAT,2024-12-15 16:01:37,PII_REDACTED_AND_NORMALIZED,VERIFIED_INTEGRITY,3202e0ece09a84909cab8be3a877ea4e460680198cb6104eec5a69a5d0695b47
PRV-000050,CMP-2026-00065,CHECKPOST_SCANNER,2025-08-18 19:38:27,PII_REDACTED_AND_NORMALIZED,VERIFIED_INTEGRITY,9b6f38ee5c95e035d6acf970382d069a9d6317aeb24658a6201baf2e3976f8aa
PRV-000051,CMP-2026-01187,CITIZEN_PORTAL,2026-07-04 14:20:11,PII_REDACTED_AND_NORMALIZED,VERIFIED_INTEGRITY,1293475c91fd947e5278a1a4220a0fe2003ee9d68ee90652a4b644094e135f1a
PRV-000052,CMP-2026-01220,POLICE_LEDGER,2026-05-09 07:15:16,PII_REDACTED_AND_NORMALIZED,VERIFIED_INTEGRITY,19ab33a73a61f82eec504af4e151487c24d4964cdd36da79f48f69bfbc9dd475
PRV-000053,CMP-2026-00606,CHECKPOST_SCANNER,2025-07-08 05:19:31,PII_REDACTED_AND_NORMALIZED,VERIFIED_INTEGRITY,1ca18858b297fb680c790c1ed2a39359f7f9ef1e8074adaff5b24a781a42964c
PRV-000054,CMP-2026-00742,CITIZEN_PORTAL,2024-09-19 09:42:37,PII_REDACTED_AND_NORMALIZED,VERIFIED_INTEGRITY,0e3a6e41bcb15a3b907d15fae756632f24b0967a11e8d764ed4553b6f8c7b706
PRV-000055,CMP-2026-00512,CITIZEN_PORTAL,2025-11-01 22:58:45,PII_REDACTED_AND_NORMALIZED,VERIFIED_INTEGRITY,1ad3805b1972a654f2ef8f14c1e321188144b92dd07923f9a8245d5f034bb644
PRV-000056,CMP-2026-00983,CITIZEN_PORTAL,2026-04-07 22:36:54,PII_REDACTED_AND_NORMALIZED,VERIFIED_INTEGRITY,f905ec2029182e5d0866d35337df332cae69ebbcf7182ef0a5fdf79f2578ccc3
PRV-000057,CMP-2026-00536,CHECKPOST_SCANNER,2026-03-13 11:00:05,PII_REDACTED_AND_NORMALIZED,VERIFIED_INTEGRITY,860980fd47f67000f918ae352437b18dfcaa47c2685b65f4ebee43c23d8da6fb
PRV-000058,CMP-2026-00708,CITIZEN_PORTAL,2024-12-02 08:21:48,PII_REDACTED_AND_NORMALIZED,VERIFIED_INTEGRITY,976c608a6a73008e5951eb7c50616352d88917193c64d54afacff68f121123ae
PRV-000059,CMP-2026-00850,CITIZEN_PORTAL,2025-05-12 14:10:39,PII_REDACTED_AND_NORMALIZED,VERIFIED_INTEGRITY,c5491c76c82162bbcf7ac8f50a118a8dd088be282b9c29157054c07df2e0c6ba
PRV-000060,CMP-2026-01008,HEALTH_STAT,2025-07-06 04:14:26,PII_REDACTED_AND_NORMALIZED,VERIFIED_INTEGRITY,c0e15bedea3c1c03d27acceb29eb8fce19e9181d3b2a157b91943c8bf0270635
PRV-000061,CMP-2026-00466,HEALTH_STAT,2025-04-22 03:34:13,PII_REDACTED_AND_NORMALIZED,VERIFIED_INTEGRITY,5ba3d60d2f251100ab9efed0b34099ab21a8f298da0ace6d6db1360c0b841c23
PRV-000062,CMP-2026-00744,POLICE_LEDGER,2026-05-12 14:14:41,PII_REDACTED_AND_NORMALIZED,VERIFIED_INTEGRITY,0452dfe29285ed6428b2792e7b5de70654063b9c254a853bfdc507407e3b98db
PRV-000063,CMP-2026-00617,HEALTH_STAT,2025-06-18 14:50:55,PII_REDACTED_AND_NORMALIZED,VERIFIED_INTEGRITY,4e9fe4be565e597333c3f41746aacd98bbf4bc2ccd3b049dd48d5fd7352f397b
PRV-000064,CMP-2026-00241,CHECKPOST_SCANNER,2025-03-30 05:28:09,PII_REDACTED_AND_NORMALIZED,VERIFIED_INTEGRITY,05190d3822f7af2241a56c10cde645185bbe8ee166793b594fe0dc8a7b1bc8e9
PRV-000065,CMP-2026-00269,HEALTH_STAT,2025-04-18 22:18:14,PII_REDACTED_AND_NORMALIZED,VERIFIED_INTEGRITY,0989e541216d9cdc2ac33ac61cac8b9757e5120b12ea06b42712fef8c10cc816
PRV-000066,CMP-2026-00317,HEALTH_STAT,2026-01-22 22:43:08,PII_REDACTED_AND_NORMALIZED,VERIFIED_INTEGRITY,0a38ea6887e63334c55ecebb8cdeae4fb723347cf881d6970cab6763fe053238
PRV-000067,CMP-2026-01123,HEALTH_STAT,2025-01-02 23:56:22,PII_REDACTED_AND_NORMALIZED,VERIFIED_INTEGRITY,e0f38425c4d50e04c55f25349381b7ae407c66a8bbe13d566ee1ee3ad76fe122
PRV-000068,CMP-2026-00398,CHECKPOST_SCANNER,2025-10-12 20:36:39,PII_REDACTED_AND_NORMALIZED,VERIFIED_INTEGRITY,e894cc4a70a7a548b6a92eaec4e011f78d7f9bc8e10ecce92bb859e6289a14fb
PRV-000069,CMP-2026-01223,CITIZEN_PORTAL,2026-08-09 23:01:33,PII_REDACTED_AND_NORMALIZED,VERIFIED_INTEGRITY,40f233e63867599c7908091e660b684335a86f1cf63aea35b98395bf1184ebbe
PRV-000070,CMP-2026-00683,POLICE_LEDGER,2026-06-07 12:24:11,PII_REDACTED_AND_NORMALIZED,VERIFIED_INTEGRITY,57c62d67f712ea27fc27c6f7f9886b5119a061e65bca762c2dbbd332796ced1a
PRV-000071,CMP-2026-00834,CHECKPOST_SCANNER,2025-03-25 11:47:20,PII_REDACTED_AND_NORMALIZED,VERIFIED_INTEGRITY,29decb0cebf29384d668c4a37c7018e8ae80bb2c14bf97d60d7a290c6705b204
PRV-000072,CMP-2026-00104,HEALTH_STAT,2025-09-17 21:02:34,PII_REDACTED_AND_NORMALIZED,VERIFIED_INTEGRITY,0406c6392e24a97055dcaad3985703477bd391517fa48e3e513816f6a728c810
PRV-000073,CMP-2026-00891,POLICE_LEDGER,2025-08-29 10:14:08,PII_REDACTED_AND_NORMALIZED,VERIFIED_INTEGRITY,bf90f994684011f37c54269fcbd4e1b9820570b8d75b06164b5b8a51fbc53a72
PRV-000074,CMP-2026-00063,HEALTH_STAT,2025-11-04 23:06:17,PII_REDACTED_AND_NORMALIZED,VERIFIED_INTEGRITY,c09250b0cb59cc82720311b945feeddac60f90a608a3b4316adce95ca8c19892
PRV-000075,CMP-2026-00769,HEALTH_STAT,2025-09-05 19:16:34,PII_REDACTED_AND_NORMALIZED,VERIFIED_INTEGRITY,03223922b8a1367e6ae26f66f033d8443fe375420c70e5fc3283ff7795b428e0
PRV-000076,CMP-2026-01157,CHECKPOST_SCANNER,2025-11-05 16:58:47,PII_REDACTED_AND_NORMALIZED,VERIFIED_INTEGRITY,bb186a77f3407ed628446e8d261235c5716fb80842e350bb197ae8a52eeeafed
PRV-000077,CMP-2026-00577,CITIZEN_PORTAL,2025-08-14 16:53:52,PII_REDACTED_AND_NORMALIZED,VERIFIED_INTEGRITY,99b433eeacfea13580d6b36d19aa49bb8249b200199ec63ccf5f676f4c902420
PRV-000078,CMP-2026-00919,CITIZEN_PORTAL,2025-04-05 01:02:52,PII_REDACTED_AND_NORMALIZED,VERIFIED_INTEGRITY,f49acf2b9f6ad793028dccd8882fd0555d50862d8fcbe75c854f9371e0f21276
PRV-000079,CMP-2026-00257,CITIZEN_PORTAL,2024-12-01 12:27:45,PII_REDACTED_AND_NORMALIZED,VERIFIED_INTEGRITY,8aba63a5f4c2e873ffbd570637f8ef998157c9f4fffc56aaf75099fc3195658c
PRV-000080,CMP-2026-00204,HEALTH_STAT,2025-08-28 09:19:10,PII_REDACTED_AND_NORMALIZED,VERIFIED_INTEGRITY,21b515804ff96b3789a86260ca8758b5729e8db9e57ddc59f1cc567806ec281d
PRV-000081,CMP-2026-01024,HEALTH_STAT,2026-04-01 07:02:52,PII_REDACTED_AND_NORMALIZED,VERIFIED_INTEGRITY,4fbe7ea3da833fd1bc170977ca7e95b5baef6e3557e247cbd0afdb7ec77b2ffb
PRV-000082,CMP-2026-00157,CHECKPOST_SCANNER,2026-06-17 00:44:35,PII_REDACTED_AND_NORMALIZED,VERIFIED_INTEGRITY,c9d44ec52f587f6abd6c98a2801d490f7b9f4b97be714d61274107b854cdc46d
PRV-000083,CMP-2026-00677,HEALTH_STAT,2026-04-11 12:15:22,PII_REDACTED_AND_NORMALIZED,VERIFIED_INTEGRITY,bc3fde3410f7d2d08ee03e34ae4ff3e8419649106c9034efa73d55a66006e9cd
PRV-000084,CMP-2026-00816,POLICE_LEDGER,2025-08-19 17:27:55,PII_REDACTED_AND_NORMALIZED,VERIFIED_INTEGRITY,e09377fc7b0c9c064943a252a5eb937a38f3bccd10220e6f1c0d084caf1887d8
PRV-000085,CMP-2026-01164,POLICE_LEDGER,2025-12-30 12:55:17,PII_REDACTED_AND_NORMALIZED,VERIFIED_INTEGRITY,c064535b746f04a255b3151be805139ddc6f34177f1d5b3fbddf445990053573
PRV-000086,CMP-2026-00024,CHECKPOST_SCANNER,2026-04-01 06:03:27,PII_REDACTED_AND_NORMALIZED,VERIFIED_INTEGRITY,1b25109092acbfa90771ce04977b26727de460912bc011552e6ecd304c915abf
PRV-000087,CMP-2026-00123,CITIZEN_PORTAL,2026-05-15 16:30:48,PII_REDACTED_AND_NORMALIZED,VERIFIED_INTEGRITY,f6f7c0ef5615b87dcf07acce99ba1013c0de625a374ebf00f9ef1addcdbfdeac
PRV-000088,CMP-2026-00087,CHECKPOST_SCANNER,2025-07-04 02:13:53,PII_REDACTED_AND_NORMALIZED,VERIFIED_INTEGRITY,03b255784d93943993f1c9d137de7d9e9febe4138c7a026d66914060676c7c39
PRV-000089,CMP-2026-00851,POLICE_LEDGER,2025-12-15 03:40:40,PII_REDACTED_AND_NORMALIZED,VERIFIED_INTEGRITY,2cdc146e8bab50a252e1f099f6f38cac0a8bc1ffde794439144d5acde23ce4b7
PRV-000090,CMP-2026-00986,CHECKPOST_SCANNER,2026-01-23 23:12:11,PII_REDACTED_AND_NORMALIZED,VERIFIED_INTEGRITY,3681fd0d194821cb2fbc92b2837eefa72727999637b5d3eea272ae80d72ef403
PRV-000091,CMP-2026-00613,CITIZEN_PORTAL,2025-07-05 08:55:14,PII_REDACTED_AND_NORMALIZED,VERIFIED_INTEGRITY,25dd31ef7bc5537cf4368d589657e0de8f108f21866eefd1d0060ec3a81bfa3e
PRV-000092,CMP-2026-00554,CHECKPOST_SCANNER,2025-01-08 19:36:57,PII_REDACTED_AND_NORMALIZED,VERIFIED_INTEGRITY,a0f39861d4793cd95d909ca82f99260e0c3b79e129cd45820ad77b159c0230ab
PRV-000093,CMP-2026-00860,CHECKPOST_SCANNER,2025-09-07 02:42:21,PII_REDACTED_AND_NORMALIZED,VERIFIED_INTEGRITY,28d64a4ae279c7cbf4a64e6733e84f24b50b8b37c2a416bad1addd7bbf04e475
PRV-000094,CMP-2026-00436,HEALTH_STAT,2025-12-29 12:58:14,PII_REDACTED_AND_NORMALIZED,VERIFIED_INTEGRITY,059012c327262ee2735de8d1c8926c4417e3e7df389c9ba98f1e28a2c77306a7
PRV-000095,CMP-2026-01141,CITIZEN_PORTAL,2025-09-23 10:28:52,PII_REDACTED_AND_NORMALIZED,VERIFIED_INTEGRITY,1f3cf3fee33f7298a91cba8b00948b8f0d46cd8c3c1058cd8d9e5fdc3ba22fad
PRV-000096,CMP-2026-01122,CHECKPOST_SCANNER,2025-09-02 16:13:39,PII_REDACTED_AND_NORMALIZED,VERIFIED_INTEGRITY,3661406a734a51e4fcb1c329116d0b3b44f5fc4cc23be0ceda450e53c0984f9c
PRV-000097,CMP-2026-00388,POLICE_LEDGER,2024-11-16 15:24:36,PII_REDACTED_AND_NORMALIZED,VERIFIED_INTEGRITY,792f970bad20929fb574fe4bd64a9e011906dc19ed7ce5adaa0e6977490d315a
PRV-000098,CMP-2026-01022,HEALTH_STAT,2025-04-21 22:33:19,PII_REDACTED_AND_NORMALIZED,VERIFIED_INTEGRITY,ec3474156f7b3e9627343d466e82eee5a137c6d4dbc9fe1873559e604ca0bd79
PRV-000099,CMP-2026-00282,POLICE_LEDGER,2026-06-02 01:31:27,PII_REDACTED_AND_NORMALIZED,VERIFIED_INTEGRITY,3aa32ad7ac5ffb30c70daa3def49ce46cd6ce18d89f0eb865bb704be7eeddb27
PRV-000100,CMP-2026-00014,POLICE_LEDGER,2026-02-25 03:01:06,PII_REDACTED_AND_NORMALIZED,VERIFIED_INTEGRITY,3ab08da75f2a1bc2643903d9c14967a98e190a38c32151ca12c424da82ce55ed
PRV-000101,CMP-2026-01246,POLICE_LEDGER,2024-09-19 12:05:15,PII_REDACTED_AND_NORMALIZED,VERIFIED_INTEGRITY,930cd0357dc1318b62e79898777af64bafdae7afa780b337a42d602287b19353
PRV-000102,CMP-2026-01177,HEALTH_STAT,2024-09-19 06:31:07,PII_REDACTED_AND_NORMALIZED,VERIFIED_INTEGRITY,1f9ae88b8e607031e2c5617c3f2605ae5ce7f5d75d9753a0508f419d847e89d8
PRV-000103,CMP-2026-00677,CHECKPOST_SCANNER,2025-10-18 03:58:03,PII_REDACTED_AND_NORMALIZED,VERIFIED_INTEGRITY,bf3529167666bc40014bd7345b0b04cb8173461dce65c3ccc5fd09cf07002104
PRV-000104,CMP-2026-00207,CITIZEN_PORTAL,2025-01-17 23:06:45,PII_REDACTED_AND_NORMALIZED,VERIFIED_INTEGRITY,bb41f1fbc0e07431aeb284f011323065b4cc1b6e18015a40c4f2a0d370062d8c
PRV-000105,CMP-2026-00741,CHECKPOST_SCANNER,2024-10-14 17:58:21,PII_REDACTED_AND_NORMALIZED,VERIFIED_INTEGRITY,ce297443d707c38bb767e45eaaf3f170aaf579da84cec4fba970fcd71e2f1af3
PRV-000106,CMP-2026-00014,CHECKPOST_SCANNER,2026-07-18 12:28:35,PII_REDACTED_AND_NORMALIZED,VERIFIED_INTEGRITY,43ebf452b2a979d7ed038f15945c188e1d730e08190eed2aa7296dd56b0ed593
PRV-000107,CMP-2026-00757,CHECKPOST_SCANNER,2026-07-23 03:41:27,PII_REDACTED_AND_NORMALIZED,VERIFIED_INTEGRITY,b999476f3cc429c4b85430bf305e5a4f946d595f81500c3ce2f2a5278eab0f6b
PRV-000108,CMP-2026-00242,POLICE_LEDGER,2025-04-27 06:17:38,PII_REDACTED_AND_NORMALIZED,VERIFIED_INTEGRITY,2c421b03f6592184b5df3e2a05fbe8ba426f10bcb8457b1e26f65254f59c7bff
PRV-000109,CMP-2026-00172,CHECKPOST_SCANNER,2025-01-16 19:56:37,PII_REDACTED_AND_NORMALIZED,VERIFIED_INTEGRITY,f2cb69192f77e82bd26f9c954ce208e8a9ccd1ce8509a4bde2a38f55eb329d22
PRV-000110,CMP-2026-00347,HEALTH_STAT,2025-09-08 13:57:37,PII_REDACTED_AND_NORMALIZED,VERIFIED_INTEGRITY,61b5799f20b917acc71c2ff225a68cd45f809d85efeea340ca93813d9b9faa5b
PRV-000111,CMP-2026-01220,HEALTH_STAT,2025-07-17 15:39:59,PII_REDACTED_AND_NORMALIZED,VERIFIED_INTEGRITY,c39190d430588e9844051faa384db90d86e50f49e97ca4da4124b735513c2cee
PRV-000112,CMP-2026-00616,CHECKPOST_SCANNER,2025-04-11 00:33:43,PII_REDACTED_AND_NORMALIZED,VERIFIED_INTEGRITY,e8ad4bc549d0f890bf3732ffbb6b1e033c0053e87b58c6362990c12ca46d271c
PRV-000113,CMP-2026-01189,CITIZEN_PORTAL,2026-02-08 12:02:32,PII_REDACTED_AND_NORMALIZED,VERIFIED_INTEGRITY,3b0856225d9431707b5866a74581525d02aa77747a7d66c0cf3fd0c2a1eae66d
PRV-000114,CMP-2026-00126,CITIZEN_PORTAL,2025-11-25 06:23:46,PII_REDACTED_AND_NORMALIZED,VERIFIED_INTEGRITY,b69e10aa25919c8023833e82768aa20d092890a7e1f37c418d561532b615fef3
PRV-000115,CMP-2026-00165,CITIZEN_PORTAL,2024-10-31 18:09:24,PII_REDACTED_AND_NORMALIZED,VERIFIED_INTEGRITY,4f53408dd2717b4dd91f3357341902a0616bc9020ee460d713aeb88513c9f66b
PRV-000116,CMP-2026-00071,CITIZEN_PORTAL,2025-07-16 14:23:13,PII_REDACTED_AND_NORMALIZED,VERIFIED_INTEGRITY,8537f0903e41dfff40068b501283552dbb93b8b12754b2aa89af888f2e26bb0b
PRV-000117,CMP-2026-00691,CITIZEN_PORTAL,2025-02-03 08:16:22,PII_REDACTED_AND_NORMALIZED,VERIFIED_INTEGRITY,6122567ec32d1eae5eaca1df9c555dc99df59bb11ece19b72bd4e32889b64aa4
PRV-000118,CMP-2026-00536,POLICE_LEDGER,2026-07-21 07:23:08,PII_REDACTED_AND_NORMALIZED,VERIFIED_INTEGRITY,5d7c9f98121462baa7436c2ca6abcacff7484766d014c8b6f549c515355c35b4
PRV-000119,CMP-2026-01170,CITIZEN_PORTAL,2026-01-01 03:25:50,PII_REDACTED_AND_NORMALIZED,VERIFIED_INTEGRITY,713b6a090b0c9191a961570ebcb51e5aeaf175ea8a7a954ad1a03cf094b5658a
PRV-000120,CMP-2026-00055,CITIZEN_PORTAL,2026-02-01 12:21:42,PII_REDACTED_AND_NORMALIZED,VERIFIED_INTEGRITY,05a0da002ecaedb0950488bcdcc8885f4df7affbdab939d9ba9d93e3581faae7
PRV-000121,CMP-2026-01035,CITIZEN_PORTAL,2026-02-07 05:10:14,PII_REDACTED_AND_NORMALIZED,VERIFIED_INTEGRITY,266bb35f2fd1df335adecadaef57e6d6027b3fb4a3b955e03e8881edb4368c90
PRV-000122,CMP-2026-00351,HEALTH_STAT,2025-05-14 07:20:58,PII_REDACTED_AND_NORMALIZED,VERIFIED_INTEGRITY,aa980e6aab1672e11ff24c7a23f66c62f1fe22f3ed60760732a280c6cb1f7d7f
PRV-000123,CMP-2026-00346,HEALTH_STAT,2024-11-27 14:38:22,PII_REDACTED_AND_NORMALIZED,VERIFIED_INTEGRITY,f0644faae3beb22bbf6a7c12dd6139a40416d70ce765884c5dd352b45fbe100f
PRV-000124,CMP-2026-00536,CHECKPOST_SCANNER,2025-04-05 07:29:35,PII_REDACTED_AND_NORMALIZED,VERIFIED_INTEGRITY,14d97a0061a52782ba61c0507f91476925f6804677f7102a8dc870591fdcebc7
PRV-000125,CMP-2026-00132,CHECKPOST_SCANNER,2026-05-24 11:45:24,PII_REDACTED_AND_NORMALIZED,VERIFIED_INTEGRITY,91ab89984954031c09e2677a674ec4b311c34aea1c3ead3a21197d90a32ff99e
PRV-000126,CMP-2026-00635,CHECKPOST_SCANNER,2025-12-13 17:35:45,PII_REDACTED_AND_NORMALIZED,VERIFIED_INTEGRITY,72967d59f7a1c3ea401ffe17532c68e4ced7dd4f0a84ac365d1f8963240f95d9
PRV-000127,CMP-2026-00585,HEALTH_STAT,2025-07-27 09:38:06,PII_REDACTED_AND_NORMALIZED,VERIFIED_INTEGRITY,fbc8011f06d1a5c7d6559621da4bb526077279a229fdded9853c8d18cc63a892
PRV-000128,CMP-2026-01000,CHECKPOST_SCANNER,2024-12-28 02:30:07,PII_REDACTED_AND_NORMALIZED,VERIFIED_INTEGRITY,5cdebd10a2efb4ab7a9f555c5b2253261d24eaeae871a9f2bd2e0921ce61a379
PRV-000129,CMP-2026-00387,HEALTH_STAT,2025-11-07 05:30:15,PII_REDACTED_AND_NORMALIZED,VERIFIED_INTEGRITY,7a3f6d0e99c0b414e060515dcff74d9b23e1390a7dde592f876a49d85b172e94
PRV-000130,CMP-2026-00028,CHECKPOST_SCANNER,2025-10-27 13:02:39,PII_REDACTED_AND_NORMALIZED,VERIFIED_INTEGRITY,5e1085995b638e9184a5f98aee02f4a0dc63e13605bb83d5a2481a98f4543f05
PRV-000131,CMP-2026-00187,HEALTH_STAT,2026-04-28 08:33:39,PII_REDACTED_AND_NORMALIZED,VERIFIED_INTEGRITY,999b44218ca7b3e3799c0c0c235495f3b982c9ef7398c3ea41b204bf1b084574
PRV-000132,CMP-2026-01126,CITIZEN_PORTAL,2026-06-26 12:15:10,PII_REDACTED_AND_NORMALIZED,VERIFIED_INTEGRITY,b43fd0341d9152ce346de23ace36ed1337c201e1f4b7e59ea31b0c224cc1e38d
PRV-000133,CMP-2026-00757,HEALTH_STAT,2024-10-02 15:51:38,PII_REDACTED_AND_NORMALIZED,VERIFIED_INTEGRITY,ce69d5e67eea09a6795f243b2160917f0cdca80a9c95b2b697ac042fbde4ede8
PRV-000134,CMP-2026-00434,CITIZEN_PORTAL,2025-04-24 17:14:18,PII_REDACTED_AND_NORMALIZED,VERIFIED_INTEGRITY,423f6dfab037ca379439b9be53856ba66c382b715d3cdd2995a02d8a26b03cb7
PRV-000135,CMP-2026-00647,CITIZEN_PORTAL,2026-01-07 05:06:11,PII_REDACTED_AND_NORMALIZED,VERIFIED_INTEGRITY,17abb47054f93cdea41c136c1127216acc857e988959d7e8f0efcac93ab9cd06
PRV-000136,CMP-2026-00976,HEALTH_STAT,2026-07-29 08:04:28,PII_REDACTED_AND_NORMALIZED,VERIFIED_INTEGRITY,6b47ae9130a4bf90c7d7a66f05bac3ccfc9f17564b897d355b3c6007ed3236c0
PRV-000137,CMP-2026-00043,CITIZEN_PORTAL,2025-09-04 04:43:49,PII_REDACTED_AND_NORMALIZED,VERIFIED_INTEGRITY,14d323a3c30ee7f610a08b538e76767f36a14005d86a896dbf3c392426fcbcf8
PRV-000138,CMP-2026-00338,POLICE_LEDGER,2026-01-15 10:52:09,PII_REDACTED_AND_NORMALIZED,VERIFIED_INTEGRITY,a9da0154b2b77be6fee3a8dcb3b2efd6142fba746c4ca93c7562b1a960d8d883
PRV-000139,CMP-2026-00613,CHECKPOST_SCANNER,2025-01-03 22:07:24,PII_REDACTED_AND_NORMALIZED,VERIFIED_INTEGRITY,ab0359c4d66421c6f1b51b7725db6c9aa3e3334bbc56e0a59505f298abbeb4a9
PRV-000140,CMP-2026-00932,CHECKPOST_SCANNER,2024-09-23 08:57:43,PII_REDACTED_AND_NORMALIZED,VERIFIED_INTEGRITY,339c99f30e17593c968c1b9bede9410ec904c3941b33343ae1e0c0bb20e796a1
PRV-000141,CMP-2026-00612,POLICE_LEDGER,2025-06-20 03:06:14,PII_REDACTED_AND_NORMALIZED,VERIFIED_INTEGRITY,7ba119156280204e5c94b76e0969323cf8c8a6bd93c8da3ff7fba3752e8397f5
PRV-000142,CMP-2026-00789,POLICE_LEDGER,2026-06-12 15:34:53,PII_REDACTED_AND_NORMALIZED,VERIFIED_INTEGRITY,c7bb27f65ed93277915b2cedbcd77383e29f8f7b243dbce3142ce9ea5ff9b300
PRV-000143,CMP-2026-00064,POLICE_LEDGER,2025-04-09 17:02:42,PII_REDACTED_AND_NORMALIZED,VERIFIED_INTEGRITY,7f50bb0dca39f30f5be1fe5c77811f2eed4cdcd762db1493ca0d0f0df6dd222a
PRV-000144,CMP-2026-00083,CHECKPOST_SCANNER,2025-02-26 09:16:31,PII_REDACTED_AND_NORMALIZED,VERIFIED_INTEGRITY,e91b5e540e1ea5d3a6e5e2931fa9a5d26b3c485f1da530675837548fa509d8ee
PRV-000145,CMP-2026-00864,HEALTH_STAT,2025-07-26 08:35:11,PII_REDACTED_AND_NORMALIZED,VERIFIED_INTEGRITY,5b5abada8732bbf3a0393a71484dcbd68bd1aa90a5c32c7a5f7e4b9615494489
PRV-000146,CMP-2026-00575,HEALTH_STAT,2026-03-28 16:31:41,PII_REDACTED_AND_NORMALIZED,VERIFIED_INTEGRITY,93fed201aac48bfdd16bd2eac90d032cca5ce402e5d7c6f0b27ce2869b8144e9
PRV-000147,CMP-2026-00470,CHECKPOST_SCANNER,2025-10-06 07:53:48,PII_REDACTED_AND_NORMALIZED,VERIFIED_INTEGRITY,80a631efb5fba976a0f72e37978606c92bdfa24b7265e8d3aad98e4a8a47a031
PRV-000148,CMP-2026-00794,CITIZEN_PORTAL,2025-04-23 08:41:57,PII_REDACTED_AND_NORMALIZED,VERIFIED_INTEGRITY,a89cac1eb7022fb6c4c9b65de8ba12c6728fcee2a998e1c39bba927fce6f9939
PRV-000149,CMP-2026-00024,HEALTH_STAT,2025-08-05 05:33:17,PII_REDACTED_AND_NORMALIZED,VERIFIED_INTEGRITY,2623b3d119758b0cf8047553a1cdd8e2293a56d87252fc2115688cd63183409e
PRV-000150,CMP-2026-00699,CHECKPOST_SCANNER,2026-07-27 09:24:05,PII_REDACTED_AND_NORMALIZED,VERIFIED_INTEGRITY,33be3d9f60d782724ea399ecf465cb992a4a7668cafd4dd5a89568be9a2f3228
PRV-000151,CMP-2026-01188,HEALTH_STAT,2026-04-09 07:03:34,PII_REDACTED_AND_NORMALIZED,VERIFIED_INTEGRITY,c13226fe973629fb86856880030e8e3f0a86e70d50d06b6e5f95d87ca76c5df0
PRV-000152,CMP-2026-00602,POLICE_LEDGER,2025-04-15 23:05:56,PII_REDACTED_AND_NORMALIZED,VERIFIED_INTEGRITY,e55532441fd35be2d6139861f1fac98b1a25a12934ea9145f98e9b44f0c570e4
PRV-000153,CMP-2026-01166,CHECKPOST_SCANNER,2026-05-03 05:15:31,PII_REDACTED_AND_NORMALIZED,VERIFIED_INTEGRITY,dcbff3984ae36606af27ee7210adcd9c3bd5069200bc426a1c0b3804b369cea0
PRV-000154,CMP-2026-00240,HEALTH_STAT,2026-07-14 10:29:27,PII_REDACTED_AND_NORMALIZED,VERIFIED_INTEGRITY,0360e44082ac1a4ec87ae4565ad896c511cd6764d779f66809b567beb7e5d562
PRV-000155,CMP-2026-00173,POLICE_LEDGER,2025-12-04 21:23:25,PII_REDACTED_AND_NORMALIZED,VERIFIED_INTEGRITY,4b40d5d8c6bd5bcf9c50b7d1644f9472f841fa9871236dd5b14b769c519a00a7
PRV-000156,CMP-2026-00273,POLICE_LEDGER,2025-12-05 14:57:48,PII_REDACTED_AND_NORMALIZED,VERIFIED_INTEGRITY,a1b2373e11e88f0ace4accec844d8b71444289960f15fdb72744222ca505a3f1
PRV-000157,CMP-2026-00344,CHECKPOST_SCANNER,2025-03-20 00:00:35,PII_REDACTED_AND_NORMALIZED,VERIFIED_INTEGRITY,d8b4751bf4e1d00774590176e92747643bca4782ea921087fc66f7bef0c82f9f
PRV-000158,CMP-2026-01150,CITIZEN_PORTAL,2026-05-21 18:18:40,PII_REDACTED_AND_NORMALIZED,VERIFIED_INTEGRITY,ea7d018218ae3bf2d87b663262cc91c59d7e434d0aa591f488c0e3862003ef3b
PRV-000159,CMP-2026-00810,POLICE_LEDGER,2025-06-09 11:05:40,PII_REDACTED_AND_NORMALIZED,VERIFIED_INTEGRITY,ad9743eacc768a4f66549cc448c44a3d17769780aaf17eb722063909aaf8904e
PRV-000160,CMP-2026-00176,POLICE_LEDGER,2025-09-03 19:42:37,PII_REDACTED_AND_NORMALIZED,VERIFIED_INTEGRITY,7233a6008fb99c4505b0d31e4ea53087b668f6dd6d69b12d70c8e792fd1d1eb5
PRV-000161,CMP-2026-00492,CITIZEN_PORTAL,2025-11-06 23:20:17,PII_REDACTED_AND_NORMALIZED,VERIFIED_INTEGRITY,a9e8f8d6ce5f016a19b8897895fc81cc27b284d9dfd024a3a7fbcc7a80f0297c
PRV-000162,CMP-2026-00991,CITIZEN_PORTAL,2025-11-18 03:07:10,PII_REDACTED_AND_NORMALIZED,VERIFIED_INTEGRITY,81a5446e6726c4347f0ddd4e641a015415a4b1913a0ad36fd5c56a3874b1d336
PRV-000163,CMP-2026-00670,CHECKPOST_SCANNER,2025-10-14 02:41:56,PII_REDACTED_AND_NORMALIZED,VERIFIED_INTEGRITY,1fa2a5818a85efda99cf1b296f861a0996de5950c5a44f494985951ae5786ab6
PRV-000164,CMP-2026-00023,CITIZEN_PORTAL,2025-04-26 15:46:35,PII_REDACTED_AND_NORMALIZED,VERIFIED_INTEGRITY,5159f0dc0a06ba954151bcc5dc1b05066d708ba496b58881bc13c66383279e07
PRV-000165,CMP-2026-00634,HEALTH_STAT,2025-09-12 23:47:01,PII_REDACTED_AND_NORMALIZED,VERIFIED_INTEGRITY,abff2f89af456276e97d43ba86dd764f22cec48fc13d09c0206269ac398297f5
PRV-000166,CMP-2026-00375,HEALTH_STAT,2026-03-01 15:38:58,PII_REDACTED_AND_NORMALIZED,VERIFIED_INTEGRITY,91541ba7ab5c08718f099b7be8c6e7aa212ccdc74a6d8a050be00b16923f6cc5
PRV-000167,CMP-2026-00461,CHECKPOST_SCANNER,2025-08-22 19:33:22,PII_REDACTED_AND_NORMALIZED,VERIFIED_INTEGRITY,e7dd8f505477a232920b62bc0ff8845f2f8194c30c409a82561732f0bd6ae701
PRV-000168,CMP-2026-00786,HEALTH_STAT,2025-11-28 05:55:40,PII_REDACTED_AND_NORMALIZED,VERIFIED_INTEGRITY,387af3d825489501388aa11c05a7cca257c47038f688139a7c0f17ab5701fbaf
PRV-000169,CMP-2026-01103,HEALTH_STAT,2025-10-05 06:42:09,PII_REDACTED_AND_NORMALIZED,VERIFIED_INTEGRITY,2d028fd7ac4cf40cb45a539c4ca6d8c1f089b082b342b628a7ef40b50daeded1
PRV-000170,CMP-2026-00833,POLICE_LEDGER,2025-05-02 19:29:00,PII_REDACTED_AND_NORMALIZED,VERIFIED_INTEGRITY,268cba1484c269dd5643f90a2842b5ea5fa625dc9bf366ef613cb19751560ecd
PRV-000171,CMP-2026-00286,CHECKPOST_SCANNER,2025-09-16 14:57:02,PII_REDACTED_AND_NORMALIZED,VERIFIED_INTEGRITY,5ec71b5c7ad0f45e766c60b65e3ab7454c81dff53af9c2a06c111c3d0b7f97b0
PRV-000172,CMP-2026-00310,HEALTH_STAT,2026-07-09 05:02:20,PII_REDACTED_AND_NORMALIZED,VERIFIED_INTEGRITY,b6e57ee9781ed5072e637da0f40ac868ba9a89c699961d59eaeb30d879fa41c6
PRV-000173,CMP-2026-01199,CITIZEN_PORTAL,2026-01-21 04:46:11,PII_REDACTED_AND_NORMALIZED,VERIFIED_INTEGRITY,b7d197a4445a797f35a0180ad8b583487e0ac2496d3335865349f28efc57a45c
PRV-000174,CMP-2026-00198,CITIZEN_PORTAL,2025-05-04 07:47:02,PII_REDACTED_AND_NORMALIZED,VERIFIED_INTEGRITY,619ac2f8c077a334c495deb0436d25add92504ec77ef5817ae21210e3d43d3f3
PRV-000175,CMP-2026-00956,CHECKPOST_SCANNER,2024-11-02 16:01:21,PII_REDACTED_AND_NORMALIZED,VERIFIED_INTEGRITY,ec5cf4be6acc64959709fa609d472ce93a5c9a38150f16c223cbc12dd4db8cd5
PRV-000176,CMP-2026-00836,POLICE_LEDGER,2025-02-11 08:52:15,PII_REDACTED_AND_NORMALIZED,VERIFIED_INTEGRITY,ba0320a8de96db7eebe3e553fc476899031ddd3e0397aca13dde48fd2087eb00
PRV-000177,CMP-2026-00261,CHECKPOST_SCANNER,2026-07-15 03:19:15,PII_REDACTED_AND_NORMALIZED,VERIFIED_INTEGRITY,438c62a03b063a5866cb6a0b7b4fd2117c27dc5796eb0ae77c4554ec86388674
PRV-000178,CMP-2026-00323,POLICE_LEDGER,2026-02-18 14:20:34,PII_REDACTED_AND_NORMALIZED,VERIFIED_INTEGRITY,876d11abe47ce32e96a1f7f2a3c19382611ea4407e0a78e2250a52ef00906928
PRV-000179,CMP-2026-00639,POLICE_LEDGER,2025-11-21 20:59:50,PII_REDACTED_AND_NORMALIZED,VERIFIED_INTEGRITY,e74b6b016369d383bb026622f049eddceb2ea9c7d7aef784511e12e9435d2827
PRV-000180,CMP-2026-01040,CITIZEN_PORTAL,2024-11-19 15:16:24,PII_REDACTED_AND_NORMALIZED,VERIFIED_INTEGRITY,44f92b530d41540ad60c0f093e2ec6d1710c5e0275d3e806dcf61d13dd566705
PRV-000181,CMP-2026-00003,CITIZEN_PORTAL,2026-01-31 20:58:25,PII_REDACTED_AND_NORMALIZED,VERIFIED_INTEGRITY,4c9c621405311cd7ac45247172f020d4200823b85ca2268c5e4c592614598ac0
PRV-000182,CMP-2026-00268,POLICE_LEDGER,2025-07-20 03:33:15,PII_REDACTED_AND_NORMALIZED,VERIFIED_INTEGRITY,12f756686d2976de5cabbfd6ccbfd5e2c8a5bb9f80a3f7a23d784e6b0bad3a73
PRV-000183,CMP-2026-00421,CHECKPOST_SCANNER,2025-07-04 17:18:47,PII_REDACTED_AND_NORMALIZED,VERIFIED_INTEGRITY,6109f43a5220fa2d7b364b3337ea12b9267dc5f8b2cd5207dc9bce3f3b104365
PRV-000184,CMP-2026-00954,CHECKPOST_SCANNER,2025-03-07 04:35:00,PII_REDACTED_AND_NORMALIZED,VERIFIED_INTEGRITY,41db48b2ec1705f1f0ad69cdfb362378f1b5f72e6657eea3d00a124784d8f69d
PRV-000185,CMP-2026-01135,CHECKPOST_SCANNER,2025-12-24 20:10:13,PII_REDACTED_AND_NORMALIZED,VERIFIED_INTEGRITY,59a97c23ec870051e11a91a90daf629e44c3fc5e5f7f2707a3817c1ae1ec7c51
PRV-000186,CMP-2026-00200,HEALTH_STAT,2024-12-19 07:32:25,PII_REDACTED_AND_NORMALIZED,VERIFIED_INTEGRITY,e63ea7816cf747187f31ed22e101a4946fd6b70c34986cf450a5a38ffbc3684e
PRV-000187,CMP-2026-00126,CITIZEN_PORTAL,2025-06-25 23:55:42,PII_REDACTED_AND_NORMALIZED,VERIFIED_INTEGRITY,fc8535acae99aa23df5d749acb42d1ffe63cdee192473ce739d6933dfdfd5570
PRV-000188,CMP-2026-00307,HEALTH_STAT,2025-09-15 01:16:39,PII_REDACTED_AND_NORMALIZED,VERIFIED_INTEGRITY,712c11fe74401414b8c31fbb8610a0ddd1d902e3a094f0c22b42db30ae342af9
PRV-000189,CMP-2026-00375,POLICE_LEDGER,2024-10-22 08:43:57,PII_REDACTED_AND_NORMALIZED,VERIFIED_INTEGRITY,99919ac4a0ab59a2fc488de807da0687bcc8a3f5045f25088b4ea609f71869bd
PRV-000190,CMP-2026-00141,CHECKPOST_SCANNER,2025-11-27 04:24:52,PII_REDACTED_AND_NORMALIZED,VERIFIED_INTEGRITY,8a7559eb24a1e6145b7b1faa475d7e93fdd3da22b9791fc36b42f14258e928b4
PRV-000191,CMP-2026-00320,CITIZEN_PORTAL,2025-07-26 19:22:46,PII_REDACTED_AND_NORMALIZED,VERIFIED_INTEGRITY,dc1a02b3325fa8df5894c58f67a07dadac79b4ea8e73d28da7444056bd5c769d
PRV-000192,CMP-2026-00368,CITIZEN_PORTAL,2024-11-11 06:07:56,PII_REDACTED_AND_NORMALIZED,VERIFIED_INTEGRITY,a8d5c942ebf79ed74286b0590b90d8e552685b1ba7ca7a523a62f6e4a13791b2
PRV-000193,CMP-2026-00612,POLICE_LEDGER,2025-06-17 06:54:01,PII_REDACTED_AND_NORMALIZED,VERIFIED_INTEGRITY,9047bc2ebf09cc328c31e0d6e9b8f40791b9ee4a4755daad31612a29f26e20f1
PRV-000194,CMP-2026-00591,HEALTH_STAT,2026-07-12 23:18:54,PII_REDACTED_AND_NORMALIZED,VERIFIED_INTEGRITY,b9a772950919d10969ea8b06328f7bd34297412172cb420c38d3c2ace1dc9090
PRV-000195,CMP-2026-00824,CITIZEN_PORTAL,2024-09-29 15:40:02,PII_REDACTED_AND_NORMALIZED,VERIFIED_INTEGRITY,ae3679fb74a7513a5506f0fec074506da8fd7a5950a23c3570937c336f62103a
PRV-000196,CMP-2026-00245,CHECKPOST_SCANNER,2025-03-12 02:54:56,PII_REDACTED_AND_NORMALIZED,VERIFIED_INTEGRITY,3ad13e53bb83baa8704273ecfc8febdb73ec27e4f1484c8b717f91e5393d4bc7
PRV-000197,CMP-2026-00721,CHECKPOST_SCANNER,2024-12-17 01:55:43,PII_REDACTED_AND_NORMALIZED,VERIFIED_INTEGRITY,f0f0eab028712186a6e1578f74bc0fbe4832c9f71f8b7b242ae4b3fe33cf64dc
PRV-000198,CMP-2026-00348,CITIZEN_PORTAL,2025-04-17 18:01:56,PII_REDACTED_AND_NORMALIZED,VERIFIED_INTEGRITY,3575ff54254f38d3cc033bacb486e26c11b7f372524c25eb70b876a313854ae0
PRV-000199,CMP-2026-01216,CITIZEN_PORTAL,2026-07-09 19:50:54,PII_REDACTED_AND_NORMALIZED,VERIFIED_INTEGRITY,adb66c8d65a0444f978fb0aefc64ee4a1ed33bf0c4510568d1c1088e2b034a9f
PRV-000200,CMP-2026-01020,HEALTH_STAT,2026-01-28 16:37:40,PII_REDACTED_AND_NORMALIZED,VERIFIED_INTEGRITY,43a9676a37291a9c7c363ebd6f876b483601321f96d5250abe4047a46919e97d
PRV-000201,CMP-2026-00346,CHECKPOST_SCANNER,2025-09-10 19:52:51,PII_REDACTED_AND_NORMALIZED,VERIFIED_INTEGRITY,ccb2ad7a18e6e2c125113a2d8da8a63e3c0587bbe2d5b7b1a3c35e049095df6f
PRV-000202,CMP-2026-01119,POLICE_LEDGER,2026-06-17 14:43:19,PII_REDACTED_AND_NORMALIZED,VERIFIED_INTEGRITY,f05cdf9a09be6e0a31ef6c589c4765cb4ffd56d6f637f4f5a651b72d94a6f7ec
PRV-000203,CMP-2026-01033,CHECKPOST_SCANNER,2026-05-05 07:49:33,PII_REDACTED_AND_NORMALIZED,VERIFIED_INTEGRITY,4173902a773c5439cff1050ae6f04ac9305a78a0502d5ffcc2cfd453bc154bc8
PRV-000204,CMP-2026-00245,HEALTH_STAT,2024-11-29 13:53:41,PII_REDACTED_AND_NORMALIZED,VERIFIED_INTEGRITY,86ce75c81a3434dac01227588f060baa9b16a9ba642a973636c37fa01d6421a4
PRV-000205,CMP-2026-01017,CHECKPOST_SCANNER,2026-08-11 10:41:39,PII_REDACTED_AND_NORMALIZED,VERIFIED_INTEGRITY,d78cf44dac45a14ba08b1334510d05be589b3272ca0f8c2ff591dd68fa43fcf2
PRV-000206,CMP-2026-00967,CITIZEN_PORTAL,2025-06-03 20:28:32,PII_REDACTED_AND_NORMALIZED,VERIFIED_INTEGRITY,2e0dde8ca065bbbec1374ad1e88a706f69bc9529e6ccc0604d93d002af795a22
PRV-000207,CMP-2026-00281,POLICE_LEDGER,2026-03-03 21:36:50,PII_REDACTED_AND_NORMALIZED,VERIFIED_INTEGRITY,7d47418c2cdb5885c1caacebb20286fa366323628b6b0597e6b3cadda7c625cb
PRV-000208,CMP-2026-00848,HEALTH_STAT,2025-04-15 03:42:24,PII_REDACTED_AND_NORMALIZED,VERIFIED_INTEGRITY,117f08949777e7cee83ac4616817c3a546d3d341650a1658f97e0c103a006d79
PRV-000209,CMP-2026-00704,POLICE_LEDGER,2025-08-11 14:11:31,PII_REDACTED_AND_NORMALIZED,VERIFIED_INTEGRITY,f85c1b6154c41e5064610dcb25fe7f7168f10a0e32969f543bf39f582493c7d9
PRV-000210,CMP-2026-00879,POLICE_LEDGER,2024-12-24 19:10:54,PII_REDACTED_AND_NORMALIZED,VERIFIED_INTEGRITY,6d87bbeb9983b167a0c65786d08af26e0a48ccac2aa4e2a53f164abaf4f62fd9
PRV-000211,CMP-2026-00665,CHECKPOST_SCANNER,2024-09-19 19:12:09,PII_REDACTED_AND_NORMALIZED,VERIFIED_INTEGRITY,c3978a3310fb5225214c462ebc800f986a7e235390845e0c5aa0df8c2ca8384a
PRV-000212,CMP-2026-00595,HEALTH_STAT,2025-05-01 17:26:12,PII_REDACTED_AND_NORMALIZED,VERIFIED_INTEGRITY,0d726fcd6b0ad5627f841451011e984278718f9ad8b345da367bd93d8b367ccc
PRV-000213,CMP-2026-00091,POLICE_LEDGER,2026-06-30 16:55:22,PII_REDACTED_AND_NORMALIZED,VERIFIED_INTEGRITY,92cac5799b276d73d3644f4a4202e42c568f31d31cd9fcfc64065f8cc2bbdfb0
PRV-000214,CMP-2026-01020,POLICE_LEDGER,2026-06-11 04:44:56,PII_REDACTED_AND_NORMALIZED,VERIFIED_INTEGRITY,870672200a671ff0d4b525e3cca4ae069638d66d924000e49b0822cf5778534a
PRV-000215,CMP-2026-00195,POLICE_LEDGER,2024-10-23 07:16:21,PII_REDACTED_AND_NORMALIZED,VERIFIED_INTEGRITY,97d9e5f09d3e8116a9afee87469517e08af59e508b13b3d999db98a935f94f8a
PRV-000216,CMP-2026-00711,POLICE_LEDGER,2025-09-20 19:52:26,PII_REDACTED_AND_NORMALIZED,VERIFIED_INTEGRITY,d5839f5092b0b5566d8b67472ec82c57f82b80c6313e7f5cc5c9bf759a21ca83
PRV-000217,CMP-2026-00583,CITIZEN_PORTAL,2026-06-17 07:41:46,PII_REDACTED_AND_NORMALIZED,VERIFIED_INTEGRITY,b94380fcc68b89eb25ed1bea2cdbdfa80397b9dbada451e64b5590c75c66709f
PRV-000218,CMP-2026-00404,CITIZEN_PORTAL,2025-04-29 03:05:24,PII_REDACTED_AND_NORMALIZED,VERIFIED_INTEGRITY,929774b2be3b22c1b45b4c6b976c5c19474a8e0ba77fc913caa83d2eec38bc34
PRV-000219,CMP-2026-00336,CHECKPOST_SCANNER,2026-06-18 01:35:57,PII_REDACTED_AND_NORMALIZED,VERIFIED_INTEGRITY,995d02d4cba30d5ca25177dc7229dd709c5dcd16a780cabd9f31492391704fea
PRV-000220,CMP-2026-00285,CITIZEN_PORTAL,2026-04-03 23:55:12,PII_REDACTED_AND_NORMALIZED,VERIFIED_INTEGRITY,cdce9437fbc76375e8c776e0ac5494062c9aa587c3980c86081c0890b4b4c1ee
PRV-000221,CMP-2026-00848,CHECKPOST_SCANNER,2026-07-24 04:53:00,PII_REDACTED_AND_NORMALIZED,VERIFIED_INTEGRITY,ba3635e2f402e4dba0fd441b0fa56b9e8a1e42b45e29719a60d5bee838e51bd3
PRV-000222,CMP-2026-01173,POLICE_LEDGER,2026-06-02 12:34:08,PII_REDACTED_AND_NORMALIZED,VERIFIED_INTEGRITY,310b5243f444ff1ab3bfaa4a7700aae86e3745c6da84c509e8148acf527f3849
PRV-000223,CMP-2026-00274,CHECKPOST_SCANNER,2025-11-14 06:36:35,PII_REDACTED_AND_NORMALIZED,VERIFIED_INTEGRITY,c8e69ee5b2b2e2c178b07368d6089ba0b9d2245cc7edbff96f6e588404c26d7f
PRV-000224,CMP-2026-00013,CITIZEN_PORTAL,2025-06-26 00:39:04,PII_REDACTED_AND_NORMALIZED,VERIFIED_INTEGRITY,5e1972ad2ebb5f9abed66cb951fa7e69e16000e3b010d482560996f35e4fd365
PRV-000225,CMP-2026-00095,CITIZEN_PORTAL,2025-04-09 02:51:22,PII_REDACTED_AND_NORMALIZED,VERIFIED_INTEGRITY,16c92b6e5279fd6e1257774f6885686dba9d6cff83253da0337d4731a3ccf80a
PRV-000226,CMP-2026-00090,HEALTH_STAT,2025-03-18 23:53:48,PII_REDACTED_AND_NORMALIZED,VERIFIED_INTEGRITY,8d6ef9de3d5b285357125a35385521cb40d51d2128df9c48591aadf27a6b5029
PRV-000227,CMP-2026-00792,HEALTH_STAT,2024-11-04 17:08:20,PII_REDACTED_AND_NORMALIZED,VERIFIED_INTEGRITY,010aac59e5db194ef0098b3cb14c6ab08476fb7f081bb4e5b5faf3b5e029cd43
PRV-000228,CMP-2026-00540,CITIZEN_PORTAL,2026-01-07 05:46:24,PII_REDACTED_AND_NORMALIZED,VERIFIED_INTEGRITY,bd298c15e6817d2c27b729d089cebdc9e1a2355095a61ce8d9a6ed19bbab7598
PRV-000229,CMP-2026-00078,CHECKPOST_SCANNER,2025-06-22 06:47:34,PII_REDACTED_AND_NORMALIZED,VERIFIED_INTEGRITY,113ab3c4f1dc8897fa8490a2c1f5bbd8583c79e3d80a4ec361dbffa67c1ecc37
PRV-000230,CMP-2026-00795,HEALTH_STAT,2026-04-26 11:41:19,PII_REDACTED_AND_NORMALIZED,VERIFIED_INTEGRITY,36264892041a86fb8ecea48b7053d6714ca2890f2af33396553dcf75aa3abde3
PRV-000231,CMP-2026-00048,HEALTH_STAT,2025-05-24 17:02:09,PII_REDACTED_AND_NORMALIZED,VERIFIED_INTEGRITY,1d4e9c790e7eab58a75c3b761567cb371bf99ab4b9b03eefdbe8672f8a30f5f0
PRV-000232,CMP-2026-00531,HEALTH_STAT,2024-12-07 14:05:17,PII_REDACTED_AND_NORMALIZED,VERIFIED_INTEGRITY,5f33e489827eae9a5997584615a45421b9fdde8b548f70aa40cd9bfccdd76739
PRV-000233,CMP-2026-01157,CHECKPOST_SCANNER,2025-06-05 20:41:16,PII_REDACTED_AND_NORMALIZED,VERIFIED_INTEGRITY,fefdcf5f42fb3ed75443c4837e6d9f1666922340e33a3af3e27399433615f1aa
PRV-000234,CMP-2026-00608,CITIZEN_PORTAL,2026-02-08 10:55:59,PII_REDACTED_AND_NORMALIZED,VERIFIED_INTEGRITY,5debf89c5b17ebac9bf286ea8bfe77478c06cf37a8349d90de55acad610a9804
PRV-000235,CMP-2026-00346,HEALTH_STAT,2026-05-18 01:51:47,PII_REDACTED_AND_NORMALIZED,VERIFIED_INTEGRITY,38201b95d1fa8ea42d41c96c8579263404fea6e2f729e435aa8bbedd65bd48b7
PRV-000236,CMP-2026-00799,POLICE_LEDGER,2025-04-21 23:35:05,PII_REDACTED_AND_NORMALIZED,VERIFIED_INTEGRITY,93d8c909b9039777d4a8db660d5eccd05039c8e75b7e149cd982b56cb0b152ec
PRV-000237,CMP-2026-00610,POLICE_LEDGER,2026-07-24 18:10:06,PII_REDACTED_AND_NORMALIZED,VERIFIED_INTEGRITY,246482ae8552b3aec9103917af5c8067bb0f3d01944479dead8a7766ba2854d0
PRV-000238,CMP-2026-00458,CITIZEN_PORTAL,2025-09-29 04:30:27,PII_REDACTED_AND_NORMALIZED,VERIFIED_INTEGRITY,e0ddcb00e4d3ea23abd248179c5ce1c0ff287381b2ab42883ced1ac2153244b5
PRV-000239,CMP-2026-00542,HEALTH_STAT,2026-01-02 08:42:02,PII_REDACTED_AND_NORMALIZED,VERIFIED_INTEGRITY,2333ee9aab8739432c9706f9a000cf9425dcee480db398cb1e1b5d5fe99815f6
PRV-000240,CMP-2026-00523,CITIZEN_PORTAL,2025-11-15 00:10:21,PII_REDACTED_AND_NORMALIZED,VERIFIED_INTEGRITY,3ceb6ddcd5a665be2a2e23ea7bee2241f86b24b498a816fe99fc729bf152d605
PRV-000241,CMP-2026-00554,CITIZEN_PORTAL,2025-08-11 19:37:06,PII_REDACTED_AND_NORMALIZED,VERIFIED_INTEGRITY,be0fc9409e6ec6c00e9bec963c90047e357517f520f699751f84634a87acaf63
PRV-000242,CMP-2026-00667,POLICE_LEDGER,2025-02-17 03:00:37,PII_REDACTED_AND_NORMALIZED,VERIFIED_INTEGRITY,238e925ea157fed1bfeee2b78308b815d32b6d04ecdab9a8d6a028a4ae11cf2a
PRV-000243,CMP-2026-00635,HEALTH_STAT,2024-12-10 13:41:05,PII_REDACTED_AND_NORMALIZED,VERIFIED_INTEGRITY,a486501a9359e436fd95dabdc02bc549355c3ce4569a96dad2e63fd747991e20
PRV-000244,CMP-2026-00177,CHECKPOST_SCANNER,2025-11-13 19:55:40,PII_REDACTED_AND_NORMALIZED,VERIFIED_INTEGRITY,fb8ebd6e661057abcfcdf4d28d2cb0183b92724bd358fe39c804506746f0c48d
PRV-000245,CMP-2026-00179,CITIZEN_PORTAL,2026-03-23 16:36:24,PII_REDACTED_AND_NORMALIZED,VERIFIED_INTEGRITY,6f02afc2d5a8badfbdef10aad9eb16d5dd075c85295e148ace44b90b4dec16b9
PRV-000246,CMP-2026-00384,HEALTH_STAT,2026-01-21 04:56:13,PII_REDACTED_AND_NORMALIZED,VERIFIED_INTEGRITY,e05f683277a0cd85464d4a3698a152745dff72f68f66923a03912f1e886bc5f6
PRV-000247,CMP-2026-00089,CHECKPOST_SCANNER,2025-10-06 00:11:50,PII_REDACTED_AND_NORMALIZED,VERIFIED_INTEGRITY,be3f37c9ad30701c93bc7c73783382a60fc00f74b0788bf05f82a6317cc3d976
PRV-000248,CMP-2026-00717,CITIZEN_PORTAL,2025-01-01 16:44:15,PII_REDACTED_AND_NORMALIZED,VERIFIED_INTEGRITY,7bcf5581cc28f65bf88ab98a54a3d2220e0621c33a604b45625a303f5c628acb
PRV-000249,CMP-2026-01099,POLICE_LEDGER,2025-10-17 03:37:49,PII_REDACTED_AND_NORMALIZED,VERIFIED_INTEGRITY,e5279cb9ab3ea94bdcbf2de56ba701e9a4034d5dfc2896198af3d42c2c67f395
PRV-000250,CMP-2026-00982,HEALTH_STAT,2025-08-07 11:51:35,PII_REDACTED_AND_NORMALIZED,VERIFIED_INTEGRITY,c9c3da5f9356c37b55d897c6771a223ec645d2d448ac0365c1537b8ebe0e7a80
PRV-000251,CMP-2026-00250,CITIZEN_PORTAL,2025-12-19 09:35:14,PII_REDACTED_AND_NORMALIZED,VERIFIED_INTEGRITY,cc37e6d47e086d5c369d4c6760035d6ce11c7db2616e2c7a8e2f9541fe64f05c
PRV-000252,CMP-2026-00900,HEALTH_STAT,2024-11-03 03:59:20,PII_REDACTED_AND_NORMALIZED,VERIFIED_INTEGRITY,1796a26798626c09e4b05975b0e9028381b80eafc1aacd5a3f02eb6ad8622052
PRV-000253,CMP-2026-00746,POLICE_LEDGER,2026-01-21 13:05:19,PII_REDACTED_AND_NORMALIZED,VERIFIED_INTEGRITY,6720d56a6dcaee73b4fec2743a6a3870ce5f8829ccda0cd155ad81a44e02ee77
PRV-000254,CMP-2026-01044,POLICE_LEDGER,2026-05-31 00:50:18,PII_REDACTED_AND_NORMALIZED,VERIFIED_INTEGRITY,1e42d22c602262da5102cc69ea6e91860838dc4bd3cbf570b73bf9a3a2813a27
PRV-000255,CMP-2026-00656,CHECKPOST_SCANNER,2026-03-27 14:56:36,PII_REDACTED_AND_NORMALIZED,VERIFIED_INTEGRITY,261209edcfa495ec29e04093d7286280b43c96010a22337164bd28c6cc60c4b3
PRV-000256,CMP-2026-00105,CHECKPOST_SCANNER,2024-11-01 13:19:23,PII_REDACTED_AND_NORMALIZED,VERIFIED_INTEGRITY,e3b47292125d21c9173171a6805e0ba0e57dd89576913b6894f88fff48a73589
PRV-000257,CMP-2026-00687,CITIZEN_PORTAL,2026-01-06 02:38:42,PII_REDACTED_AND_NORMALIZED,VERIFIED_INTEGRITY,1cb31dc7019134c3e669f4ea65da154973a54a689815cf4a7727fe081444bfb3
PRV-000258,CMP-2026-00929,CHECKPOST_SCANNER,2026-03-10 21:37:46,PII_REDACTED_AND_NORMALIZED,VERIFIED_INTEGRITY,6e70e0c9a1b0c657d0332b3bc64f80d60d63b9b48012a6a72a8330bc6e084505
PRV-000259,CMP-2026-01197,HEALTH_STAT,2026-03-13 01:13:06,PII_REDACTED_AND_NORMALIZED,VERIFIED_INTEGRITY,f3febfb763b2af3ad4569f760b7c43c8fcaf731e0a78070068b677f9641c303b
PRV-000260,CMP-2026-01215,HEALTH_STAT,2026-07-12 11:18:09,PII_REDACTED_AND_NORMALIZED,VERIFIED_INTEGRITY,968a9fd7035642cb0a95114d5646346ffe007ddd8df320643f7184fe3e8a3ef3
PRV-000261,CMP-2026-01049,CHECKPOST_SCANNER,2024-11-19 23:46:51,PII_REDACTED_AND_NORMALIZED,VERIFIED_INTEGRITY,0738ba7108fafb146225a0ea19f43446e6270b76704f766a5087894421387dd7
PRV-000262,CMP-2026-00557,HEALTH_STAT,2025-06-23 08:44:58,PII_REDACTED_AND_NORMALIZED,VERIFIED_INTEGRITY,5c52461b770640dce3998507bb40242d6edf83c488ac059e0f2394b8e1704895
PRV-000263,CMP-2026-00732,CHECKPOST_SCANNER,2024-12-14 18:27:03,PII_REDACTED_AND_NORMALIZED,VERIFIED_INTEGRITY,4da464db4bbc4c550db7ca0e129e16e5222318fb34fe2eaa12fa6fa79cc67071
PRV-000264,CMP-2026-00927,CHECKPOST_SCANNER,2026-05-30 14:54:54,PII_REDACTED_AND_NORMALIZED,VERIFIED_INTEGRITY,d7908ef78b9a64af822618bc80291697f2730305c356597c4df71f2ee4bd828e
PRV-000265,CMP-2026-00975,POLICE_LEDGER,2024-09-24 22:52:53,PII_REDACTED_AND_NORMALIZED,VERIFIED_INTEGRITY,83af217b390181a82b20f99c46556a2f17412ce540f03f587625121cd920e6c4
PRV-000266,CMP-2026-00318,HEALTH_STAT,2026-01-11 21:11:35,PII_REDACTED_AND_NORMALIZED,VERIFIED_INTEGRITY,9061d0d6579273ecd867a158c7c7fda8f26d643e20e3a92f2964825632b4439f
PRV-000267,CMP-2026-00629,POLICE_LEDGER,2025-12-01 18:16:23,PII_REDACTED_AND_NORMALIZED,VERIFIED_INTEGRITY,16beafde93ea6a85d1e424080b714833fe7cba1581194d534286e8cfb52dd5d6
PRV-000268,CMP-2026-00426,CITIZEN_PORTAL,2024-11-28 14:26:47,PII_REDACTED_AND_NORMALIZED,VERIFIED_INTEGRITY,13f78ef4d5821f0597800cf3f577531ed762f4fa2db8b16a1f32c6325d733638
PRV-000269,CMP-2026-01220,HEALTH_STAT,2026-07-16 14:22:59,PII_REDACTED_AND_NORMALIZED,VERIFIED_INTEGRITY,4d1949843ee2b79e7da7585e7e47f76558f899402190b481fd7fdc1ddfa48d51
PRV-000270,CMP-2026-00319,CITIZEN_PORTAL,2026-08-01 17:56:55,PII_REDACTED_AND_NORMALIZED,VERIFIED_INTEGRITY,169a42913dc571770f770565f0cd890f8e74313562f1976e82441ea7fb1a456e
PRV-000271,CMP-2026-00075,POLICE_LEDGER,2026-08-11 21:14:28,PII_REDACTED_AND_NORMALIZED,VERIFIED_INTEGRITY,269a1462817cf1cd28d6a0d66b98219a4026a982393e0ca746b2dd3f5fbb5082
PRV-000272,CMP-2026-00532,POLICE_LEDGER,2025-06-28 07:02:53,PII_REDACTED_AND_NORMALIZED,VERIFIED_INTEGRITY,fb9f5aee7b8553dcec8a1ae984245dc1666a2012ec1580569c18e97321358354
PRV-000273,CMP-2026-00076,POLICE_LEDGER,2025-05-16 21:54:44,PII_REDACTED_AND_NORMALIZED,VERIFIED_INTEGRITY,574b1b7f6eb01ecdf30a06d2fbf9281e1cc86b8cf321787246e0c9f6ff7f82da
PRV-000274,CMP-2026-00559,POLICE_LEDGER,2025-06-12 08:11:41,PII_REDACTED_AND_NORMALIZED,VERIFIED_INTEGRITY,003a879a07fa89759cfb5e0a67cc9c5b165a65479c6b28fad3330cc2b21f8937
PRV-000275,CMP-2026-00006,CHECKPOST_SCANNER,2026-03-15 16:29:24,PII_REDACTED_AND_NORMALIZED,VERIFIED_INTEGRITY,bed4e374430fabb754d7d1f82593263f2acde8854199ae0fef9c912d9cc4bb33
PRV-000276,CMP-2026-00033,POLICE_LEDGER,2026-01-31 21:21:14,PII_REDACTED_AND_NORMALIZED,VERIFIED_INTEGRITY,f852722738bfee3271baedb2f38fc1122e90d7eec2cd709589cbaa0937473cfa
PRV-000277,CMP-2026-01171,CHECKPOST_SCANNER,2025-11-01 13:47:40,PII_REDACTED_AND_NORMALIZED,VERIFIED_INTEGRITY,aa397e51ed6b2fb3f429a9f7b5df4a3858e1f889fd97588ca3863d957d0863d3
PRV-000278,CMP-2026-00964,POLICE_LEDGER,2025-09-13 08:37:57,PII_REDACTED_AND_NORMALIZED,VERIFIED_INTEGRITY,7cc94871c6dbc1535d305cf44d6487590721e5ef20c527a9efaaf5d741405c1b
PRV-000279,CMP-2026-00763,POLICE_LEDGER,2026-06-13 23:58:11,PII_REDACTED_AND_NORMALIZED,VERIFIED_INTEGRITY,f8b063c80b89eda3240fe5b18e69c9f70b8779ea41c8307724fc0c283ee8baae
PRV-000280,CMP-2026-00757,CITIZEN_PORTAL,2025-06-08 20:52:38,PII_REDACTED_AND_NORMALIZED,VERIFIED_INTEGRITY,af6020ecdd7de345bc0a6453a671e61e5ba3c9121abfcd6bf62fedf75f48e938
PRV-000281,CMP-2026-00132,CHECKPOST_SCANNER,2025-10-23 23:28:26,PII_REDACTED_AND_NORMALIZED,VERIFIED_INTEGRITY,eaa2de88ceb014f4175a853b9143d1fde015e142aa7ab40f6e875b28785f56da
PRV-000282,CMP-2026-00239,CITIZEN_PORTAL,2026-08-13 12:28:48,PII_REDACTED_AND_NORMALIZED,VERIFIED_INTEGRITY,0ce656690462e4d329d4ab524d43b3adf7193a348efae8f89dde6a1e77d66b6b
PRV-000283,CMP-2026-00700,HEALTH_STAT,2026-07-26 21:58:33,PII_REDACTED_AND_NORMALIZED,VERIFIED_INTEGRITY,50fb20476705c19ecf88e5727c9642f234356af4127e668f96279c218cd7c6e4
PRV-000284,CMP-2026-00281,CHECKPOST_SCANNER,2025-03-07 10:41:58,PII_REDACTED_AND_NORMALIZED,VERIFIED_INTEGRITY,b532f26a67bdb7c3e6757e0d498ba795787a644cdc14072dc2918c5c2532de9b
PRV-000285,CMP-2026-00397,CITIZEN_PORTAL,2026-06-17 09:34:35,PII_REDACTED_AND_NORMALIZED,VERIFIED_INTEGRITY,3055fa884ba9d29d95bd4d7ddef9c4fe895778eb32ce5838f0989ed60e395c28
PRV-000286,CMP-2026-00779,CHECKPOST_SCANNER,2026-01-02 12:07:15,PII_REDACTED_AND_NORMALIZED,VERIFIED_INTEGRITY,5f45ca935471518234ea5ab7e1801a9b053fa418b68ef4ccceb75375bb1d79e8
PRV-000287,CMP-2026-00217,POLICE_LEDGER,2025-09-09 11:30:49,PII_REDACTED_AND_NORMALIZED,VERIFIED_INTEGRITY,38ee608c0cb041bf939b1e25455d7862c96a9a3b5a02087018e172c0f46af043
PRV-000288,CMP-2026-00761,CHECKPOST_SCANNER,2025-06-17 04:03:11,PII_REDACTED_AND_NORMALIZED,VERIFIED_INTEGRITY,18666cd15733bc7fb1856e21ce4d7ef5d4aed4b37c37b8636ade0499128a45df
PRV-000289,CMP-2026-01223,HEALTH_STAT,2026-04-13 22:03:33,PII_REDACTED_AND_NORMALIZED,VERIFIED_INTEGRITY,5e2f8253629c1e49942da60f253abdaf56dec151d2df44c6d26071ccf338fb2a
PRV-000290,CMP-2026-01035,HEALTH_STAT,2026-05-21 00:12:28,PII_REDACTED_AND_NORMALIZED,VERIFIED_INTEGRITY,206b79ad3923645f21e312087bbd4e4bad4fd2d44c6354e81004d18693964112
PRV-000291,CMP-2026-00658,HEALTH_STAT,2026-07-06 06:31:44,PII_REDACTED_AND_NORMALIZED,VERIFIED_INTEGRITY,ec79c1f870c3ff7b03b1e54e5741c5be56a59789c8debc21c392eac6ee92b02b
PRV-000292,CMP-2026-00108,CITIZEN_PORTAL,2024-12-05 16:41:03,PII_REDACTED_AND_NORMALIZED,VERIFIED_INTEGRITY,70f5b12914cd4e060c28296710a32f89eaf2928809681170cad74fa33d6c5c54
PRV-000293,CMP-2026-00219,CHECKPOST_SCANNER,2025-07-05 03:47:44,PII_REDACTED_AND_NORMALIZED,VERIFIED_INTEGRITY,11fc7725ac7c6743a7e3e41fdae32f327d4a2618adde78eac93adce32f4c3e86
PRV-000294,CMP-2026-00102,CHECKPOST_SCANNER,2025-09-01 23:49:33,PII_REDACTED_AND_NORMALIZED,VERIFIED_INTEGRITY,19bca24901641147ef941ea0e1d5d4cf377ff5c3c0102caf29b3953e489bc836
PRV-000295,CMP-2026-00060,POLICE_LEDGER,2025-05-25 05:31:43,PII_REDACTED_AND_NORMALIZED,VERIFIED_INTEGRITY,18eedbe962ede7996b230dea0c492cdfdbd9fd50a87f9281c5973d0c7967a6b6
PRV-000296,CMP-2026-00822,HEALTH_STAT,2025-08-15 19:42:11,PII_REDACTED_AND_NORMALIZED,VERIFIED_INTEGRITY,4dbd84c1209707c0334541f02cbf73c36fa0bea5250d420a6cdb1df68aad1817
PRV-000297,CMP-2026-00899,CHECKPOST_SCANNER,2026-05-08 14:40:27,PII_REDACTED_AND_NORMALIZED,VERIFIED_INTEGRITY,377f0ea36fabdf8a39692cf408fbe16d25a78ca44f3e994b4df05f8735bbaa9e
PRV-000298,CMP-2026-00644,CITIZEN_PORTAL,2025-02-28 10:46:16,PII_REDACTED_AND_NORMALIZED,VERIFIED_INTEGRITY,217498d1744df8df3dcbf41319a44b4e5c541dfeb73ed996957b8205f53f0ed2
PRV-000299,CMP-2026-01079,CITIZEN_PORTAL,2025-06-13 00:35:35,PII_REDACTED_AND_NORMALIZED,VERIFIED_INTEGRITY,261e11acc48e070a1d7eb046e61d7348197bf496aee77c4bc59b897ac5bbc7cd
PRV-000300,CMP-2026-01195,CHECKPOST_SCANNER,2025-05-14 04:10:32,PII_REDACTED_AND_NORMALIZED,VERIFIED_INTEGRITY,e4bd7b46ddf03ab0845cecbb852da742b24ceb5e024906027a7b1b66b4e6eb5d
PRV-000301,CMP-2026-00101,CITIZEN_PORTAL,2026-07-19 01:25:12,PII_REDACTED_AND_NORMALIZED,VERIFIED_INTEGRITY,ef8bec2f94023c186fb024d3664b38ed450bf1752d277da7fe2cfaa1852b2384
PRV-000302,CMP-2026-00979,HEALTH_STAT,2026-03-27 06:05:04,PII_REDACTED_AND_NORMALIZED,VERIFIED_INTEGRITY,d60f0bc47dd0d9e1c7fdb0e4fd75fe34589756ed547fae7a3b094a4ea4ace2ed
PRV-000303,CMP-2026-00947,HEALTH_STAT,2025-01-22 08:31:05,PII_REDACTED_AND_NORMALIZED,VERIFIED_INTEGRITY,52d9713fbed56b5d62b0c0ee8efc5694933ad7c9b3f651c0de1e6537a07fb2b8
PRV-000304,CMP-2026-00446,CHECKPOST_SCANNER,2025-12-16 15:39:24,PII_REDACTED_AND_NORMALIZED,VERIFIED_INTEGRITY,55553d81e18fcd67c204d933050b027d73c7669027198e111d245a65020d05da
PRV-000305,CMP-2026-00615,CITIZEN_PORTAL,2026-08-15 11:29:21,PII_REDACTED_AND_NORMALIZED,VERIFIED_INTEGRITY,6a523b273ebe51ca3e64e0082e8d175866b0421d74b215f8928ba060ff37b58d
PRV-000306,CMP-2026-00537,HEALTH_STAT,2026-07-17 16:22:32,PII_REDACTED_AND_NORMALIZED,VERIFIED_INTEGRITY,cb6048ab21e5355c7f7dac11f22b59ab40ed594f33d9aaf641a7fca9c64d4ad2
PRV-000307,CMP-2026-00271,POLICE_LEDGER,2026-05-22 12:55:26,PII_REDACTED_AND_NORMALIZED,VERIFIED_INTEGRITY,1b03f4b6bbd7dacb60294946c8fc44c873bcb313bb82fbb7e714a1498af755b7
PRV-000308,CMP-2026-00906,CHECKPOST_SCANNER,2025-05-01 08:04:02,PII_REDACTED_AND_NORMALIZED,VERIFIED_INTEGRITY,94af618d2cf27e964d746d5974633663dec5729667b95941081736bfcaa65644
PRV-000309,CMP-2026-01125,CITIZEN_PORTAL,2025-07-26 07:34:51,PII_REDACTED_AND_NORMALIZED,VERIFIED_INTEGRITY,9f374b902395e1a5f6bdfaface5b07d75179db94e866bc0d45679f4b46603453
PRV-000310,CMP-2026-00632,CITIZEN_PORTAL,2024-10-12 12:42:19,PII_REDACTED_AND_NORMALIZED,VERIFIED_INTEGRITY,81efdb26ed77f662ad6a6ed1f801f4768fe946f2adde4aec8ee11858c5b256a5
PRV-000311,CMP-2026-00352,CHECKPOST_SCANNER,2025-03-13 04:49:10,PII_REDACTED_AND_NORMALIZED,VERIFIED_INTEGRITY,decffb29389569d56dd0de9da32ad1c9cb133a9d56342d8f39eb4f22cc502dce
PRV-000312,CMP-2026-00561,CHECKPOST_SCANNER,2026-02-21 01:10:12,PII_REDACTED_AND_NORMALIZED,VERIFIED_INTEGRITY,8900123853f80282e2e4a0c439cc8fd84af138cee0a32dfb0fb3c4575812e41a
PRV-000313,CMP-2026-00882,CHECKPOST_SCANNER,2024-10-24 15:06:00,PII_REDACTED_AND_NORMALIZED,VERIFIED_INTEGRITY,a2a252414952667001da1f27bbe75028a356afffcd1faf5fcc9e7f054b0e2f3c
PRV-000314,CMP-2026-00921,POLICE_LEDGER,2026-04-18 03:44:29,PII_REDACTED_AND_NORMALIZED,VERIFIED_INTEGRITY,a5c3183fd56776e3d8f6a6f978d110ff116dbda46027064854498e64a93d7e96
PRV-000315,CMP-2026-00949,CHECKPOST_SCANNER,2024-11-26 15:23:20,PII_REDACTED_AND_NORMALIZED,VERIFIED_INTEGRITY,bf0709f10579b11ef9726b764f7bd61e1e9063ecbfd8a1694391b908d0660c28
PRV-000316,CMP-2026-00695,HEALTH_STAT,2024-11-29 18:51:40,PII_REDACTED_AND_NORMALIZED,VERIFIED_INTEGRITY,1cc40e62bbcce34ac3a1e6b6f40958bad58c13a0e8a140c219e108cf80c47511
PRV-000317,CMP-2026-00779,HEALTH_STAT,2025-09-30 10:00:33,PII_REDACTED_AND_NORMALIZED,VERIFIED_INTEGRITY,2b32102e8f78a659dbfd166f7d265618c5609e2f86a37b07da7eee1791c63524
PRV-000318,CMP-2026-00238,POLICE_LEDGER,2026-01-22 02:49:24,PII_REDACTED_AND_NORMALIZED,VERIFIED_INTEGRITY,e7dc8d7d5d84436b96062bdc682221e289b2043b4e338cd6f69fafd2266f15db
PRV-000319,CMP-2026-00808,CITIZEN_PORTAL,2026-02-27 23:20:55,PII_REDACTED_AND_NORMALIZED,VERIFIED_INTEGRITY,55f49d099c32723713b96676a4413dd08a113ef5c9a2d0c21f2fe2c1df8afd0d
PRV-000320,CMP-2026-01231,CHECKPOST_SCANNER,2024-12-23 14:23:25,PII_REDACTED_AND_NORMALIZED,VERIFIED_INTEGRITY,5c1159131d29eee57226e15e6c097e9761fd12f2fe842d562401d7652ba8687a
PRV-000321,CMP-2026-01148,HEALTH_STAT,2025-08-10 15:08:05,PII_REDACTED_AND_NORMALIZED,VERIFIED_INTEGRITY,2af786a1ec06a36a07c692c7d8af7b844a479d55c6a4c490d644ff58b2c4d663
PRV-000322,CMP-2026-00961,CHECKPOST_SCANNER,2025-11-17 01:28:26,PII_REDACTED_AND_NORMALIZED,VERIFIED_INTEGRITY,f60d0ab1290201b6069878c9cf37bef82d2c4656d94c31da85aa9ddb00a6a27c
PRV-000323,CMP-2026-00699,CITIZEN_PORTAL,2025-01-05 07:09:08,PII_REDACTED_AND_NORMALIZED,VERIFIED_INTEGRITY,5e8f19af0cb5139f074c892ee07f04e9460f69773235dcfb342b3b41081d2342
PRV-000324,CMP-2026-00742,CITIZEN_PORTAL,2025-01-13 06:24:20,PII_REDACTED_AND_NORMALIZED,VERIFIED_INTEGRITY,9fd2cb43eecd74b778057354cec91a204d351b5d7700505b9359f67df9fafd03
PRV-000325,CMP-2026-01243,HEALTH_STAT,2026-04-14 16:59:03,PII_REDACTED_AND_NORMALIZED,VERIFIED_INTEGRITY,15dd4aa906d653db3438f3d1b582b9a8081c878c707414a44698445e9351bd68
PRV-000326,CMP-2026-00237,POLICE_LEDGER,2025-01-18 01:22:42,PII_REDACTED_AND_NORMALIZED,VERIFIED_INTEGRITY,9c792572af47d4df30d90a48d46f776721ef2922c235c975f5fcc6e19ce3b834
PRV-000327,CMP-2026-01157,CITIZEN_PORTAL,2025-02-16 13:07:24,PII_REDACTED_AND_NORMALIZED,VERIFIED_INTEGRITY,bae82ea6397b58b7beb67fee9bb0b0126a6ffa06ee4eb31a6ea8a42bbbedf00d
PRV-000328,CMP-2026-00929,CITIZEN_PORTAL,2025-09-13 23:17:15,PII_REDACTED_AND_NORMALIZED,VERIFIED_INTEGRITY,33d79d32c20e40048ac727f22ce8c16420dd981520fecdaf307c10b9a6d4609d
PRV-000329,CMP-2026-00518,HEALTH_STAT,2024-11-01 16:56:22,PII_REDACTED_AND_NORMALIZED,VERIFIED_INTEGRITY,adff304cdc68f0ec6de6f032d7ce2f354afbb05fe890c0a389ea5e1d17c3a92c
PRV-000330,CMP-2026-01051,CITIZEN_PORTAL,2026-07-10 08:14:25,PII_REDACTED_AND_NORMALIZED,VERIFIED_INTEGRITY,7a6d5f063ef1cd216aff15a4995a17a3f721325634cbf5f2021b7e4b7fa00110
PRV-000331,CMP-2026-00946,HEALTH_STAT,2024-10-31 04:30:36,PII_REDACTED_AND_NORMALIZED,VERIFIED_INTEGRITY,7e9fdd63d7e613242d11360597b71ec23bc9e2724dfc184a863dc7a6f9de0005
PRV-000332,CMP-2026-00262,CITIZEN_PORTAL,2025-02-07 07:58:58,PII_REDACTED_AND_NORMALIZED,VERIFIED_INTEGRITY,49435f557bfa0a62d21e0aefdeb0c4cf03e0ab13699599a8b721e7851ab48c5a
PRV-000333,CMP-2026-01068,POLICE_LEDGER,2026-03-05 23:15:03,PII_REDACTED_AND_NORMALIZED,VERIFIED_INTEGRITY,41e7537ddba29d07e0bf67bc86b7ad84968272a192274c742c7eb71fc9489560
PRV-000334,CMP-2026-00671,HEALTH_STAT,2026-01-04 17:04:50,PII_REDACTED_AND_NORMALIZED,VERIFIED_INTEGRITY,a3e2e94915faead28b0987499427fa250117b24e75bffb90a39390377f3dc0cd
PRV-000335,CMP-2026-00036,POLICE_LEDGER,2026-05-01 23:12:17,PII_REDACTED_AND_NORMALIZED,VERIFIED_INTEGRITY,874f48a34d27ac695e6c7c444e95a3c14d457f81d0991d23a249cb590a01ade5
PRV-000336,CMP-2026-01211,POLICE_LEDGER,2024-10-14 14:46:15,PII_REDACTED_AND_NORMALIZED,VERIFIED_INTEGRITY,1f6ce01ca0152bbc6ac5ee6ebf823cccfcc6236a44f38cd36351a93bb76221a9
PRV-000337,CMP-2026-01043,HEALTH_STAT,2025-11-21 01:55:33,PII_REDACTED_AND_NORMALIZED,VERIFIED_INTEGRITY,327fd5c3543aeab0afbab845f8c61e74fe05ae6b723554c84f46e279eef3c399
PRV-000338,CMP-2026-00999,HEALTH_STAT,2025-08-31 20:40:39,PII_REDACTED_AND_NORMALIZED,VERIFIED_INTEGRITY,e6a6dbb23ac53325c7182127fdf418bab12d08f70af884bdfc3b9f3cc82ab5ed
PRV-000339,CMP-2026-00930,POLICE_LEDGER,2026-01-01 05:16:40,PII_REDACTED_AND_NORMALIZED,VERIFIED_INTEGRITY,4d5db775d90ea4b7e72cdb269777ed9b588af8276a565cbe1b6e1b54db173f2e
PRV-000340,CMP-2026-00963,CITIZEN_PORTAL,2026-03-29 13:07:09,PII_REDACTED_AND_NORMALIZED,VERIFIED_INTEGRITY,68aafe0e20109ce7fbcee2f00a98d4688a1f7285b10cfb138be7979bec34ace6
PRV-000341,CMP-2026-00647,CHECKPOST_SCANNER,2024-12-05 04:06:29,PII_REDACTED_AND_NORMALIZED,VERIFIED_INTEGRITY,173612d862918156078ce14b8089c999d675208edc424f9858b84e8ec1c48288
PRV-000342,CMP-2026-00082,CHECKPOST_SCANNER,2025-04-26 00:53:24,PII_REDACTED_AND_NORMALIZED,VERIFIED_INTEGRITY,982ac01afbf099fd2091659c9d34e8ba4f3ec0cb303e7f8560349196a6d0bb94
PRV-000343,CMP-2026-01092,HEALTH_STAT,2026-01-09 02:10:08,PII_REDACTED_AND_NORMALIZED,VERIFIED_INTEGRITY,7bad9371c5ca3a383b9ac090770a8eb61623d35b71dec18010a70eb2e6a2b655
PRV-000344,CMP-2026-01231,HEALTH_STAT,2025-06-29 01:32:14,PII_REDACTED_AND_NORMALIZED,VERIFIED_INTEGRITY,9e6608a672f39439c33b284c02ff8b81b325af22a16dade001af9fa63ee48a44
PRV-000345,CMP-2026-00350,CHECKPOST_SCANNER,2025-06-18 11:41:08,PII_REDACTED_AND_NORMALIZED,VERIFIED_INTEGRITY,7cab84213d7e8769e9653b32c478798698a5e748029acb738b89d573a4f242b2
PRV-000346,CMP-2026-00996,CITIZEN_PORTAL,2025-05-19 12:59:10,PII_REDACTED_AND_NORMALIZED,VERIFIED_INTEGRITY,b263f7b7dabf3336cef86ee55c1c0ed7616877a074ae429f0b288ad2bcc277be
PRV-000347,CMP-2026-00168,POLICE_LEDGER,2025-11-02 06:37:05,PII_REDACTED_AND_NORMALIZED,VERIFIED_INTEGRITY,7e5110642c06d305135a4147be47fb8c96b917b3a2dd4b2b23e6775ce676fc25
PRV-000348,CMP-2026-00443,CHECKPOST_SCANNER,2025-08-09 12:05:10,PII_REDACTED_AND_NORMALIZED,VERIFIED_INTEGRITY,e936171a5a7fd79337bda39fa3a62aba67455bfcd859bf973b7cf7e86fabc91d
PRV-000349,CMP-2026-00293,HEALTH_STAT,2025-02-15 21:11:15,PII_REDACTED_AND_NORMALIZED,VERIFIED_INTEGRITY,15a2c3c1b44494bf32b36c6e6de6222533e7dbb47db8457a807daa156e8c32f5
PRV-000350,CMP-2026-00129,CHECKPOST_SCANNER,2026-06-07 08:14:28,PII_REDACTED_AND_NORMALIZED,VERIFIED_INTEGRITY,5b7c0d5b046fb87c55f64bd55df574ef59db5969cff1cd8d70a21c11737aa4dc
PRV-000351,CMP-2026-00284,CHECKPOST_SCANNER,2026-03-20 03:55:25,PII_REDACTED_AND_NORMALIZED,VERIFIED_INTEGRITY,1b2024f76b4615a4f7055ad066021ac9985b075cd6cfed0ef554e652b8ea4888
PRV-000352,CMP-2026-00110,CITIZEN_PORTAL,2026-02-04 17:54:38,PII_REDACTED_AND_NORMALIZED,VERIFIED_INTEGRITY,e4a6e6b95c8ab4f3b28d0e6dbda4d7406da139e4be430810cef3e379991f6a4e
PRV-000353,CMP-2026-00108,CITIZEN_PORTAL,2024-09-29 15:59:23,PII_REDACTED_AND_NORMALIZED,VERIFIED_INTEGRITY,b3b2924ab951071d14c716495de812bc11ce9f442f04442fa7445704959f71cd
PRV-000354,CMP-2026-00507,POLICE_LEDGER,2026-02-23 22:39:33,PII_REDACTED_AND_NORMALIZED,VERIFIED_INTEGRITY,fd4d25d8e8a2189a6dd6b48e91b564f051fef21c5dd605134f35db5a9dd7cef9
PRV-000355,CMP-2026-00598,CITIZEN_PORTAL,2025-11-03 21:33:08,PII_REDACTED_AND_NORMALIZED,VERIFIED_INTEGRITY,cf96865d3613517e99a39b3911fe1046cbf8efabc5c3aed45d5d6b7c102b579c
PRV-000356,CMP-2026-00687,CHECKPOST_SCANNER,2025-04-03 11:58:49,PII_REDACTED_AND_NORMALIZED,VERIFIED_INTEGRITY,a098c67f23eba8a727721ba6ae6ed2ed8c57fc057a83eafd4103856ac5fcf69c
PRV-000357,CMP-2026-00748,POLICE_LEDGER,2025-11-16 04:32:40,PII_REDACTED_AND_NORMALIZED,VERIFIED_INTEGRITY,cac8b4e9eae246b6fb1a35fe7c361ca592fa87b5b706355f82c609e1e90c031b
PRV-000358,CMP-2026-00108,HEALTH_STAT,2025-08-05 17:15:02,PII_REDACTED_AND_NORMALIZED,VERIFIED_INTEGRITY,3de9ae0daf21c8f930edd8b6ca3a51abce6fa3608ad3fcf5d1d08e9433e58133
PRV-000359,CMP-2026-00397,CHECKPOST_SCANNER,2025-04-27 20:13:31,PII_REDACTED_AND_NORMALIZED,VERIFIED_INTEGRITY,9498cb8db4149aebb4f5dfa95113127ad96d74505bf6502978bd58158ebe08b0
PRV-000360,CMP-2026-00901,HEALTH_STAT,2024-10-21 12:39:18,PII_REDACTED_AND_NORMALIZED,VERIFIED_INTEGRITY,99690bb8365dfb8b141ff79dcd5fc6d73c57b0d2c69ddaf942c2a8e2a6df0c0c
PRV-000361,CMP-2026-00095,HEALTH_STAT,2025-05-21 09:52:51,PII_REDACTED_AND_NORMALIZED,VERIFIED_INTEGRITY,d865eb12e0dfa1411906b590c1fa1dc890a5a089c30ce69d0be6e6bb408323e7
PRV-000362,CMP-2026-00902,CITIZEN_PORTAL,2025-05-03 23:05:58,PII_REDACTED_AND_NORMALIZED,VERIFIED_INTEGRITY,8a326784bba63cc21b610d2c39c4da485aea4e38e8ba8822a95c28a16c68e022
PRV-000363,CMP-2026-00188,CITIZEN_PORTAL,2026-04-13 21:53:50,PII_REDACTED_AND_NORMALIZED,VERIFIED_INTEGRITY,3e2ce5d94476203b91fdeb3dab68310a3564b4bb18f41af6402eae585ca034c8
PRV-000364,CMP-2026-00891,CHECKPOST_SCANNER,2025-04-06 15:50:51,PII_REDACTED_AND_NORMALIZED,VERIFIED_INTEGRITY,ed405846d78000e0e1ab4b2bae9e2f63e4d7793ffd5eff2609796443fe9b4429
PRV-000365,CMP-2026-00774,CITIZEN_PORTAL,2025-06-29 05:35:41,PII_REDACTED_AND_NORMALIZED,VERIFIED_INTEGRITY,be49a699e2efaa79309c3cf2ffc88e2f418564d8a119286e5a42f63906d82eda
PRV-000366,CMP-2026-01119,POLICE_LEDGER,2026-06-04 00:12:09,PII_REDACTED_AND_NORMALIZED,VERIFIED_INTEGRITY,7eedf43598fff874b734059f9624bd3d83d1650a2b813f2315e536dbef94f205
PRV-000367,CMP-2026-00763,CITIZEN_PORTAL,2026-03-08 17:49:52,PII_REDACTED_AND_NORMALIZED,VERIFIED_INTEGRITY,9b0e71e67fb8d3ec6bbcef0a553b22e8186c1eac7e1649f7762bcacca2d5c8c6
PRV-000368,CMP-2026-00613,CHECKPOST_SCANNER,2024-10-15 06:53:49,PII_REDACTED_AND_NORMALIZED,VERIFIED_INTEGRITY,0954f0d970c517e6150b07d7ac972c8bdfdd6895e4c8036f6de34f45e7acbb0d
PRV-000369,CMP-2026-00421,CITIZEN_PORTAL,2025-08-11 21:18:19,PII_REDACTED_AND_NORMALIZED,VERIFIED_INTEGRITY,d09fa1608565366c1e33836bce08454da19544534ca1ab0ed0b3e092ca02b297
PRV-000370,CMP-2026-01055,HEALTH_STAT,2025-10-14 04:53:26,PII_REDACTED_AND_NORMALIZED,VERIFIED_INTEGRITY,186f3bd3911e0bb03028738262ab0e300fef07bae0865d6753aa57cd89aa5821
PRV-000371,CMP-2026-00033,CITIZEN_PORTAL,2026-06-29 20:47:03,PII_REDACTED_AND_NORMALIZED,VERIFIED_INTEGRITY,16ab713b32696faed652ac52c39fee135c959025f0b8ebaab8fb7f793cee8707
PRV-000372,CMP-2026-00254,HEALTH_STAT,2025-03-17 21:34:51,PII_REDACTED_AND_NORMALIZED,VERIFIED_INTEGRITY,bdb446f6c7b7b0c9e1f56909283089e8bb38cd5d4d7d3e247d62e8ac54dea954
PRV-000373,CMP-2026-00495,POLICE_LEDGER,2024-11-01 06:55:43,PII_REDACTED_AND_NORMALIZED,VERIFIED_INTEGRITY,79ea8c1861a5f55b8fe1fb379755c9016270d608646320a839a30b8a52151617
PRV-000374,CMP-2026-00076,CITIZEN_PORTAL,2025-09-22 04:50:31,PII_REDACTED_AND_NORMALIZED,VERIFIED_INTEGRITY,98ebcb25484790dc1e3eaa89e319be567f8c9374e26e99e02855fbe5dafd49df
PRV-000375,CMP-2026-00452,CITIZEN_PORTAL,2025-05-08 07:50:45,PII_REDACTED_AND_NORMALIZED,VERIFIED_INTEGRITY,f4d592b840e632a3a4abd4ba90cdfb16b22e6daefe590231f683f95e22407c61
PRV-000376,CMP-2026-00663,CHECKPOST_SCANNER,2025-04-09 02:02:09,PII_REDACTED_AND_NORMALIZED,VERIFIED_INTEGRITY,67db1f0bd348407aeeb3fa9d71f16c35802564ccf7b5a942bb8510d45ebfb6fb
PRV-000377,CMP-2026-01082,CITIZEN_PORTAL,2025-02-26 01:30:30,PII_REDACTED_AND_NORMALIZED,VERIFIED_INTEGRITY,bd715a35420a339af8aefa238481c84d3036d169295a3bce223925689cec23d3
PRV-000378,CMP-2026-01162,CITIZEN_PORTAL,2026-07-13 10:41:23,PII_REDACTED_AND_NORMALIZED,VERIFIED_INTEGRITY,fdc063a4e1dbf0d64e5ccd0ca9bc72f441029b2674daf637f5a57a797296caa8
PRV-000379,CMP-2026-00080,POLICE_LEDGER,2025-06-23 01:38:41,PII_REDACTED_AND_NORMALIZED,VERIFIED_INTEGRITY,daf0ec923dfefbed9486186db7ac0a7df41dfc9f6891cd1e7031b974984534ff
PRV-000380,CMP-2026-01044,CHECKPOST_SCANNER,2025-10-26 16:10:39,PII_REDACTED_AND_NORMALIZED,VERIFIED_INTEGRITY,0a1c34a58fe845f2d3740d0bf9bf3674a70c9a2eff0c7b7f83b5b8c5a5910c3b
PRV-000381,CMP-2026-00696,CHECKPOST_SCANNER,2025-03-20 01:51:17,PII_REDACTED_AND_NORMALIZED,VERIFIED_INTEGRITY,7a95bbb6496b062533766451efd9e8bc1dc77d9a0822305342b33dc581792087
PRV-000382,CMP-2026-00024,POLICE_LEDGER,2026-06-09 02:19:20,PII_REDACTED_AND_NORMALIZED,VERIFIED_INTEGRITY,93cb4aad8cd1c582737d33d774291f6ff8d80c9cfda4b2a8739bc75c4b3c48bb
PRV-000383,CMP-2026-00826,CHECKPOST_SCANNER,2024-10-20 14:09:04,PII_REDACTED_AND_NORMALIZED,VERIFIED_INTEGRITY,c34c33d62056cf9526d4c6fd9906ef7e33acc9d1332534672078c0813b3f9d03
PRV-000384,CMP-2026-00070,POLICE_LEDGER,2026-01-09 02:43:06,PII_REDACTED_AND_NORMALIZED,VERIFIED_INTEGRITY,2a359a8192d7560250b53acab11c6f5034ad53e26fa935ab8ef8e205ca995ed4
PRV-000385,CMP-2026-00025,POLICE_LEDGER,2025-03-02 14:40:59,PII_REDACTED_AND_NORMALIZED,VERIFIED_INTEGRITY,180cf0301828e318a23e449087fc6fa072202a85414fc9251f3a60defaf90a63
PRV-000386,CMP-2026-00427,CITIZEN_PORTAL,2025-02-07 09:16:49,PII_REDACTED_AND_NORMALIZED,VERIFIED_INTEGRITY,1c1ab655394b01cd583a1d2097d82a2dfe256a79c2f8b4a875ab1eb686da5b4c
PRV-000387,CMP-2026-00932,POLICE_LEDGER,2024-09-25 05:48:47,PII_REDACTED_AND_NORMALIZED,VERIFIED_INTEGRITY,7769bba0ff77dd7957bfcfb241567660c2dfd19bb041d49e375db49b6fbb0cca
PRV-000388,CMP-2026-00561,POLICE_LEDGER,2025-02-23 11:08:21,PII_REDACTED_AND_NORMALIZED,VERIFIED_INTEGRITY,b754f6648278b1157f6d5eaa11bd226169ce610af87c4126aacff0d0da26e9ee
PRV-000389,CMP-2026-00687,CHECKPOST_SCANNER,2024-10-26 06:04:06,PII_REDACTED_AND_NORMALIZED,VERIFIED_INTEGRITY,d5c8d9475e297febb25cca672a8be6ca5c831ebf1d1a9995ba953d3e83825838
PRV-000390,CMP-2026-00170,POLICE_LEDGER,2025-05-17 20:25:13,PII_REDACTED_AND_NORMALIZED,VERIFIED_INTEGRITY,7a5ad76ffccfe70caf86b2ce37b6be607f464c5867a6688cafa52d46955da8b5
PRV-000391,CMP-2026-00191,CITIZEN_PORTAL,2025-01-12 03:35:42,PII_REDACTED_AND_NORMALIZED,VERIFIED_INTEGRITY,3b06c54244bbfc47e79638b248d218180c29f3fe5b2e1538302742ddda371078
PRV-000392,CMP-2026-00473,POLICE_LEDGER,2025-11-17 18:01:05,PII_REDACTED_AND_NORMALIZED,VERIFIED_INTEGRITY,e6be35cf49e6cd9147602c8f04b080064c25146a8848cc864383f935cfb24887
PRV-000393,CMP-2026-00329,CHECKPOST_SCANNER,2024-12-21 23:32:33,PII_REDACTED_AND_NORMALIZED,VERIFIED_INTEGRITY,2b8de6894c5b545a7e6514fbe4c6fc9fcdb6c1d7d5563874ec72bbc2f8436698
PRV-000394,CMP-2026-00204,CHECKPOST_SCANNER,2025-11-29 17:36:07,PII_REDACTED_AND_NORMALIZED,VERIFIED_INTEGRITY,a3e7e98e637edb1c1134c14b05497cbd79a13f61d50d6d9d57811a672a03bd96
PRV-000395,CMP-2026-00273,CHECKPOST_SCANNER,2026-07-28 09:57:47,PII_REDACTED_AND_NORMALIZED,VERIFIED_INTEGRITY,0deb4460666094d35974c74cad57d6e5087dcea167f2316a716dd178ffe74ed3
PRV-000396,CMP-2026-00222,CITIZEN_PORTAL,2025-08-20 01:13:12,PII_REDACTED_AND_NORMALIZED,VERIFIED_INTEGRITY,e9830a8402ed0f2f35a3001f44267a11f7733fceeddfd0e1ddc28534c197ff46
PRV-000397,CMP-2026-00122,HEALTH_STAT,2026-05-14 18:27:07,PII_REDACTED_AND_NORMALIZED,VERIFIED_INTEGRITY,44005505362729cda0594196ecc50ee87257a712bb6ec6adf0dbc62e194b2ed9
PRV-000398,CMP-2026-00083,CITIZEN_PORTAL,2025-09-08 20:29:24,PII_REDACTED_AND_NORMALIZED,VERIFIED_INTEGRITY,b0de981a1b923502b2324035b9ca2a02f85ba31e9b0cca9f9ce0c842b6e34edd
PRV-000399,CMP-2026-01208,HEALTH_STAT,2025-04-13 10:39:43,PII_REDACTED_AND_NORMALIZED,VERIFIED_INTEGRITY,a34dc66f750f6130a7e6e9f4c05fe20afaa97cbd9d41f06650761dfbbad6af29
PRV-000400,CMP-2026-00537,HEALTH_STAT,2024-12-02 04:21:53,PII_REDACTED_AND_NORMALIZED,VERIFIED_INTEGRITY,70166be07a6e2f505320cc8e8cb8b8c38abe3e32a3b806d9c7b10fa33851e8c6
PRV-000401,CMP-2026-00453,HEALTH_STAT,2025-05-18 18:20:51,PII_REDACTED_AND_NORMALIZED,VERIFIED_INTEGRITY,8c08ceeaaa6a311a00d20da8dc5cd85a1842fd406fcf57980feff8f7c7b2b742
PRV-000402,CMP-2026-00644,POLICE_LEDGER,2026-07-04 15:49:49,PII_REDACTED_AND_NORMALIZED,VERIFIED_INTEGRITY,76706433d0f28588682985354fa9eb941dd1f6bf8c219567f3bb4c96c0d642ba
PRV-000403,CMP-2026-00928,HEALTH_STAT,2025-09-08 20:17:38,PII_REDACTED_AND_NORMALIZED,VERIFIED_INTEGRITY,f1c827b3422955f6d1a841d932ff4f17f06bd8ad042cf4a19944c959a6abe468
PRV-000404,CMP-2026-01059,CHECKPOST_SCANNER,2024-11-13 04:37:08,PII_REDACTED_AND_NORMALIZED,VERIFIED_INTEGRITY,ff77d43cbf26ee3d0b672c5c7662f7c69811c68e5bab8d1665d8aa623732b520
PRV-000405,CMP-2026-00429,HEALTH_STAT,2025-09-21 07:16:27,PII_REDACTED_AND_NORMALIZED,VERIFIED_INTEGRITY,48044d3a85e93cdf07500ef6599382a7775feb413b524aa96f972c3235c27533
PRV-000406,CMP-2026-00253,CHECKPOST_SCANNER,2025-07-16 22:44:26,PII_REDACTED_AND_NORMALIZED,VERIFIED_INTEGRITY,eba091f3474ddf46a0e4c98a42e3200058a511b8b6cefe78070b0781ef38b9ec
PRV-000407,CMP-2026-00355,HEALTH_STAT,2026-06-22 07:43:38,PII_REDACTED_AND_NORMALIZED,VERIFIED_INTEGRITY,e2f4c4fa86ebe64bec47f4891a379dd18359b74a1244b6175abcd098b30b35ee
PRV-000408,CMP-2026-00099,POLICE_LEDGER,2024-11-20 10:58:33,PII_REDACTED_AND_NORMALIZED,VERIFIED_INTEGRITY,c8edc2c8e81644b013c38dc31d2a05d3f4a17c6ed27a138fef4a401bd8fb58cc
PRV-000409,CMP-2026-01125,HEALTH_STAT,2025-06-12 00:13:57,PII_REDACTED_AND_NORMALIZED,VERIFIED_INTEGRITY,37f620aef30f521e6df65cd172c16de9d05badcc19f3a46dda8255711710796c
PRV-000410,CMP-2026-00217,POLICE_LEDGER,2025-10-14 10:53:54,PII_REDACTED_AND_NORMALIZED,VERIFIED_INTEGRITY,109af024cf6c2163de2ca15b656311782170209496a18902216c9631ab9746a0
PRV-000411,CMP-2026-00605,HEALTH_STAT,2025-08-05 19:27:41,PII_REDACTED_AND_NORMALIZED,VERIFIED_INTEGRITY,82a5070b31154458b08c9fd8eaeee8f53f43d82d72704e4a70b902fab21112e2
PRV-000412,CMP-2026-00889,HEALTH_STAT,2026-04-04 09:58:54,PII_REDACTED_AND_NORMALIZED,VERIFIED_INTEGRITY,565bcfe3ce0d1c0b5eed94ed3d05dee6cfbfa4e3c6369092452023aff8282520
PRV-000413,CMP-2026-01013,CHECKPOST_SCANNER,2025-06-15 12:58:47,PII_REDACTED_AND_NORMALIZED,VERIFIED_INTEGRITY,293dad9d13aad58453fbedbf458b4447c68cba39c8202f9edc25cbbbd768073d
PRV-000414,CMP-2026-01036,HEALTH_STAT,2025-02-28 00:28:01,PII_REDACTED_AND_NORMALIZED,VERIFIED_INTEGRITY,6c795724511d7ca6da63051874e9cf5a425eef44f657821e1176f7ca94f20103
PRV-000415,CMP-2026-01214,CHECKPOST_SCANNER,2026-05-05 10:55:47,PII_REDACTED_AND_NORMALIZED,VERIFIED_INTEGRITY,cfc33cde14d306bfce1f61045f706e7b09618412ac2ca331d1e5cc7ed34b8d43
PRV-000416,CMP-2026-01243,POLICE_LEDGER,2026-04-30 04:32:00,PII_REDACTED_AND_NORMALIZED,VERIFIED_INTEGRITY,b9bd8603332cf9896d12a08189a5fe66772e9f480dc18da3bcc36c3c3a0f9c3c
PRV-000417,CMP-2026-00505,CITIZEN_PORTAL,2025-09-25 17:40:40,PII_REDACTED_AND_NORMALIZED,VERIFIED_INTEGRITY,dae5d74ab24603b0ad44e3cc3bbd2ab439f49d78af63728fa074d5830b737257
PRV-000418,CMP-2026-00884,CHECKPOST_SCANNER,2024-12-09 01:23:25,PII_REDACTED_AND_NORMALIZED,VERIFIED_INTEGRITY,9adeac759d68f61260fc2f6726ff191d4e62f5d89064ef0b86829fd8019115ba
PRV-000419,CMP-2026-00446,POLICE_LEDGER,2025-08-27 21:52:58,PII_REDACTED_AND_NORMALIZED,VERIFIED_INTEGRITY,7976419039c457b15ef1b4792f9a5f8c13d0e6c2426b9b9bca0ea51a5aa82fab
PRV-000420,CMP-2026-00952,HEALTH_STAT,2024-10-29 08:55:37,PII_REDACTED_AND_NORMALIZED,VERIFIED_INTEGRITY,ecb511d9340ed14954345e1f11dc30b9958616951ac2e6be02f47afffc453f20
PRV-000421,CMP-2026-00232,POLICE_LEDGER,2025-04-21 19:39:45,PII_REDACTED_AND_NORMALIZED,VERIFIED_INTEGRITY,acd12aed890754d2427e6750fcfd368cd2b3ad2247047eba1226156ba470d258
PRV-000422,CMP-2026-01177,CHECKPOST_SCANNER,2024-10-31 07:24:22,PII_REDACTED_AND_NORMALIZED,VERIFIED_INTEGRITY,7ab8f940ea464b8def7f52d121c47d38afbb6938095fb3e719e23cb6283db02e
PRV-000423,CMP-2026-00901,HEALTH_STAT,2026-08-12 00:39:58,PII_REDACTED_AND_NORMALIZED,VERIFIED_INTEGRITY,107c3d932fe3de4ac33dd850d36671eb1a4a005c5cdf2cbb2d16d5b78137733a
PRV-000424,CMP-2026-00797,CHECKPOST_SCANNER,2026-08-03 15:23:13,PII_REDACTED_AND_NORMALIZED,VERIFIED_INTEGRITY,53aa25a61ac2be016bd6e251fc00e57178ecc5560331dd6a88ccd4f83c6be659
PRV-000425,CMP-2026-00788,POLICE_LEDGER,2025-10-01 16:39:33,PII_REDACTED_AND_NORMALIZED,VERIFIED_INTEGRITY,93a39eac4c246dad09338b79548dc7779d780bd9fcfa5dd329fb08c8672feba7
PRV-000426,CMP-2026-01024,HEALTH_STAT,2025-10-31 06:19:19,PII_REDACTED_AND_NORMALIZED,VERIFIED_INTEGRITY,c6c7e6b7e6b0d15a920d80a1a4b01473775f08d8553b8714026d20906cf47873
PRV-000427,CMP-2026-00731,CHECKPOST_SCANNER,2025-09-23 02:34:54,PII_REDACTED_AND_NORMALIZED,VERIFIED_INTEGRITY,989b7a44b4b78be1255ac1f9bafe5cddab3ec27c8087365a04c3889868843017
PRV-000428,CMP-2026-00226,HEALTH_STAT,2024-12-09 14:43:53,PII_REDACTED_AND_NORMALIZED,VERIFIED_INTEGRITY,7b7693731e3eebd6dd123587a4a96b7c4e64683f54e9ba8d0d6edc928b007902
PRV-000429,CMP-2026-00819,HEALTH_STAT,2025-10-25 13:49:59,PII_REDACTED_AND_NORMALIZED,VERIFIED_INTEGRITY,f67709c233e2a3642547f6e097e5ff868e4bb64e6bf860415e67cca522028271
PRV-000430,CMP-2026-00947,CITIZEN_PORTAL,2026-08-05 15:28:06,PII_REDACTED_AND_NORMALIZED,VERIFIED_INTEGRITY,6a3a4f8813f290960545f915c299566624d6bcc5e66e3b2169cfd172aa9e68e7
PRV-000431,CMP-2026-00726,CITIZEN_PORTAL,2024-11-20 12:46:00,PII_REDACTED_AND_NORMALIZED,VERIFIED_INTEGRITY,1161635ba0124f3d07406528d2287f04940e480df3db774ce7f8fc31c2ecbdec
PRV-000432,CMP-2026-00026,POLICE_LEDGER,2025-07-17 16:08:07,PII_REDACTED_AND_NORMALIZED,VERIFIED_INTEGRITY,1a95d4b32ce7bb9ed6aa13d0cbe8eb71d518e7158fb06f956513fe0dffb1c8b7
PRV-000433,CMP-2026-00041,HEALTH_STAT,2025-07-07 07:11:44,PII_REDACTED_AND_NORMALIZED,VERIFIED_INTEGRITY,c84b0df35252e92b53a445a54489ef8c406aeb2ab98477f4e76b451b9554a7f7
PRV-000434,CMP-2026-00767,POLICE_LEDGER,2025-03-15 23:22:24,PII_REDACTED_AND_NORMALIZED,VERIFIED_INTEGRITY,08d6d08a1923488463bfdb9b5419f799025fe761fc04accbb34e350aa8bee1aa
PRV-000435,CMP-2026-00500,CITIZEN_PORTAL,2024-09-30 00:30:08,PII_REDACTED_AND_NORMALIZED,VERIFIED_INTEGRITY,fe81a7bcc387c9453b2caf8f70776c8d4ac1c04d706f6132ae58ba6b941fdfc9
PRV-000436,CMP-2026-00852,CITIZEN_PORTAL,2026-01-18 01:07:47,PII_REDACTED_AND_NORMALIZED,VERIFIED_INTEGRITY,3f26c4b9d5327267d40806410b112430d45a870eb7552ecfa9af975507e9aff9
PRV-000437,CMP-2026-00205,HEALTH_STAT,2026-05-17 06:09:21,PII_REDACTED_AND_NORMALIZED,VERIFIED_INTEGRITY,623e9d7407e3464b21aa0648c09e08d631de686f28a3c21540d7966abb830453
PRV-000438,CMP-2026-00154,HEALTH_STAT,2026-08-18 04:32:29,PII_REDACTED_AND_NORMALIZED,VERIFIED_INTEGRITY,6e0a36b6d0287ba5f89330d609c6ff5d663748b955c95406d920a932b37536bf
PRV-000439,CMP-2026-00376,CITIZEN_PORTAL,2024-11-08 07:23:19,PII_REDACTED_AND_NORMALIZED,VERIFIED_INTEGRITY,8281559032cb49e1034a44a437c1d611399b9c139d9fed4718ad2dac5c57b1aa
PRV-000440,CMP-2026-01016,HEALTH_STAT,2026-04-25 06:37:53,PII_REDACTED_AND_NORMALIZED,VERIFIED_INTEGRITY,9bce4f3b4d0fdaf8cc83abc3c2ac9556d0adea493992092b7139e37d8fc5dcbe
PRV-000441,CMP-2026-00563,POLICE_LEDGER,2025-09-05 01:46:30,PII_REDACTED_AND_NORMALIZED,VERIFIED_INTEGRITY,c0ce3a8de5a3015d350c1df9e9088d8087e105a9148c8e3d25a41242c426f4a6
PRV-000442,CMP-2026-01241,CITIZEN_PORTAL,2026-04-06 14:19:41,PII_REDACTED_AND_NORMALIZED,VERIFIED_INTEGRITY,b4d05c241465b962822f78d355fb4554af42e2f23f36d9b31828fafff9aff093
PRV-000443,CMP-2026-00643,CITIZEN_PORTAL,2025-09-25 15:18:34,PII_REDACTED_AND_NORMALIZED,VERIFIED_INTEGRITY,4b46a7fee6a804b11b5e0b7e65d27c49bdd406c8a40c2d30658877ad2160f840
PRV-000444,CMP-2026-00532,CITIZEN_PORTAL,2024-11-16 15:55:26,PII_REDACTED_AND_NORMALIZED,VERIFIED_INTEGRITY,80b1fec88c9c3763660b79161bc229abb25b3ffefb45f3c8ba0bbcafc67809e3
PRV-000445,CMP-2026-00152,CHECKPOST_SCANNER,2026-03-10 17:49:51,PII_REDACTED_AND_NORMALIZED,VERIFIED_INTEGRITY,e23673ce962177634ec1e52850bbca97823fe739d1a4e8788ed40da20f4f1cbe
PRV-000446,CMP-2026-01151,CITIZEN_PORTAL,2026-01-15 04:48:14,PII_REDACTED_AND_NORMALIZED,VERIFIED_INTEGRITY,22c3c08a81e6aaad2ebd34143c28ded3c3b735629e105a771783f3560adf7f97
PRV-000447,CMP-2026-00560,CHECKPOST_SCANNER,2025-07-15 20:29:35,PII_REDACTED_AND_NORMALIZED,VERIFIED_INTEGRITY,9e17e5d2970551cb0d920d94c45267e2ee67f0fdaa5a21e82d8bed576e94f1e0
PRV-000448,CMP-2026-01051,HEALTH_STAT,2025-11-06 16:29:09,PII_REDACTED_AND_NORMALIZED,VERIFIED_INTEGRITY,5b1585733a04c3710a2c7c017108a07325eb547666f77310531f8282b88dfc3e
PRV-000449,CMP-2026-01158,CHECKPOST_SCANNER,2025-03-01 01:34:25,PII_REDACTED_AND_NORMALIZED,VERIFIED_INTEGRITY,7ea040487faf8cdbac75c7bf50377ebd0b9665d348320093848fc589cd00b1e4
PRV-000450,CMP-2026-00186,CHECKPOST_SCANNER,2026-06-02 00:41:44,PII_REDACTED_AND_NORMALIZED,VERIFIED_INTEGRITY,d6eff4fe52e6f3190141e2d2763b854464cf70534d89cc23f620067a26ea4bec
PRV-000451,CMP-2026-00539,CHECKPOST_SCANNER,2025-06-29 20:12:57,PII_REDACTED_AND_NORMALIZED,VERIFIED_INTEGRITY,26fd8a3ee5e273dffcfaf725c9a5eb73cb261f31fb10e32a9f35df65710b8396
PRV-000452,CMP-2026-00478,CHECKPOST_SCANNER,2025-07-27 19:37:09,PII_REDACTED_AND_NORMALIZED,VERIFIED_INTEGRITY,541632c1c0ddc28be218cc272303bdca443b047c959c8e3952fd8b40d9690883
PRV-000453,CMP-2026-00851,POLICE_LEDGER,2026-07-19 02:24:13,PII_REDACTED_AND_NORMALIZED,VERIFIED_INTEGRITY,18cc6a5a6e8d3071d83c21c14d79ff61afe2dc932bd7fc2a685393646357628e
PRV-000454,CMP-2026-00289,CITIZEN_PORTAL,2025-01-12 06:25:05,PII_REDACTED_AND_NORMALIZED,VERIFIED_INTEGRITY,f1445f35829777147f1402dc7f04cab8f19021d4eb5c7148bdbaefc82bc54e2b
PRV-000455,CMP-2026-00229,CHECKPOST_SCANNER,2025-11-02 15:32:03,PII_REDACTED_AND_NORMALIZED,VERIFIED_INTEGRITY,573eb7ad3c8364578039c5b1b8fcf0a554acb58313c22d4df9828d0a087f91c8
PRV-000456,CMP-2026-00282,HEALTH_STAT,2026-01-25 03:02:34,PII_REDACTED_AND_NORMALIZED,VERIFIED_INTEGRITY,78b309a464b584acfddb499a634d8732708b838601a6c6ad357ba9102f3d7724
PRV-000457,CMP-2026-00699,HEALTH_STAT,2025-09-02 02:03:52,PII_REDACTED_AND_NORMALIZED,VERIFIED_INTEGRITY,e5ebd050d7790aa852d1f39627f2aec24e42c1d6074ff9143ddf951b91c1442f
PRV-000458,CMP-2026-01193,POLICE_LEDGER,2026-05-27 05:22:13,PII_REDACTED_AND_NORMALIZED,VERIFIED_INTEGRITY,2fe9a96c8c8fec7c4474e386779b49fae8c70410763a8add1bb86dd671e1df93
PRV-000459,CMP-2026-00602,POLICE_LEDGER,2024-09-27 03:37:03,PII_REDACTED_AND_NORMALIZED,VERIFIED_INTEGRITY,23cd3e619942cac4aafe651431ef14b939ef8866c79b4aaae2181bb0b1257280
PRV-000460,CMP-2026-00891,POLICE_LEDGER,2025-01-30 21:07:41,PII_REDACTED_AND_NORMALIZED,VERIFIED_INTEGRITY,ea0d3b14d27f9d2462ff9058fd9d26e9f74f0fe1e6a35447d9487a58be36c7b7
PRV-000461,CMP-2026-00105,HEALTH_STAT,2025-10-14 19:57:20,PII_REDACTED_AND_NORMALIZED,VERIFIED_INTEGRITY,3582f733d5b0fe00e63fbede5ad84e282327814ffaa6fdc26b026cf1a94e4c85
PRV-000462,CMP-2026-00889,CITIZEN_PORTAL,2025-09-27 14:24:48,PII_REDACTED_AND_NORMALIZED,VERIFIED_INTEGRITY,ea71ab669bfc528a5e63537e22574c6c184d0c0e1dc83e08e0e23833b5857d3e
PRV-000463,CMP-2026-00407,POLICE_LEDGER,2025-04-30 08:40:49,PII_REDACTED_AND_NORMALIZED,VERIFIED_INTEGRITY,72028e7a845f3f1fdf64fd45eecdffc459ee3d3005112d7e21ff1a9369b38c29
PRV-000464,CMP-2026-00883,CITIZEN_PORTAL,2024-12-15 11:21:47,PII_REDACTED_AND_NORMALIZED,VERIFIED_INTEGRITY,8a6d6768c8e6c64eca678865eb2e845e51f8dbd6ee1b7706a005ff8d6aea9bbf
PRV-000465,CMP-2026-00146,POLICE_LEDGER,2025-11-10 17:44:52,PII_REDACTED_AND_NORMALIZED,VERIFIED_INTEGRITY,8cd72e6b9b5569b35f8c8b548535d8cdf3c5d35be3f18e66874e85594a8b96a6
PRV-000466,CMP-2026-01215,CHECKPOST_SCANNER,2026-06-08 09:48:18,PII_REDACTED_AND_NORMALIZED,VERIFIED_INTEGRITY,af1739c991ef91e715f1bffba5967db37a4bcec6f38fd2513cae62116f4a48b6
PRV-000467,CMP-2026-00815,CITIZEN_PORTAL,2025-02-22 16:32:58,PII_REDACTED_AND_NORMALIZED,VERIFIED_INTEGRITY,6976b0485c355b7e83e1dba3108c78915d3cb132d8b5b7175a6ba29a3a7f3b9b
PRV-000468,CMP-2026-00771,HEALTH_STAT,2024-12-01 21:33:59,PII_REDACTED_AND_NORMALIZED,VERIFIED_INTEGRITY,a21300b8a53af93805f2d223562db630a8617cf498454df40fe3b93ff49544b6
PRV-000469,CMP-2026-01178,CHECKPOST_SCANNER,2026-03-12 05:50:14,PII_REDACTED_AND_NORMALIZED,VERIFIED_INTEGRITY,f4149a54c97e9ab57117d4aeaea60b814bfd29dbb4e0a63dfc21ade2565e4672
PRV-000470,CMP-2026-00407,CITIZEN_PORTAL,2026-06-08 15:30:23,PII_REDACTED_AND_NORMALIZED,VERIFIED_INTEGRITY,42fca1df829b3b4ba279837a64f0de665f977534d6a4a787fd0e2f0729c15d13
PRV-000471,CMP-2026-00910,POLICE_LEDGER,2026-02-08 10:27:27,PII_REDACTED_AND_NORMALIZED,VERIFIED_INTEGRITY,30da53f5a8fec0b283af0e51c50ac7e2cd45f62803a7b74130e873fa559468e1
PRV-000472,CMP-2026-00544,POLICE_LEDGER,2025-06-02 15:01:07,PII_REDACTED_AND_NORMALIZED,VERIFIED_INTEGRITY,1431d01f642d118cf00e80476491f89dec934666b97b0cca7f5a21c3f64a8308
PRV-000473,CMP-2026-00267,CITIZEN_PORTAL,2024-11-07 23:40:36,PII_REDACTED_AND_NORMALIZED,VERIFIED_INTEGRITY,7f4d0db598fa19dc8e57f4b3b99ec0ef12251a8a78221e7244cd3bb0cb7a140a
PRV-000474,CMP-2026-00383,HEALTH_STAT,2026-03-21 11:23:19,PII_REDACTED_AND_NORMALIZED,VERIFIED_INTEGRITY,774c3c5b1143454d27d601105d78f523180006c9a00cf01da7e8efa9e1496cc8
PRV-000475,CMP-2026-00565,CHECKPOST_SCANNER,2024-11-14 03:38:27,PII_REDACTED_AND_NORMALIZED,VERIFIED_INTEGRITY,b35c8e31a47a1e4b2d9077b88937fc7f71a47982028dfcb384dc328b05f8360d
PRV-000476,CMP-2026-00974,POLICE_LEDGER,2025-03-30 04:29:07,PII_REDACTED_AND_NORMALIZED,VERIFIED_INTEGRITY,08963ee938e948bd9ed7e36d5492e11b7579ae8911d25eedf3bea12bbe1e1969
PRV-000477,CMP-2026-00710,POLICE_LEDGER,2025-04-14 15:14:57,PII_REDACTED_AND_NORMALIZED,VERIFIED_INTEGRITY,86e9cca167fa739557f52e6391c199958fc977e642fc415657eb23c9b7850206
PRV-000478,CMP-2026-00581,HEALTH_STAT,2024-12-18 05:37:23,PII_REDACTED_AND_NORMALIZED,VERIFIED_INTEGRITY,be024ebd399b343ab7820b145a9d370be55f93c107455fe1d8502ac0397be4d7
PRV-000479,CMP-2026-00011,POLICE_LEDGER,2025-02-12 12:06:05,PII_REDACTED_AND_NORMALIZED,VERIFIED_INTEGRITY,867aa7ab64c53965b9ba8eb9e6c22b7a662664fae47686bf9af8641bb8d18685
PRV-000480,CMP-2026-00503,CITIZEN_PORTAL,2026-02-21 14:59:48,PII_REDACTED_AND_NORMALIZED,VERIFIED_INTEGRITY,14ae938df1202e47300fd60cd1468bcd0425cff5b4828848e0d0f270b9c45d1c
PRV-000481,CMP-2026-01139,HEALTH_STAT,2025-02-15 09:01:32,PII_REDACTED_AND_NORMALIZED,VERIFIED_INTEGRITY,d2ac30a1d3a7ac65303084ab0b121afb7439853bfa38cc2a7b7ac80b12a78532
PRV-000482,CMP-2026-00329,CITIZEN_PORTAL,2025-04-08 07:52:30,PII_REDACTED_AND_NORMALIZED,VERIFIED_INTEGRITY,6c493b8e9055c77cb9c093c1e3b8a8505f74e7ec4f2ce0dca1067ae50f0d0e7c
PRV-000483,CMP-2026-00078,HEALTH_STAT,2025-04-03 11:46:55,PII_REDACTED_AND_NORMALIZED,VERIFIED_INTEGRITY,04bbcefff57626a31b55901a0227bc07f11d3f52af6d31c84ffb7f0352d851dc
PRV-000484,CMP-2026-00394,CITIZEN_PORTAL,2026-06-21 09:08:59,PII_REDACTED_AND_NORMALIZED,VERIFIED_INTEGRITY,d435016aa76e051b734f98c83836259fcd55d5d24932d55959a7db5baa8fecf8
PRV-000485,CMP-2026-00589,POLICE_LEDGER,2026-05-10 09:02:35,PII_REDACTED_AND_NORMALIZED,VERIFIED_INTEGRITY,b1a0b692ed521004e971e78c338187f49faee76540578f5838963f8b0dc93410
PRV-000486,CMP-2026-00092,CHECKPOST_SCANNER,2026-06-10 12:41:14,PII_REDACTED_AND_NORMALIZED,VERIFIED_INTEGRITY,ee6198f953a64907721b5c57d611219c850d5fe45fa54c5e8b8be5f26831b233
PRV-000487,CMP-2026-00917,CHECKPOST_SCANNER,2026-07-01 15:08:57,PII_REDACTED_AND_NORMALIZED,VERIFIED_INTEGRITY,6ef9b34c94110e6e09c4501e4c5805b9460bab6bdfeb3be2b24cc5da58b2808d
PRV-000488,CMP-2026-00497,CHECKPOST_SCANNER,2025-11-07 11:31:08,PII_REDACTED_AND_NORMALIZED,VERIFIED_INTEGRITY,f90b160c88ff21669c99b304cfa16242e0bf24b354f1cf81a5a220dcb9297c99
PRV-000489,CMP-2026-00567,CITIZEN_PORTAL,2025-01-25 02:37:15,PII_REDACTED_AND_NORMALIZED,VERIFIED_INTEGRITY,836acd594af317253a44df883d66307c802279d707c9d71ac1e9230496f3494a
PRV-000490,CMP-2026-01168,HEALTH_STAT,2025-10-14 04:17:58,PII_REDACTED_AND_NORMALIZED,VERIFIED_INTEGRITY,52cb7a71774366e61cb2854ddb506f5d5b5ff83d33a2a2c8a6faffcbda40f88d
PRV-000491,CMP-2026-00305,POLICE_LEDGER,2025-12-31 21:01:29,PII_REDACTED_AND_NORMALIZED,VERIFIED_INTEGRITY,e0ccbf04a47494d69caeafb2812ec5db52c8eefb12221fc423a0c85bd2e2fe13
PRV-000492,CMP-2026-00660,POLICE_LEDGER,2025-08-28 12:19:14,PII_REDACTED_AND_NORMALIZED,VERIFIED_INTEGRITY,2e7c31036852b2a7b9e133121045fff0c6ac1fe13bcc623f75a76a8ce575ccb8
PRV-000493,CMP-2026-01114,CITIZEN_PORTAL,2024-11-25 17:08:01,PII_REDACTED_AND_NORMALIZED,VERIFIED_INTEGRITY,39e79ecff5800a3182c8f86574f0c48ed98c4134e8ee9a440c09b510caac3c1e
PRV-000494,CMP-2026-00591,CITIZEN_PORTAL,2025-04-18 16:47:51,PII_REDACTED_AND_NORMALIZED,VERIFIED_INTEGRITY,d7399028b368deaf3780aaf8e05e02cc618ee6640eec666218cc21d7064fa2de
PRV-000495,CMP-2026-00801,CHECKPOST_SCANNER,2024-10-10 13:23:20,PII_REDACTED_AND_NORMALIZED,VERIFIED_INTEGRITY,4ae70f236f795322a024a4e8217064fd971e3578b2252f8cbb50da450364376c
PRV-000496,CMP-2026-00419,HEALTH_STAT,2025-01-18 04:04:10,PII_REDACTED_AND_NORMALIZED,VERIFIED_INTEGRITY,a9524eadc3a71f9e530f828d3906828c54e1d18586c67192e49b1c74cd7f5a15
PRV-000497,CMP-2026-01106,CITIZEN_PORTAL,2025-03-11 01:40:40,PII_REDACTED_AND_NORMALIZED,VERIFIED_INTEGRITY,c39a65a574b96dd0fad649a05405aa2ad4a25e8f749ff413c507c2a5cefb05c8
PRV-000498,CMP-2026-00354,CITIZEN_PORTAL,2025-12-26 18:44:16,PII_REDACTED_AND_NORMALIZED,VERIFIED_INTEGRITY,51a2dded7f1da5d85428b7c0a71a142e36be51891a21259a0288534a7b76f691
PRV-000499,CMP-2026-00052,CITIZEN_PORTAL,2025-01-10 02:03:05,PII_REDACTED_AND_NORMALIZED,VERIFIED_INTEGRITY,1457953a65d4df6cef88c7982bec58ce86b86129575099397cf1e7514243eb8d
PRV-000500,CMP-2026-00755,POLICE_LEDGER,2025-06-21 15:14:06,PII_REDACTED_AND_NORMALIZED,VERIFIED_INTEGRITY,41edb0edd8c23884b4e7886656a96e759d7eaac458138eadbc5f943f86b44267
PRV-000501,CMP-2026-00211,CITIZEN_PORTAL,2026-02-07 08:51:54,PII_REDACTED_AND_NORMALIZED,VERIFIED_INTEGRITY,248d36a93abbbac5605485b4f8c376621547830b6a755b7fe2388ded45cd9cfa
PRV-000502,CMP-2026-00148,CHECKPOST_SCANNER,2026-03-14 21:40:30,PII_REDACTED_AND_NORMALIZED,VERIFIED_INTEGRITY,f7f6b36de11b1107b21d4144e11face9471afe8bbd4690499917d3c6b3e62b49
PRV-000503,CMP-2026-01104,POLICE_LEDGER,2026-03-24 17:44:37,PII_REDACTED_AND_NORMALIZED,VERIFIED_INTEGRITY,faf055ef86dbd0e350874aceeece3b545c1d2483b8be00f9923f670993630e18
PRV-000504,CMP-2026-00268,CITIZEN_PORTAL,2026-05-02 22:35:11,PII_REDACTED_AND_NORMALIZED,VERIFIED_INTEGRITY,bbcc8ab64e2bb6aaa3f266162208c1a6a18b2d8907f18830db29229cb136584f
PRV-000505,CMP-2026-00779,HEALTH_STAT,2026-01-03 15:30:17,PII_REDACTED_AND_NORMALIZED,VERIFIED_INTEGRITY,b8d4dc4ce6db2ea80b4710b5892e8a8ac6fb62264b4202215ed10a4b34efd5d1
PRV-000506,CMP-2026-00610,HEALTH_STAT,2026-01-10 19:09:20,PII_REDACTED_AND_NORMALIZED,VERIFIED_INTEGRITY,0b5701c0b3631e2899a4c29367f4653544275a207c5ce213ea2a52ef1d98f59f
PRV-000507,CMP-2026-00024,HEALTH_STAT,2025-02-10 04:00:08,PII_REDACTED_AND_NORMALIZED,VERIFIED_INTEGRITY,a0f68c574ab2f2932ea58c036703c30f05eb0cbd34cc94b54e5c238a043538e8
PRV-000508,CMP-2026-00974,HEALTH_STAT,2025-06-11 23:23:49,PII_REDACTED_AND_NORMALIZED,VERIFIED_INTEGRITY,ed338380a182f06d243c7153388c81b9b7db6c3c833ada63f598de6265e412c7
PRV-000509,CMP-2026-00182,CITIZEN_PORTAL,2025-03-06 09:10:49,PII_REDACTED_AND_NORMALIZED,VERIFIED_INTEGRITY,e5b02b193bb173f73c642e094672aa63ba6e604f6b11d7981c01d9d1029d335a
PRV-000510,CMP-2026-01137,CITIZEN_PORTAL,2026-04-14 14:28:03,PII_REDACTED_AND_NORMALIZED,VERIFIED_INTEGRITY,81c3abcc279185c0a682a97d88382598397c371e823dc60de80d850a92543b40
PRV-000511,CMP-2026-00050,POLICE_LEDGER,2026-05-18 01:25:10,PII_REDACTED_AND_NORMALIZED,VERIFIED_INTEGRITY,bd3a5648521658cfc2d7be11203855ff1f659993353714e829282fd18df73f43
PRV-000512,CMP-2026-00321,POLICE_LEDGER,2025-07-22 03:24:34,PII_REDACTED_AND_NORMALIZED,VERIFIED_INTEGRITY,711bf0666e19801616921ffc21cfa61a1046a28bcd6bdafb7f41a45edc302ccc
PRV-000513,CMP-2026-01238,POLICE_LEDGER,2025-08-06 10:29:17,PII_REDACTED_AND_NORMALIZED,VERIFIED_INTEGRITY,5da4a2005606debda66f8dd3ed34239efe2c5cf7f69baf97483b5f21191442ed
PRV-000514,CMP-2026-00962,CITIZEN_PORTAL,2026-01-08 07:54:32,PII_REDACTED_AND_NORMALIZED,VERIFIED_INTEGRITY,a4c45a834628cd2937de81764dde8a9ab058043fc48009e8e3991efda8308fc7
PRV-000515,CMP-2026-00942,CITIZEN_PORTAL,2026-03-11 21:21:25,PII_REDACTED_AND_NORMALIZED,VERIFIED_INTEGRITY,4f1a9c850e4558551c00a6678a9290eb19b7fafc9e6eb18dcd4118016e12a162
PRV-000516,CMP-2026-00871,POLICE_LEDGER,2026-07-06 19:27:49,PII_REDACTED_AND_NORMALIZED,VERIFIED_INTEGRITY,919e6a096710a23378f2a6b9ffa5450dc45e57335a7f98ea31652828b8ab59c5
PRV-000517,CMP-2026-00997,CHECKPOST_SCANNER,2025-04-08 18:23:39,PII_REDACTED_AND_NORMALIZED,VERIFIED_INTEGRITY,db605ecadb4bba75f1912a022d0d017498c7c22dbbc4ba65a7765c8578234157
PRV-000518,CMP-2026-00718,CITIZEN_PORTAL,2026-05-09 16:55:31,PII_REDACTED_AND_NORMALIZED,VERIFIED_INTEGRITY,c4adbe938ebc61824d751ca6940b46427bf55ff3e06739ce0bbeb1009e5067a3
PRV-000519,CMP-2026-00568,POLICE_LEDGER,2025-11-06 01:38:32,PII_REDACTED_AND_NORMALIZED,VERIFIED_INTEGRITY,b01b79a476c0649bf3b0a2a280349c7b81a81491a17513bbe0369533d8812fe8
PRV-000520,CMP-2026-00275,CHECKPOST_SCANNER,2025-11-03 22:17:09,PII_REDACTED_AND_NORMALIZED,VERIFIED_INTEGRITY,db28666c0f73393c56c95df3099a727330f7edbc4bc1a10ceedfab5d4beaef62
PRV-000521,CMP-2026-00800,CHECKPOST_SCANNER,2026-04-23 08:54:44,PII_REDACTED_AND_NORMALIZED,VERIFIED_INTEGRITY,6cdb12638b8f3bb703e95ae83f5625223d1eb330eab543dd654fc21a42d7233a
PRV-000522,CMP-2026-00380,CITIZEN_PORTAL,2025-11-22 03:14:16,PII_REDACTED_AND_NORMALIZED,VERIFIED_INTEGRITY,462ad092dd5b30a4e8f9c7085f1106fb17ac07e3a63325b35804220469da2d8b
PRV-000523,CMP-2026-00850,CITIZEN_PORTAL,2026-05-05 18:52:22,PII_REDACTED_AND_NORMALIZED,VERIFIED_INTEGRITY,682681a8ee79e7cd42c9918863c73cf02d64c7ddb23450469893fa6d5dcff7e4
PRV-000524,CMP-2026-00775,CHECKPOST_SCANNER,2025-02-01 05:00:15,PII_REDACTED_AND_NORMALIZED,VERIFIED_INTEGRITY,04cedf1886dc4e56fc9f072434fadf14bffb23b62b29c9d09da057a221deb7ca
PRV-000525,CMP-2026-01099,CITIZEN_PORTAL,2025-11-30 09:07:21,PII_REDACTED_AND_NORMALIZED,VERIFIED_INTEGRITY,dfbf2ad8dfadfdc2ce90a421484cdc372d80d60d14a93dcfd38cb9e58ae6e29a
PRV-000526,CMP-2026-00724,POLICE_LEDGER,2025-01-01 02:08:33,PII_REDACTED_AND_NORMALIZED,VERIFIED_INTEGRITY,597118242c0493a6acfc38e124c7b6ec95f407c6eac19d6904200fc6306294d7
PRV-000527,CMP-2026-00664,HEALTH_STAT,2025-05-24 15:04:54,PII_REDACTED_AND_NORMALIZED,VERIFIED_INTEGRITY,2e59635171afbde39c45640130dc8e7b1bf6710e9eaca97aff5107bb2703317b
PRV-000528,CMP-2026-00677,HEALTH_STAT,2026-04-03 22:34:36,PII_REDACTED_AND_NORMALIZED,VERIFIED_INTEGRITY,560b888ec27254c3015e2bf96e5ffcfdeea6b51612ee5c4efede6eabf0da1470
PRV-000529,CMP-2026-00435,CHECKPOST_SCANNER,2025-02-27 19:35:15,PII_REDACTED_AND_NORMALIZED,VERIFIED_INTEGRITY,829ea65c73ff6f66caeae5f2e08ea68fc9bbc0df6171db180c1fea6f20d4534b
PRV-000530,CMP-2026-00738,HEALTH_STAT,2026-02-26 17:43:12,PII_REDACTED_AND_NORMALIZED,VERIFIED_INTEGRITY,ad09199cb178414e9aef31e1be02c69546970d97ae07593dc8b44541b05afd0f
PRV-000531,CMP-2026-00034,CHECKPOST_SCANNER,2025-10-17 11:35:13,PII_REDACTED_AND_NORMALIZED,VERIFIED_INTEGRITY,f3b27a2910ca445db408e836a6fff230ebe5d9e5d7db8a2229bed8ddef7c399a
PRV-000532,CMP-2026-00873,HEALTH_STAT,2025-09-30 23:31:28,PII_REDACTED_AND_NORMALIZED,VERIFIED_INTEGRITY,302c37d43690e65af15311b19025ea4fb26b9cc1f413e74cdc0482e3a904ca55
PRV-000533,CMP-2026-00533,HEALTH_STAT,2026-03-10 03:35:05,PII_REDACTED_AND_NORMALIZED,VERIFIED_INTEGRITY,6d7424ec575da227cd19de22dfefbb92912f41f69de86cbe03bfc2a021685633
PRV-000534,CMP-2026-01214,CHECKPOST_SCANNER,2026-03-01 00:46:09,PII_REDACTED_AND_NORMALIZED,VERIFIED_INTEGRITY,1aea57bf31fd65b1ae93f04b4852e79012f2d16f82acac639f5e84b7f8a6a5c7
PRV-000535,CMP-2026-00407,POLICE_LEDGER,2025-11-23 13:48:33,PII_REDACTED_AND_NORMALIZED,VERIFIED_INTEGRITY,43fa2b8d68564a55af44667abd49e026065fe3a23bed2a37b461ad185d83b341
PRV-000536,CMP-2026-00757,CHECKPOST_SCANNER,2025-01-24 06:47:55,PII_REDACTED_AND_NORMALIZED,VERIFIED_INTEGRITY,cb4298300d9181f3c8c5e25b0b287371a84bf21886a842048d6c5bc6ff2b112a
PRV-000537,CMP-2026-01049,CITIZEN_PORTAL,2025-03-04 06:17:25,PII_REDACTED_AND_NORMALIZED,VERIFIED_INTEGRITY,086b39bd49a2d1ee2120197d4b2e26119f278b0a5885165fa16898c49d5a8077
PRV-000538,CMP-2026-00650,HEALTH_STAT,2024-11-08 01:42:24,PII_REDACTED_AND_NORMALIZED,VERIFIED_INTEGRITY,28369efd98832a754163fcabc0628f6e05e2293319b89bcd3b82c16f42bfa589
PRV-000539,CMP-2026-00838,POLICE_LEDGER,2026-06-30 22:34:02,PII_REDACTED_AND_NORMALIZED,VERIFIED_INTEGRITY,b21ddd2906850be7b57035734f5f05b37613d78ee94757d89adf5eb0106cc8ae
PRV-000540,CMP-2026-00062,CHECKPOST_SCANNER,2026-07-17 03:53:44,PII_REDACTED_AND_NORMALIZED,VERIFIED_INTEGRITY,a55fc5875187aa60ad57a5d87ff5e7ab5594a2ba901bcea00b9012ab13263c21
PRV-000541,CMP-2026-00480,CHECKPOST_SCANNER,2026-06-18 18:12:27,PII_REDACTED_AND_NORMALIZED,VERIFIED_INTEGRITY,115328c7e0e9407e9371e021d7dcab34f2faf6bf9a00b2b900bb27ad34957cf6
PRV-000542,CMP-2026-00146,POLICE_LEDGER,2025-07-26 10:35:37,PII_REDACTED_AND_NORMALIZED,VERIFIED_INTEGRITY,3808c2cd1aaede0819e29e172ba87de66dc9ddcb11ee3e65cfe3d7a01c19a9fc
PRV-000543,CMP-2026-00960,CHECKPOST_SCANNER,2026-06-25 11:39:42,PII_REDACTED_AND_NORMALIZED,VERIFIED_INTEGRITY,01c77fdf28703c4554492ade767aea49f9f726d4cb31029a1afa9850fe0d6afe
PRV-000544,CMP-2026-00073,CITIZEN_PORTAL,2026-06-25 20:58:09,PII_REDACTED_AND_NORMALIZED,VERIFIED_INTEGRITY,8e31cf9df1e46b051c68dd27e044c05305c10ef9ee706e87f728ffdc4763405f
PRV-000545,CMP-2026-00807,POLICE_LEDGER,2026-06-29 16:58:11,PII_REDACTED_AND_NORMALIZED,VERIFIED_INTEGRITY,1beff7608129e0738de08be7c8fb5f6cee4ebbed6cd589ebe03f3fb2595946cd
PRV-000546,CMP-2026-00312,CITIZEN_PORTAL,2026-03-05 23:58:11,PII_REDACTED_AND_NORMALIZED,VERIFIED_INTEGRITY,cc2dea62c4c8c253d96f93c8210a4e951413da4cfdc1b91219e4ea520a13d99c
PRV-000547,CMP-2026-00125,POLICE_LEDGER,2026-06-28 19:38:28,PII_REDACTED_AND_NORMALIZED,VERIFIED_INTEGRITY,20d7fb8addb5b525396fe0164528ae6d60a9738eccea621b180830c695a3700b
PRV-000548,CMP-2026-00828,CHECKPOST_SCANNER,2026-08-02 06:49:32,PII_REDACTED_AND_NORMALIZED,VERIFIED_INTEGRITY,ac0e20cccdc8dd1bc6822c16b499a10562381133f014b1094569e49ae2d8807f
PRV-000549,CMP-2026-00985,POLICE_LEDGER,2026-04-19 17:10:39,PII_REDACTED_AND_NORMALIZED,VERIFIED_INTEGRITY,cbd9dcc5b0dca1dc7139e08b81232f09626a0ca95361763cf8ea02355d72faf2
PRV-000550,CMP-2026-01131,HEALTH_STAT,2025-08-29 00:50:30,PII_REDACTED_AND_NORMALIZED,VERIFIED_INTEGRITY,e824b8435b5454eab2e6c733a9361485e224c98ab48d00f7ecab45f67a70ed7e
PRV-000551,CMP-2026-00372,CHECKPOST_SCANNER,2024-12-21 05:38:06,PII_REDACTED_AND_NORMALIZED,VERIFIED_INTEGRITY,b6699d2bf87e7294ef9b192c728a37e9e2bee337ab78899a797ec643ebe5ba91
PRV-000552,CMP-2026-00007,HEALTH_STAT,2024-09-29 06:57:02,PII_REDACTED_AND_NORMALIZED,VERIFIED_INTEGRITY,d59def33a2560693be0bfe3f788a6fa3169a24468da052f841a90148bf22a28f
PRV-000553,CMP-2026-01240,HEALTH_STAT,2026-07-26 00:52:14,PII_REDACTED_AND_NORMALIZED,VERIFIED_INTEGRITY,0844d6b89390bd64ad8cdfa8b4e0f9173e8b7117287d9c91598f6dcd575b9d8b
PRV-000554,CMP-2026-00208,POLICE_LEDGER,2025-12-07 02:36:06,PII_REDACTED_AND_NORMALIZED,VERIFIED_INTEGRITY,2d404af12368f3ea4965078b9a436f83c4068df1d16e911cbee013a87f4a0f06
PRV-000555,CMP-2026-00701,HEALTH_STAT,2026-03-21 04:43:17,PII_REDACTED_AND_NORMALIZED,VERIFIED_INTEGRITY,8606219518697856e956fdae3db4c8fa09437f8808188b46a48a984191c2749c
PRV-000556,CMP-2026-00289,CHECKPOST_SCANNER,2024-10-30 17:18:03,PII_REDACTED_AND_NORMALIZED,VERIFIED_INTEGRITY,f0cf3f2e75c7a6ffe15917c1e6513b0038904fd37fbe4127dd02d4616b268809
PRV-000557,CMP-2026-01103,CITIZEN_PORTAL,2025-05-23 23:36:45,PII_REDACTED_AND_NORMALIZED,VERIFIED_INTEGRITY,23030cab1bedc4dcfe0f0de01ad90bc89805b924a15cd3d05825788cf7115485
PRV-000558,CMP-2026-00676,POLICE_LEDGER,2025-04-16 01:16:01,PII_REDACTED_AND_NORMALIZED,VERIFIED_INTEGRITY,647532b18f50d34e500a13dcd13a1bb05c5809ae1ae55e0eabd6de6704b9963c
PRV-000559,CMP-2026-01004,CHECKPOST_SCANNER,2025-04-06 19:25:28,PII_REDACTED_AND_NORMALIZED,VERIFIED_INTEGRITY,afa00f002078c98db25ccc9a06cd29579e166332492f5da25a28d69012a8471e
PRV-000560,CMP-2026-00484,HEALTH_STAT,2025-09-16 05:20:53,PII_REDACTED_AND_NORMALIZED,VERIFIED_INTEGRITY,fb06323a8d836a95422b92324a135486e339264aa34ba916296944e9b365dbb9
PRV-000561,CMP-2026-00970,HEALTH_STAT,2025-06-22 05:22:03,PII_REDACTED_AND_NORMALIZED,VERIFIED_INTEGRITY,82224687d9b048131ee4327d3087c721f4666f61a37caa25d099b20519b761e5
PRV-000562,CMP-2026-00941,POLICE_LEDGER,2025-11-14 08:57:28,PII_REDACTED_AND_NORMALIZED,VERIFIED_INTEGRITY,b1667d258555edc8cc5538c980a211e033e0f1628b19de5836b45a7a8c8780d2
PRV-000563,CMP-2026-00951,CHECKPOST_SCANNER,2026-01-28 15:48:33,PII_REDACTED_AND_NORMALIZED,VERIFIED_INTEGRITY,893c8cc5929546f9cf38c9a89bc3421e36f02d86fbd3c5016f6974cb07bec013
PRV-000564,CMP-2026-00347,CITIZEN_PORTAL,2026-02-21 18:27:23,PII_REDACTED_AND_NORMALIZED,VERIFIED_INTEGRITY,ba8bf600ef8ebc39980b7e27d01f3e99f5be308df7d8c2a071ae3da697c90787
PRV-000565,CMP-2026-00420,CITIZEN_PORTAL,2025-06-30 01:41:58,PII_REDACTED_AND_NORMALIZED,VERIFIED_INTEGRITY,34bf4e808b3f7de927da2da8d66b084b4da8fbf082f7624c98d9c02b297e5ed4
PRV-000566,CMP-2026-00104,CITIZEN_PORTAL,2026-07-24 17:40:59,PII_REDACTED_AND_NORMALIZED,VERIFIED_INTEGRITY,5f9b17b4aaaa83d1c633de176bbe47b608623f2737b9fa1799a0a97c7d5a2f5f
PRV-000567,CMP-2026-00876,HEALTH_STAT,2024-12-07 11:09:15,PII_REDACTED_AND_NORMALIZED,VERIFIED_INTEGRITY,b18979e463fba52375c126ec28dd2f203cba43f3e02f11d1c19a5cb94e5f87ea
PRV-000568,CMP-2026-00517,CITIZEN_PORTAL,2026-06-27 02:26:55,PII_REDACTED_AND_NORMALIZED,VERIFIED_INTEGRITY,e86b8bca8e7c12b5519db7f285b44773014fb6446640716a476b9a9233e254eb
PRV-000569,CMP-2026-01064,CITIZEN_PORTAL,2024-12-30 20:03:42,PII_REDACTED_AND_NORMALIZED,VERIFIED_INTEGRITY,67ad372abae210100752329e06ddeb73b1d947dd11f7140b7224638e5cb965ec
PRV-000570,CMP-2026-00922,HEALTH_STAT,2025-10-15 17:06:26,PII_REDACTED_AND_NORMALIZED,VERIFIED_INTEGRITY,abf4d2345129ea84431e4672bfea1d971d665059fd09cc31cbd9b032ea17b7f3
PRV-000571,CMP-2026-00172,POLICE_LEDGER,2025-12-09 15:32:42,PII_REDACTED_AND_NORMALIZED,VERIFIED_INTEGRITY,9c289139672ff6a2a758d9a80290c4bcedde1575aa28c53b94a6fdd71501d36c
PRV-000572,CMP-2026-01134,CHECKPOST_SCANNER,2025-10-25 02:46:27,PII_REDACTED_AND_NORMALIZED,VERIFIED_INTEGRITY,3dac5e99b27366013258b94796b1a87ad2537723a141e6775bc87f1b10e4a705
PRV-000573,CMP-2026-00229,CHECKPOST_SCANNER,2025-05-29 04:01:10,PII_REDACTED_AND_NORMALIZED,VERIFIED_INTEGRITY,b3de33ad16f52f1d0c03a2992e1334e77b05acfe9ecd4f6a142e905155035622
PRV-000574,CMP-2026-00267,HEALTH_STAT,2026-08-14 08:28:56,PII_REDACTED_AND_NORMALIZED,VERIFIED_INTEGRITY,6ec19057af27e9ee955fed68ee2f3eb5ea2476804bcce9e2ea42a14b5a908dd0
PRV-000575,CMP-2026-00675,HEALTH_STAT,2026-06-07 07:33:17,PII_REDACTED_AND_NORMALIZED,VERIFIED_INTEGRITY,13a4a77c3ca4cace8edaa4e5dd7eb5ae72d5a201cc3b509620c7c1323421a038
PRV-000576,CMP-2026-00177,HEALTH_STAT,2025-06-24 05:28:08,PII_REDACTED_AND_NORMALIZED,VERIFIED_INTEGRITY,7eb5d01f2f7518ee607f4ac1ef721a60438290f3581f2b58fed6647d5354a2df
PRV-000577,CMP-2026-00781,HEALTH_STAT,2025-11-24 21:10:46,PII_REDACTED_AND_NORMALIZED,VERIFIED_INTEGRITY,e83535c4d42d07a5e74c087dc3c90a54d88bd1c67a501fb72f6f6f1481e51efe
PRV-000578,CMP-2026-00353,POLICE_LEDGER,2026-06-06 03:00:37,PII_REDACTED_AND_NORMALIZED,VERIFIED_INTEGRITY,0441a167fa0df5293abe3b8b84594b129c846e18302823f60db482d5d62a1b90
PRV-000579,CMP-2026-00349,POLICE_LEDGER,2025-06-08 07:08:22,PII_REDACTED_AND_NORMALIZED,VERIFIED_INTEGRITY,49cf6e48f3744c9af1eccc24d1ca18b7a3005fd3d56fdb0a62efdc5bf14f9f40
PRV-000580,CMP-2026-00735,HEALTH_STAT,2025-09-18 13:00:15,PII_REDACTED_AND_NORMALIZED,VERIFIED_INTEGRITY,5f8e81a01ccc764fc233bdfd15c2c8a54b11a1575bd5855538017902cc939895
PRV-000581,CMP-2026-01102,CHECKPOST_SCANNER,2025-04-10 23:32:04,PII_REDACTED_AND_NORMALIZED,VERIFIED_INTEGRITY,82c5a0c59c03716d837d6e61f2971c611f898bb96f5dc7cfc91a23a71905a13d
PRV-000582,CMP-2026-00137,CHECKPOST_SCANNER,2025-07-20 02:32:35,PII_REDACTED_AND_NORMALIZED,VERIFIED_INTEGRITY,72e4b4b5a6db8c5e16090523e5f1a850a5b71b49d0e2fda83ef04c8436a06de0
PRV-000583,CMP-2026-00047,HEALTH_STAT,2025-11-29 03:33:21,PII_REDACTED_AND_NORMALIZED,VERIFIED_INTEGRITY,6ca5d2e8f51aa9a92c0d967340c2f50d657d22f6e88f4892ab5828ae055e24e6
PRV-000584,CMP-2026-00036,HEALTH_STAT,2025-03-30 00:46:05,PII_REDACTED_AND_NORMALIZED,VERIFIED_INTEGRITY,75576ef64b366d7c7675231527dfb7bd5ed2c106298d65ce68bac325fd0bd27a
PRV-000585,CMP-2026-01184,HEALTH_STAT,2024-12-04 04:45:51,PII_REDACTED_AND_NORMALIZED,VERIFIED_INTEGRITY,77cf433e673219a0bc50b69be757ea20a5c7cce1044ce4a043a7298b0f2a9192
PRV-000586,CMP-2026-00085,CHECKPOST_SCANNER,2025-06-10 01:13:45,PII_REDACTED_AND_NORMALIZED,VERIFIED_INTEGRITY,b19f7fc14f2cea904557d007ffe9d22b37a80032085926511428abbf1dcd583f
PRV-000587,CMP-2026-00607,CHECKPOST_SCANNER,2025-05-26 03:16:30,PII_REDACTED_AND_NORMALIZED,VERIFIED_INTEGRITY,a701f4a10317fdb21323cb14703614782f6bbba69116879fe6e1f962f1c3691c
PRV-000588,CMP-2026-00607,CHECKPOST_SCANNER,2026-02-12 18:33:36,PII_REDACTED_AND_NORMALIZED,VERIFIED_INTEGRITY,026c96ce45d2c864b44e1ddfc8e4d06197c06b21b310b7f7f4a1d7a02c13d329
PRV-000589,CMP-2026-00506,CITIZEN_PORTAL,2026-05-16 05:42:38,PII_REDACTED_AND_NORMALIZED,VERIFIED_INTEGRITY,44bc6660d26f32a867de2aacbe912b1e22cf06c075440536d3c22f088024c2ea
PRV-000590,CMP-2026-00314,CHECKPOST_SCANNER,2025-02-25 16:06:28,PII_REDACTED_AND_NORMALIZED,VERIFIED_INTEGRITY,8cb935db304a11be125e2b82f213abe70eff7f6b4f368bdb09815f198ef5a84d
PRV-000591,CMP-2026-00795,CITIZEN_PORTAL,2025-11-07 13:43:55,PII_REDACTED_AND_NORMALIZED,VERIFIED_INTEGRITY,616d46254bf28ce5dabd9127b72096c1aaa7d6f80413059ad330c162a77935f4
PRV-000592,CMP-2026-00717,POLICE_LEDGER,2025-08-01 17:31:58,PII_REDACTED_AND_NORMALIZED,VERIFIED_INTEGRITY,96719fc4a862e6c371f00e362515eb9d920725789e29f222a974d7ad6ff54b31
PRV-000593,CMP-2026-01203,CITIZEN_PORTAL,2025-06-02 09:27:38,PII_REDACTED_AND_NORMALIZED,VERIFIED_INTEGRITY,23859bbd90f77e3a9c67639ca644c5b9acf527663e00ce824240e5dd44749fb1
PRV-000594,CMP-2026-00325,CITIZEN_PORTAL,2026-05-12 02:40:10,PII_REDACTED_AND_NORMALIZED,VERIFIED_INTEGRITY,5d495339fbc078f50ed652023e76f89032da3c29a920d39c0b02b02eb7f33460
PRV-000595,CMP-2026-00100,CITIZEN_PORTAL,2025-12-24 23:27:19,PII_REDACTED_AND_NORMALIZED,VERIFIED_INTEGRITY,7027d421dc1ac21a9e906d53d20943568ef1fccd27257c8f91269e7ab80d039d
PRV-000596,CMP-2026-00016,CHECKPOST_SCANNER,2025-11-02 11:13:40,PII_REDACTED_AND_NORMALIZED,VERIFIED_INTEGRITY,6b2dc6a47672628dc932b7e4658743b5ca90d8a99607a244af4be345b370f14c
PRV-000597,CMP-2026-00825,CHECKPOST_SCANNER,2024-12-10 16:15:07,PII_REDACTED_AND_NORMALIZED,VERIFIED_INTEGRITY,198cb1cb9f45909cd257371729ee51c93e834a16f5622bb5499d598a2ec09fb5
PRV-000598,CMP-2026-00893,POLICE_LEDGER,2025-11-04 02:56:38,PII_REDACTED_AND_NORMALIZED,VERIFIED_INTEGRITY,6e59e4298523cc1cf28dcba9eafcebd1e4972fe940cf734a88ae880067c7104f
PRV-000599,CMP-2026-00449,POLICE_LEDGER,2026-06-09 12:47:48,PII_REDACTED_AND_NORMALIZED,VERIFIED_INTEGRITY,d6c15d56a3893f4d532bc0df0776836fedc99a29ae3348201400ce6eee5eb250
PRV-000600,CMP-2026-00440,CITIZEN_PORTAL,2025-12-22 15:18:44,PII_REDACTED_AND_NORMALIZED,VERIFIED_INTEGRITY,f7abc214d53cf1aefca9de4a4aefc07642356853c1b3a12f735c4859af7988ee
PRV-000601,CMP-2026-00425,HEALTH_STAT,2025-08-24 20:50:52,PII_REDACTED_AND_NORMALIZED,VERIFIED_INTEGRITY,ed66f404c650724843ae8a64624b86895659ad9f7e09dbb3003076062b9027ec
PRV-000602,CMP-2026-00293,POLICE_LEDGER,2026-01-10 15:47:11,PII_REDACTED_AND_NORMALIZED,VERIFIED_INTEGRITY,4554fe6d5ae556352ed321693043407a82cac2d362178d2ac11e6f672ed33cc3
PRV-000603,CMP-2026-00652,POLICE_LEDGER,2025-05-30 17:08:25,PII_REDACTED_AND_NORMALIZED,VERIFIED_INTEGRITY,c560794bec19f9cabfc27442e337c0989d74e74f29b6daed4c7451e84ea48af1
PRV-000604,CMP-2026-00547,POLICE_LEDGER,2026-07-03 14:24:42,PII_REDACTED_AND_NORMALIZED,VERIFIED_INTEGRITY,f715bf1d88901c0a45ccb6c5174dec32ec693c957cf08e4907fb14731ad82a9c
PRV-000605,CMP-2026-00916,CITIZEN_PORTAL,2025-01-17 01:37:58,PII_REDACTED_AND_NORMALIZED,VERIFIED_INTEGRITY,7cd00c267837f340db8c81acca3db692e7efbc4b0fb20b779f74299194d35b89
PRV-000606,CMP-2026-00805,POLICE_LEDGER,2025-12-13 20:56:28,PII_REDACTED_AND_NORMALIZED,VERIFIED_INTEGRITY,61ae2a34639deabce14baab2a93621ba3443e74f3e75acf59acfdc092606d3a5
PRV-000607,CMP-2026-00842,POLICE_LEDGER,2024-10-15 04:45:30,PII_REDACTED_AND_NORMALIZED,VERIFIED_INTEGRITY,a679120b93b647ce2f80facd24ee5324c5e53c1d12d91557ce7b57136cfd75f1
PRV-000608,CMP-2026-00439,CITIZEN_PORTAL,2025-12-02 13:45:05,PII_REDACTED_AND_NORMALIZED,VERIFIED_INTEGRITY,5d1a83952eef269d4ddc54670e1772417134d3d344edb958067aa21b55f1bf87
PRV-000609,CMP-2026-00387,CITIZEN_PORTAL,2025-12-04 16:00:37,PII_REDACTED_AND_NORMALIZED,VERIFIED_INTEGRITY,d5e3bb60b8d9fd1c52b7ad5f7a5b62b04faec0bcc503a16190731639ceedb340
PRV-000610,CMP-2026-00055,POLICE_LEDGER,2024-10-14 17:08:51,PII_REDACTED_AND_NORMALIZED,VERIFIED_INTEGRITY,12637392db037b84e0eaedc3202ad566b3e51566de4b32ca1e4fe01d3158d256
PRV-000611,CMP-2026-01200,CITIZEN_PORTAL,2025-05-04 22:18:44,PII_REDACTED_AND_NORMALIZED,VERIFIED_INTEGRITY,35bc0d698350e6d9b66be2f2bcd77d24eb58fa83674555cc671f777dd9f907cf
PRV-000612,CMP-2026-01136,POLICE_LEDGER,2025-04-02 08:11:47,PII_REDACTED_AND_NORMALIZED,VERIFIED_INTEGRITY,b05715ff1911bd33f99f1ebdd12c85fc66990a865f3c0fe28d0bfd327c5a80e5
PRV-000613,CMP-2026-00051,HEALTH_STAT,2025-06-17 04:28:54,PII_REDACTED_AND_NORMALIZED,VERIFIED_INTEGRITY,07e231f2aebcf3b0475599ff11638e2ee1c74fcb5ddc9c8deb4b29b2d6f0a1bd
PRV-000614,CMP-2026-00038,POLICE_LEDGER,2026-03-27 21:36:47,PII_REDACTED_AND_NORMALIZED,VERIFIED_INTEGRITY,1910cc825693af6f830462ee3fd897265cb6768f573f6982b98a7126fbdf31a7
PRV-000615,CMP-2026-00838,CHECKPOST_SCANNER,2024-11-16 18:13:56,PII_REDACTED_AND_NORMALIZED,VERIFIED_INTEGRITY,3a14cddcf287b551b0e1e9ede6807117f64f34ca40fa4119bc6c3aef63f9cab0
PRV-000616,CMP-2026-00504,POLICE_LEDGER,2025-05-31 14:37:54,PII_REDACTED_AND_NORMALIZED,VERIFIED_INTEGRITY,ff47058de572ed19036a46bebe2bc8cffccc2695ee4dff2f7b9e3e89e0d8267e
PRV-000617,CMP-2026-00063,HEALTH_STAT,2025-06-24 08:32:58,PII_REDACTED_AND_NORMALIZED,VERIFIED_INTEGRITY,986470d1927060501214db32a2b4dba1a0038b0d288c3c6e156f926d1403a26c
PRV-000618,CMP-2026-00027,HEALTH_STAT,2026-05-23 16:20:50,PII_REDACTED_AND_NORMALIZED,VERIFIED_INTEGRITY,f193b91a79300c7a21ac3fe4d23319efc5c94fcbb3a62de10d866eabb00d16a8
PRV-000619,CMP-2026-00135,CHECKPOST_SCANNER,2026-02-27 07:02:04,PII_REDACTED_AND_NORMALIZED,VERIFIED_INTEGRITY,6f02618a45eb5466a74300c2d2a3d30b95c9b72eaf00b481c24eaba35c016afb
PRV-000620,CMP-2026-01202,POLICE_LEDGER,2025-02-19 19:52:15,PII_REDACTED_AND_NORMALIZED,VERIFIED_INTEGRITY,26b503f2d71f8a2fc7ef62fe3eb1285a49ade170d22977d3f3982dfa2b5966e2
PRV-000621,CMP-2026-00229,CITIZEN_PORTAL,2026-04-06 22:11:40,PII_REDACTED_AND_NORMALIZED,VERIFIED_INTEGRITY,4efcbb3fa34a71e2847c24facaae73780b7f9b9f4a7deab8dec350a8f1f707cf
PRV-000622,CMP-2026-00006,CHECKPOST_SCANNER,2026-08-13 09:52:21,PII_REDACTED_AND_NORMALIZED,VERIFIED_INTEGRITY,4a54733bc17d4c9ebf7e9578503fa12fcea515ef74391e65d0cea32524c40309
PRV-000623,CMP-2026-00098,POLICE_LEDGER,2026-03-02 13:10:22,PII_REDACTED_AND_NORMALIZED,VERIFIED_INTEGRITY,b8639f829f598eab42bf2bcd804861981b9b37c99f072edeab6bea97fbadea79
PRV-000624,CMP-2026-00944,CITIZEN_PORTAL,2026-03-20 02:18:03,PII_REDACTED_AND_NORMALIZED,VERIFIED_INTEGRITY,4d81b9de0b7d313465b0df49e1078976b1394b0d91159b9685d2a8fb8314ca60
PRV-000625,CMP-2026-00758,POLICE_LEDGER,2025-07-30 18:52:07,PII_REDACTED_AND_NORMALIZED,VERIFIED_INTEGRITY,452e194b067e6447083de2943c2c96ecd07379b4d1922bc9b6a2dbc2c1957f44
PRV-000626,CMP-2026-00706,HEALTH_STAT,2025-09-16 17:24:26,PII_REDACTED_AND_NORMALIZED,VERIFIED_INTEGRITY,92d2c6412550f13c72bd581d586adf0082551cb154bb7f1fe588c2583c2d8e06
PRV-000627,CMP-2026-00085,CHECKPOST_SCANNER,2024-10-07 16:30:06,PII_REDACTED_AND_NORMALIZED,VERIFIED_INTEGRITY,fe4aece0d24cf6a512b63264935646bc6193517ed56bd8420ec90a71e56bfbef
PRV-000628,CMP-2026-00204,CITIZEN_PORTAL,2025-06-22 00:10:16,PII_REDACTED_AND_NORMALIZED,VERIFIED_INTEGRITY,6120b4f3ae788a55f0d61d07cfc2a2d70b23b1d635bd5e7cf0f775bce5b1d0b9
PRV-000629,CMP-2026-00234,POLICE_LEDGER,2025-08-14 18:13:04,PII_REDACTED_AND_NORMALIZED,VERIFIED_INTEGRITY,3a666853072987936b7f740bcbb9f673f378dd941377448c5c851ac29915bbe4
PRV-000630,CMP-2026-01248,CITIZEN_PORTAL,2026-04-27 09:29:33,PII_REDACTED_AND_NORMALIZED,VERIFIED_INTEGRITY,f40e1b36ba5f8dabaeb23cb8c5d5f4f2e8a646954f455482e1795e0f8408ef1c
PRV-000631,CMP-2026-00967,HEALTH_STAT,2026-03-18 22:42:09,PII_REDACTED_AND_NORMALIZED,VERIFIED_INTEGRITY,bc28723d59bbe06de981e640d58a0dc69e7bec05a516bc60abc6da670eaa7506
PRV-000632,CMP-2026-00644,POLICE_LEDGER,2025-12-19 21:06:59,PII_REDACTED_AND_NORMALIZED,VERIFIED_INTEGRITY,3096d241ca6f6dfefaaec807906475903d60eda74d85c201b718a80b71dbeada
PRV-000633,CMP-2026-00316,HEALTH_STAT,2024-12-16 21:07:33,PII_REDACTED_AND_NORMALIZED,VERIFIED_INTEGRITY,2433ca486bb7a9b8c1f1931293a505b18228db4b382191c05bb8172ab26b815d
PRV-000634,CMP-2026-01190,POLICE_LEDGER,2024-11-19 15:56:49,PII_REDACTED_AND_NORMALIZED,VERIFIED_INTEGRITY,93605555f53f7406e2dfaf3f8f0508203cb7514423e6056a6573c4c92fa73a6b
PRV-000635,CMP-2026-00694,POLICE_LEDGER,2025-07-05 05:49:23,PII_REDACTED_AND_NORMALIZED,VERIFIED_INTEGRITY,41adad141bd038b5fd2a4b2de660927ff5099047fed6f77a2a026b47a08c49a5
PRV-000636,CMP-2026-01072,HEALTH_STAT,2026-05-30 15:50:34,PII_REDACTED_AND_NORMALIZED,VERIFIED_INTEGRITY,d3dff4caaeea26681eebe9216868ad4c83ded317102f76015c219bc59f3b04c7
PRV-000637,CMP-2026-00244,CITIZEN_PORTAL,2024-10-20 11:23:52,PII_REDACTED_AND_NORMALIZED,VERIFIED_INTEGRITY,a9f723b532c216cd81c2dab9f5a7f8d398ddc5d62540360fec96d647b5a3b01a
PRV-000638,CMP-2026-00331,POLICE_LEDGER,2025-11-12 09:40:07,PII_REDACTED_AND_NORMALIZED,VERIFIED_INTEGRITY,305f4ef5ea6c003ec7aacfcd9a1ba9db75317cddf0070ce480e704b7526239fd
PRV-000639,CMP-2026-00363,HEALTH_STAT,2026-06-16 05:17:59,PII_REDACTED_AND_NORMALIZED,VERIFIED_INTEGRITY,63c7dee684ef1493ef06bfd7631c146ad70e0cf664945dac498024f9924d2dec
PRV-000640,CMP-2026-00020,POLICE_LEDGER,2024-10-19 01:01:13,PII_REDACTED_AND_NORMALIZED,VERIFIED_INTEGRITY,0f9776d08616be550304b04e6196ac665c78c3675aeea6c6359f76ef85019e5c
PRV-000641,CMP-2026-00605,CITIZEN_PORTAL,2026-02-02 23:47:35,PII_REDACTED_AND_NORMALIZED,VERIFIED_INTEGRITY,cc8224e1a460a1ececa422c8f7bf71cbab247f43df70af971e21dac638452d69
PRV-000642,CMP-2026-00153,HEALTH_STAT,2025-05-07 13:49:38,PII_REDACTED_AND_NORMALIZED,VERIFIED_INTEGRITY,70d7a3cb7eecb0b3b3dfbb5f9e0c38c82f81df1d9ff7d0e674841e30f6237c6f
PRV-000643,CMP-2026-00024,POLICE_LEDGER,2024-12-18 21:36:50,PII_REDACTED_AND_NORMALIZED,VERIFIED_INTEGRITY,76307cd36433d6f4de3dfce0e159c5f5dbd720d145f8e591e967a62b18c06594
PRV-000644,CMP-2026-00645,POLICE_LEDGER,2025-09-06 06:08:58,PII_REDACTED_AND_NORMALIZED,VERIFIED_INTEGRITY,4d578f492eb25388a35b5b3b7b58c6ecf7cd8a3d9dce90d37079d5ba98bb315c
PRV-000645,CMP-2026-00863,HEALTH_STAT,2025-02-25 01:11:14,PII_REDACTED_AND_NORMALIZED,VERIFIED_INTEGRITY,544ab748e869d0fc8c23e622c278835db4ad4773cdca79573cee467bd1440c86
PRV-000646,CMP-2026-00884,CITIZEN_PORTAL,2025-05-31 22:22:51,PII_REDACTED_AND_NORMALIZED,VERIFIED_INTEGRITY,4bd65a1820a8225ecc5ddbc9353ac6f7ddafe88baba4e1966f23dc07dd4ec81e
PRV-000647,CMP-2026-00120,POLICE_LEDGER,2025-09-24 09:42:21,PII_REDACTED_AND_NORMALIZED,VERIFIED_INTEGRITY,5f2542392b6029682584431733739497db12900ae776fadb11e915a407bc64b5
PRV-000648,CMP-2026-00329,POLICE_LEDGER,2024-11-14 22:29:33,PII_REDACTED_AND_NORMALIZED,VERIFIED_INTEGRITY,29686d87c3a3bcb548ea563159cf26a48b1fc738477824841cdbaec7f0088d5a
PRV-000649,CMP-2026-00523,POLICE_LEDGER,2024-09-25 01:49:59,PII_REDACTED_AND_NORMALIZED,VERIFIED_INTEGRITY,cce4e7b6941a3be65d3992c38798d12e17b3b58da13c0989b94f4928b7136b0e
PRV-000650,CMP-2026-00830,POLICE_LEDGER,2026-05-20 22:14:06,PII_REDACTED_AND_NORMALIZED,VERIFIED_INTEGRITY,6f28d0cabcd51e08c7f48ec85096879076a3b7d9fafa9771d40373f079c89614
PRV-000651,CMP-2026-00850,CITIZEN_PORTAL,2026-02-03 00:54:17,PII_REDACTED_AND_NORMALIZED,VERIFIED_INTEGRITY,51cd2a67c484bb31017c81f3ef8c0b326b9a9588516629d3d94bb7663fdde857
PRV-000652,CMP-2026-00410,HEALTH_STAT,2025-11-11 22:36:23,PII_REDACTED_AND_NORMALIZED,VERIFIED_INTEGRITY,8e0a05b2c069b91a631a9d7e58c51afe6bcb63d8e8568dd1c4a04121432edee4
PRV-000653,CMP-2026-00928,CHECKPOST_SCANNER,2025-03-23 05:28:53,PII_REDACTED_AND_NORMALIZED,VERIFIED_INTEGRITY,682fa684d490ac1f8e5d8c06caf01b60b1e69c7b6aab9715b814fd368e2a8fe9
PRV-000654,CMP-2026-00837,HEALTH_STAT,2025-04-29 01:19:47,PII_REDACTED_AND_NORMALIZED,VERIFIED_INTEGRITY,dcc310aa352bbf1339491538a25b307b6732800672a3c11dfef97d581d04ffd4
PRV-000655,CMP-2026-01193,HEALTH_STAT,2026-08-13 23:54:15,PII_REDACTED_AND_NORMALIZED,VERIFIED_INTEGRITY,c7eaa8fb02301628285067c13dbac8ca92e9a4a094e1dd4d53f6c3c8fd1c748f
PRV-000656,CMP-2026-00421,CITIZEN_PORTAL,2024-11-29 18:40:18,PII_REDACTED_AND_NORMALIZED,VERIFIED_INTEGRITY,c5b3b36e52959cf2c7cc995ad3342536098b7ed3f20e481e6a51d323060831a6
PRV-000657,CMP-2026-00140,CHECKPOST_SCANNER,2025-08-18 12:19:09,PII_REDACTED_AND_NORMALIZED,VERIFIED_INTEGRITY,417cec61a535f67c86adfd238b97ade4536efd9fdf98476c456dc471d4a70652
PRV-000658,CMP-2026-00417,CHECKPOST_SCANNER,2025-05-21 09:57:12,PII_REDACTED_AND_NORMALIZED,VERIFIED_INTEGRITY,af326de26089b15b05d696d0fb38a4c6baf931663fa4c151b131a1ef6d07323a
PRV-000659,CMP-2026-00292,CITIZEN_PORTAL,2025-03-11 04:19:58,PII_REDACTED_AND_NORMALIZED,VERIFIED_INTEGRITY,9e133d8be7328ed9b3277872ead9529d5b082691696d3e85afbd68e146e6ba82
PRV-000660,CMP-2026-00773,CHECKPOST_SCANNER,2025-07-09 07:36:01,PII_REDACTED_AND_NORMALIZED,VERIFIED_INTEGRITY,0b46154b4eeb980640e66c4bc8a43d1c8c81648d7d8c538699e5810e5189e513
PRV-000661,CMP-2026-00055,CHECKPOST_SCANNER,2026-07-18 02:15:52,PII_REDACTED_AND_NORMALIZED,VERIFIED_INTEGRITY,d5368bd11e3fb3c035227ff6028eafab9121520c7da16140caa1a617e27ab4f1
PRV-000662,CMP-2026-00638,CITIZEN_PORTAL,2025-02-25 10:22:22,PII_REDACTED_AND_NORMALIZED,VERIFIED_INTEGRITY,a65f9f599ba417be11f5245584703d1abd61920c4c1c5c40603ce78f9c679c8f
PRV-000663,CMP-2026-00269,CHECKPOST_SCANNER,2025-03-22 15:58:10,PII_REDACTED_AND_NORMALIZED,VERIFIED_INTEGRITY,b47b8118f25edc66ca8e5d6885ec83fa8dafaac1c01bc43d3b1216675369d367
PRV-000664,CMP-2026-00966,POLICE_LEDGER,2025-12-19 13:41:18,PII_REDACTED_AND_NORMALIZED,VERIFIED_INTEGRITY,11dfe31d77248a613ccc3d4d31fcc56130e83afbea0702b483941677625efdb7
PRV-000665,CMP-2026-01003,CHECKPOST_SCANNER,2025-07-20 11:45:15,PII_REDACTED_AND_NORMALIZED,VERIFIED_INTEGRITY,53f74fab78dce82288c19ea601b575a61a3df9948f72a4bb09307960d2c02d41
PRV-000666,CMP-2026-00276,HEALTH_STAT,2025-08-26 08:13:08,PII_REDACTED_AND_NORMALIZED,VERIFIED_INTEGRITY,5028246dacc9d5d36f54134dc50429c74c3c02e3bff0fd4cf4e6c4af20ad1a31
PRV-000667,CMP-2026-00121,HEALTH_STAT,2025-02-09 04:31:55,PII_REDACTED_AND_NORMALIZED,VERIFIED_INTEGRITY,4a171a59abd89a85f210886f9c3291f59295903625f40fe9a541ab2a52e0c717
PRV-000668,CMP-2026-00127,CHECKPOST_SCANNER,2025-11-23 01:16:58,PII_REDACTED_AND_NORMALIZED,VERIFIED_INTEGRITY,a01f8f42df0fb848bb98655e92d9f9fddb2f937f6f4da7ca050922cf2d806a84
PRV-000669,CMP-2026-00053,CITIZEN_PORTAL,2025-08-14 14:52:50,PII_REDACTED_AND_NORMALIZED,VERIFIED_INTEGRITY,8ad1a84ac1d37a8b5fd44a667e93d9548fe2825e2d1de63d3efccb36a5820817
PRV-000670,CMP-2026-00927,POLICE_LEDGER,2025-06-27 11:49:00,PII_REDACTED_AND_NORMALIZED,VERIFIED_INTEGRITY,b9f82af252b58e12b3469635e6a7c3f9d35a9152e2212ebfa00a1429ca0595fa
PRV-000671,CMP-2026-01187,CITIZEN_PORTAL,2025-08-03 09:55:48,PII_REDACTED_AND_NORMALIZED,VERIFIED_INTEGRITY,8a46dcfb854949e9dba508b83fab54f94c191fade28b2aa089ebbd75d66b8a24
PRV-000672,CMP-2026-00915,POLICE_LEDGER,2025-04-01 00:40:44,PII_REDACTED_AND_NORMALIZED,VERIFIED_INTEGRITY,bff59925d4d9a2417d4a5c5d88f3a0fd8bf2ea403367f2f8f0f28d6988a83206
PRV-000673,CMP-2026-00632,CHECKPOST_SCANNER,2024-11-07 16:45:09,PII_REDACTED_AND_NORMALIZED,VERIFIED_INTEGRITY,1bacf7113892104be426b31a55cfcf18fcd0a9405d4edb9171913838c5b83b06
PRV-000674,CMP-2026-00326,POLICE_LEDGER,2026-02-15 02:03:01,PII_REDACTED_AND_NORMALIZED,VERIFIED_INTEGRITY,41c085abee02bd98c9e6a4b255b4dde3d8999499af33273ec093763cbe8cfafd
PRV-000675,CMP-2026-00875,CHECKPOST_SCANNER,2025-06-04 03:35:55,PII_REDACTED_AND_NORMALIZED,VERIFIED_INTEGRITY,d8d6fe0f813b4abde5faeac76528eb67296800217e8d0bcb81427df3ca1a5ff4
PRV-000676,CMP-2026-00705,CITIZEN_PORTAL,2026-06-11 08:06:46,PII_REDACTED_AND_NORMALIZED,VERIFIED_INTEGRITY,f8e6977602dfadcce29d70d69b08d493cea580c2ae959ad34d8ccb0df068fc5f
PRV-000677,CMP-2026-00486,HEALTH_STAT,2024-11-25 04:23:12,PII_REDACTED_AND_NORMALIZED,VERIFIED_INTEGRITY,46202636781908376ab026dea813fdd527bfa168f30a6bca73605f6ebc6c5d48
PRV-000678,CMP-2026-00061,POLICE_LEDGER,2026-02-19 19:34:49,PII_REDACTED_AND_NORMALIZED,VERIFIED_INTEGRITY,1de7ab2283e0acd6a8acb5605d31de6a7d2f8cd5f47428cc6b7295b080d22704
PRV-000679,CMP-2026-00576,POLICE_LEDGER,2025-09-08 02:04:13,PII_REDACTED_AND_NORMALIZED,VERIFIED_INTEGRITY,2024b080fec14e7e15872c37e6e159123d956c498b77479a6a683898514a3221
PRV-000680,CMP-2026-01078,CHECKPOST_SCANNER,2025-12-29 02:17:57,PII_REDACTED_AND_NORMALIZED,VERIFIED_INTEGRITY,9fe346be4d59fc2319265f274080fc01e4e31c65ed2542d0de24357c5ed4b4ad
PRV-000681,CMP-2026-00304,HEALTH_STAT,2026-08-17 03:17:24,PII_REDACTED_AND_NORMALIZED,VERIFIED_INTEGRITY,9064e27585281d896fda5e86d559b7b2fd0248bf9e1f1262028aec8e60abe1bf
PRV-000682,CMP-2026-00040,CITIZEN_PORTAL,2025-06-23 11:32:24,PII_REDACTED_AND_NORMALIZED,VERIFIED_INTEGRITY,b790367364b4b4acabd1ff410ef8ee45f3843e6d6bf07db82eaee8c0fda43619
PRV-000683,CMP-2026-01001,CHECKPOST_SCANNER,2025-09-24 01:16:53,PII_REDACTED_AND_NORMALIZED,VERIFIED_INTEGRITY,e9c7a1f5e50cd50b4974c8c3cf00d699d96cf05f08025f0f64308308fd5656c0
PRV-000684,CMP-2026-01004,CHECKPOST_SCANNER,2026-03-19 16:18:58,PII_REDACTED_AND_NORMALIZED,VERIFIED_INTEGRITY,e32241b5bd35a01621f055bfc65252dd621713b2eba83045e111508982d3392d
PRV-000685,CMP-2026-00216,POLICE_LEDGER,2025-08-31 05:09:32,PII_REDACTED_AND_NORMALIZED,VERIFIED_INTEGRITY,c3936d60d7391808dd571fafd6275475c105f08bf98fcb91accd25ca7a373fcf
PRV-000686,CMP-2026-00752,CHECKPOST_SCANNER,2026-06-18 02:43:09,PII_REDACTED_AND_NORMALIZED,VERIFIED_INTEGRITY,df31bd3ff8e470db7d01495cbaa16bd301cd475125b2ea7e5e58ffb3f663ce3d
PRV-000687,CMP-2026-00686,HEALTH_STAT,2025-05-18 13:48:28,PII_REDACTED_AND_NORMALIZED,VERIFIED_INTEGRITY,4d361e223d5b3f4ed7bd4f66ef281a05cb72058903e2845ce9d2c2910bdf0af0
PRV-000688,CMP-2026-00814,HEALTH_STAT,2025-07-25 18:48:05,PII_REDACTED_AND_NORMALIZED,VERIFIED_INTEGRITY,c2f34463f8fe03cbd0800ccaa44d06ba169d4d3be2341375378a04299ffe75b8
PRV-000689,CMP-2026-01072,CHECKPOST_SCANNER,2025-05-05 07:33:02,PII_REDACTED_AND_NORMALIZED,VERIFIED_INTEGRITY,7e33966b7d35fff59b485df730537ef24649dc919e10769e1b9d14bacaeca871
PRV-000690,CMP-2026-00154,POLICE_LEDGER,2025-09-18 15:10:14,PII_REDACTED_AND_NORMALIZED,VERIFIED_INTEGRITY,4673beb29d6add73f1330281955bc85c09c1cfdce495b24fde66ef26f66bd7ce
PRV-000691,CMP-2026-00364,HEALTH_STAT,2026-02-15 03:13:54,PII_REDACTED_AND_NORMALIZED,VERIFIED_INTEGRITY,8d4720c8781c49158c9caab487832fa2b92dcc6e0eaeae8ed724ffb11b10d62f
PRV-000692,CMP-2026-00913,CITIZEN_PORTAL,2026-06-06 14:47:27,PII_REDACTED_AND_NORMALIZED,VERIFIED_INTEGRITY,6cd8577b563a7b85aee6abdd08f899603432e2c04cb193064c6e14a04cb30c7f
PRV-000693,CMP-2026-00868,POLICE_LEDGER,2026-05-31 10:28:50,PII_REDACTED_AND_NORMALIZED,VERIFIED_INTEGRITY,cc0e01489f9bc8526dca2ea21a9652e7d72d3bfa1c5e08fb49a80be28d842045
PRV-000694,CMP-2026-01048,POLICE_LEDGER,2025-08-15 02:36:15,PII_REDACTED_AND_NORMALIZED,VERIFIED_INTEGRITY,81a4ba7ed983e7fc0b83593b3b87cedce9f379d6c7c331727dae84ae509f9ba3
PRV-000695,CMP-2026-00625,HEALTH_STAT,2025-08-15 06:36:37,PII_REDACTED_AND_NORMALIZED,VERIFIED_INTEGRITY,7de5a112883fcc05f0a251eba129e77042890b9aa54108209b1741b1d1a00e55
PRV-000696,CMP-2026-00777,HEALTH_STAT,2025-08-10 19:48:29,PII_REDACTED_AND_NORMALIZED,VERIFIED_INTEGRITY,b42fa2366cb83e3bf03643a302c88786ade0a3ed33be86b868986cb6fc53e8c9
PRV-000697,CMP-2026-00389,POLICE_LEDGER,2025-01-22 20:27:52,PII_REDACTED_AND_NORMALIZED,VERIFIED_INTEGRITY,991bb080a75e5dcdd49ba475d4ee79205bbbf56e6d40bcad9b09e5b431f5b8e1
PRV-000698,CMP-2026-00793,CITIZEN_PORTAL,2026-06-01 09:32:57,PII_REDACTED_AND_NORMALIZED,VERIFIED_INTEGRITY,872a5c8e98b43b5cac10d09ec1aa7568b497e4ce0f5d2680232635fcc22f5d3d
PRV-000699,CMP-2026-00991,CHECKPOST_SCANNER,2026-05-12 11:57:42,PII_REDACTED_AND_NORMALIZED,VERIFIED_INTEGRITY,632b41f1323631781cdf58c4b81080214cc1cc2e58e724b7448d843e44710bb4
PRV-000700,CMP-2026-00109,CHECKPOST_SCANNER,2026-03-03 22:23:48,PII_REDACTED_AND_NORMALIZED,VERIFIED_INTEGRITY,e8b89313b35a8f9aa19f19d8dcde5137849b5b0cc899f29fd2b775af32136e16
PRV-000701,CMP-2026-00253,POLICE_LEDGER,2024-10-17 21:43:48,PII_REDACTED_AND_NORMALIZED,VERIFIED_INTEGRITY,714cc629912a2f4f20ad3d4ee9b876aea05ff82dd1f6fcd417f937944b4ab2d9
PRV-000702,CMP-2026-00084,CITIZEN_PORTAL,2026-06-25 09:13:39,PII_REDACTED_AND_NORMALIZED,VERIFIED_INTEGRITY,594acf62ec7b136fe206edc3852807385ceb833c061e023b8bc33ab5480c8547
PRV-000703,CMP-2026-00244,POLICE_LEDGER,2025-04-17 12:14:56,PII_REDACTED_AND_NORMALIZED,VERIFIED_INTEGRITY,1853fc9c2ac8935e70e1c4b0c796dc9b2441177d894454f636838a02d059727f
PRV-000704,CMP-2026-00929,HEALTH_STAT,2024-12-29 08:43:28,PII_REDACTED_AND_NORMALIZED,VERIFIED_INTEGRITY,c7292748fe96a7e58270d49acdf8762c817f5ce3fbe075a43eae4868df6e1191
PRV-000705,CMP-2026-00420,HEALTH_STAT,2024-12-07 12:24:36,PII_REDACTED_AND_NORMALIZED,VERIFIED_INTEGRITY,7db7c6a5438f2c9ace77d42e2df69cc0394b775b79277c3cae04422ede518ef3
PRV-000706,CMP-2026-00767,HEALTH_STAT,2025-07-16 06:01:40,PII_REDACTED_AND_NORMALIZED,VERIFIED_INTEGRITY,7866cffd52d8ea4130faab06c9b9c80475078d71a3b93fd3cf9b2d0418483ac5
PRV-000707,CMP-2026-01189,POLICE_LEDGER,2026-04-19 02:34:31,PII_REDACTED_AND_NORMALIZED,VERIFIED_INTEGRITY,d7a7413cef1f28ded51e36ccd11abb522b3eb0b3fa11283c8c4e109d3c699f98
PRV-000708,CMP-2026-00661,CHECKPOST_SCANNER,2026-07-13 19:22:06,PII_REDACTED_AND_NORMALIZED,VERIFIED_INTEGRITY,7fccfb38a01629f5ee5a724904c8a202681879c21c79ad0cc4476eaab9a3a600
PRV-000709,CMP-2026-00964,POLICE_LEDGER,2026-01-13 05:27:40,PII_REDACTED_AND_NORMALIZED,VERIFIED_INTEGRITY,579bc5bce4d2af156684a8cecf6472cfb29093d1d0c58687f29ad46803faa1af
PRV-000710,CMP-2026-00009,POLICE_LEDGER,2025-03-21 23:04:43,PII_REDACTED_AND_NORMALIZED,VERIFIED_INTEGRITY,18900a1d9259aa638eedd69cd93e4519f0824ff13ab59fe56219c8f6feb17647
PRV-000711,CMP-2026-00147,HEALTH_STAT,2026-03-09 14:00:58,PII_REDACTED_AND_NORMALIZED,VERIFIED_INTEGRITY,f6289e415f44166f3f1452df4f094bc23b150e2b162772c04da38eec41d5f086
PRV-000712,CMP-2026-00369,CITIZEN_PORTAL,2024-09-21 19:14:53,PII_REDACTED_AND_NORMALIZED,VERIFIED_INTEGRITY,1c46f62cfac6784508ec75f368e29e738049c8f510bd341d225aa56222e3e830
PRV-000713,CMP-2026-00774,HEALTH_STAT,2026-01-24 16:38:57,PII_REDACTED_AND_NORMALIZED,VERIFIED_INTEGRITY,223feef2af60338e0bf1d329656c95035ed0a72e62031b6dda73b9eee3f87756
PRV-000714,CMP-2026-00070,POLICE_LEDGER,2025-01-13 13:58:12,PII_REDACTED_AND_NORMALIZED,VERIFIED_INTEGRITY,17545071f6e23bf15e787952d76ac3f5bf2b14b670b5389a0ae2e11c87040210
PRV-000715,CMP-2026-00982,HEALTH_STAT,2025-12-05 19:49:05,PII_REDACTED_AND_NORMALIZED,VERIFIED_INTEGRITY,7d1dabc6c620cf3702b98b7a9b2658b1b3c238907320dc8df90e6bcf533c77c1
PRV-000716,CMP-2026-00508,CHECKPOST_SCANNER,2025-10-11 01:14:53,PII_REDACTED_AND_NORMALIZED,VERIFIED_INTEGRITY,d6831bbac20d36b869398ee41fa95a67907ee64de958ea9830fb6c83ba7f9499
PRV-000717,CMP-2026-00059,HEALTH_STAT,2025-06-08 07:36:24,PII_REDACTED_AND_NORMALIZED,VERIFIED_INTEGRITY,d68781743ba3b8a388bdc5aa4a696b8cb4db9a235ce14cc5e8137f7d447ed9b3
PRV-000718,CMP-2026-00836,POLICE_LEDGER,2025-10-03 10:58:15,PII_REDACTED_AND_NORMALIZED,VERIFIED_INTEGRITY,74fb6c3ad7a0e12b3c72acd2e967d9483731cc433f4bce40f697ec263c1b8172
PRV-000719,CMP-2026-01063,CHECKPOST_SCANNER,2025-02-19 17:49:39,PII_REDACTED_AND_NORMALIZED,VERIFIED_INTEGRITY,5623dbd4085120c73031938a5f023eb956b3fc2ea02988b3ea460e5ce7f0277f
PRV-000720,CMP-2026-01103,HEALTH_STAT,2024-11-21 05:28:04,PII_REDACTED_AND_NORMALIZED,VERIFIED_INTEGRITY,7a9b6ad14f4e6d3c1e944a405853e1a261786736d6f9cc1bde9554268f2be540
PRV-000721,CMP-2026-00493,HEALTH_STAT,2026-05-31 08:28:48,PII_REDACTED_AND_NORMALIZED,VERIFIED_INTEGRITY,dce2c73ae475e7e7d5598219bd0fc78daffc3f4a6eee209fd324010860b8872a
PRV-000722,CMP-2026-00067,HEALTH_STAT,2024-10-20 21:05:34,PII_REDACTED_AND_NORMALIZED,VERIFIED_INTEGRITY,d830ceb28d07b174ac5e3f5904ed9c806c2e2be97fce74d4a5d286e324f333d5
PRV-000723,CMP-2026-00579,HEALTH_STAT,2025-09-12 15:06:39,PII_REDACTED_AND_NORMALIZED,VERIFIED_INTEGRITY,af24cb7f72a55904bdf5dde594718061cc0b722d677054e42b6384d2a8c9a661
PRV-000724,CMP-2026-00508,CITIZEN_PORTAL,2024-10-12 22:30:22,PII_REDACTED_AND_NORMALIZED,VERIFIED_INTEGRITY,36747505272b6a3875b51fa54b3be32514b4b55202b6e0935d367c1d839ff6b4
PRV-000725,CMP-2026-00781,POLICE_LEDGER,2026-02-21 05:56:05,PII_REDACTED_AND_NORMALIZED,VERIFIED_INTEGRITY,72268c127036e95a420b405b3ed4027208667984c32ced86b8c2b15f35fb45d4
PRV-000726,CMP-2026-00081,POLICE_LEDGER,2026-02-20 11:29:46,PII_REDACTED_AND_NORMALIZED,VERIFIED_INTEGRITY,38d6bf97c2714e547a198497e8a5e8d8735ec09548a55992304afdf533d3aacc
PRV-000727,CMP-2026-00476,HEALTH_STAT,2026-01-11 17:47:00,PII_REDACTED_AND_NORMALIZED,VERIFIED_INTEGRITY,89f3dcd84249936ecd459bde2d2367156a84f6945165fd4412747a5513064b61
PRV-000728,CMP-2026-00888,CITIZEN_PORTAL,2025-12-31 09:59:57,PII_REDACTED_AND_NORMALIZED,VERIFIED_INTEGRITY,08ce0fb1aca42ce07222fc6a4ddea09722b4b3d60c3f5b2dd39a3adb2789ce17
PRV-000729,CMP-2026-01062,POLICE_LEDGER,2026-07-12 12:51:05,PII_REDACTED_AND_NORMALIZED,VERIFIED_INTEGRITY,d4f9b7a101ab529606e26238304df05b98a5fc9d360633d3b841ede673728b67
PRV-000730,CMP-2026-00062,CITIZEN_PORTAL,2026-03-14 08:55:35,PII_REDACTED_AND_NORMALIZED,VERIFIED_INTEGRITY,7b9645f1bf8fe2bdc402dc34e936d6f7b3512bacb2ed8a7b9b35f786cbd68ad5
PRV-000731,CMP-2026-00451,CHECKPOST_SCANNER,2025-04-15 15:08:33,PII_REDACTED_AND_NORMALIZED,VERIFIED_INTEGRITY,21e391fdfb244b36e1cf544b83f8fe35f5856eea6be27a8f270d4ca3d402cd56
PRV-000732,CMP-2026-00828,POLICE_LEDGER,2026-05-18 15:14:31,PII_REDACTED_AND_NORMALIZED,VERIFIED_INTEGRITY,a578c2550cdbc368c8ac4a0d4e0b196ea15cfe6b94f9d542f1c42de5e0ddefd8
PRV-000733,CMP-2026-00432,POLICE_LEDGER,2026-07-17 01:23:59,PII_REDACTED_AND_NORMALIZED,VERIFIED_INTEGRITY,d6d1e86cf93bfe756d4f2168d6cf480b6a8cafea169a9cd93e159928515d09ac
PRV-000734,CMP-2026-01247,POLICE_LEDGER,2024-10-02 10:34:49,PII_REDACTED_AND_NORMALIZED,VERIFIED_INTEGRITY,f5906b9bf22c57a13832c23909b989dffdd435e3ec665a66953e3f27b620ff55
PRV-000735,CMP-2026-00617,HEALTH_STAT,2025-05-06 23:18:56,PII_REDACTED_AND_NORMALIZED,VERIFIED_INTEGRITY,adf2dac013b4826604b9e653f306561564bc83fc215c1b6f02cc612e75a70734
PRV-000736,CMP-2026-00171,CHECKPOST_SCANNER,2025-03-27 09:51:22,PII_REDACTED_AND_NORMALIZED,VERIFIED_INTEGRITY,5a6df197b2facf58b9cfab55a1078910a5eda37b8f9ee21c59a20341be127fd5
PRV-000737,CMP-2026-00599,HEALTH_STAT,2025-05-31 19:58:27,PII_REDACTED_AND_NORMALIZED,VERIFIED_INTEGRITY,e518295422f94a6b4f61b3551eafe4166ffad811dff9fd7f7764864cf7f22087
PRV-000738,CMP-2026-00994,HEALTH_STAT,2024-09-22 15:35:55,PII_REDACTED_AND_NORMALIZED,VERIFIED_INTEGRITY,1076c98e701481ee692c38e13b5cadb1bf85185d6223ddf056f33ac248c4e680
PRV-000739,CMP-2026-00172,POLICE_LEDGER,2025-12-19 17:15:14,PII_REDACTED_AND_NORMALIZED,VERIFIED_INTEGRITY,c97939cf2b4a68a2652fd2bee0d15812c6cbf36b8f395b24bcb29a6e4360e5f1
PRV-000740,CMP-2026-00253,CITIZEN_PORTAL,2025-08-14 03:26:41,PII_REDACTED_AND_NORMALIZED,VERIFIED_INTEGRITY,a425ebe58e30b33542d9c719cd84eb08fc073b3cedcd8520758cf32f49db6b8f
PRV-000741,CMP-2026-00199,CHECKPOST_SCANNER,2025-04-14 23:35:03,PII_REDACTED_AND_NORMALIZED,VERIFIED_INTEGRITY,d1429383944fc258196d64bec2e684134665c8b54ca32e74b51e3b4aaae4e89c
PRV-000742,CMP-2026-00938,CHECKPOST_SCANNER,2025-07-19 00:41:11,PII_REDACTED_AND_NORMALIZED,VERIFIED_INTEGRITY,09570fb72257fa5ea8c9da1b9f801f34e0fded461cc0224ea953a770873e4fc0
PRV-000743,CMP-2026-00248,CITIZEN_PORTAL,2026-07-22 13:41:59,PII_REDACTED_AND_NORMALIZED,VERIFIED_INTEGRITY,dda1a4b682a6850e5f489e02e73f803587f5cf65b0ec8a36568da0966096ce95
PRV-000744,CMP-2026-00945,POLICE_LEDGER,2025-01-19 10:47:49,PII_REDACTED_AND_NORMALIZED,VERIFIED_INTEGRITY,6837a2cb3f885036d533961d368bb262d1fbea18e110ecece41b14820c3e5442
PRV-000745,CMP-2026-01199,HEALTH_STAT,2025-01-14 14:54:13,PII_REDACTED_AND_NORMALIZED,VERIFIED_INTEGRITY,34ebec7d694700b3a926fe58aa126cc3cf69e8952664d7bd90161a733ef7cd30
PRV-000746,CMP-2026-00205,CHECKPOST_SCANNER,2025-05-07 14:23:05,PII_REDACTED_AND_NORMALIZED,VERIFIED_INTEGRITY,3e290314d9dac13f0f1780cce4056954a7d674cd353e6a976e51838fbc5ac7a0
PRV-000747,CMP-2026-00175,CHECKPOST_SCANNER,2024-10-06 17:59:35,PII_REDACTED_AND_NORMALIZED,VERIFIED_INTEGRITY,184378b4546b42691432581896ede0487cf703a39ca15b8223f39797efa124b9
PRV-000748,CMP-2026-00726,HEALTH_STAT,2025-01-11 06:12:27,PII_REDACTED_AND_NORMALIZED,VERIFIED_INTEGRITY,fbcfdca26458eb64cc11afac9918e7d2183cc4f3f29d7a6ce485338a634a952d
PRV-000749,CMP-2026-00289,CHECKPOST_SCANNER,2025-08-20 16:11:07,PII_REDACTED_AND_NORMALIZED,VERIFIED_INTEGRITY,2567942f2009d4e9cdb0fb64b357bf52bb2f1bcca1c6b9c552a69b0ae015ac37
PRV-000750,CMP-2026-00912,HEALTH_STAT,2025-05-28 18:14:43,PII_REDACTED_AND_NORMALIZED,VERIFIED_INTEGRITY,5a34013fc2eb5d9f4185ba48fbb0dc5340f9c495568f54b05159b717501df65a
PRV-000751,CMP-2026-01209,POLICE_LEDGER,2024-10-14 15:21:55,PII_REDACTED_AND_NORMALIZED,VERIFIED_INTEGRITY,152fac52d5584df866660063a9ef3ada74fbf66b74d6f033fdaa2937fba19563
PRV-000752,CMP-2026-00588,HEALTH_STAT,2026-07-29 12:07:17,PII_REDACTED_AND_NORMALIZED,VERIFIED_INTEGRITY,ece6437ddb518fc779299d6a2eefbf91cd52e999fc8d97bb4f9711468b1ca9b0
PRV-000753,CMP-2026-01221,CHECKPOST_SCANNER,2026-05-28 14:32:54,PII_REDACTED_AND_NORMALIZED,VERIFIED_INTEGRITY,99aa00e608e993a35e6f2e5d889a2aa591709019b889003d889df77bb44e7e4e
PRV-000754,CMP-2026-00614,CHECKPOST_SCANNER,2025-12-27 01:21:30,PII_REDACTED_AND_NORMALIZED,VERIFIED_INTEGRITY,296a0e0da6fc4a40f2379ceee7f214096eadd90377dbfc8e2af33dac0df28910
PRV-000755,CMP-2026-00443,CHECKPOST_SCANNER,2024-10-22 23:00:44,PII_REDACTED_AND_NORMALIZED,VERIFIED_INTEGRITY,cf37b21f07f0e78eed44651cbf3f101659a6b1dea7c03e28501de08406124b3c
PRV-000756,CMP-2026-00782,CHECKPOST_SCANNER,2025-02-18 04:01:23,PII_REDACTED_AND_NORMALIZED,VERIFIED_INTEGRITY,144ca0a20226400632f8cf40be3286330a699afcbb4b37a2e2af114d16b520e4
PRV-000757,CMP-2026-00159,CITIZEN_PORTAL,2024-11-24 12:10:36,PII_REDACTED_AND_NORMALIZED,VERIFIED_INTEGRITY,64bcf30c3f8cd2e3f401ee3f9e8cf00cf4414bbef4625aca4d552fd883437c82
PRV-000758,CMP-2026-00625,HEALTH_STAT,2026-07-12 17:42:45,PII_REDACTED_AND_NORMALIZED,VERIFIED_INTEGRITY,ee682a61f09ce503254f8d1fcb5ca03d958f7a47fc37c4243bb7bdaf6df427c8
PRV-000759,CMP-2026-00811,CITIZEN_PORTAL,2026-02-01 13:58:38,PII_REDACTED_AND_NORMALIZED,VERIFIED_INTEGRITY,f99a5d7747bead4111c724d07acd0f0561f70ff20db8ad09f3aacf5c5a9f5e0e
PRV-000760,CMP-2026-00330,CHECKPOST_SCANNER,2025-08-15 04:39:56,PII_REDACTED_AND_NORMALIZED,VERIFIED_INTEGRITY,46c84e8b2eab0cd2a323bfd9bf037a7ab5e8327cd27e22a6194140ea821e8e7c
PRV-000761,CMP-2026-00809,CHECKPOST_SCANNER,2025-02-09 22:33:35,PII_REDACTED_AND_NORMALIZED,VERIFIED_INTEGRITY,74c0d7b1537eb5ff324cb2bb026e5fb206db8f133c780f3bc22825eee196faa7
PRV-000762,CMP-2026-00572,CHECKPOST_SCANNER,2025-04-25 09:30:54,PII_REDACTED_AND_NORMALIZED,VERIFIED_INTEGRITY,305c6075096647895a00407b5689ac6e195cb0b0ee8cf0cd174a69751c7f7c72
PRV-000763,CMP-2026-00448,CHECKPOST_SCANNER,2025-06-29 08:12:14,PII_REDACTED_AND_NORMALIZED,VERIFIED_INTEGRITY,f2063dcdf26aa5bfaac2a59e3d842eda944e790f8f5d681e6afd1bb6bb4e67e4
PRV-000764,CMP-2026-00760,HEALTH_STAT,2025-03-04 05:18:19,PII_REDACTED_AND_NORMALIZED,VERIFIED_INTEGRITY,9f6e8e66caf9c52d5cdbd27b0258c553d6c6b888d4f8b990d49a40f2c92aa60b
PRV-000765,CMP-2026-00307,HEALTH_STAT,2025-04-16 17:43:08,PII_REDACTED_AND_NORMALIZED,VERIFIED_INTEGRITY,f5ccc89a304c0373d600e31a0a359b109ab065199c7b8b862f3f980824f40ed1
PRV-000766,CMP-2026-00309,CITIZEN_PORTAL,2025-03-29 20:23:44,PII_REDACTED_AND_NORMALIZED,VERIFIED_INTEGRITY,b3fc95ddb8ff9847936c05d2c2b5355e07ba370eafc4d6b488bba8b554481f1d
PRV-000767,CMP-2026-00189,HEALTH_STAT,2025-11-27 01:22:08,PII_REDACTED_AND_NORMALIZED,VERIFIED_INTEGRITY,ca6eae94959d54cd2f78edfa1e6da021e925c6cf69408be7c4a66f27a565a8a9
PRV-000768,CMP-2026-01017,CHECKPOST_SCANNER,2024-12-13 01:39:45,PII_REDACTED_AND_NORMALIZED,VERIFIED_INTEGRITY,62cc9f20e07b6335d99fa2026a45d2ca42b0faa4a24f3dee100f0dd8c7a85257
PRV-000769,CMP-2026-00831,CITIZEN_PORTAL,2025-02-06 00:32:47,PII_REDACTED_AND_NORMALIZED,VERIFIED_INTEGRITY,f9b82681adcf9b2f9403d756b24b33c47894f596f94a06868f184025d75cb4c4
PRV-000770,CMP-2026-00315,CHECKPOST_SCANNER,2026-06-03 11:59:23,PII_REDACTED_AND_NORMALIZED,VERIFIED_INTEGRITY,ea517788ce51365d7be476637f9a700847a7be861e74e13ab4535fef39f2ebd8
PRV-000771,CMP-2026-00801,POLICE_LEDGER,2024-09-27 20:53:25,PII_REDACTED_AND_NORMALIZED,VERIFIED_INTEGRITY,ca56514ad1fe74e6e109120c8785f27ff0281320c84499d7c95f7975ccdf5ad4
PRV-000772,CMP-2026-00749,POLICE_LEDGER,2024-11-14 06:54:27,PII_REDACTED_AND_NORMALIZED,VERIFIED_INTEGRITY,27effbabdf7b15420af8058121b1bf8e6b99fad5f9aa9144331a71a3ab99e998
PRV-000773,CMP-2026-00117,CHECKPOST_SCANNER,2025-06-10 18:51:45,PII_REDACTED_AND_NORMALIZED,VERIFIED_INTEGRITY,64a5a3a637cdfe47611f829380d5351f73a546abdf20d29bc8bba8e982cbc89a
PRV-000774,CMP-2026-00120,HEALTH_STAT,2026-02-23 14:32:12,PII_REDACTED_AND_NORMALIZED,VERIFIED_INTEGRITY,bc5a2fe8cecbea98d7ac63650cb48b0966c793539d010a28ff8c691d704ac715
PRV-000775,CMP-2026-00328,POLICE_LEDGER,2025-10-31 21:29:27,PII_REDACTED_AND_NORMALIZED,VERIFIED_INTEGRITY,041bf5d757042978f44ef3c74de2c659509677b81b14df0c99cc5597589e8428
PRV-000776,CMP-2026-00471,CITIZEN_PORTAL,2026-01-11 19:07:11,PII_REDACTED_AND_NORMALIZED,VERIFIED_INTEGRITY,7a30c3129f28013478640b84f09c656269de257a868456179124c732e84e5e46
PRV-000777,CMP-2026-00274,HEALTH_STAT,2026-02-10 17:59:28,PII_REDACTED_AND_NORMALIZED,VERIFIED_INTEGRITY,1d7479659406506239ced60869aa2ed06dcd9ba30b1e87d90d1f383f6f776a02
PRV-000778,CMP-2026-00303,CHECKPOST_SCANNER,2025-08-11 15:02:47,PII_REDACTED_AND_NORMALIZED,VERIFIED_INTEGRITY,ff4ce27021137c907b9711f9d09c2c44691f2d331c39f48f06d2a2eac21bd199
PRV-000779,CMP-2026-00936,CHECKPOST_SCANNER,2024-10-31 10:01:06,PII_REDACTED_AND_NORMALIZED,VERIFIED_INTEGRITY,7d592bff5246110e3e880a37af6d0a4a0cf847ad0b075818d638aa88bedefdee
PRV-000780,CMP-2026-00243,HEALTH_STAT,2024-10-06 15:27:22,PII_REDACTED_AND_NORMALIZED,VERIFIED_INTEGRITY,7a5a1e585800f04aa8a897602f62ce96aeaa0920888ff5065e573cb876270b32
PRV-000781,CMP-2026-00870,CHECKPOST_SCANNER,2025-10-20 08:25:01,PII_REDACTED_AND_NORMALIZED,VERIFIED_INTEGRITY,b7f6e556dbfd4160b1a5e33c71ad058240d895cffe07b22793e3962633bb031a
PRV-000782,CMP-2026-00937,HEALTH_STAT,2025-07-12 06:49:44,PII_REDACTED_AND_NORMALIZED,VERIFIED_INTEGRITY,b678086e0cc929fd24a40102765315232ee0a7300909b60d464377594f8916d2
PRV-000783,CMP-2026-01159,HEALTH_STAT,2025-03-29 21:46:10,PII_REDACTED_AND_NORMALIZED,VERIFIED_INTEGRITY,2921783b7cd110c882aeba43aaba0e2778bf949d921df64662bf7aff3aaf433d
PRV-000784,CMP-2026-00800,CHECKPOST_SCANNER,2025-03-22 13:01:36,PII_REDACTED_AND_NORMALIZED,VERIFIED_INTEGRITY,3a578d450d508fbd1ab5b83c448d481803c860a350dc59c331ce158e58963a17
PRV-000785,CMP-2026-01088,HEALTH_STAT,2025-09-29 10:28:23,PII_REDACTED_AND_NORMALIZED,VERIFIED_INTEGRITY,983f404923a842c5e8d6ac4ecec684cfe0c8e9d00cf4fec531f7020a5d00485a
PRV-000786,CMP-2026-01142,CITIZEN_PORTAL,2025-02-28 14:04:43,PII_REDACTED_AND_NORMALIZED,VERIFIED_INTEGRITY,c550cbb3ee676e4f1b4203cccd3c9676c0d1686b38f34390dec1f5a8730b6fed
PRV-000787,CMP-2026-00622,CITIZEN_PORTAL,2025-12-29 08:12:43,PII_REDACTED_AND_NORMALIZED,VERIFIED_INTEGRITY,d4ce1e96e16c89be34447dc8996d58a02138786ea9b6e3249a6aae758a4dd082
PRV-000788,CMP-2026-00251,HEALTH_STAT,2026-05-31 22:28:59,PII_REDACTED_AND_NORMALIZED,VERIFIED_INTEGRITY,f7a1fba5a0985cc2db25886de23cf6229a4b8bf551218e77e33ab07dcd11c3f3
PRV-000789,CMP-2026-00710,HEALTH_STAT,2025-06-16 04:30:03,PII_REDACTED_AND_NORMALIZED,VERIFIED_INTEGRITY,4739ff7ca157d4bb7e9ef5b4e405a1c25608586fe7d445d88e99cc4978efb70c
PRV-000790,CMP-2026-00048,CHECKPOST_SCANNER,2025-08-20 01:51:33,PII_REDACTED_AND_NORMALIZED,VERIFIED_INTEGRITY,73e4d8ed70500c83a2d965f484537a2230fa11c6905174ca82568077e8c94838
PRV-000791,CMP-2026-01023,CITIZEN_PORTAL,2026-04-08 23:05:13,PII_REDACTED_AND_NORMALIZED,VERIFIED_INTEGRITY,09d9067340010c8a9f89b0f46c25b5e64d28e4b0663315e8ffde17da9bd6e569
PRV-000792,CMP-2026-00685,HEALTH_STAT,2025-05-28 20:42:58,PII_REDACTED_AND_NORMALIZED,VERIFIED_INTEGRITY,88f5a1668ea6fa4d5c5636ad9d46705cb97e9eafdad18f99a05d2ad169d726c3
PRV-000793,CMP-2026-00268,POLICE_LEDGER,2025-01-31 17:00:13,PII_REDACTED_AND_NORMALIZED,VERIFIED_INTEGRITY,2f56c3dce633248779586413c352b3dbeebb163fd5968ad89538b94667b85837
PRV-000794,CMP-2026-00934,POLICE_LEDGER,2025-06-10 07:18:52,PII_REDACTED_AND_NORMALIZED,VERIFIED_INTEGRITY,81f47703591ad10e27420d3ec83ca8e77c2bef167a6a5ddd5ac7491c0c005576
PRV-000795,CMP-2026-00557,HEALTH_STAT,2025-12-28 09:29:33,PII_REDACTED_AND_NORMALIZED,VERIFIED_INTEGRITY,329ddd90f6fd570043cae7f04d6e04a857beef93878b509af74519b0b698221d
PRV-000796,CMP-2026-00103,POLICE_LEDGER,2025-02-02 22:39:03,PII_REDACTED_AND_NORMALIZED,VERIFIED_INTEGRITY,3bdc808f13d7df8a9f9da01de3c35e0cebc3190e4580148f40a92249e72c1a34
PRV-000797,CMP-2026-01147,POLICE_LEDGER,2025-09-20 13:01:55,PII_REDACTED_AND_NORMALIZED,VERIFIED_INTEGRITY,fc1e3fced54cd057ced8ea143e385075837235a70ce819bad34225126275a583
PRV-000798,CMP-2026-01130,POLICE_LEDGER,2025-09-21 05:52:11,PII_REDACTED_AND_NORMALIZED,VERIFIED_INTEGRITY,61d4cc9bbabcd81069ba30381a015f9fa41abc4a7ad5bc8acec7a5758b147e05
PRV-000799,CMP-2026-00587,POLICE_LEDGER,2025-01-26 03:48:59,PII_REDACTED_AND_NORMALIZED,VERIFIED_INTEGRITY,bce21f8bbb88d9ef707293be6140e6fa92b5308bf552addf5096ebc6ec7216bd
PRV-000800,CMP-2026-01212,HEALTH_STAT,2026-03-05 00:18:40,PII_REDACTED_AND_NORMALIZED,VERIFIED_INTEGRITY,d0865ddd9c3bc5ed9122ca403e46cba6640cc2fcd20682d76cd56286808fd55c
PRV-000801,CMP-2026-00837,CHECKPOST_SCANNER,2025-02-09 13:39:43,PII_REDACTED_AND_NORMALIZED,VERIFIED_INTEGRITY,fe40a869a41aa000c6d234b5826a452517ead1eb20c70b6051779b67bd08497d
PRV-000802,CMP-2026-00827,CITIZEN_PORTAL,2026-08-08 22:03:42,PII_REDACTED_AND_NORMALIZED,VERIFIED_INTEGRITY,32cb2192d96a5741f5be2c2b6cad973d2d3bf93af18e2260120a66a23abf4cf4
PRV-000803,CMP-2026-00791,HEALTH_STAT,2025-04-27 03:22:28,PII_REDACTED_AND_NORMALIZED,VERIFIED_INTEGRITY,83fa86cef0e9a051050b7f4066b134a4d51945c0a457f70855e30c168121dd57
PRV-000804,CMP-2026-01001,HEALTH_STAT,2026-05-19 22:57:04,PII_REDACTED_AND_NORMALIZED,VERIFIED_INTEGRITY,de6f71c29f091946a99b261715f06debd4e7664e44d34f8262337e75ed737dc1
PRV-000805,CMP-2026-00989,HEALTH_STAT,2026-01-20 22:49:04,PII_REDACTED_AND_NORMALIZED,VERIFIED_INTEGRITY,f73bf3d6619411cad48748559fcf97fe2a11de3b0be29e84284f39ea5cb690b0
PRV-000806,CMP-2026-00302,HEALTH_STAT,2026-01-14 23:31:42,PII_REDACTED_AND_NORMALIZED,VERIFIED_INTEGRITY,58074dad253db50da0858fcad6b32d285c9764a2076ef6dfc7838acd8d62fa4d
PRV-000807,CMP-2026-01157,CITIZEN_PORTAL,2024-10-05 04:29:58,PII_REDACTED_AND_NORMALIZED,VERIFIED_INTEGRITY,daf91473399c2b542184b8f696a6762ef7694aba5a788f0ee63fd97a1f14a8ca
PRV-000808,CMP-2026-01028,POLICE_LEDGER,2026-03-20 11:57:57,PII_REDACTED_AND_NORMALIZED,VERIFIED_INTEGRITY,260461f969c996a964d7123bfa9ab66aacea197372729241ef1f99a077658f8b
PRV-000809,CMP-2026-00393,POLICE_LEDGER,2026-03-22 00:22:48,PII_REDACTED_AND_NORMALIZED,VERIFIED_INTEGRITY,32f726112fa54351ce5ef2fec7068be86bacf802e6ee1b0beb0067798369c647
PRV-000810,CMP-2026-00781,CHECKPOST_SCANNER,2024-11-15 00:08:21,PII_REDACTED_AND_NORMALIZED,VERIFIED_INTEGRITY,8dae01407b5da49a4f9fbeb0b182ad9eb006e59c12d0a5423ab54e4bd3c48ef0
PRV-000811,CMP-2026-00692,CHECKPOST_SCANNER,2025-11-05 14:04:50,PII_REDACTED_AND_NORMALIZED,VERIFIED_INTEGRITY,6fd4b1b51bc7b04620d704c405ac3ca31b4aac942685264ac875e08a51c88470
PRV-000812,CMP-2026-01177,CITIZEN_PORTAL,2024-09-21 01:00:01,PII_REDACTED_AND_NORMALIZED,VERIFIED_INTEGRITY,15fa51ce0282d27fc0c7cbf0705d00995eebd975b0acee994633aa4d231a3154
PRV-000813,CMP-2026-00690,POLICE_LEDGER,2026-01-06 00:50:22,PII_REDACTED_AND_NORMALIZED,VERIFIED_INTEGRITY,c6e9e9e118ddeb13b883d3350a22592ce1f35cbfd2ee810f908ecd4ad794d148
PRV-000814,CMP-2026-01092,CITIZEN_PORTAL,2026-04-04 08:00:58,PII_REDACTED_AND_NORMALIZED,VERIFIED_INTEGRITY,ca9e6c41e3683c89af88dee6ff4328e87e60e8dd8a290e6ed40a77683b1f6585
PRV-000815,CMP-2026-01230,CHECKPOST_SCANNER,2025-10-28 21:33:53,PII_REDACTED_AND_NORMALIZED,VERIFIED_INTEGRITY,383faf1a90e52a465f074a646350ebc9c3a1cfdee44c27e57abc6b23999b44f6
PRV-000816,CMP-2026-01029,CHECKPOST_SCANNER,2026-07-01 03:59:51,PII_REDACTED_AND_NORMALIZED,VERIFIED_INTEGRITY,668481f5398a29b4640830c50311b6b3b16ec94b68fb9dc9244efcb2578054aa
PRV-000817,CMP-2026-01217,CITIZEN_PORTAL,2026-07-31 03:38:16,PII_REDACTED_AND_NORMALIZED,VERIFIED_INTEGRITY,8f7ef6e9072d492be2035c710e9b12d739b0671617dbad4d50f0dc67c1e190d4
PRV-000818,CMP-2026-00196,CHECKPOST_SCANNER,2024-10-22 16:02:56,PII_REDACTED_AND_NORMALIZED,VERIFIED_INTEGRITY,aedce4e7b696432ed49a428d086f76e8b57cbeaf76a5b0d97d0475f72703efdf
PRV-000819,CMP-2026-00564,POLICE_LEDGER,2025-10-27 19:16:33,PII_REDACTED_AND_NORMALIZED,VERIFIED_INTEGRITY,546f65f34ea6bd2c834b6ad64bb2a31a7468507e34ef7201b5572741699cc707
PRV-000820,CMP-2026-00614,POLICE_LEDGER,2025-04-17 07:56:43,PII_REDACTED_AND_NORMALIZED,VERIFIED_INTEGRITY,e71cf030233b5e0895fdd0c173fa1b5104316e4d599e0a8e0ca9bbd3b167b557
PRV-000821,CMP-2026-00102,HEALTH_STAT,2026-03-14 21:18:10,PII_REDACTED_AND_NORMALIZED,VERIFIED_INTEGRITY,f1e80dc725ae71613626c9b8a5a7ed96bfa999aecd7f01928fef2d55a9a23886
PRV-000822,CMP-2026-00256,POLICE_LEDGER,2025-03-20 02:59:48,PII_REDACTED_AND_NORMALIZED,VERIFIED_INTEGRITY,7c634d3b1cd5234a2959d24e41c2a49f6c7850a7f975662eddee2c96603d00bf
PRV-000823,CMP-2026-01021,POLICE_LEDGER,2024-11-03 08:37:10,PII_REDACTED_AND_NORMALIZED,VERIFIED_INTEGRITY,e9f6c48995585e032af099d6a92942f341bd7697fab2bf3f6feeb3ec8aa089a9
PRV-000824,CMP-2026-00019,CHECKPOST_SCANNER,2026-04-30 19:25:25,PII_REDACTED_AND_NORMALIZED,VERIFIED_INTEGRITY,7ab74d03e32637ee636f3103cfec39cf63953fa9b8a58b2f2f335a37974ab3b9
PRV-000825,CMP-2026-00273,POLICE_LEDGER,2024-12-30 07:53:03,PII_REDACTED_AND_NORMALIZED,VERIFIED_INTEGRITY,22735cae58bf41560d98ed96085213c275bb7e0890e4e6a2a85f1669be9ce3fe
PRV-000826,CMP-2026-00612,CITIZEN_PORTAL,2024-12-11 21:31:56,PII_REDACTED_AND_NORMALIZED,VERIFIED_INTEGRITY,7d0c741e095041ab8f5babf4ca6649f2bec965db37cef82eef4271a6dccd6d0e
PRV-000827,CMP-2026-00722,POLICE_LEDGER,2024-11-06 22:50:26,PII_REDACTED_AND_NORMALIZED,VERIFIED_INTEGRITY,6ca0346a370c4e0cd632d53e28c870b8e10d57062ad195948e72f64f9b5e5569
PRV-000828,CMP-2026-00181,CITIZEN_PORTAL,2026-06-09 09:04:48,PII_REDACTED_AND_NORMALIZED,VERIFIED_INTEGRITY,1836789bc9232c896c5cd2a7b98ca847e5f3dc73a4332e646509a2a68e9245c0
PRV-000829,CMP-2026-00565,POLICE_LEDGER,2026-03-07 10:48:30,PII_REDACTED_AND_NORMALIZED,VERIFIED_INTEGRITY,0e5499a48d342f63049c515b9226d5a19df3c69c4a0247e42aaf1e539653ac51
PRV-000830,CMP-2026-00067,CHECKPOST_SCANNER,2024-12-15 13:06:52,PII_REDACTED_AND_NORMALIZED,VERIFIED_INTEGRITY,6939a2c88a535ced5865292104ab779a4dce393e68c2c43c586ef51d2ed632dd
PRV-000831,CMP-2026-00769,CITIZEN_PORTAL,2026-02-10 19:00:15,PII_REDACTED_AND_NORMALIZED,VERIFIED_INTEGRITY,c5781537e850085b6f8297e94e2f72ca311eb52fb882c80feed0ffd6c5365c83
PRV-000832,CMP-2026-00729,POLICE_LEDGER,2024-11-03 23:46:29,PII_REDACTED_AND_NORMALIZED,VERIFIED_INTEGRITY,33dbc8dda52c4a2ad84d7b4da87566a52394973b557d4224e60c55a824fa4db6
PRV-000833,CMP-2026-00994,CHECKPOST_SCANNER,2025-12-12 13:53:24,PII_REDACTED_AND_NORMALIZED,VERIFIED_INTEGRITY,24a4010ba2b16cd03d1356433f7a3d1a6ddc0de70163cee0f6908d2641dcb4d4
PRV-000834,CMP-2026-00694,CHECKPOST_SCANNER,2025-04-14 04:49:22,PII_REDACTED_AND_NORMALIZED,VERIFIED_INTEGRITY,5194a43741fe965b88c706d17da4a5fdbd872e5d28a8ec872b216afd2379115f
PRV-000835,CMP-2026-00114,CITIZEN_PORTAL,2025-12-09 14:46:09,PII_REDACTED_AND_NORMALIZED,VERIFIED_INTEGRITY,542f56af577b6ff5b02982719c8647ef38427936187e68d6d808567e79c883c0
PRV-000836,CMP-2026-00839,CHECKPOST_SCANNER,2026-06-30 21:51:31,PII_REDACTED_AND_NORMALIZED,VERIFIED_INTEGRITY,98f93693b04658e79fa59f05f72b3ce5c5022c09191242ea9225a0056f8a9157
PRV-000837,CMP-2026-00010,HEALTH_STAT,2026-08-04 12:40:51,PII_REDACTED_AND_NORMALIZED,VERIFIED_INTEGRITY,9553303d624371bba4abed0f614297900deca282402d669cfb7b25aa98ab4f7b
PRV-000838,CMP-2026-00097,CHECKPOST_SCANNER,2025-04-13 13:36:04,PII_REDACTED_AND_NORMALIZED,VERIFIED_INTEGRITY,3805922670b1b45a60548b95a37af8e7c4c86e7b62a85755b211c411fe01c1dc
PRV-000839,CMP-2026-00078,CHECKPOST_SCANNER,2025-10-27 12:12:38,PII_REDACTED_AND_NORMALIZED,VERIFIED_INTEGRITY,3d68f65272daaf04742058ec2ade963e5aa3214609bea8708ae6c664370ec363
PRV-000840,CMP-2026-00047,CHECKPOST_SCANNER,2026-02-01 01:12:43,PII_REDACTED_AND_NORMALIZED,VERIFIED_INTEGRITY,03cec42c4c3f6a6cfd909ceb9984e4bd09f1d30b745f3055fbeff9fde46b132f
PRV-000841,CMP-2026-00880,CITIZEN_PORTAL,2025-05-30 23:58:32,PII_REDACTED_AND_NORMALIZED,VERIFIED_INTEGRITY,4309d78e7e3621923d4c7cedf71e0a58b354773fd5c8174b6cdac55387801d28
PRV-000842,CMP-2026-00792,CHECKPOST_SCANNER,2025-02-17 19:55:19,PII_REDACTED_AND_NORMALIZED,VERIFIED_INTEGRITY,8e75a6ea88fc0f8038a5b90732b9d24016e4a36ae55681a461420f1f5de88359
PRV-000843,CMP-2026-00752,HEALTH_STAT,2026-03-31 00:35:41,PII_REDACTED_AND_NORMALIZED,VERIFIED_INTEGRITY,7d03e30ffa60f2f2ad2e785ddeceeba3ac981d8d679e834bcc98758398c5b713
PRV-000844,CMP-2026-00934,POLICE_LEDGER,2025-05-02 13:01:40,PII_REDACTED_AND_NORMALIZED,VERIFIED_INTEGRITY,980518900484d6a9244a7057dd8fff2ca3bbb6f5dd713d2afdf5ba526255db12
PRV-000845,CMP-2026-00768,HEALTH_STAT,2025-02-09 18:31:36,PII_REDACTED_AND_NORMALIZED,VERIFIED_INTEGRITY,3e5eb937c042fa870216084a9a5d377af1137862729d14edc8bad4674f6414f3
PRV-000846,CMP-2026-00917,POLICE_LEDGER,2026-01-14 08:13:41,PII_REDACTED_AND_NORMALIZED,VERIFIED_INTEGRITY,72146622ebab649dfe990c4f5afff3738a0de982e90088b8be91bc7fd766f79f
PRV-000847,CMP-2026-01139,HEALTH_STAT,2025-09-15 09:27:51,PII_REDACTED_AND_NORMALIZED,VERIFIED_INTEGRITY,27d08bcd8d61d27cf5c2926160cc7d52f07853f9ec42edf6055941de3c0c1388
PRV-000848,CMP-2026-01187,POLICE_LEDGER,2024-12-07 18:07:13,PII_REDACTED_AND_NORMALIZED,VERIFIED_INTEGRITY,54c0f920b9c5c7faeee877dab5817adfd46ed0b2efe39d7eb3e39e3b24e9c344
PRV-000849,CMP-2026-00708,POLICE_LEDGER,2025-03-07 03:17:34,PII_REDACTED_AND_NORMALIZED,VERIFIED_INTEGRITY,6b2a53f27619ad5b944f61f08da73f235ea5823c5ccacc40b60401eb71fc5d38
PRV-000850,CMP-2026-01218,CITIZEN_PORTAL,2026-07-03 20:26:33,PII_REDACTED_AND_NORMALIZED,VERIFIED_INTEGRITY,82bcc291a8c3c12254991682d51053e43ea1d8c57ae008b7bb79b07dba9f6b55
PRV-000851,CMP-2026-01052,HEALTH_STAT,2025-03-20 23:34:45,PII_REDACTED_AND_NORMALIZED,VERIFIED_INTEGRITY,4b60504044d333a46548d8762952521d7a2623d488e89eaeef192173fe003f34
PRV-000852,CMP-2026-00752,CHECKPOST_SCANNER,2025-11-15 20:12:48,PII_REDACTED_AND_NORMALIZED,VERIFIED_INTEGRITY,61bdb39367d2bb720e74a0aa314557e12d9b785753ba77d8b8065bf382f32722
PRV-000853,CMP-2026-00481,POLICE_LEDGER,2025-06-16 08:26:40,PII_REDACTED_AND_NORMALIZED,VERIFIED_INTEGRITY,48405e7ebe0a30f52054b2775a062ad24cc2121dde6bbd614de44b0be6349e8b
PRV-000854,CMP-2026-01065,CITIZEN_PORTAL,2025-07-28 21:09:14,PII_REDACTED_AND_NORMALIZED,VERIFIED_INTEGRITY,325d849c759eed9cb0b2362d3e9424b7e66ef367ecc7fc15c0ca17e418a8ee4f
PRV-000855,CMP-2026-00127,CITIZEN_PORTAL,2026-03-10 17:08:44,PII_REDACTED_AND_NORMALIZED,VERIFIED_INTEGRITY,301bf53dbd781a8937f60deb2e68629ffcc070e2d26a896894f605469f4decc5
PRV-000856,CMP-2026-00256,HEALTH_STAT,2026-03-05 01:03:22,PII_REDACTED_AND_NORMALIZED,VERIFIED_INTEGRITY,a5be84ee28524afda8d23e9096acaad92ad0371accaf174748d0d7a7adc86468
PRV-000857,CMP-2026-00485,CITIZEN_PORTAL,2026-06-13 12:09:41,PII_REDACTED_AND_NORMALIZED,VERIFIED_INTEGRITY,832b14da1b652a35f4881751de9dab0f8b6178d898d10f2421f861e2ac3143ba
PRV-000858,CMP-2026-00749,CITIZEN_PORTAL,2024-12-07 18:26:00,PII_REDACTED_AND_NORMALIZED,VERIFIED_INTEGRITY,0f0d919acdbef22c2822ee4797747dc08385d5082b88e91efb44f4b050f0ac73
PRV-000859,CMP-2026-00692,CITIZEN_PORTAL,2026-05-09 07:21:03,PII_REDACTED_AND_NORMALIZED,VERIFIED_INTEGRITY,5610d96dd390ba12e7b4b3e3ed64e99288f50683b904de46bd177772fdf376fe
PRV-000860,CMP-2026-00245,HEALTH_STAT,2026-01-11 15:52:44,PII_REDACTED_AND_NORMALIZED,VERIFIED_INTEGRITY,016764409d3a9a81e012c0d80026729f94a8feb864c295cabce4b73bd24f30fa
PRV-000861,CMP-2026-00094,CITIZEN_PORTAL,2026-04-17 14:26:48,PII_REDACTED_AND_NORMALIZED,VERIFIED_INTEGRITY,1ddbe868096d327553ef7c8feaa297e67326d3858b47248cd93858d4f963339d
PRV-000862,CMP-2026-00603,CITIZEN_PORTAL,2025-04-08 08:30:08,PII_REDACTED_AND_NORMALIZED,VERIFIED_INTEGRITY,7966952738704cedc2da586d0c8d0302dd124e2561847deeec5c66aa05fe1b79
PRV-000863,CMP-2026-00638,CHECKPOST_SCANNER,2025-06-22 10:10:36,PII_REDACTED_AND_NORMALIZED,VERIFIED_INTEGRITY,3ab3a3596dc08c620b8bd81e4b74b8e3181bdfb9ec1122fccf0197553b04c734
PRV-000864,CMP-2026-00649,CHECKPOST_SCANNER,2025-10-22 04:48:23,PII_REDACTED_AND_NORMALIZED,VERIFIED_INTEGRITY,4c1e18b1cd38af02ef351b5a651717675ca69a08ea6f935091c95fed24a5686f
PRV-000865,CMP-2026-00055,POLICE_LEDGER,2026-02-13 06:07:05,PII_REDACTED_AND_NORMALIZED,VERIFIED_INTEGRITY,29433bb97f584b7f5818ef10db9b114a8ba3b1810fcfdc165772041f44d12243
PRV-000866,CMP-2026-00879,HEALTH_STAT,2025-12-07 18:31:17,PII_REDACTED_AND_NORMALIZED,VERIFIED_INTEGRITY,48411289139d53bdf45f6265dc71b5d57f0ca93820d566f4990aaca8f6eec738
PRV-000867,CMP-2026-00265,CHECKPOST_SCANNER,2026-05-17 08:54:46,PII_REDACTED_AND_NORMALIZED,VERIFIED_INTEGRITY,c2712b96c91d8cd87f740f352e6dc1681adeca0b55f8e7c5afe913bf70669db9
PRV-000868,CMP-2026-00126,HEALTH_STAT,2025-02-12 22:30:42,PII_REDACTED_AND_NORMALIZED,VERIFIED_INTEGRITY,eabbaa1a8ed5a42e5ad557e3c8fdf2c6773c03e7fd85f6e4f64524e07ef5cfa6
PRV-000869,CMP-2026-01017,CHECKPOST_SCANNER,2025-03-22 06:22:03,PII_REDACTED_AND_NORMALIZED,VERIFIED_INTEGRITY,baa23a19501f102c41d6ac394162b39bab63d24ac730af2c36c58de478895a7e
PRV-000870,CMP-2026-00441,POLICE_LEDGER,2026-07-23 18:14:04,PII_REDACTED_AND_NORMALIZED,VERIFIED_INTEGRITY,eba7800671e2cb38c10cf085409d6f0756c7a8fc505c828f9dbcb3a75d49b838
PRV-000871,CMP-2026-00267,CITIZEN_PORTAL,2025-09-27 22:33:34,PII_REDACTED_AND_NORMALIZED,VERIFIED_INTEGRITY,114c30c9e2631a91574b78ac65e57a769bb0269b29fdcfb84e21ea5e26b718d5
PRV-000872,CMP-2026-00767,CHECKPOST_SCANNER,2026-04-11 23:54:07,PII_REDACTED_AND_NORMALIZED,VERIFIED_INTEGRITY,98874cb63e29cb6681418286328adaec80a8e02e15460e1cc7a4b7c5e2b1ee76
PRV-000873,CMP-2026-00396,CITIZEN_PORTAL,2026-02-14 00:47:18,PII_REDACTED_AND_NORMALIZED,VERIFIED_INTEGRITY,24f47d1b355b5bb256b6e2ad411c3651fd03fe833260fe6e1d4a3c5d3a31bb7b
PRV-000874,CMP-2026-00092,CITIZEN_PORTAL,2025-09-06 13:53:15,PII_REDACTED_AND_NORMALIZED,VERIFIED_INTEGRITY,85d25b9b6c3b7ecdc27f6c56faeab741f539262ce5207d0d7f48bc85b685c576
PRV-000875,CMP-2026-00069,HEALTH_STAT,2025-04-24 12:34:33,PII_REDACTED_AND_NORMALIZED,VERIFIED_INTEGRITY,1a94b4fa4a51dada3b9ee018d99ee3e5b79be98f7132f07df168958f855277b0
PRV-000876,CMP-2026-00527,CITIZEN_PORTAL,2025-11-02 03:50:15,PII_REDACTED_AND_NORMALIZED,VERIFIED_INTEGRITY,093370fc33ce24c517aac0317f5f6dcb0981b45c6d50e55b820ec2b6a000d054
PRV-000877,CMP-2026-00031,POLICE_LEDGER,2025-04-09 13:46:47,PII_REDACTED_AND_NORMALIZED,VERIFIED_INTEGRITY,eba75495d787380ce3add000a6754dcf1bf0ebf9bee2a0df02b55d5a08213366
PRV-000878,CMP-2026-00017,HEALTH_STAT,2026-01-09 17:10:45,PII_REDACTED_AND_NORMALIZED,VERIFIED_INTEGRITY,0aa4a8a235077f7b237f3f341b9495b60d69a7165bc5b5455bfe31aa5f41e92c
PRV-000879,CMP-2026-01098,CHECKPOST_SCANNER,2024-11-06 15:57:39,PII_REDACTED_AND_NORMALIZED,VERIFIED_INTEGRITY,46746c445a101b445a03e47e88828ede657f5fdb48ea42d7712e4a72d15e4052
PRV-000880,CMP-2026-00721,POLICE_LEDGER,2025-07-13 19:31:53,PII_REDACTED_AND_NORMALIZED,VERIFIED_INTEGRITY,be77a2f4b1320d073323d876da2185a10da5303d358dc3bc65626c1a38f6ad5b
PRV-000881,CMP-2026-00768,POLICE_LEDGER,2025-01-26 18:32:19,PII_REDACTED_AND_NORMALIZED,VERIFIED_INTEGRITY,4656c4eb4d1f566fade7e3ef5589de488a6b9548a7e63fb6bf6faa5d97664ac3
PRV-000882,CMP-2026-00864,CHECKPOST_SCANNER,2025-05-23 04:32:40,PII_REDACTED_AND_NORMALIZED,VERIFIED_INTEGRITY,681fb7a9473cfa01addc3b38ea5a2a8830eaa2abead4a70dff78ea3956cd58a7
PRV-000883,CMP-2026-01199,CITIZEN_PORTAL,2026-01-19 10:25:44,PII_REDACTED_AND_NORMALIZED,VERIFIED_INTEGRITY,e847e92b5adc910027686d171071e9489cbc84d484332ad11bd76d58005912c9
PRV-000884,CMP-2026-00185,POLICE_LEDGER,2025-02-13 09:29:35,PII_REDACTED_AND_NORMALIZED,VERIFIED_INTEGRITY,73845176f0dc2df12d12ec96efc736d86a6cf33ee9fcc4ec04f352e69faa4c2a
PRV-000885,CMP-2026-00071,CHECKPOST_SCANNER,2025-07-19 06:10:24,PII_REDACTED_AND_NORMALIZED,VERIFIED_INTEGRITY,9ea5e9cbec06326c7fbbfb1b16ba752dc8bb97d762b69d92dcf99e8f59c16cdc
PRV-000886,CMP-2026-00347,POLICE_LEDGER,2025-12-30 06:09:41,PII_REDACTED_AND_NORMALIZED,VERIFIED_INTEGRITY,40ece5d53a5c973747b0f721992e4187ff08b76da19fdf0d64096d78d0950193
PRV-000887,CMP-2026-00496,CHECKPOST_SCANNER,2026-08-01 13:14:46,PII_REDACTED_AND_NORMALIZED,VERIFIED_INTEGRITY,af59b664ff700ac2288f9f5e3a61bec107cf1396af5583a17f71a462f3318e6d
PRV-000888,CMP-2026-01113,HEALTH_STAT,2026-02-09 14:20:01,PII_REDACTED_AND_NORMALIZED,VERIFIED_INTEGRITY,c69de7da00235dea4043b593561b49ad02720567291295d97b61982fda1b9183
PRV-000889,CMP-2026-00684,POLICE_LEDGER,2026-05-27 09:45:40,PII_REDACTED_AND_NORMALIZED,VERIFIED_INTEGRITY,1b5f6c3670a35828fbd1aed0f43c42ed393b1a4e42a7751b60b3d2cf7b6f4f2c
PRV-000890,CMP-2026-00647,POLICE_LEDGER,2026-01-09 15:09:46,PII_REDACTED_AND_NORMALIZED,VERIFIED_INTEGRITY,17c5acba64690122a6f085af49788d28a2cf9070e543e32ac9c48f77520536f5
PRV-000891,CMP-2026-00985,CHECKPOST_SCANNER,2026-06-25 04:01:42,PII_REDACTED_AND_NORMALIZED,VERIFIED_INTEGRITY,4cdcad66087fe765edfddf076465fc08b199baee56cb1f02fdd8e91edc719d33
PRV-000892,CMP-2026-00136,POLICE_LEDGER,2024-11-21 23:17:10,PII_REDACTED_AND_NORMALIZED,VERIFIED_INTEGRITY,a7229cacd2b0b3a5d1acbbd9189f4521b0066148e0c5437433fa4f03d149dc8e
PRV-000893,CMP-2026-00782,CHECKPOST_SCANNER,2025-07-26 14:36:54,PII_REDACTED_AND_NORMALIZED,VERIFIED_INTEGRITY,1c19ea4f8bba163182d0720da69ea5dbda9e77384f07bc4ff7579314eba993bf
PRV-000894,CMP-2026-01122,POLICE_LEDGER,2026-06-11 06:29:17,PII_REDACTED_AND_NORMALIZED,VERIFIED_INTEGRITY,9f133e610c3a674b0923c958c149ebe44a4cc99bf4a4061409cbed04e154445b
PRV-000895,CMP-2026-01243,CITIZEN_PORTAL,2025-07-20 06:32:40,PII_REDACTED_AND_NORMALIZED,VERIFIED_INTEGRITY,cd9c20eebf04874bd09dee582e964e80d4ebc832f23d4adb4202686b1e13e948
PRV-000896,CMP-2026-00092,HEALTH_STAT,2024-10-20 18:59:29,PII_REDACTED_AND_NORMALIZED,VERIFIED_INTEGRITY,e3411d8683eacf62b8a7c5442d57634950ed58ff29cf5ea4da3b65ee108fdb61
PRV-000897,CMP-2026-00835,CITIZEN_PORTAL,2026-01-29 18:02:59,PII_REDACTED_AND_NORMALIZED,VERIFIED_INTEGRITY,58338e006f2b54f4bf20c40e31e76398a52761b259c6976207162097fe84634f
PRV-000898,CMP-2026-00276,HEALTH_STAT,2025-12-12 10:14:57,PII_REDACTED_AND_NORMALIZED,VERIFIED_INTEGRITY,7606a92912280e626432ec7a34d22bd8f32e5564352204ed5d0916180c3a76e0
PRV-000899,CMP-2026-00730,CHECKPOST_SCANNER,2024-12-03 05:30:37,PII_REDACTED_AND_NORMALIZED,VERIFIED_INTEGRITY,aeb1a9b9f3ebc89c9e51af19162140e814c86f99fa1aacc69732b24c5256dd8a
PRV-000900,CMP-2026-00746,POLICE_LEDGER,2025-09-22 20:37:49,PII_REDACTED_AND_NORMALIZED,VERIFIED_INTEGRITY,9ccef6483211c11b05039c30b1531d37ecc2cb07047dc9ecaad147bcb4b80030
PRV-000901,CMP-2026-00308,POLICE_LEDGER,2024-10-12 19:55:24,PII_REDACTED_AND_NORMALIZED,VERIFIED_INTEGRITY,ac331694ad1ea6e8f1a5b3c2e51ca9eb829a448526c9d0c4d7c89fd0a5e81692
PRV-000902,CMP-2026-00634,CITIZEN_PORTAL,2024-11-07 17:26:27,PII_REDACTED_AND_NORMALIZED,VERIFIED_INTEGRITY,b6e7299183d8a54d34e40443d80682146468d56d333de4dd1001d87847be385c
PRV-000903,CMP-2026-00234,CHECKPOST_SCANNER,2025-12-25 13:49:33,PII_REDACTED_AND_NORMALIZED,VERIFIED_INTEGRITY,3b9f1fd02962f4de5cb647516a312b2455d3d41f1c0d64de48f3b09271b5046f
PRV-000904,CMP-2026-01192,CITIZEN_PORTAL,2025-06-27 22:33:15,PII_REDACTED_AND_NORMALIZED,VERIFIED_INTEGRITY,f6dea2d4458da598fc7655be334eb2a676217b14f356c3b6b5052c687c85b1a6
PRV-000905,CMP-2026-00666,POLICE_LEDGER,2024-09-19 18:07:46,PII_REDACTED_AND_NORMALIZED,VERIFIED_INTEGRITY,500c5282831f8ad7f152d4145acce1643d855e1285c29af9890ef41449a9b344
PRV-000906,CMP-2026-00263,CITIZEN_PORTAL,2025-08-25 01:17:43,PII_REDACTED_AND_NORMALIZED,VERIFIED_INTEGRITY,50b4473f32829214fb97f5ea3f7f9a4ca3e15eed991c634f3bbd6b133ef89405
PRV-000907,CMP-2026-00517,CHECKPOST_SCANNER,2026-05-01 22:39:51,PII_REDACTED_AND_NORMALIZED,VERIFIED_INTEGRITY,872b0dcec0987674a5231211dd6f3e214696149541920cbb965e6eab74ca51ed
PRV-000908,CMP-2026-00924,CITIZEN_PORTAL,2026-03-10 14:09:37,PII_REDACTED_AND_NORMALIZED,VERIFIED_INTEGRITY,06b7f1c6dcfa803b63bfa53c68d240d9f65027b4edee619026c4d1673332ef05
PRV-000909,CMP-2026-00869,CITIZEN_PORTAL,2026-03-25 07:16:57,PII_REDACTED_AND_NORMALIZED,VERIFIED_INTEGRITY,7fb29603e85c5d0e5587c6d157fae6dc88f2ffc57b6dc58adff63f1289ea9429
PRV-000910,CMP-2026-00079,CITIZEN_PORTAL,2026-02-07 09:54:55,PII_REDACTED_AND_NORMALIZED,VERIFIED_INTEGRITY,56c13b652d33cb7b28090c86de9ca2b3d0d44fb8e968b6f38941805047621f01
PRV-000911,CMP-2026-00328,POLICE_LEDGER,2025-06-06 09:10:34,PII_REDACTED_AND_NORMALIZED,VERIFIED_INTEGRITY,68eb3b466e9b8c03b833c90df697d44c15f095233abb539ced10ed3930e1b466
PRV-000912,CMP-2026-00427,CITIZEN_PORTAL,2025-06-15 00:08:33,PII_REDACTED_AND_NORMALIZED,VERIFIED_INTEGRITY,6fae5a27c58970621248853c095c747bcd5f892c824f7a89de039c5612899991
PRV-000913,CMP-2026-00118,POLICE_LEDGER,2025-10-10 23:10:01,PII_REDACTED_AND_NORMALIZED,VERIFIED_INTEGRITY,fdbe44df5ba2ec559453860d255ef44b8bf9604259e120106518776ee8dad337
PRV-000914,CMP-2026-00250,HEALTH_STAT,2025-05-05 03:45:49,PII_REDACTED_AND_NORMALIZED,VERIFIED_INTEGRITY,db63522e0a07c8916a59462d7c5c3322c8f247d0a282f8686c44a87934b3bc07
PRV-000915,CMP-2026-00517,POLICE_LEDGER,2026-08-03 15:06:05,PII_REDACTED_AND_NORMALIZED,VERIFIED_INTEGRITY,3654002b9ccc24d332c777293f13915d2e3cd1fd119264b7a082a6cbddace7ca
PRV-000916,CMP-2026-00846,POLICE_LEDGER,2026-04-30 08:33:38,PII_REDACTED_AND_NORMALIZED,VERIFIED_INTEGRITY,98bbecf4db9509ec0411bd68feec7b56780ef8bea78d0349b8982cd214145c2c
PRV-000917,CMP-2026-00340,HEALTH_STAT,2024-10-15 22:07:09,PII_REDACTED_AND_NORMALIZED,VERIFIED_INTEGRITY,541b4358b4491075da3580fee28540d941031d911ec028a31b6e175d560e547d
PRV-000918,CMP-2026-01002,HEALTH_STAT,2025-04-03 21:50:17,PII_REDACTED_AND_NORMALIZED,VERIFIED_INTEGRITY,560ad57ab261b22ce2116b861fed48f9a0a474cfadfd0762f6a9daec3e1a548a
PRV-000919,CMP-2026-01104,POLICE_LEDGER,2024-10-19 05:38:16,PII_REDACTED_AND_NORMALIZED,VERIFIED_INTEGRITY,819b535e13caad6310ab38c06395b4393dc531dfecf94d7648b7a6a5bc40631f
PRV-000920,CMP-2026-00784,POLICE_LEDGER,2024-10-22 14:24:26,PII_REDACTED_AND_NORMALIZED,VERIFIED_INTEGRITY,133351e4ea412577f94293228bbbff4d7feb207bc5e8923977761ffc7eb774f6
PRV-000921,CMP-2026-00379,CITIZEN_PORTAL,2024-11-10 09:14:58,PII_REDACTED_AND_NORMALIZED,VERIFIED_INTEGRITY,9b1d4140cc7523079df111809f6b47bf131ecc33934f52ca3aad82625815de83
PRV-000922,CMP-2026-00155,CITIZEN_PORTAL,2025-08-01 21:25:56,PII_REDACTED_AND_NORMALIZED,VERIFIED_INTEGRITY,b3104d7c97a149aab5e10f509009523c7143e5afb5ec5025d2ca1360731a9308
PRV-000923,CMP-2026-00128,POLICE_LEDGER,2025-02-24 11:01:50,PII_REDACTED_AND_NORMALIZED,VERIFIED_INTEGRITY,344c7be97815b035510a222549a8d4a9aa34afa5890ad019997a58daf323a4a3
PRV-000924,CMP-2026-00603,POLICE_LEDGER,2026-04-04 12:09:47,PII_REDACTED_AND_NORMALIZED,VERIFIED_INTEGRITY,64868c6fb2f1636277d3fe3602a0a6d0d4bb61b2bf02a248d146cb5be60ac16b
PRV-000925,CMP-2026-00462,HEALTH_STAT,2026-04-22 19:58:51,PII_REDACTED_AND_NORMALIZED,VERIFIED_INTEGRITY,4c0faaa77ebeaa74e9b84d9a97f48c7b0d01980e32938dd89f8b5d34132868e4
PRV-000926,CMP-2026-00198,CITIZEN_PORTAL,2025-02-05 12:50:02,PII_REDACTED_AND_NORMALIZED,VERIFIED_INTEGRITY,c5ae7dba00dbdce2a1f8339262eba00057e20e95d7cdee120af1ee535a1efc04
PRV-000927,CMP-2026-00902,POLICE_LEDGER,2026-07-10 23:26:31,PII_REDACTED_AND_NORMALIZED,VERIFIED_INTEGRITY,6d6779eff1d2277119eb5da12465655e993ff6fa1e5b6c53f3481532dfa1be82
PRV-000928,CMP-2026-00389,CHECKPOST_SCANNER,2026-07-22 21:27:45,PII_REDACTED_AND_NORMALIZED,VERIFIED_INTEGRITY,bd754fbcc704dd4d5f9765c8642229725f70c5c952f7653982de823a020b3f30
PRV-000929,CMP-2026-00381,CHECKPOST_SCANNER,2024-12-01 14:49:00,PII_REDACTED_AND_NORMALIZED,VERIFIED_INTEGRITY,5c634b3690cdb95898c96f011951fcecb966ce732ca1c34e70bcc308b314dd1d
PRV-000930,CMP-2026-00867,HEALTH_STAT,2025-06-29 22:53:32,PII_REDACTED_AND_NORMALIZED,VERIFIED_INTEGRITY,55786ec25c5316ba4dd17450082bb8e92d03ac29b3fb9a0a87d3b58addae76f7
PRV-000931,CMP-2026-00051,CHECKPOST_SCANNER,2025-03-07 23:53:23,PII_REDACTED_AND_NORMALIZED,VERIFIED_INTEGRITY,5c7b93cdeee7dd160ce793127eb9181174e051ac19548db86d9a972b44f8acc1
PRV-000932,CMP-2026-01017,CITIZEN_PORTAL,2026-05-25 05:15:18,PII_REDACTED_AND_NORMALIZED,VERIFIED_INTEGRITY,0123df469be6ac7e0dea5ef92fa0300fce683f73459381e0c1d7b17c9f053ef7
PRV-000933,CMP-2026-00273,CHECKPOST_SCANNER,2025-11-21 19:45:49,PII_REDACTED_AND_NORMALIZED,VERIFIED_INTEGRITY,7afa3ba35197ed33a283239251b61d0070d11e708e9bf2bc5d6c1b84c4a43c3a
PRV-000934,CMP-2026-00541,CITIZEN_PORTAL,2026-05-06 18:50:27,PII_REDACTED_AND_NORMALIZED,VERIFIED_INTEGRITY,f22808813631e71f303c7b6b9f5a8ef70bc8e7d52d69c63b6227a5deef632ff8
PRV-000935,CMP-2026-00936,POLICE_LEDGER,2025-12-30 09:28:37,PII_REDACTED_AND_NORMALIZED,VERIFIED_INTEGRITY,0e8df6ebb7155e15cfb3f5ef09ba639d856b63abe52db57de815c17cea1a7a0b
PRV-000936,CMP-2026-00208,HEALTH_STAT,2025-01-07 16:35:31,PII_REDACTED_AND_NORMALIZED,VERIFIED_INTEGRITY,ba3e776b2ec3e372a07a63c2b7f2987c13c27aa027377140cdf4b8583b0d57fc
PRV-000937,CMP-2026-00186,CITIZEN_PORTAL,2024-11-02 13:27:05,PII_REDACTED_AND_NORMALIZED,VERIFIED_INTEGRITY,1ece32fa9f96e8181bb3af8e27e76cfc46a06c95298a62f01aa4d3cb2648309e
PRV-000938,CMP-2026-00619,CITIZEN_PORTAL,2024-11-10 19:22:27,PII_REDACTED_AND_NORMALIZED,VERIFIED_INTEGRITY,7afaa5d6ca8ef01d5717c0c13dc4cd03e779f48bb9551eb520010410ab4644b0
PRV-000939,CMP-2026-01102,HEALTH_STAT,2024-10-28 01:52:19,PII_REDACTED_AND_NORMALIZED,VERIFIED_INTEGRITY,9e05ba291043fcc932a91aedca6bbbed7d98037b26c06e170eebd997fd8821d8
PRV-000940,CMP-2026-00588,POLICE_LEDGER,2026-07-14 17:30:13,PII_REDACTED_AND_NORMALIZED,VERIFIED_INTEGRITY,5926b2083ce0ed281910c1daab6e45638e53253e3fdd0586c66199aed1beddae
PRV-000941,CMP-2026-01034,HEALTH_STAT,2026-06-05 19:50:55,PII_REDACTED_AND_NORMALIZED,VERIFIED_INTEGRITY,3fac949467565b93539dbf767c8a2644cdb8e5d5aefb15a4fb25dfefe88ae1b2
PRV-000942,CMP-2026-00757,HEALTH_STAT,2025-01-17 14:32:13,PII_REDACTED_AND_NORMALIZED,VERIFIED_INTEGRITY,44694dfe9e20b5de2fd556b5f3e06b520aaafb894e2feb62aca9e2195381649a
PRV-000943,CMP-2026-00131,CITIZEN_PORTAL,2025-01-11 22:22:53,PII_REDACTED_AND_NORMALIZED,VERIFIED_INTEGRITY,69c51f5d4de190e5b2c3e1d988ccb5e5c97af227061dfeb32297ac995286b089
PRV-000944,CMP-2026-00882,CHECKPOST_SCANNER,2025-10-08 12:18:31,PII_REDACTED_AND_NORMALIZED,VERIFIED_INTEGRITY,165f4a24583ca2ded71ca69f561b6002b75b75ccc9fe8e006f06d093a8028a48
PRV-000945,CMP-2026-00277,HEALTH_STAT,2026-01-05 04:58:21,PII_REDACTED_AND_NORMALIZED,VERIFIED_INTEGRITY,c1940337efbecd2284c995e90971ef379587b045c36dfc888d5918a111cf4049
PRV-000946,CMP-2026-00114,POLICE_LEDGER,2025-09-10 12:01:12,PII_REDACTED_AND_NORMALIZED,VERIFIED_INTEGRITY,3733d0b6588e57ec3122d18a243d551fadc2ba839bb70a9d92b69dfcf85d1185
PRV-000947,CMP-2026-00459,HEALTH_STAT,2024-12-20 05:27:20,PII_REDACTED_AND_NORMALIZED,VERIFIED_INTEGRITY,66b297aa03c1374d98edb628706aaaeefeb61956b285013965ea962b0ea99048
PRV-000948,CMP-2026-00888,POLICE_LEDGER,2026-02-11 08:45:33,PII_REDACTED_AND_NORMALIZED,VERIFIED_INTEGRITY,22fac145024f4810c36cfa51a074e96d420d1a874e9a0037bfbf510bfe85083b
PRV-000949,CMP-2026-00061,HEALTH_STAT,2025-11-20 21:06:30,PII_REDACTED_AND_NORMALIZED,VERIFIED_INTEGRITY,20a381a7de67945efb60cf887f7f1e449bcacab6c48ae955a131433338999d4d
PRV-000950,CMP-2026-00529,CHECKPOST_SCANNER,2024-11-12 16:14:45,PII_REDACTED_AND_NORMALIZED,VERIFIED_INTEGRITY,cb2de27c24a4506eaafdef76bf2f648b10dc9b686d2df9c2c1b6265319c63891
PRV-000951,CMP-2026-00666,HEALTH_STAT,2025-05-31 20:40:00,PII_REDACTED_AND_NORMALIZED,VERIFIED_INTEGRITY,538dde26f88768ce8a0ec687fc16d983fc4d1c9daa376880725bdc6697bb4fa7
PRV-000952,CMP-2026-00184,CHECKPOST_SCANNER,2025-10-06 22:42:43,PII_REDACTED_AND_NORMALIZED,VERIFIED_INTEGRITY,1fa5a0917f91d5bf7bf51a0ec03899224cf570c58b742a65a1c794d557a615f5
PRV-000953,CMP-2026-00081,CITIZEN_PORTAL,2026-01-26 12:40:49,PII_REDACTED_AND_NORMALIZED,VERIFIED_INTEGRITY,21eb1a5a639ffecd21cb4b86684974ca0c5401a0538221d313cb05155402089a
PRV-000954,CMP-2026-00177,CHECKPOST_SCANNER,2025-11-15 14:07:41,PII_REDACTED_AND_NORMALIZED,VERIFIED_INTEGRITY,8b27e91fd51f64348268c98fe6602b6aa74b65be82c5c4cc9a2aab24300d8bcc
PRV-000955,CMP-2026-00192,HEALTH_STAT,2026-06-11 16:18:59,PII_REDACTED_AND_NORMALIZED,VERIFIED_INTEGRITY,33a813d8954c923de2194b446eeac3193b7a3355c7ed09689fcb9b563664e653
PRV-000956,CMP-2026-00019,CHECKPOST_SCANNER,2025-05-07 15:43:54,PII_REDACTED_AND_NORMALIZED,VERIFIED_INTEGRITY,b66d1f7d0dd1927f02b9c77c402f71929db7dc3523f4927ef13ea66f49581f75
PRV-000957,CMP-2026-00578,CHECKPOST_SCANNER,2024-11-19 02:01:28,PII_REDACTED_AND_NORMALIZED,VERIFIED_INTEGRITY,d2f414197f9ce7bff54fbf904ae133579e163a039624e71930184db9079dd751
PRV-000958,CMP-2026-00482,CITIZEN_PORTAL,2024-12-14 05:21:58,PII_REDACTED_AND_NORMALIZED,VERIFIED_INTEGRITY,d74360df1e43cd259977bef2e08d0495a73e325d4a4ffaefbb677415af93005c
PRV-000959,CMP-2026-00308,HEALTH_STAT,2025-10-26 03:42:05,PII_REDACTED_AND_NORMALIZED,VERIFIED_INTEGRITY,bff21b7402107c377c51eaaee8099787d9c143c47231235023531b58cbac8d01
PRV-000960,CMP-2026-00937,HEALTH_STAT,2025-02-02 00:34:38,PII_REDACTED_AND_NORMALIZED,VERIFIED_INTEGRITY,f2981a5a3f3632a74829f276e963529ee01a40f018bd39c987d89b8f2a2c7d8b
PRV-000961,CMP-2026-00643,HEALTH_STAT,2024-10-29 10:28:36,PII_REDACTED_AND_NORMALIZED,VERIFIED_INTEGRITY,f2d4c6379031cac14f3189810d83821d43a669977aa5fc7c5f91e4c380a21741
PRV-000962,CMP-2026-01168,POLICE_LEDGER,2026-05-12 19:53:41,PII_REDACTED_AND_NORMALIZED,VERIFIED_INTEGRITY,618579d0c16d4da5e0c629c9c3fc8b6fa3112909a5c717d7a8db89cfb11062b8
PRV-000963,CMP-2026-00878,POLICE_LEDGER,2024-10-19 15:59:16,PII_REDACTED_AND_NORMALIZED,VERIFIED_INTEGRITY,48ea9f986276faad4d3475465d157500b973a4230a49e13c4101fe8b034e7da7
PRV-000964,CMP-2026-00683,CITIZEN_PORTAL,2026-05-09 03:47:59,PII_REDACTED_AND_NORMALIZED,VERIFIED_INTEGRITY,585f7c0323cad1014a1d1535e9b2c92341d495335549b9e5649b19381dd4177f
PRV-000965,CMP-2026-00487,HEALTH_STAT,2024-12-20 14:33:22,PII_REDACTED_AND_NORMALIZED,VERIFIED_INTEGRITY,de4d85f1e024b5e845a5fadbe9de4ab2df5394172ac04c527bac29bbe92e7932
PRV-000966,CMP-2026-01248,CITIZEN_PORTAL,2025-04-08 03:32:49,PII_REDACTED_AND_NORMALIZED,VERIFIED_INTEGRITY,b23f378da8235cb87a0e025395853cad48eecf3552f71d08d5313cdcdf7282da
PRV-000967,CMP-2026-00794,CITIZEN_PORTAL,2026-03-06 14:00:54,PII_REDACTED_AND_NORMALIZED,VERIFIED_INTEGRITY,5e8679fb8cbfa61c3ff5fb7da7caa04a3064e87eeb302b661cf6230c0ce2439c
PRV-000968,CMP-2026-00220,POLICE_LEDGER,2025-08-05 02:14:30,PII_REDACTED_AND_NORMALIZED,VERIFIED_INTEGRITY,47b97034c6ca2926e73107cbdf9a0848136302b3aa65bb710d6d7ebc4d30cd63
PRV-000969,CMP-2026-01228,CITIZEN_PORTAL,2025-12-13 16:42:24,PII_REDACTED_AND_NORMALIZED,VERIFIED_INTEGRITY,4b6a846b620513972862af4579662651cb56d4e1dd3b43e2af696125c865d24d
PRV-000970,CMP-2026-00860,CHECKPOST_SCANNER,2026-06-01 16:03:07,PII_REDACTED_AND_NORMALIZED,VERIFIED_INTEGRITY,5e8089b7625dc2c1f08b0c34a226a2664c88439c6183fd2c77b7ee1a70e20f98
PRV-000971,CMP-2026-00444,HEALTH_STAT,2025-01-24 07:58:17,PII_REDACTED_AND_NORMALIZED,VERIFIED_INTEGRITY,e9302f541950b4db1dd1aa5c379f1d3672ce18d92e44a968504f4661ffe8e03e
PRV-000972,CMP-2026-00569,POLICE_LEDGER,2026-04-07 06:54:32,PII_REDACTED_AND_NORMALIZED,VERIFIED_INTEGRITY,9ef198de6120769c2fe960bc7410fe291499cfa670480f7339295ae1ed0b94a9
PRV-000973,CMP-2026-00466,CHECKPOST_SCANNER,2024-12-18 05:59:59,PII_REDACTED_AND_NORMALIZED,VERIFIED_INTEGRITY,9dce3d3510f92f9b678a399278d49ba14ed23a603c7f5e1353dd2b26a397d5b2
PRV-000974,CMP-2026-00055,POLICE_LEDGER,2025-11-21 08:38:19,PII_REDACTED_AND_NORMALIZED,VERIFIED_INTEGRITY,ee18a246ed501434d6cf99222c8ac0df8eb51e9b65f8c08bf6b20aab0942ec5d
PRV-000975,CMP-2026-00374,CITIZEN_PORTAL,2025-10-10 01:09:09,PII_REDACTED_AND_NORMALIZED,VERIFIED_INTEGRITY,04bc66d87c1f00e7f3e0dda2bee7b0bac7fe921b240cd793618c7135abc041a0
PRV-000976,CMP-2026-00476,HEALTH_STAT,2026-01-21 18:56:18,PII_REDACTED_AND_NORMALIZED,VERIFIED_INTEGRITY,d83ded6e6d3195ab02daaf889c7fcc38db182c4b164fc146ed61c574a1d220a6
PRV-000977,CMP-2026-00611,CHECKPOST_SCANNER,2025-06-18 18:30:03,PII_REDACTED_AND_NORMALIZED,VERIFIED_INTEGRITY,c86a3120081b35c65b57c68bf6e54ded43675b4e175f7e4f30a90e7bdd6d8e2d
PRV-000978,CMP-2026-00630,CITIZEN_PORTAL,2025-06-15 16:42:48,PII_REDACTED_AND_NORMALIZED,VERIFIED_INTEGRITY,3acbb3985e9cb20cce40290d960371651a5228101f0b36b7a2c16b18c59383aa
PRV-000979,CMP-2026-00645,HEALTH_STAT,2025-08-24 19:04:53,PII_REDACTED_AND_NORMALIZED,VERIFIED_INTEGRITY,c63efa662a1c5f6b6fa76f4674598e0a0ea83b05a56ba08ffc03550aafeb4fce
PRV-000980,CMP-2026-00666,CITIZEN_PORTAL,2024-12-16 07:58:51,PII_REDACTED_AND_NORMALIZED,VERIFIED_INTEGRITY,1af70dfb1c757509febe151e6aff95b3683147565a17b1e8891559533b0e70b6
PRV-000981,CMP-2026-01016,HEALTH_STAT,2026-08-02 03:57:33,PII_REDACTED_AND_NORMALIZED,VERIFIED_INTEGRITY,9d7b273f4130c7d90398f26285b3c3422746af785c7c6b7f5680f1522e4934a4
PRV-000982,CMP-2026-00550,POLICE_LEDGER,2025-10-02 16:17:21,PII_REDACTED_AND_NORMALIZED,VERIFIED_INTEGRITY,7896fa715d0e865ef21fad1d931dd0f4991e51de550f47fc8ff0f59719de73ab
PRV-000983,CMP-2026-00768,CHECKPOST_SCANNER,2026-05-19 11:39:20,PII_REDACTED_AND_NORMALIZED,VERIFIED_INTEGRITY,c9a56fe0e64d29d4136eadf56d15b5d81fece0836bac414edd044a3543fc7659
PRV-000984,CMP-2026-00225,CHECKPOST_SCANNER,2026-01-05 17:50:35,PII_REDACTED_AND_NORMALIZED,VERIFIED_INTEGRITY,dbedcfb62859cdad626cb186b4e134b9aaadb13459b7af54b53d5a8b069cd1cd
PRV-000985,CMP-2026-00001,POLICE_LEDGER,2025-10-10 04:01:04,PII_REDACTED_AND_NORMALIZED,VERIFIED_INTEGRITY,276e5f7e1382e7e274de795f784261b2c2353ce0138c1e81691edc47948d2ab3
PRV-000986,CMP-2026-00534,CHECKPOST_SCANNER,2026-02-08 16:45:01,PII_REDACTED_AND_NORMALIZED,VERIFIED_INTEGRITY,3a6cfeb356e530f7854fa320161a847dbbe233d9a807a4bb072b46215f077bdc
PRV-000987,CMP-2026-00042,POLICE_LEDGER,2024-12-06 00:12:05,PII_REDACTED_AND_NORMALIZED,VERIFIED_INTEGRITY,56a01ed71325057942e0645896caf983e54a6aff42491d8fdcdb73be0a93ca40
PRV-000988,CMP-2026-00905,HEALTH_STAT,2025-03-01 07:28:04,PII_REDACTED_AND_NORMALIZED,VERIFIED_INTEGRITY,1f62618a59d32676cbf4ad7a7a45153c23a5d70e8ca926ac262988864fd87955
PRV-000989,CMP-2026-00609,CITIZEN_PORTAL,2026-06-25 06:58:22,PII_REDACTED_AND_NORMALIZED,VERIFIED_INTEGRITY,d2ae866db6e6b693b6e5fa6bf0bad466af57df31f1075cd22e669b115ca379b2
PRV-000990,CMP-2026-00357,CITIZEN_PORTAL,2026-04-01 06:44:04,PII_REDACTED_AND_NORMALIZED,VERIFIED_INTEGRITY,d4eee8dc5503c32b08eec4bbcfde0bb2f7aa620922ccbbbc90beb0ee3bba3f51
PRV-000991,CMP-2026-00227,CHECKPOST_SCANNER,2025-12-25 03:51:09,PII_REDACTED_AND_NORMALIZED,VERIFIED_INTEGRITY,62b34446fa1c52126457a3095851825c8f6153882ed30497ca16748cba1680ac
PRV-000992,CMP-2026-00525,CHECKPOST_SCANNER,2026-06-22 20:54:20,PII_REDACTED_AND_NORMALIZED,VERIFIED_INTEGRITY,ae76d00d20fc2e257f3e5561e8bc8c8803a061f24ea9d3c6c3913e8a7fd125d3
PRV-000993,CMP-2026-01139,CHECKPOST_SCANNER,2026-04-25 17:30:32,PII_REDACTED_AND_NORMALIZED,VERIFIED_INTEGRITY,e726cad6d0a35bf4c1da1bf133c6b236d3aa79bc8ef972932cd827c382d53d53
PRV-000994,CMP-2026-00245,HEALTH_STAT,2026-07-11 17:51:07,PII_REDACTED_AND_NORMALIZED,VERIFIED_INTEGRITY,ee957c13c31453cd913629b3472533e066764515081fb894b72eb7720cda9c2a
PRV-000995,CMP-2026-00814,CITIZEN_PORTAL,2024-09-23 03:20:52,PII_REDACTED_AND_NORMALIZED,VERIFIED_INTEGRITY,b0082001bc3c5194d2f79d10ddf1961c74be7b6ae420adee2255412e16906843
PRV-000996,CMP-2026-00512,CITIZEN_PORTAL,2026-06-04 22:49:32,PII_REDACTED_AND_NORMALIZED,VERIFIED_INTEGRITY,46f56b1a4d87fd5ed2ab1ff4fa23daed9815b5e7a5bf082475ee55cc193f8838
PRV-000997,CMP-2026-00729,CHECKPOST_SCANNER,2026-04-25 17:02:05,PII_REDACTED_AND_NORMALIZED,VERIFIED_INTEGRITY,00c1edd9a0eef69403b7e4e56953c2fac78522221acf5cb50d6df9b88d8906a4
PRV-000998,CMP-2026-00442,POLICE_LEDGER,2025-05-24 12:01:57,PII_REDACTED_AND_NORMALIZED,VERIFIED_INTEGRITY,8a10a2fb9f394ca04a7d510ec25eeada6c59fc793ba45c38555d8e03b0fa9fde
PRV-000999,CMP-2026-01239,POLICE_LEDGER,2025-01-19 05:03:00,PII_REDACTED_AND_NORMALIZED,VERIFIED_INTEGRITY,a8126855b16b661a859a2f262f3888c170e4d7d1804248aa4587f96297c637d0
PRV-001000,CMP-2026-00990,CHECKPOST_SCANNER,2026-01-03 12:02:15,PII_REDACTED_AND_NORMALIZED,VERIFIED_INTEGRITY,a2bde3b49654869bc4a896f3919d7b4d74619157da5a3dcbc27efd2763220428
PRV-001001,CMP-2026-00076,CITIZEN_PORTAL,2025-05-10 06:47:15,PII_REDACTED_AND_NORMALIZED,VERIFIED_INTEGRITY,010ea4539133f9ed55bc012a704423253ea178926e5ca8d553d472b838d498c8
PRV-001002,CMP-2026-00905,CITIZEN_PORTAL,2026-04-22 20:11:37,PII_REDACTED_AND_NORMALIZED,VERIFIED_INTEGRITY,c1a8a5a6ec8bedc3b70c9b8bc7a0c803ae3daf596eb4efc5802d7129e138805d
PRV-001003,CMP-2026-00375,HEALTH_STAT,2025-07-12 11:02:08,PII_REDACTED_AND_NORMALIZED,VERIFIED_INTEGRITY,35d53cbfb5b6b0b498ba4332b52945aa6674cb0f11aff07d5668809c07034d48
PRV-001004,CMP-2026-00103,CHECKPOST_SCANNER,2025-08-25 12:06:51,PII_REDACTED_AND_NORMALIZED,VERIFIED_INTEGRITY,20299a83a9afeff4986329c60ad0ba1872d3cd3ff9019682a133062a17edee9c
PRV-001005,CMP-2026-00782,CITIZEN_PORTAL,2026-06-14 12:13:50,PII_REDACTED_AND_NORMALIZED,VERIFIED_INTEGRITY,36c775e9b62d6a199756441a8d32f3785f69b1c839728530d33d5c51875b451f
PRV-001006,CMP-2026-01230,CHECKPOST_SCANNER,2024-11-23 12:08:45,PII_REDACTED_AND_NORMALIZED,VERIFIED_INTEGRITY,9914be2682f7096611d236b94fcf9d9b82f3b0ac3fe9f81cbffe34682607a81a
PRV-001007,CMP-2026-00782,HEALTH_STAT,2026-07-16 20:33:20,PII_REDACTED_AND_NORMALIZED,VERIFIED_INTEGRITY,6e043c7873ccb8364a090b2dec642056353811abeb3d3701302c0230c111fdaf
PRV-001008,CMP-2026-00001,CHECKPOST_SCANNER,2025-03-03 14:35:18,PII_REDACTED_AND_NORMALIZED,VERIFIED_INTEGRITY,08c75994749ece02f62297acda80cb6355a364f11cc9d504730acf50baefebe6
PRV-001009,CMP-2026-00999,CITIZEN_PORTAL,2026-08-09 12:29:20,PII_REDACTED_AND_NORMALIZED,VERIFIED_INTEGRITY,0f6ac221d55c1e7469223a62ac8a16601c6189fa08568b0cee9954f5c036ed5b
PRV-001010,CMP-2026-00172,POLICE_LEDGER,2026-01-06 09:48:57,PII_REDACTED_AND_NORMALIZED,VERIFIED_INTEGRITY,ae5b5a42e7c29fbb3fea9a47bf2e8660cf1d3f3228551e3439426edf1c3a8754
PRV-001011,CMP-2026-00309,CHECKPOST_SCANNER,2026-04-29 18:31:00,PII_REDACTED_AND_NORMALIZED,VERIFIED_INTEGRITY,031b49aa7b9de37ee9097c9425ab440b757792385facf25c633f480a736ec1e6
PRV-001012,CMP-2026-01243,HEALTH_STAT,2025-03-15 01:56:05,PII_REDACTED_AND_NORMALIZED,VERIFIED_INTEGRITY,08f5c75280e00ed5316ce4dba2dfb5c442c14b561a5776bb9673bb45f8ffe9d8
PRV-001013,CMP-2026-00721,HEALTH_STAT,2024-12-13 08:23:57,PII_REDACTED_AND_NORMALIZED,VERIFIED_INTEGRITY,1c632a30dcb5dadf986767c5f6c85c665d64615413eedc5c3ddefbfb2dd209ac
PRV-001014,CMP-2026-00222,CITIZEN_PORTAL,2026-05-11 15:29:15,PII_REDACTED_AND_NORMALIZED,VERIFIED_INTEGRITY,6bede6b89ab21b2a5f975fff24cb8403d544717791618c7ae1d3b94c0b084b7a
PRV-001015,CMP-2026-00342,CHECKPOST_SCANNER,2025-01-14 10:38:52,PII_REDACTED_AND_NORMALIZED,VERIFIED_INTEGRITY,aa1fdf69ea2933a160a631bcf7de44b1ebef1a17cb9fa3406bcbc0eaa91583d7
PRV-001016,CMP-2026-00606,HEALTH_STAT,2024-12-27 12:02:42,PII_REDACTED_AND_NORMALIZED,VERIFIED_INTEGRITY,b717d83be9cbf96cac1fcb7bea178023089308f14b82a122a5ca24a5e42b028a
PRV-001017,CMP-2026-00956,POLICE_LEDGER,2026-01-01 23:15:42,PII_REDACTED_AND_NORMALIZED,VERIFIED_INTEGRITY,a5fca2cefa5bfaa0366e6eec891bf82dfc98d5f480b7e90dfb64a32d49e38561
PRV-001018,CMP-2026-01057,HEALTH_STAT,2025-01-02 21:18:14,PII_REDACTED_AND_NORMALIZED,VERIFIED_INTEGRITY,f49dc27386a4aabb1d544e1a10409e7ea683727efd4948150d3bdaf668c6bc37
PRV-001019,CMP-2026-00694,HEALTH_STAT,2025-03-14 04:51:16,PII_REDACTED_AND_NORMALIZED,VERIFIED_INTEGRITY,22beae8c0b796dbc07aed08bb0a767669b0109b5dedbeab3a3baac9ad68fdc5c
PRV-001020,CMP-2026-01114,POLICE_LEDGER,2024-11-24 00:38:18,PII_REDACTED_AND_NORMALIZED,VERIFIED_INTEGRITY,840e40db47bd30ce06ebecd5fbc972706dc307d521c76948c5587a54fb5621c0
PRV-001021,CMP-2026-00347,POLICE_LEDGER,2026-03-15 11:24:54,PII_REDACTED_AND_NORMALIZED,VERIFIED_INTEGRITY,3df045671203309ee9ea5caf474e273c29d8b1c2bdfa55c96bc376a25b090d96
PRV-001022,CMP-2026-00449,CHECKPOST_SCANNER,2026-05-03 23:01:32,PII_REDACTED_AND_NORMALIZED,VERIFIED_INTEGRITY,84abe7e5d7b56130dff5b699dea9903c2c38d4133df4aa33b6f0d8b9e177c74a
PRV-001023,CMP-2026-00115,POLICE_LEDGER,2026-02-03 20:06:28,PII_REDACTED_AND_NORMALIZED,VERIFIED_INTEGRITY,10837edd513453f6d14c5a6b3a93d177d841a0f661ba70f6f296792b7a2a4099
PRV-001024,CMP-2026-00225,CITIZEN_PORTAL,2025-03-02 06:14:39,PII_REDACTED_AND_NORMALIZED,VERIFIED_INTEGRITY,8cd7a6e6829db058d4ca9572e6b14e8549c0f2660d3b6110245a5ca9edb775ef
PRV-001025,CMP-2026-00949,POLICE_LEDGER,2024-11-24 21:19:46,PII_REDACTED_AND_NORMALIZED,VERIFIED_INTEGRITY,f40547eca434d4bd4768ce3eb623790c04a372216b247a5a82fdae2571fe658b
PRV-001026,CMP-2026-00682,CITIZEN_PORTAL,2026-08-11 17:43:57,PII_REDACTED_AND_NORMALIZED,VERIFIED_INTEGRITY,6744cdd3e36fbd0011c480a7e4af2e34e1ffd7360a2bd5d3b2d151007953aff6
PRV-001027,CMP-2026-01144,CITIZEN_PORTAL,2026-06-15 22:16:07,PII_REDACTED_AND_NORMALIZED,VERIFIED_INTEGRITY,35f89e8571beb9c13a668879480d0c4f9d6d7e370a5e7ef6637df0478be6d52b
PRV-001028,CMP-2026-00999,POLICE_LEDGER,2025-01-08 01:52:41,PII_REDACTED_AND_NORMALIZED,VERIFIED_INTEGRITY,025312e22db3376a5cb0bc3a5d255b500b21b5309585361ba9cf34e54dafa27c
PRV-001029,CMP-2026-01043,CITIZEN_PORTAL,2026-03-17 12:09:59,PII_REDACTED_AND_NORMALIZED,VERIFIED_INTEGRITY,e0c2fc94e573a83dbcbe1cb147f5f3e02385d72c731447b2176591f12539b0fa
PRV-001030,CMP-2026-00772,POLICE_LEDGER,2024-12-15 14:15:28,PII_REDACTED_AND_NORMALIZED,VERIFIED_INTEGRITY,b523e595c9956dedbfe227a0cfd0e04f583d6c1f2e7958f9073f198a2a6225c6
PRV-001031,CMP-2026-01193,HEALTH_STAT,2026-02-13 00:56:10,PII_REDACTED_AND_NORMALIZED,VERIFIED_INTEGRITY,646394659a20ecedcda2e8cd3aae35f76f38c769dc7b18f49baa489871f0ed15
PRV-001032,CMP-2026-00569,HEALTH_STAT,2025-02-06 23:48:22,PII_REDACTED_AND_NORMALIZED,VERIFIED_INTEGRITY,21998c091db9ec139f20736c71d551284e1062e539af5bf9072d4878a2fd9377
PRV-001033,CMP-2026-00431,HEALTH_STAT,2025-05-29 16:17:11,PII_REDACTED_AND_NORMALIZED,VERIFIED_INTEGRITY,a421f61c8b676895177d495b88bffeb695ffe3b21de1db571c5f345e91dc92d5
PRV-001034,CMP-2026-00610,CITIZEN_PORTAL,2026-04-17 04:52:29,PII_REDACTED_AND_NORMALIZED,VERIFIED_INTEGRITY,42bfc06a04ad804a48e1be8701e394c63f40b3f9a0bac0b48851577e3eb64b04
PRV-001035,CMP-2026-00354,HEALTH_STAT,2026-05-06 13:45:34,PII_REDACTED_AND_NORMALIZED,VERIFIED_INTEGRITY,bc95e6a336f46af2d0fe6da99518454b9c56f415e8492355cf8dfea4b2bed668
PRV-001036,CMP-2026-00406,HEALTH_STAT,2026-04-25 00:14:51,PII_REDACTED_AND_NORMALIZED,VERIFIED_INTEGRITY,4f12e4e074826e7a3a156eafc3e7288407c2bc3a410ae11cc8bd6203a2ee0ff6
PRV-001037,CMP-2026-00014,CHECKPOST_SCANNER,2026-08-12 22:18:08,PII_REDACTED_AND_NORMALIZED,VERIFIED_INTEGRITY,c9bb385f6950fbf8a0cfadaf43c801c8b0dac134932cae83b79a62edb5e80d98
PRV-001038,CMP-2026-00821,HEALTH_STAT,2025-07-16 13:05:46,PII_REDACTED_AND_NORMALIZED,VERIFIED_INTEGRITY,ed783fa13f9c3fecce3d3022713f47f42eb1f8c3764d18b27cf86ff635b49b11
PRV-001039,CMP-2026-01227,HEALTH_STAT,2025-06-07 13:35:38,PII_REDACTED_AND_NORMALIZED,VERIFIED_INTEGRITY,ef48f1667cee61eb80ba6ba5202398f3769073086425cacdbb2ed65f2da40aa2
PRV-001040,CMP-2026-01020,HEALTH_STAT,2024-11-05 16:17:29,PII_REDACTED_AND_NORMALIZED,VERIFIED_INTEGRITY,6d6c60b92601ddfac961c432c928cac01b5320323b69a31c56e854be2d7d0366
PRV-001041,CMP-2026-00051,CITIZEN_PORTAL,2024-12-10 22:13:58,PII_REDACTED_AND_NORMALIZED,VERIFIED_INTEGRITY,dd0873c86e5d3d91dced079b28e4dbdef6ac30ddf6ce6e5857ec9d702e41e432
PRV-001042,CMP-2026-00867,HEALTH_STAT,2024-12-03 23:23:09,PII_REDACTED_AND_NORMALIZED,VERIFIED_INTEGRITY,fe84411d70789860e698549dceaf41b3bd3b3f677893d813e9bf78cf62f755f8
PRV-001043,CMP-2026-01056,CHECKPOST_SCANNER,2025-05-23 02:23:19,PII_REDACTED_AND_NORMALIZED,VERIFIED_INTEGRITY,9898de6747ffd6ea146b672052bc544b4efb43403f0a8b3af29d9b5a8c2713ed
PRV-001044,CMP-2026-00937,HEALTH_STAT,2026-01-01 06:40:24,PII_REDACTED_AND_NORMALIZED,VERIFIED_INTEGRITY,48ced6f169e9ef21f2da5570d8a6363f832312d7cd6cae3bd76fdb329a415636
PRV-001045,CMP-2026-00908,CHECKPOST_SCANNER,2024-12-08 04:49:54,PII_REDACTED_AND_NORMALIZED,VERIFIED_INTEGRITY,c46bd9efec81260e9866f0b0228834ee9a769b08b218618c5104bea9e17cd23c
PRV-001046,CMP-2026-00562,CHECKPOST_SCANNER,2025-08-31 10:59:24,PII_REDACTED_AND_NORMALIZED,VERIFIED_INTEGRITY,fab2bfa84e80e7c5aa9853bdb2d96e7463a4ceb325de9e567fe23e84b243350c
PRV-001047,CMP-2026-00884,HEALTH_STAT,2025-11-12 03:58:22,PII_REDACTED_AND_NORMALIZED,VERIFIED_INTEGRITY,69ace244a47d4e8fcbcb1cf1698f8385bea8e1bc73297ebd69e1c7c94c343560
PRV-001048,CMP-2026-01017,POLICE_LEDGER,2026-02-13 21:50:32,PII_REDACTED_AND_NORMALIZED,VERIFIED_INTEGRITY,468038fb9a385837044e2aa42ae90fce2f4f4b3eb618a2a9d06bcae6f1264ffb
PRV-001049,CMP-2026-00726,CITIZEN_PORTAL,2025-06-16 04:00:31,PII_REDACTED_AND_NORMALIZED,VERIFIED_INTEGRITY,c7935b866181b77c20d42b1d8a5c8bd695bbc0f003c19bcd11262af77959360b
PRV-001050,CMP-2026-00289,CITIZEN_PORTAL,2025-03-21 07:35:41,PII_REDACTED_AND_NORMALIZED,VERIFIED_INTEGRITY,86090a195277ca6904293efcbdef511813f576ae1a3975b171f918ae49dfac90
PRV-001051,CMP-2026-00300,CHECKPOST_SCANNER,2026-07-21 12:36:33,PII_REDACTED_AND_NORMALIZED,VERIFIED_INTEGRITY,dfb2fd3c3672bd25fec58ab7ae4b169c04d1f17331def355660052be3f5f4cdd
PRV-001052,CMP-2026-00391,HEALTH_STAT,2025-05-05 18:09:58,PII_REDACTED_AND_NORMALIZED,VERIFIED_INTEGRITY,75d68638c6de6e274e4e4584ef9bde62ca57b9255dfb00aabf404bf21a6175be
PRV-001053,CMP-2026-01074,HEALTH_STAT,2025-10-04 18:23:28,PII_REDACTED_AND_NORMALIZED,VERIFIED_INTEGRITY,b919aa7e0aca1ae0fe64f86f1d1f76365f0cae3c339f92fb4d614e107218c40e
PRV-001054,CMP-2026-00539,CHECKPOST_SCANNER,2026-05-27 12:37:48,PII_REDACTED_AND_NORMALIZED,VERIFIED_INTEGRITY,76ff471e55b83952ec196cd0930815c199a3af01bba28f9146d510727a196b21
PRV-001055,CMP-2026-00685,CITIZEN_PORTAL,2024-11-24 01:02:54,PII_REDACTED_AND_NORMALIZED,VERIFIED_INTEGRITY,f02dbb17d1c3ab1eb449e4cd608db848af64c0b819db05965d7b9ebccc96ae6d
PRV-001056,CMP-2026-01000,CITIZEN_PORTAL,2025-10-23 00:03:39,PII_REDACTED_AND_NORMALIZED,VERIFIED_INTEGRITY,f442faeb2c791d423b1979b81bc28f9071a322b07499c8dd6c9e043caff0b0f0
PRV-001057,CMP-2026-00917,CITIZEN_PORTAL,2025-10-25 11:25:06,PII_REDACTED_AND_NORMALIZED,VERIFIED_INTEGRITY,d2ef50ce5a99926563bf8518ac9e1cde86446b41f90e56b44c644f8f72fb08b6
PRV-001058,CMP-2026-00322,HEALTH_STAT,2026-07-06 03:11:16,PII_REDACTED_AND_NORMALIZED,VERIFIED_INTEGRITY,2752f54495fca46321499da864f3d348d28921103a0da4cdb3e9cf65febe5f5e
PRV-001059,CMP-2026-00352,POLICE_LEDGER,2025-08-30 23:00:42,PII_REDACTED_AND_NORMALIZED,VERIFIED_INTEGRITY,4f1eba2612651084d9fad99deb1a47364273a1222c2ab13a3deb5cf9fe54ca43
PRV-001060,CMP-2026-00283,HEALTH_STAT,2026-05-27 00:06:12,PII_REDACTED_AND_NORMALIZED,VERIFIED_INTEGRITY,4a9c3a8f742a26e6a4b9726e14be6a2fcd26397169df6a8ddfc30a93c8f59070
PRV-001061,CMP-2026-00684,CHECKPOST_SCANNER,2025-05-27 16:45:48,PII_REDACTED_AND_NORMALIZED,VERIFIED_INTEGRITY,680cc98371aafcfcdd3ef6b60780eb2e68efcab346ae0e3b3ec0e79ca7b4fc5f
PRV-001062,CMP-2026-00014,POLICE_LEDGER,2025-12-04 13:55:38,PII_REDACTED_AND_NORMALIZED,VERIFIED_INTEGRITY,ecf5d41176a30752a169e5611711da6bbfdf2d194056a1c45c81d315caba8b87
PRV-001063,CMP-2026-01072,CHECKPOST_SCANNER,2024-11-21 09:05:31,PII_REDACTED_AND_NORMALIZED,VERIFIED_INTEGRITY,39f65cf0829409b6b8872afbb70c528970b07e43ec02e609bd52b5a4e013b7a9
PRV-001064,CMP-2026-00068,CHECKPOST_SCANNER,2026-05-27 03:35:49,PII_REDACTED_AND_NORMALIZED,VERIFIED_INTEGRITY,ba5d22fd41c4dc6964188d81cb5ec5da6e3a69ef64a2680ae9d3c49a9f0f7f34
PRV-001065,CMP-2026-00635,CITIZEN_PORTAL,2026-05-31 13:08:24,PII_REDACTED_AND_NORMALIZED,VERIFIED_INTEGRITY,ae28bf59ec21e47e53af89c2079fddab30f4a822be302ff22113550578b4d3e6
PRV-001066,CMP-2026-00270,CHECKPOST_SCANNER,2025-01-25 17:01:21,PII_REDACTED_AND_NORMALIZED,VERIFIED_INTEGRITY,ff5b72997127601e7fecde0899fb15d9d91e0320bca2ed8f671cd6c5bc75f565
PRV-001067,CMP-2026-01016,CHECKPOST_SCANNER,2025-06-16 18:25:38,PII_REDACTED_AND_NORMALIZED,VERIFIED_INTEGRITY,6da42117b5b3543e553fba7fa926be2b7690969f2a0753177167dfdec978d708
PRV-001068,CMP-2026-00845,CHECKPOST_SCANNER,2024-12-21 13:14:55,PII_REDACTED_AND_NORMALIZED,VERIFIED_INTEGRITY,1d1a307f318160fd3a9eb1b2c723b6804cc36bb68fe28dd94d6a1fc44ff5ca34
PRV-001069,CMP-2026-00716,CHECKPOST_SCANNER,2025-05-22 12:31:15,PII_REDACTED_AND_NORMALIZED,VERIFIED_INTEGRITY,606c7e6cfd97bb8d41b7c9b38a283ce4ed1b48c63856f469b994ff21fd232cf6
PRV-001070,CMP-2026-00886,POLICE_LEDGER,2026-01-14 04:18:04,PII_REDACTED_AND_NORMALIZED,VERIFIED_INTEGRITY,640d849637ccc750efee91905ab176890c8e5020ded9f660cddb04a4746886a6
PRV-001071,CMP-2026-00140,CITIZEN_PORTAL,2025-10-05 21:00:11,PII_REDACTED_AND_NORMALIZED,VERIFIED_INTEGRITY,dd46adbdf8b949ef1d5e92eb7b625442fd10e282c52e3510961552d2dc0cfdf1
PRV-001072,CMP-2026-00233,HEALTH_STAT,2026-06-29 23:36:34,PII_REDACTED_AND_NORMALIZED,VERIFIED_INTEGRITY,261eb9e3a83436f35a233fc8bdd5e39541fc19e02f64fab8ec10fb60fe846bda
PRV-001073,CMP-2026-00642,CITIZEN_PORTAL,2024-11-26 19:52:18,PII_REDACTED_AND_NORMALIZED,VERIFIED_INTEGRITY,40bb83e8b86b7092416ebf2aef26d06a44431cf3e3a1cf57b3bceab4d233a637
PRV-001074,CMP-2026-00735,POLICE_LEDGER,2025-03-30 08:40:50,PII_REDACTED_AND_NORMALIZED,VERIFIED_INTEGRITY,9ddd1abf9fe5c1d8b1f7286531e5b2b3869a4ee669472894b559da08bf0ea643
PRV-001075,CMP-2026-00773,POLICE_LEDGER,2025-07-05 15:51:48,PII_REDACTED_AND_NORMALIZED,VERIFIED_INTEGRITY,1be9690ec969341fc105c2dd8be615b9d8948ab7d40fce8b21c81012b0a814e9
PRV-001076,CMP-2026-00396,CHECKPOST_SCANNER,2025-05-14 16:36:32,PII_REDACTED_AND_NORMALIZED,VERIFIED_INTEGRITY,4f9bba7669e4fb97786f06bb5e18bd7cdb5b5f6972be15281fcced8dce5c5bd9
PRV-001077,CMP-2026-00355,POLICE_LEDGER,2024-12-29 02:19:30,PII_REDACTED_AND_NORMALIZED,VERIFIED_INTEGRITY,8166ebdd9cec28fea61546f9945fe89bc653ef4cdffa8063ad57b6c62e75db94
PRV-001078,CMP-2026-00731,CHECKPOST_SCANNER,2026-07-08 02:26:22,PII_REDACTED_AND_NORMALIZED,VERIFIED_INTEGRITY,0033d8d59220fcae7b283fe0af055e8990d3a666f8e807d5b2e27246f68fa796
PRV-001079,CMP-2026-01065,POLICE_LEDGER,2025-08-09 17:21:32,PII_REDACTED_AND_NORMALIZED,VERIFIED_INTEGRITY,e1063824c6ee8388f0f5b1f70eca56d057d332848f30f1f141f926455002c61a
PRV-001080,CMP-2026-01134,CHECKPOST_SCANNER,2026-07-18 15:29:56,PII_REDACTED_AND_NORMALIZED,VERIFIED_INTEGRITY,44caebfd78ecd55806d08ecafc562106375eb0d6a2ff852764bca6ba0cac1d8a
PRV-001081,CMP-2026-01057,POLICE_LEDGER,2025-11-04 14:25:27,PII_REDACTED_AND_NORMALIZED,VERIFIED_INTEGRITY,edb863f96c4d9ae6d6911f8309df66d1aaecfba99a202557d4cf1d6ec49ec3a6
PRV-001082,CMP-2026-00046,CHECKPOST_SCANNER,2025-06-05 05:34:19,PII_REDACTED_AND_NORMALIZED,VERIFIED_INTEGRITY,fac91ef42df5173554accc8740324056a08d5a48193b57145b2f8d3a97d8ce0f
PRV-001083,CMP-2026-00231,POLICE_LEDGER,2025-11-12 12:24:56,PII_REDACTED_AND_NORMALIZED,VERIFIED_INTEGRITY,4e5fd34be456d8cba7169a7c62aa63ca6727b7cfa52ab1d0fbe6c64555452310
PRV-001084,CMP-2026-00302,CITIZEN_PORTAL,2025-11-01 04:37:53,PII_REDACTED_AND_NORMALIZED,VERIFIED_INTEGRITY,c628f62d6ddc8beff7efbefcff895dd4856d6ce42297a9738d460a9a5e966113
PRV-001085,CMP-2026-00676,CHECKPOST_SCANNER,2024-12-14 06:29:29,PII_REDACTED_AND_NORMALIZED,VERIFIED_INTEGRITY,30565b7f97d3b6dca262edecff6b9b8dda71e4cf4ea244f1bcec1cbc4f6a7494
PRV-001086,CMP-2026-00937,CITIZEN_PORTAL,2024-12-08 02:20:31,PII_REDACTED_AND_NORMALIZED,VERIFIED_INTEGRITY,61a64e9b24d61397a88675abaf82315c6d2d97cc6fcb942c812ca42a4ca0d04f
PRV-001087,CMP-2026-01013,CITIZEN_PORTAL,2024-10-16 07:03:33,PII_REDACTED_AND_NORMALIZED,VERIFIED_INTEGRITY,8686955222afd8b8733d6fa36d9c1a842810a62497417aa233fbb8050c0ddf4e
PRV-001088,CMP-2026-00477,CITIZEN_PORTAL,2025-01-01 01:34:47,PII_REDACTED_AND_NORMALIZED,VERIFIED_INTEGRITY,004343e443d4cfc05907a643b82890e6251449e623b91cfe580801af172256c7
PRV-001089,CMP-2026-01178,CITIZEN_PORTAL,2025-10-20 11:53:04,PII_REDACTED_AND_NORMALIZED,VERIFIED_INTEGRITY,5b9564bbcb7bbfba2dc48733b9a6fbf7f3a9ef5d6f06a47034b62d6a4e0f2ae4
PRV-001090,CMP-2026-00225,HEALTH_STAT,2026-03-09 17:22:46,PII_REDACTED_AND_NORMALIZED,VERIFIED_INTEGRITY,aefdeb38a839ef003d89e88ba71448e9c081efc91060d6fc719cd082b5060f78
PRV-001091,CMP-2026-00214,POLICE_LEDGER,2025-02-05 13:34:51,PII_REDACTED_AND_NORMALIZED,VERIFIED_INTEGRITY,3b435db6272c5e8d6d4d46dde850f7c9511343284c68411bdb64c83d956a3604
PRV-001092,CMP-2026-00030,HEALTH_STAT,2025-06-06 21:03:28,PII_REDACTED_AND_NORMALIZED,VERIFIED_INTEGRITY,7d642016870fd4e8b11413f8402d55d7d5d7186d8260d24b4617e5c72cc5ec8a
PRV-001093,CMP-2026-00938,CHECKPOST_SCANNER,2026-07-11 17:23:32,PII_REDACTED_AND_NORMALIZED,VERIFIED_INTEGRITY,a6cdf26d84b6831657aa919fb8789aa41c0c5385164a82b2b8d7de4a33b5e81e
PRV-001094,CMP-2026-00838,CHECKPOST_SCANNER,2024-09-28 21:00:04,PII_REDACTED_AND_NORMALIZED,VERIFIED_INTEGRITY,9c3193ca5ddcbcb34993db651d5e076f9b8b51bbbca50e0d37e6c60b3beed948
PRV-001095,CMP-2026-00720,CHECKPOST_SCANNER,2026-04-19 10:40:53,PII_REDACTED_AND_NORMALIZED,VERIFIED_INTEGRITY,24651edad1ac18a7ed79692862bcb8fd5801d789d5a1d2ab98b3ad94aac42f7a
PRV-001096,CMP-2026-00427,POLICE_LEDGER,2025-02-08 03:11:55,PII_REDACTED_AND_NORMALIZED,VERIFIED_INTEGRITY,c114db0548db600a3ab776173541cc578043735575e28a993b1be0ae41a4ee8a
PRV-001097,CMP-2026-00945,CITIZEN_PORTAL,2024-12-14 08:21:38,PII_REDACTED_AND_NORMALIZED,VERIFIED_INTEGRITY,7db16565f31ccbf375cbce6ca43e78c450e020a28bfd5c38df462889932a1e83
PRV-001098,CMP-2026-00196,CITIZEN_PORTAL,2026-05-10 23:49:32,PII_REDACTED_AND_NORMALIZED,VERIFIED_INTEGRITY,40055b45f35276690eb8183408d8ef52f9d23ee1589a83aa2ef390d84c09bc92
PRV-001099,CMP-2026-01176,CHECKPOST_SCANNER,2025-11-09 06:07:52,PII_REDACTED_AND_NORMALIZED,VERIFIED_INTEGRITY,593775228818d99277cdd45b07f70c998dd66f62c6cb2c79c783f3a8ffa39efe
PRV-001100,CMP-2026-01185,CHECKPOST_SCANNER,2025-04-30 06:09:23,PII_REDACTED_AND_NORMALIZED,VERIFIED_INTEGRITY,28989eb5836ad70e36239515553c6d1303c98ac935f197cd35b766326d7ea6df
PRV-001101,CMP-2026-00650,CHECKPOST_SCANNER,2025-01-20 03:47:22,PII_REDACTED_AND_NORMALIZED,VERIFIED_INTEGRITY,3b2d45c28fa7f39a4827cd584f1b0f2d311bde2fd31e2dceadd4cf25a605e0c2
PRV-001102,CMP-2026-00428,POLICE_LEDGER,2025-05-16 09:41:55,PII_REDACTED_AND_NORMALIZED,VERIFIED_INTEGRITY,8dabc13638556ec87c312588e411dcfca90d6258178fb6f9b760729a4b69a084
PRV-001103,CMP-2026-00721,POLICE_LEDGER,2025-10-01 01:59:20,PII_REDACTED_AND_NORMALIZED,VERIFIED_INTEGRITY,541015a874b6b8657bd354672896a3f9120f7a61b606a3689112fd3f1738617e
PRV-001104,CMP-2026-00471,CITIZEN_PORTAL,2025-07-08 07:25:42,PII_REDACTED_AND_NORMALIZED,VERIFIED_INTEGRITY,2520a3199005dfa036a2f532f85d89a0dd6d0fa37e340ab26ccccca9f772fe40
PRV-001105,CMP-2026-00405,CHECKPOST_SCANNER,2025-04-25 10:07:33,PII_REDACTED_AND_NORMALIZED,VERIFIED_INTEGRITY,259a7f77c50b15d8d869c82974d58fea600ef6fe294f4e132ed2788e330c0ec6
PRV-001106,CMP-2026-01111,HEALTH_STAT,2025-07-29 04:42:29,PII_REDACTED_AND_NORMALIZED,VERIFIED_INTEGRITY,b93675300cc807f4f2b08f3eae92e387910df7c8cc1a799b74755ed3d9d54b8e
PRV-001107,CMP-2026-01203,POLICE_LEDGER,2025-02-06 21:06:01,PII_REDACTED_AND_NORMALIZED,VERIFIED_INTEGRITY,f1007ec7d25a5cf55b3a8e1453fdd302d31d61d21374a209da555be12b61ffbe
PRV-001108,CMP-2026-01226,CHECKPOST_SCANNER,2026-02-13 11:54:32,PII_REDACTED_AND_NORMALIZED,VERIFIED_INTEGRITY,f1a09cdc9f091ba08feb366d8d8ebe8391c7027da96d1d2da18255d05860ac6b
PRV-001109,CMP-2026-00066,HEALTH_STAT,2025-06-11 19:40:29,PII_REDACTED_AND_NORMALIZED,VERIFIED_INTEGRITY,dd663193dc088b6f987cdb1a60bf2c1a7ae5024cb6b8a8446c32498f465c311c
PRV-001110,CMP-2026-01078,HEALTH_STAT,2026-03-29 06:26:40,PII_REDACTED_AND_NORMALIZED,VERIFIED_INTEGRITY,ef466fb60d5525750239e02c4300b38c63b4925bdca19b9b269b34beb5411d29
PRV-001111,CMP-2026-00484,CITIZEN_PORTAL,2025-02-19 10:45:23,PII_REDACTED_AND_NORMALIZED,VERIFIED_INTEGRITY,0208feb21b5f88a29193d39f1af0e53ff4c7d6a1e23071391df7f9d44335a8e3
PRV-001112,CMP-2026-00289,CITIZEN_PORTAL,2026-05-23 23:38:05,PII_REDACTED_AND_NORMALIZED,VERIFIED_INTEGRITY,1729f20429fbc10edea1574d35aa84210e2e6445b8a73e0125556e946ed2a00a
PRV-001113,CMP-2026-00324,CITIZEN_PORTAL,2025-11-13 05:17:51,PII_REDACTED_AND_NORMALIZED,VERIFIED_INTEGRITY,74718c20b4b78de97aa2e1e81b1d8f7294138e1cd60e2002a803e27215523590
PRV-001114,CMP-2026-01071,CITIZEN_PORTAL,2025-08-27 00:11:03,PII_REDACTED_AND_NORMALIZED,VERIFIED_INTEGRITY,99965fcdcf55555a15a2c0029640edb1f6646824a8d4d1e686645b4a138ec868
PRV-001115,CMP-2026-00162,HEALTH_STAT,2025-09-24 16:32:21,PII_REDACTED_AND_NORMALIZED,VERIFIED_INTEGRITY,c85c3612d61690fc6bb009b810d71ac87625acf25b5d7e127bb1a82904ac1c87
PRV-001116,CMP-2026-00631,CITIZEN_PORTAL,2025-01-06 17:45:43,PII_REDACTED_AND_NORMALIZED,VERIFIED_INTEGRITY,b08d6f5d83b3a11e580acf6785295193e593fbe1abfc21af23889ec00ed317a3
PRV-001117,CMP-2026-01004,CHECKPOST_SCANNER,2025-08-06 13:01:08,PII_REDACTED_AND_NORMALIZED,VERIFIED_INTEGRITY,3d37006544ef4dd038a70b9ef627def01e899a259299e169d2a5d7c6e3557b0c
PRV-001118,CMP-2026-00258,POLICE_LEDGER,2024-11-29 09:08:12,PII_REDACTED_AND_NORMALIZED,VERIFIED_INTEGRITY,9dbaf14fe2354db641b4d33c57dda152e7383ed17128885751e8c3e7ed6b63f8
PRV-001119,CMP-2026-01107,POLICE_LEDGER,2024-12-27 21:40:32,PII_REDACTED_AND_NORMALIZED,VERIFIED_INTEGRITY,5840226167c41ba463f0abf63c526ea40a498a0fe9704988e65b8513d4f5e470
PRV-001120,CMP-2026-00420,CHECKPOST_SCANNER,2026-05-01 11:10:10,PII_REDACTED_AND_NORMALIZED,VERIFIED_INTEGRITY,4399b4c0fb013d93b0d20b96cf0c207a6e301d6b16151db09607af077ff639dd
PRV-001121,CMP-2026-00029,HEALTH_STAT,2026-08-14 01:48:45,PII_REDACTED_AND_NORMALIZED,VERIFIED_INTEGRITY,dbbc3824659d5a76ed0aea99913979f4ce29ac98e89454fbde5200ce2ffe4810
PRV-001122,CMP-2026-01236,CHECKPOST_SCANNER,2026-07-20 02:56:50,PII_REDACTED_AND_NORMALIZED,VERIFIED_INTEGRITY,1e33b87711d31894343ecf2a04df3121011b7b6c1356407b344825d9ba5b686f
PRV-001123,CMP-2026-00704,POLICE_LEDGER,2025-06-05 19:42:34,PII_REDACTED_AND_NORMALIZED,VERIFIED_INTEGRITY,e2f55fc3b911ac0b50615319fec56e1615f1a19255f542a643b88fdd697b3085
PRV-001124,CMP-2026-01054,HEALTH_STAT,2025-06-04 06:46:54,PII_REDACTED_AND_NORMALIZED,VERIFIED_INTEGRITY,ba27788ee2b3a20c84bb3e82cfc9fa41f9ce4d437dc89ed456f32b2c0e450a59
PRV-001125,CMP-2026-00656,HEALTH_STAT,2025-06-06 23:00:04,PII_REDACTED_AND_NORMALIZED,VERIFIED_INTEGRITY,98cd69e7f353473820b2186de438c2e1c6aa5d94b063308ecc22eb825628f8ce
PRV-001126,CMP-2026-00908,HEALTH_STAT,2024-12-22 16:09:32,PII_REDACTED_AND_NORMALIZED,VERIFIED_INTEGRITY,9f77d67d6303e71b6ba988d25b72a1f6755c699a0436952c97e89f7fecea198f
PRV-001127,CMP-2026-00500,CITIZEN_PORTAL,2025-04-22 08:00:00,PII_REDACTED_AND_NORMALIZED,VERIFIED_INTEGRITY,9d46fdcb66211224f00ee00d8ecd7d54c2123a8e46373fe6857d22f184892248
PRV-001128,CMP-2026-00134,HEALTH_STAT,2024-12-16 20:23:37,PII_REDACTED_AND_NORMALIZED,VERIFIED_INTEGRITY,59f3353a4fc3ed3f4f7612cbca2ac4dad4263409aab949ae64a90ac111a7a4a1
PRV-001129,CMP-2026-00566,CITIZEN_PORTAL,2024-09-30 05:16:19,PII_REDACTED_AND_NORMALIZED,VERIFIED_INTEGRITY,78b2626ade6d319a95956329fc9409096f51d119b77f8c563ae03d0c0b42cccc
PRV-001130,CMP-2026-00893,POLICE_LEDGER,2026-03-17 06:26:37,PII_REDACTED_AND_NORMALIZED,VERIFIED_INTEGRITY,573d34ad932ebae952df251e44c2017e40412e195aacd5ff5a433a8439c0988b
PRV-001131,CMP-2026-00078,POLICE_LEDGER,2025-05-03 04:56:04,PII_REDACTED_AND_NORMALIZED,VERIFIED_INTEGRITY,a75ffd9ea0896cd198a0feb4c5fc0d16be876d911464fb8a858788926175073f
PRV-001132,CMP-2026-00777,CHECKPOST_SCANNER,2025-08-22 19:52:10,PII_REDACTED_AND_NORMALIZED,VERIFIED_INTEGRITY,fe65102105735a4bf4db54449aa2a6bd1ffd80eb9c0896a71e301c25d4ab0cce
PRV-001133,CMP-2026-00996,HEALTH_STAT,2024-11-12 04:15:13,PII_REDACTED_AND_NORMALIZED,VERIFIED_INTEGRITY,e61e86fc98aba1e2d139ddd6e03df8f254945b67f0f89b64d74253affb574b61
PRV-001134,CMP-2026-01083,CITIZEN_PORTAL,2026-06-12 20:45:30,PII_REDACTED_AND_NORMALIZED,VERIFIED_INTEGRITY,efee2d5a942a694af11c16e1efba38795c33ef12c3ea9d14a8e27fc76bc0f9c2
PRV-001135,CMP-2026-01227,CITIZEN_PORTAL,2025-07-01 11:15:00,PII_REDACTED_AND_NORMALIZED,VERIFIED_INTEGRITY,fc52c9fbf6a60705ac205e2b5a57c1f094ddb0c2d41a96a640ae1bcc58b0804b
PRV-001136,CMP-2026-00987,CITIZEN_PORTAL,2025-04-05 15:59:38,PII_REDACTED_AND_NORMALIZED,VERIFIED_INTEGRITY,b4fc2b90b5310f803b834ea01e98dbdeca54f2eb55ddb9df59598b57afe0da56
PRV-001137,CMP-2026-01148,CHECKPOST_SCANNER,2025-11-29 22:43:30,PII_REDACTED_AND_NORMALIZED,VERIFIED_INTEGRITY,9d839ffc9a08ea808ba81f686f194866ebbe8f84a2b647d8977691a82b961c5a
PRV-001138,CMP-2026-01208,POLICE_LEDGER,2025-05-11 00:15:42,PII_REDACTED_AND_NORMALIZED,VERIFIED_INTEGRITY,6f0161113f9946925c39ba5616283b5784bb4f4e652aaae114dc4dcf4379833d
PRV-001139,CMP-2026-00082,CITIZEN_PORTAL,2026-06-09 16:18:57,PII_REDACTED_AND_NORMALIZED,VERIFIED_INTEGRITY,6c02a0dda8d6d085a7d53d6cf30c627355d7eaf7a4693a3b66bb3ba1f930c777
PRV-001140,CMP-2026-00628,CITIZEN_PORTAL,2026-07-12 22:53:54,PII_REDACTED_AND_NORMALIZED,VERIFIED_INTEGRITY,85e4274185ee2d8068fa0157a365023433d476fc4db7131fba3936a3b0fd4b66
PRV-001141,CMP-2026-00742,HEALTH_STAT,2025-07-28 22:29:03,PII_REDACTED_AND_NORMALIZED,VERIFIED_INTEGRITY,cf107f829ea80d716518a8f1f0b8732055a803eddca86bfe4d248a7908476a33
PRV-001142,CMP-2026-01232,POLICE_LEDGER,2025-03-02 06:03:41,PII_REDACTED_AND_NORMALIZED,VERIFIED_INTEGRITY,03d72da8b989e7dd2f3380610bd18ee5854f2f1415d428a2e2bb6b40ba29e2f0
PRV-001143,CMP-2026-00710,CITIZEN_PORTAL,2026-04-10 05:55:02,PII_REDACTED_AND_NORMALIZED,VERIFIED_INTEGRITY,135b7838f16d9b68599524f466ff233c03a8c1d30048c9e4565897c31159ffcf
PRV-001144,CMP-2026-00314,CHECKPOST_SCANNER,2026-07-31 23:54:53,PII_REDACTED_AND_NORMALIZED,VERIFIED_INTEGRITY,c69d302f0ea65473946262eb76ae9c07ddf42d61ca503f8abf1f0baeb27c57f6
PRV-001145,CMP-2026-00656,POLICE_LEDGER,2024-10-07 07:35:44,PII_REDACTED_AND_NORMALIZED,VERIFIED_INTEGRITY,843967e1a83d7ff21fb29d32cd934e6974c853cfd6cfd1dea5780699a5b4e255
PRV-001146,CMP-2026-00853,HEALTH_STAT,2026-01-10 16:18:11,PII_REDACTED_AND_NORMALIZED,VERIFIED_INTEGRITY,63969d87ee7d00a4a2ddb84dbe8be55909d6167504ece67713a636f6da588d68
PRV-001147,CMP-2026-00927,CHECKPOST_SCANNER,2025-07-06 14:38:28,PII_REDACTED_AND_NORMALIZED,VERIFIED_INTEGRITY,7ad634a731b281ff8903aebf529a809c8988a4887f7d8d08ce4430ddcf4b4205
PRV-001148,CMP-2026-00562,CHECKPOST_SCANNER,2025-11-24 19:06:37,PII_REDACTED_AND_NORMALIZED,VERIFIED_INTEGRITY,da71f76357df4cee87d11dd3dc7fd694f755c2df1ccfa89bf2ca87a45598b7ce
PRV-001149,CMP-2026-00258,CITIZEN_PORTAL,2025-01-17 10:25:26,PII_REDACTED_AND_NORMALIZED,VERIFIED_INTEGRITY,07ccbba3ba8980c756e6b43c5bd796f67b7bdcae7d858445b7bb10c58e2ade1c
PRV-001150,CMP-2026-00372,POLICE_LEDGER,2026-04-27 10:42:24,PII_REDACTED_AND_NORMALIZED,VERIFIED_INTEGRITY,e00b30eacfb9041958c3470c3519bb48ce942398f4825cd9fdd3c382a36ef4a3
PRV-001151,CMP-2026-00484,CHECKPOST_SCANNER,2024-12-01 16:39:48,PII_REDACTED_AND_NORMALIZED,VERIFIED_INTEGRITY,0a07f6bc89c07efc94bd30cfd98d60226b61e354e75d980061185f125aa198ac
PRV-001152,CMP-2026-00217,HEALTH_STAT,2024-12-29 21:24:27,PII_REDACTED_AND_NORMALIZED,VERIFIED_INTEGRITY,4f0933324289b3efd07f6a29a74eb0ab0cabde7e19896209bf3a03c2b32f9d84
PRV-001153,CMP-2026-00850,POLICE_LEDGER,2025-07-08 06:13:50,PII_REDACTED_AND_NORMALIZED,VERIFIED_INTEGRITY,b0780b2da641f8d178591ceedbe1a4e2b1a8ba727092da86429004e335104725
PRV-001154,CMP-2026-00796,CITIZEN_PORTAL,2025-10-06 09:06:02,PII_REDACTED_AND_NORMALIZED,VERIFIED_INTEGRITY,22d9c590b619ade776dee5144700184966043ca00aaa7a7c3ab787e518abb26a
PRV-001155,CMP-2026-01176,CHECKPOST_SCANNER,2026-01-29 18:22:16,PII_REDACTED_AND_NORMALIZED,VERIFIED_INTEGRITY,a62a84a6e9252e93a1790337531ff8f93857ab178268e1f47fcb6c97e926ae1e
PRV-001156,CMP-2026-00928,CHECKPOST_SCANNER,2026-06-09 07:40:57,PII_REDACTED_AND_NORMALIZED,VERIFIED_INTEGRITY,4bc542b24b549e287ea78a42fe1a0eddfa554c84437b9d26d51880813dd5d7cc
PRV-001157,CMP-2026-00287,CITIZEN_PORTAL,2025-11-14 20:43:19,PII_REDACTED_AND_NORMALIZED,VERIFIED_INTEGRITY,6906044683ef1beef461f5d2be29731bb64113f1afb5b78e9e36caf88b766385
PRV-001158,CMP-2026-01119,CHECKPOST_SCANNER,2026-03-19 09:42:53,PII_REDACTED_AND_NORMALIZED,VERIFIED_INTEGRITY,674c1c8e5425b2d22df3458795b749e2ee5762924562f523d7b404eacdb68a85
PRV-001159,CMP-2026-00593,CHECKPOST_SCANNER,2024-10-10 09:27:22,PII_REDACTED_AND_NORMALIZED,VERIFIED_INTEGRITY,4600750fc34cab4db5256783e15491f07cb5ee0b968a518cfe9cf895d9591c62
PRV-001160,CMP-2026-00338,HEALTH_STAT,2026-02-02 14:58:48,PII_REDACTED_AND_NORMALIZED,VERIFIED_INTEGRITY,eeb2e8955c0662e8c6df1eda6169e4eeb55eddf6e445e1ab3bac58109cdbc67c
PRV-001161,CMP-2026-00108,POLICE_LEDGER,2025-02-14 20:32:20,PII_REDACTED_AND_NORMALIZED,VERIFIED_INTEGRITY,952ec95bd02f8bb310a905dfdf0aed15b17219c0b7b34b645111f8b206d87b93
PRV-001162,CMP-2026-00960,HEALTH_STAT,2025-09-08 08:14:03,PII_REDACTED_AND_NORMALIZED,VERIFIED_INTEGRITY,b0aaeb8bae39cb0c14d8d60815ce273f6727c45c6540b6122f32345dea3c23c9
PRV-001163,CMP-2026-00846,CITIZEN_PORTAL,2025-08-20 06:20:10,PII_REDACTED_AND_NORMALIZED,VERIFIED_INTEGRITY,c85e48428b450e0ab035d353c9287c14538b9ac7350874fc61d4f6c223246ba6
PRV-001164,CMP-2026-00176,CITIZEN_PORTAL,2025-03-24 02:04:51,PII_REDACTED_AND_NORMALIZED,VERIFIED_INTEGRITY,0f09f6b234aaee47a760eefd6e2afe935c6bcb2d557172e0f455b879694d09d6
PRV-001165,CMP-2026-00711,POLICE_LEDGER,2025-03-14 21:57:38,PII_REDACTED_AND_NORMALIZED,VERIFIED_INTEGRITY,aa525d9d455779c5b00df95b4b0804465ede7977590475d8ca466965b19adb96
PRV-001166,CMP-2026-00836,CHECKPOST_SCANNER,2024-12-09 08:32:36,PII_REDACTED_AND_NORMALIZED,VERIFIED_INTEGRITY,7dafe6c6a3149c0c956bec3d2dcadc6bf2ddff71bd7924fccce70160c0447f9e
PRV-001167,CMP-2026-00699,HEALTH_STAT,2025-09-01 08:17:13,PII_REDACTED_AND_NORMALIZED,VERIFIED_INTEGRITY,bc3f028a55a6c8da1b43df1a916f6a531251b94950b9b8426b15312de39f8213
PRV-001168,CMP-2026-01180,CHECKPOST_SCANNER,2026-03-08 01:24:15,PII_REDACTED_AND_NORMALIZED,VERIFIED_INTEGRITY,37075bc6b48fc03209ebbfe2fb09577bb4c23755dc48526883625f91aa91b80f
PRV-001169,CMP-2026-00967,CHECKPOST_SCANNER,2025-06-12 13:59:07,PII_REDACTED_AND_NORMALIZED,VERIFIED_INTEGRITY,eb2df619deca70c785fd5d612e378ce43e5fad53b81448f73495fa43581d7eee
PRV-001170,CMP-2026-00402,POLICE_LEDGER,2025-12-18 21:56:52,PII_REDACTED_AND_NORMALIZED,VERIFIED_INTEGRITY,9e9191b4c65b4ccaa637a240c95f983447ac0a81a786fc54a930c023ba5abb98
PRV-001171,CMP-2026-00340,CHECKPOST_SCANNER,2025-11-01 11:39:56,PII_REDACTED_AND_NORMALIZED,VERIFIED_INTEGRITY,ed3f74dbff18632e0a19cf2f8e1a662461da6003cdc5753f8990246870ec3bbb
PRV-001172,CMP-2026-00430,CHECKPOST_SCANNER,2025-09-19 14:09:25,PII_REDACTED_AND_NORMALIZED,VERIFIED_INTEGRITY,ff8bd026ad590f0920d50da7d5d6111351aa9175bf96c572445285c60ed36856
PRV-001173,CMP-2026-00452,POLICE_LEDGER,2025-11-02 15:31:07,PII_REDACTED_AND_NORMALIZED,VERIFIED_INTEGRITY,386771646c44ee82a60dc55187b0aa84c9e6213380a2d46cad7435529acbe39c
PRV-001174,CMP-2026-00490,POLICE_LEDGER,2026-02-05 08:08:18,PII_REDACTED_AND_NORMALIZED,VERIFIED_INTEGRITY,b03cd3710a8fc9b68df4d11f7f448cbceeee3b84671377fcb021cc5f8ec67bf8
PRV-001175,CMP-2026-01128,HEALTH_STAT,2026-04-04 04:57:40,PII_REDACTED_AND_NORMALIZED,VERIFIED_INTEGRITY,fc6577158cc05f71bcef4f5c870f10aa7c59204d1758f947130a351bbec4bdc6
PRV-001176,CMP-2026-01083,CHECKPOST_SCANNER,2025-10-11 11:00:38,PII_REDACTED_AND_NORMALIZED,VERIFIED_INTEGRITY,258653bc8cc7146bc5f51a486ab581b2fafa04b9ce22d2574862298a884e4ecc
PRV-001177,CMP-2026-01176,CITIZEN_PORTAL,2025-03-16 12:47:54,PII_REDACTED_AND_NORMALIZED,VERIFIED_INTEGRITY,5cd2077c61e6372afead751ce00cdd7c95a6f4f7e782e9eae0465601800be784
PRV-001178,CMP-2026-00939,POLICE_LEDGER,2026-03-07 17:24:00,PII_REDACTED_AND_NORMALIZED,VERIFIED_INTEGRITY,66cc219d9042e93835b6ca98b9c586360b1a4d633982493ad5b35146baed3ad0
PRV-001179,CMP-2026-00035,CITIZEN_PORTAL,2025-10-05 13:49:14,PII_REDACTED_AND_NORMALIZED,VERIFIED_INTEGRITY,06fed7ee366e000cae61c39cd21ca6628d53a4697e079a8cc4a6fa750d219dd6
PRV-001180,CMP-2026-00299,CITIZEN_PORTAL,2026-04-10 07:40:20,PII_REDACTED_AND_NORMALIZED,VERIFIED_INTEGRITY,38624067413ff1d355678f3cf3e441f3153a76b79419f5951864851c0198ce2d
PRV-001181,CMP-2026-00369,POLICE_LEDGER,2024-10-14 09:38:40,PII_REDACTED_AND_NORMALIZED,VERIFIED_INTEGRITY,45b97e55fddd915b8a95c26efed334fe37691be51d075cf048f9a821bbb3658d
PRV-001182,CMP-2026-00514,CITIZEN_PORTAL,2025-08-29 22:08:58,PII_REDACTED_AND_NORMALIZED,VERIFIED_INTEGRITY,9dbb3c7535655db82987bffe1f3153872a7fa9fdd2c47970898157d78b7be05a
PRV-001183,CMP-2026-00622,CHECKPOST_SCANNER,2024-12-19 14:20:40,PII_REDACTED_AND_NORMALIZED,VERIFIED_INTEGRITY,56456fdc9132e50a98b48eb70ac1ee35bb445202e26c2d5764aeffc6fe19b07e
PRV-001184,CMP-2026-00988,CHECKPOST_SCANNER,2026-01-15 01:58:44,PII_REDACTED_AND_NORMALIZED,VERIFIED_INTEGRITY,dd1763e62ef20ab0b2fd92beba96feff4ae85c335861ce5586c3dac8d33ec8d5
PRV-001185,CMP-2026-00553,HEALTH_STAT,2026-01-01 09:22:21,PII_REDACTED_AND_NORMALIZED,VERIFIED_INTEGRITY,7667a690393bee9ae0f90dfd918cf5c47b4a628e391a24774f3e5f908758af14
PRV-001186,CMP-2026-01240,POLICE_LEDGER,2025-03-26 20:21:46,PII_REDACTED_AND_NORMALIZED,VERIFIED_INTEGRITY,370cd0d14c115aba5d8af27c1d23cccc28c6587f117d8ab0fb24a83476f32c73
PRV-001187,CMP-2026-00333,HEALTH_STAT,2025-10-22 19:34:45,PII_REDACTED_AND_NORMALIZED,VERIFIED_INTEGRITY,2bbd98529d2914ae73f4d40ae48449b99946174be290fbc01c7d3188c51bd8dc
PRV-001188,CMP-2026-01182,CITIZEN_PORTAL,2025-11-02 22:49:16,PII_REDACTED_AND_NORMALIZED,VERIFIED_INTEGRITY,07655cd84e7bba608728fda5937b66220abecd97b7972b2323fe7a397c13aeb8
PRV-001189,CMP-2026-01102,POLICE_LEDGER,2025-02-03 13:43:57,PII_REDACTED_AND_NORMALIZED,VERIFIED_INTEGRITY,d81af35cf528c21518fd8fb219836f74f504f3824a305ac55d8d3137c2139344
PRV-001190,CMP-2026-00521,HEALTH_STAT,2026-08-06 18:56:46,PII_REDACTED_AND_NORMALIZED,VERIFIED_INTEGRITY,4f3cacbe4c0a6baf7087114a89830fb1bb68012a8ac2c8db46ff0ce38e9c5548
PRV-001191,CMP-2026-00935,CHECKPOST_SCANNER,2026-07-01 09:45:09,PII_REDACTED_AND_NORMALIZED,VERIFIED_INTEGRITY,1b737da7a2ea557246228bfa7d609a2764ee3fbe83836bf8e89024b30e0f5a39
PRV-001192,CMP-2026-00904,CITIZEN_PORTAL,2026-03-01 00:41:53,PII_REDACTED_AND_NORMALIZED,VERIFIED_INTEGRITY,0f9ece904885a19706a31db2829b4d16b9bf55b826f702cb4494a26751fa9abc
PRV-001193,CMP-2026-00980,CITIZEN_PORTAL,2024-12-17 17:20:58,PII_REDACTED_AND_NORMALIZED,VERIFIED_INTEGRITY,d6b978a2c8253c9ac5092f4c5fde98321405a011ef92824114c80cf08b2c23a6
PRV-001194,CMP-2026-00703,CHECKPOST_SCANNER,2026-07-02 02:24:52,PII_REDACTED_AND_NORMALIZED,VERIFIED_INTEGRITY,ffa7c6ae68bec8cc6ba6de41160cf3cc53d826b87dd8d0594efc52c3d5b2d79d
PRV-001195,CMP-2026-00570,POLICE_LEDGER,2026-02-03 04:11:30,PII_REDACTED_AND_NORMALIZED,VERIFIED_INTEGRITY,fe84d47ab1b146a147551aa579fcde3107db1051a8cc840701781352dc5e57fc
PRV-001196,CMP-2026-00650,POLICE_LEDGER,2025-06-08 01:27:06,PII_REDACTED_AND_NORMALIZED,VERIFIED_INTEGRITY,b9e73368fb5ed1a4a6ebee50df2a5715450b0bd1467fba94f7ab74b08253752f
PRV-001197,CMP-2026-00002,CITIZEN_PORTAL,2025-12-07 02:32:03,PII_REDACTED_AND_NORMALIZED,VERIFIED_INTEGRITY,5336d79d88dac1329d68eddda59d22a7d8c425819a8286f31b7c1e5cac89f11d
PRV-001198,CMP-2026-00501,CHECKPOST_SCANNER,2026-04-11 19:47:58,PII_REDACTED_AND_NORMALIZED,VERIFIED_INTEGRITY,76ae8e37013bef769684c68495078c41a2bd454a3653a00a1a2ded1aa2086e60
PRV-001199,CMP-2026-00067,HEALTH_STAT,2025-01-17 07:48:51,PII_REDACTED_AND_NORMALIZED,VERIFIED_INTEGRITY,a1c5c70bf1a4d18db4bbe88eb7b97c140eef858a82a2142f7413fc1d7460d5fa
PRV-001200,CMP-2026-01048,CITIZEN_PORTAL,2024-10-09 22:25:05,PII_REDACTED_AND_NORMALIZED,VERIFIED_INTEGRITY,323bcb52ce73ec0d2750c791ecebff25d832997734d55ad1698d105cf7556a13
PRV-001201,CMP-2026-00365,HEALTH_STAT,2026-07-16 00:10:04,PII_REDACTED_AND_NORMALIZED,VERIFIED_INTEGRITY,6ffcb45e5c84136a0031c907c3011c5cdfe2872e92ef12af3a7b69f2bb26a0f3
PRV-001202,CMP-2026-00814,CHECKPOST_SCANNER,2025-08-17 01:54:52,PII_REDACTED_AND_NORMALIZED,VERIFIED_INTEGRITY,9cedd41bc1297d304cafaae60840133f3098157badcbb5802d3bb67eaa22176b
PRV-001203,CMP-2026-00264,CITIZEN_PORTAL,2026-01-04 03:22:04,PII_REDACTED_AND_NORMALIZED,VERIFIED_INTEGRITY,296a0a88ee177eb68ed83bb1e5e1872a728caed72924a284cd6a637a3b0d8473
PRV-001204,CMP-2026-00495,CITIZEN_PORTAL,2025-02-15 13:36:17,PII_REDACTED_AND_NORMALIZED,VERIFIED_INTEGRITY,bcdb5349854dbd95dce43b59a646af5899f63c6a5570e771919046d644265236
PRV-001205,CMP-2026-00515,CITIZEN_PORTAL,2024-12-01 09:32:41,PII_REDACTED_AND_NORMALIZED,VERIFIED_INTEGRITY,9c3c239f108a3107b329cf43623acc50742cfe190956df2448b908ec6969aff9
PRV-001206,CMP-2026-01230,CITIZEN_PORTAL,2025-04-20 09:57:00,PII_REDACTED_AND_NORMALIZED,VERIFIED_INTEGRITY,2910c088247a19a492fb71962fa7aa2114ad77081391cdbb500da5da40037428
PRV-001207,CMP-2026-01142,HEALTH_STAT,2025-10-05 14:44:44,PII_REDACTED_AND_NORMALIZED,VERIFIED_INTEGRITY,40cfac2900b457a43d602d44cfd2499339b64eef38ed7ac1b9dcb45a92718e46
PRV-001208,CMP-2026-01186,CITIZEN_PORTAL,2025-10-19 21:24:30,PII_REDACTED_AND_NORMALIZED,VERIFIED_INTEGRITY,67ca96ba5b5386a9465a317866db8814847ce38eb45f09e9e7364d0e32b37193
PRV-001209,CMP-2026-00319,CHECKPOST_SCANNER,2026-07-10 17:06:29,PII_REDACTED_AND_NORMALIZED,VERIFIED_INTEGRITY,1d690d207f6de470d4b4983b2284b5ee2ae3203319abc0ebed3a0d27e4d5b4e9
PRV-001210,CMP-2026-00243,CITIZEN_PORTAL,2024-11-06 14:16:17,PII_REDACTED_AND_NORMALIZED,VERIFIED_INTEGRITY,d4e03da720b054b142735e923c04acd873288f57cde896c59ca06e4454dd6264
PRV-001211,CMP-2026-00530,CITIZEN_PORTAL,2026-03-03 01:42:35,PII_REDACTED_AND_NORMALIZED,VERIFIED_INTEGRITY,3d4bf10d1a771c6416b6d51980700d6ae16708a099f672c825cdd42b881514c7
PRV-001212,CMP-2026-00133,CITIZEN_PORTAL,2025-07-07 10:35:39,PII_REDACTED_AND_NORMALIZED,VERIFIED_INTEGRITY,fed7e5c05815714b3413aa50aad95af303b579a367489b0b34d39711ef07c47e
PRV-001213,CMP-2026-01149,POLICE_LEDGER,2026-08-09 02:46:11,PII_REDACTED_AND_NORMALIZED,VERIFIED_INTEGRITY,ec91c7d58d0cd52572e174caae84bb30947464dd76db599a775935781f837762
PRV-001214,CMP-2026-00849,HEALTH_STAT,2025-07-29 00:37:59,PII_REDACTED_AND_NORMALIZED,VERIFIED_INTEGRITY,ddade40c5402519166ae2b85e4d4a8dc8184e29ed2b951e3c0ad86922b4c65cc
PRV-001215,CMP-2026-01233,CHECKPOST_SCANNER,2026-07-19 16:26:52,PII_REDACTED_AND_NORMALIZED,VERIFIED_INTEGRITY,ea40b6a85a5a66336ba9e520cbf2c7177f7b131f9d74b8ba43468b52a33060d6
PRV-001216,CMP-2026-00454,CHECKPOST_SCANNER,2026-01-02 12:08:08,PII_REDACTED_AND_NORMALIZED,VERIFIED_INTEGRITY,295a929c35ce59b4c1b49e6e1da9a320a7afb0445e9e7deaebec45c3052f759d
PRV-001217,CMP-2026-00022,HEALTH_STAT,2025-02-17 11:23:11,PII_REDACTED_AND_NORMALIZED,VERIFIED_INTEGRITY,9586ff4cd835ed73955b20ef7008fa30a2bb874a1a621117acd11d0edc47048b
PRV-001218,CMP-2026-00252,CITIZEN_PORTAL,2026-04-22 14:01:12,PII_REDACTED_AND_NORMALIZED,VERIFIED_INTEGRITY,f1d4cc604b1d3187ba224ca0d4cbef07e6951dacfdfc57cfd739352e338c32be
PRV-001219,CMP-2026-01023,POLICE_LEDGER,2025-11-26 19:32:51,PII_REDACTED_AND_NORMALIZED,VERIFIED_INTEGRITY,ebf714bec670cff548e9daee9c161be94980c07596bf2ec2b2e9a1ddf9344836
PRV-001220,CMP-2026-00005,CITIZEN_PORTAL,2026-02-03 12:51:19,PII_REDACTED_AND_NORMALIZED,VERIFIED_INTEGRITY,fde8634ec9dbbe6a562c9da5b4fca55a90a8d5747ab933a89ab94b17202aef41
PRV-001221,CMP-2026-00694,CHECKPOST_SCANNER,2026-05-15 21:12:53,PII_REDACTED_AND_NORMALIZED,VERIFIED_INTEGRITY,a5e888345966f3fb6fa93c8b04beb46f254f57f353f330d1d971ceeb47c1ec2d
PRV-001222,CMP-2026-00400,CITIZEN_PORTAL,2026-04-25 11:01:29,PII_REDACTED_AND_NORMALIZED,VERIFIED_INTEGRITY,1eb0b16f1c25f81f0655b91a26fa7d7bab4ce0e4029285e8d039f8708aea457d
PRV-001223,CMP-2026-01011,HEALTH_STAT,2024-12-12 02:41:18,PII_REDACTED_AND_NORMALIZED,VERIFIED_INTEGRITY,f0b807791949642fd9fff9d6607d46e5a99cdb5c8cf60cc48fab3024922f4ab8
PRV-001224,CMP-2026-00755,CHECKPOST_SCANNER,2026-03-28 18:04:34,PII_REDACTED_AND_NORMALIZED,VERIFIED_INTEGRITY,36778f158df3add21a6523dea958a90e87c79bd27f6d71231a9cdd8d2a1d2ac2
PRV-001225,CMP-2026-00679,CITIZEN_PORTAL,2025-04-22 05:31:02,PII_REDACTED_AND_NORMALIZED,VERIFIED_INTEGRITY,d88ab41f589703f1275fc512e02f3712b2a1e34ae0d68ec5a1980233e4ce9f65
PRV-001226,CMP-2026-01098,POLICE_LEDGER,2026-08-15 18:35:38,PII_REDACTED_AND_NORMALIZED,VERIFIED_INTEGRITY,7bfd2f49197c45c0b695f8ae34694d83be9c734ea285c6c5f689ef90eb62d353
PRV-001227,CMP-2026-01221,CITIZEN_PORTAL,2024-11-14 13:59:29,PII_REDACTED_AND_NORMALIZED,VERIFIED_INTEGRITY,379623de9f08cc6c83ae6ea0d8d2e8d7ac8acbe606351ec4400be993a722c072
PRV-001228,CMP-2026-00991,CHECKPOST_SCANNER,2026-01-07 16:09:40,PII_REDACTED_AND_NORMALIZED,VERIFIED_INTEGRITY,6d76e0b3000f9e28ffab0e8d50c29b5f49f22164bc4c70138f4cb2f4dddd4bf7
PRV-001229,CMP-2026-00500,POLICE_LEDGER,2025-06-26 09:38:02,PII_REDACTED_AND_NORMALIZED,VERIFIED_INTEGRITY,f99244cefded089d4412697d5078b10ebb5791bf7654d32f658e1b96e081e68d
PRV-001230,CMP-2026-00840,CHECKPOST_SCANNER,2026-03-25 15:37:51,PII_REDACTED_AND_NORMALIZED,VERIFIED_INTEGRITY,65f5b150b0653c46f2b8f98bed3b0ba1a10ed1ac0c4228e1c7d3b7d8e08c2b43
PRV-001231,CMP-2026-00648,CITIZEN_PORTAL,2026-08-19 18:06:12,PII_REDACTED_AND_NORMALIZED,VERIFIED_INTEGRITY,e17089f74cb1f7572189420fb3794cd494bf295c56314371a80f3899c0ebffa3
PRV-001232,CMP-2026-00811,POLICE_LEDGER,2026-04-06 01:23:25,PII_REDACTED_AND_NORMALIZED,VERIFIED_INTEGRITY,fccf64d39cdf404e3ca2632da9e9b7c2e3635d9b3559f63dcd3210a6c74adf9b
PRV-001233,CMP-2026-00368,HEALTH_STAT,2026-03-24 05:55:01,PII_REDACTED_AND_NORMALIZED,VERIFIED_INTEGRITY,4560972f3ea6c244412d6d4e93cd152be88f07e4fbacd99e19dc6a4b446dc214
PRV-001234,CMP-2026-00781,CITIZEN_PORTAL,2025-12-31 02:24:10,PII_REDACTED_AND_NORMALIZED,VERIFIED_INTEGRITY,c8c804bc3eece9a2f7fc0723523cdf200460e720f8249f0ed0a6597abb343462
PRV-001235,CMP-2026-01211,CITIZEN_PORTAL,2025-09-20 14:33:20,PII_REDACTED_AND_NORMALIZED,VERIFIED_INTEGRITY,321042fec8ce4b6e10131f3fc5293c9eb8358a91019255cb7d18057718b9b16e
PRV-001236,CMP-2026-00241,CHECKPOST_SCANNER,2025-08-20 19:00:23,PII_REDACTED_AND_NORMALIZED,VERIFIED_INTEGRITY,859e91f63f9c6a824e13a9dcd0abc3f5cfffc495c3046b82c785db80ac66ba5a
PRV-001237,CMP-2026-00109,HEALTH_STAT,2026-07-10 08:04:57,PII_REDACTED_AND_NORMALIZED,VERIFIED_INTEGRITY,34615932280ab82703900b602acd8d7556e28b1211134c4c5a45cba848411012
PRV-001238,CMP-2026-00677,CITIZEN_PORTAL,2026-04-04 16:12:48,PII_REDACTED_AND_NORMALIZED,VERIFIED_INTEGRITY,cea93c8189c29f6234216b9d097af4cff25e5c3134a8754f4cc7cb4f264f7c1e
PRV-001239,CMP-2026-00448,POLICE_LEDGER,2025-05-20 00:58:22,PII_REDACTED_AND_NORMALIZED,VERIFIED_INTEGRITY,ede74279e8d4ec93d8341cdec54c1c0602d3d90477faac447b578177b5a8acc0
PRV-001240,CMP-2026-00373,HEALTH_STAT,2025-06-13 08:17:53,PII_REDACTED_AND_NORMALIZED,VERIFIED_INTEGRITY,230c040ca23f1bf7f0b5e1e71ff3800f291cd1b2bbf75a324acb21e2cf961207
PRV-001241,CMP-2026-00523,CHECKPOST_SCANNER,2024-11-30 09:53:06,PII_REDACTED_AND_NORMALIZED,VERIFIED_INTEGRITY,feed930e6585bdeaf56a6eb7fc9e9c13442b78866ab676bf97344263273c6f20
PRV-001242,CMP-2026-00638,HEALTH_STAT,2025-09-13 06:22:04,PII_REDACTED_AND_NORMALIZED,VERIFIED_INTEGRITY,eced2d1775e5e6a432e5703f03d2eb99d2d9c424e9487dfda5c35256d8c5aeef
PRV-001243,CMP-2026-00992,POLICE_LEDGER,2026-03-18 03:54:10,PII_REDACTED_AND_NORMALIZED,VERIFIED_INTEGRITY,3e49de0adb11268fdb67589ba360278ecf1ea7660d8ad63c70f5f64915f45139
PRV-001244,CMP-2026-01169,HEALTH_STAT,2025-08-26 19:24:44,PII_REDACTED_AND_NORMALIZED,VERIFIED_INTEGRITY,a0794c2b44b6872a04807fb84388b909fc2f43ea90b8918656edda703c812888
PRV-001245,CMP-2026-00800,HEALTH_STAT,2024-10-02 17:48:45,PII_REDACTED_AND_NORMALIZED,VERIFIED_INTEGRITY,277daa764baafdeb79812ce1c702c4fa159a8f64f960a5d5a4f5760745c6ea27
PRV-001246,CMP-2026-01025,CITIZEN_PORTAL,2026-08-02 18:32:46,PII_REDACTED_AND_NORMALIZED,VERIFIED_INTEGRITY,1eaafd87703545821b7e3d15902f66cdb50a6d0309dac2149e9992953bcc66f5
PRV-001247,CMP-2026-01181,CITIZEN_PORTAL,2025-10-30 03:42:58,PII_REDACTED_AND_NORMALIZED,VERIFIED_INTEGRITY,ef1d2b76ede3bf7d78cff7a7f76169fde1d8eb7c9d82e9e93b67fbced1715552
PRV-001248,CMP-2026-00289,CHECKPOST_SCANNER,2024-10-17 05:43:15,PII_REDACTED_AND_NORMALIZED,VERIFIED_INTEGRITY,9071eec50b3ab60ffaffcd5b8ee80f9de4f022b1d661595a135838dccbeee599
PRV-001249,CMP-2026-00670,HEALTH_STAT,2025-03-26 04:15:05,PII_REDACTED_AND_NORMALIZED,VERIFIED_INTEGRITY,943e24b46ee851a42023263c2044843ecf022e19ca6bdabdf52b2d9aba1a6b0d
PRV-001250,CMP-2026-01205,CITIZEN_PORTAL,2025-01-20 20:30:36,PII_REDACTED_AND_NORMALIZED,VERIFIED_INTEGRITY,e0296744a7f85d94d1dc5edc5836ab217bd007ba973c2ab3ffda81765b8344aa
PRV-001251,CMP-2026-00588,HEALTH_STAT,2026-08-17 00:51:47,PII_REDACTED_AND_NORMALIZED,VERIFIED_INTEGRITY,8b33bc78d53b55074bb09b7185d4c800eba58e410b682fad74137fe4cc2dd076
PRV-001252,CMP-2026-00686,POLICE_LEDGER,2024-12-20 10:08:24,PII_REDACTED_AND_NORMALIZED,VERIFIED_INTEGRITY,622ffa82b9c5006505b22395712cdf313813cf6c12248ee4b5424fbe5ac2c9c1
PRV-001253,CMP-2026-00990,HEALTH_STAT,2026-03-28 04:59:25,PII_REDACTED_AND_NORMALIZED,VERIFIED_INTEGRITY,243539af6ff16e4b521a3ae2894017519a446582f8c403637574bf5e58bf5113
PRV-001254,CMP-2026-00968,CHECKPOST_SCANNER,2026-05-16 07:49:44,PII_REDACTED_AND_NORMALIZED,VERIFIED_INTEGRITY,896d301e6efc3362175e303f432dd6e7efd5ec103560431cb303d953511aa4b0
PRV-001255,CMP-2026-00203,CHECKPOST_SCANNER,2024-10-02 02:47:09,PII_REDACTED_AND_NORMALIZED,VERIFIED_INTEGRITY,48122df6280082886091f12a83d51db7c930140567c2b0621a1d643a2dabc387
PRV-001256,CMP-2026-00324,HEALTH_STAT,2025-01-16 16:56:27,PII_REDACTED_AND_NORMALIZED,VERIFIED_INTEGRITY,78733ebad323e7e78c057e81e71d8116897baf9eb1297cd649a025f985525c42
PRV-001257,CMP-2026-01109,POLICE_LEDGER,2026-07-02 02:37:17,PII_REDACTED_AND_NORMALIZED,VERIFIED_INTEGRITY,5e9459a0d4e8ade5a2ce6db5200f43e215bb8fd7ead8292561f1a8c2c63f47b9
PRV-001258,CMP-2026-01206,CITIZEN_PORTAL,2026-01-24 03:08:42,PII_REDACTED_AND_NORMALIZED,VERIFIED_INTEGRITY,24a4ebe477ab9ce0a6d28b3b959a7f020eae5b934ad1a70eac16c89a41e4076a
PRV-001259,CMP-2026-00384,CITIZEN_PORTAL,2025-06-04 01:29:23,PII_REDACTED_AND_NORMALIZED,VERIFIED_INTEGRITY,66126159a7553a88c1b90d11b4ebb1c6745083cdff6569b07ef478a931202b2d
PRV-001260,CMP-2026-00040,CHECKPOST_SCANNER,2025-09-06 23:25:07,PII_REDACTED_AND_NORMALIZED,VERIFIED_INTEGRITY,941dca067ffb86bb01c66fbd5614f9d5dfa2d4f8c1d13cc01505f5e332b3d76d
PRV-001261,CMP-2026-00354,CITIZEN_PORTAL,2026-06-08 00:17:38,PII_REDACTED_AND_NORMALIZED,VERIFIED_INTEGRITY,c925ad88e76e8bb4cd5880e2c9ab1f68b60ccb52545cf537fc1c89c793767edf
PRV-001262,CMP-2026-00211,HEALTH_STAT,2025-04-16 05:13:33,PII_REDACTED_AND_NORMALIZED,VERIFIED_INTEGRITY,49388644d8a124cdad6da2157a62692edcd6514d867f3b305f9deb64de4f1f02
PRV-001263,CMP-2026-00664,HEALTH_STAT,2025-09-03 08:52:27,PII_REDACTED_AND_NORMALIZED,VERIFIED_INTEGRITY,4fc08a3ce16044c1d9e3b862f38f4709dc8ed5bed589ca7c68fe6e58b0e7d166
PRV-001264,CMP-2026-00555,POLICE_LEDGER,2026-03-23 22:30:02,PII_REDACTED_AND_NORMALIZED,VERIFIED_INTEGRITY,5a2a63dc61d1deefe54b02551e3d135736e8ea39cbcdb8669dc485c183751dbb
PRV-001265,CMP-2026-00392,CHECKPOST_SCANNER,2026-03-10 11:27:45,PII_REDACTED_AND_NORMALIZED,VERIFIED_INTEGRITY,3563d10c744e4b3570bc61bb85b91a279f4dfe12439906162a1da3f36ff5a268
PRV-001266,CMP-2026-00308,CHECKPOST_SCANNER,2025-02-02 20:41:18,PII_REDACTED_AND_NORMALIZED,VERIFIED_INTEGRITY,d2ac424ebdc79343637fa8886ec14176275fe2f0f9c5fea55957ca57b86f659c
PRV-001267,CMP-2026-00545,POLICE_LEDGER,2026-05-26 10:00:44,PII_REDACTED_AND_NORMALIZED,VERIFIED_INTEGRITY,38c998aab3c19739b16fa01248acb84795ff76cd792d13cf647459fcf3bc3d88
PRV-001268,CMP-2026-00341,HEALTH_STAT,2025-11-08 14:52:16,PII_REDACTED_AND_NORMALIZED,VERIFIED_INTEGRITY,10c4e69345058c19dc8cdc56d6d986a55ac40379e9b882cac24bba79eeb16ff6
PRV-001269,CMP-2026-00999,CHECKPOST_SCANNER,2024-11-02 12:32:28,PII_REDACTED_AND_NORMALIZED,VERIFIED_INTEGRITY,449ebeb92f431a8df1e4faded4878327f48e707f24beaa28595c7146a6110c9f
PRV-001270,CMP-2026-00984,CITIZEN_PORTAL,2025-09-23 23:57:31,PII_REDACTED_AND_NORMALIZED,VERIFIED_INTEGRITY,655b42783703b6bde7fb607c8eb64cdad2b56637b279435c503b62f0ed0aa53e
PRV-001271,CMP-2026-01090,CHECKPOST_SCANNER,2026-06-26 09:44:24,PII_REDACTED_AND_NORMALIZED,VERIFIED_INTEGRITY,b500ee2a61c97e9b65317356aa5337abd97ba1207a2118cf833d24509b955830
PRV-001272,CMP-2026-00880,HEALTH_STAT,2025-05-02 05:09:19,PII_REDACTED_AND_NORMALIZED,VERIFIED_INTEGRITY,d1c58d2c0a4a3b9bf66adac5fa12408e312804cacd1a8ba949139689e3f5cd21
PRV-001273,CMP-2026-00797,POLICE_LEDGER,2026-02-09 03:21:00,PII_REDACTED_AND_NORMALIZED,VERIFIED_INTEGRITY,6bb8277213dd22ac40c13c3a87ce0912f59d78993ae8b738355297616b6456f1
PRV-001274,CMP-2026-01197,CITIZEN_PORTAL,2025-01-14 09:31:32,PII_REDACTED_AND_NORMALIZED,VERIFIED_INTEGRITY,236eabbde93fdec94db67ee9e9e131780610d79f408b28d72566feade4d79558
PRV-001275,CMP-2026-00515,HEALTH_STAT,2025-09-01 04:29:51,PII_REDACTED_AND_NORMALIZED,VERIFIED_INTEGRITY,7a4cae507ee6e425901be9cef43d56a1ed2252e142d13ca371cfa26147f894dd
PRV-001276,CMP-2026-00390,CHECKPOST_SCANNER,2026-06-01 19:59:59,PII_REDACTED_AND_NORMALIZED,VERIFIED_INTEGRITY,73761e4adbcf8baeec6e886e77327d7163821b42c1ac2f6d624b5026de7bf0eb
PRV-001277,CMP-2026-00065,CHECKPOST_SCANNER,2026-08-07 04:48:10,PII_REDACTED_AND_NORMALIZED,VERIFIED_INTEGRITY,25bac904e662c245bcee3709432cb69766872a48e9fd6d7f8c5d238671bd8458
PRV-001278,CMP-2026-00480,POLICE_LEDGER,2025-11-30 14:38:25,PII_REDACTED_AND_NORMALIZED,VERIFIED_INTEGRITY,ee4de6cd9cbe8e0da9b7ebbd99e4b3ebe31ffffe52b1e5d6e08ffe9244279498
PRV-001279,CMP-2026-00232,CITIZEN_PORTAL,2025-03-08 18:34:37,PII_REDACTED_AND_NORMALIZED,VERIFIED_INTEGRITY,851fe877c7436fadff21579be43aeef82b1f487615f3071c841562272554480e
PRV-001280,CMP-2026-00655,POLICE_LEDGER,2026-03-18 01:27:49,PII_REDACTED_AND_NORMALIZED,VERIFIED_INTEGRITY,dadd54fa02fbac0de8d47520d62ae83a79a66ef7d420e9e5bf730ab15d0c87a5
PRV-001281,CMP-2026-00684,CHECKPOST_SCANNER,2026-07-25 14:59:23,PII_REDACTED_AND_NORMALIZED,VERIFIED_INTEGRITY,a842fdd305bfb37b7b63bf9b6c376ddba6e2041bc8817cfb221474985d78dcff
PRV-001282,CMP-2026-00814,CHECKPOST_SCANNER,2025-10-01 09:39:16,PII_REDACTED_AND_NORMALIZED,VERIFIED_INTEGRITY,f9dbcc042b91cd01944c7b50cf658ea02762ac986614f8be4636034087fe3c4b
PRV-001283,CMP-2026-00245,CITIZEN_PORTAL,2026-02-03 16:27:49,PII_REDACTED_AND_NORMALIZED,VERIFIED_INTEGRITY,8519d14b2332d82386eb063078576974a5a89dfa7ee538c5235aa7b109dbc32d
PRV-001284,CMP-2026-00223,HEALTH_STAT,2026-03-30 00:30:17,PII_REDACTED_AND_NORMALIZED,VERIFIED_INTEGRITY,a50768c1ad2ddb5160abc0b30d361e4b344c2fb7a7634852fcebfc14d9ba6b99
PRV-001285,CMP-2026-00094,CITIZEN_PORTAL,2025-04-11 04:44:22,PII_REDACTED_AND_NORMALIZED,VERIFIED_INTEGRITY,e2e26b93c9c6f03c61abc7678e9f811d04bab29de79acfc708c5a78ace78c473
PRV-001286,CMP-2026-00973,CITIZEN_PORTAL,2024-12-09 03:02:29,PII_REDACTED_AND_NORMALIZED,VERIFIED_INTEGRITY,69d92a05ac27fa571aed6bb2803798ab72aca4e75fe9efb0e2e14a54811d0d93
PRV-001287,CMP-2026-00937,CITIZEN_PORTAL,2025-12-03 04:07:35,PII_REDACTED_AND_NORMALIZED,VERIFIED_INTEGRITY,6d1bc47d5b390c055334aaaee3d5ce0a6537e30c0099e068837e77b8d87cdbd6
PRV-001288,CMP-2026-00354,POLICE_LEDGER,2026-05-29 21:04:08,PII_REDACTED_AND_NORMALIZED,VERIFIED_INTEGRITY,e38c28099f3de77f1d32ffa5dbe5ee3197273c73a8ad24e8b853da536c3219dc
PRV-001289,CMP-2026-01072,CITIZEN_PORTAL,2026-06-28 17:24:30,PII_REDACTED_AND_NORMALIZED,VERIFIED_INTEGRITY,c6a2660333d17249310b2528a5f7cf86b4bc3fc13855fa4e23b79e6473bd0b37
PRV-001290,CMP-2026-01144,CHECKPOST_SCANNER,2024-12-27 01:42:01,PII_REDACTED_AND_NORMALIZED,VERIFIED_INTEGRITY,59c5c68ee94a2023d598200df8b2b70611e36a12ffb1cc9049023b960476816c
PRV-001291,CMP-2026-00984,CHECKPOST_SCANNER,2025-06-19 23:43:24,PII_REDACTED_AND_NORMALIZED,VERIFIED_INTEGRITY,18409f3ce0606bcc488917a3df8e211490d7949e6a5657b0c8d6c55f74c9e0a1
PRV-001292,CMP-2026-00743,CITIZEN_PORTAL,2025-07-22 06:52:37,PII_REDACTED_AND_NORMALIZED,VERIFIED_INTEGRITY,1cb6fa540d3e0091cfa475c8afe2b4e4b8111662e671ba2df2af3c50c12c7c3a
PRV-001293,CMP-2026-01218,CITIZEN_PORTAL,2025-02-24 21:26:12,PII_REDACTED_AND_NORMALIZED,VERIFIED_INTEGRITY,3700f7a0365b05500706b33a81ad06adcd0274b569465b6841a1405cc1409c81
PRV-001294,CMP-2026-00262,POLICE_LEDGER,2025-11-23 09:17:16,PII_REDACTED_AND_NORMALIZED,VERIFIED_INTEGRITY,a2753ed37f6ada739b7d831bafca44ff078aa2a52b4335db3046d817d8f360f2
PRV-001295,CMP-2026-00142,CITIZEN_PORTAL,2026-08-16 17:30:34,PII_REDACTED_AND_NORMALIZED,VERIFIED_INTEGRITY,3ab0847172aea6b7941b411f31b11f7f70a3e20b143b57e35fa9c8f6a5cd3919
PRV-001296,CMP-2026-00349,CHECKPOST_SCANNER,2026-04-28 15:43:52,PII_REDACTED_AND_NORMALIZED,VERIFIED_INTEGRITY,8c6e5cde6a28805ce6a551d6cd06ed01c8e1ec597ece9491758f8e3fe4c566df
PRV-001297,CMP-2026-00381,POLICE_LEDGER,2025-04-16 04:28:27,PII_REDACTED_AND_NORMALIZED,VERIFIED_INTEGRITY,3c98dd1b8f81942a1102def3a1730ce0b5b15ad60999fbfb1d998c66f50f88d2
PRV-001298,CMP-2026-00383,HEALTH_STAT,2026-07-09 00:29:13,PII_REDACTED_AND_NORMALIZED,VERIFIED_INTEGRITY,e7a6a91bb3ab5a3ab2d5c0af77c2b420d88bbdeacc59f0f060e93a9d8809b00e
PRV-001299,CMP-2026-00233,CHECKPOST_SCANNER,2024-10-15 07:00:34,PII_REDACTED_AND_NORMALIZED,VERIFIED_INTEGRITY,8b4bfd6c960cb1b564f1e4a32337f7ad6447e339a0f8aefaa069446c45239f19
PRV-001300,CMP-2026-00383,CHECKPOST_SCANNER,2025-07-08 06:53:45,PII_REDACTED_AND_NORMALIZED,VERIFIED_INTEGRITY,01558100331bd6f6df004638cf9acbc88158f48de984525f97d3d33e1340ef8b
PRV-001301,CMP-2026-00229,CITIZEN_PORTAL,2025-06-18 19:09:35,PII_REDACTED_AND_NORMALIZED,VERIFIED_INTEGRITY,42dbc46ffc43aa2e4786bc39e077286a5e62269d486abdd5ea797caaf6ab900f
PRV-001302,CMP-2026-00868,CHECKPOST_SCANNER,2025-04-05 08:51:57,PII_REDACTED_AND_NORMALIZED,VERIFIED_INTEGRITY,4c4c2dbae53b193d7b5010f2279bc2e550ae3de407c04f6bd7750321209f40f2
PRV-001303,CMP-2026-00772,HEALTH_STAT,2025-01-19 12:50:00,PII_REDACTED_AND_NORMALIZED,VERIFIED_INTEGRITY,f78899861d291e03a4d3fc32f0305fcbf8ee4edcd6794446c185cc61a18b3f13
PRV-001304,CMP-2026-00806,POLICE_LEDGER,2026-06-23 15:57:59,PII_REDACTED_AND_NORMALIZED,VERIFIED_INTEGRITY,f3029adcfc51407d8bf35c6e23f812d68bd6c71d42ebd4bd14b8d9d81f4c1c5f
PRV-001305,CMP-2026-00095,CHECKPOST_SCANNER,2025-01-26 00:43:30,PII_REDACTED_AND_NORMALIZED,VERIFIED_INTEGRITY,6f657fd2c261bcc81bd8fd4c30214285e1d1ba05e5fd1a1bc5614dc25927915a
PRV-001306,CMP-2026-01154,CHECKPOST_SCANNER,2026-01-12 04:41:53,PII_REDACTED_AND_NORMALIZED,VERIFIED_INTEGRITY,139f78849d16691637d4175c7f07ad640411fd951183e8565f5b3ac52e5f7d4a
PRV-001307,CMP-2026-00058,POLICE_LEDGER,2026-03-23 00:05:50,PII_REDACTED_AND_NORMALIZED,VERIFIED_INTEGRITY,ded07a6e1b727586aca5ef16003f044cec1832a90092860bb18667499b753831
PRV-001308,CMP-2026-00197,POLICE_LEDGER,2026-08-19 11:26:32,PII_REDACTED_AND_NORMALIZED,VERIFIED_INTEGRITY,ba079206c22b0162868b4aea23d73910f4b95eae42757bdd62410656b54abc5e
PRV-001309,CMP-2026-00449,CITIZEN_PORTAL,2026-06-07 19:18:02,PII_REDACTED_AND_NORMALIZED,VERIFIED_INTEGRITY,3bf136293a28b2fe9b200234a03cf8b9ad62aec48dc94806ae6ee05dd293e220
PRV-001310,CMP-2026-00427,POLICE_LEDGER,2025-10-03 08:30:31,PII_REDACTED_AND_NORMALIZED,VERIFIED_INTEGRITY,0357d35a09cf610dcfad33d0b50722a27fc7b034e4624416f3607c32b7791af9
PRV-001311,CMP-2026-00790,HEALTH_STAT,2026-05-10 05:19:27,PII_REDACTED_AND_NORMALIZED,VERIFIED_INTEGRITY,0deb103cd9c35fb0bee0c339185a709fc3dc959af11a88553481ae6c06ab16a7
PRV-001312,CMP-2026-01054,CHECKPOST_SCANNER,2024-12-27 18:22:12,PII_REDACTED_AND_NORMALIZED,VERIFIED_INTEGRITY,0ac9f63034991276a8a8e52d28fc542a7974e1fe5ca903481c03ffa056259038
PRV-001313,CMP-2026-00887,POLICE_LEDGER,2025-06-18 11:44:35,PII_REDACTED_AND_NORMALIZED,VERIFIED_INTEGRITY,1f0be6c5f535ce0a6538ae8d0c98da24c4ad19d82c57bade87c399d37e953321
PRV-001314,CMP-2026-00088,HEALTH_STAT,2026-06-24 14:01:54,PII_REDACTED_AND_NORMALIZED,VERIFIED_INTEGRITY,058e554ca1db3d42ec3f1624060ffc77272f1d735a241945e2178a4dab754f9d
PRV-001315,CMP-2026-00961,CITIZEN_PORTAL,2025-07-22 05:30:31,PII_REDACTED_AND_NORMALIZED,VERIFIED_INTEGRITY,9e0dea30bc061016408c4149d42b797627d8e53794c381ea2be8883968ce7fea
PRV-001316,CMP-2026-00412,HEALTH_STAT,2025-03-05 16:09:31,PII_REDACTED_AND_NORMALIZED,VERIFIED_INTEGRITY,190d6113cd8bc47bdcd9cb0d1fe0daf0f8239273cebb9019ee648592d7a581f2
PRV-001317,CMP-2026-00574,HEALTH_STAT,2025-03-08 18:03:03,PII_REDACTED_AND_NORMALIZED,VERIFIED_INTEGRITY,1c4f2071b1392e99ab751f2c741cab3403b064c8ab9a41173b685acf6c0cb718
PRV-001318,CMP-2026-00307,CITIZEN_PORTAL,2025-04-06 17:41:38,PII_REDACTED_AND_NORMALIZED,VERIFIED_INTEGRITY,1da45f2aa83334e4dbd4477064f7852928ed0e57a7f3909c1057ebcd7ee93caa
PRV-001319,CMP-2026-00749,POLICE_LEDGER,2025-12-26 11:43:58,PII_REDACTED_AND_NORMALIZED,VERIFIED_INTEGRITY,4701c9b1dc44198bd4649dbb338dfdcc8f77c105198eaf667cc704a879fbf01c
PRV-001320,CMP-2026-00223,HEALTH_STAT,2026-01-19 09:56:44,PII_REDACTED_AND_NORMALIZED,VERIFIED_INTEGRITY,ee9fa8262986f1fbf4f7a0a206b5e5d76d207783a6d4216c213af2d0a72f8e14
PRV-001321,CMP-2026-00056,CHECKPOST_SCANNER,2024-11-28 05:05:58,PII_REDACTED_AND_NORMALIZED,VERIFIED_INTEGRITY,a7271aff2fc0447279912b8f3e1737bf38c86b70a17d8d5b779eb073b4238c8e
PRV-001322,CMP-2026-01028,POLICE_LEDGER,2025-02-02 02:43:09,PII_REDACTED_AND_NORMALIZED,VERIFIED_INTEGRITY,fead93153b8d5c4c25d757dfef30e0f978446dd7265c4d2b15f8fa69e8e8cab3
PRV-001323,CMP-2026-00761,CITIZEN_PORTAL,2026-01-21 06:12:07,PII_REDACTED_AND_NORMALIZED,VERIFIED_INTEGRITY,1ccac06a231faef40a39924faea526c24d3bfe2f5889a096090114e4d740ee99
PRV-001324,CMP-2026-00008,CITIZEN_PORTAL,2026-06-24 03:49:27,PII_REDACTED_AND_NORMALIZED,VERIFIED_INTEGRITY,857772d1127fd2ecdcf33c13ffc9730c063de2d2c0e0e14a23d7441ee03fde5d
PRV-001325,CMP-2026-01193,CITIZEN_PORTAL,2024-12-27 05:50:41,PII_REDACTED_AND_NORMALIZED,VERIFIED_INTEGRITY,9f18f15dd27c30220934e06ce532e0c3cf6f016565e0435774885d55ae7a525a
PRV-001326,CMP-2026-01108,CITIZEN_PORTAL,2025-03-27 04:24:31,PII_REDACTED_AND_NORMALIZED,VERIFIED_INTEGRITY,5f893694457a19364990060597c7da536811ac70d6e740d19a2368aab1edd493
PRV-001327,CMP-2026-00051,CITIZEN_PORTAL,2026-08-11 16:52:31,PII_REDACTED_AND_NORMALIZED,VERIFIED_INTEGRITY,574ceeefa7b641dfa7531d2217d09fb1ff27568d5c0d369688f98d7938d1d681
PRV-001328,CMP-2026-00294,HEALTH_STAT,2026-05-20 10:30:33,PII_REDACTED_AND_NORMALIZED,VERIFIED_INTEGRITY,a5f49eac614209924469e04ecaf4e196750e2c96327e657edd54f0c59232d4fc
PRV-001329,CMP-2026-01007,HEALTH_STAT,2024-10-06 10:03:59,PII_REDACTED_AND_NORMALIZED,VERIFIED_INTEGRITY,9e3c95285e9481fe993ee06f7f6ee20a581d7f6430242646d578ac11308fa2ba
PRV-001330,CMP-2026-00553,CHECKPOST_SCANNER,2026-01-06 10:02:54,PII_REDACTED_AND_NORMALIZED,VERIFIED_INTEGRITY,26e64db6c9aa3056e3154404af49a2ed8f2fc480ea4efbc7585eaa6301344d92
PRV-001331,CMP-2026-00070,CITIZEN_PORTAL,2026-03-28 23:24:34,PII_REDACTED_AND_NORMALIZED,VERIFIED_INTEGRITY,5be12a002f0fd7adee50dae8570b47b6b2129fb20f1c3140d1456f7283c1f33b
PRV-001332,CMP-2026-00024,CITIZEN_PORTAL,2025-02-25 16:36:23,PII_REDACTED_AND_NORMALIZED,VERIFIED_INTEGRITY,2a68a73880b3f636836269a85aa2549e9fee3dfd97df7f598b3206392927b9bc
PRV-001333,CMP-2026-01145,POLICE_LEDGER,2025-08-15 15:53:44,PII_REDACTED_AND_NORMALIZED,VERIFIED_INTEGRITY,08809c3f50a00c2931291a77d9d3303fed13a35ff78e35fc6b92c3685873a69b
PRV-001334,CMP-2026-00269,CITIZEN_PORTAL,2025-03-11 17:28:17,PII_REDACTED_AND_NORMALIZED,VERIFIED_INTEGRITY,1e183d7a1d27e6382ca15125d67affe42ab84495c2e3ead6740e1979e19f0b85
PRV-001335,CMP-2026-00411,POLICE_LEDGER,2025-04-14 21:30:10,PII_REDACTED_AND_NORMALIZED,VERIFIED_INTEGRITY,d15b8e39e9b3469582a84b33849887826dc2b6efe58b6aad93f7168ff2c039e3
PRV-001336,CMP-2026-01014,POLICE_LEDGER,2025-09-26 10:39:36,PII_REDACTED_AND_NORMALIZED,VERIFIED_INTEGRITY,f06f163cbd1469e3d8715b8672666f3b2fbd56a3a7a530871e3b6cc463548a7e
PRV-001337,CMP-2026-00067,CHECKPOST_SCANNER,2026-06-03 14:34:39,PII_REDACTED_AND_NORMALIZED,VERIFIED_INTEGRITY,d9941ef56caa0154f07b984157165b75a4bf81f64a3ec88901a4d93df43e2c8e
PRV-001338,CMP-2026-00762,HEALTH_STAT,2026-05-20 14:36:30,PII_REDACTED_AND_NORMALIZED,VERIFIED_INTEGRITY,7e0061b6582cf4c3bddbb8bb8eea09051959043db6c20651a64c682379e5f8ff
PRV-001339,CMP-2026-00569,CITIZEN_PORTAL,2025-01-20 03:37:28,PII_REDACTED_AND_NORMALIZED,VERIFIED_INTEGRITY,885f1bc4ce320c43e02016ec2625e9c8d17d6a08e665b854ccb8c3f27a41ccd5
PRV-001340,CMP-2026-00002,CITIZEN_PORTAL,2024-10-30 14:58:44,PII_REDACTED_AND_NORMALIZED,VERIFIED_INTEGRITY,04db565d6a9c9e7e70854cb253e4b1941e745a61fe9b8138bd0bfe611010a606
PRV-001341,CMP-2026-00467,CHECKPOST_SCANNER,2026-03-11 04:17:18,PII_REDACTED_AND_NORMALIZED,VERIFIED_INTEGRITY,b0766571a5bd9b2c8b1d2256441bdef580d6f011d4d17e7d625db775a250f474
PRV-001342,CMP-2026-00524,CHECKPOST_SCANNER,2024-12-15 18:15:09,PII_REDACTED_AND_NORMALIZED,VERIFIED_INTEGRITY,a1517d508fe514db9dc6249f45c8a203fab3231c2adbb53d2da769e795bf7ea4
PRV-001343,CMP-2026-00377,POLICE_LEDGER,2025-06-30 01:35:15,PII_REDACTED_AND_NORMALIZED,VERIFIED_INTEGRITY,8b6a5ae122f3045cbbe78fbb0ca99859b358aad44682d8ca277aa1b564ccfe38
PRV-001344,CMP-2026-00095,POLICE_LEDGER,2024-11-08 03:16:19,PII_REDACTED_AND_NORMALIZED,VERIFIED_INTEGRITY,b5c3b9ddd1d4e57f959328a709e8033c13620ba074a9f898896ef39527100fa2
PRV-001345,CMP-2026-01094,POLICE_LEDGER,2026-08-12 13:27:02,PII_REDACTED_AND_NORMALIZED,VERIFIED_INTEGRITY,0d4ba8b6a35413dc088d0119674581292926a3ab29c2f923304a95284486d097
PRV-001346,CMP-2026-00976,HEALTH_STAT,2026-03-29 13:26:25,PII_REDACTED_AND_NORMALIZED,VERIFIED_INTEGRITY,021e9e1e1f04fa99ae2cf7a86a78a30f9406aa97ae6a583e56786ac2a2fb9d94
PRV-001347,CMP-2026-01208,CHECKPOST_SCANNER,2024-12-12 10:36:32,PII_REDACTED_AND_NORMALIZED,VERIFIED_INTEGRITY,08bff11b5648303ce62fb841a7e9a2e85e1ad8e4cf1e8f251cc92e3298dd65aa
PRV-001348,CMP-2026-01142,CHECKPOST_SCANNER,2026-02-12 16:29:30,PII_REDACTED_AND_NORMALIZED,VERIFIED_INTEGRITY,b928d798897806e658b104c71d84757ad523ed9f7763268e03444befa39cc2d4
PRV-001349,CMP-2026-00400,CHECKPOST_SCANNER,2025-02-09 15:50:52,PII_REDACTED_AND_NORMALIZED,VERIFIED_INTEGRITY,e6defc068d6ad723b534013ee91dbec9911afedc159d514d0c29aa98aaba50c1
PRV-001350,CMP-2026-00853,POLICE_LEDGER,2026-07-13 01:19:09,PII_REDACTED_AND_NORMALIZED,VERIFIED_INTEGRITY,b247468194271c4b0a762e64f4779890970054a61dbf64c46f933fbf5e72dd76
PRV-001351,CMP-2026-00873,CHECKPOST_SCANNER,2025-09-03 16:01:26,PII_REDACTED_AND_NORMALIZED,VERIFIED_INTEGRITY,a3c785fb1b985424fa8737cd8446d8121357c14dd49424212dd3171e4dc8b867
PRV-001352,CMP-2026-00890,CHECKPOST_SCANNER,2024-09-21 15:54:04,PII_REDACTED_AND_NORMALIZED,VERIFIED_INTEGRITY,836e38414208d341c310df0d6d34d3522bc2545e1768aaf34cb13294ae40fd94
PRV-001353,CMP-2026-00344,CHECKPOST_SCANNER,2025-01-11 15:00:30,PII_REDACTED_AND_NORMALIZED,VERIFIED_INTEGRITY,1d1e4b35b656a60e75994383c865e64aac8a99d9f15c2b7916587f66765624d3
PRV-001354,CMP-2026-00630,HEALTH_STAT,2024-12-29 16:20:32,PII_REDACTED_AND_NORMALIZED,VERIFIED_INTEGRITY,d4f427dcac07bdf28ab49381d9ecc55a427e343a56a801df2fac065d344d1431
PRV-001355,CMP-2026-00908,HEALTH_STAT,2025-07-12 08:07:00,PII_REDACTED_AND_NORMALIZED,VERIFIED_INTEGRITY,b6a786432850f9d8c7aadf46d81841f442ce8fc82a9d1554f3eba9987a16c430
PRV-001356,CMP-2026-00215,HEALTH_STAT,2026-07-29 01:57:54,PII_REDACTED_AND_NORMALIZED,VERIFIED_INTEGRITY,1cebac757b9613811a3a93c4af657aec667ce77a2675736213e6168eeb5dd685
PRV-001357,CMP-2026-00573,CITIZEN_PORTAL,2026-04-09 13:37:02,PII_REDACTED_AND_NORMALIZED,VERIFIED_INTEGRITY,229baa94a6b83847ba24f7a16e8d2198acc18a56e8a1748ec574c6f217996115
PRV-001358,CMP-2026-00173,CITIZEN_PORTAL,2024-11-06 15:37:10,PII_REDACTED_AND_NORMALIZED,VERIFIED_INTEGRITY,4a8b6ba7c978206048aa2c6922afb321ce89e51864622454e52b81fdb6ba4b96
PRV-001359,CMP-2026-00522,CHECKPOST_SCANNER,2024-10-02 06:19:56,PII_REDACTED_AND_NORMALIZED,VERIFIED_INTEGRITY,fd9bda0da5774baf89b609d61ea91a5c19bae83a44abe738dd5a0a6b3a529aeb
PRV-001360,CMP-2026-00107,CHECKPOST_SCANNER,2025-04-30 11:04:26,PII_REDACTED_AND_NORMALIZED,VERIFIED_INTEGRITY,93cf01491311f2576be2e45f55fb084b8d497bbd283c1195bc1ba98ab61705f8
PRV-001361,CMP-2026-00441,POLICE_LEDGER,2024-11-25 13:08:42,PII_REDACTED_AND_NORMALIZED,VERIFIED_INTEGRITY,a3f89ed4a4624e6be169f2f45b6e3bc0acc44b32b75edc8943091199148f553f
PRV-001362,CMP-2026-00529,CHECKPOST_SCANNER,2025-09-02 23:50:26,PII_REDACTED_AND_NORMALIZED,VERIFIED_INTEGRITY,fa13f08ef95368fb6d3ed249392391caaed38552e42df89064c121b390b75715
PRV-001363,CMP-2026-00323,CITIZEN_PORTAL,2025-03-21 01:01:08,PII_REDACTED_AND_NORMALIZED,VERIFIED_INTEGRITY,fbea95b7d2fdeda81eab0888488bc8313c6fa34051e95f031e15496da6a72cf9
PRV-001364,CMP-2026-00916,CHECKPOST_SCANNER,2026-01-30 05:57:07,PII_REDACTED_AND_NORMALIZED,VERIFIED_INTEGRITY,239e65eb4f150eda51d6e722599e3ab4c767aef10238bbc114d9dc9633727740
PRV-001365,CMP-2026-00966,POLICE_LEDGER,2025-12-18 14:39:52,PII_REDACTED_AND_NORMALIZED,VERIFIED_INTEGRITY,c4b859aa074ac668451d7ead6cd9ab1658cd7e7955a60996f0a08667d9719b1a
PRV-001366,CMP-2026-00213,HEALTH_STAT,2025-02-17 07:00:54,PII_REDACTED_AND_NORMALIZED,VERIFIED_INTEGRITY,8e73b4299c1b247c1459aadce6ef038f6de91b1804b7f90551928af8d23222f5
PRV-001367,CMP-2026-01126,CHECKPOST_SCANNER,2024-09-29 23:09:14,PII_REDACTED_AND_NORMALIZED,VERIFIED_INTEGRITY,f3abd4451c424c33c496cd1965f45bb0b792016b6d205c365ccc16db94dfb392
PRV-001368,CMP-2026-00643,CHECKPOST_SCANNER,2025-06-30 08:25:29,PII_REDACTED_AND_NORMALIZED,VERIFIED_INTEGRITY,5a4d405e25ffbab13191f701fcf3ab9a72f523c0a991cc78a3aaa4cab531846f
PRV-001369,CMP-2026-00515,HEALTH_STAT,2024-10-16 20:52:57,PII_REDACTED_AND_NORMALIZED,VERIFIED_INTEGRITY,09a75bb33c60c3f21a815a949369b22d5bb213f27ace44839c0ed50d1e1bc130
PRV-001370,CMP-2026-01046,CITIZEN_PORTAL,2025-03-08 05:45:56,PII_REDACTED_AND_NORMALIZED,VERIFIED_INTEGRITY,5940c84a2b973fda6f381fbb640811a7542467962f75723d60b2096153e5c117
PRV-001371,CMP-2026-01236,CHECKPOST_SCANNER,2026-03-07 12:41:49,PII_REDACTED_AND_NORMALIZED,VERIFIED_INTEGRITY,c14531378925d5f48f59a201c8f257c0a6df334423fd1ed4d3667e36652a7749
PRV-001372,CMP-2026-01203,CITIZEN_PORTAL,2025-07-17 06:10:22,PII_REDACTED_AND_NORMALIZED,VERIFIED_INTEGRITY,6df8354bf93f627443f2a2ec083b830d529843aff00b478b6ce1cf52c369e52e
PRV-001373,CMP-2026-00118,POLICE_LEDGER,2025-07-19 00:06:46,PII_REDACTED_AND_NORMALIZED,VERIFIED_INTEGRITY,b8aed157bfc243135ba67ea480009fd86e126e047e0b5a6dd9367d0183c5a1f4
PRV-001374,CMP-2026-00147,HEALTH_STAT,2026-05-02 08:47:27,PII_REDACTED_AND_NORMALIZED,VERIFIED_INTEGRITY,c2a6a0d8d8a3e1957b832eed6cad00d72449121a21913e0fee01673159883a65
PRV-001375,CMP-2026-00521,CHECKPOST_SCANNER,2025-06-07 22:06:58,PII_REDACTED_AND_NORMALIZED,VERIFIED_INTEGRITY,1c317b245cfb46367b6770bb882dbf90bc5a3957f40e1d41e5cf7a1f29273010
PRV-001376,CMP-2026-00282,POLICE_LEDGER,2026-07-25 08:16:48,PII_REDACTED_AND_NORMALIZED,VERIFIED_INTEGRITY,d37410ae93fa83523158f7295e2b966e1bd947f3a41f0f715e9808bc8d57f58a
PRV-001377,CMP-2026-00233,CHECKPOST_SCANNER,2024-11-29 12:09:28,PII_REDACTED_AND_NORMALIZED,VERIFIED_INTEGRITY,a112b287fc431a17e36162016ddf9e676c6a8e1269225c2d4eab04dfeab2f0c0
PRV-001378,CMP-2026-00895,HEALTH_STAT,2026-07-13 16:43:42,PII_REDACTED_AND_NORMALIZED,VERIFIED_INTEGRITY,a66cd01b1b7a28b87d9682f818b5b4a3ff000c49cdfb3319bc29d5f2c8907979
PRV-001379,CMP-2026-00749,POLICE_LEDGER,2024-10-30 04:53:01,PII_REDACTED_AND_NORMALIZED,VERIFIED_INTEGRITY,3ccec068e8bcaeadc85a16f019d57f3fae2b4e01af85b2d8735852b2316bd26a
PRV-001380,CMP-2026-00926,CHECKPOST_SCANNER,2025-06-29 05:10:17,PII_REDACTED_AND_NORMALIZED,VERIFIED_INTEGRITY,5db40687ae921ee87825a1f839a108e81033b20d6a4857f1ff7d61d9ebe1b24e
PRV-001381,CMP-2026-01200,HEALTH_STAT,2025-10-22 18:09:08,PII_REDACTED_AND_NORMALIZED,VERIFIED_INTEGRITY,e0b9cbf5f4abf1b8a56baf28729fe69a13b22cf7584de59f9c352cbd9520dd08
PRV-001382,CMP-2026-00550,POLICE_LEDGER,2026-06-16 17:08:55,PII_REDACTED_AND_NORMALIZED,VERIFIED_INTEGRITY,95768aafb96df31b1ce9a83f12c0defb3b3514741d4b70cf47d922791e023d16
PRV-001383,CMP-2026-01121,POLICE_LEDGER,2025-11-20 13:17:10,PII_REDACTED_AND_NORMALIZED,VERIFIED_INTEGRITY,61e19b2038ddcd9835a845432c95b1ef48cd446ca20cc899e89d13427feba72b
PRV-001384,CMP-2026-00090,POLICE_LEDGER,2026-01-28 06:00:05,PII_REDACTED_AND_NORMALIZED,VERIFIED_INTEGRITY,2f12ad8aee760dec40420cfb2fbfb4f24831bab6b03624ba097f85ac756d9963
PRV-001385,CMP-2026-00084,HEALTH_STAT,2025-06-12 04:02:24,PII_REDACTED_AND_NORMALIZED,VERIFIED_INTEGRITY,d3d3882776aaf0044202ead5203eea1e0e560a49f67ec27b8f5205ff13c1962c
PRV-001386,CMP-2026-00660,CITIZEN_PORTAL,2025-12-07 05:43:06,PII_REDACTED_AND_NORMALIZED,VERIFIED_INTEGRITY,6592c0de54043b337957193586331ce09e067b72b62f538485dd2a35e489a3be
PRV-001387,CMP-2026-00879,POLICE_LEDGER,2025-09-04 09:56:52,PII_REDACTED_AND_NORMALIZED,VERIFIED_INTEGRITY,a6731be334c5eaa7070a4b90a171936a8de69e91fb39bf26589687975c4bf826
PRV-001388,CMP-2026-00329,HEALTH_STAT,2025-09-28 05:14:53,PII_REDACTED_AND_NORMALIZED,VERIFIED_INTEGRITY,f76ff7f33bfa0428b68bc15f932210620b5e8353bcaaf2d7b5971cd9cc2b78a5
PRV-001389,CMP-2026-00707,POLICE_LEDGER,2026-05-06 20:45:34,PII_REDACTED_AND_NORMALIZED,VERIFIED_INTEGRITY,975b1b524c899abd14cf94214501b3448679344b64e1dd3626d17d7d481cddc7
PRV-001390,CMP-2026-00716,POLICE_LEDGER,2025-12-07 06:50:23,PII_REDACTED_AND_NORMALIZED,VERIFIED_INTEGRITY,f6b2685a521c649b9353a69f61b254f1e6c55b8630b0ee3ca904199633c75a5b
PRV-001391,CMP-2026-00136,CITIZEN_PORTAL,2025-05-13 12:00:35,PII_REDACTED_AND_NORMALIZED,VERIFIED_INTEGRITY,02cd8ab3c08c59403d305c3914be7efccf9971a2d745112123c8997edd24001a
PRV-001392,CMP-2026-01184,CHECKPOST_SCANNER,2025-11-28 05:21:02,PII_REDACTED_AND_NORMALIZED,VERIFIED_INTEGRITY,876404632d2527b2b598b412933c6f0b93ff4d35ad4e311090c1708d04a3818e
PRV-001393,CMP-2026-01109,CHECKPOST_SCANNER,2025-11-22 05:34:49,PII_REDACTED_AND_NORMALIZED,VERIFIED_INTEGRITY,cef3e5f62ac7ee6286f7526e49beb270a942b2e2ba6c5969265134e9a1abf141
PRV-001394,CMP-2026-00294,CHECKPOST_SCANNER,2025-08-14 13:19:48,PII_REDACTED_AND_NORMALIZED,VERIFIED_INTEGRITY,11c7d07c4d457ccb0653aa869dcd9e8b16ae8f1c4e26b3c25f95810efe728aff
PRV-001395,CMP-2026-00246,CHECKPOST_SCANNER,2025-06-03 23:24:29,PII_REDACTED_AND_NORMALIZED,VERIFIED_INTEGRITY,5bf80f82b9c9a878e0987f85a455783e0aaf26f33a2dae8879a38ce9942cefc9
PRV-001396,CMP-2026-00397,CITIZEN_PORTAL,2026-05-07 16:38:02,PII_REDACTED_AND_NORMALIZED,VERIFIED_INTEGRITY,77d625d2ef862d91b06b432538692c931414b61242f3b7584bee8c549f5c8a92
PRV-001397,CMP-2026-00082,CITIZEN_PORTAL,2025-07-23 00:26:15,PII_REDACTED_AND_NORMALIZED,VERIFIED_INTEGRITY,accca3b33e314b8317ef2e02f5cf10a0fbd56367e72e7ac1c4cef0d6210284f4
PRV-001398,CMP-2026-00826,CHECKPOST_SCANNER,2026-05-08 09:10:45,PII_REDACTED_AND_NORMALIZED,VERIFIED_INTEGRITY,b9625f5efa16e1a1ec1eeb93bff87c07cb5db7bfa75c2297bf7b0a3bda59be41
PRV-001399,CMP-2026-00806,HEALTH_STAT,2025-05-08 12:14:46,PII_REDACTED_AND_NORMALIZED,VERIFIED_INTEGRITY,cc523e0f618fa153c7d6b298c55974a7bd18c59270c9805f554fc7b6c53bc52e
PRV-001400,CMP-2026-00531,CITIZEN_PORTAL,2025-03-11 12:47:13,PII_REDACTED_AND_NORMALIZED,VERIFIED_INTEGRITY,c403253aad66a0f019a9ee822e2643ff12efd3d4c1c5aeb1a7c3ccbfe71cd98d
PRV-001401,CMP-2026-01013,CHECKPOST_SCANNER,2025-03-31 14:33:53,PII_REDACTED_AND_NORMALIZED,VERIFIED_INTEGRITY,e5c80899f1181a5f1188400e182f0f54b45de22eaf414768a75715ccda30f183
PRV-001402,CMP-2026-01072,CITIZEN_PORTAL,2026-06-15 13:47:02,PII_REDACTED_AND_NORMALIZED,VERIFIED_INTEGRITY,baf21247c8e5e4ebfee16eb6e6e6fc412e15e478aa529b752d434ee648cc2136
PRV-001403,CMP-2026-00850,CHECKPOST_SCANNER,2025-12-16 02:21:16,PII_REDACTED_AND_NORMALIZED,VERIFIED_INTEGRITY,fccca8d2e8674f2863c216ab363ac985ba8d8ef49ca1125037579f7fa428b7d4
PRV-001404,CMP-2026-00002,POLICE_LEDGER,2026-03-01 22:53:00,PII_REDACTED_AND_NORMALIZED,VERIFIED_INTEGRITY,1826bbc67390005ba66de76bdd3a851914577c9ed17c001e16a35bfb923c8dd8
PRV-001405,CMP-2026-00049,HEALTH_STAT,2024-09-22 16:15:57,PII_REDACTED_AND_NORMALIZED,VERIFIED_INTEGRITY,b1cb2ccfa4186f11c049cc847b0e0e5df63c9702bf4ebb0f0b70e84daf975d7f
PRV-001406,CMP-2026-01125,HEALTH_STAT,2025-11-25 18:38:25,PII_REDACTED_AND_NORMALIZED,VERIFIED_INTEGRITY,3561d39c90b72fe39cc6494aa6e537aa32726c93bfefc58c6903a4a192e8ffe1
PRV-001407,CMP-2026-00081,HEALTH_STAT,2025-01-13 03:13:05,PII_REDACTED_AND_NORMALIZED,VERIFIED_INTEGRITY,6defc2f79f52131f0780109581a2b350e38aec6c005ce69884200f57177313eb
PRV-001408,CMP-2026-00811,CITIZEN_PORTAL,2024-10-05 10:00:36,PII_REDACTED_AND_NORMALIZED,VERIFIED_INTEGRITY,431885751bd43463538097ef1a5a045788bc2ca72cf1682f4d4b87b6f5c0052f
PRV-001409,CMP-2026-00433,HEALTH_STAT,2025-06-13 20:41:18,PII_REDACTED_AND_NORMALIZED,VERIFIED_INTEGRITY,fe21cb837aaff23c672bc6cf52a6a545a3a8524a2bdb251df8bf66c6e05de9f1
PRV-001410,CMP-2026-01024,HEALTH_STAT,2024-10-26 13:58:42,PII_REDACTED_AND_NORMALIZED,VERIFIED_INTEGRITY,1617f7c44cd68fc15e30a2767f0da7ca7ca79c8749926b6e963c26536ce5394e
PRV-001411,CMP-2026-00249,POLICE_LEDGER,2026-04-14 17:38:27,PII_REDACTED_AND_NORMALIZED,VERIFIED_INTEGRITY,4d47dd8f4e4614b18ab1268cbb96d7904fb65370cd5e9bade840faffdcee5651
PRV-001412,CMP-2026-00585,POLICE_LEDGER,2026-07-03 03:26:44,PII_REDACTED_AND_NORMALIZED,VERIFIED_INTEGRITY,e05a569a4341e430e5688d9f9bb2b1aa86606ca831a219ede3c9fefce884fbd3
PRV-001413,CMP-2026-00364,CITIZEN_PORTAL,2026-04-21 13:36:16,PII_REDACTED_AND_NORMALIZED,VERIFIED_INTEGRITY,a2210f438e16e1df85887e3b8a55fb8c48ae2ded6625eb8ff7d4bbb3c9e255c2
PRV-001414,CMP-2026-00868,POLICE_LEDGER,2026-05-18 03:36:13,PII_REDACTED_AND_NORMALIZED,VERIFIED_INTEGRITY,0b5946429bd262e01d66762dde1042d6de6e59fd9bc7f8656233b7f51b607b2a
PRV-001415,CMP-2026-00266,CHECKPOST_SCANNER,2024-12-19 02:13:10,PII_REDACTED_AND_NORMALIZED,VERIFIED_INTEGRITY,3d71d9da7fa374689719524c88d83f893bb0ae7c7ceea62dc258f014047851eb
PRV-001416,CMP-2026-00367,HEALTH_STAT,2026-05-08 23:42:12,PII_REDACTED_AND_NORMALIZED,VERIFIED_INTEGRITY,3fff06189a5b92fbee389f690a868888852201d3f7a11241a7bbf54da7355cb4
PRV-001417,CMP-2026-00035,CITIZEN_PORTAL,2026-06-20 04:34:59,PII_REDACTED_AND_NORMALIZED,VERIFIED_INTEGRITY,f4bbb866449222c1f7bbd449d665053539febc26b62577065d4d324a0f45849e
PRV-001418,CMP-2026-00947,CITIZEN_PORTAL,2026-05-22 18:37:49,PII_REDACTED_AND_NORMALIZED,VERIFIED_INTEGRITY,c8156bfdf8162dc44bfb0a83e99b80daff9e1e339a52ad67e52475b803e45934
PRV-001419,CMP-2026-00153,CITIZEN_PORTAL,2025-10-12 22:10:00,PII_REDACTED_AND_NORMALIZED,VERIFIED_INTEGRITY,6430c6c420d6ca5c11f7baa0e7334c8520c81d564967e4ac9d8af612b85f06f8
PRV-001420,CMP-2026-01223,CHECKPOST_SCANNER,2026-07-26 13:47:26,PII_REDACTED_AND_NORMALIZED,VERIFIED_INTEGRITY,ff796992aed238e9a713f9f4806262d58b5a82df7f8879209d4c82461b185f16
PRV-001421,CMP-2026-00565,HEALTH_STAT,2026-05-16 14:54:14,PII_REDACTED_AND_NORMALIZED,VERIFIED_INTEGRITY,e5925980eda1c725ce1cb61287bf5687b78205ac12ac708aa72440f3884c8030
PRV-001422,CMP-2026-00102,CHECKPOST_SCANNER,2025-02-21 02:25:49,PII_REDACTED_AND_NORMALIZED,VERIFIED_INTEGRITY,6efc0495c6c47d8ed9e161bae823ad3f01b89885572a8e5f45a23a57d2b2e74e
PRV-001423,CMP-2026-00037,CITIZEN_PORTAL,2024-10-08 13:03:20,PII_REDACTED_AND_NORMALIZED,VERIFIED_INTEGRITY,a43288233e7875f95a056c00614b05fc1a1349c9e2e26a4be54f01b73154e497
PRV-001424,CMP-2026-01000,POLICE_LEDGER,2024-12-20 20:18:02,PII_REDACTED_AND_NORMALIZED,VERIFIED_INTEGRITY,6d469b79d68b28dddfd74d4c3b0f9d74c0c421eef8a8bc92d629ab8c59ec60b1
PRV-001425,CMP-2026-00998,POLICE_LEDGER,2026-08-13 10:59:18,PII_REDACTED_AND_NORMALIZED,VERIFIED_INTEGRITY,c08c9656896dc3b03927324689c90616de559914cffc94891789e408559964e1
PRV-001426,CMP-2026-00464,POLICE_LEDGER,2025-05-26 19:22:00,PII_REDACTED_AND_NORMALIZED,VERIFIED_INTEGRITY,bc952c6a934d2da86d0b2b0d7e7e116c4e8875ef7cfe58cd4696fd3432605b3c
PRV-001427,CMP-2026-00727,CITIZEN_PORTAL,2026-03-12 03:15:14,PII_REDACTED_AND_NORMALIZED,VERIFIED_INTEGRITY,14bb6ad93555e6692441a0d8ab643d9964d6255213e37f52446ed60f198d338c
PRV-001428,CMP-2026-00382,POLICE_LEDGER,2025-03-20 05:34:31,PII_REDACTED_AND_NORMALIZED,VERIFIED_INTEGRITY,47ad0ea2ebb3a7411cf9c1c7fec60063242423c00ffe4625aeb177076df912e1
PRV-001429,CMP-2026-01218,HEALTH_STAT,2025-02-28 00:37:38,PII_REDACTED_AND_NORMALIZED,VERIFIED_INTEGRITY,46f89463575445af6896d0752054da373c252e6e1d3c9c6d5ea710f5f85561a3
PRV-001430,CMP-2026-01104,CHECKPOST_SCANNER,2024-11-14 02:24:40,PII_REDACTED_AND_NORMALIZED,VERIFIED_INTEGRITY,2cdadf95af3c9a614c1dc946ac62835c51f246eda77bd196127c5922a566c38a
PRV-001431,CMP-2026-01216,CHECKPOST_SCANNER,2025-07-20 20:31:57,PII_REDACTED_AND_NORMALIZED,VERIFIED_INTEGRITY,6ae8135cfec86280baed2481f00eafa38c1633e5414c51ce2e6e6c315f304354
PRV-001432,CMP-2026-00476,POLICE_LEDGER,2025-12-29 07:54:58,PII_REDACTED_AND_NORMALIZED,VERIFIED_INTEGRITY,cedbc005c562605962de82bd49f776783cf9cf34eb47ffe26a9bf97eab97d1fe
PRV-001433,CMP-2026-00460,HEALTH_STAT,2025-11-20 12:27:12,PII_REDACTED_AND_NORMALIZED,VERIFIED_INTEGRITY,d872b9a954622098e887e6817caeba6930ced0673fbd45435edaadf767995a34
PRV-001434,CMP-2026-01114,HEALTH_STAT,2024-10-16 03:05:54,PII_REDACTED_AND_NORMALIZED,VERIFIED_INTEGRITY,b1c70d4a6d3c2554991d1ad53aa7a1ddcf2021307452627053c36c2795e1058e
PRV-001435,CMP-2026-00702,POLICE_LEDGER,2025-05-20 02:48:31,PII_REDACTED_AND_NORMALIZED,VERIFIED_INTEGRITY,07f8f3763f3192610920dd4725ff86a493e89f649ce4f6ee4407be565e2b0821
PRV-001436,CMP-2026-00308,HEALTH_STAT,2024-11-15 21:27:18,PII_REDACTED_AND_NORMALIZED,VERIFIED_INTEGRITY,3bb45abf208db0d2f4ff17150a8cafac437506934298b3c7b411724c40fbaa5b
PRV-001437,CMP-2026-00683,CITIZEN_PORTAL,2025-10-24 04:21:08,PII_REDACTED_AND_NORMALIZED,VERIFIED_INTEGRITY,ad4ff1c69c008b77e77a4c4b13b6d211853a74e0409beac8d7026e7bf08eef11
PRV-001438,CMP-2026-01151,CITIZEN_PORTAL,2024-12-18 21:49:37,PII_REDACTED_AND_NORMALIZED,VERIFIED_INTEGRITY,cc1675349d4b2facd7aa975464e4c92ac64a0805f3d713e3d1d505f879eccb0b
PRV-001439,CMP-2026-00835,POLICE_LEDGER,2026-06-02 14:42:34,PII_REDACTED_AND_NORMALIZED,VERIFIED_INTEGRITY,30f569f5d5931ec55ec38f5b88951955f52981ee82f9cf19c496ef3a0befaad4
PRV-001440,CMP-2026-01088,POLICE_LEDGER,2026-08-06 17:54:04,PII_REDACTED_AND_NORMALIZED,VERIFIED_INTEGRITY,be44a27f00947b4dfaf38cd0b5bb41d773f985c8ec560216275b6970b7e6a8da
PRV-001441,CMP-2026-00178,CITIZEN_PORTAL,2025-08-16 17:30:44,PII_REDACTED_AND_NORMALIZED,VERIFIED_INTEGRITY,148743bc20fde06cd51aa9e7abb69fad813f261bb306eca0aec513a1178a08d2
PRV-001442,CMP-2026-00897,POLICE_LEDGER,2024-10-28 03:35:20,PII_REDACTED_AND_NORMALIZED,VERIFIED_INTEGRITY,c83fe2983e23d50a8421e1966e96ec63a0cfd5ce3b8e377b4900cae760dbbf0b
PRV-001443,CMP-2026-01116,POLICE_LEDGER,2026-02-25 04:22:19,PII_REDACTED_AND_NORMALIZED,VERIFIED_INTEGRITY,50b48858187608b0ef896ddc4caf0c2ad0203b02e9dae47afc58dc79f77e9a9b
PRV-001444,CMP-2026-00148,CHECKPOST_SCANNER,2026-05-06 02:57:39,PII_REDACTED_AND_NORMALIZED,VERIFIED_INTEGRITY,bf24dd3b2e3a598d083158cd76d0cd01671a11e454a0518401acb72dd04aee4d
PRV-001445,CMP-2026-00186,POLICE_LEDGER,2024-12-23 05:44:14,PII_REDACTED_AND_NORMALIZED,VERIFIED_INTEGRITY,16ada901b392a2851301426f9f1fddfb7d4b6bae9650767c4354a5b7664ecdd1
PRV-001446,CMP-2026-00653,CHECKPOST_SCANNER,2025-05-08 23:50:07,PII_REDACTED_AND_NORMALIZED,VERIFIED_INTEGRITY,c32c33750c69b1182eebc5c671b10e66410b4ccbfe428ec5ea5ec387d00786b3
PRV-001447,CMP-2026-00594,POLICE_LEDGER,2026-06-02 18:34:54,PII_REDACTED_AND_NORMALIZED,VERIFIED_INTEGRITY,60b8425ae7c0da38b2494f07e357b979cb8926d51bee5e9a15b965a574562c97
PRV-001448,CMP-2026-00881,HEALTH_STAT,2024-12-03 06:52:35,PII_REDACTED_AND_NORMALIZED,VERIFIED_INTEGRITY,ce321ae83b61e088fd052b55771a6da8171c2421daf4c6b25104e7c0bfb45a34
PRV-001449,CMP-2026-00654,CITIZEN_PORTAL,2025-05-01 02:31:02,PII_REDACTED_AND_NORMALIZED,VERIFIED_INTEGRITY,16a8338727ff82e399155dd8f2d0348f110fb150d93588a1fcd97ef10e8169c1
PRV-001450,CMP-2026-00808,HEALTH_STAT,2026-05-28 14:56:24,PII_REDACTED_AND_NORMALIZED,VERIFIED_INTEGRITY,14f86d1bee11a42d68e5f1ad2c2b74af43dcef24aff6435a35b9e89608350f70
PRV-001451,CMP-2026-00200,CHECKPOST_SCANNER,2025-04-13 06:22:13,PII_REDACTED_AND_NORMALIZED,VERIFIED_INTEGRITY,ba2661f3d99c3ea32d4c2409cd6ca2d04b21e5a1938f25eca52dcdd0814b84b4
PRV-001452,CMP-2026-00924,HEALTH_STAT,2025-04-29 15:02:42,PII_REDACTED_AND_NORMALIZED,VERIFIED_INTEGRITY,66a61bf7884cc9f1344bd42bf69bb3b33b3e491d8a6ba7abcc1da6e40c4521a6
PRV-001453,CMP-2026-00612,POLICE_LEDGER,2025-05-06 20:17:03,PII_REDACTED_AND_NORMALIZED,VERIFIED_INTEGRITY,1b2f92368816af3e9dfe43b9041742d8acbbc635034fc961f70bcebc651653bd
PRV-001454,CMP-2026-00456,CHECKPOST_SCANNER,2025-12-06 15:08:44,PII_REDACTED_AND_NORMALIZED,VERIFIED_INTEGRITY,6da6e8b1e1479b244cce221bc0e0498b935179de52036bfcd9b7f44b43e3f01f
PRV-001455,CMP-2026-00184,HEALTH_STAT,2025-02-01 12:23:57,PII_REDACTED_AND_NORMALIZED,VERIFIED_INTEGRITY,f571de9be6ad782d1d884f4aee6c5337db3997fc31990aac08ded72cb4899524
PRV-001456,CMP-2026-00996,CITIZEN_PORTAL,2025-04-29 13:52:55,PII_REDACTED_AND_NORMALIZED,VERIFIED_INTEGRITY,dc38bb5a3aeee781462ea89780fecd8e0c69664e088adecb8ddee14ab62f7cd6
PRV-001457,CMP-2026-00220,CHECKPOST_SCANNER,2025-04-10 18:54:22,PII_REDACTED_AND_NORMALIZED,VERIFIED_INTEGRITY,8d74e02b43a19ad346361cb67fdcefb9930ba30cb82462577a974961734c701d
PRV-001458,CMP-2026-00333,CITIZEN_PORTAL,2026-03-03 23:52:04,PII_REDACTED_AND_NORMALIZED,VERIFIED_INTEGRITY,9146d1d918cb25aac0b33b4c8d6a92b84dadeacdaa972807a69aa7d933370361
PRV-001459,CMP-2026-00021,CITIZEN_PORTAL,2026-01-12 07:33:25,PII_REDACTED_AND_NORMALIZED,VERIFIED_INTEGRITY,122c6613d2762e4c57dd72a8ee8e8f76c5f871859961a98b5a431e15f3a65a4e
PRV-001460,CMP-2026-00781,HEALTH_STAT,2024-09-30 00:55:28,PII_REDACTED_AND_NORMALIZED,VERIFIED_INTEGRITY,cef312c137a9e1cf31fabf4d4f2d09ad6d3ab911810ff2ccefe86a539e3bae78
PRV-001461,CMP-2026-00321,CHECKPOST_SCANNER,2024-11-05 10:33:41,PII_REDACTED_AND_NORMALIZED,VERIFIED_INTEGRITY,1d9cab0c54624c8c789c47445d1cea1e65954eb98385dbbf5a5e7821ec4ca509
PRV-001462,CMP-2026-00757,CHECKPOST_SCANNER,2025-12-02 01:53:01,PII_REDACTED_AND_NORMALIZED,VERIFIED_INTEGRITY,827f0d4ad6df39aecd43c109ccb642f11ba9957c80bff654f2c274c46988ad27
PRV-001463,CMP-2026-00078,CITIZEN_PORTAL,2025-12-21 20:08:23,PII_REDACTED_AND_NORMALIZED,VERIFIED_INTEGRITY,2f5a54fca13ff91ba5ab6cf2f481d0a729fca238d2f7c60a6c0a85f2b1d10751
PRV-001464,CMP-2026-00506,CHECKPOST_SCANNER,2025-10-28 22:14:18,PII_REDACTED_AND_NORMALIZED,VERIFIED_INTEGRITY,906064bce8595a9724b0fb9cd46ccba2ae4e974aff2d03cade0eafe655582f79
PRV-001465,CMP-2026-01153,CHECKPOST_SCANNER,2025-05-29 03:15:56,PII_REDACTED_AND_NORMALIZED,VERIFIED_INTEGRITY,c151bc76a0679fbba03949d0ea6e4eb909ff330017d387af85604360707ca49a
PRV-001466,CMP-2026-00752,POLICE_LEDGER,2025-05-17 09:18:51,PII_REDACTED_AND_NORMALIZED,VERIFIED_INTEGRITY,71858f0df45a17de60da0939365731c5d699a75cdd87d4fbfafd585a2b56de8b
PRV-001467,CMP-2026-00514,CHECKPOST_SCANNER,2025-01-04 20:44:05,PII_REDACTED_AND_NORMALIZED,VERIFIED_INTEGRITY,1c722562ec34fd76415745ecddb4e17dcd2b318989e686ce43075c5f1cff1414
PRV-001468,CMP-2026-01229,CHECKPOST_SCANNER,2026-05-08 06:40:34,PII_REDACTED_AND_NORMALIZED,VERIFIED_INTEGRITY,e91f8149aed3261466246c07e4808672cc0bc0e31483c4541720e0cb77d09f41
PRV-001469,CMP-2026-00798,POLICE_LEDGER,2025-04-21 00:53:46,PII_REDACTED_AND_NORMALIZED,VERIFIED_INTEGRITY,bd1f019269fb593e48d41260d75133f632cc25d49a5f8f2425d9c9b540d2fe8b
PRV-001470,CMP-2026-00597,CHECKPOST_SCANNER,2025-08-13 01:06:45,PII_REDACTED_AND_NORMALIZED,VERIFIED_INTEGRITY,7735f20cfdf1d56bdb49f8881d57fbdf1ebaa9471d7b97c33268fd0bac2f8aab
PRV-001471,CMP-2026-00432,HEALTH_STAT,2025-08-20 00:17:40,PII_REDACTED_AND_NORMALIZED,VERIFIED_INTEGRITY,8124bb1bc88fb36c98f1a96d0433ae28569b551d465bf51047615f4c39569b8e
PRV-001472,CMP-2026-01173,HEALTH_STAT,2026-03-10 20:40:17,PII_REDACTED_AND_NORMALIZED,VERIFIED_INTEGRITY,13186ac6a3dae37d40acbeec0d443f00082e2894aa5969094a017c01e4e3f455
PRV-001473,CMP-2026-00288,CHECKPOST_SCANNER,2025-06-19 09:00:07,PII_REDACTED_AND_NORMALIZED,VERIFIED_INTEGRITY,e2a2daba837964225d0a136937ce672432023c520f2b281445457db9e0a8417b
PRV-001474,CMP-2026-00778,POLICE_LEDGER,2025-08-17 14:49:26,PII_REDACTED_AND_NORMALIZED,VERIFIED_INTEGRITY,77c33ac93807ef2829de090c549c799fa7aef86eb346840066dd69dc899f03dc
PRV-001475,CMP-2026-00104,HEALTH_STAT,2024-09-29 22:26:15,PII_REDACTED_AND_NORMALIZED,VERIFIED_INTEGRITY,35867d0fd2e562cea5ad70bc2c3e3a5e914e73dabcb1355e29a87d225efea4a1
PRV-001476,CMP-2026-00885,CITIZEN_PORTAL,2026-02-19 09:54:52,PII_REDACTED_AND_NORMALIZED,VERIFIED_INTEGRITY,77d0f48b0a1f054f389019d3151dcec1ffb750c5de4295ee0fc80591c8c7a5fa
PRV-001477,CMP-2026-01091,HEALTH_STAT,2025-08-12 01:04:11,PII_REDACTED_AND_NORMALIZED,VERIFIED_INTEGRITY,fa2dc50508536e38357b2b26d4a12bb9356f1b8f6f09de977ac43ee908b38028
PRV-001478,CMP-2026-00076,HEALTH_STAT,2024-12-22 18:54:12,PII_REDACTED_AND_NORMALIZED,VERIFIED_INTEGRITY,baf635f856990c056dd49fffbc72792bd3442001b04f8320e991eae4851a6750
PRV-001479,CMP-2026-00813,CITIZEN_PORTAL,2024-11-02 01:32:54,PII_REDACTED_AND_NORMALIZED,VERIFIED_INTEGRITY,00d8685db687a2e0a3144050074e244e5b44ee88d50d2ac73ebb875058080b64
PRV-001480,CMP-2026-00874,POLICE_LEDGER,2025-06-01 04:05:55,PII_REDACTED_AND_NORMALIZED,VERIFIED_INTEGRITY,8824340c0f23c654d11df9ed6760693e14cf2997e0287d8d3302f7721f388c5f
PRV-001481,CMP-2026-01136,HEALTH_STAT,2026-02-02 04:19:09,PII_REDACTED_AND_NORMALIZED,VERIFIED_INTEGRITY,b470fb231b307480952b5ac63dc7a4e403867db822bc68c0d85a6e3a8406bb51
PRV-001482,CMP-2026-00753,POLICE_LEDGER,2025-04-19 09:35:58,PII_REDACTED_AND_NORMALIZED,VERIFIED_INTEGRITY,2671e28e810963ee4fe9d407b50fcebf1788f6108118665dcfb9cfcd0b470f70
PRV-001483,CMP-2026-00866,POLICE_LEDGER,2025-06-03 00:50:26,PII_REDACTED_AND_NORMALIZED,VERIFIED_INTEGRITY,7f02d8fe421d28c9b0bef3a3c57dbf6b52fdb4ac562b9554ccf807a5deff9be8
PRV-001484,CMP-2026-01250,CITIZEN_PORTAL,2025-02-19 14:41:24,PII_REDACTED_AND_NORMALIZED,VERIFIED_INTEGRITY,6241746dd0e4da193e0c6b3874fa34c90156fb0a9ef214fcfc7aa99f2b96ea7c
PRV-001485,CMP-2026-00389,HEALTH_STAT,2026-05-15 03:16:17,PII_REDACTED_AND_NORMALIZED,VERIFIED_INTEGRITY,2e6638aabbf0ffee4bfef77fc8738b29527052d49179420c7f3432315405f020
PRV-001486,CMP-2026-00626,POLICE_LEDGER,2025-12-30 04:10:32,PII_REDACTED_AND_NORMALIZED,VERIFIED_INTEGRITY,98ac5817dcb9c964f2f9c603d008452f38b88f76567c50287cf5e36fcc0e8716
PRV-001487,CMP-2026-00674,HEALTH_STAT,2025-04-19 23:00:44,PII_REDACTED_AND_NORMALIZED,VERIFIED_INTEGRITY,9607a65c65619eb78fd45278386f5fc8c4535866643f3d6fc1aeee8398153504
PRV-001488,CMP-2026-00207,CHECKPOST_SCANNER,2025-06-10 13:26:01,PII_REDACTED_AND_NORMALIZED,VERIFIED_INTEGRITY,f294c0ead3fe240596d0b5fcf74ca386bf81c1cf6eba2408a94e70023c07b04c
PRV-001489,CMP-2026-00651,CITIZEN_PORTAL,2024-12-22 12:17:00,PII_REDACTED_AND_NORMALIZED,VERIFIED_INTEGRITY,0e4b5c7a3be2c131e75823383d890453fcf1dd806f383cf3714c1fa712ae4fbf
PRV-001490,CMP-2026-01055,CITIZEN_PORTAL,2025-01-06 23:13:19,PII_REDACTED_AND_NORMALIZED,VERIFIED_INTEGRITY,8504e2bc3288cbd59cdee2d526b155733166a3593212fea9a7203ede9da8c704
PRV-001491,CMP-2026-00907,POLICE_LEDGER,2026-05-16 16:26:44,PII_REDACTED_AND_NORMALIZED,VERIFIED_INTEGRITY,31fcf88d4aadeac429159eba3b3cec762be9ff60df6a8b1aa6af89d02ae7900e
PRV-001492,CMP-2026-00519,HEALTH_STAT,2025-05-05 04:45:19,PII_REDACTED_AND_NORMALIZED,VERIFIED_INTEGRITY,efbbefe033831526bf81e65d435ca4f1e051d8e426029f12899ebf8803b3a3a4
PRV-001493,CMP-2026-00176,POLICE_LEDGER,2024-10-27 15:10:26,PII_REDACTED_AND_NORMALIZED,VERIFIED_INTEGRITY,5ef3645cec983c4e6f04ea492e491f3faf089e1b0ae01b416e12c80adf05eae7
PRV-001494,CMP-2026-00288,CITIZEN_PORTAL,2026-07-08 18:08:22,PII_REDACTED_AND_NORMALIZED,VERIFIED_INTEGRITY,019d26f415c5398e73e0e37b4fcff5fbb8240ff5593efe1b83378e9a8216983c
PRV-001495,CMP-2026-00158,HEALTH_STAT,2025-10-23 04:25:03,PII_REDACTED_AND_NORMALIZED,VERIFIED_INTEGRITY,8481f66c58ea06bd42cd45b70b12d3e92ca15eb0d4eb7aeaba5c8a72430cfd79
PRV-001496,CMP-2026-01127,POLICE_LEDGER,2026-05-23 21:32:44,PII_REDACTED_AND_NORMALIZED,VERIFIED_INTEGRITY,f52c5ad74afe3369fd459640f95947886fcd975faa01052a2053f55970e89e6a
PRV-001497,CMP-2026-00666,POLICE_LEDGER,2026-05-15 13:02:41,PII_REDACTED_AND_NORMALIZED,VERIFIED_INTEGRITY,de4d76498e78d9169e4dd409cd64ae98c6b76f7c6ccf27267488f9db13bac7af
PRV-001498,CMP-2026-00832,HEALTH_STAT,2025-08-27 03:36:13,PII_REDACTED_AND_NORMALIZED,VERIFIED_INTEGRITY,510ddc9db7ed30c4f8b1bc2e78bab079e6b38f083ddb95b4f7527bb453952d06
PRV-001499,CMP-2026-01164,HEALTH_STAT,2025-12-30 11:22:51,PII_REDACTED_AND_NORMALIZED,VERIFIED_INTEGRITY,97e281ed8e383eb614c624fa313f03646121bed4eec7fa272cb536e4a24a7a43
PRV-001500,CMP-2026-01142,POLICE_LEDGER,2025-08-12 19:08:01,PII_REDACTED_AND_NORMALIZED,VERIFIED_INTEGRITY,fd5b9f1ab1cf1beae1cece6a2b18234e7906c847820dcf0ce5ec2d440354640e