report_id,anonymous_token,received_at,district_id,district_name,taluk_id,taluk_name,locality_id,locality_name,signal_type,drug_category,description,source_channel,verification_status,processing_status,duplicate_group_id,risk_relevance,confidence_score,is_first_time_signal
CR-2026-00001,ANON-TN-B04FAE2715,2024-12-11 16:02:41,10,Krishnagiri,41,Krishnagiri West,94,Krishnagiri North Market,HEALTH_EMERGENCY,UNKNOWN_CONTRABAND,Anonymous observation reported near Krishnagiri North Market locality in Krishnagiri.,WEB_PORTAL,CORROBORATED,PROCESSED,DUP-GRP-395,MEDIUM,62,0
CR-2026-00002,ANON-TN-3EC9815278,2025-08-18 09:11:37,16,Kancheepuram,64,Kancheepuram East,156,Kancheepuram South Sector A,REHAB_NEED,PRESCRIPTION_NARCOTICS,Anonymous observation reported near Kancheepuram South Sector A locality in Kancheepuram.,WEB_PORTAL,CORROBORATED,PROCESSED,DUP-GRP-161,LOW,65,0
CR-2026-00003,ANON-TN-C285C9F2E4,2025-03-25 20:06:14,19,Cuddalore,78,Cuddalore West,198,Cuddalore Rural Market,SUSPECTED_DISTRIBUTION,OPIOID_ANALOGUES,Anonymous observation reported near Cuddalore Rural Market locality in Cuddalore.,TELEGRAM_BOT,CORROBORATED,PROCESSED,DUP-GRP-66,HIGH,58,0
CR-2026-00004,ANON-TN-59A44D6792,2026-02-28 10:21:44,21,Kallakurichi,87,Kallakurichi Rural,212,Kallakurichi East Market,REHAB_NEED,CHEMICAL_PRECURSORS,Anonymous observation reported near Kallakurichi East Market locality in Kallakurichi.,MOBILE_APP,CORROBORATED,PROCESSED,DUP-GRP-28,MEDIUM,67,0
CR-2026-00005,ANON-TN-C6C53A53C2,2026-06-12 15:12:14,24,Nilgiris,96,Nilgiris North,239,Nilgiris South Market,COMMUNITY_CONCERN,CHEMICAL_PRECURSORS,Anonymous observation reported near Nilgiris South Market locality in Nilgiris.,TOLL_FREE_IVR,NEEDS_VERIFICATION,PROCESSED,DUP-GRP-30,LOW,66,1
CR-2026-00006,ANON-TN-F1BD8DDAA7,2025-03-28 04:58:06,28,Pudukkottai,111,Pudukkottai North,276,Pudukkottai South Market,HEALTH_EMERGENCY,COMMERCIAL_GANJA,Anonymous observation reported near Pudukkottai South Market locality in Pudukkottai.,WEB_PORTAL,DISMISSED,PROCESSED,DUP-GRP-193,HIGH,86,0
CR-2026-00007,ANON-TN-7BB11764A4,2026-03-15 06:05:39,8,Erode,29,Erode North,76,Erode East Market,HEALTH_EMERGENCY,OPIOID_ANALOGUES,Anonymous observation reported near Erode East Market locality in Erode.,WEB_PORTAL,DISMISSED,PROCESSED,DUP-GRP-41,LOW,78,0
CR-2026-00008,ANON-TN-CEDBA957CB,2024-09-23 20:53:29,21,Kallakurichi,86,Kallakurichi West,213,Kallakurichi East Bypass Hub,REHAB_NEED,PRESCRIPTION_NARCOTICS,Anonymous observation reported near Kallakurichi East Bypass Hub locality in Kallakurichi.,TELEGRAM_BOT,NEEDS_VERIFICATION,PROCESSED,DUP-GRP-230,LOW,60,0
CR-2026-00009,ANON-TN-818CCB1269,2026-06-21 20:05:50,23,Namakkal,95,Namakkal West,229,Namakkal South Sector A,COMMUNITY_CONCERN,PRESCRIPTION_NARCOTICS,Anonymous observation reported near Namakkal South Sector A locality in Namakkal.,TELEGRAM_BOT,UNVERIFIED,PROCESSED,DUP-GRP-245,LOW,78,1
CR-2026-00010,ANON-TN-300456CB49,2026-01-18 15:26:53,35,Mayiladuthurai,143,Mayiladuthurai West,343,Mayiladuthurai North Sector A,COMMUNITY_CONCERN,CHEMICAL_PRECURSORS,Anonymous observation reported near Mayiladuthurai North Sector A locality in Mayiladuthurai.,TOLL_FREE_IVR,UNVERIFIED,PROCESSED,DUP-GRP-394,MEDIUM,91,0
CR-2026-00011,ANON-TN-5C8C2AE8EA,2025-01-06 19:05:46,13,Thoothukudi,49,Thoothukudi North,130,Thoothukudi West Market,REHAB_NEED,UNKNOWN_CONTRABAND,Anonymous observation reported near Thoothukudi West Market locality in Thoothukudi.,MOBILE_APP,UNVERIFIED,PROCESSED,DUP-GRP-142,MEDIUM,79,0
CR-2026-00012,ANON-TN-0A750BEC8A,2024-10-13 09:05:27,22,Dharmapuri,88,Dharmapuri North,225,Dharmapuri West Sector A,COMMUNITY_CONCERN,CHEMICAL_PRECURSORS,Anonymous observation reported near Dharmapuri West Sector A locality in Dharmapuri.,MOBILE_APP,CORROBORATED,PROCESSED,DUP-GRP-179,MEDIUM,88,0
CR-2026-00013,ANON-TN-744319D8F6,2025-06-29 16:09:10,13,Thoothukudi,51,Thoothukudi East,125,Thoothukudi South Sector A,HEALTH_EMERGENCY,PRESCRIPTION_NARCOTICS,Anonymous observation reported near Thoothukudi South Sector A locality in Thoothukudi.,MOBILE_APP,CORROBORATED,PROCESSED,DUP-GRP-123,LOW,81,0
CR-2026-00014,ANON-TN-6A8E1407E0,2026-05-28 16:23:16,5,Tiruchirappalli,20,Tiruchirappalli East,51,Tiruchirappalli West Sector A,HEALTH_EMERGENCY,OPIOID_ANALOGUES,Anonymous observation reported near Tiruchirappalli West Sector A locality in Tiruchirappalli.,TELEGRAM_BOT,NEEDS_VERIFICATION,PROCESSED,DUP-GRP-29,LOW,89,0
CR-2026-00015,ANON-TN-D7441C4604,2025-06-12 01:02:43,9,Vellore,33,Vellore North,92,Vellore Rural Bypass Hub,SUSPECTED_DISTRIBUTION,SYNTHETIC_MDMA,Anonymous observation reported near Vellore Rural Bypass Hub locality in Vellore.,WEB_PORTAL,NEEDS_VERIFICATION,PROCESSED,DUP-GRP-322,MEDIUM,82,0
CR-2026-00016,ANON-TN-710EF02DFA,2026-02-16 04:49:21,1,Chennai,1,Chennai North,6,Chennai South Bypass Hub,SUSPECTED_DISTRIBUTION,SYNTHETIC_MDMA,Anonymous observation reported near Chennai South Bypass Hub locality in Chennai.,WEB_PORTAL,CORROBORATED,PROCESSED,DUP-GRP-127,HIGH,67,0
CR-2026-00017,ANON-TN-C7FC723087,2025-02-21 04:34:50,35,Mayiladuthurai,140,Mayiladuthurai North,346,Mayiladuthurai South Market,HEALTH_EMERGENCY,OPIOID_ANALOGUES,Anonymous observation reported near Mayiladuthurai South Market locality in Mayiladuthurai.,MOBILE_APP,UNVERIFIED,PROCESSED,DUP-GRP-310,MEDIUM,91,0
CR-2026-00018,ANON-TN-A1B13A8488,2026-03-14 13:07:56,23,Namakkal,92,Namakkal North,235,Namakkal West Market,HEALTH_EMERGENCY,SYNTHETIC_MDMA,Anonymous observation reported near Namakkal West Market locality in Namakkal.,TELEGRAM_BOT,UNVERIFIED,PROCESSED,DUP-GRP-365,LOW,70,0
CR-2026-00019,ANON-TN-88B58939F3,2024-11-01 09:49:32,13,Thoothukudi,52,Thoothukudi West,123,Thoothukudi North Market,REHAB_NEED,OPIOID_ANALOGUES,Anonymous observation reported near Thoothukudi North Market locality in Thoothukudi.,TELEGRAM_BOT,NEEDS_VERIFICATION,PROCESSED,DUP-GRP-110,HIGH,69,0
CR-2026-00020,ANON-TN-F70F8674F7,2025-11-01 22:09:57,4,Salem,15,Salem East,38,Salem East Market,REHAB_NEED,SYNTHETIC_MDMA,Anonymous observation reported near Salem East Market locality in Salem.,WEB_PORTAL,CORROBORATED,PROCESSED,DUP-GRP-2,MEDIUM,59,0
CR-2026-00021,ANON-TN-72D7A2E7A7,2026-05-03 12:58:31,31,Virudhunagar,122,Virudhunagar North,303,Virudhunagar South Market,SUSPECTED_DISTRIBUTION,SYNTHETIC_MDMA,Anonymous observation reported near Virudhunagar South Market locality in Virudhunagar.,WEB_PORTAL,UNVERIFIED,PROCESSED,DUP-GRP-235,HIGH,83,0
CR-2026-00022,ANON-TN-326A32F948,2025-02-12 13:32:36,23,Namakkal,95,Namakkal West,234,Namakkal West Sector A,COMMUNITY_CONCERN,OPIOID_ANALOGUES,Anonymous observation reported near Namakkal West Sector A locality in Namakkal.,TOLL_FREE_IVR,DISMISSED,PROCESSED,DUP-GRP-136,HIGH,72,1
CR-2026-00023,ANON-TN-36F4DF4E49,2026-04-02 12:05:11,37,Tirupathur,147,Tirupathur North,360,Tirupathur North Market,HEALTH_EMERGENCY,COMMERCIAL_GANJA,Anonymous observation reported near Tirupathur North Market locality in Tirupathur.,TELEGRAM_BOT,CORROBORATED,PROCESSED,DUP-GRP-64,MEDIUM,77,1
CR-2026-00024,ANON-TN-3E5E5B8349,2025-04-19 02:32:16,19,Cuddalore,79,Cuddalore Rural,189,Cuddalore South Market,HEALTH_EMERGENCY,COMMERCIAL_GANJA,Anonymous observation reported near Cuddalore South Market locality in Cuddalore.,TELEGRAM_BOT,UNVERIFIED,PROCESSED,DUP-GRP-174,LOW,79,0
CR-2026-00025,ANON-TN-BB0D1E15F8,2026-01-28 22:34:34,10,Krishnagiri,41,Krishnagiri West,100,Krishnagiri East Bypass Hub,REHAB_NEED,COMMERCIAL_GANJA,Anonymous observation reported near Krishnagiri East Bypass Hub locality in Krishnagiri.,TOLL_FREE_IVR,DISMISSED,PROCESSED,DUP-GRP-288,MEDIUM,78,1
CR-2026-00026,ANON-TN-E8B117307C,2024-12-30 23:28:03,9,Vellore,35,Vellore East,84,Vellore South Market,REHAB_NEED,SYNTHETIC_MDMA,Anonymous observation reported near Vellore South Market locality in Vellore.,WEB_PORTAL,DISMISSED,PROCESSED,DUP-GRP-327,LOW,90,0
CR-2026-00027,ANON-TN-B5643289F9,2024-12-31 23:44:01,26,Ariyalur,105,Ariyalur South,257,Ariyalur North Bypass Hub,HEALTH_EMERGENCY,SYNTHETIC_MDMA,Anonymous observation reported near Ariyalur North Bypass Hub locality in Ariyalur.,WEB_PORTAL,UNVERIFIED,PROCESSED,DUP-GRP-217,HIGH,89,0
CR-2026-00028,ANON-TN-6C700AB949,2025-09-08 13:57:45,10,Krishnagiri,41,Krishnagiri West,95,Krishnagiri North Bypass Hub,HEALTH_EMERGENCY,PRESCRIPTION_NARCOTICS,Anonymous observation reported near Krishnagiri North Bypass Hub locality in Krishnagiri.,MOBILE_APP,NEEDS_VERIFICATION,PROCESSED,DUP-GRP-106,MEDIUM,79,0
CR-2026-00029,ANON-TN-76C42B24A9,2025-03-20 09:28:42,5,Tiruchirappalli,20,Tiruchirappalli East,54,Tiruchirappalli Rural Market,REHAB_NEED,SYNTHETIC_MDMA,Anonymous observation reported near Tiruchirappalli Rural Market locality in Tiruchirappalli.,TOLL_FREE_IVR,NEEDS_VERIFICATION,PROCESSED,DUP-GRP-132,LOW,70,0
CR-2026-00030,ANON-TN-09F8BF3E7F,2024-10-22 07:00:18,36,Ranipet,145,Ranipet South,355,Ranipet South Sector A,HEALTH_EMERGENCY,UNKNOWN_CONTRABAND,Anonymous observation reported near Ranipet South Sector A locality in Ranipet.,TOLL_FREE_IVR,DISMISSED,PROCESSED,DUP-GRP-247,MEDIUM,59,1
CR-2026-00031,ANON-TN-70A5C513DA,2026-06-13 09:54:07,28,Pudukkottai,111,Pudukkottai North,276,Pudukkottai South Market,REHAB_NEED,COMMERCIAL_GANJA,Anonymous observation reported near Pudukkottai South Market locality in Pudukkottai.,TELEGRAM_BOT,NEEDS_VERIFICATION,PROCESSED,DUP-GRP-177,MEDIUM,78,0
CR-2026-00032,ANON-TN-E6B52CE106,2025-05-25 13:40:07,21,Kallakurichi,86,Kallakurichi West,215,Kallakurichi West Market,SUSPECTED_DISTRIBUTION,UNKNOWN_CONTRABAND,Anonymous observation reported near Kallakurichi West Market locality in Kallakurichi.,TELEGRAM_BOT,NEEDS_VERIFICATION,PROCESSED,DUP-GRP-349,LOW,80,0
CR-2026-00033,ANON-TN-DCC6A604BA,2025-09-28 09:19:08,2,Coimbatore,7,Coimbatore South,16,Coimbatore North Market,REHAB_NEED,COMMERCIAL_GANJA,Anonymous observation reported near Coimbatore North Market locality in Coimbatore.,TELEGRAM_BOT,NEEDS_VERIFICATION,PROCESSED,DUP-GRP-144,HIGH,56,1
CR-2026-00034,ANON-TN-0551A70032,2025-12-29 22:36:41,8,Erode,31,Erode East,79,Erode West Bypass Hub,SUSPECTED_DISTRIBUTION,CHEMICAL_PRECURSORS,Anonymous observation reported near Erode West Bypass Hub locality in Erode.,TOLL_FREE_IVR,NEEDS_VERIFICATION,PROCESSED,DUP-GRP-275,LOW,85,0
CR-2026-00035,ANON-TN-04C8C37637,2026-03-20 05:15:21,19,Cuddalore,78,Cuddalore West,196,Cuddalore West Bypass Hub,REHAB_NEED,CHEMICAL_PRECURSORS,Anonymous observation reported near Cuddalore West Bypass Hub locality in Cuddalore.,MOBILE_APP,NEEDS_VERIFICATION,PROCESSED,DUP-GRP-257,HIGH,71,0
CR-2026-00036,ANON-TN-0108B2732D,2025-09-30 23:00:28,6,Tirunelveli,25,Tirunelveli East,55,Tirunelveli North Sector A,COMMUNITY_CONCERN,UNKNOWN_CONTRABAND,Anonymous observation reported near Tirunelveli North Sector A locality in Tirunelveli.,TOLL_FREE_IVR,UNVERIFIED,PROCESSED,DUP-GRP-249,HIGH,56,0
CR-2026-00037,ANON-TN-0AA5A7B25A,2024-11-11 18:02:13,37,Tirupathur,147,Tirupathur North,359,Tirupathur North Sector A,SUSPECTED_DISTRIBUTION,COMMERCIAL_GANJA,Anonymous observation reported near Tirupathur North Sector A locality in Tirupathur.,WEB_PORTAL,NEEDS_VERIFICATION,PROCESSED,DUP-GRP-297,HIGH,91,0
CR-2026-00038,ANON-TN-B6CE268440,2026-01-26 10:37:18,33,Thiruvarur,133,Thiruvarur South,323,Thiruvarur North Sector A,SUSPECTED_DISTRIBUTION,CHEMICAL_PRECURSORS,Anonymous observation reported near Thiruvarur North Sector A locality in Thiruvarur.,WEB_PORTAL,DISMISSED,PROCESSED,DUP-GRP-371,HIGH,63,0
CR-2026-00039,ANON-TN-E1A48F7340,2026-01-11 03:43:43,16,Kancheepuram,63,Kancheepuram South,164,Kancheepuram Rural Market,COMMUNITY_CONCERN,SYNTHETIC_MDMA,Anonymous observation reported near Kancheepuram Rural Market locality in Kancheepuram.,TELEGRAM_BOT,DISMISSED,PROCESSED,DUP-GRP-372,MEDIUM,76,1
CR-2026-00040,ANON-TN-2E0170ADBA,2025-03-03 01:49:23,22,Dharmapuri,88,Dharmapuri North,226,Dharmapuri West Market,REHAB_NEED,COMMERCIAL_GANJA,Anonymous observation reported near Dharmapuri West Market locality in Dharmapuri.,MOBILE_APP,CORROBORATED,PROCESSED,DUP-GRP-55,LOW,60,0
CR-2026-00041,ANON-TN-C32D8DDA41,2026-02-03 19:36:52,15,Tenkasi,61,Tenkasi East,149,Tenkasi South Sector A,REHAB_NEED,CHEMICAL_PRECURSORS,Anonymous observation reported near Tenkasi South Sector A locality in Tenkasi.,MOBILE_APP,CORROBORATED,PROCESSED,DUP-GRP-379,MEDIUM,63,0
CR-2026-00042,ANON-TN-DB841CA845,2025-08-06 05:52:55,1,Chennai,3,Chennai East,5,Chennai South Market,HEALTH_EMERGENCY,PRESCRIPTION_NARCOTICS,Anonymous observation reported near Chennai South Market locality in Chennai.,TELEGRAM_BOT,NEEDS_VERIFICATION,PROCESSED,DUP-GRP-164,LOW,82,0
CR-2026-00043,ANON-TN-BDBD57079E,2025-08-06 06:59:15,27,Perambalur,110,Perambalur East,269,Perambalur South Bypass Hub,SUSPECTED_DISTRIBUTION,CHEMICAL_PRECURSORS,Anonymous observation reported near Perambalur South Bypass Hub locality in Perambalur.,WEB_PORTAL,NEEDS_VERIFICATION,PROCESSED,DUP-GRP-1,HIGH,57,0
CR-2026-00044,ANON-TN-DA33BF5600,2025-12-03 18:22:07,23,Namakkal,94,Namakkal East,228,Namakkal North Market,REHAB_NEED,SYNTHETIC_MDMA,Anonymous observation reported near Namakkal North Market locality in Namakkal.,WEB_PORTAL,UNVERIFIED,PROCESSED,DUP-GRP-359,HIGH,70,0
CR-2026-00045,ANON-TN-6DDF1D10B7,2026-06-29 00:05:28,2,Coimbatore,6,Coimbatore North,21,Coimbatore East Market,SUSPECTED_DISTRIBUTION,SYNTHETIC_MDMA,Anonymous observation reported near Coimbatore East Market locality in Coimbatore.,WEB_PORTAL,UNVERIFIED,PROCESSED,DUP-GRP-269,LOW,91,0
CR-2026-00046,ANON-TN-64554665A1,2025-09-21 17:24:16,35,Mayiladuthurai,143,Mayiladuthurai West,345,Mayiladuthurai South Sector A,COMMUNITY_CONCERN,PRESCRIPTION_NARCOTICS,Anonymous observation reported near Mayiladuthurai South Sector A locality in Mayiladuthurai.,WEB_PORTAL,UNVERIFIED,PROCESSED,DUP-GRP-341,MEDIUM,73,0
CR-2026-00047,ANON-TN-71558C256A,2025-02-26 08:29:54,3,Madurai,10,Madurai South,31,Madurai West Market,SUSPECTED_DISTRIBUTION,OPIOID_ANALOGUES,Anonymous observation reported near Madurai West Market locality in Madurai.,MOBILE_APP,UNVERIFIED,PROCESSED,DUP-GRP-127,HIGH,56,1
CR-2026-00048,ANON-TN-14F6B7E6BD,2025-03-14 23:40:35,38,Tiruvannamalai,152,Tiruvannamalai East,369,Tiruvannamalai South Market,REHAB_NEED,SYNTHETIC_MDMA,Anonymous observation reported near Tiruvannamalai South Market locality in Tiruvannamalai.,MOBILE_APP,NEEDS_VERIFICATION,PROCESSED,DUP-GRP-74,MEDIUM,89,1
CR-2026-00049,ANON-TN-094D8C578D,2024-09-19 11:39:09,34,Nagapattinam,136,Nagapattinam North,332,Nagapattinam North Sector A,REHAB_NEED,PRESCRIPTION_NARCOTICS,Anonymous observation reported near Nagapattinam North Sector A locality in Nagapattinam.,TOLL_FREE_IVR,NEEDS_VERIFICATION,PROCESSED,DUP-GRP-235,LOW,75,0
CR-2026-00050,ANON-TN-185C0EB293,2025-04-13 01:56:26,3,Madurai,10,Madurai South,28,Madurai East Market,HEALTH_EMERGENCY,OPIOID_ANALOGUES,Anonymous observation reported near Madurai East Market locality in Madurai.,TELEGRAM_BOT,CORROBORATED,PROCESSED,DUP-GRP-268,MEDIUM,70,0
CR-2026-00051,ANON-TN-473EC984E0,2025-12-12 10:15:04,33,Thiruvarur,133,Thiruvarur South,327,Thiruvarur East Sector A,SUSPECTED_DISTRIBUTION,SYNTHETIC_MDMA,Anonymous observation reported near Thiruvarur East Sector A locality in Thiruvarur.,WEB_PORTAL,CORROBORATED,PROCESSED,DUP-GRP-20,HIGH,58,0
CR-2026-00052,ANON-TN-4B134FC750,2026-02-26 15:17:28,30,Ramanathapuram,118,Ramanathapuram North,289,Ramanathapuram North Sector A,SUSPECTED_DISTRIBUTION,OPIOID_ANALOGUES,Anonymous observation reported near Ramanathapuram North Sector A locality in Ramanathapuram.,TELEGRAM_BOT,CORROBORATED,PROCESSED,DUP-GRP-232,LOW,72,0
CR-2026-00053,ANON-TN-7C8F34B830,2026-03-06 13:46:48,22,Dharmapuri,91,Dharmapuri West,225,Dharmapuri West Sector A,HEALTH_EMERGENCY,OPIOID_ANALOGUES,Anonymous observation reported near Dharmapuri West Sector A locality in Dharmapuri.,TOLL_FREE_IVR,DISMISSED,PROCESSED,DUP-GRP-162,MEDIUM,86,0
CR-2026-00054,ANON-TN-D382901FE1,2025-05-17 12:16:53,30,Ramanathapuram,118,Ramanathapuram North,299,Ramanathapuram West Bypass Hub,SUSPECTED_DISTRIBUTION,CHEMICAL_PRECURSORS,Anonymous observation reported near Ramanathapuram West Bypass Hub locality in Ramanathapuram.,WEB_PORTAL,NEEDS_VERIFICATION,PROCESSED,DUP-GRP-76,MEDIUM,64,0
CR-2026-00055,ANON-TN-612C1E195B,2026-08-09 16:48:59,10,Krishnagiri,39,Krishnagiri South,98,Krishnagiri East Sector A,COMMUNITY_CONCERN,CHEMICAL_PRECURSORS,Anonymous observation reported near Krishnagiri East Sector A locality in Krishnagiri.,WEB_PORTAL,CORROBORATED,PROCESSED,DUP-GRP-199,HIGH,80,1
CR-2026-00056,ANON-TN-1794435984,2026-06-15 20:35:42,5,Tiruchirappalli,18,Tiruchirappalli North,43,Tiruchirappalli North Sector A,REHAB_NEED,COMMERCIAL_GANJA,Anonymous observation reported near Tiruchirappalli North Sector A locality in Tiruchirappalli.,TOLL_FREE_IVR,DISMISSED,PROCESSED,DUP-GRP-332,HIGH,76,0
CR-2026-00057,ANON-TN-EEAA074752,2025-04-08 03:52:22,9,Vellore,37,Vellore Rural,82,Vellore North Bypass Hub,COMMUNITY_CONCERN,UNKNOWN_CONTRABAND,Anonymous observation reported near Vellore North Bypass Hub locality in Vellore.,TELEGRAM_BOT,CORROBORATED,PROCESSED,DUP-GRP-13,HIGH,62,0
CR-2026-00058,ANON-TN-103B8DB887,2026-02-07 06:51:43,5,Tiruchirappalli,21,Tiruchirappalli West,53,Tiruchirappalli Rural Sector A,COMMUNITY_CONCERN,COMMERCIAL_GANJA,Anonymous observation reported near Tiruchirappalli Rural Sector A locality in Tiruchirappalli.,TELEGRAM_BOT,DISMISSED,PROCESSED,DUP-GRP-139,MEDIUM,75,0
CR-2026-00059,ANON-TN-79AA25A9D0,2026-04-18 05:13:43,29,Sivaganga,116,Sivaganga East,284,Sivaganga South Bypass Hub,SUSPECTED_DISTRIBUTION,SYNTHETIC_MDMA,Anonymous observation reported near Sivaganga South Bypass Hub locality in Sivaganga.,TELEGRAM_BOT,NEEDS_VERIFICATION,PROCESSED,DUP-GRP-290,HIGH,89,0
CR-2026-00060,ANON-TN-2D1B61653B,2025-12-19 07:12:29,3,Madurai,12,Madurai West,24,Madurai South Sector A,HEALTH_EMERGENCY,CHEMICAL_PRECURSORS,Anonymous observation reported near Madurai South Sector A locality in Madurai.,TELEGRAM_BOT,CORROBORATED,PROCESSED,DUP-GRP-229,HIGH,62,0
CR-2026-00061,ANON-TN-98434CD04C,2026-05-13 19:19:49,1,Chennai,3,Chennai East,2,Chennai North Market,HEALTH_EMERGENCY,SYNTHETIC_MDMA,Anonymous observation reported near Chennai North Market locality in Chennai.,WEB_PORTAL,UNVERIFIED,PROCESSED,DUP-GRP-122,HIGH,88,0
CR-2026-00062,ANON-TN-E4D80B91D6,2025-06-02 22:20:01,37,Tirupathur,149,Tirupathur East,365,Tirupathur East Market,COMMUNITY_CONCERN,PRESCRIPTION_NARCOTICS,Anonymous observation reported near Tirupathur East Market locality in Tirupathur.,TELEGRAM_BOT,UNVERIFIED,PROCESSED,DUP-GRP-288,HIGH,84,0
CR-2026-00063,ANON-TN-578123B373,2026-02-22 09:26:40,12,Thanjavur,48,Thanjavur East,121,Thanjavur East Market,SUSPECTED_DISTRIBUTION,SYNTHETIC_MDMA,Anonymous observation reported near Thanjavur East Market locality in Thanjavur.,TOLL_FREE_IVR,UNVERIFIED,PROCESSED,DUP-GRP-312,MEDIUM,77,0
CR-2026-00064,ANON-TN-ECAEF22AA8,2025-03-12 18:07:46,2,Coimbatore,7,Coimbatore South,16,Coimbatore North Market,COMMUNITY_CONCERN,PRESCRIPTION_NARCOTICS,Anonymous observation reported near Coimbatore North Market locality in Coimbatore.,TOLL_FREE_IVR,UNVERIFIED,PROCESSED,DUP-GRP-368,LOW,68,0
CR-2026-00065,ANON-TN-66FE8EA500,2024-12-29 22:33:52,13,Thoothukudi,52,Thoothukudi West,128,Thoothukudi East Market,SUSPECTED_DISTRIBUTION,UNKNOWN_CONTRABAND,Anonymous observation reported near Thoothukudi East Market locality in Thoothukudi.,WEB_PORTAL,UNVERIFIED,PROCESSED,DUP-GRP-275,HIGH,71,0
CR-2026-00066,ANON-TN-C9867EA539,2024-11-16 18:18:40,31,Virudhunagar,124,Virudhunagar East,303,Virudhunagar South Market,REHAB_NEED,COMMERCIAL_GANJA,Anonymous observation reported near Virudhunagar South Market locality in Virudhunagar.,MOBILE_APP,UNVERIFIED,PROCESSED,DUP-GRP-316,MEDIUM,83,0
CR-2026-00067,ANON-TN-6AA6BAFA69,2026-08-02 21:49:07,38,Tiruvannamalai,150,Tiruvannamalai North,374,Tiruvannamalai West Market,HEALTH_EMERGENCY,COMMERCIAL_GANJA,Anonymous observation reported near Tiruvannamalai West Market locality in Tiruvannamalai.,MOBILE_APP,DISMISSED,PROCESSED,DUP-GRP-385,LOW,55,0
CR-2026-00068,ANON-TN-C5691D1D01,2026-06-03 09:38:29,33,Thiruvarur,134,Thiruvarur East,324,Thiruvarur North Market,COMMUNITY_CONCERN,CHEMICAL_PRECURSORS,Anonymous observation reported near Thiruvarur North Market locality in Thiruvarur.,TOLL_FREE_IVR,UNVERIFIED,PROCESSED,DUP-GRP-88,LOW,55,1
CR-2026-00069,ANON-TN-05184F5457,2024-10-18 13:40:31,18,Tiruvallur,74,Tiruvallur East,180,Tiruvallur South Market,SUSPECTED_DISTRIBUTION,SYNTHETIC_MDMA,Anonymous observation reported near Tiruvallur South Market locality in Tiruvallur.,MOBILE_APP,UNVERIFIED,PROCESSED,DUP-GRP-115,HIGH,75,0
CR-2026-00070,ANON-TN-C5A8C408C5,2024-09-20 13:49:24,29,Sivaganga,117,Sivaganga West,286,Sivaganga East Market,SUSPECTED_DISTRIBUTION,CHEMICAL_PRECURSORS,Anonymous observation reported near Sivaganga East Market locality in Sivaganga.,MOBILE_APP,UNVERIFIED,PROCESSED,DUP-GRP-365,MEDIUM,62,0
CR-2026-00071,ANON-TN-E4498250C3,2025-04-26 01:14:58,31,Virudhunagar,122,Virudhunagar North,306,Virudhunagar West Sector A,COMMUNITY_CONCERN,CHEMICAL_PRECURSORS,Anonymous observation reported near Virudhunagar West Sector A locality in Virudhunagar.,TOLL_FREE_IVR,CORROBORATED,PROCESSED,DUP-GRP-349,HIGH,79,0
CR-2026-00072,ANON-TN-B26AC8BB76,2026-06-05 23:14:51,4,Salem,14,Salem South,32,Salem North Sector A,SUSPECTED_DISTRIBUTION,SYNTHETIC_MDMA,Anonymous observation reported near Salem North Sector A locality in Salem.,WEB_PORTAL,UNVERIFIED,PROCESSED,DUP-GRP-231,HIGH,84,0
CR-2026-00073,ANON-TN-6276E252AD,2025-03-10 21:48:55,35,Mayiladuthurai,140,Mayiladuthurai North,348,Mayiladuthurai East Market,SUSPECTED_DISTRIBUTION,UNKNOWN_CONTRABAND,Anonymous observation reported near Mayiladuthurai East Market locality in Mayiladuthurai.,WEB_PORTAL,UNVERIFIED,PROCESSED,DUP-GRP-286,LOW,80,0
CR-2026-00074,ANON-TN-334CC93501,2025-02-22 12:13:45,7,Tiruppur,27,Tiruppur South,67,Tiruppur East Sector A,SUSPECTED_DISTRIBUTION,OPIOID_ANALOGUES,Anonymous observation reported near Tiruppur East Sector A locality in Tiruppur.,TELEGRAM_BOT,CORROBORATED,PROCESSED,DUP-GRP-310,MEDIUM,68,0
CR-2026-00075,ANON-TN-042813A62E,2025-04-03 11:39:24,4,Salem,16,Salem West,37,Salem East Sector A,COMMUNITY_CONCERN,SYNTHETIC_MDMA,Anonymous observation reported near Salem East Sector A locality in Salem.,WEB_PORTAL,DISMISSED,PROCESSED,DUP-GRP-183,HIGH,79,0
CR-2026-00076,ANON-TN-DD2390C0DC,2026-07-14 22:39:50,33,Thiruvarur,134,Thiruvarur East,328,Thiruvarur East Market,COMMUNITY_CONCERN,OPIOID_ANALOGUES,Anonymous observation reported near Thiruvarur East Market locality in Thiruvarur.,WEB_PORTAL,CORROBORATED,PROCESSED,DUP-GRP-320,MEDIUM,84,0
CR-2026-00077,ANON-TN-6A14F8D5F9,2025-06-22 03:48:23,6,Tirunelveli,24,Tirunelveli South,60,Tirunelveli East Sector A,HEALTH_EMERGENCY,COMMERCIAL_GANJA,Anonymous observation reported near Tirunelveli East Sector A locality in Tirunelveli.,MOBILE_APP,CORROBORATED,PROCESSED,DUP-GRP-188,MEDIUM,77,0
CR-2026-00078,ANON-TN-05592048C0,2025-09-23 02:25:31,7,Tiruppur,26,Tiruppur North,68,Tiruppur East Market,COMMUNITY_CONCERN,COMMERCIAL_GANJA,Anonymous observation reported near Tiruppur East Market locality in Tiruppur.,MOBILE_APP,UNVERIFIED,PROCESSED,DUP-GRP-375,LOW,82,0
CR-2026-00079,ANON-TN-2067949395,2025-02-18 00:52:31,5,Tiruchirappalli,22,Tiruchirappalli Rural,51,Tiruchirappalli West Sector A,SUSPECTED_DISTRIBUTION,PRESCRIPTION_NARCOTICS,Anonymous observation reported near Tiruchirappalli West Sector A locality in Tiruchirappalli.,WEB_PORTAL,DISMISSED,PROCESSED,DUP-GRP-202,HIGH,70,0
CR-2026-00080,ANON-TN-3AEC9152E6,2025-04-07 15:16:34,7,Tiruppur,26,Tiruppur North,65,Tiruppur South Sector A,SUSPECTED_DISTRIBUTION,PRESCRIPTION_NARCOTICS,Anonymous observation reported near Tiruppur South Sector A locality in Tiruppur.,WEB_PORTAL,DISMISSED,PROCESSED,DUP-GRP-292,HIGH,59,0
CR-2026-00081,ANON-TN-95208D4205,2024-11-09 08:05:30,18,Tiruvallur,73,Tiruvallur South,184,Tiruvallur East Bypass Hub,HEALTH_EMERGENCY,CHEMICAL_PRECURSORS,Anonymous observation reported near Tiruvallur East Bypass Hub locality in Tiruvallur.,WEB_PORTAL,DISMISSED,PROCESSED,DUP-GRP-115,HIGH,61,0
CR-2026-00082,ANON-TN-A7A2D641E3,2026-01-03 13:07:29,20,Viluppuram,80,Viluppuram North,200,Viluppuram North Sector A,REHAB_NEED,SYNTHETIC_MDMA,Anonymous observation reported near Viluppuram North Sector A locality in Viluppuram.,WEB_PORTAL,UNVERIFIED,PROCESSED,DUP-GRP-168,HIGH,67,0
CR-2026-00083,ANON-TN-B9EE924971,2026-06-10 08:08:05,8,Erode,29,Erode North,72,Erode South Sector A,HEALTH_EMERGENCY,COMMERCIAL_GANJA,Anonymous observation reported near Erode South Sector A locality in Erode.,TELEGRAM_BOT,DISMISSED,PROCESSED,DUP-GRP-59,LOW,88,0
CR-2026-00084,ANON-TN-6159D39516,2024-11-06 19:44:57,32,Theni,127,Theni North,319,Theni West Bypass Hub,HEALTH_EMERGENCY,OPIOID_ANALOGUES,Anonymous observation reported near Theni West Bypass Hub locality in Theni.,TOLL_FREE_IVR,NEEDS_VERIFICATION,PROCESSED,DUP-GRP-214,HIGH,66,0
CR-2026-00085,ANON-TN-6D33B308F2,2025-12-08 03:07:13,29,Sivaganga,115,Sivaganga South,285,Sivaganga East Sector A,REHAB_NEED,CHEMICAL_PRECURSORS,Anonymous observation reported near Sivaganga East Sector A locality in Sivaganga.,TELEGRAM_BOT,CORROBORATED,PROCESSED,DUP-GRP-298,HIGH,69,0
CR-2026-00086,ANON-TN-EA178A19B1,2024-12-24 02:14:51,16,Kancheepuram,66,Kancheepuram Rural,155,Kancheepuram North Market,SUSPECTED_DISTRIBUTION,OPIOID_ANALOGUES,Anonymous observation reported near Kancheepuram North Market locality in Kancheepuram.,TELEGRAM_BOT,DISMISSED,PROCESSED,DUP-GRP-201,HIGH,88,0
CR-2026-00087,ANON-TN-CF1702B127,2026-03-18 09:53:50,33,Thiruvarur,132,Thiruvarur North,331,Thiruvarur West Market,SUSPECTED_DISTRIBUTION,COMMERCIAL_GANJA,Anonymous observation reported near Thiruvarur West Market locality in Thiruvarur.,WEB_PORTAL,NEEDS_VERIFICATION,PROCESSED,DUP-GRP-344,LOW,65,1
CR-2026-00088,ANON-TN-C4EB8F3F61,2025-06-03 19:58:35,1,Chennai,1,Chennai North,3,Chennai North Bypass Hub,HEALTH_EMERGENCY,OPIOID_ANALOGUES,Anonymous observation reported near Chennai North Bypass Hub locality in Chennai.,TOLL_FREE_IVR,CORROBORATED,PROCESSED,DUP-GRP-120,LOW,55,0
CR-2026-00089,ANON-TN-FB08F9CD62,2026-08-09 03:55:48,4,Salem,13,Salem North,35,Salem South Sector A,HEALTH_EMERGENCY,COMMERCIAL_GANJA,Anonymous observation reported near Salem South Sector A locality in Salem.,WEB_PORTAL,NEEDS_VERIFICATION,PROCESSED,DUP-GRP-287,MEDIUM,58,0
CR-2026-00090,ANON-TN-0085C98280,2025-02-20 14:55:31,12,Thanjavur,47,Thanjavur South,117,Thanjavur North Bypass Hub,HEALTH_EMERGENCY,OPIOID_ANALOGUES,Anonymous observation reported near Thanjavur North Bypass Hub locality in Thanjavur.,WEB_PORTAL,CORROBORATED,PROCESSED,DUP-GRP-20,HIGH,86,0
CR-2026-00091,ANON-TN-5664C6F6F6,2025-12-08 07:59:43,9,Vellore,37,Vellore Rural,81,Vellore North Market,COMMUNITY_CONCERN,UNKNOWN_CONTRABAND,Anonymous observation reported near Vellore North Market locality in Vellore.,WEB_PORTAL,CORROBORATED,PROCESSED,DUP-GRP-120,MEDIUM,69,0
CR-2026-00092,ANON-TN-839F0E3351,2025-06-19 08:07:08,12,Thanjavur,47,Thanjavur South,118,Thanjavur South Sector A,REHAB_NEED,UNKNOWN_CONTRABAND,Anonymous observation reported near Thanjavur South Sector A locality in Thanjavur.,TOLL_FREE_IVR,NEEDS_VERIFICATION,PROCESSED,DUP-GRP-148,MEDIUM,60,0
CR-2026-00093,ANON-TN-4C19A7CC96,2025-08-09 19:38:27,23,Namakkal,94,Namakkal East,230,Namakkal South Market,COMMUNITY_CONCERN,COMMERCIAL_GANJA,Anonymous observation reported near Namakkal South Market locality in Namakkal.,TOLL_FREE_IVR,CORROBORATED,PROCESSED,DUP-GRP-39,LOW,85,0
CR-2026-00094,ANON-TN-41B60E33FA,2025-06-12 18:19:57,13,Thoothukudi,50,Thoothukudi South,125,Thoothukudi South Sector A,SUSPECTED_DISTRIBUTION,PRESCRIPTION_NARCOTICS,Anonymous observation reported near Thoothukudi South Sector A locality in Thoothukudi.,MOBILE_APP,UNVERIFIED,PROCESSED,DUP-GRP-243,LOW,57,0
CR-2026-00095,ANON-TN-F4053D8654,2025-10-28 15:55:20,36,Ranipet,146,Ranipet East,356,Ranipet South Market,REHAB_NEED,CHEMICAL_PRECURSORS,Anonymous observation reported near Ranipet South Market locality in Ranipet.,TELEGRAM_BOT,NEEDS_VERIFICATION,PROCESSED,DUP-GRP-242,MEDIUM,62,0
CR-2026-00096,ANON-TN-691F7AA406,2025-05-27 05:01:36,13,Thoothukudi,52,Thoothukudi West,126,Thoothukudi South Market,REHAB_NEED,PRESCRIPTION_NARCOTICS,Anonymous observation reported near Thoothukudi South Market locality in Thoothukudi.,TELEGRAM_BOT,CORROBORATED,PROCESSED,DUP-GRP-328,MEDIUM,66,0
CR-2026-00097,ANON-TN-8EE86E57C4,2024-10-04 23:35:35,28,Pudukkottai,113,Pudukkottai East,275,Pudukkottai South Sector A,COMMUNITY_CONCERN,SYNTHETIC_MDMA,Anonymous observation reported near Pudukkottai South Sector A locality in Pudukkottai.,WEB_PORTAL,UNVERIFIED,PROCESSED,DUP-GRP-216,LOW,66,0
CR-2026-00098,ANON-TN-0109BBAFF8,2025-11-16 17:25:08,32,Theni,129,Theni East,311,Theni North Market,COMMUNITY_CONCERN,SYNTHETIC_MDMA,Anonymous observation reported near Theni North Market locality in Theni.,TOLL_FREE_IVR,UNVERIFIED,PROCESSED,DUP-GRP-96,MEDIUM,92,0
CR-2026-00099,ANON-TN-DD4F024FEA,2025-07-20 14:27:34,5,Tiruchirappalli,18,Tiruchirappalli North,50,Tiruchirappalli East Bypass Hub,HEALTH_EMERGENCY,OPIOID_ANALOGUES,Anonymous observation reported near Tiruchirappalli East Bypass Hub locality in Tiruchirappalli.,TOLL_FREE_IVR,NEEDS_VERIFICATION,PROCESSED,DUP-GRP-45,HIGH,87,0
CR-2026-00100,ANON-TN-A4684DC3A9,2026-03-27 19:18:39,4,Salem,16,Salem West,39,Salem West Sector A,COMMUNITY_CONCERN,UNKNOWN_CONTRABAND,Anonymous observation reported near Salem West Sector A locality in Salem.,MOBILE_APP,UNVERIFIED,PROCESSED,DUP-GRP-133,HIGH,71,0
CR-2026-00101,ANON-TN-E1EF5CB20B,2026-06-17 19:21:12,22,Dharmapuri,90,Dharmapuri East,223,Dharmapuri East Sector A,HEALTH_EMERGENCY,SYNTHETIC_MDMA,Anonymous observation reported near Dharmapuri East Sector A locality in Dharmapuri.,WEB_PORTAL,UNVERIFIED,PROCESSED,DUP-GRP-31,HIGH,85,0
CR-2026-00102,ANON-TN-90DB54EF7C,2025-05-21 13:38:26,23,Namakkal,95,Namakkal West,229,Namakkal South Sector A,HEALTH_EMERGENCY,UNKNOWN_CONTRABAND,Anonymous observation reported near Namakkal South Sector A locality in Namakkal.,WEB_PORTAL,UNVERIFIED,PROCESSED,DUP-GRP-264,MEDIUM,74,0
CR-2026-00103,ANON-TN-1E23FBE6CC,2025-06-12 06:02:49,28,Pudukkottai,113,Pudukkottai East,273,Pudukkottai North Sector A,SUSPECTED_DISTRIBUTION,COMMERCIAL_GANJA,Anonymous observation reported near Pudukkottai North Sector A locality in Pudukkottai.,TOLL_FREE_IVR,CORROBORATED,PROCESSED,DUP-GRP-268,MEDIUM,80,1
CR-2026-00104,ANON-TN-56551D7350,2025-08-05 15:13:38,20,Viluppuram,80,Viluppuram North,201,Viluppuram North Market,HEALTH_EMERGENCY,PRESCRIPTION_NARCOTICS,Anonymous observation reported near Viluppuram North Market locality in Viluppuram.,TOLL_FREE_IVR,UNVERIFIED,PROCESSED,DUP-GRP-291,LOW,84,0
CR-2026-00105,ANON-TN-2B57D2EF8B,2026-05-02 03:00:54,19,Cuddalore,76,Cuddalore South,195,Cuddalore West Market,REHAB_NEED,SYNTHETIC_MDMA,Anonymous observation reported near Cuddalore West Market locality in Cuddalore.,TELEGRAM_BOT,UNVERIFIED,PROCESSED,DUP-GRP-185,LOW,64,0
CR-2026-00106,ANON-TN-AD280FFC3E,2025-08-16 10:24:45,20,Viluppuram,82,Viluppuram East,203,Viluppuram South Market,HEALTH_EMERGENCY,SYNTHETIC_MDMA,Anonymous observation reported near Viluppuram South Market locality in Viluppuram.,TOLL_FREE_IVR,UNVERIFIED,PROCESSED,DUP-GRP-109,MEDIUM,89,0
CR-2026-00107,ANON-TN-EF9D948A4C,2026-01-16 17:52:09,17,Chengalpattu,70,Chengalpattu West,169,Chengalpattu South Market,HEALTH_EMERGENCY,CHEMICAL_PRECURSORS,Anonymous observation reported near Chengalpattu South Market locality in Chengalpattu.,TOLL_FREE_IVR,CORROBORATED,PROCESSED,DUP-GRP-27,MEDIUM,83,0
CR-2026-00108,ANON-TN-1F97D2D90E,2024-11-01 05:33:06,33,Thiruvarur,135,Thiruvarur West,326,Thiruvarur South Market,COMMUNITY_CONCERN,CHEMICAL_PRECURSORS,Anonymous observation reported near Thiruvarur South Market locality in Thiruvarur.,TELEGRAM_BOT,DISMISSED,PROCESSED,DUP-GRP-12,HIGH,92,0
CR-2026-00109,ANON-TN-7278529391,2025-05-09 20:22:46,12,Thanjavur,48,Thanjavur East,120,Thanjavur East Sector A,REHAB_NEED,UNKNOWN_CONTRABAND,Anonymous observation reported near Thanjavur East Sector A locality in Thanjavur.,WEB_PORTAL,CORROBORATED,PROCESSED,DUP-GRP-135,HIGH,83,0
CR-2026-00110,ANON-TN-4F33FCAFD6,2026-08-19 08:07:33,7,Tiruppur,28,Tiruppur East,69,Tiruppur East Bypass Hub,HEALTH_EMERGENCY,COMMERCIAL_GANJA,Anonymous observation reported near Tiruppur East Bypass Hub locality in Tiruppur.,TELEGRAM_BOT,NEEDS_VERIFICATION,PROCESSED,DUP-GRP-323,HIGH,85,0
CR-2026-00111,ANON-TN-D3AAC25465,2025-07-06 20:32:31,19,Cuddalore,78,Cuddalore West,186,Cuddalore North Market,COMMUNITY_CONCERN,UNKNOWN_CONTRABAND,Anonymous observation reported near Cuddalore North Market locality in Cuddalore.,TELEGRAM_BOT,UNVERIFIED,PROCESSED,DUP-GRP-359,LOW,57,0
CR-2026-00112,ANON-TN-FCB52A3B0D,2025-05-22 08:06:29,1,Chennai,5,Chennai Rural,2,Chennai North Market,HEALTH_EMERGENCY,CHEMICAL_PRECURSORS,Anonymous observation reported near Chennai North Market locality in Chennai.,TELEGRAM_BOT,NEEDS_VERIFICATION,PROCESSED,DUP-GRP-354,MEDIUM,85,0
CR-2026-00113,ANON-TN-C89890A314,2026-03-06 19:15:12,6,Tirunelveli,23,Tirunelveli North,58,Tirunelveli South Market,REHAB_NEED,UNKNOWN_CONTRABAND,Anonymous observation reported near Tirunelveli South Market locality in Tirunelveli.,WEB_PORTAL,UNVERIFIED,PROCESSED,DUP-GRP-202,MEDIUM,80,0
CR-2026-00114,ANON-TN-643BAF90CC,2025-10-04 17:14:02,4,Salem,13,Salem North,39,Salem West Sector A,HEALTH_EMERGENCY,PRESCRIPTION_NARCOTICS,Anonymous observation reported near Salem West Sector A locality in Salem.,WEB_PORTAL,DISMISSED,PROCESSED,DUP-GRP-277,LOW,63,0
CR-2026-00115,ANON-TN-2412E2B20E,2025-08-18 22:00:57,28,Pudukkottai,111,Pudukkottai North,274,Pudukkottai North Market,REHAB_NEED,PRESCRIPTION_NARCOTICS,Anonymous observation reported near Pudukkottai North Market locality in Pudukkottai.,MOBILE_APP,UNVERIFIED,PROCESSED,DUP-GRP-38,MEDIUM,89,0
CR-2026-00116,ANON-TN-815C449DA9,2026-03-29 07:03:20,29,Sivaganga,117,Sivaganga West,279,Sivaganga North Sector A,SUSPECTED_DISTRIBUTION,UNKNOWN_CONTRABAND,Anonymous observation reported near Sivaganga North Sector A locality in Sivaganga.,TELEGRAM_BOT,CORROBORATED,PROCESSED,DUP-GRP-61,HIGH,70,0
CR-2026-00117,ANON-TN-AACDA73E21,2025-07-09 17:06:19,35,Mayiladuthurai,142,Mayiladuthurai East,349,Mayiladuthurai West Sector A,COMMUNITY_CONCERN,OPIOID_ANALOGUES,Anonymous observation reported near Mayiladuthurai West Sector A locality in Mayiladuthurai.,TOLL_FREE_IVR,CORROBORATED,PROCESSED,DUP-GRP-322,HIGH,89,0
CR-2026-00118,ANON-TN-CA502C145C,2026-05-25 03:32:20,22,Dharmapuri,88,Dharmapuri North,220,Dharmapuri North Market,HEALTH_EMERGENCY,COMMERCIAL_GANJA,Anonymous observation reported near Dharmapuri North Market locality in Dharmapuri.,TELEGRAM_BOT,CORROBORATED,PROCESSED,DUP-GRP-205,MEDIUM,66,0
CR-2026-00119,ANON-TN-E841D8981F,2025-04-16 08:15:23,24,Nilgiris,99,Nilgiris West,240,Nilgiris East Sector A,REHAB_NEED,SYNTHETIC_MDMA,Anonymous observation reported near Nilgiris East Sector A locality in Nilgiris.,TOLL_FREE_IVR,UNVERIFIED,PROCESSED,DUP-GRP-171,MEDIUM,92,0
CR-2026-00120,ANON-TN-0277FF8277,2026-04-03 13:01:08,29,Sivaganga,115,Sivaganga South,285,Sivaganga East Sector A,SUSPECTED_DISTRIBUTION,PRESCRIPTION_NARCOTICS,Anonymous observation reported near Sivaganga East Sector A locality in Sivaganga.,TELEGRAM_BOT,UNVERIFIED,PROCESSED,DUP-GRP-233,MEDIUM,71,0
CR-2026-00121,ANON-TN-2F8DDB153F,2025-07-20 04:33:43,33,Thiruvarur,133,Thiruvarur South,331,Thiruvarur West Market,HEALTH_EMERGENCY,UNKNOWN_CONTRABAND,Anonymous observation reported near Thiruvarur West Market locality in Thiruvarur.,TELEGRAM_BOT,CORROBORATED,PROCESSED,DUP-GRP-137,MEDIUM,74,0
CR-2026-00122,ANON-TN-E92B00DBA3,2025-05-09 09:14:06,17,Chengalpattu,68,Chengalpattu South,172,Chengalpattu East Market,SUSPECTED_DISTRIBUTION,UNKNOWN_CONTRABAND,Anonymous observation reported near Chengalpattu East Market locality in Chengalpattu.,TOLL_FREE_IVR,CORROBORATED,PROCESSED,DUP-GRP-242,MEDIUM,66,0
CR-2026-00123,ANON-TN-C4B9843166,2025-12-27 22:59:19,25,Karur,100,Karur North,250,Karur East Sector A,REHAB_NEED,COMMERCIAL_GANJA,Anonymous observation reported near Karur East Sector A locality in Karur.,TELEGRAM_BOT,UNVERIFIED,PROCESSED,DUP-GRP-335,LOW,67,0
CR-2026-00124,ANON-TN-9129F3356C,2025-04-09 09:10:25,27,Perambalur,109,Perambalur South,272,Perambalur East Bypass Hub,REHAB_NEED,OPIOID_ANALOGUES,Anonymous observation reported near Perambalur East Bypass Hub locality in Perambalur.,WEB_PORTAL,NEEDS_VERIFICATION,PROCESSED,DUP-GRP-228,HIGH,60,1
CR-2026-00125,ANON-TN-1F07E2347B,2025-08-05 07:53:56,30,Ramanathapuram,119,Ramanathapuram South,292,Ramanathapuram South Market,COMMUNITY_CONCERN,PRESCRIPTION_NARCOTICS,Anonymous observation reported near Ramanathapuram South Market locality in Ramanathapuram.,TOLL_FREE_IVR,CORROBORATED,PROCESSED,DUP-GRP-376,HIGH,73,0
CR-2026-00126,ANON-TN-ED0208938A,2025-06-21 01:40:55,29,Sivaganga,115,Sivaganga South,281,Sivaganga North Bypass Hub,COMMUNITY_CONCERN,PRESCRIPTION_NARCOTICS,Anonymous observation reported near Sivaganga North Bypass Hub locality in Sivaganga.,WEB_PORTAL,UNVERIFIED,PROCESSED,DUP-GRP-374,MEDIUM,92,0
CR-2026-00127,ANON-TN-6ECE07B885,2026-03-02 01:37:17,11,Dindigul,44,Dindigul South,112,Dindigul East Sector A,COMMUNITY_CONCERN,CHEMICAL_PRECURSORS,Anonymous observation reported near Dindigul East Sector A locality in Dindigul.,TELEGRAM_BOT,NEEDS_VERIFICATION,PROCESSED,DUP-GRP-16,MEDIUM,76,1
CR-2026-00128,ANON-TN-D10715802F,2024-10-21 07:00:01,22,Dharmapuri,89,Dharmapuri South,219,Dharmapuri North Sector A,REHAB_NEED,UNKNOWN_CONTRABAND,Anonymous observation reported near Dharmapuri North Sector A locality in Dharmapuri.,TOLL_FREE_IVR,CORROBORATED,PROCESSED,DUP-GRP-157,MEDIUM,87,0
CR-2026-00129,ANON-TN-6D2A5A5971,2024-11-10 18:08:39,12,Thanjavur,46,Thanjavur North,116,Thanjavur North Market,COMMUNITY_CONCERN,SYNTHETIC_MDMA,Anonymous observation reported near Thanjavur North Market locality in Thanjavur.,TOLL_FREE_IVR,DISMISSED,PROCESSED,DUP-GRP-43,MEDIUM,74,0
CR-2026-00130,ANON-TN-99BCB55DE8,2026-01-22 03:58:58,36,Ranipet,144,Ranipet North,353,Ranipet North Market,SUSPECTED_DISTRIBUTION,OPIOID_ANALOGUES,Anonymous observation reported near Ranipet North Market locality in Ranipet.,MOBILE_APP,UNVERIFIED,PROCESSED,DUP-GRP-61,MEDIUM,66,0
CR-2026-00131,ANON-TN-F7E8E585E5,2026-03-24 16:49:25,28,Pudukkottai,113,Pudukkottai East,277,Pudukkottai East Sector A,SUSPECTED_DISTRIBUTION,PRESCRIPTION_NARCOTICS,Anonymous observation reported near Pudukkottai East Sector A locality in Pudukkottai.,TOLL_FREE_IVR,DISMISSED,PROCESSED,DUP-GRP-168,MEDIUM,82,0
CR-2026-00132,ANON-TN-53E0745EC1,2024-11-15 20:57:13,28,Pudukkottai,111,Pudukkottai North,278,Pudukkottai East Market,HEALTH_EMERGENCY,OPIOID_ANALOGUES,Anonymous observation reported near Pudukkottai East Market locality in Pudukkottai.,TOLL_FREE_IVR,UNVERIFIED,PROCESSED,DUP-GRP-294,MEDIUM,75,0
CR-2026-00133,ANON-TN-E2F81D0FEE,2024-10-10 18:35:23,4,Salem,14,Salem South,36,Salem South Market,COMMUNITY_CONCERN,PRESCRIPTION_NARCOTICS,Anonymous observation reported near Salem South Market locality in Salem.,TELEGRAM_BOT,UNVERIFIED,PROCESSED,DUP-GRP-291,HIGH,66,0
CR-2026-00134,ANON-TN-9DEA521739,2024-10-05 04:32:07,16,Kancheepuram,66,Kancheepuram Rural,160,Kancheepuram West Sector A,SUSPECTED_DISTRIBUTION,SYNTHETIC_MDMA,Anonymous observation reported near Kancheepuram West Sector A locality in Kancheepuram.,TOLL_FREE_IVR,DISMISSED,PROCESSED,DUP-GRP-150,MEDIUM,87,0
CR-2026-00135,ANON-TN-C55F5BE338,2025-07-08 17:27:28,1,Chennai,5,Chennai Rural,7,Chennai East Sector A,REHAB_NEED,CHEMICAL_PRECURSORS,Anonymous observation reported near Chennai East Sector A locality in Chennai.,TOLL_FREE_IVR,NEEDS_VERIFICATION,PROCESSED,DUP-GRP-256,MEDIUM,64,1
CR-2026-00136,ANON-TN-569192D2CD,2026-03-15 11:10:47,5,Tiruchirappalli,21,Tiruchirappalli West,50,Tiruchirappalli East Bypass Hub,SUSPECTED_DISTRIBUTION,OPIOID_ANALOGUES,Anonymous observation reported near Tiruchirappalli East Bypass Hub locality in Tiruchirappalli.,MOBILE_APP,CORROBORATED,PROCESSED,DUP-GRP-367,LOW,60,1
CR-2026-00137,ANON-TN-C913C74771,2024-12-20 04:52:44,2,Coimbatore,6,Coimbatore North,17,Coimbatore North Bypass Hub,COMMUNITY_CONCERN,UNKNOWN_CONTRABAND,Anonymous observation reported near Coimbatore North Bypass Hub locality in Coimbatore.,TELEGRAM_BOT,UNVERIFIED,PROCESSED,DUP-GRP-376,LOW,90,0
CR-2026-00138,ANON-TN-7236E3161F,2025-03-20 02:18:03,10,Krishnagiri,38,Krishnagiri North,93,Krishnagiri North Sector A,REHAB_NEED,OPIOID_ANALOGUES,Anonymous observation reported near Krishnagiri North Sector A locality in Krishnagiri.,MOBILE_APP,UNVERIFIED,PROCESSED,DUP-GRP-168,MEDIUM,86,0
CR-2026-00139,ANON-TN-E96C0BD0C4,2026-07-17 21:07:39,1,Chennai,5,Chennai Rural,11,Chennai West Bypass Hub,SUSPECTED_DISTRIBUTION,SYNTHETIC_MDMA,Anonymous observation reported near Chennai West Bypass Hub locality in Chennai.,TOLL_FREE_IVR,DISMISSED,PROCESSED,DUP-GRP-58,HIGH,65,0
CR-2026-00140,ANON-TN-EC07177C10,2025-06-21 11:26:34,14,Kanniyakumari,57,Kanniyakumari West,144,Kanniyakumari Rural Sector A,SUSPECTED_DISTRIBUTION,SYNTHETIC_MDMA,Anonymous observation reported near Kanniyakumari Rural Sector A locality in Kanniyakumari.,MOBILE_APP,UNVERIFIED,PROCESSED,DUP-GRP-299,HIGH,88,0
CR-2026-00141,ANON-TN-B636451AB5,2025-01-02 22:46:57,28,Pudukkottai,113,Pudukkottai East,278,Pudukkottai East Market,COMMUNITY_CONCERN,SYNTHETIC_MDMA,Anonymous observation reported near Pudukkottai East Market locality in Pudukkottai.,TELEGRAM_BOT,DISMISSED,PROCESSED,DUP-GRP-242,HIGH,88,0
CR-2026-00142,ANON-TN-E3D8EAAA9B,2026-08-16 19:51:02,29,Sivaganga,115,Sivaganga South,287,Sivaganga West Sector A,HEALTH_EMERGENCY,CHEMICAL_PRECURSORS,Anonymous observation reported near Sivaganga West Sector A locality in Sivaganga.,WEB_PORTAL,DISMISSED,PROCESSED,DUP-GRP-128,MEDIUM,67,0
CR-2026-00143,ANON-TN-65758D042E,2025-03-11 00:33:29,16,Kancheepuram,63,Kancheepuram South,161,Kancheepuram West Market,HEALTH_EMERGENCY,CHEMICAL_PRECURSORS,Anonymous observation reported near Kancheepuram West Market locality in Kancheepuram.,WEB_PORTAL,DISMISSED,PROCESSED,DUP-GRP-26,LOW,69,0
CR-2026-00144,ANON-TN-296EDFA7C8,2024-09-24 18:50:59,23,Namakkal,95,Namakkal West,235,Namakkal West Market,REHAB_NEED,UNKNOWN_CONTRABAND,Anonymous observation reported near Namakkal West Market locality in Namakkal.,TOLL_FREE_IVR,DISMISSED,PROCESSED,DUP-GRP-245,HIGH,66,0
CR-2026-00145,ANON-TN-CFAB877AC2,2025-12-16 00:29:59,7,Tiruppur,28,Tiruppur East,69,Tiruppur East Bypass Hub,COMMUNITY_CONCERN,COMMERCIAL_GANJA,Anonymous observation reported near Tiruppur East Bypass Hub locality in Tiruppur.,MOBILE_APP,NEEDS_VERIFICATION,PROCESSED,DUP-GRP-3,MEDIUM,89,0
CR-2026-00146,ANON-TN-C37750E355,2026-01-31 08:42:16,30,Ramanathapuram,118,Ramanathapuram North,294,Ramanathapuram East Sector A,COMMUNITY_CONCERN,PRESCRIPTION_NARCOTICS,Anonymous observation reported near Ramanathapuram East Sector A locality in Ramanathapuram.,WEB_PORTAL,CORROBORATED,PROCESSED,DUP-GRP-216,HIGH,66,0
CR-2026-00147,ANON-TN-2B738B0EEF,2025-02-24 23:33:15,16,Kancheepuram,63,Kancheepuram South,159,Kancheepuram East Market,COMMUNITY_CONCERN,OPIOID_ANALOGUES,Anonymous observation reported near Kancheepuram East Market locality in Kancheepuram.,MOBILE_APP,UNVERIFIED,PROCESSED,DUP-GRP-55,LOW,91,0
CR-2026-00148,ANON-TN-2B0DCDAD49,2026-01-05 06:07:31,4,Salem,16,Salem West,36,Salem South Market,COMMUNITY_CONCERN,PRESCRIPTION_NARCOTICS,Anonymous observation reported near Salem South Market locality in Salem.,WEB_PORTAL,NEEDS_VERIFICATION,PROCESSED,DUP-GRP-307,LOW,81,0
CR-2026-00149,ANON-TN-9E50A429FC,2026-05-13 18:33:46,35,Mayiladuthurai,142,Mayiladuthurai East,345,Mayiladuthurai South Sector A,COMMUNITY_CONCERN,OPIOID_ANALOGUES,Anonymous observation reported near Mayiladuthurai South Sector A locality in Mayiladuthurai.,TELEGRAM_BOT,NEEDS_VERIFICATION,PROCESSED,DUP-GRP-205,HIGH,68,1
CR-2026-00150,ANON-TN-44FB02624A,2026-01-30 20:53:21,33,Thiruvarur,132,Thiruvarur North,330,Thiruvarur West Sector A,HEALTH_EMERGENCY,CHEMICAL_PRECURSORS,Anonymous observation reported near Thiruvarur West Sector A locality in Thiruvarur.,TELEGRAM_BOT,NEEDS_VERIFICATION,PROCESSED,DUP-GRP-39,HIGH,86,1
CR-2026-00151,ANON-TN-CEAB95507C,2026-05-21 13:20:57,19,Cuddalore,79,Cuddalore Rural,196,Cuddalore West Bypass Hub,REHAB_NEED,CHEMICAL_PRECURSORS,Anonymous observation reported near Cuddalore West Bypass Hub locality in Cuddalore.,MOBILE_APP,NEEDS_VERIFICATION,PROCESSED,DUP-GRP-106,MEDIUM,91,0
CR-2026-00152,ANON-TN-94E365EF68,2025-08-06 13:52:58,38,Tiruvannamalai,153,Tiruvannamalai West,374,Tiruvannamalai West Market,REHAB_NEED,UNKNOWN_CONTRABAND,Anonymous observation reported near Tiruvannamalai West Market locality in Tiruvannamalai.,MOBILE_APP,CORROBORATED,PROCESSED,DUP-GRP-63,MEDIUM,76,0
CR-2026-00153,ANON-TN-B477076791,2024-10-29 15:19:51,15,Tenkasi,61,Tenkasi East,153,Tenkasi East Bypass Hub,COMMUNITY_CONCERN,UNKNOWN_CONTRABAND,Anonymous observation reported near Tenkasi East Bypass Hub locality in Tenkasi.,MOBILE_APP,UNVERIFIED,PROCESSED,DUP-GRP-305,LOW,86,0
CR-2026-00154,ANON-TN-FBEB34BC43,2025-01-30 14:56:24,18,Tiruvallur,73,Tiruvallur South,183,Tiruvallur East Market,SUSPECTED_DISTRIBUTION,COMMERCIAL_GANJA,Anonymous observation reported near Tiruvallur East Market locality in Tiruvallur.,MOBILE_APP,CORROBORATED,PROCESSED,DUP-GRP-184,LOW,73,0
CR-2026-00155,ANON-TN-A9640046D7,2026-03-05 14:27:38,34,Nagapattinam,139,Nagapattinam West,337,Nagapattinam South Bypass Hub,HEALTH_EMERGENCY,CHEMICAL_PRECURSORS,Anonymous observation reported near Nagapattinam South Bypass Hub locality in Nagapattinam.,TOLL_FREE_IVR,DISMISSED,PROCESSED,DUP-GRP-275,LOW,70,0
CR-2026-00156,ANON-TN-CB2F64887B,2026-04-02 12:02:59,27,Perambalur,110,Perambalur East,266,Perambalur North Market,COMMUNITY_CONCERN,UNKNOWN_CONTRABAND,Anonymous observation reported near Perambalur North Market locality in Perambalur.,TELEGRAM_BOT,DISMISSED,PROCESSED,DUP-GRP-132,LOW,91,0
CR-2026-00157,ANON-TN-2091AC5A3C,2026-04-09 19:21:19,23,Namakkal,94,Namakkal East,230,Namakkal South Market,SUSPECTED_DISTRIBUTION,SYNTHETIC_MDMA,Anonymous observation reported near Namakkal South Market locality in Namakkal.,TOLL_FREE_IVR,DISMISSED,PROCESSED,DUP-GRP-62,HIGH,80,0
CR-2026-00158,ANON-TN-CE5A462091,2025-11-29 17:34:22,34,Nagapattinam,136,Nagapattinam North,339,Nagapattinam East Market,SUSPECTED_DISTRIBUTION,UNKNOWN_CONTRABAND,Anonymous observation reported near Nagapattinam East Market locality in Nagapattinam.,TOLL_FREE_IVR,UNVERIFIED,PROCESSED,DUP-GRP-49,MEDIUM,83,0
CR-2026-00159,ANON-TN-0772BACF09,2024-11-05 23:59:40,17,Chengalpattu,69,Chengalpattu East,169,Chengalpattu South Market,HEALTH_EMERGENCY,SYNTHETIC_MDMA,Anonymous observation reported near Chengalpattu South Market locality in Chengalpattu.,TELEGRAM_BOT,UNVERIFIED,PROCESSED,DUP-GRP-18,MEDIUM,65,0
CR-2026-00160,ANON-TN-D7DFC7CD8F,2024-12-18 02:21:16,21,Kallakurichi,87,Kallakurichi Rural,213,Kallakurichi East Bypass Hub,HEALTH_EMERGENCY,PRESCRIPTION_NARCOTICS,Anonymous observation reported near Kallakurichi East Bypass Hub locality in Kallakurichi.,TELEGRAM_BOT,UNVERIFIED,PROCESSED,DUP-GRP-190,MEDIUM,68,0
CR-2026-00161,ANON-TN-DEA8A465CE,2026-05-26 03:38:34,27,Perambalur,108,Perambalur North,267,Perambalur South Sector A,HEALTH_EMERGENCY,SYNTHETIC_MDMA,Anonymous observation reported near Perambalur South Sector A locality in Perambalur.,TELEGRAM_BOT,CORROBORATED,PROCESSED,DUP-GRP-80,MEDIUM,61,0
CR-2026-00162,ANON-TN-F41A692028,2025-08-26 11:23:47,19,Cuddalore,75,Cuddalore North,187,Cuddalore North Bypass Hub,HEALTH_EMERGENCY,CHEMICAL_PRECURSORS,Anonymous observation reported near Cuddalore North Bypass Hub locality in Cuddalore.,TOLL_FREE_IVR,NEEDS_VERIFICATION,PROCESSED,DUP-GRP-169,LOW,65,0
CR-2026-00163,ANON-TN-4C8B1D7072,2025-05-23 22:49:39,30,Ramanathapuram,119,Ramanathapuram South,298,Ramanathapuram West Market,SUSPECTED_DISTRIBUTION,UNKNOWN_CONTRABAND,Anonymous observation reported near Ramanathapuram West Market locality in Ramanathapuram.,TOLL_FREE_IVR,DISMISSED,PROCESSED,DUP-GRP-58,HIGH,63,0
CR-2026-00164,ANON-TN-84403CADF0,2025-09-29 19:38:21,9,Vellore,37,Vellore Rural,80,Vellore North Sector A,HEALTH_EMERGENCY,PRESCRIPTION_NARCOTICS,Anonymous observation reported near Vellore North Sector A locality in Vellore.,WEB_PORTAL,DISMISSED,PROCESSED,DUP-GRP-95,LOW,81,0
CR-2026-00165,ANON-TN-D226F8DFD8,2024-12-20 12:08:47,17,Chengalpattu,70,Chengalpattu West,169,Chengalpattu South Market,COMMUNITY_CONCERN,COMMERCIAL_GANJA,Anonymous observation reported near Chengalpattu South Market locality in Chengalpattu.,WEB_PORTAL,UNVERIFIED,PROCESSED,DUP-GRP-41,LOW,61,0
CR-2026-00166,ANON-TN-5F16B217B8,2026-03-21 21:07:58,38,Tiruvannamalai,151,Tiruvannamalai South,371,Tiruvannamalai East Market,SUSPECTED_DISTRIBUTION,COMMERCIAL_GANJA,Anonymous observation reported near Tiruvannamalai East Market locality in Tiruvannamalai.,MOBILE_APP,DISMISSED,PROCESSED,DUP-GRP-182,HIGH,80,0
CR-2026-00167,ANON-TN-93B9CFB854,2026-03-25 05:52:21,28,Pudukkottai,112,Pudukkottai South,274,Pudukkottai North Market,SUSPECTED_DISTRIBUTION,COMMERCIAL_GANJA,Anonymous observation reported near Pudukkottai North Market locality in Pudukkottai.,WEB_PORTAL,UNVERIFIED,PROCESSED,DUP-GRP-1,MEDIUM,72,0
CR-2026-00168,ANON-TN-D68E756209,2025-07-09 07:32:37,38,Tiruvannamalai,151,Tiruvannamalai South,373,Tiruvannamalai West Sector A,SUSPECTED_DISTRIBUTION,COMMERCIAL_GANJA,Anonymous observation reported near Tiruvannamalai West Sector A locality in Tiruvannamalai.,WEB_PORTAL,NEEDS_VERIFICATION,PROCESSED,DUP-GRP-167,MEDIUM,83,1
CR-2026-00169,ANON-TN-1DD594B135,2026-05-09 22:52:09,29,Sivaganga,117,Sivaganga West,286,Sivaganga East Market,COMMUNITY_CONCERN,PRESCRIPTION_NARCOTICS,Anonymous observation reported near Sivaganga East Market locality in Sivaganga.,TOLL_FREE_IVR,CORROBORATED,PROCESSED,DUP-GRP-162,MEDIUM,70,0
CR-2026-00170,ANON-TN-A061DC49B1,2025-07-05 22:28:17,22,Dharmapuri,90,Dharmapuri East,225,Dharmapuri West Sector A,HEALTH_EMERGENCY,OPIOID_ANALOGUES,Anonymous observation reported near Dharmapuri West Sector A locality in Dharmapuri.,WEB_PORTAL,UNVERIFIED,PROCESSED,DUP-GRP-146,MEDIUM,85,0
CR-2026-00171,ANON-TN-3A8A23597D,2025-12-30 11:38:29,17,Chengalpattu,69,Chengalpattu East,165,Chengalpattu North Sector A,SUSPECTED_DISTRIBUTION,UNKNOWN_CONTRABAND,Anonymous observation reported near Chengalpattu North Sector A locality in Chengalpattu.,TELEGRAM_BOT,NEEDS_VERIFICATION,PROCESSED,DUP-GRP-160,LOW,59,0
CR-2026-00172,ANON-TN-CEFE260606,2026-08-05 23:19:56,12,Thanjavur,46,Thanjavur North,120,Thanjavur East Sector A,REHAB_NEED,CHEMICAL_PRECURSORS,Anonymous observation reported near Thanjavur East Sector A locality in Thanjavur.,MOBILE_APP,NEEDS_VERIFICATION,PROCESSED,DUP-GRP-130,LOW,55,0
CR-2026-00173,ANON-TN-6F792128F2,2025-01-14 23:01:32,13,Thoothukudi,49,Thoothukudi North,128,Thoothukudi East Market,COMMUNITY_CONCERN,OPIOID_ANALOGUES,Anonymous observation reported near Thoothukudi East Market locality in Thoothukudi.,WEB_PORTAL,DISMISSED,PROCESSED,DUP-GRP-364,HIGH,66,1
CR-2026-00174,ANON-TN-7BCCF59DC4,2025-08-22 12:20:44,10,Krishnagiri,42,Krishnagiri Rural,94,Krishnagiri North Market,SUSPECTED_DISTRIBUTION,UNKNOWN_CONTRABAND,Anonymous observation reported near Krishnagiri North Market locality in Krishnagiri.,TELEGRAM_BOT,DISMISSED,PROCESSED,DUP-GRP-344,HIGH,78,0
CR-2026-00175,ANON-TN-6FBCC79479,2026-06-23 21:43:06,34,Nagapattinam,139,Nagapattinam West,335,Nagapattinam South Sector A,REHAB_NEED,PRESCRIPTION_NARCOTICS,Anonymous observation reported near Nagapattinam South Sector A locality in Nagapattinam.,MOBILE_APP,CORROBORATED,PROCESSED,DUP-GRP-96,HIGH,71,0
CR-2026-00176,ANON-TN-5881DA8FA7,2025-03-06 22:59:24,33,Thiruvarur,135,Thiruvarur West,329,Thiruvarur East Bypass Hub,REHAB_NEED,UNKNOWN_CONTRABAND,Anonymous observation reported near Thiruvarur East Bypass Hub locality in Thiruvarur.,TELEGRAM_BOT,CORROBORATED,PROCESSED,DUP-GRP-87,HIGH,83,1
CR-2026-00177,ANON-TN-AFDB5F7DB8,2025-10-20 19:00:26,30,Ramanathapuram,119,Ramanathapuram South,296,Ramanathapuram East Bypass Hub,SUSPECTED_DISTRIBUTION,SYNTHETIC_MDMA,Anonymous observation reported near Ramanathapuram East Bypass Hub locality in Ramanathapuram.,WEB_PORTAL,NEEDS_VERIFICATION,PROCESSED,DUP-GRP-196,HIGH,60,0
CR-2026-00178,ANON-TN-060CDC85CA,2026-07-18 20:20:39,32,Theni,131,Theni Rural,310,Theni North Sector A,REHAB_NEED,SYNTHETIC_MDMA,Anonymous observation reported near Theni North Sector A locality in Theni.,MOBILE_APP,CORROBORATED,PROCESSED,DUP-GRP-310,LOW,87,0
CR-2026-00179,ANON-TN-D31B90967A,2025-04-26 11:34:35,17,Chengalpattu,69,Chengalpattu East,169,Chengalpattu South Market,COMMUNITY_CONCERN,CHEMICAL_PRECURSORS,Anonymous observation reported near Chengalpattu South Market locality in Chengalpattu.,MOBILE_APP,UNVERIFIED,PROCESSED,DUP-GRP-129,LOW,92,0
CR-2026-00180,ANON-TN-E6CE22DDF0,2026-06-01 11:25:24,7,Tiruppur,27,Tiruppur South,65,Tiruppur South Sector A,HEALTH_EMERGENCY,UNKNOWN_CONTRABAND,Anonymous observation reported near Tiruppur South Sector A locality in Tiruppur.,MOBILE_APP,NEEDS_VERIFICATION,PROCESSED,DUP-GRP-217,LOW,89,0
CR-2026-00181,ANON-TN-1CC8C1F359,2026-05-30 01:21:18,35,Mayiladuthurai,141,Mayiladuthurai South,350,Mayiladuthurai West Market,SUSPECTED_DISTRIBUTION,OPIOID_ANALOGUES,Anonymous observation reported near Mayiladuthurai West Market locality in Mayiladuthurai.,TELEGRAM_BOT,UNVERIFIED,PROCESSED,DUP-GRP-119,HIGH,73,0
CR-2026-00182,ANON-TN-2FC8EEDFD0,2024-12-03 12:42:15,37,Tirupathur,149,Tirupathur East,363,Tirupathur South Bypass Hub,COMMUNITY_CONCERN,SYNTHETIC_MDMA,Anonymous observation reported near Tirupathur South Bypass Hub locality in Tirupathur.,MOBILE_APP,DISMISSED,PROCESSED,DUP-GRP-127,LOW,56,0
CR-2026-00183,ANON-TN-17E4CD0A91,2025-10-01 19:58:28,19,Cuddalore,78,Cuddalore West,191,Cuddalore East Sector A,COMMUNITY_CONCERN,COMMERCIAL_GANJA,Anonymous observation reported near Cuddalore East Sector A locality in Cuddalore.,WEB_PORTAL,NEEDS_VERIFICATION,PROCESSED,DUP-GRP-107,LOW,56,0
CR-2026-00184,ANON-TN-9F86C96C31,2026-03-21 02:33:48,37,Tirupathur,148,Tirupathur South,360,Tirupathur North Market,HEALTH_EMERGENCY,CHEMICAL_PRECURSORS,Anonymous observation reported near Tirupathur North Market locality in Tirupathur.,TELEGRAM_BOT,DISMISSED,PROCESSED,DUP-GRP-142,LOW,75,0
CR-2026-00185,ANON-TN-20B21DF901,2025-07-10 22:53:56,23,Namakkal,92,Namakkal North,228,Namakkal North Market,COMMUNITY_CONCERN,OPIOID_ANALOGUES,Anonymous observation reported near Namakkal North Market locality in Namakkal.,WEB_PORTAL,DISMISSED,PROCESSED,DUP-GRP-226,HIGH,72,1
CR-2026-00186,ANON-TN-90405607B9,2025-11-22 08:02:02,1,Chennai,1,Chennai North,12,Chennai Rural Sector A,COMMUNITY_CONCERN,PRESCRIPTION_NARCOTICS,Anonymous observation reported near Chennai Rural Sector A locality in Chennai.,TOLL_FREE_IVR,UNVERIFIED,PROCESSED,DUP-GRP-107,HIGH,67,0
CR-2026-00187,ANON-TN-CC103647D5,2025-12-09 09:36:09,10,Krishnagiri,42,Krishnagiri Rural,97,Krishnagiri South Market,SUSPECTED_DISTRIBUTION,CHEMICAL_PRECURSORS,Anonymous observation reported near Krishnagiri South Market locality in Krishnagiri.,MOBILE_APP,DISMISSED,PROCESSED,DUP-GRP-31,HIGH,68,0
CR-2026-00188,ANON-TN-4325699FD9,2025-11-04 02:07:32,4,Salem,15,Salem East,36,Salem South Market,COMMUNITY_CONCERN,PRESCRIPTION_NARCOTICS,Anonymous observation reported near Salem South Market locality in Salem.,TELEGRAM_BOT,CORROBORATED,PROCESSED,DUP-GRP-177,MEDIUM,83,0
CR-2026-00189,ANON-TN-B0B9A216FD,2026-01-02 05:56:29,24,Nilgiris,96,Nilgiris North,239,Nilgiris South Market,SUSPECTED_DISTRIBUTION,OPIOID_ANALOGUES,Anonymous observation reported near Nilgiris South Market locality in Nilgiris.,TOLL_FREE_IVR,NEEDS_VERIFICATION,PROCESSED,DUP-GRP-186,MEDIUM,77,0
CR-2026-00190,ANON-TN-9532AA1FA9,2025-05-13 17:08:48,12,Thanjavur,48,Thanjavur East,117,Thanjavur North Bypass Hub,SUSPECTED_DISTRIBUTION,CHEMICAL_PRECURSORS,Anonymous observation reported near Thanjavur North Bypass Hub locality in Thanjavur.,MOBILE_APP,UNVERIFIED,PROCESSED,DUP-GRP-369,LOW,86,1
CR-2026-00191,ANON-TN-AA58D7776E,2026-03-10 19:03:42,10,Krishnagiri,42,Krishnagiri Rural,97,Krishnagiri South Market,SUSPECTED_DISTRIBUTION,CHEMICAL_PRECURSORS,Anonymous observation reported near Krishnagiri South Market locality in Krishnagiri.,MOBILE_APP,UNVERIFIED,PROCESSED,DUP-GRP-45,HIGH,66,0
CR-2026-00192,ANON-TN-5047745092,2026-01-30 11:34:34,1,Chennai,2,Chennai South,7,Chennai East Sector A,REHAB_NEED,PRESCRIPTION_NARCOTICS,Anonymous observation reported near Chennai East Sector A locality in Chennai.,WEB_PORTAL,CORROBORATED,PROCESSED,DUP-GRP-156,MEDIUM,76,0
CR-2026-00193,ANON-TN-5E71773EC0,2024-12-07 16:59:55,19,Cuddalore,79,Cuddalore Rural,192,Cuddalore East Market,REHAB_NEED,CHEMICAL_PRECURSORS,Anonymous observation reported near Cuddalore East Market locality in Cuddalore.,MOBILE_APP,UNVERIFIED,PROCESSED,DUP-GRP-80,MEDIUM,76,0
CR-2026-00194,ANON-TN-6C128AF24B,2024-11-04 09:48:26,4,Salem,14,Salem South,40,Salem West Market,COMMUNITY_CONCERN,SYNTHETIC_MDMA,Anonymous observation reported near Salem West Market locality in Salem.,MOBILE_APP,UNVERIFIED,PROCESSED,DUP-GRP-297,LOW,58,0
CR-2026-00195,ANON-TN-2D01038D08,2025-01-02 14:44:53,19,Cuddalore,78,Cuddalore West,194,Cuddalore West Sector A,HEALTH_EMERGENCY,UNKNOWN_CONTRABAND,Anonymous observation reported near Cuddalore West Sector A locality in Cuddalore.,TELEGRAM_BOT,UNVERIFIED,PROCESSED,DUP-GRP-120,LOW,74,0
CR-2026-00196,ANON-TN-657567362B,2025-12-31 00:52:25,3,Madurai,12,Madurai West,26,Madurai South Bypass Hub,SUSPECTED_DISTRIBUTION,CHEMICAL_PRECURSORS,Anonymous observation reported near Madurai South Bypass Hub locality in Madurai.,WEB_PORTAL,NEEDS_VERIFICATION,PROCESSED,DUP-GRP-185,HIGH,73,0
CR-2026-00197,ANON-TN-D2E3BABBC4,2026-07-19 15:07:12,10,Krishnagiri,42,Krishnagiri Rural,103,Krishnagiri West Bypass Hub,HEALTH_EMERGENCY,UNKNOWN_CONTRABAND,Anonymous observation reported near Krishnagiri West Bypass Hub locality in Krishnagiri.,WEB_PORTAL,NEEDS_VERIFICATION,PROCESSED,DUP-GRP-326,LOW,83,0
CR-2026-00198,ANON-TN-CA72F3D8F0,2025-06-16 04:24:56,4,Salem,13,Salem North,40,Salem West Market,HEALTH_EMERGENCY,CHEMICAL_PRECURSORS,Anonymous observation reported near Salem West Market locality in Salem.,MOBILE_APP,UNVERIFIED,PROCESSED,DUP-GRP-397,HIGH,60,0
CR-2026-00199,ANON-TN-C2DC1625E9,2025-04-23 04:24:04,30,Ramanathapuram,121,Ramanathapuram West,293,Ramanathapuram South Bypass Hub,COMMUNITY_CONCERN,OPIOID_ANALOGUES,Anonymous observation reported near Ramanathapuram South Bypass Hub locality in Ramanathapuram.,TOLL_FREE_IVR,CORROBORATED,PROCESSED,DUP-GRP-11,MEDIUM,71,0
CR-2026-00200,ANON-TN-294394EC99,2025-05-20 00:04:23,19,Cuddalore,77,Cuddalore East,186,Cuddalore North Market,SUSPECTED_DISTRIBUTION,SYNTHETIC_MDMA,Anonymous observation reported near Cuddalore North Market locality in Cuddalore.,TELEGRAM_BOT,CORROBORATED,PROCESSED,DUP-GRP-392,HIGH,57,0
CR-2026-00201,ANON-TN-0953F0026E,2025-06-26 13:22:35,36,Ranipet,145,Ranipet South,354,Ranipet North Bypass Hub,REHAB_NEED,OPIOID_ANALOGUES,Anonymous observation reported near Ranipet North Bypass Hub locality in Ranipet.,TELEGRAM_BOT,UNVERIFIED,PROCESSED,DUP-GRP-132,MEDIUM,82,0
CR-2026-00202,ANON-TN-33B599EAE0,2025-12-01 23:11:24,1,Chennai,3,Chennai East,14,Chennai Rural Bypass Hub,REHAB_NEED,OPIOID_ANALOGUES,Anonymous observation reported near Chennai Rural Bypass Hub locality in Chennai.,TOLL_FREE_IVR,UNVERIFIED,PROCESSED,DUP-GRP-289,LOW,77,0
CR-2026-00203,ANON-TN-09DFBAB429,2025-02-11 23:19:47,11,Dindigul,43,Dindigul North,114,Dindigul East Bypass Hub,HEALTH_EMERGENCY,PRESCRIPTION_NARCOTICS,Anonymous observation reported near Dindigul East Bypass Hub locality in Dindigul.,TOLL_FREE_IVR,UNVERIFIED,PROCESSED,DUP-GRP-70,HIGH,71,0
CR-2026-00204,ANON-TN-598D3480DE,2025-06-18 00:24:05,19,Cuddalore,79,Cuddalore Rural,189,Cuddalore South Market,REHAB_NEED,COMMERCIAL_GANJA,Anonymous observation reported near Cuddalore South Market locality in Cuddalore.,TELEGRAM_BOT,UNVERIFIED,PROCESSED,DUP-GRP-384,LOW,60,0
CR-2026-00205,ANON-TN-3CA18F147D,2024-11-02 11:53:47,2,Coimbatore,6,Coimbatore North,18,Coimbatore South Sector A,REHAB_NEED,PRESCRIPTION_NARCOTICS,Anonymous observation reported near Coimbatore South Sector A locality in Coimbatore.,TELEGRAM_BOT,UNVERIFIED,PROCESSED,DUP-GRP-155,HIGH,92,0
CR-2026-00206,ANON-TN-6883B89E7E,2024-10-20 02:39:05,2,Coimbatore,8,Coimbatore East,21,Coimbatore East Market,COMMUNITY_CONCERN,SYNTHETIC_MDMA,Anonymous observation reported near Coimbatore East Market locality in Coimbatore.,TELEGRAM_BOT,UNVERIFIED,PROCESSED,DUP-GRP-89,MEDIUM,82,0
CR-2026-00207,ANON-TN-BBBF8B7FC2,2025-12-16 14:20:55,37,Tirupathur,148,Tirupathur South,362,Tirupathur South Market,SUSPECTED_DISTRIBUTION,COMMERCIAL_GANJA,Anonymous observation reported near Tirupathur South Market locality in Tirupathur.,WEB_PORTAL,DISMISSED,PROCESSED,DUP-GRP-289,MEDIUM,67,0
CR-2026-00208,ANON-TN-EAC0786AE1,2025-02-05 17:46:35,13,Thoothukudi,52,Thoothukudi West,126,Thoothukudi South Market,HEALTH_EMERGENCY,PRESCRIPTION_NARCOTICS,Anonymous observation reported near Thoothukudi South Market locality in Thoothukudi.,TOLL_FREE_IVR,NEEDS_VERIFICATION,PROCESSED,DUP-GRP-149,HIGH,87,1
CR-2026-00209,ANON-TN-02F68DE626,2025-08-30 11:43:03,35,Mayiladuthurai,142,Mayiladuthurai East,348,Mayiladuthurai East Market,SUSPECTED_DISTRIBUTION,SYNTHETIC_MDMA,Anonymous observation reported near Mayiladuthurai East Market locality in Mayiladuthurai.,WEB_PORTAL,NEEDS_VERIFICATION,PROCESSED,DUP-GRP-126,LOW,59,0
CR-2026-00210,ANON-TN-7827076052,2025-01-20 06:17:25,22,Dharmapuri,89,Dharmapuri South,223,Dharmapuri East Sector A,COMMUNITY_CONCERN,SYNTHETIC_MDMA,Anonymous observation reported near Dharmapuri East Sector A locality in Dharmapuri.,MOBILE_APP,DISMISSED,PROCESSED,DUP-GRP-15,LOW,91,0
CR-2026-00211,ANON-TN-8412D5BFB8,2025-07-03 12:30:59,35,Mayiladuthurai,142,Mayiladuthurai East,346,Mayiladuthurai South Market,HEALTH_EMERGENCY,CHEMICAL_PRECURSORS,Anonymous observation reported near Mayiladuthurai South Market locality in Mayiladuthurai.,MOBILE_APP,NEEDS_VERIFICATION,PROCESSED,DUP-GRP-120,HIGH,78,0
CR-2026-00212,ANON-TN-D4DDD4169F,2025-08-14 21:48:20,20,Viluppuram,80,Viluppuram North,205,Viluppuram East Market,SUSPECTED_DISTRIBUTION,UNKNOWN_CONTRABAND,Anonymous observation reported near Viluppuram East Market locality in Viluppuram.,TOLL_FREE_IVR,CORROBORATED,PROCESSED,DUP-GRP-292,LOW,61,1
CR-2026-00213,ANON-TN-476AB1E119,2025-12-31 08:46:02,17,Chengalpattu,67,Chengalpattu North,165,Chengalpattu North Sector A,HEALTH_EMERGENCY,OPIOID_ANALOGUES,Anonymous observation reported near Chengalpattu North Sector A locality in Chengalpattu.,WEB_PORTAL,CORROBORATED,PROCESSED,DUP-GRP-4,MEDIUM,92,0
CR-2026-00214,ANON-TN-FB811151DE,2026-02-26 06:54:53,8,Erode,30,Erode South,73,Erode South Market,REHAB_NEED,COMMERCIAL_GANJA,Anonymous observation reported near Erode South Market locality in Erode.,MOBILE_APP,DISMISSED,PROCESSED,DUP-GRP-67,HIGH,72,0
CR-2026-00215,ANON-TN-D4A3D9DC8A,2026-01-05 12:39:40,13,Thoothukudi,53,Thoothukudi Rural,132,Thoothukudi Rural Market,REHAB_NEED,SYNTHETIC_MDMA,Anonymous observation reported near Thoothukudi Rural Market locality in Thoothukudi.,TOLL_FREE_IVR,DISMISSED,PROCESSED,DUP-GRP-183,MEDIUM,71,0
CR-2026-00216,ANON-TN-1A018436AD,2024-10-12 23:00:29,13,Thoothukudi,50,Thoothukudi South,126,Thoothukudi South Market,SUSPECTED_DISTRIBUTION,CHEMICAL_PRECURSORS,Anonymous observation reported near Thoothukudi South Market locality in Thoothukudi.,MOBILE_APP,DISMISSED,PROCESSED,DUP-GRP-305,MEDIUM,76,1
CR-2026-00217,ANON-TN-2691C48B0D,2025-01-31 13:50:13,34,Nagapattinam,136,Nagapattinam North,336,Nagapattinam South Market,SUSPECTED_DISTRIBUTION,CHEMICAL_PRECURSORS,Anonymous observation reported near Nagapattinam South Market locality in Nagapattinam.,TOLL_FREE_IVR,NEEDS_VERIFICATION,PROCESSED,DUP-GRP-208,MEDIUM,81,1
CR-2026-00218,ANON-TN-A2539B50C0,2026-01-29 16:22:49,28,Pudukkottai,112,Pudukkottai South,278,Pudukkottai East Market,REHAB_NEED,PRESCRIPTION_NARCOTICS,Anonymous observation reported near Pudukkottai East Market locality in Pudukkottai.,MOBILE_APP,CORROBORATED,PROCESSED,DUP-GRP-180,HIGH,78,0
CR-2026-00219,ANON-TN-29333C0BDB,2025-09-20 12:57:28,1,Chennai,2,Chennai South,14,Chennai Rural Bypass Hub,HEALTH_EMERGENCY,OPIOID_ANALOGUES,Anonymous observation reported near Chennai Rural Bypass Hub locality in Chennai.,TOLL_FREE_IVR,UNVERIFIED,PROCESSED,DUP-GRP-165,LOW,87,0
CR-2026-00220,ANON-TN-129098A992,2026-06-16 07:55:50,8,Erode,31,Erode East,73,Erode South Market,COMMUNITY_CONCERN,PRESCRIPTION_NARCOTICS,Anonymous observation reported near Erode South Market locality in Erode.,TELEGRAM_BOT,UNVERIFIED,PROCESSED,DUP-GRP-169,HIGH,65,0
CR-2026-00221,ANON-TN-7198B8480B,2025-11-20 10:21:30,7,Tiruppur,28,Tiruppur East,66,Tiruppur South Market,REHAB_NEED,UNKNOWN_CONTRABAND,Anonymous observation reported near Tiruppur South Market locality in Tiruppur.,MOBILE_APP,DISMISSED,PROCESSED,DUP-GRP-130,LOW,60,0
CR-2026-00222,ANON-TN-99FB7ABF93,2025-04-27 05:38:40,7,Tiruppur,28,Tiruppur East,63,Tiruppur North Sector A,SUSPECTED_DISTRIBUTION,CHEMICAL_PRECURSORS,Anonymous observation reported near Tiruppur North Sector A locality in Tiruppur.,TELEGRAM_BOT,NEEDS_VERIFICATION,PROCESSED,DUP-GRP-194,HIGH,78,0
CR-2026-00223,ANON-TN-6BD26239FA,2025-10-29 02:26:44,9,Vellore,36,Vellore West,90,Vellore Rural Sector A,SUSPECTED_DISTRIBUTION,PRESCRIPTION_NARCOTICS,Anonymous observation reported near Vellore Rural Sector A locality in Vellore.,WEB_PORTAL,UNVERIFIED,PROCESSED,DUP-GRP-148,MEDIUM,79,0
CR-2026-00224,ANON-TN-9F912D930B,2025-01-22 06:32:02,19,Cuddalore,79,Cuddalore Rural,185,Cuddalore North Sector A,REHAB_NEED,OPIOID_ANALOGUES,Anonymous observation reported near Cuddalore North Sector A locality in Cuddalore.,TOLL_FREE_IVR,CORROBORATED,PROCESSED,DUP-GRP-256,HIGH,77,1
CR-2026-00225,ANON-TN-FDD0044A5A,2026-03-25 10:11:18,5,Tiruchirappalli,18,Tiruchirappalli North,48,Tiruchirappalli East Sector A,REHAB_NEED,SYNTHETIC_MDMA,Anonymous observation reported near Tiruchirappalli East Sector A locality in Tiruchirappalli.,TELEGRAM_BOT,NEEDS_VERIFICATION,PROCESSED,DUP-GRP-350,HIGH,62,1
CR-2026-00226,ANON-TN-CB12ABA472,2026-03-09 20:52:49,20,Viluppuram,80,Viluppuram North,205,Viluppuram East Market,HEALTH_EMERGENCY,SYNTHETIC_MDMA,Anonymous observation reported near Viluppuram East Market locality in Viluppuram.,TOLL_FREE_IVR,UNVERIFIED,PROCESSED,DUP-GRP-204,MEDIUM,58,0
CR-2026-00227,ANON-TN-BE781114D7,2025-08-23 16:32:31,2,Coimbatore,8,Coimbatore East,20,Coimbatore East Sector A,COMMUNITY_CONCERN,COMMERCIAL_GANJA,Anonymous observation reported near Coimbatore East Sector A locality in Coimbatore.,TOLL_FREE_IVR,CORROBORATED,PROCESSED,DUP-GRP-142,HIGH,85,0
CR-2026-00228,ANON-TN-5C11E79B57,2025-04-04 20:35:42,12,Thanjavur,46,Thanjavur North,117,Thanjavur North Bypass Hub,REHAB_NEED,UNKNOWN_CONTRABAND,Anonymous observation reported near Thanjavur North Bypass Hub locality in Thanjavur.,TELEGRAM_BOT,DISMISSED,PROCESSED,DUP-GRP-205,HIGH,92,0
CR-2026-00229,ANON-TN-AA9EA267CB,2024-12-24 19:43:35,32,Theni,127,Theni North,322,Theni Rural Bypass Hub,REHAB_NEED,OPIOID_ANALOGUES,Anonymous observation reported near Theni Rural Bypass Hub locality in Theni.,MOBILE_APP,UNVERIFIED,PROCESSED,DUP-GRP-280,HIGH,90,0
CR-2026-00230,ANON-TN-9FFFFBCE28,2024-10-06 11:23:24,5,Tiruchirappalli,21,Tiruchirappalli West,53,Tiruchirappalli Rural Sector A,REHAB_NEED,SYNTHETIC_MDMA,Anonymous observation reported near Tiruchirappalli Rural Sector A locality in Tiruchirappalli.,WEB_PORTAL,NEEDS_VERIFICATION,PROCESSED,DUP-GRP-158,HIGH,85,1
CR-2026-00231,ANON-TN-7AB64318D2,2025-09-12 16:44:20,19,Cuddalore,76,Cuddalore South,199,Cuddalore Rural Bypass Hub,HEALTH_EMERGENCY,CHEMICAL_PRECURSORS,Anonymous observation reported near Cuddalore Rural Bypass Hub locality in Cuddalore.,WEB_PORTAL,NEEDS_VERIFICATION,PROCESSED,DUP-GRP-290,HIGH,71,0
CR-2026-00232,ANON-TN-806AD79D60,2024-09-23 21:56:09,12,Thanjavur,47,Thanjavur South,117,Thanjavur North Bypass Hub,SUSPECTED_DISTRIBUTION,CHEMICAL_PRECURSORS,Anonymous observation reported near Thanjavur North Bypass Hub locality in Thanjavur.,TELEGRAM_BOT,DISMISSED,PROCESSED,DUP-GRP-323,HIGH,80,0
CR-2026-00233,ANON-TN-A1CD6DAD2D,2025-09-23 17:38:22,22,Dharmapuri,91,Dharmapuri West,223,Dharmapuri East Sector A,HEALTH_EMERGENCY,OPIOID_ANALOGUES,Anonymous observation reported near Dharmapuri East Sector A locality in Dharmapuri.,TELEGRAM_BOT,NEEDS_VERIFICATION,PROCESSED,DUP-GRP-270,HIGH,68,0
CR-2026-00234,ANON-TN-20BB262662,2026-04-07 21:01:49,5,Tiruchirappalli,18,Tiruchirappalli North,48,Tiruchirappalli East Sector A,REHAB_NEED,OPIOID_ANALOGUES,Anonymous observation reported near Tiruchirappalli East Sector A locality in Tiruchirappalli.,WEB_PORTAL,DISMISSED,PROCESSED,DUP-GRP-227,HIGH,79,1
CR-2026-00235,ANON-TN-671A570153,2025-09-17 07:31:33,1,Chennai,4,Chennai West,7,Chennai East Sector A,COMMUNITY_CONCERN,OPIOID_ANALOGUES,Anonymous observation reported near Chennai East Sector A locality in Chennai.,WEB_PORTAL,CORROBORATED,PROCESSED,DUP-GRP-131,MEDIUM,81,0
CR-2026-00236,ANON-TN-ED45A433AA,2026-05-07 16:33:18,19,Cuddalore,78,Cuddalore West,188,Cuddalore South Sector A,COMMUNITY_CONCERN,UNKNOWN_CONTRABAND,Anonymous observation reported near Cuddalore South Sector A locality in Cuddalore.,TELEGRAM_BOT,CORROBORATED,PROCESSED,DUP-GRP-322,LOW,63,1
CR-2026-00237,ANON-TN-50D2FB78AE,2025-09-02 14:51:47,19,Cuddalore,78,Cuddalore West,185,Cuddalore North Sector A,HEALTH_EMERGENCY,PRESCRIPTION_NARCOTICS,Anonymous observation reported near Cuddalore North Sector A locality in Cuddalore.,MOBILE_APP,NEEDS_VERIFICATION,PROCESSED,DUP-GRP-351,HIGH,86,0
CR-2026-00238,ANON-TN-AA88AAB36C,2026-06-28 13:19:44,9,Vellore,34,Vellore South,83,Vellore South Sector A,REHAB_NEED,UNKNOWN_CONTRABAND,Anonymous observation reported near Vellore South Sector A locality in Vellore.,TELEGRAM_BOT,UNVERIFIED,PROCESSED,DUP-GRP-230,MEDIUM,81,0
CR-2026-00239,ANON-TN-521CEF1977,2026-07-28 06:04:39,26,Ariyalur,105,Ariyalur South,262,Ariyalur East Market,COMMUNITY_CONCERN,UNKNOWN_CONTRABAND,Anonymous observation reported near Ariyalur East Market locality in Ariyalur.,WEB_PORTAL,NEEDS_VERIFICATION,PROCESSED,DUP-GRP-177,LOW,59,0
CR-2026-00240,ANON-TN-FBBAD68FEC,2024-12-27 10:55:02,31,Virudhunagar,124,Virudhunagar East,303,Virudhunagar South Market,HEALTH_EMERGENCY,SYNTHETIC_MDMA,Anonymous observation reported near Virudhunagar South Market locality in Virudhunagar.,TELEGRAM_BOT,UNVERIFIED,PROCESSED,DUP-GRP-190,MEDIUM,88,1
CR-2026-00241,ANON-TN-97F0A74C3E,2026-02-06 08:56:17,18,Tiruvallur,73,Tiruvallur South,180,Tiruvallur South Market,SUSPECTED_DISTRIBUTION,CHEMICAL_PRECURSORS,Anonymous observation reported near Tiruvallur South Market locality in Tiruvallur.,TOLL_FREE_IVR,CORROBORATED,PROCESSED,DUP-GRP-306,LOW,83,0
CR-2026-00242,ANON-TN-AC9D56EC69,2024-12-16 19:11:53,10,Krishnagiri,39,Krishnagiri South,94,Krishnagiri North Market,SUSPECTED_DISTRIBUTION,COMMERCIAL_GANJA,Anonymous observation reported near Krishnagiri North Market locality in Krishnagiri.,TOLL_FREE_IVR,DISMISSED,PROCESSED,DUP-GRP-262,LOW,70,1
CR-2026-00243,ANON-TN-C2A040C665,2026-02-11 07:02:59,21,Kallakurichi,85,Kallakurichi East,218,Kallakurichi Rural Bypass Hub,COMMUNITY_CONCERN,SYNTHETIC_MDMA,Anonymous observation reported near Kallakurichi Rural Bypass Hub locality in Kallakurichi.,WEB_PORTAL,CORROBORATED,PROCESSED,DUP-GRP-187,HIGH,60,1
CR-2026-00244,ANON-TN-8195DF0F53,2025-09-27 20:52:45,9,Vellore,33,Vellore North,91,Vellore Rural Market,HEALTH_EMERGENCY,CHEMICAL_PRECURSORS,Anonymous observation reported near Vellore Rural Market locality in Vellore.,TELEGRAM_BOT,UNVERIFIED,PROCESSED,DUP-GRP-36,HIGH,58,0
CR-2026-00245,ANON-TN-6305662677,2025-04-16 05:36:00,9,Vellore,37,Vellore Rural,86,Vellore East Sector A,COMMUNITY_CONCERN,PRESCRIPTION_NARCOTICS,Anonymous observation reported near Vellore East Sector A locality in Vellore.,TELEGRAM_BOT,DISMISSED,PROCESSED,DUP-GRP-285,LOW,80,1
CR-2026-00246,ANON-TN-F9B71C3473,2024-12-17 17:54:33,31,Virudhunagar,125,Virudhunagar West,308,Virudhunagar Rural Sector A,SUSPECTED_DISTRIBUTION,SYNTHETIC_MDMA,Anonymous observation reported near Virudhunagar Rural Sector A locality in Virudhunagar.,WEB_PORTAL,UNVERIFIED,PROCESSED,DUP-GRP-329,LOW,75,0
CR-2026-00247,ANON-TN-E153688F6E,2025-09-30 15:24:50,24,Nilgiris,97,Nilgiris South,241,Nilgiris East Market,SUSPECTED_DISTRIBUTION,COMMERCIAL_GANJA,Anonymous observation reported near Nilgiris East Market locality in Nilgiris.,WEB_PORTAL,DISMISSED,PROCESSED,DUP-GRP-184,LOW,60,0
CR-2026-00248,ANON-TN-F3FC9BC9D4,2026-03-04 14:09:51,29,Sivaganga,115,Sivaganga South,287,Sivaganga West Sector A,REHAB_NEED,COMMERCIAL_GANJA,Anonymous observation reported near Sivaganga West Sector A locality in Sivaganga.,TELEGRAM_BOT,DISMISSED,PROCESSED,DUP-GRP-112,LOW,73,0
CR-2026-00249,ANON-TN-CEF3B21851,2026-05-29 08:05:28,3,Madurai,9,Madurai North,23,Madurai North Market,SUSPECTED_DISTRIBUTION,UNKNOWN_CONTRABAND,Anonymous observation reported near Madurai North Market locality in Madurai.,MOBILE_APP,UNVERIFIED,PROCESSED,DUP-GRP-306,LOW,65,0
CR-2026-00250,ANON-TN-AC6C796CAC,2026-05-18 04:10:03,19,Cuddalore,76,Cuddalore South,197,Cuddalore Rural Sector A,SUSPECTED_DISTRIBUTION,OPIOID_ANALOGUES,Anonymous observation reported near Cuddalore Rural Sector A locality in Cuddalore.,TOLL_FREE_IVR,UNVERIFIED,PROCESSED,DUP-GRP-190,LOW,80,1
CR-2026-00251,ANON-TN-1898480EAE,2026-05-19 11:35:02,12,Thanjavur,48,Thanjavur East,117,Thanjavur North Bypass Hub,COMMUNITY_CONCERN,UNKNOWN_CONTRABAND,Anonymous observation reported near Thanjavur North Bypass Hub locality in Thanjavur.,TOLL_FREE_IVR,DISMISSED,PROCESSED,DUP-GRP-283,LOW,92,0
CR-2026-00252,ANON-TN-5A483F8208,2025-10-11 09:44:15,1,Chennai,3,Chennai East,13,Chennai Rural Market,REHAB_NEED,CHEMICAL_PRECURSORS,Anonymous observation reported near Chennai Rural Market locality in Chennai.,TELEGRAM_BOT,UNVERIFIED,PROCESSED,DUP-GRP-374,LOW,79,0
CR-2026-00253,ANON-TN-6A04964F2B,2025-09-05 10:56:34,3,Madurai,11,Madurai East,28,Madurai East Market,HEALTH_EMERGENCY,OPIOID_ANALOGUES,Anonymous observation reported near Madurai East Market locality in Madurai.,TOLL_FREE_IVR,DISMISSED,PROCESSED,DUP-GRP-269,LOW,89,0
CR-2026-00254,ANON-TN-781C4B917E,2024-12-01 19:49:14,20,Viluppuram,81,Viluppuram South,202,Viluppuram South Sector A,HEALTH_EMERGENCY,CHEMICAL_PRECURSORS,Anonymous observation reported near Viluppuram South Sector A locality in Viluppuram.,WEB_PORTAL,DISMISSED,PROCESSED,DUP-GRP-136,MEDIUM,59,0
CR-2026-00255,ANON-TN-7AE3572568,2026-04-18 19:42:01,13,Thoothukudi,49,Thoothukudi North,125,Thoothukudi South Sector A,HEALTH_EMERGENCY,UNKNOWN_CONTRABAND,Anonymous observation reported near Thoothukudi South Sector A locality in Thoothukudi.,TELEGRAM_BOT,DISMISSED,PROCESSED,DUP-GRP-12,LOW,55,0
CR-2026-00256,ANON-TN-B312AE99AF,2025-03-05 04:33:45,15,Tenkasi,59,Tenkasi North,151,Tenkasi East Sector A,SUSPECTED_DISTRIBUTION,UNKNOWN_CONTRABAND,Anonymous observation reported near Tenkasi East Sector A locality in Tenkasi.,WEB_PORTAL,NEEDS_VERIFICATION,PROCESSED,DUP-GRP-108,HIGH,63,0
CR-2026-00257,ANON-TN-D1889E2AD2,2025-09-18 14:11:15,23,Namakkal,92,Namakkal North,233,Namakkal East Market,HEALTH_EMERGENCY,UNKNOWN_CONTRABAND,Anonymous observation reported near Namakkal East Market locality in Namakkal.,TELEGRAM_BOT,UNVERIFIED,PROCESSED,DUP-GRP-369,HIGH,71,0
CR-2026-00258,ANON-TN-E6F2B57FC2,2025-09-24 21:00:10,32,Theni,127,Theni North,313,Theni South Market,REHAB_NEED,OPIOID_ANALOGUES,Anonymous observation reported near Theni South Market locality in Theni.,WEB_PORTAL,UNVERIFIED,PROCESSED,DUP-GRP-137,LOW,81,0
CR-2026-00259,ANON-TN-4067069ACE,2025-09-01 00:41:15,31,Virudhunagar,122,Virudhunagar North,307,Virudhunagar West Market,HEALTH_EMERGENCY,OPIOID_ANALOGUES,Anonymous observation reported near Virudhunagar West Market locality in Virudhunagar.,TOLL_FREE_IVR,NEEDS_VERIFICATION,PROCESSED,DUP-GRP-162,HIGH,91,1
CR-2026-00260,ANON-TN-4201838643,2026-06-06 15:21:58,29,Sivaganga,116,Sivaganga East,287,Sivaganga West Sector A,REHAB_NEED,UNKNOWN_CONTRABAND,Anonymous observation reported near Sivaganga West Sector A locality in Sivaganga.,WEB_PORTAL,CORROBORATED,PROCESSED,DUP-GRP-77,LOW,79,0
CR-2026-00261,ANON-TN-FA9B522864,2025-10-21 20:53:32,10,Krishnagiri,38,Krishnagiri North,101,Krishnagiri West Sector A,SUSPECTED_DISTRIBUTION,CHEMICAL_PRECURSORS,Anonymous observation reported near Krishnagiri West Sector A locality in Krishnagiri.,MOBILE_APP,UNVERIFIED,PROCESSED,DUP-GRP-277,MEDIUM,65,0
CR-2026-00262,ANON-TN-839E649CD8,2025-06-23 22:56:10,38,Tiruvannamalai,150,Tiruvannamalai North,372,Tiruvannamalai East Bypass Hub,SUSPECTED_DISTRIBUTION,PRESCRIPTION_NARCOTICS,Anonymous observation reported near Tiruvannamalai East Bypass Hub locality in Tiruvannamalai.,MOBILE_APP,DISMISSED,PROCESSED,DUP-GRP-109,MEDIUM,84,1
CR-2026-00263,ANON-TN-EDB212865D,2025-06-11 05:05:38,26,Ariyalur,104,Ariyalur North,263,Ariyalur West Sector A,SUSPECTED_DISTRIBUTION,UNKNOWN_CONTRABAND,Anonymous observation reported near Ariyalur West Sector A locality in Ariyalur.,TELEGRAM_BOT,CORROBORATED,PROCESSED,DUP-GRP-120,LOW,71,0
CR-2026-00264,ANON-TN-D1F390F429,2025-04-30 14:35:59,17,Chengalpattu,68,Chengalpattu South,172,Chengalpattu East Market,REHAB_NEED,CHEMICAL_PRECURSORS,Anonymous observation reported near Chengalpattu East Market locality in Chengalpattu.,WEB_PORTAL,UNVERIFIED,PROCESSED,DUP-GRP-99,MEDIUM,76,0
CR-2026-00265,ANON-TN-41FF7661D5,2025-07-14 19:30:24,33,Thiruvarur,133,Thiruvarur South,331,Thiruvarur West Market,COMMUNITY_CONCERN,CHEMICAL_PRECURSORS,Anonymous observation reported near Thiruvarur West Market locality in Thiruvarur.,TELEGRAM_BOT,NEEDS_VERIFICATION,PROCESSED,DUP-GRP-209,MEDIUM,57,0
CR-2026-00266,ANON-TN-15C43C453F,2026-06-07 03:43:52,35,Mayiladuthurai,141,Mayiladuthurai South,344,Mayiladuthurai North Market,SUSPECTED_DISTRIBUTION,UNKNOWN_CONTRABAND,Anonymous observation reported near Mayiladuthurai North Market locality in Mayiladuthurai.,TELEGRAM_BOT,NEEDS_VERIFICATION,PROCESSED,DUP-GRP-347,HIGH,65,0
CR-2026-00267,ANON-TN-3F853969E5,2026-05-16 10:23:05,20,Viluppuram,82,Viluppuram East,204,Viluppuram East Sector A,COMMUNITY_CONCERN,COMMERCIAL_GANJA,Anonymous observation reported near Viluppuram East Sector A locality in Viluppuram.,WEB_PORTAL,DISMISSED,PROCESSED,DUP-GRP-312,LOW,84,0
CR-2026-00268,ANON-TN-8DA3C5E030,2025-04-06 14:50:07,1,Chennai,2,Chennai South,8,Chennai East Market,SUSPECTED_DISTRIBUTION,COMMERCIAL_GANJA,Anonymous observation reported near Chennai East Market locality in Chennai.,MOBILE_APP,DISMISSED,PROCESSED,DUP-GRP-189,HIGH,83,0
CR-2026-00269,ANON-TN-557DD70F9A,2025-11-01 15:35:07,16,Kancheepuram,62,Kancheepuram North,155,Kancheepuram North Market,REHAB_NEED,CHEMICAL_PRECURSORS,Anonymous observation reported near Kancheepuram North Market locality in Kancheepuram.,WEB_PORTAL,CORROBORATED,PROCESSED,DUP-GRP-387,HIGH,80,0
CR-2026-00270,ANON-TN-AED4FC8FA4,2026-01-28 16:40:52,5,Tiruchirappalli,21,Tiruchirappalli West,45,Tiruchirappalli North Bypass Hub,HEALTH_EMERGENCY,OPIOID_ANALOGUES,Anonymous observation reported near Tiruchirappalli North Bypass Hub locality in Tiruchirappalli.,MOBILE_APP,CORROBORATED,PROCESSED,DUP-GRP-358,LOW,64,0
CR-2026-00271,ANON-TN-95D69E667D,2025-09-17 18:42:00,22,Dharmapuri,88,Dharmapuri North,222,Dharmapuri South Market,SUSPECTED_DISTRIBUTION,COMMERCIAL_GANJA,Anonymous observation reported near Dharmapuri South Market locality in Dharmapuri.,MOBILE_APP,CORROBORATED,PROCESSED,DUP-GRP-23,HIGH,55,0
CR-2026-00272,ANON-TN-B0849F71F1,2025-12-11 05:12:13,24,Nilgiris,98,Nilgiris East,236,Nilgiris North Sector A,COMMUNITY_CONCERN,CHEMICAL_PRECURSORS,Anonymous observation reported near Nilgiris North Sector A locality in Nilgiris.,WEB_PORTAL,UNVERIFIED,PROCESSED,DUP-GRP-40,HIGH,75,0
CR-2026-00273,ANON-TN-1F07B330FD,2026-02-25 21:16:26,27,Perambalur,109,Perambalur South,269,Perambalur South Bypass Hub,REHAB_NEED,UNKNOWN_CONTRABAND,Anonymous observation reported near Perambalur South Bypass Hub locality in Perambalur.,TOLL_FREE_IVR,CORROBORATED,PROCESSED,DUP-GRP-391,HIGH,84,0
CR-2026-00274,ANON-TN-E83F3F9578,2026-08-05 04:08:19,20,Viluppuram,80,Viluppuram North,204,Viluppuram East Sector A,SUSPECTED_DISTRIBUTION,COMMERCIAL_GANJA,Anonymous observation reported near Viluppuram East Sector A locality in Viluppuram.,TELEGRAM_BOT,CORROBORATED,PROCESSED,DUP-GRP-85,LOW,90,0
CR-2026-00275,ANON-TN-7DFAF302EB,2025-01-28 23:30:43,37,Tirupathur,148,Tirupathur South,365,Tirupathur East Market,COMMUNITY_CONCERN,CHEMICAL_PRECURSORS,Anonymous observation reported near Tirupathur East Market locality in Tirupathur.,MOBILE_APP,UNVERIFIED,PROCESSED,DUP-GRP-344,MEDIUM,92,0
CR-2026-00276,ANON-TN-481676AC0B,2026-07-10 01:22:17,2,Coimbatore,8,Coimbatore East,20,Coimbatore East Sector A,SUSPECTED_DISTRIBUTION,OPIOID_ANALOGUES,Anonymous observation reported near Coimbatore East Sector A locality in Coimbatore.,TOLL_FREE_IVR,CORROBORATED,PROCESSED,DUP-GRP-64,LOW,70,0
CR-2026-00277,ANON-TN-25AD1F1B16,2025-03-07 20:59:48,38,Tiruvannamalai,151,Tiruvannamalai South,374,Tiruvannamalai West Market,SUSPECTED_DISTRIBUTION,COMMERCIAL_GANJA,Anonymous observation reported near Tiruvannamalai West Market locality in Tiruvannamalai.,TOLL_FREE_IVR,DISMISSED,PROCESSED,DUP-GRP-21,HIGH,56,0
CR-2026-00278,ANON-TN-5B88510A0C,2025-07-31 21:04:28,12,Thanjavur,46,Thanjavur North,118,Thanjavur South Sector A,REHAB_NEED,CHEMICAL_PRECURSORS,Anonymous observation reported near Thanjavur South Sector A locality in Thanjavur.,WEB_PORTAL,UNVERIFIED,PROCESSED,DUP-GRP-342,MEDIUM,86,0
CR-2026-00279,ANON-TN-9AA1024C7F,2024-11-15 04:25:54,27,Perambalur,108,Perambalur North,271,Perambalur East Market,REHAB_NEED,CHEMICAL_PRECURSORS,Anonymous observation reported near Perambalur East Market locality in Perambalur.,TOLL_FREE_IVR,UNVERIFIED,PROCESSED,DUP-GRP-150,LOW,87,0
CR-2026-00280,ANON-TN-1A791F5CC6,2025-09-29 08:56:17,23,Namakkal,93,Namakkal South,233,Namakkal East Market,SUSPECTED_DISTRIBUTION,COMMERCIAL_GANJA,Anonymous observation reported near Namakkal East Market locality in Namakkal.,TOLL_FREE_IVR,NEEDS_VERIFICATION,PROCESSED,DUP-GRP-346,LOW,90,0
CR-2026-00281,ANON-TN-595A6C794B,2025-08-09 19:59:31,9,Vellore,37,Vellore Rural,86,Vellore East Sector A,REHAB_NEED,OPIOID_ANALOGUES,Anonymous observation reported near Vellore East Sector A locality in Vellore.,TELEGRAM_BOT,CORROBORATED,PROCESSED,DUP-GRP-146,LOW,70,0
CR-2026-00282,ANON-TN-B150B0DEEB,2025-05-16 14:54:39,29,Sivaganga,114,Sivaganga North,281,Sivaganga North Bypass Hub,SUSPECTED_DISTRIBUTION,COMMERCIAL_GANJA,Anonymous observation reported near Sivaganga North Bypass Hub locality in Sivaganga.,TOLL_FREE_IVR,UNVERIFIED,PROCESSED,DUP-GRP-198,MEDIUM,78,0
CR-2026-00283,ANON-TN-37F4EE7016,2025-12-01 12:56:04,10,Krishnagiri,38,Krishnagiri North,95,Krishnagiri North Bypass Hub,COMMUNITY_CONCERN,COMMERCIAL_GANJA,Anonymous observation reported near Krishnagiri North Bypass Hub locality in Krishnagiri.,WEB_PORTAL,UNVERIFIED,PROCESSED,DUP-GRP-250,HIGH,60,0
CR-2026-00284,ANON-TN-3E97750766,2026-06-02 04:24:49,10,Krishnagiri,38,Krishnagiri North,101,Krishnagiri West Sector A,HEALTH_EMERGENCY,UNKNOWN_CONTRABAND,Anonymous observation reported near Krishnagiri West Sector A locality in Krishnagiri.,MOBILE_APP,CORROBORATED,PROCESSED,DUP-GRP-224,MEDIUM,73,0
CR-2026-00285,ANON-TN-FB27316E2F,2024-10-27 20:13:33,22,Dharmapuri,91,Dharmapuri West,226,Dharmapuri West Market,COMMUNITY_CONCERN,SYNTHETIC_MDMA,Anonymous observation reported near Dharmapuri West Market locality in Dharmapuri.,TOLL_FREE_IVR,CORROBORATED,PROCESSED,DUP-GRP-400,HIGH,55,0
CR-2026-00286,ANON-TN-4BC1224CCE,2025-12-14 20:51:29,8,Erode,29,Erode North,75,Erode East Sector A,SUSPECTED_DISTRIBUTION,COMMERCIAL_GANJA,Anonymous observation reported near Erode East Sector A locality in Erode.,TOLL_FREE_IVR,DISMISSED,PROCESSED,DUP-GRP-4,MEDIUM,77,0
CR-2026-00287,ANON-TN-2A8DE9AB91,2026-05-08 09:32:52,26,Ariyalur,104,Ariyalur North,256,Ariyalur North Market,SUSPECTED_DISTRIBUTION,OPIOID_ANALOGUES,Anonymous observation reported near Ariyalur North Market locality in Ariyalur.,MOBILE_APP,DISMISSED,PROCESSED,DUP-GRP-181,MEDIUM,71,0
CR-2026-00288,ANON-TN-A4B847D43D,2025-05-30 10:59:35,19,Cuddalore,77,Cuddalore East,199,Cuddalore Rural Bypass Hub,SUSPECTED_DISTRIBUTION,PRESCRIPTION_NARCOTICS,Anonymous observation reported near Cuddalore Rural Bypass Hub locality in Cuddalore.,TOLL_FREE_IVR,UNVERIFIED,PROCESSED,DUP-GRP-47,MEDIUM,66,0
CR-2026-00289,ANON-TN-3710AACB7B,2025-05-01 03:36:57,18,Tiruvallur,73,Tiruvallur South,181,Tiruvallur South Bypass Hub,HEALTH_EMERGENCY,COMMERCIAL_GANJA,Anonymous observation reported near Tiruvallur South Bypass Hub locality in Tiruvallur.,TOLL_FREE_IVR,DISMISSED,PROCESSED,DUP-GRP-76,LOW,86,0
CR-2026-00290,ANON-TN-4406A25503,2025-12-11 22:22:12,5,Tiruchirappalli,19,Tiruchirappalli South,43,Tiruchirappalli North Sector A,REHAB_NEED,SYNTHETIC_MDMA,Anonymous observation reported near Tiruchirappalli North Sector A locality in Tiruchirappalli.,TELEGRAM_BOT,UNVERIFIED,PROCESSED,DUP-GRP-232,HIGH,60,0
CR-2026-00291,ANON-TN-C641B93227,2025-04-18 22:06:24,22,Dharmapuri,90,Dharmapuri East,225,Dharmapuri West Sector A,SUSPECTED_DISTRIBUTION,PRESCRIPTION_NARCOTICS,Anonymous observation reported near Dharmapuri West Sector A locality in Dharmapuri.,TELEGRAM_BOT,UNVERIFIED,PROCESSED,DUP-GRP-229,HIGH,70,1
CR-2026-00292,ANON-TN-048C1E75CB,2026-06-01 00:26:45,24,Nilgiris,97,Nilgiris South,244,Nilgiris West Market,COMMUNITY_CONCERN,UNKNOWN_CONTRABAND,Anonymous observation reported near Nilgiris West Market locality in Nilgiris.,WEB_PORTAL,DISMISSED,PROCESSED,DUP-GRP-160,LOW,76,0
CR-2026-00293,ANON-TN-03DC7D0C16,2026-07-31 09:13:59,26,Ariyalur,107,Ariyalur West,256,Ariyalur North Market,SUSPECTED_DISTRIBUTION,PRESCRIPTION_NARCOTICS,Anonymous observation reported near Ariyalur North Market locality in Ariyalur.,MOBILE_APP,CORROBORATED,PROCESSED,DUP-GRP-231,MEDIUM,85,0
CR-2026-00294,ANON-TN-A47B7D656C,2024-10-27 11:44:18,35,Mayiladuthurai,140,Mayiladuthurai North,349,Mayiladuthurai West Sector A,HEALTH_EMERGENCY,SYNTHETIC_MDMA,Anonymous observation reported near Mayiladuthurai West Sector A locality in Mayiladuthurai.,TELEGRAM_BOT,NEEDS_VERIFICATION,PROCESSED,DUP-GRP-45,HIGH,86,0
CR-2026-00295,ANON-TN-C30287673A,2026-02-01 16:53:41,24,Nilgiris,96,Nilgiris North,244,Nilgiris West Market,HEALTH_EMERGENCY,UNKNOWN_CONTRABAND,Anonymous observation reported near Nilgiris West Market locality in Nilgiris.,TELEGRAM_BOT,NEEDS_VERIFICATION,PROCESSED,DUP-GRP-278,LOW,70,0
CR-2026-00296,ANON-TN-E8347FA8E3,2025-03-01 13:02:21,2,Coimbatore,8,Coimbatore East,21,Coimbatore East Market,SUSPECTED_DISTRIBUTION,UNKNOWN_CONTRABAND,Anonymous observation reported near Coimbatore East Market locality in Coimbatore.,MOBILE_APP,DISMISSED,PROCESSED,DUP-GRP-378,MEDIUM,70,0
CR-2026-00297,ANON-TN-4A990F84C0,2025-01-03 02:15:13,31,Virudhunagar,126,Virudhunagar Rural,307,Virudhunagar West Market,SUSPECTED_DISTRIBUTION,CHEMICAL_PRECURSORS,Anonymous observation reported near Virudhunagar West Market locality in Virudhunagar.,WEB_PORTAL,CORROBORATED,PROCESSED,DUP-GRP-76,LOW,87,0
CR-2026-00298,ANON-TN-5ABEA54576,2025-04-25 08:03:51,10,Krishnagiri,38,Krishnagiri North,99,Krishnagiri East Market,REHAB_NEED,CHEMICAL_PRECURSORS,Anonymous observation reported near Krishnagiri East Market locality in Krishnagiri.,TELEGRAM_BOT,DISMISSED,PROCESSED,DUP-GRP-256,LOW,69,0
CR-2026-00299,ANON-TN-BD3C3830B6,2026-02-17 21:55:57,11,Dindigul,45,Dindigul East,114,Dindigul East Bypass Hub,REHAB_NEED,PRESCRIPTION_NARCOTICS,Anonymous observation reported near Dindigul East Bypass Hub locality in Dindigul.,WEB_PORTAL,NEEDS_VERIFICATION,PROCESSED,DUP-GRP-263,MEDIUM,59,1
CR-2026-00300,ANON-TN-057F22E04F,2026-04-18 23:31:42,22,Dharmapuri,89,Dharmapuri South,226,Dharmapuri West Market,REHAB_NEED,OPIOID_ANALOGUES,Anonymous observation reported near Dharmapuri West Market locality in Dharmapuri.,TOLL_FREE_IVR,UNVERIFIED,PROCESSED,DUP-GRP-222,HIGH,62,0
CR-2026-00301,ANON-TN-5422963DBB,2026-03-07 08:13:50,28,Pudukkottai,111,Pudukkottai North,278,Pudukkottai East Market,HEALTH_EMERGENCY,UNKNOWN_CONTRABAND,Anonymous observation reported near Pudukkottai East Market locality in Pudukkottai.,TOLL_FREE_IVR,CORROBORATED,PROCESSED,DUP-GRP-40,MEDIUM,57,0
CR-2026-00302,ANON-TN-F29F4F42E9,2026-05-26 19:24:19,17,Chengalpattu,69,Chengalpattu East,166,Chengalpattu North Market,HEALTH_EMERGENCY,SYNTHETIC_MDMA,Anonymous observation reported near Chengalpattu North Market locality in Chengalpattu.,MOBILE_APP,DISMISSED,PROCESSED,DUP-GRP-263,LOW,56,1
CR-2026-00303,ANON-TN-3B45F3C523,2025-01-13 21:13:32,28,Pudukkottai,113,Pudukkottai East,276,Pudukkottai South Market,HEALTH_EMERGENCY,UNKNOWN_CONTRABAND,Anonymous observation reported near Pudukkottai South Market locality in Pudukkottai.,MOBILE_APP,DISMISSED,PROCESSED,DUP-GRP-225,MEDIUM,91,0
CR-2026-00304,ANON-TN-FEA9BAF4BD,2024-10-24 09:09:08,27,Perambalur,109,Perambalur South,267,Perambalur South Sector A,SUSPECTED_DISTRIBUTION,OPIOID_ANALOGUES,Anonymous observation reported near Perambalur South Sector A locality in Perambalur.,TELEGRAM_BOT,NEEDS_VERIFICATION,PROCESSED,DUP-GRP-125,MEDIUM,89,0
CR-2026-00305,ANON-TN-609200BC01,2025-07-24 22:49:11,16,Kancheepuram,62,Kancheepuram North,159,Kancheepuram East Market,HEALTH_EMERGENCY,UNKNOWN_CONTRABAND,Anonymous observation reported near Kancheepuram East Market locality in Kancheepuram.,TOLL_FREE_IVR,DISMISSED,PROCESSED,DUP-GRP-132,LOW,66,0
CR-2026-00306,ANON-TN-8CB2F72447,2024-11-18 09:49:45,32,Theni,127,Theni North,311,Theni North Market,HEALTH_EMERGENCY,CHEMICAL_PRECURSORS,Anonymous observation reported near Theni North Market locality in Theni.,TELEGRAM_BOT,NEEDS_VERIFICATION,PROCESSED,DUP-GRP-390,HIGH,57,0
CR-2026-00307,ANON-TN-BF173805F1,2024-11-01 02:22:06,4,Salem,17,Salem Rural,33,Salem North Market,COMMUNITY_CONCERN,SYNTHETIC_MDMA,Anonymous observation reported near Salem North Market locality in Salem.,TOLL_FREE_IVR,CORROBORATED,PROCESSED,DUP-GRP-114,LOW,86,1
CR-2026-00308,ANON-TN-418BECC9F1,2024-11-22 01:54:17,15,Tenkasi,60,Tenkasi South,150,Tenkasi South Market,HEALTH_EMERGENCY,PRESCRIPTION_NARCOTICS,Anonymous observation reported near Tenkasi South Market locality in Tenkasi.,MOBILE_APP,CORROBORATED,PROCESSED,DUP-GRP-359,LOW,57,0
CR-2026-00309,ANON-TN-CCBD7D4F3F,2025-07-11 18:11:53,12,Thanjavur,47,Thanjavur South,116,Thanjavur North Market,SUSPECTED_DISTRIBUTION,PRESCRIPTION_NARCOTICS,Anonymous observation reported near Thanjavur North Market locality in Thanjavur.,TOLL_FREE_IVR,CORROBORATED,PROCESSED,DUP-GRP-3,MEDIUM,72,0
CR-2026-00310,ANON-TN-87878D6947,2026-05-03 20:21:37,9,Vellore,34,Vellore South,85,Vellore South Bypass Hub,REHAB_NEED,SYNTHETIC_MDMA,Anonymous observation reported near Vellore South Bypass Hub locality in Vellore.,WEB_PORTAL,UNVERIFIED,PROCESSED,DUP-GRP-139,HIGH,68,0
CR-2026-00311,ANON-TN-5774D5EB11,2025-05-21 12:43:40,7,Tiruppur,27,Tiruppur South,65,Tiruppur South Sector A,REHAB_NEED,CHEMICAL_PRECURSORS,Anonymous observation reported near Tiruppur South Sector A locality in Tiruppur.,TOLL_FREE_IVR,UNVERIFIED,PROCESSED,DUP-GRP-319,MEDIUM,69,0
CR-2026-00312,ANON-TN-E9056F938C,2025-04-26 03:55:06,34,Nagapattinam,136,Nagapattinam North,339,Nagapattinam East Market,SUSPECTED_DISTRIBUTION,SYNTHETIC_MDMA,Anonymous observation reported near Nagapattinam East Market locality in Nagapattinam.,TELEGRAM_BOT,NEEDS_VERIFICATION,PROCESSED,DUP-GRP-5,LOW,57,0
CR-2026-00313,ANON-TN-4680B360FE,2025-05-13 04:39:15,13,Thoothukudi,49,Thoothukudi North,123,Thoothukudi North Market,HEALTH_EMERGENCY,CHEMICAL_PRECURSORS,Anonymous observation reported near Thoothukudi North Market locality in Thoothukudi.,TOLL_FREE_IVR,UNVERIFIED,PROCESSED,DUP-GRP-282,HIGH,88,1
CR-2026-00314,ANON-TN-0ADEDA01BC,2025-10-21 17:08:02,3,Madurai,12,Madurai West,29,Madurai East Bypass Hub,SUSPECTED_DISTRIBUTION,SYNTHETIC_MDMA,Anonymous observation reported near Madurai East Bypass Hub locality in Madurai.,MOBILE_APP,UNVERIFIED,PROCESSED,DUP-GRP-158,HIGH,87,0
CR-2026-00315,ANON-TN-B819A15CB7,2025-03-16 16:44:38,9,Vellore,35,Vellore East,86,Vellore East Sector A,REHAB_NEED,OPIOID_ANALOGUES,Anonymous observation reported near Vellore East Sector A locality in Vellore.,TOLL_FREE_IVR,DISMISSED,PROCESSED,DUP-GRP-261,LOW,71,0
CR-2026-00316,ANON-TN-CB18CFDCAC,2025-04-11 23:15:31,25,Karur,102,Karur East,248,Karur South Sector A,REHAB_NEED,SYNTHETIC_MDMA,Anonymous observation reported near Karur South Sector A locality in Karur.,WEB_PORTAL,CORROBORATED,PROCESSED,DUP-GRP-387,LOW,69,0
CR-2026-00317,ANON-TN-81C6AB7458,2026-04-04 15:14:58,36,Ranipet,146,Ranipet East,354,Ranipet North Bypass Hub,REHAB_NEED,CHEMICAL_PRECURSORS,Anonymous observation reported near Ranipet North Bypass Hub locality in Ranipet.,MOBILE_APP,UNVERIFIED,PROCESSED,DUP-GRP-370,MEDIUM,90,0
CR-2026-00318,ANON-TN-5880DCFC24,2024-09-27 17:30:29,3,Madurai,10,Madurai South,23,Madurai North Market,HEALTH_EMERGENCY,UNKNOWN_CONTRABAND,Anonymous observation reported near Madurai North Market locality in Madurai.,MOBILE_APP,UNVERIFIED,PROCESSED,DUP-GRP-88,MEDIUM,91,0
CR-2026-00319,ANON-TN-3F392FEC31,2026-03-14 02:22:23,26,Ariyalur,107,Ariyalur West,257,Ariyalur North Bypass Hub,COMMUNITY_CONCERN,PRESCRIPTION_NARCOTICS,Anonymous observation reported near Ariyalur North Bypass Hub locality in Ariyalur.,TELEGRAM_BOT,CORROBORATED,PROCESSED,DUP-GRP-250,HIGH,75,0
CR-2026-00320,ANON-TN-CADA918416,2025-02-26 18:18:08,12,Thanjavur,48,Thanjavur East,121,Thanjavur East Market,REHAB_NEED,COMMERCIAL_GANJA,Anonymous observation reported near Thanjavur East Market locality in Thanjavur.,TOLL_FREE_IVR,NEEDS_VERIFICATION,PROCESSED,DUP-GRP-352,LOW,81,0
CR-2026-00321,ANON-TN-E0A1848BB0,2024-12-26 13:20:21,5,Tiruchirappalli,22,Tiruchirappalli Rural,43,Tiruchirappalli North Sector A,REHAB_NEED,OPIOID_ANALOGUES,Anonymous observation reported near Tiruchirappalli North Sector A locality in Tiruchirappalli.,TOLL_FREE_IVR,CORROBORATED,PROCESSED,DUP-GRP-372,HIGH,91,0
CR-2026-00322,ANON-TN-74D485A615,2025-04-23 15:52:12,27,Perambalur,109,Perambalur South,265,Perambalur North Sector A,REHAB_NEED,PRESCRIPTION_NARCOTICS,Anonymous observation reported near Perambalur North Sector A locality in Perambalur.,TOLL_FREE_IVR,NEEDS_VERIFICATION,PROCESSED,DUP-GRP-339,HIGH,83,1
CR-2026-00323,ANON-TN-967CE01EA0,2025-02-19 16:39:58,34,Nagapattinam,139,Nagapattinam West,332,Nagapattinam North Sector A,SUSPECTED_DISTRIBUTION,COMMERCIAL_GANJA,Anonymous observation reported near Nagapattinam North Sector A locality in Nagapattinam.,MOBILE_APP,NEEDS_VERIFICATION,PROCESSED,DUP-GRP-180,LOW,79,0
CR-2026-00324,ANON-TN-661007F46C,2026-04-25 17:38:58,11,Dindigul,45,Dindigul East,110,Dindigul South Sector A,HEALTH_EMERGENCY,UNKNOWN_CONTRABAND,Anonymous observation reported near Dindigul South Sector A locality in Dindigul.,MOBILE_APP,UNVERIFIED,PROCESSED,DUP-GRP-132,MEDIUM,56,0
CR-2026-00325,ANON-TN-EEF1777DA7,2025-07-09 21:37:47,4,Salem,17,Salem Rural,35,Salem South Sector A,REHAB_NEED,SYNTHETIC_MDMA,Anonymous observation reported near Salem South Sector A locality in Salem.,TELEGRAM_BOT,UNVERIFIED,PROCESSED,DUP-GRP-169,LOW,80,0
CR-2026-00326,ANON-TN-4790E90FEF,2025-04-18 19:20:10,25,Karur,103,Karur West,251,Karur East Market,HEALTH_EMERGENCY,PRESCRIPTION_NARCOTICS,Anonymous observation reported near Karur East Market locality in Karur.,TELEGRAM_BOT,UNVERIFIED,PROCESSED,DUP-GRP-198,MEDIUM,89,0
CR-2026-00327,ANON-TN-9B745D2EA7,2024-12-06 16:43:42,21,Kallakurichi,83,Kallakurichi North,216,Kallakurichi Rural Sector A,SUSPECTED_DISTRIBUTION,COMMERCIAL_GANJA,Anonymous observation reported near Kallakurichi Rural Sector A locality in Kallakurichi.,MOBILE_APP,DISMISSED,PROCESSED,DUP-GRP-255,MEDIUM,89,0
CR-2026-00328,ANON-TN-8F9F50FF97,2025-11-30 10:47:51,6,Tirunelveli,23,Tirunelveli North,62,Tirunelveli East Bypass Hub,COMMUNITY_CONCERN,CHEMICAL_PRECURSORS,Anonymous observation reported near Tirunelveli East Bypass Hub locality in Tirunelveli.,MOBILE_APP,UNVERIFIED,PROCESSED,DUP-GRP-398,HIGH,76,0
CR-2026-00329,ANON-TN-A2CCAC2B68,2025-08-25 02:12:54,10,Krishnagiri,39,Krishnagiri South,100,Krishnagiri East Bypass Hub,REHAB_NEED,COMMERCIAL_GANJA,Anonymous observation reported near Krishnagiri East Bypass Hub locality in Krishnagiri.,MOBILE_APP,UNVERIFIED,PROCESSED,DUP-GRP-356,LOW,72,0
CR-2026-00330,ANON-TN-3764180F01,2025-07-13 16:00:31,16,Kancheepuram,63,Kancheepuram South,154,Kancheepuram North Sector A,SUSPECTED_DISTRIBUTION,COMMERCIAL_GANJA,Anonymous observation reported near Kancheepuram North Sector A locality in Kancheepuram.,MOBILE_APP,CORROBORATED,PROCESSED,DUP-GRP-343,MEDIUM,70,0
CR-2026-00331,ANON-TN-A335C64502,2026-02-05 14:15:39,30,Ramanathapuram,119,Ramanathapuram South,292,Ramanathapuram South Market,COMMUNITY_CONCERN,SYNTHETIC_MDMA,Anonymous observation reported near Ramanathapuram South Market locality in Ramanathapuram.,TELEGRAM_BOT,NEEDS_VERIFICATION,PROCESSED,DUP-GRP-247,LOW,60,0
CR-2026-00332,ANON-TN-92FBCC64D6,2024-11-01 03:23:54,27,Perambalur,108,Perambalur North,270,Perambalur East Sector A,SUSPECTED_DISTRIBUTION,SYNTHETIC_MDMA,Anonymous observation reported near Perambalur East Sector A locality in Perambalur.,TOLL_FREE_IVR,UNVERIFIED,PROCESSED,DUP-GRP-87,LOW,81,1
CR-2026-00333,ANON-TN-C3B58F1264,2024-12-28 03:21:35,21,Kallakurichi,84,Kallakurichi South,217,Kallakurichi Rural Market,SUSPECTED_DISTRIBUTION,COMMERCIAL_GANJA,Anonymous observation reported near Kallakurichi Rural Market locality in Kallakurichi.,TOLL_FREE_IVR,CORROBORATED,PROCESSED,DUP-GRP-285,HIGH,81,1
CR-2026-00334,ANON-TN-827FE5734B,2025-08-15 23:01:36,34,Nagapattinam,137,Nagapattinam South,337,Nagapattinam South Bypass Hub,SUSPECTED_DISTRIBUTION,UNKNOWN_CONTRABAND,Anonymous observation reported near Nagapattinam South Bypass Hub locality in Nagapattinam.,TELEGRAM_BOT,UNVERIFIED,PROCESSED,DUP-GRP-248,LOW,64,0
CR-2026-00335,ANON-TN-1B209A6E20,2025-11-13 06:52:37,8,Erode,29,Erode North,76,Erode East Market,REHAB_NEED,PRESCRIPTION_NARCOTICS,Anonymous observation reported near Erode East Market locality in Erode.,WEB_PORTAL,NEEDS_VERIFICATION,PROCESSED,DUP-GRP-71,LOW,80,0
CR-2026-00336,ANON-TN-078246C5F8,2024-12-15 06:32:35,8,Erode,30,Erode South,74,Erode South Bypass Hub,HEALTH_EMERGENCY,CHEMICAL_PRECURSORS,Anonymous observation reported near Erode South Bypass Hub locality in Erode.,TELEGRAM_BOT,NEEDS_VERIFICATION,PROCESSED,DUP-GRP-63,HIGH,86,0
CR-2026-00337,ANON-TN-A0C430B287,2026-07-17 02:19:10,17,Chengalpattu,70,Chengalpattu West,170,Chengalpattu South Bypass Hub,SUSPECTED_DISTRIBUTION,UNKNOWN_CONTRABAND,Anonymous observation reported near Chengalpattu South Bypass Hub locality in Chengalpattu.,MOBILE_APP,NEEDS_VERIFICATION,PROCESSED,DUP-GRP-274,LOW,91,0
CR-2026-00338,ANON-TN-B06FD0BDA8,2025-06-28 08:24:40,6,Tirunelveli,23,Tirunelveli North,59,Tirunelveli South Bypass Hub,SUSPECTED_DISTRIBUTION,OPIOID_ANALOGUES,Anonymous observation reported near Tirunelveli South Bypass Hub locality in Tirunelveli.,MOBILE_APP,UNVERIFIED,PROCESSED,DUP-GRP-349,MEDIUM,84,0
CR-2026-00339,ANON-TN-F75AE3F4A8,2025-03-23 02:35:56,29,Sivaganga,115,Sivaganga South,280,Sivaganga North Market,HEALTH_EMERGENCY,CHEMICAL_PRECURSORS,Anonymous observation reported near Sivaganga North Market locality in Sivaganga.,TOLL_FREE_IVR,NEEDS_VERIFICATION,PROCESSED,DUP-GRP-222,LOW,71,0
CR-2026-00340,ANON-TN-D2F40FE8DA,2026-04-08 11:09:16,5,Tiruchirappalli,20,Tiruchirappalli East,50,Tiruchirappalli East Bypass Hub,SUSPECTED_DISTRIBUTION,OPIOID_ANALOGUES,Anonymous observation reported near Tiruchirappalli East Bypass Hub locality in Tiruchirappalli.,TOLL_FREE_IVR,UNVERIFIED,PROCESSED,DUP-GRP-156,LOW,90,0
CR-2026-00341,ANON-TN-6483ABE9A6,2025-02-05 02:05:04,12,Thanjavur,47,Thanjavur South,116,Thanjavur North Market,HEALTH_EMERGENCY,UNKNOWN_CONTRABAND,Anonymous observation reported near Thanjavur North Market locality in Thanjavur.,WEB_PORTAL,CORROBORATED,PROCESSED,DUP-GRP-27,LOW,88,0
CR-2026-00342,ANON-TN-2B627ED275,2026-04-17 16:42:28,9,Vellore,37,Vellore Rural,92,Vellore Rural Bypass Hub,COMMUNITY_CONCERN,SYNTHETIC_MDMA,Anonymous observation reported near Vellore Rural Bypass Hub locality in Vellore.,TELEGRAM_BOT,DISMISSED,PROCESSED,DUP-GRP-245,LOW,81,0
CR-2026-00343,ANON-TN-93211591F4,2024-10-03 16:26:40,25,Karur,102,Karur East,247,Karur North Bypass Hub,REHAB_NEED,PRESCRIPTION_NARCOTICS,Anonymous observation reported near Karur North Bypass Hub locality in Karur.,WEB_PORTAL,UNVERIFIED,PROCESSED,DUP-GRP-32,LOW,66,0
CR-2026-00344,ANON-TN-9166F943D2,2025-04-22 19:13:00,38,Tiruvannamalai,150,Tiruvannamalai North,374,Tiruvannamalai West Market,COMMUNITY_CONCERN,SYNTHETIC_MDMA,Anonymous observation reported near Tiruvannamalai West Market locality in Tiruvannamalai.,WEB_PORTAL,CORROBORATED,PROCESSED,DUP-GRP-193,HIGH,73,0
CR-2026-00345,ANON-TN-709FC5C9C8,2024-12-12 17:58:11,3,Madurai,11,Madurai East,29,Madurai East Bypass Hub,HEALTH_EMERGENCY,PRESCRIPTION_NARCOTICS,Anonymous observation reported near Madurai East Bypass Hub locality in Madurai.,TOLL_FREE_IVR,CORROBORATED,PROCESSED,DUP-GRP-318,MEDIUM,70,0
CR-2026-00346,ANON-TN-D1AE28E112,2026-07-14 10:29:24,2,Coimbatore,8,Coimbatore East,16,Coimbatore North Market,SUSPECTED_DISTRIBUTION,PRESCRIPTION_NARCOTICS,Anonymous observation reported near Coimbatore North Market locality in Coimbatore.,WEB_PORTAL,NEEDS_VERIFICATION,PROCESSED,DUP-GRP-375,LOW,90,0
CR-2026-00347,ANON-TN-BB87E8FE02,2025-01-08 06:22:28,31,Virudhunagar,123,Virudhunagar South,309,Virudhunagar Rural Market,SUSPECTED_DISTRIBUTION,OPIOID_ANALOGUES,Anonymous observation reported near Virudhunagar Rural Market locality in Virudhunagar.,TELEGRAM_BOT,DISMISSED,PROCESSED,DUP-GRP-43,MEDIUM,87,0
CR-2026-00348,ANON-TN-B75EE1BFB6,2024-09-24 07:55:51,1,Chennai,5,Chennai Rural,9,Chennai West Sector A,HEALTH_EMERGENCY,OPIOID_ANALOGUES,Anonymous observation reported near Chennai West Sector A locality in Chennai.,WEB_PORTAL,UNVERIFIED,PROCESSED,DUP-GRP-7,HIGH,65,1
CR-2026-00349,ANON-TN-41E2ADF458,2026-01-03 03:54:28,20,Viluppuram,80,Viluppuram North,205,Viluppuram East Market,REHAB_NEED,SYNTHETIC_MDMA,Anonymous observation reported near Viluppuram East Market locality in Viluppuram.,MOBILE_APP,DISMISSED,PROCESSED,DUP-GRP-54,LOW,91,0
CR-2026-00350,ANON-TN-037CF61ED0,2025-06-24 14:09:21,2,Coimbatore,7,Coimbatore South,15,Coimbatore North Sector A,HEALTH_EMERGENCY,SYNTHETIC_MDMA,Anonymous observation reported near Coimbatore North Sector A locality in Coimbatore.,TOLL_FREE_IVR,DISMISSED,PROCESSED,DUP-GRP-360,MEDIUM,60,0
CR-2026-00351,ANON-TN-355FF848EF,2025-03-06 01:45:31,7,Tiruppur,28,Tiruppur East,63,Tiruppur North Sector A,SUSPECTED_DISTRIBUTION,SYNTHETIC_MDMA,Anonymous observation reported near Tiruppur North Sector A locality in Tiruppur.,WEB_PORTAL,NEEDS_VERIFICATION,PROCESSED,DUP-GRP-303,HIGH,92,0
CR-2026-00352,ANON-TN-CF3E891C91,2025-01-12 03:40:21,10,Krishnagiri,40,Krishnagiri East,94,Krishnagiri North Market,SUSPECTED_DISTRIBUTION,CHEMICAL_PRECURSORS,Anonymous observation reported near Krishnagiri North Market locality in Krishnagiri.,WEB_PORTAL,DISMISSED,PROCESSED,DUP-GRP-282,MEDIUM,92,0
CR-2026-00353,ANON-TN-650E8CA885,2025-06-23 21:08:33,7,Tiruppur,26,Tiruppur North,66,Tiruppur South Market,SUSPECTED_DISTRIBUTION,CHEMICAL_PRECURSORS,Anonymous observation reported near Tiruppur South Market locality in Tiruppur.,TELEGRAM_BOT,UNVERIFIED,PROCESSED,DUP-GRP-112,LOW,63,0
CR-2026-00354,ANON-TN-2D2B554D3E,2025-06-28 10:49:28,25,Karur,101,Karur South,250,Karur East Sector A,HEALTH_EMERGENCY,SYNTHETIC_MDMA,Anonymous observation reported near Karur East Sector A locality in Karur.,WEB_PORTAL,UNVERIFIED,PROCESSED,DUP-GRP-185,LOW,72,0
CR-2026-00355,ANON-TN-47FA2EF247,2025-04-02 15:59:16,11,Dindigul,43,Dindigul North,109,Dindigul North Bypass Hub,SUSPECTED_DISTRIBUTION,PRESCRIPTION_NARCOTICS,Anonymous observation reported near Dindigul North Bypass Hub locality in Dindigul.,TOLL_FREE_IVR,NEEDS_VERIFICATION,PROCESSED,DUP-GRP-129,HIGH,72,0
CR-2026-00356,ANON-TN-28DE7BC2B5,2025-03-25 13:13:21,16,Kancheepuram,66,Kancheepuram Rural,157,Kancheepuram South Market,SUSPECTED_DISTRIBUTION,COMMERCIAL_GANJA,Anonymous observation reported near Kancheepuram South Market locality in Kancheepuram.,TOLL_FREE_IVR,UNVERIFIED,PROCESSED,DUP-GRP-125,HIGH,77,0
CR-2026-00357,ANON-TN-4AC8F8D742,2025-03-22 21:35:07,24,Nilgiris,96,Nilgiris North,243,Nilgiris West Sector A,SUSPECTED_DISTRIBUTION,UNKNOWN_CONTRABAND,Anonymous observation reported near Nilgiris West Sector A locality in Nilgiris.,TELEGRAM_BOT,UNVERIFIED,PROCESSED,DUP-GRP-131,LOW,59,0
CR-2026-00358,ANON-TN-501B60247D,2024-11-09 23:06:11,12,Thanjavur,47,Thanjavur South,120,Thanjavur East Sector A,HEALTH_EMERGENCY,COMMERCIAL_GANJA,Anonymous observation reported near Thanjavur East Sector A locality in Thanjavur.,TOLL_FREE_IVR,DISMISSED,PROCESSED,DUP-GRP-310,LOW,69,0
CR-2026-00359,ANON-TN-EE87A610E4,2025-05-04 23:50:48,36,Ranipet,146,Ranipet East,357,Ranipet East Sector A,SUSPECTED_DISTRIBUTION,SYNTHETIC_MDMA,Anonymous observation reported near Ranipet East Sector A locality in Ranipet.,MOBILE_APP,DISMISSED,PROCESSED,DUP-GRP-96,LOW,77,1
CR-2026-00360,ANON-TN-CE3FB08EDA,2025-07-22 07:56:41,29,Sivaganga,116,Sivaganga East,285,Sivaganga East Sector A,HEALTH_EMERGENCY,PRESCRIPTION_NARCOTICS,Anonymous observation reported near Sivaganga East Sector A locality in Sivaganga.,TELEGRAM_BOT,CORROBORATED,PROCESSED,DUP-GRP-325,MEDIUM,72,0
CR-2026-00361,ANON-TN-94C23DE3E1,2025-12-29 05:04:57,17,Chengalpattu,69,Chengalpattu East,165,Chengalpattu North Sector A,COMMUNITY_CONCERN,OPIOID_ANALOGUES,Anonymous observation reported near Chengalpattu North Sector A locality in Chengalpattu.,WEB_PORTAL,CORROBORATED,PROCESSED,DUP-GRP-99,HIGH,63,0
CR-2026-00362,ANON-TN-70057F9F47,2026-07-28 13:24:09,37,Tirupathur,148,Tirupathur South,360,Tirupathur North Market,COMMUNITY_CONCERN,PRESCRIPTION_NARCOTICS,Anonymous observation reported near Tirupathur North Market locality in Tirupathur.,MOBILE_APP,NEEDS_VERIFICATION,PROCESSED,DUP-GRP-387,HIGH,60,0
CR-2026-00363,ANON-TN-4C4BB2695C,2025-04-27 00:16:16,3,Madurai,12,Madurai West,23,Madurai North Market,SUSPECTED_DISTRIBUTION,CHEMICAL_PRECURSORS,Anonymous observation reported near Madurai North Market locality in Madurai.,WEB_PORTAL,NEEDS_VERIFICATION,PROCESSED,DUP-GRP-83,HIGH,83,0
CR-2026-00364,ANON-TN-49A4AA8332,2025-03-06 15:03:57,4,Salem,13,Salem North,32,Salem North Sector A,SUSPECTED_DISTRIBUTION,COMMERCIAL_GANJA,Anonymous observation reported near Salem North Sector A locality in Salem.,TELEGRAM_BOT,CORROBORATED,PROCESSED,DUP-GRP-25,MEDIUM,72,0
CR-2026-00365,ANON-TN-7716A91A91,2025-10-17 03:43:42,13,Thoothukudi,52,Thoothukudi West,131,Thoothukudi Rural Sector A,COMMUNITY_CONCERN,CHEMICAL_PRECURSORS,Anonymous observation reported near Thoothukudi Rural Sector A locality in Thoothukudi.,WEB_PORTAL,DISMISSED,PROCESSED,DUP-GRP-145,LOW,84,0
CR-2026-00366,ANON-TN-861D3A036A,2025-10-04 00:54:18,22,Dharmapuri,90,Dharmapuri East,221,Dharmapuri South Sector A,HEALTH_EMERGENCY,SYNTHETIC_MDMA,Anonymous observation reported near Dharmapuri South Sector A locality in Dharmapuri.,TELEGRAM_BOT,CORROBORATED,PROCESSED,DUP-GRP-192,LOW,85,0
CR-2026-00367,ANON-TN-B165D6FF27,2024-11-06 08:59:23,37,Tirupathur,148,Tirupathur South,365,Tirupathur East Market,REHAB_NEED,UNKNOWN_CONTRABAND,Anonymous observation reported near Tirupathur East Market locality in Tirupathur.,WEB_PORTAL,UNVERIFIED,PROCESSED,DUP-GRP-237,HIGH,66,0
CR-2026-00368,ANON-TN-8713CC0C0B,2024-09-28 17:48:49,27,Perambalur,109,Perambalur South,272,Perambalur East Bypass Hub,SUSPECTED_DISTRIBUTION,COMMERCIAL_GANJA,Anonymous observation reported near Perambalur East Bypass Hub locality in Perambalur.,MOBILE_APP,UNVERIFIED,PROCESSED,DUP-GRP-46,MEDIUM,72,0
CR-2026-00369,ANON-TN-834CF69607,2025-09-02 23:25:54,1,Chennai,3,Chennai East,11,Chennai West Bypass Hub,REHAB_NEED,SYNTHETIC_MDMA,Anonymous observation reported near Chennai West Bypass Hub locality in Chennai.,TELEGRAM_BOT,CORROBORATED,PROCESSED,DUP-GRP-266,MEDIUM,56,0
CR-2026-00370,ANON-TN-F321C159B8,2026-04-11 13:25:43,24,Nilgiris,96,Nilgiris North,239,Nilgiris South Market,SUSPECTED_DISTRIBUTION,OPIOID_ANALOGUES,Anonymous observation reported near Nilgiris South Market locality in Nilgiris.,MOBILE_APP,CORROBORATED,PROCESSED,DUP-GRP-24,MEDIUM,85,0
CR-2026-00371,ANON-TN-D603369806,2025-02-23 22:40:32,1,Chennai,5,Chennai Rural,12,Chennai Rural Sector A,SUSPECTED_DISTRIBUTION,UNKNOWN_CONTRABAND,Anonymous observation reported near Chennai Rural Sector A locality in Chennai.,MOBILE_APP,DISMISSED,PROCESSED,DUP-GRP-88,LOW,68,0
CR-2026-00372,ANON-TN-9AD9B61FD9,2026-01-06 07:30:49,18,Tiruvallur,73,Tiruvallur South,184,Tiruvallur East Bypass Hub,COMMUNITY_CONCERN,SYNTHETIC_MDMA,Anonymous observation reported near Tiruvallur East Bypass Hub locality in Tiruvallur.,WEB_PORTAL,UNVERIFIED,PROCESSED,DUP-GRP-293,MEDIUM,64,0
CR-2026-00373,ANON-TN-CDFBA0C4A6,2024-12-09 13:48:01,6,Tirunelveli,24,Tirunelveli South,58,Tirunelveli South Market,COMMUNITY_CONCERN,OPIOID_ANALOGUES,Anonymous observation reported near Tirunelveli South Market locality in Tirunelveli.,TELEGRAM_BOT,CORROBORATED,PROCESSED,DUP-GRP-374,MEDIUM,92,0
CR-2026-00374,ANON-TN-462DDD6FB9,2025-10-16 04:12:14,28,Pudukkottai,113,Pudukkottai East,276,Pudukkottai South Market,SUSPECTED_DISTRIBUTION,OPIOID_ANALOGUES,Anonymous observation reported near Pudukkottai South Market locality in Pudukkottai.,TELEGRAM_BOT,UNVERIFIED,PROCESSED,DUP-GRP-392,LOW,59,1
CR-2026-00375,ANON-TN-E8C949AD65,2024-11-15 12:15:04,22,Dharmapuri,90,Dharmapuri East,220,Dharmapuri North Market,HEALTH_EMERGENCY,UNKNOWN_CONTRABAND,Anonymous observation reported near Dharmapuri North Market locality in Dharmapuri.,WEB_PORTAL,UNVERIFIED,PROCESSED,DUP-GRP-170,HIGH,60,1
CR-2026-00376,ANON-TN-8C65ED0362,2026-04-10 07:07:10,11,Dindigul,45,Dindigul East,113,Dindigul East Market,SUSPECTED_DISTRIBUTION,SYNTHETIC_MDMA,Anonymous observation reported near Dindigul East Market locality in Dindigul.,MOBILE_APP,CORROBORATED,PROCESSED,DUP-GRP-335,MEDIUM,83,0
CR-2026-00377,ANON-TN-2B08E036A1,2025-11-07 13:28:53,38,Tiruvannamalai,152,Tiruvannamalai East,368,Tiruvannamalai South Sector A,COMMUNITY_CONCERN,SYNTHETIC_MDMA,Anonymous observation reported near Tiruvannamalai South Sector A locality in Tiruvannamalai.,MOBILE_APP,NEEDS_VERIFICATION,PROCESSED,DUP-GRP-111,MEDIUM,84,1
CR-2026-00378,ANON-TN-05292BC308,2026-02-11 11:12:10,20,Viluppuram,81,Viluppuram South,201,Viluppuram North Market,COMMUNITY_CONCERN,OPIOID_ANALOGUES,Anonymous observation reported near Viluppuram North Market locality in Viluppuram.,TOLL_FREE_IVR,UNVERIFIED,PROCESSED,DUP-GRP-48,HIGH,56,0
CR-2026-00379,ANON-TN-62609FC3D2,2026-02-16 11:22:48,2,Coimbatore,8,Coimbatore East,21,Coimbatore East Market,REHAB_NEED,UNKNOWN_CONTRABAND,Anonymous observation reported near Coimbatore East Market locality in Coimbatore.,WEB_PORTAL,CORROBORATED,PROCESSED,DUP-GRP-47,HIGH,67,0
CR-2026-00380,ANON-TN-CE52794665,2024-12-24 04:24:31,10,Krishnagiri,41,Krishnagiri West,102,Krishnagiri West Market,SUSPECTED_DISTRIBUTION,CHEMICAL_PRECURSORS,Anonymous observation reported near Krishnagiri West Market locality in Krishnagiri.,TELEGRAM_BOT,UNVERIFIED,PROCESSED,DUP-GRP-114,LOW,77,0
CR-2026-00381,ANON-TN-4D9FCE5669,2025-07-20 15:27:40,23,Namakkal,94,Namakkal East,235,Namakkal West Market,REHAB_NEED,OPIOID_ANALOGUES,Anonymous observation reported near Namakkal West Market locality in Namakkal.,TOLL_FREE_IVR,CORROBORATED,PROCESSED,DUP-GRP-61,LOW,86,0
CR-2026-00382,ANON-TN-82C6FAEF4A,2025-10-31 21:22:57,22,Dharmapuri,88,Dharmapuri North,225,Dharmapuri West Sector A,HEALTH_EMERGENCY,OPIOID_ANALOGUES,Anonymous observation reported near Dharmapuri West Sector A locality in Dharmapuri.,TOLL_FREE_IVR,DISMISSED,PROCESSED,DUP-GRP-242,LOW,83,0
CR-2026-00383,ANON-TN-7FC1E65EF4,2024-09-28 23:59:49,24,Nilgiris,96,Nilgiris North,244,Nilgiris West Market,COMMUNITY_CONCERN,OPIOID_ANALOGUES,Anonymous observation reported near Nilgiris West Market locality in Nilgiris.,WEB_PORTAL,NEEDS_VERIFICATION,PROCESSED,DUP-GRP-165,MEDIUM,87,0
CR-2026-00384,ANON-TN-F6023F1108,2026-02-23 12:30:54,18,Tiruvallur,73,Tiruvallur South,181,Tiruvallur South Bypass Hub,HEALTH_EMERGENCY,CHEMICAL_PRECURSORS,Anonymous observation reported near Tiruvallur South Bypass Hub locality in Tiruvallur.,TOLL_FREE_IVR,CORROBORATED,PROCESSED,DUP-GRP-206,MEDIUM,55,0
CR-2026-00385,ANON-TN-25FA25069B,2026-02-15 16:46:43,7,Tiruppur,27,Tiruppur South,63,Tiruppur North Sector A,SUSPECTED_DISTRIBUTION,OPIOID_ANALOGUES,Anonymous observation reported near Tiruppur North Sector A locality in Tiruppur.,TOLL_FREE_IVR,DISMISSED,PROCESSED,DUP-GRP-163,HIGH,91,0
CR-2026-00386,ANON-TN-04288BA003,2025-10-28 18:15:36,6,Tirunelveli,23,Tirunelveli North,56,Tirunelveli North Market,REHAB_NEED,OPIOID_ANALOGUES,Anonymous observation reported near Tirunelveli North Market locality in Tirunelveli.,TOLL_FREE_IVR,CORROBORATED,PROCESSED,DUP-GRP-335,MEDIUM,86,0
CR-2026-00387,ANON-TN-740284A397,2025-07-17 13:22:14,3,Madurai,10,Madurai South,22,Madurai North Sector A,SUSPECTED_DISTRIBUTION,COMMERCIAL_GANJA,Anonymous observation reported near Madurai North Sector A locality in Madurai.,TELEGRAM_BOT,CORROBORATED,PROCESSED,DUP-GRP-1,MEDIUM,87,0
CR-2026-00388,ANON-TN-1F7865BAA7,2026-06-28 06:44:36,22,Dharmapuri,88,Dharmapuri North,222,Dharmapuri South Market,SUSPECTED_DISTRIBUTION,OPIOID_ANALOGUES,Anonymous observation reported near Dharmapuri South Market locality in Dharmapuri.,MOBILE_APP,NEEDS_VERIFICATION,PROCESSED,DUP-GRP-47,MEDIUM,72,0
CR-2026-00389,ANON-TN-367E6D9AB9,2025-09-02 22:27:09,37,Tirupathur,147,Tirupathur North,365,Tirupathur East Market,SUSPECTED_DISTRIBUTION,PRESCRIPTION_NARCOTICS,Anonymous observation reported near Tirupathur East Market locality in Tirupathur.,TOLL_FREE_IVR,CORROBORATED,PROCESSED,DUP-GRP-185,HIGH,65,0
CR-2026-00390,ANON-TN-7172540AAC,2024-10-19 23:29:45,9,Vellore,36,Vellore West,85,Vellore South Bypass Hub,COMMUNITY_CONCERN,PRESCRIPTION_NARCOTICS,Anonymous observation reported near Vellore South Bypass Hub locality in Vellore.,TOLL_FREE_IVR,DISMISSED,PROCESSED,DUP-GRP-77,HIGH,56,0
CR-2026-00391,ANON-TN-D5905B071D,2026-03-15 07:22:39,11,Dindigul,43,Dindigul North,108,Dindigul North Market,HEALTH_EMERGENCY,PRESCRIPTION_NARCOTICS,Anonymous observation reported near Dindigul North Market locality in Dindigul.,TELEGRAM_BOT,CORROBORATED,PROCESSED,DUP-GRP-61,MEDIUM,87,0
CR-2026-00392,ANON-TN-1C5528C10A,2025-02-15 01:14:45,14,Kanniyakumari,56,Kanniyakumari East,143,Kanniyakumari West Market,REHAB_NEED,CHEMICAL_PRECURSORS,Anonymous observation reported near Kanniyakumari West Market locality in Kanniyakumari.,TOLL_FREE_IVR,UNVERIFIED,PROCESSED,DUP-GRP-59,HIGH,80,0
CR-2026-00393,ANON-TN-A022E22E78,2024-11-10 17:22:43,26,Ariyalur,104,Ariyalur North,263,Ariyalur West Sector A,REHAB_NEED,COMMERCIAL_GANJA,Anonymous observation reported near Ariyalur West Sector A locality in Ariyalur.,TOLL_FREE_IVR,DISMISSED,PROCESSED,DUP-GRP-58,LOW,89,0
CR-2026-00394,ANON-TN-B39A8BC312,2025-03-01 22:41:24,24,Nilgiris,98,Nilgiris East,243,Nilgiris West Sector A,REHAB_NEED,PRESCRIPTION_NARCOTICS,Anonymous observation reported near Nilgiris West Sector A locality in Nilgiris.,MOBILE_APP,DISMISSED,PROCESSED,DUP-GRP-108,LOW,81,0
CR-2026-00395,ANON-TN-C30B80C84F,2026-05-12 09:27:45,29,Sivaganga,114,Sivaganga North,285,Sivaganga East Sector A,COMMUNITY_CONCERN,SYNTHETIC_MDMA,Anonymous observation reported near Sivaganga East Sector A locality in Sivaganga.,WEB_PORTAL,UNVERIFIED,PROCESSED,DUP-GRP-196,MEDIUM,83,0
CR-2026-00396,ANON-TN-387C0B04C2,2025-11-08 12:12:11,18,Tiruvallur,73,Tiruvallur South,183,Tiruvallur East Market,COMMUNITY_CONCERN,PRESCRIPTION_NARCOTICS,Anonymous observation reported near Tiruvallur East Market locality in Tiruvallur.,WEB_PORTAL,NEEDS_VERIFICATION,PROCESSED,DUP-GRP-332,MEDIUM,61,0
CR-2026-00397,ANON-TN-9410E78D96,2025-04-26 23:17:34,14,Kanniyakumari,54,Kanniyakumari North,142,Kanniyakumari West Sector A,REHAB_NEED,COMMERCIAL_GANJA,Anonymous observation reported near Kanniyakumari West Sector A locality in Kanniyakumari.,MOBILE_APP,NEEDS_VERIFICATION,PROCESSED,DUP-GRP-318,LOW,58,0
CR-2026-00398,ANON-TN-B391AF4AE2,2025-12-19 06:46:54,10,Krishnagiri,38,Krishnagiri North,101,Krishnagiri West Sector A,COMMUNITY_CONCERN,OPIOID_ANALOGUES,Anonymous observation reported near Krishnagiri West Sector A locality in Krishnagiri.,WEB_PORTAL,CORROBORATED,PROCESSED,DUP-GRP-8,LOW,72,0
CR-2026-00399,ANON-TN-F8C1AD2F28,2024-10-14 16:18:18,11,Dindigul,43,Dindigul North,109,Dindigul North Bypass Hub,COMMUNITY_CONCERN,COMMERCIAL_GANJA,Anonymous observation reported near Dindigul North Bypass Hub locality in Dindigul.,TOLL_FREE_IVR,UNVERIFIED,PROCESSED,DUP-GRP-190,MEDIUM,92,0
CR-2026-00400,ANON-TN-D4967A59F4,2025-12-31 06:45:50,38,Tiruvannamalai,152,Tiruvannamalai East,373,Tiruvannamalai West Sector A,SUSPECTED_DISTRIBUTION,SYNTHETIC_MDMA,Anonymous observation reported near Tiruvannamalai West Sector A locality in Tiruvannamalai.,WEB_PORTAL,NEEDS_VERIFICATION,PROCESSED,DUP-GRP-103,HIGH,73,0
CR-2026-00401,ANON-TN-6AD7BD74CC,2025-11-28 07:21:10,31,Virudhunagar,123,Virudhunagar South,308,Virudhunagar Rural Sector A,REHAB_NEED,PRESCRIPTION_NARCOTICS,Anonymous observation reported near Virudhunagar Rural Sector A locality in Virudhunagar.,TOLL_FREE_IVR,DISMISSED,PROCESSED,DUP-GRP-105,LOW,56,0
CR-2026-00402,ANON-TN-BFBF1B9A6D,2025-03-29 08:12:53,11,Dindigul,45,Dindigul East,108,Dindigul North Market,SUSPECTED_DISTRIBUTION,PRESCRIPTION_NARCOTICS,Anonymous observation reported near Dindigul North Market locality in Dindigul.,TELEGRAM_BOT,DISMISSED,PROCESSED,DUP-GRP-319,HIGH,81,0
CR-2026-00403,ANON-TN-AF68590934,2025-02-27 16:54:14,15,Tenkasi,59,Tenkasi North,148,Tenkasi North Bypass Hub,COMMUNITY_CONCERN,OPIOID_ANALOGUES,Anonymous observation reported near Tenkasi North Bypass Hub locality in Tenkasi.,WEB_PORTAL,NEEDS_VERIFICATION,PROCESSED,DUP-GRP-260,HIGH,70,0
CR-2026-00404,ANON-TN-14AF5F8A66,2025-04-13 11:55:02,23,Namakkal,95,Namakkal West,227,Namakkal North Sector A,COMMUNITY_CONCERN,CHEMICAL_PRECURSORS,Anonymous observation reported near Namakkal North Sector A locality in Namakkal.,WEB_PORTAL,NEEDS_VERIFICATION,PROCESSED,DUP-GRP-382,HIGH,56,1
CR-2026-00405,ANON-TN-DBCE113BC0,2026-05-25 05:40:01,5,Tiruchirappalli,22,Tiruchirappalli Rural,51,Tiruchirappalli West Sector A,REHAB_NEED,OPIOID_ANALOGUES,Anonymous observation reported near Tiruchirappalli West Sector A locality in Tiruchirappalli.,MOBILE_APP,DISMISSED,PROCESSED,DUP-GRP-80,LOW,71,1
CR-2026-00406,ANON-TN-14C7A8EAF2,2025-06-20 18:17:07,32,Theni,129,Theni East,313,Theni South Market,HEALTH_EMERGENCY,SYNTHETIC_MDMA,Anonymous observation reported near Theni South Market locality in Theni.,TELEGRAM_BOT,UNVERIFIED,PROCESSED,DUP-GRP-231,HIGH,81,0
CR-2026-00407,ANON-TN-6D37E0B222,2026-04-09 21:13:49,27,Perambalur,109,Perambalur South,268,Perambalur South Market,HEALTH_EMERGENCY,PRESCRIPTION_NARCOTICS,Anonymous observation reported near Perambalur South Market locality in Perambalur.,MOBILE_APP,UNVERIFIED,PROCESSED,DUP-GRP-225,HIGH,75,0
CR-2026-00408,ANON-TN-8C211175A8,2026-04-02 22:28:18,33,Thiruvarur,133,Thiruvarur South,323,Thiruvarur North Sector A,SUSPECTED_DISTRIBUTION,SYNTHETIC_MDMA,Anonymous observation reported near Thiruvarur North Sector A locality in Thiruvarur.,WEB_PORTAL,DISMISSED,PROCESSED,DUP-GRP-315,MEDIUM,69,0
CR-2026-00409,ANON-TN-F9AA0E20B5,2025-12-26 01:09:10,15,Tenkasi,60,Tenkasi South,152,Tenkasi East Market,HEALTH_EMERGENCY,UNKNOWN_CONTRABAND,Anonymous observation reported near Tenkasi East Market locality in Tenkasi.,WEB_PORTAL,NEEDS_VERIFICATION,PROCESSED,DUP-GRP-40,MEDIUM,86,0
CR-2026-00410,ANON-TN-274A055FE3,2025-07-09 17:28:37,2,Coimbatore,8,Coimbatore East,17,Coimbatore North Bypass Hub,REHAB_NEED,CHEMICAL_PRECURSORS,Anonymous observation reported near Coimbatore North Bypass Hub locality in Coimbatore.,TOLL_FREE_IVR,CORROBORATED,PROCESSED,DUP-GRP-361,LOW,69,0
CR-2026-00411,ANON-TN-496E1849EF,2025-10-23 20:22:59,9,Vellore,35,Vellore East,89,Vellore West Market,REHAB_NEED,SYNTHETIC_MDMA,Anonymous observation reported near Vellore West Market locality in Vellore.,TOLL_FREE_IVR,UNVERIFIED,PROCESSED,DUP-GRP-91,MEDIUM,59,0
CR-2026-00412,ANON-TN-A55541A65B,2025-02-22 07:42:11,13,Thoothukudi,50,Thoothukudi South,131,Thoothukudi Rural Sector A,REHAB_NEED,COMMERCIAL_GANJA,Anonymous observation reported near Thoothukudi Rural Sector A locality in Thoothukudi.,TOLL_FREE_IVR,NEEDS_VERIFICATION,PROCESSED,DUP-GRP-119,LOW,81,0
CR-2026-00413,ANON-TN-E02537DFC4,2025-10-26 19:49:39,19,Cuddalore,76,Cuddalore South,188,Cuddalore South Sector A,SUSPECTED_DISTRIBUTION,UNKNOWN_CONTRABAND,Anonymous observation reported near Cuddalore South Sector A locality in Cuddalore.,TOLL_FREE_IVR,CORROBORATED,PROCESSED,DUP-GRP-309,HIGH,56,0
CR-2026-00414,ANON-TN-B9F39181FF,2025-12-09 10:45:41,8,Erode,29,Erode North,76,Erode East Market,COMMUNITY_CONCERN,OPIOID_ANALOGUES,Anonymous observation reported near Erode East Market locality in Erode.,TOLL_FREE_IVR,CORROBORATED,PROCESSED,DUP-GRP-96,LOW,62,0
CR-2026-00415,ANON-TN-F700AC970B,2026-05-15 12:55:04,28,Pudukkottai,113,Pudukkottai East,275,Pudukkottai South Sector A,REHAB_NEED,OPIOID_ANALOGUES,Anonymous observation reported near Pudukkottai South Sector A locality in Pudukkottai.,TOLL_FREE_IVR,DISMISSED,PROCESSED,DUP-GRP-32,LOW,75,0
CR-2026-00416,ANON-TN-1D1DD99F59,2025-08-09 06:08:46,35,Mayiladuthurai,143,Mayiladuthurai West,345,Mayiladuthurai South Sector A,REHAB_NEED,COMMERCIAL_GANJA,Anonymous observation reported near Mayiladuthurai South Sector A locality in Mayiladuthurai.,TOLL_FREE_IVR,NEEDS_VERIFICATION,PROCESSED,DUP-GRP-10,MEDIUM,85,0
CR-2026-00417,ANON-TN-B492D86CFA,2025-03-04 20:27:46,29,Sivaganga,116,Sivaganga East,286,Sivaganga East Market,REHAB_NEED,SYNTHETIC_MDMA,Anonymous observation reported near Sivaganga East Market locality in Sivaganga.,WEB_PORTAL,CORROBORATED,PROCESSED,DUP-GRP-169,HIGH,69,0
CR-2026-00418,ANON-TN-CEFA4C4780,2026-08-11 02:30:05,3,Madurai,9,Madurai North,25,Madurai South Market,HEALTH_EMERGENCY,OPIOID_ANALOGUES,Anonymous observation reported near Madurai South Market locality in Madurai.,TELEGRAM_BOT,CORROBORATED,PROCESSED,DUP-GRP-350,LOW,84,0
CR-2026-00419,ANON-TN-7FA9BE2BF0,2025-08-17 15:37:24,9,Vellore,36,Vellore West,83,Vellore South Sector A,SUSPECTED_DISTRIBUTION,COMMERCIAL_GANJA,Anonymous observation reported near Vellore South Sector A locality in Vellore.,TELEGRAM_BOT,UNVERIFIED,PROCESSED,DUP-GRP-125,HIGH,58,1
CR-2026-00420,ANON-TN-42C7170B66,2025-11-10 07:34:24,36,Ranipet,146,Ranipet East,353,Ranipet North Market,REHAB_NEED,SYNTHETIC_MDMA,Anonymous observation reported near Ranipet North Market locality in Ranipet.,TELEGRAM_BOT,DISMISSED,PROCESSED,DUP-GRP-202,HIGH,62,0
CR-2026-00421,ANON-TN-1FB3F0E158,2025-10-12 22:36:53,28,Pudukkottai,113,Pudukkottai East,273,Pudukkottai North Sector A,HEALTH_EMERGENCY,PRESCRIPTION_NARCOTICS,Anonymous observation reported near Pudukkottai North Sector A locality in Pudukkottai.,TELEGRAM_BOT,CORROBORATED,PROCESSED,DUP-GRP-10,LOW,78,0
CR-2026-00422,ANON-TN-EFC235EC9B,2025-10-23 04:44:51,12,Thanjavur,48,Thanjavur East,118,Thanjavur South Sector A,HEALTH_EMERGENCY,PRESCRIPTION_NARCOTICS,Anonymous observation reported near Thanjavur South Sector A locality in Thanjavur.,TOLL_FREE_IVR,UNVERIFIED,PROCESSED,DUP-GRP-66,LOW,79,0
CR-2026-00423,ANON-TN-C703183A09,2026-01-01 05:08:07,6,Tirunelveli,23,Tirunelveli North,60,Tirunelveli East Sector A,REHAB_NEED,UNKNOWN_CONTRABAND,Anonymous observation reported near Tirunelveli East Sector A locality in Tirunelveli.,TOLL_FREE_IVR,CORROBORATED,PROCESSED,DUP-GRP-132,MEDIUM,72,0
CR-2026-00424,ANON-TN-7F5214D15F,2026-01-23 22:53:32,37,Tirupathur,148,Tirupathur South,365,Tirupathur East Market,REHAB_NEED,COMMERCIAL_GANJA,Anonymous observation reported near Tirupathur East Market locality in Tirupathur.,WEB_PORTAL,UNVERIFIED,PROCESSED,DUP-GRP-257,LOW,90,0
CR-2026-00425,ANON-TN-B38BBA9200,2025-12-16 17:41:50,10,Krishnagiri,40,Krishnagiri East,106,Krishnagiri Rural Bypass Hub,SUSPECTED_DISTRIBUTION,UNKNOWN_CONTRABAND,Anonymous observation reported near Krishnagiri Rural Bypass Hub locality in Krishnagiri.,MOBILE_APP,CORROBORATED,PROCESSED,DUP-GRP-187,LOW,67,0
CR-2026-00426,ANON-TN-21CAF37FC5,2025-07-17 04:19:08,15,Tenkasi,60,Tenkasi South,146,Tenkasi North Sector A,HEALTH_EMERGENCY,CHEMICAL_PRECURSORS,Anonymous observation reported near Tenkasi North Sector A locality in Tenkasi.,MOBILE_APP,DISMISSED,PROCESSED,DUP-GRP-206,MEDIUM,84,0
CR-2026-00427,ANON-TN-BE9436D300,2025-09-09 14:26:32,32,Theni,130,Theni West,315,Theni East Market,COMMUNITY_CONCERN,OPIOID_ANALOGUES,Anonymous observation reported near Theni East Market locality in Theni.,MOBILE_APP,CORROBORATED,PROCESSED,DUP-GRP-193,MEDIUM,77,0
CR-2026-00428,ANON-TN-5EDB593776,2025-02-27 18:00:53,19,Cuddalore,79,Cuddalore Rural,192,Cuddalore East Market,COMMUNITY_CONCERN,CHEMICAL_PRECURSORS,Anonymous observation reported near Cuddalore East Market locality in Cuddalore.,TOLL_FREE_IVR,CORROBORATED,PROCESSED,DUP-GRP-240,HIGH,64,0
CR-2026-00429,ANON-TN-03CDD0D23C,2025-12-14 05:32:41,30,Ramanathapuram,120,Ramanathapuram East,289,Ramanathapuram North Sector A,REHAB_NEED,SYNTHETIC_MDMA,Anonymous observation reported near Ramanathapuram North Sector A locality in Ramanathapuram.,TELEGRAM_BOT,UNVERIFIED,PROCESSED,DUP-GRP-396,LOW,77,0
CR-2026-00430,ANON-TN-65870750B0,2026-01-18 10:38:26,7,Tiruppur,28,Tiruppur East,66,Tiruppur South Market,REHAB_NEED,OPIOID_ANALOGUES,Anonymous observation reported near Tiruppur South Market locality in Tiruppur.,MOBILE_APP,CORROBORATED,PROCESSED,DUP-GRP-347,LOW,75,0
CR-2026-00431,ANON-TN-EA3D2DF5F0,2025-10-01 04:35:16,19,Cuddalore,78,Cuddalore West,188,Cuddalore South Sector A,COMMUNITY_CONCERN,SYNTHETIC_MDMA,Anonymous observation reported near Cuddalore South Sector A locality in Cuddalore.,TELEGRAM_BOT,UNVERIFIED,PROCESSED,DUP-GRP-212,MEDIUM,82,0
CR-2026-00432,ANON-TN-F304F3B018,2026-06-20 10:54:07,7,Tiruppur,28,Tiruppur East,64,Tiruppur North Market,HEALTH_EMERGENCY,CHEMICAL_PRECURSORS,Anonymous observation reported near Tiruppur North Market locality in Tiruppur.,TELEGRAM_BOT,UNVERIFIED,PROCESSED,DUP-GRP-216,HIGH,77,0
CR-2026-00433,ANON-TN-001FE3D432,2024-11-01 09:48:58,25,Karur,102,Karur East,246,Karur North Market,HEALTH_EMERGENCY,CHEMICAL_PRECURSORS,Anonymous observation reported near Karur North Market locality in Karur.,TOLL_FREE_IVR,NEEDS_VERIFICATION,PROCESSED,DUP-GRP-380,LOW,71,0
CR-2026-00434,ANON-TN-9F52C3A816,2026-05-06 21:08:50,24,Nilgiris,98,Nilgiris East,237,Nilgiris North Market,COMMUNITY_CONCERN,OPIOID_ANALOGUES,Anonymous observation reported near Nilgiris North Market locality in Nilgiris.,WEB_PORTAL,NEEDS_VERIFICATION,PROCESSED,DUP-GRP-183,LOW,86,0
CR-2026-00435,ANON-TN-8BD780692D,2026-03-02 12:49:31,31,Virudhunagar,123,Virudhunagar South,308,Virudhunagar Rural Sector A,REHAB_NEED,SYNTHETIC_MDMA,Anonymous observation reported near Virudhunagar Rural Sector A locality in Virudhunagar.,WEB_PORTAL,DISMISSED,PROCESSED,DUP-GRP-4,LOW,69,0
CR-2026-00436,ANON-TN-C6C2A1C437,2025-10-06 04:19:55,38,Tiruvannamalai,152,Tiruvannamalai East,369,Tiruvannamalai South Market,HEALTH_EMERGENCY,UNKNOWN_CONTRABAND,Anonymous observation reported near Tiruvannamalai South Market locality in Tiruvannamalai.,WEB_PORTAL,CORROBORATED,PROCESSED,DUP-GRP-349,MEDIUM,58,0
CR-2026-00437,ANON-TN-555AD2AA52,2026-01-14 09:52:30,1,Chennai,2,Chennai South,9,Chennai West Sector A,REHAB_NEED,SYNTHETIC_MDMA,Anonymous observation reported near Chennai West Sector A locality in Chennai.,TELEGRAM_BOT,CORROBORATED,PROCESSED,DUP-GRP-77,MEDIUM,65,1
CR-2026-00438,ANON-TN-5DC04491D6,2025-09-15 00:26:38,31,Virudhunagar,124,Virudhunagar East,307,Virudhunagar West Market,HEALTH_EMERGENCY,PRESCRIPTION_NARCOTICS,Anonymous observation reported near Virudhunagar West Market locality in Virudhunagar.,MOBILE_APP,NEEDS_VERIFICATION,PROCESSED,DUP-GRP-96,HIGH,76,0
CR-2026-00439,ANON-TN-72FE8559C9,2025-01-07 16:39:13,9,Vellore,36,Vellore West,89,Vellore West Market,REHAB_NEED,SYNTHETIC_MDMA,Anonymous observation reported near Vellore West Market locality in Vellore.,TOLL_FREE_IVR,DISMISSED,PROCESSED,DUP-GRP-242,MEDIUM,88,0
CR-2026-00440,ANON-TN-EC63088E59,2025-02-28 01:22:30,6,Tirunelveli,23,Tirunelveli North,62,Tirunelveli East Bypass Hub,HEALTH_EMERGENCY,OPIOID_ANALOGUES,Anonymous observation reported near Tirunelveli East Bypass Hub locality in Tirunelveli.,TOLL_FREE_IVR,UNVERIFIED,PROCESSED,DUP-GRP-34,LOW,81,0
CR-2026-00441,ANON-TN-E320140A35,2026-02-20 06:28:18,15,Tenkasi,61,Tenkasi East,146,Tenkasi North Sector A,REHAB_NEED,COMMERCIAL_GANJA,Anonymous observation reported near Tenkasi North Sector A locality in Tenkasi.,TELEGRAM_BOT,NEEDS_VERIFICATION,PROCESSED,DUP-GRP-377,MEDIUM,91,0
CR-2026-00442,ANON-TN-3FBA202BA8,2025-09-15 06:53:21,18,Tiruvallur,72,Tiruvallur North,179,Tiruvallur South Sector A,SUSPECTED_DISTRIBUTION,CHEMICAL_PRECURSORS,Anonymous observation reported near Tiruvallur South Sector A locality in Tiruvallur.,TOLL_FREE_IVR,CORROBORATED,PROCESSED,DUP-GRP-205,LOW,71,0
CR-2026-00443,ANON-TN-6F92A7C543,2026-07-12 02:46:17,5,Tiruchirappalli,20,Tiruchirappalli East,49,Tiruchirappalli East Market,HEALTH_EMERGENCY,COMMERCIAL_GANJA,Anonymous observation reported near Tiruchirappalli East Market locality in Tiruchirappalli.,WEB_PORTAL,DISMISSED,PROCESSED,DUP-GRP-84,HIGH,63,1
CR-2026-00444,ANON-TN-6714928FFF,2025-08-13 07:56:42,29,Sivaganga,116,Sivaganga East,284,Sivaganga South Bypass Hub,REHAB_NEED,UNKNOWN_CONTRABAND,Anonymous observation reported near Sivaganga South Bypass Hub locality in Sivaganga.,TOLL_FREE_IVR,NEEDS_VERIFICATION,PROCESSED,DUP-GRP-215,HIGH,88,0
CR-2026-00445,ANON-TN-C477DA35AE,2026-01-30 04:07:34,38,Tiruvannamalai,151,Tiruvannamalai South,372,Tiruvannamalai East Bypass Hub,SUSPECTED_DISTRIBUTION,PRESCRIPTION_NARCOTICS,Anonymous observation reported near Tiruvannamalai East Bypass Hub locality in Tiruvannamalai.,MOBILE_APP,NEEDS_VERIFICATION,PROCESSED,DUP-GRP-335,MEDIUM,63,0
CR-2026-00446,ANON-TN-7A50384170,2026-06-22 18:59:30,1,Chennai,1,Chennai North,10,Chennai West Market,SUSPECTED_DISTRIBUTION,UNKNOWN_CONTRABAND,Anonymous observation reported near Chennai West Market locality in Chennai.,MOBILE_APP,CORROBORATED,PROCESSED,DUP-GRP-198,LOW,74,0
CR-2026-00447,ANON-TN-534BC9B257,2026-01-11 22:57:43,35,Mayiladuthurai,142,Mayiladuthurai East,351,Mayiladuthurai West Bypass Hub,HEALTH_EMERGENCY,SYNTHETIC_MDMA,Anonymous observation reported near Mayiladuthurai West Bypass Hub locality in Mayiladuthurai.,TELEGRAM_BOT,UNVERIFIED,PROCESSED,DUP-GRP-390,LOW,89,0
CR-2026-00448,ANON-TN-FF1CC0C58A,2025-06-04 11:12:58,3,Madurai,9,Madurai North,22,Madurai North Sector A,SUSPECTED_DISTRIBUTION,UNKNOWN_CONTRABAND,Anonymous observation reported near Madurai North Sector A locality in Madurai.,TOLL_FREE_IVR,NEEDS_VERIFICATION,PROCESSED,DUP-GRP-395,HIGH,77,0
CR-2026-00449,ANON-TN-AF9F38EE7E,2026-08-12 08:25:14,30,Ramanathapuram,120,Ramanathapuram East,289,Ramanathapuram North Sector A,REHAB_NEED,OPIOID_ANALOGUES,Anonymous observation reported near Ramanathapuram North Sector A locality in Ramanathapuram.,TELEGRAM_BOT,UNVERIFIED,PROCESSED,DUP-GRP-352,MEDIUM,78,0
CR-2026-00450,ANON-TN-1D3DD17517,2026-03-06 11:13:25,6,Tirunelveli,24,Tirunelveli South,61,Tirunelveli East Market,SUSPECTED_DISTRIBUTION,OPIOID_ANALOGUES,Anonymous observation reported near Tirunelveli East Market locality in Tirunelveli.,WEB_PORTAL,DISMISSED,PROCESSED,DUP-GRP-345,HIGH,83,0
CR-2026-00451,ANON-TN-006A53A2AD,2024-12-14 04:37:52,22,Dharmapuri,89,Dharmapuri South,225,Dharmapuri West Sector A,HEALTH_EMERGENCY,CHEMICAL_PRECURSORS,Anonymous observation reported near Dharmapuri West Sector A locality in Dharmapuri.,TOLL_FREE_IVR,DISMISSED,PROCESSED,DUP-GRP-117,MEDIUM,82,0
CR-2026-00452,ANON-TN-062909A1AD,2026-04-15 03:47:31,23,Namakkal,94,Namakkal East,228,Namakkal North Market,COMMUNITY_CONCERN,CHEMICAL_PRECURSORS,Anonymous observation reported near Namakkal North Market locality in Namakkal.,TELEGRAM_BOT,CORROBORATED,PROCESSED,DUP-GRP-7,MEDIUM,74,0
CR-2026-00453,ANON-TN-F2E5E253F2,2025-08-31 16:41:14,17,Chengalpattu,67,Chengalpattu North,168,Chengalpattu South Sector A,HEALTH_EMERGENCY,OPIOID_ANALOGUES,Anonymous observation reported near Chengalpattu South Sector A locality in Chengalpattu.,WEB_PORTAL,NEEDS_VERIFICATION,PROCESSED,DUP-GRP-330,MEDIUM,67,1
CR-2026-00454,ANON-TN-4636D6D1D8,2024-11-12 15:09:20,13,Thoothukudi,50,Thoothukudi South,131,Thoothukudi Rural Sector A,SUSPECTED_DISTRIBUTION,SYNTHETIC_MDMA,Anonymous observation reported near Thoothukudi Rural Sector A locality in Thoothukudi.,WEB_PORTAL,CORROBORATED,PROCESSED,DUP-GRP-348,MEDIUM,63,0
CR-2026-00455,ANON-TN-1F45EF52E3,2025-03-03 18:29:27,36,Ranipet,145,Ranipet South,357,Ranipet East Sector A,REHAB_NEED,OPIOID_ANALOGUES,Anonymous observation reported near Ranipet East Sector A locality in Ranipet.,TELEGRAM_BOT,DISMISSED,PROCESSED,DUP-GRP-384,LOW,66,0
CR-2026-00456,ANON-TN-80297480B6,2025-03-24 00:21:11,17,Chengalpattu,70,Chengalpattu West,175,Chengalpattu Rural Sector A,SUSPECTED_DISTRIBUTION,COMMERCIAL_GANJA,Anonymous observation reported near Chengalpattu Rural Sector A locality in Chengalpattu.,MOBILE_APP,CORROBORATED,PROCESSED,DUP-GRP-278,HIGH,62,0
CR-2026-00457,ANON-TN-5F1DA2F3F4,2025-07-26 00:09:44,21,Kallakurichi,84,Kallakurichi South,216,Kallakurichi Rural Sector A,SUSPECTED_DISTRIBUTION,SYNTHETIC_MDMA,Anonymous observation reported near Kallakurichi Rural Sector A locality in Kallakurichi.,TOLL_FREE_IVR,NEEDS_VERIFICATION,PROCESSED,DUP-GRP-305,MEDIUM,74,0
CR-2026-00458,ANON-TN-244F645059,2025-08-31 02:08:09,15,Tenkasi,60,Tenkasi South,151,Tenkasi East Sector A,REHAB_NEED,PRESCRIPTION_NARCOTICS,Anonymous observation reported near Tenkasi East Sector A locality in Tenkasi.,WEB_PORTAL,NEEDS_VERIFICATION,PROCESSED,DUP-GRP-114,MEDIUM,64,0
CR-2026-00459,ANON-TN-7CDA3D92E0,2025-03-09 07:59:49,36,Ranipet,145,Ranipet South,352,Ranipet North Sector A,SUSPECTED_DISTRIBUTION,COMMERCIAL_GANJA,Anonymous observation reported near Ranipet North Sector A locality in Ranipet.,TOLL_FREE_IVR,UNVERIFIED,PROCESSED,DUP-GRP-292,HIGH,68,1
CR-2026-00460,ANON-TN-807676713C,2025-07-18 11:57:33,30,Ramanathapuram,121,Ramanathapuram West,295,Ramanathapuram East Market,COMMUNITY_CONCERN,SYNTHETIC_MDMA,Anonymous observation reported near Ramanathapuram East Market locality in Ramanathapuram.,WEB_PORTAL,UNVERIFIED,PROCESSED,DUP-GRP-365,MEDIUM,80,0
CR-2026-00461,ANON-TN-FC40BCC168,2026-02-21 21:16:23,21,Kallakurichi,85,Kallakurichi East,216,Kallakurichi Rural Sector A,HEALTH_EMERGENCY,SYNTHETIC_MDMA,Anonymous observation reported near Kallakurichi Rural Sector A locality in Kallakurichi.,TOLL_FREE_IVR,DISMISSED,PROCESSED,DUP-GRP-287,HIGH,69,0
CR-2026-00462,ANON-TN-4414D91877,2025-11-29 07:10:34,19,Cuddalore,76,Cuddalore South,196,Cuddalore West Bypass Hub,COMMUNITY_CONCERN,CHEMICAL_PRECURSORS,Anonymous observation reported near Cuddalore West Bypass Hub locality in Cuddalore.,WEB_PORTAL,UNVERIFIED,PROCESSED,DUP-GRP-273,MEDIUM,63,0
CR-2026-00463,ANON-TN-4D45C4962F,2024-10-23 19:23:28,23,Namakkal,93,Namakkal South,227,Namakkal North Sector A,HEALTH_EMERGENCY,UNKNOWN_CONTRABAND,Anonymous observation reported near Namakkal North Sector A locality in Namakkal.,MOBILE_APP,UNVERIFIED,PROCESSED,DUP-GRP-223,HIGH,68,0
CR-2026-00464,ANON-TN-6CB2C18B41,2025-06-13 01:53:04,34,Nagapattinam,137,Nagapattinam South,340,Nagapattinam West Sector A,COMMUNITY_CONCERN,PRESCRIPTION_NARCOTICS,Anonymous observation reported near Nagapattinam West Sector A locality in Nagapattinam.,MOBILE_APP,CORROBORATED,PROCESSED,DUP-GRP-346,MEDIUM,65,0
CR-2026-00465,ANON-TN-4626741A11,2026-02-03 17:45:40,19,Cuddalore,79,Cuddalore Rural,197,Cuddalore Rural Sector A,SUSPECTED_DISTRIBUTION,UNKNOWN_CONTRABAND,Anonymous observation reported near Cuddalore Rural Sector A locality in Cuddalore.,MOBILE_APP,NEEDS_VERIFICATION,PROCESSED,DUP-GRP-166,MEDIUM,67,0
CR-2026-00466,ANON-TN-B56995D27B,2026-04-22 15:20:10,18,Tiruvallur,72,Tiruvallur North,177,Tiruvallur North Sector A,SUSPECTED_DISTRIBUTION,UNKNOWN_CONTRABAND,Anonymous observation reported near Tiruvallur North Sector A locality in Tiruvallur.,MOBILE_APP,DISMISSED,PROCESSED,DUP-GRP-134,MEDIUM,57,0
CR-2026-00467,ANON-TN-434D0AE78B,2025-10-29 10:09:43,3,Madurai,9,Madurai North,25,Madurai South Market,SUSPECTED_DISTRIBUTION,CHEMICAL_PRECURSORS,Anonymous observation reported near Madurai South Market locality in Madurai.,MOBILE_APP,DISMISSED,PROCESSED,DUP-GRP-132,MEDIUM,61,0
CR-2026-00468,ANON-TN-9396FB4E42,2026-01-02 00:14:42,10,Krishnagiri,41,Krishnagiri West,106,Krishnagiri Rural Bypass Hub,COMMUNITY_CONCERN,SYNTHETIC_MDMA,Anonymous observation reported near Krishnagiri Rural Bypass Hub locality in Krishnagiri.,TELEGRAM_BOT,CORROBORATED,PROCESSED,DUP-GRP-201,HIGH,77,0
CR-2026-00469,ANON-TN-33078B650F,2025-08-16 13:47:32,32,Theni,130,Theni West,316,Theni East Bypass Hub,SUSPECTED_DISTRIBUTION,OPIOID_ANALOGUES,Anonymous observation reported near Theni East Bypass Hub locality in Theni.,TOLL_FREE_IVR,DISMISSED,PROCESSED,DUP-GRP-123,LOW,79,0
CR-2026-00470,ANON-TN-9AA5FE7425,2024-12-24 03:57:50,6,Tirunelveli,25,Tirunelveli East,58,Tirunelveli South Market,COMMUNITY_CONCERN,COMMERCIAL_GANJA,Anonymous observation reported near Tirunelveli South Market locality in Tirunelveli.,MOBILE_APP,UNVERIFIED,PROCESSED,DUP-GRP-80,MEDIUM,66,0
CR-2026-00471,ANON-TN-F19BF600E9,2025-05-25 08:49:38,36,Ranipet,145,Ranipet South,353,Ranipet North Market,COMMUNITY_CONCERN,UNKNOWN_CONTRABAND,Anonymous observation reported near Ranipet North Market locality in Ranipet.,WEB_PORTAL,DISMISSED,PROCESSED,DUP-GRP-311,LOW,80,0
CR-2026-00472,ANON-TN-387D006879,2026-03-10 08:34:58,29,Sivaganga,114,Sivaganga North,279,Sivaganga North Sector A,COMMUNITY_CONCERN,CHEMICAL_PRECURSORS,Anonymous observation reported near Sivaganga North Sector A locality in Sivaganga.,TOLL_FREE_IVR,NEEDS_VERIFICATION,PROCESSED,DUP-GRP-176,HIGH,67,0
CR-2026-00473,ANON-TN-3F7AD5A82C,2026-07-27 11:04:48,17,Chengalpattu,70,Chengalpattu West,172,Chengalpattu East Market,SUSPECTED_DISTRIBUTION,UNKNOWN_CONTRABAND,Anonymous observation reported near Chengalpattu East Market locality in Chengalpattu.,WEB_PORTAL,UNVERIFIED,PROCESSED,DUP-GRP-110,LOW,86,1
CR-2026-00474,ANON-TN-B3A0C952E2,2025-08-20 08:18:24,10,Krishnagiri,38,Krishnagiri North,95,Krishnagiri North Bypass Hub,REHAB_NEED,PRESCRIPTION_NARCOTICS,Anonymous observation reported near Krishnagiri North Bypass Hub locality in Krishnagiri.,WEB_PORTAL,NEEDS_VERIFICATION,PROCESSED,DUP-GRP-5,LOW,73,0
CR-2026-00475,ANON-TN-979A789BAC,2024-09-29 21:11:29,12,Thanjavur,48,Thanjavur East,118,Thanjavur South Sector A,HEALTH_EMERGENCY,COMMERCIAL_GANJA,Anonymous observation reported near Thanjavur South Sector A locality in Thanjavur.,WEB_PORTAL,DISMISSED,PROCESSED,DUP-GRP-24,HIGH,60,0
CR-2026-00476,ANON-TN-263658C3C8,2025-03-05 10:33:42,9,Vellore,34,Vellore South,89,Vellore West Market,SUSPECTED_DISTRIBUTION,OPIOID_ANALOGUES,Anonymous observation reported near Vellore West Market locality in Vellore.,MOBILE_APP,NEEDS_VERIFICATION,PROCESSED,DUP-GRP-324,LOW,62,1
CR-2026-00477,ANON-TN-1240BB749C,2026-02-09 01:31:33,22,Dharmapuri,91,Dharmapuri West,221,Dharmapuri South Sector A,SUSPECTED_DISTRIBUTION,SYNTHETIC_MDMA,Anonymous observation reported near Dharmapuri South Sector A locality in Dharmapuri.,WEB_PORTAL,UNVERIFIED,PROCESSED,DUP-GRP-342,HIGH,69,0
CR-2026-00478,ANON-TN-54588C2EFD,2026-03-14 09:23:00,34,Nagapattinam,137,Nagapattinam South,340,Nagapattinam West Sector A,HEALTH_EMERGENCY,PRESCRIPTION_NARCOTICS,Anonymous observation reported near Nagapattinam West Sector A locality in Nagapattinam.,MOBILE_APP,CORROBORATED,PROCESSED,DUP-GRP-41,LOW,81,0
CR-2026-00479,ANON-TN-B8EE666EA7,2024-09-30 12:19:34,37,Tirupathur,148,Tirupathur South,362,Tirupathur South Market,COMMUNITY_CONCERN,SYNTHETIC_MDMA,Anonymous observation reported near Tirupathur South Market locality in Tirupathur.,TELEGRAM_BOT,DISMISSED,PROCESSED,DUP-GRP-182,LOW,91,0
CR-2026-00480,ANON-TN-1DBDC4AF48,2025-02-06 08:52:43,24,Nilgiris,96,Nilgiris North,237,Nilgiris North Market,HEALTH_EMERGENCY,UNKNOWN_CONTRABAND,Anonymous observation reported near Nilgiris North Market locality in Nilgiris.,MOBILE_APP,CORROBORATED,PROCESSED,DUP-GRP-218,HIGH,82,0
CR-2026-00481,ANON-TN-21752E7660,2026-06-24 14:46:39,5,Tiruchirappalli,19,Tiruchirappalli South,49,Tiruchirappalli East Market,HEALTH_EMERGENCY,COMMERCIAL_GANJA,Anonymous observation reported near Tiruchirappalli East Market locality in Tiruchirappalli.,WEB_PORTAL,NEEDS_VERIFICATION,PROCESSED,DUP-GRP-53,MEDIUM,62,0
CR-2026-00482,ANON-TN-822CEA4F47,2025-03-31 19:33:57,14,Kanniyakumari,54,Kanniyakumari North,134,Kanniyakumari North Sector A,HEALTH_EMERGENCY,SYNTHETIC_MDMA,Anonymous observation reported near Kanniyakumari North Sector A locality in Kanniyakumari.,MOBILE_APP,CORROBORATED,PROCESSED,DUP-GRP-334,HIGH,80,0
CR-2026-00483,ANON-TN-8BB2ED2F44,2025-08-08 12:29:06,10,Krishnagiri,42,Krishnagiri Rural,100,Krishnagiri East Bypass Hub,HEALTH_EMERGENCY,CHEMICAL_PRECURSORS,Anonymous observation reported near Krishnagiri East Bypass Hub locality in Krishnagiri.,MOBILE_APP,CORROBORATED,PROCESSED,DUP-GRP-88,MEDIUM,62,0
CR-2026-00484,ANON-TN-606B9E8A5B,2025-04-30 16:53:15,38,Tiruvannamalai,151,Tiruvannamalai South,371,Tiruvannamalai East Market,REHAB_NEED,UNKNOWN_CONTRABAND,Anonymous observation reported near Tiruvannamalai East Market locality in Tiruvannamalai.,TELEGRAM_BOT,NEEDS_VERIFICATION,PROCESSED,DUP-GRP-9,LOW,57,0
CR-2026-00485,ANON-TN-F267EAAD71,2024-11-08 05:42:58,16,Kancheepuram,62,Kancheepuram North,162,Kancheepuram West Bypass Hub,COMMUNITY_CONCERN,UNKNOWN_CONTRABAND,Anonymous observation reported near Kancheepuram West Bypass Hub locality in Kancheepuram.,TOLL_FREE_IVR,UNVERIFIED,PROCESSED,DUP-GRP-323,LOW,91,0
CR-2026-00486,ANON-TN-648BBD581C,2025-01-16 16:18:12,9,Vellore,37,Vellore Rural,85,Vellore South Bypass Hub,REHAB_NEED,COMMERCIAL_GANJA,Anonymous observation reported near Vellore South Bypass Hub locality in Vellore.,TOLL_FREE_IVR,CORROBORATED,PROCESSED,DUP-GRP-344,HIGH,79,1
CR-2026-00487,ANON-TN-C3D1BA2685,2026-08-07 06:41:37,6,Tirunelveli,23,Tirunelveli North,58,Tirunelveli South Market,COMMUNITY_CONCERN,OPIOID_ANALOGUES,Anonymous observation reported near Tirunelveli South Market locality in Tirunelveli.,TELEGRAM_BOT,CORROBORATED,PROCESSED,DUP-GRP-28,HIGH,70,0
CR-2026-00488,ANON-TN-2B6317A916,2025-07-06 11:12:53,16,Kancheepuram,66,Kancheepuram Rural,154,Kancheepuram North Sector A,COMMUNITY_CONCERN,UNKNOWN_CONTRABAND,Anonymous observation reported near Kancheepuram North Sector A locality in Kancheepuram.,MOBILE_APP,CORROBORATED,PROCESSED,DUP-GRP-316,MEDIUM,74,0
CR-2026-00489,ANON-TN-4DCCC0BB43,2024-10-03 16:13:08,33,Thiruvarur,132,Thiruvarur North,329,Thiruvarur East Bypass Hub,HEALTH_EMERGENCY,CHEMICAL_PRECURSORS,Anonymous observation reported near Thiruvarur East Bypass Hub locality in Thiruvarur.,MOBILE_APP,NEEDS_VERIFICATION,PROCESSED,DUP-GRP-183,HIGH,65,0
CR-2026-00490,ANON-TN-713B4B1739,2026-07-28 07:03:43,18,Tiruvallur,74,Tiruvallur East,177,Tiruvallur North Sector A,COMMUNITY_CONCERN,COMMERCIAL_GANJA,Anonymous observation reported near Tiruvallur North Sector A locality in Tiruvallur.,TOLL_FREE_IVR,DISMISSED,PROCESSED,DUP-GRP-162,HIGH,92,1
CR-2026-00491,ANON-TN-3655983F54,2025-05-07 05:23:10,3,Madurai,11,Madurai East,28,Madurai East Market,HEALTH_EMERGENCY,SYNTHETIC_MDMA,Anonymous observation reported near Madurai East Market locality in Madurai.,MOBILE_APP,DISMISSED,PROCESSED,DUP-GRP-201,HIGH,63,0
CR-2026-00492,ANON-TN-C9B1F8731A,2025-09-16 01:26:00,16,Kancheepuram,63,Kancheepuram South,163,Kancheepuram Rural Sector A,COMMUNITY_CONCERN,PRESCRIPTION_NARCOTICS,Anonymous observation reported near Kancheepuram Rural Sector A locality in Kancheepuram.,WEB_PORTAL,CORROBORATED,PROCESSED,DUP-GRP-89,LOW,91,0
CR-2026-00493,ANON-TN-189B5DF7AB,2026-02-13 13:36:44,9,Vellore,37,Vellore Rural,86,Vellore East Sector A,REHAB_NEED,PRESCRIPTION_NARCOTICS,Anonymous observation reported near Vellore East Sector A locality in Vellore.,TELEGRAM_BOT,CORROBORATED,PROCESSED,DUP-GRP-151,HIGH,84,1
CR-2026-00494,ANON-TN-F38C0C53BD,2025-07-14 22:47:22,20,Viluppuram,80,Viluppuram North,202,Viluppuram South Sector A,HEALTH_EMERGENCY,OPIOID_ANALOGUES,Anonymous observation reported near Viluppuram South Sector A locality in Viluppuram.,WEB_PORTAL,DISMISSED,PROCESSED,DUP-GRP-66,HIGH,76,0
CR-2026-00495,ANON-TN-C08EE73F83,2026-03-22 15:04:18,33,Thiruvarur,135,Thiruvarur West,326,Thiruvarur South Market,HEALTH_EMERGENCY,OPIOID_ANALOGUES,Anonymous observation reported near Thiruvarur South Market locality in Thiruvarur.,MOBILE_APP,NEEDS_VERIFICATION,PROCESSED,DUP-GRP-329,LOW,72,0
CR-2026-00496,ANON-TN-48CB9B0AE3,2026-01-31 08:35:55,3,Madurai,12,Madurai West,26,Madurai South Bypass Hub,HEALTH_EMERGENCY,SYNTHETIC_MDMA,Anonymous observation reported near Madurai South Bypass Hub locality in Madurai.,TELEGRAM_BOT,CORROBORATED,PROCESSED,DUP-GRP-136,MEDIUM,79,0
CR-2026-00497,ANON-TN-A3CE4A7C16,2025-10-10 15:14:58,8,Erode,30,Erode South,73,Erode South Market,HEALTH_EMERGENCY,COMMERCIAL_GANJA,Anonymous observation reported near Erode South Market locality in Erode.,TELEGRAM_BOT,UNVERIFIED,PROCESSED,DUP-GRP-292,HIGH,70,0
CR-2026-00498,ANON-TN-E211912CFF,2025-03-12 16:56:11,35,Mayiladuthurai,140,Mayiladuthurai North,344,Mayiladuthurai North Market,HEALTH_EMERGENCY,OPIOID_ANALOGUES,Anonymous observation reported near Mayiladuthurai North Market locality in Mayiladuthurai.,MOBILE_APP,NEEDS_VERIFICATION,PROCESSED,DUP-GRP-110,MEDIUM,72,0
CR-2026-00499,ANON-TN-38DF3B9201,2025-06-20 15:07:08,1,Chennai,3,Chennai East,6,Chennai South Bypass Hub,SUSPECTED_DISTRIBUTION,PRESCRIPTION_NARCOTICS,Anonymous observation reported near Chennai South Bypass Hub locality in Chennai.,WEB_PORTAL,UNVERIFIED,PROCESSED,DUP-GRP-196,MEDIUM,79,0
CR-2026-00500,ANON-TN-EB79511338,2025-10-03 11:41:42,31,Virudhunagar,123,Virudhunagar South,308,Virudhunagar Rural Sector A,SUSPECTED_DISTRIBUTION,OPIOID_ANALOGUES,Anonymous observation reported near Virudhunagar Rural Sector A locality in Virudhunagar.,MOBILE_APP,CORROBORATED,PROCESSED,DUP-GRP-363,LOW,68,0
CR-2026-00501,ANON-TN-779D686D4F,2024-11-20 05:28:53,16,Kancheepuram,63,Kancheepuram South,154,Kancheepuram North Sector A,REHAB_NEED,COMMERCIAL_GANJA,Anonymous observation reported near Kancheepuram North Sector A locality in Kancheepuram.,MOBILE_APP,UNVERIFIED,PROCESSED,DUP-GRP-71,MEDIUM,91,0
CR-2026-00502,ANON-TN-7B87382835,2025-11-06 08:44:44,18,Tiruvallur,73,Tiruvallur South,182,Tiruvallur East Sector A,HEALTH_EMERGENCY,PRESCRIPTION_NARCOTICS,Anonymous observation reported near Tiruvallur East Sector A locality in Tiruvallur.,MOBILE_APP,CORROBORATED,PROCESSED,DUP-GRP-277,HIGH,87,0
CR-2026-00503,ANON-TN-8A0E0EF35E,2026-06-20 17:07:42,19,Cuddalore,79,Cuddalore Rural,185,Cuddalore North Sector A,SUSPECTED_DISTRIBUTION,UNKNOWN_CONTRABAND,Anonymous observation reported near Cuddalore North Sector A locality in Cuddalore.,TOLL_FREE_IVR,DISMISSED,PROCESSED,DUP-GRP-51,LOW,74,0
CR-2026-00504,ANON-TN-49AACBA466,2025-03-29 02:45:20,30,Ramanathapuram,119,Ramanathapuram South,299,Ramanathapuram West Bypass Hub,COMMUNITY_CONCERN,SYNTHETIC_MDMA,Anonymous observation reported near Ramanathapuram West Bypass Hub locality in Ramanathapuram.,MOBILE_APP,UNVERIFIED,PROCESSED,DUP-GRP-251,LOW,60,0
CR-2026-00505,ANON-TN-186D243CE1,2025-03-02 22:08:04,7,Tiruppur,27,Tiruppur South,67,Tiruppur East Sector A,SUSPECTED_DISTRIBUTION,OPIOID_ANALOGUES,Anonymous observation reported near Tiruppur East Sector A locality in Tiruppur.,TOLL_FREE_IVR,NEEDS_VERIFICATION,PROCESSED,DUP-GRP-124,HIGH,56,0
CR-2026-00506,ANON-TN-BFDA74AEB7,2025-06-28 04:33:47,30,Ramanathapuram,118,Ramanathapuram North,292,Ramanathapuram South Market,COMMUNITY_CONCERN,UNKNOWN_CONTRABAND,Anonymous observation reported near Ramanathapuram South Market locality in Ramanathapuram.,MOBILE_APP,CORROBORATED,PROCESSED,DUP-GRP-203,MEDIUM,76,0
CR-2026-00507,ANON-TN-15143388BD,2025-02-13 05:09:24,7,Tiruppur,28,Tiruppur East,66,Tiruppur South Market,SUSPECTED_DISTRIBUTION,UNKNOWN_CONTRABAND,Anonymous observation reported near Tiruppur South Market locality in Tiruppur.,WEB_PORTAL,NEEDS_VERIFICATION,PROCESSED,DUP-GRP-391,HIGH,72,0
CR-2026-00508,ANON-TN-4F4B8CFFBD,2026-03-28 03:00:53,30,Ramanathapuram,120,Ramanathapuram East,292,Ramanathapuram South Market,HEALTH_EMERGENCY,CHEMICAL_PRECURSORS,Anonymous observation reported near Ramanathapuram South Market locality in Ramanathapuram.,WEB_PORTAL,NEEDS_VERIFICATION,PROCESSED,DUP-GRP-62,MEDIUM,58,1
CR-2026-00509,ANON-TN-20E409AB38,2025-04-20 11:57:49,38,Tiruvannamalai,150,Tiruvannamalai North,366,Tiruvannamalai North Sector A,COMMUNITY_CONCERN,SYNTHETIC_MDMA,Anonymous observation reported near Tiruvannamalai North Sector A locality in Tiruvannamalai.,TOLL_FREE_IVR,DISMISSED,PROCESSED,DUP-GRP-220,MEDIUM,83,0
CR-2026-00510,ANON-TN-ABECC16DF9,2025-01-05 17:40:26,18,Tiruvallur,72,Tiruvallur North,183,Tiruvallur East Market,REHAB_NEED,PRESCRIPTION_NARCOTICS,Anonymous observation reported near Tiruvallur East Market locality in Tiruvallur.,WEB_PORTAL,DISMISSED,PROCESSED,DUP-GRP-154,MEDIUM,88,1
CR-2026-00511,ANON-TN-5F46E2AF5E,2025-11-14 01:51:15,20,Viluppuram,80,Viluppuram North,200,Viluppuram North Sector A,SUSPECTED_DISTRIBUTION,OPIOID_ANALOGUES,Anonymous observation reported near Viluppuram North Sector A locality in Viluppuram.,TELEGRAM_BOT,UNVERIFIED,PROCESSED,DUP-GRP-16,HIGH,71,0
CR-2026-00512,ANON-TN-F8818BF508,2024-10-01 04:15:44,15,Tenkasi,61,Tenkasi East,146,Tenkasi North Sector A,COMMUNITY_CONCERN,COMMERCIAL_GANJA,Anonymous observation reported near Tenkasi North Sector A locality in Tenkasi.,TELEGRAM_BOT,NEEDS_VERIFICATION,PROCESSED,DUP-GRP-263,HIGH,64,0
CR-2026-00513,ANON-TN-C3AF16E797,2026-03-30 00:31:59,2,Coimbatore,7,Coimbatore South,21,Coimbatore East Market,SUSPECTED_DISTRIBUTION,CHEMICAL_PRECURSORS,Anonymous observation reported near Coimbatore East Market locality in Coimbatore.,TELEGRAM_BOT,CORROBORATED,PROCESSED,DUP-GRP-254,LOW,73,0
CR-2026-00514,ANON-TN-FFA5C6B0A1,2025-01-03 15:26:00,33,Thiruvarur,135,Thiruvarur West,325,Thiruvarur South Sector A,SUSPECTED_DISTRIBUTION,CHEMICAL_PRECURSORS,Anonymous observation reported near Thiruvarur South Sector A locality in Thiruvarur.,MOBILE_APP,DISMISSED,PROCESSED,DUP-GRP-188,MEDIUM,89,0
CR-2026-00515,ANON-TN-A3ABA7ACD9,2025-08-16 13:43:34,12,Thanjavur,48,Thanjavur East,117,Thanjavur North Bypass Hub,COMMUNITY_CONCERN,OPIOID_ANALOGUES,Anonymous observation reported near Thanjavur North Bypass Hub locality in Thanjavur.,MOBILE_APP,DISMISSED,PROCESSED,DUP-GRP-297,HIGH,91,0
CR-2026-00516,ANON-TN-7334095B9F,2025-07-23 05:34:38,33,Thiruvarur,134,Thiruvarur East,324,Thiruvarur North Market,SUSPECTED_DISTRIBUTION,SYNTHETIC_MDMA,Anonymous observation reported near Thiruvarur North Market locality in Thiruvarur.,TOLL_FREE_IVR,CORROBORATED,PROCESSED,DUP-GRP-241,LOW,65,0
CR-2026-00517,ANON-TN-C30AE83564,2025-01-04 14:13:48,24,Nilgiris,96,Nilgiris North,243,Nilgiris West Sector A,SUSPECTED_DISTRIBUTION,OPIOID_ANALOGUES,Anonymous observation reported near Nilgiris West Sector A locality in Nilgiris.,MOBILE_APP,DISMISSED,PROCESSED,DUP-GRP-333,LOW,88,0
CR-2026-00518,ANON-TN-C9D150A4B8,2025-04-10 07:59:11,32,Theni,127,Theni North,314,Theni East Sector A,HEALTH_EMERGENCY,OPIOID_ANALOGUES,Anonymous observation reported near Theni East Sector A locality in Theni.,WEB_PORTAL,CORROBORATED,PROCESSED,DUP-GRP-24,HIGH,63,0
CR-2026-00519,ANON-TN-371A039DE1,2025-08-02 11:32:12,22,Dharmapuri,89,Dharmapuri South,221,Dharmapuri South Sector A,SUSPECTED_DISTRIBUTION,COMMERCIAL_GANJA,Anonymous observation reported near Dharmapuri South Sector A locality in Dharmapuri.,TOLL_FREE_IVR,DISMISSED,PROCESSED,DUP-GRP-248,LOW,60,0
CR-2026-00520,ANON-TN-539D16F225,2025-06-02 06:31:50,1,Chennai,1,Chennai North,6,Chennai South Bypass Hub,REHAB_NEED,SYNTHETIC_MDMA,Anonymous observation reported near Chennai South Bypass Hub locality in Chennai.,WEB_PORTAL,NEEDS_VERIFICATION,PROCESSED,DUP-GRP-33,MEDIUM,78,0
CR-2026-00521,ANON-TN-C034CA5F93,2025-02-05 10:05:47,27,Perambalur,110,Perambalur East,270,Perambalur East Sector A,HEALTH_EMERGENCY,UNKNOWN_CONTRABAND,Anonymous observation reported near Perambalur East Sector A locality in Perambalur.,TELEGRAM_BOT,DISMISSED,PROCESSED,DUP-GRP-390,MEDIUM,65,0
CR-2026-00522,ANON-TN-D6A5671590,2025-09-07 05:50:33,28,Pudukkottai,113,Pudukkottai East,273,Pudukkottai North Sector A,REHAB_NEED,COMMERCIAL_GANJA,Anonymous observation reported near Pudukkottai North Sector A locality in Pudukkottai.,WEB_PORTAL,NEEDS_VERIFICATION,PROCESSED,DUP-GRP-210,LOW,92,0
CR-2026-00523,ANON-TN-BE6BFDEA4A,2025-08-07 17:33:26,37,Tirupathur,149,Tirupathur East,362,Tirupathur South Market,HEALTH_EMERGENCY,COMMERCIAL_GANJA,Anonymous observation reported near Tirupathur South Market locality in Tirupathur.,TOLL_FREE_IVR,UNVERIFIED,PROCESSED,DUP-GRP-312,MEDIUM,65,0
CR-2026-00524,ANON-TN-39F5763A61,2026-04-25 19:27:28,2,Coimbatore,7,Coimbatore South,15,Coimbatore North Sector A,COMMUNITY_CONCERN,SYNTHETIC_MDMA,Anonymous observation reported near Coimbatore North Sector A locality in Coimbatore.,WEB_PORTAL,NEEDS_VERIFICATION,PROCESSED,DUP-GRP-347,MEDIUM,55,0
CR-2026-00525,ANON-TN-4B004D8995,2025-05-13 15:37:51,38,Tiruvannamalai,150,Tiruvannamalai North,373,Tiruvannamalai West Sector A,SUSPECTED_DISTRIBUTION,SYNTHETIC_MDMA,Anonymous observation reported near Tiruvannamalai West Sector A locality in Tiruvannamalai.,TELEGRAM_BOT,UNVERIFIED,PROCESSED,DUP-GRP-339,MEDIUM,64,0
CR-2026-00526,ANON-TN-5420523774,2026-07-05 11:43:45,5,Tiruchirappalli,20,Tiruchirappalli East,43,Tiruchirappalli North Sector A,COMMUNITY_CONCERN,COMMERCIAL_GANJA,Anonymous observation reported near Tiruchirappalli North Sector A locality in Tiruchirappalli.,TOLL_FREE_IVR,NEEDS_VERIFICATION,PROCESSED,DUP-GRP-326,MEDIUM,76,0
CR-2026-00527,ANON-TN-2F2F0939B0,2025-10-23 01:13:59,12,Thanjavur,47,Thanjavur South,121,Thanjavur East Market,SUSPECTED_DISTRIBUTION,PRESCRIPTION_NARCOTICS,Anonymous observation reported near Thanjavur East Market locality in Thanjavur.,TELEGRAM_BOT,DISMISSED,PROCESSED,DUP-GRP-367,HIGH,55,0
CR-2026-00528,ANON-TN-5C6FE2302D,2026-07-23 07:11:10,10,Krishnagiri,38,Krishnagiri North,97,Krishnagiri South Market,REHAB_NEED,CHEMICAL_PRECURSORS,Anonymous observation reported near Krishnagiri South Market locality in Krishnagiri.,TELEGRAM_BOT,UNVERIFIED,PROCESSED,DUP-GRP-199,HIGH,89,0
CR-2026-00529,ANON-TN-E8ADF47929,2025-11-15 18:58:03,6,Tirunelveli,24,Tirunelveli South,59,Tirunelveli South Bypass Hub,HEALTH_EMERGENCY,CHEMICAL_PRECURSORS,Anonymous observation reported near Tirunelveli South Bypass Hub locality in Tirunelveli.,WEB_PORTAL,NEEDS_VERIFICATION,PROCESSED,DUP-GRP-353,HIGH,82,0
CR-2026-00530,ANON-TN-FF181F14B9,2024-10-02 21:09:04,5,Tiruchirappalli,19,Tiruchirappalli South,48,Tiruchirappalli East Sector A,SUSPECTED_DISTRIBUTION,UNKNOWN_CONTRABAND,Anonymous observation reported near Tiruchirappalli East Sector A locality in Tiruchirappalli.,TOLL_FREE_IVR,CORROBORATED,PROCESSED,DUP-GRP-250,MEDIUM,56,0
CR-2026-00531,ANON-TN-6C3B73FDC7,2025-11-15 01:46:19,18,Tiruvallur,72,Tiruvallur North,181,Tiruvallur South Bypass Hub,HEALTH_EMERGENCY,SYNTHETIC_MDMA,Anonymous observation reported near Tiruvallur South Bypass Hub locality in Tiruvallur.,TELEGRAM_BOT,CORROBORATED,PROCESSED,DUP-GRP-38,LOW,69,0
CR-2026-00532,ANON-TN-F197B936C2,2024-09-27 19:33:11,23,Namakkal,95,Namakkal West,232,Namakkal East Sector A,REHAB_NEED,SYNTHETIC_MDMA,Anonymous observation reported near Namakkal East Sector A locality in Namakkal.,TELEGRAM_BOT,UNVERIFIED,PROCESSED,DUP-GRP-335,MEDIUM,89,0
CR-2026-00533,ANON-TN-F3FDBB33F0,2025-11-08 18:04:05,1,Chennai,3,Chennai East,10,Chennai West Market,REHAB_NEED,CHEMICAL_PRECURSORS,Anonymous observation reported near Chennai West Market locality in Chennai.,MOBILE_APP,DISMISSED,PROCESSED,DUP-GRP-42,LOW,71,0
CR-2026-00534,ANON-TN-760F90D065,2025-02-03 19:27:10,23,Namakkal,95,Namakkal West,234,Namakkal West Sector A,REHAB_NEED,OPIOID_ANALOGUES,Anonymous observation reported near Namakkal West Sector A locality in Namakkal.,TELEGRAM_BOT,CORROBORATED,PROCESSED,DUP-GRP-214,MEDIUM,72,0
CR-2026-00535,ANON-TN-84EC360441,2026-01-03 22:35:50,23,Namakkal,93,Namakkal South,233,Namakkal East Market,HEALTH_EMERGENCY,OPIOID_ANALOGUES,Anonymous observation reported near Namakkal East Market locality in Namakkal.,WEB_PORTAL,UNVERIFIED,PROCESSED,DUP-GRP-378,MEDIUM,69,0
CR-2026-00536,ANON-TN-1BCECFC97C,2025-12-12 01:05:37,15,Tenkasi,61,Tenkasi East,153,Tenkasi East Bypass Hub,HEALTH_EMERGENCY,COMMERCIAL_GANJA,Anonymous observation reported near Tenkasi East Bypass Hub locality in Tenkasi.,TOLL_FREE_IVR,NEEDS_VERIFICATION,PROCESSED,DUP-GRP-331,MEDIUM,82,0
CR-2026-00537,ANON-TN-75AC7E545D,2025-04-08 14:43:53,22,Dharmapuri,91,Dharmapuri West,226,Dharmapuri West Market,HEALTH_EMERGENCY,SYNTHETIC_MDMA,Anonymous observation reported near Dharmapuri West Market locality in Dharmapuri.,TELEGRAM_BOT,UNVERIFIED,PROCESSED,DUP-GRP-349,HIGH,66,0
CR-2026-00538,ANON-TN-80F292FF4A,2024-12-31 19:45:55,13,Thoothukudi,49,Thoothukudi North,130,Thoothukudi West Market,HEALTH_EMERGENCY,OPIOID_ANALOGUES,Anonymous observation reported near Thoothukudi West Market locality in Thoothukudi.,TOLL_FREE_IVR,CORROBORATED,PROCESSED,DUP-GRP-20,MEDIUM,90,0
CR-2026-00539,ANON-TN-0521E4D3A6,2026-01-17 03:47:16,27,Perambalur,109,Perambalur South,265,Perambalur North Sector A,REHAB_NEED,SYNTHETIC_MDMA,Anonymous observation reported near Perambalur North Sector A locality in Perambalur.,MOBILE_APP,NEEDS_VERIFICATION,PROCESSED,DUP-GRP-48,HIGH,60,0
CR-2026-00540,ANON-TN-D83382F02F,2026-02-07 21:50:21,12,Thanjavur,47,Thanjavur South,118,Thanjavur South Sector A,REHAB_NEED,PRESCRIPTION_NARCOTICS,Anonymous observation reported near Thanjavur South Sector A locality in Thanjavur.,MOBILE_APP,NEEDS_VERIFICATION,PROCESSED,DUP-GRP-279,MEDIUM,80,0
CR-2026-00541,ANON-TN-A0C38A7061,2026-06-12 09:34:19,6,Tirunelveli,23,Tirunelveli North,61,Tirunelveli East Market,SUSPECTED_DISTRIBUTION,UNKNOWN_CONTRABAND,Anonymous observation reported near Tirunelveli East Market locality in Tirunelveli.,TOLL_FREE_IVR,DISMISSED,PROCESSED,DUP-GRP-266,MEDIUM,60,0
CR-2026-00542,ANON-TN-2CB1183B6E,2024-12-22 01:46:23,33,Thiruvarur,132,Thiruvarur North,323,Thiruvarur North Sector A,REHAB_NEED,COMMERCIAL_GANJA,Anonymous observation reported near Thiruvarur North Sector A locality in Thiruvarur.,WEB_PORTAL,CORROBORATED,PROCESSED,DUP-GRP-345,LOW,62,0
CR-2026-00543,ANON-TN-B0E74A6D36,2024-11-09 14:37:52,2,Coimbatore,8,Coimbatore East,15,Coimbatore North Sector A,SUSPECTED_DISTRIBUTION,OPIOID_ANALOGUES,Anonymous observation reported near Coimbatore North Sector A locality in Coimbatore.,MOBILE_APP,UNVERIFIED,PROCESSED,DUP-GRP-248,LOW,80,1
CR-2026-00544,ANON-TN-15247F1F10,2025-03-09 16:36:04,37,Tirupathur,148,Tirupathur South,364,Tirupathur East Sector A,COMMUNITY_CONCERN,COMMERCIAL_GANJA,Anonymous observation reported near Tirupathur East Sector A locality in Tirupathur.,TELEGRAM_BOT,NEEDS_VERIFICATION,PROCESSED,DUP-GRP-242,MEDIUM,64,1
CR-2026-00545,ANON-TN-51CA39380F,2024-11-06 03:09:38,26,Ariyalur,105,Ariyalur South,263,Ariyalur West Sector A,COMMUNITY_CONCERN,UNKNOWN_CONTRABAND,Anonymous observation reported near Ariyalur West Sector A locality in Ariyalur.,MOBILE_APP,CORROBORATED,PROCESSED,DUP-GRP-392,HIGH,65,0
CR-2026-00546,ANON-TN-019E30FED4,2025-06-01 06:52:24,30,Ramanathapuram,121,Ramanathapuram West,297,Ramanathapuram West Sector A,REHAB_NEED,PRESCRIPTION_NARCOTICS,Anonymous observation reported near Ramanathapuram West Sector A locality in Ramanathapuram.,MOBILE_APP,UNVERIFIED,PROCESSED,DUP-GRP-178,LOW,78,0
CR-2026-00547,ANON-TN-446C8EC9B8,2025-04-17 06:35:05,20,Viluppuram,80,Viluppuram North,204,Viluppuram East Sector A,SUSPECTED_DISTRIBUTION,OPIOID_ANALOGUES,Anonymous observation reported near Viluppuram East Sector A locality in Viluppuram.,WEB_PORTAL,UNVERIFIED,PROCESSED,DUP-GRP-383,HIGH,78,0
CR-2026-00548,ANON-TN-43AE6622A0,2025-02-04 14:18:43,2,Coimbatore,6,Coimbatore North,21,Coimbatore East Market,REHAB_NEED,CHEMICAL_PRECURSORS,Anonymous observation reported near Coimbatore East Market locality in Coimbatore.,WEB_PORTAL,NEEDS_VERIFICATION,PROCESSED,DUP-GRP-355,LOW,79,0
CR-2026-00549,ANON-TN-D1C9EFAE71,2026-01-10 04:32:16,30,Ramanathapuram,120,Ramanathapuram East,291,Ramanathapuram South Sector A,COMMUNITY_CONCERN,OPIOID_ANALOGUES,Anonymous observation reported near Ramanathapuram South Sector A locality in Ramanathapuram.,TOLL_FREE_IVR,CORROBORATED,PROCESSED,DUP-GRP-284,MEDIUM,87,0
CR-2026-00550,ANON-TN-C36464DB7A,2025-01-16 15:10:33,1,Chennai,3,Chennai East,8,Chennai East Market,REHAB_NEED,PRESCRIPTION_NARCOTICS,Anonymous observation reported near Chennai East Market locality in Chennai.,WEB_PORTAL,DISMISSED,PROCESSED,DUP-GRP-99,HIGH,58,0
CR-2026-00551,ANON-TN-094355E7FE,2025-01-01 02:24:52,23,Namakkal,95,Namakkal West,234,Namakkal West Sector A,REHAB_NEED,UNKNOWN_CONTRABAND,Anonymous observation reported near Namakkal West Sector A locality in Namakkal.,WEB_PORTAL,DISMISSED,PROCESSED,DUP-GRP-287,LOW,84,0
CR-2026-00552,ANON-TN-011FB8A0AD,2025-07-19 04:27:43,11,Dindigul,45,Dindigul East,112,Dindigul East Sector A,COMMUNITY_CONCERN,SYNTHETIC_MDMA,Anonymous observation reported near Dindigul East Sector A locality in Dindigul.,WEB_PORTAL,UNVERIFIED,PROCESSED,DUP-GRP-94,HIGH,81,0
CR-2026-00553,ANON-TN-C539B3ECAA,2024-10-06 08:33:57,27,Perambalur,108,Perambalur North,267,Perambalur South Sector A,HEALTH_EMERGENCY,COMMERCIAL_GANJA,Anonymous observation reported near Perambalur South Sector A locality in Perambalur.,WEB_PORTAL,CORROBORATED,PROCESSED,DUP-GRP-278,HIGH,61,0
CR-2026-00554,ANON-TN-0EACB30D11,2026-05-04 03:18:55,32,Theni,127,Theni North,322,Theni Rural Bypass Hub,COMMUNITY_CONCERN,SYNTHETIC_MDMA,Anonymous observation reported near Theni Rural Bypass Hub locality in Theni.,MOBILE_APP,UNVERIFIED,PROCESSED,DUP-GRP-17,LOW,74,0
CR-2026-00555,ANON-TN-D8C99AB813,2026-05-16 17:59:39,2,Coimbatore,6,Coimbatore North,18,Coimbatore South Sector A,COMMUNITY_CONCERN,OPIOID_ANALOGUES,Anonymous observation reported near Coimbatore South Sector A locality in Coimbatore.,WEB_PORTAL,CORROBORATED,PROCESSED,DUP-GRP-371,HIGH,85,0
CR-2026-00556,ANON-TN-EB984F49BE,2026-08-09 13:02:15,18,Tiruvallur,72,Tiruvallur North,183,Tiruvallur East Market,SUSPECTED_DISTRIBUTION,SYNTHETIC_MDMA,Anonymous observation reported near Tiruvallur East Market locality in Tiruvallur.,TELEGRAM_BOT,CORROBORATED,PROCESSED,DUP-GRP-91,LOW,59,0
CR-2026-00557,ANON-TN-C87616230B,2024-10-12 06:45:31,27,Perambalur,109,Perambalur South,268,Perambalur South Market,HEALTH_EMERGENCY,OPIOID_ANALOGUES,Anonymous observation reported near Perambalur South Market locality in Perambalur.,TELEGRAM_BOT,UNVERIFIED,PROCESSED,DUP-GRP-391,MEDIUM,85,0
CR-2026-00558,ANON-TN-0BECA24F8C,2025-11-28 10:21:59,33,Thiruvarur,133,Thiruvarur South,326,Thiruvarur South Market,HEALTH_EMERGENCY,OPIOID_ANALOGUES,Anonymous observation reported near Thiruvarur South Market locality in Thiruvarur.,TOLL_FREE_IVR,DISMISSED,PROCESSED,DUP-GRP-307,MEDIUM,66,1
CR-2026-00559,ANON-TN-463FCE5274,2025-06-03 14:53:41,38,Tiruvannamalai,150,Tiruvannamalai North,374,Tiruvannamalai West Market,REHAB_NEED,COMMERCIAL_GANJA,Anonymous observation reported near Tiruvannamalai West Market locality in Tiruvannamalai.,TOLL_FREE_IVR,CORROBORATED,PROCESSED,DUP-GRP-308,HIGH,57,0
CR-2026-00560,ANON-TN-E09990BB5A,2026-01-06 22:13:28,22,Dharmapuri,91,Dharmapuri West,220,Dharmapuri North Market,HEALTH_EMERGENCY,OPIOID_ANALOGUES,Anonymous observation reported near Dharmapuri North Market locality in Dharmapuri.,WEB_PORTAL,DISMISSED,PROCESSED,DUP-GRP-216,LOW,78,0
CR-2026-00561,ANON-TN-FB79B08146,2025-01-13 03:12:48,16,Kancheepuram,63,Kancheepuram South,164,Kancheepuram Rural Market,COMMUNITY_CONCERN,CHEMICAL_PRECURSORS,Anonymous observation reported near Kancheepuram Rural Market locality in Kancheepuram.,WEB_PORTAL,DISMISSED,PROCESSED,DUP-GRP-142,LOW,65,0
CR-2026-00562,ANON-TN-BE0FDA3CFB,2025-04-17 20:22:20,13,Thoothukudi,51,Thoothukudi East,132,Thoothukudi Rural Market,REHAB_NEED,SYNTHETIC_MDMA,Anonymous observation reported near Thoothukudi Rural Market locality in Thoothukudi.,TELEGRAM_BOT,NEEDS_VERIFICATION,PROCESSED,DUP-GRP-42,HIGH,81,0
CR-2026-00563,ANON-TN-B07CC2FCD8,2026-05-19 19:39:15,11,Dindigul,44,Dindigul South,108,Dindigul North Market,COMMUNITY_CONCERN,UNKNOWN_CONTRABAND,Anonymous observation reported near Dindigul North Market locality in Dindigul.,MOBILE_APP,DISMISSED,PROCESSED,DUP-GRP-330,LOW,92,0
CR-2026-00564,ANON-TN-083EEB349F,2025-04-03 19:42:19,20,Viluppuram,81,Viluppuram South,205,Viluppuram East Market,COMMUNITY_CONCERN,OPIOID_ANALOGUES,Anonymous observation reported near Viluppuram East Market locality in Viluppuram.,TOLL_FREE_IVR,CORROBORATED,PROCESSED,DUP-GRP-377,LOW,68,1
CR-2026-00565,ANON-TN-271262E360,2026-03-14 11:39:50,28,Pudukkottai,112,Pudukkottai South,277,Pudukkottai East Sector A,COMMUNITY_CONCERN,OPIOID_ANALOGUES,Anonymous observation reported near Pudukkottai East Sector A locality in Pudukkottai.,TELEGRAM_BOT,UNVERIFIED,PROCESSED,DUP-GRP-358,HIGH,63,0
CR-2026-00566,ANON-TN-3E660203AE,2026-05-28 10:42:41,24,Nilgiris,96,Nilgiris North,240,Nilgiris East Sector A,SUSPECTED_DISTRIBUTION,PRESCRIPTION_NARCOTICS,Anonymous observation reported near Nilgiris East Sector A locality in Nilgiris.,TOLL_FREE_IVR,NEEDS_VERIFICATION,PROCESSED,DUP-GRP-22,LOW,71,0
CR-2026-00567,ANON-TN-C744CCE43A,2026-06-22 05:33:20,10,Krishnagiri,42,Krishnagiri Rural,97,Krishnagiri South Market,HEALTH_EMERGENCY,CHEMICAL_PRECURSORS,Anonymous observation reported near Krishnagiri South Market locality in Krishnagiri.,TELEGRAM_BOT,UNVERIFIED,PROCESSED,DUP-GRP-184,HIGH,75,0
CR-2026-00568,ANON-TN-6851EF1460,2026-06-01 16:13:29,11,Dindigul,43,Dindigul North,111,Dindigul South Market,COMMUNITY_CONCERN,OPIOID_ANALOGUES,Anonymous observation reported near Dindigul South Market locality in Dindigul.,MOBILE_APP,DISMISSED,PROCESSED,DUP-GRP-69,LOW,57,0
CR-2026-00569,ANON-TN-2992685D4C,2026-08-09 15:00:58,31,Virudhunagar,125,Virudhunagar West,308,Virudhunagar Rural Sector A,REHAB_NEED,CHEMICAL_PRECURSORS,Anonymous observation reported near Virudhunagar Rural Sector A locality in Virudhunagar.,TOLL_FREE_IVR,CORROBORATED,PROCESSED,DUP-GRP-311,HIGH,61,0
CR-2026-00570,ANON-TN-2E023725D8,2025-10-03 23:11:17,30,Ramanathapuram,119,Ramanathapuram South,296,Ramanathapuram East Bypass Hub,HEALTH_EMERGENCY,COMMERCIAL_GANJA,Anonymous observation reported near Ramanathapuram East Bypass Hub locality in Ramanathapuram.,TOLL_FREE_IVR,DISMISSED,PROCESSED,DUP-GRP-155,LOW,60,0
CR-2026-00571,ANON-TN-FD7C283B17,2025-12-08 21:40:58,29,Sivaganga,117,Sivaganga West,280,Sivaganga North Market,HEALTH_EMERGENCY,OPIOID_ANALOGUES,Anonymous observation reported near Sivaganga North Market locality in Sivaganga.,TELEGRAM_BOT,DISMISSED,PROCESSED,DUP-GRP-38,HIGH,57,0
CR-2026-00572,ANON-TN-11D0D79D4D,2025-06-30 10:39:30,2,Coimbatore,8,Coimbatore East,18,Coimbatore South Sector A,COMMUNITY_CONCERN,OPIOID_ANALOGUES,Anonymous observation reported near Coimbatore South Sector A locality in Coimbatore.,TOLL_FREE_IVR,DISMISSED,PROCESSED,DUP-GRP-336,HIGH,63,0
CR-2026-00573,ANON-TN-4F3DC443BB,2025-09-26 20:34:07,35,Mayiladuthurai,140,Mayiladuthurai North,345,Mayiladuthurai South Sector A,HEALTH_EMERGENCY,PRESCRIPTION_NARCOTICS,Anonymous observation reported near Mayiladuthurai South Sector A locality in Mayiladuthurai.,TELEGRAM_BOT,UNVERIFIED,PROCESSED,DUP-GRP-388,HIGH,56,0
CR-2026-00574,ANON-TN-79AB2A10B1,2025-06-14 19:04:02,32,Theni,131,Theni Rural,319,Theni West Bypass Hub,HEALTH_EMERGENCY,COMMERCIAL_GANJA,Anonymous observation reported near Theni West Bypass Hub locality in Theni.,MOBILE_APP,NEEDS_VERIFICATION,PROCESSED,DUP-GRP-362,LOW,59,0
CR-2026-00575,ANON-TN-1D502CE158,2026-05-07 04:33:51,31,Virudhunagar,123,Virudhunagar South,305,Virudhunagar East Market,REHAB_NEED,COMMERCIAL_GANJA,Anonymous observation reported near Virudhunagar East Market locality in Virudhunagar.,MOBILE_APP,UNVERIFIED,PROCESSED,DUP-GRP-394,HIGH,80,0
CR-2026-00576,ANON-TN-A4659CEA07,2025-04-01 15:22:55,17,Chengalpattu,70,Chengalpattu West,172,Chengalpattu East Market,SUSPECTED_DISTRIBUTION,CHEMICAL_PRECURSORS,Anonymous observation reported near Chengalpattu East Market locality in Chengalpattu.,TELEGRAM_BOT,DISMISSED,PROCESSED,DUP-GRP-12,HIGH,76,0
CR-2026-00577,ANON-TN-B316D993F6,2026-02-24 07:20:51,3,Madurai,10,Madurai South,23,Madurai North Market,REHAB_NEED,PRESCRIPTION_NARCOTICS,Anonymous observation reported near Madurai North Market locality in Madurai.,WEB_PORTAL,UNVERIFIED,PROCESSED,DUP-GRP-20,HIGH,75,0
CR-2026-00578,ANON-TN-FB34C48EA0,2026-06-04 19:20:09,6,Tirunelveli,25,Tirunelveli East,55,Tirunelveli North Sector A,HEALTH_EMERGENCY,SYNTHETIC_MDMA,Anonymous observation reported near Tirunelveli North Sector A locality in Tirunelveli.,MOBILE_APP,CORROBORATED,PROCESSED,DUP-GRP-372,LOW,55,0
CR-2026-00579,ANON-TN-E9595FA4AC,2025-02-13 02:56:45,19,Cuddalore,76,Cuddalore South,194,Cuddalore West Sector A,COMMUNITY_CONCERN,UNKNOWN_CONTRABAND,Anonymous observation reported near Cuddalore West Sector A locality in Cuddalore.,WEB_PORTAL,DISMISSED,PROCESSED,DUP-GRP-283,HIGH,76,0
CR-2026-00580,ANON-TN-1758E8B6FB,2026-05-01 04:51:33,32,Theni,129,Theni East,311,Theni North Market,HEALTH_EMERGENCY,CHEMICAL_PRECURSORS,Anonymous observation reported near Theni North Market locality in Theni.,MOBILE_APP,NEEDS_VERIFICATION,PROCESSED,DUP-GRP-197,HIGH,82,0
CR-2026-00581,ANON-TN-2E02F0BE39,2025-09-12 11:39:07,36,Ranipet,146,Ranipet East,358,Ranipet East Market,SUSPECTED_DISTRIBUTION,UNKNOWN_CONTRABAND,Anonymous observation reported near Ranipet East Market locality in Ranipet.,MOBILE_APP,UNVERIFIED,PROCESSED,DUP-GRP-219,LOW,78,0
CR-2026-00582,ANON-TN-9E3F73AE42,2024-11-03 00:53:14,12,Thanjavur,47,Thanjavur South,120,Thanjavur East Sector A,REHAB_NEED,COMMERCIAL_GANJA,Anonymous observation reported near Thanjavur East Sector A locality in Thanjavur.,TELEGRAM_BOT,CORROBORATED,PROCESSED,DUP-GRP-346,LOW,61,0
CR-2026-00583,ANON-TN-4D2B234E38,2025-10-30 05:24:45,10,Krishnagiri,41,Krishnagiri West,101,Krishnagiri West Sector A,REHAB_NEED,OPIOID_ANALOGUES,Anonymous observation reported near Krishnagiri West Sector A locality in Krishnagiri.,TELEGRAM_BOT,CORROBORATED,PROCESSED,DUP-GRP-9,LOW,71,0
CR-2026-00584,ANON-TN-3FF46921FE,2024-12-14 07:46:47,32,Theni,130,Theni West,314,Theni East Sector A,HEALTH_EMERGENCY,CHEMICAL_PRECURSORS,Anonymous observation reported near Theni East Sector A locality in Theni.,TELEGRAM_BOT,CORROBORATED,PROCESSED,DUP-GRP-146,MEDIUM,71,0
CR-2026-00585,ANON-TN-E31F6906CC,2024-11-12 04:20:46,31,Virudhunagar,122,Virudhunagar North,305,Virudhunagar East Market,SUSPECTED_DISTRIBUTION,PRESCRIPTION_NARCOTICS,Anonymous observation reported near Virudhunagar East Market locality in Virudhunagar.,TOLL_FREE_IVR,CORROBORATED,PROCESSED,DUP-GRP-377,HIGH,63,1
CR-2026-00586,ANON-TN-924E8144D3,2025-11-24 03:28:55,3,Madurai,12,Madurai West,31,Madurai West Market,SUSPECTED_DISTRIBUTION,SYNTHETIC_MDMA,Anonymous observation reported near Madurai West Market locality in Madurai.,TOLL_FREE_IVR,NEEDS_VERIFICATION,PROCESSED,DUP-GRP-93,HIGH,55,0
CR-2026-00587,ANON-TN-1779AAF3C0,2026-02-28 16:29:04,24,Nilgiris,97,Nilgiris South,238,Nilgiris South Sector A,HEALTH_EMERGENCY,PRESCRIPTION_NARCOTICS,Anonymous observation reported near Nilgiris South Sector A locality in Nilgiris.,MOBILE_APP,DISMISSED,PROCESSED,DUP-GRP-147,MEDIUM,64,0
CR-2026-00588,ANON-TN-4CD3ABA4ED,2026-07-04 23:50:01,23,Namakkal,94,Namakkal East,230,Namakkal South Market,SUSPECTED_DISTRIBUTION,OPIOID_ANALOGUES,Anonymous observation reported near Namakkal South Market locality in Namakkal.,MOBILE_APP,UNVERIFIED,PROCESSED,DUP-GRP-20,LOW,69,1
CR-2026-00589,ANON-TN-DC8237B73E,2026-08-17 06:22:50,10,Krishnagiri,39,Krishnagiri South,102,Krishnagiri West Market,COMMUNITY_CONCERN,UNKNOWN_CONTRABAND,Anonymous observation reported near Krishnagiri West Market locality in Krishnagiri.,TOLL_FREE_IVR,CORROBORATED,PROCESSED,DUP-GRP-380,HIGH,55,0
CR-2026-00590,ANON-TN-CFB91F9019,2025-06-02 14:47:13,7,Tiruppur,26,Tiruppur North,63,Tiruppur North Sector A,REHAB_NEED,COMMERCIAL_GANJA,Anonymous observation reported near Tiruppur North Sector A locality in Tiruppur.,TOLL_FREE_IVR,DISMISSED,PROCESSED,DUP-GRP-116,MEDIUM,76,0
CR-2026-00591,ANON-TN-56FA44954B,2026-02-03 19:55:57,10,Krishnagiri,39,Krishnagiri South,94,Krishnagiri North Market,REHAB_NEED,PRESCRIPTION_NARCOTICS,Anonymous observation reported near Krishnagiri North Market locality in Krishnagiri.,TOLL_FREE_IVR,CORROBORATED,PROCESSED,DUP-GRP-168,MEDIUM,76,0
CR-2026-00592,ANON-TN-DB987D6FC1,2024-12-07 23:49:52,34,Nagapattinam,138,Nagapattinam East,334,Nagapattinam North Bypass Hub,REHAB_NEED,COMMERCIAL_GANJA,Anonymous observation reported near Nagapattinam North Bypass Hub locality in Nagapattinam.,MOBILE_APP,CORROBORATED,PROCESSED,DUP-GRP-6,MEDIUM,61,0
CR-2026-00593,ANON-TN-67CFC89448,2025-08-16 05:43:25,14,Kanniyakumari,58,Kanniyakumari Rural,139,Kanniyakumari East Sector A,SUSPECTED_DISTRIBUTION,UNKNOWN_CONTRABAND,Anonymous observation reported near Kanniyakumari East Sector A locality in Kanniyakumari.,WEB_PORTAL,NEEDS_VERIFICATION,PROCESSED,DUP-GRP-103,HIGH,89,0
CR-2026-00594,ANON-TN-D0D5E50A1A,2025-05-14 14:40:08,18,Tiruvallur,74,Tiruvallur East,178,Tiruvallur North Market,COMMUNITY_CONCERN,CHEMICAL_PRECURSORS,Anonymous observation reported near Tiruvallur North Market locality in Tiruvallur.,WEB_PORTAL,UNVERIFIED,PROCESSED,DUP-GRP-57,LOW,74,0
CR-2026-00595,ANON-TN-062D06C2A7,2025-04-06 08:47:56,24,Nilgiris,99,Nilgiris West,243,Nilgiris West Sector A,SUSPECTED_DISTRIBUTION,UNKNOWN_CONTRABAND,Anonymous observation reported near Nilgiris West Sector A locality in Nilgiris.,WEB_PORTAL,CORROBORATED,PROCESSED,DUP-GRP-115,MEDIUM,70,0
CR-2026-00596,ANON-TN-FCFF920CED,2026-07-27 10:15:24,2,Coimbatore,7,Coimbatore South,15,Coimbatore North Sector A,COMMUNITY_CONCERN,OPIOID_ANALOGUES,Anonymous observation reported near Coimbatore North Sector A locality in Coimbatore.,TELEGRAM_BOT,DISMISSED,PROCESSED,DUP-GRP-149,HIGH,66,0
CR-2026-00597,ANON-TN-2B52FA1CD1,2025-06-23 13:53:42,31,Virudhunagar,124,Virudhunagar East,309,Virudhunagar Rural Market,REHAB_NEED,OPIOID_ANALOGUES,Anonymous observation reported near Virudhunagar Rural Market locality in Virudhunagar.,TELEGRAM_BOT,CORROBORATED,PROCESSED,DUP-GRP-48,HIGH,61,0
CR-2026-00598,ANON-TN-404369B3F1,2025-10-19 01:14:17,36,Ranipet,145,Ranipet South,356,Ranipet South Market,SUSPECTED_DISTRIBUTION,SYNTHETIC_MDMA,Anonymous observation reported near Ranipet South Market locality in Ranipet.,MOBILE_APP,NEEDS_VERIFICATION,PROCESSED,DUP-GRP-355,LOW,89,0
CR-2026-00599,ANON-TN-4BF2E74E4F,2026-06-27 09:49:16,17,Chengalpattu,70,Chengalpattu West,172,Chengalpattu East Market,HEALTH_EMERGENCY,UNKNOWN_CONTRABAND,Anonymous observation reported near Chengalpattu East Market locality in Chengalpattu.,TOLL_FREE_IVR,DISMISSED,PROCESSED,DUP-GRP-111,LOW,63,0
CR-2026-00600,ANON-TN-16422602E2,2025-06-04 20:38:21,20,Viluppuram,80,Viluppuram North,204,Viluppuram East Sector A,REHAB_NEED,OPIOID_ANALOGUES,Anonymous observation reported near Viluppuram East Sector A locality in Viluppuram.,MOBILE_APP,NEEDS_VERIFICATION,PROCESSED,DUP-GRP-367,MEDIUM,57,0
CR-2026-00601,ANON-TN-459B874B5E,2026-03-29 18:36:52,5,Tiruchirappalli,20,Tiruchirappalli East,48,Tiruchirappalli East Sector A,HEALTH_EMERGENCY,OPIOID_ANALOGUES,Anonymous observation reported near Tiruchirappalli East Sector A locality in Tiruchirappalli.,WEB_PORTAL,CORROBORATED,PROCESSED,DUP-GRP-268,MEDIUM,67,0
CR-2026-00602,ANON-TN-076600F833,2025-02-18 10:24:33,18,Tiruvallur,72,Tiruvallur North,181,Tiruvallur South Bypass Hub,HEALTH_EMERGENCY,PRESCRIPTION_NARCOTICS,Anonymous observation reported near Tiruvallur South Bypass Hub locality in Tiruvallur.,TELEGRAM_BOT,UNVERIFIED,PROCESSED,DUP-GRP-23,MEDIUM,66,0
CR-2026-00603,ANON-TN-78142E6891,2025-03-05 13:23:16,6,Tirunelveli,23,Tirunelveli North,56,Tirunelveli North Market,REHAB_NEED,OPIOID_ANALOGUES,Anonymous observation reported near Tirunelveli North Market locality in Tirunelveli.,TELEGRAM_BOT,UNVERIFIED,PROCESSED,DUP-GRP-204,LOW,78,0
CR-2026-00604,ANON-TN-0C7AD7D386,2025-06-17 08:26:53,4,Salem,16,Salem West,38,Salem East Market,COMMUNITY_CONCERN,OPIOID_ANALOGUES,Anonymous observation reported near Salem East Market locality in Salem.,TELEGRAM_BOT,CORROBORATED,PROCESSED,DUP-GRP-246,HIGH,67,0
CR-2026-00605,ANON-TN-6C7284A616,2025-04-18 20:47:31,4,Salem,16,Salem West,36,Salem South Market,REHAB_NEED,SYNTHETIC_MDMA,Anonymous observation reported near Salem South Market locality in Salem.,MOBILE_APP,DISMISSED,PROCESSED,DUP-GRP-147,LOW,92,0
CR-2026-00606,ANON-TN-A3585DAD5A,2025-01-10 13:47:07,35,Mayiladuthurai,140,Mayiladuthurai North,351,Mayiladuthurai West Bypass Hub,SUSPECTED_DISTRIBUTION,CHEMICAL_PRECURSORS,Anonymous observation reported near Mayiladuthurai West Bypass Hub locality in Mayiladuthurai.,TELEGRAM_BOT,UNVERIFIED,PROCESSED,DUP-GRP-270,MEDIUM,75,1
CR-2026-00607,ANON-TN-B7D60B4C51,2026-08-12 07:50:32,17,Chengalpattu,69,Chengalpattu East,170,Chengalpattu South Bypass Hub,SUSPECTED_DISTRIBUTION,OPIOID_ANALOGUES,Anonymous observation reported near Chengalpattu South Bypass Hub locality in Chengalpattu.,TELEGRAM_BOT,UNVERIFIED,PROCESSED,DUP-GRP-246,MEDIUM,67,0
CR-2026-00608,ANON-TN-06667B68F9,2026-07-10 23:33:52,21,Kallakurichi,87,Kallakurichi Rural,210,Kallakurichi South Market,COMMUNITY_CONCERN,SYNTHETIC_MDMA,Anonymous observation reported near Kallakurichi South Market locality in Kallakurichi.,TOLL_FREE_IVR,NEEDS_VERIFICATION,PROCESSED,DUP-GRP-40,MEDIUM,88,1
CR-2026-00609,ANON-TN-643E4BE708,2024-10-15 19:34:07,38,Tiruvannamalai,151,Tiruvannamalai South,374,Tiruvannamalai West Market,HEALTH_EMERGENCY,OPIOID_ANALOGUES,Anonymous observation reported near Tiruvannamalai West Market locality in Tiruvannamalai.,MOBILE_APP,CORROBORATED,PROCESSED,DUP-GRP-252,HIGH,57,0
CR-2026-00610,ANON-TN-F649BF1EC4,2025-02-10 18:26:24,26,Ariyalur,106,Ariyalur East,263,Ariyalur West Sector A,HEALTH_EMERGENCY,PRESCRIPTION_NARCOTICS,Anonymous observation reported near Ariyalur West Sector A locality in Ariyalur.,MOBILE_APP,NEEDS_VERIFICATION,PROCESSED,DUP-GRP-12,HIGH,64,0
CR-2026-00611,ANON-TN-4406D1E740,2025-02-06 20:03:09,34,Nagapattinam,137,Nagapattinam South,340,Nagapattinam West Sector A,REHAB_NEED,PRESCRIPTION_NARCOTICS,Anonymous observation reported near Nagapattinam West Sector A locality in Nagapattinam.,TELEGRAM_BOT,DISMISSED,PROCESSED,DUP-GRP-117,MEDIUM,79,0
CR-2026-00612,ANON-TN-2B0FDD0712,2024-09-26 23:28:36,4,Salem,13,Salem North,35,Salem South Sector A,SUSPECTED_DISTRIBUTION,CHEMICAL_PRECURSORS,Anonymous observation reported near Salem South Sector A locality in Salem.,TELEGRAM_BOT,CORROBORATED,PROCESSED,DUP-GRP-259,MEDIUM,60,0
CR-2026-00613,ANON-TN-E56642DCD4,2024-10-02 23:24:56,31,Virudhunagar,122,Virudhunagar North,303,Virudhunagar South Market,SUSPECTED_DISTRIBUTION,SYNTHETIC_MDMA,Anonymous observation reported near Virudhunagar South Market locality in Virudhunagar.,WEB_PORTAL,CORROBORATED,PROCESSED,DUP-GRP-367,HIGH,82,0
CR-2026-00614,ANON-TN-199782A395,2026-04-24 16:40:56,7,Tiruppur,26,Tiruppur North,65,Tiruppur South Sector A,HEALTH_EMERGENCY,SYNTHETIC_MDMA,Anonymous observation reported near Tiruppur South Sector A locality in Tiruppur.,TELEGRAM_BOT,DISMISSED,PROCESSED,DUP-GRP-286,HIGH,89,0
CR-2026-00615,ANON-TN-A504CBB91D,2025-05-20 01:36:23,26,Ariyalur,104,Ariyalur North,258,Ariyalur South Sector A,REHAB_NEED,CHEMICAL_PRECURSORS,Anonymous observation reported near Ariyalur South Sector A locality in Ariyalur.,TOLL_FREE_IVR,UNVERIFIED,PROCESSED,DUP-GRP-82,HIGH,75,0
CR-2026-00616,ANON-TN-3DEA50D48E,2024-10-31 02:44:26,27,Perambalur,109,Perambalur South,267,Perambalur South Sector A,REHAB_NEED,UNKNOWN_CONTRABAND,Anonymous observation reported near Perambalur South Sector A locality in Perambalur.,WEB_PORTAL,NEEDS_VERIFICATION,PROCESSED,DUP-GRP-311,LOW,74,0
CR-2026-00617,ANON-TN-94B21A6124,2026-04-27 16:45:44,17,Chengalpattu,68,Chengalpattu South,168,Chengalpattu South Sector A,HEALTH_EMERGENCY,UNKNOWN_CONTRABAND,Anonymous observation reported near Chengalpattu South Sector A locality in Chengalpattu.,WEB_PORTAL,UNVERIFIED,PROCESSED,DUP-GRP-161,HIGH,68,0
CR-2026-00618,ANON-TN-9245802155,2024-09-22 03:20:55,37,Tirupathur,147,Tirupathur North,361,Tirupathur South Sector A,COMMUNITY_CONCERN,UNKNOWN_CONTRABAND,Anonymous observation reported near Tirupathur South Sector A locality in Tirupathur.,TOLL_FREE_IVR,CORROBORATED,PROCESSED,DUP-GRP-24,MEDIUM,64,0
CR-2026-00619,ANON-TN-38F150968E,2026-07-05 23:00:49,34,Nagapattinam,136,Nagapattinam North,333,Nagapattinam North Market,REHAB_NEED,SYNTHETIC_MDMA,Anonymous observation reported near Nagapattinam North Market locality in Nagapattinam.,TELEGRAM_BOT,CORROBORATED,PROCESSED,DUP-GRP-260,MEDIUM,82,0
CR-2026-00620,ANON-TN-0AF74E4736,2025-08-11 02:07:01,14,Kanniyakumari,54,Kanniyakumari North,137,Kanniyakumari South Sector A,HEALTH_EMERGENCY,OPIOID_ANALOGUES,Anonymous observation reported near Kanniyakumari South Sector A locality in Kanniyakumari.,WEB_PORTAL,CORROBORATED,PROCESSED,DUP-GRP-276,HIGH,62,0
CR-2026-00621,ANON-TN-610CA06667,2025-04-03 15:37:45,16,Kancheepuram,66,Kancheepuram Rural,160,Kancheepuram West Sector A,COMMUNITY_CONCERN,CHEMICAL_PRECURSORS,Anonymous observation reported near Kancheepuram West Sector A locality in Kancheepuram.,MOBILE_APP,CORROBORATED,PROCESSED,DUP-GRP-273,LOW,80,0
CR-2026-00622,ANON-TN-6684A9EC70,2026-02-09 02:13:47,8,Erode,29,Erode North,77,Erode West Sector A,COMMUNITY_CONCERN,OPIOID_ANALOGUES,Anonymous observation reported near Erode West Sector A locality in Erode.,TELEGRAM_BOT,NEEDS_VERIFICATION,PROCESSED,DUP-GRP-247,MEDIUM,63,0
CR-2026-00623,ANON-TN-7BD62A08E3,2025-11-15 08:12:59,27,Perambalur,108,Perambalur North,265,Perambalur North Sector A,COMMUNITY_CONCERN,UNKNOWN_CONTRABAND,Anonymous observation reported near Perambalur North Sector A locality in Perambalur.,TOLL_FREE_IVR,NEEDS_VERIFICATION,PROCESSED,DUP-GRP-27,MEDIUM,69,0
CR-2026-00624,ANON-TN-8713A567A8,2026-05-30 02:11:46,19,Cuddalore,76,Cuddalore South,188,Cuddalore South Sector A,SUSPECTED_DISTRIBUTION,SYNTHETIC_MDMA,Anonymous observation reported near Cuddalore South Sector A locality in Cuddalore.,MOBILE_APP,UNVERIFIED,PROCESSED,DUP-GRP-204,HIGH,75,1
CR-2026-00625,ANON-TN-2330750D4A,2026-06-08 10:45:03,20,Viluppuram,82,Viluppuram East,205,Viluppuram East Market,COMMUNITY_CONCERN,SYNTHETIC_MDMA,Anonymous observation reported near Viluppuram East Market locality in Viluppuram.,TOLL_FREE_IVR,NEEDS_VERIFICATION,PROCESSED,DUP-GRP-111,LOW,55,0
CR-2026-00626,ANON-TN-A8BA193DE6,2026-06-18 19:13:13,15,Tenkasi,61,Tenkasi East,147,Tenkasi North Market,REHAB_NEED,PRESCRIPTION_NARCOTICS,Anonymous observation reported near Tenkasi North Market locality in Tenkasi.,TELEGRAM_BOT,NEEDS_VERIFICATION,PROCESSED,DUP-GRP-90,LOW,83,0
CR-2026-00627,ANON-TN-E4DACB1F79,2025-01-21 02:51:30,34,Nagapattinam,139,Nagapattinam West,342,Nagapattinam West Bypass Hub,REHAB_NEED,OPIOID_ANALOGUES,Anonymous observation reported near Nagapattinam West Bypass Hub locality in Nagapattinam.,TELEGRAM_BOT,NEEDS_VERIFICATION,PROCESSED,DUP-GRP-151,MEDIUM,81,0
CR-2026-00628,ANON-TN-52F94E2447,2025-05-06 11:09:03,36,Ranipet,145,Ranipet South,353,Ranipet North Market,HEALTH_EMERGENCY,SYNTHETIC_MDMA,Anonymous observation reported near Ranipet North Market locality in Ranipet.,MOBILE_APP,DISMISSED,PROCESSED,DUP-GRP-110,HIGH,69,0
CR-2026-00629,ANON-TN-28F0011DFE,2026-03-27 20:54:22,25,Karur,103,Karur West,246,Karur North Market,COMMUNITY_CONCERN,COMMERCIAL_GANJA,Anonymous observation reported near Karur North Market locality in Karur.,MOBILE_APP,CORROBORATED,PROCESSED,DUP-GRP-26,LOW,88,1
CR-2026-00630,ANON-TN-A4277CEAE7,2026-08-08 21:16:22,13,Thoothukudi,50,Thoothukudi South,125,Thoothukudi South Sector A,HEALTH_EMERGENCY,SYNTHETIC_MDMA,Anonymous observation reported near Thoothukudi South Sector A locality in Thoothukudi.,WEB_PORTAL,NEEDS_VERIFICATION,PROCESSED,DUP-GRP-99,MEDIUM,67,0
CR-2026-00631,ANON-TN-7EF85E64AD,2024-11-24 11:07:06,23,Namakkal,93,Namakkal South,235,Namakkal West Market,COMMUNITY_CONCERN,UNKNOWN_CONTRABAND,Anonymous observation reported near Namakkal West Market locality in Namakkal.,TELEGRAM_BOT,DISMISSED,PROCESSED,DUP-GRP-85,MEDIUM,82,1
CR-2026-00632,ANON-TN-754A9C3ABC,2025-12-13 01:14:27,24,Nilgiris,99,Nilgiris West,236,Nilgiris North Sector A,COMMUNITY_CONCERN,UNKNOWN_CONTRABAND,Anonymous observation reported near Nilgiris North Sector A locality in Nilgiris.,WEB_PORTAL,DISMISSED,PROCESSED,DUP-GRP-276,MEDIUM,76,0
CR-2026-00633,ANON-TN-315CC7789E,2025-02-21 17:54:56,7,Tiruppur,27,Tiruppur South,65,Tiruppur South Sector A,REHAB_NEED,PRESCRIPTION_NARCOTICS,Anonymous observation reported near Tiruppur South Sector A locality in Tiruppur.,WEB_PORTAL,CORROBORATED,PROCESSED,DUP-GRP-202,LOW,67,0
CR-2026-00634,ANON-TN-40FADA939D,2025-02-28 13:34:44,21,Kallakurichi,85,Kallakurichi East,211,Kallakurichi East Sector A,COMMUNITY_CONCERN,CHEMICAL_PRECURSORS,Anonymous observation reported near Kallakurichi East Sector A locality in Kallakurichi.,WEB_PORTAL,CORROBORATED,PROCESSED,DUP-GRP-332,LOW,70,0
CR-2026-00635,ANON-TN-5B3D02BFC1,2025-12-13 13:34:21,30,Ramanathapuram,120,Ramanathapuram East,299,Ramanathapuram West Bypass Hub,SUSPECTED_DISTRIBUTION,OPIOID_ANALOGUES,Anonymous observation reported near Ramanathapuram West Bypass Hub locality in Ramanathapuram.,WEB_PORTAL,UNVERIFIED,PROCESSED,DUP-GRP-145,HIGH,79,0
CR-2026-00636,ANON-TN-8A4CDC58ED,2025-08-31 08:32:27,25,Karur,101,Karur South,248,Karur South Sector A,HEALTH_EMERGENCY,COMMERCIAL_GANJA,Anonymous observation reported near Karur South Sector A locality in Karur.,MOBILE_APP,CORROBORATED,PROCESSED,DUP-GRP-325,MEDIUM,92,1
CR-2026-00637,ANON-TN-1804BA2296,2025-12-26 13:02:45,19,Cuddalore,75,Cuddalore North,187,Cuddalore North Bypass Hub,HEALTH_EMERGENCY,PRESCRIPTION_NARCOTICS,Anonymous observation reported near Cuddalore North Bypass Hub locality in Cuddalore.,WEB_PORTAL,UNVERIFIED,PROCESSED,DUP-GRP-326,HIGH,62,0
CR-2026-00638,ANON-TN-8E843D4B86,2025-02-05 02:50:05,14,Kanniyakumari,56,Kanniyakumari East,135,Kanniyakumari North Market,REHAB_NEED,COMMERCIAL_GANJA,Anonymous observation reported near Kanniyakumari North Market locality in Kanniyakumari.,TOLL_FREE_IVR,NEEDS_VERIFICATION,PROCESSED,DUP-GRP-37,MEDIUM,63,0
CR-2026-00639,ANON-TN-846354C399,2025-11-10 12:12:49,12,Thanjavur,46,Thanjavur North,116,Thanjavur North Market,SUSPECTED_DISTRIBUTION,COMMERCIAL_GANJA,Anonymous observation reported near Thanjavur North Market locality in Thanjavur.,WEB_PORTAL,UNVERIFIED,PROCESSED,DUP-GRP-12,MEDIUM,58,0
CR-2026-00640,ANON-TN-939C639EF2,2024-10-27 16:57:02,21,Kallakurichi,85,Kallakurichi East,210,Kallakurichi South Market,REHAB_NEED,UNKNOWN_CONTRABAND,Anonymous observation reported near Kallakurichi South Market locality in Kallakurichi.,WEB_PORTAL,NEEDS_VERIFICATION,PROCESSED,DUP-GRP-380,HIGH,56,0
CR-2026-00641,ANON-TN-9C767C6619,2025-11-29 17:01:24,19,Cuddalore,78,Cuddalore West,197,Cuddalore Rural Sector A,HEALTH_EMERGENCY,CHEMICAL_PRECURSORS,Anonymous observation reported near Cuddalore Rural Sector A locality in Cuddalore.,WEB_PORTAL,DISMISSED,PROCESSED,DUP-GRP-157,MEDIUM,59,0
CR-2026-00642,ANON-TN-26FEDD65D6,2024-12-17 13:17:00,11,Dindigul,44,Dindigul South,107,Dindigul North Sector A,HEALTH_EMERGENCY,COMMERCIAL_GANJA,Anonymous observation reported near Dindigul North Sector A locality in Dindigul.,MOBILE_APP,DISMISSED,PROCESSED,DUP-GRP-159,HIGH,90,0
CR-2026-00643,ANON-TN-273E6FC1B4,2026-03-23 10:06:58,9,Vellore,33,Vellore North,92,Vellore Rural Bypass Hub,HEALTH_EMERGENCY,PRESCRIPTION_NARCOTICS,Anonymous observation reported near Vellore Rural Bypass Hub locality in Vellore.,WEB_PORTAL,DISMISSED,PROCESSED,DUP-GRP-231,HIGH,91,0
CR-2026-00644,ANON-TN-6083274F26,2024-09-25 14:24:38,20,Viluppuram,80,Viluppuram North,201,Viluppuram North Market,HEALTH_EMERGENCY,COMMERCIAL_GANJA,Anonymous observation reported near Viluppuram North Market locality in Viluppuram.,TOLL_FREE_IVR,UNVERIFIED,PROCESSED,DUP-GRP-259,HIGH,68,1
CR-2026-00645,ANON-TN-9F11993D10,2025-12-03 14:53:54,7,Tiruppur,27,Tiruppur South,67,Tiruppur East Sector A,COMMUNITY_CONCERN,SYNTHETIC_MDMA,Anonymous observation reported near Tiruppur East Sector A locality in Tiruppur.,MOBILE_APP,DISMISSED,PROCESSED,DUP-GRP-356,HIGH,79,1
CR-2026-00646,ANON-TN-AD335BE81B,2025-02-18 15:40:32,34,Nagapattinam,136,Nagapattinam North,333,Nagapattinam North Market,SUSPECTED_DISTRIBUTION,SYNTHETIC_MDMA,Anonymous observation reported near Nagapattinam North Market locality in Nagapattinam.,TOLL_FREE_IVR,DISMISSED,PROCESSED,DUP-GRP-7,LOW,91,0
CR-2026-00647,ANON-TN-AF895CBE7B,2026-03-01 07:16:11,2,Coimbatore,6,Coimbatore North,21,Coimbatore East Market,REHAB_NEED,PRESCRIPTION_NARCOTICS,Anonymous observation reported near Coimbatore East Market locality in Coimbatore.,TELEGRAM_BOT,DISMISSED,PROCESSED,DUP-GRP-360,MEDIUM,90,1
CR-2026-00648,ANON-TN-4C1E0A1B7B,2025-02-13 15:42:28,14,Kanniyakumari,58,Kanniyakumari Rural,137,Kanniyakumari South Sector A,COMMUNITY_CONCERN,CHEMICAL_PRECURSORS,Anonymous observation reported near Kanniyakumari South Sector A locality in Kanniyakumari.,TELEGRAM_BOT,CORROBORATED,PROCESSED,DUP-GRP-16,HIGH,61,0
CR-2026-00649,ANON-TN-EC57CC44AD,2025-12-19 16:39:14,33,Thiruvarur,133,Thiruvarur South,330,Thiruvarur West Sector A,REHAB_NEED,SYNTHETIC_MDMA,Anonymous observation reported near Thiruvarur West Sector A locality in Thiruvarur.,MOBILE_APP,CORROBORATED,PROCESSED,DUP-GRP-308,MEDIUM,84,0
CR-2026-00650,ANON-TN-E9A6EDBFC0,2025-10-07 10:16:52,19,Cuddalore,75,Cuddalore North,195,Cuddalore West Market,SUSPECTED_DISTRIBUTION,UNKNOWN_CONTRABAND,Anonymous observation reported near Cuddalore West Market locality in Cuddalore.,MOBILE_APP,DISMISSED,PROCESSED,DUP-GRP-136,HIGH,55,0
CR-2026-00651,ANON-TN-203364B11B,2025-07-07 14:21:25,33,Thiruvarur,133,Thiruvarur South,325,Thiruvarur South Sector A,HEALTH_EMERGENCY,CHEMICAL_PRECURSORS,Anonymous observation reported near Thiruvarur South Sector A locality in Thiruvarur.,TOLL_FREE_IVR,NEEDS_VERIFICATION,PROCESSED,DUP-GRP-1,MEDIUM,75,0
CR-2026-00652,ANON-TN-28BA6A0A2A,2025-04-27 21:13:23,1,Chennai,2,Chennai South,13,Chennai Rural Market,REHAB_NEED,COMMERCIAL_GANJA,Anonymous observation reported near Chennai Rural Market locality in Chennai.,MOBILE_APP,NEEDS_VERIFICATION,PROCESSED,DUP-GRP-231,HIGH,75,0
CR-2026-00653,ANON-TN-EAB69EA8E3,2026-02-03 14:50:14,33,Thiruvarur,133,Thiruvarur South,325,Thiruvarur South Sector A,HEALTH_EMERGENCY,UNKNOWN_CONTRABAND,Anonymous observation reported near Thiruvarur South Sector A locality in Thiruvarur.,TELEGRAM_BOT,CORROBORATED,PROCESSED,DUP-GRP-194,MEDIUM,58,0
CR-2026-00654,ANON-TN-E541026252,2025-02-03 17:19:54,6,Tirunelveli,23,Tirunelveli North,60,Tirunelveli East Sector A,HEALTH_EMERGENCY,CHEMICAL_PRECURSORS,Anonymous observation reported near Tirunelveli East Sector A locality in Tirunelveli.,TELEGRAM_BOT,UNVERIFIED,PROCESSED,DUP-GRP-379,LOW,90,0
CR-2026-00655,ANON-TN-2FDC3165F7,2025-07-24 13:07:14,32,Theni,127,Theni North,316,Theni East Bypass Hub,REHAB_NEED,COMMERCIAL_GANJA,Anonymous observation reported near Theni East Bypass Hub locality in Theni.,TELEGRAM_BOT,NEEDS_VERIFICATION,PROCESSED,DUP-GRP-328,HIGH,85,0
CR-2026-00656,ANON-TN-DB3E65808D,2025-11-09 07:26:59,37,Tirupathur,149,Tirupathur East,361,Tirupathur South Sector A,REHAB_NEED,COMMERCIAL_GANJA,Anonymous observation reported near Tirupathur South Sector A locality in Tirupathur.,MOBILE_APP,NEEDS_VERIFICATION,PROCESSED,DUP-GRP-105,MEDIUM,75,0
CR-2026-00657,ANON-TN-9BE0404559,2025-11-14 05:55:12,35,Mayiladuthurai,141,Mayiladuthurai South,347,Mayiladuthurai East Sector A,COMMUNITY_CONCERN,COMMERCIAL_GANJA,Anonymous observation reported near Mayiladuthurai East Sector A locality in Mayiladuthurai.,WEB_PORTAL,CORROBORATED,PROCESSED,DUP-GRP-15,MEDIUM,72,0
CR-2026-00658,ANON-TN-88F0557ECB,2026-05-20 05:47:05,8,Erode,31,Erode East,77,Erode West Sector A,REHAB_NEED,SYNTHETIC_MDMA,Anonymous observation reported near Erode West Sector A locality in Erode.,WEB_PORTAL,UNVERIFIED,PROCESSED,DUP-GRP-43,HIGH,60,0
CR-2026-00659,ANON-TN-454ECC9F79,2025-02-05 14:31:32,12,Thanjavur,48,Thanjavur East,118,Thanjavur South Sector A,COMMUNITY_CONCERN,UNKNOWN_CONTRABAND,Anonymous observation reported near Thanjavur South Sector A locality in Thanjavur.,MOBILE_APP,CORROBORATED,PROCESSED,DUP-GRP-365,HIGH,59,0
CR-2026-00660,ANON-TN-C6F415F77D,2024-10-26 16:19:38,8,Erode,30,Erode South,78,Erode West Market,HEALTH_EMERGENCY,CHEMICAL_PRECURSORS,Anonymous observation reported near Erode West Market locality in Erode.,WEB_PORTAL,NEEDS_VERIFICATION,PROCESSED,DUP-GRP-70,HIGH,60,0
CR-2026-00661,ANON-TN-33A38BDBFF,2024-10-12 22:37:06,19,Cuddalore,78,Cuddalore West,199,Cuddalore Rural Bypass Hub,REHAB_NEED,SYNTHETIC_MDMA,Anonymous observation reported near Cuddalore Rural Bypass Hub locality in Cuddalore.,WEB_PORTAL,DISMISSED,PROCESSED,DUP-GRP-320,MEDIUM,79,0
CR-2026-00662,ANON-TN-9CC23A0AA7,2025-07-13 00:14:22,29,Sivaganga,114,Sivaganga North,284,Sivaganga South Bypass Hub,REHAB_NEED,CHEMICAL_PRECURSORS,Anonymous observation reported near Sivaganga South Bypass Hub locality in Sivaganga.,TOLL_FREE_IVR,UNVERIFIED,PROCESSED,DUP-GRP-184,HIGH,56,0
CR-2026-00663,ANON-TN-04201272ED,2025-07-26 11:16:59,20,Viluppuram,81,Viluppuram South,203,Viluppuram South Market,COMMUNITY_CONCERN,UNKNOWN_CONTRABAND,Anonymous observation reported near Viluppuram South Market locality in Viluppuram.,TOLL_FREE_IVR,NEEDS_VERIFICATION,PROCESSED,DUP-GRP-121,MEDIUM,90,0
CR-2026-00664,ANON-TN-378BED5956,2026-07-27 06:53:22,35,Mayiladuthurai,142,Mayiladuthurai East,350,Mayiladuthurai West Market,SUSPECTED_DISTRIBUTION,UNKNOWN_CONTRABAND,Anonymous observation reported near Mayiladuthurai West Market locality in Mayiladuthurai.,MOBILE_APP,UNVERIFIED,PROCESSED,DUP-GRP-306,MEDIUM,68,1
CR-2026-00665,ANON-TN-CB75047E6D,2025-05-20 11:49:07,9,Vellore,35,Vellore East,80,Vellore North Sector A,REHAB_NEED,CHEMICAL_PRECURSORS,Anonymous observation reported near Vellore North Sector A locality in Vellore.,TOLL_FREE_IVR,DISMISSED,PROCESSED,DUP-GRP-189,MEDIUM,67,0
CR-2026-00666,ANON-TN-881DCD64F3,2026-06-12 21:24:17,23,Namakkal,92,Namakkal North,234,Namakkal West Sector A,SUSPECTED_DISTRIBUTION,COMMERCIAL_GANJA,Anonymous observation reported near Namakkal West Sector A locality in Namakkal.,TELEGRAM_BOT,UNVERIFIED,PROCESSED,DUP-GRP-349,MEDIUM,57,0
CR-2026-00667,ANON-TN-42AA91F6F1,2026-08-15 16:33:47,12,Thanjavur,48,Thanjavur East,115,Thanjavur North Sector A,COMMUNITY_CONCERN,OPIOID_ANALOGUES,Anonymous observation reported near Thanjavur North Sector A locality in Thanjavur.,TELEGRAM_BOT,DISMISSED,PROCESSED,DUP-GRP-6,HIGH,74,0
CR-2026-00668,ANON-TN-28B1D7F9C7,2026-05-20 21:12:52,36,Ranipet,144,Ranipet North,355,Ranipet South Sector A,COMMUNITY_CONCERN,CHEMICAL_PRECURSORS,Anonymous observation reported near Ranipet South Sector A locality in Ranipet.,TOLL_FREE_IVR,UNVERIFIED,PROCESSED,DUP-GRP-5,MEDIUM,61,0
CR-2026-00669,ANON-TN-BC10061508,2024-11-26 18:48:04,23,Namakkal,95,Namakkal West,227,Namakkal North Sector A,COMMUNITY_CONCERN,CHEMICAL_PRECURSORS,Anonymous observation reported near Namakkal North Sector A locality in Namakkal.,MOBILE_APP,CORROBORATED,PROCESSED,DUP-GRP-389,LOW,87,0
CR-2026-00670,ANON-TN-3C4839A5A3,2025-04-20 15:50:30,29,Sivaganga,117,Sivaganga West,288,Sivaganga West Market,REHAB_NEED,OPIOID_ANALOGUES,Anonymous observation reported near Sivaganga West Market locality in Sivaganga.,WEB_PORTAL,NEEDS_VERIFICATION,PROCESSED,DUP-GRP-153,MEDIUM,72,0
CR-2026-00671,ANON-TN-D2C757FD72,2026-06-18 02:13:21,11,Dindigul,43,Dindigul North,113,Dindigul East Market,REHAB_NEED,OPIOID_ANALOGUES,Anonymous observation reported near Dindigul East Market locality in Dindigul.,MOBILE_APP,UNVERIFIED,PROCESSED,DUP-GRP-399,HIGH,58,0
CR-2026-00672,ANON-TN-C3EE2B19E8,2026-05-13 03:47:19,16,Kancheepuram,64,Kancheepuram East,157,Kancheepuram South Market,SUSPECTED_DISTRIBUTION,COMMERCIAL_GANJA,Anonymous observation reported near Kancheepuram South Market locality in Kancheepuram.,TOLL_FREE_IVR,CORROBORATED,PROCESSED,DUP-GRP-374,LOW,74,0
CR-2026-00673,ANON-TN-70D82CAB37,2025-10-09 19:22:30,21,Kallakurichi,84,Kallakurichi South,213,Kallakurichi East Bypass Hub,COMMUNITY_CONCERN,SYNTHETIC_MDMA,Anonymous observation reported near Kallakurichi East Bypass Hub locality in Kallakurichi.,MOBILE_APP,CORROBORATED,PROCESSED,DUP-GRP-207,LOW,65,0
CR-2026-00674,ANON-TN-A11984C069,2025-04-27 08:51:34,27,Perambalur,110,Perambalur East,266,Perambalur North Market,SUSPECTED_DISTRIBUTION,UNKNOWN_CONTRABAND,Anonymous observation reported near Perambalur North Market locality in Perambalur.,TELEGRAM_BOT,UNVERIFIED,PROCESSED,DUP-GRP-22,LOW,75,0
CR-2026-00675,ANON-TN-2BDBCFC4FC,2026-06-23 09:16:48,36,Ranipet,146,Ranipet East,355,Ranipet South Sector A,REHAB_NEED,CHEMICAL_PRECURSORS,Anonymous observation reported near Ranipet South Sector A locality in Ranipet.,MOBILE_APP,DISMISSED,PROCESSED,DUP-GRP-223,LOW,84,0
CR-2026-00676,ANON-TN-E6100B6335,2026-01-19 22:33:09,9,Vellore,33,Vellore North,86,Vellore East Sector A,REHAB_NEED,SYNTHETIC_MDMA,Anonymous observation reported near Vellore East Sector A locality in Vellore.,MOBILE_APP,UNVERIFIED,PROCESSED,DUP-GRP-357,MEDIUM,58,0
CR-2026-00677,ANON-TN-74E186DBFD,2026-04-08 14:54:39,12,Thanjavur,48,Thanjavur East,117,Thanjavur North Bypass Hub,COMMUNITY_CONCERN,COMMERCIAL_GANJA,Anonymous observation reported near Thanjavur North Bypass Hub locality in Thanjavur.,TELEGRAM_BOT,NEEDS_VERIFICATION,PROCESSED,DUP-GRP-292,LOW,74,0
CR-2026-00678,ANON-TN-D4DEB3C344,2026-03-02 08:36:29,19,Cuddalore,78,Cuddalore West,191,Cuddalore East Sector A,HEALTH_EMERGENCY,OPIOID_ANALOGUES,Anonymous observation reported near Cuddalore East Sector A locality in Cuddalore.,MOBILE_APP,DISMISSED,PROCESSED,DUP-GRP-117,HIGH,56,0
CR-2026-00679,ANON-TN-085631F306,2025-01-20 14:24:23,1,Chennai,5,Chennai Rural,14,Chennai Rural Bypass Hub,COMMUNITY_CONCERN,UNKNOWN_CONTRABAND,Anonymous observation reported near Chennai Rural Bypass Hub locality in Chennai.,TOLL_FREE_IVR,UNVERIFIED,PROCESSED,DUP-GRP-222,LOW,63,0
CR-2026-00680,ANON-TN-55BBA06338,2026-03-14 15:55:09,26,Ariyalur,104,Ariyalur North,263,Ariyalur West Sector A,REHAB_NEED,OPIOID_ANALOGUES,Anonymous observation reported near Ariyalur West Sector A locality in Ariyalur.,WEB_PORTAL,DISMISSED,PROCESSED,DUP-GRP-9,HIGH,73,0
CR-2026-00681,ANON-TN-1D29BEC65E,2025-03-09 11:40:18,5,Tiruchirappalli,19,Tiruchirappalli South,46,Tiruchirappalli South Sector A,COMMUNITY_CONCERN,SYNTHETIC_MDMA,Anonymous observation reported near Tiruchirappalli South Sector A locality in Tiruchirappalli.,TOLL_FREE_IVR,DISMISSED,PROCESSED,DUP-GRP-139,LOW,83,0
CR-2026-00682,ANON-TN-FD017EFE75,2026-02-08 01:46:59,2,Coimbatore,7,Coimbatore South,18,Coimbatore South Sector A,SUSPECTED_DISTRIBUTION,SYNTHETIC_MDMA,Anonymous observation reported near Coimbatore South Sector A locality in Coimbatore.,TELEGRAM_BOT,CORROBORATED,PROCESSED,DUP-GRP-340,LOW,73,0
CR-2026-00683,ANON-TN-A464700F0E,2026-03-17 22:21:31,17,Chengalpattu,71,Chengalpattu Rural,176,Chengalpattu Rural Market,HEALTH_EMERGENCY,UNKNOWN_CONTRABAND,Anonymous observation reported near Chengalpattu Rural Market locality in Chengalpattu.,TOLL_FREE_IVR,CORROBORATED,PROCESSED,DUP-GRP-76,LOW,58,0
CR-2026-00684,ANON-TN-6237DDCB60,2025-02-03 07:11:05,21,Kallakurichi,83,Kallakurichi North,217,Kallakurichi Rural Market,COMMUNITY_CONCERN,SYNTHETIC_MDMA,Anonymous observation reported near Kallakurichi Rural Market locality in Kallakurichi.,WEB_PORTAL,CORROBORATED,PROCESSED,DUP-GRP-127,MEDIUM,86,0
CR-2026-00685,ANON-TN-5F61743C83,2025-01-07 17:18:30,12,Thanjavur,48,Thanjavur East,121,Thanjavur East Market,REHAB_NEED,PRESCRIPTION_NARCOTICS,Anonymous observation reported near Thanjavur East Market locality in Thanjavur.,WEB_PORTAL,UNVERIFIED,PROCESSED,DUP-GRP-129,HIGH,77,0
CR-2026-00686,ANON-TN-F904CC07DA,2025-10-15 21:03:04,15,Tenkasi,59,Tenkasi North,150,Tenkasi South Market,HEALTH_EMERGENCY,OPIOID_ANALOGUES,Anonymous observation reported near Tenkasi South Market locality in Tenkasi.,MOBILE_APP,CORROBORATED,PROCESSED,DUP-GRP-89,LOW,71,0
CR-2026-00687,ANON-TN-571D6AFC0B,2026-01-09 01:30:32,34,Nagapattinam,136,Nagapattinam North,342,Nagapattinam West Bypass Hub,COMMUNITY_CONCERN,OPIOID_ANALOGUES,Anonymous observation reported near Nagapattinam West Bypass Hub locality in Nagapattinam.,WEB_PORTAL,NEEDS_VERIFICATION,PROCESSED,DUP-GRP-9,MEDIUM,92,1
CR-2026-00688,ANON-TN-6AA049327A,2025-11-12 14:34:28,12,Thanjavur,48,Thanjavur East,121,Thanjavur East Market,HEALTH_EMERGENCY,UNKNOWN_CONTRABAND,Anonymous observation reported near Thanjavur East Market locality in Thanjavur.,TELEGRAM_BOT,NEEDS_VERIFICATION,PROCESSED,DUP-GRP-162,HIGH,75,0
CR-2026-00689,ANON-TN-ACFACAF3C3,2026-05-22 14:57:45,26,Ariyalur,105,Ariyalur South,263,Ariyalur West Sector A,HEALTH_EMERGENCY,OPIOID_ANALOGUES,Anonymous observation reported near Ariyalur West Sector A locality in Ariyalur.,TELEGRAM_BOT,DISMISSED,PROCESSED,DUP-GRP-118,HIGH,79,0
CR-2026-00690,ANON-TN-72425EFE74,2026-03-01 14:58:14,4,Salem,15,Salem East,34,Salem North Bypass Hub,HEALTH_EMERGENCY,CHEMICAL_PRECURSORS,Anonymous observation reported near Salem North Bypass Hub locality in Salem.,TOLL_FREE_IVR,NEEDS_VERIFICATION,PROCESSED,DUP-GRP-125,LOW,82,0
CR-2026-00691,ANON-TN-7F24534F90,2025-04-16 01:18:47,32,Theni,130,Theni West,310,Theni North Sector A,COMMUNITY_CONCERN,COMMERCIAL_GANJA,Anonymous observation reported near Theni North Sector A locality in Theni.,WEB_PORTAL,UNVERIFIED,PROCESSED,DUP-GRP-309,HIGH,72,0
CR-2026-00692,ANON-TN-5426AA3187,2026-03-17 16:30:03,33,Thiruvarur,132,Thiruvarur North,325,Thiruvarur South Sector A,HEALTH_EMERGENCY,OPIOID_ANALOGUES,Anonymous observation reported near Thiruvarur South Sector A locality in Thiruvarur.,WEB_PORTAL,NEEDS_VERIFICATION,PROCESSED,DUP-GRP-261,HIGH,78,0
CR-2026-00693,ANON-TN-044BB51305,2026-08-19 20:26:42,20,Viluppuram,82,Viluppuram East,202,Viluppuram South Sector A,REHAB_NEED,UNKNOWN_CONTRABAND,Anonymous observation reported near Viluppuram South Sector A locality in Viluppuram.,TELEGRAM_BOT,UNVERIFIED,PROCESSED,DUP-GRP-106,HIGH,64,0
CR-2026-00694,ANON-TN-14F535CDD8,2025-09-09 07:47:15,32,Theni,131,Theni Rural,314,Theni East Sector A,REHAB_NEED,CHEMICAL_PRECURSORS,Anonymous observation reported near Theni East Sector A locality in Theni.,TOLL_FREE_IVR,UNVERIFIED,PROCESSED,DUP-GRP-375,MEDIUM,90,0
CR-2026-00695,ANON-TN-935AB31CF2,2026-01-12 10:12:16,9,Vellore,34,Vellore South,80,Vellore North Sector A,HEALTH_EMERGENCY,OPIOID_ANALOGUES,Anonymous observation reported near Vellore North Sector A locality in Vellore.,MOBILE_APP,CORROBORATED,PROCESSED,DUP-GRP-383,LOW,69,1
CR-2026-00696,ANON-TN-6BA91187BC,2024-12-14 10:50:59,4,Salem,17,Salem Rural,42,Salem Rural Market,HEALTH_EMERGENCY,SYNTHETIC_MDMA,Anonymous observation reported near Salem Rural Market locality in Salem.,TOLL_FREE_IVR,DISMISSED,PROCESSED,DUP-GRP-231,LOW,62,0
CR-2026-00697,ANON-TN-46B830F486,2026-04-14 21:41:11,32,Theni,129,Theni East,310,Theni North Sector A,REHAB_NEED,OPIOID_ANALOGUES,Anonymous observation reported near Theni North Sector A locality in Theni.,MOBILE_APP,DISMISSED,PROCESSED,DUP-GRP-62,LOW,61,0
CR-2026-00698,ANON-TN-914E4107F6,2026-01-31 19:34:49,36,Ranipet,146,Ranipet East,354,Ranipet North Bypass Hub,COMMUNITY_CONCERN,COMMERCIAL_GANJA,Anonymous observation reported near Ranipet North Bypass Hub locality in Ranipet.,TOLL_FREE_IVR,UNVERIFIED,PROCESSED,DUP-GRP-295,MEDIUM,84,0
CR-2026-00699,ANON-TN-C5CB71747A,2026-02-12 18:28:44,35,Mayiladuthurai,142,Mayiladuthurai East,350,Mayiladuthurai West Market,SUSPECTED_DISTRIBUTION,SYNTHETIC_MDMA,Anonymous observation reported near Mayiladuthurai West Market locality in Mayiladuthurai.,TOLL_FREE_IVR,NEEDS_VERIFICATION,PROCESSED,DUP-GRP-393,LOW,71,0
CR-2026-00700,ANON-TN-A2FC6E86C7,2025-06-19 13:05:38,2,Coimbatore,7,Coimbatore South,15,Coimbatore North Sector A,SUSPECTED_DISTRIBUTION,PRESCRIPTION_NARCOTICS,Anonymous observation reported near Coimbatore North Sector A locality in Coimbatore.,TELEGRAM_BOT,NEEDS_VERIFICATION,PROCESSED,DUP-GRP-118,MEDIUM,84,0
CR-2026-00701,ANON-TN-58BE43ED13,2026-06-22 21:57:45,4,Salem,14,Salem South,41,Salem Rural Sector A,HEALTH_EMERGENCY,OPIOID_ANALOGUES,Anonymous observation reported near Salem Rural Sector A locality in Salem.,TOLL_FREE_IVR,CORROBORATED,PROCESSED,DUP-GRP-388,LOW,88,0
CR-2026-00702,ANON-TN-3C16E3238D,2025-01-01 18:00:36,21,Kallakurichi,87,Kallakurichi Rural,214,Kallakurichi West Sector A,REHAB_NEED,SYNTHETIC_MDMA,Anonymous observation reported near Kallakurichi West Sector A locality in Kallakurichi.,MOBILE_APP,DISMISSED,PROCESSED,DUP-GRP-290,HIGH,67,0
CR-2026-00703,ANON-TN-EEB4EE0FCB,2026-01-29 06:03:13,17,Chengalpattu,69,Chengalpattu East,173,Chengalpattu West Sector A,REHAB_NEED,PRESCRIPTION_NARCOTICS,Anonymous observation reported near Chengalpattu West Sector A locality in Chengalpattu.,WEB_PORTAL,UNVERIFIED,PROCESSED,DUP-GRP-35,MEDIUM,82,0
CR-2026-00704,ANON-TN-FFBBC27CDE,2025-03-08 16:32:43,28,Pudukkottai,113,Pudukkottai East,273,Pudukkottai North Sector A,COMMUNITY_CONCERN,SYNTHETIC_MDMA,Anonymous observation reported near Pudukkottai North Sector A locality in Pudukkottai.,TELEGRAM_BOT,DISMISSED,PROCESSED,DUP-GRP-281,MEDIUM,65,1
CR-2026-00705,ANON-TN-0E4610B67D,2026-02-06 03:19:53,36,Ranipet,144,Ranipet North,354,Ranipet North Bypass Hub,COMMUNITY_CONCERN,SYNTHETIC_MDMA,Anonymous observation reported near Ranipet North Bypass Hub locality in Ranipet.,TOLL_FREE_IVR,CORROBORATED,PROCESSED,DUP-GRP-189,MEDIUM,77,0
CR-2026-00706,ANON-TN-8198DF74B0,2025-04-02 01:57:53,4,Salem,15,Salem East,36,Salem South Market,HEALTH_EMERGENCY,COMMERCIAL_GANJA,Anonymous observation reported near Salem South Market locality in Salem.,TOLL_FREE_IVR,CORROBORATED,PROCESSED,DUP-GRP-188,HIGH,73,0
CR-2026-00707,ANON-TN-3E01116884,2025-04-03 23:27:55,35,Mayiladuthurai,143,Mayiladuthurai West,350,Mayiladuthurai West Market,COMMUNITY_CONCERN,OPIOID_ANALOGUES,Anonymous observation reported near Mayiladuthurai West Market locality in Mayiladuthurai.,TOLL_FREE_IVR,UNVERIFIED,PROCESSED,DUP-GRP-108,MEDIUM,72,0
CR-2026-00708,ANON-TN-8BC9606B4C,2025-10-12 23:14:42,28,Pudukkottai,112,Pudukkottai South,276,Pudukkottai South Market,REHAB_NEED,SYNTHETIC_MDMA,Anonymous observation reported near Pudukkottai South Market locality in Pudukkottai.,WEB_PORTAL,DISMISSED,PROCESSED,DUP-GRP-309,HIGH,88,0
CR-2026-00709,ANON-TN-7663215D49,2025-01-22 07:38:53,38,Tiruvannamalai,151,Tiruvannamalai South,370,Tiruvannamalai East Sector A,SUSPECTED_DISTRIBUTION,COMMERCIAL_GANJA,Anonymous observation reported near Tiruvannamalai East Sector A locality in Tiruvannamalai.,TOLL_FREE_IVR,UNVERIFIED,PROCESSED,DUP-GRP-390,HIGH,59,0
CR-2026-00710,ANON-TN-A65B47BA9C,2026-01-07 04:45:43,14,Kanniyakumari,57,Kanniyakumari West,135,Kanniyakumari North Market,REHAB_NEED,CHEMICAL_PRECURSORS,Anonymous observation reported near Kanniyakumari North Market locality in Kanniyakumari.,WEB_PORTAL,DISMISSED,PROCESSED,DUP-GRP-254,LOW,74,1
CR-2026-00711,ANON-TN-79B0D90C25,2025-07-06 20:52:42,23,Namakkal,92,Namakkal North,231,Namakkal South Bypass Hub,HEALTH_EMERGENCY,SYNTHETIC_MDMA,Anonymous observation reported near Namakkal South Bypass Hub locality in Namakkal.,WEB_PORTAL,CORROBORATED,PROCESSED,DUP-GRP-255,HIGH,92,0
CR-2026-00712,ANON-TN-8E6D6FE88C,2024-10-24 13:15:59,32,Theni,131,Theni Rural,316,Theni East Bypass Hub,HEALTH_EMERGENCY,SYNTHETIC_MDMA,Anonymous observation reported near Theni East Bypass Hub locality in Theni.,TOLL_FREE_IVR,NEEDS_VERIFICATION,PROCESSED,DUP-GRP-100,MEDIUM,91,0
CR-2026-00713,ANON-TN-3973FA8E3E,2026-05-27 04:40:17,5,Tiruchirappalli,18,Tiruchirappalli North,50,Tiruchirappalli East Bypass Hub,SUSPECTED_DISTRIBUTION,CHEMICAL_PRECURSORS,Anonymous observation reported near Tiruchirappalli East Bypass Hub locality in Tiruchirappalli.,MOBILE_APP,DISMISSED,PROCESSED,DUP-GRP-154,MEDIUM,80,0
CR-2026-00714,ANON-TN-47A32087AE,2026-06-08 21:52:20,13,Thoothukudi,51,Thoothukudi East,122,Thoothukudi North Sector A,COMMUNITY_CONCERN,UNKNOWN_CONTRABAND,Anonymous observation reported near Thoothukudi North Sector A locality in Thoothukudi.,MOBILE_APP,UNVERIFIED,PROCESSED,DUP-GRP-163,LOW,87,0
CR-2026-00715,ANON-TN-D69EA3B027,2026-07-31 20:01:35,33,Thiruvarur,132,Thiruvarur North,330,Thiruvarur West Sector A,REHAB_NEED,SYNTHETIC_MDMA,Anonymous observation reported near Thiruvarur West Sector A locality in Thiruvarur.,MOBILE_APP,DISMISSED,PROCESSED,DUP-GRP-220,LOW,78,0
CR-2026-00716,ANON-TN-A126037D70,2024-10-31 12:47:33,7,Tiruppur,28,Tiruppur East,66,Tiruppur South Market,COMMUNITY_CONCERN,CHEMICAL_PRECURSORS,Anonymous observation reported near Tiruppur South Market locality in Tiruppur.,TELEGRAM_BOT,CORROBORATED,PROCESSED,DUP-GRP-5,HIGH,77,0
CR-2026-00717,ANON-TN-95DC84138C,2025-01-10 14:11:22,27,Perambalur,108,Perambalur North,269,Perambalur South Bypass Hub,REHAB_NEED,COMMERCIAL_GANJA,Anonymous observation reported near Perambalur South Bypass Hub locality in Perambalur.,TOLL_FREE_IVR,CORROBORATED,PROCESSED,DUP-GRP-333,MEDIUM,81,0
CR-2026-00718,ANON-TN-5EC553BC2F,2025-11-29 01:33:14,23,Namakkal,92,Namakkal North,233,Namakkal East Market,COMMUNITY_CONCERN,OPIOID_ANALOGUES,Anonymous observation reported near Namakkal East Market locality in Namakkal.,MOBILE_APP,NEEDS_VERIFICATION,PROCESSED,DUP-GRP-335,MEDIUM,68,0
CR-2026-00719,ANON-TN-827CA6F340,2025-10-21 05:31:17,24,Nilgiris,97,Nilgiris South,243,Nilgiris West Sector A,SUSPECTED_DISTRIBUTION,CHEMICAL_PRECURSORS,Anonymous observation reported near Nilgiris West Sector A locality in Nilgiris.,WEB_PORTAL,NEEDS_VERIFICATION,PROCESSED,DUP-GRP-205,LOW,66,0
CR-2026-00720,ANON-TN-2B994027B6,2025-07-16 02:59:40,29,Sivaganga,116,Sivaganga East,283,Sivaganga South Market,SUSPECTED_DISTRIBUTION,CHEMICAL_PRECURSORS,Anonymous observation reported near Sivaganga South Market locality in Sivaganga.,MOBILE_APP,NEEDS_VERIFICATION,PROCESSED,DUP-GRP-296,HIGH,77,0
CR-2026-00721,ANON-TN-BA8AAF7E07,2026-07-01 05:46:04,32,Theni,128,Theni South,310,Theni North Sector A,HEALTH_EMERGENCY,CHEMICAL_PRECURSORS,Anonymous observation reported near Theni North Sector A locality in Theni.,MOBILE_APP,UNVERIFIED,PROCESSED,DUP-GRP-242,MEDIUM,92,0
CR-2026-00722,ANON-TN-487D32037B,2024-11-29 20:18:19,13,Thoothukudi,51,Thoothukudi East,122,Thoothukudi North Sector A,HEALTH_EMERGENCY,PRESCRIPTION_NARCOTICS,Anonymous observation reported near Thoothukudi North Sector A locality in Thoothukudi.,TOLL_FREE_IVR,CORROBORATED,PROCESSED,DUP-GRP-294,LOW,81,0
CR-2026-00723,ANON-TN-7A27850828,2025-11-27 23:11:04,4,Salem,14,Salem South,37,Salem East Sector A,COMMUNITY_CONCERN,CHEMICAL_PRECURSORS,Anonymous observation reported near Salem East Sector A locality in Salem.,WEB_PORTAL,NEEDS_VERIFICATION,PROCESSED,DUP-GRP-369,HIGH,63,1
CR-2026-00724,ANON-TN-4445631857,2024-12-08 08:48:54,35,Mayiladuthurai,141,Mayiladuthurai South,349,Mayiladuthurai West Sector A,COMMUNITY_CONCERN,OPIOID_ANALOGUES,Anonymous observation reported near Mayiladuthurai West Sector A locality in Mayiladuthurai.,TOLL_FREE_IVR,DISMISSED,PROCESSED,DUP-GRP-103,HIGH,60,1
CR-2026-00725,ANON-TN-C530568C76,2025-03-10 09:32:41,1,Chennai,5,Chennai Rural,12,Chennai Rural Sector A,SUSPECTED_DISTRIBUTION,SYNTHETIC_MDMA,Anonymous observation reported near Chennai Rural Sector A locality in Chennai.,TOLL_FREE_IVR,UNVERIFIED,PROCESSED,DUP-GRP-127,LOW,88,0
CR-2026-00726,ANON-TN-9BAF542555,2026-02-01 10:44:08,1,Chennai,3,Chennai East,3,Chennai North Bypass Hub,SUSPECTED_DISTRIBUTION,CHEMICAL_PRECURSORS,Anonymous observation reported near Chennai North Bypass Hub locality in Chennai.,TELEGRAM_BOT,NEEDS_VERIFICATION,PROCESSED,DUP-GRP-50,MEDIUM,68,0
CR-2026-00727,ANON-TN-94521AE7CB,2024-12-21 16:56:12,38,Tiruvannamalai,153,Tiruvannamalai West,370,Tiruvannamalai East Sector A,SUSPECTED_DISTRIBUTION,OPIOID_ANALOGUES,Anonymous observation reported near Tiruvannamalai East Sector A locality in Tiruvannamalai.,TELEGRAM_BOT,UNVERIFIED,PROCESSED,DUP-GRP-275,LOW,76,0
CR-2026-00728,ANON-TN-EE948B34B0,2025-08-07 07:12:53,27,Perambalur,110,Perambalur East,265,Perambalur North Sector A,REHAB_NEED,PRESCRIPTION_NARCOTICS,Anonymous observation reported near Perambalur North Sector A locality in Perambalur.,TELEGRAM_BOT,UNVERIFIED,PROCESSED,DUP-GRP-383,LOW,76,0
CR-2026-00729,ANON-TN-233472B90B,2024-10-30 20:21:17,5,Tiruchirappalli,21,Tiruchirappalli West,45,Tiruchirappalli North Bypass Hub,COMMUNITY_CONCERN,OPIOID_ANALOGUES,Anonymous observation reported near Tiruchirappalli North Bypass Hub locality in Tiruchirappalli.,TELEGRAM_BOT,UNVERIFIED,PROCESSED,DUP-GRP-275,HIGH,86,0
CR-2026-00730,ANON-TN-6C8A815702,2025-10-30 22:20:11,2,Coimbatore,7,Coimbatore South,21,Coimbatore East Market,HEALTH_EMERGENCY,CHEMICAL_PRECURSORS,Anonymous observation reported near Coimbatore East Market locality in Coimbatore.,WEB_PORTAL,CORROBORATED,PROCESSED,DUP-GRP-337,LOW,61,0
CR-2026-00731,ANON-TN-7C6A2152A2,2026-03-18 13:14:41,29,Sivaganga,116,Sivaganga East,282,Sivaganga South Sector A,SUSPECTED_DISTRIBUTION,PRESCRIPTION_NARCOTICS,Anonymous observation reported near Sivaganga South Sector A locality in Sivaganga.,TOLL_FREE_IVR,UNVERIFIED,PROCESSED,DUP-GRP-35,HIGH,84,1
CR-2026-00732,ANON-TN-8C30EF020B,2026-08-02 13:38:24,15,Tenkasi,59,Tenkasi North,152,Tenkasi East Market,HEALTH_EMERGENCY,OPIOID_ANALOGUES,Anonymous observation reported near Tenkasi East Market locality in Tenkasi.,TELEGRAM_BOT,CORROBORATED,PROCESSED,DUP-GRP-87,HIGH,57,1
CR-2026-00733,ANON-TN-61792BF999,2025-12-22 22:42:39,4,Salem,17,Salem Rural,34,Salem North Bypass Hub,SUSPECTED_DISTRIBUTION,SYNTHETIC_MDMA,Anonymous observation reported near Salem North Bypass Hub locality in Salem.,TOLL_FREE_IVR,NEEDS_VERIFICATION,PROCESSED,DUP-GRP-32,LOW,72,0
CR-2026-00734,ANON-TN-D1706606E2,2025-01-15 00:24:36,23,Namakkal,95,Namakkal West,231,Namakkal South Bypass Hub,COMMUNITY_CONCERN,CHEMICAL_PRECURSORS,Anonymous observation reported near Namakkal South Bypass Hub locality in Namakkal.,WEB_PORTAL,UNVERIFIED,PROCESSED,DUP-GRP-319,LOW,55,0
CR-2026-00735,ANON-TN-9C209483F4,2025-10-18 12:24:44,10,Krishnagiri,42,Krishnagiri Rural,103,Krishnagiri West Bypass Hub,COMMUNITY_CONCERN,COMMERCIAL_GANJA,Anonymous observation reported near Krishnagiri West Bypass Hub locality in Krishnagiri.,TELEGRAM_BOT,CORROBORATED,PROCESSED,DUP-GRP-340,HIGH,75,0
CR-2026-00736,ANON-TN-9516CD0723,2026-02-06 14:25:33,38,Tiruvannamalai,153,Tiruvannamalai West,371,Tiruvannamalai East Market,HEALTH_EMERGENCY,SYNTHETIC_MDMA,Anonymous observation reported near Tiruvannamalai East Market locality in Tiruvannamalai.,TELEGRAM_BOT,UNVERIFIED,PROCESSED,DUP-GRP-195,LOW,81,0
CR-2026-00737,ANON-TN-1BC48D8493,2024-09-30 12:07:15,18,Tiruvallur,74,Tiruvallur East,180,Tiruvallur South Market,HEALTH_EMERGENCY,PRESCRIPTION_NARCOTICS,Anonymous observation reported near Tiruvallur South Market locality in Tiruvallur.,TELEGRAM_BOT,NEEDS_VERIFICATION,PROCESSED,DUP-GRP-268,MEDIUM,77,0
CR-2026-00738,ANON-TN-FEFE2B895E,2025-09-19 15:23:50,1,Chennai,3,Chennai East,9,Chennai West Sector A,REHAB_NEED,COMMERCIAL_GANJA,Anonymous observation reported near Chennai West Sector A locality in Chennai.,TOLL_FREE_IVR,NEEDS_VERIFICATION,PROCESSED,DUP-GRP-225,LOW,58,1
CR-2026-00739,ANON-TN-0260FE0DAB,2025-03-01 07:31:06,32,Theni,130,Theni West,311,Theni North Market,SUSPECTED_DISTRIBUTION,UNKNOWN_CONTRABAND,Anonymous observation reported near Theni North Market locality in Theni.,MOBILE_APP,UNVERIFIED,PROCESSED,DUP-GRP-281,HIGH,78,0
CR-2026-00740,ANON-TN-487B26CECF,2025-07-13 00:07:59,16,Kancheepuram,63,Kancheepuram South,159,Kancheepuram East Market,COMMUNITY_CONCERN,OPIOID_ANALOGUES,Anonymous observation reported near Kancheepuram East Market locality in Kancheepuram.,MOBILE_APP,CORROBORATED,PROCESSED,DUP-GRP-79,LOW,86,0
CR-2026-00741,ANON-TN-AF7D3F77F3,2025-03-15 23:04:26,21,Kallakurichi,87,Kallakurichi Rural,214,Kallakurichi West Sector A,SUSPECTED_DISTRIBUTION,SYNTHETIC_MDMA,Anonymous observation reported near Kallakurichi West Sector A locality in Kallakurichi.,MOBILE_APP,UNVERIFIED,PROCESSED,DUP-GRP-94,HIGH,56,1
CR-2026-00742,ANON-TN-85BD15B076,2025-09-09 02:00:54,23,Namakkal,95,Namakkal West,229,Namakkal South Sector A,COMMUNITY_CONCERN,SYNTHETIC_MDMA,Anonymous observation reported near Namakkal South Sector A locality in Namakkal.,WEB_PORTAL,DISMISSED,PROCESSED,DUP-GRP-52,HIGH,57,0
CR-2026-00743,ANON-TN-FFF8791E68,2025-04-27 05:33:17,4,Salem,16,Salem West,40,Salem West Market,COMMUNITY_CONCERN,PRESCRIPTION_NARCOTICS,Anonymous observation reported near Salem West Market locality in Salem.,TELEGRAM_BOT,CORROBORATED,PROCESSED,DUP-GRP-350,HIGH,88,0
CR-2026-00744,ANON-TN-8F44AAA6D3,2025-05-07 11:41:33,28,Pudukkottai,112,Pudukkottai South,277,Pudukkottai East Sector A,REHAB_NEED,COMMERCIAL_GANJA,Anonymous observation reported near Pudukkottai East Sector A locality in Pudukkottai.,MOBILE_APP,UNVERIFIED,PROCESSED,DUP-GRP-94,MEDIUM,82,0
CR-2026-00745,ANON-TN-BBFD64DBB8,2025-04-20 22:27:24,37,Tirupathur,149,Tirupathur East,365,Tirupathur East Market,HEALTH_EMERGENCY,SYNTHETIC_MDMA,Anonymous observation reported near Tirupathur East Market locality in Tirupathur.,TELEGRAM_BOT,NEEDS_VERIFICATION,PROCESSED,DUP-GRP-297,MEDIUM,79,0
CR-2026-00746,ANON-TN-DD17F8A98D,2024-09-25 17:48:39,15,Tenkasi,60,Tenkasi South,149,Tenkasi South Sector A,HEALTH_EMERGENCY,COMMERCIAL_GANJA,Anonymous observation reported near Tenkasi South Sector A locality in Tenkasi.,WEB_PORTAL,UNVERIFIED,PROCESSED,DUP-GRP-272,MEDIUM,79,0
CR-2026-00747,ANON-TN-C40D4B6E6B,2025-05-20 14:42:43,29,Sivaganga,116,Sivaganga East,284,Sivaganga South Bypass Hub,HEALTH_EMERGENCY,COMMERCIAL_GANJA,Anonymous observation reported near Sivaganga South Bypass Hub locality in Sivaganga.,WEB_PORTAL,UNVERIFIED,PROCESSED,DUP-GRP-221,LOW,68,0
CR-2026-00748,ANON-TN-5D90814B4B,2025-07-26 16:07:37,18,Tiruvallur,72,Tiruvallur North,182,Tiruvallur East Sector A,HEALTH_EMERGENCY,PRESCRIPTION_NARCOTICS,Anonymous observation reported near Tiruvallur East Sector A locality in Tiruvallur.,WEB_PORTAL,CORROBORATED,PROCESSED,DUP-GRP-146,MEDIUM,76,0
CR-2026-00749,ANON-TN-A798AA2A3B,2026-03-21 21:52:41,32,Theni,127,Theni North,319,Theni West Bypass Hub,COMMUNITY_CONCERN,CHEMICAL_PRECURSORS,Anonymous observation reported near Theni West Bypass Hub locality in Theni.,TELEGRAM_BOT,UNVERIFIED,PROCESSED,DUP-GRP-244,HIGH,86,0
CR-2026-00750,ANON-TN-448A8FE150,2025-08-21 08:14:39,35,Mayiladuthurai,140,Mayiladuthurai North,345,Mayiladuthurai South Sector A,REHAB_NEED,PRESCRIPTION_NARCOTICS,Anonymous observation reported near Mayiladuthurai South Sector A locality in Mayiladuthurai.,TELEGRAM_BOT,NEEDS_VERIFICATION,PROCESSED,DUP-GRP-338,MEDIUM,69,0
CR-2026-00751,ANON-TN-9F0B1BD4B4,2025-08-14 02:07:13,21,Kallakurichi,84,Kallakurichi South,209,Kallakurichi South Sector A,REHAB_NEED,SYNTHETIC_MDMA,Anonymous observation reported near Kallakurichi South Sector A locality in Kallakurichi.,TOLL_FREE_IVR,UNVERIFIED,PROCESSED,DUP-GRP-286,HIGH,60,0
CR-2026-00752,ANON-TN-5D71AC7594,2025-01-16 13:33:30,27,Perambalur,110,Perambalur East,265,Perambalur North Sector A,COMMUNITY_CONCERN,CHEMICAL_PRECURSORS,Anonymous observation reported near Perambalur North Sector A locality in Perambalur.,WEB_PORTAL,CORROBORATED,PROCESSED,DUP-GRP-72,LOW,73,0
CR-2026-00753,ANON-TN-19222A4AF3,2026-05-03 20:26:36,31,Virudhunagar,125,Virudhunagar West,306,Virudhunagar West Sector A,REHAB_NEED,COMMERCIAL_GANJA,Anonymous observation reported near Virudhunagar West Sector A locality in Virudhunagar.,MOBILE_APP,CORROBORATED,PROCESSED,DUP-GRP-14,MEDIUM,86,0
CR-2026-00754,ANON-TN-64E515F1C2,2025-07-26 16:47:28,36,Ranipet,145,Ranipet South,354,Ranipet North Bypass Hub,REHAB_NEED,UNKNOWN_CONTRABAND,Anonymous observation reported near Ranipet North Bypass Hub locality in Ranipet.,MOBILE_APP,UNVERIFIED,PROCESSED,DUP-GRP-21,LOW,75,0
CR-2026-00755,ANON-TN-05D9BB1768,2025-07-04 03:52:22,35,Mayiladuthurai,143,Mayiladuthurai West,348,Mayiladuthurai East Market,SUSPECTED_DISTRIBUTION,COMMERCIAL_GANJA,Anonymous observation reported near Mayiladuthurai East Market locality in Mayiladuthurai.,WEB_PORTAL,DISMISSED,PROCESSED,DUP-GRP-337,MEDIUM,92,0
CR-2026-00756,ANON-TN-E3432B0ED9,2026-02-03 02:36:36,28,Pudukkottai,112,Pudukkottai South,275,Pudukkottai South Sector A,SUSPECTED_DISTRIBUTION,PRESCRIPTION_NARCOTICS,Anonymous observation reported near Pudukkottai South Sector A locality in Pudukkottai.,WEB_PORTAL,NEEDS_VERIFICATION,PROCESSED,DUP-GRP-268,LOW,76,0
CR-2026-00757,ANON-TN-F43372B4E4,2025-04-28 09:56:58,20,Viluppuram,80,Viluppuram North,202,Viluppuram South Sector A,SUSPECTED_DISTRIBUTION,COMMERCIAL_GANJA,Anonymous observation reported near Viluppuram South Sector A locality in Viluppuram.,MOBILE_APP,NEEDS_VERIFICATION,PROCESSED,DUP-GRP-111,MEDIUM,68,0
CR-2026-00758,ANON-TN-90BA3BBFFF,2025-02-11 15:43:28,31,Virudhunagar,124,Virudhunagar East,302,Virudhunagar South Sector A,REHAB_NEED,COMMERCIAL_GANJA,Anonymous observation reported near Virudhunagar South Sector A locality in Virudhunagar.,TOLL_FREE_IVR,NEEDS_VERIFICATION,PROCESSED,DUP-GRP-47,LOW,89,0
CR-2026-00759,ANON-TN-9BD0C25867,2025-11-05 03:05:53,12,Thanjavur,48,Thanjavur East,115,Thanjavur North Sector A,REHAB_NEED,UNKNOWN_CONTRABAND,Anonymous observation reported near Thanjavur North Sector A locality in Thanjavur.,TOLL_FREE_IVR,NEEDS_VERIFICATION,PROCESSED,DUP-GRP-129,LOW,75,1
CR-2026-00760,ANON-TN-E2626C9E18,2025-08-05 12:28:08,6,Tirunelveli,23,Tirunelveli North,61,Tirunelveli East Market,COMMUNITY_CONCERN,OPIOID_ANALOGUES,Anonymous observation reported near Tirunelveli East Market locality in Tirunelveli.,TELEGRAM_BOT,UNVERIFIED,PROCESSED,DUP-GRP-293,HIGH,72,0
CR-2026-00761,ANON-TN-DD62C9E6B1,2024-12-28 16:35:40,32,Theni,128,Theni South,322,Theni Rural Bypass Hub,SUSPECTED_DISTRIBUTION,SYNTHETIC_MDMA,Anonymous observation reported near Theni Rural Bypass Hub locality in Theni.,MOBILE_APP,CORROBORATED,PROCESSED,DUP-GRP-43,HIGH,67,0
CR-2026-00762,ANON-TN-59AF60E812,2026-05-23 00:11:07,24,Nilgiris,96,Nilgiris North,243,Nilgiris West Sector A,SUSPECTED_DISTRIBUTION,COMMERCIAL_GANJA,Anonymous observation reported near Nilgiris West Sector A locality in Nilgiris.,TELEGRAM_BOT,DISMISSED,PROCESSED,DUP-GRP-219,HIGH,77,0
CR-2026-00763,ANON-TN-93D4295FDF,2026-05-01 04:21:26,5,Tiruchirappalli,21,Tiruchirappalli West,46,Tiruchirappalli South Sector A,COMMUNITY_CONCERN,UNKNOWN_CONTRABAND,Anonymous observation reported near Tiruchirappalli South Sector A locality in Tiruchirappalli.,TOLL_FREE_IVR,DISMISSED,PROCESSED,DUP-GRP-68,LOW,91,0
CR-2026-00764,ANON-TN-8069D4C149,2026-08-06 04:46:40,37,Tirupathur,148,Tirupathur South,364,Tirupathur East Sector A,COMMUNITY_CONCERN,SYNTHETIC_MDMA,Anonymous observation reported near Tirupathur East Sector A locality in Tirupathur.,TELEGRAM_BOT,UNVERIFIED,PROCESSED,DUP-GRP-5,HIGH,70,0
CR-2026-00765,ANON-TN-855257BE36,2026-05-09 21:50:35,32,Theni,127,Theni North,313,Theni South Market,HEALTH_EMERGENCY,CHEMICAL_PRECURSORS,Anonymous observation reported near Theni South Market locality in Theni.,MOBILE_APP,NEEDS_VERIFICATION,PROCESSED,DUP-GRP-123,HIGH,58,0
CR-2026-00766,ANON-TN-41B58F632E,2025-03-02 11:40:17,14,Kanniyakumari,54,Kanniyakumari North,138,Kanniyakumari South Market,REHAB_NEED,SYNTHETIC_MDMA,Anonymous observation reported near Kanniyakumari South Market locality in Kanniyakumari.,TELEGRAM_BOT,NEEDS_VERIFICATION,PROCESSED,DUP-GRP-248,MEDIUM,81,0
CR-2026-00767,ANON-TN-AAF2947203,2025-01-07 17:28:58,17,Chengalpattu,71,Chengalpattu Rural,168,Chengalpattu South Sector A,SUSPECTED_DISTRIBUTION,SYNTHETIC_MDMA,Anonymous observation reported near Chengalpattu South Sector A locality in Chengalpattu.,WEB_PORTAL,DISMISSED,PROCESSED,DUP-GRP-224,LOW,62,0
CR-2026-00768,ANON-TN-1A266ECC4F,2025-07-14 10:49:44,33,Thiruvarur,135,Thiruvarur West,328,Thiruvarur East Market,SUSPECTED_DISTRIBUTION,CHEMICAL_PRECURSORS,Anonymous observation reported near Thiruvarur East Market locality in Thiruvarur.,WEB_PORTAL,NEEDS_VERIFICATION,PROCESSED,DUP-GRP-78,HIGH,76,0
CR-2026-00769,ANON-TN-82CFF0313F,2025-07-31 21:16:33,25,Karur,103,Karur West,252,Karur West Sector A,HEALTH_EMERGENCY,COMMERCIAL_GANJA,Anonymous observation reported near Karur West Sector A locality in Karur.,MOBILE_APP,DISMISSED,PROCESSED,DUP-GRP-302,MEDIUM,74,0
CR-2026-00770,ANON-TN-26497EEB9E,2024-11-08 08:29:37,14,Kanniyakumari,54,Kanniyakumari North,141,Kanniyakumari East Bypass Hub,COMMUNITY_CONCERN,UNKNOWN_CONTRABAND,Anonymous observation reported near Kanniyakumari East Bypass Hub locality in Kanniyakumari.,WEB_PORTAL,UNVERIFIED,PROCESSED,DUP-GRP-236,HIGH,87,0
CR-2026-00771,ANON-TN-2CCB3E08DC,2024-11-04 18:52:41,30,Ramanathapuram,119,Ramanathapuram South,294,Ramanathapuram East Sector A,SUSPECTED_DISTRIBUTION,UNKNOWN_CONTRABAND,Anonymous observation reported near Ramanathapuram East Sector A locality in Ramanathapuram.,WEB_PORTAL,DISMISSED,PROCESSED,DUP-GRP-298,HIGH,82,1
CR-2026-00772,ANON-TN-5F3114C117,2024-12-05 07:57:33,21,Kallakurichi,85,Kallakurichi East,213,Kallakurichi East Bypass Hub,SUSPECTED_DISTRIBUTION,COMMERCIAL_GANJA,Anonymous observation reported near Kallakurichi East Bypass Hub locality in Kallakurichi.,TOLL_FREE_IVR,UNVERIFIED,PROCESSED,DUP-GRP-52,MEDIUM,92,0
CR-2026-00773,ANON-TN-D53740B6F5,2025-02-27 16:12:08,31,Virudhunagar,123,Virudhunagar South,307,Virudhunagar West Market,SUSPECTED_DISTRIBUTION,SYNTHETIC_MDMA,Anonymous observation reported near Virudhunagar West Market locality in Virudhunagar.,WEB_PORTAL,NEEDS_VERIFICATION,PROCESSED,DUP-GRP-388,HIGH,90,0
CR-2026-00774,ANON-TN-F375DB7ED4,2026-01-23 10:35:28,16,Kancheepuram,66,Kancheepuram Rural,157,Kancheepuram South Market,HEALTH_EMERGENCY,CHEMICAL_PRECURSORS,Anonymous observation reported near Kancheepuram South Market locality in Kancheepuram.,WEB_PORTAL,DISMISSED,PROCESSED,DUP-GRP-282,MEDIUM,86,0
CR-2026-00775,ANON-TN-9D91B72675,2024-10-22 08:10:49,22,Dharmapuri,91,Dharmapuri West,226,Dharmapuri West Market,HEALTH_EMERGENCY,CHEMICAL_PRECURSORS,Anonymous observation reported near Dharmapuri West Market locality in Dharmapuri.,TELEGRAM_BOT,CORROBORATED,PROCESSED,DUP-GRP-128,LOW,91,0
CR-2026-00776,ANON-TN-F9C72F0689,2024-10-08 07:46:07,25,Karur,100,Karur North,253,Karur West Market,COMMUNITY_CONCERN,CHEMICAL_PRECURSORS,Anonymous observation reported near Karur West Market locality in Karur.,TOLL_FREE_IVR,NEEDS_VERIFICATION,PROCESSED,DUP-GRP-104,HIGH,73,0
CR-2026-00777,ANON-TN-B998B7D5E6,2025-01-12 04:15:53,23,Namakkal,93,Namakkal South,227,Namakkal North Sector A,REHAB_NEED,OPIOID_ANALOGUES,Anonymous observation reported near Namakkal North Sector A locality in Namakkal.,TELEGRAM_BOT,UNVERIFIED,PROCESSED,DUP-GRP-147,LOW,65,0
CR-2026-00778,ANON-TN-BBC0651407,2025-07-31 07:16:13,17,Chengalpattu,70,Chengalpattu West,167,Chengalpattu North Bypass Hub,COMMUNITY_CONCERN,SYNTHETIC_MDMA,Anonymous observation reported near Chengalpattu North Bypass Hub locality in Chengalpattu.,MOBILE_APP,NEEDS_VERIFICATION,PROCESSED,DUP-GRP-176,HIGH,89,0
CR-2026-00779,ANON-TN-867312FCE2,2025-05-30 10:13:26,18,Tiruvallur,73,Tiruvallur South,179,Tiruvallur South Sector A,HEALTH_EMERGENCY,UNKNOWN_CONTRABAND,Anonymous observation reported near Tiruvallur South Sector A locality in Tiruvallur.,WEB_PORTAL,UNVERIFIED,PROCESSED,DUP-GRP-400,MEDIUM,66,1
CR-2026-00780,ANON-TN-955EBCD6E3,2025-04-12 01:59:38,28,Pudukkottai,112,Pudukkottai South,274,Pudukkottai North Market,COMMUNITY_CONCERN,SYNTHETIC_MDMA,Anonymous observation reported near Pudukkottai North Market locality in Pudukkottai.,MOBILE_APP,DISMISSED,PROCESSED,DUP-GRP-10,MEDIUM,72,0
CR-2026-00781,ANON-TN-DC2A5CA1A8,2025-10-06 20:14:00,37,Tirupathur,148,Tirupathur South,361,Tirupathur South Sector A,HEALTH_EMERGENCY,CHEMICAL_PRECURSORS,Anonymous observation reported near Tirupathur South Sector A locality in Tirupathur.,WEB_PORTAL,UNVERIFIED,PROCESSED,DUP-GRP-64,HIGH,90,0
CR-2026-00782,ANON-TN-4B3D59C9A8,2024-12-14 06:23:16,22,Dharmapuri,88,Dharmapuri North,225,Dharmapuri West Sector A,COMMUNITY_CONCERN,PRESCRIPTION_NARCOTICS,Anonymous observation reported near Dharmapuri West Sector A locality in Dharmapuri.,TELEGRAM_BOT,UNVERIFIED,PROCESSED,DUP-GRP-156,HIGH,69,0
CR-2026-00783,ANON-TN-75C2C51C4B,2025-02-17 02:38:11,4,Salem,16,Salem West,36,Salem South Market,HEALTH_EMERGENCY,SYNTHETIC_MDMA,Anonymous observation reported near Salem South Market locality in Salem.,TELEGRAM_BOT,UNVERIFIED,PROCESSED,DUP-GRP-195,HIGH,87,0
CR-2026-00784,ANON-TN-586044DFD9,2024-11-04 19:04:26,14,Kanniyakumari,58,Kanniyakumari Rural,138,Kanniyakumari South Market,COMMUNITY_CONCERN,CHEMICAL_PRECURSORS,Anonymous observation reported near Kanniyakumari South Market locality in Kanniyakumari.,WEB_PORTAL,DISMISSED,PROCESSED,DUP-GRP-81,HIGH,87,0
CR-2026-00785,ANON-TN-E29EAFE33D,2024-12-05 07:19:04,10,Krishnagiri,42,Krishnagiri Rural,100,Krishnagiri East Bypass Hub,HEALTH_EMERGENCY,SYNTHETIC_MDMA,Anonymous observation reported near Krishnagiri East Bypass Hub locality in Krishnagiri.,MOBILE_APP,UNVERIFIED,PROCESSED,DUP-GRP-112,HIGH,71,0
CR-2026-00786,ANON-TN-CC8CF323EC,2024-12-19 02:54:34,4,Salem,16,Salem West,40,Salem West Market,COMMUNITY_CONCERN,OPIOID_ANALOGUES,Anonymous observation reported near Salem West Market locality in Salem.,TOLL_FREE_IVR,CORROBORATED,PROCESSED,DUP-GRP-104,MEDIUM,80,0
CR-2026-00787,ANON-TN-00284C94DF,2025-07-18 23:58:45,8,Erode,29,Erode North,77,Erode West Sector A,HEALTH_EMERGENCY,UNKNOWN_CONTRABAND,Anonymous observation reported near Erode West Sector A locality in Erode.,MOBILE_APP,CORROBORATED,PROCESSED,DUP-GRP-243,MEDIUM,78,0
CR-2026-00788,ANON-TN-860CA9B86D,2025-11-10 10:54:15,6,Tirunelveli,23,Tirunelveli North,59,Tirunelveli South Bypass Hub,REHAB_NEED,COMMERCIAL_GANJA,Anonymous observation reported near Tirunelveli South Bypass Hub locality in Tirunelveli.,TELEGRAM_BOT,NEEDS_VERIFICATION,PROCESSED,DUP-GRP-385,LOW,60,0
CR-2026-00789,ANON-TN-CBF5872F99,2025-08-22 00:48:03,4,Salem,14,Salem South,38,Salem East Market,REHAB_NEED,SYNTHETIC_MDMA,Anonymous observation reported near Salem East Market locality in Salem.,WEB_PORTAL,UNVERIFIED,PROCESSED,DUP-GRP-163,HIGH,64,0
CR-2026-00790,ANON-TN-E3199FF5FC,2025-02-23 12:37:47,18,Tiruvallur,73,Tiruvallur South,179,Tiruvallur South Sector A,COMMUNITY_CONCERN,SYNTHETIC_MDMA,Anonymous observation reported near Tiruvallur South Sector A locality in Tiruvallur.,WEB_PORTAL,DISMISSED,PROCESSED,DUP-GRP-116,HIGH,78,1
CR-2026-00791,ANON-TN-BAEAFE10B9,2024-10-01 04:29:32,21,Kallakurichi,86,Kallakurichi West,216,Kallakurichi Rural Sector A,HEALTH_EMERGENCY,PRESCRIPTION_NARCOTICS,Anonymous observation reported near Kallakurichi Rural Sector A locality in Kallakurichi.,WEB_PORTAL,UNVERIFIED,PROCESSED,DUP-GRP-184,HIGH,56,0
CR-2026-00792,ANON-TN-1E0E81F5B2,2026-01-24 18:28:50,21,Kallakurichi,86,Kallakurichi West,208,Kallakurichi North Bypass Hub,REHAB_NEED,COMMERCIAL_GANJA,Anonymous observation reported near Kallakurichi North Bypass Hub locality in Kallakurichi.,TOLL_FREE_IVR,UNVERIFIED,PROCESSED,DUP-GRP-385,HIGH,64,0
CR-2026-00793,ANON-TN-6198C35FFE,2024-12-20 16:20:11,15,Tenkasi,61,Tenkasi East,148,Tenkasi North Bypass Hub,COMMUNITY_CONCERN,UNKNOWN_CONTRABAND,Anonymous observation reported near Tenkasi North Bypass Hub locality in Tenkasi.,TOLL_FREE_IVR,UNVERIFIED,PROCESSED,DUP-GRP-133,LOW,64,0
CR-2026-00794,ANON-TN-84D162455A,2025-03-11 00:59:58,25,Karur,101,Karur South,252,Karur West Sector A,SUSPECTED_DISTRIBUTION,CHEMICAL_PRECURSORS,Anonymous observation reported near Karur West Sector A locality in Karur.,TELEGRAM_BOT,CORROBORATED,PROCESSED,DUP-GRP-271,HIGH,71,0
CR-2026-00795,ANON-TN-5A5A64B4A8,2026-04-21 19:21:24,22,Dharmapuri,88,Dharmapuri North,222,Dharmapuri South Market,SUSPECTED_DISTRIBUTION,COMMERCIAL_GANJA,Anonymous observation reported near Dharmapuri South Market locality in Dharmapuri.,TOLL_FREE_IVR,CORROBORATED,PROCESSED,DUP-GRP-170,HIGH,56,0
CR-2026-00796,ANON-TN-8A81BCDC9B,2025-05-20 08:32:50,14,Kanniyakumari,57,Kanniyakumari West,145,Kanniyakumari Rural Market,HEALTH_EMERGENCY,CHEMICAL_PRECURSORS,Anonymous observation reported near Kanniyakumari Rural Market locality in Kanniyakumari.,TOLL_FREE_IVR,DISMISSED,PROCESSED,DUP-GRP-153,HIGH,55,0
CR-2026-00797,ANON-TN-FA61440D3A,2025-03-15 21:02:00,4,Salem,17,Salem Rural,40,Salem West Market,COMMUNITY_CONCERN,COMMERCIAL_GANJA,Anonymous observation reported near Salem West Market locality in Salem.,MOBILE_APP,DISMISSED,PROCESSED,DUP-GRP-66,LOW,77,0
CR-2026-00798,ANON-TN-F66BF5F6FB,2025-09-18 16:39:46,10,Krishnagiri,41,Krishnagiri West,105,Krishnagiri Rural Market,REHAB_NEED,CHEMICAL_PRECURSORS,Anonymous observation reported near Krishnagiri Rural Market locality in Krishnagiri.,TOLL_FREE_IVR,UNVERIFIED,PROCESSED,DUP-GRP-47,MEDIUM,70,0
CR-2026-00799,ANON-TN-BB216FC5F0,2026-07-18 06:47:03,16,Kancheepuram,63,Kancheepuram South,162,Kancheepuram West Bypass Hub,COMMUNITY_CONCERN,CHEMICAL_PRECURSORS,Anonymous observation reported near Kancheepuram West Bypass Hub locality in Kancheepuram.,TELEGRAM_BOT,UNVERIFIED,PROCESSED,DUP-GRP-143,HIGH,80,1
CR-2026-00800,ANON-TN-3862998447,2025-02-07 01:29:43,25,Karur,101,Karur South,246,Karur North Market,COMMUNITY_CONCERN,COMMERCIAL_GANJA,Anonymous observation reported near Karur North Market locality in Karur.,MOBILE_APP,DISMISSED,PROCESSED,DUP-GRP-249,LOW,79,1
CR-2026-00801,ANON-TN-0B783F92FC,2025-02-03 08:26:42,31,Virudhunagar,123,Virudhunagar South,301,Virudhunagar North Market,HEALTH_EMERGENCY,COMMERCIAL_GANJA,Anonymous observation reported near Virudhunagar North Market locality in Virudhunagar.,MOBILE_APP,DISMISSED,PROCESSED,DUP-GRP-276,HIGH,79,0
CR-2026-00802,ANON-TN-34BCA23507,2026-08-05 17:16:41,20,Viluppuram,82,Viluppuram East,203,Viluppuram South Market,COMMUNITY_CONCERN,OPIOID_ANALOGUES,Anonymous observation reported near Viluppuram South Market locality in Viluppuram.,WEB_PORTAL,DISMISSED,PROCESSED,DUP-GRP-233,LOW,80,0
CR-2026-00803,ANON-TN-5F1A718F23,2025-03-29 13:41:28,21,Kallakurichi,85,Kallakurichi East,216,Kallakurichi Rural Sector A,REHAB_NEED,OPIOID_ANALOGUES,Anonymous observation reported near Kallakurichi Rural Sector A locality in Kallakurichi.,MOBILE_APP,UNVERIFIED,PROCESSED,DUP-GRP-351,MEDIUM,68,0
CR-2026-00804,ANON-TN-570329347B,2025-11-10 20:55:34,9,Vellore,33,Vellore North,89,Vellore West Market,HEALTH_EMERGENCY,COMMERCIAL_GANJA,Anonymous observation reported near Vellore West Market locality in Vellore.,WEB_PORTAL,DISMISSED,PROCESSED,DUP-GRP-61,LOW,61,0
CR-2026-00805,ANON-TN-D4D7F25D0D,2026-07-13 16:57:14,14,Kanniyakumari,54,Kanniyakumari North,144,Kanniyakumari Rural Sector A,COMMUNITY_CONCERN,COMMERCIAL_GANJA,Anonymous observation reported near Kanniyakumari Rural Sector A locality in Kanniyakumari.,WEB_PORTAL,CORROBORATED,PROCESSED,DUP-GRP-48,MEDIUM,65,0
CR-2026-00806,ANON-TN-26F7B6B0A9,2026-06-03 23:25:11,31,Virudhunagar,123,Virudhunagar South,301,Virudhunagar North Market,SUSPECTED_DISTRIBUTION,OPIOID_ANALOGUES,Anonymous observation reported near Virudhunagar North Market locality in Virudhunagar.,MOBILE_APP,NEEDS_VERIFICATION,PROCESSED,DUP-GRP-307,HIGH,59,0
CR-2026-00807,ANON-TN-0E506B59BC,2025-11-24 05:56:20,18,Tiruvallur,72,Tiruvallur North,184,Tiruvallur East Bypass Hub,COMMUNITY_CONCERN,COMMERCIAL_GANJA,Anonymous observation reported near Tiruvallur East Bypass Hub locality in Tiruvallur.,TOLL_FREE_IVR,UNVERIFIED,PROCESSED,DUP-GRP-199,MEDIUM,82,0
CR-2026-00808,ANON-TN-CA86BA2EB1,2025-06-16 09:48:49,2,Coimbatore,8,Coimbatore East,18,Coimbatore South Sector A,REHAB_NEED,PRESCRIPTION_NARCOTICS,Anonymous observation reported near Coimbatore South Sector A locality in Coimbatore.,TOLL_FREE_IVR,NEEDS_VERIFICATION,PROCESSED,DUP-GRP-163,LOW,80,0
CR-2026-00809,ANON-TN-C60B713608,2026-02-06 00:02:33,21,Kallakurichi,84,Kallakurichi South,218,Kallakurichi Rural Bypass Hub,COMMUNITY_CONCERN,UNKNOWN_CONTRABAND,Anonymous observation reported near Kallakurichi Rural Bypass Hub locality in Kallakurichi.,TOLL_FREE_IVR,CORROBORATED,PROCESSED,DUP-GRP-250,LOW,76,0
CR-2026-00810,ANON-TN-84ABBAFD4C,2026-01-08 13:38:11,29,Sivaganga,117,Sivaganga West,287,Sivaganga West Sector A,COMMUNITY_CONCERN,CHEMICAL_PRECURSORS,Anonymous observation reported near Sivaganga West Sector A locality in Sivaganga.,MOBILE_APP,CORROBORATED,PROCESSED,DUP-GRP-235,MEDIUM,62,1
CR-2026-00811,ANON-TN-5558010063,2025-11-27 14:21:12,12,Thanjavur,47,Thanjavur South,116,Thanjavur North Market,HEALTH_EMERGENCY,UNKNOWN_CONTRABAND,Anonymous observation reported near Thanjavur North Market locality in Thanjavur.,TOLL_FREE_IVR,UNVERIFIED,PROCESSED,DUP-GRP-125,HIGH,76,0
CR-2026-00812,ANON-TN-D62F81072F,2025-09-28 13:24:12,19,Cuddalore,78,Cuddalore West,191,Cuddalore East Sector A,HEALTH_EMERGENCY,PRESCRIPTION_NARCOTICS,Anonymous observation reported near Cuddalore East Sector A locality in Cuddalore.,TELEGRAM_BOT,CORROBORATED,PROCESSED,DUP-GRP-345,LOW,75,1
CR-2026-00813,ANON-TN-F473A2D9EA,2025-11-18 01:18:33,3,Madurai,11,Madurai East,25,Madurai South Market,COMMUNITY_CONCERN,UNKNOWN_CONTRABAND,Anonymous observation reported near Madurai South Market locality in Madurai.,TOLL_FREE_IVR,NEEDS_VERIFICATION,PROCESSED,DUP-GRP-361,MEDIUM,85,1
CR-2026-00814,ANON-TN-E6408490E0,2024-10-10 10:44:53,15,Tenkasi,59,Tenkasi North,146,Tenkasi North Sector A,REHAB_NEED,UNKNOWN_CONTRABAND,Anonymous observation reported near Tenkasi North Sector A locality in Tenkasi.,MOBILE_APP,UNVERIFIED,PROCESSED,DUP-GRP-293,HIGH,90,0
CR-2026-00815,ANON-TN-BF9177F449,2024-10-03 18:09:33,4,Salem,15,Salem East,38,Salem East Market,REHAB_NEED,PRESCRIPTION_NARCOTICS,Anonymous observation reported near Salem East Market locality in Salem.,TOLL_FREE_IVR,UNVERIFIED,PROCESSED,DUP-GRP-146,LOW,57,0
CR-2026-00816,ANON-TN-3E219C433A,2024-09-29 17:31:14,22,Dharmapuri,88,Dharmapuri North,219,Dharmapuri North Sector A,REHAB_NEED,SYNTHETIC_MDMA,Anonymous observation reported near Dharmapuri North Sector A locality in Dharmapuri.,TOLL_FREE_IVR,CORROBORATED,PROCESSED,DUP-GRP-66,LOW,87,0
CR-2026-00817,ANON-TN-9676831CA3,2025-10-12 15:04:14,21,Kallakurichi,87,Kallakurichi Rural,208,Kallakurichi North Bypass Hub,REHAB_NEED,CHEMICAL_PRECURSORS,Anonymous observation reported near Kallakurichi North Bypass Hub locality in Kallakurichi.,TOLL_FREE_IVR,CORROBORATED,PROCESSED,DUP-GRP-119,MEDIUM,81,0
CR-2026-00818,ANON-TN-61BC401FC1,2024-10-16 07:12:48,13,Thoothukudi,53,Thoothukudi Rural,131,Thoothukudi Rural Sector A,HEALTH_EMERGENCY,COMMERCIAL_GANJA,Anonymous observation reported near Thoothukudi Rural Sector A locality in Thoothukudi.,TELEGRAM_BOT,NEEDS_VERIFICATION,PROCESSED,DUP-GRP-35,HIGH,82,0
CR-2026-00819,ANON-TN-EA399BA79F,2025-07-18 01:54:09,18,Tiruvallur,74,Tiruvallur East,183,Tiruvallur East Market,REHAB_NEED,COMMERCIAL_GANJA,Anonymous observation reported near Tiruvallur East Market locality in Tiruvallur.,TOLL_FREE_IVR,CORROBORATED,PROCESSED,DUP-GRP-156,LOW,86,0
CR-2026-00820,ANON-TN-EE60ACE8C1,2025-07-22 12:39:29,30,Ramanathapuram,121,Ramanathapuram West,297,Ramanathapuram West Sector A,HEALTH_EMERGENCY,CHEMICAL_PRECURSORS,Anonymous observation reported near Ramanathapuram West Sector A locality in Ramanathapuram.,TELEGRAM_BOT,NEEDS_VERIFICATION,PROCESSED,DUP-GRP-9,LOW,87,0
CR-2026-00821,ANON-TN-37D88E9DC5,2025-03-08 07:14:55,17,Chengalpattu,71,Chengalpattu Rural,176,Chengalpattu Rural Market,REHAB_NEED,COMMERCIAL_GANJA,Anonymous observation reported near Chengalpattu Rural Market locality in Chengalpattu.,TOLL_FREE_IVR,CORROBORATED,PROCESSED,DUP-GRP-309,MEDIUM,56,0
CR-2026-00822,ANON-TN-3CE3D2F2A6,2026-04-06 22:05:26,5,Tiruchirappalli,18,Tiruchirappalli North,50,Tiruchirappalli East Bypass Hub,HEALTH_EMERGENCY,OPIOID_ANALOGUES,Anonymous observation reported near Tiruchirappalli East Bypass Hub locality in Tiruchirappalli.,TELEGRAM_BOT,NEEDS_VERIFICATION,PROCESSED,DUP-GRP-308,MEDIUM,76,0
CR-2026-00823,ANON-TN-D0DDF570E3,2025-10-29 08:16:44,14,Kanniyakumari,55,Kanniyakumari South,140,Kanniyakumari East Market,REHAB_NEED,CHEMICAL_PRECURSORS,Anonymous observation reported near Kanniyakumari East Market locality in Kanniyakumari.,MOBILE_APP,DISMISSED,PROCESSED,DUP-GRP-200,HIGH,73,1
CR-2026-00824,ANON-TN-BEFFB4F304,2025-06-27 13:06:18,23,Namakkal,93,Namakkal South,229,Namakkal South Sector A,HEALTH_EMERGENCY,SYNTHETIC_MDMA,Anonymous observation reported near Namakkal South Sector A locality in Namakkal.,MOBILE_APP,DISMISSED,PROCESSED,DUP-GRP-369,LOW,56,0
CR-2026-00825,ANON-TN-8D3862F348,2026-03-30 19:00:50,21,Kallakurichi,86,Kallakurichi West,213,Kallakurichi East Bypass Hub,HEALTH_EMERGENCY,OPIOID_ANALOGUES,Anonymous observation reported near Kallakurichi East Bypass Hub locality in Kallakurichi.,MOBILE_APP,NEEDS_VERIFICATION,PROCESSED,DUP-GRP-123,LOW,81,0
CR-2026-00826,ANON-TN-A1CE539782,2026-06-21 06:42:03,5,Tiruchirappalli,18,Tiruchirappalli North,46,Tiruchirappalli South Sector A,REHAB_NEED,OPIOID_ANALOGUES,Anonymous observation reported near Tiruchirappalli South Sector A locality in Tiruchirappalli.,TOLL_FREE_IVR,DISMISSED,PROCESSED,DUP-GRP-161,MEDIUM,90,0
CR-2026-00827,ANON-TN-760E7289D3,2024-12-09 08:22:44,23,Namakkal,94,Namakkal East,230,Namakkal South Market,COMMUNITY_CONCERN,PRESCRIPTION_NARCOTICS,Anonymous observation reported near Namakkal South Market locality in Namakkal.,MOBILE_APP,UNVERIFIED,PROCESSED,DUP-GRP-32,LOW,84,1
CR-2026-00828,ANON-TN-EB3CCAB052,2024-10-29 12:33:34,12,Thanjavur,46,Thanjavur North,115,Thanjavur North Sector A,REHAB_NEED,OPIOID_ANALOGUES,Anonymous observation reported near Thanjavur North Sector A locality in Thanjavur.,MOBILE_APP,NEEDS_VERIFICATION,PROCESSED,DUP-GRP-15,HIGH,67,0
CR-2026-00829,ANON-TN-FDAE7A4380,2025-12-25 06:18:44,33,Thiruvarur,133,Thiruvarur South,330,Thiruvarur West Sector A,SUSPECTED_DISTRIBUTION,CHEMICAL_PRECURSORS,Anonymous observation reported near Thiruvarur West Sector A locality in Thiruvarur.,MOBILE_APP,NEEDS_VERIFICATION,PROCESSED,DUP-GRP-240,LOW,55,0
CR-2026-00830,ANON-TN-D86A687C69,2025-02-27 00:28:48,32,Theni,127,Theni North,315,Theni East Market,COMMUNITY_CONCERN,OPIOID_ANALOGUES,Anonymous observation reported near Theni East Market locality in Theni.,MOBILE_APP,CORROBORATED,PROCESSED,DUP-GRP-215,MEDIUM,87,0
CR-2026-00831,ANON-TN-19CB930D49,2024-10-20 02:52:08,23,Namakkal,92,Namakkal North,231,Namakkal South Bypass Hub,REHAB_NEED,CHEMICAL_PRECURSORS,Anonymous observation reported near Namakkal South Bypass Hub locality in Namakkal.,TELEGRAM_BOT,UNVERIFIED,PROCESSED,DUP-GRP-110,MEDIUM,89,0
CR-2026-00832,ANON-TN-C8C3973F69,2024-12-11 16:05:46,28,Pudukkottai,112,Pudukkottai South,273,Pudukkottai North Sector A,REHAB_NEED,PRESCRIPTION_NARCOTICS,Anonymous observation reported near Pudukkottai North Sector A locality in Pudukkottai.,TELEGRAM_BOT,DISMISSED,PROCESSED,DUP-GRP-41,LOW,73,1
CR-2026-00833,ANON-TN-3D1A18FAED,2026-05-29 06:34:01,5,Tiruchirappalli,20,Tiruchirappalli East,54,Tiruchirappalli Rural Market,SUSPECTED_DISTRIBUTION,CHEMICAL_PRECURSORS,Anonymous observation reported near Tiruchirappalli Rural Market locality in Tiruchirappalli.,WEB_PORTAL,UNVERIFIED,PROCESSED,DUP-GRP-147,MEDIUM,58,0
CR-2026-00834,ANON-TN-8906E1FA6A,2026-02-20 18:54:10,10,Krishnagiri,38,Krishnagiri North,95,Krishnagiri North Bypass Hub,REHAB_NEED,CHEMICAL_PRECURSORS,Anonymous observation reported near Krishnagiri North Bypass Hub locality in Krishnagiri.,TOLL_FREE_IVR,UNVERIFIED,PROCESSED,DUP-GRP-136,MEDIUM,84,0
CR-2026-00835,ANON-TN-6E68FE6D68,2026-07-10 12:20:35,18,Tiruvallur,74,Tiruvallur East,177,Tiruvallur North Sector A,SUSPECTED_DISTRIBUTION,PRESCRIPTION_NARCOTICS,Anonymous observation reported near Tiruvallur North Sector A locality in Tiruvallur.,WEB_PORTAL,DISMISSED,PROCESSED,DUP-GRP-60,LOW,91,0
CR-2026-00836,ANON-TN-B339C15317,2025-07-27 12:08:17,20,Viluppuram,80,Viluppuram North,204,Viluppuram East Sector A,HEALTH_EMERGENCY,CHEMICAL_PRECURSORS,Anonymous observation reported near Viluppuram East Sector A locality in Viluppuram.,MOBILE_APP,CORROBORATED,PROCESSED,DUP-GRP-133,LOW,70,0
CR-2026-00837,ANON-TN-B092629CD3,2026-03-31 08:28:08,16,Kancheepuram,65,Kancheepuram West,157,Kancheepuram South Market,HEALTH_EMERGENCY,COMMERCIAL_GANJA,Anonymous observation reported near Kancheepuram South Market locality in Kancheepuram.,TOLL_FREE_IVR,UNVERIFIED,PROCESSED,DUP-GRP-252,LOW,85,0
CR-2026-00838,ANON-TN-B2A72AB8D0,2026-05-27 01:11:48,35,Mayiladuthurai,141,Mayiladuthurai South,343,Mayiladuthurai North Sector A,HEALTH_EMERGENCY,SYNTHETIC_MDMA,Anonymous observation reported near Mayiladuthurai North Sector A locality in Mayiladuthurai.,WEB_PORTAL,NEEDS_VERIFICATION,PROCESSED,DUP-GRP-20,MEDIUM,76,0
CR-2026-00839,ANON-TN-C6D5478FBE,2025-10-19 08:52:08,26,Ariyalur,107,Ariyalur West,256,Ariyalur North Market,COMMUNITY_CONCERN,CHEMICAL_PRECURSORS,Anonymous observation reported near Ariyalur North Market locality in Ariyalur.,WEB_PORTAL,CORROBORATED,PROCESSED,DUP-GRP-376,HIGH,78,0
CR-2026-00840,ANON-TN-307198080C,2025-07-27 05:18:57,34,Nagapattinam,137,Nagapattinam South,336,Nagapattinam South Market,HEALTH_EMERGENCY,COMMERCIAL_GANJA,Anonymous observation reported near Nagapattinam South Market locality in Nagapattinam.,TOLL_FREE_IVR,UNVERIFIED,PROCESSED,DUP-GRP-185,HIGH,77,1
CR-2026-00841,ANON-TN-07C3F67564,2025-10-12 11:26:56,28,Pudukkottai,111,Pudukkottai North,274,Pudukkottai North Market,REHAB_NEED,OPIOID_ANALOGUES,Anonymous observation reported near Pudukkottai North Market locality in Pudukkottai.,TOLL_FREE_IVR,UNVERIFIED,PROCESSED,DUP-GRP-119,LOW,75,0
CR-2026-00842,ANON-TN-253013C7BE,2026-05-29 03:45:25,23,Namakkal,95,Namakkal West,227,Namakkal North Sector A,COMMUNITY_CONCERN,OPIOID_ANALOGUES,Anonymous observation reported near Namakkal North Sector A locality in Namakkal.,WEB_PORTAL,NEEDS_VERIFICATION,PROCESSED,DUP-GRP-161,MEDIUM,66,0
CR-2026-00843,ANON-TN-A863B9AC02,2026-04-01 03:17:06,27,Perambalur,109,Perambalur South,269,Perambalur South Bypass Hub,COMMUNITY_CONCERN,SYNTHETIC_MDMA,Anonymous observation reported near Perambalur South Bypass Hub locality in Perambalur.,TELEGRAM_BOT,UNVERIFIED,PROCESSED,DUP-GRP-340,HIGH,83,0
CR-2026-00844,ANON-TN-1D55B84ECE,2024-10-01 15:38:33,11,Dindigul,44,Dindigul South,113,Dindigul East Market,COMMUNITY_CONCERN,COMMERCIAL_GANJA,Anonymous observation reported near Dindigul East Market locality in Dindigul.,WEB_PORTAL,DISMISSED,PROCESSED,DUP-GRP-216,LOW,80,0
CR-2026-00845,ANON-TN-331D199DD4,2025-09-15 00:31:48,35,Mayiladuthurai,143,Mayiladuthurai West,349,Mayiladuthurai West Sector A,HEALTH_EMERGENCY,OPIOID_ANALOGUES,Anonymous observation reported near Mayiladuthurai West Sector A locality in Mayiladuthurai.,TOLL_FREE_IVR,NEEDS_VERIFICATION,PROCESSED,DUP-GRP-68,MEDIUM,82,1
CR-2026-00846,ANON-TN-7E0E60572D,2026-05-29 01:52:07,38,Tiruvannamalai,152,Tiruvannamalai East,372,Tiruvannamalai East Bypass Hub,REHAB_NEED,UNKNOWN_CONTRABAND,Anonymous observation reported near Tiruvannamalai East Bypass Hub locality in Tiruvannamalai.,MOBILE_APP,UNVERIFIED,PROCESSED,DUP-GRP-35,LOW,65,0
CR-2026-00847,ANON-TN-1499746333,2026-06-12 05:27:35,31,Virudhunagar,123,Virudhunagar South,303,Virudhunagar South Market,COMMUNITY_CONCERN,COMMERCIAL_GANJA,Anonymous observation reported near Virudhunagar South Market locality in Virudhunagar.,MOBILE_APP,UNVERIFIED,PROCESSED,DUP-GRP-203,LOW,91,0
CR-2026-00848,ANON-TN-48902F8A60,2025-02-08 18:45:14,7,Tiruppur,27,Tiruppur South,69,Tiruppur East Bypass Hub,REHAB_NEED,COMMERCIAL_GANJA,Anonymous observation reported near Tiruppur East Bypass Hub locality in Tiruppur.,MOBILE_APP,UNVERIFIED,PROCESSED,DUP-GRP-134,LOW,82,0
CR-2026-00849,ANON-TN-60F4EBB813,2026-06-12 06:33:58,1,Chennai,4,Chennai West,1,Chennai North Sector A,COMMUNITY_CONCERN,COMMERCIAL_GANJA,Anonymous observation reported near Chennai North Sector A locality in Chennai.,TELEGRAM_BOT,DISMISSED,PROCESSED,DUP-GRP-75,MEDIUM,86,0
CR-2026-00850,ANON-TN-1E5B471F7C,2025-01-21 11:11:26,14,Kanniyakumari,54,Kanniyakumari North,145,Kanniyakumari Rural Market,COMMUNITY_CONCERN,SYNTHETIC_MDMA,Anonymous observation reported near Kanniyakumari Rural Market locality in Kanniyakumari.,MOBILE_APP,DISMISSED,PROCESSED,DUP-GRP-360,HIGH,57,0
CR-2026-00851,ANON-TN-0465D306B9,2025-03-31 16:07:48,15,Tenkasi,61,Tenkasi East,153,Tenkasi East Bypass Hub,REHAB_NEED,SYNTHETIC_MDMA,Anonymous observation reported near Tenkasi East Bypass Hub locality in Tenkasi.,TELEGRAM_BOT,CORROBORATED,PROCESSED,DUP-GRP-29,HIGH,71,0
CR-2026-00852,ANON-TN-78265B8930,2024-12-05 06:48:27,25,Karur,101,Karur South,254,Karur West Bypass Hub,HEALTH_EMERGENCY,OPIOID_ANALOGUES,Anonymous observation reported near Karur West Bypass Hub locality in Karur.,TELEGRAM_BOT,CORROBORATED,PROCESSED,DUP-GRP-56,LOW,74,0
CR-2026-00853,ANON-TN-5A38403D87,2025-03-14 21:37:21,15,Tenkasi,61,Tenkasi East,150,Tenkasi South Market,REHAB_NEED,OPIOID_ANALOGUES,Anonymous observation reported near Tenkasi South Market locality in Tenkasi.,TOLL_FREE_IVR,CORROBORATED,PROCESSED,DUP-GRP-192,LOW,74,0
CR-2026-00854,ANON-TN-5E3464A775,2026-03-16 12:00:03,18,Tiruvallur,72,Tiruvallur North,183,Tiruvallur East Market,SUSPECTED_DISTRIBUTION,COMMERCIAL_GANJA,Anonymous observation reported near Tiruvallur East Market locality in Tiruvallur.,TELEGRAM_BOT,NEEDS_VERIFICATION,PROCESSED,DUP-GRP-147,HIGH,92,0
CR-2026-00855,ANON-TN-4D209F7498,2025-07-21 11:36:59,17,Chengalpattu,69,Chengalpattu East,175,Chengalpattu Rural Sector A,REHAB_NEED,SYNTHETIC_MDMA,Anonymous observation reported near Chengalpattu Rural Sector A locality in Chengalpattu.,WEB_PORTAL,UNVERIFIED,PROCESSED,DUP-GRP-322,MEDIUM,84,0
CR-2026-00856,ANON-TN-20950634E4,2025-08-09 06:37:07,1,Chennai,2,Chennai South,10,Chennai West Market,SUSPECTED_DISTRIBUTION,UNKNOWN_CONTRABAND,Anonymous observation reported near Chennai West Market locality in Chennai.,MOBILE_APP,CORROBORATED,PROCESSED,DUP-GRP-327,LOW,77,0
CR-2026-00857,ANON-TN-B79FC7EEB9,2026-07-17 20:03:54,19,Cuddalore,78,Cuddalore West,196,Cuddalore West Bypass Hub,REHAB_NEED,UNKNOWN_CONTRABAND,Anonymous observation reported near Cuddalore West Bypass Hub locality in Cuddalore.,TOLL_FREE_IVR,UNVERIFIED,PROCESSED,DUP-GRP-99,MEDIUM,84,0
CR-2026-00858,ANON-TN-A5C457C2AC,2025-01-02 10:51:27,34,Nagapattinam,136,Nagapattinam North,339,Nagapattinam East Market,REHAB_NEED,PRESCRIPTION_NARCOTICS,Anonymous observation reported near Nagapattinam East Market locality in Nagapattinam.,TELEGRAM_BOT,CORROBORATED,PROCESSED,DUP-GRP-195,LOW,67,0
CR-2026-00859,ANON-TN-1A0D50E533,2026-01-12 03:40:01,25,Karur,100,Karur North,250,Karur East Sector A,SUSPECTED_DISTRIBUTION,OPIOID_ANALOGUES,Anonymous observation reported near Karur East Sector A locality in Karur.,TELEGRAM_BOT,DISMISSED,PROCESSED,DUP-GRP-298,MEDIUM,89,0
CR-2026-00860,ANON-TN-44617551B2,2026-03-04 04:21:53,19,Cuddalore,75,Cuddalore North,191,Cuddalore East Sector A,REHAB_NEED,COMMERCIAL_GANJA,Anonymous observation reported near Cuddalore East Sector A locality in Cuddalore.,WEB_PORTAL,CORROBORATED,PROCESSED,DUP-GRP-209,MEDIUM,63,0
CR-2026-00861,ANON-TN-8DBAEEB43F,2026-07-06 11:28:19,4,Salem,13,Salem North,42,Salem Rural Market,REHAB_NEED,SYNTHETIC_MDMA,Anonymous observation reported near Salem Rural Market locality in Salem.,WEB_PORTAL,UNVERIFIED,PROCESSED,DUP-GRP-300,HIGH,61,0
CR-2026-00862,ANON-TN-B882A22D46,2026-07-24 17:56:02,14,Kanniyakumari,56,Kanniyakumari East,145,Kanniyakumari Rural Market,HEALTH_EMERGENCY,OPIOID_ANALOGUES,Anonymous observation reported near Kanniyakumari Rural Market locality in Kanniyakumari.,TELEGRAM_BOT,NEEDS_VERIFICATION,PROCESSED,DUP-GRP-320,HIGH,68,1
CR-2026-00863,ANON-TN-CB3AF84579,2025-09-24 11:17:42,7,Tiruppur,27,Tiruppur South,68,Tiruppur East Market,HEALTH_EMERGENCY,SYNTHETIC_MDMA,Anonymous observation reported near Tiruppur East Market locality in Tiruppur.,TELEGRAM_BOT,CORROBORATED,PROCESSED,DUP-GRP-218,MEDIUM,68,0
CR-2026-00864,ANON-TN-41F51AD16D,2025-07-09 22:14:41,21,Kallakurichi,85,Kallakurichi East,209,Kallakurichi South Sector A,HEALTH_EMERGENCY,PRESCRIPTION_NARCOTICS,Anonymous observation reported near Kallakurichi South Sector A locality in Kallakurichi.,TELEGRAM_BOT,UNVERIFIED,PROCESSED,DUP-GRP-256,LOW,92,0
CR-2026-00865,ANON-TN-2F5F12E3EA,2025-10-08 22:39:55,2,Coimbatore,8,Coimbatore East,15,Coimbatore North Sector A,SUSPECTED_DISTRIBUTION,SYNTHETIC_MDMA,Anonymous observation reported near Coimbatore North Sector A locality in Coimbatore.,TELEGRAM_BOT,UNVERIFIED,PROCESSED,DUP-GRP-33,LOW,68,0
CR-2026-00866,ANON-TN-9201C16E69,2025-06-27 05:24:08,13,Thoothukudi,52,Thoothukudi West,133,Thoothukudi Rural Bypass Hub,REHAB_NEED,CHEMICAL_PRECURSORS,Anonymous observation reported near Thoothukudi Rural Bypass Hub locality in Thoothukudi.,TELEGRAM_BOT,CORROBORATED,PROCESSED,DUP-GRP-300,MEDIUM,89,0
CR-2026-00867,ANON-TN-70AB7FDA99,2025-02-21 18:04:54,7,Tiruppur,26,Tiruppur North,67,Tiruppur East Sector A,REHAB_NEED,COMMERCIAL_GANJA,Anonymous observation reported near Tiruppur East Sector A locality in Tiruppur.,WEB_PORTAL,DISMISSED,PROCESSED,DUP-GRP-64,HIGH,86,0
CR-2026-00868,ANON-TN-9FD718039E,2026-07-27 09:32:08,8,Erode,31,Erode East,70,Erode North Sector A,SUSPECTED_DISTRIBUTION,COMMERCIAL_GANJA,Anonymous observation reported near Erode North Sector A locality in Erode.,MOBILE_APP,NEEDS_VERIFICATION,PROCESSED,DUP-GRP-59,LOW,64,0
CR-2026-00869,ANON-TN-03D6353D05,2025-03-02 12:54:04,10,Krishnagiri,39,Krishnagiri South,93,Krishnagiri North Sector A,REHAB_NEED,COMMERCIAL_GANJA,Anonymous observation reported near Krishnagiri North Sector A locality in Krishnagiri.,TELEGRAM_BOT,DISMISSED,PROCESSED,DUP-GRP-359,HIGH,74,0
CR-2026-00870,ANON-TN-665571F20A,2026-04-14 16:43:32,3,Madurai,11,Madurai East,24,Madurai South Sector A,REHAB_NEED,SYNTHETIC_MDMA,Anonymous observation reported near Madurai South Sector A locality in Madurai.,TELEGRAM_BOT,DISMISSED,PROCESSED,DUP-GRP-6,LOW,77,0
CR-2026-00871,ANON-TN-9D08F16B0B,2024-09-19 11:21:13,38,Tiruvannamalai,153,Tiruvannamalai West,367,Tiruvannamalai North Market,COMMUNITY_CONCERN,PRESCRIPTION_NARCOTICS,Anonymous observation reported near Tiruvannamalai North Market locality in Tiruvannamalai.,WEB_PORTAL,DISMISSED,PROCESSED,DUP-GRP-3,HIGH,69,0
CR-2026-00872,ANON-TN-FCCF95862F,2026-04-16 07:55:08,28,Pudukkottai,111,Pudukkottai North,276,Pudukkottai South Market,HEALTH_EMERGENCY,OPIOID_ANALOGUES,Anonymous observation reported near Pudukkottai South Market locality in Pudukkottai.,WEB_PORTAL,UNVERIFIED,PROCESSED,DUP-GRP-98,MEDIUM,74,0
CR-2026-00873,ANON-TN-4F81D374BA,2025-02-26 14:22:32,33,Thiruvarur,134,Thiruvarur East,329,Thiruvarur East Bypass Hub,SUSPECTED_DISTRIBUTION,PRESCRIPTION_NARCOTICS,Anonymous observation reported near Thiruvarur East Bypass Hub locality in Thiruvarur.,TOLL_FREE_IVR,NEEDS_VERIFICATION,PROCESSED,DUP-GRP-391,HIGH,63,0
CR-2026-00874,ANON-TN-F6B0B85515,2025-06-06 00:24:33,34,Nagapattinam,136,Nagapattinam North,339,Nagapattinam East Market,COMMUNITY_CONCERN,CHEMICAL_PRECURSORS,Anonymous observation reported near Nagapattinam East Market locality in Nagapattinam.,WEB_PORTAL,UNVERIFIED,PROCESSED,DUP-GRP-1,LOW,78,0
CR-2026-00875,ANON-TN-48DC439EAA,2025-11-13 15:05:02,23,Namakkal,93,Namakkal South,230,Namakkal South Market,COMMUNITY_CONCERN,CHEMICAL_PRECURSORS,Anonymous observation reported near Namakkal South Market locality in Namakkal.,MOBILE_APP,NEEDS_VERIFICATION,PROCESSED,DUP-GRP-25,HIGH,57,0
CR-2026-00876,ANON-TN-7AB3E4AFC3,2025-11-23 01:59:56,16,Kancheepuram,64,Kancheepuram East,161,Kancheepuram West Market,SUSPECTED_DISTRIBUTION,UNKNOWN_CONTRABAND,Anonymous observation reported near Kancheepuram West Market locality in Kancheepuram.,TOLL_FREE_IVR,DISMISSED,PROCESSED,DUP-GRP-198,LOW,89,0
CR-2026-00877,ANON-TN-9A00B1274B,2025-02-19 20:36:10,28,Pudukkottai,111,Pudukkottai North,277,Pudukkottai East Sector A,REHAB_NEED,COMMERCIAL_GANJA,Anonymous observation reported near Pudukkottai East Sector A locality in Pudukkottai.,WEB_PORTAL,CORROBORATED,PROCESSED,DUP-GRP-18,HIGH,74,0
CR-2026-00878,ANON-TN-1CB1FD7CB7,2025-09-05 09:05:20,36,Ranipet,144,Ranipet North,352,Ranipet North Sector A,REHAB_NEED,COMMERCIAL_GANJA,Anonymous observation reported near Ranipet North Sector A locality in Ranipet.,WEB_PORTAL,CORROBORATED,PROCESSED,DUP-GRP-56,MEDIUM,85,1
CR-2026-00879,ANON-TN-C5E5F5C8CF,2026-04-10 18:03:51,12,Thanjavur,48,Thanjavur East,117,Thanjavur North Bypass Hub,COMMUNITY_CONCERN,UNKNOWN_CONTRABAND,Anonymous observation reported near Thanjavur North Bypass Hub locality in Thanjavur.,TOLL_FREE_IVR,UNVERIFIED,PROCESSED,DUP-GRP-132,MEDIUM,78,0
CR-2026-00880,ANON-TN-79D49C8BE7,2025-03-20 14:10:20,16,Kancheepuram,65,Kancheepuram West,162,Kancheepuram West Bypass Hub,HEALTH_EMERGENCY,CHEMICAL_PRECURSORS,Anonymous observation reported near Kancheepuram West Bypass Hub locality in Kancheepuram.,MOBILE_APP,UNVERIFIED,PROCESSED,DUP-GRP-132,HIGH,80,0
CR-2026-00881,ANON-TN-BB1923A401,2025-02-07 02:22:39,31,Virudhunagar,124,Virudhunagar East,301,Virudhunagar North Market,REHAB_NEED,PRESCRIPTION_NARCOTICS,Anonymous observation reported near Virudhunagar North Market locality in Virudhunagar.,WEB_PORTAL,CORROBORATED,PROCESSED,DUP-GRP-93,HIGH,55,0
CR-2026-00882,ANON-TN-67CD419FD5,2025-01-09 05:49:16,11,Dindigul,45,Dindigul East,107,Dindigul North Sector A,COMMUNITY_CONCERN,PRESCRIPTION_NARCOTICS,Anonymous observation reported near Dindigul North Sector A locality in Dindigul.,MOBILE_APP,UNVERIFIED,PROCESSED,DUP-GRP-205,MEDIUM,92,0
CR-2026-00883,ANON-TN-2148CE1797,2026-02-28 05:19:16,7,Tiruppur,28,Tiruppur East,63,Tiruppur North Sector A,COMMUNITY_CONCERN,CHEMICAL_PRECURSORS,Anonymous observation reported near Tiruppur North Sector A locality in Tiruppur.,MOBILE_APP,CORROBORATED,PROCESSED,DUP-GRP-34,HIGH,74,0
CR-2026-00884,ANON-TN-5900C62A74,2026-02-09 22:29:13,38,Tiruvannamalai,153,Tiruvannamalai West,374,Tiruvannamalai West Market,SUSPECTED_DISTRIBUTION,SYNTHETIC_MDMA,Anonymous observation reported near Tiruvannamalai West Market locality in Tiruvannamalai.,TOLL_FREE_IVR,UNVERIFIED,PROCESSED,DUP-GRP-361,MEDIUM,86,0
CR-2026-00885,ANON-TN-0841B10658,2024-12-13 17:52:43,15,Tenkasi,61,Tenkasi East,151,Tenkasi East Sector A,HEALTH_EMERGENCY,CHEMICAL_PRECURSORS,Anonymous observation reported near Tenkasi East Sector A locality in Tenkasi.,WEB_PORTAL,NEEDS_VERIFICATION,PROCESSED,DUP-GRP-4,MEDIUM,80,0
CR-2026-00886,ANON-TN-730EE28258,2026-07-26 19:35:43,2,Coimbatore,6,Coimbatore North,17,Coimbatore North Bypass Hub,SUSPECTED_DISTRIBUTION,OPIOID_ANALOGUES,Anonymous observation reported near Coimbatore North Bypass Hub locality in Coimbatore.,TELEGRAM_BOT,NEEDS_VERIFICATION,PROCESSED,DUP-GRP-389,MEDIUM,55,1
CR-2026-00887,ANON-TN-8DB5F30A6E,2025-08-06 00:11:23,17,Chengalpattu,68,Chengalpattu South,170,Chengalpattu South Bypass Hub,COMMUNITY_CONCERN,PRESCRIPTION_NARCOTICS,Anonymous observation reported near Chengalpattu South Bypass Hub locality in Chengalpattu.,MOBILE_APP,UNVERIFIED,PROCESSED,DUP-GRP-74,LOW,80,0
CR-2026-00888,ANON-TN-44F9C93D98,2025-03-01 07:39:18,8,Erode,32,Erode West,72,Erode South Sector A,SUSPECTED_DISTRIBUTION,OPIOID_ANALOGUES,Anonymous observation reported near Erode South Sector A locality in Erode.,TOLL_FREE_IVR,UNVERIFIED,PROCESSED,DUP-GRP-174,LOW,56,0
CR-2026-00889,ANON-TN-18212FE668,2024-11-13 09:30:19,29,Sivaganga,115,Sivaganga South,283,Sivaganga South Market,SUSPECTED_DISTRIBUTION,UNKNOWN_CONTRABAND,Anonymous observation reported near Sivaganga South Market locality in Sivaganga.,TOLL_FREE_IVR,NEEDS_VERIFICATION,PROCESSED,DUP-GRP-299,MEDIUM,91,0
CR-2026-00890,ANON-TN-63299F5E4D,2025-08-07 11:49:36,38,Tiruvannamalai,153,Tiruvannamalai West,367,Tiruvannamalai North Market,COMMUNITY_CONCERN,CHEMICAL_PRECURSORS,Anonymous observation reported near Tiruvannamalai North Market locality in Tiruvannamalai.,TELEGRAM_BOT,UNVERIFIED,PROCESSED,DUP-GRP-139,HIGH,87,0
CR-2026-00891,ANON-TN-9AD2C9F575,2025-06-25 05:37:12,32,Theni,130,Theni West,310,Theni North Sector A,REHAB_NEED,CHEMICAL_PRECURSORS,Anonymous observation reported near Theni North Sector A locality in Theni.,MOBILE_APP,CORROBORATED,PROCESSED,DUP-GRP-143,HIGH,92,0
CR-2026-00892,ANON-TN-B00490C5BD,2025-08-12 06:16:44,8,Erode,29,Erode North,71,Erode North Market,REHAB_NEED,PRESCRIPTION_NARCOTICS,Anonymous observation reported near Erode North Market locality in Erode.,TOLL_FREE_IVR,NEEDS_VERIFICATION,PROCESSED,DUP-GRP-171,LOW,76,0
CR-2026-00893,ANON-TN-A5BC714BA0,2026-03-02 21:04:53,6,Tirunelveli,24,Tirunelveli South,62,Tirunelveli East Bypass Hub,HEALTH_EMERGENCY,CHEMICAL_PRECURSORS,Anonymous observation reported near Tirunelveli East Bypass Hub locality in Tirunelveli.,WEB_PORTAL,UNVERIFIED,PROCESSED,DUP-GRP-333,LOW,86,0
CR-2026-00894,ANON-TN-AF56CCFC8A,2025-11-15 18:03:58,16,Kancheepuram,63,Kancheepuram South,164,Kancheepuram Rural Market,COMMUNITY_CONCERN,COMMERCIAL_GANJA,Anonymous observation reported near Kancheepuram Rural Market locality in Kancheepuram.,TOLL_FREE_IVR,DISMISSED,PROCESSED,DUP-GRP-354,HIGH,83,0
CR-2026-00895,ANON-TN-FDC49C04D1,2024-10-08 17:17:09,1,Chennai,4,Chennai West,13,Chennai Rural Market,COMMUNITY_CONCERN,UNKNOWN_CONTRABAND,Anonymous observation reported near Chennai Rural Market locality in Chennai.,TOLL_FREE_IVR,UNVERIFIED,PROCESSED,DUP-GRP-333,LOW,87,0
CR-2026-00896,ANON-TN-143AAA1CEE,2025-01-31 08:39:51,12,Thanjavur,47,Thanjavur South,121,Thanjavur East Market,HEALTH_EMERGENCY,PRESCRIPTION_NARCOTICS,Anonymous observation reported near Thanjavur East Market locality in Thanjavur.,TELEGRAM_BOT,CORROBORATED,PROCESSED,DUP-GRP-25,LOW,90,0
CR-2026-00897,ANON-TN-6A529EE882,2025-12-05 09:48:53,18,Tiruvallur,72,Tiruvallur North,182,Tiruvallur East Sector A,HEALTH_EMERGENCY,PRESCRIPTION_NARCOTICS,Anonymous observation reported near Tiruvallur East Sector A locality in Tiruvallur.,WEB_PORTAL,UNVERIFIED,PROCESSED,DUP-GRP-259,LOW,55,0
CR-2026-00898,ANON-TN-F5FB9FAA20,2025-10-16 08:22:06,38,Tiruvannamalai,150,Tiruvannamalai North,373,Tiruvannamalai West Sector A,SUSPECTED_DISTRIBUTION,UNKNOWN_CONTRABAND,Anonymous observation reported near Tiruvannamalai West Sector A locality in Tiruvannamalai.,WEB_PORTAL,DISMISSED,PROCESSED,DUP-GRP-319,HIGH,77,0
CR-2026-00899,ANON-TN-A30805FBB2,2026-04-14 20:13:09,13,Thoothukudi,50,Thoothukudi South,125,Thoothukudi South Sector A,HEALTH_EMERGENCY,CHEMICAL_PRECURSORS,Anonymous observation reported near Thoothukudi South Sector A locality in Thoothukudi.,WEB_PORTAL,CORROBORATED,PROCESSED,DUP-GRP-298,MEDIUM,89,0
CR-2026-00900,ANON-TN-DC6B12227F,2026-03-31 20:03:30,1,Chennai,1,Chennai North,5,Chennai South Market,REHAB_NEED,SYNTHETIC_MDMA,Anonymous observation reported near Chennai South Market locality in Chennai.,WEB_PORTAL,NEEDS_VERIFICATION,PROCESSED,DUP-GRP-14,LOW,81,0
CR-2026-00901,ANON-TN-5B14DB6D1B,2026-07-22 20:50:23,13,Thoothukudi,52,Thoothukudi West,123,Thoothukudi North Market,HEALTH_EMERGENCY,PRESCRIPTION_NARCOTICS,Anonymous observation reported near Thoothukudi North Market locality in Thoothukudi.,MOBILE_APP,UNVERIFIED,PROCESSED,DUP-GRP-311,MEDIUM,91,0
CR-2026-00902,ANON-TN-EA7A993ECB,2026-06-02 05:50:29,1,Chennai,1,Chennai North,2,Chennai North Market,SUSPECTED_DISTRIBUTION,SYNTHETIC_MDMA,Anonymous observation reported near Chennai North Market locality in Chennai.,TELEGRAM_BOT,CORROBORATED,PROCESSED,DUP-GRP-210,MEDIUM,81,1
CR-2026-00903,ANON-TN-8C2A263FB3,2025-04-04 00:08:04,23,Namakkal,93,Namakkal South,230,Namakkal South Market,REHAB_NEED,CHEMICAL_PRECURSORS,Anonymous observation reported near Namakkal South Market locality in Namakkal.,TELEGRAM_BOT,DISMISSED,PROCESSED,DUP-GRP-230,MEDIUM,82,0
CR-2026-00904,ANON-TN-18C07A8547,2025-04-16 23:37:38,17,Chengalpattu,67,Chengalpattu North,172,Chengalpattu East Market,COMMUNITY_CONCERN,SYNTHETIC_MDMA,Anonymous observation reported near Chengalpattu East Market locality in Chengalpattu.,WEB_PORTAL,NEEDS_VERIFICATION,PROCESSED,DUP-GRP-272,LOW,78,1
CR-2026-00905,ANON-TN-85A085D7D8,2025-01-31 03:42:02,22,Dharmapuri,88,Dharmapuri North,222,Dharmapuri South Market,SUSPECTED_DISTRIBUTION,UNKNOWN_CONTRABAND,Anonymous observation reported near Dharmapuri South Market locality in Dharmapuri.,MOBILE_APP,NEEDS_VERIFICATION,PROCESSED,DUP-GRP-78,MEDIUM,81,0
CR-2026-00906,ANON-TN-B75C39AE22,2025-12-04 00:00:43,5,Tiruchirappalli,22,Tiruchirappalli Rural,45,Tiruchirappalli North Bypass Hub,COMMUNITY_CONCERN,SYNTHETIC_MDMA,Anonymous observation reported near Tiruchirappalli North Bypass Hub locality in Tiruchirappalli.,WEB_PORTAL,NEEDS_VERIFICATION,PROCESSED,DUP-GRP-389,HIGH,57,0
CR-2026-00907,ANON-TN-4070141EAE,2026-06-19 15:33:25,13,Thoothukudi,53,Thoothukudi Rural,130,Thoothukudi West Market,SUSPECTED_DISTRIBUTION,OPIOID_ANALOGUES,Anonymous observation reported near Thoothukudi West Market locality in Thoothukudi.,WEB_PORTAL,CORROBORATED,PROCESSED,DUP-GRP-262,LOW,80,1
CR-2026-00908,ANON-TN-0E03ED4BCC,2025-12-28 05:22:20,13,Thoothukudi,49,Thoothukudi North,131,Thoothukudi Rural Sector A,HEALTH_EMERGENCY,PRESCRIPTION_NARCOTICS,Anonymous observation reported near Thoothukudi Rural Sector A locality in Thoothukudi.,TELEGRAM_BOT,UNVERIFIED,PROCESSED,DUP-GRP-159,HIGH,62,1
CR-2026-00909,ANON-TN-2994A5B13D,2025-06-14 08:35:13,35,Mayiladuthurai,141,Mayiladuthurai South,346,Mayiladuthurai South Market,COMMUNITY_CONCERN,CHEMICAL_PRECURSORS,Anonymous observation reported near Mayiladuthurai South Market locality in Mayiladuthurai.,TELEGRAM_BOT,CORROBORATED,PROCESSED,DUP-GRP-23,HIGH,77,0
CR-2026-00910,ANON-TN-71049778FD,2025-06-12 05:59:21,22,Dharmapuri,90,Dharmapuri East,225,Dharmapuri West Sector A,HEALTH_EMERGENCY,PRESCRIPTION_NARCOTICS,Anonymous observation reported near Dharmapuri West Sector A locality in Dharmapuri.,MOBILE_APP,CORROBORATED,PROCESSED,DUP-GRP-350,HIGH,75,0
CR-2026-00911,ANON-TN-6F6EB4CCAB,2025-10-21 20:20:19,1,Chennai,5,Chennai Rural,4,Chennai South Sector A,HEALTH_EMERGENCY,UNKNOWN_CONTRABAND,Anonymous observation reported near Chennai South Sector A locality in Chennai.,TELEGRAM_BOT,NEEDS_VERIFICATION,PROCESSED,DUP-GRP-49,MEDIUM,75,0
CR-2026-00912,ANON-TN-8F2E5D0906,2025-07-22 16:38:35,15,Tenkasi,61,Tenkasi East,153,Tenkasi East Bypass Hub,COMMUNITY_CONCERN,OPIOID_ANALOGUES,Anonymous observation reported near Tenkasi East Bypass Hub locality in Tenkasi.,TELEGRAM_BOT,NEEDS_VERIFICATION,PROCESSED,DUP-GRP-92,LOW,55,0
CR-2026-00913,ANON-TN-54AB026E34,2024-10-13 01:10:00,16,Kancheepuram,63,Kancheepuram South,163,Kancheepuram Rural Sector A,HEALTH_EMERGENCY,SYNTHETIC_MDMA,Anonymous observation reported near Kancheepuram Rural Sector A locality in Kancheepuram.,TELEGRAM_BOT,NEEDS_VERIFICATION,PROCESSED,DUP-GRP-145,LOW,61,0
CR-2026-00914,ANON-TN-81EDAC14AE,2025-05-19 16:55:07,19,Cuddalore,77,Cuddalore East,192,Cuddalore East Market,HEALTH_EMERGENCY,UNKNOWN_CONTRABAND,Anonymous observation reported near Cuddalore East Market locality in Cuddalore.,MOBILE_APP,UNVERIFIED,PROCESSED,DUP-GRP-234,LOW,91,0
CR-2026-00915,ANON-TN-FE0427D470,2025-04-12 07:44:39,5,Tiruchirappalli,18,Tiruchirappalli North,52,Tiruchirappalli West Market,HEALTH_EMERGENCY,SYNTHETIC_MDMA,Anonymous observation reported near Tiruchirappalli West Market locality in Tiruchirappalli.,TOLL_FREE_IVR,CORROBORATED,PROCESSED,DUP-GRP-277,HIGH,64,0
CR-2026-00916,ANON-TN-9189136884,2025-04-08 14:52:51,29,Sivaganga,114,Sivaganga North,288,Sivaganga West Market,HEALTH_EMERGENCY,COMMERCIAL_GANJA,Anonymous observation reported near Sivaganga West Market locality in Sivaganga.,MOBILE_APP,NEEDS_VERIFICATION,PROCESSED,DUP-GRP-196,MEDIUM,86,0
CR-2026-00917,ANON-TN-F7DA5BEE64,2026-07-19 21:56:49,26,Ariyalur,105,Ariyalur South,257,Ariyalur North Bypass Hub,COMMUNITY_CONCERN,CHEMICAL_PRECURSORS,Anonymous observation reported near Ariyalur North Bypass Hub locality in Ariyalur.,TOLL_FREE_IVR,DISMISSED,PROCESSED,DUP-GRP-196,LOW,56,0
CR-2026-00918,ANON-TN-75DC6ED6F4,2025-09-30 19:25:23,8,Erode,30,Erode South,71,Erode North Market,SUSPECTED_DISTRIBUTION,SYNTHETIC_MDMA,Anonymous observation reported near Erode North Market locality in Erode.,MOBILE_APP,NEEDS_VERIFICATION,PROCESSED,DUP-GRP-110,MEDIUM,58,0
CR-2026-00919,ANON-TN-FAFD0E5288,2024-11-06 21:05:15,6,Tirunelveli,23,Tirunelveli North,56,Tirunelveli North Market,HEALTH_EMERGENCY,PRESCRIPTION_NARCOTICS,Anonymous observation reported near Tirunelveli North Market locality in Tirunelveli.,WEB_PORTAL,DISMISSED,PROCESSED,DUP-GRP-228,HIGH,76,0
CR-2026-00920,ANON-TN-2724FAF898,2025-06-06 00:30:12,34,Nagapattinam,139,Nagapattinam West,333,Nagapattinam North Market,HEALTH_EMERGENCY,PRESCRIPTION_NARCOTICS,Anonymous observation reported near Nagapattinam North Market locality in Nagapattinam.,MOBILE_APP,NEEDS_VERIFICATION,PROCESSED,DUP-GRP-301,MEDIUM,72,0
CR-2026-00921,ANON-TN-96E8B450E0,2025-05-22 04:06:44,13,Thoothukudi,52,Thoothukudi West,130,Thoothukudi West Market,HEALTH_EMERGENCY,COMMERCIAL_GANJA,Anonymous observation reported near Thoothukudi West Market locality in Thoothukudi.,WEB_PORTAL,UNVERIFIED,PROCESSED,DUP-GRP-324,LOW,65,0
CR-2026-00922,ANON-TN-E7BC918DC7,2025-05-28 21:44:54,38,Tiruvannamalai,153,Tiruvannamalai West,372,Tiruvannamalai East Bypass Hub,REHAB_NEED,SYNTHETIC_MDMA,Anonymous observation reported near Tiruvannamalai East Bypass Hub locality in Tiruvannamalai.,WEB_PORTAL,DISMISSED,PROCESSED,DUP-GRP-76,MEDIUM,90,0
CR-2026-00923,ANON-TN-E295F680C1,2024-11-30 02:13:13,5,Tiruchirappalli,20,Tiruchirappalli East,44,Tiruchirappalli North Market,REHAB_NEED,UNKNOWN_CONTRABAND,Anonymous observation reported near Tiruchirappalli North Market locality in Tiruchirappalli.,TOLL_FREE_IVR,UNVERIFIED,PROCESSED,DUP-GRP-135,HIGH,60,1
CR-2026-00924,ANON-TN-68ED24A566,2025-02-19 02:27:13,17,Chengalpattu,71,Chengalpattu Rural,170,Chengalpattu South Bypass Hub,HEALTH_EMERGENCY,UNKNOWN_CONTRABAND,Anonymous observation reported near Chengalpattu South Bypass Hub locality in Chengalpattu.,TELEGRAM_BOT,NEEDS_VERIFICATION,PROCESSED,DUP-GRP-155,MEDIUM,87,0
CR-2026-00925,ANON-TN-6C63A70458,2025-07-01 20:18:07,9,Vellore,37,Vellore Rural,86,Vellore East Sector A,SUSPECTED_DISTRIBUTION,UNKNOWN_CONTRABAND,Anonymous observation reported near Vellore East Sector A locality in Vellore.,MOBILE_APP,CORROBORATED,PROCESSED,DUP-GRP-127,HIGH,87,0
CR-2026-00926,ANON-TN-8DF22A533A,2025-03-05 18:23:04,6,Tirunelveli,23,Tirunelveli North,62,Tirunelveli East Bypass Hub,COMMUNITY_CONCERN,UNKNOWN_CONTRABAND,Anonymous observation reported near Tirunelveli East Bypass Hub locality in Tirunelveli.,WEB_PORTAL,CORROBORATED,PROCESSED,DUP-GRP-172,MEDIUM,76,0
CR-2026-00927,ANON-TN-BAA5270999,2025-11-27 17:33:45,8,Erode,30,Erode South,77,Erode West Sector A,COMMUNITY_CONCERN,UNKNOWN_CONTRABAND,Anonymous observation reported near Erode West Sector A locality in Erode.,TELEGRAM_BOT,CORROBORATED,PROCESSED,DUP-GRP-65,LOW,82,0
CR-2026-00928,ANON-TN-8F7D8C276F,2025-05-25 19:44:48,4,Salem,17,Salem Rural,39,Salem West Sector A,SUSPECTED_DISTRIBUTION,CHEMICAL_PRECURSORS,Anonymous observation reported near Salem West Sector A locality in Salem.,TOLL_FREE_IVR,NEEDS_VERIFICATION,PROCESSED,DUP-GRP-196,LOW,72,1
CR-2026-00929,ANON-TN-07D3F778FC,2025-03-09 23:08:36,26,Ariyalur,105,Ariyalur South,260,Ariyalur South Bypass Hub,HEALTH_EMERGENCY,PRESCRIPTION_NARCOTICS,Anonymous observation reported near Ariyalur South Bypass Hub locality in Ariyalur.,WEB_PORTAL,CORROBORATED,PROCESSED,DUP-GRP-160,MEDIUM,69,0
CR-2026-00930,ANON-TN-915893B355,2026-03-28 19:16:52,16,Kancheepuram,66,Kancheepuram Rural,161,Kancheepuram West Market,SUSPECTED_DISTRIBUTION,CHEMICAL_PRECURSORS,Anonymous observation reported near Kancheepuram West Market locality in Kancheepuram.,TELEGRAM_BOT,UNVERIFIED,PROCESSED,DUP-GRP-219,MEDIUM,57,0
CR-2026-00931,ANON-TN-33D3F5140B,2026-07-13 04:57:30,26,Ariyalur,107,Ariyalur West,262,Ariyalur East Market,HEALTH_EMERGENCY,SYNTHETIC_MDMA,Anonymous observation reported near Ariyalur East Market locality in Ariyalur.,MOBILE_APP,DISMISSED,PROCESSED,DUP-GRP-294,MEDIUM,92,0
CR-2026-00932,ANON-TN-4686763F3F,2025-01-23 05:24:06,36,Ranipet,144,Ranipet North,353,Ranipet North Market,COMMUNITY_CONCERN,PRESCRIPTION_NARCOTICS,Anonymous observation reported near Ranipet North Market locality in Ranipet.,TOLL_FREE_IVR,DISMISSED,PROCESSED,DUP-GRP-245,LOW,72,0
CR-2026-00933,ANON-TN-DD6DEB5739,2025-02-07 21:30:56,3,Madurai,11,Madurai East,26,Madurai South Bypass Hub,COMMUNITY_CONCERN,SYNTHETIC_MDMA,Anonymous observation reported near Madurai South Bypass Hub locality in Madurai.,TOLL_FREE_IVR,UNVERIFIED,PROCESSED,DUP-GRP-195,LOW,70,0
CR-2026-00934,ANON-TN-42620588D8,2025-03-06 02:10:45,19,Cuddalore,79,Cuddalore Rural,187,Cuddalore North Bypass Hub,REHAB_NEED,COMMERCIAL_GANJA,Anonymous observation reported near Cuddalore North Bypass Hub locality in Cuddalore.,MOBILE_APP,UNVERIFIED,PROCESSED,DUP-GRP-310,MEDIUM,76,0
CR-2026-00935,ANON-TN-ABB3EE68E9,2026-06-06 02:29:49,20,Viluppuram,82,Viluppuram East,205,Viluppuram East Market,SUSPECTED_DISTRIBUTION,COMMERCIAL_GANJA,Anonymous observation reported near Viluppuram East Market locality in Viluppuram.,TELEGRAM_BOT,UNVERIFIED,PROCESSED,DUP-GRP-44,HIGH,64,1
CR-2026-00936,ANON-TN-B002549B88,2025-03-17 12:06:18,14,Kanniyakumari,56,Kanniyakumari East,144,Kanniyakumari Rural Sector A,HEALTH_EMERGENCY,OPIOID_ANALOGUES,Anonymous observation reported near Kanniyakumari Rural Sector A locality in Kanniyakumari.,MOBILE_APP,UNVERIFIED,PROCESSED,DUP-GRP-234,HIGH,59,0
CR-2026-00937,ANON-TN-0B7715DFC7,2025-12-14 06:05:58,22,Dharmapuri,91,Dharmapuri West,225,Dharmapuri West Sector A,COMMUNITY_CONCERN,SYNTHETIC_MDMA,Anonymous observation reported near Dharmapuri West Sector A locality in Dharmapuri.,MOBILE_APP,DISMISSED,PROCESSED,DUP-GRP-150,HIGH,75,0
CR-2026-00938,ANON-TN-2E289B4EBD,2026-05-26 23:15:41,9,Vellore,34,Vellore South,91,Vellore Rural Market,REHAB_NEED,OPIOID_ANALOGUES,Anonymous observation reported near Vellore Rural Market locality in Vellore.,TELEGRAM_BOT,NEEDS_VERIFICATION,PROCESSED,DUP-GRP-213,MEDIUM,89,0
CR-2026-00939,ANON-TN-F9F2DA63F9,2024-12-04 14:12:30,31,Virudhunagar,123,Virudhunagar South,308,Virudhunagar Rural Sector A,SUSPECTED_DISTRIBUTION,CHEMICAL_PRECURSORS,Anonymous observation reported near Virudhunagar Rural Sector A locality in Virudhunagar.,MOBILE_APP,UNVERIFIED,PROCESSED,DUP-GRP-11,MEDIUM,89,0
CR-2026-00940,ANON-TN-D2B1BD0AA3,2024-12-19 19:16:58,20,Viluppuram,81,Viluppuram South,201,Viluppuram North Market,SUSPECTED_DISTRIBUTION,OPIOID_ANALOGUES,Anonymous observation reported near Viluppuram North Market locality in Viluppuram.,WEB_PORTAL,DISMISSED,PROCESSED,DUP-GRP-196,MEDIUM,79,1
CR-2026-00941,ANON-TN-AB61D364F1,2026-02-05 08:56:48,24,Nilgiris,97,Nilgiris South,244,Nilgiris West Market,HEALTH_EMERGENCY,OPIOID_ANALOGUES,Anonymous observation reported near Nilgiris West Market locality in Nilgiris.,TELEGRAM_BOT,UNVERIFIED,PROCESSED,DUP-GRP-296,MEDIUM,78,0
CR-2026-00942,ANON-TN-45B00539E4,2025-09-04 20:38:56,36,Ranipet,145,Ranipet South,353,Ranipet North Market,SUSPECTED_DISTRIBUTION,SYNTHETIC_MDMA,Anonymous observation reported near Ranipet North Market locality in Ranipet.,TELEGRAM_BOT,CORROBORATED,PROCESSED,DUP-GRP-371,HIGH,87,0
CR-2026-00943,ANON-TN-4EC9B64662,2025-05-15 03:32:06,25,Karur,100,Karur North,248,Karur South Sector A,REHAB_NEED,UNKNOWN_CONTRABAND,Anonymous observation reported near Karur South Sector A locality in Karur.,TELEGRAM_BOT,CORROBORATED,PROCESSED,DUP-GRP-169,MEDIUM,70,0
CR-2026-00944,ANON-TN-2DA512620C,2025-01-25 01:54:30,14,Kanniyakumari,55,Kanniyakumari South,144,Kanniyakumari Rural Sector A,REHAB_NEED,UNKNOWN_CONTRABAND,Anonymous observation reported near Kanniyakumari Rural Sector A locality in Kanniyakumari.,WEB_PORTAL,UNVERIFIED,PROCESSED,DUP-GRP-133,HIGH,70,0
CR-2026-00945,ANON-TN-3BF5BB1D2B,2025-02-15 01:12:44,13,Thoothukudi,53,Thoothukudi Rural,129,Thoothukudi West Sector A,COMMUNITY_CONCERN,CHEMICAL_PRECURSORS,Anonymous observation reported near Thoothukudi West Sector A locality in Thoothukudi.,MOBILE_APP,UNVERIFIED,PROCESSED,DUP-GRP-100,MEDIUM,72,0
CR-2026-00946,ANON-TN-C2330F005E,2025-11-02 01:58:03,2,Coimbatore,8,Coimbatore East,21,Coimbatore East Market,COMMUNITY_CONCERN,UNKNOWN_CONTRABAND,Anonymous observation reported near Coimbatore East Market locality in Coimbatore.,WEB_PORTAL,DISMISSED,PROCESSED,DUP-GRP-13,MEDIUM,89,0
CR-2026-00947,ANON-TN-3A99EB273F,2026-02-11 17:36:55,11,Dindigul,43,Dindigul North,110,Dindigul South Sector A,SUSPECTED_DISTRIBUTION,OPIOID_ANALOGUES,Anonymous observation reported near Dindigul South Sector A locality in Dindigul.,TOLL_FREE_IVR,CORROBORATED,PROCESSED,DUP-GRP-61,LOW,73,0
CR-2026-00948,ANON-TN-8264DFFC2C,2024-10-03 17:50:05,20,Viluppuram,81,Viluppuram South,203,Viluppuram South Market,HEALTH_EMERGENCY,OPIOID_ANALOGUES,Anonymous observation reported near Viluppuram South Market locality in Viluppuram.,TOLL_FREE_IVR,CORROBORATED,PROCESSED,DUP-GRP-376,LOW,59,0
CR-2026-00949,ANON-TN-C351657A19,2026-01-30 07:12:55,10,Krishnagiri,39,Krishnagiri South,100,Krishnagiri East Bypass Hub,SUSPECTED_DISTRIBUTION,PRESCRIPTION_NARCOTICS,Anonymous observation reported near Krishnagiri East Bypass Hub locality in Krishnagiri.,TELEGRAM_BOT,DISMISSED,PROCESSED,DUP-GRP-338,MEDIUM,89,1
CR-2026-00950,ANON-TN-421457B517,2025-07-16 00:23:22,16,Kancheepuram,64,Kancheepuram East,156,Kancheepuram South Sector A,REHAB_NEED,OPIOID_ANALOGUES,Anonymous observation reported near Kancheepuram South Sector A locality in Kancheepuram.,TOLL_FREE_IVR,DISMISSED,PROCESSED,DUP-GRP-41,LOW,90,0
CR-2026-00951,ANON-TN-41DBE71D21,2025-02-14 09:30:27,24,Nilgiris,99,Nilgiris West,241,Nilgiris East Market,HEALTH_EMERGENCY,UNKNOWN_CONTRABAND,Anonymous observation reported near Nilgiris East Market locality in Nilgiris.,WEB_PORTAL,DISMISSED,PROCESSED,DUP-GRP-393,HIGH,87,0
CR-2026-00952,ANON-TN-7B1C5CF45F,2025-12-30 03:53:55,13,Thoothukudi,52,Thoothukudi West,131,Thoothukudi Rural Sector A,HEALTH_EMERGENCY,PRESCRIPTION_NARCOTICS,Anonymous observation reported near Thoothukudi Rural Sector A locality in Thoothukudi.,WEB_PORTAL,NEEDS_VERIFICATION,PROCESSED,DUP-GRP-233,LOW,91,0
CR-2026-00953,ANON-TN-216749BD9E,2025-06-26 06:04:42,13,Thoothukudi,50,Thoothukudi South,126,Thoothukudi South Market,REHAB_NEED,COMMERCIAL_GANJA,Anonymous observation reported near Thoothukudi South Market locality in Thoothukudi.,TELEGRAM_BOT,UNVERIFIED,PROCESSED,DUP-GRP-124,HIGH,80,0
CR-2026-00954,ANON-TN-5B06F74CB3,2025-04-25 21:26:00,24,Nilgiris,97,Nilgiris South,238,Nilgiris South Sector A,COMMUNITY_CONCERN,SYNTHETIC_MDMA,Anonymous observation reported near Nilgiris South Sector A locality in Nilgiris.,WEB_PORTAL,NEEDS_VERIFICATION,PROCESSED,DUP-GRP-185,MEDIUM,68,0
CR-2026-00955,ANON-TN-6FDA373889,2025-07-23 22:46:57,32,Theni,128,Theni South,320,Theni Rural Sector A,HEALTH_EMERGENCY,COMMERCIAL_GANJA,Anonymous observation reported near Theni Rural Sector A locality in Theni.,WEB_PORTAL,DISMISSED,PROCESSED,DUP-GRP-48,MEDIUM,72,0
CR-2026-00956,ANON-TN-B985626663,2025-08-07 22:53:05,18,Tiruvallur,72,Tiruvallur North,177,Tiruvallur North Sector A,SUSPECTED_DISTRIBUTION,SYNTHETIC_MDMA,Anonymous observation reported near Tiruvallur North Sector A locality in Tiruvallur.,TELEGRAM_BOT,UNVERIFIED,PROCESSED,DUP-GRP-206,HIGH,59,0
CR-2026-00957,ANON-TN-BD4B784FD8,2026-06-08 07:48:44,13,Thoothukudi,53,Thoothukudi Rural,127,Thoothukudi East Sector A,REHAB_NEED,UNKNOWN_CONTRABAND,Anonymous observation reported near Thoothukudi East Sector A locality in Thoothukudi.,TELEGRAM_BOT,NEEDS_VERIFICATION,PROCESSED,DUP-GRP-263,HIGH,73,0
CR-2026-00958,ANON-TN-14AEF32474,2026-02-03 20:36:18,20,Viluppuram,80,Viluppuram North,203,Viluppuram South Market,SUSPECTED_DISTRIBUTION,SYNTHETIC_MDMA,Anonymous observation reported near Viluppuram South Market locality in Viluppuram.,WEB_PORTAL,CORROBORATED,PROCESSED,DUP-GRP-296,HIGH,84,0
CR-2026-00959,ANON-TN-809DF8789E,2026-06-06 03:22:59,5,Tiruchirappalli,19,Tiruchirappalli South,53,Tiruchirappalli Rural Sector A,COMMUNITY_CONCERN,PRESCRIPTION_NARCOTICS,Anonymous observation reported near Tiruchirappalli Rural Sector A locality in Tiruchirappalli.,MOBILE_APP,UNVERIFIED,PROCESSED,DUP-GRP-186,LOW,69,0
CR-2026-00960,ANON-TN-99D05DDCA2,2026-02-18 20:16:20,27,Perambalur,108,Perambalur North,272,Perambalur East Bypass Hub,REHAB_NEED,UNKNOWN_CONTRABAND,Anonymous observation reported near Perambalur East Bypass Hub locality in Perambalur.,WEB_PORTAL,DISMISSED,PROCESSED,DUP-GRP-104,LOW,67,0
CR-2026-00961,ANON-TN-65B172BBF2,2025-08-05 08:58:44,20,Viluppuram,81,Viluppuram South,202,Viluppuram South Sector A,HEALTH_EMERGENCY,COMMERCIAL_GANJA,Anonymous observation reported near Viluppuram South Sector A locality in Viluppuram.,TELEGRAM_BOT,CORROBORATED,PROCESSED,DUP-GRP-258,LOW,59,0
CR-2026-00962,ANON-TN-615BAB19D3,2025-07-14 03:46:09,33,Thiruvarur,134,Thiruvarur East,323,Thiruvarur North Sector A,COMMUNITY_CONCERN,OPIOID_ANALOGUES,Anonymous observation reported near Thiruvarur North Sector A locality in Thiruvarur.,TELEGRAM_BOT,UNVERIFIED,PROCESSED,DUP-GRP-119,LOW,55,0
CR-2026-00963,ANON-TN-2F4A5BD5AD,2025-06-15 08:01:26,2,Coimbatore,8,Coimbatore East,15,Coimbatore North Sector A,COMMUNITY_CONCERN,UNKNOWN_CONTRABAND,Anonymous observation reported near Coimbatore North Sector A locality in Coimbatore.,TOLL_FREE_IVR,UNVERIFIED,PROCESSED,DUP-GRP-211,LOW,86,0
CR-2026-00964,ANON-TN-C8A728CAB8,2026-07-31 06:58:28,17,Chengalpattu,67,Chengalpattu North,170,Chengalpattu South Bypass Hub,HEALTH_EMERGENCY,OPIOID_ANALOGUES,Anonymous observation reported near Chengalpattu South Bypass Hub locality in Chengalpattu.,TELEGRAM_BOT,UNVERIFIED,PROCESSED,DUP-GRP-368,LOW,55,0
CR-2026-00965,ANON-TN-099D2CF907,2025-11-05 17:00:59,1,Chennai,2,Chennai South,6,Chennai South Bypass Hub,HEALTH_EMERGENCY,UNKNOWN_CONTRABAND,Anonymous observation reported near Chennai South Bypass Hub locality in Chennai.,TELEGRAM_BOT,CORROBORATED,PROCESSED,DUP-GRP-11,LOW,74,0
CR-2026-00966,ANON-TN-6BC9372D4E,2025-01-10 23:36:35,15,Tenkasi,60,Tenkasi South,152,Tenkasi East Market,COMMUNITY_CONCERN,OPIOID_ANALOGUES,Anonymous observation reported near Tenkasi East Market locality in Tenkasi.,TOLL_FREE_IVR,NEEDS_VERIFICATION,PROCESSED,DUP-GRP-125,HIGH,57,0
CR-2026-00967,ANON-TN-28B9589EFE,2025-09-04 12:47:24,23,Namakkal,95,Namakkal West,235,Namakkal West Market,COMMUNITY_CONCERN,SYNTHETIC_MDMA,Anonymous observation reported near Namakkal West Market locality in Namakkal.,TELEGRAM_BOT,UNVERIFIED,PROCESSED,DUP-GRP-148,LOW,87,0
CR-2026-00968,ANON-TN-BE2B718934,2025-09-10 04:02:53,29,Sivaganga,114,Sivaganga North,283,Sivaganga South Market,COMMUNITY_CONCERN,OPIOID_ANALOGUES,Anonymous observation reported near Sivaganga South Market locality in Sivaganga.,WEB_PORTAL,DISMISSED,PROCESSED,DUP-GRP-197,LOW,82,0
CR-2026-00969,ANON-TN-6F2DBAFCE4,2025-01-14 15:53:37,22,Dharmapuri,89,Dharmapuri South,225,Dharmapuri West Sector A,HEALTH_EMERGENCY,OPIOID_ANALOGUES,Anonymous observation reported near Dharmapuri West Sector A locality in Dharmapuri.,MOBILE_APP,NEEDS_VERIFICATION,PROCESSED,DUP-GRP-11,HIGH,87,0
CR-2026-00970,ANON-TN-25ACDCBB8F,2026-04-02 05:18:05,24,Nilgiris,99,Nilgiris West,244,Nilgiris West Market,HEALTH_EMERGENCY,COMMERCIAL_GANJA,Anonymous observation reported near Nilgiris West Market locality in Nilgiris.,WEB_PORTAL,CORROBORATED,PROCESSED,DUP-GRP-87,LOW,71,0
CR-2026-00971,ANON-TN-8237B3DC5E,2025-10-10 14:19:36,5,Tiruchirappalli,22,Tiruchirappalli Rural,54,Tiruchirappalli Rural Market,HEALTH_EMERGENCY,PRESCRIPTION_NARCOTICS,Anonymous observation reported near Tiruchirappalli Rural Market locality in Tiruchirappalli.,TELEGRAM_BOT,NEEDS_VERIFICATION,PROCESSED,DUP-GRP-345,LOW,84,0
CR-2026-00972,ANON-TN-A87DF96939,2025-04-01 02:48:59,33,Thiruvarur,134,Thiruvarur East,330,Thiruvarur West Sector A,SUSPECTED_DISTRIBUTION,SYNTHETIC_MDMA,Anonymous observation reported near Thiruvarur West Sector A locality in Thiruvarur.,WEB_PORTAL,CORROBORATED,PROCESSED,DUP-GRP-214,MEDIUM,91,0
CR-2026-00973,ANON-TN-573794460A,2025-12-04 23:15:15,10,Krishnagiri,42,Krishnagiri Rural,105,Krishnagiri Rural Market,HEALTH_EMERGENCY,UNKNOWN_CONTRABAND,Anonymous observation reported near Krishnagiri Rural Market locality in Krishnagiri.,TOLL_FREE_IVR,NEEDS_VERIFICATION,PROCESSED,DUP-GRP-329,HIGH,56,1
CR-2026-00974,ANON-TN-464EBEFFE1,2025-10-11 03:44:24,12,Thanjavur,46,Thanjavur North,119,Thanjavur South Market,SUSPECTED_DISTRIBUTION,UNKNOWN_CONTRABAND,Anonymous observation reported near Thanjavur South Market locality in Thanjavur.,TELEGRAM_BOT,DISMISSED,PROCESSED,DUP-GRP-21,HIGH,88,0
CR-2026-00975,ANON-TN-D63D8E42DF,2025-09-07 21:21:27,33,Thiruvarur,134,Thiruvarur East,328,Thiruvarur East Market,HEALTH_EMERGENCY,OPIOID_ANALOGUES,Anonymous observation reported near Thiruvarur East Market locality in Thiruvarur.,WEB_PORTAL,UNVERIFIED,PROCESSED,DUP-GRP-343,LOW,68,0
CR-2026-00976,ANON-TN-73437C62BE,2025-12-30 04:31:51,34,Nagapattinam,137,Nagapattinam South,341,Nagapattinam West Market,COMMUNITY_CONCERN,SYNTHETIC_MDMA,Anonymous observation reported near Nagapattinam West Market locality in Nagapattinam.,WEB_PORTAL,DISMISSED,PROCESSED,DUP-GRP-200,HIGH,57,1
CR-2026-00977,ANON-TN-1798A72C20,2025-11-04 07:08:21,34,Nagapattinam,138,Nagapattinam East,339,Nagapattinam East Market,SUSPECTED_DISTRIBUTION,PRESCRIPTION_NARCOTICS,Anonymous observation reported near Nagapattinam East Market locality in Nagapattinam.,TOLL_FREE_IVR,DISMISSED,PROCESSED,DUP-GRP-180,LOW,80,0
CR-2026-00978,ANON-TN-0CD77B1F5E,2026-06-25 06:08:13,15,Tenkasi,60,Tenkasi South,151,Tenkasi East Sector A,REHAB_NEED,OPIOID_ANALOGUES,Anonymous observation reported near Tenkasi East Sector A locality in Tenkasi.,TELEGRAM_BOT,DISMISSED,PROCESSED,DUP-GRP-264,LOW,55,0
CR-2026-00979,ANON-TN-D4BCB6C77E,2025-01-23 14:53:56,22,Dharmapuri,90,Dharmapuri East,222,Dharmapuri South Market,SUSPECTED_DISTRIBUTION,OPIOID_ANALOGUES,Anonymous observation reported near Dharmapuri South Market locality in Dharmapuri.,TOLL_FREE_IVR,DISMISSED,PROCESSED,DUP-GRP-20,MEDIUM,69,0
CR-2026-00980,ANON-TN-67EB78AA00,2024-11-15 11:18:25,35,Mayiladuthurai,140,Mayiladuthurai North,348,Mayiladuthurai East Market,SUSPECTED_DISTRIBUTION,OPIOID_ANALOGUES,Anonymous observation reported near Mayiladuthurai East Market locality in Mayiladuthurai.,WEB_PORTAL,UNVERIFIED,PROCESSED,DUP-GRP-265,LOW,84,0
CR-2026-00981,ANON-TN-A58686BF1B,2025-04-18 12:05:27,9,Vellore,36,Vellore West,92,Vellore Rural Bypass Hub,HEALTH_EMERGENCY,UNKNOWN_CONTRABAND,Anonymous observation reported near Vellore Rural Bypass Hub locality in Vellore.,MOBILE_APP,UNVERIFIED,PROCESSED,DUP-GRP-158,MEDIUM,73,0
CR-2026-00982,ANON-TN-C479926128,2026-02-01 05:06:57,6,Tirunelveli,24,Tirunelveli South,61,Tirunelveli East Market,COMMUNITY_CONCERN,UNKNOWN_CONTRABAND,Anonymous observation reported near Tirunelveli East Market locality in Tirunelveli.,MOBILE_APP,NEEDS_VERIFICATION,PROCESSED,DUP-GRP-262,MEDIUM,87,0
CR-2026-00983,ANON-TN-85E3FCB10E,2026-06-15 16:26:44,7,Tiruppur,28,Tiruppur East,69,Tiruppur East Bypass Hub,SUSPECTED_DISTRIBUTION,PRESCRIPTION_NARCOTICS,Anonymous observation reported near Tiruppur East Bypass Hub locality in Tiruppur.,WEB_PORTAL,NEEDS_VERIFICATION,PROCESSED,DUP-GRP-229,LOW,92,0
CR-2026-00984,ANON-TN-AD39EA55DE,2025-11-18 11:05:30,30,Ramanathapuram,120,Ramanathapuram East,296,Ramanathapuram East Bypass Hub,REHAB_NEED,UNKNOWN_CONTRABAND,Anonymous observation reported near Ramanathapuram East Bypass Hub locality in Ramanathapuram.,WEB_PORTAL,NEEDS_VERIFICATION,PROCESSED,DUP-GRP-366,MEDIUM,85,0
CR-2026-00985,ANON-TN-49F37F2B2F,2026-03-19 15:45:49,27,Perambalur,110,Perambalur East,270,Perambalur East Sector A,REHAB_NEED,UNKNOWN_CONTRABAND,Anonymous observation reported near Perambalur East Sector A locality in Perambalur.,TOLL_FREE_IVR,CORROBORATED,PROCESSED,DUP-GRP-254,HIGH,79,0
CR-2026-00986,ANON-TN-09B453DF49,2025-03-12 10:25:59,6,Tirunelveli,25,Tirunelveli East,55,Tirunelveli North Sector A,REHAB_NEED,COMMERCIAL_GANJA,Anonymous observation reported near Tirunelveli North Sector A locality in Tirunelveli.,TELEGRAM_BOT,UNVERIFIED,PROCESSED,DUP-GRP-106,HIGH,56,0
CR-2026-00987,ANON-TN-2E80E0F4F5,2024-10-19 07:39:12,9,Vellore,34,Vellore South,83,Vellore South Sector A,HEALTH_EMERGENCY,CHEMICAL_PRECURSORS,Anonymous observation reported near Vellore South Sector A locality in Vellore.,TELEGRAM_BOT,DISMISSED,PROCESSED,DUP-GRP-131,LOW,57,0
CR-2026-00988,ANON-TN-52B0CADB16,2026-08-15 04:50:55,3,Madurai,9,Madurai North,23,Madurai North Market,HEALTH_EMERGENCY,SYNTHETIC_MDMA,Anonymous observation reported near Madurai North Market locality in Madurai.,WEB_PORTAL,DISMISSED,PROCESSED,DUP-GRP-60,HIGH,85,0
CR-2026-00989,ANON-TN-B1B096BBA1,2025-06-13 03:50:08,16,Kancheepuram,65,Kancheepuram West,164,Kancheepuram Rural Market,REHAB_NEED,PRESCRIPTION_NARCOTICS,Anonymous observation reported near Kancheepuram Rural Market locality in Kancheepuram.,MOBILE_APP,UNVERIFIED,PROCESSED,DUP-GRP-114,HIGH,92,1
CR-2026-00990,ANON-TN-9603C7C31E,2026-02-25 20:14:01,38,Tiruvannamalai,150,Tiruvannamalai North,367,Tiruvannamalai North Market,SUSPECTED_DISTRIBUTION,PRESCRIPTION_NARCOTICS,Anonymous observation reported near Tiruvannamalai North Market locality in Tiruvannamalai.,MOBILE_APP,CORROBORATED,PROCESSED,DUP-GRP-344,HIGH,68,0
CR-2026-00991,ANON-TN-F3F811EDF6,2025-09-21 02:53:43,2,Coimbatore,8,Coimbatore East,16,Coimbatore North Market,SUSPECTED_DISTRIBUTION,CHEMICAL_PRECURSORS,Anonymous observation reported near Coimbatore North Market locality in Coimbatore.,TELEGRAM_BOT,CORROBORATED,PROCESSED,DUP-GRP-103,MEDIUM,75,0
CR-2026-00992,ANON-TN-0C09B75586,2026-08-07 02:26:52,10,Krishnagiri,42,Krishnagiri Rural,93,Krishnagiri North Sector A,SUSPECTED_DISTRIBUTION,OPIOID_ANALOGUES,Anonymous observation reported near Krishnagiri North Sector A locality in Krishnagiri.,TOLL_FREE_IVR,UNVERIFIED,PROCESSED,DUP-GRP-54,LOW,83,0
CR-2026-00993,ANON-TN-69DA26BE9F,2026-03-12 20:11:26,17,Chengalpattu,70,Chengalpattu West,166,Chengalpattu North Market,COMMUNITY_CONCERN,COMMERCIAL_GANJA,Anonymous observation reported near Chengalpattu North Market locality in Chengalpattu.,MOBILE_APP,CORROBORATED,PROCESSED,DUP-GRP-225,MEDIUM,65,1
CR-2026-00994,ANON-TN-2B5DC4800A,2025-04-21 10:34:42,14,Kanniyakumari,54,Kanniyakumari North,145,Kanniyakumari Rural Market,HEALTH_EMERGENCY,COMMERCIAL_GANJA,Anonymous observation reported near Kanniyakumari Rural Market locality in Kanniyakumari.,TELEGRAM_BOT,NEEDS_VERIFICATION,PROCESSED,DUP-GRP-201,MEDIUM,82,0
CR-2026-00995,ANON-TN-C8E9134712,2024-10-28 10:48:03,20,Viluppuram,82,Viluppuram East,204,Viluppuram East Sector A,COMMUNITY_CONCERN,OPIOID_ANALOGUES,Anonymous observation reported near Viluppuram East Sector A locality in Viluppuram.,TOLL_FREE_IVR,UNVERIFIED,PROCESSED,DUP-GRP-360,HIGH,58,1
CR-2026-00996,ANON-TN-5DDFC68C02,2025-11-15 10:16:40,30,Ramanathapuram,118,Ramanathapuram North,290,Ramanathapuram North Market,REHAB_NEED,SYNTHETIC_MDMA,Anonymous observation reported near Ramanathapuram North Market locality in Ramanathapuram.,TOLL_FREE_IVR,DISMISSED,PROCESSED,DUP-GRP-310,MEDIUM,78,0
CR-2026-00997,ANON-TN-301C6B97C7,2025-06-29 07:29:08,33,Thiruvarur,135,Thiruvarur West,323,Thiruvarur North Sector A,SUSPECTED_DISTRIBUTION,PRESCRIPTION_NARCOTICS,Anonymous observation reported near Thiruvarur North Sector A locality in Thiruvarur.,MOBILE_APP,DISMISSED,PROCESSED,DUP-GRP-137,LOW,72,0
CR-2026-00998,ANON-TN-79193C89F1,2025-02-13 12:33:58,38,Tiruvannamalai,151,Tiruvannamalai South,374,Tiruvannamalai West Market,SUSPECTED_DISTRIBUTION,PRESCRIPTION_NARCOTICS,Anonymous observation reported near Tiruvannamalai West Market locality in Tiruvannamalai.,TOLL_FREE_IVR,DISMISSED,PROCESSED,DUP-GRP-16,MEDIUM,79,0
CR-2026-00999,ANON-TN-FE46FE3E10,2026-01-20 16:21:10,23,Namakkal,93,Namakkal South,235,Namakkal West Market,HEALTH_EMERGENCY,COMMERCIAL_GANJA,Anonymous observation reported near Namakkal West Market locality in Namakkal.,TOLL_FREE_IVR,NEEDS_VERIFICATION,PROCESSED,DUP-GRP-42,MEDIUM,89,0
CR-2026-01000,ANON-TN-35FB95AF98,2025-11-24 13:09:34,8,Erode,29,Erode North,72,Erode South Sector A,REHAB_NEED,PRESCRIPTION_NARCOTICS,Anonymous observation reported near Erode South Sector A locality in Erode.,WEB_PORTAL,NEEDS_VERIFICATION,PROCESSED,DUP-GRP-81,HIGH,60,0
CR-2026-01001,ANON-TN-ADAC5765B1,2024-12-20 11:16:05,8,Erode,31,Erode East,74,Erode South Bypass Hub,REHAB_NEED,UNKNOWN_CONTRABAND,Anonymous observation reported near Erode South Bypass Hub locality in Erode.,WEB_PORTAL,CORROBORATED,PROCESSED,DUP-GRP-184,LOW,74,0
CR-2026-01002,ANON-TN-806A476B75,2025-11-28 19:16:13,19,Cuddalore,78,Cuddalore West,199,Cuddalore Rural Bypass Hub,SUSPECTED_DISTRIBUTION,OPIOID_ANALOGUES,Anonymous observation reported near Cuddalore Rural Bypass Hub locality in Cuddalore.,TOLL_FREE_IVR,UNVERIFIED,PROCESSED,DUP-GRP-160,HIGH,67,0
CR-2026-01003,ANON-TN-E58C751CC1,2025-07-30 12:23:27,1,Chennai,5,Chennai Rural,6,Chennai South Bypass Hub,REHAB_NEED,OPIOID_ANALOGUES,Anonymous observation reported near Chennai South Bypass Hub locality in Chennai.,MOBILE_APP,DISMISSED,PROCESSED,DUP-GRP-202,LOW,76,0
CR-2026-01004,ANON-TN-C997C6053D,2025-03-12 23:52:03,30,Ramanathapuram,121,Ramanathapuram West,289,Ramanathapuram North Sector A,SUSPECTED_DISTRIBUTION,COMMERCIAL_GANJA,Anonymous observation reported near Ramanathapuram North Sector A locality in Ramanathapuram.,TELEGRAM_BOT,UNVERIFIED,PROCESSED,DUP-GRP-171,LOW,83,0
CR-2026-01005,ANON-TN-B7F2F14027,2025-06-12 17:20:16,13,Thoothukudi,53,Thoothukudi Rural,127,Thoothukudi East Sector A,COMMUNITY_CONCERN,OPIOID_ANALOGUES,Anonymous observation reported near Thoothukudi East Sector A locality in Thoothukudi.,TELEGRAM_BOT,NEEDS_VERIFICATION,PROCESSED,DUP-GRP-395,HIGH,79,0
CR-2026-01006,ANON-TN-DF5505708F,2025-11-13 12:26:52,26,Ariyalur,106,Ariyalur East,261,Ariyalur East Sector A,SUSPECTED_DISTRIBUTION,COMMERCIAL_GANJA,Anonymous observation reported near Ariyalur East Sector A locality in Ariyalur.,WEB_PORTAL,UNVERIFIED,PROCESSED,DUP-GRP-24,LOW,80,0
CR-2026-01007,ANON-TN-2AA43F9CFA,2025-08-21 13:34:52,9,Vellore,35,Vellore East,80,Vellore North Sector A,COMMUNITY_CONCERN,CHEMICAL_PRECURSORS,Anonymous observation reported near Vellore North Sector A locality in Vellore.,TOLL_FREE_IVR,NEEDS_VERIFICATION,PROCESSED,DUP-GRP-386,MEDIUM,63,0
CR-2026-01008,ANON-TN-F6EC0229E4,2024-12-15 12:56:05,18,Tiruvallur,73,Tiruvallur South,177,Tiruvallur North Sector A,SUSPECTED_DISTRIBUTION,SYNTHETIC_MDMA,Anonymous observation reported near Tiruvallur North Sector A locality in Tiruvallur.,TOLL_FREE_IVR,NEEDS_VERIFICATION,PROCESSED,DUP-GRP-133,MEDIUM,85,0
CR-2026-01009,ANON-TN-85BA048EE7,2025-12-21 17:12:22,1,Chennai,3,Chennai East,8,Chennai East Market,COMMUNITY_CONCERN,OPIOID_ANALOGUES,Anonymous observation reported near Chennai East Market locality in Chennai.,MOBILE_APP,DISMISSED,PROCESSED,DUP-GRP-95,HIGH,82,1
CR-2026-01010,ANON-TN-7BC56E91FD,2024-10-28 18:56:26,3,Madurai,11,Madurai East,22,Madurai North Sector A,SUSPECTED_DISTRIBUTION,SYNTHETIC_MDMA,Anonymous observation reported near Madurai North Sector A locality in Madurai.,WEB_PORTAL,CORROBORATED,PROCESSED,DUP-GRP-35,MEDIUM,70,0
CR-2026-01011,ANON-TN-0ABB3EE719,2025-07-13 13:04:36,8,Erode,30,Erode South,79,Erode West Bypass Hub,COMMUNITY_CONCERN,PRESCRIPTION_NARCOTICS,Anonymous observation reported near Erode West Bypass Hub locality in Erode.,TELEGRAM_BOT,DISMISSED,PROCESSED,DUP-GRP-169,HIGH,92,0
CR-2026-01012,ANON-TN-3D1D5C4795,2025-05-03 18:31:00,14,Kanniyakumari,54,Kanniyakumari North,144,Kanniyakumari Rural Sector A,SUSPECTED_DISTRIBUTION,UNKNOWN_CONTRABAND,Anonymous observation reported near Kanniyakumari Rural Sector A locality in Kanniyakumari.,TELEGRAM_BOT,CORROBORATED,PROCESSED,DUP-GRP-167,HIGH,88,0
CR-2026-01013,ANON-TN-9596B69831,2025-10-22 18:56:39,26,Ariyalur,105,Ariyalur South,264,Ariyalur West Market,SUSPECTED_DISTRIBUTION,OPIOID_ANALOGUES,Anonymous observation reported near Ariyalur West Market locality in Ariyalur.,WEB_PORTAL,NEEDS_VERIFICATION,PROCESSED,DUP-GRP-260,LOW,67,0
CR-2026-01014,ANON-TN-C591F12B4D,2025-05-20 09:04:35,34,Nagapattinam,139,Nagapattinam West,341,Nagapattinam West Market,HEALTH_EMERGENCY,UNKNOWN_CONTRABAND,Anonymous observation reported near Nagapattinam West Market locality in Nagapattinam.,WEB_PORTAL,DISMISSED,PROCESSED,DUP-GRP-206,MEDIUM,67,0
CR-2026-01015,ANON-TN-ED3D759DCE,2025-12-29 10:58:09,37,Tirupathur,149,Tirupathur East,360,Tirupathur North Market,REHAB_NEED,SYNTHETIC_MDMA,Anonymous observation reported near Tirupathur North Market locality in Tirupathur.,TOLL_FREE_IVR,DISMISSED,PROCESSED,DUP-GRP-9,MEDIUM,92,0
CR-2026-01016,ANON-TN-72D57D451C,2026-08-08 00:08:40,6,Tirunelveli,24,Tirunelveli South,61,Tirunelveli East Market,SUSPECTED_DISTRIBUTION,COMMERCIAL_GANJA,Anonymous observation reported near Tirunelveli East Market locality in Tirunelveli.,TOLL_FREE_IVR,NEEDS_VERIFICATION,PROCESSED,DUP-GRP-251,LOW,64,0
CR-2026-01017,ANON-TN-8D953568D6,2026-03-24 18:28:21,15,Tenkasi,59,Tenkasi North,153,Tenkasi East Bypass Hub,COMMUNITY_CONCERN,COMMERCIAL_GANJA,Anonymous observation reported near Tenkasi East Bypass Hub locality in Tenkasi.,TELEGRAM_BOT,CORROBORATED,PROCESSED,DUP-GRP-253,MEDIUM,65,0
CR-2026-01018,ANON-TN-A620DE222B,2026-03-30 18:17:22,24,Nilgiris,99,Nilgiris West,241,Nilgiris East Market,REHAB_NEED,PRESCRIPTION_NARCOTICS,Anonymous observation reported near Nilgiris East Market locality in Nilgiris.,TOLL_FREE_IVR,UNVERIFIED,PROCESSED,DUP-GRP-282,LOW,84,0
CR-2026-01019,ANON-TN-D08704419C,2025-09-11 11:43:15,21,Kallakurichi,86,Kallakurichi West,211,Kallakurichi East Sector A,REHAB_NEED,SYNTHETIC_MDMA,Anonymous observation reported near Kallakurichi East Sector A locality in Kallakurichi.,MOBILE_APP,DISMISSED,PROCESSED,DUP-GRP-208,HIGH,64,0
CR-2026-01020,ANON-TN-75EB377325,2026-05-07 08:53:18,8,Erode,32,Erode West,76,Erode East Market,HEALTH_EMERGENCY,UNKNOWN_CONTRABAND,Anonymous observation reported near Erode East Market locality in Erode.,MOBILE_APP,NEEDS_VERIFICATION,PROCESSED,DUP-GRP-237,LOW,66,1
CR-2026-01021,ANON-TN-548713C07D,2025-08-03 23:24:44,1,Chennai,4,Chennai West,4,Chennai South Sector A,COMMUNITY_CONCERN,PRESCRIPTION_NARCOTICS,Anonymous observation reported near Chennai South Sector A locality in Chennai.,WEB_PORTAL,NEEDS_VERIFICATION,PROCESSED,DUP-GRP-378,MEDIUM,83,0
CR-2026-01022,ANON-TN-A624991FFE,2026-01-03 12:20:27,28,Pudukkottai,112,Pudukkottai South,276,Pudukkottai South Market,REHAB_NEED,COMMERCIAL_GANJA,Anonymous observation reported near Pudukkottai South Market locality in Pudukkottai.,TOLL_FREE_IVR,CORROBORATED,PROCESSED,DUP-GRP-8,LOW,90,1
CR-2026-01023,ANON-TN-61EAC1E508,2025-06-26 15:58:37,20,Viluppuram,80,Viluppuram North,200,Viluppuram North Sector A,SUSPECTED_DISTRIBUTION,PRESCRIPTION_NARCOTICS,Anonymous observation reported near Viluppuram North Sector A locality in Viluppuram.,TOLL_FREE_IVR,UNVERIFIED,PROCESSED,DUP-GRP-127,HIGH,72,0
CR-2026-01024,ANON-TN-C5669E0C1C,2025-12-02 00:32:51,5,Tiruchirappalli,22,Tiruchirappalli Rural,47,Tiruchirappalli South Market,COMMUNITY_CONCERN,UNKNOWN_CONTRABAND,Anonymous observation reported near Tiruchirappalli South Market locality in Tiruchirappalli.,MOBILE_APP,UNVERIFIED,PROCESSED,DUP-GRP-220,HIGH,87,0
CR-2026-01025,ANON-TN-4F8F8101D9,2025-05-25 03:06:59,11,Dindigul,43,Dindigul North,110,Dindigul South Sector A,REHAB_NEED,CHEMICAL_PRECURSORS,Anonymous observation reported near Dindigul South Sector A locality in Dindigul.,TELEGRAM_BOT,CORROBORATED,PROCESSED,DUP-GRP-46,LOW,73,0
CR-2026-01026,ANON-TN-A701F1959B,2025-09-23 05:09:13,35,Mayiladuthurai,141,Mayiladuthurai South,345,Mayiladuthurai South Sector A,HEALTH_EMERGENCY,SYNTHETIC_MDMA,Anonymous observation reported near Mayiladuthurai South Sector A locality in Mayiladuthurai.,TELEGRAM_BOT,DISMISSED,PROCESSED,DUP-GRP-12,MEDIUM,86,0
CR-2026-01027,ANON-TN-FE8C14F2EA,2026-06-21 04:05:43,34,Nagapattinam,137,Nagapattinam South,334,Nagapattinam North Bypass Hub,COMMUNITY_CONCERN,CHEMICAL_PRECURSORS,Anonymous observation reported near Nagapattinam North Bypass Hub locality in Nagapattinam.,TELEGRAM_BOT,UNVERIFIED,PROCESSED,DUP-GRP-378,MEDIUM,58,0
CR-2026-01028,ANON-TN-11997195B1,2024-11-21 17:08:07,38,Tiruvannamalai,151,Tiruvannamalai South,374,Tiruvannamalai West Market,REHAB_NEED,CHEMICAL_PRECURSORS,Anonymous observation reported near Tiruvannamalai West Market locality in Tiruvannamalai.,MOBILE_APP,UNVERIFIED,PROCESSED,DUP-GRP-326,MEDIUM,76,0
CR-2026-01029,ANON-TN-8AE6C5C0DD,2026-05-12 13:09:06,28,Pudukkottai,113,Pudukkottai East,273,Pudukkottai North Sector A,REHAB_NEED,PRESCRIPTION_NARCOTICS,Anonymous observation reported near Pudukkottai North Sector A locality in Pudukkottai.,TELEGRAM_BOT,DISMISSED,PROCESSED,DUP-GRP-194,MEDIUM,75,0
CR-2026-01030,ANON-TN-9C4CD02297,2025-11-17 17:10:03,21,Kallakurichi,86,Kallakurichi West,217,Kallakurichi Rural Market,SUSPECTED_DISTRIBUTION,COMMERCIAL_GANJA,Anonymous observation reported near Kallakurichi Rural Market locality in Kallakurichi.,WEB_PORTAL,UNVERIFIED,PROCESSED,DUP-GRP-93,LOW,88,0
CR-2026-01031,ANON-TN-50E3504E8D,2025-03-15 14:29:52,12,Thanjavur,46,Thanjavur North,121,Thanjavur East Market,SUSPECTED_DISTRIBUTION,OPIOID_ANALOGUES,Anonymous observation reported near Thanjavur East Market locality in Thanjavur.,TELEGRAM_BOT,CORROBORATED,PROCESSED,DUP-GRP-341,LOW,63,1
CR-2026-01032,ANON-TN-E9FCC67493,2025-04-23 08:24:12,34,Nagapattinam,138,Nagapattinam East,338,Nagapattinam East Sector A,HEALTH_EMERGENCY,OPIOID_ANALOGUES,Anonymous observation reported near Nagapattinam East Sector A locality in Nagapattinam.,MOBILE_APP,NEEDS_VERIFICATION,PROCESSED,DUP-GRP-245,LOW,65,0
CR-2026-01033,ANON-TN-90BD1F6F39,2025-04-11 08:27:17,4,Salem,15,Salem East,41,Salem Rural Sector A,SUSPECTED_DISTRIBUTION,SYNTHETIC_MDMA,Anonymous observation reported near Salem Rural Sector A locality in Salem.,MOBILE_APP,NEEDS_VERIFICATION,PROCESSED,DUP-GRP-53,MEDIUM,72,0
CR-2026-01034,ANON-TN-682091D537,2025-09-16 13:32:50,29,Sivaganga,114,Sivaganga North,283,Sivaganga South Market,REHAB_NEED,COMMERCIAL_GANJA,Anonymous observation reported near Sivaganga South Market locality in Sivaganga.,TOLL_FREE_IVR,NEEDS_VERIFICATION,PROCESSED,DUP-GRP-311,HIGH,69,0
CR-2026-01035,ANON-TN-4C40949035,2024-12-16 13:49:19,10,Krishnagiri,38,Krishnagiri North,97,Krishnagiri South Market,HEALTH_EMERGENCY,COMMERCIAL_GANJA,Anonymous observation reported near Krishnagiri South Market locality in Krishnagiri.,WEB_PORTAL,CORROBORATED,PROCESSED,DUP-GRP-249,HIGH,66,1
CR-2026-01036,ANON-TN-4E424A848A,2025-01-27 15:13:02,24,Nilgiris,98,Nilgiris East,244,Nilgiris West Market,SUSPECTED_DISTRIBUTION,COMMERCIAL_GANJA,Anonymous observation reported near Nilgiris West Market locality in Nilgiris.,TOLL_FREE_IVR,NEEDS_VERIFICATION,PROCESSED,DUP-GRP-81,MEDIUM,77,0
CR-2026-01037,ANON-TN-E5ED8D0DAB,2025-05-12 09:38:18,21,Kallakurichi,83,Kallakurichi North,207,Kallakurichi North Market,REHAB_NEED,CHEMICAL_PRECURSORS,Anonymous observation reported near Kallakurichi North Market locality in Kallakurichi.,WEB_PORTAL,NEEDS_VERIFICATION,PROCESSED,DUP-GRP-26,MEDIUM,58,0
CR-2026-01038,ANON-TN-25A6F01B76,2026-07-03 20:41:07,28,Pudukkottai,112,Pudukkottai South,273,Pudukkottai North Sector A,REHAB_NEED,SYNTHETIC_MDMA,Anonymous observation reported near Pudukkottai North Sector A locality in Pudukkottai.,TOLL_FREE_IVR,UNVERIFIED,PROCESSED,DUP-GRP-154,HIGH,79,0
CR-2026-01039,ANON-TN-BC0BB8095D,2026-06-16 07:31:24,32,Theni,127,Theni North,313,Theni South Market,REHAB_NEED,PRESCRIPTION_NARCOTICS,Anonymous observation reported near Theni South Market locality in Theni.,TELEGRAM_BOT,UNVERIFIED,PROCESSED,DUP-GRP-299,MEDIUM,63,0
CR-2026-01040,ANON-TN-7F3E188114,2026-06-05 16:31:52,8,Erode,31,Erode East,76,Erode East Market,REHAB_NEED,UNKNOWN_CONTRABAND,Anonymous observation reported near Erode East Market locality in Erode.,TELEGRAM_BOT,CORROBORATED,PROCESSED,DUP-GRP-315,LOW,83,0
CR-2026-01041,ANON-TN-CB68EF06C9,2025-06-25 21:28:23,1,Chennai,4,Chennai West,12,Chennai Rural Sector A,SUSPECTED_DISTRIBUTION,SYNTHETIC_MDMA,Anonymous observation reported near Chennai Rural Sector A locality in Chennai.,TELEGRAM_BOT,DISMISSED,PROCESSED,DUP-GRP-331,LOW,81,0
CR-2026-01042,ANON-TN-8934C3BD86,2025-04-18 07:27:10,3,Madurai,10,Madurai South,24,Madurai South Sector A,HEALTH_EMERGENCY,PRESCRIPTION_NARCOTICS,Anonymous observation reported near Madurai South Sector A locality in Madurai.,TOLL_FREE_IVR,CORROBORATED,PROCESSED,DUP-GRP-331,LOW,65,0
CR-2026-01043,ANON-TN-0E679EDC4A,2024-10-27 21:22:41,3,Madurai,11,Madurai East,23,Madurai North Market,SUSPECTED_DISTRIBUTION,OPIOID_ANALOGUES,Anonymous observation reported near Madurai North Market locality in Madurai.,MOBILE_APP,NEEDS_VERIFICATION,PROCESSED,DUP-GRP-38,LOW,69,0
CR-2026-01044,ANON-TN-91FC90F91A,2025-03-27 15:37:15,19,Cuddalore,76,Cuddalore South,188,Cuddalore South Sector A,SUSPECTED_DISTRIBUTION,CHEMICAL_PRECURSORS,Anonymous observation reported near Cuddalore South Sector A locality in Cuddalore.,WEB_PORTAL,NEEDS_VERIFICATION,PROCESSED,DUP-GRP-387,HIGH,56,1
CR-2026-01045,ANON-TN-FA13032AAD,2026-06-17 01:41:28,38,Tiruvannamalai,153,Tiruvannamalai West,372,Tiruvannamalai East Bypass Hub,SUSPECTED_DISTRIBUTION,OPIOID_ANALOGUES,Anonymous observation reported near Tiruvannamalai East Bypass Hub locality in Tiruvannamalai.,TELEGRAM_BOT,CORROBORATED,PROCESSED,DUP-GRP-178,HIGH,84,0
CR-2026-01046,ANON-TN-7FB08B91B2,2025-08-14 23:17:20,19,Cuddalore,79,Cuddalore Rural,194,Cuddalore West Sector A,SUSPECTED_DISTRIBUTION,PRESCRIPTION_NARCOTICS,Anonymous observation reported near Cuddalore West Sector A locality in Cuddalore.,MOBILE_APP,DISMISSED,PROCESSED,DUP-GRP-154,HIGH,58,0
CR-2026-01047,ANON-TN-CCB17E7196,2025-11-15 16:57:39,12,Thanjavur,47,Thanjavur South,116,Thanjavur North Market,COMMUNITY_CONCERN,PRESCRIPTION_NARCOTICS,Anonymous observation reported near Thanjavur North Market locality in Thanjavur.,WEB_PORTAL,UNVERIFIED,PROCESSED,DUP-GRP-248,MEDIUM,64,0
CR-2026-01048,ANON-TN-BF9F50DAF9,2025-11-10 06:06:58,33,Thiruvarur,132,Thiruvarur North,324,Thiruvarur North Market,COMMUNITY_CONCERN,COMMERCIAL_GANJA,Anonymous observation reported near Thiruvarur North Market locality in Thiruvarur.,WEB_PORTAL,UNVERIFIED,PROCESSED,DUP-GRP-263,LOW,81,0
CR-2026-01049,ANON-TN-EF953546D3,2026-02-26 22:42:32,36,Ranipet,145,Ranipet South,355,Ranipet South Sector A,REHAB_NEED,OPIOID_ANALOGUES,Anonymous observation reported near Ranipet South Sector A locality in Ranipet.,TOLL_FREE_IVR,DISMISSED,PROCESSED,DUP-GRP-129,HIGH,71,0
CR-2026-01050,ANON-TN-412560CFA8,2025-10-19 04:02:39,14,Kanniyakumari,58,Kanniyakumari Rural,139,Kanniyakumari East Sector A,COMMUNITY_CONCERN,UNKNOWN_CONTRABAND,Anonymous observation reported near Kanniyakumari East Sector A locality in Kanniyakumari.,TELEGRAM_BOT,DISMISSED,PROCESSED,DUP-GRP-210,LOW,86,0
CR-2026-01051,ANON-TN-F20FBFADB3,2024-10-23 17:35:35,34,Nagapattinam,137,Nagapattinam South,339,Nagapattinam East Market,HEALTH_EMERGENCY,CHEMICAL_PRECURSORS,Anonymous observation reported near Nagapattinam East Market locality in Nagapattinam.,MOBILE_APP,NEEDS_VERIFICATION,PROCESSED,DUP-GRP-35,LOW,74,0
CR-2026-01052,ANON-TN-F2B50021A6,2026-04-12 20:58:05,16,Kancheepuram,62,Kancheepuram North,155,Kancheepuram North Market,COMMUNITY_CONCERN,PRESCRIPTION_NARCOTICS,Anonymous observation reported near Kancheepuram North Market locality in Kancheepuram.,TOLL_FREE_IVR,DISMISSED,PROCESSED,DUP-GRP-280,HIGH,79,0
CR-2026-01053,ANON-TN-40CEC2731C,2025-07-01 07:37:44,8,Erode,32,Erode West,73,Erode South Market,REHAB_NEED,OPIOID_ANALOGUES,Anonymous observation reported near Erode South Market locality in Erode.,WEB_PORTAL,UNVERIFIED,PROCESSED,DUP-GRP-157,LOW,64,0
CR-2026-01054,ANON-TN-378CC77D29,2025-01-04 14:28:46,33,Thiruvarur,133,Thiruvarur South,330,Thiruvarur West Sector A,HEALTH_EMERGENCY,SYNTHETIC_MDMA,Anonymous observation reported near Thiruvarur West Sector A locality in Thiruvarur.,WEB_PORTAL,UNVERIFIED,PROCESSED,DUP-GRP-193,MEDIUM,69,0
CR-2026-01055,ANON-TN-CE4B5AF8ED,2025-12-24 17:48:02,2,Coimbatore,7,Coimbatore South,17,Coimbatore North Bypass Hub,REHAB_NEED,PRESCRIPTION_NARCOTICS,Anonymous observation reported near Coimbatore North Bypass Hub locality in Coimbatore.,MOBILE_APP,DISMISSED,PROCESSED,DUP-GRP-318,MEDIUM,61,0
CR-2026-01056,ANON-TN-D06A2D9FA8,2026-05-31 12:21:52,6,Tirunelveli,25,Tirunelveli East,58,Tirunelveli South Market,SUSPECTED_DISTRIBUTION,UNKNOWN_CONTRABAND,Anonymous observation reported near Tirunelveli South Market locality in Tirunelveli.,WEB_PORTAL,DISMISSED,PROCESSED,DUP-GRP-1,LOW,86,0
CR-2026-01057,ANON-TN-9222DD913A,2024-12-25 08:30:07,10,Krishnagiri,39,Krishnagiri South,99,Krishnagiri East Market,COMMUNITY_CONCERN,CHEMICAL_PRECURSORS,Anonymous observation reported near Krishnagiri East Market locality in Krishnagiri.,TELEGRAM_BOT,DISMISSED,PROCESSED,DUP-GRP-137,HIGH,84,1
CR-2026-01058,ANON-TN-5EC7C3C1D0,2025-07-04 13:33:46,33,Thiruvarur,132,Thiruvarur North,329,Thiruvarur East Bypass Hub,COMMUNITY_CONCERN,COMMERCIAL_GANJA,Anonymous observation reported near Thiruvarur East Bypass Hub locality in Thiruvarur.,WEB_PORTAL,UNVERIFIED,PROCESSED,DUP-GRP-64,LOW,61,1
CR-2026-01059,ANON-TN-DB259EBF97,2026-04-12 01:39:46,37,Tirupathur,148,Tirupathur South,359,Tirupathur North Sector A,HEALTH_EMERGENCY,SYNTHETIC_MDMA,Anonymous observation reported near Tirupathur North Sector A locality in Tirupathur.,WEB_PORTAL,UNVERIFIED,PROCESSED,DUP-GRP-108,LOW,77,0
CR-2026-01060,ANON-TN-F141D93F49,2024-10-21 01:10:48,33,Thiruvarur,134,Thiruvarur East,329,Thiruvarur East Bypass Hub,COMMUNITY_CONCERN,COMMERCIAL_GANJA,Anonymous observation reported near Thiruvarur East Bypass Hub locality in Thiruvarur.,MOBILE_APP,NEEDS_VERIFICATION,PROCESSED,DUP-GRP-19,HIGH,56,0
CR-2026-01061,ANON-TN-C8303E943B,2025-04-29 20:19:41,1,Chennai,1,Chennai North,13,Chennai Rural Market,COMMUNITY_CONCERN,UNKNOWN_CONTRABAND,Anonymous observation reported near Chennai Rural Market locality in Chennai.,TELEGRAM_BOT,UNVERIFIED,PROCESSED,DUP-GRP-73,HIGH,92,0
CR-2026-01062,ANON-TN-F92420A296,2025-06-25 17:13:45,22,Dharmapuri,88,Dharmapuri North,222,Dharmapuri South Market,COMMUNITY_CONCERN,UNKNOWN_CONTRABAND,Anonymous observation reported near Dharmapuri South Market locality in Dharmapuri.,TELEGRAM_BOT,UNVERIFIED,PROCESSED,DUP-GRP-335,LOW,89,0
CR-2026-01063,ANON-TN-5FF569ABEF,2026-02-01 20:16:17,11,Dindigul,45,Dindigul East,110,Dindigul South Sector A,COMMUNITY_CONCERN,UNKNOWN_CONTRABAND,Anonymous observation reported near Dindigul South Sector A locality in Dindigul.,MOBILE_APP,DISMISSED,PROCESSED,DUP-GRP-105,MEDIUM,75,0
CR-2026-01064,ANON-TN-86373A180E,2026-07-19 14:26:18,14,Kanniyakumari,55,Kanniyakumari South,137,Kanniyakumari South Sector A,REHAB_NEED,UNKNOWN_CONTRABAND,Anonymous observation reported near Kanniyakumari South Sector A locality in Kanniyakumari.,WEB_PORTAL,DISMISSED,PROCESSED,DUP-GRP-195,LOW,83,0
CR-2026-01065,ANON-TN-2336FB5373,2024-11-12 15:25:59,18,Tiruvallur,72,Tiruvallur North,184,Tiruvallur East Bypass Hub,HEALTH_EMERGENCY,OPIOID_ANALOGUES,Anonymous observation reported near Tiruvallur East Bypass Hub locality in Tiruvallur.,TOLL_FREE_IVR,CORROBORATED,PROCESSED,DUP-GRP-378,MEDIUM,76,0
CR-2026-01066,ANON-TN-31139AB135,2025-10-17 15:01:04,30,Ramanathapuram,118,Ramanathapuram North,297,Ramanathapuram West Sector A,COMMUNITY_CONCERN,PRESCRIPTION_NARCOTICS,Anonymous observation reported near Ramanathapuram West Sector A locality in Ramanathapuram.,TOLL_FREE_IVR,UNVERIFIED,PROCESSED,DUP-GRP-384,HIGH,68,0
CR-2026-01067,ANON-TN-89EA6910CF,2026-04-27 08:14:23,2,Coimbatore,7,Coimbatore South,15,Coimbatore North Sector A,SUSPECTED_DISTRIBUTION,OPIOID_ANALOGUES,Anonymous observation reported near Coimbatore North Sector A locality in Coimbatore.,MOBILE_APP,DISMISSED,PROCESSED,DUP-GRP-69,MEDIUM,85,0
CR-2026-01068,ANON-TN-E0150BADE7,2026-01-09 12:48:23,35,Mayiladuthurai,142,Mayiladuthurai East,347,Mayiladuthurai East Sector A,HEALTH_EMERGENCY,COMMERCIAL_GANJA,Anonymous observation reported near Mayiladuthurai East Sector A locality in Mayiladuthurai.,WEB_PORTAL,UNVERIFIED,PROCESSED,DUP-GRP-398,HIGH,91,1
CR-2026-01069,ANON-TN-E39A883B7D,2025-08-12 04:26:00,28,Pudukkottai,112,Pudukkottai South,274,Pudukkottai North Market,HEALTH_EMERGENCY,PRESCRIPTION_NARCOTICS,Anonymous observation reported near Pudukkottai North Market locality in Pudukkottai.,TOLL_FREE_IVR,NEEDS_VERIFICATION,PROCESSED,DUP-GRP-231,HIGH,59,0
CR-2026-01070,ANON-TN-C226F87231,2025-09-09 03:26:28,37,Tirupathur,149,Tirupathur East,359,Tirupathur North Sector A,SUSPECTED_DISTRIBUTION,COMMERCIAL_GANJA,Anonymous observation reported near Tirupathur North Sector A locality in Tirupathur.,TOLL_FREE_IVR,UNVERIFIED,PROCESSED,DUP-GRP-116,MEDIUM,84,0
CR-2026-01071,ANON-TN-EE5E81C2D0,2025-08-04 04:05:27,34,Nagapattinam,137,Nagapattinam South,342,Nagapattinam West Bypass Hub,COMMUNITY_CONCERN,SYNTHETIC_MDMA,Anonymous observation reported near Nagapattinam West Bypass Hub locality in Nagapattinam.,TOLL_FREE_IVR,NEEDS_VERIFICATION,PROCESSED,DUP-GRP-311,HIGH,92,0
CR-2026-01072,ANON-TN-62C4B39A97,2025-05-27 08:27:01,17,Chengalpattu,69,Chengalpattu East,166,Chengalpattu North Market,HEALTH_EMERGENCY,UNKNOWN_CONTRABAND,Anonymous observation reported near Chengalpattu North Market locality in Chengalpattu.,TELEGRAM_BOT,UNVERIFIED,PROCESSED,DUP-GRP-279,LOW,64,0
CR-2026-01073,ANON-TN-54B1FF29CD,2026-07-04 00:44:20,5,Tiruchirappalli,18,Tiruchirappalli North,46,Tiruchirappalli South Sector A,COMMUNITY_CONCERN,UNKNOWN_CONTRABAND,Anonymous observation reported near Tiruchirappalli South Sector A locality in Tiruchirappalli.,TOLL_FREE_IVR,NEEDS_VERIFICATION,PROCESSED,DUP-GRP-188,LOW,90,0
CR-2026-01074,ANON-TN-CF4B584DBA,2026-06-07 15:28:06,6,Tirunelveli,24,Tirunelveli South,59,Tirunelveli South Bypass Hub,REHAB_NEED,SYNTHETIC_MDMA,Anonymous observation reported near Tirunelveli South Bypass Hub locality in Tirunelveli.,WEB_PORTAL,UNVERIFIED,PROCESSED,DUP-GRP-385,MEDIUM,61,0
CR-2026-01075,ANON-TN-DABB2D2EBF,2025-04-14 13:15:12,6,Tirunelveli,24,Tirunelveli South,55,Tirunelveli North Sector A,REHAB_NEED,PRESCRIPTION_NARCOTICS,Anonymous observation reported near Tirunelveli North Sector A locality in Tirunelveli.,TELEGRAM_BOT,UNVERIFIED,PROCESSED,DUP-GRP-46,LOW,71,1
CR-2026-01076,ANON-TN-18A4CA7B2A,2025-04-27 09:41:30,3,Madurai,12,Madurai West,28,Madurai East Market,HEALTH_EMERGENCY,COMMERCIAL_GANJA,Anonymous observation reported near Madurai East Market locality in Madurai.,TELEGRAM_BOT,CORROBORATED,PROCESSED,DUP-GRP-291,HIGH,61,0
CR-2026-01077,ANON-TN-EB6A57DDEE,2024-12-22 19:02:40,27,Perambalur,110,Perambalur East,266,Perambalur North Market,SUSPECTED_DISTRIBUTION,OPIOID_ANALOGUES,Anonymous observation reported near Perambalur North Market locality in Perambalur.,MOBILE_APP,UNVERIFIED,PROCESSED,DUP-GRP-351,MEDIUM,58,0
CR-2026-01078,ANON-TN-90BC5C1DD7,2025-02-25 08:16:05,19,Cuddalore,75,Cuddalore North,187,Cuddalore North Bypass Hub,REHAB_NEED,COMMERCIAL_GANJA,Anonymous observation reported near Cuddalore North Bypass Hub locality in Cuddalore.,WEB_PORTAL,DISMISSED,PROCESSED,DUP-GRP-291,LOW,92,1
CR-2026-01079,ANON-TN-CE1E619AE9,2026-02-11 20:32:10,31,Virudhunagar,123,Virudhunagar South,307,Virudhunagar West Market,HEALTH_EMERGENCY,SYNTHETIC_MDMA,Anonymous observation reported near Virudhunagar West Market locality in Virudhunagar.,TOLL_FREE_IVR,UNVERIFIED,PROCESSED,DUP-GRP-340,LOW,65,0
CR-2026-01080,ANON-TN-8B0FADF5AB,2026-01-06 13:23:19,15,Tenkasi,61,Tenkasi East,148,Tenkasi North Bypass Hub,SUSPECTED_DISTRIBUTION,UNKNOWN_CONTRABAND,Anonymous observation reported near Tenkasi North Bypass Hub locality in Tenkasi.,TELEGRAM_BOT,CORROBORATED,PROCESSED,DUP-GRP-230,LOW,91,0
CR-2026-01081,ANON-TN-E13F1FC90C,2025-02-08 16:59:42,1,Chennai,1,Chennai North,9,Chennai West Sector A,COMMUNITY_CONCERN,SYNTHETIC_MDMA,Anonymous observation reported near Chennai West Sector A locality in Chennai.,MOBILE_APP,DISMISSED,PROCESSED,DUP-GRP-12,HIGH,68,0
CR-2026-01082,ANON-TN-909218ABD7,2025-11-06 08:50:33,21,Kallakurichi,84,Kallakurichi South,207,Kallakurichi North Market,SUSPECTED_DISTRIBUTION,SYNTHETIC_MDMA,Anonymous observation reported near Kallakurichi North Market locality in Kallakurichi.,TOLL_FREE_IVR,DISMISSED,PROCESSED,DUP-GRP-259,LOW,87,0
CR-2026-01083,ANON-TN-AC11775868,2026-04-05 17:22:13,10,Krishnagiri,38,Krishnagiri North,100,Krishnagiri East Bypass Hub,COMMUNITY_CONCERN,UNKNOWN_CONTRABAND,Anonymous observation reported near Krishnagiri East Bypass Hub locality in Krishnagiri.,TELEGRAM_BOT,NEEDS_VERIFICATION,PROCESSED,DUP-GRP-393,MEDIUM,60,0
CR-2026-01084,ANON-TN-82DBEA96C5,2025-10-16 10:16:38,19,Cuddalore,78,Cuddalore West,195,Cuddalore West Market,HEALTH_EMERGENCY,UNKNOWN_CONTRABAND,Anonymous observation reported near Cuddalore West Market locality in Cuddalore.,TELEGRAM_BOT,UNVERIFIED,PROCESSED,DUP-GRP-158,MEDIUM,76,0
CR-2026-01085,ANON-TN-65CB6D1D61,2024-11-15 04:25:28,20,Viluppuram,81,Viluppuram South,203,Viluppuram South Market,HEALTH_EMERGENCY,COMMERCIAL_GANJA,Anonymous observation reported near Viluppuram South Market locality in Viluppuram.,WEB_PORTAL,DISMISSED,PROCESSED,DUP-GRP-104,MEDIUM,62,0
CR-2026-01086,ANON-TN-8550871517,2026-02-24 07:21:28,9,Vellore,34,Vellore South,90,Vellore Rural Sector A,SUSPECTED_DISTRIBUTION,PRESCRIPTION_NARCOTICS,Anonymous observation reported near Vellore Rural Sector A locality in Vellore.,WEB_PORTAL,CORROBORATED,PROCESSED,DUP-GRP-134,MEDIUM,84,0
CR-2026-01087,ANON-TN-C4B7F50474,2025-05-27 14:01:39,30,Ramanathapuram,120,Ramanathapuram East,291,Ramanathapuram South Sector A,HEALTH_EMERGENCY,PRESCRIPTION_NARCOTICS,Anonymous observation reported near Ramanathapuram South Sector A locality in Ramanathapuram.,MOBILE_APP,DISMISSED,PROCESSED,DUP-GRP-62,MEDIUM,68,1
CR-2026-01088,ANON-TN-5D1FBC03DC,2025-11-01 22:37:01,25,Karur,100,Karur North,247,Karur North Bypass Hub,REHAB_NEED,OPIOID_ANALOGUES,Anonymous observation reported near Karur North Bypass Hub locality in Karur.,MOBILE_APP,DISMISSED,PROCESSED,DUP-GRP-15,MEDIUM,88,0
CR-2026-01089,ANON-TN-8EACBCB391,2025-11-12 17:37:50,6,Tirunelveli,25,Tirunelveli East,56,Tirunelveli North Market,HEALTH_EMERGENCY,SYNTHETIC_MDMA,Anonymous observation reported near Tirunelveli North Market locality in Tirunelveli.,WEB_PORTAL,CORROBORATED,PROCESSED,DUP-GRP-191,HIGH,80,1
CR-2026-01090,ANON-TN-F12D1598AD,2026-08-11 22:35:07,10,Krishnagiri,42,Krishnagiri Rural,104,Krishnagiri Rural Sector A,HEALTH_EMERGENCY,OPIOID_ANALOGUES,Anonymous observation reported near Krishnagiri Rural Sector A locality in Krishnagiri.,TELEGRAM_BOT,UNVERIFIED,PROCESSED,DUP-GRP-166,LOW,74,0
CR-2026-01091,ANON-TN-FECAA0DA7F,2024-09-24 20:21:24,14,Kanniyakumari,58,Kanniyakumari Rural,135,Kanniyakumari North Market,HEALTH_EMERGENCY,OPIOID_ANALOGUES,Anonymous observation reported near Kanniyakumari North Market locality in Kanniyakumari.,WEB_PORTAL,DISMISSED,PROCESSED,DUP-GRP-330,LOW,77,0
CR-2026-01092,ANON-TN-BBB8FDDCF2,2025-07-30 19:56:28,14,Kanniyakumari,57,Kanniyakumari West,134,Kanniyakumari North Sector A,COMMUNITY_CONCERN,UNKNOWN_CONTRABAND,Anonymous observation reported near Kanniyakumari North Sector A locality in Kanniyakumari.,MOBILE_APP,UNVERIFIED,PROCESSED,DUP-GRP-295,HIGH,71,0
CR-2026-01093,ANON-TN-2EBB4D7718,2024-10-10 12:09:21,15,Tenkasi,61,Tenkasi East,148,Tenkasi North Bypass Hub,HEALTH_EMERGENCY,PRESCRIPTION_NARCOTICS,Anonymous observation reported near Tenkasi North Bypass Hub locality in Tenkasi.,MOBILE_APP,CORROBORATED,PROCESSED,DUP-GRP-285,LOW,66,0
CR-2026-01094,ANON-TN-BFB6F7CF8B,2026-02-05 18:28:59,8,Erode,32,Erode West,76,Erode East Market,HEALTH_EMERGENCY,PRESCRIPTION_NARCOTICS,Anonymous observation reported near Erode East Market locality in Erode.,MOBILE_APP,NEEDS_VERIFICATION,PROCESSED,DUP-GRP-356,LOW,63,1
CR-2026-01095,ANON-TN-72A71983CE,2024-12-08 05:04:02,25,Karur,100,Karur North,245,Karur North Sector A,HEALTH_EMERGENCY,OPIOID_ANALOGUES,Anonymous observation reported near Karur North Sector A locality in Karur.,WEB_PORTAL,CORROBORATED,PROCESSED,DUP-GRP-395,MEDIUM,80,0
CR-2026-01096,ANON-TN-14120975A4,2026-07-03 00:20:49,37,Tirupathur,149,Tirupathur East,359,Tirupathur North Sector A,SUSPECTED_DISTRIBUTION,UNKNOWN_CONTRABAND,Anonymous observation reported near Tirupathur North Sector A locality in Tirupathur.,WEB_PORTAL,NEEDS_VERIFICATION,PROCESSED,DUP-GRP-252,LOW,65,0
CR-2026-01097,ANON-TN-61CCE7D592,2025-11-02 03:36:30,5,Tiruchirappalli,20,Tiruchirappalli East,50,Tiruchirappalli East Bypass Hub,HEALTH_EMERGENCY,PRESCRIPTION_NARCOTICS,Anonymous observation reported near Tiruchirappalli East Bypass Hub locality in Tiruchirappalli.,MOBILE_APP,NEEDS_VERIFICATION,PROCESSED,DUP-GRP-103,LOW,64,0
CR-2026-01098,ANON-TN-E7B3C8DCC5,2026-01-25 05:45:41,24,Nilgiris,96,Nilgiris North,236,Nilgiris North Sector A,HEALTH_EMERGENCY,SYNTHETIC_MDMA,Anonymous observation reported near Nilgiris North Sector A locality in Nilgiris.,TOLL_FREE_IVR,DISMISSED,PROCESSED,DUP-GRP-252,MEDIUM,67,0
CR-2026-01099,ANON-TN-3ECCE3BCAD,2025-01-08 14:20:18,18,Tiruvallur,74,Tiruvallur East,182,Tiruvallur East Sector A,HEALTH_EMERGENCY,UNKNOWN_CONTRABAND,Anonymous observation reported near Tiruvallur East Sector A locality in Tiruvallur.,MOBILE_APP,NEEDS_VERIFICATION,PROCESSED,DUP-GRP-3,HIGH,62,0
CR-2026-01100,ANON-TN-0BB734F9FA,2025-10-20 02:08:32,27,Perambalur,108,Perambalur North,269,Perambalur South Bypass Hub,SUSPECTED_DISTRIBUTION,COMMERCIAL_GANJA,Anonymous observation reported near Perambalur South Bypass Hub locality in Perambalur.,WEB_PORTAL,DISMISSED,PROCESSED,DUP-GRP-116,LOW,64,1
CR-2026-01101,ANON-TN-F99FFBC738,2025-03-08 06:18:27,19,Cuddalore,78,Cuddalore West,194,Cuddalore West Sector A,HEALTH_EMERGENCY,OPIOID_ANALOGUES,Anonymous observation reported near Cuddalore West Sector A locality in Cuddalore.,TOLL_FREE_IVR,DISMISSED,PROCESSED,DUP-GRP-83,LOW,72,0
CR-2026-01102,ANON-TN-34081F1F82,2025-08-22 10:25:49,6,Tirunelveli,23,Tirunelveli North,57,Tirunelveli South Sector A,SUSPECTED_DISTRIBUTION,PRESCRIPTION_NARCOTICS,Anonymous observation reported near Tirunelveli South Sector A locality in Tirunelveli.,TOLL_FREE_IVR,DISMISSED,PROCESSED,DUP-GRP-384,LOW,56,0
CR-2026-01103,ANON-TN-BFA3FFF386,2026-04-10 06:51:34,11,Dindigul,45,Dindigul East,110,Dindigul South Sector A,SUSPECTED_DISTRIBUTION,UNKNOWN_CONTRABAND,Anonymous observation reported near Dindigul South Sector A locality in Dindigul.,TOLL_FREE_IVR,NEEDS_VERIFICATION,PROCESSED,DUP-GRP-235,HIGH,64,0
CR-2026-01104,ANON-TN-B5543BE9CF,2025-05-11 01:17:07,1,Chennai,3,Chennai East,9,Chennai West Sector A,REHAB_NEED,OPIOID_ANALOGUES,Anonymous observation reported near Chennai West Sector A locality in Chennai.,TOLL_FREE_IVR,NEEDS_VERIFICATION,PROCESSED,DUP-GRP-381,HIGH,91,1
CR-2026-01105,ANON-TN-6348892E4B,2024-11-30 22:09:43,4,Salem,14,Salem South,42,Salem Rural Market,COMMUNITY_CONCERN,CHEMICAL_PRECURSORS,Anonymous observation reported near Salem Rural Market locality in Salem.,TELEGRAM_BOT,DISMISSED,PROCESSED,DUP-GRP-81,HIGH,92,0
CR-2026-01106,ANON-TN-233638D9A9,2025-05-20 13:21:51,24,Nilgiris,99,Nilgiris West,242,Nilgiris East Bypass Hub,SUSPECTED_DISTRIBUTION,COMMERCIAL_GANJA,Anonymous observation reported near Nilgiris East Bypass Hub locality in Nilgiris.,MOBILE_APP,DISMISSED,PROCESSED,DUP-GRP-239,HIGH,59,0
CR-2026-01107,ANON-TN-B054DF7BDC,2024-10-09 00:40:51,2,Coimbatore,7,Coimbatore South,17,Coimbatore North Bypass Hub,HEALTH_EMERGENCY,SYNTHETIC_MDMA,Anonymous observation reported near Coimbatore North Bypass Hub locality in Coimbatore.,TOLL_FREE_IVR,DISMISSED,PROCESSED,DUP-GRP-226,LOW,88,0
CR-2026-01108,ANON-TN-CDA801B85C,2024-10-16 23:58:44,15,Tenkasi,59,Tenkasi North,152,Tenkasi East Market,COMMUNITY_CONCERN,SYNTHETIC_MDMA,Anonymous observation reported near Tenkasi East Market locality in Tenkasi.,MOBILE_APP,DISMISSED,PROCESSED,DUP-GRP-20,HIGH,63,0
CR-2026-01109,ANON-TN-C4CDE97B72,2026-05-07 19:50:06,23,Namakkal,92,Namakkal North,231,Namakkal South Bypass Hub,SUSPECTED_DISTRIBUTION,UNKNOWN_CONTRABAND,Anonymous observation reported near Namakkal South Bypass Hub locality in Namakkal.,TELEGRAM_BOT,UNVERIFIED,PROCESSED,DUP-GRP-252,MEDIUM,59,0
CR-2026-01110,ANON-TN-68DE5D9749,2025-01-04 15:25:29,33,Thiruvarur,133,Thiruvarur South,326,Thiruvarur South Market,REHAB_NEED,COMMERCIAL_GANJA,Anonymous observation reported near Thiruvarur South Market locality in Thiruvarur.,WEB_PORTAL,UNVERIFIED,PROCESSED,DUP-GRP-170,LOW,74,0
CR-2026-01111,ANON-TN-53D57E260A,2026-04-10 03:10:49,25,Karur,103,Karur West,245,Karur North Sector A,HEALTH_EMERGENCY,PRESCRIPTION_NARCOTICS,Anonymous observation reported near Karur North Sector A locality in Karur.,TOLL_FREE_IVR,DISMISSED,PROCESSED,DUP-GRP-31,LOW,59,0
CR-2026-01112,ANON-TN-5860A8DC0F,2025-05-27 13:42:11,29,Sivaganga,116,Sivaganga East,286,Sivaganga East Market,SUSPECTED_DISTRIBUTION,UNKNOWN_CONTRABAND,Anonymous observation reported near Sivaganga East Market locality in Sivaganga.,TOLL_FREE_IVR,UNVERIFIED,PROCESSED,DUP-GRP-304,MEDIUM,92,0
CR-2026-01113,ANON-TN-1F82DC171E,2025-01-25 20:08:02,9,Vellore,37,Vellore Rural,82,Vellore North Bypass Hub,HEALTH_EMERGENCY,CHEMICAL_PRECURSORS,Anonymous observation reported near Vellore North Bypass Hub locality in Vellore.,MOBILE_APP,NEEDS_VERIFICATION,PROCESSED,DUP-GRP-233,MEDIUM,70,0
CR-2026-01114,ANON-TN-701C4CE537,2026-05-29 09:11:15,2,Coimbatore,8,Coimbatore East,15,Coimbatore North Sector A,COMMUNITY_CONCERN,SYNTHETIC_MDMA,Anonymous observation reported near Coimbatore North Sector A locality in Coimbatore.,WEB_PORTAL,NEEDS_VERIFICATION,PROCESSED,DUP-GRP-277,MEDIUM,56,1
CR-2026-01115,ANON-TN-8D7B9B0139,2024-10-16 22:20:20,8,Erode,31,Erode East,78,Erode West Market,HEALTH_EMERGENCY,OPIOID_ANALOGUES,Anonymous observation reported near Erode West Market locality in Erode.,MOBILE_APP,NEEDS_VERIFICATION,PROCESSED,DUP-GRP-106,MEDIUM,74,0
CR-2026-01116,ANON-TN-B453A187C7,2026-06-08 05:10:21,31,Virudhunagar,123,Virudhunagar South,307,Virudhunagar West Market,HEALTH_EMERGENCY,SYNTHETIC_MDMA,Anonymous observation reported near Virudhunagar West Market locality in Virudhunagar.,WEB_PORTAL,UNVERIFIED,PROCESSED,DUP-GRP-255,HIGH,90,0
CR-2026-01117,ANON-TN-3C9AD4EF14,2026-07-06 00:09:14,21,Kallakurichi,85,Kallakurichi East,209,Kallakurichi South Sector A,HEALTH_EMERGENCY,UNKNOWN_CONTRABAND,Anonymous observation reported near Kallakurichi South Sector A locality in Kallakurichi.,MOBILE_APP,CORROBORATED,PROCESSED,DUP-GRP-214,HIGH,80,0
CR-2026-01118,ANON-TN-897EDC0A48,2026-05-30 07:26:21,15,Tenkasi,59,Tenkasi North,149,Tenkasi South Sector A,REHAB_NEED,PRESCRIPTION_NARCOTICS,Anonymous observation reported near Tenkasi South Sector A locality in Tenkasi.,TELEGRAM_BOT,DISMISSED,PROCESSED,DUP-GRP-222,LOW,75,0
CR-2026-01119,ANON-TN-56E8F40CC6,2025-04-16 23:09:44,22,Dharmapuri,91,Dharmapuri West,224,Dharmapuri East Market,REHAB_NEED,CHEMICAL_PRECURSORS,Anonymous observation reported near Dharmapuri East Market locality in Dharmapuri.,TELEGRAM_BOT,UNVERIFIED,PROCESSED,DUP-GRP-369,LOW,92,0
CR-2026-01120,ANON-TN-E072321EA0,2025-04-09 05:55:20,24,Nilgiris,98,Nilgiris East,237,Nilgiris North Market,SUSPECTED_DISTRIBUTION,CHEMICAL_PRECURSORS,Anonymous observation reported near Nilgiris North Market locality in Nilgiris.,TELEGRAM_BOT,UNVERIFIED,PROCESSED,DUP-GRP-283,MEDIUM,85,0
CR-2026-01121,ANON-TN-98EE8C09D0,2026-06-09 18:28:03,19,Cuddalore,77,Cuddalore East,185,Cuddalore North Sector A,REHAB_NEED,PRESCRIPTION_NARCOTICS,Anonymous observation reported near Cuddalore North Sector A locality in Cuddalore.,TELEGRAM_BOT,CORROBORATED,PROCESSED,DUP-GRP-6,LOW,65,1
CR-2026-01122,ANON-TN-CE7D9201D5,2024-11-22 09:12:59,20,Viluppuram,80,Viluppuram North,205,Viluppuram East Market,HEALTH_EMERGENCY,PRESCRIPTION_NARCOTICS,Anonymous observation reported near Viluppuram East Market locality in Viluppuram.,TELEGRAM_BOT,NEEDS_VERIFICATION,PROCESSED,DUP-GRP-328,MEDIUM,80,1
CR-2026-01123,ANON-TN-68A8A81CAD,2025-03-31 03:51:59,8,Erode,31,Erode East,79,Erode West Bypass Hub,REHAB_NEED,PRESCRIPTION_NARCOTICS,Anonymous observation reported near Erode West Bypass Hub locality in Erode.,TELEGRAM_BOT,NEEDS_VERIFICATION,PROCESSED,DUP-GRP-247,HIGH,57,0
CR-2026-01124,ANON-TN-DDB711A8C1,2025-03-22 12:46:02,4,Salem,15,Salem East,40,Salem West Market,SUSPECTED_DISTRIBUTION,PRESCRIPTION_NARCOTICS,Anonymous observation reported near Salem West Market locality in Salem.,WEB_PORTAL,DISMISSED,PROCESSED,DUP-GRP-109,HIGH,86,0
CR-2026-01125,ANON-TN-2AFBDA09A5,2025-04-03 17:55:43,38,Tiruvannamalai,150,Tiruvannamalai North,373,Tiruvannamalai West Sector A,HEALTH_EMERGENCY,COMMERCIAL_GANJA,Anonymous observation reported near Tiruvannamalai West Sector A locality in Tiruvannamalai.,TELEGRAM_BOT,UNVERIFIED,PROCESSED,DUP-GRP-41,LOW,61,0
CR-2026-01126,ANON-TN-AC4F74B568,2026-01-01 09:31:04,26,Ariyalur,107,Ariyalur West,262,Ariyalur East Market,SUSPECTED_DISTRIBUTION,CHEMICAL_PRECURSORS,Anonymous observation reported near Ariyalur East Market locality in Ariyalur.,TOLL_FREE_IVR,NEEDS_VERIFICATION,PROCESSED,DUP-GRP-187,MEDIUM,80,0
CR-2026-01127,ANON-TN-A05CFABB76,2026-08-08 08:49:00,13,Thoothukudi,50,Thoothukudi South,126,Thoothukudi South Market,HEALTH_EMERGENCY,OPIOID_ANALOGUES,Anonymous observation reported near Thoothukudi South Market locality in Thoothukudi.,WEB_PORTAL,NEEDS_VERIFICATION,PROCESSED,DUP-GRP-335,MEDIUM,77,0
CR-2026-01128,ANON-TN-CF676F1788,2025-08-18 02:32:39,22,Dharmapuri,90,Dharmapuri East,219,Dharmapuri North Sector A,HEALTH_EMERGENCY,UNKNOWN_CONTRABAND,Anonymous observation reported near Dharmapuri North Sector A locality in Dharmapuri.,MOBILE_APP,DISMISSED,PROCESSED,DUP-GRP-26,MEDIUM,58,1
CR-2026-01129,ANON-TN-86C6E06804,2026-07-02 03:02:05,23,Namakkal,92,Namakkal North,231,Namakkal South Bypass Hub,SUSPECTED_DISTRIBUTION,COMMERCIAL_GANJA,Anonymous observation reported near Namakkal South Bypass Hub locality in Namakkal.,MOBILE_APP,CORROBORATED,PROCESSED,DUP-GRP-39,LOW,77,0
CR-2026-01130,ANON-TN-86FE5FF6E7,2025-09-04 00:23:25,7,Tiruppur,26,Tiruppur North,67,Tiruppur East Sector A,COMMUNITY_CONCERN,COMMERCIAL_GANJA,Anonymous observation reported near Tiruppur East Sector A locality in Tiruppur.,TOLL_FREE_IVR,UNVERIFIED,PROCESSED,DUP-GRP-54,LOW,83,0
CR-2026-01131,ANON-TN-2D2AC93538,2025-09-03 21:46:51,21,Kallakurichi,85,Kallakurichi East,213,Kallakurichi East Bypass Hub,SUSPECTED_DISTRIBUTION,OPIOID_ANALOGUES,Anonymous observation reported near Kallakurichi East Bypass Hub locality in Kallakurichi.,WEB_PORTAL,UNVERIFIED,PROCESSED,DUP-GRP-196,MEDIUM,67,1
CR-2026-01132,ANON-TN-35D592C276,2026-03-03 20:22:39,35,Mayiladuthurai,143,Mayiladuthurai West,347,Mayiladuthurai East Sector A,REHAB_NEED,UNKNOWN_CONTRABAND,Anonymous observation reported near Mayiladuthurai East Sector A locality in Mayiladuthurai.,TELEGRAM_BOT,NEEDS_VERIFICATION,PROCESSED,DUP-GRP-228,LOW,89,1
CR-2026-01133,ANON-TN-F07EA75C84,2025-02-26 16:03:04,28,Pudukkottai,112,Pudukkottai South,277,Pudukkottai East Sector A,HEALTH_EMERGENCY,CHEMICAL_PRECURSORS,Anonymous observation reported near Pudukkottai East Sector A locality in Pudukkottai.,WEB_PORTAL,DISMISSED,PROCESSED,DUP-GRP-219,LOW,69,0
CR-2026-01134,ANON-TN-09484AA86E,2024-10-02 23:40:14,37,Tirupathur,147,Tirupathur North,364,Tirupathur East Sector A,HEALTH_EMERGENCY,OPIOID_ANALOGUES,Anonymous observation reported near Tirupathur East Sector A locality in Tirupathur.,TELEGRAM_BOT,DISMISSED,PROCESSED,DUP-GRP-143,HIGH,80,0
CR-2026-01135,ANON-TN-CC2C68744E,2026-07-06 14:42:35,9,Vellore,34,Vellore South,85,Vellore South Bypass Hub,HEALTH_EMERGENCY,OPIOID_ANALOGUES,Anonymous observation reported near Vellore South Bypass Hub locality in Vellore.,WEB_PORTAL,UNVERIFIED,PROCESSED,DUP-GRP-232,LOW,77,0
CR-2026-01136,ANON-TN-FBAD02943A,2025-12-27 00:59:09,21,Kallakurichi,86,Kallakurichi West,215,Kallakurichi West Market,REHAB_NEED,CHEMICAL_PRECURSORS,Anonymous observation reported near Kallakurichi West Market locality in Kallakurichi.,TOLL_FREE_IVR,CORROBORATED,PROCESSED,DUP-GRP-322,MEDIUM,57,0
CR-2026-01137,ANON-TN-4181C8BD1C,2026-02-17 23:04:33,11,Dindigul,44,Dindigul South,108,Dindigul North Market,COMMUNITY_CONCERN,UNKNOWN_CONTRABAND,Anonymous observation reported near Dindigul North Market locality in Dindigul.,MOBILE_APP,CORROBORATED,PROCESSED,DUP-GRP-120,MEDIUM,62,0
CR-2026-01138,ANON-TN-EE2D5D2194,2025-02-06 23:40:24,27,Perambalur,109,Perambalur South,267,Perambalur South Sector A,REHAB_NEED,OPIOID_ANALOGUES,Anonymous observation reported near Perambalur South Sector A locality in Perambalur.,WEB_PORTAL,CORROBORATED,PROCESSED,DUP-GRP-150,MEDIUM,72,0
CR-2026-01139,ANON-TN-DA3DE2D3FC,2025-08-28 04:48:51,36,Ranipet,146,Ranipet East,357,Ranipet East Sector A,REHAB_NEED,COMMERCIAL_GANJA,Anonymous observation reported near Ranipet East Sector A locality in Ranipet.,WEB_PORTAL,NEEDS_VERIFICATION,PROCESSED,DUP-GRP-167,MEDIUM,59,0
CR-2026-01140,ANON-TN-3E02B2A327,2025-09-23 01:41:22,13,Thoothukudi,53,Thoothukudi Rural,128,Thoothukudi East Market,COMMUNITY_CONCERN,OPIOID_ANALOGUES,Anonymous observation reported near Thoothukudi East Market locality in Thoothukudi.,MOBILE_APP,DISMISSED,PROCESSED,DUP-GRP-276,MEDIUM,68,0
CR-2026-01141,ANON-TN-EF0DAFFCF8,2026-02-06 17:38:04,28,Pudukkottai,113,Pudukkottai East,274,Pudukkottai North Market,COMMUNITY_CONCERN,COMMERCIAL_GANJA,Anonymous observation reported near Pudukkottai North Market locality in Pudukkottai.,MOBILE_APP,UNVERIFIED,PROCESSED,DUP-GRP-395,MEDIUM,79,0
CR-2026-01142,ANON-TN-6EE97900AB,2026-07-17 19:02:45,8,Erode,30,Erode South,73,Erode South Market,COMMUNITY_CONCERN,SYNTHETIC_MDMA,Anonymous observation reported near Erode South Market locality in Erode.,WEB_PORTAL,UNVERIFIED,PROCESSED,DUP-GRP-270,LOW,79,0
CR-2026-01143,ANON-TN-5E557AE6FA,2024-12-19 05:41:51,24,Nilgiris,98,Nilgiris East,243,Nilgiris West Sector A,SUSPECTED_DISTRIBUTION,CHEMICAL_PRECURSORS,Anonymous observation reported near Nilgiris West Sector A locality in Nilgiris.,WEB_PORTAL,NEEDS_VERIFICATION,PROCESSED,DUP-GRP-388,MEDIUM,87,0
CR-2026-01144,ANON-TN-60F71915BB,2024-12-06 11:50:27,22,Dharmapuri,88,Dharmapuri North,219,Dharmapuri North Sector A,COMMUNITY_CONCERN,OPIOID_ANALOGUES,Anonymous observation reported near Dharmapuri North Sector A locality in Dharmapuri.,TELEGRAM_BOT,CORROBORATED,PROCESSED,DUP-GRP-143,LOW,80,0
CR-2026-01145,ANON-TN-B25025171D,2026-01-16 14:41:25,4,Salem,14,Salem South,40,Salem West Market,SUSPECTED_DISTRIBUTION,SYNTHETIC_MDMA,Anonymous observation reported near Salem West Market locality in Salem.,WEB_PORTAL,DISMISSED,PROCESSED,DUP-GRP-228,LOW,88,0
CR-2026-01146,ANON-TN-F9AA1EDF60,2025-08-26 08:34:07,3,Madurai,11,Madurai East,23,Madurai North Market,HEALTH_EMERGENCY,OPIOID_ANALOGUES,Anonymous observation reported near Madurai North Market locality in Madurai.,MOBILE_APP,CORROBORATED,PROCESSED,DUP-GRP-18,MEDIUM,92,0
CR-2026-01147,ANON-TN-6629201E2E,2026-02-03 14:56:04,3,Madurai,12,Madurai West,29,Madurai East Bypass Hub,REHAB_NEED,COMMERCIAL_GANJA,Anonymous observation reported near Madurai East Bypass Hub locality in Madurai.,MOBILE_APP,CORROBORATED,PROCESSED,DUP-GRP-295,MEDIUM,62,0
CR-2026-01148,ANON-TN-A55A050456,2026-02-25 07:48:15,37,Tirupathur,147,Tirupathur North,365,Tirupathur East Market,COMMUNITY_CONCERN,PRESCRIPTION_NARCOTICS,Anonymous observation reported near Tirupathur East Market locality in Tirupathur.,WEB_PORTAL,DISMISSED,PROCESSED,DUP-GRP-170,HIGH,90,0
CR-2026-01149,ANON-TN-9DEB9C6A69,2025-05-12 20:46:50,2,Coimbatore,6,Coimbatore North,20,Coimbatore East Sector A,COMMUNITY_CONCERN,COMMERCIAL_GANJA,Anonymous observation reported near Coimbatore East Sector A locality in Coimbatore.,WEB_PORTAL,UNVERIFIED,PROCESSED,DUP-GRP-300,MEDIUM,55,0
CR-2026-01150,ANON-TN-3E1BAE7826,2025-07-14 09:03:42,38,Tiruvannamalai,150,Tiruvannamalai North,372,Tiruvannamalai East Bypass Hub,REHAB_NEED,PRESCRIPTION_NARCOTICS,Anonymous observation reported near Tiruvannamalai East Bypass Hub locality in Tiruvannamalai.,MOBILE_APP,UNVERIFIED,PROCESSED,DUP-GRP-307,LOW,69,0
CR-2026-01151,ANON-TN-FBFCD3D7E2,2026-07-19 08:28:31,13,Thoothukudi,51,Thoothukudi East,132,Thoothukudi Rural Market,COMMUNITY_CONCERN,COMMERCIAL_GANJA,Anonymous observation reported near Thoothukudi Rural Market locality in Thoothukudi.,TOLL_FREE_IVR,NEEDS_VERIFICATION,PROCESSED,DUP-GRP-330,LOW,58,0
CR-2026-01152,ANON-TN-9C7A51D364,2026-08-15 04:20:04,27,Perambalur,110,Perambalur East,265,Perambalur North Sector A,COMMUNITY_CONCERN,CHEMICAL_PRECURSORS,Anonymous observation reported near Perambalur North Sector A locality in Perambalur.,WEB_PORTAL,NEEDS_VERIFICATION,PROCESSED,DUP-GRP-326,HIGH,83,0
CR-2026-01153,ANON-TN-6437D5A83F,2024-11-26 13:39:28,15,Tenkasi,61,Tenkasi East,148,Tenkasi North Bypass Hub,REHAB_NEED,COMMERCIAL_GANJA,Anonymous observation reported near Tenkasi North Bypass Hub locality in Tenkasi.,WEB_PORTAL,CORROBORATED,PROCESSED,DUP-GRP-10,LOW,77,0
CR-2026-01154,ANON-TN-DDAA879A54,2025-07-22 00:27:20,3,Madurai,12,Madurai West,22,Madurai North Sector A,HEALTH_EMERGENCY,SYNTHETIC_MDMA,Anonymous observation reported near Madurai North Sector A locality in Madurai.,MOBILE_APP,UNVERIFIED,PROCESSED,DUP-GRP-70,HIGH,72,0
CR-2026-01155,ANON-TN-3A4B1B0B44,2026-01-15 07:02:19,13,Thoothukudi,49,Thoothukudi North,128,Thoothukudi East Market,REHAB_NEED,OPIOID_ANALOGUES,Anonymous observation reported near Thoothukudi East Market locality in Thoothukudi.,TOLL_FREE_IVR,CORROBORATED,PROCESSED,DUP-GRP-163,HIGH,56,0
CR-2026-01156,ANON-TN-9072C8669F,2025-08-17 00:21:25,23,Namakkal,93,Namakkal South,233,Namakkal East Market,COMMUNITY_CONCERN,COMMERCIAL_GANJA,Anonymous observation reported near Namakkal East Market locality in Namakkal.,TOLL_FREE_IVR,DISMISSED,PROCESSED,DUP-GRP-354,HIGH,84,0
CR-2026-01157,ANON-TN-AFD1258752,2025-03-28 15:03:52,4,Salem,13,Salem North,32,Salem North Sector A,COMMUNITY_CONCERN,COMMERCIAL_GANJA,Anonymous observation reported near Salem North Sector A locality in Salem.,MOBILE_APP,NEEDS_VERIFICATION,PROCESSED,DUP-GRP-75,HIGH,70,0
CR-2026-01158,ANON-TN-3EA4BE2865,2025-01-21 03:03:33,38,Tiruvannamalai,153,Tiruvannamalai West,371,Tiruvannamalai East Market,HEALTH_EMERGENCY,CHEMICAL_PRECURSORS,Anonymous observation reported near Tiruvannamalai East Market locality in Tiruvannamalai.,WEB_PORTAL,DISMISSED,PROCESSED,DUP-GRP-308,LOW,60,0
CR-2026-01159,ANON-TN-1CDAB470E9,2025-02-09 07:50:27,25,Karur,102,Karur East,249,Karur South Market,COMMUNITY_CONCERN,SYNTHETIC_MDMA,Anonymous observation reported near Karur South Market locality in Karur.,TOLL_FREE_IVR,CORROBORATED,PROCESSED,DUP-GRP-171,MEDIUM,82,0
CR-2026-01160,ANON-TN-4926EDE653,2024-12-20 09:06:24,23,Namakkal,94,Namakkal East,227,Namakkal North Sector A,COMMUNITY_CONCERN,SYNTHETIC_MDMA,Anonymous observation reported near Namakkal North Sector A locality in Namakkal.,WEB_PORTAL,UNVERIFIED,PROCESSED,DUP-GRP-152,HIGH,85,0
CR-2026-01161,ANON-TN-89DB59EC91,2025-12-23 13:23:19,2,Coimbatore,6,Coimbatore North,18,Coimbatore South Sector A,REHAB_NEED,UNKNOWN_CONTRABAND,Anonymous observation reported near Coimbatore South Sector A locality in Coimbatore.,TELEGRAM_BOT,DISMISSED,PROCESSED,DUP-GRP-97,HIGH,74,0
CR-2026-01162,ANON-TN-D22B3504DB,2025-07-06 06:02:03,13,Thoothukudi,53,Thoothukudi Rural,130,Thoothukudi West Market,COMMUNITY_CONCERN,PRESCRIPTION_NARCOTICS,Anonymous observation reported near Thoothukudi West Market locality in Thoothukudi.,MOBILE_APP,NEEDS_VERIFICATION,PROCESSED,DUP-GRP-391,HIGH,91,0
CR-2026-01163,ANON-TN-6E5DEA9A52,2025-04-01 20:48:08,25,Karur,102,Karur East,252,Karur West Sector A,COMMUNITY_CONCERN,UNKNOWN_CONTRABAND,Anonymous observation reported near Karur West Sector A locality in Karur.,WEB_PORTAL,CORROBORATED,PROCESSED,DUP-GRP-396,LOW,55,0
CR-2026-01164,ANON-TN-571FB590A9,2025-06-01 17:07:38,30,Ramanathapuram,119,Ramanathapuram South,290,Ramanathapuram North Market,HEALTH_EMERGENCY,CHEMICAL_PRECURSORS,Anonymous observation reported near Ramanathapuram North Market locality in Ramanathapuram.,WEB_PORTAL,DISMISSED,PROCESSED,DUP-GRP-151,HIGH,90,0
CR-2026-01165,ANON-TN-2F4565B5E0,2024-12-15 04:45:20,22,Dharmapuri,90,Dharmapuri East,226,Dharmapuri West Market,REHAB_NEED,PRESCRIPTION_NARCOTICS,Anonymous observation reported near Dharmapuri West Market locality in Dharmapuri.,TELEGRAM_BOT,CORROBORATED,PROCESSED,DUP-GRP-86,MEDIUM,57,0
CR-2026-01166,ANON-TN-9254171419,2026-08-02 13:21:35,6,Tirunelveli,24,Tirunelveli South,59,Tirunelveli South Bypass Hub,SUSPECTED_DISTRIBUTION,UNKNOWN_CONTRABAND,Anonymous observation reported near Tirunelveli South Bypass Hub locality in Tirunelveli.,TELEGRAM_BOT,DISMISSED,PROCESSED,DUP-GRP-371,MEDIUM,91,0
CR-2026-01167,ANON-TN-9533F7833E,2025-12-01 05:21:58,17,Chengalpattu,67,Chengalpattu North,176,Chengalpattu Rural Market,COMMUNITY_CONCERN,CHEMICAL_PRECURSORS,Anonymous observation reported near Chengalpattu Rural Market locality in Chengalpattu.,MOBILE_APP,DISMISSED,PROCESSED,DUP-GRP-384,LOW,75,0
CR-2026-01168,ANON-TN-DDDC277EC4,2026-02-04 03:33:52,28,Pudukkottai,111,Pudukkottai North,273,Pudukkottai North Sector A,SUSPECTED_DISTRIBUTION,SYNTHETIC_MDMA,Anonymous observation reported near Pudukkottai North Sector A locality in Pudukkottai.,TELEGRAM_BOT,UNVERIFIED,PROCESSED,DUP-GRP-207,MEDIUM,69,0
CR-2026-01169,ANON-TN-05CCD9AFBE,2026-04-12 23:28:26,31,Virudhunagar,125,Virudhunagar West,300,Virudhunagar North Sector A,COMMUNITY_CONCERN,CHEMICAL_PRECURSORS,Anonymous observation reported near Virudhunagar North Sector A locality in Virudhunagar.,MOBILE_APP,UNVERIFIED,PROCESSED,DUP-GRP-295,MEDIUM,74,0
CR-2026-01170,ANON-TN-1E9E968A7D,2025-11-19 21:36:25,16,Kancheepuram,66,Kancheepuram Rural,159,Kancheepuram East Market,HEALTH_EMERGENCY,PRESCRIPTION_NARCOTICS,Anonymous observation reported near Kancheepuram East Market locality in Kancheepuram.,TELEGRAM_BOT,UNVERIFIED,PROCESSED,DUP-GRP-327,MEDIUM,73,0
CR-2026-01171,ANON-TN-DB4ABCDBB7,2025-04-07 23:08:54,23,Namakkal,94,Namakkal East,229,Namakkal South Sector A,REHAB_NEED,PRESCRIPTION_NARCOTICS,Anonymous observation reported near Namakkal South Sector A locality in Namakkal.,TOLL_FREE_IVR,NEEDS_VERIFICATION,PROCESSED,DUP-GRP-246,MEDIUM,67,0
CR-2026-01172,ANON-TN-B0832FE606,2025-08-26 17:32:53,23,Namakkal,94,Namakkal East,232,Namakkal East Sector A,HEALTH_EMERGENCY,CHEMICAL_PRECURSORS,Anonymous observation reported near Namakkal East Sector A locality in Namakkal.,MOBILE_APP,DISMISSED,PROCESSED,DUP-GRP-366,MEDIUM,61,0
CR-2026-01173,ANON-TN-B1E7A910EA,2024-10-09 17:01:06,4,Salem,14,Salem South,37,Salem East Sector A,HEALTH_EMERGENCY,PRESCRIPTION_NARCOTICS,Anonymous observation reported near Salem East Sector A locality in Salem.,MOBILE_APP,CORROBORATED,PROCESSED,DUP-GRP-246,HIGH,58,0
CR-2026-01174,ANON-TN-7808927D91,2025-08-22 20:26:17,2,Coimbatore,6,Coimbatore North,21,Coimbatore East Market,COMMUNITY_CONCERN,CHEMICAL_PRECURSORS,Anonymous observation reported near Coimbatore East Market locality in Coimbatore.,WEB_PORTAL,CORROBORATED,PROCESSED,DUP-GRP-366,HIGH,68,0
CR-2026-01175,ANON-TN-1A0553B57E,2025-01-07 16:49:28,3,Madurai,9,Madurai North,29,Madurai East Bypass Hub,SUSPECTED_DISTRIBUTION,PRESCRIPTION_NARCOTICS,Anonymous observation reported near Madurai East Bypass Hub locality in Madurai.,WEB_PORTAL,NEEDS_VERIFICATION,PROCESSED,DUP-GRP-252,MEDIUM,69,0
CR-2026-01176,ANON-TN-CC73E2E03C,2025-12-22 20:17:14,17,Chengalpattu,69,Chengalpattu East,175,Chengalpattu Rural Sector A,COMMUNITY_CONCERN,COMMERCIAL_GANJA,Anonymous observation reported near Chengalpattu Rural Sector A locality in Chengalpattu.,WEB_PORTAL,NEEDS_VERIFICATION,PROCESSED,DUP-GRP-83,HIGH,56,0
CR-2026-01177,ANON-TN-DDAFCD2E43,2024-10-12 19:54:00,7,Tiruppur,26,Tiruppur North,69,Tiruppur East Bypass Hub,SUSPECTED_DISTRIBUTION,OPIOID_ANALOGUES,Anonymous observation reported near Tiruppur East Bypass Hub locality in Tiruppur.,WEB_PORTAL,UNVERIFIED,PROCESSED,DUP-GRP-85,MEDIUM,91,0
CR-2026-01178,ANON-TN-22E0A7F4FA,2025-08-24 19:21:27,18,Tiruvallur,74,Tiruvallur East,178,Tiruvallur North Market,COMMUNITY_CONCERN,UNKNOWN_CONTRABAND,Anonymous observation reported near Tiruvallur North Market locality in Tiruvallur.,WEB_PORTAL,UNVERIFIED,PROCESSED,DUP-GRP-198,HIGH,70,0
CR-2026-01179,ANON-TN-F8F960F0C8,2025-05-07 15:10:14,13,Thoothukudi,53,Thoothukudi Rural,122,Thoothukudi North Sector A,COMMUNITY_CONCERN,OPIOID_ANALOGUES,Anonymous observation reported near Thoothukudi North Sector A locality in Thoothukudi.,TELEGRAM_BOT,DISMISSED,PROCESSED,DUP-GRP-216,MEDIUM,71,0
CR-2026-01180,ANON-TN-AB876F250D,2025-08-03 19:09:36,36,Ranipet,145,Ranipet South,356,Ranipet South Market,SUSPECTED_DISTRIBUTION,PRESCRIPTION_NARCOTICS,Anonymous observation reported near Ranipet South Market locality in Ranipet.,MOBILE_APP,NEEDS_VERIFICATION,PROCESSED,DUP-GRP-165,HIGH,57,0
CR-2026-01181,ANON-TN-1A11932DD2,2025-08-17 00:40:05,12,Thanjavur,48,Thanjavur East,117,Thanjavur North Bypass Hub,COMMUNITY_CONCERN,OPIOID_ANALOGUES,Anonymous observation reported near Thanjavur North Bypass Hub locality in Thanjavur.,TELEGRAM_BOT,UNVERIFIED,PROCESSED,DUP-GRP-12,HIGH,62,0
CR-2026-01182,ANON-TN-7612323ED8,2025-08-10 16:29:12,17,Chengalpattu,67,Chengalpattu North,174,Chengalpattu West Market,SUSPECTED_DISTRIBUTION,SYNTHETIC_MDMA,Anonymous observation reported near Chengalpattu West Market locality in Chengalpattu.,MOBILE_APP,DISMISSED,PROCESSED,DUP-GRP-287,LOW,62,0
CR-2026-01183,ANON-TN-BB1EBB4A58,2025-01-02 07:58:19,7,Tiruppur,27,Tiruppur South,66,Tiruppur South Market,COMMUNITY_CONCERN,CHEMICAL_PRECURSORS,Anonymous observation reported near Tiruppur South Market locality in Tiruppur.,TELEGRAM_BOT,DISMISSED,PROCESSED,DUP-GRP-321,HIGH,87,0
CR-2026-01184,ANON-TN-ECBE6CEF1F,2026-05-02 02:16:22,18,Tiruvallur,74,Tiruvallur East,180,Tiruvallur South Market,SUSPECTED_DISTRIBUTION,OPIOID_ANALOGUES,Anonymous observation reported near Tiruvallur South Market locality in Tiruvallur.,TOLL_FREE_IVR,CORROBORATED,PROCESSED,DUP-GRP-75,HIGH,74,0
CR-2026-01185,ANON-TN-DA14C22DE0,2025-07-27 22:53:19,15,Tenkasi,60,Tenkasi South,148,Tenkasi North Bypass Hub,SUSPECTED_DISTRIBUTION,SYNTHETIC_MDMA,Anonymous observation reported near Tenkasi North Bypass Hub locality in Tenkasi.,TOLL_FREE_IVR,NEEDS_VERIFICATION,PROCESSED,DUP-GRP-5,LOW,77,0
CR-2026-01186,ANON-TN-671E3C4E2C,2026-05-07 05:29:24,37,Tirupathur,147,Tirupathur North,360,Tirupathur North Market,HEALTH_EMERGENCY,PRESCRIPTION_NARCOTICS,Anonymous observation reported near Tirupathur North Market locality in Tirupathur.,WEB_PORTAL,DISMISSED,PROCESSED,DUP-GRP-297,LOW,78,0
CR-2026-01187,ANON-TN-4D2761A7BF,2025-09-13 04:57:13,33,Thiruvarur,132,Thiruvarur North,330,Thiruvarur West Sector A,HEALTH_EMERGENCY,OPIOID_ANALOGUES,Anonymous observation reported near Thiruvarur West Sector A locality in Thiruvarur.,MOBILE_APP,NEEDS_VERIFICATION,PROCESSED,DUP-GRP-139,MEDIUM,77,0
CR-2026-01188,ANON-TN-04D20CB6CB,2026-08-12 14:32:44,15,Tenkasi,60,Tenkasi South,146,Tenkasi North Sector A,HEALTH_EMERGENCY,OPIOID_ANALOGUES,Anonymous observation reported near Tenkasi North Sector A locality in Tenkasi.,TOLL_FREE_IVR,CORROBORATED,PROCESSED,DUP-GRP-252,MEDIUM,73,0
CR-2026-01189,ANON-TN-8906FFEBCD,2025-08-12 04:54:22,20,Viluppuram,82,Viluppuram East,204,Viluppuram East Sector A,SUSPECTED_DISTRIBUTION,COMMERCIAL_GANJA,Anonymous observation reported near Viluppuram East Sector A locality in Viluppuram.,MOBILE_APP,CORROBORATED,PROCESSED,DUP-GRP-90,HIGH,77,0
CR-2026-01190,ANON-TN-958FDBE20A,2026-01-09 18:17:28,12,Thanjavur,48,Thanjavur East,115,Thanjavur North Sector A,HEALTH_EMERGENCY,UNKNOWN_CONTRABAND,Anonymous observation reported near Thanjavur North Sector A locality in Thanjavur.,TELEGRAM_BOT,UNVERIFIED,PROCESSED,DUP-GRP-303,MEDIUM,62,1
CR-2026-01191,ANON-TN-1E9EA07E90,2026-07-29 17:45:29,35,Mayiladuthurai,143,Mayiladuthurai West,344,Mayiladuthurai North Market,REHAB_NEED,SYNTHETIC_MDMA,Anonymous observation reported near Mayiladuthurai North Market locality in Mayiladuthurai.,MOBILE_APP,UNVERIFIED,PROCESSED,DUP-GRP-213,LOW,77,0
CR-2026-01192,ANON-TN-C0A34F4AB5,2025-04-29 16:19:23,19,Cuddalore,76,Cuddalore South,194,Cuddalore West Sector A,REHAB_NEED,UNKNOWN_CONTRABAND,Anonymous observation reported near Cuddalore West Sector A locality in Cuddalore.,WEB_PORTAL,NEEDS_VERIFICATION,PROCESSED,DUP-GRP-170,MEDIUM,89,0
CR-2026-01193,ANON-TN-DEEDD8CD59,2025-04-13 21:07:40,22,Dharmapuri,91,Dharmapuri West,223,Dharmapuri East Sector A,COMMUNITY_CONCERN,UNKNOWN_CONTRABAND,Anonymous observation reported near Dharmapuri East Sector A locality in Dharmapuri.,TELEGRAM_BOT,NEEDS_VERIFICATION,PROCESSED,DUP-GRP-352,MEDIUM,89,0
CR-2026-01194,ANON-TN-CFFB3C65CF,2026-04-09 18:05:01,14,Kanniyakumari,55,Kanniyakumari South,141,Kanniyakumari East Bypass Hub,SUSPECTED_DISTRIBUTION,SYNTHETIC_MDMA,Anonymous observation reported near Kanniyakumari East Bypass Hub locality in Kanniyakumari.,MOBILE_APP,UNVERIFIED,PROCESSED,DUP-GRP-343,MEDIUM,61,1
CR-2026-01195,ANON-TN-A244BA62D6,2026-04-15 02:46:52,15,Tenkasi,60,Tenkasi South,153,Tenkasi East Bypass Hub,REHAB_NEED,SYNTHETIC_MDMA,Anonymous observation reported near Tenkasi East Bypass Hub locality in Tenkasi.,TELEGRAM_BOT,UNVERIFIED,PROCESSED,DUP-GRP-47,MEDIUM,64,0
CR-2026-01196,ANON-TN-910FAAA991,2026-07-09 02:15:48,9,Vellore,34,Vellore South,91,Vellore Rural Market,HEALTH_EMERGENCY,PRESCRIPTION_NARCOTICS,Anonymous observation reported near Vellore Rural Market locality in Vellore.,TOLL_FREE_IVR,DISMISSED,PROCESSED,DUP-GRP-294,HIGH,72,0
CR-2026-01197,ANON-TN-7115012213,2026-03-20 12:09:02,2,Coimbatore,7,Coimbatore South,19,Coimbatore South Market,SUSPECTED_DISTRIBUTION,OPIOID_ANALOGUES,Anonymous observation reported near Coimbatore South Market locality in Coimbatore.,TOLL_FREE_IVR,DISMISSED,PROCESSED,DUP-GRP-294,HIGH,62,0
CR-2026-01198,ANON-TN-81D63B50EF,2025-01-24 18:48:29,38,Tiruvannamalai,150,Tiruvannamalai North,367,Tiruvannamalai North Market,COMMUNITY_CONCERN,OPIOID_ANALOGUES,Anonymous observation reported near Tiruvannamalai North Market locality in Tiruvannamalai.,MOBILE_APP,NEEDS_VERIFICATION,PROCESSED,DUP-GRP-364,LOW,91,0
CR-2026-01199,ANON-TN-656779DE5A,2024-09-29 02:48:46,28,Pudukkottai,112,Pudukkottai South,278,Pudukkottai East Market,SUSPECTED_DISTRIBUTION,PRESCRIPTION_NARCOTICS,Anonymous observation reported near Pudukkottai East Market locality in Pudukkottai.,TELEGRAM_BOT,NEEDS_VERIFICATION,PROCESSED,DUP-GRP-248,MEDIUM,58,0
CR-2026-01200,ANON-TN-4CC56E6E9E,2024-11-01 21:51:54,14,Kanniyakumari,57,Kanniyakumari West,137,Kanniyakumari South Sector A,SUSPECTED_DISTRIBUTION,SYNTHETIC_MDMA,Anonymous observation reported near Kanniyakumari South Sector A locality in Kanniyakumari.,MOBILE_APP,CORROBORATED,PROCESSED,DUP-GRP-374,HIGH,71,1
CR-2026-01201,ANON-TN-D083525AE8,2025-07-19 00:37:33,36,Ranipet,145,Ranipet South,356,Ranipet South Market,SUSPECTED_DISTRIBUTION,PRESCRIPTION_NARCOTICS,Anonymous observation reported near Ranipet South Market locality in Ranipet.,MOBILE_APP,CORROBORATED,PROCESSED,DUP-GRP-269,MEDIUM,68,0
CR-2026-01202,ANON-TN-ABD2E66334,2025-04-06 16:57:12,7,Tiruppur,26,Tiruppur North,69,Tiruppur East Bypass Hub,COMMUNITY_CONCERN,CHEMICAL_PRECURSORS,Anonymous observation reported near Tiruppur East Bypass Hub locality in Tiruppur.,TOLL_FREE_IVR,CORROBORATED,PROCESSED,DUP-GRP-317,LOW,91,0
CR-2026-01203,ANON-TN-EA9B3457EE,2026-01-04 17:43:04,6,Tirunelveli,23,Tirunelveli North,58,Tirunelveli South Market,REHAB_NEED,OPIOID_ANALOGUES,Anonymous observation reported near Tirunelveli South Market locality in Tirunelveli.,TOLL_FREE_IVR,CORROBORATED,PROCESSED,DUP-GRP-119,MEDIUM,80,0
CR-2026-01204,ANON-TN-F605F26E88,2025-06-09 20:26:59,19,Cuddalore,75,Cuddalore North,195,Cuddalore West Market,SUSPECTED_DISTRIBUTION,CHEMICAL_PRECURSORS,Anonymous observation reported near Cuddalore West Market locality in Cuddalore.,TOLL_FREE_IVR,CORROBORATED,PROCESSED,DUP-GRP-84,MEDIUM,59,0
CR-2026-01205,ANON-TN-1C4115B757,2025-10-23 23:47:38,32,Theni,129,Theni East,316,Theni East Bypass Hub,REHAB_NEED,OPIOID_ANALOGUES,Anonymous observation reported near Theni East Bypass Hub locality in Theni.,MOBILE_APP,UNVERIFIED,PROCESSED,DUP-GRP-392,LOW,79,0
CR-2026-01206,ANON-TN-657D625D00,2026-04-30 21:22:32,28,Pudukkottai,113,Pudukkottai East,275,Pudukkottai South Sector A,SUSPECTED_DISTRIBUTION,SYNTHETIC_MDMA,Anonymous observation reported near Pudukkottai South Sector A locality in Pudukkottai.,TELEGRAM_BOT,CORROBORATED,PROCESSED,DUP-GRP-322,MEDIUM,62,0
CR-2026-01207,ANON-TN-AF6CFFC0F9,2025-12-31 18:31:40,4,Salem,14,Salem South,38,Salem East Market,HEALTH_EMERGENCY,PRESCRIPTION_NARCOTICS,Anonymous observation reported near Salem East Market locality in Salem.,TOLL_FREE_IVR,UNVERIFIED,PROCESSED,DUP-GRP-220,MEDIUM,78,0
CR-2026-01208,ANON-TN-728D8324F3,2025-03-17 14:37:22,34,Nagapattinam,137,Nagapattinam South,342,Nagapattinam West Bypass Hub,REHAB_NEED,UNKNOWN_CONTRABAND,Anonymous observation reported near Nagapattinam West Bypass Hub locality in Nagapattinam.,TELEGRAM_BOT,UNVERIFIED,PROCESSED,DUP-GRP-275,MEDIUM,77,0
CR-2026-01209,ANON-TN-049FCD197A,2025-01-09 09:30:10,35,Mayiladuthurai,142,Mayiladuthurai East,344,Mayiladuthurai North Market,COMMUNITY_CONCERN,OPIOID_ANALOGUES,Anonymous observation reported near Mayiladuthurai North Market locality in Mayiladuthurai.,MOBILE_APP,DISMISSED,PROCESSED,DUP-GRP-98,MEDIUM,67,0
CR-2026-01210,ANON-TN-54B54FF429,2025-05-08 00:16:14,2,Coimbatore,8,Coimbatore East,20,Coimbatore East Sector A,HEALTH_EMERGENCY,UNKNOWN_CONTRABAND,Anonymous observation reported near Coimbatore East Sector A locality in Coimbatore.,TELEGRAM_BOT,CORROBORATED,PROCESSED,DUP-GRP-280,HIGH,63,0
CR-2026-01211,ANON-TN-1B28B7D463,2026-04-27 12:07:12,25,Karur,101,Karur South,248,Karur South Sector A,HEALTH_EMERGENCY,CHEMICAL_PRECURSORS,Anonymous observation reported near Karur South Sector A locality in Karur.,TOLL_FREE_IVR,UNVERIFIED,PROCESSED,DUP-GRP-181,HIGH,64,1
CR-2026-01212,ANON-TN-7ABADDC1D3,2025-04-26 09:30:42,21,Kallakurichi,86,Kallakurichi West,217,Kallakurichi Rural Market,REHAB_NEED,CHEMICAL_PRECURSORS,Anonymous observation reported near Kallakurichi Rural Market locality in Kallakurichi.,TELEGRAM_BOT,CORROBORATED,PROCESSED,DUP-GRP-320,LOW,80,0
CR-2026-01213,ANON-TN-5934536A60,2025-06-16 11:18:27,10,Krishnagiri,39,Krishnagiri South,97,Krishnagiri South Market,HEALTH_EMERGENCY,UNKNOWN_CONTRABAND,Anonymous observation reported near Krishnagiri South Market locality in Krishnagiri.,MOBILE_APP,NEEDS_VERIFICATION,PROCESSED,DUP-GRP-340,MEDIUM,60,0
CR-2026-01214,ANON-TN-FABD60CBCE,2024-11-26 21:17:23,19,Cuddalore,79,Cuddalore Rural,188,Cuddalore South Sector A,SUSPECTED_DISTRIBUTION,SYNTHETIC_MDMA,Anonymous observation reported near Cuddalore South Sector A locality in Cuddalore.,MOBILE_APP,NEEDS_VERIFICATION,PROCESSED,DUP-GRP-346,HIGH,81,0
CR-2026-01215,ANON-TN-EADC38AE1D,2025-04-04 15:34:21,31,Virudhunagar,124,Virudhunagar East,302,Virudhunagar South Sector A,COMMUNITY_CONCERN,PRESCRIPTION_NARCOTICS,Anonymous observation reported near Virudhunagar South Sector A locality in Virudhunagar.,TELEGRAM_BOT,CORROBORATED,PROCESSED,DUP-GRP-295,MEDIUM,70,0
CR-2026-01216,ANON-TN-DDD1C542E2,2025-08-14 10:04:13,15,Tenkasi,59,Tenkasi North,150,Tenkasi South Market,COMMUNITY_CONCERN,PRESCRIPTION_NARCOTICS,Anonymous observation reported near Tenkasi South Market locality in Tenkasi.,TELEGRAM_BOT,CORROBORATED,PROCESSED,DUP-GRP-397,LOW,84,0
CR-2026-01217,ANON-TN-E0536EFF38,2026-02-02 04:12:46,21,Kallakurichi,84,Kallakurichi South,211,Kallakurichi East Sector A,REHAB_NEED,CHEMICAL_PRECURSORS,Anonymous observation reported near Kallakurichi East Sector A locality in Kallakurichi.,TOLL_FREE_IVR,UNVERIFIED,PROCESSED,DUP-GRP-248,LOW,64,0
CR-2026-01218,ANON-TN-B6FF6F3876,2025-03-24 16:10:26,22,Dharmapuri,89,Dharmapuri South,220,Dharmapuri North Market,REHAB_NEED,OPIOID_ANALOGUES,Anonymous observation reported near Dharmapuri North Market locality in Dharmapuri.,TOLL_FREE_IVR,DISMISSED,PROCESSED,DUP-GRP-375,HIGH,79,1
CR-2026-01219,ANON-TN-A95324A218,2025-09-28 21:47:21,3,Madurai,9,Madurai North,26,Madurai South Bypass Hub,REHAB_NEED,CHEMICAL_PRECURSORS,Anonymous observation reported near Madurai South Bypass Hub locality in Madurai.,TELEGRAM_BOT,NEEDS_VERIFICATION,PROCESSED,DUP-GRP-291,MEDIUM,64,0
CR-2026-01220,ANON-TN-665719F497,2026-07-12 05:26:33,24,Nilgiris,97,Nilgiris South,238,Nilgiris South Sector A,COMMUNITY_CONCERN,UNKNOWN_CONTRABAND,Anonymous observation reported near Nilgiris South Sector A locality in Nilgiris.,MOBILE_APP,UNVERIFIED,PROCESSED,DUP-GRP-311,HIGH,86,0
CR-2026-01221,ANON-TN-7B6B2DA866,2025-02-06 22:42:04,6,Tirunelveli,23,Tirunelveli North,61,Tirunelveli East Market,REHAB_NEED,PRESCRIPTION_NARCOTICS,Anonymous observation reported near Tirunelveli East Market locality in Tirunelveli.,TELEGRAM_BOT,DISMISSED,PROCESSED,DUP-GRP-184,LOW,69,0
CR-2026-01222,ANON-TN-77C726DC94,2025-07-14 12:49:01,38,Tiruvannamalai,151,Tiruvannamalai South,368,Tiruvannamalai South Sector A,SUSPECTED_DISTRIBUTION,UNKNOWN_CONTRABAND,Anonymous observation reported near Tiruvannamalai South Sector A locality in Tiruvannamalai.,TOLL_FREE_IVR,CORROBORATED,PROCESSED,DUP-GRP-265,MEDIUM,70,0
CR-2026-01223,ANON-TN-D2777AFA9E,2024-12-22 20:34:45,14,Kanniyakumari,54,Kanniyakumari North,137,Kanniyakumari South Sector A,COMMUNITY_CONCERN,OPIOID_ANALOGUES,Anonymous observation reported near Kanniyakumari South Sector A locality in Kanniyakumari.,TOLL_FREE_IVR,DISMISSED,PROCESSED,DUP-GRP-264,HIGH,55,1
CR-2026-01224,ANON-TN-30606862EF,2025-04-28 16:23:35,25,Karur,102,Karur East,253,Karur West Market,COMMUNITY_CONCERN,CHEMICAL_PRECURSORS,Anonymous observation reported near Karur West Market locality in Karur.,MOBILE_APP,CORROBORATED,PROCESSED,DUP-GRP-130,HIGH,60,0
CR-2026-01225,ANON-TN-5BD1EA31F5,2025-01-10 11:20:44,32,Theni,129,Theni East,311,Theni North Market,HEALTH_EMERGENCY,CHEMICAL_PRECURSORS,Anonymous observation reported near Theni North Market locality in Theni.,MOBILE_APP,CORROBORATED,PROCESSED,DUP-GRP-114,MEDIUM,62,1
CR-2026-01226,ANON-TN-F89AC4C612,2025-10-17 20:57:48,6,Tirunelveli,24,Tirunelveli South,55,Tirunelveli North Sector A,REHAB_NEED,PRESCRIPTION_NARCOTICS,Anonymous observation reported near Tirunelveli North Sector A locality in Tirunelveli.,TOLL_FREE_IVR,UNVERIFIED,PROCESSED,DUP-GRP-166,MEDIUM,73,0
CR-2026-01227,ANON-TN-33BFC4D549,2025-08-26 16:27:28,32,Theni,127,Theni North,312,Theni South Sector A,SUSPECTED_DISTRIBUTION,UNKNOWN_CONTRABAND,Anonymous observation reported near Theni South Sector A locality in Theni.,TELEGRAM_BOT,CORROBORATED,PROCESSED,DUP-GRP-264,MEDIUM,59,1
CR-2026-01228,ANON-TN-C31A4040B9,2025-01-15 17:59:35,34,Nagapattinam,136,Nagapattinam North,334,Nagapattinam North Bypass Hub,HEALTH_EMERGENCY,SYNTHETIC_MDMA,Anonymous observation reported near Nagapattinam North Bypass Hub locality in Nagapattinam.,WEB_PORTAL,UNVERIFIED,PROCESSED,DUP-GRP-358,HIGH,63,0
CR-2026-01229,ANON-TN-70B231C39E,2025-04-10 10:15:32,8,Erode,31,Erode East,79,Erode West Bypass Hub,HEALTH_EMERGENCY,SYNTHETIC_MDMA,Anonymous observation reported near Erode West Bypass Hub locality in Erode.,TELEGRAM_BOT,UNVERIFIED,PROCESSED,DUP-GRP-154,LOW,57,0
CR-2026-01230,ANON-TN-8CB30B956E,2026-04-27 13:48:45,6,Tirunelveli,25,Tirunelveli East,58,Tirunelveli South Market,REHAB_NEED,OPIOID_ANALOGUES,Anonymous observation reported near Tirunelveli South Market locality in Tirunelveli.,MOBILE_APP,NEEDS_VERIFICATION,PROCESSED,DUP-GRP-16,LOW,74,0
CR-2026-01231,ANON-TN-E9B5C38482,2024-10-09 20:50:52,5,Tiruchirappalli,22,Tiruchirappalli Rural,52,Tiruchirappalli West Market,COMMUNITY_CONCERN,OPIOID_ANALOGUES,Anonymous observation reported near Tiruchirappalli West Market locality in Tiruchirappalli.,WEB_PORTAL,DISMISSED,PROCESSED,DUP-GRP-5,MEDIUM,74,0
CR-2026-01232,ANON-TN-AC29A0146F,2026-07-05 02:09:38,28,Pudukkottai,113,Pudukkottai East,276,Pudukkottai South Market,REHAB_NEED,COMMERCIAL_GANJA,Anonymous observation reported near Pudukkottai South Market locality in Pudukkottai.,WEB_PORTAL,DISMISSED,PROCESSED,DUP-GRP-226,HIGH,56,0
CR-2026-01233,ANON-TN-59FB0C46E0,2025-10-03 06:08:34,36,Ranipet,145,Ranipet South,356,Ranipet South Market,COMMUNITY_CONCERN,COMMERCIAL_GANJA,Anonymous observation reported near Ranipet South Market locality in Ranipet.,TOLL_FREE_IVR,UNVERIFIED,PROCESSED,DUP-GRP-200,MEDIUM,67,0
CR-2026-01234,ANON-TN-78A1EC1B30,2026-03-25 18:41:17,23,Namakkal,93,Namakkal South,232,Namakkal East Sector A,COMMUNITY_CONCERN,CHEMICAL_PRECURSORS,Anonymous observation reported near Namakkal East Sector A locality in Namakkal.,WEB_PORTAL,DISMISSED,PROCESSED,DUP-GRP-317,MEDIUM,63,0
CR-2026-01235,ANON-TN-619CC9414E,2025-01-24 18:05:28,32,Theni,127,Theni North,319,Theni West Bypass Hub,SUSPECTED_DISTRIBUTION,COMMERCIAL_GANJA,Anonymous observation reported near Theni West Bypass Hub locality in Theni.,WEB_PORTAL,NEEDS_VERIFICATION,PROCESSED,DUP-GRP-326,LOW,59,0
CR-2026-01236,ANON-TN-39F50E9720,2025-08-12 07:34:46,19,Cuddalore,77,Cuddalore East,187,Cuddalore North Bypass Hub,COMMUNITY_CONCERN,CHEMICAL_PRECURSORS,Anonymous observation reported near Cuddalore North Bypass Hub locality in Cuddalore.,TOLL_FREE_IVR,CORROBORATED,PROCESSED,DUP-GRP-260,MEDIUM,72,0
CR-2026-01237,ANON-TN-60F0CCD574,2026-02-26 13:05:19,11,Dindigul,44,Dindigul South,108,Dindigul North Market,HEALTH_EMERGENCY,SYNTHETIC_MDMA,Anonymous observation reported near Dindigul North Market locality in Dindigul.,TELEGRAM_BOT,NEEDS_VERIFICATION,PROCESSED,DUP-GRP-44,LOW,92,1
CR-2026-01238,ANON-TN-6DD8F2F174,2025-10-06 17:25:28,3,Madurai,12,Madurai West,29,Madurai East Bypass Hub,REHAB_NEED,PRESCRIPTION_NARCOTICS,Anonymous observation reported near Madurai East Bypass Hub locality in Madurai.,TELEGRAM_BOT,UNVERIFIED,PROCESSED,DUP-GRP-269,MEDIUM,60,0
CR-2026-01239,ANON-TN-7219441A5F,2026-05-07 22:54:07,33,Thiruvarur,132,Thiruvarur North,326,Thiruvarur South Market,HEALTH_EMERGENCY,UNKNOWN_CONTRABAND,Anonymous observation reported near Thiruvarur South Market locality in Thiruvarur.,TELEGRAM_BOT,DISMISSED,PROCESSED,DUP-GRP-370,MEDIUM,90,1
CR-2026-01240,ANON-TN-669F085CDE,2025-02-24 11:54:09,24,Nilgiris,96,Nilgiris North,243,Nilgiris West Sector A,SUSPECTED_DISTRIBUTION,COMMERCIAL_GANJA,Anonymous observation reported near Nilgiris West Sector A locality in Nilgiris.,MOBILE_APP,NEEDS_VERIFICATION,PROCESSED,DUP-GRP-158,LOW,66,0
CR-2026-01241,ANON-TN-BD42402C15,2025-05-07 04:27:58,25,Karur,102,Karur East,247,Karur North Bypass Hub,REHAB_NEED,COMMERCIAL_GANJA,Anonymous observation reported near Karur North Bypass Hub locality in Karur.,TOLL_FREE_IVR,UNVERIFIED,PROCESSED,DUP-GRP-340,MEDIUM,79,0
CR-2026-01242,ANON-TN-FCA236DC5D,2026-06-14 08:55:31,11,Dindigul,45,Dindigul East,109,Dindigul North Bypass Hub,SUSPECTED_DISTRIBUTION,PRESCRIPTION_NARCOTICS,Anonymous observation reported near Dindigul North Bypass Hub locality in Dindigul.,WEB_PORTAL,DISMISSED,PROCESSED,DUP-GRP-211,HIGH,71,0
CR-2026-01243,ANON-TN-E502D25F4B,2026-05-22 13:06:44,15,Tenkasi,60,Tenkasi South,153,Tenkasi East Bypass Hub,SUSPECTED_DISTRIBUTION,UNKNOWN_CONTRABAND,Anonymous observation reported near Tenkasi East Bypass Hub locality in Tenkasi.,TELEGRAM_BOT,NEEDS_VERIFICATION,PROCESSED,DUP-GRP-306,HIGH,78,0
CR-2026-01244,ANON-TN-562972C70B,2026-07-23 05:44:17,36,Ranipet,146,Ranipet East,358,Ranipet East Market,HEALTH_EMERGENCY,COMMERCIAL_GANJA,Anonymous observation reported near Ranipet East Market locality in Ranipet.,MOBILE_APP,DISMISSED,PROCESSED,DUP-GRP-383,HIGH,71,0
CR-2026-01245,ANON-TN-5B6D7F7D43,2025-03-10 03:06:42,16,Kancheepuram,65,Kancheepuram West,159,Kancheepuram East Market,SUSPECTED_DISTRIBUTION,SYNTHETIC_MDMA,Anonymous observation reported near Kancheepuram East Market locality in Kancheepuram.,TOLL_FREE_IVR,DISMISSED,PROCESSED,DUP-GRP-299,HIGH,67,0
CR-2026-01246,ANON-TN-56BAE58954,2025-01-05 14:55:48,12,Thanjavur,47,Thanjavur South,116,Thanjavur North Market,SUSPECTED_DISTRIBUTION,UNKNOWN_CONTRABAND,Anonymous observation reported near Thanjavur North Market locality in Thanjavur.,MOBILE_APP,DISMISSED,PROCESSED,DUP-GRP-355,LOW,63,0
CR-2026-01247,ANON-TN-1852308487,2025-12-15 11:20:23,31,Virudhunagar,122,Virudhunagar North,304,Virudhunagar East Sector A,COMMUNITY_CONCERN,CHEMICAL_PRECURSORS,Anonymous observation reported near Virudhunagar East Sector A locality in Virudhunagar.,WEB_PORTAL,CORROBORATED,PROCESSED,DUP-GRP-394,HIGH,86,0
CR-2026-01248,ANON-TN-E3A974CA37,2025-06-01 23:54:54,38,Tiruvannamalai,153,Tiruvannamalai West,368,Tiruvannamalai South Sector A,REHAB_NEED,SYNTHETIC_MDMA,Anonymous observation reported near Tiruvannamalai South Sector A locality in Tiruvannamalai.,TOLL_FREE_IVR,CORROBORATED,PROCESSED,DUP-GRP-247,HIGH,81,0
CR-2026-01249,ANON-TN-FE0C467B0D,2025-09-14 21:23:33,6,Tirunelveli,23,Tirunelveli North,61,Tirunelveli East Market,HEALTH_EMERGENCY,OPIOID_ANALOGUES,Anonymous observation reported near Tirunelveli East Market locality in Tirunelveli.,WEB_PORTAL,NEEDS_VERIFICATION,PROCESSED,DUP-GRP-261,MEDIUM,68,0
CR-2026-01250,ANON-TN-8E2E7CCD92,2025-05-10 09:14:08,27,Perambalur,110,Perambalur East,267,Perambalur South Sector A,SUSPECTED_DISTRIBUTION,PRESCRIPTION_NARCOTICS,Anonymous observation reported near Perambalur South Sector A locality in Perambalur.,TELEGRAM_BOT,CORROBORATED,PROCESSED,DUP-GRP-387,HIGH,57,0