report_id,station_id,station_name,district_id,district_name,incident_timestamp,incident_type,drug_category,status,reporting_wing,evidence_confidence
PR-2026-00001,73,Chengalpattu Town PS 4,17,Chengalpattu,2026-08-18 10:43:19,RAID_SEIZURE,PRESCRIPTION_NARCOTICS,VERIFIED_INCIDENT,STATION_BEAT,77
PR-2026-00002,80,Cuddalore Town PS 3,19,Cuddalore,2024-10-30 15:45:07,CHECKPOST_INTERCEPTION,COMMERCIAL_GANJA,VERIFIED_INCIDENT,PROHIBITION_WING,79
PR-2026-00003,21,Tiruchirappalli Town PS 4,5,Tiruchirappalli,2026-05-17 13:09:03,RAID_SEIZURE,UNKNOWN_CONTRABAND,UNDER_INVESTIGATION,HIGHWAY_PATROL,95
PR-2026-00004,162,Tirupathur Town PS 2,37,Tirupathur,2025-08-07 09:09:12,RAID_SEIZURE,COMMERCIAL_GANJA,ACTION_COMPLETED,CRIME_BRANCH,90
PR-2026-00005,83,Cuddalore Town PS 6,19,Cuddalore,2025-09-09 11:18:15,CHECKPOST_INTERCEPTION,OPIOID_ANALOGUES,ACTION_COMPLETED,STATION_BEAT,81
PR-2026-00006,63,Tenkasi Town PS 4,15,Tenkasi,2026-05-28 20:29:03,TIP_VERIFICATION,OPIOID_ANALOGUES,ACTION_COMPLETED,HIGHWAY_PATROL,88
PR-2026-00007,58,Kanniyakumari Town PS 5,14,Kanniyakumari,2026-04-11 19:00:55,TIP_VERIFICATION,CHEMICAL_PRECURSORS,VERIFIED_INCIDENT,HIGHWAY_PATROL,75
PR-2026-00008,156,Ranipet Town PS 1,36,Ranipet,2025-09-25 05:12:11,ROUTINE_PATROL_SCAN,UNKNOWN_CONTRABAND,UNDER_INVESTIGATION,HIGHWAY_PATROL,78
PR-2026-00009,94,Dharmapuri Town PS 2,22,Dharmapuri,2025-03-23 22:39:05,ROUTINE_PATROL_SCAN,SYNTHETIC_MDMA,VERIFIED_INCIDENT,CRIME_BRANCH,81
PR-2026-00010,84,Viluppuram Town PS 1,20,Viluppuram,2025-06-05 21:57:01,CHECKPOST_INTERCEPTION,PRESCRIPTION_NARCOTICS,UNDER_INVESTIGATION,HIGHWAY_PATROL,97
PR-2026-00011,161,Tirupathur Town PS 1,37,Tirupathur,2026-06-06 09:12:25,RAID_SEIZURE,COMMERCIAL_GANJA,UNDER_INVESTIGATION,STATION_BEAT,79
PR-2026-00012,59,Kanniyakumari Town PS 6,14,Kanniyakumari,2025-09-13 15:29:01,CHECKPOST_INTERCEPTION,SYNTHETIC_MDMA,VERIFIED_INCIDENT,STATION_BEAT,94
PR-2026-00013,20,Tiruchirappalli Town PS 3,5,Tiruchirappalli,2024-11-19 02:13:45,RAID_SEIZURE,UNKNOWN_CONTRABAND,UNDER_INVESTIGATION,STATION_BEAT,88
PR-2026-00014,154,Mayiladuthurai Town PS 4,35,Mayiladuthurai,2025-04-30 07:13:26,TIP_VERIFICATION,COMMERCIAL_GANJA,ACTION_COMPLETED,PROHIBITION_WING,90
PR-2026-00015,35,Vellore Town PS 2,9,Vellore,2025-09-21 06:18:23,CHECKPOST_INTERCEPTION,OPIOID_ANALOGUES,VERIFIED_INCIDENT,STATION_BEAT,81
PR-2026-00016,107,Karur Town PS 1,25,Karur,2025-10-26 15:42:41,RAID_SEIZURE,COMMERCIAL_GANJA,ACTION_COMPLETED,HIGHWAY_PATROL,79
PR-2026-00017,165,Tiruvannamalai Town PS 1,38,Tiruvannamalai,2026-04-10 01:24:10,TIP_VERIFICATION,PRESCRIPTION_NARCOTICS,ACTION_COMPLETED,HIGHWAY_PATROL,92
PR-2026-00018,64,Tenkasi Town PS 5,15,Tenkasi,2025-03-15 16:56:38,ROUTINE_PATROL_SCAN,SYNTHETIC_MDMA,VERIFIED_INCIDENT,PROHIBITION_WING,89
PR-2026-00019,156,Ranipet Town PS 1,36,Ranipet,2025-03-06 16:37:39,TIP_VERIFICATION,SYNTHETIC_MDMA,ACTION_COMPLETED,STATION_BEAT,90
PR-2026-00020,84,Viluppuram Town PS 1,20,Viluppuram,2025-02-28 08:54:43,ROUTINE_PATROL_SCAN,UNKNOWN_CONTRABAND,UNDER_INVESTIGATION,STATION_BEAT,97
PR-2026-00021,152,Mayiladuthurai Town PS 2,35,Mayiladuthurai,2026-07-30 07:29:48,TIP_VERIFICATION,UNKNOWN_CONTRABAND,VERIFIED_INCIDENT,HIGHWAY_PATROL,90
PR-2026-00022,19,Tiruchirappalli Town PS 2,5,Tiruchirappalli,2024-12-07 14:24:42,CHECKPOST_INTERCEPTION,UNKNOWN_CONTRABAND,VERIFIED_INCIDENT,STATION_BEAT,93
PR-2026-00023,122,Pudukkottai Town PS 5,28,Pudukkottai,2024-10-22 06:13:17,TIP_VERIFICATION,CHEMICAL_PRECURSORS,UNDER_INVESTIGATION,HIGHWAY_PATROL,87
PR-2026-00024,24,Tirunelveli Town PS 1,6,Tirunelveli,2025-07-16 18:26:30,RAID_SEIZURE,UNKNOWN_CONTRABAND,VERIFIED_INCIDENT,STATION_BEAT,97
PR-2026-00025,13,Madurai Town PS 4,3,Madurai,2025-08-08 20:21:31,RAID_SEIZURE,UNKNOWN_CONTRABAND,VERIFIED_INCIDENT,STATION_BEAT,97
PR-2026-00026,56,Kanniyakumari Town PS 3,14,Kanniyakumari,2025-02-06 07:29:07,ROUTINE_PATROL_SCAN,UNKNOWN_CONTRABAND,UNDER_INVESTIGATION,PROHIBITION_WING,79
PR-2026-00027,72,Chengalpattu Town PS 3,17,Chengalpattu,2025-10-14 13:08:51,RAID_SEIZURE,UNKNOWN_CONTRABAND,ACTION_COMPLETED,CRIME_BRANCH,76
PR-2026-00028,168,Tiruvannamalai Town PS 4,38,Tiruvannamalai,2025-01-05 08:22:48,TIP_VERIFICATION,SYNTHETIC_MDMA,UNDER_INVESTIGATION,STATION_BEAT,77
PR-2026-00029,139,Theni Town PS 2,32,Theni,2025-01-13 09:15:17,RAID_SEIZURE,CHEMICAL_PRECURSORS,UNDER_INVESTIGATION,PROHIBITION_WING,93
PR-2026-00030,152,Mayiladuthurai Town PS 2,35,Mayiladuthurai,2025-10-19 15:07:41,ROUTINE_PATROL_SCAN,SYNTHETIC_MDMA,ACTION_COMPLETED,STATION_BEAT,96
PR-2026-00031,12,Madurai Town PS 3,3,Madurai,2024-10-16 11:02:39,RAID_SEIZURE,PRESCRIPTION_NARCOTICS,ACTION_COMPLETED,PROHIBITION_WING,86
PR-2026-00032,163,Tirupathur Town PS 3,37,Tirupathur,2026-07-26 17:56:56,TIP_VERIFICATION,COMMERCIAL_GANJA,VERIFIED_INCIDENT,HIGHWAY_PATROL,98
PR-2026-00033,103,Nilgiris Town PS 1,24,Nilgiris,2026-03-04 05:42:09,CHECKPOST_INTERCEPTION,SYNTHETIC_MDMA,ACTION_COMPLETED,PROHIBITION_WING,84
PR-2026-00034,24,Tirunelveli Town PS 1,6,Tirunelveli,2026-07-31 06:52:54,TIP_VERIFICATION,SYNTHETIC_MDMA,VERIFIED_INCIDENT,HIGHWAY_PATROL,78
PR-2026-00035,145,Thiruvarur Town PS 5,33,Thiruvarur,2025-03-27 08:39:23,ROUTINE_PATROL_SCAN,OPIOID_ANALOGUES,VERIFIED_INCIDENT,HIGHWAY_PATROL,94
PR-2026-00036,146,Thiruvarur Town PS 6,33,Thiruvarur,2026-05-20 17:55:25,RAID_SEIZURE,SYNTHETIC_MDMA,VERIFIED_INCIDENT,CRIME_BRANCH,93
PR-2026-00037,9,Coimbatore Town PS 6,2,Coimbatore,2025-07-15 16:44:57,RAID_SEIZURE,UNKNOWN_CONTRABAND,ACTION_COMPLETED,STATION_BEAT,75
PR-2026-00038,116,Perambalur Town PS 3,27,Perambalur,2026-06-10 18:23:26,CHECKPOST_INTERCEPTION,COMMERCIAL_GANJA,UNDER_INVESTIGATION,STATION_BEAT,75
PR-2026-00039,138,Theni Town PS 1,32,Theni,2026-05-01 04:00:58,TIP_VERIFICATION,COMMERCIAL_GANJA,UNDER_INVESTIGATION,HIGHWAY_PATROL,77
PR-2026-00040,121,Pudukkottai Town PS 4,28,Pudukkottai,2024-12-17 08:18:02,TIP_VERIFICATION,OPIOID_ANALOGUES,UNDER_INVESTIGATION,CRIME_BRANCH,79
PR-2026-00041,69,Kancheepuram Town PS 5,16,Kancheepuram,2026-01-18 20:45:29,TIP_VERIFICATION,UNKNOWN_CONTRABAND,ACTION_COMPLETED,HIGHWAY_PATROL,88
PR-2026-00042,51,Thoothukudi Town PS 4,13,Thoothukudi,2024-10-27 11:00:11,RAID_SEIZURE,SYNTHETIC_MDMA,UNDER_INVESTIGATION,PROHIBITION_WING,80
PR-2026-00043,4,Coimbatore Town PS 1,2,Coimbatore,2024-10-28 12:37:54,RAID_SEIZURE,PRESCRIPTION_NARCOTICS,UNDER_INVESTIGATION,PROHIBITION_WING,78
PR-2026-00044,39,Krishnagiri Town PS 3,10,Krishnagiri,2025-10-08 01:37:58,CHECKPOST_INTERCEPTION,OPIOID_ANALOGUES,UNDER_INVESTIGATION,PROHIBITION_WING,90
PR-2026-00045,43,Dindigul Town PS 4,11,Dindigul,2025-12-30 12:35:18,TIP_VERIFICATION,PRESCRIPTION_NARCOTICS,VERIFIED_INCIDENT,PROHIBITION_WING,88
PR-2026-00046,91,Kallakurichi Town PS 5,21,Kallakurichi,2026-03-18 11:00:35,CHECKPOST_INTERCEPTION,UNKNOWN_CONTRABAND,VERIFIED_INCIDENT,CRIME_BRANCH,89
PR-2026-00047,96,Dharmapuri Town PS 4,22,Dharmapuri,2024-12-04 16:34:06,ROUTINE_PATROL_SCAN,PRESCRIPTION_NARCOTICS,ACTION_COMPLETED,STATION_BEAT,77
PR-2026-00048,139,Theni Town PS 2,32,Theni,2025-01-11 12:17:06,RAID_SEIZURE,SYNTHETIC_MDMA,UNDER_INVESTIGATION,PROHIBITION_WING,80
PR-2026-00049,38,Krishnagiri Town PS 2,10,Krishnagiri,2024-10-19 14:39:33,TIP_VERIFICATION,SYNTHETIC_MDMA,ACTION_COMPLETED,HIGHWAY_PATROL,79
PR-2026-00050,156,Ranipet Town PS 1,36,Ranipet,2026-03-24 02:58:59,RAID_SEIZURE,PRESCRIPTION_NARCOTICS,VERIFIED_INCIDENT,PROHIBITION_WING,75
PR-2026-00051,21,Tiruchirappalli Town PS 4,5,Tiruchirappalli,2026-02-04 13:38:01,CHECKPOST_INTERCEPTION,COMMERCIAL_GANJA,ACTION_COMPLETED,PROHIBITION_WING,90
PR-2026-00052,166,Tiruvannamalai Town PS 2,38,Tiruvannamalai,2026-04-29 01:17:20,RAID_SEIZURE,OPIOID_ANALOGUES,UNDER_INVESTIGATION,CRIME_BRANCH,82
PR-2026-00053,48,Thoothukudi Town PS 1,13,Thoothukudi,2025-12-09 06:57:05,TIP_VERIFICATION,UNKNOWN_CONTRABAND,ACTION_COMPLETED,STATION_BEAT,88
PR-2026-00054,106,Nilgiris Town PS 4,24,Nilgiris,2026-07-03 23:19:27,RAID_SEIZURE,COMMERCIAL_GANJA,UNDER_INVESTIGATION,CRIME_BRANCH,84
PR-2026-00055,140,Theni Town PS 3,32,Theni,2025-02-16 12:17:22,RAID_SEIZURE,CHEMICAL_PRECURSORS,ACTION_COMPLETED,PROHIBITION_WING,78
PR-2026-00056,123,Sivaganga Town PS 1,29,Sivaganga,2025-09-21 05:37:09,TIP_VERIFICATION,COMMERCIAL_GANJA,ACTION_COMPLETED,HIGHWAY_PATROL,92
PR-2026-00057,86,Viluppuram Town PS 3,20,Viluppuram,2024-12-05 09:56:25,ROUTINE_PATROL_SCAN,OPIOID_ANALOGUES,VERIFIED_INCIDENT,STATION_BEAT,93
PR-2026-00058,79,Cuddalore Town PS 2,19,Cuddalore,2026-02-24 21:17:15,TIP_VERIFICATION,SYNTHETIC_MDMA,UNDER_INVESTIGATION,PROHIBITION_WING,97
PR-2026-00059,64,Tenkasi Town PS 5,15,Tenkasi,2025-06-10 19:20:13,CHECKPOST_INTERCEPTION,SYNTHETIC_MDMA,UNDER_INVESTIGATION,HIGHWAY_PATROL,86
PR-2026-00060,160,Ranipet Town PS 5,36,Ranipet,2025-07-18 16:16:35,ROUTINE_PATROL_SCAN,COMMERCIAL_GANJA,ACTION_COMPLETED,CRIME_BRANCH,93
PR-2026-00061,127,Ramanathapuram Town PS 1,30,Ramanathapuram,2026-06-05 01:48:43,TIP_VERIFICATION,UNKNOWN_CONTRABAND,VERIFIED_INCIDENT,PROHIBITION_WING,83
PR-2026-00062,7,Coimbatore Town PS 4,2,Coimbatore,2025-09-23 20:49:15,CHECKPOST_INTERCEPTION,UNKNOWN_CONTRABAND,UNDER_INVESTIGATION,STATION_BEAT,96
PR-2026-00063,36,Vellore Town PS 3,9,Vellore,2025-02-16 11:51:20,RAID_SEIZURE,OPIOID_ANALOGUES,ACTION_COMPLETED,STATION_BEAT,96
PR-2026-00064,33,Erode Town PS 3,8,Erode,2024-12-23 05:42:33,CHECKPOST_INTERCEPTION,SYNTHETIC_MDMA,VERIFIED_INCIDENT,STATION_BEAT,94
PR-2026-00065,10,Madurai Town PS 1,3,Madurai,2025-03-28 16:48:37,TIP_VERIFICATION,OPIOID_ANALOGUES,ACTION_COMPLETED,CRIME_BRANCH,96
PR-2026-00066,17,Salem Town PS 4,4,Salem,2025-09-05 20:56:01,RAID_SEIZURE,PRESCRIPTION_NARCOTICS,ACTION_COMPLETED,PROHIBITION_WING,84
PR-2026-00067,34,Vellore Town PS 1,9,Vellore,2026-07-07 19:12:52,ROUTINE_PATROL_SCAN,SYNTHETIC_MDMA,VERIFIED_INCIDENT,CRIME_BRANCH,86
PR-2026-00068,18,Tiruchirappalli Town PS 1,5,Tiruchirappalli,2025-06-29 04:55:45,ROUTINE_PATROL_SCAN,SYNTHETIC_MDMA,ACTION_COMPLETED,STATION_BEAT,92
PR-2026-00069,138,Theni Town PS 1,32,Theni,2025-05-21 10:33:36,ROUTINE_PATROL_SCAN,COMMERCIAL_GANJA,VERIFIED_INCIDENT,STATION_BEAT,79
PR-2026-00070,38,Krishnagiri Town PS 2,10,Krishnagiri,2024-10-30 14:48:27,TIP_VERIFICATION,SYNTHETIC_MDMA,ACTION_COMPLETED,CRIME_BRANCH,82
PR-2026-00071,108,Karur Town PS 2,25,Karur,2025-09-08 11:21:24,TIP_VERIFICATION,OPIOID_ANALOGUES,ACTION_COMPLETED,CRIME_BRANCH,96
PR-2026-00072,125,Sivaganga Town PS 3,29,Sivaganga,2024-10-16 05:00:09,TIP_VERIFICATION,PRESCRIPTION_NARCOTICS,ACTION_COMPLETED,CRIME_BRANCH,85
PR-2026-00073,80,Cuddalore Town PS 3,19,Cuddalore,2024-12-31 06:08:30,ROUTINE_PATROL_SCAN,PRESCRIPTION_NARCOTICS,UNDER_INVESTIGATION,CRIME_BRANCH,88
PR-2026-00074,112,Ariyalur Town PS 3,26,Ariyalur,2024-10-29 22:19:03,RAID_SEIZURE,PRESCRIPTION_NARCOTICS,UNDER_INVESTIGATION,CRIME_BRANCH,97
PR-2026-00075,13,Madurai Town PS 4,3,Madurai,2026-06-03 15:24:28,RAID_SEIZURE,CHEMICAL_PRECURSORS,VERIFIED_INCIDENT,CRIME_BRANCH,82
PR-2026-00076,135,Virudhunagar Town PS 4,31,Virudhunagar,2026-02-20 21:39:21,TIP_VERIFICATION,PRESCRIPTION_NARCOTICS,ACTION_COMPLETED,PROHIBITION_WING,95
PR-2026-00077,144,Thiruvarur Town PS 4,33,Thiruvarur,2025-01-15 13:22:41,TIP_VERIFICATION,OPIOID_ANALOGUES,VERIFIED_INCIDENT,HIGHWAY_PATROL,75
PR-2026-00078,56,Kanniyakumari Town PS 3,14,Kanniyakumari,2025-04-25 09:13:54,CHECKPOST_INTERCEPTION,UNKNOWN_CONTRABAND,VERIFIED_INCIDENT,STATION_BEAT,94
PR-2026-00079,110,Ariyalur Town PS 1,26,Ariyalur,2026-03-23 07:33:09,TIP_VERIFICATION,CHEMICAL_PRECURSORS,ACTION_COMPLETED,HIGHWAY_PATROL,97
PR-2026-00080,144,Thiruvarur Town PS 4,33,Thiruvarur,2025-08-15 17:33:02,TIP_VERIFICATION,COMMERCIAL_GANJA,ACTION_COMPLETED,STATION_BEAT,94
PR-2026-00081,14,Salem Town PS 1,4,Salem,2025-02-12 23:31:33,CHECKPOST_INTERCEPTION,OPIOID_ANALOGUES,UNDER_INVESTIGATION,PROHIBITION_WING,82
PR-2026-00082,36,Vellore Town PS 3,9,Vellore,2026-01-25 00:31:33,ROUTINE_PATROL_SCAN,CHEMICAL_PRECURSORS,UNDER_INVESTIGATION,PROHIBITION_WING,94
PR-2026-00083,47,Thanjavur Town PS 4,12,Thanjavur,2024-11-27 03:27:18,TIP_VERIFICATION,SYNTHETIC_MDMA,VERIFIED_INCIDENT,CRIME_BRANCH,89
PR-2026-00084,77,Tiruvallur Town PS 3,18,Tiruvallur,2025-01-20 07:09:47,TIP_VERIFICATION,COMMERCIAL_GANJA,UNDER_INVESTIGATION,HIGHWAY_PATROL,84
PR-2026-00085,141,Thiruvarur Town PS 1,33,Thiruvarur,2025-11-24 08:19:52,TIP_VERIFICATION,UNKNOWN_CONTRABAND,UNDER_INVESTIGATION,STATION_BEAT,80
PR-2026-00086,4,Coimbatore Town PS 1,2,Coimbatore,2025-02-24 14:20:54,CHECKPOST_INTERCEPTION,OPIOID_ANALOGUES,VERIFIED_INCIDENT,CRIME_BRANCH,87
PR-2026-00087,35,Vellore Town PS 2,9,Vellore,2024-09-19 15:12:53,ROUTINE_PATROL_SCAN,UNKNOWN_CONTRABAND,ACTION_COMPLETED,HIGHWAY_PATROL,85
PR-2026-00088,140,Theni Town PS 3,32,Theni,2026-08-10 07:05:19,CHECKPOST_INTERCEPTION,OPIOID_ANALOGUES,VERIFIED_INCIDENT,HIGHWAY_PATROL,89
PR-2026-00089,135,Virudhunagar Town PS 4,31,Virudhunagar,2024-10-27 13:39:36,TIP_VERIFICATION,COMMERCIAL_GANJA,UNDER_INVESTIGATION,STATION_BEAT,91
PR-2026-00090,84,Viluppuram Town PS 1,20,Viluppuram,2025-06-01 14:51:00,CHECKPOST_INTERCEPTION,PRESCRIPTION_NARCOTICS,VERIFIED_INCIDENT,CRIME_BRANCH,95
PR-2026-00091,127,Ramanathapuram Town PS 1,30,Ramanathapuram,2026-01-05 19:21:53,CHECKPOST_INTERCEPTION,COMMERCIAL_GANJA,UNDER_INVESTIGATION,HIGHWAY_PATROL,92
PR-2026-00092,71,Chengalpattu Town PS 2,17,Chengalpattu,2026-05-05 22:11:15,RAID_SEIZURE,SYNTHETIC_MDMA,ACTION_COMPLETED,PROHIBITION_WING,75
PR-2026-00093,94,Dharmapuri Town PS 2,22,Dharmapuri,2025-08-08 11:41:03,CHECKPOST_INTERCEPTION,CHEMICAL_PRECURSORS,VERIFIED_INCIDENT,STATION_BEAT,91
PR-2026-00094,151,Mayiladuthurai Town PS 1,35,Mayiladuthurai,2026-06-29 01:13:07,TIP_VERIFICATION,SYNTHETIC_MDMA,VERIFIED_INCIDENT,STATION_BEAT,81
PR-2026-00095,160,Ranipet Town PS 5,36,Ranipet,2025-02-20 11:10:27,RAID_SEIZURE,COMMERCIAL_GANJA,VERIFIED_INCIDENT,PROHIBITION_WING,78
PR-2026-00096,68,Kancheepuram Town PS 4,16,Kancheepuram,2024-12-31 18:08:47,CHECKPOST_INTERCEPTION,PRESCRIPTION_NARCOTICS,VERIFIED_INCIDENT,HIGHWAY_PATROL,85
PR-2026-00097,46,Thanjavur Town PS 3,12,Thanjavur,2025-08-10 16:04:48,RAID_SEIZURE,SYNTHETIC_MDMA,UNDER_INVESTIGATION,PROHIBITION_WING,94
PR-2026-00098,123,Sivaganga Town PS 1,29,Sivaganga,2026-01-18 02:50:44,CHECKPOST_INTERCEPTION,COMMERCIAL_GANJA,ACTION_COMPLETED,STATION_BEAT,94
PR-2026-00099,123,Sivaganga Town PS 1,29,Sivaganga,2026-02-17 08:00:16,ROUTINE_PATROL_SCAN,UNKNOWN_CONTRABAND,UNDER_INVESTIGATION,CRIME_BRANCH,91
PR-2026-00100,46,Thanjavur Town PS 3,12,Thanjavur,2025-10-31 23:59:45,ROUTINE_PATROL_SCAN,UNKNOWN_CONTRABAND,ACTION_COMPLETED,STATION_BEAT,75
PR-2026-00101,3,Chennai Town PS 3,1,Chennai,2025-03-03 07:00:41,CHECKPOST_INTERCEPTION,CHEMICAL_PRECURSORS,ACTION_COMPLETED,HIGHWAY_PATROL,96
PR-2026-00102,138,Theni Town PS 1,32,Theni,2025-09-17 18:20:29,CHECKPOST_INTERCEPTION,CHEMICAL_PRECURSORS,ACTION_COMPLETED,HIGHWAY_PATROL,94
PR-2026-00103,155,Mayiladuthurai Town PS 5,35,Mayiladuthurai,2024-09-25 10:57:43,TIP_VERIFICATION,UNKNOWN_CONTRABAND,UNDER_INVESTIGATION,HIGHWAY_PATROL,76
PR-2026-00104,103,Nilgiris Town PS 1,24,Nilgiris,2025-02-14 18:49:39,RAID_SEIZURE,PRESCRIPTION_NARCOTICS,ACTION_COMPLETED,STATION_BEAT,91
PR-2026-00105,163,Tirupathur Town PS 3,37,Tirupathur,2025-05-28 18:33:15,CHECKPOST_INTERCEPTION,COMMERCIAL_GANJA,VERIFIED_INCIDENT,PROHIBITION_WING,93
PR-2026-00106,155,Mayiladuthurai Town PS 5,35,Mayiladuthurai,2026-06-07 11:28:33,RAID_SEIZURE,COMMERCIAL_GANJA,VERIFIED_INCIDENT,PROHIBITION_WING,84
PR-2026-00107,138,Theni Town PS 1,32,Theni,2026-06-29 23:07:56,TIP_VERIFICATION,COMMERCIAL_GANJA,ACTION_COMPLETED,HIGHWAY_PATROL,82
PR-2026-00108,168,Tiruvannamalai Town PS 4,38,Tiruvannamalai,2026-06-19 14:42:20,RAID_SEIZURE,CHEMICAL_PRECURSORS,VERIFIED_INCIDENT,PROHIBITION_WING,88
PR-2026-00109,119,Pudukkottai Town PS 2,28,Pudukkottai,2025-08-08 01:20:07,ROUTINE_PATROL_SCAN,UNKNOWN_CONTRABAND,UNDER_INVESTIGATION,PROHIBITION_WING,77
PR-2026-00110,60,Tenkasi Town PS 1,15,Tenkasi,2025-02-21 15:04:28,CHECKPOST_INTERCEPTION,UNKNOWN_CONTRABAND,UNDER_INVESTIGATION,PROHIBITION_WING,95
PR-2026-00111,85,Viluppuram Town PS 2,20,Viluppuram,2025-04-28 00:30:11,CHECKPOST_INTERCEPTION,COMMERCIAL_GANJA,UNDER_INVESTIGATION,CRIME_BRANCH,94
PR-2026-00112,91,Kallakurichi Town PS 5,21,Kallakurichi,2025-08-19 17:23:14,ROUTINE_PATROL_SCAN,SYNTHETIC_MDMA,ACTION_COMPLETED,HIGHWAY_PATROL,87
PR-2026-00113,31,Erode Town PS 1,8,Erode,2025-10-14 03:22:35,TIP_VERIFICATION,CHEMICAL_PRECURSORS,UNDER_INVESTIGATION,HIGHWAY_PATROL,98
PR-2026-00114,5,Coimbatore Town PS 2,2,Coimbatore,2026-02-20 12:46:14,TIP_VERIFICATION,SYNTHETIC_MDMA,ACTION_COMPLETED,STATION_BEAT,75
PR-2026-00115,43,Dindigul Town PS 4,11,Dindigul,2025-06-15 04:56:00,TIP_VERIFICATION,OPIOID_ANALOGUES,ACTION_COMPLETED,HIGHWAY_PATROL,78
PR-2026-00116,163,Tirupathur Town PS 3,37,Tirupathur,2025-02-23 23:18:34,CHECKPOST_INTERCEPTION,CHEMICAL_PRECURSORS,ACTION_COMPLETED,PROHIBITION_WING,85
PR-2026-00117,37,Krishnagiri Town PS 1,10,Krishnagiri,2026-04-16 15:30:39,CHECKPOST_INTERCEPTION,SYNTHETIC_MDMA,UNDER_INVESTIGATION,STATION_BEAT,95
PR-2026-00118,126,Sivaganga Town PS 4,29,Sivaganga,2025-03-04 08:02:09,ROUTINE_PATROL_SCAN,SYNTHETIC_MDMA,VERIFIED_INCIDENT,HIGHWAY_PATROL,90
PR-2026-00119,45,Thanjavur Town PS 2,12,Thanjavur,2026-05-16 02:25:14,ROUTINE_PATROL_SCAN,PRESCRIPTION_NARCOTICS,VERIFIED_INCIDENT,STATION_BEAT,78
PR-2026-00120,91,Kallakurichi Town PS 5,21,Kallakurichi,2026-07-02 22:31:10,TIP_VERIFICATION,PRESCRIPTION_NARCOTICS,VERIFIED_INCIDENT,PROHIBITION_WING,86
PR-2026-00121,64,Tenkasi Town PS 5,15,Tenkasi,2025-03-15 00:29:57,RAID_SEIZURE,COMMERCIAL_GANJA,ACTION_COMPLETED,STATION_BEAT,89
PR-2026-00122,19,Tiruchirappalli Town PS 2,5,Tiruchirappalli,2026-01-07 07:21:20,TIP_VERIFICATION,CHEMICAL_PRECURSORS,ACTION_COMPLETED,HIGHWAY_PATROL,76
PR-2026-00123,77,Tiruvallur Town PS 3,18,Tiruvallur,2025-01-05 10:49:17,CHECKPOST_INTERCEPTION,SYNTHETIC_MDMA,VERIFIED_INCIDENT,PROHIBITION_WING,78
PR-2026-00124,7,Coimbatore Town PS 4,2,Coimbatore,2025-05-19 07:15:44,TIP_VERIFICATION,SYNTHETIC_MDMA,VERIFIED_INCIDENT,PROHIBITION_WING,76
PR-2026-00125,75,Tiruvallur Town PS 1,18,Tiruvallur,2024-12-07 00:14:08,CHECKPOST_INTERCEPTION,CHEMICAL_PRECURSORS,ACTION_COMPLETED,HIGHWAY_PATROL,86
PR-2026-00126,80,Cuddalore Town PS 3,19,Cuddalore,2025-06-28 00:55:43,CHECKPOST_INTERCEPTION,SYNTHETIC_MDMA,UNDER_INVESTIGATION,STATION_BEAT,80
PR-2026-00127,45,Thanjavur Town PS 2,12,Thanjavur,2025-05-11 06:35:54,RAID_SEIZURE,SYNTHETIC_MDMA,ACTION_COMPLETED,CRIME_BRANCH,89
PR-2026-00128,161,Tirupathur Town PS 1,37,Tirupathur,2025-12-03 04:49:35,CHECKPOST_INTERCEPTION,COMMERCIAL_GANJA,UNDER_INVESTIGATION,HIGHWAY_PATROL,80
PR-2026-00129,116,Perambalur Town PS 3,27,Perambalur,2025-06-09 12:59:06,RAID_SEIZURE,UNKNOWN_CONTRABAND,UNDER_INVESTIGATION,CRIME_BRANCH,79
PR-2026-00130,68,Kancheepuram Town PS 4,16,Kancheepuram,2025-11-13 11:17:46,ROUTINE_PATROL_SCAN,SYNTHETIC_MDMA,ACTION_COMPLETED,CRIME_BRANCH,98
PR-2026-00131,97,Dharmapuri Town PS 5,22,Dharmapuri,2026-02-08 09:05:21,ROUTINE_PATROL_SCAN,PRESCRIPTION_NARCOTICS,ACTION_COMPLETED,PROHIBITION_WING,75
PR-2026-00132,81,Cuddalore Town PS 4,19,Cuddalore,2025-12-22 09:40:38,RAID_SEIZURE,OPIOID_ANALOGUES,ACTION_COMPLETED,HIGHWAY_PATROL,89
PR-2026-00133,152,Mayiladuthurai Town PS 2,35,Mayiladuthurai,2024-11-29 11:41:01,RAID_SEIZURE,PRESCRIPTION_NARCOTICS,VERIFIED_INCIDENT,STATION_BEAT,95
PR-2026-00134,27,Tirunelveli Town PS 4,6,Tirunelveli,2025-04-27 02:18:46,CHECKPOST_INTERCEPTION,COMMERCIAL_GANJA,ACTION_COMPLETED,CRIME_BRANCH,80
PR-2026-00135,93,Dharmapuri Town PS 1,22,Dharmapuri,2025-07-25 20:01:54,TIP_VERIFICATION,OPIOID_ANALOGUES,VERIFIED_INCIDENT,CRIME_BRANCH,98
PR-2026-00136,115,Perambalur Town PS 2,27,Perambalur,2025-02-07 14:17:58,TIP_VERIFICATION,PRESCRIPTION_NARCOTICS,VERIFIED_INCIDENT,PROHIBITION_WING,76
PR-2026-00137,31,Erode Town PS 1,8,Erode,2026-01-13 04:44:46,TIP_VERIFICATION,UNKNOWN_CONTRABAND,ACTION_COMPLETED,PROHIBITION_WING,81
PR-2026-00138,70,Chengalpattu Town PS 1,17,Chengalpattu,2025-08-23 10:47:00,TIP_VERIFICATION,COMMERCIAL_GANJA,ACTION_COMPLETED,PROHIBITION_WING,89
PR-2026-00139,158,Ranipet Town PS 3,36,Ranipet,2026-07-21 14:51:30,ROUTINE_PATROL_SCAN,OPIOID_ANALOGUES,UNDER_INVESTIGATION,CRIME_BRANCH,77
PR-2026-00140,43,Dindigul Town PS 4,11,Dindigul,2025-12-19 07:14:32,TIP_VERIFICATION,SYNTHETIC_MDMA,VERIFIED_INCIDENT,HIGHWAY_PATROL,92
PR-2026-00141,87,Kallakurichi Town PS 1,21,Kallakurichi,2025-06-23 11:18:45,RAID_SEIZURE,OPIOID_ANALOGUES,ACTION_COMPLETED,CRIME_BRANCH,87
PR-2026-00142,29,Tiruppur Town PS 2,7,Tiruppur,2025-08-03 10:34:24,CHECKPOST_INTERCEPTION,UNKNOWN_CONTRABAND,VERIFIED_INCIDENT,CRIME_BRANCH,94
PR-2026-00143,61,Tenkasi Town PS 2,15,Tenkasi,2025-03-29 20:50:50,ROUTINE_PATROL_SCAN,PRESCRIPTION_NARCOTICS,VERIFIED_INCIDENT,CRIME_BRANCH,82
PR-2026-00144,96,Dharmapuri Town PS 4,22,Dharmapuri,2024-10-01 18:31:51,TIP_VERIFICATION,PRESCRIPTION_NARCOTICS,ACTION_COMPLETED,CRIME_BRANCH,77
PR-2026-00145,168,Tiruvannamalai Town PS 4,38,Tiruvannamalai,2026-08-12 08:00:06,ROUTINE_PATROL_SCAN,SYNTHETIC_MDMA,ACTION_COMPLETED,CRIME_BRANCH,79
PR-2026-00146,158,Ranipet Town PS 3,36,Ranipet,2025-06-28 22:17:46,TIP_VERIFICATION,CHEMICAL_PRECURSORS,VERIFIED_INCIDENT,CRIME_BRANCH,88
PR-2026-00147,58,Kanniyakumari Town PS 5,14,Kanniyakumari,2024-12-02 18:31:11,RAID_SEIZURE,UNKNOWN_CONTRABAND,VERIFIED_INCIDENT,STATION_BEAT,83
PR-2026-00148,60,Tenkasi Town PS 1,15,Tenkasi,2025-12-19 20:28:58,TIP_VERIFICATION,COMMERCIAL_GANJA,VERIFIED_INCIDENT,CRIME_BRANCH,85
PR-2026-00149,140,Theni Town PS 3,32,Theni,2025-08-03 13:45:15,TIP_VERIFICATION,CHEMICAL_PRECURSORS,UNDER_INVESTIGATION,CRIME_BRANCH,92
PR-2026-00150,13,Madurai Town PS 4,3,Madurai,2025-08-04 22:31:42,ROUTINE_PATROL_SCAN,UNKNOWN_CONTRABAND,ACTION_COMPLETED,CRIME_BRANCH,78
PR-2026-00151,12,Madurai Town PS 3,3,Madurai,2025-06-14 02:42:51,RAID_SEIZURE,CHEMICAL_PRECURSORS,VERIFIED_INCIDENT,STATION_BEAT,76
PR-2026-00152,147,Nagapattinam Town PS 1,34,Nagapattinam,2025-09-10 00:39:05,ROUTINE_PATROL_SCAN,PRESCRIPTION_NARCOTICS,VERIFIED_INCIDENT,CRIME_BRANCH,79
PR-2026-00153,112,Ariyalur Town PS 3,26,Ariyalur,2026-02-09 23:29:25,CHECKPOST_INTERCEPTION,OPIOID_ANALOGUES,VERIFIED_INCIDENT,HIGHWAY_PATROL,98
PR-2026-00154,122,Pudukkottai Town PS 5,28,Pudukkottai,2026-07-24 20:25:33,TIP_VERIFICATION,CHEMICAL_PRECURSORS,UNDER_INVESTIGATION,PROHIBITION_WING,83
PR-2026-00155,139,Theni Town PS 2,32,Theni,2026-05-16 13:43:54,TIP_VERIFICATION,CHEMICAL_PRECURSORS,ACTION_COMPLETED,HIGHWAY_PATROL,97
PR-2026-00156,62,Tenkasi Town PS 3,15,Tenkasi,2025-02-02 20:29:22,CHECKPOST_INTERCEPTION,CHEMICAL_PRECURSORS,UNDER_INVESTIGATION,HIGHWAY_PATROL,86
PR-2026-00157,38,Krishnagiri Town PS 2,10,Krishnagiri,2026-03-25 18:33:58,RAID_SEIZURE,CHEMICAL_PRECURSORS,VERIFIED_INCIDENT,HIGHWAY_PATROL,88
PR-2026-00158,163,Tirupathur Town PS 3,37,Tirupathur,2026-07-07 17:02:22,CHECKPOST_INTERCEPTION,CHEMICAL_PRECURSORS,VERIFIED_INCIDENT,STATION_BEAT,98
PR-2026-00159,9,Coimbatore Town PS 6,2,Coimbatore,2026-01-27 01:40:13,CHECKPOST_INTERCEPTION,PRESCRIPTION_NARCOTICS,ACTION_COMPLETED,STATION_BEAT,76
PR-2026-00160,152,Mayiladuthurai Town PS 2,35,Mayiladuthurai,2024-10-02 05:29:51,TIP_VERIFICATION,PRESCRIPTION_NARCOTICS,UNDER_INVESTIGATION,CRIME_BRANCH,81
PR-2026-00161,36,Vellore Town PS 3,9,Vellore,2026-03-22 01:38:32,CHECKPOST_INTERCEPTION,OPIOID_ANALOGUES,ACTION_COMPLETED,PROHIBITION_WING,98
PR-2026-00162,115,Perambalur Town PS 2,27,Perambalur,2026-06-10 23:13:42,RAID_SEIZURE,UNKNOWN_CONTRABAND,ACTION_COMPLETED,PROHIBITION_WING,97
PR-2026-00163,118,Pudukkottai Town PS 1,28,Pudukkottai,2025-01-25 00:15:08,RAID_SEIZURE,UNKNOWN_CONTRABAND,VERIFIED_INCIDENT,STATION_BEAT,83
PR-2026-00164,75,Tiruvallur Town PS 1,18,Tiruvallur,2024-12-25 23:39:18,CHECKPOST_INTERCEPTION,SYNTHETIC_MDMA,ACTION_COMPLETED,PROHIBITION_WING,87
PR-2026-00165,36,Vellore Town PS 3,9,Vellore,2025-11-08 06:01:53,TIP_VERIFICATION,OPIOID_ANALOGUES,UNDER_INVESTIGATION,CRIME_BRANCH,80
PR-2026-00166,77,Tiruvallur Town PS 3,18,Tiruvallur,2024-11-12 02:43:29,CHECKPOST_INTERCEPTION,OPIOID_ANALOGUES,UNDER_INVESTIGATION,STATION_BEAT,83
PR-2026-00167,123,Sivaganga Town PS 1,29,Sivaganga,2026-07-05 08:29:10,RAID_SEIZURE,PRESCRIPTION_NARCOTICS,ACTION_COMPLETED,CRIME_BRANCH,86
PR-2026-00168,109,Karur Town PS 3,25,Karur,2025-01-08 22:32:26,ROUTINE_PATROL_SCAN,SYNTHETIC_MDMA,UNDER_INVESTIGATION,HIGHWAY_PATROL,96
PR-2026-00169,12,Madurai Town PS 3,3,Madurai,2026-04-18 04:14:03,ROUTINE_PATROL_SCAN,CHEMICAL_PRECURSORS,ACTION_COMPLETED,HIGHWAY_PATROL,89
PR-2026-00170,28,Tiruppur Town PS 1,7,Tiruppur,2025-03-15 10:40:15,TIP_VERIFICATION,UNKNOWN_CONTRABAND,ACTION_COMPLETED,PROHIBITION_WING,86
PR-2026-00171,23,Tiruchirappalli Town PS 6,5,Tiruchirappalli,2026-07-02 16:57:14,ROUTINE_PATROL_SCAN,OPIOID_ANALOGUES,UNDER_INVESTIGATION,HIGHWAY_PATROL,88
PR-2026-00172,44,Thanjavur Town PS 1,12,Thanjavur,2025-11-19 02:05:00,RAID_SEIZURE,OPIOID_ANALOGUES,VERIFIED_INCIDENT,HIGHWAY_PATROL,80
PR-2026-00173,115,Perambalur Town PS 2,27,Perambalur,2025-10-04 01:35:06,ROUTINE_PATROL_SCAN,PRESCRIPTION_NARCOTICS,ACTION_COMPLETED,PROHIBITION_WING,81
PR-2026-00174,39,Krishnagiri Town PS 3,10,Krishnagiri,2025-12-19 00:38:34,CHECKPOST_INTERCEPTION,CHEMICAL_PRECURSORS,UNDER_INVESTIGATION,STATION_BEAT,85
PR-2026-00175,137,Virudhunagar Town PS 6,31,Virudhunagar,2025-04-06 22:37:51,CHECKPOST_INTERCEPTION,COMMERCIAL_GANJA,VERIFIED_INCIDENT,HIGHWAY_PATROL,88
PR-2026-00176,82,Cuddalore Town PS 5,19,Cuddalore,2024-10-25 13:11:45,TIP_VERIFICATION,COMMERCIAL_GANJA,VERIFIED_INCIDENT,CRIME_BRANCH,88
PR-2026-00177,41,Dindigul Town PS 2,11,Dindigul,2024-11-28 01:18:39,RAID_SEIZURE,OPIOID_ANALOGUES,VERIFIED_INCIDENT,CRIME_BRANCH,87
PR-2026-00178,78,Cuddalore Town PS 1,19,Cuddalore,2025-01-31 12:47:25,ROUTINE_PATROL_SCAN,PRESCRIPTION_NARCOTICS,ACTION_COMPLETED,CRIME_BRANCH,90
PR-2026-00179,37,Krishnagiri Town PS 1,10,Krishnagiri,2024-11-12 18:21:16,CHECKPOST_INTERCEPTION,OPIOID_ANALOGUES,VERIFIED_INCIDENT,HIGHWAY_PATROL,82
PR-2026-00180,43,Dindigul Town PS 4,11,Dindigul,2026-06-13 10:02:36,ROUTINE_PATROL_SCAN,SYNTHETIC_MDMA,ACTION_COMPLETED,CRIME_BRANCH,94
PR-2026-00181,134,Virudhunagar Town PS 3,31,Virudhunagar,2026-01-12 18:12:16,RAID_SEIZURE,UNKNOWN_CONTRABAND,UNDER_INVESTIGATION,HIGHWAY_PATROL,97
PR-2026-00182,148,Nagapattinam Town PS 2,34,Nagapattinam,2026-07-05 05:09:07,RAID_SEIZURE,COMMERCIAL_GANJA,UNDER_INVESTIGATION,PROHIBITION_WING,94
PR-2026-00183,27,Tirunelveli Town PS 4,6,Tirunelveli,2025-11-19 12:47:16,RAID_SEIZURE,SYNTHETIC_MDMA,ACTION_COMPLETED,CRIME_BRANCH,87
PR-2026-00184,126,Sivaganga Town PS 4,29,Sivaganga,2025-12-26 12:23:29,TIP_VERIFICATION,COMMERCIAL_GANJA,UNDER_INVESTIGATION,STATION_BEAT,94
PR-2026-00185,127,Ramanathapuram Town PS 1,30,Ramanathapuram,2024-12-21 05:02:51,CHECKPOST_INTERCEPTION,COMMERCIAL_GANJA,ACTION_COMPLETED,CRIME_BRANCH,97
PR-2026-00186,13,Madurai Town PS 4,3,Madurai,2026-02-26 04:19:14,ROUTINE_PATROL_SCAN,PRESCRIPTION_NARCOTICS,VERIFIED_INCIDENT,CRIME_BRANCH,78
PR-2026-00187,31,Erode Town PS 1,8,Erode,2025-03-06 21:45:20,TIP_VERIFICATION,PRESCRIPTION_NARCOTICS,UNDER_INVESTIGATION,CRIME_BRANCH,95
PR-2026-00188,3,Chennai Town PS 3,1,Chennai,2025-06-08 02:22:02,TIP_VERIFICATION,PRESCRIPTION_NARCOTICS,VERIFIED_INCIDENT,HIGHWAY_PATROL,85
PR-2026-00189,2,Chennai Town PS 2,1,Chennai,2026-07-07 02:35:50,TIP_VERIFICATION,PRESCRIPTION_NARCOTICS,VERIFIED_INCIDENT,HIGHWAY_PATROL,85
PR-2026-00190,24,Tirunelveli Town PS 1,6,Tirunelveli,2024-12-05 17:46:29,ROUTINE_PATROL_SCAN,PRESCRIPTION_NARCOTICS,VERIFIED_INCIDENT,HIGHWAY_PATROL,89
PR-2026-00191,18,Tiruchirappalli Town PS 1,5,Tiruchirappalli,2025-05-12 00:59:01,TIP_VERIFICATION,COMMERCIAL_GANJA,ACTION_COMPLETED,PROHIBITION_WING,82
PR-2026-00192,160,Ranipet Town PS 5,36,Ranipet,2025-06-22 15:01:25,CHECKPOST_INTERCEPTION,SYNTHETIC_MDMA,UNDER_INVESTIGATION,HIGHWAY_PATROL,93
PR-2026-00193,109,Karur Town PS 3,25,Karur,2026-03-05 02:37:04,TIP_VERIFICATION,COMMERCIAL_GANJA,UNDER_INVESTIGATION,PROHIBITION_WING,83
PR-2026-00194,103,Nilgiris Town PS 1,24,Nilgiris,2025-08-18 16:29:54,RAID_SEIZURE,OPIOID_ANALOGUES,VERIFIED_INCIDENT,STATION_BEAT,85
PR-2026-00195,69,Kancheepuram Town PS 5,16,Kancheepuram,2025-11-25 00:41:14,CHECKPOST_INTERCEPTION,SYNTHETIC_MDMA,ACTION_COMPLETED,PROHIBITION_WING,87
PR-2026-00196,92,Kallakurichi Town PS 6,21,Kallakurichi,2026-04-25 00:46:50,TIP_VERIFICATION,COMMERCIAL_GANJA,UNDER_INVESTIGATION,HIGHWAY_PATROL,81
PR-2026-00197,84,Viluppuram Town PS 1,20,Viluppuram,2024-12-08 05:40:45,CHECKPOST_INTERCEPTION,PRESCRIPTION_NARCOTICS,ACTION_COMPLETED,CRIME_BRANCH,80
PR-2026-00198,164,Tirupathur Town PS 4,37,Tirupathur,2024-11-12 05:55:21,ROUTINE_PATROL_SCAN,OPIOID_ANALOGUES,ACTION_COMPLETED,STATION_BEAT,90
PR-2026-00199,76,Tiruvallur Town PS 2,18,Tiruvallur,2025-05-17 14:31:51,ROUTINE_PATROL_SCAN,CHEMICAL_PRECURSORS,UNDER_INVESTIGATION,STATION_BEAT,81
PR-2026-00200,118,Pudukkottai Town PS 1,28,Pudukkottai,2024-12-14 20:08:26,RAID_SEIZURE,OPIOID_ANALOGUES,ACTION_COMPLETED,CRIME_BRANCH,79
PR-2026-00201,67,Kancheepuram Town PS 3,16,Kancheepuram,2026-04-21 21:19:48,RAID_SEIZURE,PRESCRIPTION_NARCOTICS,ACTION_COMPLETED,STATION_BEAT,88
PR-2026-00202,29,Tiruppur Town PS 2,7,Tiruppur,2025-04-10 20:51:06,RAID_SEIZURE,SYNTHETIC_MDMA,VERIFIED_INCIDENT,HIGHWAY_PATROL,92
PR-2026-00203,109,Karur Town PS 3,25,Karur,2026-03-04 03:44:34,RAID_SEIZURE,PRESCRIPTION_NARCOTICS,UNDER_INVESTIGATION,PROHIBITION_WING,81
PR-2026-00204,132,Virudhunagar Town PS 1,31,Virudhunagar,2024-12-16 03:02:58,TIP_VERIFICATION,UNKNOWN_CONTRABAND,ACTION_COMPLETED,PROHIBITION_WING,83
PR-2026-00205,78,Cuddalore Town PS 1,19,Cuddalore,2026-06-19 20:17:00,CHECKPOST_INTERCEPTION,OPIOID_ANALOGUES,ACTION_COMPLETED,PROHIBITION_WING,89
PR-2026-00206,50,Thoothukudi Town PS 3,13,Thoothukudi,2026-03-16 14:22:29,ROUTINE_PATROL_SCAN,OPIOID_ANALOGUES,UNDER_INVESTIGATION,PROHIBITION_WING,78
PR-2026-00207,139,Theni Town PS 2,32,Theni,2026-07-10 02:55:49,TIP_VERIFICATION,COMMERCIAL_GANJA,ACTION_COMPLETED,CRIME_BRANCH,95
PR-2026-00208,79,Cuddalore Town PS 2,19,Cuddalore,2026-07-19 05:32:32,RAID_SEIZURE,UNKNOWN_CONTRABAND,UNDER_INVESTIGATION,CRIME_BRANCH,95
PR-2026-00209,77,Tiruvallur Town PS 3,18,Tiruvallur,2025-08-30 08:01:56,CHECKPOST_INTERCEPTION,OPIOID_ANALOGUES,UNDER_INVESTIGATION,STATION_BEAT,88
PR-2026-00210,81,Cuddalore Town PS 4,19,Cuddalore,2025-08-01 04:51:46,TIP_VERIFICATION,COMMERCIAL_GANJA,VERIFIED_INCIDENT,HIGHWAY_PATROL,77
PR-2026-00211,14,Salem Town PS 1,4,Salem,2026-01-15 13:39:44,CHECKPOST_INTERCEPTION,COMMERCIAL_GANJA,VERIFIED_INCIDENT,STATION_BEAT,82
PR-2026-00212,14,Salem Town PS 1,4,Salem,2026-04-05 03:21:55,TIP_VERIFICATION,COMMERCIAL_GANJA,UNDER_INVESTIGATION,STATION_BEAT,97
PR-2026-00213,163,Tirupathur Town PS 3,37,Tirupathur,2026-07-19 19:07:12,CHECKPOST_INTERCEPTION,COMMERCIAL_GANJA,VERIFIED_INCIDENT,CRIME_BRANCH,91
PR-2026-00214,165,Tiruvannamalai Town PS 1,38,Tiruvannamalai,2025-01-01 14:49:57,RAID_SEIZURE,COMMERCIAL_GANJA,VERIFIED_INCIDENT,HIGHWAY_PATROL,95
PR-2026-00215,139,Theni Town PS 2,32,Theni,2026-02-17 15:15:04,ROUTINE_PATROL_SCAN,COMMERCIAL_GANJA,ACTION_COMPLETED,HIGHWAY_PATROL,77
PR-2026-00216,105,Nilgiris Town PS 3,24,Nilgiris,2025-12-04 13:48:52,CHECKPOST_INTERCEPTION,CHEMICAL_PRECURSORS,VERIFIED_INCIDENT,CRIME_BRANCH,89
PR-2026-00217,20,Tiruchirappalli Town PS 3,5,Tiruchirappalli,2025-09-16 04:27:19,ROUTINE_PATROL_SCAN,CHEMICAL_PRECURSORS,ACTION_COMPLETED,PROHIBITION_WING,90
PR-2026-00218,162,Tirupathur Town PS 2,37,Tirupathur,2025-12-08 02:20:20,RAID_SEIZURE,CHEMICAL_PRECURSORS,UNDER_INVESTIGATION,CRIME_BRANCH,78
PR-2026-00219,37,Krishnagiri Town PS 1,10,Krishnagiri,2026-05-01 05:33:24,TIP_VERIFICATION,COMMERCIAL_GANJA,UNDER_INVESTIGATION,CRIME_BRANCH,98
PR-2026-00220,38,Krishnagiri Town PS 2,10,Krishnagiri,2025-07-21 19:57:49,TIP_VERIFICATION,UNKNOWN_CONTRABAND,ACTION_COMPLETED,STATION_BEAT,78
PR-2026-00221,144,Thiruvarur Town PS 4,33,Thiruvarur,2024-12-27 09:30:12,CHECKPOST_INTERCEPTION,UNKNOWN_CONTRABAND,VERIFIED_INCIDENT,PROHIBITION_WING,77
PR-2026-00222,85,Viluppuram Town PS 2,20,Viluppuram,2025-10-16 06:42:35,RAID_SEIZURE,SYNTHETIC_MDMA,ACTION_COMPLETED,HIGHWAY_PATROL,80
PR-2026-00223,40,Dindigul Town PS 1,11,Dindigul,2025-11-25 17:00:29,RAID_SEIZURE,OPIOID_ANALOGUES,UNDER_INVESTIGATION,PROHIBITION_WING,85
PR-2026-00224,7,Coimbatore Town PS 4,2,Coimbatore,2025-09-23 15:01:47,TIP_VERIFICATION,UNKNOWN_CONTRABAND,VERIFIED_INCIDENT,PROHIBITION_WING,96
PR-2026-00225,12,Madurai Town PS 3,3,Madurai,2026-07-02 02:47:23,ROUTINE_PATROL_SCAN,UNKNOWN_CONTRABAND,UNDER_INVESTIGATION,CRIME_BRANCH,94
PR-2026-00226,19,Tiruchirappalli Town PS 2,5,Tiruchirappalli,2025-04-10 21:19:07,TIP_VERIFICATION,CHEMICAL_PRECURSORS,ACTION_COMPLETED,STATION_BEAT,94
PR-2026-00227,131,Ramanathapuram Town PS 5,30,Ramanathapuram,2025-05-26 23:23:48,CHECKPOST_INTERCEPTION,OPIOID_ANALOGUES,VERIFIED_INCIDENT,CRIME_BRANCH,75
PR-2026-00228,74,Chengalpattu Town PS 5,17,Chengalpattu,2025-02-23 09:05:25,ROUTINE_PATROL_SCAN,COMMERCIAL_GANJA,UNDER_INVESTIGATION,STATION_BEAT,96
PR-2026-00229,33,Erode Town PS 3,8,Erode,2024-11-12 09:53:02,TIP_VERIFICATION,SYNTHETIC_MDMA,VERIFIED_INCIDENT,CRIME_BRANCH,88
PR-2026-00230,10,Madurai Town PS 1,3,Madurai,2025-05-17 15:12:13,ROUTINE_PATROL_SCAN,COMMERCIAL_GANJA,ACTION_COMPLETED,HIGHWAY_PATROL,89
PR-2026-00231,165,Tiruvannamalai Town PS 1,38,Tiruvannamalai,2026-05-22 08:13:58,CHECKPOST_INTERCEPTION,CHEMICAL_PRECURSORS,ACTION_COMPLETED,STATION_BEAT,97
PR-2026-00232,77,Tiruvallur Town PS 3,18,Tiruvallur,2026-05-12 04:19:53,RAID_SEIZURE,PRESCRIPTION_NARCOTICS,ACTION_COMPLETED,STATION_BEAT,85
PR-2026-00233,70,Chengalpattu Town PS 1,17,Chengalpattu,2025-12-11 03:45:42,TIP_VERIFICATION,OPIOID_ANALOGUES,VERIFIED_INCIDENT,PROHIBITION_WING,83
PR-2026-00234,167,Tiruvannamalai Town PS 3,38,Tiruvannamalai,2026-05-09 11:02:09,RAID_SEIZURE,CHEMICAL_PRECURSORS,UNDER_INVESTIGATION,STATION_BEAT,95
PR-2026-00235,2,Chennai Town PS 2,1,Chennai,2025-02-21 21:23:01,CHECKPOST_INTERCEPTION,OPIOID_ANALOGUES,ACTION_COMPLETED,STATION_BEAT,76
PR-2026-00236,157,Ranipet Town PS 2,36,Ranipet,2025-08-03 06:29:41,ROUTINE_PATROL_SCAN,PRESCRIPTION_NARCOTICS,ACTION_COMPLETED,PROHIBITION_WING,87
PR-2026-00237,14,Salem Town PS 1,4,Salem,2025-08-13 07:04:13,CHECKPOST_INTERCEPTION,SYNTHETIC_MDMA,VERIFIED_INCIDENT,CRIME_BRANCH,92
PR-2026-00238,131,Ramanathapuram Town PS 5,30,Ramanathapuram,2026-04-22 21:44:29,TIP_VERIFICATION,CHEMICAL_PRECURSORS,VERIFIED_INCIDENT,CRIME_BRANCH,86
PR-2026-00239,155,Mayiladuthurai Town PS 5,35,Mayiladuthurai,2025-04-11 01:29:27,TIP_VERIFICATION,COMMERCIAL_GANJA,UNDER_INVESTIGATION,HIGHWAY_PATROL,94
PR-2026-00240,157,Ranipet Town PS 2,36,Ranipet,2025-07-06 05:03:54,CHECKPOST_INTERCEPTION,PRESCRIPTION_NARCOTICS,VERIFIED_INCIDENT,HIGHWAY_PATROL,88
PR-2026-00241,29,Tiruppur Town PS 2,7,Tiruppur,2024-10-06 12:54:05,CHECKPOST_INTERCEPTION,UNKNOWN_CONTRABAND,UNDER_INVESTIGATION,CRIME_BRANCH,92
PR-2026-00242,40,Dindigul Town PS 1,11,Dindigul,2026-03-17 10:45:23,RAID_SEIZURE,UNKNOWN_CONTRABAND,ACTION_COMPLETED,CRIME_BRANCH,87
PR-2026-00243,18,Tiruchirappalli Town PS 1,5,Tiruchirappalli,2024-10-16 15:38:20,TIP_VERIFICATION,OPIOID_ANALOGUES,ACTION_COMPLETED,CRIME_BRANCH,80
PR-2026-00244,43,Dindigul Town PS 4,11,Dindigul,2026-04-17 16:10:42,CHECKPOST_INTERCEPTION,COMMERCIAL_GANJA,ACTION_COMPLETED,STATION_BEAT,75
PR-2026-00245,31,Erode Town PS 1,8,Erode,2024-11-28 06:38:09,CHECKPOST_INTERCEPTION,SYNTHETIC_MDMA,ACTION_COMPLETED,CRIME_BRANCH,95
PR-2026-00246,60,Tenkasi Town PS 1,15,Tenkasi,2025-03-24 16:02:58,CHECKPOST_INTERCEPTION,SYNTHETIC_MDMA,ACTION_COMPLETED,HIGHWAY_PATROL,96
PR-2026-00247,123,Sivaganga Town PS 1,29,Sivaganga,2024-11-04 21:45:40,TIP_VERIFICATION,PRESCRIPTION_NARCOTICS,UNDER_INVESTIGATION,CRIME_BRANCH,83
PR-2026-00248,29,Tiruppur Town PS 2,7,Tiruppur,2026-07-11 16:42:44,TIP_VERIFICATION,UNKNOWN_CONTRABAND,ACTION_COMPLETED,PROHIBITION_WING,98
PR-2026-00249,59,Kanniyakumari Town PS 6,14,Kanniyakumari,2026-04-02 05:28:30,TIP_VERIFICATION,CHEMICAL_PRECURSORS,ACTION_COMPLETED,PROHIBITION_WING,86
PR-2026-00250,35,Vellore Town PS 2,9,Vellore,2024-12-10 01:38:55,TIP_VERIFICATION,CHEMICAL_PRECURSORS,UNDER_INVESTIGATION,CRIME_BRANCH,83
PR-2026-00251,72,Chengalpattu Town PS 3,17,Chengalpattu,2026-03-18 04:54:06,TIP_VERIFICATION,UNKNOWN_CONTRABAND,VERIFIED_INCIDENT,PROHIBITION_WING,89
PR-2026-00252,147,Nagapattinam Town PS 1,34,Nagapattinam,2025-07-29 03:10:39,CHECKPOST_INTERCEPTION,OPIOID_ANALOGUES,ACTION_COMPLETED,CRIME_BRANCH,79
PR-2026-00253,114,Perambalur Town PS 1,27,Perambalur,2025-01-01 17:17:11,TIP_VERIFICATION,OPIOID_ANALOGUES,UNDER_INVESTIGATION,HIGHWAY_PATROL,86
PR-2026-00254,126,Sivaganga Town PS 4,29,Sivaganga,2024-12-17 14:49:57,TIP_VERIFICATION,CHEMICAL_PRECURSORS,ACTION_COMPLETED,STATION_BEAT,91
PR-2026-00255,79,Cuddalore Town PS 2,19,Cuddalore,2026-08-08 16:28:17,ROUTINE_PATROL_SCAN,SYNTHETIC_MDMA,VERIFIED_INCIDENT,CRIME_BRANCH,90
PR-2026-00256,162,Tirupathur Town PS 2,37,Tirupathur,2026-07-19 10:02:23,RAID_SEIZURE,OPIOID_ANALOGUES,ACTION_COMPLETED,HIGHWAY_PATROL,79
PR-2026-00257,124,Sivaganga Town PS 2,29,Sivaganga,2026-06-11 09:10:26,RAID_SEIZURE,SYNTHETIC_MDMA,VERIFIED_INCIDENT,HIGHWAY_PATROL,76
PR-2026-00258,105,Nilgiris Town PS 3,24,Nilgiris,2024-11-28 18:05:31,ROUTINE_PATROL_SCAN,SYNTHETIC_MDMA,VERIFIED_INCIDENT,CRIME_BRANCH,90
PR-2026-00259,120,Pudukkottai Town PS 3,28,Pudukkottai,2025-06-10 15:43:58,TIP_VERIFICATION,PRESCRIPTION_NARCOTICS,VERIFIED_INCIDENT,HIGHWAY_PATROL,93
PR-2026-00260,42,Dindigul Town PS 3,11,Dindigul,2024-10-12 00:22:41,ROUTINE_PATROL_SCAN,COMMERCIAL_GANJA,VERIFIED_INCIDENT,HIGHWAY_PATROL,90
PR-2026-00261,9,Coimbatore Town PS 6,2,Coimbatore,2024-12-03 19:55:05,CHECKPOST_INTERCEPTION,CHEMICAL_PRECURSORS,ACTION_COMPLETED,CRIME_BRANCH,84
PR-2026-00262,11,Madurai Town PS 2,3,Madurai,2025-04-08 13:08:38,TIP_VERIFICATION,COMMERCIAL_GANJA,UNDER_INVESTIGATION,STATION_BEAT,77
PR-2026-00263,54,Kanniyakumari Town PS 1,14,Kanniyakumari,2025-01-16 01:53:53,RAID_SEIZURE,CHEMICAL_PRECURSORS,ACTION_COMPLETED,PROHIBITION_WING,75
PR-2026-00264,141,Thiruvarur Town PS 1,33,Thiruvarur,2026-08-18 17:30:42,TIP_VERIFICATION,SYNTHETIC_MDMA,UNDER_INVESTIGATION,STATION_BEAT,83
PR-2026-00265,30,Tiruppur Town PS 3,7,Tiruppur,2025-10-16 05:10:27,ROUTINE_PATROL_SCAN,CHEMICAL_PRECURSORS,VERIFIED_INCIDENT,HIGHWAY_PATROL,75
PR-2026-00266,81,Cuddalore Town PS 4,19,Cuddalore,2026-08-10 12:53:54,RAID_SEIZURE,CHEMICAL_PRECURSORS,UNDER_INVESTIGATION,STATION_BEAT,87
PR-2026-00267,38,Krishnagiri Town PS 2,10,Krishnagiri,2024-10-02 21:01:52,CHECKPOST_INTERCEPTION,CHEMICAL_PRECURSORS,VERIFIED_INCIDENT,CRIME_BRANCH,88
PR-2026-00268,112,Ariyalur Town PS 3,26,Ariyalur,2025-06-10 14:06:54,CHECKPOST_INTERCEPTION,SYNTHETIC_MDMA,UNDER_INVESTIGATION,STATION_BEAT,82
PR-2026-00269,111,Ariyalur Town PS 2,26,Ariyalur,2026-05-28 03:38:53,ROUTINE_PATROL_SCAN,CHEMICAL_PRECURSORS,VERIFIED_INCIDENT,HIGHWAY_PATROL,94
PR-2026-00270,30,Tiruppur Town PS 3,7,Tiruppur,2025-07-12 18:00:50,ROUTINE_PATROL_SCAN,OPIOID_ANALOGUES,UNDER_INVESTIGATION,PROHIBITION_WING,81
PR-2026-00271,45,Thanjavur Town PS 2,12,Thanjavur,2025-04-20 18:20:47,ROUTINE_PATROL_SCAN,OPIOID_ANALOGUES,UNDER_INVESTIGATION,PROHIBITION_WING,88
PR-2026-00272,3,Chennai Town PS 3,1,Chennai,2026-01-06 00:27:34,TIP_VERIFICATION,COMMERCIAL_GANJA,VERIFIED_INCIDENT,PROHIBITION_WING,97
PR-2026-00273,30,Tiruppur Town PS 3,7,Tiruppur,2024-10-19 17:48:03,ROUTINE_PATROL_SCAN,CHEMICAL_PRECURSORS,VERIFIED_INCIDENT,PROHIBITION_WING,87
PR-2026-00274,146,Thiruvarur Town PS 6,33,Thiruvarur,2026-02-26 21:32:40,ROUTINE_PATROL_SCAN,OPIOID_ANALOGUES,UNDER_INVESTIGATION,HIGHWAY_PATROL,76
PR-2026-00275,51,Thoothukudi Town PS 4,13,Thoothukudi,2025-05-22 00:49:55,CHECKPOST_INTERCEPTION,OPIOID_ANALOGUES,VERIFIED_INCIDENT,HIGHWAY_PATROL,93
PR-2026-00276,59,Kanniyakumari Town PS 6,14,Kanniyakumari,2026-03-12 12:34:19,TIP_VERIFICATION,CHEMICAL_PRECURSORS,UNDER_INVESTIGATION,PROHIBITION_WING,84
PR-2026-00277,131,Ramanathapuram Town PS 5,30,Ramanathapuram,2026-01-06 04:22:04,RAID_SEIZURE,COMMERCIAL_GANJA,VERIFIED_INCIDENT,PROHIBITION_WING,77
PR-2026-00278,3,Chennai Town PS 3,1,Chennai,2026-06-14 17:18:28,ROUTINE_PATROL_SCAN,COMMERCIAL_GANJA,ACTION_COMPLETED,CRIME_BRANCH,89
PR-2026-00279,115,Perambalur Town PS 2,27,Perambalur,2026-07-26 18:06:10,CHECKPOST_INTERCEPTION,SYNTHETIC_MDMA,ACTION_COMPLETED,HIGHWAY_PATROL,83
PR-2026-00280,17,Salem Town PS 4,4,Salem,2026-02-02 18:26:22,ROUTINE_PATROL_SCAN,COMMERCIAL_GANJA,ACTION_COMPLETED,STATION_BEAT,81
PR-2026-00281,149,Nagapattinam Town PS 3,34,Nagapattinam,2026-02-07 21:09:17,ROUTINE_PATROL_SCAN,OPIOID_ANALOGUES,VERIFIED_INCIDENT,CRIME_BRANCH,89
PR-2026-00282,24,Tirunelveli Town PS 1,6,Tirunelveli,2025-07-02 14:04:08,ROUTINE_PATROL_SCAN,OPIOID_ANALOGUES,VERIFIED_INCIDENT,STATION_BEAT,92
PR-2026-00283,149,Nagapattinam Town PS 3,34,Nagapattinam,2025-03-07 04:33:19,RAID_SEIZURE,COMMERCIAL_GANJA,ACTION_COMPLETED,STATION_BEAT,98
PR-2026-00284,18,Tiruchirappalli Town PS 1,5,Tiruchirappalli,2024-12-21 12:59:23,TIP_VERIFICATION,UNKNOWN_CONTRABAND,ACTION_COMPLETED,CRIME_BRANCH,81
PR-2026-00285,101,Namakkal Town PS 4,23,Namakkal,2026-02-24 08:31:16,RAID_SEIZURE,PRESCRIPTION_NARCOTICS,ACTION_COMPLETED,CRIME_BRANCH,80
PR-2026-00286,117,Perambalur Town PS 4,27,Perambalur,2025-03-11 03:47:55,TIP_VERIFICATION,OPIOID_ANALOGUES,VERIFIED_INCIDENT,PROHIBITION_WING,82
PR-2026-00287,29,Tiruppur Town PS 2,7,Tiruppur,2025-01-30 04:25:56,RAID_SEIZURE,SYNTHETIC_MDMA,VERIFIED_INCIDENT,HIGHWAY_PATROL,76
PR-2026-00288,125,Sivaganga Town PS 3,29,Sivaganga,2026-06-03 07:39:39,ROUTINE_PATROL_SCAN,SYNTHETIC_MDMA,VERIFIED_INCIDENT,CRIME_BRANCH,90
PR-2026-00289,35,Vellore Town PS 2,9,Vellore,2025-02-26 10:41:33,RAID_SEIZURE,CHEMICAL_PRECURSORS,UNDER_INVESTIGATION,PROHIBITION_WING,76
PR-2026-00290,69,Kancheepuram Town PS 5,16,Kancheepuram,2026-07-10 00:37:41,TIP_VERIFICATION,OPIOID_ANALOGUES,ACTION_COMPLETED,STATION_BEAT,98
PR-2026-00291,4,Coimbatore Town PS 1,2,Coimbatore,2026-06-19 07:44:51,TIP_VERIFICATION,SYNTHETIC_MDMA,VERIFIED_INCIDENT,HIGHWAY_PATROL,83
PR-2026-00292,39,Krishnagiri Town PS 3,10,Krishnagiri,2026-06-19 13:59:42,ROUTINE_PATROL_SCAN,PRESCRIPTION_NARCOTICS,ACTION_COMPLETED,CRIME_BRANCH,98
PR-2026-00293,92,Kallakurichi Town PS 6,21,Kallakurichi,2025-01-02 09:24:59,TIP_VERIFICATION,OPIOID_ANALOGUES,VERIFIED_INCIDENT,STATION_BEAT,93
PR-2026-00294,45,Thanjavur Town PS 2,12,Thanjavur,2025-02-23 09:48:34,CHECKPOST_INTERCEPTION,PRESCRIPTION_NARCOTICS,VERIFIED_INCIDENT,STATION_BEAT,86
PR-2026-00295,38,Krishnagiri Town PS 2,10,Krishnagiri,2025-12-02 21:06:31,RAID_SEIZURE,UNKNOWN_CONTRABAND,VERIFIED_INCIDENT,PROHIBITION_WING,95
PR-2026-00296,122,Pudukkottai Town PS 5,28,Pudukkottai,2026-02-01 20:29:27,TIP_VERIFICATION,OPIOID_ANALOGUES,VERIFIED_INCIDENT,CRIME_BRANCH,85
PR-2026-00297,88,Kallakurichi Town PS 2,21,Kallakurichi,2026-02-24 13:13:35,ROUTINE_PATROL_SCAN,CHEMICAL_PRECURSORS,ACTION_COMPLETED,STATION_BEAT,87
PR-2026-00298,93,Dharmapuri Town PS 1,22,Dharmapuri,2025-03-10 00:35:08,ROUTINE_PATROL_SCAN,SYNTHETIC_MDMA,VERIFIED_INCIDENT,HIGHWAY_PATROL,81
PR-2026-00299,141,Thiruvarur Town PS 1,33,Thiruvarur,2025-07-23 12:57:32,RAID_SEIZURE,UNKNOWN_CONTRABAND,ACTION_COMPLETED,HIGHWAY_PATROL,88
PR-2026-00300,132,Virudhunagar Town PS 1,31,Virudhunagar,2025-11-25 07:10:46,ROUTINE_PATROL_SCAN,PRESCRIPTION_NARCOTICS,ACTION_COMPLETED,CRIME_BRANCH,87
PR-2026-00301,62,Tenkasi Town PS 3,15,Tenkasi,2025-11-10 23:34:23,RAID_SEIZURE,CHEMICAL_PRECURSORS,VERIFIED_INCIDENT,HIGHWAY_PATROL,96
PR-2026-00302,110,Ariyalur Town PS 1,26,Ariyalur,2026-03-01 07:47:09,TIP_VERIFICATION,CHEMICAL_PRECURSORS,VERIFIED_INCIDENT,STATION_BEAT,87
PR-2026-00303,113,Ariyalur Town PS 4,26,Ariyalur,2025-11-22 08:19:48,CHECKPOST_INTERCEPTION,CHEMICAL_PRECURSORS,UNDER_INVESTIGATION,PROHIBITION_WING,85
PR-2026-00304,30,Tiruppur Town PS 3,7,Tiruppur,2025-05-21 01:32:07,CHECKPOST_INTERCEPTION,COMMERCIAL_GANJA,ACTION_COMPLETED,STATION_BEAT,79
PR-2026-00305,166,Tiruvannamalai Town PS 2,38,Tiruvannamalai,2024-10-26 21:14:29,CHECKPOST_INTERCEPTION,SYNTHETIC_MDMA,VERIFIED_INCIDENT,HIGHWAY_PATROL,85
PR-2026-00306,166,Tiruvannamalai Town PS 2,38,Tiruvannamalai,2025-11-01 19:20:02,ROUTINE_PATROL_SCAN,OPIOID_ANALOGUES,ACTION_COMPLETED,HIGHWAY_PATROL,90
PR-2026-00307,71,Chengalpattu Town PS 2,17,Chengalpattu,2025-02-13 19:42:56,RAID_SEIZURE,OPIOID_ANALOGUES,UNDER_INVESTIGATION,STATION_BEAT,86
PR-2026-00308,74,Chengalpattu Town PS 5,17,Chengalpattu,2026-06-28 12:58:38,RAID_SEIZURE,CHEMICAL_PRECURSORS,VERIFIED_INCIDENT,STATION_BEAT,76
PR-2026-00309,82,Cuddalore Town PS 5,19,Cuddalore,2025-05-28 16:17:52,RAID_SEIZURE,PRESCRIPTION_NARCOTICS,ACTION_COMPLETED,CRIME_BRANCH,81
PR-2026-00310,88,Kallakurichi Town PS 2,21,Kallakurichi,2024-12-20 11:40:41,RAID_SEIZURE,CHEMICAL_PRECURSORS,ACTION_COMPLETED,STATION_BEAT,78
PR-2026-00311,115,Perambalur Town PS 2,27,Perambalur,2026-01-25 14:48:35,CHECKPOST_INTERCEPTION,COMMERCIAL_GANJA,ACTION_COMPLETED,CRIME_BRANCH,92
PR-2026-00312,30,Tiruppur Town PS 3,7,Tiruppur,2025-03-02 09:05:13,ROUTINE_PATROL_SCAN,SYNTHETIC_MDMA,ACTION_COMPLETED,HIGHWAY_PATROL,96
PR-2026-00313,36,Vellore Town PS 3,9,Vellore,2025-09-19 19:36:27,TIP_VERIFICATION,UNKNOWN_CONTRABAND,VERIFIED_INCIDENT,STATION_BEAT,78
PR-2026-00314,75,Tiruvallur Town PS 1,18,Tiruvallur,2025-07-26 22:48:29,ROUTINE_PATROL_SCAN,SYNTHETIC_MDMA,VERIFIED_INCIDENT,HIGHWAY_PATROL,78
PR-2026-00315,118,Pudukkottai Town PS 1,28,Pudukkottai,2026-04-28 14:38:32,CHECKPOST_INTERCEPTION,SYNTHETIC_MDMA,UNDER_INVESTIGATION,CRIME_BRANCH,89
PR-2026-00316,116,Perambalur Town PS 3,27,Perambalur,2025-01-09 14:17:04,RAID_SEIZURE,SYNTHETIC_MDMA,UNDER_INVESTIGATION,STATION_BEAT,96
PR-2026-00317,115,Perambalur Town PS 2,27,Perambalur,2024-10-17 10:26:43,ROUTINE_PATROL_SCAN,PRESCRIPTION_NARCOTICS,VERIFIED_INCIDENT,STATION_BEAT,78
PR-2026-00318,150,Nagapattinam Town PS 4,34,Nagapattinam,2026-03-27 02:24:05,TIP_VERIFICATION,UNKNOWN_CONTRABAND,ACTION_COMPLETED,HIGHWAY_PATROL,81
PR-2026-00319,158,Ranipet Town PS 3,36,Ranipet,2026-05-19 06:24:56,TIP_VERIFICATION,SYNTHETIC_MDMA,ACTION_COMPLETED,HIGHWAY_PATROL,88
PR-2026-00320,147,Nagapattinam Town PS 1,34,Nagapattinam,2026-07-15 05:22:33,CHECKPOST_INTERCEPTION,SYNTHETIC_MDMA,UNDER_INVESTIGATION,HIGHWAY_PATROL,81
PR-2026-00321,38,Krishnagiri Town PS 2,10,Krishnagiri,2026-03-03 00:35:57,CHECKPOST_INTERCEPTION,SYNTHETIC_MDMA,VERIFIED_INCIDENT,STATION_BEAT,91
PR-2026-00322,137,Virudhunagar Town PS 6,31,Virudhunagar,2024-12-23 03:21:38,RAID_SEIZURE,UNKNOWN_CONTRABAND,ACTION_COMPLETED,STATION_BEAT,80
PR-2026-00323,65,Kancheepuram Town PS 1,16,Kancheepuram,2025-01-14 21:12:56,ROUTINE_PATROL_SCAN,CHEMICAL_PRECURSORS,VERIFIED_INCIDENT,HIGHWAY_PATROL,94
PR-2026-00324,155,Mayiladuthurai Town PS 5,35,Mayiladuthurai,2025-08-21 03:16:10,ROUTINE_PATROL_SCAN,CHEMICAL_PRECURSORS,UNDER_INVESTIGATION,STATION_BEAT,90
PR-2026-00325,165,Tiruvannamalai Town PS 1,38,Tiruvannamalai,2024-09-28 18:59:53,TIP_VERIFICATION,PRESCRIPTION_NARCOTICS,VERIFIED_INCIDENT,HIGHWAY_PATROL,78
PR-2026-00326,152,Mayiladuthurai Town PS 2,35,Mayiladuthurai,2025-08-12 07:30:44,CHECKPOST_INTERCEPTION,CHEMICAL_PRECURSORS,UNDER_INVESTIGATION,CRIME_BRANCH,87
PR-2026-00327,28,Tiruppur Town PS 1,7,Tiruppur,2026-08-05 21:42:06,RAID_SEIZURE,PRESCRIPTION_NARCOTICS,VERIFIED_INCIDENT,PROHIBITION_WING,96
PR-2026-00328,126,Sivaganga Town PS 4,29,Sivaganga,2024-10-04 21:58:54,ROUTINE_PATROL_SCAN,SYNTHETIC_MDMA,ACTION_COMPLETED,PROHIBITION_WING,92
PR-2026-00329,37,Krishnagiri Town PS 1,10,Krishnagiri,2024-09-29 08:01:37,CHECKPOST_INTERCEPTION,SYNTHETIC_MDMA,ACTION_COMPLETED,STATION_BEAT,90
PR-2026-00330,103,Nilgiris Town PS 1,24,Nilgiris,2026-01-07 14:32:22,ROUTINE_PATROL_SCAN,OPIOID_ANALOGUES,ACTION_COMPLETED,STATION_BEAT,87
PR-2026-00331,128,Ramanathapuram Town PS 2,30,Ramanathapuram,2025-07-13 19:22:56,RAID_SEIZURE,CHEMICAL_PRECURSORS,VERIFIED_INCIDENT,PROHIBITION_WING,90
PR-2026-00332,70,Chengalpattu Town PS 1,17,Chengalpattu,2024-11-21 10:17:42,CHECKPOST_INTERCEPTION,PRESCRIPTION_NARCOTICS,ACTION_COMPLETED,HIGHWAY_PATROL,87
PR-2026-00333,165,Tiruvannamalai Town PS 1,38,Tiruvannamalai,2025-10-18 07:50:44,CHECKPOST_INTERCEPTION,SYNTHETIC_MDMA,UNDER_INVESTIGATION,CRIME_BRANCH,92
PR-2026-00334,109,Karur Town PS 3,25,Karur,2026-02-06 19:17:37,TIP_VERIFICATION,UNKNOWN_CONTRABAND,VERIFIED_INCIDENT,STATION_BEAT,84
PR-2026-00335,160,Ranipet Town PS 5,36,Ranipet,2026-05-27 16:15:20,ROUTINE_PATROL_SCAN,COMMERCIAL_GANJA,VERIFIED_INCIDENT,HIGHWAY_PATROL,87
PR-2026-00336,105,Nilgiris Town PS 3,24,Nilgiris,2026-06-28 05:37:18,RAID_SEIZURE,COMMERCIAL_GANJA,ACTION_COMPLETED,HIGHWAY_PATROL,88
PR-2026-00337,65,Kancheepuram Town PS 1,16,Kancheepuram,2024-11-28 20:39:36,TIP_VERIFICATION,OPIOID_ANALOGUES,ACTION_COMPLETED,HIGHWAY_PATROL,88
PR-2026-00338,18,Tiruchirappalli Town PS 1,5,Tiruchirappalli,2026-07-15 04:25:50,CHECKPOST_INTERCEPTION,CHEMICAL_PRECURSORS,VERIFIED_INCIDENT,HIGHWAY_PATROL,86
PR-2026-00339,97,Dharmapuri Town PS 5,22,Dharmapuri,2025-10-01 09:43:22,ROUTINE_PATROL_SCAN,OPIOID_ANALOGUES,UNDER_INVESTIGATION,STATION_BEAT,94
PR-2026-00340,106,Nilgiris Town PS 4,24,Nilgiris,2025-07-24 08:39:05,TIP_VERIFICATION,COMMERCIAL_GANJA,ACTION_COMPLETED,HIGHWAY_PATROL,84
PR-2026-00341,4,Coimbatore Town PS 1,2,Coimbatore,2025-08-21 01:47:16,ROUTINE_PATROL_SCAN,CHEMICAL_PRECURSORS,VERIFIED_INCIDENT,PROHIBITION_WING,91
PR-2026-00342,22,Tiruchirappalli Town PS 5,5,Tiruchirappalli,2025-02-02 06:57:59,TIP_VERIFICATION,COMMERCIAL_GANJA,VERIFIED_INCIDENT,STATION_BEAT,88
PR-2026-00343,88,Kallakurichi Town PS 2,21,Kallakurichi,2026-06-07 13:50:42,TIP_VERIFICATION,COMMERCIAL_GANJA,UNDER_INVESTIGATION,STATION_BEAT,97
PR-2026-00344,30,Tiruppur Town PS 3,7,Tiruppur,2025-12-18 15:48:34,ROUTINE_PATROL_SCAN,CHEMICAL_PRECURSORS,VERIFIED_INCIDENT,STATION_BEAT,95
PR-2026-00345,83,Cuddalore Town PS 6,19,Cuddalore,2025-02-28 19:06:23,TIP_VERIFICATION,PRESCRIPTION_NARCOTICS,UNDER_INVESTIGATION,PROHIBITION_WING,87
PR-2026-00346,87,Kallakurichi Town PS 1,21,Kallakurichi,2026-07-22 16:10:16,TIP_VERIFICATION,SYNTHETIC_MDMA,UNDER_INVESTIGATION,PROHIBITION_WING,76
PR-2026-00347,110,Ariyalur Town PS 1,26,Ariyalur,2026-03-12 22:56:01,CHECKPOST_INTERCEPTION,COMMERCIAL_GANJA,VERIFIED_INCIDENT,CRIME_BRANCH,84
PR-2026-00348,141,Thiruvarur Town PS 1,33,Thiruvarur,2025-11-25 11:12:22,CHECKPOST_INTERCEPTION,UNKNOWN_CONTRABAND,UNDER_INVESTIGATION,HIGHWAY_PATROL,79
PR-2026-00349,53,Thoothukudi Town PS 6,13,Thoothukudi,2025-09-09 10:21:56,RAID_SEIZURE,OPIOID_ANALOGUES,VERIFIED_INCIDENT,PROHIBITION_WING,92
PR-2026-00350,87,Kallakurichi Town PS 1,21,Kallakurichi,2025-11-01 01:30:21,TIP_VERIFICATION,OPIOID_ANALOGUES,UNDER_INVESTIGATION,HIGHWAY_PATROL,96
PR-2026-00351,30,Tiruppur Town PS 3,7,Tiruppur,2025-12-04 14:10:58,CHECKPOST_INTERCEPTION,CHEMICAL_PRECURSORS,UNDER_INVESTIGATION,CRIME_BRANCH,82
PR-2026-00352,128,Ramanathapuram Town PS 2,30,Ramanathapuram,2025-06-28 17:31:43,TIP_VERIFICATION,UNKNOWN_CONTRABAND,VERIFIED_INCIDENT,PROHIBITION_WING,90
PR-2026-00353,164,Tirupathur Town PS 4,37,Tirupathur,2025-12-21 21:19:32,CHECKPOST_INTERCEPTION,PRESCRIPTION_NARCOTICS,ACTION_COMPLETED,PROHIBITION_WING,85
PR-2026-00354,164,Tirupathur Town PS 4,37,Tirupathur,2026-06-25 03:49:58,RAID_SEIZURE,UNKNOWN_CONTRABAND,ACTION_COMPLETED,STATION_BEAT,79
PR-2026-00355,32,Erode Town PS 2,8,Erode,2024-11-08 22:24:47,ROUTINE_PATROL_SCAN,PRESCRIPTION_NARCOTICS,VERIFIED_INCIDENT,PROHIBITION_WING,79
PR-2026-00356,91,Kallakurichi Town PS 5,21,Kallakurichi,2024-10-19 13:49:53,CHECKPOST_INTERCEPTION,COMMERCIAL_GANJA,ACTION_COMPLETED,PROHIBITION_WING,97
PR-2026-00357,1,Chennai Town PS 1,1,Chennai,2026-07-12 23:42:43,RAID_SEIZURE,PRESCRIPTION_NARCOTICS,UNDER_INVESTIGATION,PROHIBITION_WING,94
PR-2026-00358,75,Tiruvallur Town PS 1,18,Tiruvallur,2024-12-28 07:14:47,RAID_SEIZURE,OPIOID_ANALOGUES,VERIFIED_INCIDENT,HIGHWAY_PATROL,92
PR-2026-00359,154,Mayiladuthurai Town PS 4,35,Mayiladuthurai,2026-06-18 23:25:43,ROUTINE_PATROL_SCAN,OPIOID_ANALOGUES,VERIFIED_INCIDENT,HIGHWAY_PATROL,76
PR-2026-00360,96,Dharmapuri Town PS 4,22,Dharmapuri,2024-11-26 21:05:39,ROUTINE_PATROL_SCAN,CHEMICAL_PRECURSORS,VERIFIED_INCIDENT,PROHIBITION_WING,91
PR-2026-00361,23,Tiruchirappalli Town PS 6,5,Tiruchirappalli,2024-12-20 01:22:14,CHECKPOST_INTERCEPTION,OPIOID_ANALOGUES,ACTION_COMPLETED,HIGHWAY_PATROL,82
PR-2026-00362,158,Ranipet Town PS 3,36,Ranipet,2025-01-02 09:36:11,ROUTINE_PATROL_SCAN,COMMERCIAL_GANJA,ACTION_COMPLETED,HIGHWAY_PATROL,80
PR-2026-00363,56,Kanniyakumari Town PS 3,14,Kanniyakumari,2025-11-13 01:13:44,RAID_SEIZURE,SYNTHETIC_MDMA,VERIFIED_INCIDENT,STATION_BEAT,98
PR-2026-00364,40,Dindigul Town PS 1,11,Dindigul,2025-02-05 19:48:19,ROUTINE_PATROL_SCAN,SYNTHETIC_MDMA,VERIFIED_INCIDENT,PROHIBITION_WING,87
PR-2026-00365,31,Erode Town PS 1,8,Erode,2026-06-12 21:37:08,ROUTINE_PATROL_SCAN,CHEMICAL_PRECURSORS,VERIFIED_INCIDENT,CRIME_BRANCH,89
PR-2026-00366,153,Mayiladuthurai Town PS 3,35,Mayiladuthurai,2025-09-13 13:18:00,ROUTINE_PATROL_SCAN,UNKNOWN_CONTRABAND,UNDER_INVESTIGATION,CRIME_BRANCH,84
PR-2026-00367,65,Kancheepuram Town PS 1,16,Kancheepuram,2025-09-11 14:45:57,TIP_VERIFICATION,UNKNOWN_CONTRABAND,VERIFIED_INCIDENT,PROHIBITION_WING,87
PR-2026-00368,93,Dharmapuri Town PS 1,22,Dharmapuri,2024-10-23 21:54:55,TIP_VERIFICATION,SYNTHETIC_MDMA,ACTION_COMPLETED,STATION_BEAT,79
PR-2026-00369,45,Thanjavur Town PS 2,12,Thanjavur,2025-11-29 15:34:55,ROUTINE_PATROL_SCAN,OPIOID_ANALOGUES,ACTION_COMPLETED,PROHIBITION_WING,89
PR-2026-00370,36,Vellore Town PS 3,9,Vellore,2026-06-04 22:59:36,RAID_SEIZURE,PRESCRIPTION_NARCOTICS,UNDER_INVESTIGATION,HIGHWAY_PATROL,90
PR-2026-00371,112,Ariyalur Town PS 3,26,Ariyalur,2025-01-11 14:35:35,CHECKPOST_INTERCEPTION,COMMERCIAL_GANJA,VERIFIED_INCIDENT,PROHIBITION_WING,87
PR-2026-00372,111,Ariyalur Town PS 2,26,Ariyalur,2024-12-30 14:02:09,CHECKPOST_INTERCEPTION,PRESCRIPTION_NARCOTICS,ACTION_COMPLETED,HIGHWAY_PATROL,88
PR-2026-00373,8,Coimbatore Town PS 5,2,Coimbatore,2025-10-21 12:07:47,RAID_SEIZURE,OPIOID_ANALOGUES,ACTION_COMPLETED,PROHIBITION_WING,97
PR-2026-00374,55,Kanniyakumari Town PS 2,14,Kanniyakumari,2025-02-28 19:18:46,ROUTINE_PATROL_SCAN,OPIOID_ANALOGUES,UNDER_INVESTIGATION,PROHIBITION_WING,85
PR-2026-00375,30,Tiruppur Town PS 3,7,Tiruppur,2025-02-13 23:38:59,ROUTINE_PATROL_SCAN,UNKNOWN_CONTRABAND,ACTION_COMPLETED,CRIME_BRANCH,77
PR-2026-00376,105,Nilgiris Town PS 3,24,Nilgiris,2025-10-20 18:53:07,RAID_SEIZURE,UNKNOWN_CONTRABAND,ACTION_COMPLETED,CRIME_BRANCH,84
PR-2026-00377,26,Tirunelveli Town PS 3,6,Tirunelveli,2025-12-31 19:13:48,RAID_SEIZURE,CHEMICAL_PRECURSORS,VERIFIED_INCIDENT,PROHIBITION_WING,98
PR-2026-00378,121,Pudukkottai Town PS 4,28,Pudukkottai,2026-08-18 19:51:11,ROUTINE_PATROL_SCAN,SYNTHETIC_MDMA,UNDER_INVESTIGATION,STATION_BEAT,78
PR-2026-00379,91,Kallakurichi Town PS 5,21,Kallakurichi,2025-08-13 23:41:56,ROUTINE_PATROL_SCAN,PRESCRIPTION_NARCOTICS,VERIFIED_INCIDENT,STATION_BEAT,88
PR-2026-00380,90,Kallakurichi Town PS 4,21,Kallakurichi,2026-03-26 18:26:47,CHECKPOST_INTERCEPTION,PRESCRIPTION_NARCOTICS,ACTION_COMPLETED,STATION_BEAT,98
PR-2026-00381,73,Chengalpattu Town PS 4,17,Chengalpattu,2025-08-22 18:51:43,TIP_VERIFICATION,CHEMICAL_PRECURSORS,ACTION_COMPLETED,STATION_BEAT,88
PR-2026-00382,60,Tenkasi Town PS 1,15,Tenkasi,2024-12-31 03:54:03,CHECKPOST_INTERCEPTION,COMMERCIAL_GANJA,UNDER_INVESTIGATION,HIGHWAY_PATROL,82
PR-2026-00383,107,Karur Town PS 1,25,Karur,2025-10-25 21:42:18,CHECKPOST_INTERCEPTION,SYNTHETIC_MDMA,UNDER_INVESTIGATION,HIGHWAY_PATROL,98
PR-2026-00384,94,Dharmapuri Town PS 2,22,Dharmapuri,2025-08-03 08:18:40,TIP_VERIFICATION,COMMERCIAL_GANJA,VERIFIED_INCIDENT,PROHIBITION_WING,78
PR-2026-00385,51,Thoothukudi Town PS 4,13,Thoothukudi,2025-08-20 21:42:25,CHECKPOST_INTERCEPTION,OPIOID_ANALOGUES,UNDER_INVESTIGATION,CRIME_BRANCH,90
PR-2026-00386,108,Karur Town PS 2,25,Karur,2024-11-04 13:54:51,RAID_SEIZURE,PRESCRIPTION_NARCOTICS,VERIFIED_INCIDENT,HIGHWAY_PATROL,89
PR-2026-00387,110,Ariyalur Town PS 1,26,Ariyalur,2025-11-30 07:26:27,RAID_SEIZURE,UNKNOWN_CONTRABAND,ACTION_COMPLETED,CRIME_BRANCH,93
PR-2026-00388,120,Pudukkottai Town PS 3,28,Pudukkottai,2025-03-12 02:28:48,CHECKPOST_INTERCEPTION,UNKNOWN_CONTRABAND,VERIFIED_INCIDENT,STATION_BEAT,90
PR-2026-00389,23,Tiruchirappalli Town PS 6,5,Tiruchirappalli,2026-05-27 06:00:49,ROUTINE_PATROL_SCAN,UNKNOWN_CONTRABAND,VERIFIED_INCIDENT,STATION_BEAT,91
PR-2026-00390,29,Tiruppur Town PS 2,7,Tiruppur,2025-06-18 19:41:37,CHECKPOST_INTERCEPTION,COMMERCIAL_GANJA,VERIFIED_INCIDENT,PROHIBITION_WING,85
PR-2026-00391,63,Tenkasi Town PS 4,15,Tenkasi,2025-02-19 04:42:32,CHECKPOST_INTERCEPTION,OPIOID_ANALOGUES,ACTION_COMPLETED,CRIME_BRANCH,96
PR-2026-00392,24,Tirunelveli Town PS 1,6,Tirunelveli,2025-11-30 16:52:29,RAID_SEIZURE,OPIOID_ANALOGUES,VERIFIED_INCIDENT,HIGHWAY_PATROL,83
PR-2026-00393,93,Dharmapuri Town PS 1,22,Dharmapuri,2025-08-30 03:46:36,CHECKPOST_INTERCEPTION,SYNTHETIC_MDMA,ACTION_COMPLETED,PROHIBITION_WING,79
PR-2026-00394,75,Tiruvallur Town PS 1,18,Tiruvallur,2025-05-18 09:12:07,CHECKPOST_INTERCEPTION,COMMERCIAL_GANJA,UNDER_INVESTIGATION,PROHIBITION_WING,98
PR-2026-00395,90,Kallakurichi Town PS 4,21,Kallakurichi,2025-06-17 11:02:12,RAID_SEIZURE,COMMERCIAL_GANJA,VERIFIED_INCIDENT,CRIME_BRANCH,90
PR-2026-00396,132,Virudhunagar Town PS 1,31,Virudhunagar,2025-09-28 06:05:08,RAID_SEIZURE,CHEMICAL_PRECURSORS,ACTION_COMPLETED,CRIME_BRANCH,81
PR-2026-00397,133,Virudhunagar Town PS 2,31,Virudhunagar,2024-12-20 19:32:45,ROUTINE_PATROL_SCAN,SYNTHETIC_MDMA,UNDER_INVESTIGATION,HIGHWAY_PATROL,82
PR-2026-00398,135,Virudhunagar Town PS 4,31,Virudhunagar,2026-03-16 17:17:04,TIP_VERIFICATION,SYNTHETIC_MDMA,ACTION_COMPLETED,STATION_BEAT,75
PR-2026-00399,72,Chengalpattu Town PS 3,17,Chengalpattu,2026-07-30 06:59:53,CHECKPOST_INTERCEPTION,SYNTHETIC_MDMA,ACTION_COMPLETED,STATION_BEAT,97
PR-2026-00400,30,Tiruppur Town PS 3,7,Tiruppur,2025-09-27 17:17:34,ROUTINE_PATROL_SCAN,SYNTHETIC_MDMA,VERIFIED_INCIDENT,HIGHWAY_PATROL,76
PR-2026-00401,134,Virudhunagar Town PS 3,31,Virudhunagar,2026-08-04 22:22:26,ROUTINE_PATROL_SCAN,SYNTHETIC_MDMA,VERIFIED_INCIDENT,STATION_BEAT,80
PR-2026-00402,29,Tiruppur Town PS 2,7,Tiruppur,2025-08-18 14:34:55,CHECKPOST_INTERCEPTION,OPIOID_ANALOGUES,UNDER_INVESTIGATION,STATION_BEAT,83
PR-2026-00403,167,Tiruvannamalai Town PS 3,38,Tiruvannamalai,2025-03-30 21:00:29,RAID_SEIZURE,COMMERCIAL_GANJA,VERIFIED_INCIDENT,CRIME_BRANCH,89
PR-2026-00404,4,Coimbatore Town PS 1,2,Coimbatore,2025-12-13 21:21:18,TIP_VERIFICATION,PRESCRIPTION_NARCOTICS,VERIFIED_INCIDENT,CRIME_BRANCH,81
PR-2026-00405,94,Dharmapuri Town PS 2,22,Dharmapuri,2025-06-07 13:26:03,ROUTINE_PATROL_SCAN,PRESCRIPTION_NARCOTICS,ACTION_COMPLETED,CRIME_BRANCH,98
PR-2026-00406,2,Chennai Town PS 2,1,Chennai,2026-07-14 20:27:22,ROUTINE_PATROL_SCAN,SYNTHETIC_MDMA,UNDER_INVESTIGATION,HIGHWAY_PATROL,79
PR-2026-00407,62,Tenkasi Town PS 3,15,Tenkasi,2025-11-15 13:48:36,TIP_VERIFICATION,PRESCRIPTION_NARCOTICS,UNDER_INVESTIGATION,HIGHWAY_PATROL,98
PR-2026-00408,122,Pudukkottai Town PS 5,28,Pudukkottai,2026-03-10 13:38:48,RAID_SEIZURE,COMMERCIAL_GANJA,VERIFIED_INCIDENT,STATION_BEAT,88
PR-2026-00409,62,Tenkasi Town PS 3,15,Tenkasi,2026-01-30 06:54:47,ROUTINE_PATROL_SCAN,OPIOID_ANALOGUES,ACTION_COMPLETED,HIGHWAY_PATROL,83
PR-2026-00410,10,Madurai Town PS 1,3,Madurai,2025-10-20 20:18:13,RAID_SEIZURE,SYNTHETIC_MDMA,VERIFIED_INCIDENT,STATION_BEAT,85
PR-2026-00411,102,Namakkal Town PS 5,23,Namakkal,2025-05-23 12:49:59,TIP_VERIFICATION,UNKNOWN_CONTRABAND,ACTION_COMPLETED,STATION_BEAT,77
PR-2026-00412,120,Pudukkottai Town PS 3,28,Pudukkottai,2025-06-19 14:29:36,CHECKPOST_INTERCEPTION,SYNTHETIC_MDMA,VERIFIED_INCIDENT,HIGHWAY_PATROL,83
PR-2026-00413,25,Tirunelveli Town PS 2,6,Tirunelveli,2024-12-19 04:41:08,RAID_SEIZURE,CHEMICAL_PRECURSORS,VERIFIED_INCIDENT,HIGHWAY_PATROL,81
PR-2026-00414,97,Dharmapuri Town PS 5,22,Dharmapuri,2025-06-29 10:18:01,CHECKPOST_INTERCEPTION,UNKNOWN_CONTRABAND,VERIFIED_INCIDENT,PROHIBITION_WING,94
PR-2026-00415,107,Karur Town PS 1,25,Karur,2024-10-18 22:48:42,ROUTINE_PATROL_SCAN,PRESCRIPTION_NARCOTICS,VERIFIED_INCIDENT,PROHIBITION_WING,93
PR-2026-00416,62,Tenkasi Town PS 3,15,Tenkasi,2025-10-16 05:10:53,CHECKPOST_INTERCEPTION,OPIOID_ANALOGUES,ACTION_COMPLETED,CRIME_BRANCH,82
PR-2026-00417,2,Chennai Town PS 2,1,Chennai,2026-02-07 08:47:31,RAID_SEIZURE,COMMERCIAL_GANJA,VERIFIED_INCIDENT,CRIME_BRANCH,85
PR-2026-00418,106,Nilgiris Town PS 4,24,Nilgiris,2026-06-16 05:34:33,TIP_VERIFICATION,CHEMICAL_PRECURSORS,ACTION_COMPLETED,CRIME_BRANCH,86
PR-2026-00419,85,Viluppuram Town PS 2,20,Viluppuram,2025-05-02 01:55:37,RAID_SEIZURE,PRESCRIPTION_NARCOTICS,VERIFIED_INCIDENT,STATION_BEAT,93
PR-2026-00420,149,Nagapattinam Town PS 3,34,Nagapattinam,2024-12-03 13:52:21,CHECKPOST_INTERCEPTION,PRESCRIPTION_NARCOTICS,VERIFIED_INCIDENT,STATION_BEAT,97
PR-2026-00421,70,Chengalpattu Town PS 1,17,Chengalpattu,2026-03-21 03:07:43,CHECKPOST_INTERCEPTION,COMMERCIAL_GANJA,VERIFIED_INCIDENT,CRIME_BRANCH,92
PR-2026-00422,2,Chennai Town PS 2,1,Chennai,2026-02-12 02:41:01,ROUTINE_PATROL_SCAN,SYNTHETIC_MDMA,VERIFIED_INCIDENT,CRIME_BRANCH,93
PR-2026-00423,39,Krishnagiri Town PS 3,10,Krishnagiri,2026-03-09 17:49:37,CHECKPOST_INTERCEPTION,CHEMICAL_PRECURSORS,UNDER_INVESTIGATION,HIGHWAY_PATROL,82
PR-2026-00424,94,Dharmapuri Town PS 2,22,Dharmapuri,2026-02-21 01:11:10,CHECKPOST_INTERCEPTION,PRESCRIPTION_NARCOTICS,ACTION_COMPLETED,CRIME_BRANCH,89
PR-2026-00425,80,Cuddalore Town PS 3,19,Cuddalore,2024-09-19 11:27:03,TIP_VERIFICATION,COMMERCIAL_GANJA,UNDER_INVESTIGATION,STATION_BEAT,89
PR-2026-00426,39,Krishnagiri Town PS 3,10,Krishnagiri,2024-12-18 20:03:05,TIP_VERIFICATION,COMMERCIAL_GANJA,VERIFIED_INCIDENT,PROHIBITION_WING,95
PR-2026-00427,54,Kanniyakumari Town PS 1,14,Kanniyakumari,2026-03-25 11:12:28,CHECKPOST_INTERCEPTION,COMMERCIAL_GANJA,UNDER_INVESTIGATION,CRIME_BRANCH,85
PR-2026-00428,95,Dharmapuri Town PS 3,22,Dharmapuri,2025-04-21 01:02:25,TIP_VERIFICATION,PRESCRIPTION_NARCOTICS,VERIFIED_INCIDENT,PROHIBITION_WING,79
PR-2026-00429,7,Coimbatore Town PS 4,2,Coimbatore,2026-01-08 00:46:13,TIP_VERIFICATION,SYNTHETIC_MDMA,UNDER_INVESTIGATION,HIGHWAY_PATROL,85
PR-2026-00430,42,Dindigul Town PS 3,11,Dindigul,2024-12-20 15:21:25,TIP_VERIFICATION,OPIOID_ANALOGUES,VERIFIED_INCIDENT,CRIME_BRANCH,80
PR-2026-00431,108,Karur Town PS 2,25,Karur,2025-12-05 17:32:24,CHECKPOST_INTERCEPTION,COMMERCIAL_GANJA,VERIFIED_INCIDENT,STATION_BEAT,98
PR-2026-00432,37,Krishnagiri Town PS 1,10,Krishnagiri,2025-06-09 14:47:33,ROUTINE_PATROL_SCAN,SYNTHETIC_MDMA,UNDER_INVESTIGATION,PROHIBITION_WING,83
PR-2026-00433,14,Salem Town PS 1,4,Salem,2024-11-07 15:27:17,CHECKPOST_INTERCEPTION,COMMERCIAL_GANJA,UNDER_INVESTIGATION,CRIME_BRANCH,75
PR-2026-00434,126,Sivaganga Town PS 4,29,Sivaganga,2025-02-27 18:13:33,ROUTINE_PATROL_SCAN,UNKNOWN_CONTRABAND,ACTION_COMPLETED,CRIME_BRANCH,88
PR-2026-00435,112,Ariyalur Town PS 3,26,Ariyalur,2026-05-24 12:59:54,RAID_SEIZURE,SYNTHETIC_MDMA,UNDER_INVESTIGATION,CRIME_BRANCH,82
PR-2026-00436,48,Thoothukudi Town PS 1,13,Thoothukudi,2024-11-04 03:05:12,CHECKPOST_INTERCEPTION,CHEMICAL_PRECURSORS,UNDER_INVESTIGATION,PROHIBITION_WING,88
PR-2026-00437,123,Sivaganga Town PS 1,29,Sivaganga,2025-05-17 13:25:34,TIP_VERIFICATION,COMMERCIAL_GANJA,ACTION_COMPLETED,HIGHWAY_PATROL,90
PR-2026-00438,153,Mayiladuthurai Town PS 3,35,Mayiladuthurai,2026-07-01 20:41:42,RAID_SEIZURE,UNKNOWN_CONTRABAND,UNDER_INVESTIGATION,STATION_BEAT,91
PR-2026-00439,106,Nilgiris Town PS 4,24,Nilgiris,2025-04-13 11:32:28,TIP_VERIFICATION,COMMERCIAL_GANJA,VERIFIED_INCIDENT,CRIME_BRANCH,77
PR-2026-00440,36,Vellore Town PS 3,9,Vellore,2025-01-15 00:32:34,RAID_SEIZURE,OPIOID_ANALOGUES,UNDER_INVESTIGATION,PROHIBITION_WING,90
PR-2026-00441,33,Erode Town PS 3,8,Erode,2025-09-24 07:01:49,TIP_VERIFICATION,UNKNOWN_CONTRABAND,VERIFIED_INCIDENT,STATION_BEAT,85
PR-2026-00442,20,Tiruchirappalli Town PS 3,5,Tiruchirappalli,2026-07-10 18:07:36,TIP_VERIFICATION,PRESCRIPTION_NARCOTICS,VERIFIED_INCIDENT,PROHIBITION_WING,90
PR-2026-00443,41,Dindigul Town PS 2,11,Dindigul,2024-12-11 02:18:04,TIP_VERIFICATION,SYNTHETIC_MDMA,ACTION_COMPLETED,PROHIBITION_WING,98
PR-2026-00444,78,Cuddalore Town PS 1,19,Cuddalore,2026-03-21 17:49:41,CHECKPOST_INTERCEPTION,PRESCRIPTION_NARCOTICS,ACTION_COMPLETED,CRIME_BRANCH,94
PR-2026-00445,97,Dharmapuri Town PS 5,22,Dharmapuri,2026-06-06 10:59:14,TIP_VERIFICATION,UNKNOWN_CONTRABAND,VERIFIED_INCIDENT,HIGHWAY_PATROL,85
PR-2026-00446,110,Ariyalur Town PS 1,26,Ariyalur,2024-11-17 17:02:28,ROUTINE_PATROL_SCAN,SYNTHETIC_MDMA,VERIFIED_INCIDENT,CRIME_BRANCH,82
PR-2026-00447,119,Pudukkottai Town PS 2,28,Pudukkottai,2025-11-26 11:41:59,RAID_SEIZURE,COMMERCIAL_GANJA,ACTION_COMPLETED,PROHIBITION_WING,81
PR-2026-00448,2,Chennai Town PS 2,1,Chennai,2024-12-12 06:30:00,RAID_SEIZURE,COMMERCIAL_GANJA,UNDER_INVESTIGATION,STATION_BEAT,85
PR-2026-00449,82,Cuddalore Town PS 5,19,Cuddalore,2026-04-27 11:59:37,CHECKPOST_INTERCEPTION,UNKNOWN_CONTRABAND,UNDER_INVESTIGATION,HIGHWAY_PATROL,84
PR-2026-00450,31,Erode Town PS 1,8,Erode,2025-04-15 04:24:50,RAID_SEIZURE,SYNTHETIC_MDMA,ACTION_COMPLETED,STATION_BEAT,96
PR-2026-00451,119,Pudukkottai Town PS 2,28,Pudukkottai,2025-12-06 06:36:01,TIP_VERIFICATION,SYNTHETIC_MDMA,UNDER_INVESTIGATION,STATION_BEAT,94
PR-2026-00452,55,Kanniyakumari Town PS 2,14,Kanniyakumari,2026-04-22 13:14:31,TIP_VERIFICATION,PRESCRIPTION_NARCOTICS,UNDER_INVESTIGATION,CRIME_BRANCH,90
PR-2026-00453,110,Ariyalur Town PS 1,26,Ariyalur,2026-01-11 19:53:58,RAID_SEIZURE,CHEMICAL_PRECURSORS,VERIFIED_INCIDENT,HIGHWAY_PATROL,76
PR-2026-00454,42,Dindigul Town PS 3,11,Dindigul,2026-03-28 21:09:56,RAID_SEIZURE,CHEMICAL_PRECURSORS,VERIFIED_INCIDENT,CRIME_BRANCH,76
PR-2026-00455,155,Mayiladuthurai Town PS 5,35,Mayiladuthurai,2025-04-06 01:56:06,ROUTINE_PATROL_SCAN,COMMERCIAL_GANJA,ACTION_COMPLETED,STATION_BEAT,76
PR-2026-00456,3,Chennai Town PS 3,1,Chennai,2026-05-05 22:32:40,CHECKPOST_INTERCEPTION,UNKNOWN_CONTRABAND,ACTION_COMPLETED,CRIME_BRANCH,87
PR-2026-00457,135,Virudhunagar Town PS 4,31,Virudhunagar,2026-07-02 15:31:50,ROUTINE_PATROL_SCAN,CHEMICAL_PRECURSORS,UNDER_INVESTIGATION,STATION_BEAT,86
PR-2026-00458,33,Erode Town PS 3,8,Erode,2026-01-18 15:15:06,ROUTINE_PATROL_SCAN,UNKNOWN_CONTRABAND,UNDER_INVESTIGATION,HIGHWAY_PATROL,81
PR-2026-00459,166,Tiruvannamalai Town PS 2,38,Tiruvannamalai,2026-06-05 20:52:13,TIP_VERIFICATION,UNKNOWN_CONTRABAND,VERIFIED_INCIDENT,STATION_BEAT,85
PR-2026-00460,94,Dharmapuri Town PS 2,22,Dharmapuri,2025-05-21 03:41:18,RAID_SEIZURE,OPIOID_ANALOGUES,UNDER_INVESTIGATION,CRIME_BRANCH,97
PR-2026-00461,34,Vellore Town PS 1,9,Vellore,2026-06-29 21:50:45,RAID_SEIZURE,COMMERCIAL_GANJA,VERIFIED_INCIDENT,STATION_BEAT,80
PR-2026-00462,24,Tirunelveli Town PS 1,6,Tirunelveli,2025-05-19 15:43:48,ROUTINE_PATROL_SCAN,COMMERCIAL_GANJA,VERIFIED_INCIDENT,STATION_BEAT,90
PR-2026-00463,166,Tiruvannamalai Town PS 2,38,Tiruvannamalai,2025-05-15 02:47:43,CHECKPOST_INTERCEPTION,UNKNOWN_CONTRABAND,ACTION_COMPLETED,CRIME_BRANCH,83
PR-2026-00464,114,Perambalur Town PS 1,27,Perambalur,2025-09-03 14:36:19,TIP_VERIFICATION,SYNTHETIC_MDMA,UNDER_INVESTIGATION,CRIME_BRANCH,86
PR-2026-00465,162,Tirupathur Town PS 2,37,Tirupathur,2025-02-06 23:56:12,TIP_VERIFICATION,CHEMICAL_PRECURSORS,VERIFIED_INCIDENT,PROHIBITION_WING,80
PR-2026-00466,12,Madurai Town PS 3,3,Madurai,2026-08-15 00:36:47,RAID_SEIZURE,PRESCRIPTION_NARCOTICS,UNDER_INVESTIGATION,CRIME_BRANCH,93
PR-2026-00467,81,Cuddalore Town PS 4,19,Cuddalore,2025-01-19 12:28:46,RAID_SEIZURE,CHEMICAL_PRECURSORS,VERIFIED_INCIDENT,CRIME_BRANCH,78
PR-2026-00468,35,Vellore Town PS 2,9,Vellore,2026-07-28 21:18:11,CHECKPOST_INTERCEPTION,CHEMICAL_PRECURSORS,ACTION_COMPLETED,CRIME_BRANCH,91
PR-2026-00469,60,Tenkasi Town PS 1,15,Tenkasi,2025-05-17 14:27:04,ROUTINE_PATROL_SCAN,SYNTHETIC_MDMA,VERIFIED_INCIDENT,STATION_BEAT,79
PR-2026-00470,97,Dharmapuri Town PS 5,22,Dharmapuri,2024-11-20 15:03:16,CHECKPOST_INTERCEPTION,PRESCRIPTION_NARCOTICS,VERIFIED_INCIDENT,HIGHWAY_PATROL,93
PR-2026-00471,89,Kallakurichi Town PS 3,21,Kallakurichi,2025-04-11 09:58:28,RAID_SEIZURE,COMMERCIAL_GANJA,VERIFIED_INCIDENT,CRIME_BRANCH,90
PR-2026-00472,111,Ariyalur Town PS 2,26,Ariyalur,2026-04-06 00:13:16,TIP_VERIFICATION,SYNTHETIC_MDMA,UNDER_INVESTIGATION,PROHIBITION_WING,92
PR-2026-00473,7,Coimbatore Town PS 4,2,Coimbatore,2025-11-08 14:03:28,CHECKPOST_INTERCEPTION,SYNTHETIC_MDMA,UNDER_INVESTIGATION,STATION_BEAT,96
PR-2026-00474,31,Erode Town PS 1,8,Erode,2025-05-26 14:32:37,RAID_SEIZURE,OPIOID_ANALOGUES,VERIFIED_INCIDENT,HIGHWAY_PATROL,96
PR-2026-00475,97,Dharmapuri Town PS 5,22,Dharmapuri,2024-09-28 13:05:29,CHECKPOST_INTERCEPTION,OPIOID_ANALOGUES,VERIFIED_INCIDENT,CRIME_BRANCH,96
PR-2026-00476,6,Coimbatore Town PS 3,2,Coimbatore,2025-01-04 08:26:43,CHECKPOST_INTERCEPTION,CHEMICAL_PRECURSORS,UNDER_INVESTIGATION,STATION_BEAT,75
PR-2026-00477,105,Nilgiris Town PS 3,24,Nilgiris,2025-05-11 06:33:01,CHECKPOST_INTERCEPTION,COMMERCIAL_GANJA,VERIFIED_INCIDENT,HIGHWAY_PATROL,97
PR-2026-00478,58,Kanniyakumari Town PS 5,14,Kanniyakumari,2026-07-06 15:51:23,TIP_VERIFICATION,CHEMICAL_PRECURSORS,ACTION_COMPLETED,STATION_BEAT,93
PR-2026-00479,30,Tiruppur Town PS 3,7,Tiruppur,2026-02-28 19:09:16,TIP_VERIFICATION,COMMERCIAL_GANJA,ACTION_COMPLETED,CRIME_BRANCH,96
PR-2026-00480,137,Virudhunagar Town PS 6,31,Virudhunagar,2025-12-04 07:41:50,TIP_VERIFICATION,OPIOID_ANALOGUES,ACTION_COMPLETED,HIGHWAY_PATROL,89
PR-2026-00481,111,Ariyalur Town PS 2,26,Ariyalur,2024-12-22 19:27:28,ROUTINE_PATROL_SCAN,COMMERCIAL_GANJA,ACTION_COMPLETED,STATION_BEAT,94
PR-2026-00482,147,Nagapattinam Town PS 1,34,Nagapattinam,2025-08-18 20:20:22,TIP_VERIFICATION,OPIOID_ANALOGUES,ACTION_COMPLETED,STATION_BEAT,96
PR-2026-00483,75,Tiruvallur Town PS 1,18,Tiruvallur,2025-10-18 18:04:53,TIP_VERIFICATION,UNKNOWN_CONTRABAND,UNDER_INVESTIGATION,PROHIBITION_WING,78
PR-2026-00484,161,Tirupathur Town PS 1,37,Tirupathur,2026-01-01 19:02:55,TIP_VERIFICATION,COMMERCIAL_GANJA,VERIFIED_INCIDENT,PROHIBITION_WING,83
PR-2026-00485,37,Krishnagiri Town PS 1,10,Krishnagiri,2025-01-10 07:10:28,RAID_SEIZURE,CHEMICAL_PRECURSORS,ACTION_COMPLETED,HIGHWAY_PATROL,92
PR-2026-00486,107,Karur Town PS 1,25,Karur,2026-05-06 05:06:52,ROUTINE_PATROL_SCAN,CHEMICAL_PRECURSORS,ACTION_COMPLETED,CRIME_BRANCH,87
PR-2026-00487,33,Erode Town PS 3,8,Erode,2025-08-18 21:44:42,CHECKPOST_INTERCEPTION,PRESCRIPTION_NARCOTICS,ACTION_COMPLETED,HIGHWAY_PATROL,75
PR-2026-00488,50,Thoothukudi Town PS 3,13,Thoothukudi,2026-02-18 11:19:46,TIP_VERIFICATION,UNKNOWN_CONTRABAND,UNDER_INVESTIGATION,HIGHWAY_PATROL,90
PR-2026-00489,3,Chennai Town PS 3,1,Chennai,2025-01-23 21:53:12,CHECKPOST_INTERCEPTION,SYNTHETIC_MDMA,VERIFIED_INCIDENT,PROHIBITION_WING,95
PR-2026-00490,129,Ramanathapuram Town PS 3,30,Ramanathapuram,2026-05-02 23:11:09,TIP_VERIFICATION,CHEMICAL_PRECURSORS,UNDER_INVESTIGATION,STATION_BEAT,96
PR-2026-00491,10,Madurai Town PS 1,3,Madurai,2025-12-08 13:42:03,ROUTINE_PATROL_SCAN,CHEMICAL_PRECURSORS,UNDER_INVESTIGATION,HIGHWAY_PATROL,78
PR-2026-00492,45,Thanjavur Town PS 2,12,Thanjavur,2025-07-31 07:25:51,RAID_SEIZURE,CHEMICAL_PRECURSORS,VERIFIED_INCIDENT,CRIME_BRANCH,93
PR-2026-00493,4,Coimbatore Town PS 1,2,Coimbatore,2026-01-22 03:32:50,RAID_SEIZURE,PRESCRIPTION_NARCOTICS,VERIFIED_INCIDENT,STATION_BEAT,97
PR-2026-00494,86,Viluppuram Town PS 3,20,Viluppuram,2026-04-30 15:54:36,RAID_SEIZURE,CHEMICAL_PRECURSORS,UNDER_INVESTIGATION,STATION_BEAT,76
PR-2026-00495,84,Viluppuram Town PS 1,20,Viluppuram,2026-06-02 01:15:30,RAID_SEIZURE,CHEMICAL_PRECURSORS,UNDER_INVESTIGATION,STATION_BEAT,94
PR-2026-00496,46,Thanjavur Town PS 3,12,Thanjavur,2024-10-07 21:14:39,CHECKPOST_INTERCEPTION,COMMERCIAL_GANJA,UNDER_INVESTIGATION,HIGHWAY_PATROL,80
PR-2026-00497,47,Thanjavur Town PS 4,12,Thanjavur,2025-11-25 15:19:29,CHECKPOST_INTERCEPTION,UNKNOWN_CONTRABAND,VERIFIED_INCIDENT,STATION_BEAT,84
PR-2026-00498,26,Tirunelveli Town PS 3,6,Tirunelveli,2024-09-28 19:45:16,CHECKPOST_INTERCEPTION,COMMERCIAL_GANJA,VERIFIED_INCIDENT,PROHIBITION_WING,92
PR-2026-00499,154,Mayiladuthurai Town PS 4,35,Mayiladuthurai,2025-12-10 20:23:04,RAID_SEIZURE,COMMERCIAL_GANJA,VERIFIED_INCIDENT,CRIME_BRANCH,94
PR-2026-00500,136,Virudhunagar Town PS 5,31,Virudhunagar,2026-07-09 20:55:03,ROUTINE_PATROL_SCAN,CHEMICAL_PRECURSORS,VERIFIED_INCIDENT,PROHIBITION_WING,95
PR-2026-00501,34,Vellore Town PS 1,9,Vellore,2026-03-30 14:08:24,TIP_VERIFICATION,SYNTHETIC_MDMA,ACTION_COMPLETED,STATION_BEAT,87
PR-2026-00502,119,Pudukkottai Town PS 2,28,Pudukkottai,2025-08-05 21:46:28,CHECKPOST_INTERCEPTION,COMMERCIAL_GANJA,UNDER_INVESTIGATION,CRIME_BRANCH,84
PR-2026-00503,65,Kancheepuram Town PS 1,16,Kancheepuram,2025-07-30 06:25:42,RAID_SEIZURE,OPIOID_ANALOGUES,UNDER_INVESTIGATION,STATION_BEAT,95
PR-2026-00504,74,Chengalpattu Town PS 5,17,Chengalpattu,2026-02-22 07:55:11,CHECKPOST_INTERCEPTION,OPIOID_ANALOGUES,UNDER_INVESTIGATION,STATION_BEAT,78
PR-2026-00505,119,Pudukkottai Town PS 2,28,Pudukkottai,2025-04-06 19:43:37,CHECKPOST_INTERCEPTION,CHEMICAL_PRECURSORS,ACTION_COMPLETED,CRIME_BRANCH,78
PR-2026-00506,40,Dindigul Town PS 1,11,Dindigul,2025-10-16 21:50:30,CHECKPOST_INTERCEPTION,UNKNOWN_CONTRABAND,ACTION_COMPLETED,CRIME_BRANCH,75
PR-2026-00507,101,Namakkal Town PS 4,23,Namakkal,2025-02-13 05:28:22,ROUTINE_PATROL_SCAN,OPIOID_ANALOGUES,ACTION_COMPLETED,PROHIBITION_WING,95
PR-2026-00508,146,Thiruvarur Town PS 6,33,Thiruvarur,2026-06-29 15:25:02,CHECKPOST_INTERCEPTION,OPIOID_ANALOGUES,VERIFIED_INCIDENT,PROHIBITION_WING,90
PR-2026-00509,94,Dharmapuri Town PS 2,22,Dharmapuri,2025-11-27 14:35:28,RAID_SEIZURE,SYNTHETIC_MDMA,ACTION_COMPLETED,STATION_BEAT,93
PR-2026-00510,15,Salem Town PS 2,4,Salem,2025-08-15 19:52:40,CHECKPOST_INTERCEPTION,PRESCRIPTION_NARCOTICS,VERIFIED_INCIDENT,PROHIBITION_WING,88
PR-2026-00511,29,Tiruppur Town PS 2,7,Tiruppur,2025-03-01 03:45:15,RAID_SEIZURE,OPIOID_ANALOGUES,ACTION_COMPLETED,STATION_BEAT,78
PR-2026-00512,103,Nilgiris Town PS 1,24,Nilgiris,2025-01-15 20:43:19,RAID_SEIZURE,SYNTHETIC_MDMA,ACTION_COMPLETED,CRIME_BRANCH,90
PR-2026-00513,48,Thoothukudi Town PS 1,13,Thoothukudi,2025-02-11 13:48:02,TIP_VERIFICATION,OPIOID_ANALOGUES,ACTION_COMPLETED,CRIME_BRANCH,98
PR-2026-00514,168,Tiruvannamalai Town PS 4,38,Tiruvannamalai,2025-10-01 17:16:55,TIP_VERIFICATION,PRESCRIPTION_NARCOTICS,VERIFIED_INCIDENT,PROHIBITION_WING,85
PR-2026-00515,88,Kallakurichi Town PS 2,21,Kallakurichi,2025-06-11 21:54:28,RAID_SEIZURE,OPIOID_ANALOGUES,UNDER_INVESTIGATION,STATION_BEAT,93
PR-2026-00516,165,Tiruvannamalai Town PS 1,38,Tiruvannamalai,2025-10-13 04:29:09,TIP_VERIFICATION,PRESCRIPTION_NARCOTICS,ACTION_COMPLETED,HIGHWAY_PATROL,75
PR-2026-00517,144,Thiruvarur Town PS 4,33,Thiruvarur,2024-10-05 09:49:43,CHECKPOST_INTERCEPTION,SYNTHETIC_MDMA,UNDER_INVESTIGATION,HIGHWAY_PATROL,95
PR-2026-00518,52,Thoothukudi Town PS 5,13,Thoothukudi,2026-07-21 03:18:07,RAID_SEIZURE,SYNTHETIC_MDMA,ACTION_COMPLETED,CRIME_BRANCH,98
PR-2026-00519,116,Perambalur Town PS 3,27,Perambalur,2025-06-07 04:26:26,CHECKPOST_INTERCEPTION,COMMERCIAL_GANJA,ACTION_COMPLETED,CRIME_BRANCH,82
PR-2026-00520,14,Salem Town PS 1,4,Salem,2025-01-15 05:35:40,RAID_SEIZURE,PRESCRIPTION_NARCOTICS,ACTION_COMPLETED,HIGHWAY_PATROL,90
PR-2026-00521,113,Ariyalur Town PS 4,26,Ariyalur,2026-01-05 15:30:50,ROUTINE_PATROL_SCAN,CHEMICAL_PRECURSORS,ACTION_COMPLETED,HIGHWAY_PATROL,96
PR-2026-00522,84,Viluppuram Town PS 1,20,Viluppuram,2024-10-29 09:18:30,RAID_SEIZURE,CHEMICAL_PRECURSORS,VERIFIED_INCIDENT,PROHIBITION_WING,79
PR-2026-00523,15,Salem Town PS 2,4,Salem,2025-09-21 08:53:17,RAID_SEIZURE,UNKNOWN_CONTRABAND,ACTION_COMPLETED,PROHIBITION_WING,75
PR-2026-00524,78,Cuddalore Town PS 1,19,Cuddalore,2024-09-27 09:52:41,RAID_SEIZURE,OPIOID_ANALOGUES,UNDER_INVESTIGATION,STATION_BEAT,88
PR-2026-00525,4,Coimbatore Town PS 1,2,Coimbatore,2024-12-15 05:35:37,TIP_VERIFICATION,OPIOID_ANALOGUES,VERIFIED_INCIDENT,STATION_BEAT,93
PR-2026-00526,123,Sivaganga Town PS 1,29,Sivaganga,2025-05-30 02:56:59,TIP_VERIFICATION,UNKNOWN_CONTRABAND,UNDER_INVESTIGATION,PROHIBITION_WING,77
PR-2026-00527,25,Tirunelveli Town PS 2,6,Tirunelveli,2025-05-01 21:15:57,TIP_VERIFICATION,PRESCRIPTION_NARCOTICS,VERIFIED_INCIDENT,HIGHWAY_PATROL,82
PR-2026-00528,139,Theni Town PS 2,32,Theni,2025-11-22 19:10:23,RAID_SEIZURE,UNKNOWN_CONTRABAND,UNDER_INVESTIGATION,STATION_BEAT,77
PR-2026-00529,133,Virudhunagar Town PS 2,31,Virudhunagar,2025-09-04 03:43:41,RAID_SEIZURE,UNKNOWN_CONTRABAND,VERIFIED_INCIDENT,STATION_BEAT,77
PR-2026-00530,15,Salem Town PS 2,4,Salem,2025-10-08 17:15:01,CHECKPOST_INTERCEPTION,UNKNOWN_CONTRABAND,ACTION_COMPLETED,HIGHWAY_PATROL,85
PR-2026-00531,70,Chengalpattu Town PS 1,17,Chengalpattu,2025-10-05 06:02:01,CHECKPOST_INTERCEPTION,OPIOID_ANALOGUES,UNDER_INVESTIGATION,HIGHWAY_PATROL,98
PR-2026-00532,65,Kancheepuram Town PS 1,16,Kancheepuram,2026-01-16 23:17:43,TIP_VERIFICATION,CHEMICAL_PRECURSORS,UNDER_INVESTIGATION,STATION_BEAT,98
PR-2026-00533,34,Vellore Town PS 1,9,Vellore,2025-06-26 04:34:55,TIP_VERIFICATION,CHEMICAL_PRECURSORS,ACTION_COMPLETED,CRIME_BRANCH,85
PR-2026-00534,131,Ramanathapuram Town PS 5,30,Ramanathapuram,2025-07-13 11:05:40,TIP_VERIFICATION,SYNTHETIC_MDMA,ACTION_COMPLETED,PROHIBITION_WING,87
PR-2026-00535,115,Perambalur Town PS 2,27,Perambalur,2024-09-27 17:38:59,CHECKPOST_INTERCEPTION,CHEMICAL_PRECURSORS,UNDER_INVESTIGATION,PROHIBITION_WING,92
PR-2026-00536,94,Dharmapuri Town PS 2,22,Dharmapuri,2025-11-12 13:16:04,CHECKPOST_INTERCEPTION,UNKNOWN_CONTRABAND,ACTION_COMPLETED,CRIME_BRANCH,79
PR-2026-00537,91,Kallakurichi Town PS 5,21,Kallakurichi,2025-07-19 02:36:31,TIP_VERIFICATION,COMMERCIAL_GANJA,VERIFIED_INCIDENT,STATION_BEAT,85
PR-2026-00538,11,Madurai Town PS 2,3,Madurai,2025-03-20 12:14:48,TIP_VERIFICATION,UNKNOWN_CONTRABAND,ACTION_COMPLETED,PROHIBITION_WING,90
PR-2026-00539,138,Theni Town PS 1,32,Theni,2026-01-10 05:35:10,ROUTINE_PATROL_SCAN,OPIOID_ANALOGUES,UNDER_INVESTIGATION,PROHIBITION_WING,89
PR-2026-00540,39,Krishnagiri Town PS 3,10,Krishnagiri,2024-10-29 08:24:39,RAID_SEIZURE,CHEMICAL_PRECURSORS,VERIFIED_INCIDENT,CRIME_BRANCH,88
PR-2026-00541,67,Kancheepuram Town PS 3,16,Kancheepuram,2024-10-18 13:06:00,RAID_SEIZURE,COMMERCIAL_GANJA,VERIFIED_INCIDENT,CRIME_BRANCH,76
PR-2026-00542,29,Tiruppur Town PS 2,7,Tiruppur,2025-12-17 21:29:55,CHECKPOST_INTERCEPTION,COMMERCIAL_GANJA,ACTION_COMPLETED,HIGHWAY_PATROL,80
PR-2026-00543,11,Madurai Town PS 2,3,Madurai,2026-07-25 12:14:17,RAID_SEIZURE,PRESCRIPTION_NARCOTICS,UNDER_INVESTIGATION,PROHIBITION_WING,94
PR-2026-00544,116,Perambalur Town PS 3,27,Perambalur,2025-02-27 04:58:35,TIP_VERIFICATION,PRESCRIPTION_NARCOTICS,VERIFIED_INCIDENT,HIGHWAY_PATROL,80
PR-2026-00545,126,Sivaganga Town PS 4,29,Sivaganga,2025-07-21 15:29:28,RAID_SEIZURE,OPIOID_ANALOGUES,ACTION_COMPLETED,HIGHWAY_PATROL,96
PR-2026-00546,89,Kallakurichi Town PS 3,21,Kallakurichi,2025-06-02 05:18:51,RAID_SEIZURE,CHEMICAL_PRECURSORS,UNDER_INVESTIGATION,STATION_BEAT,78
PR-2026-00547,105,Nilgiris Town PS 3,24,Nilgiris,2025-05-23 06:11:03,CHECKPOST_INTERCEPTION,SYNTHETIC_MDMA,ACTION_COMPLETED,CRIME_BRANCH,97
PR-2026-00548,44,Thanjavur Town PS 1,12,Thanjavur,2025-05-04 03:58:55,RAID_SEIZURE,SYNTHETIC_MDMA,VERIFIED_INCIDENT,STATION_BEAT,75
PR-2026-00549,100,Namakkal Town PS 3,23,Namakkal,2024-11-03 09:27:34,ROUTINE_PATROL_SCAN,CHEMICAL_PRECURSORS,UNDER_INVESTIGATION,PROHIBITION_WING,90
PR-2026-00550,74,Chengalpattu Town PS 5,17,Chengalpattu,2025-11-06 11:09:43,TIP_VERIFICATION,UNKNOWN_CONTRABAND,ACTION_COMPLETED,HIGHWAY_PATROL,79
PR-2026-00551,162,Tirupathur Town PS 2,37,Tirupathur,2026-04-26 03:04:12,CHECKPOST_INTERCEPTION,CHEMICAL_PRECURSORS,ACTION_COMPLETED,HIGHWAY_PATROL,96
PR-2026-00552,159,Ranipet Town PS 4,36,Ranipet,2025-07-18 04:21:20,TIP_VERIFICATION,UNKNOWN_CONTRABAND,ACTION_COMPLETED,CRIME_BRANCH,80
PR-2026-00553,3,Chennai Town PS 3,1,Chennai,2025-06-27 03:58:04,ROUTINE_PATROL_SCAN,PRESCRIPTION_NARCOTICS,VERIFIED_INCIDENT,PROHIBITION_WING,76
PR-2026-00554,70,Chengalpattu Town PS 1,17,Chengalpattu,2026-07-03 15:03:17,CHECKPOST_INTERCEPTION,CHEMICAL_PRECURSORS,ACTION_COMPLETED,PROHIBITION_WING,88
PR-2026-00555,66,Kancheepuram Town PS 2,16,Kancheepuram,2025-09-05 02:56:15,ROUTINE_PATROL_SCAN,OPIOID_ANALOGUES,ACTION_COMPLETED,STATION_BEAT,98
PR-2026-00556,15,Salem Town PS 2,4,Salem,2024-12-18 23:03:06,TIP_VERIFICATION,OPIOID_ANALOGUES,UNDER_INVESTIGATION,STATION_BEAT,96
PR-2026-00557,97,Dharmapuri Town PS 5,22,Dharmapuri,2025-03-08 18:19:37,TIP_VERIFICATION,OPIOID_ANALOGUES,ACTION_COMPLETED,STATION_BEAT,86
PR-2026-00558,39,Krishnagiri Town PS 3,10,Krishnagiri,2026-03-06 10:01:45,ROUTINE_PATROL_SCAN,PRESCRIPTION_NARCOTICS,ACTION_COMPLETED,HIGHWAY_PATROL,85
PR-2026-00559,85,Viluppuram Town PS 2,20,Viluppuram,2026-02-28 23:22:45,RAID_SEIZURE,UNKNOWN_CONTRABAND,UNDER_INVESTIGATION,STATION_BEAT,77
PR-2026-00560,95,Dharmapuri Town PS 3,22,Dharmapuri,2025-07-20 21:18:12,RAID_SEIZURE,PRESCRIPTION_NARCOTICS,VERIFIED_INCIDENT,STATION_BEAT,94
PR-2026-00561,45,Thanjavur Town PS 2,12,Thanjavur,2026-01-25 12:48:09,RAID_SEIZURE,PRESCRIPTION_NARCOTICS,VERIFIED_INCIDENT,HIGHWAY_PATROL,92
PR-2026-00562,28,Tiruppur Town PS 1,7,Tiruppur,2024-10-04 01:10:13,RAID_SEIZURE,CHEMICAL_PRECURSORS,VERIFIED_INCIDENT,STATION_BEAT,85
PR-2026-00563,165,Tiruvannamalai Town PS 1,38,Tiruvannamalai,2025-04-12 17:19:25,CHECKPOST_INTERCEPTION,PRESCRIPTION_NARCOTICS,UNDER_INVESTIGATION,CRIME_BRANCH,97
PR-2026-00564,87,Kallakurichi Town PS 1,21,Kallakurichi,2026-02-13 21:33:12,CHECKPOST_INTERCEPTION,CHEMICAL_PRECURSORS,ACTION_COMPLETED,PROHIBITION_WING,97
PR-2026-00565,61,Tenkasi Town PS 2,15,Tenkasi,2024-10-18 22:49:07,ROUTINE_PATROL_SCAN,SYNTHETIC_MDMA,UNDER_INVESTIGATION,STATION_BEAT,82
PR-2026-00566,124,Sivaganga Town PS 2,29,Sivaganga,2025-01-03 16:55:36,RAID_SEIZURE,COMMERCIAL_GANJA,ACTION_COMPLETED,STATION_BEAT,79
PR-2026-00567,150,Nagapattinam Town PS 4,34,Nagapattinam,2024-11-13 08:37:37,RAID_SEIZURE,PRESCRIPTION_NARCOTICS,VERIFIED_INCIDENT,STATION_BEAT,83
PR-2026-00568,58,Kanniyakumari Town PS 5,14,Kanniyakumari,2026-04-24 07:47:37,ROUTINE_PATROL_SCAN,CHEMICAL_PRECURSORS,VERIFIED_INCIDENT,PROHIBITION_WING,84
PR-2026-00569,86,Viluppuram Town PS 3,20,Viluppuram,2025-02-07 06:17:31,RAID_SEIZURE,SYNTHETIC_MDMA,VERIFIED_INCIDENT,HIGHWAY_PATROL,97
PR-2026-00570,93,Dharmapuri Town PS 1,22,Dharmapuri,2025-07-15 20:15:25,CHECKPOST_INTERCEPTION,UNKNOWN_CONTRABAND,UNDER_INVESTIGATION,PROHIBITION_WING,97
PR-2026-00571,126,Sivaganga Town PS 4,29,Sivaganga,2024-11-18 14:49:28,RAID_SEIZURE,SYNTHETIC_MDMA,UNDER_INVESTIGATION,HIGHWAY_PATROL,95
PR-2026-00572,5,Coimbatore Town PS 2,2,Coimbatore,2025-06-28 10:27:28,RAID_SEIZURE,PRESCRIPTION_NARCOTICS,UNDER_INVESTIGATION,HIGHWAY_PATROL,78
PR-2026-00573,39,Krishnagiri Town PS 3,10,Krishnagiri,2026-03-29 15:54:17,TIP_VERIFICATION,COMMERCIAL_GANJA,UNDER_INVESTIGATION,STATION_BEAT,92
PR-2026-00574,132,Virudhunagar Town PS 1,31,Virudhunagar,2025-02-06 05:11:00,ROUTINE_PATROL_SCAN,CHEMICAL_PRECURSORS,VERIFIED_INCIDENT,CRIME_BRANCH,78
PR-2026-00575,63,Tenkasi Town PS 4,15,Tenkasi,2025-11-06 19:55:12,TIP_VERIFICATION,OPIOID_ANALOGUES,UNDER_INVESTIGATION,HIGHWAY_PATROL,86
PR-2026-00576,110,Ariyalur Town PS 1,26,Ariyalur,2026-02-17 23:37:02,TIP_VERIFICATION,COMMERCIAL_GANJA,UNDER_INVESTIGATION,HIGHWAY_PATROL,81
PR-2026-00577,27,Tirunelveli Town PS 4,6,Tirunelveli,2024-12-01 20:43:16,ROUTINE_PATROL_SCAN,COMMERCIAL_GANJA,UNDER_INVESTIGATION,PROHIBITION_WING,78
PR-2026-00578,24,Tirunelveli Town PS 1,6,Tirunelveli,2026-05-16 01:54:44,TIP_VERIFICATION,UNKNOWN_CONTRABAND,VERIFIED_INCIDENT,HIGHWAY_PATROL,97
PR-2026-00579,73,Chengalpattu Town PS 4,17,Chengalpattu,2025-05-07 18:33:38,ROUTINE_PATROL_SCAN,PRESCRIPTION_NARCOTICS,VERIFIED_INCIDENT,HIGHWAY_PATROL,88
PR-2026-00580,80,Cuddalore Town PS 3,19,Cuddalore,2024-10-12 20:26:07,TIP_VERIFICATION,COMMERCIAL_GANJA,UNDER_INVESTIGATION,PROHIBITION_WING,95
PR-2026-00581,150,Nagapattinam Town PS 4,34,Nagapattinam,2024-10-17 23:24:25,RAID_SEIZURE,PRESCRIPTION_NARCOTICS,UNDER_INVESTIGATION,PROHIBITION_WING,92
PR-2026-00582,2,Chennai Town PS 2,1,Chennai,2026-02-21 17:44:29,RAID_SEIZURE,PRESCRIPTION_NARCOTICS,UNDER_INVESTIGATION,HIGHWAY_PATROL,82
PR-2026-00583,46,Thanjavur Town PS 3,12,Thanjavur,2024-11-07 19:10:55,RAID_SEIZURE,UNKNOWN_CONTRABAND,UNDER_INVESTIGATION,CRIME_BRANCH,82
PR-2026-00584,71,Chengalpattu Town PS 2,17,Chengalpattu,2025-04-29 08:28:37,RAID_SEIZURE,CHEMICAL_PRECURSORS,VERIFIED_INCIDENT,STATION_BEAT,78
PR-2026-00585,117,Perambalur Town PS 4,27,Perambalur,2026-02-04 01:00:37,RAID_SEIZURE,PRESCRIPTION_NARCOTICS,ACTION_COMPLETED,STATION_BEAT,96
PR-2026-00586,28,Tiruppur Town PS 1,7,Tiruppur,2026-07-09 15:22:32,CHECKPOST_INTERCEPTION,SYNTHETIC_MDMA,VERIFIED_INCIDENT,HIGHWAY_PATROL,81
PR-2026-00587,31,Erode Town PS 1,8,Erode,2025-08-08 17:12:52,RAID_SEIZURE,OPIOID_ANALOGUES,UNDER_INVESTIGATION,CRIME_BRANCH,86
PR-2026-00588,6,Coimbatore Town PS 3,2,Coimbatore,2025-03-25 17:02:28,CHECKPOST_INTERCEPTION,CHEMICAL_PRECURSORS,ACTION_COMPLETED,PROHIBITION_WING,82
PR-2026-00589,159,Ranipet Town PS 4,36,Ranipet,2024-11-04 00:18:43,TIP_VERIFICATION,OPIOID_ANALOGUES,VERIFIED_INCIDENT,CRIME_BRANCH,84
PR-2026-00590,62,Tenkasi Town PS 3,15,Tenkasi,2026-07-16 17:00:24,ROUTINE_PATROL_SCAN,PRESCRIPTION_NARCOTICS,ACTION_COMPLETED,PROHIBITION_WING,91
PR-2026-00591,47,Thanjavur Town PS 4,12,Thanjavur,2025-11-21 18:15:14,TIP_VERIFICATION,CHEMICAL_PRECURSORS,ACTION_COMPLETED,PROHIBITION_WING,87
PR-2026-00592,155,Mayiladuthurai Town PS 5,35,Mayiladuthurai,2025-03-31 17:23:15,RAID_SEIZURE,UNKNOWN_CONTRABAND,UNDER_INVESTIGATION,STATION_BEAT,91
PR-2026-00593,11,Madurai Town PS 2,3,Madurai,2024-12-30 04:13:04,TIP_VERIFICATION,SYNTHETIC_MDMA,ACTION_COMPLETED,STATION_BEAT,93
PR-2026-00594,125,Sivaganga Town PS 3,29,Sivaganga,2024-11-28 13:01:24,TIP_VERIFICATION,COMMERCIAL_GANJA,UNDER_INVESTIGATION,STATION_BEAT,79
PR-2026-00595,23,Tiruchirappalli Town PS 6,5,Tiruchirappalli,2026-02-16 04:41:27,ROUTINE_PATROL_SCAN,OPIOID_ANALOGUES,VERIFIED_INCIDENT,PROHIBITION_WING,78
PR-2026-00596,148,Nagapattinam Town PS 2,34,Nagapattinam,2025-07-05 06:52:42,ROUTINE_PATROL_SCAN,COMMERCIAL_GANJA,VERIFIED_INCIDENT,PROHIBITION_WING,76
PR-2026-00597,78,Cuddalore Town PS 1,19,Cuddalore,2026-03-05 23:37:57,CHECKPOST_INTERCEPTION,OPIOID_ANALOGUES,UNDER_INVESTIGATION,CRIME_BRANCH,94
PR-2026-00598,129,Ramanathapuram Town PS 3,30,Ramanathapuram,2025-12-22 05:43:22,TIP_VERIFICATION,COMMERCIAL_GANJA,UNDER_INVESTIGATION,PROHIBITION_WING,80
PR-2026-00599,148,Nagapattinam Town PS 2,34,Nagapattinam,2025-09-26 15:30:09,RAID_SEIZURE,UNKNOWN_CONTRABAND,UNDER_INVESTIGATION,HIGHWAY_PATROL,75
PR-2026-00600,37,Krishnagiri Town PS 1,10,Krishnagiri,2025-04-01 01:41:58,RAID_SEIZURE,PRESCRIPTION_NARCOTICS,UNDER_INVESTIGATION,PROHIBITION_WING,86
PR-2026-00601,127,Ramanathapuram Town PS 1,30,Ramanathapuram,2026-06-27 06:32:36,ROUTINE_PATROL_SCAN,UNKNOWN_CONTRABAND,ACTION_COMPLETED,STATION_BEAT,85
PR-2026-00602,3,Chennai Town PS 3,1,Chennai,2025-04-03 18:25:31,RAID_SEIZURE,CHEMICAL_PRECURSORS,UNDER_INVESTIGATION,STATION_BEAT,81
PR-2026-00603,166,Tiruvannamalai Town PS 2,38,Tiruvannamalai,2026-04-06 21:11:29,RAID_SEIZURE,CHEMICAL_PRECURSORS,VERIFIED_INCIDENT,STATION_BEAT,75
PR-2026-00604,119,Pudukkottai Town PS 2,28,Pudukkottai,2024-10-19 20:22:10,TIP_VERIFICATION,COMMERCIAL_GANJA,UNDER_INVESTIGATION,CRIME_BRANCH,94
PR-2026-00605,165,Tiruvannamalai Town PS 1,38,Tiruvannamalai,2026-06-05 12:45:14,TIP_VERIFICATION,CHEMICAL_PRECURSORS,UNDER_INVESTIGATION,PROHIBITION_WING,89
PR-2026-00606,93,Dharmapuri Town PS 1,22,Dharmapuri,2025-01-24 19:51:00,ROUTINE_PATROL_SCAN,SYNTHETIC_MDMA,VERIFIED_INCIDENT,STATION_BEAT,79
PR-2026-00607,107,Karur Town PS 1,25,Karur,2026-05-04 03:02:05,ROUTINE_PATROL_SCAN,UNKNOWN_CONTRABAND,UNDER_INVESTIGATION,PROHIBITION_WING,90
PR-2026-00608,156,Ranipet Town PS 1,36,Ranipet,2024-10-22 12:14:26,ROUTINE_PATROL_SCAN,CHEMICAL_PRECURSORS,VERIFIED_INCIDENT,HIGHWAY_PATROL,93
PR-2026-00609,45,Thanjavur Town PS 2,12,Thanjavur,2026-03-04 08:18:27,CHECKPOST_INTERCEPTION,UNKNOWN_CONTRABAND,VERIFIED_INCIDENT,STATION_BEAT,89
PR-2026-00610,13,Madurai Town PS 4,3,Madurai,2026-03-15 10:53:26,CHECKPOST_INTERCEPTION,UNKNOWN_CONTRABAND,ACTION_COMPLETED,STATION_BEAT,91
PR-2026-00611,15,Salem Town PS 2,4,Salem,2024-11-23 13:03:07,ROUTINE_PATROL_SCAN,OPIOID_ANALOGUES,UNDER_INVESTIGATION,STATION_BEAT,95
PR-2026-00612,18,Tiruchirappalli Town PS 1,5,Tiruchirappalli,2025-08-25 22:49:40,TIP_VERIFICATION,COMMERCIAL_GANJA,VERIFIED_INCIDENT,CRIME_BRANCH,87
PR-2026-00613,133,Virudhunagar Town PS 2,31,Virudhunagar,2025-06-07 13:16:05,CHECKPOST_INTERCEPTION,PRESCRIPTION_NARCOTICS,VERIFIED_INCIDENT,STATION_BEAT,88
PR-2026-00614,99,Namakkal Town PS 2,23,Namakkal,2025-04-12 23:08:26,CHECKPOST_INTERCEPTION,COMMERCIAL_GANJA,UNDER_INVESTIGATION,CRIME_BRANCH,96
PR-2026-00615,118,Pudukkottai Town PS 1,28,Pudukkottai,2025-02-07 21:30:00,ROUTINE_PATROL_SCAN,OPIOID_ANALOGUES,ACTION_COMPLETED,PROHIBITION_WING,75
PR-2026-00616,124,Sivaganga Town PS 2,29,Sivaganga,2026-05-08 05:27:02,CHECKPOST_INTERCEPTION,OPIOID_ANALOGUES,ACTION_COMPLETED,PROHIBITION_WING,88
PR-2026-00617,19,Tiruchirappalli Town PS 2,5,Tiruchirappalli,2026-03-15 07:58:14,RAID_SEIZURE,PRESCRIPTION_NARCOTICS,VERIFIED_INCIDENT,PROHIBITION_WING,91
PR-2026-00618,34,Vellore Town PS 1,9,Vellore,2025-10-27 05:07:40,TIP_VERIFICATION,OPIOID_ANALOGUES,UNDER_INVESTIGATION,HIGHWAY_PATROL,87
PR-2026-00619,18,Tiruchirappalli Town PS 1,5,Tiruchirappalli,2026-04-09 20:41:11,TIP_VERIFICATION,COMMERCIAL_GANJA,UNDER_INVESTIGATION,STATION_BEAT,89
PR-2026-00620,110,Ariyalur Town PS 1,26,Ariyalur,2025-02-12 03:55:30,ROUTINE_PATROL_SCAN,COMMERCIAL_GANJA,UNDER_INVESTIGATION,HIGHWAY_PATROL,95
PR-2026-00621,14,Salem Town PS 1,4,Salem,2026-05-12 09:45:14,ROUTINE_PATROL_SCAN,PRESCRIPTION_NARCOTICS,ACTION_COMPLETED,HIGHWAY_PATROL,89
PR-2026-00622,77,Tiruvallur Town PS 3,18,Tiruvallur,2024-12-10 10:57:16,RAID_SEIZURE,CHEMICAL_PRECURSORS,ACTION_COMPLETED,HIGHWAY_PATROL,81
PR-2026-00623,2,Chennai Town PS 2,1,Chennai,2026-06-08 08:41:37,TIP_VERIFICATION,COMMERCIAL_GANJA,ACTION_COMPLETED,PROHIBITION_WING,91
PR-2026-00624,127,Ramanathapuram Town PS 1,30,Ramanathapuram,2025-02-15 09:42:43,CHECKPOST_INTERCEPTION,UNKNOWN_CONTRABAND,VERIFIED_INCIDENT,HIGHWAY_PATROL,91
PR-2026-00625,12,Madurai Town PS 3,3,Madurai,2025-06-19 12:00:02,TIP_VERIFICATION,SYNTHETIC_MDMA,ACTION_COMPLETED,STATION_BEAT,86
PR-2026-00626,137,Virudhunagar Town PS 6,31,Virudhunagar,2025-06-25 21:03:43,RAID_SEIZURE,SYNTHETIC_MDMA,VERIFIED_INCIDENT,PROHIBITION_WING,96
PR-2026-00627,111,Ariyalur Town PS 2,26,Ariyalur,2025-06-20 07:56:14,TIP_VERIFICATION,SYNTHETIC_MDMA,VERIFIED_INCIDENT,PROHIBITION_WING,75
PR-2026-00628,32,Erode Town PS 2,8,Erode,2025-11-23 03:18:42,RAID_SEIZURE,UNKNOWN_CONTRABAND,ACTION_COMPLETED,STATION_BEAT,77
PR-2026-00629,127,Ramanathapuram Town PS 1,30,Ramanathapuram,2025-01-10 01:29:00,TIP_VERIFICATION,UNKNOWN_CONTRABAND,ACTION_COMPLETED,CRIME_BRANCH,90
PR-2026-00630,104,Nilgiris Town PS 2,24,Nilgiris,2024-11-12 16:09:50,CHECKPOST_INTERCEPTION,CHEMICAL_PRECURSORS,VERIFIED_INCIDENT,HIGHWAY_PATROL,98
PR-2026-00631,123,Sivaganga Town PS 1,29,Sivaganga,2025-07-23 18:06:56,CHECKPOST_INTERCEPTION,COMMERCIAL_GANJA,ACTION_COMPLETED,PROHIBITION_WING,78
PR-2026-00632,57,Kanniyakumari Town PS 4,14,Kanniyakumari,2025-12-02 09:18:48,TIP_VERIFICATION,OPIOID_ANALOGUES,UNDER_INVESTIGATION,CRIME_BRANCH,80
PR-2026-00633,44,Thanjavur Town PS 1,12,Thanjavur,2026-07-22 21:57:50,ROUTINE_PATROL_SCAN,COMMERCIAL_GANJA,UNDER_INVESTIGATION,HIGHWAY_PATROL,84
PR-2026-00634,1,Chennai Town PS 1,1,Chennai,2025-07-08 00:48:29,TIP_VERIFICATION,SYNTHETIC_MDMA,VERIFIED_INCIDENT,CRIME_BRANCH,91
PR-2026-00635,20,Tiruchirappalli Town PS 3,5,Tiruchirappalli,2024-12-06 22:29:24,RAID_SEIZURE,PRESCRIPTION_NARCOTICS,UNDER_INVESTIGATION,HIGHWAY_PATROL,76
PR-2026-00636,139,Theni Town PS 2,32,Theni,2026-02-18 08:18:16,TIP_VERIFICATION,COMMERCIAL_GANJA,UNDER_INVESTIGATION,HIGHWAY_PATROL,97
PR-2026-00637,120,Pudukkottai Town PS 3,28,Pudukkottai,2025-07-14 23:19:53,RAID_SEIZURE,PRESCRIPTION_NARCOTICS,ACTION_COMPLETED,STATION_BEAT,77
PR-2026-00638,75,Tiruvallur Town PS 1,18,Tiruvallur,2026-07-02 10:06:02,ROUTINE_PATROL_SCAN,PRESCRIPTION_NARCOTICS,VERIFIED_INCIDENT,STATION_BEAT,98
PR-2026-00639,17,Salem Town PS 4,4,Salem,2026-03-24 22:13:40,ROUTINE_PATROL_SCAN,SYNTHETIC_MDMA,UNDER_INVESTIGATION,HIGHWAY_PATROL,96
PR-2026-00640,102,Namakkal Town PS 5,23,Namakkal,2025-01-08 10:24:57,TIP_VERIFICATION,PRESCRIPTION_NARCOTICS,VERIFIED_INCIDENT,HIGHWAY_PATROL,97
PR-2026-00641,3,Chennai Town PS 3,1,Chennai,2026-06-04 13:00:52,ROUTINE_PATROL_SCAN,OPIOID_ANALOGUES,VERIFIED_INCIDENT,HIGHWAY_PATROL,86
PR-2026-00642,82,Cuddalore Town PS 5,19,Cuddalore,2026-05-29 17:51:22,ROUTINE_PATROL_SCAN,OPIOID_ANALOGUES,UNDER_INVESTIGATION,HIGHWAY_PATROL,92
PR-2026-00643,50,Thoothukudi Town PS 3,13,Thoothukudi,2026-06-23 00:41:07,TIP_VERIFICATION,UNKNOWN_CONTRABAND,UNDER_INVESTIGATION,STATION_BEAT,95
PR-2026-00644,101,Namakkal Town PS 4,23,Namakkal,2025-03-04 10:49:02,RAID_SEIZURE,PRESCRIPTION_NARCOTICS,UNDER_INVESTIGATION,CRIME_BRANCH,96
PR-2026-00645,116,Perambalur Town PS 3,27,Perambalur,2025-05-07 04:03:40,RAID_SEIZURE,OPIOID_ANALOGUES,VERIFIED_INCIDENT,CRIME_BRANCH,80
PR-2026-00646,168,Tiruvannamalai Town PS 4,38,Tiruvannamalai,2025-06-06 19:33:42,ROUTINE_PATROL_SCAN,CHEMICAL_PRECURSORS,ACTION_COMPLETED,CRIME_BRANCH,78
PR-2026-00647,37,Krishnagiri Town PS 1,10,Krishnagiri,2026-07-31 23:52:40,TIP_VERIFICATION,OPIOID_ANALOGUES,ACTION_COMPLETED,STATION_BEAT,83
PR-2026-00648,29,Tiruppur Town PS 2,7,Tiruppur,2024-11-21 03:47:45,ROUTINE_PATROL_SCAN,PRESCRIPTION_NARCOTICS,ACTION_COMPLETED,STATION_BEAT,78
PR-2026-00649,140,Theni Town PS 3,32,Theni,2026-06-04 14:05:21,RAID_SEIZURE,UNKNOWN_CONTRABAND,UNDER_INVESTIGATION,STATION_BEAT,84
PR-2026-00650,32,Erode Town PS 2,8,Erode,2025-06-03 13:20:32,CHECKPOST_INTERCEPTION,SYNTHETIC_MDMA,ACTION_COMPLETED,STATION_BEAT,86
PR-2026-00651,133,Virudhunagar Town PS 2,31,Virudhunagar,2024-12-15 17:33:34,CHECKPOST_INTERCEPTION,CHEMICAL_PRECURSORS,ACTION_COMPLETED,HIGHWAY_PATROL,79
PR-2026-00652,150,Nagapattinam Town PS 4,34,Nagapattinam,2025-04-21 23:50:06,RAID_SEIZURE,CHEMICAL_PRECURSORS,ACTION_COMPLETED,CRIME_BRANCH,91
PR-2026-00653,133,Virudhunagar Town PS 2,31,Virudhunagar,2026-07-25 22:29:11,CHECKPOST_INTERCEPTION,UNKNOWN_CONTRABAND,UNDER_INVESTIGATION,HIGHWAY_PATROL,96
PR-2026-00654,74,Chengalpattu Town PS 5,17,Chengalpattu,2025-10-04 20:24:43,ROUTINE_PATROL_SCAN,PRESCRIPTION_NARCOTICS,VERIFIED_INCIDENT,CRIME_BRANCH,94
PR-2026-00655,41,Dindigul Town PS 2,11,Dindigul,2025-10-28 08:28:36,RAID_SEIZURE,SYNTHETIC_MDMA,UNDER_INVESTIGATION,STATION_BEAT,85
PR-2026-00656,107,Karur Town PS 1,25,Karur,2026-06-26 09:41:33,CHECKPOST_INTERCEPTION,OPIOID_ANALOGUES,ACTION_COMPLETED,STATION_BEAT,76
PR-2026-00657,90,Kallakurichi Town PS 4,21,Kallakurichi,2025-04-04 11:46:40,TIP_VERIFICATION,UNKNOWN_CONTRABAND,ACTION_COMPLETED,PROHIBITION_WING,81
PR-2026-00658,118,Pudukkottai Town PS 1,28,Pudukkottai,2026-02-02 21:33:17,CHECKPOST_INTERCEPTION,OPIOID_ANALOGUES,UNDER_INVESTIGATION,CRIME_BRANCH,96
PR-2026-00659,141,Thiruvarur Town PS 1,33,Thiruvarur,2025-02-12 09:14:41,ROUTINE_PATROL_SCAN,OPIOID_ANALOGUES,UNDER_INVESTIGATION,CRIME_BRANCH,89
PR-2026-00660,76,Tiruvallur Town PS 2,18,Tiruvallur,2026-01-22 01:24:16,ROUTINE_PATROL_SCAN,OPIOID_ANALOGUES,UNDER_INVESTIGATION,HIGHWAY_PATROL,81
PR-2026-00661,148,Nagapattinam Town PS 2,34,Nagapattinam,2025-07-02 00:02:52,ROUTINE_PATROL_SCAN,COMMERCIAL_GANJA,VERIFIED_INCIDENT,STATION_BEAT,82
PR-2026-00662,101,Namakkal Town PS 4,23,Namakkal,2025-11-24 09:12:47,RAID_SEIZURE,CHEMICAL_PRECURSORS,VERIFIED_INCIDENT,PROHIBITION_WING,83
PR-2026-00663,135,Virudhunagar Town PS 4,31,Virudhunagar,2025-06-26 10:15:39,CHECKPOST_INTERCEPTION,OPIOID_ANALOGUES,VERIFIED_INCIDENT,STATION_BEAT,79
PR-2026-00664,106,Nilgiris Town PS 4,24,Nilgiris,2024-12-02 22:43:09,TIP_VERIFICATION,COMMERCIAL_GANJA,VERIFIED_INCIDENT,STATION_BEAT,94
PR-2026-00665,24,Tirunelveli Town PS 1,6,Tirunelveli,2025-04-25 10:17:47,ROUTINE_PATROL_SCAN,COMMERCIAL_GANJA,VERIFIED_INCIDENT,HIGHWAY_PATROL,85
PR-2026-00666,38,Krishnagiri Town PS 2,10,Krishnagiri,2025-11-23 00:00:17,CHECKPOST_INTERCEPTION,UNKNOWN_CONTRABAND,UNDER_INVESTIGATION,CRIME_BRANCH,91
PR-2026-00667,72,Chengalpattu Town PS 3,17,Chengalpattu,2025-09-03 13:10:00,CHECKPOST_INTERCEPTION,PRESCRIPTION_NARCOTICS,VERIFIED_INCIDENT,CRIME_BRANCH,75
PR-2026-00668,6,Coimbatore Town PS 3,2,Coimbatore,2024-12-10 22:47:14,TIP_VERIFICATION,SYNTHETIC_MDMA,ACTION_COMPLETED,PROHIBITION_WING,95
PR-2026-00669,95,Dharmapuri Town PS 3,22,Dharmapuri,2025-11-04 19:04:36,ROUTINE_PATROL_SCAN,PRESCRIPTION_NARCOTICS,UNDER_INVESTIGATION,PROHIBITION_WING,91
PR-2026-00670,80,Cuddalore Town PS 3,19,Cuddalore,2025-11-25 17:33:43,ROUTINE_PATROL_SCAN,UNKNOWN_CONTRABAND,UNDER_INVESTIGATION,PROHIBITION_WING,75
PR-2026-00671,16,Salem Town PS 3,4,Salem,2026-03-25 19:54:05,ROUTINE_PATROL_SCAN,OPIOID_ANALOGUES,ACTION_COMPLETED,STATION_BEAT,90
PR-2026-00672,89,Kallakurichi Town PS 3,21,Kallakurichi,2026-07-16 07:20:02,ROUTINE_PATROL_SCAN,CHEMICAL_PRECURSORS,UNDER_INVESTIGATION,CRIME_BRANCH,94
PR-2026-00673,19,Tiruchirappalli Town PS 2,5,Tiruchirappalli,2025-01-29 05:40:56,TIP_VERIFICATION,OPIOID_ANALOGUES,UNDER_INVESTIGATION,PROHIBITION_WING,80
PR-2026-00674,44,Thanjavur Town PS 1,12,Thanjavur,2025-03-20 01:25:04,ROUTINE_PATROL_SCAN,PRESCRIPTION_NARCOTICS,ACTION_COMPLETED,HIGHWAY_PATROL,89
PR-2026-00675,161,Tirupathur Town PS 1,37,Tirupathur,2026-02-10 19:45:00,ROUTINE_PATROL_SCAN,COMMERCIAL_GANJA,ACTION_COMPLETED,PROHIBITION_WING,93
PR-2026-00676,144,Thiruvarur Town PS 4,33,Thiruvarur,2024-09-26 13:32:11,RAID_SEIZURE,CHEMICAL_PRECURSORS,VERIFIED_INCIDENT,PROHIBITION_WING,76
PR-2026-00677,70,Chengalpattu Town PS 1,17,Chengalpattu,2026-08-14 04:15:07,CHECKPOST_INTERCEPTION,OPIOID_ANALOGUES,ACTION_COMPLETED,STATION_BEAT,80
PR-2026-00678,104,Nilgiris Town PS 2,24,Nilgiris,2025-06-08 07:48:02,CHECKPOST_INTERCEPTION,UNKNOWN_CONTRABAND,ACTION_COMPLETED,STATION_BEAT,95
PR-2026-00679,108,Karur Town PS 2,25,Karur,2024-12-30 11:12:13,RAID_SEIZURE,UNKNOWN_CONTRABAND,VERIFIED_INCIDENT,CRIME_BRANCH,83
PR-2026-00680,26,Tirunelveli Town PS 3,6,Tirunelveli,2025-02-03 01:09:42,TIP_VERIFICATION,PRESCRIPTION_NARCOTICS,VERIFIED_INCIDENT,PROHIBITION_WING,93
PR-2026-00681,120,Pudukkottai Town PS 3,28,Pudukkottai,2025-01-13 13:12:50,ROUTINE_PATROL_SCAN,SYNTHETIC_MDMA,UNDER_INVESTIGATION,PROHIBITION_WING,97
PR-2026-00682,78,Cuddalore Town PS 1,19,Cuddalore,2025-11-09 06:42:08,TIP_VERIFICATION,COMMERCIAL_GANJA,UNDER_INVESTIGATION,CRIME_BRANCH,88
PR-2026-00683,97,Dharmapuri Town PS 5,22,Dharmapuri,2024-10-01 12:56:37,ROUTINE_PATROL_SCAN,PRESCRIPTION_NARCOTICS,VERIFIED_INCIDENT,HIGHWAY_PATROL,84
PR-2026-00684,96,Dharmapuri Town PS 4,22,Dharmapuri,2025-06-26 22:36:31,CHECKPOST_INTERCEPTION,UNKNOWN_CONTRABAND,UNDER_INVESTIGATION,HIGHWAY_PATROL,90
PR-2026-00685,2,Chennai Town PS 2,1,Chennai,2026-08-12 20:03:05,CHECKPOST_INTERCEPTION,UNKNOWN_CONTRABAND,VERIFIED_INCIDENT,CRIME_BRANCH,88
PR-2026-00686,123,Sivaganga Town PS 1,29,Sivaganga,2025-03-05 16:28:10,TIP_VERIFICATION,PRESCRIPTION_NARCOTICS,UNDER_INVESTIGATION,STATION_BEAT,75
PR-2026-00687,10,Madurai Town PS 1,3,Madurai,2025-07-07 11:09:11,RAID_SEIZURE,OPIOID_ANALOGUES,ACTION_COMPLETED,PROHIBITION_WING,98
PR-2026-00688,115,Perambalur Town PS 2,27,Perambalur,2025-05-31 09:21:19,TIP_VERIFICATION,COMMERCIAL_GANJA,UNDER_INVESTIGATION,PROHIBITION_WING,94
PR-2026-00689,138,Theni Town PS 1,32,Theni,2026-05-23 02:09:15,ROUTINE_PATROL_SCAN,SYNTHETIC_MDMA,ACTION_COMPLETED,PROHIBITION_WING,83
PR-2026-00690,100,Namakkal Town PS 3,23,Namakkal,2025-11-25 09:01:53,ROUTINE_PATROL_SCAN,CHEMICAL_PRECURSORS,ACTION_COMPLETED,STATION_BEAT,79
PR-2026-00691,140,Theni Town PS 3,32,Theni,2024-12-26 23:44:12,RAID_SEIZURE,UNKNOWN_CONTRABAND,ACTION_COMPLETED,PROHIBITION_WING,81
PR-2026-00692,41,Dindigul Town PS 2,11,Dindigul,2026-02-03 14:25:33,CHECKPOST_INTERCEPTION,PRESCRIPTION_NARCOTICS,ACTION_COMPLETED,CRIME_BRANCH,98
PR-2026-00693,54,Kanniyakumari Town PS 1,14,Kanniyakumari,2025-10-10 19:02:28,RAID_SEIZURE,PRESCRIPTION_NARCOTICS,UNDER_INVESTIGATION,PROHIBITION_WING,76
PR-2026-00694,53,Thoothukudi Town PS 6,13,Thoothukudi,2025-11-26 18:51:35,ROUTINE_PATROL_SCAN,UNKNOWN_CONTRABAND,UNDER_INVESTIGATION,CRIME_BRANCH,88
PR-2026-00695,6,Coimbatore Town PS 3,2,Coimbatore,2026-04-11 08:16:41,TIP_VERIFICATION,CHEMICAL_PRECURSORS,UNDER_INVESTIGATION,PROHIBITION_WING,86
PR-2026-00696,72,Chengalpattu Town PS 3,17,Chengalpattu,2026-01-28 08:19:57,RAID_SEIZURE,OPIOID_ANALOGUES,ACTION_COMPLETED,PROHIBITION_WING,90
PR-2026-00697,3,Chennai Town PS 3,1,Chennai,2024-10-21 08:47:46,ROUTINE_PATROL_SCAN,COMMERCIAL_GANJA,VERIFIED_INCIDENT,PROHIBITION_WING,97
PR-2026-00698,28,Tiruppur Town PS 1,7,Tiruppur,2025-04-10 22:42:22,RAID_SEIZURE,SYNTHETIC_MDMA,VERIFIED_INCIDENT,PROHIBITION_WING,85
PR-2026-00699,161,Tirupathur Town PS 1,37,Tirupathur,2025-06-21 04:01:53,CHECKPOST_INTERCEPTION,PRESCRIPTION_NARCOTICS,VERIFIED_INCIDENT,CRIME_BRANCH,97
PR-2026-00700,103,Nilgiris Town PS 1,24,Nilgiris,2025-05-07 13:11:27,ROUTINE_PATROL_SCAN,OPIOID_ANALOGUES,VERIFIED_INCIDENT,HIGHWAY_PATROL,84
PR-2026-00701,26,Tirunelveli Town PS 3,6,Tirunelveli,2026-03-12 20:21:38,CHECKPOST_INTERCEPTION,OPIOID_ANALOGUES,ACTION_COMPLETED,HIGHWAY_PATROL,92
PR-2026-00702,159,Ranipet Town PS 4,36,Ranipet,2024-10-03 06:19:10,CHECKPOST_INTERCEPTION,UNKNOWN_CONTRABAND,VERIFIED_INCIDENT,CRIME_BRANCH,79
PR-2026-00703,128,Ramanathapuram Town PS 2,30,Ramanathapuram,2025-01-03 04:02:55,RAID_SEIZURE,CHEMICAL_PRECURSORS,ACTION_COMPLETED,CRIME_BRANCH,89
PR-2026-00704,82,Cuddalore Town PS 5,19,Cuddalore,2024-11-30 09:02:45,TIP_VERIFICATION,CHEMICAL_PRECURSORS,UNDER_INVESTIGATION,CRIME_BRANCH,80
PR-2026-00705,40,Dindigul Town PS 1,11,Dindigul,2026-02-25 03:07:19,TIP_VERIFICATION,UNKNOWN_CONTRABAND,UNDER_INVESTIGATION,HIGHWAY_PATROL,90
PR-2026-00706,108,Karur Town PS 2,25,Karur,2026-08-10 20:53:17,CHECKPOST_INTERCEPTION,COMMERCIAL_GANJA,VERIFIED_INCIDENT,STATION_BEAT,86
PR-2026-00707,30,Tiruppur Town PS 3,7,Tiruppur,2025-10-10 17:20:33,RAID_SEIZURE,SYNTHETIC_MDMA,UNDER_INVESTIGATION,HIGHWAY_PATROL,88
PR-2026-00708,131,Ramanathapuram Town PS 5,30,Ramanathapuram,2025-10-07 01:08:22,TIP_VERIFICATION,PRESCRIPTION_NARCOTICS,VERIFIED_INCIDENT,STATION_BEAT,92
PR-2026-00709,103,Nilgiris Town PS 1,24,Nilgiris,2025-06-15 15:17:44,ROUTINE_PATROL_SCAN,UNKNOWN_CONTRABAND,UNDER_INVESTIGATION,PROHIBITION_WING,93
PR-2026-00710,12,Madurai Town PS 3,3,Madurai,2026-03-01 08:39:43,CHECKPOST_INTERCEPTION,COMMERCIAL_GANJA,VERIFIED_INCIDENT,HIGHWAY_PATROL,83
PR-2026-00711,109,Karur Town PS 3,25,Karur,2024-11-20 11:13:00,TIP_VERIFICATION,CHEMICAL_PRECURSORS,ACTION_COMPLETED,HIGHWAY_PATROL,92
PR-2026-00712,85,Viluppuram Town PS 2,20,Viluppuram,2026-04-24 16:20:18,ROUTINE_PATROL_SCAN,UNKNOWN_CONTRABAND,VERIFIED_INCIDENT,HIGHWAY_PATROL,85
PR-2026-00713,136,Virudhunagar Town PS 5,31,Virudhunagar,2025-07-11 04:32:39,CHECKPOST_INTERCEPTION,PRESCRIPTION_NARCOTICS,VERIFIED_INCIDENT,HIGHWAY_PATROL,90
PR-2026-00714,150,Nagapattinam Town PS 4,34,Nagapattinam,2025-05-30 04:06:22,TIP_VERIFICATION,PRESCRIPTION_NARCOTICS,VERIFIED_INCIDENT,CRIME_BRANCH,85
PR-2026-00715,112,Ariyalur Town PS 3,26,Ariyalur,2026-01-14 06:28:28,CHECKPOST_INTERCEPTION,CHEMICAL_PRECURSORS,UNDER_INVESTIGATION,CRIME_BRANCH,77
PR-2026-00716,140,Theni Town PS 3,32,Theni,2025-06-13 15:58:28,CHECKPOST_INTERCEPTION,UNKNOWN_CONTRABAND,VERIFIED_INCIDENT,HIGHWAY_PATROL,77
PR-2026-00717,84,Viluppuram Town PS 1,20,Viluppuram,2025-08-25 21:46:22,RAID_SEIZURE,PRESCRIPTION_NARCOTICS,UNDER_INVESTIGATION,HIGHWAY_PATROL,86
PR-2026-00718,131,Ramanathapuram Town PS 5,30,Ramanathapuram,2025-12-31 12:14:29,TIP_VERIFICATION,CHEMICAL_PRECURSORS,ACTION_COMPLETED,CRIME_BRANCH,95
PR-2026-00719,1,Chennai Town PS 1,1,Chennai,2024-12-21 22:00:00,ROUTINE_PATROL_SCAN,SYNTHETIC_MDMA,UNDER_INVESTIGATION,STATION_BEAT,92
PR-2026-00720,144,Thiruvarur Town PS 4,33,Thiruvarur,2025-07-20 04:50:03,TIP_VERIFICATION,CHEMICAL_PRECURSORS,ACTION_COMPLETED,STATION_BEAT,81
PR-2026-00721,146,Thiruvarur Town PS 6,33,Thiruvarur,2024-12-21 10:09:20,TIP_VERIFICATION,CHEMICAL_PRECURSORS,ACTION_COMPLETED,PROHIBITION_WING,88
PR-2026-00722,75,Tiruvallur Town PS 1,18,Tiruvallur,2025-09-09 08:36:28,ROUTINE_PATROL_SCAN,CHEMICAL_PRECURSORS,ACTION_COMPLETED,HIGHWAY_PATROL,80
PR-2026-00723,8,Coimbatore Town PS 5,2,Coimbatore,2024-09-28 02:25:19,CHECKPOST_INTERCEPTION,OPIOID_ANALOGUES,VERIFIED_INCIDENT,STATION_BEAT,93
PR-2026-00724,122,Pudukkottai Town PS 5,28,Pudukkottai,2026-07-01 02:48:50,ROUTINE_PATROL_SCAN,PRESCRIPTION_NARCOTICS,UNDER_INVESTIGATION,PROHIBITION_WING,88
PR-2026-00725,39,Krishnagiri Town PS 3,10,Krishnagiri,2025-03-18 06:01:25,ROUTINE_PATROL_SCAN,COMMERCIAL_GANJA,ACTION_COMPLETED,CRIME_BRANCH,76
PR-2026-00726,111,Ariyalur Town PS 2,26,Ariyalur,2026-02-27 13:24:39,TIP_VERIFICATION,COMMERCIAL_GANJA,ACTION_COMPLETED,STATION_BEAT,95
PR-2026-00727,57,Kanniyakumari Town PS 4,14,Kanniyakumari,2025-08-22 12:20:39,CHECKPOST_INTERCEPTION,PRESCRIPTION_NARCOTICS,ACTION_COMPLETED,HIGHWAY_PATROL,83
PR-2026-00728,116,Perambalur Town PS 3,27,Perambalur,2026-05-29 04:33:50,CHECKPOST_INTERCEPTION,COMMERCIAL_GANJA,VERIFIED_INCIDENT,PROHIBITION_WING,80
PR-2026-00729,125,Sivaganga Town PS 3,29,Sivaganga,2025-02-22 13:07:24,CHECKPOST_INTERCEPTION,COMMERCIAL_GANJA,VERIFIED_INCIDENT,HIGHWAY_PATROL,81
PR-2026-00730,136,Virudhunagar Town PS 5,31,Virudhunagar,2025-01-30 19:43:19,ROUTINE_PATROL_SCAN,COMMERCIAL_GANJA,VERIFIED_INCIDENT,HIGHWAY_PATROL,81
PR-2026-00731,47,Thanjavur Town PS 4,12,Thanjavur,2025-01-11 13:35:45,ROUTINE_PATROL_SCAN,UNKNOWN_CONTRABAND,UNDER_INVESTIGATION,HIGHWAY_PATROL,77
PR-2026-00732,28,Tiruppur Town PS 1,7,Tiruppur,2025-02-23 16:34:59,ROUTINE_PATROL_SCAN,SYNTHETIC_MDMA,UNDER_INVESTIGATION,HIGHWAY_PATROL,79
PR-2026-00733,125,Sivaganga Town PS 3,29,Sivaganga,2026-07-15 04:20:06,RAID_SEIZURE,UNKNOWN_CONTRABAND,UNDER_INVESTIGATION,PROHIBITION_WING,93
PR-2026-00734,157,Ranipet Town PS 2,36,Ranipet,2025-09-11 13:55:12,CHECKPOST_INTERCEPTION,OPIOID_ANALOGUES,UNDER_INVESTIGATION,HIGHWAY_PATROL,78
PR-2026-00735,165,Tiruvannamalai Town PS 1,38,Tiruvannamalai,2024-12-11 19:04:31,TIP_VERIFICATION,COMMERCIAL_GANJA,UNDER_INVESTIGATION,STATION_BEAT,76
PR-2026-00736,82,Cuddalore Town PS 5,19,Cuddalore,2026-03-07 20:32:07,TIP_VERIFICATION,PRESCRIPTION_NARCOTICS,VERIFIED_INCIDENT,HIGHWAY_PATROL,97
PR-2026-00737,52,Thoothukudi Town PS 5,13,Thoothukudi,2026-02-16 18:56:12,TIP_VERIFICATION,COMMERCIAL_GANJA,ACTION_COMPLETED,CRIME_BRANCH,88
PR-2026-00738,45,Thanjavur Town PS 2,12,Thanjavur,2026-08-15 20:39:03,RAID_SEIZURE,SYNTHETIC_MDMA,UNDER_INVESTIGATION,HIGHWAY_PATROL,94
PR-2026-00739,44,Thanjavur Town PS 1,12,Thanjavur,2026-02-21 04:17:08,ROUTINE_PATROL_SCAN,PRESCRIPTION_NARCOTICS,ACTION_COMPLETED,HIGHWAY_PATROL,87
PR-2026-00740,122,Pudukkottai Town PS 5,28,Pudukkottai,2025-06-21 19:33:43,TIP_VERIFICATION,SYNTHETIC_MDMA,UNDER_INVESTIGATION,PROHIBITION_WING,84
PR-2026-00741,31,Erode Town PS 1,8,Erode,2024-11-23 22:24:19,RAID_SEIZURE,CHEMICAL_PRECURSORS,VERIFIED_INCIDENT,STATION_BEAT,92
PR-2026-00742,62,Tenkasi Town PS 3,15,Tenkasi,2025-04-06 04:01:17,ROUTINE_PATROL_SCAN,OPIOID_ANALOGUES,UNDER_INVESTIGATION,STATION_BEAT,88
PR-2026-00743,140,Theni Town PS 3,32,Theni,2026-02-17 15:34:28,RAID_SEIZURE,CHEMICAL_PRECURSORS,UNDER_INVESTIGATION,PROHIBITION_WING,96
PR-2026-00744,13,Madurai Town PS 4,3,Madurai,2026-03-23 00:17:35,ROUTINE_PATROL_SCAN,OPIOID_ANALOGUES,ACTION_COMPLETED,CRIME_BRANCH,81
PR-2026-00745,86,Viluppuram Town PS 3,20,Viluppuram,2025-09-10 15:49:35,ROUTINE_PATROL_SCAN,CHEMICAL_PRECURSORS,UNDER_INVESTIGATION,PROHIBITION_WING,75
PR-2026-00746,153,Mayiladuthurai Town PS 3,35,Mayiladuthurai,2025-10-21 17:41:59,TIP_VERIFICATION,SYNTHETIC_MDMA,ACTION_COMPLETED,CRIME_BRANCH,76
PR-2026-00747,37,Krishnagiri Town PS 1,10,Krishnagiri,2026-04-17 07:15:47,RAID_SEIZURE,PRESCRIPTION_NARCOTICS,ACTION_COMPLETED,PROHIBITION_WING,92
PR-2026-00748,73,Chengalpattu Town PS 4,17,Chengalpattu,2024-11-18 13:47:26,TIP_VERIFICATION,PRESCRIPTION_NARCOTICS,VERIFIED_INCIDENT,STATION_BEAT,83
PR-2026-00749,21,Tiruchirappalli Town PS 4,5,Tiruchirappalli,2026-05-05 23:56:33,RAID_SEIZURE,COMMERCIAL_GANJA,VERIFIED_INCIDENT,PROHIBITION_WING,95
PR-2026-00750,57,Kanniyakumari Town PS 4,14,Kanniyakumari,2025-12-16 10:21:53,TIP_VERIFICATION,PRESCRIPTION_NARCOTICS,ACTION_COMPLETED,PROHIBITION_WING,77
PR-2026-00751,34,Vellore Town PS 1,9,Vellore,2025-06-07 06:51:00,CHECKPOST_INTERCEPTION,COMMERCIAL_GANJA,UNDER_INVESTIGATION,PROHIBITION_WING,97
PR-2026-00752,40,Dindigul Town PS 1,11,Dindigul,2025-02-13 09:59:19,TIP_VERIFICATION,PRESCRIPTION_NARCOTICS,ACTION_COMPLETED,HIGHWAY_PATROL,83
PR-2026-00753,87,Kallakurichi Town PS 1,21,Kallakurichi,2025-09-02 04:47:00,CHECKPOST_INTERCEPTION,COMMERCIAL_GANJA,UNDER_INVESTIGATION,HIGHWAY_PATROL,96
PR-2026-00754,106,Nilgiris Town PS 4,24,Nilgiris,2025-06-20 04:28:16,RAID_SEIZURE,UNKNOWN_CONTRABAND,VERIFIED_INCIDENT,PROHIBITION_WING,79
PR-2026-00755,15,Salem Town PS 2,4,Salem,2025-06-25 17:26:51,ROUTINE_PATROL_SCAN,COMMERCIAL_GANJA,VERIFIED_INCIDENT,STATION_BEAT,87
PR-2026-00756,10,Madurai Town PS 1,3,Madurai,2025-01-21 18:57:15,CHECKPOST_INTERCEPTION,CHEMICAL_PRECURSORS,VERIFIED_INCIDENT,HIGHWAY_PATROL,94
PR-2026-00757,129,Ramanathapuram Town PS 3,30,Ramanathapuram,2026-05-02 14:27:48,TIP_VERIFICATION,SYNTHETIC_MDMA,VERIFIED_INCIDENT,CRIME_BRANCH,88
PR-2026-00758,22,Tiruchirappalli Town PS 5,5,Tiruchirappalli,2025-06-16 19:58:18,RAID_SEIZURE,OPIOID_ANALOGUES,UNDER_INVESTIGATION,STATION_BEAT,97
PR-2026-00759,135,Virudhunagar Town PS 4,31,Virudhunagar,2025-03-09 05:01:24,ROUTINE_PATROL_SCAN,CHEMICAL_PRECURSORS,UNDER_INVESTIGATION,PROHIBITION_WING,83
PR-2026-00760,33,Erode Town PS 3,8,Erode,2026-07-23 09:21:43,TIP_VERIFICATION,SYNTHETIC_MDMA,UNDER_INVESTIGATION,STATION_BEAT,96
PR-2026-00761,158,Ranipet Town PS 3,36,Ranipet,2025-01-20 23:32:53,CHECKPOST_INTERCEPTION,CHEMICAL_PRECURSORS,VERIFIED_INCIDENT,STATION_BEAT,91
PR-2026-00762,130,Ramanathapuram Town PS 4,30,Ramanathapuram,2025-06-03 17:56:23,RAID_SEIZURE,UNKNOWN_CONTRABAND,UNDER_INVESTIGATION,STATION_BEAT,89
PR-2026-00763,21,Tiruchirappalli Town PS 4,5,Tiruchirappalli,2026-06-10 02:30:51,ROUTINE_PATROL_SCAN,SYNTHETIC_MDMA,VERIFIED_INCIDENT,STATION_BEAT,88
PR-2026-00764,28,Tiruppur Town PS 1,7,Tiruppur,2025-08-28 21:05:48,TIP_VERIFICATION,CHEMICAL_PRECURSORS,UNDER_INVESTIGATION,PROHIBITION_WING,81
PR-2026-00765,51,Thoothukudi Town PS 4,13,Thoothukudi,2026-06-23 20:13:36,ROUTINE_PATROL_SCAN,UNKNOWN_CONTRABAND,UNDER_INVESTIGATION,HIGHWAY_PATROL,92
PR-2026-00766,76,Tiruvallur Town PS 2,18,Tiruvallur,2025-01-22 15:48:22,TIP_VERIFICATION,UNKNOWN_CONTRABAND,ACTION_COMPLETED,CRIME_BRANCH,86
PR-2026-00767,156,Ranipet Town PS 1,36,Ranipet,2026-01-02 04:22:18,ROUTINE_PATROL_SCAN,CHEMICAL_PRECURSORS,VERIFIED_INCIDENT,PROHIBITION_WING,98
PR-2026-00768,133,Virudhunagar Town PS 2,31,Virudhunagar,2025-09-12 13:36:39,TIP_VERIFICATION,UNKNOWN_CONTRABAND,ACTION_COMPLETED,HIGHWAY_PATROL,88
PR-2026-00769,126,Sivaganga Town PS 4,29,Sivaganga,2025-07-17 15:29:39,CHECKPOST_INTERCEPTION,OPIOID_ANALOGUES,ACTION_COMPLETED,CRIME_BRANCH,78
PR-2026-00770,52,Thoothukudi Town PS 5,13,Thoothukudi,2025-12-20 06:39:48,ROUTINE_PATROL_SCAN,OPIOID_ANALOGUES,UNDER_INVESTIGATION,STATION_BEAT,93
PR-2026-00771,168,Tiruvannamalai Town PS 4,38,Tiruvannamalai,2025-02-26 17:56:15,RAID_SEIZURE,CHEMICAL_PRECURSORS,UNDER_INVESTIGATION,CRIME_BRANCH,82
PR-2026-00772,3,Chennai Town PS 3,1,Chennai,2026-06-23 16:42:57,TIP_VERIFICATION,SYNTHETIC_MDMA,ACTION_COMPLETED,PROHIBITION_WING,75
PR-2026-00773,168,Tiruvannamalai Town PS 4,38,Tiruvannamalai,2025-11-12 15:05:15,RAID_SEIZURE,SYNTHETIC_MDMA,ACTION_COMPLETED,HIGHWAY_PATROL,75
PR-2026-00774,138,Theni Town PS 1,32,Theni,2025-09-09 04:34:51,ROUTINE_PATROL_SCAN,CHEMICAL_PRECURSORS,VERIFIED_INCIDENT,STATION_BEAT,92
PR-2026-00775,115,Perambalur Town PS 2,27,Perambalur,2026-07-11 17:16:15,RAID_SEIZURE,COMMERCIAL_GANJA,UNDER_INVESTIGATION,PROHIBITION_WING,97
PR-2026-00776,125,Sivaganga Town PS 3,29,Sivaganga,2024-11-02 01:02:38,CHECKPOST_INTERCEPTION,OPIOID_ANALOGUES,UNDER_INVESTIGATION,STATION_BEAT,75
PR-2026-00777,133,Virudhunagar Town PS 2,31,Virudhunagar,2025-09-19 06:13:36,ROUTINE_PATROL_SCAN,SYNTHETIC_MDMA,VERIFIED_INCIDENT,PROHIBITION_WING,77
PR-2026-00778,67,Kancheepuram Town PS 3,16,Kancheepuram,2024-12-18 16:08:51,TIP_VERIFICATION,UNKNOWN_CONTRABAND,UNDER_INVESTIGATION,PROHIBITION_WING,97
PR-2026-00779,45,Thanjavur Town PS 2,12,Thanjavur,2024-12-23 16:59:47,ROUTINE_PATROL_SCAN,CHEMICAL_PRECURSORS,UNDER_INVESTIGATION,PROHIBITION_WING,75
PR-2026-00780,115,Perambalur Town PS 2,27,Perambalur,2026-07-09 22:19:37,TIP_VERIFICATION,UNKNOWN_CONTRABAND,VERIFIED_INCIDENT,HIGHWAY_PATROL,97
PR-2026-00781,147,Nagapattinam Town PS 1,34,Nagapattinam,2026-02-28 06:24:14,CHECKPOST_INTERCEPTION,PRESCRIPTION_NARCOTICS,UNDER_INVESTIGATION,HIGHWAY_PATROL,93
PR-2026-00782,163,Tirupathur Town PS 3,37,Tirupathur,2025-10-02 02:41:52,RAID_SEIZURE,UNKNOWN_CONTRABAND,ACTION_COMPLETED,STATION_BEAT,85
PR-2026-00783,108,Karur Town PS 2,25,Karur,2025-08-09 15:34:45,CHECKPOST_INTERCEPTION,CHEMICAL_PRECURSORS,ACTION_COMPLETED,STATION_BEAT,95
PR-2026-00784,67,Kancheepuram Town PS 3,16,Kancheepuram,2025-04-17 19:12:25,RAID_SEIZURE,COMMERCIAL_GANJA,ACTION_COMPLETED,CRIME_BRANCH,98
PR-2026-00785,84,Viluppuram Town PS 1,20,Viluppuram,2025-06-08 21:59:55,RAID_SEIZURE,COMMERCIAL_GANJA,VERIFIED_INCIDENT,STATION_BEAT,78
PR-2026-00786,84,Viluppuram Town PS 1,20,Viluppuram,2025-09-19 19:29:33,RAID_SEIZURE,CHEMICAL_PRECURSORS,UNDER_INVESTIGATION,HIGHWAY_PATROL,76
PR-2026-00787,108,Karur Town PS 2,25,Karur,2025-11-01 07:44:55,ROUTINE_PATROL_SCAN,UNKNOWN_CONTRABAND,VERIFIED_INCIDENT,CRIME_BRANCH,92
PR-2026-00788,139,Theni Town PS 2,32,Theni,2026-04-22 18:04:14,CHECKPOST_INTERCEPTION,COMMERCIAL_GANJA,UNDER_INVESTIGATION,CRIME_BRANCH,81
PR-2026-00789,143,Thiruvarur Town PS 3,33,Thiruvarur,2026-01-05 14:24:25,CHECKPOST_INTERCEPTION,SYNTHETIC_MDMA,UNDER_INVESTIGATION,STATION_BEAT,78
PR-2026-00790,83,Cuddalore Town PS 6,19,Cuddalore,2025-04-01 09:17:11,TIP_VERIFICATION,PRESCRIPTION_NARCOTICS,VERIFIED_INCIDENT,HIGHWAY_PATROL,94
PR-2026-00791,98,Namakkal Town PS 1,23,Namakkal,2026-06-25 20:53:41,TIP_VERIFICATION,CHEMICAL_PRECURSORS,VERIFIED_INCIDENT,PROHIBITION_WING,95
PR-2026-00792,42,Dindigul Town PS 3,11,Dindigul,2026-08-08 04:19:26,TIP_VERIFICATION,PRESCRIPTION_NARCOTICS,VERIFIED_INCIDENT,STATION_BEAT,87
PR-2026-00793,84,Viluppuram Town PS 1,20,Viluppuram,2026-03-05 23:06:22,ROUTINE_PATROL_SCAN,CHEMICAL_PRECURSORS,VERIFIED_INCIDENT,HIGHWAY_PATROL,92
PR-2026-00794,137,Virudhunagar Town PS 6,31,Virudhunagar,2025-07-05 11:15:09,CHECKPOST_INTERCEPTION,SYNTHETIC_MDMA,VERIFIED_INCIDENT,HIGHWAY_PATROL,94
PR-2026-00795,96,Dharmapuri Town PS 4,22,Dharmapuri,2026-02-05 08:56:28,TIP_VERIFICATION,CHEMICAL_PRECURSORS,ACTION_COMPLETED,STATION_BEAT,77
PR-2026-00796,49,Thoothukudi Town PS 2,13,Thoothukudi,2026-04-24 06:39:09,RAID_SEIZURE,SYNTHETIC_MDMA,VERIFIED_INCIDENT,HIGHWAY_PATROL,82
PR-2026-00797,1,Chennai Town PS 1,1,Chennai,2026-05-31 02:49:56,CHECKPOST_INTERCEPTION,UNKNOWN_CONTRABAND,VERIFIED_INCIDENT,CRIME_BRANCH,94
PR-2026-00798,126,Sivaganga Town PS 4,29,Sivaganga,2025-03-13 12:53:14,ROUTINE_PATROL_SCAN,UNKNOWN_CONTRABAND,UNDER_INVESTIGATION,PROHIBITION_WING,82
PR-2026-00799,29,Tiruppur Town PS 2,7,Tiruppur,2025-09-12 18:42:46,CHECKPOST_INTERCEPTION,CHEMICAL_PRECURSORS,ACTION_COMPLETED,CRIME_BRANCH,97
PR-2026-00800,101,Namakkal Town PS 4,23,Namakkal,2025-07-11 16:42:22,ROUTINE_PATROL_SCAN,SYNTHETIC_MDMA,ACTION_COMPLETED,CRIME_BRANCH,76
PR-2026-00801,95,Dharmapuri Town PS 3,22,Dharmapuri,2025-08-30 15:12:46,TIP_VERIFICATION,PRESCRIPTION_NARCOTICS,ACTION_COMPLETED,PROHIBITION_WING,95
PR-2026-00802,165,Tiruvannamalai Town PS 1,38,Tiruvannamalai,2025-06-18 15:29:10,CHECKPOST_INTERCEPTION,COMMERCIAL_GANJA,UNDER_INVESTIGATION,PROHIBITION_WING,87
PR-2026-00803,83,Cuddalore Town PS 6,19,Cuddalore,2026-03-18 03:39:02,ROUTINE_PATROL_SCAN,CHEMICAL_PRECURSORS,VERIFIED_INCIDENT,STATION_BEAT,80
PR-2026-00804,15,Salem Town PS 2,4,Salem,2026-02-24 07:48:54,ROUTINE_PATROL_SCAN,PRESCRIPTION_NARCOTICS,ACTION_COMPLETED,CRIME_BRANCH,87
PR-2026-00805,71,Chengalpattu Town PS 2,17,Chengalpattu,2025-06-07 16:41:10,ROUTINE_PATROL_SCAN,SYNTHETIC_MDMA,UNDER_INVESTIGATION,PROHIBITION_WING,90
PR-2026-00806,10,Madurai Town PS 1,3,Madurai,2024-12-10 11:27:12,RAID_SEIZURE,SYNTHETIC_MDMA,ACTION_COMPLETED,PROHIBITION_WING,79
PR-2026-00807,73,Chengalpattu Town PS 4,17,Chengalpattu,2025-02-01 17:34:59,RAID_SEIZURE,OPIOID_ANALOGUES,UNDER_INVESTIGATION,STATION_BEAT,86
PR-2026-00808,103,Nilgiris Town PS 1,24,Nilgiris,2026-01-05 18:27:54,ROUTINE_PATROL_SCAN,UNKNOWN_CONTRABAND,VERIFIED_INCIDENT,PROHIBITION_WING,83
PR-2026-00809,138,Theni Town PS 1,32,Theni,2026-05-07 01:32:36,CHECKPOST_INTERCEPTION,COMMERCIAL_GANJA,ACTION_COMPLETED,CRIME_BRANCH,85
PR-2026-00810,89,Kallakurichi Town PS 3,21,Kallakurichi,2026-08-10 00:55:06,TIP_VERIFICATION,PRESCRIPTION_NARCOTICS,VERIFIED_INCIDENT,STATION_BEAT,77
PR-2026-00811,2,Chennai Town PS 2,1,Chennai,2025-08-07 23:43:16,TIP_VERIFICATION,SYNTHETIC_MDMA,UNDER_INVESTIGATION,HIGHWAY_PATROL,77
PR-2026-00812,126,Sivaganga Town PS 4,29,Sivaganga,2025-05-16 12:52:10,TIP_VERIFICATION,CHEMICAL_PRECURSORS,VERIFIED_INCIDENT,PROHIBITION_WING,77
PR-2026-00813,85,Viluppuram Town PS 2,20,Viluppuram,2025-06-12 09:51:18,RAID_SEIZURE,OPIOID_ANALOGUES,UNDER_INVESTIGATION,HIGHWAY_PATROL,86
PR-2026-00814,57,Kanniyakumari Town PS 4,14,Kanniyakumari,2025-10-25 01:34:56,CHECKPOST_INTERCEPTION,PRESCRIPTION_NARCOTICS,UNDER_INVESTIGATION,STATION_BEAT,78
PR-2026-00815,24,Tirunelveli Town PS 1,6,Tirunelveli,2025-05-13 21:43:58,TIP_VERIFICATION,SYNTHETIC_MDMA,ACTION_COMPLETED,STATION_BEAT,77
PR-2026-00816,94,Dharmapuri Town PS 2,22,Dharmapuri,2026-07-22 02:57:14,RAID_SEIZURE,COMMERCIAL_GANJA,ACTION_COMPLETED,HIGHWAY_PATROL,75
PR-2026-00817,77,Tiruvallur Town PS 3,18,Tiruvallur,2026-03-09 00:56:56,CHECKPOST_INTERCEPTION,COMMERCIAL_GANJA,UNDER_INVESTIGATION,PROHIBITION_WING,97
PR-2026-00818,161,Tirupathur Town PS 1,37,Tirupathur,2026-03-10 22:17:40,TIP_VERIFICATION,SYNTHETIC_MDMA,ACTION_COMPLETED,HIGHWAY_PATROL,78
PR-2026-00819,114,Perambalur Town PS 1,27,Perambalur,2025-09-30 09:05:52,CHECKPOST_INTERCEPTION,CHEMICAL_PRECURSORS,ACTION_COMPLETED,HIGHWAY_PATROL,94
PR-2026-00820,97,Dharmapuri Town PS 5,22,Dharmapuri,2025-01-22 23:52:12,ROUTINE_PATROL_SCAN,COMMERCIAL_GANJA,ACTION_COMPLETED,PROHIBITION_WING,89
PR-2026-00821,103,Nilgiris Town PS 1,24,Nilgiris,2025-12-31 22:05:56,RAID_SEIZURE,OPIOID_ANALOGUES,ACTION_COMPLETED,CRIME_BRANCH,92
PR-2026-00822,71,Chengalpattu Town PS 2,17,Chengalpattu,2026-05-22 17:15:52,RAID_SEIZURE,UNKNOWN_CONTRABAND,ACTION_COMPLETED,HIGHWAY_PATROL,92
PR-2026-00823,43,Dindigul Town PS 4,11,Dindigul,2025-06-11 15:01:59,RAID_SEIZURE,PRESCRIPTION_NARCOTICS,UNDER_INVESTIGATION,HIGHWAY_PATROL,85
PR-2026-00824,117,Perambalur Town PS 4,27,Perambalur,2026-07-12 06:29:44,ROUTINE_PATROL_SCAN,SYNTHETIC_MDMA,VERIFIED_INCIDENT,CRIME_BRANCH,83
PR-2026-00825,138,Theni Town PS 1,32,Theni,2026-03-29 04:10:33,ROUTINE_PATROL_SCAN,UNKNOWN_CONTRABAND,UNDER_INVESTIGATION,HIGHWAY_PATROL,85
PR-2026-00826,24,Tirunelveli Town PS 1,6,Tirunelveli,2025-05-28 05:24:08,TIP_VERIFICATION,CHEMICAL_PRECURSORS,UNDER_INVESTIGATION,HIGHWAY_PATROL,96
PR-2026-00827,15,Salem Town PS 2,4,Salem,2026-03-26 03:22:52,TIP_VERIFICATION,COMMERCIAL_GANJA,VERIFIED_INCIDENT,CRIME_BRANCH,89
PR-2026-00828,44,Thanjavur Town PS 1,12,Thanjavur,2026-07-15 12:55:57,TIP_VERIFICATION,SYNTHETIC_MDMA,ACTION_COMPLETED,PROHIBITION_WING,77
PR-2026-00829,21,Tiruchirappalli Town PS 4,5,Tiruchirappalli,2026-05-07 10:17:49,CHECKPOST_INTERCEPTION,COMMERCIAL_GANJA,ACTION_COMPLETED,CRIME_BRANCH,91
PR-2026-00830,98,Namakkal Town PS 1,23,Namakkal,2024-11-25 08:35:25,RAID_SEIZURE,UNKNOWN_CONTRABAND,VERIFIED_INCIDENT,STATION_BEAT,82
PR-2026-00831,116,Perambalur Town PS 3,27,Perambalur,2024-10-26 07:19:39,ROUTINE_PATROL_SCAN,SYNTHETIC_MDMA,VERIFIED_INCIDENT,CRIME_BRANCH,85
PR-2026-00832,22,Tiruchirappalli Town PS 5,5,Tiruchirappalli,2026-08-13 03:27:21,RAID_SEIZURE,PRESCRIPTION_NARCOTICS,UNDER_INVESTIGATION,HIGHWAY_PATROL,95
PR-2026-00833,38,Krishnagiri Town PS 2,10,Krishnagiri,2026-02-04 06:37:18,TIP_VERIFICATION,OPIOID_ANALOGUES,UNDER_INVESTIGATION,CRIME_BRANCH,84
PR-2026-00834,41,Dindigul Town PS 2,11,Dindigul,2025-01-10 06:30:17,CHECKPOST_INTERCEPTION,UNKNOWN_CONTRABAND,UNDER_INVESTIGATION,HIGHWAY_PATROL,91
PR-2026-00835,26,Tirunelveli Town PS 3,6,Tirunelveli,2024-12-31 05:35:11,ROUTINE_PATROL_SCAN,OPIOID_ANALOGUES,VERIFIED_INCIDENT,STATION_BEAT,92
PR-2026-00836,149,Nagapattinam Town PS 3,34,Nagapattinam,2026-05-19 17:18:51,CHECKPOST_INTERCEPTION,OPIOID_ANALOGUES,VERIFIED_INCIDENT,HIGHWAY_PATROL,84
PR-2026-00837,78,Cuddalore Town PS 1,19,Cuddalore,2025-11-26 18:41:04,RAID_SEIZURE,SYNTHETIC_MDMA,VERIFIED_INCIDENT,HIGHWAY_PATROL,79
PR-2026-00838,167,Tiruvannamalai Town PS 3,38,Tiruvannamalai,2025-09-03 01:30:18,ROUTINE_PATROL_SCAN,OPIOID_ANALOGUES,VERIFIED_INCIDENT,PROHIBITION_WING,76
PR-2026-00839,35,Vellore Town PS 2,9,Vellore,2026-07-26 18:12:18,ROUTINE_PATROL_SCAN,COMMERCIAL_GANJA,UNDER_INVESTIGATION,STATION_BEAT,87
PR-2026-00840,17,Salem Town PS 4,4,Salem,2026-02-07 10:53:39,RAID_SEIZURE,UNKNOWN_CONTRABAND,UNDER_INVESTIGATION,CRIME_BRANCH,86
PR-2026-00841,119,Pudukkottai Town PS 2,28,Pudukkottai,2026-08-01 05:45:55,ROUTINE_PATROL_SCAN,OPIOID_ANALOGUES,ACTION_COMPLETED,STATION_BEAT,75
PR-2026-00842,157,Ranipet Town PS 2,36,Ranipet,2025-04-15 00:37:32,ROUTINE_PATROL_SCAN,UNKNOWN_CONTRABAND,UNDER_INVESTIGATION,STATION_BEAT,84
PR-2026-00843,125,Sivaganga Town PS 3,29,Sivaganga,2025-06-09 09:01:25,CHECKPOST_INTERCEPTION,CHEMICAL_PRECURSORS,ACTION_COMPLETED,HIGHWAY_PATROL,85
PR-2026-00844,144,Thiruvarur Town PS 4,33,Thiruvarur,2024-10-23 03:12:57,CHECKPOST_INTERCEPTION,CHEMICAL_PRECURSORS,UNDER_INVESTIGATION,HIGHWAY_PATROL,87
PR-2026-00845,165,Tiruvannamalai Town PS 1,38,Tiruvannamalai,2025-03-10 01:27:11,CHECKPOST_INTERCEPTION,PRESCRIPTION_NARCOTICS,VERIFIED_INCIDENT,PROHIBITION_WING,93
PR-2026-00846,74,Chengalpattu Town PS 5,17,Chengalpattu,2024-11-07 03:36:19,CHECKPOST_INTERCEPTION,CHEMICAL_PRECURSORS,UNDER_INVESTIGATION,HIGHWAY_PATROL,80
PR-2026-00847,66,Kancheepuram Town PS 2,16,Kancheepuram,2025-02-15 13:45:57,TIP_VERIFICATION,PRESCRIPTION_NARCOTICS,UNDER_INVESTIGATION,CRIME_BRANCH,81
PR-2026-00848,109,Karur Town PS 3,25,Karur,2026-06-23 04:44:45,ROUTINE_PATROL_SCAN,OPIOID_ANALOGUES,VERIFIED_INCIDENT,HIGHWAY_PATROL,82
PR-2026-00849,18,Tiruchirappalli Town PS 1,5,Tiruchirappalli,2026-02-07 10:51:24,CHECKPOST_INTERCEPTION,PRESCRIPTION_NARCOTICS,UNDER_INVESTIGATION,STATION_BEAT,76
PR-2026-00850,121,Pudukkottai Town PS 4,28,Pudukkottai,2024-12-13 12:36:58,CHECKPOST_INTERCEPTION,OPIOID_ANALOGUES,VERIFIED_INCIDENT,PROHIBITION_WING,96
PR-2026-00851,11,Madurai Town PS 2,3,Madurai,2025-12-23 15:13:06,CHECKPOST_INTERCEPTION,PRESCRIPTION_NARCOTICS,VERIFIED_INCIDENT,STATION_BEAT,97
PR-2026-00852,70,Chengalpattu Town PS 1,17,Chengalpattu,2026-03-20 00:23:39,CHECKPOST_INTERCEPTION,UNKNOWN_CONTRABAND,VERIFIED_INCIDENT,HIGHWAY_PATROL,98
PR-2026-00853,156,Ranipet Town PS 1,36,Ranipet,2026-02-28 09:21:45,RAID_SEIZURE,CHEMICAL_PRECURSORS,VERIFIED_INCIDENT,HIGHWAY_PATROL,78
PR-2026-00854,39,Krishnagiri Town PS 3,10,Krishnagiri,2025-03-20 20:37:34,TIP_VERIFICATION,OPIOID_ANALOGUES,VERIFIED_INCIDENT,STATION_BEAT,87
PR-2026-00855,109,Karur Town PS 3,25,Karur,2026-06-06 19:36:07,ROUTINE_PATROL_SCAN,OPIOID_ANALOGUES,UNDER_INVESTIGATION,PROHIBITION_WING,87
PR-2026-00856,81,Cuddalore Town PS 4,19,Cuddalore,2025-01-29 04:45:11,TIP_VERIFICATION,UNKNOWN_CONTRABAND,UNDER_INVESTIGATION,PROHIBITION_WING,86
PR-2026-00857,23,Tiruchirappalli Town PS 6,5,Tiruchirappalli,2026-04-08 15:37:09,ROUTINE_PATROL_SCAN,SYNTHETIC_MDMA,UNDER_INVESTIGATION,PROHIBITION_WING,85
PR-2026-00858,70,Chengalpattu Town PS 1,17,Chengalpattu,2025-03-09 20:20:36,CHECKPOST_INTERCEPTION,CHEMICAL_PRECURSORS,ACTION_COMPLETED,HIGHWAY_PATROL,82
PR-2026-00859,13,Madurai Town PS 4,3,Madurai,2024-10-13 10:20:25,ROUTINE_PATROL_SCAN,COMMERCIAL_GANJA,UNDER_INVESTIGATION,PROHIBITION_WING,88
PR-2026-00860,67,Kancheepuram Town PS 3,16,Kancheepuram,2024-12-07 10:33:15,TIP_VERIFICATION,PRESCRIPTION_NARCOTICS,ACTION_COMPLETED,CRIME_BRANCH,79
PR-2026-00861,76,Tiruvallur Town PS 2,18,Tiruvallur,2026-02-18 10:34:06,TIP_VERIFICATION,SYNTHETIC_MDMA,UNDER_INVESTIGATION,HIGHWAY_PATROL,75
PR-2026-00862,41,Dindigul Town PS 2,11,Dindigul,2026-06-19 18:31:41,ROUTINE_PATROL_SCAN,SYNTHETIC_MDMA,UNDER_INVESTIGATION,HIGHWAY_PATROL,87
PR-2026-00863,11,Madurai Town PS 2,3,Madurai,2024-12-16 11:20:57,CHECKPOST_INTERCEPTION,OPIOID_ANALOGUES,VERIFIED_INCIDENT,CRIME_BRANCH,82
PR-2026-00864,67,Kancheepuram Town PS 3,16,Kancheepuram,2025-04-01 23:21:26,ROUTINE_PATROL_SCAN,UNKNOWN_CONTRABAND,ACTION_COMPLETED,CRIME_BRANCH,79
PR-2026-00865,62,Tenkasi Town PS 3,15,Tenkasi,2024-11-15 00:45:16,ROUTINE_PATROL_SCAN,COMMERCIAL_GANJA,UNDER_INVESTIGATION,PROHIBITION_WING,79
PR-2026-00866,163,Tirupathur Town PS 3,37,Tirupathur,2025-03-27 20:47:16,RAID_SEIZURE,UNKNOWN_CONTRABAND,VERIFIED_INCIDENT,STATION_BEAT,95
PR-2026-00867,163,Tirupathur Town PS 3,37,Tirupathur,2025-10-08 21:18:16,RAID_SEIZURE,UNKNOWN_CONTRABAND,VERIFIED_INCIDENT,STATION_BEAT,91
PR-2026-00868,120,Pudukkottai Town PS 3,28,Pudukkottai,2025-08-19 01:15:02,ROUTINE_PATROL_SCAN,UNKNOWN_CONTRABAND,VERIFIED_INCIDENT,CRIME_BRANCH,98
PR-2026-00869,159,Ranipet Town PS 4,36,Ranipet,2025-06-06 13:10:34,ROUTINE_PATROL_SCAN,SYNTHETIC_MDMA,UNDER_INVESTIGATION,CRIME_BRANCH,94
PR-2026-00870,28,Tiruppur Town PS 1,7,Tiruppur,2026-02-19 22:22:58,ROUTINE_PATROL_SCAN,UNKNOWN_CONTRABAND,UNDER_INVESTIGATION,PROHIBITION_WING,80
PR-2026-00871,120,Pudukkottai Town PS 3,28,Pudukkottai,2025-05-06 00:41:59,RAID_SEIZURE,SYNTHETIC_MDMA,ACTION_COMPLETED,HIGHWAY_PATROL,77
PR-2026-00872,3,Chennai Town PS 3,1,Chennai,2024-12-30 14:17:36,TIP_VERIFICATION,OPIOID_ANALOGUES,VERIFIED_INCIDENT,STATION_BEAT,93
PR-2026-00873,162,Tirupathur Town PS 2,37,Tirupathur,2026-02-13 14:46:02,ROUTINE_PATROL_SCAN,CHEMICAL_PRECURSORS,UNDER_INVESTIGATION,PROHIBITION_WING,90
PR-2026-00874,160,Ranipet Town PS 5,36,Ranipet,2025-11-17 12:54:47,CHECKPOST_INTERCEPTION,UNKNOWN_CONTRABAND,UNDER_INVESTIGATION,STATION_BEAT,76
PR-2026-00875,166,Tiruvannamalai Town PS 2,38,Tiruvannamalai,2026-02-21 19:40:09,ROUTINE_PATROL_SCAN,UNKNOWN_CONTRABAND,ACTION_COMPLETED,STATION_BEAT,76
PR-2026-00876,150,Nagapattinam Town PS 4,34,Nagapattinam,2025-03-31 03:22:37,CHECKPOST_INTERCEPTION,PRESCRIPTION_NARCOTICS,VERIFIED_INCIDENT,PROHIBITION_WING,85
PR-2026-00877,40,Dindigul Town PS 1,11,Dindigul,2025-01-23 19:53:17,RAID_SEIZURE,OPIOID_ANALOGUES,VERIFIED_INCIDENT,PROHIBITION_WING,97
PR-2026-00878,87,Kallakurichi Town PS 1,21,Kallakurichi,2026-06-03 17:19:20,RAID_SEIZURE,PRESCRIPTION_NARCOTICS,UNDER_INVESTIGATION,CRIME_BRANCH,78
PR-2026-00879,149,Nagapattinam Town PS 3,34,Nagapattinam,2025-02-06 06:19:17,CHECKPOST_INTERCEPTION,COMMERCIAL_GANJA,ACTION_COMPLETED,CRIME_BRANCH,87
PR-2026-00880,150,Nagapattinam Town PS 4,34,Nagapattinam,2026-08-17 05:06:27,ROUTINE_PATROL_SCAN,OPIOID_ANALOGUES,UNDER_INVESTIGATION,PROHIBITION_WING,77
PR-2026-00881,61,Tenkasi Town PS 2,15,Tenkasi,2026-03-27 20:48:37,RAID_SEIZURE,COMMERCIAL_GANJA,VERIFIED_INCIDENT,STATION_BEAT,90
PR-2026-00882,164,Tirupathur Town PS 4,37,Tirupathur,2024-10-12 09:34:09,RAID_SEIZURE,COMMERCIAL_GANJA,VERIFIED_INCIDENT,STATION_BEAT,85
PR-2026-00883,159,Ranipet Town PS 4,36,Ranipet,2026-01-11 06:53:54,CHECKPOST_INTERCEPTION,PRESCRIPTION_NARCOTICS,VERIFIED_INCIDENT,CRIME_BRANCH,97
PR-2026-00884,59,Kanniyakumari Town PS 6,14,Kanniyakumari,2025-05-21 15:23:57,ROUTINE_PATROL_SCAN,PRESCRIPTION_NARCOTICS,UNDER_INVESTIGATION,CRIME_BRANCH,92
PR-2026-00885,69,Kancheepuram Town PS 5,16,Kancheepuram,2026-04-11 15:14:03,CHECKPOST_INTERCEPTION,OPIOID_ANALOGUES,ACTION_COMPLETED,PROHIBITION_WING,81
PR-2026-00886,61,Tenkasi Town PS 2,15,Tenkasi,2024-10-14 13:18:24,RAID_SEIZURE,PRESCRIPTION_NARCOTICS,UNDER_INVESTIGATION,CRIME_BRANCH,83
PR-2026-00887,92,Kallakurichi Town PS 6,21,Kallakurichi,2025-04-06 20:41:54,ROUTINE_PATROL_SCAN,CHEMICAL_PRECURSORS,ACTION_COMPLETED,HIGHWAY_PATROL,85
PR-2026-00888,156,Ranipet Town PS 1,36,Ranipet,2025-11-19 06:06:25,TIP_VERIFICATION,OPIOID_ANALOGUES,ACTION_COMPLETED,CRIME_BRANCH,79
PR-2026-00889,46,Thanjavur Town PS 3,12,Thanjavur,2026-03-13 01:35:00,ROUTINE_PATROL_SCAN,OPIOID_ANALOGUES,UNDER_INVESTIGATION,PROHIBITION_WING,92
PR-2026-00890,17,Salem Town PS 4,4,Salem,2024-12-12 16:10:39,TIP_VERIFICATION,UNKNOWN_CONTRABAND,VERIFIED_INCIDENT,HIGHWAY_PATROL,89
PR-2026-00891,48,Thoothukudi Town PS 1,13,Thoothukudi,2025-09-12 13:13:28,CHECKPOST_INTERCEPTION,UNKNOWN_CONTRABAND,VERIFIED_INCIDENT,HIGHWAY_PATROL,85
PR-2026-00892,33,Erode Town PS 3,8,Erode,2026-07-03 07:43:11,CHECKPOST_INTERCEPTION,SYNTHETIC_MDMA,ACTION_COMPLETED,PROHIBITION_WING,76
PR-2026-00893,167,Tiruvannamalai Town PS 3,38,Tiruvannamalai,2026-06-19 04:35:06,RAID_SEIZURE,OPIOID_ANALOGUES,VERIFIED_INCIDENT,HIGHWAY_PATROL,94
PR-2026-00894,147,Nagapattinam Town PS 1,34,Nagapattinam,2026-01-24 17:11:56,RAID_SEIZURE,SYNTHETIC_MDMA,VERIFIED_INCIDENT,HIGHWAY_PATROL,83
PR-2026-00895,124,Sivaganga Town PS 2,29,Sivaganga,2026-08-07 20:31:10,ROUTINE_PATROL_SCAN,UNKNOWN_CONTRABAND,UNDER_INVESTIGATION,CRIME_BRANCH,79
PR-2026-00896,127,Ramanathapuram Town PS 1,30,Ramanathapuram,2025-05-11 00:55:02,RAID_SEIZURE,UNKNOWN_CONTRABAND,ACTION_COMPLETED,CRIME_BRANCH,98
PR-2026-00897,29,Tiruppur Town PS 2,7,Tiruppur,2024-10-29 11:36:45,RAID_SEIZURE,OPIOID_ANALOGUES,VERIFIED_INCIDENT,CRIME_BRANCH,90
PR-2026-00898,19,Tiruchirappalli Town PS 2,5,Tiruchirappalli,2025-10-10 21:52:24,CHECKPOST_INTERCEPTION,PRESCRIPTION_NARCOTICS,VERIFIED_INCIDENT,STATION_BEAT,79
PR-2026-00899,69,Kancheepuram Town PS 5,16,Kancheepuram,2025-09-20 17:03:12,CHECKPOST_INTERCEPTION,CHEMICAL_PRECURSORS,VERIFIED_INCIDENT,HIGHWAY_PATROL,98
PR-2026-00900,58,Kanniyakumari Town PS 5,14,Kanniyakumari,2026-03-06 10:37:16,CHECKPOST_INTERCEPTION,SYNTHETIC_MDMA,UNDER_INVESTIGATION,PROHIBITION_WING,78
PR-2026-00901,159,Ranipet Town PS 4,36,Ranipet,2025-06-23 00:41:59,CHECKPOST_INTERCEPTION,UNKNOWN_CONTRABAND,VERIFIED_INCIDENT,CRIME_BRANCH,98
PR-2026-00902,45,Thanjavur Town PS 2,12,Thanjavur,2025-04-23 02:32:02,CHECKPOST_INTERCEPTION,SYNTHETIC_MDMA,VERIFIED_INCIDENT,PROHIBITION_WING,78
PR-2026-00903,166,Tiruvannamalai Town PS 2,38,Tiruvannamalai,2026-06-03 12:46:51,ROUTINE_PATROL_SCAN,SYNTHETIC_MDMA,ACTION_COMPLETED,HIGHWAY_PATROL,91
PR-2026-00904,102,Namakkal Town PS 5,23,Namakkal,2025-12-19 19:04:02,CHECKPOST_INTERCEPTION,SYNTHETIC_MDMA,UNDER_INVESTIGATION,HIGHWAY_PATROL,94
PR-2026-00905,77,Tiruvallur Town PS 3,18,Tiruvallur,2025-10-18 16:20:29,TIP_VERIFICATION,CHEMICAL_PRECURSORS,UNDER_INVESTIGATION,CRIME_BRANCH,95
PR-2026-00906,60,Tenkasi Town PS 1,15,Tenkasi,2026-04-27 14:15:11,RAID_SEIZURE,UNKNOWN_CONTRABAND,VERIFIED_INCIDENT,HIGHWAY_PATROL,86
PR-2026-00907,62,Tenkasi Town PS 3,15,Tenkasi,2026-02-25 05:44:20,ROUTINE_PATROL_SCAN,CHEMICAL_PRECURSORS,UNDER_INVESTIGATION,CRIME_BRANCH,81
PR-2026-00908,4,Coimbatore Town PS 1,2,Coimbatore,2026-02-08 16:19:53,TIP_VERIFICATION,COMMERCIAL_GANJA,UNDER_INVESTIGATION,STATION_BEAT,85
PR-2026-00909,73,Chengalpattu Town PS 4,17,Chengalpattu,2025-09-18 15:41:22,TIP_VERIFICATION,OPIOID_ANALOGUES,VERIFIED_INCIDENT,CRIME_BRANCH,95
PR-2026-00910,16,Salem Town PS 3,4,Salem,2026-05-27 19:23:03,TIP_VERIFICATION,OPIOID_ANALOGUES,ACTION_COMPLETED,STATION_BEAT,94
PR-2026-00911,133,Virudhunagar Town PS 2,31,Virudhunagar,2025-07-17 21:51:17,ROUTINE_PATROL_SCAN,COMMERCIAL_GANJA,VERIFIED_INCIDENT,CRIME_BRANCH,81
PR-2026-00912,165,Tiruvannamalai Town PS 1,38,Tiruvannamalai,2025-02-03 07:00:08,RAID_SEIZURE,SYNTHETIC_MDMA,UNDER_INVESTIGATION,PROHIBITION_WING,81
PR-2026-00913,143,Thiruvarur Town PS 3,33,Thiruvarur,2026-03-08 21:47:41,ROUTINE_PATROL_SCAN,CHEMICAL_PRECURSORS,ACTION_COMPLETED,STATION_BEAT,88
PR-2026-00914,36,Vellore Town PS 3,9,Vellore,2025-06-14 02:54:52,ROUTINE_PATROL_SCAN,OPIOID_ANALOGUES,VERIFIED_INCIDENT,HIGHWAY_PATROL,95
PR-2026-00915,106,Nilgiris Town PS 4,24,Nilgiris,2026-07-21 14:44:50,ROUTINE_PATROL_SCAN,COMMERCIAL_GANJA,UNDER_INVESTIGATION,CRIME_BRANCH,76
PR-2026-00916,41,Dindigul Town PS 2,11,Dindigul,2025-12-06 06:13:46,CHECKPOST_INTERCEPTION,SYNTHETIC_MDMA,VERIFIED_INCIDENT,STATION_BEAT,83
PR-2026-00917,91,Kallakurichi Town PS 5,21,Kallakurichi,2024-11-29 08:26:30,ROUTINE_PATROL_SCAN,UNKNOWN_CONTRABAND,UNDER_INVESTIGATION,STATION_BEAT,76
PR-2026-00918,82,Cuddalore Town PS 5,19,Cuddalore,2025-12-06 07:28:40,TIP_VERIFICATION,UNKNOWN_CONTRABAND,VERIFIED_INCIDENT,CRIME_BRANCH,76
PR-2026-00919,104,Nilgiris Town PS 2,24,Nilgiris,2026-07-31 01:21:09,RAID_SEIZURE,SYNTHETIC_MDMA,VERIFIED_INCIDENT,CRIME_BRANCH,82
PR-2026-00920,43,Dindigul Town PS 4,11,Dindigul,2025-12-06 17:13:50,RAID_SEIZURE,PRESCRIPTION_NARCOTICS,VERIFIED_INCIDENT,PROHIBITION_WING,87
PR-2026-00921,67,Kancheepuram Town PS 3,16,Kancheepuram,2025-11-23 05:46:50,ROUTINE_PATROL_SCAN,COMMERCIAL_GANJA,ACTION_COMPLETED,HIGHWAY_PATROL,75
PR-2026-00922,113,Ariyalur Town PS 4,26,Ariyalur,2025-05-24 10:38:32,CHECKPOST_INTERCEPTION,CHEMICAL_PRECURSORS,ACTION_COMPLETED,CRIME_BRANCH,93
PR-2026-00923,131,Ramanathapuram Town PS 5,30,Ramanathapuram,2026-01-27 11:49:23,RAID_SEIZURE,SYNTHETIC_MDMA,ACTION_COMPLETED,HIGHWAY_PATROL,78
PR-2026-00924,7,Coimbatore Town PS 4,2,Coimbatore,2025-03-16 03:30:49,ROUTINE_PATROL_SCAN,SYNTHETIC_MDMA,VERIFIED_INCIDENT,STATION_BEAT,75
PR-2026-00925,46,Thanjavur Town PS 3,12,Thanjavur,2024-12-11 08:13:49,RAID_SEIZURE,UNKNOWN_CONTRABAND,VERIFIED_INCIDENT,STATION_BEAT,93
PR-2026-00926,152,Mayiladuthurai Town PS 2,35,Mayiladuthurai,2025-10-03 08:02:40,RAID_SEIZURE,UNKNOWN_CONTRABAND,ACTION_COMPLETED,CRIME_BRANCH,77
PR-2026-00927,165,Tiruvannamalai Town PS 1,38,Tiruvannamalai,2025-04-09 11:45:35,RAID_SEIZURE,SYNTHETIC_MDMA,UNDER_INVESTIGATION,STATION_BEAT,91
PR-2026-00928,90,Kallakurichi Town PS 4,21,Kallakurichi,2026-07-19 14:37:41,RAID_SEIZURE,PRESCRIPTION_NARCOTICS,ACTION_COMPLETED,STATION_BEAT,82
PR-2026-00929,59,Kanniyakumari Town PS 6,14,Kanniyakumari,2025-10-15 06:50:46,RAID_SEIZURE,COMMERCIAL_GANJA,ACTION_COMPLETED,CRIME_BRANCH,83
PR-2026-00930,86,Viluppuram Town PS 3,20,Viluppuram,2026-02-22 10:07:34,TIP_VERIFICATION,PRESCRIPTION_NARCOTICS,ACTION_COMPLETED,PROHIBITION_WING,95
PR-2026-00931,86,Viluppuram Town PS 3,20,Viluppuram,2025-05-11 14:31:57,TIP_VERIFICATION,SYNTHETIC_MDMA,VERIFIED_INCIDENT,CRIME_BRANCH,84
PR-2026-00932,127,Ramanathapuram Town PS 1,30,Ramanathapuram,2025-12-18 20:14:58,TIP_VERIFICATION,COMMERCIAL_GANJA,UNDER_INVESTIGATION,PROHIBITION_WING,76
PR-2026-00933,1,Chennai Town PS 1,1,Chennai,2024-12-03 07:14:44,RAID_SEIZURE,SYNTHETIC_MDMA,ACTION_COMPLETED,STATION_BEAT,84
PR-2026-00934,146,Thiruvarur Town PS 6,33,Thiruvarur,2024-12-19 13:36:49,CHECKPOST_INTERCEPTION,COMMERCIAL_GANJA,ACTION_COMPLETED,CRIME_BRANCH,80
PR-2026-00935,156,Ranipet Town PS 1,36,Ranipet,2024-12-24 20:07:08,CHECKPOST_INTERCEPTION,SYNTHETIC_MDMA,ACTION_COMPLETED,PROHIBITION_WING,96
PR-2026-00936,108,Karur Town PS 2,25,Karur,2026-03-27 08:12:57,ROUTINE_PATROL_SCAN,SYNTHETIC_MDMA,ACTION_COMPLETED,CRIME_BRANCH,90
PR-2026-00937,36,Vellore Town PS 3,9,Vellore,2024-12-19 04:05:33,RAID_SEIZURE,COMMERCIAL_GANJA,ACTION_COMPLETED,PROHIBITION_WING,89
PR-2026-00938,32,Erode Town PS 2,8,Erode,2026-06-23 00:52:45,RAID_SEIZURE,UNKNOWN_CONTRABAND,UNDER_INVESTIGATION,PROHIBITION_WING,93
PR-2026-00939,110,Ariyalur Town PS 1,26,Ariyalur,2025-10-14 16:20:33,TIP_VERIFICATION,UNKNOWN_CONTRABAND,VERIFIED_INCIDENT,STATION_BEAT,92
PR-2026-00940,47,Thanjavur Town PS 4,12,Thanjavur,2024-11-23 12:30:47,TIP_VERIFICATION,OPIOID_ANALOGUES,UNDER_INVESTIGATION,STATION_BEAT,78
PR-2026-00941,48,Thoothukudi Town PS 1,13,Thoothukudi,2024-09-25 12:45:07,CHECKPOST_INTERCEPTION,COMMERCIAL_GANJA,ACTION_COMPLETED,PROHIBITION_WING,89
PR-2026-00942,159,Ranipet Town PS 4,36,Ranipet,2024-11-05 07:14:34,RAID_SEIZURE,UNKNOWN_CONTRABAND,ACTION_COMPLETED,HIGHWAY_PATROL,87
PR-2026-00943,113,Ariyalur Town PS 4,26,Ariyalur,2026-06-08 15:45:11,RAID_SEIZURE,PRESCRIPTION_NARCOTICS,UNDER_INVESTIGATION,CRIME_BRANCH,80
PR-2026-00944,149,Nagapattinam Town PS 3,34,Nagapattinam,2025-04-01 09:41:51,CHECKPOST_INTERCEPTION,COMMERCIAL_GANJA,ACTION_COMPLETED,PROHIBITION_WING,97
PR-2026-00945,130,Ramanathapuram Town PS 4,30,Ramanathapuram,2026-01-07 04:19:44,RAID_SEIZURE,COMMERCIAL_GANJA,ACTION_COMPLETED,HIGHWAY_PATROL,81
PR-2026-00946,108,Karur Town PS 2,25,Karur,2026-03-12 12:19:08,CHECKPOST_INTERCEPTION,OPIOID_ANALOGUES,ACTION_COMPLETED,PROHIBITION_WING,86
PR-2026-00947,116,Perambalur Town PS 3,27,Perambalur,2024-11-17 10:10:13,TIP_VERIFICATION,OPIOID_ANALOGUES,ACTION_COMPLETED,PROHIBITION_WING,91
PR-2026-00948,58,Kanniyakumari Town PS 5,14,Kanniyakumari,2025-08-08 02:30:25,TIP_VERIFICATION,OPIOID_ANALOGUES,VERIFIED_INCIDENT,HIGHWAY_PATROL,77
PR-2026-00949,94,Dharmapuri Town PS 2,22,Dharmapuri,2026-06-17 20:28:23,TIP_VERIFICATION,COMMERCIAL_GANJA,ACTION_COMPLETED,CRIME_BRANCH,87
PR-2026-00950,42,Dindigul Town PS 3,11,Dindigul,2024-10-29 13:41:33,RAID_SEIZURE,SYNTHETIC_MDMA,VERIFIED_INCIDENT,STATION_BEAT,92
PR-2026-00951,100,Namakkal Town PS 3,23,Namakkal,2026-04-03 02:12:37,RAID_SEIZURE,PRESCRIPTION_NARCOTICS,ACTION_COMPLETED,HIGHWAY_PATROL,85
PR-2026-00952,110,Ariyalur Town PS 1,26,Ariyalur,2026-02-22 02:44:19,CHECKPOST_INTERCEPTION,CHEMICAL_PRECURSORS,VERIFIED_INCIDENT,STATION_BEAT,78
PR-2026-00953,74,Chengalpattu Town PS 5,17,Chengalpattu,2025-03-28 21:17:43,TIP_VERIFICATION,PRESCRIPTION_NARCOTICS,ACTION_COMPLETED,HIGHWAY_PATROL,79
PR-2026-00954,82,Cuddalore Town PS 5,19,Cuddalore,2025-03-08 00:09:49,ROUTINE_PATROL_SCAN,OPIOID_ANALOGUES,VERIFIED_INCIDENT,PROHIBITION_WING,75
PR-2026-00955,41,Dindigul Town PS 2,11,Dindigul,2025-08-02 16:33:29,ROUTINE_PATROL_SCAN,PRESCRIPTION_NARCOTICS,VERIFIED_INCIDENT,STATION_BEAT,76
PR-2026-00956,24,Tirunelveli Town PS 1,6,Tirunelveli,2025-10-29 12:55:26,CHECKPOST_INTERCEPTION,OPIOID_ANALOGUES,ACTION_COMPLETED,PROHIBITION_WING,98
PR-2026-00957,45,Thanjavur Town PS 2,12,Thanjavur,2025-08-31 21:39:20,ROUTINE_PATROL_SCAN,OPIOID_ANALOGUES,UNDER_INVESTIGATION,STATION_BEAT,80
PR-2026-00958,138,Theni Town PS 1,32,Theni,2026-01-01 07:52:22,ROUTINE_PATROL_SCAN,SYNTHETIC_MDMA,UNDER_INVESTIGATION,HIGHWAY_PATROL,77
PR-2026-00959,17,Salem Town PS 4,4,Salem,2025-04-08 02:53:34,ROUTINE_PATROL_SCAN,OPIOID_ANALOGUES,ACTION_COMPLETED,STATION_BEAT,78
PR-2026-00960,130,Ramanathapuram Town PS 4,30,Ramanathapuram,2025-12-29 20:05:35,TIP_VERIFICATION,OPIOID_ANALOGUES,UNDER_INVESTIGATION,HIGHWAY_PATROL,95
PR-2026-00961,113,Ariyalur Town PS 4,26,Ariyalur,2025-11-03 20:15:56,CHECKPOST_INTERCEPTION,CHEMICAL_PRECURSORS,VERIFIED_INCIDENT,HIGHWAY_PATROL,93
PR-2026-00962,71,Chengalpattu Town PS 2,17,Chengalpattu,2025-03-09 03:54:13,CHECKPOST_INTERCEPTION,COMMERCIAL_GANJA,VERIFIED_INCIDENT,PROHIBITION_WING,76
PR-2026-00963,28,Tiruppur Town PS 1,7,Tiruppur,2026-07-12 21:26:00,ROUTINE_PATROL_SCAN,PRESCRIPTION_NARCOTICS,ACTION_COMPLETED,PROHIBITION_WING,75
PR-2026-00964,149,Nagapattinam Town PS 3,34,Nagapattinam,2025-06-19 03:36:42,CHECKPOST_INTERCEPTION,PRESCRIPTION_NARCOTICS,ACTION_COMPLETED,CRIME_BRANCH,86
PR-2026-00965,111,Ariyalur Town PS 2,26,Ariyalur,2025-10-20 14:32:20,RAID_SEIZURE,OPIOID_ANALOGUES,VERIFIED_INCIDENT,HIGHWAY_PATROL,91
PR-2026-00966,35,Vellore Town PS 2,9,Vellore,2025-02-28 11:32:57,TIP_VERIFICATION,UNKNOWN_CONTRABAND,UNDER_INVESTIGATION,PROHIBITION_WING,88
PR-2026-00967,78,Cuddalore Town PS 1,19,Cuddalore,2024-11-09 04:33:59,RAID_SEIZURE,UNKNOWN_CONTRABAND,UNDER_INVESTIGATION,PROHIBITION_WING,75
PR-2026-00968,168,Tiruvannamalai Town PS 4,38,Tiruvannamalai,2025-12-15 15:15:45,ROUTINE_PATROL_SCAN,OPIOID_ANALOGUES,ACTION_COMPLETED,STATION_BEAT,85
PR-2026-00969,75,Tiruvallur Town PS 1,18,Tiruvallur,2025-02-13 12:28:47,RAID_SEIZURE,CHEMICAL_PRECURSORS,ACTION_COMPLETED,STATION_BEAT,75
PR-2026-00970,25,Tirunelveli Town PS 2,6,Tirunelveli,2025-06-06 10:04:40,RAID_SEIZURE,SYNTHETIC_MDMA,VERIFIED_INCIDENT,CRIME_BRANCH,83
PR-2026-00971,77,Tiruvallur Town PS 3,18,Tiruvallur,2025-11-09 11:32:17,RAID_SEIZURE,UNKNOWN_CONTRABAND,ACTION_COMPLETED,PROHIBITION_WING,92
PR-2026-00972,33,Erode Town PS 3,8,Erode,2025-03-21 12:20:38,CHECKPOST_INTERCEPTION,OPIOID_ANALOGUES,VERIFIED_INCIDENT,STATION_BEAT,81
PR-2026-00973,11,Madurai Town PS 2,3,Madurai,2026-08-07 09:01:27,RAID_SEIZURE,UNKNOWN_CONTRABAND,VERIFIED_INCIDENT,STATION_BEAT,76
PR-2026-00974,64,Tenkasi Town PS 5,15,Tenkasi,2025-11-29 14:07:13,ROUTINE_PATROL_SCAN,UNKNOWN_CONTRABAND,VERIFIED_INCIDENT,STATION_BEAT,95
PR-2026-00975,29,Tiruppur Town PS 2,7,Tiruppur,2026-05-12 04:50:37,TIP_VERIFICATION,PRESCRIPTION_NARCOTICS,ACTION_COMPLETED,STATION_BEAT,90
PR-2026-00976,112,Ariyalur Town PS 3,26,Ariyalur,2026-02-11 15:43:09,CHECKPOST_INTERCEPTION,COMMERCIAL_GANJA,VERIFIED_INCIDENT,PROHIBITION_WING,92
PR-2026-00977,113,Ariyalur Town PS 4,26,Ariyalur,2025-02-16 20:03:33,ROUTINE_PATROL_SCAN,CHEMICAL_PRECURSORS,UNDER_INVESTIGATION,CRIME_BRANCH,75
PR-2026-00978,55,Kanniyakumari Town PS 2,14,Kanniyakumari,2025-07-05 19:33:52,RAID_SEIZURE,UNKNOWN_CONTRABAND,VERIFIED_INCIDENT,HIGHWAY_PATROL,77
PR-2026-00979,154,Mayiladuthurai Town PS 4,35,Mayiladuthurai,2025-10-06 22:50:16,ROUTINE_PATROL_SCAN,COMMERCIAL_GANJA,VERIFIED_INCIDENT,PROHIBITION_WING,87
PR-2026-00980,167,Tiruvannamalai Town PS 3,38,Tiruvannamalai,2025-05-27 11:38:24,CHECKPOST_INTERCEPTION,OPIOID_ANALOGUES,ACTION_COMPLETED,HIGHWAY_PATROL,91
PR-2026-00981,45,Thanjavur Town PS 2,12,Thanjavur,2025-08-30 15:04:15,CHECKPOST_INTERCEPTION,UNKNOWN_CONTRABAND,ACTION_COMPLETED,CRIME_BRANCH,81
PR-2026-00982,52,Thoothukudi Town PS 5,13,Thoothukudi,2024-12-02 12:17:45,CHECKPOST_INTERCEPTION,CHEMICAL_PRECURSORS,UNDER_INVESTIGATION,PROHIBITION_WING,78
PR-2026-00983,32,Erode Town PS 2,8,Erode,2025-01-26 22:26:13,CHECKPOST_INTERCEPTION,SYNTHETIC_MDMA,UNDER_INVESTIGATION,PROHIBITION_WING,92
PR-2026-00984,120,Pudukkottai Town PS 3,28,Pudukkottai,2025-10-24 05:44:37,RAID_SEIZURE,UNKNOWN_CONTRABAND,UNDER_INVESTIGATION,PROHIBITION_WING,81
PR-2026-00985,152,Mayiladuthurai Town PS 2,35,Mayiladuthurai,2026-04-05 21:47:18,TIP_VERIFICATION,CHEMICAL_PRECURSORS,ACTION_COMPLETED,HIGHWAY_PATROL,80
PR-2026-00986,29,Tiruppur Town PS 2,7,Tiruppur,2024-12-04 02:09:47,RAID_SEIZURE,CHEMICAL_PRECURSORS,VERIFIED_INCIDENT,PROHIBITION_WING,96
PR-2026-00987,161,Tirupathur Town PS 1,37,Tirupathur,2025-10-28 23:14:16,CHECKPOST_INTERCEPTION,PRESCRIPTION_NARCOTICS,VERIFIED_INCIDENT,STATION_BEAT,84
PR-2026-00988,98,Namakkal Town PS 1,23,Namakkal,2024-09-28 21:30:13,ROUTINE_PATROL_SCAN,COMMERCIAL_GANJA,UNDER_INVESTIGATION,PROHIBITION_WING,79
PR-2026-00989,58,Kanniyakumari Town PS 5,14,Kanniyakumari,2026-05-20 00:01:23,RAID_SEIZURE,SYNTHETIC_MDMA,UNDER_INVESTIGATION,HIGHWAY_PATROL,75
PR-2026-00990,27,Tirunelveli Town PS 4,6,Tirunelveli,2025-09-10 09:50:11,TIP_VERIFICATION,CHEMICAL_PRECURSORS,UNDER_INVESTIGATION,CRIME_BRANCH,96
PR-2026-00991,135,Virudhunagar Town PS 4,31,Virudhunagar,2026-03-01 00:49:17,CHECKPOST_INTERCEPTION,CHEMICAL_PRECURSORS,ACTION_COMPLETED,PROHIBITION_WING,80
PR-2026-00992,43,Dindigul Town PS 4,11,Dindigul,2025-07-26 23:44:10,TIP_VERIFICATION,UNKNOWN_CONTRABAND,UNDER_INVESTIGATION,STATION_BEAT,86
PR-2026-00993,6,Coimbatore Town PS 3,2,Coimbatore,2025-11-26 12:51:25,ROUTINE_PATROL_SCAN,OPIOID_ANALOGUES,UNDER_INVESTIGATION,STATION_BEAT,98
PR-2026-00994,12,Madurai Town PS 3,3,Madurai,2025-07-26 17:08:09,RAID_SEIZURE,CHEMICAL_PRECURSORS,VERIFIED_INCIDENT,STATION_BEAT,87
PR-2026-00995,99,Namakkal Town PS 2,23,Namakkal,2025-10-23 12:17:09,CHECKPOST_INTERCEPTION,PRESCRIPTION_NARCOTICS,ACTION_COMPLETED,STATION_BEAT,89
PR-2026-00996,51,Thoothukudi Town PS 4,13,Thoothukudi,2025-09-27 12:34:03,ROUTINE_PATROL_SCAN,OPIOID_ANALOGUES,VERIFIED_INCIDENT,HIGHWAY_PATROL,91
PR-2026-00997,137,Virudhunagar Town PS 6,31,Virudhunagar,2025-10-26 10:07:00,TIP_VERIFICATION,PRESCRIPTION_NARCOTICS,VERIFIED_INCIDENT,HIGHWAY_PATROL,85
PR-2026-00998,151,Mayiladuthurai Town PS 1,35,Mayiladuthurai,2026-07-13 02:32:49,RAID_SEIZURE,PRESCRIPTION_NARCOTICS,ACTION_COMPLETED,HIGHWAY_PATROL,76
PR-2026-00999,168,Tiruvannamalai Town PS 4,38,Tiruvannamalai,2025-03-10 05:32:02,CHECKPOST_INTERCEPTION,PRESCRIPTION_NARCOTICS,VERIFIED_INCIDENT,HIGHWAY_PATROL,92
PR-2026-01000,1,Chennai Town PS 1,1,Chennai,2026-02-02 00:13:50,CHECKPOST_INTERCEPTION,OPIOID_ANALOGUES,UNDER_INVESTIGATION,HIGHWAY_PATROL,86
PR-2026-01001,157,Ranipet Town PS 2,36,Ranipet,2026-04-25 14:53:51,RAID_SEIZURE,UNKNOWN_CONTRABAND,ACTION_COMPLETED,HIGHWAY_PATROL,97
PR-2026-01002,40,Dindigul Town PS 1,11,Dindigul,2024-10-12 14:50:07,TIP_VERIFICATION,UNKNOWN_CONTRABAND,VERIFIED_INCIDENT,HIGHWAY_PATROL,92
PR-2026-01003,136,Virudhunagar Town PS 5,31,Virudhunagar,2024-10-09 13:10:38,CHECKPOST_INTERCEPTION,UNKNOWN_CONTRABAND,UNDER_INVESTIGATION,STATION_BEAT,88
PR-2026-01004,53,Thoothukudi Town PS 6,13,Thoothukudi,2025-10-13 15:54:45,ROUTINE_PATROL_SCAN,SYNTHETIC_MDMA,UNDER_INVESTIGATION,STATION_BEAT,82
PR-2026-01005,19,Tiruchirappalli Town PS 2,5,Tiruchirappalli,2024-12-03 15:17:21,CHECKPOST_INTERCEPTION,PRESCRIPTION_NARCOTICS,UNDER_INVESTIGATION,CRIME_BRANCH,77
PR-2026-01006,149,Nagapattinam Town PS 3,34,Nagapattinam,2025-09-28 14:15:28,CHECKPOST_INTERCEPTION,CHEMICAL_PRECURSORS,UNDER_INVESTIGATION,CRIME_BRANCH,98
PR-2026-01007,36,Vellore Town PS 3,9,Vellore,2026-05-18 00:50:18,CHECKPOST_INTERCEPTION,CHEMICAL_PRECURSORS,VERIFIED_INCIDENT,CRIME_BRANCH,95
PR-2026-01008,5,Coimbatore Town PS 2,2,Coimbatore,2026-01-09 23:33:09,ROUTINE_PATROL_SCAN,CHEMICAL_PRECURSORS,ACTION_COMPLETED,HIGHWAY_PATROL,86
PR-2026-01009,7,Coimbatore Town PS 4,2,Coimbatore,2025-12-17 12:32:56,CHECKPOST_INTERCEPTION,UNKNOWN_CONTRABAND,UNDER_INVESTIGATION,STATION_BEAT,76
PR-2026-01010,120,Pudukkottai Town PS 3,28,Pudukkottai,2025-09-30 04:04:53,RAID_SEIZURE,SYNTHETIC_MDMA,UNDER_INVESTIGATION,HIGHWAY_PATROL,83
PR-2026-01011,159,Ranipet Town PS 4,36,Ranipet,2025-03-10 12:47:03,ROUTINE_PATROL_SCAN,UNKNOWN_CONTRABAND,VERIFIED_INCIDENT,PROHIBITION_WING,81
PR-2026-01012,71,Chengalpattu Town PS 2,17,Chengalpattu,2026-04-08 23:30:26,ROUTINE_PATROL_SCAN,SYNTHETIC_MDMA,UNDER_INVESTIGATION,STATION_BEAT,75
PR-2026-01013,127,Ramanathapuram Town PS 1,30,Ramanathapuram,2026-04-16 15:33:19,RAID_SEIZURE,UNKNOWN_CONTRABAND,UNDER_INVESTIGATION,HIGHWAY_PATROL,84
PR-2026-01014,89,Kallakurichi Town PS 3,21,Kallakurichi,2024-11-06 07:49:36,CHECKPOST_INTERCEPTION,SYNTHETIC_MDMA,UNDER_INVESTIGATION,CRIME_BRANCH,75
PR-2026-01015,154,Mayiladuthurai Town PS 4,35,Mayiladuthurai,2025-05-19 03:26:51,TIP_VERIFICATION,SYNTHETIC_MDMA,ACTION_COMPLETED,PROHIBITION_WING,77
PR-2026-01016,124,Sivaganga Town PS 2,29,Sivaganga,2025-03-01 14:30:22,ROUTINE_PATROL_SCAN,PRESCRIPTION_NARCOTICS,ACTION_COMPLETED,CRIME_BRANCH,97
PR-2026-01017,123,Sivaganga Town PS 1,29,Sivaganga,2024-10-03 21:59:41,ROUTINE_PATROL_SCAN,CHEMICAL_PRECURSORS,ACTION_COMPLETED,CRIME_BRANCH,79
PR-2026-01018,24,Tirunelveli Town PS 1,6,Tirunelveli,2026-05-24 22:00:30,TIP_VERIFICATION,OPIOID_ANALOGUES,UNDER_INVESTIGATION,CRIME_BRANCH,82
PR-2026-01019,131,Ramanathapuram Town PS 5,30,Ramanathapuram,2026-05-10 08:37:54,RAID_SEIZURE,OPIOID_ANALOGUES,UNDER_INVESTIGATION,HIGHWAY_PATROL,82
PR-2026-01020,118,Pudukkottai Town PS 1,28,Pudukkottai,2025-08-29 17:26:06,CHECKPOST_INTERCEPTION,PRESCRIPTION_NARCOTICS,VERIFIED_INCIDENT,CRIME_BRANCH,93
PR-2026-01021,131,Ramanathapuram Town PS 5,30,Ramanathapuram,2025-09-20 03:13:47,TIP_VERIFICATION,OPIOID_ANALOGUES,UNDER_INVESTIGATION,STATION_BEAT,89
PR-2026-01022,113,Ariyalur Town PS 4,26,Ariyalur,2026-03-07 10:27:48,TIP_VERIFICATION,CHEMICAL_PRECURSORS,ACTION_COMPLETED,PROHIBITION_WING,78
PR-2026-01023,138,Theni Town PS 1,32,Theni,2026-02-01 09:54:39,ROUTINE_PATROL_SCAN,CHEMICAL_PRECURSORS,UNDER_INVESTIGATION,STATION_BEAT,89
PR-2026-01024,113,Ariyalur Town PS 4,26,Ariyalur,2026-02-13 19:48:59,TIP_VERIFICATION,PRESCRIPTION_NARCOTICS,UNDER_INVESTIGATION,CRIME_BRANCH,80
PR-2026-01025,36,Vellore Town PS 3,9,Vellore,2025-06-24 11:14:12,CHECKPOST_INTERCEPTION,PRESCRIPTION_NARCOTICS,UNDER_INVESTIGATION,HIGHWAY_PATROL,85
PR-2026-01026,82,Cuddalore Town PS 5,19,Cuddalore,2025-07-08 23:44:15,TIP_VERIFICATION,PRESCRIPTION_NARCOTICS,VERIFIED_INCIDENT,HIGHWAY_PATROL,84
PR-2026-01027,61,Tenkasi Town PS 2,15,Tenkasi,2026-05-14 13:59:08,ROUTINE_PATROL_SCAN,UNKNOWN_CONTRABAND,ACTION_COMPLETED,CRIME_BRANCH,86
PR-2026-01028,58,Kanniyakumari Town PS 5,14,Kanniyakumari,2025-11-03 07:54:09,TIP_VERIFICATION,PRESCRIPTION_NARCOTICS,VERIFIED_INCIDENT,STATION_BEAT,78
PR-2026-01029,117,Perambalur Town PS 4,27,Perambalur,2025-12-19 10:57:55,RAID_SEIZURE,PRESCRIPTION_NARCOTICS,VERIFIED_INCIDENT,STATION_BEAT,91
PR-2026-01030,1,Chennai Town PS 1,1,Chennai,2025-09-09 13:56:10,RAID_SEIZURE,OPIOID_ANALOGUES,VERIFIED_INCIDENT,CRIME_BRANCH,80
PR-2026-01031,76,Tiruvallur Town PS 2,18,Tiruvallur,2025-03-23 10:49:10,TIP_VERIFICATION,UNKNOWN_CONTRABAND,VERIFIED_INCIDENT,CRIME_BRANCH,85
PR-2026-01032,11,Madurai Town PS 2,3,Madurai,2026-05-04 22:54:12,TIP_VERIFICATION,CHEMICAL_PRECURSORS,ACTION_COMPLETED,STATION_BEAT,80
PR-2026-01033,140,Theni Town PS 3,32,Theni,2025-10-30 11:51:21,TIP_VERIFICATION,COMMERCIAL_GANJA,VERIFIED_INCIDENT,PROHIBITION_WING,96
PR-2026-01034,54,Kanniyakumari Town PS 1,14,Kanniyakumari,2026-04-11 03:16:42,RAID_SEIZURE,SYNTHETIC_MDMA,ACTION_COMPLETED,PROHIBITION_WING,76
PR-2026-01035,47,Thanjavur Town PS 4,12,Thanjavur,2025-06-10 11:29:10,TIP_VERIFICATION,PRESCRIPTION_NARCOTICS,ACTION_COMPLETED,CRIME_BRANCH,85
PR-2026-01036,92,Kallakurichi Town PS 6,21,Kallakurichi,2026-05-17 09:33:52,CHECKPOST_INTERCEPTION,UNKNOWN_CONTRABAND,UNDER_INVESTIGATION,HIGHWAY_PATROL,83
PR-2026-01037,132,Virudhunagar Town PS 1,31,Virudhunagar,2025-02-12 14:15:47,RAID_SEIZURE,OPIOID_ANALOGUES,ACTION_COMPLETED,CRIME_BRANCH,80
PR-2026-01038,58,Kanniyakumari Town PS 5,14,Kanniyakumari,2024-09-28 13:40:32,ROUTINE_PATROL_SCAN,CHEMICAL_PRECURSORS,UNDER_INVESTIGATION,STATION_BEAT,77
PR-2026-01039,147,Nagapattinam Town PS 1,34,Nagapattinam,2026-03-24 11:47:12,CHECKPOST_INTERCEPTION,CHEMICAL_PRECURSORS,VERIFIED_INCIDENT,PROHIBITION_WING,90
PR-2026-01040,66,Kancheepuram Town PS 2,16,Kancheepuram,2025-04-16 16:12:06,TIP_VERIFICATION,COMMERCIAL_GANJA,UNDER_INVESTIGATION,CRIME_BRANCH,88
PR-2026-01041,123,Sivaganga Town PS 1,29,Sivaganga,2024-10-26 17:41:03,ROUTINE_PATROL_SCAN,SYNTHETIC_MDMA,ACTION_COMPLETED,HIGHWAY_PATROL,85
PR-2026-01042,110,Ariyalur Town PS 1,26,Ariyalur,2026-02-20 20:10:18,TIP_VERIFICATION,COMMERCIAL_GANJA,ACTION_COMPLETED,STATION_BEAT,84
PR-2026-01043,68,Kancheepuram Town PS 4,16,Kancheepuram,2025-01-11 04:21:45,RAID_SEIZURE,UNKNOWN_CONTRABAND,UNDER_INVESTIGATION,PROHIBITION_WING,95
PR-2026-01044,166,Tiruvannamalai Town PS 2,38,Tiruvannamalai,2024-10-05 02:44:47,CHECKPOST_INTERCEPTION,CHEMICAL_PRECURSORS,UNDER_INVESTIGATION,HIGHWAY_PATROL,82
PR-2026-01045,37,Krishnagiri Town PS 1,10,Krishnagiri,2025-05-26 10:08:03,ROUTINE_PATROL_SCAN,UNKNOWN_CONTRABAND,UNDER_INVESTIGATION,CRIME_BRANCH,95
PR-2026-01046,5,Coimbatore Town PS 2,2,Coimbatore,2025-05-27 21:41:49,RAID_SEIZURE,UNKNOWN_CONTRABAND,ACTION_COMPLETED,PROHIBITION_WING,98
PR-2026-01047,26,Tirunelveli Town PS 3,6,Tirunelveli,2025-05-10 22:44:47,ROUTINE_PATROL_SCAN,UNKNOWN_CONTRABAND,ACTION_COMPLETED,PROHIBITION_WING,83
PR-2026-01048,102,Namakkal Town PS 5,23,Namakkal,2025-01-06 08:33:17,TIP_VERIFICATION,COMMERCIAL_GANJA,ACTION_COMPLETED,CRIME_BRANCH,90
PR-2026-01049,23,Tiruchirappalli Town PS 6,5,Tiruchirappalli,2026-01-22 13:45:41,ROUTINE_PATROL_SCAN,COMMERCIAL_GANJA,ACTION_COMPLETED,CRIME_BRANCH,81
PR-2026-01050,70,Chengalpattu Town PS 1,17,Chengalpattu,2025-01-27 06:09:35,ROUTINE_PATROL_SCAN,SYNTHETIC_MDMA,VERIFIED_INCIDENT,CRIME_BRANCH,88
PR-2026-01051,141,Thiruvarur Town PS 1,33,Thiruvarur,2026-07-07 05:37:14,TIP_VERIFICATION,COMMERCIAL_GANJA,VERIFIED_INCIDENT,HIGHWAY_PATROL,90
PR-2026-01052,154,Mayiladuthurai Town PS 4,35,Mayiladuthurai,2026-06-09 15:03:52,RAID_SEIZURE,UNKNOWN_CONTRABAND,UNDER_INVESTIGATION,CRIME_BRANCH,81
PR-2026-01053,134,Virudhunagar Town PS 3,31,Virudhunagar,2026-01-13 15:31:58,TIP_VERIFICATION,PRESCRIPTION_NARCOTICS,VERIFIED_INCIDENT,CRIME_BRANCH,98
PR-2026-01054,129,Ramanathapuram Town PS 3,30,Ramanathapuram,2024-12-22 09:29:49,ROUTINE_PATROL_SCAN,COMMERCIAL_GANJA,VERIFIED_INCIDENT,CRIME_BRANCH,76
PR-2026-01055,129,Ramanathapuram Town PS 3,30,Ramanathapuram,2025-07-14 01:16:33,RAID_SEIZURE,SYNTHETIC_MDMA,ACTION_COMPLETED,CRIME_BRANCH,81
PR-2026-01056,119,Pudukkottai Town PS 2,28,Pudukkottai,2025-11-01 09:03:09,CHECKPOST_INTERCEPTION,COMMERCIAL_GANJA,UNDER_INVESTIGATION,STATION_BEAT,84
PR-2026-01057,34,Vellore Town PS 1,9,Vellore,2025-03-26 17:13:50,TIP_VERIFICATION,OPIOID_ANALOGUES,ACTION_COMPLETED,STATION_BEAT,75
PR-2026-01058,116,Perambalur Town PS 3,27,Perambalur,2026-01-11 11:21:48,ROUTINE_PATROL_SCAN,SYNTHETIC_MDMA,ACTION_COMPLETED,HIGHWAY_PATROL,75
PR-2026-01059,112,Ariyalur Town PS 3,26,Ariyalur,2026-01-21 06:58:26,RAID_SEIZURE,PRESCRIPTION_NARCOTICS,ACTION_COMPLETED,STATION_BEAT,92
PR-2026-01060,5,Coimbatore Town PS 2,2,Coimbatore,2026-06-21 14:29:06,CHECKPOST_INTERCEPTION,COMMERCIAL_GANJA,ACTION_COMPLETED,HIGHWAY_PATROL,84
PR-2026-01061,24,Tirunelveli Town PS 1,6,Tirunelveli,2025-05-17 01:30:34,TIP_VERIFICATION,CHEMICAL_PRECURSORS,ACTION_COMPLETED,STATION_BEAT,90
PR-2026-01062,98,Namakkal Town PS 1,23,Namakkal,2026-01-22 08:00:57,CHECKPOST_INTERCEPTION,CHEMICAL_PRECURSORS,VERIFIED_INCIDENT,STATION_BEAT,86
PR-2026-01063,96,Dharmapuri Town PS 4,22,Dharmapuri,2025-07-23 09:41:50,ROUTINE_PATROL_SCAN,PRESCRIPTION_NARCOTICS,UNDER_INVESTIGATION,PROHIBITION_WING,98
PR-2026-01064,40,Dindigul Town PS 1,11,Dindigul,2026-05-07 10:31:05,CHECKPOST_INTERCEPTION,COMMERCIAL_GANJA,UNDER_INVESTIGATION,CRIME_BRANCH,83
PR-2026-01065,156,Ranipet Town PS 1,36,Ranipet,2025-07-21 11:54:32,ROUTINE_PATROL_SCAN,OPIOID_ANALOGUES,VERIFIED_INCIDENT,HIGHWAY_PATROL,86
PR-2026-01066,123,Sivaganga Town PS 1,29,Sivaganga,2024-12-22 02:52:45,ROUTINE_PATROL_SCAN,COMMERCIAL_GANJA,UNDER_INVESTIGATION,STATION_BEAT,87
PR-2026-01067,5,Coimbatore Town PS 2,2,Coimbatore,2026-02-04 17:37:55,TIP_VERIFICATION,SYNTHETIC_MDMA,UNDER_INVESTIGATION,HIGHWAY_PATROL,77
PR-2026-01068,19,Tiruchirappalli Town PS 2,5,Tiruchirappalli,2026-01-22 05:02:33,CHECKPOST_INTERCEPTION,SYNTHETIC_MDMA,ACTION_COMPLETED,PROHIBITION_WING,87
PR-2026-01069,142,Thiruvarur Town PS 2,33,Thiruvarur,2026-04-09 23:11:06,CHECKPOST_INTERCEPTION,COMMERCIAL_GANJA,UNDER_INVESTIGATION,HIGHWAY_PATROL,95
PR-2026-01070,128,Ramanathapuram Town PS 2,30,Ramanathapuram,2025-04-02 15:26:52,TIP_VERIFICATION,PRESCRIPTION_NARCOTICS,ACTION_COMPLETED,HIGHWAY_PATROL,87
PR-2026-01071,87,Kallakurichi Town PS 1,21,Kallakurichi,2025-12-06 16:17:42,RAID_SEIZURE,UNKNOWN_CONTRABAND,VERIFIED_INCIDENT,HIGHWAY_PATROL,95
PR-2026-01072,13,Madurai Town PS 4,3,Madurai,2026-04-18 07:31:18,CHECKPOST_INTERCEPTION,UNKNOWN_CONTRABAND,VERIFIED_INCIDENT,PROHIBITION_WING,92
PR-2026-01073,28,Tiruppur Town PS 1,7,Tiruppur,2026-02-17 14:14:28,ROUTINE_PATROL_SCAN,UNKNOWN_CONTRABAND,UNDER_INVESTIGATION,PROHIBITION_WING,92
PR-2026-01074,126,Sivaganga Town PS 4,29,Sivaganga,2024-11-06 05:14:17,RAID_SEIZURE,SYNTHETIC_MDMA,ACTION_COMPLETED,PROHIBITION_WING,97
PR-2026-01075,86,Viluppuram Town PS 3,20,Viluppuram,2026-07-27 19:35:41,RAID_SEIZURE,CHEMICAL_PRECURSORS,UNDER_INVESTIGATION,PROHIBITION_WING,96
PR-2026-01076,138,Theni Town PS 1,32,Theni,2026-02-27 23:46:21,RAID_SEIZURE,SYNTHETIC_MDMA,ACTION_COMPLETED,HIGHWAY_PATROL,92
PR-2026-01077,87,Kallakurichi Town PS 1,21,Kallakurichi,2025-09-06 21:00:40,RAID_SEIZURE,SYNTHETIC_MDMA,UNDER_INVESTIGATION,STATION_BEAT,97
PR-2026-01078,79,Cuddalore Town PS 2,19,Cuddalore,2026-08-03 15:45:00,RAID_SEIZURE,COMMERCIAL_GANJA,UNDER_INVESTIGATION,STATION_BEAT,84
PR-2026-01079,21,Tiruchirappalli Town PS 4,5,Tiruchirappalli,2025-03-01 16:55:03,RAID_SEIZURE,COMMERCIAL_GANJA,UNDER_INVESTIGATION,PROHIBITION_WING,88
PR-2026-01080,37,Krishnagiri Town PS 1,10,Krishnagiri,2025-11-29 03:23:49,ROUTINE_PATROL_SCAN,OPIOID_ANALOGUES,VERIFIED_INCIDENT,HIGHWAY_PATROL,85
PR-2026-01081,114,Perambalur Town PS 1,27,Perambalur,2025-05-15 12:10:02,ROUTINE_PATROL_SCAN,COMMERCIAL_GANJA,VERIFIED_INCIDENT,PROHIBITION_WING,79
PR-2026-01082,8,Coimbatore Town PS 5,2,Coimbatore,2026-04-14 20:19:39,RAID_SEIZURE,PRESCRIPTION_NARCOTICS,ACTION_COMPLETED,HIGHWAY_PATROL,78
PR-2026-01083,56,Kanniyakumari Town PS 3,14,Kanniyakumari,2025-02-02 18:14:38,ROUTINE_PATROL_SCAN,CHEMICAL_PRECURSORS,ACTION_COMPLETED,PROHIBITION_WING,88
PR-2026-01084,30,Tiruppur Town PS 3,7,Tiruppur,2025-02-15 22:03:38,TIP_VERIFICATION,CHEMICAL_PRECURSORS,ACTION_COMPLETED,STATION_BEAT,76
PR-2026-01085,72,Chengalpattu Town PS 3,17,Chengalpattu,2025-01-16 21:07:50,TIP_VERIFICATION,COMMERCIAL_GANJA,VERIFIED_INCIDENT,STATION_BEAT,85
PR-2026-01086,166,Tiruvannamalai Town PS 2,38,Tiruvannamalai,2026-03-05 15:37:38,CHECKPOST_INTERCEPTION,UNKNOWN_CONTRABAND,VERIFIED_INCIDENT,PROHIBITION_WING,94
PR-2026-01087,32,Erode Town PS 2,8,Erode,2026-03-19 06:28:11,TIP_VERIFICATION,UNKNOWN_CONTRABAND,UNDER_INVESTIGATION,CRIME_BRANCH,84
PR-2026-01088,125,Sivaganga Town PS 3,29,Sivaganga,2026-06-10 07:40:08,CHECKPOST_INTERCEPTION,CHEMICAL_PRECURSORS,VERIFIED_INCIDENT,HIGHWAY_PATROL,85
PR-2026-01089,47,Thanjavur Town PS 4,12,Thanjavur,2025-10-10 13:06:20,RAID_SEIZURE,SYNTHETIC_MDMA,ACTION_COMPLETED,HIGHWAY_PATROL,93
PR-2026-01090,77,Tiruvallur Town PS 3,18,Tiruvallur,2025-07-29 22:14:36,ROUTINE_PATROL_SCAN,CHEMICAL_PRECURSORS,UNDER_INVESTIGATION,STATION_BEAT,77
PR-2026-01091,92,Kallakurichi Town PS 6,21,Kallakurichi,2024-10-20 12:30:19,CHECKPOST_INTERCEPTION,COMMERCIAL_GANJA,UNDER_INVESTIGATION,CRIME_BRANCH,82
PR-2026-01092,41,Dindigul Town PS 2,11,Dindigul,2025-05-05 10:15:25,ROUTINE_PATROL_SCAN,COMMERCIAL_GANJA,VERIFIED_INCIDENT,HIGHWAY_PATROL,94
PR-2026-01093,163,Tirupathur Town PS 3,37,Tirupathur,2025-07-06 05:13:03,ROUTINE_PATROL_SCAN,SYNTHETIC_MDMA,VERIFIED_INCIDENT,HIGHWAY_PATROL,90
PR-2026-01094,4,Coimbatore Town PS 1,2,Coimbatore,2024-10-10 21:10:34,CHECKPOST_INTERCEPTION,OPIOID_ANALOGUES,UNDER_INVESTIGATION,HIGHWAY_PATROL,96
PR-2026-01095,24,Tirunelveli Town PS 1,6,Tirunelveli,2025-04-22 08:41:37,RAID_SEIZURE,OPIOID_ANALOGUES,VERIFIED_INCIDENT,STATION_BEAT,78
PR-2026-01096,126,Sivaganga Town PS 4,29,Sivaganga,2024-12-13 12:31:08,ROUTINE_PATROL_SCAN,CHEMICAL_PRECURSORS,UNDER_INVESTIGATION,CRIME_BRANCH,94
PR-2026-01097,23,Tiruchirappalli Town PS 6,5,Tiruchirappalli,2026-07-12 07:41:20,TIP_VERIFICATION,OPIOID_ANALOGUES,VERIFIED_INCIDENT,PROHIBITION_WING,83
PR-2026-01098,157,Ranipet Town PS 2,36,Ranipet,2025-02-24 20:59:01,ROUTINE_PATROL_SCAN,SYNTHETIC_MDMA,UNDER_INVESTIGATION,STATION_BEAT,78
PR-2026-01099,8,Coimbatore Town PS 5,2,Coimbatore,2026-01-16 13:43:18,RAID_SEIZURE,CHEMICAL_PRECURSORS,ACTION_COMPLETED,PROHIBITION_WING,94
PR-2026-01100,139,Theni Town PS 2,32,Theni,2025-12-03 21:03:21,TIP_VERIFICATION,UNKNOWN_CONTRABAND,UNDER_INVESTIGATION,CRIME_BRANCH,89
PR-2026-01101,71,Chengalpattu Town PS 2,17,Chengalpattu,2026-06-23 08:53:40,ROUTINE_PATROL_SCAN,OPIOID_ANALOGUES,UNDER_INVESTIGATION,PROHIBITION_WING,79
PR-2026-01102,56,Kanniyakumari Town PS 3,14,Kanniyakumari,2024-10-01 11:54:48,ROUTINE_PATROL_SCAN,SYNTHETIC_MDMA,VERIFIED_INCIDENT,STATION_BEAT,76
PR-2026-01103,41,Dindigul Town PS 2,11,Dindigul,2026-01-08 00:26:04,ROUTINE_PATROL_SCAN,PRESCRIPTION_NARCOTICS,UNDER_INVESTIGATION,PROHIBITION_WING,87
PR-2026-01104,126,Sivaganga Town PS 4,29,Sivaganga,2025-05-24 00:14:15,TIP_VERIFICATION,UNKNOWN_CONTRABAND,VERIFIED_INCIDENT,CRIME_BRANCH,92
PR-2026-01105,32,Erode Town PS 2,8,Erode,2026-06-16 06:16:57,RAID_SEIZURE,OPIOID_ANALOGUES,UNDER_INVESTIGATION,HIGHWAY_PATROL,88
PR-2026-01106,104,Nilgiris Town PS 2,24,Nilgiris,2025-02-13 23:03:09,ROUTINE_PATROL_SCAN,CHEMICAL_PRECURSORS,UNDER_INVESTIGATION,HIGHWAY_PATROL,90
PR-2026-01107,126,Sivaganga Town PS 4,29,Sivaganga,2025-04-09 06:20:01,TIP_VERIFICATION,CHEMICAL_PRECURSORS,ACTION_COMPLETED,STATION_BEAT,84
PR-2026-01108,46,Thanjavur Town PS 3,12,Thanjavur,2025-02-18 23:07:36,ROUTINE_PATROL_SCAN,UNKNOWN_CONTRABAND,ACTION_COMPLETED,CRIME_BRANCH,93
PR-2026-01109,128,Ramanathapuram Town PS 2,30,Ramanathapuram,2026-04-10 18:03:02,RAID_SEIZURE,CHEMICAL_PRECURSORS,UNDER_INVESTIGATION,STATION_BEAT,86
PR-2026-01110,166,Tiruvannamalai Town PS 2,38,Tiruvannamalai,2025-03-23 13:03:17,RAID_SEIZURE,UNKNOWN_CONTRABAND,VERIFIED_INCIDENT,CRIME_BRANCH,98
PR-2026-01111,52,Thoothukudi Town PS 5,13,Thoothukudi,2025-06-11 00:45:06,ROUTINE_PATROL_SCAN,COMMERCIAL_GANJA,UNDER_INVESTIGATION,HIGHWAY_PATROL,84
PR-2026-01112,56,Kanniyakumari Town PS 3,14,Kanniyakumari,2025-02-13 16:12:35,ROUTINE_PATROL_SCAN,CHEMICAL_PRECURSORS,VERIFIED_INCIDENT,CRIME_BRANCH,94
PR-2026-01113,43,Dindigul Town PS 4,11,Dindigul,2025-09-02 09:10:31,RAID_SEIZURE,CHEMICAL_PRECURSORS,VERIFIED_INCIDENT,HIGHWAY_PATROL,81
PR-2026-01114,98,Namakkal Town PS 1,23,Namakkal,2026-05-03 13:39:59,ROUTINE_PATROL_SCAN,OPIOID_ANALOGUES,VERIFIED_INCIDENT,STATION_BEAT,85
PR-2026-01115,138,Theni Town PS 1,32,Theni,2025-10-07 14:45:57,RAID_SEIZURE,COMMERCIAL_GANJA,UNDER_INVESTIGATION,STATION_BEAT,94
PR-2026-01116,139,Theni Town PS 2,32,Theni,2025-06-29 22:54:28,RAID_SEIZURE,OPIOID_ANALOGUES,ACTION_COMPLETED,CRIME_BRANCH,80
PR-2026-01117,33,Erode Town PS 3,8,Erode,2024-12-20 13:40:47,CHECKPOST_INTERCEPTION,CHEMICAL_PRECURSORS,UNDER_INVESTIGATION,PROHIBITION_WING,80
PR-2026-01118,79,Cuddalore Town PS 2,19,Cuddalore,2024-10-09 21:33:20,TIP_VERIFICATION,PRESCRIPTION_NARCOTICS,VERIFIED_INCIDENT,CRIME_BRANCH,88
PR-2026-01119,163,Tirupathur Town PS 3,37,Tirupathur,2025-03-27 17:52:26,RAID_SEIZURE,SYNTHETIC_MDMA,ACTION_COMPLETED,STATION_BEAT,80
PR-2026-01120,97,Dharmapuri Town PS 5,22,Dharmapuri,2025-03-26 12:03:25,ROUTINE_PATROL_SCAN,PRESCRIPTION_NARCOTICS,VERIFIED_INCIDENT,CRIME_BRANCH,75
PR-2026-01121,45,Thanjavur Town PS 2,12,Thanjavur,2024-09-23 14:32:27,ROUTINE_PATROL_SCAN,UNKNOWN_CONTRABAND,ACTION_COMPLETED,PROHIBITION_WING,96
PR-2026-01122,27,Tirunelveli Town PS 4,6,Tirunelveli,2026-07-18 03:34:33,CHECKPOST_INTERCEPTION,UNKNOWN_CONTRABAND,VERIFIED_INCIDENT,CRIME_BRANCH,88
PR-2026-01123,79,Cuddalore Town PS 2,19,Cuddalore,2026-06-07 00:03:38,ROUTINE_PATROL_SCAN,SYNTHETIC_MDMA,UNDER_INVESTIGATION,STATION_BEAT,96
PR-2026-01124,160,Ranipet Town PS 5,36,Ranipet,2025-08-04 10:55:06,TIP_VERIFICATION,CHEMICAL_PRECURSORS,VERIFIED_INCIDENT,STATION_BEAT,85
PR-2026-01125,4,Coimbatore Town PS 1,2,Coimbatore,2025-03-22 15:49:59,ROUTINE_PATROL_SCAN,COMMERCIAL_GANJA,ACTION_COMPLETED,CRIME_BRANCH,94
PR-2026-01126,104,Nilgiris Town PS 2,24,Nilgiris,2026-06-10 16:04:47,ROUTINE_PATROL_SCAN,PRESCRIPTION_NARCOTICS,VERIFIED_INCIDENT,STATION_BEAT,81
PR-2026-01127,3,Chennai Town PS 3,1,Chennai,2024-12-06 20:35:24,CHECKPOST_INTERCEPTION,PRESCRIPTION_NARCOTICS,UNDER_INVESTIGATION,HIGHWAY_PATROL,89
PR-2026-01128,63,Tenkasi Town PS 4,15,Tenkasi,2025-04-10 16:23:29,CHECKPOST_INTERCEPTION,UNKNOWN_CONTRABAND,ACTION_COMPLETED,STATION_BEAT,89
PR-2026-01129,22,Tiruchirappalli Town PS 5,5,Tiruchirappalli,2026-01-17 13:40:22,CHECKPOST_INTERCEPTION,OPIOID_ANALOGUES,VERIFIED_INCIDENT,HIGHWAY_PATROL,91
PR-2026-01130,84,Viluppuram Town PS 1,20,Viluppuram,2026-03-19 03:00:11,TIP_VERIFICATION,OPIOID_ANALOGUES,VERIFIED_INCIDENT,CRIME_BRANCH,98
PR-2026-01131,13,Madurai Town PS 4,3,Madurai,2025-05-16 14:40:40,CHECKPOST_INTERCEPTION,SYNTHETIC_MDMA,VERIFIED_INCIDENT,HIGHWAY_PATROL,83
PR-2026-01132,106,Nilgiris Town PS 4,24,Nilgiris,2025-04-26 05:50:44,ROUTINE_PATROL_SCAN,SYNTHETIC_MDMA,UNDER_INVESTIGATION,HIGHWAY_PATROL,84
PR-2026-01133,93,Dharmapuri Town PS 1,22,Dharmapuri,2025-08-29 23:53:27,RAID_SEIZURE,PRESCRIPTION_NARCOTICS,UNDER_INVESTIGATION,STATION_BEAT,87
PR-2026-01134,6,Coimbatore Town PS 3,2,Coimbatore,2025-09-25 09:59:21,CHECKPOST_INTERCEPTION,UNKNOWN_CONTRABAND,VERIFIED_INCIDENT,HIGHWAY_PATROL,84
PR-2026-01135,153,Mayiladuthurai Town PS 3,35,Mayiladuthurai,2026-05-28 23:26:09,ROUTINE_PATROL_SCAN,OPIOID_ANALOGUES,ACTION_COMPLETED,HIGHWAY_PATROL,80
PR-2026-01136,81,Cuddalore Town PS 4,19,Cuddalore,2025-06-09 18:25:01,CHECKPOST_INTERCEPTION,OPIOID_ANALOGUES,ACTION_COMPLETED,STATION_BEAT,91
PR-2026-01137,93,Dharmapuri Town PS 1,22,Dharmapuri,2025-04-11 03:28:18,TIP_VERIFICATION,CHEMICAL_PRECURSORS,UNDER_INVESTIGATION,HIGHWAY_PATROL,86
PR-2026-01138,121,Pudukkottai Town PS 4,28,Pudukkottai,2025-11-28 01:45:23,RAID_SEIZURE,OPIOID_ANALOGUES,ACTION_COMPLETED,PROHIBITION_WING,86
PR-2026-01139,129,Ramanathapuram Town PS 3,30,Ramanathapuram,2026-06-26 05:37:44,CHECKPOST_INTERCEPTION,OPIOID_ANALOGUES,ACTION_COMPLETED,PROHIBITION_WING,86
PR-2026-01140,126,Sivaganga Town PS 4,29,Sivaganga,2025-11-26 11:20:04,TIP_VERIFICATION,SYNTHETIC_MDMA,VERIFIED_INCIDENT,STATION_BEAT,76
PR-2026-01141,59,Kanniyakumari Town PS 6,14,Kanniyakumari,2025-07-05 03:30:42,ROUTINE_PATROL_SCAN,SYNTHETIC_MDMA,ACTION_COMPLETED,CRIME_BRANCH,78
PR-2026-01142,9,Coimbatore Town PS 6,2,Coimbatore,2026-03-25 16:14:43,RAID_SEIZURE,PRESCRIPTION_NARCOTICS,UNDER_INVESTIGATION,STATION_BEAT,76
PR-2026-01143,93,Dharmapuri Town PS 1,22,Dharmapuri,2025-11-04 17:04:53,CHECKPOST_INTERCEPTION,SYNTHETIC_MDMA,UNDER_INVESTIGATION,PROHIBITION_WING,86
PR-2026-01144,161,Tirupathur Town PS 1,37,Tirupathur,2024-12-13 20:05:49,TIP_VERIFICATION,CHEMICAL_PRECURSORS,UNDER_INVESTIGATION,PROHIBITION_WING,92
PR-2026-01145,43,Dindigul Town PS 4,11,Dindigul,2026-01-08 06:24:45,CHECKPOST_INTERCEPTION,CHEMICAL_PRECURSORS,ACTION_COMPLETED,STATION_BEAT,81
PR-2026-01146,140,Theni Town PS 3,32,Theni,2026-03-16 04:57:02,TIP_VERIFICATION,PRESCRIPTION_NARCOTICS,ACTION_COMPLETED,CRIME_BRANCH,77
PR-2026-01147,140,Theni Town PS 3,32,Theni,2025-11-28 21:13:18,CHECKPOST_INTERCEPTION,UNKNOWN_CONTRABAND,UNDER_INVESTIGATION,STATION_BEAT,84
PR-2026-01148,16,Salem Town PS 3,4,Salem,2025-11-08 10:41:16,CHECKPOST_INTERCEPTION,SYNTHETIC_MDMA,UNDER_INVESTIGATION,PROHIBITION_WING,94
PR-2026-01149,161,Tirupathur Town PS 1,37,Tirupathur,2025-09-26 06:17:44,RAID_SEIZURE,SYNTHETIC_MDMA,ACTION_COMPLETED,CRIME_BRANCH,87
PR-2026-01150,158,Ranipet Town PS 3,36,Ranipet,2025-03-28 09:31:39,ROUTINE_PATROL_SCAN,PRESCRIPTION_NARCOTICS,ACTION_COMPLETED,CRIME_BRANCH,87