fir_number,station_id,station_name,district_id,district_name,fir_date,offense_section,drug_category,quantity_band,investigation_status,confidence_score
FIR-CUD-2025-0001,83,Cuddalore Town PS 6,19,Cuddalore,2025-05-02 08:21:38,NDPS ACT SEC 8(c)/20(b)/22,CHEMICAL_PRECURSORS,SMALL_QUANTITY,PENDING_TRIAL,87
FIR-MYD-2026-0002,151,Mayiladuthurai Town PS 1,35,Mayiladuthurai,2026-08-13 04:04:00,NDPS ACT SEC 8(c)/20(b)/22,PRESCRIPTION_NARCOTICS,INTERMEDIATE_QUANTITY,UNDER_INVESTIGATION,99
FIR-VEL-2025-0003,34,Vellore Town PS 1,9,Vellore,2024-11-03 16:00:27,NDPS ACT SEC 8(c)/20(b)/22,PRESCRIPTION_NARCOTICS,COMMERCIAL_QUANTITY,CHARGESHEET_FILED,95
FIR-TVR-2025-0004,141,Thiruvarur Town PS 1,33,Thiruvarur,2026-03-06 05:24:59,NDPS ACT SEC 8(c)/20(b)/22,OPIOID_ANALOGUES,COMMERCIAL_QUANTITY,CHARGESHEET_FILED,86
FIR-KRR-2026-0005,108,Karur Town PS 2,25,Karur,2026-06-02 15:36:52,NDPS ACT SEC 8(c)/20(b)/22,CHEMICAL_PRECURSORS,SMALL_QUANTITY,UNDER_INVESTIGATION,94
FIR-CGL-2026-0006,73,Chengalpattu Town PS 4,17,Chengalpattu,2026-04-10 07:11:08,NDPS ACT SEC 8(c)/20(b)/22,PRESCRIPTION_NARCOTICS,INTERMEDIATE_QUANTITY,UNDER_INVESTIGATION,91
FIR-DGL-2025-0007,40,Dindigul Town PS 1,11,Dindigul,2025-08-09 14:04:11,NDPS ACT SEC 8(c)/20(b)/22,UNKNOWN_CONTRABAND,INTERMEDIATE_QUANTITY,PENDING_TRIAL,96
FIR-RNP-2025-0008,156,Ranipet Town PS 1,36,Ranipet,2025-04-24 07:50:05,NDPS ACT SEC 8(c)/20(b)/22,COMMERCIAL_GANJA,INTERMEDIATE_QUANTITY,CHARGESHEET_FILED,85
FIR-ARI-2026-0009,110,Ariyalur Town PS 1,26,Ariyalur,2025-08-14 19:35:55,NDPS ACT SEC 8(c)/20(b)/22,COMMERCIAL_GANJA,INTERMEDIATE_QUANTITY,UNDER_INVESTIGATION,94
FIR-PBL-2025-0010,115,Perambalur Town PS 2,27,Perambalur,2025-01-18 04:19:08,NDPS ACT SEC 8(c)/20(b)/22,SYNTHETIC_MDMA,COMMERCIAL_QUANTITY,UNDER_INVESTIGATION,91
FIR-KCP-2026-0011,69,Kancheepuram Town PS 5,16,Kancheepuram,2025-09-14 17:51:16,NDPS ACT SEC 8(c)/20(b)/22,SYNTHETIC_MDMA,COMMERCIAL_QUANTITY,UNDER_INVESTIGATION,93
FIR-VLP-2026-0012,85,Viluppuram Town PS 2,20,Viluppuram,2025-10-27 14:12:28,NDPS ACT SEC 8(c)/20(b)/22,COMMERCIAL_GANJA,COMMERCIAL_QUANTITY,UNDER_INVESTIGATION,89
FIR-KLK-2026-0013,92,Kallakurichi Town PS 6,21,Kallakurichi,2025-05-04 13:34:37,NDPS ACT SEC 8(c)/20(b)/22,PRESCRIPTION_NARCOTICS,INTERMEDIATE_QUANTITY,UNDER_INVESTIGATION,94
FIR-KKI-2026-0014,56,Kanniyakumari Town PS 3,14,Kanniyakumari,2025-03-23 14:21:50,NDPS ACT SEC 8(c)/20(b)/22,OPIOID_ANALOGUES,INTERMEDIATE_QUANTITY,CHARGESHEET_FILED,97
FIR-TIN-2026-0015,26,Tirunelveli Town PS 3,6,Tirunelveli,2025-08-05 10:01:39,NDPS ACT SEC 8(c)/20(b)/22,OPIOID_ANALOGUES,COMMERCIAL_QUANTITY,CHARGESHEET_FILED,87
FIR-CHN-2025-0016,2,Chennai Town PS 2,1,Chennai,2024-11-22 20:37:20,NDPS ACT SEC 8(c)/20(b)/22,CHEMICAL_PRECURSORS,COMMERCIAL_QUANTITY,CHARGESHEET_FILED,95
FIR-PDK-2026-0017,118,Pudukkottai Town PS 1,28,Pudukkottai,2026-01-13 02:54:38,NDPS ACT SEC 8(c)/20(b)/22,OPIOID_ANALOGUES,SMALL_QUANTITY,UNDER_INVESTIGATION,96
FIR-VRD-2025-0018,134,Virudhunagar Town PS 3,31,Virudhunagar,2026-04-05 00:53:09,NDPS ACT SEC 8(c)/20(b)/22,OPIOID_ANALOGUES,INTERMEDIATE_QUANTITY,UNDER_INVESTIGATION,95
FIR-PDK-2025-0019,121,Pudukkottai Town PS 4,28,Pudukkottai,2026-05-23 17:31:52,NDPS ACT SEC 8(c)/20(b)/22,COMMERCIAL_GANJA,COMMERCIAL_QUANTITY,UNDER_INVESTIGATION,97
FIR-SVG-2025-0020,125,Sivaganga Town PS 3,29,Sivaganga,2026-01-11 21:35:17,NDPS ACT SEC 8(c)/20(b)/22,UNKNOWN_CONTRABAND,COMMERCIAL_QUANTITY,PENDING_TRIAL,89
FIR-MYD-2026-0021,153,Mayiladuthurai Town PS 3,35,Mayiladuthurai,2026-08-11 18:50:49,NDPS ACT SEC 8(c)/20(b)/22,COMMERCIAL_GANJA,INTERMEDIATE_QUANTITY,CHARGESHEET_FILED,97
FIR-RMD-2025-0022,128,Ramanathapuram Town PS 2,30,Ramanathapuram,2025-04-29 09:56:58,NDPS ACT SEC 8(c)/20(b)/22,COMMERCIAL_GANJA,SMALL_QUANTITY,UNDER_INVESTIGATION,88
FIR-TPR_N-2025-0023,163,Tirupathur Town PS 3,37,Tirupathur,2026-07-22 22:58:16,NDPS ACT SEC 8(c)/20(b)/22,PRESCRIPTION_NARCOTICS,INTERMEDIATE_QUANTITY,PENDING_TRIAL,99
FIR-ARI-2026-0024,111,Ariyalur Town PS 2,26,Ariyalur,2026-03-09 07:06:41,NDPS ACT SEC 8(c)/20(b)/22,UNKNOWN_CONTRABAND,SMALL_QUANTITY,PENDING_TRIAL,87
FIR-TPR-2025-0025,28,Tiruppur Town PS 1,7,Tiruppur,2026-03-05 06:39:31,NDPS ACT SEC 8(c)/20(b)/22,OPIOID_ANALOGUES,INTERMEDIATE_QUANTITY,PENDING_TRIAL,85
FIR-TPR-2025-0026,28,Tiruppur Town PS 1,7,Tiruppur,2025-01-10 19:30:09,NDPS ACT SEC 8(c)/20(b)/22,COMMERCIAL_GANJA,SMALL_QUANTITY,CHARGESHEET_FILED,95
FIR-TSI-2026-0027,60,Tenkasi Town PS 1,15,Tenkasi,2026-01-01 21:57:47,NDPS ACT SEC 8(c)/20(b)/22,COMMERCIAL_GANJA,INTERMEDIATE_QUANTITY,UNDER_INVESTIGATION,90
FIR-TNJ-2026-0028,45,Thanjavur Town PS 2,12,Thanjavur,2024-12-09 22:37:17,NDPS ACT SEC 8(c)/20(b)/22,PRESCRIPTION_NARCOTICS,COMMERCIAL_QUANTITY,CHARGESHEET_FILED,87
FIR-CBE-2026-0029,7,Coimbatore Town PS 4,2,Coimbatore,2026-04-09 10:23:34,NDPS ACT SEC 8(c)/20(b)/22,SYNTHETIC_MDMA,COMMERCIAL_QUANTITY,CHARGESHEET_FILED,92
FIR-TPJ-2025-0030,18,Tiruchirappalli Town PS 1,5,Tiruchirappalli,2025-07-20 17:53:04,NDPS ACT SEC 8(c)/20(b)/22,CHEMICAL_PRECURSORS,SMALL_QUANTITY,PENDING_TRIAL,86
FIR-PDK-2025-0031,122,Pudukkottai Town PS 5,28,Pudukkottai,2026-02-21 00:58:33,NDPS ACT SEC 8(c)/20(b)/22,COMMERCIAL_GANJA,INTERMEDIATE_QUANTITY,PENDING_TRIAL,86
FIR-VLP-2026-0032,86,Viluppuram Town PS 3,20,Viluppuram,2025-03-26 08:56:56,NDPS ACT SEC 8(c)/20(b)/22,COMMERCIAL_GANJA,COMMERCIAL_QUANTITY,UNDER_INVESTIGATION,92
FIR-NMK-2025-0033,101,Namakkal Town PS 4,23,Namakkal,2026-06-28 06:24:03,NDPS ACT SEC 8(c)/20(b)/22,PRESCRIPTION_NARCOTICS,COMMERCIAL_QUANTITY,UNDER_INVESTIGATION,90
FIR-CBE-2025-0034,5,Coimbatore Town PS 2,2,Coimbatore,2025-05-23 18:05:56,NDPS ACT SEC 8(c)/20(b)/22,PRESCRIPTION_NARCOTICS,INTERMEDIATE_QUANTITY,PENDING_TRIAL,91
FIR-NIL-2025-0035,103,Nilgiris Town PS 1,24,Nilgiris,2026-06-16 13:45:22,NDPS ACT SEC 8(c)/20(b)/22,COMMERCIAL_GANJA,INTERMEDIATE_QUANTITY,PENDING_TRIAL,96
FIR-KKI-2026-0036,54,Kanniyakumari Town PS 1,14,Kanniyakumari,2026-03-24 23:25:12,NDPS ACT SEC 8(c)/20(b)/22,OPIOID_ANALOGUES,COMMERCIAL_QUANTITY,CHARGESHEET_FILED,97
FIR-NMK-2026-0037,102,Namakkal Town PS 5,23,Namakkal,2025-02-14 19:30:41,NDPS ACT SEC 8(c)/20(b)/22,UNKNOWN_CONTRABAND,SMALL_QUANTITY,PENDING_TRIAL,95
FIR-TPR-2026-0038,29,Tiruppur Town PS 2,7,Tiruppur,2025-04-09 01:03:16,NDPS ACT SEC 8(c)/20(b)/22,COMMERCIAL_GANJA,SMALL_QUANTITY,PENDING_TRIAL,85
FIR-KCP-2026-0039,69,Kancheepuram Town PS 5,16,Kancheepuram,2026-05-15 16:18:43,NDPS ACT SEC 8(c)/20(b)/22,UNKNOWN_CONTRABAND,COMMERCIAL_QUANTITY,CHARGESHEET_FILED,92
FIR-VLP-2026-0040,85,Viluppuram Town PS 2,20,Viluppuram,2026-06-02 04:05:07,NDPS ACT SEC 8(c)/20(b)/22,OPIOID_ANALOGUES,COMMERCIAL_QUANTITY,UNDER_INVESTIGATION,97
FIR-MDU-2026-0041,12,Madurai Town PS 3,3,Madurai,2024-12-08 23:39:58,NDPS ACT SEC 8(c)/20(b)/22,PRESCRIPTION_NARCOTICS,SMALL_QUANTITY,PENDING_TRIAL,99
FIR-MDU-2026-0042,13,Madurai Town PS 4,3,Madurai,2025-02-08 05:18:45,NDPS ACT SEC 8(c)/20(b)/22,CHEMICAL_PRECURSORS,COMMERCIAL_QUANTITY,CHARGESHEET_FILED,92
FIR-CUD-2025-0043,82,Cuddalore Town PS 5,19,Cuddalore,2024-10-04 23:03:24,NDPS ACT SEC 8(c)/20(b)/22,OPIOID_ANALOGUES,COMMERCIAL_QUANTITY,CHARGESHEET_FILED,85
FIR-TLR-2025-0044,75,Tiruvallur Town PS 1,18,Tiruvallur,2026-03-14 20:36:41,NDPS ACT SEC 8(c)/20(b)/22,SYNTHETIC_MDMA,SMALL_QUANTITY,CHARGESHEET_FILED,94
FIR-MYD-2025-0045,153,Mayiladuthurai Town PS 3,35,Mayiladuthurai,2025-11-26 18:09:14,NDPS ACT SEC 8(c)/20(b)/22,SYNTHETIC_MDMA,COMMERCIAL_QUANTITY,PENDING_TRIAL,88
FIR-VRD-2025-0046,134,Virudhunagar Town PS 3,31,Virudhunagar,2025-05-23 06:11:10,NDPS ACT SEC 8(c)/20(b)/22,UNKNOWN_CONTRABAND,SMALL_QUANTITY,UNDER_INVESTIGATION,93
FIR-KRR-2025-0047,108,Karur Town PS 2,25,Karur,2025-11-13 03:35:20,NDPS ACT SEC 8(c)/20(b)/22,CHEMICAL_PRECURSORS,INTERMEDIATE_QUANTITY,CHARGESHEET_FILED,97
FIR-TPR-2025-0048,30,Tiruppur Town PS 3,7,Tiruppur,2026-07-04 11:59:42,NDPS ACT SEC 8(c)/20(b)/22,COMMERCIAL_GANJA,COMMERCIAL_QUANTITY,PENDING_TRIAL,88
FIR-PDK-2026-0049,120,Pudukkottai Town PS 3,28,Pudukkottai,2025-11-12 10:02:18,NDPS ACT SEC 8(c)/20(b)/22,OPIOID_ANALOGUES,COMMERCIAL_QUANTITY,UNDER_INVESTIGATION,87
FIR-TPR-2026-0050,29,Tiruppur Town PS 2,7,Tiruppur,2026-01-20 14:57:51,NDPS ACT SEC 8(c)/20(b)/22,SYNTHETIC_MDMA,SMALL_QUANTITY,CHARGESHEET_FILED,94
FIR-VRD-2026-0051,134,Virudhunagar Town PS 3,31,Virudhunagar,2025-07-27 23:15:43,NDPS ACT SEC 8(c)/20(b)/22,OPIOID_ANALOGUES,SMALL_QUANTITY,UNDER_INVESTIGATION,89
FIR-VLP-2026-0052,85,Viluppuram Town PS 2,20,Viluppuram,2024-10-03 10:27:04,NDPS ACT SEC 8(c)/20(b)/22,COMMERCIAL_GANJA,SMALL_QUANTITY,UNDER_INVESTIGATION,96
FIR-KRI-2025-0053,39,Krishnagiri Town PS 3,10,Krishnagiri,2025-11-30 04:36:27,NDPS ACT SEC 8(c)/20(b)/22,SYNTHETIC_MDMA,COMMERCIAL_QUANTITY,CHARGESHEET_FILED,94
FIR-PBL-2026-0054,115,Perambalur Town PS 2,27,Perambalur,2025-03-28 13:23:44,NDPS ACT SEC 8(c)/20(b)/22,SYNTHETIC_MDMA,COMMERCIAL_QUANTITY,UNDER_INVESTIGATION,85
FIR-TPR_N-2025-0055,161,Tirupathur Town PS 1,37,Tirupathur,2025-04-17 18:45:46,NDPS ACT SEC 8(c)/20(b)/22,UNKNOWN_CONTRABAND,INTERMEDIATE_QUANTITY,UNDER_INVESTIGATION,99
FIR-THI-2025-0056,140,Theni Town PS 3,32,Theni,2025-11-21 07:38:54,NDPS ACT SEC 8(c)/20(b)/22,UNKNOWN_CONTRABAND,INTERMEDIATE_QUANTITY,PENDING_TRIAL,94
FIR-DPI-2026-0057,94,Dharmapuri Town PS 2,22,Dharmapuri,2026-01-26 05:03:46,NDPS ACT SEC 8(c)/20(b)/22,COMMERCIAL_GANJA,COMMERCIAL_QUANTITY,PENDING_TRIAL,93
FIR-PDK-2025-0058,119,Pudukkottai Town PS 2,28,Pudukkottai,2025-08-06 05:14:28,NDPS ACT SEC 8(c)/20(b)/22,SYNTHETIC_MDMA,SMALL_QUANTITY,UNDER_INVESTIGATION,93
FIR-NIL-2026-0059,106,Nilgiris Town PS 4,24,Nilgiris,2025-12-11 08:18:13,NDPS ACT SEC 8(c)/20(b)/22,PRESCRIPTION_NARCOTICS,INTERMEDIATE_QUANTITY,UNDER_INVESTIGATION,88
FIR-TLR-2026-0060,77,Tiruvallur Town PS 3,18,Tiruvallur,2025-03-11 11:03:19,NDPS ACT SEC 8(c)/20(b)/22,UNKNOWN_CONTRABAND,SMALL_QUANTITY,UNDER_INVESTIGATION,88
FIR-RMD-2026-0061,127,Ramanathapuram Town PS 1,30,Ramanathapuram,2025-07-04 15:17:36,NDPS ACT SEC 8(c)/20(b)/22,OPIOID_ANALOGUES,SMALL_QUANTITY,CHARGESHEET_FILED,91
FIR-CUD-2025-0062,80,Cuddalore Town PS 3,19,Cuddalore,2026-06-12 12:22:11,NDPS ACT SEC 8(c)/20(b)/22,PRESCRIPTION_NARCOTICS,SMALL_QUANTITY,PENDING_TRIAL,92
FIR-TLR-2025-0063,77,Tiruvallur Town PS 3,18,Tiruvallur,2025-03-06 08:23:37,NDPS ACT SEC 8(c)/20(b)/22,PRESCRIPTION_NARCOTICS,COMMERCIAL_QUANTITY,CHARGESHEET_FILED,96
FIR-ARI-2025-0064,113,Ariyalur Town PS 4,26,Ariyalur,2025-10-18 20:37:49,NDPS ACT SEC 8(c)/20(b)/22,PRESCRIPTION_NARCOTICS,INTERMEDIATE_QUANTITY,CHARGESHEET_FILED,99
FIR-MDU-2026-0065,13,Madurai Town PS 4,3,Madurai,2024-10-28 03:30:01,NDPS ACT SEC 8(c)/20(b)/22,SYNTHETIC_MDMA,SMALL_QUANTITY,CHARGESHEET_FILED,88
FIR-ARI-2026-0066,113,Ariyalur Town PS 4,26,Ariyalur,2026-07-07 06:39:09,NDPS ACT SEC 8(c)/20(b)/22,CHEMICAL_PRECURSORS,COMMERCIAL_QUANTITY,UNDER_INVESTIGATION,85
FIR-TPR_N-2026-0067,164,Tirupathur Town PS 4,37,Tirupathur,2025-01-12 12:11:29,NDPS ACT SEC 8(c)/20(b)/22,CHEMICAL_PRECURSORS,SMALL_QUANTITY,UNDER_INVESTIGATION,88
FIR-KRI-2025-0068,39,Krishnagiri Town PS 3,10,Krishnagiri,2025-11-03 15:16:52,NDPS ACT SEC 8(c)/20(b)/22,OPIOID_ANALOGUES,COMMERCIAL_QUANTITY,UNDER_INVESTIGATION,99
FIR-KRI-2026-0069,39,Krishnagiri Town PS 3,10,Krishnagiri,2025-12-11 08:02:24,NDPS ACT SEC 8(c)/20(b)/22,PRESCRIPTION_NARCOTICS,SMALL_QUANTITY,PENDING_TRIAL,93
FIR-ARI-2026-0070,111,Ariyalur Town PS 2,26,Ariyalur,2025-12-08 22:33:50,NDPS ACT SEC 8(c)/20(b)/22,OPIOID_ANALOGUES,SMALL_QUANTITY,CHARGESHEET_FILED,96
FIR-SVG-2025-0071,124,Sivaganga Town PS 2,29,Sivaganga,2026-05-21 03:43:25,NDPS ACT SEC 8(c)/20(b)/22,COMMERCIAL_GANJA,INTERMEDIATE_QUANTITY,CHARGESHEET_FILED,93
FIR-TUT-2026-0072,49,Thoothukudi Town PS 2,13,Thoothukudi,2026-04-07 08:12:16,NDPS ACT SEC 8(c)/20(b)/22,CHEMICAL_PRECURSORS,SMALL_QUANTITY,UNDER_INVESTIGATION,95
FIR-TPJ-2026-0073,18,Tiruchirappalli Town PS 1,5,Tiruchirappalli,2026-01-07 02:13:49,NDPS ACT SEC 8(c)/20(b)/22,COMMERCIAL_GANJA,INTERMEDIATE_QUANTITY,PENDING_TRIAL,99
FIR-TVR-2025-0074,145,Thiruvarur Town PS 5,33,Thiruvarur,2026-05-07 04:19:26,NDPS ACT SEC 8(c)/20(b)/22,COMMERCIAL_GANJA,SMALL_QUANTITY,PENDING_TRIAL,87
FIR-RMD-2025-0075,128,Ramanathapuram Town PS 2,30,Ramanathapuram,2025-10-28 16:14:24,NDPS ACT SEC 8(c)/20(b)/22,SYNTHETIC_MDMA,INTERMEDIATE_QUANTITY,UNDER_INVESTIGATION,95
FIR-CUD-2025-0076,83,Cuddalore Town PS 6,19,Cuddalore,2025-07-15 15:24:20,NDPS ACT SEC 8(c)/20(b)/22,UNKNOWN_CONTRABAND,SMALL_QUANTITY,UNDER_INVESTIGATION,87
FIR-TPR-2025-0077,28,Tiruppur Town PS 1,7,Tiruppur,2024-12-05 20:36:06,NDPS ACT SEC 8(c)/20(b)/22,COMMERCIAL_GANJA,SMALL_QUANTITY,PENDING_TRIAL,95
FIR-DPI-2026-0078,97,Dharmapuri Town PS 5,22,Dharmapuri,2024-11-28 05:56:48,NDPS ACT SEC 8(c)/20(b)/22,COMMERCIAL_GANJA,SMALL_QUANTITY,PENDING_TRIAL,89
FIR-TPR-2026-0079,29,Tiruppur Town PS 2,7,Tiruppur,2025-11-25 10:03:16,NDPS ACT SEC 8(c)/20(b)/22,UNKNOWN_CONTRABAND,INTERMEDIATE_QUANTITY,UNDER_INVESTIGATION,97
FIR-NGP-2025-0080,149,Nagapattinam Town PS 3,34,Nagapattinam,2025-07-19 03:25:29,NDPS ACT SEC 8(c)/20(b)/22,CHEMICAL_PRECURSORS,SMALL_QUANTITY,PENDING_TRIAL,92
FIR-SLM-2026-0081,16,Salem Town PS 3,4,Salem,2025-02-16 17:17:07,NDPS ACT SEC 8(c)/20(b)/22,COMMERCIAL_GANJA,INTERMEDIATE_QUANTITY,CHARGESHEET_FILED,99
FIR-CBE-2025-0082,5,Coimbatore Town PS 2,2,Coimbatore,2024-11-23 08:48:31,NDPS ACT SEC 8(c)/20(b)/22,UNKNOWN_CONTRABAND,INTERMEDIATE_QUANTITY,PENDING_TRIAL,94
FIR-TVM-2025-0083,168,Tiruvannamalai Town PS 4,38,Tiruvannamalai,2026-01-22 06:57:14,NDPS ACT SEC 8(c)/20(b)/22,COMMERCIAL_GANJA,COMMERCIAL_QUANTITY,UNDER_INVESTIGATION,89
FIR-DGL-2025-0084,40,Dindigul Town PS 1,11,Dindigul,2025-02-07 05:09:21,NDPS ACT SEC 8(c)/20(b)/22,PRESCRIPTION_NARCOTICS,INTERMEDIATE_QUANTITY,PENDING_TRIAL,91
FIR-SVG-2026-0085,126,Sivaganga Town PS 4,29,Sivaganga,2026-06-17 12:10:09,NDPS ACT SEC 8(c)/20(b)/22,CHEMICAL_PRECURSORS,SMALL_QUANTITY,UNDER_INVESTIGATION,91
FIR-CBE-2025-0086,6,Coimbatore Town PS 3,2,Coimbatore,2025-02-22 00:43:37,NDPS ACT SEC 8(c)/20(b)/22,SYNTHETIC_MDMA,COMMERCIAL_QUANTITY,PENDING_TRIAL,87
FIR-VRD-2026-0087,132,Virudhunagar Town PS 1,31,Virudhunagar,2025-08-05 20:30:17,NDPS ACT SEC 8(c)/20(b)/22,UNKNOWN_CONTRABAND,COMMERCIAL_QUANTITY,UNDER_INVESTIGATION,93
FIR-MDU-2026-0088,13,Madurai Town PS 4,3,Madurai,2025-03-09 22:26:38,NDPS ACT SEC 8(c)/20(b)/22,UNKNOWN_CONTRABAND,SMALL_QUANTITY,PENDING_TRIAL,96
FIR-MYD-2025-0089,153,Mayiladuthurai Town PS 3,35,Mayiladuthurai,2025-02-23 11:23:41,NDPS ACT SEC 8(c)/20(b)/22,OPIOID_ANALOGUES,SMALL_QUANTITY,CHARGESHEET_FILED,90
FIR-PDK-2025-0090,120,Pudukkottai Town PS 3,28,Pudukkottai,2025-07-18 10:49:52,NDPS ACT SEC 8(c)/20(b)/22,PRESCRIPTION_NARCOTICS,INTERMEDIATE_QUANTITY,PENDING_TRIAL,86
FIR-TNJ-2026-0091,46,Thanjavur Town PS 3,12,Thanjavur,2024-12-23 12:32:46,NDPS ACT SEC 8(c)/20(b)/22,COMMERCIAL_GANJA,SMALL_QUANTITY,PENDING_TRIAL,96
FIR-ARI-2026-0092,113,Ariyalur Town PS 4,26,Ariyalur,2025-12-21 17:12:31,NDPS ACT SEC 8(c)/20(b)/22,PRESCRIPTION_NARCOTICS,COMMERCIAL_QUANTITY,CHARGESHEET_FILED,98
FIR-ARI-2026-0093,111,Ariyalur Town PS 2,26,Ariyalur,2025-09-29 04:04:49,NDPS ACT SEC 8(c)/20(b)/22,OPIOID_ANALOGUES,COMMERCIAL_QUANTITY,CHARGESHEET_FILED,98
FIR-THI-2025-0094,138,Theni Town PS 1,32,Theni,2026-06-26 03:00:50,NDPS ACT SEC 8(c)/20(b)/22,SYNTHETIC_MDMA,COMMERCIAL_QUANTITY,CHARGESHEET_FILED,98
FIR-VLP-2025-0095,84,Viluppuram Town PS 1,20,Viluppuram,2026-06-12 05:58:15,NDPS ACT SEC 8(c)/20(b)/22,SYNTHETIC_MDMA,INTERMEDIATE_QUANTITY,UNDER_INVESTIGATION,92
FIR-SLM-2025-0096,17,Salem Town PS 4,4,Salem,2025-08-07 23:42:19,NDPS ACT SEC 8(c)/20(b)/22,OPIOID_ANALOGUES,COMMERCIAL_QUANTITY,CHARGESHEET_FILED,95
FIR-TVR-2025-0097,141,Thiruvarur Town PS 1,33,Thiruvarur,2024-10-27 15:09:24,NDPS ACT SEC 8(c)/20(b)/22,SYNTHETIC_MDMA,SMALL_QUANTITY,CHARGESHEET_FILED,94
FIR-NGP-2026-0098,147,Nagapattinam Town PS 1,34,Nagapattinam,2025-02-28 10:04:51,NDPS ACT SEC 8(c)/20(b)/22,PRESCRIPTION_NARCOTICS,COMMERCIAL_QUANTITY,UNDER_INVESTIGATION,99
FIR-TPR_N-2026-0099,161,Tirupathur Town PS 1,37,Tirupathur,2026-03-04 10:36:39,NDPS ACT SEC 8(c)/20(b)/22,UNKNOWN_CONTRABAND,SMALL_QUANTITY,UNDER_INVESTIGATION,86
FIR-VEL-2026-0100,36,Vellore Town PS 3,9,Vellore,2025-05-09 07:23:47,NDPS ACT SEC 8(c)/20(b)/22,PRESCRIPTION_NARCOTICS,SMALL_QUANTITY,CHARGESHEET_FILED,97
FIR-TIN-2026-0101,26,Tirunelveli Town PS 3,6,Tirunelveli,2026-01-01 23:01:40,NDPS ACT SEC 8(c)/20(b)/22,CHEMICAL_PRECURSORS,SMALL_QUANTITY,CHARGESHEET_FILED,98
FIR-TPR-2025-0102,30,Tiruppur Town PS 3,7,Tiruppur,2024-11-01 07:57:04,NDPS ACT SEC 8(c)/20(b)/22,PRESCRIPTION_NARCOTICS,INTERMEDIATE_QUANTITY,UNDER_INVESTIGATION,85
FIR-TPR-2025-0103,30,Tiruppur Town PS 3,7,Tiruppur,2025-02-23 07:24:33,NDPS ACT SEC 8(c)/20(b)/22,SYNTHETIC_MDMA,INTERMEDIATE_QUANTITY,PENDING_TRIAL,93
FIR-TPJ-2026-0104,23,Tiruchirappalli Town PS 6,5,Tiruchirappalli,2026-04-08 04:20:31,NDPS ACT SEC 8(c)/20(b)/22,CHEMICAL_PRECURSORS,COMMERCIAL_QUANTITY,PENDING_TRIAL,96
FIR-TVM-2025-0105,167,Tiruvannamalai Town PS 3,38,Tiruvannamalai,2025-04-28 17:38:02,NDPS ACT SEC 8(c)/20(b)/22,OPIOID_ANALOGUES,COMMERCIAL_QUANTITY,PENDING_TRIAL,91
FIR-KKI-2025-0106,54,Kanniyakumari Town PS 1,14,Kanniyakumari,2025-02-15 00:56:39,NDPS ACT SEC 8(c)/20(b)/22,SYNTHETIC_MDMA,SMALL_QUANTITY,PENDING_TRIAL,97
FIR-TVM-2025-0107,166,Tiruvannamalai Town PS 2,38,Tiruvannamalai,2025-09-28 07:37:56,NDPS ACT SEC 8(c)/20(b)/22,SYNTHETIC_MDMA,COMMERCIAL_QUANTITY,UNDER_INVESTIGATION,89
FIR-ARI-2025-0108,112,Ariyalur Town PS 3,26,Ariyalur,2025-12-05 21:42:14,NDPS ACT SEC 8(c)/20(b)/22,SYNTHETIC_MDMA,INTERMEDIATE_QUANTITY,CHARGESHEET_FILED,90
FIR-DPI-2025-0109,94,Dharmapuri Town PS 2,22,Dharmapuri,2026-05-06 17:30:48,NDPS ACT SEC 8(c)/20(b)/22,UNKNOWN_CONTRABAND,SMALL_QUANTITY,UNDER_INVESTIGATION,85
FIR-CUD-2026-0110,83,Cuddalore Town PS 6,19,Cuddalore,2024-11-03 11:19:04,NDPS ACT SEC 8(c)/20(b)/22,SYNTHETIC_MDMA,COMMERCIAL_QUANTITY,PENDING_TRIAL,93
FIR-RMD-2026-0111,130,Ramanathapuram Town PS 4,30,Ramanathapuram,2025-02-06 05:33:04,NDPS ACT SEC 8(c)/20(b)/22,PRESCRIPTION_NARCOTICS,INTERMEDIATE_QUANTITY,UNDER_INVESTIGATION,86
FIR-VRD-2025-0112,132,Virudhunagar Town PS 1,31,Virudhunagar,2026-08-10 19:34:25,NDPS ACT SEC 8(c)/20(b)/22,SYNTHETIC_MDMA,INTERMEDIATE_QUANTITY,CHARGESHEET_FILED,89
FIR-SLM-2025-0113,15,Salem Town PS 2,4,Salem,2025-09-26 03:01:50,NDPS ACT SEC 8(c)/20(b)/22,UNKNOWN_CONTRABAND,SMALL_QUANTITY,PENDING_TRIAL,97
FIR-KCP-2025-0114,67,Kancheepuram Town PS 3,16,Kancheepuram,2025-01-21 23:39:39,NDPS ACT SEC 8(c)/20(b)/22,OPIOID_ANALOGUES,INTERMEDIATE_QUANTITY,PENDING_TRIAL,87
FIR-RMD-2025-0115,130,Ramanathapuram Town PS 4,30,Ramanathapuram,2025-09-14 21:37:28,NDPS ACT SEC 8(c)/20(b)/22,OPIOID_ANALOGUES,SMALL_QUANTITY,UNDER_INVESTIGATION,94
FIR-CUD-2026-0116,78,Cuddalore Town PS 1,19,Cuddalore,2026-02-23 09:05:30,NDPS ACT SEC 8(c)/20(b)/22,CHEMICAL_PRECURSORS,SMALL_QUANTITY,CHARGESHEET_FILED,93
FIR-TSI-2025-0117,62,Tenkasi Town PS 3,15,Tenkasi,2025-10-24 12:39:01,NDPS ACT SEC 8(c)/20(b)/22,OPIOID_ANALOGUES,INTERMEDIATE_QUANTITY,PENDING_TRIAL,86
FIR-CGL-2026-0118,71,Chengalpattu Town PS 2,17,Chengalpattu,2024-12-27 04:58:57,NDPS ACT SEC 8(c)/20(b)/22,CHEMICAL_PRECURSORS,COMMERCIAL_QUANTITY,CHARGESHEET_FILED,95
FIR-RNP-2025-0119,157,Ranipet Town PS 2,36,Ranipet,2025-09-14 08:57:57,NDPS ACT SEC 8(c)/20(b)/22,OPIOID_ANALOGUES,SMALL_QUANTITY,CHARGESHEET_FILED,94
FIR-PBL-2025-0120,115,Perambalur Town PS 2,27,Perambalur,2025-07-14 20:09:37,NDPS ACT SEC 8(c)/20(b)/22,OPIOID_ANALOGUES,SMALL_QUANTITY,PENDING_TRIAL,89
FIR-DGL-2026-0121,40,Dindigul Town PS 1,11,Dindigul,2025-10-22 21:52:05,NDPS ACT SEC 8(c)/20(b)/22,UNKNOWN_CONTRABAND,SMALL_QUANTITY,CHARGESHEET_FILED,99
FIR-NGP-2025-0122,148,Nagapattinam Town PS 2,34,Nagapattinam,2025-11-10 06:50:41,NDPS ACT SEC 8(c)/20(b)/22,PRESCRIPTION_NARCOTICS,INTERMEDIATE_QUANTITY,UNDER_INVESTIGATION,94
FIR-TPR_N-2026-0123,163,Tirupathur Town PS 3,37,Tirupathur,2024-10-16 20:15:16,NDPS ACT SEC 8(c)/20(b)/22,CHEMICAL_PRECURSORS,SMALL_QUANTITY,CHARGESHEET_FILED,87
FIR-PBL-2025-0124,115,Perambalur Town PS 2,27,Perambalur,2026-05-26 21:13:59,NDPS ACT SEC 8(c)/20(b)/22,UNKNOWN_CONTRABAND,INTERMEDIATE_QUANTITY,UNDER_INVESTIGATION,95
FIR-TPR-2025-0125,29,Tiruppur Town PS 2,7,Tiruppur,2026-03-04 03:03:56,NDPS ACT SEC 8(c)/20(b)/22,PRESCRIPTION_NARCOTICS,INTERMEDIATE_QUANTITY,UNDER_INVESTIGATION,96
FIR-MDU-2025-0126,13,Madurai Town PS 4,3,Madurai,2025-03-15 01:32:04,NDPS ACT SEC 8(c)/20(b)/22,COMMERCIAL_GANJA,SMALL_QUANTITY,PENDING_TRIAL,98
FIR-TLR-2026-0127,77,Tiruvallur Town PS 3,18,Tiruvallur,2024-11-17 19:38:01,NDPS ACT SEC 8(c)/20(b)/22,UNKNOWN_CONTRABAND,INTERMEDIATE_QUANTITY,CHARGESHEET_FILED,87
FIR-TPR-2026-0128,28,Tiruppur Town PS 1,7,Tiruppur,2025-07-09 08:45:56,NDPS ACT SEC 8(c)/20(b)/22,OPIOID_ANALOGUES,SMALL_QUANTITY,CHARGESHEET_FILED,97
FIR-KLK-2025-0129,88,Kallakurichi Town PS 2,21,Kallakurichi,2025-04-02 08:51:32,NDPS ACT SEC 8(c)/20(b)/22,PRESCRIPTION_NARCOTICS,INTERMEDIATE_QUANTITY,CHARGESHEET_FILED,86
FIR-CBE-2026-0130,9,Coimbatore Town PS 6,2,Coimbatore,2025-03-22 01:14:29,NDPS ACT SEC 8(c)/20(b)/22,OPIOID_ANALOGUES,INTERMEDIATE_QUANTITY,PENDING_TRIAL,94
FIR-CBE-2026-0131,8,Coimbatore Town PS 5,2,Coimbatore,2024-11-24 08:55:15,NDPS ACT SEC 8(c)/20(b)/22,CHEMICAL_PRECURSORS,COMMERCIAL_QUANTITY,PENDING_TRIAL,90
FIR-MYD-2025-0132,155,Mayiladuthurai Town PS 5,35,Mayiladuthurai,2026-01-04 02:05:00,NDPS ACT SEC 8(c)/20(b)/22,COMMERCIAL_GANJA,INTERMEDIATE_QUANTITY,CHARGESHEET_FILED,87
FIR-THI-2025-0133,138,Theni Town PS 1,32,Theni,2025-03-28 06:34:56,NDPS ACT SEC 8(c)/20(b)/22,OPIOID_ANALOGUES,SMALL_QUANTITY,PENDING_TRIAL,98
FIR-RNP-2026-0134,160,Ranipet Town PS 5,36,Ranipet,2025-09-05 02:50:51,NDPS ACT SEC 8(c)/20(b)/22,PRESCRIPTION_NARCOTICS,INTERMEDIATE_QUANTITY,CHARGESHEET_FILED,93
FIR-NIL-2026-0135,106,Nilgiris Town PS 4,24,Nilgiris,2025-07-27 17:03:26,NDPS ACT SEC 8(c)/20(b)/22,COMMERCIAL_GANJA,INTERMEDIATE_QUANTITY,CHARGESHEET_FILED,88
FIR-TUT-2026-0136,49,Thoothukudi Town PS 2,13,Thoothukudi,2025-02-01 18:57:34,NDPS ACT SEC 8(c)/20(b)/22,PRESCRIPTION_NARCOTICS,INTERMEDIATE_QUANTITY,PENDING_TRIAL,92
FIR-CGL-2025-0137,72,Chengalpattu Town PS 3,17,Chengalpattu,2025-11-20 23:44:39,NDPS ACT SEC 8(c)/20(b)/22,UNKNOWN_CONTRABAND,COMMERCIAL_QUANTITY,CHARGESHEET_FILED,99
FIR-NGP-2025-0138,147,Nagapattinam Town PS 1,34,Nagapattinam,2025-02-23 10:06:02,NDPS ACT SEC 8(c)/20(b)/22,PRESCRIPTION_NARCOTICS,INTERMEDIATE_QUANTITY,UNDER_INVESTIGATION,98
FIR-KRI-2026-0139,39,Krishnagiri Town PS 3,10,Krishnagiri,2025-02-02 12:48:45,NDPS ACT SEC 8(c)/20(b)/22,CHEMICAL_PRECURSORS,SMALL_QUANTITY,PENDING_TRIAL,98
FIR-KKI-2025-0140,59,Kanniyakumari Town PS 6,14,Kanniyakumari,2026-06-30 12:30:13,NDPS ACT SEC 8(c)/20(b)/22,PRESCRIPTION_NARCOTICS,SMALL_QUANTITY,PENDING_TRIAL,98
FIR-KCP-2026-0141,69,Kancheepuram Town PS 5,16,Kancheepuram,2025-07-24 19:45:59,NDPS ACT SEC 8(c)/20(b)/22,UNKNOWN_CONTRABAND,INTERMEDIATE_QUANTITY,PENDING_TRIAL,93
FIR-CGL-2026-0142,71,Chengalpattu Town PS 2,17,Chengalpattu,2026-08-19 09:28:38,NDPS ACT SEC 8(c)/20(b)/22,CHEMICAL_PRECURSORS,COMMERCIAL_QUANTITY,UNDER_INVESTIGATION,98
FIR-MDU-2026-0143,10,Madurai Town PS 1,3,Madurai,2026-03-13 09:52:12,NDPS ACT SEC 8(c)/20(b)/22,OPIOID_ANALOGUES,INTERMEDIATE_QUANTITY,PENDING_TRIAL,87
FIR-MYD-2026-0144,154,Mayiladuthurai Town PS 4,35,Mayiladuthurai,2026-07-27 23:35:52,NDPS ACT SEC 8(c)/20(b)/22,PRESCRIPTION_NARCOTICS,COMMERCIAL_QUANTITY,PENDING_TRIAL,89
FIR-RNP-2025-0145,160,Ranipet Town PS 5,36,Ranipet,2024-10-27 06:02:17,NDPS ACT SEC 8(c)/20(b)/22,SYNTHETIC_MDMA,COMMERCIAL_QUANTITY,CHARGESHEET_FILED,91
FIR-CUD-2025-0146,79,Cuddalore Town PS 2,19,Cuddalore,2025-11-02 12:49:38,NDPS ACT SEC 8(c)/20(b)/22,UNKNOWN_CONTRABAND,INTERMEDIATE_QUANTITY,CHARGESHEET_FILED,98
FIR-ARI-2026-0147,110,Ariyalur Town PS 1,26,Ariyalur,2026-01-21 12:05:46,NDPS ACT SEC 8(c)/20(b)/22,SYNTHETIC_MDMA,COMMERCIAL_QUANTITY,UNDER_INVESTIGATION,93
FIR-DGL-2026-0148,40,Dindigul Town PS 1,11,Dindigul,2025-01-19 22:37:03,NDPS ACT SEC 8(c)/20(b)/22,SYNTHETIC_MDMA,COMMERCIAL_QUANTITY,UNDER_INVESTIGATION,87
FIR-THI-2025-0149,140,Theni Town PS 3,32,Theni,2024-11-07 06:13:50,NDPS ACT SEC 8(c)/20(b)/22,SYNTHETIC_MDMA,INTERMEDIATE_QUANTITY,PENDING_TRIAL,92
FIR-TPR-2025-0150,30,Tiruppur Town PS 3,7,Tiruppur,2025-05-16 22:51:57,NDPS ACT SEC 8(c)/20(b)/22,OPIOID_ANALOGUES,SMALL_QUANTITY,CHARGESHEET_FILED,98
FIR-TVM-2026-0151,166,Tiruvannamalai Town PS 2,38,Tiruvannamalai,2024-10-26 09:41:53,NDPS ACT SEC 8(c)/20(b)/22,COMMERCIAL_GANJA,SMALL_QUANTITY,PENDING_TRIAL,92
FIR-CUD-2026-0152,78,Cuddalore Town PS 1,19,Cuddalore,2025-11-24 19:53:30,NDPS ACT SEC 8(c)/20(b)/22,PRESCRIPTION_NARCOTICS,INTERMEDIATE_QUANTITY,CHARGESHEET_FILED,94
FIR-KRR-2026-0153,107,Karur Town PS 1,25,Karur,2025-04-17 07:13:32,NDPS ACT SEC 8(c)/20(b)/22,PRESCRIPTION_NARCOTICS,INTERMEDIATE_QUANTITY,CHARGESHEET_FILED,91
FIR-KCP-2026-0154,69,Kancheepuram Town PS 5,16,Kancheepuram,2025-03-12 00:56:04,NDPS ACT SEC 8(c)/20(b)/22,COMMERCIAL_GANJA,SMALL_QUANTITY,CHARGESHEET_FILED,97
FIR-TLR-2025-0155,76,Tiruvallur Town PS 2,18,Tiruvallur,2025-07-02 09:44:10,NDPS ACT SEC 8(c)/20(b)/22,CHEMICAL_PRECURSORS,COMMERCIAL_QUANTITY,PENDING_TRIAL,89
FIR-TNJ-2025-0156,45,Thanjavur Town PS 2,12,Thanjavur,2025-06-20 16:06:33,NDPS ACT SEC 8(c)/20(b)/22,OPIOID_ANALOGUES,INTERMEDIATE_QUANTITY,UNDER_INVESTIGATION,96
FIR-NGP-2026-0157,147,Nagapattinam Town PS 1,34,Nagapattinam,2025-12-24 19:16:01,NDPS ACT SEC 8(c)/20(b)/22,PRESCRIPTION_NARCOTICS,SMALL_QUANTITY,UNDER_INVESTIGATION,91
FIR-SLM-2026-0158,14,Salem Town PS 1,4,Salem,2025-08-18 02:07:09,NDPS ACT SEC 8(c)/20(b)/22,OPIOID_ANALOGUES,COMMERCIAL_QUANTITY,UNDER_INVESTIGATION,87
FIR-SLM-2026-0159,14,Salem Town PS 1,4,Salem,2025-09-21 11:57:17,NDPS ACT SEC 8(c)/20(b)/22,CHEMICAL_PRECURSORS,SMALL_QUANTITY,CHARGESHEET_FILED,99
FIR-TUT-2026-0160,50,Thoothukudi Town PS 3,13,Thoothukudi,2025-10-04 04:38:41,NDPS ACT SEC 8(c)/20(b)/22,CHEMICAL_PRECURSORS,SMALL_QUANTITY,CHARGESHEET_FILED,95
FIR-VLP-2025-0161,84,Viluppuram Town PS 1,20,Viluppuram,2025-04-21 02:13:44,NDPS ACT SEC 8(c)/20(b)/22,PRESCRIPTION_NARCOTICS,SMALL_QUANTITY,UNDER_INVESTIGATION,92
FIR-DPI-2026-0162,93,Dharmapuri Town PS 1,22,Dharmapuri,2025-11-16 19:29:28,NDPS ACT SEC 8(c)/20(b)/22,COMMERCIAL_GANJA,INTERMEDIATE_QUANTITY,UNDER_INVESTIGATION,87
FIR-ARI-2026-0163,113,Ariyalur Town PS 4,26,Ariyalur,2025-05-29 20:11:43,NDPS ACT SEC 8(c)/20(b)/22,OPIOID_ANALOGUES,SMALL_QUANTITY,CHARGESHEET_FILED,87
FIR-CGL-2026-0164,70,Chengalpattu Town PS 1,17,Chengalpattu,2025-01-18 15:53:43,NDPS ACT SEC 8(c)/20(b)/22,PRESCRIPTION_NARCOTICS,COMMERCIAL_QUANTITY,UNDER_INVESTIGATION,92
FIR-KLK-2025-0165,88,Kallakurichi Town PS 2,21,Kallakurichi,2025-08-22 12:39:21,NDPS ACT SEC 8(c)/20(b)/22,OPIOID_ANALOGUES,SMALL_QUANTITY,UNDER_INVESTIGATION,86
FIR-VRD-2026-0166,135,Virudhunagar Town PS 4,31,Virudhunagar,2025-04-25 23:35:54,NDPS ACT SEC 8(c)/20(b)/22,UNKNOWN_CONTRABAND,SMALL_QUANTITY,CHARGESHEET_FILED,90
FIR-ERD-2026-0167,32,Erode Town PS 2,8,Erode,2025-02-19 21:23:48,NDPS ACT SEC 8(c)/20(b)/22,PRESCRIPTION_NARCOTICS,SMALL_QUANTITY,UNDER_INVESTIGATION,92
FIR-KCP-2026-0168,65,Kancheepuram Town PS 1,16,Kancheepuram,2024-10-17 03:52:24,NDPS ACT SEC 8(c)/20(b)/22,SYNTHETIC_MDMA,SMALL_QUANTITY,PENDING_TRIAL,89
FIR-TLR-2025-0169,75,Tiruvallur Town PS 1,18,Tiruvallur,2026-01-29 11:19:37,NDPS ACT SEC 8(c)/20(b)/22,OPIOID_ANALOGUES,COMMERCIAL_QUANTITY,PENDING_TRIAL,90
FIR-DGL-2025-0170,43,Dindigul Town PS 4,11,Dindigul,2025-03-01 21:50:57,NDPS ACT SEC 8(c)/20(b)/22,PRESCRIPTION_NARCOTICS,SMALL_QUANTITY,PENDING_TRIAL,96
FIR-TUT-2025-0171,51,Thoothukudi Town PS 4,13,Thoothukudi,2025-10-29 22:30:16,NDPS ACT SEC 8(c)/20(b)/22,UNKNOWN_CONTRABAND,COMMERCIAL_QUANTITY,UNDER_INVESTIGATION,88
FIR-TVR-2026-0172,146,Thiruvarur Town PS 6,33,Thiruvarur,2025-09-23 14:05:38,NDPS ACT SEC 8(c)/20(b)/22,OPIOID_ANALOGUES,INTERMEDIATE_QUANTITY,UNDER_INVESTIGATION,92
FIR-ERD-2026-0173,32,Erode Town PS 2,8,Erode,2025-09-16 15:15:39,NDPS ACT SEC 8(c)/20(b)/22,UNKNOWN_CONTRABAND,SMALL_QUANTITY,UNDER_INVESTIGATION,90
FIR-TUT-2025-0174,53,Thoothukudi Town PS 6,13,Thoothukudi,2025-03-12 15:30:41,NDPS ACT SEC 8(c)/20(b)/22,COMMERCIAL_GANJA,SMALL_QUANTITY,PENDING_TRIAL,87
FIR-NMK-2026-0175,102,Namakkal Town PS 5,23,Namakkal,2026-04-08 01:51:37,NDPS ACT SEC 8(c)/20(b)/22,UNKNOWN_CONTRABAND,SMALL_QUANTITY,CHARGESHEET_FILED,95
FIR-TPR-2025-0176,28,Tiruppur Town PS 1,7,Tiruppur,2026-05-01 12:07:41,NDPS ACT SEC 8(c)/20(b)/22,COMMERCIAL_GANJA,COMMERCIAL_QUANTITY,PENDING_TRIAL,98
FIR-DGL-2026-0177,42,Dindigul Town PS 3,11,Dindigul,2025-06-12 20:32:44,NDPS ACT SEC 8(c)/20(b)/22,COMMERCIAL_GANJA,SMALL_QUANTITY,PENDING_TRIAL,98
FIR-MYD-2025-0178,153,Mayiladuthurai Town PS 3,35,Mayiladuthurai,2025-03-15 18:30:04,NDPS ACT SEC 8(c)/20(b)/22,COMMERCIAL_GANJA,SMALL_QUANTITY,CHARGESHEET_FILED,93
FIR-KRR-2025-0179,109,Karur Town PS 3,25,Karur,2024-12-02 03:06:26,NDPS ACT SEC 8(c)/20(b)/22,UNKNOWN_CONTRABAND,COMMERCIAL_QUANTITY,UNDER_INVESTIGATION,86
FIR-KRR-2026-0180,109,Karur Town PS 3,25,Karur,2025-10-27 12:43:56,NDPS ACT SEC 8(c)/20(b)/22,UNKNOWN_CONTRABAND,INTERMEDIATE_QUANTITY,UNDER_INVESTIGATION,92
FIR-DGL-2026-0181,41,Dindigul Town PS 2,11,Dindigul,2026-05-23 11:38:45,NDPS ACT SEC 8(c)/20(b)/22,OPIOID_ANALOGUES,SMALL_QUANTITY,CHARGESHEET_FILED,97
FIR-NGP-2025-0182,147,Nagapattinam Town PS 1,34,Nagapattinam,2024-12-21 02:50:37,NDPS ACT SEC 8(c)/20(b)/22,OPIOID_ANALOGUES,INTERMEDIATE_QUANTITY,UNDER_INVESTIGATION,96
FIR-PBL-2026-0183,114,Perambalur Town PS 1,27,Perambalur,2025-08-01 20:11:52,NDPS ACT SEC 8(c)/20(b)/22,UNKNOWN_CONTRABAND,COMMERCIAL_QUANTITY,CHARGESHEET_FILED,92
FIR-CHN-2026-0184,1,Chennai Town PS 1,1,Chennai,2026-01-28 22:05:54,NDPS ACT SEC 8(c)/20(b)/22,PRESCRIPTION_NARCOTICS,SMALL_QUANTITY,CHARGESHEET_FILED,90
FIR-MYD-2025-0185,153,Mayiladuthurai Town PS 3,35,Mayiladuthurai,2026-05-15 09:52:27,NDPS ACT SEC 8(c)/20(b)/22,COMMERCIAL_GANJA,COMMERCIAL_QUANTITY,CHARGESHEET_FILED,98
FIR-VRD-2026-0186,135,Virudhunagar Town PS 4,31,Virudhunagar,2025-07-02 00:09:05,NDPS ACT SEC 8(c)/20(b)/22,PRESCRIPTION_NARCOTICS,COMMERCIAL_QUANTITY,CHARGESHEET_FILED,94
FIR-TVM-2026-0187,165,Tiruvannamalai Town PS 1,38,Tiruvannamalai,2026-01-14 08:22:47,NDPS ACT SEC 8(c)/20(b)/22,OPIOID_ANALOGUES,INTERMEDIATE_QUANTITY,PENDING_TRIAL,88
FIR-VEL-2026-0188,34,Vellore Town PS 1,9,Vellore,2025-04-21 02:57:05,NDPS ACT SEC 8(c)/20(b)/22,CHEMICAL_PRECURSORS,COMMERCIAL_QUANTITY,UNDER_INVESTIGATION,89
FIR-KRR-2026-0189,108,Karur Town PS 2,25,Karur,2025-02-22 18:14:53,NDPS ACT SEC 8(c)/20(b)/22,COMMERCIAL_GANJA,COMMERCIAL_QUANTITY,UNDER_INVESTIGATION,98
FIR-ERD-2026-0190,31,Erode Town PS 1,8,Erode,2025-03-08 18:24:19,NDPS ACT SEC 8(c)/20(b)/22,CHEMICAL_PRECURSORS,SMALL_QUANTITY,PENDING_TRIAL,91
FIR-DPI-2026-0191,96,Dharmapuri Town PS 4,22,Dharmapuri,2025-02-27 22:25:39,NDPS ACT SEC 8(c)/20(b)/22,COMMERCIAL_GANJA,INTERMEDIATE_QUANTITY,PENDING_TRIAL,94
FIR-KLK-2026-0192,92,Kallakurichi Town PS 6,21,Kallakurichi,2024-09-25 22:59:04,NDPS ACT SEC 8(c)/20(b)/22,UNKNOWN_CONTRABAND,INTERMEDIATE_QUANTITY,PENDING_TRIAL,92
FIR-NGP-2025-0193,148,Nagapattinam Town PS 2,34,Nagapattinam,2025-01-16 07:34:24,NDPS ACT SEC 8(c)/20(b)/22,COMMERCIAL_GANJA,COMMERCIAL_QUANTITY,UNDER_INVESTIGATION,99
FIR-ARI-2025-0194,111,Ariyalur Town PS 2,26,Ariyalur,2025-09-19 15:29:02,NDPS ACT SEC 8(c)/20(b)/22,SYNTHETIC_MDMA,SMALL_QUANTITY,UNDER_INVESTIGATION,90
FIR-TPR-2026-0195,29,Tiruppur Town PS 2,7,Tiruppur,2024-11-16 22:31:27,NDPS ACT SEC 8(c)/20(b)/22,UNKNOWN_CONTRABAND,COMMERCIAL_QUANTITY,UNDER_INVESTIGATION,95
FIR-SVG-2026-0196,125,Sivaganga Town PS 3,29,Sivaganga,2026-03-22 01:21:17,NDPS ACT SEC 8(c)/20(b)/22,UNKNOWN_CONTRABAND,SMALL_QUANTITY,CHARGESHEET_FILED,92
FIR-TVR-2025-0197,142,Thiruvarur Town PS 2,33,Thiruvarur,2025-01-30 14:10:14,NDPS ACT SEC 8(c)/20(b)/22,CHEMICAL_PRECURSORS,COMMERCIAL_QUANTITY,UNDER_INVESTIGATION,98
FIR-KRR-2025-0198,109,Karur Town PS 3,25,Karur,2025-06-07 20:46:51,NDPS ACT SEC 8(c)/20(b)/22,COMMERCIAL_GANJA,INTERMEDIATE_QUANTITY,CHARGESHEET_FILED,99
FIR-CBE-2025-0199,7,Coimbatore Town PS 4,2,Coimbatore,2026-03-10 02:41:49,NDPS ACT SEC 8(c)/20(b)/22,UNKNOWN_CONTRABAND,SMALL_QUANTITY,PENDING_TRIAL,86
FIR-NMK-2026-0200,100,Namakkal Town PS 3,23,Namakkal,2026-05-22 03:23:22,NDPS ACT SEC 8(c)/20(b)/22,PRESCRIPTION_NARCOTICS,INTERMEDIATE_QUANTITY,PENDING_TRIAL,89
FIR-KRR-2025-0201,108,Karur Town PS 2,25,Karur,2026-05-06 08:01:31,NDPS ACT SEC 8(c)/20(b)/22,CHEMICAL_PRECURSORS,COMMERCIAL_QUANTITY,PENDING_TRIAL,97
FIR-TPJ-2025-0202,18,Tiruchirappalli Town PS 1,5,Tiruchirappalli,2026-04-15 00:15:16,NDPS ACT SEC 8(c)/20(b)/22,UNKNOWN_CONTRABAND,INTERMEDIATE_QUANTITY,PENDING_TRIAL,86
FIR-VLP-2026-0203,86,Viluppuram Town PS 3,20,Viluppuram,2025-02-10 20:55:30,NDPS ACT SEC 8(c)/20(b)/22,UNKNOWN_CONTRABAND,SMALL_QUANTITY,CHARGESHEET_FILED,88
FIR-KKI-2025-0204,54,Kanniyakumari Town PS 1,14,Kanniyakumari,2026-01-05 02:09:22,NDPS ACT SEC 8(c)/20(b)/22,PRESCRIPTION_NARCOTICS,COMMERCIAL_QUANTITY,PENDING_TRIAL,93
FIR-TNJ-2025-0205,47,Thanjavur Town PS 4,12,Thanjavur,2025-01-21 18:47:00,NDPS ACT SEC 8(c)/20(b)/22,UNKNOWN_CONTRABAND,SMALL_QUANTITY,UNDER_INVESTIGATION,96
FIR-NGP-2025-0206,150,Nagapattinam Town PS 4,34,Nagapattinam,2025-09-24 06:31:24,NDPS ACT SEC 8(c)/20(b)/22,SYNTHETIC_MDMA,INTERMEDIATE_QUANTITY,PENDING_TRIAL,95
FIR-DGL-2025-0207,40,Dindigul Town PS 1,11,Dindigul,2025-11-18 14:47:18,NDPS ACT SEC 8(c)/20(b)/22,SYNTHETIC_MDMA,COMMERCIAL_QUANTITY,PENDING_TRIAL,86
FIR-KCP-2026-0208,65,Kancheepuram Town PS 1,16,Kancheepuram,2025-06-16 11:06:49,NDPS ACT SEC 8(c)/20(b)/22,CHEMICAL_PRECURSORS,COMMERCIAL_QUANTITY,UNDER_INVESTIGATION,99
FIR-TVR-2025-0209,142,Thiruvarur Town PS 2,33,Thiruvarur,2025-03-04 23:39:01,NDPS ACT SEC 8(c)/20(b)/22,OPIOID_ANALOGUES,SMALL_QUANTITY,UNDER_INVESTIGATION,88
FIR-CBE-2026-0210,4,Coimbatore Town PS 1,2,Coimbatore,2025-07-20 15:53:56,NDPS ACT SEC 8(c)/20(b)/22,OPIOID_ANALOGUES,COMMERCIAL_QUANTITY,PENDING_TRIAL,96
FIR-TPR_N-2026-0211,164,Tirupathur Town PS 4,37,Tirupathur,2026-07-17 06:02:31,NDPS ACT SEC 8(c)/20(b)/22,PRESCRIPTION_NARCOTICS,COMMERCIAL_QUANTITY,PENDING_TRIAL,96
FIR-DPI-2025-0212,95,Dharmapuri Town PS 3,22,Dharmapuri,2025-05-02 22:44:14,NDPS ACT SEC 8(c)/20(b)/22,CHEMICAL_PRECURSORS,COMMERCIAL_QUANTITY,CHARGESHEET_FILED,99
FIR-DGL-2025-0213,41,Dindigul Town PS 2,11,Dindigul,2025-08-11 14:47:12,NDPS ACT SEC 8(c)/20(b)/22,SYNTHETIC_MDMA,COMMERCIAL_QUANTITY,PENDING_TRIAL,86
FIR-NIL-2026-0214,104,Nilgiris Town PS 2,24,Nilgiris,2024-10-06 23:08:05,NDPS ACT SEC 8(c)/20(b)/22,PRESCRIPTION_NARCOTICS,INTERMEDIATE_QUANTITY,PENDING_TRIAL,90
FIR-ERD-2025-0215,33,Erode Town PS 3,8,Erode,2025-12-16 23:56:56,NDPS ACT SEC 8(c)/20(b)/22,COMMERCIAL_GANJA,INTERMEDIATE_QUANTITY,PENDING_TRIAL,88
FIR-ERD-2026-0216,31,Erode Town PS 1,8,Erode,2026-05-13 15:31:31,NDPS ACT SEC 8(c)/20(b)/22,UNKNOWN_CONTRABAND,INTERMEDIATE_QUANTITY,UNDER_INVESTIGATION,91
FIR-TNJ-2025-0217,47,Thanjavur Town PS 4,12,Thanjavur,2026-06-22 21:54:22,NDPS ACT SEC 8(c)/20(b)/22,OPIOID_ANALOGUES,COMMERCIAL_QUANTITY,PENDING_TRIAL,96
FIR-THI-2026-0218,138,Theni Town PS 1,32,Theni,2026-07-02 14:22:37,NDPS ACT SEC 8(c)/20(b)/22,COMMERCIAL_GANJA,INTERMEDIATE_QUANTITY,PENDING_TRIAL,97
FIR-VEL-2026-0219,36,Vellore Town PS 3,9,Vellore,2025-03-05 13:06:31,NDPS ACT SEC 8(c)/20(b)/22,UNKNOWN_CONTRABAND,COMMERCIAL_QUANTITY,PENDING_TRIAL,91
FIR-KKI-2026-0220,59,Kanniyakumari Town PS 6,14,Kanniyakumari,2025-11-22 11:03:58,NDPS ACT SEC 8(c)/20(b)/22,OPIOID_ANALOGUES,SMALL_QUANTITY,PENDING_TRIAL,99
FIR-KRR-2025-0221,107,Karur Town PS 1,25,Karur,2026-07-29 09:51:52,NDPS ACT SEC 8(c)/20(b)/22,CHEMICAL_PRECURSORS,COMMERCIAL_QUANTITY,PENDING_TRIAL,93
FIR-MYD-2025-0222,154,Mayiladuthurai Town PS 4,35,Mayiladuthurai,2025-02-28 16:50:55,NDPS ACT SEC 8(c)/20(b)/22,PRESCRIPTION_NARCOTICS,COMMERCIAL_QUANTITY,PENDING_TRIAL,85
FIR-VLP-2025-0223,86,Viluppuram Town PS 3,20,Viluppuram,2024-11-09 05:21:54,NDPS ACT SEC 8(c)/20(b)/22,UNKNOWN_CONTRABAND,INTERMEDIATE_QUANTITY,CHARGESHEET_FILED,91
FIR-RNP-2026-0224,160,Ranipet Town PS 5,36,Ranipet,2025-04-09 00:37:35,NDPS ACT SEC 8(c)/20(b)/22,CHEMICAL_PRECURSORS,SMALL_QUANTITY,PENDING_TRIAL,98
FIR-TUT-2026-0225,53,Thoothukudi Town PS 6,13,Thoothukudi,2024-10-06 13:07:57,NDPS ACT SEC 8(c)/20(b)/22,UNKNOWN_CONTRABAND,COMMERCIAL_QUANTITY,UNDER_INVESTIGATION,86
FIR-TUT-2025-0226,49,Thoothukudi Town PS 2,13,Thoothukudi,2024-11-30 14:13:08,NDPS ACT SEC 8(c)/20(b)/22,CHEMICAL_PRECURSORS,INTERMEDIATE_QUANTITY,UNDER_INVESTIGATION,93
FIR-MYD-2025-0227,152,Mayiladuthurai Town PS 2,35,Mayiladuthurai,2024-09-20 20:29:28,NDPS ACT SEC 8(c)/20(b)/22,OPIOID_ANALOGUES,COMMERCIAL_QUANTITY,UNDER_INVESTIGATION,88
FIR-NIL-2025-0228,105,Nilgiris Town PS 3,24,Nilgiris,2024-12-02 08:59:03,NDPS ACT SEC 8(c)/20(b)/22,UNKNOWN_CONTRABAND,COMMERCIAL_QUANTITY,CHARGESHEET_FILED,89
FIR-RMD-2026-0229,131,Ramanathapuram Town PS 5,30,Ramanathapuram,2025-05-27 08:09:27,NDPS ACT SEC 8(c)/20(b)/22,CHEMICAL_PRECURSORS,INTERMEDIATE_QUANTITY,UNDER_INVESTIGATION,96
FIR-TVM-2025-0230,165,Tiruvannamalai Town PS 1,38,Tiruvannamalai,2024-09-23 20:04:22,NDPS ACT SEC 8(c)/20(b)/22,COMMERCIAL_GANJA,COMMERCIAL_QUANTITY,UNDER_INVESTIGATION,97
FIR-TVR-2025-0231,145,Thiruvarur Town PS 5,33,Thiruvarur,2026-04-15 13:53:43,NDPS ACT SEC 8(c)/20(b)/22,UNKNOWN_CONTRABAND,INTERMEDIATE_QUANTITY,PENDING_TRIAL,87
FIR-VEL-2026-0232,34,Vellore Town PS 1,9,Vellore,2024-10-02 02:15:40,NDPS ACT SEC 8(c)/20(b)/22,COMMERCIAL_GANJA,COMMERCIAL_QUANTITY,PENDING_TRIAL,86
FIR-NIL-2026-0233,104,Nilgiris Town PS 2,24,Nilgiris,2025-08-31 13:51:56,NDPS ACT SEC 8(c)/20(b)/22,SYNTHETIC_MDMA,SMALL_QUANTITY,PENDING_TRIAL,86
FIR-MDU-2025-0234,11,Madurai Town PS 2,3,Madurai,2025-09-13 22:11:41,NDPS ACT SEC 8(c)/20(b)/22,CHEMICAL_PRECURSORS,INTERMEDIATE_QUANTITY,CHARGESHEET_FILED,96
FIR-SLM-2025-0235,14,Salem Town PS 1,4,Salem,2025-06-13 20:01:12,NDPS ACT SEC 8(c)/20(b)/22,CHEMICAL_PRECURSORS,INTERMEDIATE_QUANTITY,UNDER_INVESTIGATION,95
FIR-MDU-2026-0236,11,Madurai Town PS 2,3,Madurai,2026-03-06 21:34:26,NDPS ACT SEC 8(c)/20(b)/22,SYNTHETIC_MDMA,INTERMEDIATE_QUANTITY,UNDER_INVESTIGATION,97
FIR-ARI-2026-0237,113,Ariyalur Town PS 4,26,Ariyalur,2024-11-08 09:49:23,NDPS ACT SEC 8(c)/20(b)/22,PRESCRIPTION_NARCOTICS,SMALL_QUANTITY,UNDER_INVESTIGATION,88
FIR-CBE-2026-0238,4,Coimbatore Town PS 1,2,Coimbatore,2024-10-17 20:37:08,NDPS ACT SEC 8(c)/20(b)/22,PRESCRIPTION_NARCOTICS,SMALL_QUANTITY,UNDER_INVESTIGATION,98
FIR-SLM-2025-0239,16,Salem Town PS 3,4,Salem,2026-07-08 19:33:52,NDPS ACT SEC 8(c)/20(b)/22,OPIOID_ANALOGUES,COMMERCIAL_QUANTITY,UNDER_INVESTIGATION,96
FIR-TLR-2026-0240,75,Tiruvallur Town PS 1,18,Tiruvallur,2025-09-04 08:19:24,NDPS ACT SEC 8(c)/20(b)/22,PRESCRIPTION_NARCOTICS,SMALL_QUANTITY,UNDER_INVESTIGATION,85
FIR-KKI-2026-0241,55,Kanniyakumari Town PS 2,14,Kanniyakumari,2026-07-22 04:18:00,NDPS ACT SEC 8(c)/20(b)/22,PRESCRIPTION_NARCOTICS,INTERMEDIATE_QUANTITY,UNDER_INVESTIGATION,96
FIR-SLM-2026-0242,14,Salem Town PS 1,4,Salem,2025-01-12 21:02:49,NDPS ACT SEC 8(c)/20(b)/22,PRESCRIPTION_NARCOTICS,SMALL_QUANTITY,UNDER_INVESTIGATION,98
FIR-TPR-2025-0243,30,Tiruppur Town PS 3,7,Tiruppur,2025-02-22 20:29:42,NDPS ACT SEC 8(c)/20(b)/22,OPIOID_ANALOGUES,SMALL_QUANTITY,CHARGESHEET_FILED,96
FIR-VEL-2025-0244,36,Vellore Town PS 3,9,Vellore,2025-09-28 15:09:43,NDPS ACT SEC 8(c)/20(b)/22,SYNTHETIC_MDMA,SMALL_QUANTITY,UNDER_INVESTIGATION,95
FIR-RMD-2026-0245,130,Ramanathapuram Town PS 4,30,Ramanathapuram,2024-11-03 14:15:33,NDPS ACT SEC 8(c)/20(b)/22,PRESCRIPTION_NARCOTICS,SMALL_QUANTITY,PENDING_TRIAL,93
FIR-PDK-2026-0246,118,Pudukkottai Town PS 1,28,Pudukkottai,2026-04-23 20:47:37,NDPS ACT SEC 8(c)/20(b)/22,COMMERCIAL_GANJA,COMMERCIAL_QUANTITY,CHARGESHEET_FILED,97
FIR-TNJ-2025-0247,44,Thanjavur Town PS 1,12,Thanjavur,2026-03-29 15:34:10,NDPS ACT SEC 8(c)/20(b)/22,SYNTHETIC_MDMA,SMALL_QUANTITY,PENDING_TRIAL,97
FIR-TPJ-2026-0248,18,Tiruchirappalli Town PS 1,5,Tiruchirappalli,2025-11-12 22:33:46,NDPS ACT SEC 8(c)/20(b)/22,CHEMICAL_PRECURSORS,INTERMEDIATE_QUANTITY,CHARGESHEET_FILED,98
FIR-TPR-2025-0249,29,Tiruppur Town PS 2,7,Tiruppur,2025-06-29 13:52:35,NDPS ACT SEC 8(c)/20(b)/22,COMMERCIAL_GANJA,COMMERCIAL_QUANTITY,CHARGESHEET_FILED,89
FIR-MYD-2025-0250,154,Mayiladuthurai Town PS 4,35,Mayiladuthurai,2025-03-10 04:15:09,NDPS ACT SEC 8(c)/20(b)/22,SYNTHETIC_MDMA,SMALL_QUANTITY,PENDING_TRIAL,92
FIR-DGL-2026-0251,42,Dindigul Town PS 3,11,Dindigul,2026-08-05 15:23:35,NDPS ACT SEC 8(c)/20(b)/22,UNKNOWN_CONTRABAND,INTERMEDIATE_QUANTITY,CHARGESHEET_FILED,95
FIR-CHN-2026-0252,3,Chennai Town PS 3,1,Chennai,2025-06-10 00:46:40,NDPS ACT SEC 8(c)/20(b)/22,CHEMICAL_PRECURSORS,SMALL_QUANTITY,UNDER_INVESTIGATION,96
FIR-THI-2026-0253,140,Theni Town PS 3,32,Theni,2026-07-15 20:57:24,NDPS ACT SEC 8(c)/20(b)/22,UNKNOWN_CONTRABAND,COMMERCIAL_QUANTITY,UNDER_INVESTIGATION,88
FIR-NGP-2026-0254,150,Nagapattinam Town PS 4,34,Nagapattinam,2025-02-17 13:17:12,NDPS ACT SEC 8(c)/20(b)/22,SYNTHETIC_MDMA,COMMERCIAL_QUANTITY,CHARGESHEET_FILED,99
FIR-TVR-2026-0255,145,Thiruvarur Town PS 5,33,Thiruvarur,2025-01-10 11:07:40,NDPS ACT SEC 8(c)/20(b)/22,UNKNOWN_CONTRABAND,SMALL_QUANTITY,UNDER_INVESTIGATION,94
FIR-KRI-2025-0256,38,Krishnagiri Town PS 2,10,Krishnagiri,2025-01-02 04:30:20,NDPS ACT SEC 8(c)/20(b)/22,SYNTHETIC_MDMA,INTERMEDIATE_QUANTITY,UNDER_INVESTIGATION,94
FIR-THI-2026-0257,139,Theni Town PS 2,32,Theni,2026-01-23 02:36:52,NDPS ACT SEC 8(c)/20(b)/22,OPIOID_ANALOGUES,SMALL_QUANTITY,PENDING_TRIAL,94
FIR-CGL-2025-0258,72,Chengalpattu Town PS 3,17,Chengalpattu,2026-01-07 04:01:11,NDPS ACT SEC 8(c)/20(b)/22,OPIOID_ANALOGUES,COMMERCIAL_QUANTITY,UNDER_INVESTIGATION,92
FIR-DPI-2026-0259,97,Dharmapuri Town PS 5,22,Dharmapuri,2026-02-25 14:12:17,NDPS ACT SEC 8(c)/20(b)/22,UNKNOWN_CONTRABAND,COMMERCIAL_QUANTITY,PENDING_TRIAL,87
FIR-MYD-2026-0260,154,Mayiladuthurai Town PS 4,35,Mayiladuthurai,2025-09-18 00:12:30,NDPS ACT SEC 8(c)/20(b)/22,OPIOID_ANALOGUES,INTERMEDIATE_QUANTITY,PENDING_TRIAL,87
FIR-TNJ-2025-0261,47,Thanjavur Town PS 4,12,Thanjavur,2026-04-29 08:03:56,NDPS ACT SEC 8(c)/20(b)/22,PRESCRIPTION_NARCOTICS,SMALL_QUANTITY,UNDER_INVESTIGATION,85
FIR-CUD-2026-0262,81,Cuddalore Town PS 4,19,Cuddalore,2025-07-12 02:12:37,NDPS ACT SEC 8(c)/20(b)/22,CHEMICAL_PRECURSORS,SMALL_QUANTITY,UNDER_INVESTIGATION,97
FIR-NIL-2025-0263,106,Nilgiris Town PS 4,24,Nilgiris,2025-10-13 05:14:54,NDPS ACT SEC 8(c)/20(b)/22,UNKNOWN_CONTRABAND,SMALL_QUANTITY,UNDER_INVESTIGATION,91
FIR-THI-2025-0264,139,Theni Town PS 2,32,Theni,2025-08-05 19:18:56,NDPS ACT SEC 8(c)/20(b)/22,SYNTHETIC_MDMA,COMMERCIAL_QUANTITY,PENDING_TRIAL,88
FIR-RMD-2025-0265,128,Ramanathapuram Town PS 2,30,Ramanathapuram,2025-11-26 02:26:16,NDPS ACT SEC 8(c)/20(b)/22,COMMERCIAL_GANJA,SMALL_QUANTITY,UNDER_INVESTIGATION,86
FIR-NIL-2026-0266,106,Nilgiris Town PS 4,24,Nilgiris,2025-02-05 16:29:19,NDPS ACT SEC 8(c)/20(b)/22,SYNTHETIC_MDMA,COMMERCIAL_QUANTITY,PENDING_TRIAL,97
FIR-TVM-2026-0267,167,Tiruvannamalai Town PS 3,38,Tiruvannamalai,2025-02-04 16:51:50,NDPS ACT SEC 8(c)/20(b)/22,UNKNOWN_CONTRABAND,SMALL_QUANTITY,CHARGESHEET_FILED,90
FIR-TSI-2025-0268,62,Tenkasi Town PS 3,15,Tenkasi,2024-10-20 15:34:37,NDPS ACT SEC 8(c)/20(b)/22,SYNTHETIC_MDMA,SMALL_QUANTITY,UNDER_INVESTIGATION,89
FIR-MYD-2025-0269,152,Mayiladuthurai Town PS 2,35,Mayiladuthurai,2026-07-29 22:57:43,NDPS ACT SEC 8(c)/20(b)/22,SYNTHETIC_MDMA,COMMERCIAL_QUANTITY,UNDER_INVESTIGATION,99
FIR-THI-2025-0270,139,Theni Town PS 2,32,Theni,2025-11-11 15:10:36,NDPS ACT SEC 8(c)/20(b)/22,CHEMICAL_PRECURSORS,COMMERCIAL_QUANTITY,UNDER_INVESTIGATION,94
FIR-THI-2025-0271,138,Theni Town PS 1,32,Theni,2026-04-06 20:34:18,NDPS ACT SEC 8(c)/20(b)/22,CHEMICAL_PRECURSORS,COMMERCIAL_QUANTITY,CHARGESHEET_FILED,89
FIR-DPI-2026-0272,97,Dharmapuri Town PS 5,22,Dharmapuri,2025-09-17 06:20:41,NDPS ACT SEC 8(c)/20(b)/22,OPIOID_ANALOGUES,SMALL_QUANTITY,UNDER_INVESTIGATION,95
FIR-TLR-2026-0273,77,Tiruvallur Town PS 3,18,Tiruvallur,2025-08-12 17:46:12,NDPS ACT SEC 8(c)/20(b)/22,UNKNOWN_CONTRABAND,SMALL_QUANTITY,PENDING_TRIAL,91
FIR-THI-2025-0274,139,Theni Town PS 2,32,Theni,2026-04-02 16:01:00,NDPS ACT SEC 8(c)/20(b)/22,OPIOID_ANALOGUES,SMALL_QUANTITY,CHARGESHEET_FILED,88
FIR-TVR-2026-0275,141,Thiruvarur Town PS 1,33,Thiruvarur,2026-07-26 09:02:44,NDPS ACT SEC 8(c)/20(b)/22,PRESCRIPTION_NARCOTICS,COMMERCIAL_QUANTITY,PENDING_TRIAL,99
FIR-KRI-2026-0276,37,Krishnagiri Town PS 1,10,Krishnagiri,2024-10-20 18:46:30,NDPS ACT SEC 8(c)/20(b)/22,COMMERCIAL_GANJA,COMMERCIAL_QUANTITY,UNDER_INVESTIGATION,94
FIR-KRR-2025-0277,109,Karur Town PS 3,25,Karur,2025-08-25 02:01:00,NDPS ACT SEC 8(c)/20(b)/22,PRESCRIPTION_NARCOTICS,SMALL_QUANTITY,PENDING_TRIAL,99
FIR-NMK-2026-0278,100,Namakkal Town PS 3,23,Namakkal,2025-12-11 19:13:15,NDPS ACT SEC 8(c)/20(b)/22,SYNTHETIC_MDMA,COMMERCIAL_QUANTITY,UNDER_INVESTIGATION,94
FIR-TLR-2025-0279,77,Tiruvallur Town PS 3,18,Tiruvallur,2026-06-09 15:07:05,NDPS ACT SEC 8(c)/20(b)/22,COMMERCIAL_GANJA,SMALL_QUANTITY,UNDER_INVESTIGATION,87
FIR-ERD-2025-0280,31,Erode Town PS 1,8,Erode,2025-02-24 00:54:32,NDPS ACT SEC 8(c)/20(b)/22,OPIOID_ANALOGUES,COMMERCIAL_QUANTITY,UNDER_INVESTIGATION,93
FIR-RMD-2025-0281,130,Ramanathapuram Town PS 4,30,Ramanathapuram,2025-03-05 02:55:59,NDPS ACT SEC 8(c)/20(b)/22,UNKNOWN_CONTRABAND,COMMERCIAL_QUANTITY,UNDER_INVESTIGATION,98
FIR-NMK-2025-0282,98,Namakkal Town PS 1,23,Namakkal,2026-01-09 04:04:11,NDPS ACT SEC 8(c)/20(b)/22,OPIOID_ANALOGUES,INTERMEDIATE_QUANTITY,CHARGESHEET_FILED,95
FIR-RNP-2026-0283,160,Ranipet Town PS 5,36,Ranipet,2024-11-08 04:58:12,NDPS ACT SEC 8(c)/20(b)/22,CHEMICAL_PRECURSORS,SMALL_QUANTITY,UNDER_INVESTIGATION,85
FIR-VLP-2026-0284,84,Viluppuram Town PS 1,20,Viluppuram,2026-03-06 02:51:27,NDPS ACT SEC 8(c)/20(b)/22,OPIOID_ANALOGUES,COMMERCIAL_QUANTITY,CHARGESHEET_FILED,92
FIR-DGL-2026-0285,41,Dindigul Town PS 2,11,Dindigul,2025-07-16 03:30:55,NDPS ACT SEC 8(c)/20(b)/22,CHEMICAL_PRECURSORS,INTERMEDIATE_QUANTITY,CHARGESHEET_FILED,97
FIR-PDK-2026-0286,122,Pudukkottai Town PS 5,28,Pudukkottai,2026-02-12 12:31:58,NDPS ACT SEC 8(c)/20(b)/22,COMMERCIAL_GANJA,INTERMEDIATE_QUANTITY,CHARGESHEET_FILED,92
FIR-PDK-2025-0287,122,Pudukkottai Town PS 5,28,Pudukkottai,2024-11-30 14:15:46,NDPS ACT SEC 8(c)/20(b)/22,CHEMICAL_PRECURSORS,SMALL_QUANTITY,PENDING_TRIAL,99
FIR-CHN-2026-0288,1,Chennai Town PS 1,1,Chennai,2026-05-23 17:56:10,NDPS ACT SEC 8(c)/20(b)/22,UNKNOWN_CONTRABAND,INTERMEDIATE_QUANTITY,PENDING_TRIAL,97
FIR-NMK-2025-0289,98,Namakkal Town PS 1,23,Namakkal,2026-06-21 10:19:01,NDPS ACT SEC 8(c)/20(b)/22,COMMERCIAL_GANJA,INTERMEDIATE_QUANTITY,CHARGESHEET_FILED,98
FIR-SLM-2025-0290,15,Salem Town PS 2,4,Salem,2025-04-03 05:15:32,NDPS ACT SEC 8(c)/20(b)/22,COMMERCIAL_GANJA,INTERMEDIATE_QUANTITY,CHARGESHEET_FILED,94
FIR-PBL-2025-0291,116,Perambalur Town PS 3,27,Perambalur,2024-09-22 08:10:27,NDPS ACT SEC 8(c)/20(b)/22,UNKNOWN_CONTRABAND,SMALL_QUANTITY,UNDER_INVESTIGATION,93
FIR-VEL-2025-0292,36,Vellore Town PS 3,9,Vellore,2026-03-18 19:59:58,NDPS ACT SEC 8(c)/20(b)/22,CHEMICAL_PRECURSORS,SMALL_QUANTITY,PENDING_TRIAL,94
FIR-SVG-2026-0293,125,Sivaganga Town PS 3,29,Sivaganga,2025-10-11 23:11:53,NDPS ACT SEC 8(c)/20(b)/22,PRESCRIPTION_NARCOTICS,COMMERCIAL_QUANTITY,UNDER_INVESTIGATION,85
FIR-PBL-2026-0294,116,Perambalur Town PS 3,27,Perambalur,2025-03-26 20:51:47,NDPS ACT SEC 8(c)/20(b)/22,CHEMICAL_PRECURSORS,COMMERCIAL_QUANTITY,PENDING_TRIAL,90
FIR-MYD-2026-0295,154,Mayiladuthurai Town PS 4,35,Mayiladuthurai,2026-07-22 13:29:39,NDPS ACT SEC 8(c)/20(b)/22,SYNTHETIC_MDMA,COMMERCIAL_QUANTITY,UNDER_INVESTIGATION,87
FIR-NIL-2025-0296,103,Nilgiris Town PS 1,24,Nilgiris,2026-03-09 23:37:57,NDPS ACT SEC 8(c)/20(b)/22,OPIOID_ANALOGUES,SMALL_QUANTITY,UNDER_INVESTIGATION,95
FIR-ERD-2026-0297,31,Erode Town PS 1,8,Erode,2024-09-22 04:07:28,NDPS ACT SEC 8(c)/20(b)/22,SYNTHETIC_MDMA,INTERMEDIATE_QUANTITY,CHARGESHEET_FILED,85
FIR-KRR-2026-0298,109,Karur Town PS 3,25,Karur,2025-06-21 14:16:39,NDPS ACT SEC 8(c)/20(b)/22,SYNTHETIC_MDMA,COMMERCIAL_QUANTITY,PENDING_TRIAL,92
FIR-RMD-2025-0299,131,Ramanathapuram Town PS 5,30,Ramanathapuram,2025-02-28 05:01:11,NDPS ACT SEC 8(c)/20(b)/22,COMMERCIAL_GANJA,COMMERCIAL_QUANTITY,UNDER_INVESTIGATION,89
FIR-KLK-2025-0300,88,Kallakurichi Town PS 2,21,Kallakurichi,2025-08-05 10:34:14,NDPS ACT SEC 8(c)/20(b)/22,SYNTHETIC_MDMA,SMALL_QUANTITY,CHARGESHEET_FILED,98
FIR-TNJ-2025-0301,47,Thanjavur Town PS 4,12,Thanjavur,2025-02-03 14:10:50,NDPS ACT SEC 8(c)/20(b)/22,OPIOID_ANALOGUES,INTERMEDIATE_QUANTITY,CHARGESHEET_FILED,98
FIR-THI-2026-0302,138,Theni Town PS 1,32,Theni,2026-05-19 02:10:12,NDPS ACT SEC 8(c)/20(b)/22,CHEMICAL_PRECURSORS,SMALL_QUANTITY,CHARGESHEET_FILED,87
FIR-CBE-2026-0303,7,Coimbatore Town PS 4,2,Coimbatore,2025-05-18 03:41:33,NDPS ACT SEC 8(c)/20(b)/22,UNKNOWN_CONTRABAND,SMALL_QUANTITY,CHARGESHEET_FILED,90
FIR-TVM-2026-0304,167,Tiruvannamalai Town PS 3,38,Tiruvannamalai,2026-04-21 21:12:32,NDPS ACT SEC 8(c)/20(b)/22,PRESCRIPTION_NARCOTICS,SMALL_QUANTITY,UNDER_INVESTIGATION,90
FIR-TIN-2026-0305,25,Tirunelveli Town PS 2,6,Tirunelveli,2026-05-22 14:46:50,NDPS ACT SEC 8(c)/20(b)/22,PRESCRIPTION_NARCOTICS,SMALL_QUANTITY,CHARGESHEET_FILED,88
FIR-TPR_N-2025-0306,161,Tirupathur Town PS 1,37,Tirupathur,2026-02-10 12:10:30,NDPS ACT SEC 8(c)/20(b)/22,SYNTHETIC_MDMA,COMMERCIAL_QUANTITY,PENDING_TRIAL,90
FIR-TLR-2025-0307,76,Tiruvallur Town PS 2,18,Tiruvallur,2025-01-04 18:48:51,NDPS ACT SEC 8(c)/20(b)/22,UNKNOWN_CONTRABAND,SMALL_QUANTITY,PENDING_TRIAL,91
FIR-TIN-2025-0308,27,Tirunelveli Town PS 4,6,Tirunelveli,2024-10-04 00:53:49,NDPS ACT SEC 8(c)/20(b)/22,CHEMICAL_PRECURSORS,COMMERCIAL_QUANTITY,UNDER_INVESTIGATION,95
FIR-KCP-2026-0309,65,Kancheepuram Town PS 1,16,Kancheepuram,2025-09-10 06:01:41,NDPS ACT SEC 8(c)/20(b)/22,UNKNOWN_CONTRABAND,SMALL_QUANTITY,CHARGESHEET_FILED,94
FIR-CHN-2025-0310,2,Chennai Town PS 2,1,Chennai,2025-07-25 13:22:11,NDPS ACT SEC 8(c)/20(b)/22,UNKNOWN_CONTRABAND,COMMERCIAL_QUANTITY,UNDER_INVESTIGATION,99
FIR-CBE-2025-0311,7,Coimbatore Town PS 4,2,Coimbatore,2026-01-29 04:51:00,NDPS ACT SEC 8(c)/20(b)/22,SYNTHETIC_MDMA,COMMERCIAL_QUANTITY,CHARGESHEET_FILED,90
FIR-VEL-2025-0312,35,Vellore Town PS 2,9,Vellore,2025-12-07 22:07:41,NDPS ACT SEC 8(c)/20(b)/22,OPIOID_ANALOGUES,SMALL_QUANTITY,UNDER_INVESTIGATION,92
FIR-CBE-2026-0313,4,Coimbatore Town PS 1,2,Coimbatore,2025-06-09 04:39:56,NDPS ACT SEC 8(c)/20(b)/22,OPIOID_ANALOGUES,INTERMEDIATE_QUANTITY,UNDER_INVESTIGATION,94
FIR-TPR_N-2025-0314,163,Tirupathur Town PS 3,37,Tirupathur,2024-11-07 23:31:17,NDPS ACT SEC 8(c)/20(b)/22,SYNTHETIC_MDMA,SMALL_QUANTITY,PENDING_TRIAL,96
FIR-MYD-2025-0315,151,Mayiladuthurai Town PS 1,35,Mayiladuthurai,2026-06-11 19:36:36,NDPS ACT SEC 8(c)/20(b)/22,OPIOID_ANALOGUES,COMMERCIAL_QUANTITY,PENDING_TRIAL,91
FIR-NMK-2026-0316,100,Namakkal Town PS 3,23,Namakkal,2025-11-30 16:23:11,NDPS ACT SEC 8(c)/20(b)/22,PRESCRIPTION_NARCOTICS,INTERMEDIATE_QUANTITY,CHARGESHEET_FILED,99
FIR-TPR_N-2026-0317,162,Tirupathur Town PS 2,37,Tirupathur,2026-02-21 18:53:49,NDPS ACT SEC 8(c)/20(b)/22,COMMERCIAL_GANJA,SMALL_QUANTITY,CHARGESHEET_FILED,85
FIR-KCP-2026-0318,69,Kancheepuram Town PS 5,16,Kancheepuram,2026-07-07 02:56:44,NDPS ACT SEC 8(c)/20(b)/22,SYNTHETIC_MDMA,SMALL_QUANTITY,PENDING_TRIAL,94
FIR-TSI-2025-0319,63,Tenkasi Town PS 4,15,Tenkasi,2024-09-21 09:42:03,NDPS ACT SEC 8(c)/20(b)/22,COMMERCIAL_GANJA,INTERMEDIATE_QUANTITY,CHARGESHEET_FILED,93
FIR-TLR-2025-0320,76,Tiruvallur Town PS 2,18,Tiruvallur,2024-10-14 19:06:56,NDPS ACT SEC 8(c)/20(b)/22,COMMERCIAL_GANJA,COMMERCIAL_QUANTITY,UNDER_INVESTIGATION,96
FIR-SVG-2026-0321,125,Sivaganga Town PS 3,29,Sivaganga,2025-06-28 12:52:58,NDPS ACT SEC 8(c)/20(b)/22,COMMERCIAL_GANJA,INTERMEDIATE_QUANTITY,PENDING_TRIAL,95
FIR-NMK-2026-0322,101,Namakkal Town PS 4,23,Namakkal,2024-12-08 05:11:38,NDPS ACT SEC 8(c)/20(b)/22,SYNTHETIC_MDMA,COMMERCIAL_QUANTITY,PENDING_TRIAL,98
FIR-NGP-2025-0323,150,Nagapattinam Town PS 4,34,Nagapattinam,2025-10-23 09:38:41,NDPS ACT SEC 8(c)/20(b)/22,CHEMICAL_PRECURSORS,COMMERCIAL_QUANTITY,CHARGESHEET_FILED,93
FIR-PDK-2025-0324,119,Pudukkottai Town PS 2,28,Pudukkottai,2024-11-25 14:59:45,NDPS ACT SEC 8(c)/20(b)/22,COMMERCIAL_GANJA,COMMERCIAL_QUANTITY,PENDING_TRIAL,87
FIR-THI-2026-0325,139,Theni Town PS 2,32,Theni,2024-12-07 14:16:20,NDPS ACT SEC 8(c)/20(b)/22,COMMERCIAL_GANJA,INTERMEDIATE_QUANTITY,UNDER_INVESTIGATION,89
FIR-TPR-2026-0326,30,Tiruppur Town PS 3,7,Tiruppur,2025-01-10 13:48:13,NDPS ACT SEC 8(c)/20(b)/22,OPIOID_ANALOGUES,SMALL_QUANTITY,PENDING_TRIAL,88
FIR-TUT-2025-0327,50,Thoothukudi Town PS 3,13,Thoothukudi,2025-03-21 09:35:58,NDPS ACT SEC 8(c)/20(b)/22,PRESCRIPTION_NARCOTICS,COMMERCIAL_QUANTITY,UNDER_INVESTIGATION,87
FIR-TIN-2025-0328,24,Tirunelveli Town PS 1,6,Tirunelveli,2026-01-18 21:57:42,NDPS ACT SEC 8(c)/20(b)/22,OPIOID_ANALOGUES,COMMERCIAL_QUANTITY,CHARGESHEET_FILED,88
FIR-TPJ-2025-0329,18,Tiruchirappalli Town PS 1,5,Tiruchirappalli,2025-08-17 06:01:26,NDPS ACT SEC 8(c)/20(b)/22,PRESCRIPTION_NARCOTICS,SMALL_QUANTITY,UNDER_INVESTIGATION,96
FIR-PDK-2026-0330,120,Pudukkottai Town PS 3,28,Pudukkottai,2025-01-07 22:29:19,NDPS ACT SEC 8(c)/20(b)/22,SYNTHETIC_MDMA,INTERMEDIATE_QUANTITY,PENDING_TRIAL,97
FIR-VEL-2026-0331,36,Vellore Town PS 3,9,Vellore,2025-10-15 14:13:10,NDPS ACT SEC 8(c)/20(b)/22,SYNTHETIC_MDMA,SMALL_QUANTITY,PENDING_TRIAL,88
FIR-CHN-2025-0332,3,Chennai Town PS 3,1,Chennai,2024-10-09 15:23:32,NDPS ACT SEC 8(c)/20(b)/22,CHEMICAL_PRECURSORS,COMMERCIAL_QUANTITY,CHARGESHEET_FILED,87
FIR-RMD-2026-0333,130,Ramanathapuram Town PS 4,30,Ramanathapuram,2024-12-07 17:30:12,NDPS ACT SEC 8(c)/20(b)/22,CHEMICAL_PRECURSORS,SMALL_QUANTITY,PENDING_TRIAL,87
FIR-CGL-2026-0334,72,Chengalpattu Town PS 3,17,Chengalpattu,2026-07-22 06:08:21,NDPS ACT SEC 8(c)/20(b)/22,UNKNOWN_CONTRABAND,COMMERCIAL_QUANTITY,UNDER_INVESTIGATION,94
FIR-TUT-2026-0335,52,Thoothukudi Town PS 5,13,Thoothukudi,2025-11-11 19:12:21,NDPS ACT SEC 8(c)/20(b)/22,PRESCRIPTION_NARCOTICS,INTERMEDIATE_QUANTITY,UNDER_INVESTIGATION,99
FIR-KCP-2026-0336,66,Kancheepuram Town PS 2,16,Kancheepuram,2025-12-10 12:46:54,NDPS ACT SEC 8(c)/20(b)/22,UNKNOWN_CONTRABAND,INTERMEDIATE_QUANTITY,CHARGESHEET_FILED,95
FIR-KCP-2025-0337,67,Kancheepuram Town PS 3,16,Kancheepuram,2026-08-15 12:52:50,NDPS ACT SEC 8(c)/20(b)/22,PRESCRIPTION_NARCOTICS,INTERMEDIATE_QUANTITY,UNDER_INVESTIGATION,95
FIR-PBL-2026-0338,117,Perambalur Town PS 4,27,Perambalur,2025-09-06 10:12:33,NDPS ACT SEC 8(c)/20(b)/22,OPIOID_ANALOGUES,INTERMEDIATE_QUANTITY,PENDING_TRIAL,86
FIR-RMD-2026-0339,129,Ramanathapuram Town PS 3,30,Ramanathapuram,2025-04-04 08:32:50,NDPS ACT SEC 8(c)/20(b)/22,SYNTHETIC_MDMA,SMALL_QUANTITY,UNDER_INVESTIGATION,97
FIR-TPJ-2026-0340,20,Tiruchirappalli Town PS 3,5,Tiruchirappalli,2024-12-20 18:37:55,NDPS ACT SEC 8(c)/20(b)/22,CHEMICAL_PRECURSORS,INTERMEDIATE_QUANTITY,PENDING_TRIAL,92
FIR-SLM-2025-0341,17,Salem Town PS 4,4,Salem,2026-01-08 11:56:02,NDPS ACT SEC 8(c)/20(b)/22,COMMERCIAL_GANJA,INTERMEDIATE_QUANTITY,CHARGESHEET_FILED,94
FIR-TPR-2025-0342,29,Tiruppur Town PS 2,7,Tiruppur,2025-12-20 11:54:08,NDPS ACT SEC 8(c)/20(b)/22,PRESCRIPTION_NARCOTICS,COMMERCIAL_QUANTITY,CHARGESHEET_FILED,92
FIR-VRD-2026-0343,136,Virudhunagar Town PS 5,31,Virudhunagar,2025-03-12 04:29:23,NDPS ACT SEC 8(c)/20(b)/22,UNKNOWN_CONTRABAND,INTERMEDIATE_QUANTITY,UNDER_INVESTIGATION,87
FIR-TIN-2026-0344,25,Tirunelveli Town PS 2,6,Tirunelveli,2025-01-03 08:12:26,NDPS ACT SEC 8(c)/20(b)/22,CHEMICAL_PRECURSORS,SMALL_QUANTITY,UNDER_INVESTIGATION,99
FIR-TPR_N-2026-0345,163,Tirupathur Town PS 3,37,Tirupathur,2026-02-20 18:46:52,NDPS ACT SEC 8(c)/20(b)/22,CHEMICAL_PRECURSORS,COMMERCIAL_QUANTITY,UNDER_INVESTIGATION,99
FIR-VEL-2025-0346,35,Vellore Town PS 2,9,Vellore,2025-08-02 23:07:28,NDPS ACT SEC 8(c)/20(b)/22,OPIOID_ANALOGUES,COMMERCIAL_QUANTITY,UNDER_INVESTIGATION,88
FIR-CGL-2026-0347,71,Chengalpattu Town PS 2,17,Chengalpattu,2026-04-23 10:24:03,NDPS ACT SEC 8(c)/20(b)/22,COMMERCIAL_GANJA,COMMERCIAL_QUANTITY,UNDER_INVESTIGATION,91
FIR-TNJ-2025-0348,46,Thanjavur Town PS 3,12,Thanjavur,2026-03-11 07:34:36,NDPS ACT SEC 8(c)/20(b)/22,PRESCRIPTION_NARCOTICS,INTERMEDIATE_QUANTITY,PENDING_TRIAL,95
FIR-CBE-2026-0349,9,Coimbatore Town PS 6,2,Coimbatore,2024-10-29 23:45:08,NDPS ACT SEC 8(c)/20(b)/22,COMMERCIAL_GANJA,INTERMEDIATE_QUANTITY,UNDER_INVESTIGATION,89
FIR-SLM-2025-0350,14,Salem Town PS 1,4,Salem,2025-02-15 19:02:37,NDPS ACT SEC 8(c)/20(b)/22,OPIOID_ANALOGUES,INTERMEDIATE_QUANTITY,CHARGESHEET_FILED,96
FIR-SLM-2026-0351,17,Salem Town PS 4,4,Salem,2025-04-07 08:12:56,NDPS ACT SEC 8(c)/20(b)/22,SYNTHETIC_MDMA,SMALL_QUANTITY,CHARGESHEET_FILED,90
FIR-KKI-2025-0352,54,Kanniyakumari Town PS 1,14,Kanniyakumari,2026-02-25 23:20:40,NDPS ACT SEC 8(c)/20(b)/22,SYNTHETIC_MDMA,COMMERCIAL_QUANTITY,CHARGESHEET_FILED,88
FIR-PBL-2025-0353,114,Perambalur Town PS 1,27,Perambalur,2026-06-05 05:30:58,NDPS ACT SEC 8(c)/20(b)/22,COMMERCIAL_GANJA,COMMERCIAL_QUANTITY,CHARGESHEET_FILED,98
FIR-TPJ-2026-0354,18,Tiruchirappalli Town PS 1,5,Tiruchirappalli,2024-09-23 09:01:07,NDPS ACT SEC 8(c)/20(b)/22,SYNTHETIC_MDMA,INTERMEDIATE_QUANTITY,PENDING_TRIAL,88
FIR-DGL-2026-0355,41,Dindigul Town PS 2,11,Dindigul,2026-01-02 14:55:09,NDPS ACT SEC 8(c)/20(b)/22,PRESCRIPTION_NARCOTICS,COMMERCIAL_QUANTITY,PENDING_TRIAL,99
FIR-KRR-2025-0356,108,Karur Town PS 2,25,Karur,2026-05-05 09:43:28,NDPS ACT SEC 8(c)/20(b)/22,OPIOID_ANALOGUES,SMALL_QUANTITY,PENDING_TRIAL,85
FIR-VRD-2026-0357,132,Virudhunagar Town PS 1,31,Virudhunagar,2025-03-07 13:21:03,NDPS ACT SEC 8(c)/20(b)/22,UNKNOWN_CONTRABAND,SMALL_QUANTITY,CHARGESHEET_FILED,87
FIR-ARI-2026-0358,112,Ariyalur Town PS 3,26,Ariyalur,2026-05-30 21:09:20,NDPS ACT SEC 8(c)/20(b)/22,COMMERCIAL_GANJA,INTERMEDIATE_QUANTITY,CHARGESHEET_FILED,85
FIR-KLK-2026-0359,89,Kallakurichi Town PS 3,21,Kallakurichi,2026-05-09 10:24:12,NDPS ACT SEC 8(c)/20(b)/22,UNKNOWN_CONTRABAND,COMMERCIAL_QUANTITY,PENDING_TRIAL,87
FIR-PBL-2025-0360,114,Perambalur Town PS 1,27,Perambalur,2025-11-30 03:38:29,NDPS ACT SEC 8(c)/20(b)/22,UNKNOWN_CONTRABAND,INTERMEDIATE_QUANTITY,CHARGESHEET_FILED,88
FIR-TUT-2025-0361,52,Thoothukudi Town PS 5,13,Thoothukudi,2025-02-16 09:08:12,NDPS ACT SEC 8(c)/20(b)/22,CHEMICAL_PRECURSORS,COMMERCIAL_QUANTITY,CHARGESHEET_FILED,99
FIR-KLK-2026-0362,92,Kallakurichi Town PS 6,21,Kallakurichi,2025-04-30 07:11:08,NDPS ACT SEC 8(c)/20(b)/22,UNKNOWN_CONTRABAND,INTERMEDIATE_QUANTITY,CHARGESHEET_FILED,99
FIR-TSI-2025-0363,61,Tenkasi Town PS 2,15,Tenkasi,2025-09-26 02:52:24,NDPS ACT SEC 8(c)/20(b)/22,CHEMICAL_PRECURSORS,SMALL_QUANTITY,CHARGESHEET_FILED,96
FIR-DGL-2026-0364,42,Dindigul Town PS 3,11,Dindigul,2026-05-01 18:12:27,NDPS ACT SEC 8(c)/20(b)/22,OPIOID_ANALOGUES,SMALL_QUANTITY,UNDER_INVESTIGATION,96
FIR-TPR_N-2026-0365,163,Tirupathur Town PS 3,37,Tirupathur,2025-03-21 08:14:32,NDPS ACT SEC 8(c)/20(b)/22,SYNTHETIC_MDMA,COMMERCIAL_QUANTITY,PENDING_TRIAL,87
FIR-SVG-2025-0366,125,Sivaganga Town PS 3,29,Sivaganga,2024-12-10 17:05:45,NDPS ACT SEC 8(c)/20(b)/22,COMMERCIAL_GANJA,COMMERCIAL_QUANTITY,CHARGESHEET_FILED,98
FIR-DPI-2026-0367,93,Dharmapuri Town PS 1,22,Dharmapuri,2025-01-26 17:39:36,NDPS ACT SEC 8(c)/20(b)/22,PRESCRIPTION_NARCOTICS,COMMERCIAL_QUANTITY,PENDING_TRIAL,87
FIR-CUD-2026-0368,83,Cuddalore Town PS 6,19,Cuddalore,2025-10-05 14:08:47,NDPS ACT SEC 8(c)/20(b)/22,OPIOID_ANALOGUES,SMALL_QUANTITY,PENDING_TRIAL,97
FIR-NGP-2026-0369,150,Nagapattinam Town PS 4,34,Nagapattinam,2024-09-26 05:36:27,NDPS ACT SEC 8(c)/20(b)/22,PRESCRIPTION_NARCOTICS,COMMERCIAL_QUANTITY,CHARGESHEET_FILED,87
FIR-RMD-2025-0370,127,Ramanathapuram Town PS 1,30,Ramanathapuram,2025-11-14 23:57:34,NDPS ACT SEC 8(c)/20(b)/22,COMMERCIAL_GANJA,INTERMEDIATE_QUANTITY,CHARGESHEET_FILED,87
FIR-TVM-2026-0371,165,Tiruvannamalai Town PS 1,38,Tiruvannamalai,2026-06-02 01:32:33,NDPS ACT SEC 8(c)/20(b)/22,OPIOID_ANALOGUES,SMALL_QUANTITY,PENDING_TRIAL,89
FIR-ARI-2025-0372,111,Ariyalur Town PS 2,26,Ariyalur,2024-10-02 23:38:27,NDPS ACT SEC 8(c)/20(b)/22,OPIOID_ANALOGUES,INTERMEDIATE_QUANTITY,CHARGESHEET_FILED,91
FIR-TPJ-2026-0373,19,Tiruchirappalli Town PS 2,5,Tiruchirappalli,2025-11-28 08:50:37,NDPS ACT SEC 8(c)/20(b)/22,OPIOID_ANALOGUES,INTERMEDIATE_QUANTITY,UNDER_INVESTIGATION,98
FIR-SLM-2026-0374,17,Salem Town PS 4,4,Salem,2025-01-20 10:02:23,NDPS ACT SEC 8(c)/20(b)/22,CHEMICAL_PRECURSORS,INTERMEDIATE_QUANTITY,UNDER_INVESTIGATION,93
FIR-TUT-2025-0375,50,Thoothukudi Town PS 3,13,Thoothukudi,2024-11-07 16:00:12,NDPS ACT SEC 8(c)/20(b)/22,PRESCRIPTION_NARCOTICS,INTERMEDIATE_QUANTITY,CHARGESHEET_FILED,91
FIR-KRI-2025-0376,38,Krishnagiri Town PS 2,10,Krishnagiri,2026-08-14 04:40:51,NDPS ACT SEC 8(c)/20(b)/22,COMMERCIAL_GANJA,INTERMEDIATE_QUANTITY,UNDER_INVESTIGATION,95
FIR-SLM-2026-0377,14,Salem Town PS 1,4,Salem,2026-07-02 22:42:17,NDPS ACT SEC 8(c)/20(b)/22,COMMERCIAL_GANJA,COMMERCIAL_QUANTITY,CHARGESHEET_FILED,92
FIR-TPR_N-2026-0378,162,Tirupathur Town PS 2,37,Tirupathur,2025-12-18 15:41:32,NDPS ACT SEC 8(c)/20(b)/22,OPIOID_ANALOGUES,INTERMEDIATE_QUANTITY,UNDER_INVESTIGATION,96
FIR-KRR-2026-0379,107,Karur Town PS 1,25,Karur,2026-07-17 00:13:03,NDPS ACT SEC 8(c)/20(b)/22,SYNTHETIC_MDMA,COMMERCIAL_QUANTITY,CHARGESHEET_FILED,92
FIR-SVG-2025-0380,125,Sivaganga Town PS 3,29,Sivaganga,2025-07-19 10:25:17,NDPS ACT SEC 8(c)/20(b)/22,SYNTHETIC_MDMA,COMMERCIAL_QUANTITY,PENDING_TRIAL,91
FIR-PDK-2025-0381,121,Pudukkottai Town PS 4,28,Pudukkottai,2025-05-31 09:26:20,NDPS ACT SEC 8(c)/20(b)/22,CHEMICAL_PRECURSORS,COMMERCIAL_QUANTITY,CHARGESHEET_FILED,94
FIR-TUT-2025-0382,48,Thoothukudi Town PS 1,13,Thoothukudi,2025-09-19 05:59:13,NDPS ACT SEC 8(c)/20(b)/22,PRESCRIPTION_NARCOTICS,COMMERCIAL_QUANTITY,CHARGESHEET_FILED,99
FIR-KKI-2025-0383,57,Kanniyakumari Town PS 4,14,Kanniyakumari,2025-06-10 10:04:05,NDPS ACT SEC 8(c)/20(b)/22,PRESCRIPTION_NARCOTICS,SMALL_QUANTITY,PENDING_TRIAL,98
FIR-KKI-2025-0384,56,Kanniyakumari Town PS 3,14,Kanniyakumari,2025-11-08 07:08:55,NDPS ACT SEC 8(c)/20(b)/22,SYNTHETIC_MDMA,COMMERCIAL_QUANTITY,CHARGESHEET_FILED,95
FIR-KCP-2025-0385,66,Kancheepuram Town PS 2,16,Kancheepuram,2026-04-15 22:33:09,NDPS ACT SEC 8(c)/20(b)/22,SYNTHETIC_MDMA,COMMERCIAL_QUANTITY,PENDING_TRIAL,95
FIR-TNJ-2025-0386,46,Thanjavur Town PS 3,12,Thanjavur,2024-12-25 12:57:59,NDPS ACT SEC 8(c)/20(b)/22,CHEMICAL_PRECURSORS,SMALL_QUANTITY,CHARGESHEET_FILED,90
FIR-RNP-2026-0387,160,Ranipet Town PS 5,36,Ranipet,2025-01-28 00:37:15,NDPS ACT SEC 8(c)/20(b)/22,COMMERCIAL_GANJA,SMALL_QUANTITY,UNDER_INVESTIGATION,90
FIR-NGP-2026-0388,148,Nagapattinam Town PS 2,34,Nagapattinam,2025-10-10 10:55:18,NDPS ACT SEC 8(c)/20(b)/22,PRESCRIPTION_NARCOTICS,INTERMEDIATE_QUANTITY,CHARGESHEET_FILED,93
FIR-TPR_N-2026-0389,164,Tirupathur Town PS 4,37,Tirupathur,2024-12-15 09:32:16,NDPS ACT SEC 8(c)/20(b)/22,OPIOID_ANALOGUES,INTERMEDIATE_QUANTITY,CHARGESHEET_FILED,88
FIR-KRR-2025-0390,107,Karur Town PS 1,25,Karur,2024-10-28 01:22:53,NDPS ACT SEC 8(c)/20(b)/22,PRESCRIPTION_NARCOTICS,INTERMEDIATE_QUANTITY,CHARGESHEET_FILED,87
FIR-CHN-2026-0391,2,Chennai Town PS 2,1,Chennai,2025-06-19 19:38:37,NDPS ACT SEC 8(c)/20(b)/22,PRESCRIPTION_NARCOTICS,SMALL_QUANTITY,CHARGESHEET_FILED,88
FIR-SLM-2025-0392,14,Salem Town PS 1,4,Salem,2025-08-14 23:20:19,NDPS ACT SEC 8(c)/20(b)/22,PRESCRIPTION_NARCOTICS,SMALL_QUANTITY,PENDING_TRIAL,93
FIR-MDU-2025-0393,11,Madurai Town PS 2,3,Madurai,2025-01-31 21:12:55,NDPS ACT SEC 8(c)/20(b)/22,SYNTHETIC_MDMA,INTERMEDIATE_QUANTITY,UNDER_INVESTIGATION,95
FIR-KLK-2026-0394,88,Kallakurichi Town PS 2,21,Kallakurichi,2024-10-23 15:55:39,NDPS ACT SEC 8(c)/20(b)/22,OPIOID_ANALOGUES,INTERMEDIATE_QUANTITY,PENDING_TRIAL,89
FIR-TVR-2025-0395,141,Thiruvarur Town PS 1,33,Thiruvarur,2025-12-09 12:19:52,NDPS ACT SEC 8(c)/20(b)/22,UNKNOWN_CONTRABAND,INTERMEDIATE_QUANTITY,UNDER_INVESTIGATION,99
FIR-KRI-2025-0396,39,Krishnagiri Town PS 3,10,Krishnagiri,2025-11-01 05:27:12,NDPS ACT SEC 8(c)/20(b)/22,COMMERCIAL_GANJA,COMMERCIAL_QUANTITY,PENDING_TRIAL,92
FIR-ARI-2026-0397,112,Ariyalur Town PS 3,26,Ariyalur,2025-11-18 08:24:56,NDPS ACT SEC 8(c)/20(b)/22,COMMERCIAL_GANJA,INTERMEDIATE_QUANTITY,UNDER_INVESTIGATION,96
FIR-TVM-2025-0398,165,Tiruvannamalai Town PS 1,38,Tiruvannamalai,2026-05-10 22:17:31,NDPS ACT SEC 8(c)/20(b)/22,CHEMICAL_PRECURSORS,COMMERCIAL_QUANTITY,UNDER_INVESTIGATION,99
FIR-PDK-2026-0399,120,Pudukkottai Town PS 3,28,Pudukkottai,2025-07-08 18:51:33,NDPS ACT SEC 8(c)/20(b)/22,PRESCRIPTION_NARCOTICS,INTERMEDIATE_QUANTITY,PENDING_TRIAL,97
FIR-SVG-2026-0400,123,Sivaganga Town PS 1,29,Sivaganga,2025-08-15 16:02:50,NDPS ACT SEC 8(c)/20(b)/22,OPIOID_ANALOGUES,SMALL_QUANTITY,CHARGESHEET_FILED,99
FIR-NGP-2025-0401,149,Nagapattinam Town PS 3,34,Nagapattinam,2025-08-06 15:06:08,NDPS ACT SEC 8(c)/20(b)/22,COMMERCIAL_GANJA,SMALL_QUANTITY,PENDING_TRIAL,85
FIR-TSI-2026-0402,64,Tenkasi Town PS 5,15,Tenkasi,2024-12-21 21:41:55,NDPS ACT SEC 8(c)/20(b)/22,COMMERCIAL_GANJA,INTERMEDIATE_QUANTITY,CHARGESHEET_FILED,88
FIR-NMK-2026-0403,102,Namakkal Town PS 5,23,Namakkal,2025-03-14 18:22:44,NDPS ACT SEC 8(c)/20(b)/22,CHEMICAL_PRECURSORS,COMMERCIAL_QUANTITY,PENDING_TRIAL,99
FIR-NMK-2026-0404,99,Namakkal Town PS 2,23,Namakkal,2025-10-12 02:14:27,NDPS ACT SEC 8(c)/20(b)/22,COMMERCIAL_GANJA,INTERMEDIATE_QUANTITY,CHARGESHEET_FILED,97
FIR-TSI-2025-0405,64,Tenkasi Town PS 5,15,Tenkasi,2026-04-09 01:45:04,NDPS ACT SEC 8(c)/20(b)/22,COMMERCIAL_GANJA,INTERMEDIATE_QUANTITY,PENDING_TRIAL,93
FIR-TPR-2026-0406,28,Tiruppur Town PS 1,7,Tiruppur,2025-01-13 18:22:01,NDPS ACT SEC 8(c)/20(b)/22,OPIOID_ANALOGUES,COMMERCIAL_QUANTITY,UNDER_INVESTIGATION,91
FIR-KRR-2026-0407,108,Karur Town PS 2,25,Karur,2025-10-24 04:34:16,NDPS ACT SEC 8(c)/20(b)/22,UNKNOWN_CONTRABAND,COMMERCIAL_QUANTITY,PENDING_TRIAL,88
FIR-TVR-2025-0408,145,Thiruvarur Town PS 5,33,Thiruvarur,2024-10-12 20:11:24,NDPS ACT SEC 8(c)/20(b)/22,CHEMICAL_PRECURSORS,COMMERCIAL_QUANTITY,UNDER_INVESTIGATION,99
FIR-DGL-2025-0409,42,Dindigul Town PS 3,11,Dindigul,2024-10-02 23:42:52,NDPS ACT SEC 8(c)/20(b)/22,COMMERCIAL_GANJA,COMMERCIAL_QUANTITY,UNDER_INVESTIGATION,85
FIR-ERD-2026-0410,32,Erode Town PS 2,8,Erode,2026-07-26 12:20:44,NDPS ACT SEC 8(c)/20(b)/22,SYNTHETIC_MDMA,COMMERCIAL_QUANTITY,CHARGESHEET_FILED,85
FIR-NMK-2026-0411,100,Namakkal Town PS 3,23,Namakkal,2025-10-04 18:02:23,NDPS ACT SEC 8(c)/20(b)/22,SYNTHETIC_MDMA,COMMERCIAL_QUANTITY,UNDER_INVESTIGATION,90
FIR-PBL-2025-0412,116,Perambalur Town PS 3,27,Perambalur,2026-03-12 14:53:13,NDPS ACT SEC 8(c)/20(b)/22,COMMERCIAL_GANJA,COMMERCIAL_QUANTITY,CHARGESHEET_FILED,87
FIR-CUD-2025-0413,82,Cuddalore Town PS 5,19,Cuddalore,2026-06-29 04:06:32,NDPS ACT SEC 8(c)/20(b)/22,UNKNOWN_CONTRABAND,SMALL_QUANTITY,CHARGESHEET_FILED,99
FIR-TPR_N-2026-0414,164,Tirupathur Town PS 4,37,Tirupathur,2024-10-04 04:38:34,NDPS ACT SEC 8(c)/20(b)/22,UNKNOWN_CONTRABAND,SMALL_QUANTITY,PENDING_TRIAL,98
FIR-TNJ-2026-0415,46,Thanjavur Town PS 3,12,Thanjavur,2025-03-14 06:07:37,NDPS ACT SEC 8(c)/20(b)/22,COMMERCIAL_GANJA,INTERMEDIATE_QUANTITY,UNDER_INVESTIGATION,98
FIR-MDU-2026-0416,12,Madurai Town PS 3,3,Madurai,2025-07-29 13:50:03,NDPS ACT SEC 8(c)/20(b)/22,PRESCRIPTION_NARCOTICS,INTERMEDIATE_QUANTITY,UNDER_INVESTIGATION,91
FIR-NGP-2026-0417,147,Nagapattinam Town PS 1,34,Nagapattinam,2025-11-10 18:19:18,NDPS ACT SEC 8(c)/20(b)/22,CHEMICAL_PRECURSORS,COMMERCIAL_QUANTITY,PENDING_TRIAL,92
FIR-CUD-2026-0418,83,Cuddalore Town PS 6,19,Cuddalore,2026-05-25 00:17:58,NDPS ACT SEC 8(c)/20(b)/22,SYNTHETIC_MDMA,INTERMEDIATE_QUANTITY,UNDER_INVESTIGATION,87
FIR-DGL-2026-0419,43,Dindigul Town PS 4,11,Dindigul,2026-08-02 21:57:15,NDPS ACT SEC 8(c)/20(b)/22,OPIOID_ANALOGUES,INTERMEDIATE_QUANTITY,PENDING_TRIAL,90
FIR-SVG-2026-0420,123,Sivaganga Town PS 1,29,Sivaganga,2026-02-04 06:12:52,NDPS ACT SEC 8(c)/20(b)/22,COMMERCIAL_GANJA,SMALL_QUANTITY,CHARGESHEET_FILED,88
FIR-TVR-2025-0421,141,Thiruvarur Town PS 1,33,Thiruvarur,2025-11-29 20:45:48,NDPS ACT SEC 8(c)/20(b)/22,UNKNOWN_CONTRABAND,INTERMEDIATE_QUANTITY,PENDING_TRIAL,85
FIR-KRR-2025-0422,108,Karur Town PS 2,25,Karur,2025-01-19 15:27:13,NDPS ACT SEC 8(c)/20(b)/22,UNKNOWN_CONTRABAND,INTERMEDIATE_QUANTITY,CHARGESHEET_FILED,98
FIR-CGL-2026-0423,70,Chengalpattu Town PS 1,17,Chengalpattu,2025-11-17 06:31:55,NDPS ACT SEC 8(c)/20(b)/22,OPIOID_ANALOGUES,COMMERCIAL_QUANTITY,UNDER_INVESTIGATION,95
FIR-MDU-2026-0424,10,Madurai Town PS 1,3,Madurai,2024-10-18 19:56:44,NDPS ACT SEC 8(c)/20(b)/22,COMMERCIAL_GANJA,SMALL_QUANTITY,UNDER_INVESTIGATION,85
FIR-RNP-2025-0425,157,Ranipet Town PS 2,36,Ranipet,2024-11-15 18:56:47,NDPS ACT SEC 8(c)/20(b)/22,PRESCRIPTION_NARCOTICS,COMMERCIAL_QUANTITY,UNDER_INVESTIGATION,91
FIR-KLK-2025-0426,89,Kallakurichi Town PS 3,21,Kallakurichi,2026-06-25 07:27:52,NDPS ACT SEC 8(c)/20(b)/22,SYNTHETIC_MDMA,SMALL_QUANTITY,CHARGESHEET_FILED,88
FIR-PBL-2025-0427,117,Perambalur Town PS 4,27,Perambalur,2026-03-08 20:41:28,NDPS ACT SEC 8(c)/20(b)/22,SYNTHETIC_MDMA,INTERMEDIATE_QUANTITY,PENDING_TRIAL,96
FIR-VLP-2025-0428,85,Viluppuram Town PS 2,20,Viluppuram,2025-05-21 19:34:28,NDPS ACT SEC 8(c)/20(b)/22,PRESCRIPTION_NARCOTICS,SMALL_QUANTITY,UNDER_INVESTIGATION,99
FIR-VRD-2025-0429,135,Virudhunagar Town PS 4,31,Virudhunagar,2025-10-23 01:41:48,NDPS ACT SEC 8(c)/20(b)/22,UNKNOWN_CONTRABAND,COMMERCIAL_QUANTITY,CHARGESHEET_FILED,93
FIR-KCP-2025-0430,67,Kancheepuram Town PS 3,16,Kancheepuram,2026-08-12 00:31:28,NDPS ACT SEC 8(c)/20(b)/22,PRESCRIPTION_NARCOTICS,INTERMEDIATE_QUANTITY,PENDING_TRIAL,87
FIR-VEL-2026-0431,34,Vellore Town PS 1,9,Vellore,2024-09-23 17:36:40,NDPS ACT SEC 8(c)/20(b)/22,OPIOID_ANALOGUES,SMALL_QUANTITY,UNDER_INVESTIGATION,88
FIR-TUT-2025-0432,49,Thoothukudi Town PS 2,13,Thoothukudi,2026-04-18 07:57:20,NDPS ACT SEC 8(c)/20(b)/22,CHEMICAL_PRECURSORS,INTERMEDIATE_QUANTITY,UNDER_INVESTIGATION,94
FIR-ERD-2025-0433,32,Erode Town PS 2,8,Erode,2025-01-28 04:48:28,NDPS ACT SEC 8(c)/20(b)/22,PRESCRIPTION_NARCOTICS,INTERMEDIATE_QUANTITY,UNDER_INVESTIGATION,99
FIR-CGL-2025-0434,74,Chengalpattu Town PS 5,17,Chengalpattu,2025-11-05 12:12:24,NDPS ACT SEC 8(c)/20(b)/22,OPIOID_ANALOGUES,INTERMEDIATE_QUANTITY,UNDER_INVESTIGATION,93
FIR-RMD-2026-0435,127,Ramanathapuram Town PS 1,30,Ramanathapuram,2026-03-13 14:00:55,NDPS ACT SEC 8(c)/20(b)/22,SYNTHETIC_MDMA,COMMERCIAL_QUANTITY,UNDER_INVESTIGATION,98
FIR-TNJ-2025-0436,46,Thanjavur Town PS 3,12,Thanjavur,2026-02-09 22:26:43,NDPS ACT SEC 8(c)/20(b)/22,UNKNOWN_CONTRABAND,SMALL_QUANTITY,UNDER_INVESTIGATION,92
FIR-RMD-2025-0437,128,Ramanathapuram Town PS 2,30,Ramanathapuram,2025-01-28 02:02:46,NDPS ACT SEC 8(c)/20(b)/22,UNKNOWN_CONTRABAND,SMALL_QUANTITY,PENDING_TRIAL,90
FIR-CGL-2026-0438,72,Chengalpattu Town PS 3,17,Chengalpattu,2025-10-29 13:12:55,NDPS ACT SEC 8(c)/20(b)/22,CHEMICAL_PRECURSORS,SMALL_QUANTITY,UNDER_INVESTIGATION,91
FIR-ARI-2026-0439,112,Ariyalur Town PS 3,26,Ariyalur,2026-05-08 10:56:07,NDPS ACT SEC 8(c)/20(b)/22,CHEMICAL_PRECURSORS,SMALL_QUANTITY,PENDING_TRIAL,90
FIR-NMK-2026-0440,101,Namakkal Town PS 4,23,Namakkal,2026-01-31 20:54:31,NDPS ACT SEC 8(c)/20(b)/22,CHEMICAL_PRECURSORS,SMALL_QUANTITY,PENDING_TRIAL,95
FIR-ARI-2026-0441,112,Ariyalur Town PS 3,26,Ariyalur,2025-12-03 13:12:46,NDPS ACT SEC 8(c)/20(b)/22,PRESCRIPTION_NARCOTICS,SMALL_QUANTITY,CHARGESHEET_FILED,95
FIR-KRR-2025-0442,108,Karur Town PS 2,25,Karur,2026-07-18 07:04:24,NDPS ACT SEC 8(c)/20(b)/22,CHEMICAL_PRECURSORS,INTERMEDIATE_QUANTITY,CHARGESHEET_FILED,95
FIR-TPR-2026-0443,28,Tiruppur Town PS 1,7,Tiruppur,2026-08-10 07:13:09,NDPS ACT SEC 8(c)/20(b)/22,PRESCRIPTION_NARCOTICS,INTERMEDIATE_QUANTITY,UNDER_INVESTIGATION,94
FIR-TLR-2025-0444,75,Tiruvallur Town PS 1,18,Tiruvallur,2025-06-17 06:57:47,NDPS ACT SEC 8(c)/20(b)/22,SYNTHETIC_MDMA,COMMERCIAL_QUANTITY,PENDING_TRIAL,85
FIR-CHN-2025-0445,3,Chennai Town PS 3,1,Chennai,2025-05-24 06:22:05,NDPS ACT SEC 8(c)/20(b)/22,SYNTHETIC_MDMA,INTERMEDIATE_QUANTITY,CHARGESHEET_FILED,99
FIR-KRI-2025-0446,39,Krishnagiri Town PS 3,10,Krishnagiri,2025-07-06 08:47:39,NDPS ACT SEC 8(c)/20(b)/22,OPIOID_ANALOGUES,SMALL_QUANTITY,CHARGESHEET_FILED,87
FIR-VRD-2025-0447,135,Virudhunagar Town PS 4,31,Virudhunagar,2025-03-02 14:29:07,NDPS ACT SEC 8(c)/20(b)/22,SYNTHETIC_MDMA,INTERMEDIATE_QUANTITY,UNDER_INVESTIGATION,89
FIR-KCP-2025-0448,66,Kancheepuram Town PS 2,16,Kancheepuram,2026-01-01 14:43:20,NDPS ACT SEC 8(c)/20(b)/22,UNKNOWN_CONTRABAND,COMMERCIAL_QUANTITY,CHARGESHEET_FILED,95
FIR-KKI-2025-0449,54,Kanniyakumari Town PS 1,14,Kanniyakumari,2026-02-05 08:32:31,NDPS ACT SEC 8(c)/20(b)/22,OPIOID_ANALOGUES,INTERMEDIATE_QUANTITY,CHARGESHEET_FILED,86
FIR-MYD-2025-0450,153,Mayiladuthurai Town PS 3,35,Mayiladuthurai,2025-09-28 01:39:48,NDPS ACT SEC 8(c)/20(b)/22,CHEMICAL_PRECURSORS,COMMERCIAL_QUANTITY,CHARGESHEET_FILED,91
FIR-NGP-2025-0451,150,Nagapattinam Town PS 4,34,Nagapattinam,2025-05-22 23:55:18,NDPS ACT SEC 8(c)/20(b)/22,OPIOID_ANALOGUES,INTERMEDIATE_QUANTITY,PENDING_TRIAL,98
FIR-VLP-2026-0452,85,Viluppuram Town PS 2,20,Viluppuram,2025-08-03 05:10:10,NDPS ACT SEC 8(c)/20(b)/22,PRESCRIPTION_NARCOTICS,INTERMEDIATE_QUANTITY,PENDING_TRIAL,89
FIR-VRD-2025-0453,134,Virudhunagar Town PS 3,31,Virudhunagar,2025-12-13 15:38:53,NDPS ACT SEC 8(c)/20(b)/22,COMMERCIAL_GANJA,COMMERCIAL_QUANTITY,CHARGESHEET_FILED,86
FIR-CBE-2026-0454,5,Coimbatore Town PS 2,2,Coimbatore,2025-09-25 16:23:12,NDPS ACT SEC 8(c)/20(b)/22,PRESCRIPTION_NARCOTICS,INTERMEDIATE_QUANTITY,CHARGESHEET_FILED,97
FIR-PBL-2026-0455,116,Perambalur Town PS 3,27,Perambalur,2025-10-21 23:11:27,NDPS ACT SEC 8(c)/20(b)/22,OPIOID_ANALOGUES,COMMERCIAL_QUANTITY,PENDING_TRIAL,91
FIR-VLP-2026-0456,85,Viluppuram Town PS 2,20,Viluppuram,2025-10-01 19:29:39,NDPS ACT SEC 8(c)/20(b)/22,SYNTHETIC_MDMA,INTERMEDIATE_QUANTITY,UNDER_INVESTIGATION,97
FIR-TPR-2026-0457,28,Tiruppur Town PS 1,7,Tiruppur,2025-04-04 02:06:39,NDPS ACT SEC 8(c)/20(b)/22,COMMERCIAL_GANJA,SMALL_QUANTITY,CHARGESHEET_FILED,91
FIR-VEL-2026-0458,36,Vellore Town PS 3,9,Vellore,2026-05-24 02:42:29,NDPS ACT SEC 8(c)/20(b)/22,SYNTHETIC_MDMA,SMALL_QUANTITY,CHARGESHEET_FILED,98
FIR-VRD-2025-0459,132,Virudhunagar Town PS 1,31,Virudhunagar,2026-08-07 11:25:54,NDPS ACT SEC 8(c)/20(b)/22,CHEMICAL_PRECURSORS,COMMERCIAL_QUANTITY,PENDING_TRIAL,93
FIR-NMK-2025-0460,99,Namakkal Town PS 2,23,Namakkal,2024-10-13 05:36:19,NDPS ACT SEC 8(c)/20(b)/22,COMMERCIAL_GANJA,SMALL_QUANTITY,PENDING_TRIAL,95
FIR-RMD-2025-0461,128,Ramanathapuram Town PS 2,30,Ramanathapuram,2026-04-23 12:24:07,NDPS ACT SEC 8(c)/20(b)/22,OPIOID_ANALOGUES,INTERMEDIATE_QUANTITY,UNDER_INVESTIGATION,95
FIR-ARI-2025-0462,110,Ariyalur Town PS 1,26,Ariyalur,2025-09-11 01:38:29,NDPS ACT SEC 8(c)/20(b)/22,SYNTHETIC_MDMA,INTERMEDIATE_QUANTITY,CHARGESHEET_FILED,92
FIR-KKI-2025-0463,54,Kanniyakumari Town PS 1,14,Kanniyakumari,2024-10-04 10:43:03,NDPS ACT SEC 8(c)/20(b)/22,SYNTHETIC_MDMA,COMMERCIAL_QUANTITY,UNDER_INVESTIGATION,86
FIR-DPI-2026-0464,96,Dharmapuri Town PS 4,22,Dharmapuri,2025-01-22 06:27:59,NDPS ACT SEC 8(c)/20(b)/22,CHEMICAL_PRECURSORS,COMMERCIAL_QUANTITY,CHARGESHEET_FILED,87
FIR-KLK-2026-0465,92,Kallakurichi Town PS 6,21,Kallakurichi,2026-05-21 13:00:55,NDPS ACT SEC 8(c)/20(b)/22,UNKNOWN_CONTRABAND,COMMERCIAL_QUANTITY,PENDING_TRIAL,88
FIR-ERD-2026-0466,32,Erode Town PS 2,8,Erode,2025-09-10 15:31:49,NDPS ACT SEC 8(c)/20(b)/22,OPIOID_ANALOGUES,SMALL_QUANTITY,UNDER_INVESTIGATION,95
FIR-VEL-2025-0467,36,Vellore Town PS 3,9,Vellore,2026-04-02 01:37:35,NDPS ACT SEC 8(c)/20(b)/22,UNKNOWN_CONTRABAND,COMMERCIAL_QUANTITY,CHARGESHEET_FILED,89
FIR-TPJ-2025-0468,20,Tiruchirappalli Town PS 3,5,Tiruchirappalli,2026-01-18 08:35:31,NDPS ACT SEC 8(c)/20(b)/22,CHEMICAL_PRECURSORS,COMMERCIAL_QUANTITY,CHARGESHEET_FILED,87
FIR-TSI-2026-0469,60,Tenkasi Town PS 1,15,Tenkasi,2026-06-10 21:24:56,NDPS ACT SEC 8(c)/20(b)/22,OPIOID_ANALOGUES,COMMERCIAL_QUANTITY,CHARGESHEET_FILED,91
FIR-CGL-2026-0470,74,Chengalpattu Town PS 5,17,Chengalpattu,2026-02-08 03:23:53,NDPS ACT SEC 8(c)/20(b)/22,OPIOID_ANALOGUES,INTERMEDIATE_QUANTITY,UNDER_INVESTIGATION,91
FIR-ERD-2025-0471,33,Erode Town PS 3,8,Erode,2025-06-13 12:23:25,NDPS ACT SEC 8(c)/20(b)/22,UNKNOWN_CONTRABAND,INTERMEDIATE_QUANTITY,CHARGESHEET_FILED,99
FIR-VRD-2025-0472,136,Virudhunagar Town PS 5,31,Virudhunagar,2025-01-21 18:02:11,NDPS ACT SEC 8(c)/20(b)/22,COMMERCIAL_GANJA,COMMERCIAL_QUANTITY,UNDER_INVESTIGATION,97
FIR-CBE-2026-0473,4,Coimbatore Town PS 1,2,Coimbatore,2025-02-07 17:18:12,NDPS ACT SEC 8(c)/20(b)/22,CHEMICAL_PRECURSORS,COMMERCIAL_QUANTITY,PENDING_TRIAL,97
FIR-NIL-2026-0474,105,Nilgiris Town PS 3,24,Nilgiris,2026-06-04 18:39:59,NDPS ACT SEC 8(c)/20(b)/22,OPIOID_ANALOGUES,INTERMEDIATE_QUANTITY,UNDER_INVESTIGATION,90
FIR-SVG-2025-0475,125,Sivaganga Town PS 3,29,Sivaganga,2026-01-04 06:37:19,NDPS ACT SEC 8(c)/20(b)/22,PRESCRIPTION_NARCOTICS,SMALL_QUANTITY,CHARGESHEET_FILED,92
FIR-KRI-2025-0476,37,Krishnagiri Town PS 1,10,Krishnagiri,2025-07-04 17:41:31,NDPS ACT SEC 8(c)/20(b)/22,CHEMICAL_PRECURSORS,SMALL_QUANTITY,PENDING_TRIAL,92
FIR-KRI-2025-0477,39,Krishnagiri Town PS 3,10,Krishnagiri,2026-08-03 07:26:27,NDPS ACT SEC 8(c)/20(b)/22,OPIOID_ANALOGUES,SMALL_QUANTITY,UNDER_INVESTIGATION,88
FIR-TLR-2025-0478,75,Tiruvallur Town PS 1,18,Tiruvallur,2026-03-29 21:42:42,NDPS ACT SEC 8(c)/20(b)/22,COMMERCIAL_GANJA,INTERMEDIATE_QUANTITY,CHARGESHEET_FILED,88
FIR-RMD-2025-0479,129,Ramanathapuram Town PS 3,30,Ramanathapuram,2026-08-11 04:52:30,NDPS ACT SEC 8(c)/20(b)/22,OPIOID_ANALOGUES,COMMERCIAL_QUANTITY,PENDING_TRIAL,85
FIR-MDU-2026-0480,10,Madurai Town PS 1,3,Madurai,2025-10-11 06:12:11,NDPS ACT SEC 8(c)/20(b)/22,CHEMICAL_PRECURSORS,SMALL_QUANTITY,PENDING_TRIAL,99
FIR-PDK-2026-0481,118,Pudukkottai Town PS 1,28,Pudukkottai,2025-08-31 07:28:37,NDPS ACT SEC 8(c)/20(b)/22,UNKNOWN_CONTRABAND,INTERMEDIATE_QUANTITY,PENDING_TRIAL,96
FIR-VEL-2026-0482,36,Vellore Town PS 3,9,Vellore,2025-12-10 00:52:07,NDPS ACT SEC 8(c)/20(b)/22,SYNTHETIC_MDMA,COMMERCIAL_QUANTITY,CHARGESHEET_FILED,93
FIR-NMK-2025-0483,99,Namakkal Town PS 2,23,Namakkal,2024-09-30 10:29:28,NDPS ACT SEC 8(c)/20(b)/22,SYNTHETIC_MDMA,INTERMEDIATE_QUANTITY,PENDING_TRIAL,93
FIR-MDU-2025-0484,10,Madurai Town PS 1,3,Madurai,2025-07-13 14:12:45,NDPS ACT SEC 8(c)/20(b)/22,CHEMICAL_PRECURSORS,INTERMEDIATE_QUANTITY,CHARGESHEET_FILED,87
FIR-RMD-2026-0485,129,Ramanathapuram Town PS 3,30,Ramanathapuram,2025-11-29 05:35:23,NDPS ACT SEC 8(c)/20(b)/22,CHEMICAL_PRECURSORS,COMMERCIAL_QUANTITY,CHARGESHEET_FILED,91
FIR-ERD-2025-0486,31,Erode Town PS 1,8,Erode,2025-03-21 08:43:52,NDPS ACT SEC 8(c)/20(b)/22,SYNTHETIC_MDMA,COMMERCIAL_QUANTITY,CHARGESHEET_FILED,94
FIR-TVR-2025-0487,145,Thiruvarur Town PS 5,33,Thiruvarur,2025-10-13 13:27:48,NDPS ACT SEC 8(c)/20(b)/22,UNKNOWN_CONTRABAND,INTERMEDIATE_QUANTITY,CHARGESHEET_FILED,95
FIR-TPJ-2025-0488,22,Tiruchirappalli Town PS 5,5,Tiruchirappalli,2026-02-05 16:44:06,NDPS ACT SEC 8(c)/20(b)/22,SYNTHETIC_MDMA,COMMERCIAL_QUANTITY,PENDING_TRIAL,92
FIR-CUD-2025-0489,82,Cuddalore Town PS 5,19,Cuddalore,2025-02-04 10:44:09,NDPS ACT SEC 8(c)/20(b)/22,UNKNOWN_CONTRABAND,INTERMEDIATE_QUANTITY,PENDING_TRIAL,95
FIR-SVG-2025-0490,126,Sivaganga Town PS 4,29,Sivaganga,2025-09-05 18:35:56,NDPS ACT SEC 8(c)/20(b)/22,UNKNOWN_CONTRABAND,SMALL_QUANTITY,UNDER_INVESTIGATION,93
FIR-TIN-2026-0491,27,Tirunelveli Town PS 4,6,Tirunelveli,2024-11-02 04:51:53,NDPS ACT SEC 8(c)/20(b)/22,CHEMICAL_PRECURSORS,SMALL_QUANTITY,UNDER_INVESTIGATION,94
FIR-MDU-2026-0492,13,Madurai Town PS 4,3,Madurai,2026-05-30 06:38:57,NDPS ACT SEC 8(c)/20(b)/22,UNKNOWN_CONTRABAND,SMALL_QUANTITY,CHARGESHEET_FILED,97
FIR-SVG-2026-0493,123,Sivaganga Town PS 1,29,Sivaganga,2026-01-18 05:37:23,NDPS ACT SEC 8(c)/20(b)/22,OPIOID_ANALOGUES,COMMERCIAL_QUANTITY,CHARGESHEET_FILED,90
FIR-KRR-2026-0494,107,Karur Town PS 1,25,Karur,2026-03-23 13:28:26,NDPS ACT SEC 8(c)/20(b)/22,SYNTHETIC_MDMA,SMALL_QUANTITY,UNDER_INVESTIGATION,93
FIR-VRD-2025-0495,135,Virudhunagar Town PS 4,31,Virudhunagar,2025-01-08 07:48:54,NDPS ACT SEC 8(c)/20(b)/22,PRESCRIPTION_NARCOTICS,SMALL_QUANTITY,PENDING_TRIAL,99
FIR-TPR-2025-0496,29,Tiruppur Town PS 2,7,Tiruppur,2026-03-20 17:03:39,NDPS ACT SEC 8(c)/20(b)/22,OPIOID_ANALOGUES,SMALL_QUANTITY,CHARGESHEET_FILED,91
FIR-KRR-2026-0497,108,Karur Town PS 2,25,Karur,2024-11-18 16:10:27,NDPS ACT SEC 8(c)/20(b)/22,SYNTHETIC_MDMA,INTERMEDIATE_QUANTITY,PENDING_TRIAL,87
FIR-TPR_N-2026-0498,164,Tirupathur Town PS 4,37,Tirupathur,2026-01-19 09:24:13,NDPS ACT SEC 8(c)/20(b)/22,OPIOID_ANALOGUES,INTERMEDIATE_QUANTITY,UNDER_INVESTIGATION,94
FIR-TIN-2025-0499,25,Tirunelveli Town PS 2,6,Tirunelveli,2025-08-23 12:47:27,NDPS ACT SEC 8(c)/20(b)/22,OPIOID_ANALOGUES,COMMERCIAL_QUANTITY,CHARGESHEET_FILED,98
FIR-NMK-2026-0500,101,Namakkal Town PS 4,23,Namakkal,2026-01-14 08:38:23,NDPS ACT SEC 8(c)/20(b)/22,CHEMICAL_PRECURSORS,SMALL_QUANTITY,CHARGESHEET_FILED,95
FIR-KRR-2025-0501,107,Karur Town PS 1,25,Karur,2025-11-08 01:10:46,NDPS ACT SEC 8(c)/20(b)/22,CHEMICAL_PRECURSORS,COMMERCIAL_QUANTITY,UNDER_INVESTIGATION,88
FIR-KCP-2025-0502,67,Kancheepuram Town PS 3,16,Kancheepuram,2025-12-14 04:34:56,NDPS ACT SEC 8(c)/20(b)/22,PRESCRIPTION_NARCOTICS,INTERMEDIATE_QUANTITY,CHARGESHEET_FILED,94
FIR-MYD-2025-0503,154,Mayiladuthurai Town PS 4,35,Mayiladuthurai,2025-08-17 06:38:43,NDPS ACT SEC 8(c)/20(b)/22,COMMERCIAL_GANJA,SMALL_QUANTITY,UNDER_INVESTIGATION,87
FIR-VRD-2026-0504,136,Virudhunagar Town PS 5,31,Virudhunagar,2025-08-04 06:08:59,NDPS ACT SEC 8(c)/20(b)/22,PRESCRIPTION_NARCOTICS,COMMERCIAL_QUANTITY,UNDER_INVESTIGATION,85
FIR-DPI-2025-0505,96,Dharmapuri Town PS 4,22,Dharmapuri,2026-07-03 01:10:53,NDPS ACT SEC 8(c)/20(b)/22,PRESCRIPTION_NARCOTICS,SMALL_QUANTITY,PENDING_TRIAL,92
FIR-KKI-2025-0506,54,Kanniyakumari Town PS 1,14,Kanniyakumari,2025-06-04 14:05:59,NDPS ACT SEC 8(c)/20(b)/22,SYNTHETIC_MDMA,COMMERCIAL_QUANTITY,PENDING_TRIAL,91
FIR-DGL-2026-0507,43,Dindigul Town PS 4,11,Dindigul,2026-07-06 08:49:52,NDPS ACT SEC 8(c)/20(b)/22,COMMERCIAL_GANJA,SMALL_QUANTITY,UNDER_INVESTIGATION,94
FIR-RNP-2025-0508,158,Ranipet Town PS 3,36,Ranipet,2025-04-23 16:01:26,NDPS ACT SEC 8(c)/20(b)/22,COMMERCIAL_GANJA,SMALL_QUANTITY,UNDER_INVESTIGATION,95
FIR-VEL-2026-0509,35,Vellore Town PS 2,9,Vellore,2025-02-18 08:19:55,NDPS ACT SEC 8(c)/20(b)/22,COMMERCIAL_GANJA,SMALL_QUANTITY,PENDING_TRIAL,88
FIR-KRR-2026-0510,107,Karur Town PS 1,25,Karur,2026-08-13 18:02:08,NDPS ACT SEC 8(c)/20(b)/22,UNKNOWN_CONTRABAND,COMMERCIAL_QUANTITY,CHARGESHEET_FILED,98
FIR-TVM-2026-0511,166,Tiruvannamalai Town PS 2,38,Tiruvannamalai,2026-07-25 03:00:24,NDPS ACT SEC 8(c)/20(b)/22,COMMERCIAL_GANJA,COMMERCIAL_QUANTITY,UNDER_INVESTIGATION,87
FIR-MDU-2026-0512,10,Madurai Town PS 1,3,Madurai,2025-11-27 12:22:43,NDPS ACT SEC 8(c)/20(b)/22,SYNTHETIC_MDMA,INTERMEDIATE_QUANTITY,PENDING_TRIAL,96
FIR-SVG-2026-0513,125,Sivaganga Town PS 3,29,Sivaganga,2025-09-02 23:23:47,NDPS ACT SEC 8(c)/20(b)/22,COMMERCIAL_GANJA,INTERMEDIATE_QUANTITY,CHARGESHEET_FILED,86
FIR-PBL-2026-0514,116,Perambalur Town PS 3,27,Perambalur,2026-05-05 20:41:33,NDPS ACT SEC 8(c)/20(b)/22,SYNTHETIC_MDMA,COMMERCIAL_QUANTITY,UNDER_INVESTIGATION,99
FIR-KKI-2026-0515,56,Kanniyakumari Town PS 3,14,Kanniyakumari,2026-05-03 00:50:17,NDPS ACT SEC 8(c)/20(b)/22,OPIOID_ANALOGUES,SMALL_QUANTITY,PENDING_TRIAL,89
FIR-MYD-2026-0516,151,Mayiladuthurai Town PS 1,35,Mayiladuthurai,2026-06-07 08:58:29,NDPS ACT SEC 8(c)/20(b)/22,COMMERCIAL_GANJA,COMMERCIAL_QUANTITY,CHARGESHEET_FILED,85
FIR-THI-2026-0517,140,Theni Town PS 3,32,Theni,2024-09-23 02:19:47,NDPS ACT SEC 8(c)/20(b)/22,SYNTHETIC_MDMA,INTERMEDIATE_QUANTITY,UNDER_INVESTIGATION,86
FIR-CUD-2025-0518,80,Cuddalore Town PS 3,19,Cuddalore,2025-12-21 23:56:21,NDPS ACT SEC 8(c)/20(b)/22,PRESCRIPTION_NARCOTICS,COMMERCIAL_QUANTITY,UNDER_INVESTIGATION,88
FIR-VRD-2026-0519,135,Virudhunagar Town PS 4,31,Virudhunagar,2024-12-01 23:39:38,NDPS ACT SEC 8(c)/20(b)/22,UNKNOWN_CONTRABAND,SMALL_QUANTITY,PENDING_TRIAL,97
FIR-TNJ-2025-0520,47,Thanjavur Town PS 4,12,Thanjavur,2025-09-02 22:41:07,NDPS ACT SEC 8(c)/20(b)/22,UNKNOWN_CONTRABAND,SMALL_QUANTITY,UNDER_INVESTIGATION,90
FIR-RNP-2025-0521,157,Ranipet Town PS 2,36,Ranipet,2026-07-21 17:41:33,NDPS ACT SEC 8(c)/20(b)/22,PRESCRIPTION_NARCOTICS,SMALL_QUANTITY,UNDER_INVESTIGATION,99
FIR-TVM-2025-0522,166,Tiruvannamalai Town PS 2,38,Tiruvannamalai,2026-02-08 07:30:57,NDPS ACT SEC 8(c)/20(b)/22,CHEMICAL_PRECURSORS,INTERMEDIATE_QUANTITY,UNDER_INVESTIGATION,99
FIR-KRR-2026-0523,107,Karur Town PS 1,25,Karur,2026-07-20 20:40:51,NDPS ACT SEC 8(c)/20(b)/22,COMMERCIAL_GANJA,INTERMEDIATE_QUANTITY,CHARGESHEET_FILED,93
FIR-CBE-2026-0524,6,Coimbatore Town PS 3,2,Coimbatore,2026-04-10 09:58:30,NDPS ACT SEC 8(c)/20(b)/22,COMMERCIAL_GANJA,INTERMEDIATE_QUANTITY,PENDING_TRIAL,89
FIR-NGP-2025-0525,148,Nagapattinam Town PS 2,34,Nagapattinam,2025-10-29 06:22:20,NDPS ACT SEC 8(c)/20(b)/22,SYNTHETIC_MDMA,INTERMEDIATE_QUANTITY,CHARGESHEET_FILED,96
FIR-TLR-2026-0526,77,Tiruvallur Town PS 3,18,Tiruvallur,2026-03-30 08:37:46,NDPS ACT SEC 8(c)/20(b)/22,COMMERCIAL_GANJA,SMALL_QUANTITY,CHARGESHEET_FILED,98
FIR-ERD-2025-0527,33,Erode Town PS 3,8,Erode,2024-12-12 04:02:26,NDPS ACT SEC 8(c)/20(b)/22,CHEMICAL_PRECURSORS,SMALL_QUANTITY,CHARGESHEET_FILED,99
FIR-TSI-2025-0528,61,Tenkasi Town PS 2,15,Tenkasi,2024-09-20 16:06:15,NDPS ACT SEC 8(c)/20(b)/22,SYNTHETIC_MDMA,SMALL_QUANTITY,PENDING_TRIAL,88
FIR-ERD-2025-0529,32,Erode Town PS 2,8,Erode,2025-09-15 09:44:35,NDPS ACT SEC 8(c)/20(b)/22,CHEMICAL_PRECURSORS,COMMERCIAL_QUANTITY,CHARGESHEET_FILED,89
FIR-CHN-2026-0530,1,Chennai Town PS 1,1,Chennai,2025-12-28 07:05:05,NDPS ACT SEC 8(c)/20(b)/22,PRESCRIPTION_NARCOTICS,INTERMEDIATE_QUANTITY,UNDER_INVESTIGATION,86
FIR-NGP-2025-0531,150,Nagapattinam Town PS 4,34,Nagapattinam,2026-06-16 18:33:42,NDPS ACT SEC 8(c)/20(b)/22,SYNTHETIC_MDMA,COMMERCIAL_QUANTITY,UNDER_INVESTIGATION,86
FIR-KKI-2025-0532,56,Kanniyakumari Town PS 3,14,Kanniyakumari,2024-11-19 13:47:14,NDPS ACT SEC 8(c)/20(b)/22,PRESCRIPTION_NARCOTICS,SMALL_QUANTITY,CHARGESHEET_FILED,92
FIR-SVG-2026-0533,125,Sivaganga Town PS 3,29,Sivaganga,2026-01-15 20:09:09,NDPS ACT SEC 8(c)/20(b)/22,SYNTHETIC_MDMA,INTERMEDIATE_QUANTITY,PENDING_TRIAL,86
FIR-MYD-2025-0534,155,Mayiladuthurai Town PS 5,35,Mayiladuthurai,2026-08-06 15:28:47,NDPS ACT SEC 8(c)/20(b)/22,OPIOID_ANALOGUES,SMALL_QUANTITY,UNDER_INVESTIGATION,90
FIR-TIN-2025-0535,27,Tirunelveli Town PS 4,6,Tirunelveli,2026-03-03 07:40:30,NDPS ACT SEC 8(c)/20(b)/22,PRESCRIPTION_NARCOTICS,SMALL_QUANTITY,CHARGESHEET_FILED,89
FIR-NGP-2025-0536,150,Nagapattinam Town PS 4,34,Nagapattinam,2025-03-03 18:34:41,NDPS ACT SEC 8(c)/20(b)/22,PRESCRIPTION_NARCOTICS,COMMERCIAL_QUANTITY,UNDER_INVESTIGATION,98
FIR-SLM-2025-0537,14,Salem Town PS 1,4,Salem,2025-03-22 22:20:42,NDPS ACT SEC 8(c)/20(b)/22,OPIOID_ANALOGUES,COMMERCIAL_QUANTITY,CHARGESHEET_FILED,92
FIR-CBE-2025-0538,9,Coimbatore Town PS 6,2,Coimbatore,2024-10-24 20:02:48,NDPS ACT SEC 8(c)/20(b)/22,OPIOID_ANALOGUES,INTERMEDIATE_QUANTITY,PENDING_TRIAL,98
FIR-TPJ-2025-0539,23,Tiruchirappalli Town PS 6,5,Tiruchirappalli,2025-04-01 06:44:52,NDPS ACT SEC 8(c)/20(b)/22,OPIOID_ANALOGUES,SMALL_QUANTITY,UNDER_INVESTIGATION,88
FIR-THI-2025-0540,138,Theni Town PS 1,32,Theni,2024-11-26 18:51:36,NDPS ACT SEC 8(c)/20(b)/22,CHEMICAL_PRECURSORS,INTERMEDIATE_QUANTITY,UNDER_INVESTIGATION,87
FIR-TNJ-2026-0541,44,Thanjavur Town PS 1,12,Thanjavur,2025-01-30 02:55:29,NDPS ACT SEC 8(c)/20(b)/22,COMMERCIAL_GANJA,SMALL_QUANTITY,CHARGESHEET_FILED,85
FIR-NIL-2026-0542,104,Nilgiris Town PS 2,24,Nilgiris,2026-04-07 03:56:25,NDPS ACT SEC 8(c)/20(b)/22,COMMERCIAL_GANJA,INTERMEDIATE_QUANTITY,PENDING_TRIAL,89
FIR-KRI-2025-0543,39,Krishnagiri Town PS 3,10,Krishnagiri,2024-11-08 07:24:01,NDPS ACT SEC 8(c)/20(b)/22,UNKNOWN_CONTRABAND,COMMERCIAL_QUANTITY,CHARGESHEET_FILED,98
FIR-DPI-2025-0544,97,Dharmapuri Town PS 5,22,Dharmapuri,2025-11-07 05:10:00,NDPS ACT SEC 8(c)/20(b)/22,COMMERCIAL_GANJA,SMALL_QUANTITY,CHARGESHEET_FILED,92
FIR-CUD-2025-0545,78,Cuddalore Town PS 1,19,Cuddalore,2024-11-13 23:05:23,NDPS ACT SEC 8(c)/20(b)/22,PRESCRIPTION_NARCOTICS,SMALL_QUANTITY,PENDING_TRIAL,94
FIR-TPR_N-2025-0546,164,Tirupathur Town PS 4,37,Tirupathur,2025-08-30 06:54:29,NDPS ACT SEC 8(c)/20(b)/22,CHEMICAL_PRECURSORS,COMMERCIAL_QUANTITY,PENDING_TRIAL,90
FIR-TPJ-2025-0547,21,Tiruchirappalli Town PS 4,5,Tiruchirappalli,2025-06-18 02:33:40,NDPS ACT SEC 8(c)/20(b)/22,CHEMICAL_PRECURSORS,SMALL_QUANTITY,CHARGESHEET_FILED,95
FIR-ERD-2025-0548,32,Erode Town PS 2,8,Erode,2025-02-17 09:41:22,NDPS ACT SEC 8(c)/20(b)/22,UNKNOWN_CONTRABAND,COMMERCIAL_QUANTITY,PENDING_TRIAL,96
FIR-TVM-2026-0549,165,Tiruvannamalai Town PS 1,38,Tiruvannamalai,2024-12-19 03:48:13,NDPS ACT SEC 8(c)/20(b)/22,COMMERCIAL_GANJA,COMMERCIAL_QUANTITY,PENDING_TRIAL,95
FIR-ERD-2025-0550,31,Erode Town PS 1,8,Erode,2026-02-15 03:01:33,NDPS ACT SEC 8(c)/20(b)/22,SYNTHETIC_MDMA,COMMERCIAL_QUANTITY,PENDING_TRIAL,92
FIR-PDK-2026-0551,120,Pudukkottai Town PS 3,28,Pudukkottai,2026-08-11 02:00:15,NDPS ACT SEC 8(c)/20(b)/22,SYNTHETIC_MDMA,COMMERCIAL_QUANTITY,UNDER_INVESTIGATION,97
FIR-KCP-2025-0552,68,Kancheepuram Town PS 4,16,Kancheepuram,2026-06-10 16:08:58,NDPS ACT SEC 8(c)/20(b)/22,COMMERCIAL_GANJA,SMALL_QUANTITY,UNDER_INVESTIGATION,88
FIR-VEL-2026-0553,34,Vellore Town PS 1,9,Vellore,2025-10-06 21:05:35,NDPS ACT SEC 8(c)/20(b)/22,PRESCRIPTION_NARCOTICS,SMALL_QUANTITY,CHARGESHEET_FILED,99
FIR-CHN-2026-0554,1,Chennai Town PS 1,1,Chennai,2025-11-06 05:09:56,NDPS ACT SEC 8(c)/20(b)/22,SYNTHETIC_MDMA,INTERMEDIATE_QUANTITY,UNDER_INVESTIGATION,96
FIR-NMK-2025-0555,102,Namakkal Town PS 5,23,Namakkal,2025-01-14 18:46:23,NDPS ACT SEC 8(c)/20(b)/22,PRESCRIPTION_NARCOTICS,COMMERCIAL_QUANTITY,UNDER_INVESTIGATION,99
FIR-TPR_N-2026-0556,162,Tirupathur Town PS 2,37,Tirupathur,2025-12-17 02:35:27,NDPS ACT SEC 8(c)/20(b)/22,CHEMICAL_PRECURSORS,COMMERCIAL_QUANTITY,PENDING_TRIAL,85
FIR-TLR-2026-0557,75,Tiruvallur Town PS 1,18,Tiruvallur,2025-01-10 13:48:53,NDPS ACT SEC 8(c)/20(b)/22,CHEMICAL_PRECURSORS,SMALL_QUANTITY,PENDING_TRIAL,96
FIR-SLM-2025-0558,16,Salem Town PS 3,4,Salem,2025-11-11 19:03:15,NDPS ACT SEC 8(c)/20(b)/22,CHEMICAL_PRECURSORS,COMMERCIAL_QUANTITY,UNDER_INVESTIGATION,91
FIR-PDK-2025-0559,119,Pudukkottai Town PS 2,28,Pudukkottai,2025-12-08 09:55:16,NDPS ACT SEC 8(c)/20(b)/22,SYNTHETIC_MDMA,SMALL_QUANTITY,CHARGESHEET_FILED,91
FIR-NIL-2025-0560,105,Nilgiris Town PS 3,24,Nilgiris,2026-03-31 21:56:47,NDPS ACT SEC 8(c)/20(b)/22,UNKNOWN_CONTRABAND,COMMERCIAL_QUANTITY,PENDING_TRIAL,85
FIR-THI-2026-0561,139,Theni Town PS 2,32,Theni,2025-03-20 17:11:04,NDPS ACT SEC 8(c)/20(b)/22,CHEMICAL_PRECURSORS,COMMERCIAL_QUANTITY,UNDER_INVESTIGATION,92
FIR-DGL-2025-0562,40,Dindigul Town PS 1,11,Dindigul,2026-03-15 08:42:51,NDPS ACT SEC 8(c)/20(b)/22,CHEMICAL_PRECURSORS,INTERMEDIATE_QUANTITY,CHARGESHEET_FILED,92
FIR-CBE-2026-0563,6,Coimbatore Town PS 3,2,Coimbatore,2024-10-05 15:29:23,NDPS ACT SEC 8(c)/20(b)/22,COMMERCIAL_GANJA,COMMERCIAL_QUANTITY,CHARGESHEET_FILED,90
FIR-TSI-2026-0564,62,Tenkasi Town PS 3,15,Tenkasi,2025-08-12 19:11:19,NDPS ACT SEC 8(c)/20(b)/22,COMMERCIAL_GANJA,COMMERCIAL_QUANTITY,UNDER_INVESTIGATION,87
FIR-TPR_N-2026-0565,164,Tirupathur Town PS 4,37,Tirupathur,2025-04-26 01:59:57,NDPS ACT SEC 8(c)/20(b)/22,COMMERCIAL_GANJA,SMALL_QUANTITY,UNDER_INVESTIGATION,90
FIR-CBE-2025-0566,5,Coimbatore Town PS 2,2,Coimbatore,2025-01-19 22:35:11,NDPS ACT SEC 8(c)/20(b)/22,PRESCRIPTION_NARCOTICS,INTERMEDIATE_QUANTITY,CHARGESHEET_FILED,92
FIR-MYD-2026-0567,152,Mayiladuthurai Town PS 2,35,Mayiladuthurai,2024-11-20 05:31:02,NDPS ACT SEC 8(c)/20(b)/22,OPIOID_ANALOGUES,COMMERCIAL_QUANTITY,CHARGESHEET_FILED,86
FIR-VLP-2025-0568,85,Viluppuram Town PS 2,20,Viluppuram,2026-06-05 23:14:52,NDPS ACT SEC 8(c)/20(b)/22,UNKNOWN_CONTRABAND,INTERMEDIATE_QUANTITY,CHARGESHEET_FILED,95
FIR-VEL-2026-0569,34,Vellore Town PS 1,9,Vellore,2025-07-14 13:27:41,NDPS ACT SEC 8(c)/20(b)/22,OPIOID_ANALOGUES,SMALL_QUANTITY,CHARGESHEET_FILED,94
FIR-KRR-2025-0570,107,Karur Town PS 1,25,Karur,2025-09-20 14:11:46,NDPS ACT SEC 8(c)/20(b)/22,COMMERCIAL_GANJA,COMMERCIAL_QUANTITY,CHARGESHEET_FILED,87
FIR-TLR-2026-0571,77,Tiruvallur Town PS 3,18,Tiruvallur,2025-08-31 11:38:42,NDPS ACT SEC 8(c)/20(b)/22,COMMERCIAL_GANJA,SMALL_QUANTITY,CHARGESHEET_FILED,94
FIR-TPR-2026-0572,29,Tiruppur Town PS 2,7,Tiruppur,2026-02-11 23:18:39,NDPS ACT SEC 8(c)/20(b)/22,COMMERCIAL_GANJA,COMMERCIAL_QUANTITY,UNDER_INVESTIGATION,92
FIR-NGP-2025-0573,148,Nagapattinam Town PS 2,34,Nagapattinam,2024-10-30 03:57:06,NDPS ACT SEC 8(c)/20(b)/22,PRESCRIPTION_NARCOTICS,SMALL_QUANTITY,CHARGESHEET_FILED,89
FIR-RNP-2026-0574,157,Ranipet Town PS 2,36,Ranipet,2026-04-07 00:34:30,NDPS ACT SEC 8(c)/20(b)/22,PRESCRIPTION_NARCOTICS,COMMERCIAL_QUANTITY,PENDING_TRIAL,97
FIR-VRD-2026-0575,132,Virudhunagar Town PS 1,31,Virudhunagar,2026-06-12 15:06:30,NDPS ACT SEC 8(c)/20(b)/22,SYNTHETIC_MDMA,COMMERCIAL_QUANTITY,PENDING_TRIAL,96
FIR-KLK-2026-0576,87,Kallakurichi Town PS 1,21,Kallakurichi,2026-06-10 12:03:20,NDPS ACT SEC 8(c)/20(b)/22,UNKNOWN_CONTRABAND,SMALL_QUANTITY,UNDER_INVESTIGATION,88
FIR-MDU-2026-0577,10,Madurai Town PS 1,3,Madurai,2025-06-13 08:46:57,NDPS ACT SEC 8(c)/20(b)/22,SYNTHETIC_MDMA,SMALL_QUANTITY,CHARGESHEET_FILED,98
FIR-TVR-2026-0578,144,Thiruvarur Town PS 4,33,Thiruvarur,2026-04-07 23:23:59,NDPS ACT SEC 8(c)/20(b)/22,UNKNOWN_CONTRABAND,SMALL_QUANTITY,CHARGESHEET_FILED,92
FIR-SLM-2025-0579,14,Salem Town PS 1,4,Salem,2026-03-31 16:04:16,NDPS ACT SEC 8(c)/20(b)/22,SYNTHETIC_MDMA,COMMERCIAL_QUANTITY,PENDING_TRIAL,91
FIR-RNP-2026-0580,159,Ranipet Town PS 4,36,Ranipet,2025-07-18 17:05:59,NDPS ACT SEC 8(c)/20(b)/22,SYNTHETIC_MDMA,INTERMEDIATE_QUANTITY,PENDING_TRIAL,91
FIR-NGP-2025-0581,148,Nagapattinam Town PS 2,34,Nagapattinam,2026-06-06 13:34:38,NDPS ACT SEC 8(c)/20(b)/22,CHEMICAL_PRECURSORS,COMMERCIAL_QUANTITY,UNDER_INVESTIGATION,92
FIR-TIN-2025-0582,27,Tirunelveli Town PS 4,6,Tirunelveli,2025-12-22 11:21:31,NDPS ACT SEC 8(c)/20(b)/22,UNKNOWN_CONTRABAND,SMALL_QUANTITY,CHARGESHEET_FILED,90
FIR-CGL-2026-0583,70,Chengalpattu Town PS 1,17,Chengalpattu,2026-08-19 08:00:51,NDPS ACT SEC 8(c)/20(b)/22,PRESCRIPTION_NARCOTICS,SMALL_QUANTITY,PENDING_TRIAL,85
FIR-NGP-2025-0584,147,Nagapattinam Town PS 1,34,Nagapattinam,2025-07-26 20:34:16,NDPS ACT SEC 8(c)/20(b)/22,OPIOID_ANALOGUES,INTERMEDIATE_QUANTITY,PENDING_TRIAL,90
FIR-PDK-2026-0585,119,Pudukkottai Town PS 2,28,Pudukkottai,2025-09-08 20:47:17,NDPS ACT SEC 8(c)/20(b)/22,CHEMICAL_PRECURSORS,COMMERCIAL_QUANTITY,UNDER_INVESTIGATION,88
FIR-KRI-2026-0586,39,Krishnagiri Town PS 3,10,Krishnagiri,2025-01-15 14:28:31,NDPS ACT SEC 8(c)/20(b)/22,CHEMICAL_PRECURSORS,SMALL_QUANTITY,PENDING_TRIAL,98
FIR-MDU-2026-0587,10,Madurai Town PS 1,3,Madurai,2026-08-19 03:53:56,NDPS ACT SEC 8(c)/20(b)/22,SYNTHETIC_MDMA,SMALL_QUANTITY,UNDER_INVESTIGATION,96
FIR-TVR-2025-0588,146,Thiruvarur Town PS 6,33,Thiruvarur,2025-10-22 04:58:59,NDPS ACT SEC 8(c)/20(b)/22,UNKNOWN_CONTRABAND,COMMERCIAL_QUANTITY,CHARGESHEET_FILED,85
FIR-CGL-2025-0589,70,Chengalpattu Town PS 1,17,Chengalpattu,2025-02-21 03:10:22,NDPS ACT SEC 8(c)/20(b)/22,OPIOID_ANALOGUES,SMALL_QUANTITY,CHARGESHEET_FILED,97
FIR-TPR-2025-0590,28,Tiruppur Town PS 1,7,Tiruppur,2026-08-03 04:46:36,NDPS ACT SEC 8(c)/20(b)/22,PRESCRIPTION_NARCOTICS,SMALL_QUANTITY,PENDING_TRIAL,87
FIR-ARI-2026-0591,111,Ariyalur Town PS 2,26,Ariyalur,2025-01-18 12:29:18,NDPS ACT SEC 8(c)/20(b)/22,CHEMICAL_PRECURSORS,INTERMEDIATE_QUANTITY,CHARGESHEET_FILED,88
FIR-TNJ-2026-0592,44,Thanjavur Town PS 1,12,Thanjavur,2026-03-16 22:42:56,NDPS ACT SEC 8(c)/20(b)/22,SYNTHETIC_MDMA,INTERMEDIATE_QUANTITY,UNDER_INVESTIGATION,88
FIR-KRI-2026-0593,38,Krishnagiri Town PS 2,10,Krishnagiri,2026-02-02 07:38:28,NDPS ACT SEC 8(c)/20(b)/22,OPIOID_ANALOGUES,INTERMEDIATE_QUANTITY,CHARGESHEET_FILED,99
FIR-VRD-2025-0594,133,Virudhunagar Town PS 2,31,Virudhunagar,2026-06-18 21:25:09,NDPS ACT SEC 8(c)/20(b)/22,COMMERCIAL_GANJA,SMALL_QUANTITY,CHARGESHEET_FILED,91
FIR-NIL-2026-0595,104,Nilgiris Town PS 2,24,Nilgiris,2025-10-03 23:38:25,NDPS ACT SEC 8(c)/20(b)/22,PRESCRIPTION_NARCOTICS,SMALL_QUANTITY,UNDER_INVESTIGATION,95
FIR-TIN-2025-0596,26,Tirunelveli Town PS 3,6,Tirunelveli,2025-06-21 01:50:59,NDPS ACT SEC 8(c)/20(b)/22,COMMERCIAL_GANJA,INTERMEDIATE_QUANTITY,CHARGESHEET_FILED,87
FIR-KCP-2025-0597,65,Kancheepuram Town PS 1,16,Kancheepuram,2025-10-29 04:54:32,NDPS ACT SEC 8(c)/20(b)/22,COMMERCIAL_GANJA,COMMERCIAL_QUANTITY,UNDER_INVESTIGATION,93
FIR-TVM-2025-0598,167,Tiruvannamalai Town PS 3,38,Tiruvannamalai,2025-03-14 03:52:59,NDPS ACT SEC 8(c)/20(b)/22,UNKNOWN_CONTRABAND,COMMERCIAL_QUANTITY,CHARGESHEET_FILED,92
FIR-KLK-2026-0599,89,Kallakurichi Town PS 3,21,Kallakurichi,2025-09-26 06:51:06,NDPS ACT SEC 8(c)/20(b)/22,UNKNOWN_CONTRABAND,COMMERCIAL_QUANTITY,UNDER_INVESTIGATION,95
FIR-TPR-2026-0600,29,Tiruppur Town PS 2,7,Tiruppur,2026-02-24 06:27:22,NDPS ACT SEC 8(c)/20(b)/22,CHEMICAL_PRECURSORS,COMMERCIAL_QUANTITY,PENDING_TRIAL,94
FIR-PBL-2026-0601,114,Perambalur Town PS 1,27,Perambalur,2025-09-10 07:25:30,NDPS ACT SEC 8(c)/20(b)/22,UNKNOWN_CONTRABAND,COMMERCIAL_QUANTITY,UNDER_INVESTIGATION,88
FIR-MYD-2025-0602,152,Mayiladuthurai Town PS 2,35,Mayiladuthurai,2025-02-10 14:39:47,NDPS ACT SEC 8(c)/20(b)/22,CHEMICAL_PRECURSORS,SMALL_QUANTITY,CHARGESHEET_FILED,89
FIR-TVR-2026-0603,143,Thiruvarur Town PS 3,33,Thiruvarur,2025-02-20 07:12:00,NDPS ACT SEC 8(c)/20(b)/22,PRESCRIPTION_NARCOTICS,INTERMEDIATE_QUANTITY,PENDING_TRIAL,99
FIR-KKI-2025-0604,59,Kanniyakumari Town PS 6,14,Kanniyakumari,2024-11-30 22:00:49,NDPS ACT SEC 8(c)/20(b)/22,PRESCRIPTION_NARCOTICS,SMALL_QUANTITY,PENDING_TRIAL,88
FIR-DPI-2026-0605,94,Dharmapuri Town PS 2,22,Dharmapuri,2025-04-13 12:28:26,NDPS ACT SEC 8(c)/20(b)/22,OPIOID_ANALOGUES,INTERMEDIATE_QUANTITY,PENDING_TRIAL,87
FIR-CUD-2026-0606,78,Cuddalore Town PS 1,19,Cuddalore,2026-08-02 14:36:23,NDPS ACT SEC 8(c)/20(b)/22,OPIOID_ANALOGUES,INTERMEDIATE_QUANTITY,UNDER_INVESTIGATION,91
FIR-TVR-2026-0607,142,Thiruvarur Town PS 2,33,Thiruvarur,2026-02-24 04:08:06,NDPS ACT SEC 8(c)/20(b)/22,SYNTHETIC_MDMA,SMALL_QUANTITY,CHARGESHEET_FILED,87
FIR-SLM-2025-0608,17,Salem Town PS 4,4,Salem,2025-07-15 21:30:45,NDPS ACT SEC 8(c)/20(b)/22,CHEMICAL_PRECURSORS,INTERMEDIATE_QUANTITY,UNDER_INVESTIGATION,96
FIR-ARI-2026-0609,110,Ariyalur Town PS 1,26,Ariyalur,2025-04-09 07:43:45,NDPS ACT SEC 8(c)/20(b)/22,PRESCRIPTION_NARCOTICS,INTERMEDIATE_QUANTITY,PENDING_TRIAL,95
FIR-KRI-2026-0610,38,Krishnagiri Town PS 2,10,Krishnagiri,2024-11-14 06:24:11,NDPS ACT SEC 8(c)/20(b)/22,CHEMICAL_PRECURSORS,INTERMEDIATE_QUANTITY,UNDER_INVESTIGATION,95
FIR-KRR-2025-0611,107,Karur Town PS 1,25,Karur,2026-04-09 08:43:30,NDPS ACT SEC 8(c)/20(b)/22,CHEMICAL_PRECURSORS,COMMERCIAL_QUANTITY,CHARGESHEET_FILED,93
FIR-PDK-2026-0612,120,Pudukkottai Town PS 3,28,Pudukkottai,2025-08-09 21:54:22,NDPS ACT SEC 8(c)/20(b)/22,OPIOID_ANALOGUES,COMMERCIAL_QUANTITY,CHARGESHEET_FILED,99
FIR-MDU-2025-0613,12,Madurai Town PS 3,3,Madurai,2024-11-19 08:30:54,NDPS ACT SEC 8(c)/20(b)/22,UNKNOWN_CONTRABAND,COMMERCIAL_QUANTITY,CHARGESHEET_FILED,99
FIR-KKI-2026-0614,54,Kanniyakumari Town PS 1,14,Kanniyakumari,2025-04-07 02:34:42,NDPS ACT SEC 8(c)/20(b)/22,CHEMICAL_PRECURSORS,COMMERCIAL_QUANTITY,PENDING_TRIAL,88
FIR-CBE-2026-0615,9,Coimbatore Town PS 6,2,Coimbatore,2025-03-10 05:54:47,NDPS ACT SEC 8(c)/20(b)/22,COMMERCIAL_GANJA,COMMERCIAL_QUANTITY,UNDER_INVESTIGATION,85
FIR-NGP-2025-0616,149,Nagapattinam Town PS 3,34,Nagapattinam,2026-07-26 00:33:45,NDPS ACT SEC 8(c)/20(b)/22,UNKNOWN_CONTRABAND,COMMERCIAL_QUANTITY,CHARGESHEET_FILED,95
FIR-SVG-2026-0617,123,Sivaganga Town PS 1,29,Sivaganga,2025-06-04 15:17:44,NDPS ACT SEC 8(c)/20(b)/22,CHEMICAL_PRECURSORS,SMALL_QUANTITY,UNDER_INVESTIGATION,94
FIR-VLP-2026-0618,84,Viluppuram Town PS 1,20,Viluppuram,2026-05-17 00:43:59,NDPS ACT SEC 8(c)/20(b)/22,PRESCRIPTION_NARCOTICS,COMMERCIAL_QUANTITY,PENDING_TRIAL,97
FIR-CHN-2026-0619,2,Chennai Town PS 2,1,Chennai,2024-09-21 20:36:07,NDPS ACT SEC 8(c)/20(b)/22,COMMERCIAL_GANJA,INTERMEDIATE_QUANTITY,CHARGESHEET_FILED,95
FIR-VLP-2025-0620,85,Viluppuram Town PS 2,20,Viluppuram,2026-02-14 12:17:32,NDPS ACT SEC 8(c)/20(b)/22,SYNTHETIC_MDMA,COMMERCIAL_QUANTITY,UNDER_INVESTIGATION,97
FIR-TPJ-2025-0621,21,Tiruchirappalli Town PS 4,5,Tiruchirappalli,2024-10-15 20:00:44,NDPS ACT SEC 8(c)/20(b)/22,OPIOID_ANALOGUES,SMALL_QUANTITY,PENDING_TRIAL,99
FIR-KCP-2026-0622,65,Kancheepuram Town PS 1,16,Kancheepuram,2026-04-29 10:22:31,NDPS ACT SEC 8(c)/20(b)/22,COMMERCIAL_GANJA,COMMERCIAL_QUANTITY,PENDING_TRIAL,89
FIR-ERD-2025-0623,32,Erode Town PS 2,8,Erode,2026-06-06 00:31:42,NDPS ACT SEC 8(c)/20(b)/22,SYNTHETIC_MDMA,SMALL_QUANTITY,CHARGESHEET_FILED,93
FIR-DPI-2026-0624,95,Dharmapuri Town PS 3,22,Dharmapuri,2025-06-07 06:08:02,NDPS ACT SEC 8(c)/20(b)/22,PRESCRIPTION_NARCOTICS,SMALL_QUANTITY,CHARGESHEET_FILED,92
FIR-PBL-2026-0625,117,Perambalur Town PS 4,27,Perambalur,2024-10-24 17:02:51,NDPS ACT SEC 8(c)/20(b)/22,SYNTHETIC_MDMA,INTERMEDIATE_QUANTITY,CHARGESHEET_FILED,96
FIR-RNP-2025-0626,157,Ranipet Town PS 2,36,Ranipet,2025-10-17 23:43:40,NDPS ACT SEC 8(c)/20(b)/22,COMMERCIAL_GANJA,SMALL_QUANTITY,PENDING_TRIAL,86
FIR-MDU-2025-0627,11,Madurai Town PS 2,3,Madurai,2026-02-04 07:25:19,NDPS ACT SEC 8(c)/20(b)/22,COMMERCIAL_GANJA,COMMERCIAL_QUANTITY,UNDER_INVESTIGATION,90
FIR-VRD-2025-0628,134,Virudhunagar Town PS 3,31,Virudhunagar,2025-05-31 03:44:20,NDPS ACT SEC 8(c)/20(b)/22,OPIOID_ANALOGUES,SMALL_QUANTITY,CHARGESHEET_FILED,89
FIR-RMD-2026-0629,130,Ramanathapuram Town PS 4,30,Ramanathapuram,2024-10-23 15:15:08,NDPS ACT SEC 8(c)/20(b)/22,PRESCRIPTION_NARCOTICS,SMALL_QUANTITY,UNDER_INVESTIGATION,94
FIR-TPR_N-2025-0630,164,Tirupathur Town PS 4,37,Tirupathur,2025-10-29 17:41:06,NDPS ACT SEC 8(c)/20(b)/22,SYNTHETIC_MDMA,INTERMEDIATE_QUANTITY,CHARGESHEET_FILED,90
FIR-TPR_N-2025-0631,162,Tirupathur Town PS 2,37,Tirupathur,2025-02-05 23:30:24,NDPS ACT SEC 8(c)/20(b)/22,COMMERCIAL_GANJA,COMMERCIAL_QUANTITY,UNDER_INVESTIGATION,91
FIR-VEL-2025-0632,35,Vellore Town PS 2,9,Vellore,2025-03-08 20:07:33,NDPS ACT SEC 8(c)/20(b)/22,UNKNOWN_CONTRABAND,COMMERCIAL_QUANTITY,CHARGESHEET_FILED,87
FIR-TVM-2026-0633,168,Tiruvannamalai Town PS 4,38,Tiruvannamalai,2025-03-24 03:41:54,NDPS ACT SEC 8(c)/20(b)/22,OPIOID_ANALOGUES,INTERMEDIATE_QUANTITY,CHARGESHEET_FILED,92
FIR-ERD-2026-0634,32,Erode Town PS 2,8,Erode,2026-04-23 16:56:11,NDPS ACT SEC 8(c)/20(b)/22,COMMERCIAL_GANJA,COMMERCIAL_QUANTITY,CHARGESHEET_FILED,90
FIR-TVR-2025-0635,142,Thiruvarur Town PS 2,33,Thiruvarur,2025-11-27 08:09:01,NDPS ACT SEC 8(c)/20(b)/22,OPIOID_ANALOGUES,COMMERCIAL_QUANTITY,PENDING_TRIAL,87
FIR-PDK-2026-0636,122,Pudukkottai Town PS 5,28,Pudukkottai,2025-11-19 05:49:14,NDPS ACT SEC 8(c)/20(b)/22,CHEMICAL_PRECURSORS,COMMERCIAL_QUANTITY,CHARGESHEET_FILED,86
FIR-KRR-2025-0637,107,Karur Town PS 1,25,Karur,2025-08-14 03:55:58,NDPS ACT SEC 8(c)/20(b)/22,PRESCRIPTION_NARCOTICS,COMMERCIAL_QUANTITY,PENDING_TRIAL,90
FIR-TSI-2026-0638,62,Tenkasi Town PS 3,15,Tenkasi,2025-05-18 13:21:25,NDPS ACT SEC 8(c)/20(b)/22,UNKNOWN_CONTRABAND,COMMERCIAL_QUANTITY,UNDER_INVESTIGATION,94
FIR-MYD-2026-0639,155,Mayiladuthurai Town PS 5,35,Mayiladuthurai,2025-11-14 17:48:30,NDPS ACT SEC 8(c)/20(b)/22,CHEMICAL_PRECURSORS,SMALL_QUANTITY,CHARGESHEET_FILED,92
FIR-TNJ-2025-0640,46,Thanjavur Town PS 3,12,Thanjavur,2025-11-26 19:23:01,NDPS ACT SEC 8(c)/20(b)/22,SYNTHETIC_MDMA,INTERMEDIATE_QUANTITY,UNDER_INVESTIGATION,88
FIR-PDK-2026-0641,120,Pudukkottai Town PS 3,28,Pudukkottai,2025-07-07 09:41:39,NDPS ACT SEC 8(c)/20(b)/22,COMMERCIAL_GANJA,SMALL_QUANTITY,PENDING_TRIAL,97
FIR-KCP-2025-0642,65,Kancheepuram Town PS 1,16,Kancheepuram,2025-04-13 16:30:07,NDPS ACT SEC 8(c)/20(b)/22,CHEMICAL_PRECURSORS,SMALL_QUANTITY,PENDING_TRIAL,96
FIR-ARI-2026-0643,110,Ariyalur Town PS 1,26,Ariyalur,2025-10-09 10:39:53,NDPS ACT SEC 8(c)/20(b)/22,PRESCRIPTION_NARCOTICS,COMMERCIAL_QUANTITY,PENDING_TRIAL,87
FIR-TVM-2025-0644,166,Tiruvannamalai Town PS 2,38,Tiruvannamalai,2025-09-22 11:46:37,NDPS ACT SEC 8(c)/20(b)/22,PRESCRIPTION_NARCOTICS,COMMERCIAL_QUANTITY,PENDING_TRIAL,95
FIR-PDK-2025-0645,118,Pudukkottai Town PS 1,28,Pudukkottai,2025-04-16 01:21:22,NDPS ACT SEC 8(c)/20(b)/22,COMMERCIAL_GANJA,INTERMEDIATE_QUANTITY,PENDING_TRIAL,96
FIR-TSI-2026-0646,64,Tenkasi Town PS 5,15,Tenkasi,2025-06-17 13:03:27,NDPS ACT SEC 8(c)/20(b)/22,UNKNOWN_CONTRABAND,INTERMEDIATE_QUANTITY,PENDING_TRIAL,88
FIR-KRI-2026-0647,37,Krishnagiri Town PS 1,10,Krishnagiri,2024-11-05 13:09:59,NDPS ACT SEC 8(c)/20(b)/22,SYNTHETIC_MDMA,COMMERCIAL_QUANTITY,UNDER_INVESTIGATION,97
FIR-RMD-2026-0648,130,Ramanathapuram Town PS 4,30,Ramanathapuram,2025-06-10 18:20:09,NDPS ACT SEC 8(c)/20(b)/22,COMMERCIAL_GANJA,SMALL_QUANTITY,CHARGESHEET_FILED,95
FIR-SLM-2026-0649,14,Salem Town PS 1,4,Salem,2025-11-23 09:44:45,NDPS ACT SEC 8(c)/20(b)/22,COMMERCIAL_GANJA,COMMERCIAL_QUANTITY,PENDING_TRIAL,99
FIR-TSI-2025-0650,62,Tenkasi Town PS 3,15,Tenkasi,2026-02-21 18:39:43,NDPS ACT SEC 8(c)/20(b)/22,UNKNOWN_CONTRABAND,SMALL_QUANTITY,UNDER_INVESTIGATION,88
FIR-ARI-2026-0651,111,Ariyalur Town PS 2,26,Ariyalur,2026-06-12 22:13:41,NDPS ACT SEC 8(c)/20(b)/22,PRESCRIPTION_NARCOTICS,INTERMEDIATE_QUANTITY,PENDING_TRIAL,86
FIR-TIN-2026-0652,26,Tirunelveli Town PS 3,6,Tirunelveli,2026-03-06 17:29:14,NDPS ACT SEC 8(c)/20(b)/22,SYNTHETIC_MDMA,SMALL_QUANTITY,UNDER_INVESTIGATION,89
FIR-TNJ-2025-0653,44,Thanjavur Town PS 1,12,Thanjavur,2025-11-26 15:52:29,NDPS ACT SEC 8(c)/20(b)/22,SYNTHETIC_MDMA,COMMERCIAL_QUANTITY,PENDING_TRIAL,90
FIR-VLP-2026-0654,86,Viluppuram Town PS 3,20,Viluppuram,2026-04-20 06:07:03,NDPS ACT SEC 8(c)/20(b)/22,PRESCRIPTION_NARCOTICS,SMALL_QUANTITY,UNDER_INVESTIGATION,94
FIR-TPR_N-2025-0655,162,Tirupathur Town PS 2,37,Tirupathur,2024-10-30 07:18:34,NDPS ACT SEC 8(c)/20(b)/22,OPIOID_ANALOGUES,SMALL_QUANTITY,PENDING_TRIAL,95
FIR-NGP-2025-0656,149,Nagapattinam Town PS 3,34,Nagapattinam,2025-04-17 04:10:14,NDPS ACT SEC 8(c)/20(b)/22,OPIOID_ANALOGUES,INTERMEDIATE_QUANTITY,PENDING_TRIAL,85
FIR-KLK-2025-0657,91,Kallakurichi Town PS 5,21,Kallakurichi,2025-03-03 02:30:43,NDPS ACT SEC 8(c)/20(b)/22,CHEMICAL_PRECURSORS,INTERMEDIATE_QUANTITY,PENDING_TRIAL,99
FIR-TIN-2025-0658,24,Tirunelveli Town PS 1,6,Tirunelveli,2025-10-10 02:07:42,NDPS ACT SEC 8(c)/20(b)/22,CHEMICAL_PRECURSORS,COMMERCIAL_QUANTITY,UNDER_INVESTIGATION,94
FIR-RNP-2026-0659,158,Ranipet Town PS 3,36,Ranipet,2026-01-15 09:26:35,NDPS ACT SEC 8(c)/20(b)/22,COMMERCIAL_GANJA,INTERMEDIATE_QUANTITY,CHARGESHEET_FILED,98
FIR-CUD-2026-0660,83,Cuddalore Town PS 6,19,Cuddalore,2025-04-08 03:50:07,NDPS ACT SEC 8(c)/20(b)/22,OPIOID_ANALOGUES,SMALL_QUANTITY,UNDER_INVESTIGATION,97
FIR-CUD-2026-0661,83,Cuddalore Town PS 6,19,Cuddalore,2025-08-02 17:58:50,NDPS ACT SEC 8(c)/20(b)/22,OPIOID_ANALOGUES,SMALL_QUANTITY,PENDING_TRIAL,92
FIR-DPI-2025-0662,95,Dharmapuri Town PS 3,22,Dharmapuri,2025-03-03 15:23:46,NDPS ACT SEC 8(c)/20(b)/22,CHEMICAL_PRECURSORS,COMMERCIAL_QUANTITY,PENDING_TRIAL,97
FIR-CHN-2026-0663,2,Chennai Town PS 2,1,Chennai,2026-05-09 08:36:59,NDPS ACT SEC 8(c)/20(b)/22,OPIOID_ANALOGUES,INTERMEDIATE_QUANTITY,CHARGESHEET_FILED,97
FIR-CBE-2025-0664,6,Coimbatore Town PS 3,2,Coimbatore,2026-03-09 08:06:47,NDPS ACT SEC 8(c)/20(b)/22,OPIOID_ANALOGUES,SMALL_QUANTITY,CHARGESHEET_FILED,92
FIR-TVR-2025-0665,143,Thiruvarur Town PS 3,33,Thiruvarur,2026-07-18 10:19:16,NDPS ACT SEC 8(c)/20(b)/22,SYNTHETIC_MDMA,INTERMEDIATE_QUANTITY,UNDER_INVESTIGATION,91
FIR-CGL-2026-0666,73,Chengalpattu Town PS 4,17,Chengalpattu,2025-04-19 23:22:46,NDPS ACT SEC 8(c)/20(b)/22,OPIOID_ANALOGUES,COMMERCIAL_QUANTITY,PENDING_TRIAL,85
FIR-PBL-2025-0667,114,Perambalur Town PS 1,27,Perambalur,2026-04-19 03:49:38,NDPS ACT SEC 8(c)/20(b)/22,OPIOID_ANALOGUES,COMMERCIAL_QUANTITY,CHARGESHEET_FILED,92
FIR-RMD-2026-0668,130,Ramanathapuram Town PS 4,30,Ramanathapuram,2026-02-09 22:35:22,NDPS ACT SEC 8(c)/20(b)/22,CHEMICAL_PRECURSORS,COMMERCIAL_QUANTITY,CHARGESHEET_FILED,92
FIR-TIN-2026-0669,24,Tirunelveli Town PS 1,6,Tirunelveli,2025-02-04 19:55:25,NDPS ACT SEC 8(c)/20(b)/22,UNKNOWN_CONTRABAND,SMALL_QUANTITY,CHARGESHEET_FILED,85
FIR-THI-2026-0670,140,Theni Town PS 3,32,Theni,2026-04-04 21:57:29,NDPS ACT SEC 8(c)/20(b)/22,OPIOID_ANALOGUES,COMMERCIAL_QUANTITY,UNDER_INVESTIGATION,98
FIR-TVR-2026-0671,141,Thiruvarur Town PS 1,33,Thiruvarur,2024-12-03 23:48:54,NDPS ACT SEC 8(c)/20(b)/22,UNKNOWN_CONTRABAND,INTERMEDIATE_QUANTITY,CHARGESHEET_FILED,93
FIR-DPI-2026-0672,94,Dharmapuri Town PS 2,22,Dharmapuri,2025-07-02 12:59:36,NDPS ACT SEC 8(c)/20(b)/22,CHEMICAL_PRECURSORS,INTERMEDIATE_QUANTITY,PENDING_TRIAL,89
FIR-DPI-2026-0673,97,Dharmapuri Town PS 5,22,Dharmapuri,2026-07-29 13:53:19,NDPS ACT SEC 8(c)/20(b)/22,COMMERCIAL_GANJA,COMMERCIAL_QUANTITY,CHARGESHEET_FILED,99
FIR-TIN-2025-0674,24,Tirunelveli Town PS 1,6,Tirunelveli,2026-06-18 12:22:27,NDPS ACT SEC 8(c)/20(b)/22,SYNTHETIC_MDMA,SMALL_QUANTITY,PENDING_TRIAL,94
FIR-SLM-2026-0675,17,Salem Town PS 4,4,Salem,2025-05-02 22:09:20,NDPS ACT SEC 8(c)/20(b)/22,UNKNOWN_CONTRABAND,SMALL_QUANTITY,PENDING_TRIAL,94
FIR-ARI-2026-0676,111,Ariyalur Town PS 2,26,Ariyalur,2026-04-23 18:55:20,NDPS ACT SEC 8(c)/20(b)/22,SYNTHETIC_MDMA,COMMERCIAL_QUANTITY,PENDING_TRIAL,88
FIR-TVM-2026-0677,168,Tiruvannamalai Town PS 4,38,Tiruvannamalai,2026-01-25 00:10:48,NDPS ACT SEC 8(c)/20(b)/22,UNKNOWN_CONTRABAND,COMMERCIAL_QUANTITY,CHARGESHEET_FILED,92
FIR-DGL-2025-0678,42,Dindigul Town PS 3,11,Dindigul,2026-05-03 03:04:30,NDPS ACT SEC 8(c)/20(b)/22,OPIOID_ANALOGUES,COMMERCIAL_QUANTITY,CHARGESHEET_FILED,93
FIR-VLP-2026-0679,86,Viluppuram Town PS 3,20,Viluppuram,2025-07-15 00:59:35,NDPS ACT SEC 8(c)/20(b)/22,OPIOID_ANALOGUES,SMALL_QUANTITY,CHARGESHEET_FILED,86
FIR-SLM-2026-0680,17,Salem Town PS 4,4,Salem,2025-01-10 03:01:33,NDPS ACT SEC 8(c)/20(b)/22,OPIOID_ANALOGUES,SMALL_QUANTITY,PENDING_TRIAL,94
FIR-CHN-2026-0681,3,Chennai Town PS 3,1,Chennai,2024-12-04 02:25:26,NDPS ACT SEC 8(c)/20(b)/22,OPIOID_ANALOGUES,SMALL_QUANTITY,UNDER_INVESTIGATION,94
FIR-KLK-2026-0682,87,Kallakurichi Town PS 1,21,Kallakurichi,2026-04-10 04:10:03,NDPS ACT SEC 8(c)/20(b)/22,OPIOID_ANALOGUES,COMMERCIAL_QUANTITY,PENDING_TRIAL,95
FIR-VRD-2026-0683,132,Virudhunagar Town PS 1,31,Virudhunagar,2025-04-15 17:16:48,NDPS ACT SEC 8(c)/20(b)/22,COMMERCIAL_GANJA,SMALL_QUANTITY,CHARGESHEET_FILED,92
FIR-DGL-2026-0684,40,Dindigul Town PS 1,11,Dindigul,2025-08-06 00:46:06,NDPS ACT SEC 8(c)/20(b)/22,SYNTHETIC_MDMA,INTERMEDIATE_QUANTITY,PENDING_TRIAL,86
FIR-CGL-2025-0685,70,Chengalpattu Town PS 1,17,Chengalpattu,2024-12-27 19:07:32,NDPS ACT SEC 8(c)/20(b)/22,CHEMICAL_PRECURSORS,SMALL_QUANTITY,UNDER_INVESTIGATION,97
FIR-THI-2025-0686,138,Theni Town PS 1,32,Theni,2026-05-21 18:04:44,NDPS ACT SEC 8(c)/20(b)/22,COMMERCIAL_GANJA,INTERMEDIATE_QUANTITY,PENDING_TRIAL,88
FIR-CHN-2026-0687,3,Chennai Town PS 3,1,Chennai,2025-06-06 21:31:03,NDPS ACT SEC 8(c)/20(b)/22,OPIOID_ANALOGUES,SMALL_QUANTITY,PENDING_TRIAL,96
FIR-TIN-2026-0688,27,Tirunelveli Town PS 4,6,Tirunelveli,2026-01-23 15:42:04,NDPS ACT SEC 8(c)/20(b)/22,PRESCRIPTION_NARCOTICS,SMALL_QUANTITY,UNDER_INVESTIGATION,96
FIR-SVG-2025-0689,123,Sivaganga Town PS 1,29,Sivaganga,2025-04-29 05:32:00,NDPS ACT SEC 8(c)/20(b)/22,SYNTHETIC_MDMA,COMMERCIAL_QUANTITY,UNDER_INVESTIGATION,94
FIR-TIN-2025-0690,25,Tirunelveli Town PS 2,6,Tirunelveli,2026-06-14 20:11:59,NDPS ACT SEC 8(c)/20(b)/22,COMMERCIAL_GANJA,SMALL_QUANTITY,CHARGESHEET_FILED,85
FIR-PDK-2026-0691,122,Pudukkottai Town PS 5,28,Pudukkottai,2025-11-19 13:56:09,NDPS ACT SEC 8(c)/20(b)/22,CHEMICAL_PRECURSORS,SMALL_QUANTITY,CHARGESHEET_FILED,85
FIR-VEL-2026-0692,34,Vellore Town PS 1,9,Vellore,2026-08-10 07:00:56,NDPS ACT SEC 8(c)/20(b)/22,PRESCRIPTION_NARCOTICS,INTERMEDIATE_QUANTITY,UNDER_INVESTIGATION,99
FIR-TVR-2025-0693,144,Thiruvarur Town PS 4,33,Thiruvarur,2024-12-10 07:17:03,NDPS ACT SEC 8(c)/20(b)/22,COMMERCIAL_GANJA,INTERMEDIATE_QUANTITY,CHARGESHEET_FILED,95
FIR-VLP-2025-0694,85,Viluppuram Town PS 2,20,Viluppuram,2026-04-15 19:20:29,NDPS ACT SEC 8(c)/20(b)/22,PRESCRIPTION_NARCOTICS,INTERMEDIATE_QUANTITY,CHARGESHEET_FILED,88
FIR-KKI-2026-0695,56,Kanniyakumari Town PS 3,14,Kanniyakumari,2024-11-07 15:37:48,NDPS ACT SEC 8(c)/20(b)/22,PRESCRIPTION_NARCOTICS,INTERMEDIATE_QUANTITY,CHARGESHEET_FILED,97
FIR-PDK-2026-0696,119,Pudukkottai Town PS 2,28,Pudukkottai,2026-02-20 23:55:40,NDPS ACT SEC 8(c)/20(b)/22,PRESCRIPTION_NARCOTICS,SMALL_QUANTITY,PENDING_TRIAL,93
FIR-RMD-2026-0697,127,Ramanathapuram Town PS 1,30,Ramanathapuram,2026-08-11 15:54:10,NDPS ACT SEC 8(c)/20(b)/22,SYNTHETIC_MDMA,SMALL_QUANTITY,CHARGESHEET_FILED,92
FIR-NGP-2026-0698,150,Nagapattinam Town PS 4,34,Nagapattinam,2025-09-09 03:28:24,NDPS ACT SEC 8(c)/20(b)/22,UNKNOWN_CONTRABAND,COMMERCIAL_QUANTITY,CHARGESHEET_FILED,96
FIR-VLP-2025-0699,84,Viluppuram Town PS 1,20,Viluppuram,2026-02-20 12:23:53,NDPS ACT SEC 8(c)/20(b)/22,PRESCRIPTION_NARCOTICS,COMMERCIAL_QUANTITY,CHARGESHEET_FILED,92
FIR-ERD-2025-0700,31,Erode Town PS 1,8,Erode,2025-01-26 16:35:19,NDPS ACT SEC 8(c)/20(b)/22,OPIOID_ANALOGUES,COMMERCIAL_QUANTITY,UNDER_INVESTIGATION,98
FIR-MDU-2025-0701,11,Madurai Town PS 2,3,Madurai,2026-02-15 14:31:51,NDPS ACT SEC 8(c)/20(b)/22,SYNTHETIC_MDMA,INTERMEDIATE_QUANTITY,PENDING_TRIAL,90
FIR-THI-2025-0702,140,Theni Town PS 3,32,Theni,2026-02-07 21:38:36,NDPS ACT SEC 8(c)/20(b)/22,OPIOID_ANALOGUES,INTERMEDIATE_QUANTITY,PENDING_TRIAL,96
FIR-CBE-2025-0703,5,Coimbatore Town PS 2,2,Coimbatore,2026-04-09 01:30:00,NDPS ACT SEC 8(c)/20(b)/22,CHEMICAL_PRECURSORS,SMALL_QUANTITY,PENDING_TRIAL,98
FIR-TIN-2025-0704,26,Tirunelveli Town PS 3,6,Tirunelveli,2026-02-15 13:20:40,NDPS ACT SEC 8(c)/20(b)/22,PRESCRIPTION_NARCOTICS,COMMERCIAL_QUANTITY,PENDING_TRIAL,98
FIR-MYD-2025-0705,152,Mayiladuthurai Town PS 2,35,Mayiladuthurai,2026-01-11 12:55:52,NDPS ACT SEC 8(c)/20(b)/22,UNKNOWN_CONTRABAND,COMMERCIAL_QUANTITY,CHARGESHEET_FILED,88
FIR-TUT-2025-0706,53,Thoothukudi Town PS 6,13,Thoothukudi,2025-01-24 02:52:49,NDPS ACT SEC 8(c)/20(b)/22,COMMERCIAL_GANJA,INTERMEDIATE_QUANTITY,CHARGESHEET_FILED,94
FIR-NGP-2026-0707,148,Nagapattinam Town PS 2,34,Nagapattinam,2026-06-04 22:26:37,NDPS ACT SEC 8(c)/20(b)/22,OPIOID_ANALOGUES,INTERMEDIATE_QUANTITY,CHARGESHEET_FILED,86
FIR-DGL-2025-0708,42,Dindigul Town PS 3,11,Dindigul,2025-03-10 08:29:54,NDPS ACT SEC 8(c)/20(b)/22,OPIOID_ANALOGUES,INTERMEDIATE_QUANTITY,UNDER_INVESTIGATION,99
FIR-TNJ-2026-0709,45,Thanjavur Town PS 2,12,Thanjavur,2025-01-22 19:25:01,NDPS ACT SEC 8(c)/20(b)/22,PRESCRIPTION_NARCOTICS,COMMERCIAL_QUANTITY,UNDER_INVESTIGATION,99
FIR-KRR-2025-0710,107,Karur Town PS 1,25,Karur,2025-03-25 03:50:49,NDPS ACT SEC 8(c)/20(b)/22,SYNTHETIC_MDMA,COMMERCIAL_QUANTITY,UNDER_INVESTIGATION,91
FIR-RMD-2026-0711,128,Ramanathapuram Town PS 2,30,Ramanathapuram,2025-06-07 20:37:22,NDPS ACT SEC 8(c)/20(b)/22,COMMERCIAL_GANJA,SMALL_QUANTITY,CHARGESHEET_FILED,98
FIR-PBL-2026-0712,117,Perambalur Town PS 4,27,Perambalur,2025-08-30 19:08:21,NDPS ACT SEC 8(c)/20(b)/22,PRESCRIPTION_NARCOTICS,COMMERCIAL_QUANTITY,UNDER_INVESTIGATION,90
FIR-TIN-2026-0713,27,Tirunelveli Town PS 4,6,Tirunelveli,2026-01-23 17:47:10,NDPS ACT SEC 8(c)/20(b)/22,CHEMICAL_PRECURSORS,COMMERCIAL_QUANTITY,UNDER_INVESTIGATION,91
FIR-VEL-2026-0714,36,Vellore Town PS 3,9,Vellore,2026-07-12 21:21:54,NDPS ACT SEC 8(c)/20(b)/22,SYNTHETIC_MDMA,COMMERCIAL_QUANTITY,PENDING_TRIAL,89
FIR-PDK-2025-0715,118,Pudukkottai Town PS 1,28,Pudukkottai,2025-05-29 22:26:50,NDPS ACT SEC 8(c)/20(b)/22,SYNTHETIC_MDMA,COMMERCIAL_QUANTITY,UNDER_INVESTIGATION,97
FIR-VEL-2026-0716,34,Vellore Town PS 1,9,Vellore,2025-11-25 03:08:26,NDPS ACT SEC 8(c)/20(b)/22,CHEMICAL_PRECURSORS,SMALL_QUANTITY,PENDING_TRIAL,93
FIR-THI-2026-0717,140,Theni Town PS 3,32,Theni,2025-01-18 19:50:06,NDPS ACT SEC 8(c)/20(b)/22,OPIOID_ANALOGUES,COMMERCIAL_QUANTITY,CHARGESHEET_FILED,88
FIR-THI-2026-0718,139,Theni Town PS 2,32,Theni,2026-02-28 07:09:32,NDPS ACT SEC 8(c)/20(b)/22,COMMERCIAL_GANJA,COMMERCIAL_QUANTITY,CHARGESHEET_FILED,93
FIR-TVR-2025-0719,142,Thiruvarur Town PS 2,33,Thiruvarur,2025-02-15 18:35:31,NDPS ACT SEC 8(c)/20(b)/22,PRESCRIPTION_NARCOTICS,COMMERCIAL_QUANTITY,PENDING_TRIAL,97
FIR-ERD-2026-0720,33,Erode Town PS 3,8,Erode,2025-05-22 02:24:08,NDPS ACT SEC 8(c)/20(b)/22,SYNTHETIC_MDMA,SMALL_QUANTITY,CHARGESHEET_FILED,99
FIR-SLM-2026-0721,15,Salem Town PS 2,4,Salem,2026-02-05 17:24:10,NDPS ACT SEC 8(c)/20(b)/22,COMMERCIAL_GANJA,INTERMEDIATE_QUANTITY,PENDING_TRIAL,89
FIR-KRR-2025-0722,109,Karur Town PS 3,25,Karur,2026-03-29 06:33:56,NDPS ACT SEC 8(c)/20(b)/22,CHEMICAL_PRECURSORS,SMALL_QUANTITY,CHARGESHEET_FILED,99
FIR-CGL-2026-0723,74,Chengalpattu Town PS 5,17,Chengalpattu,2026-03-08 10:53:58,NDPS ACT SEC 8(c)/20(b)/22,SYNTHETIC_MDMA,SMALL_QUANTITY,CHARGESHEET_FILED,86
FIR-KCP-2025-0724,66,Kancheepuram Town PS 2,16,Kancheepuram,2026-03-01 12:30:31,NDPS ACT SEC 8(c)/20(b)/22,UNKNOWN_CONTRABAND,SMALL_QUANTITY,UNDER_INVESTIGATION,93
FIR-TSI-2025-0725,62,Tenkasi Town PS 3,15,Tenkasi,2026-02-24 20:08:09,NDPS ACT SEC 8(c)/20(b)/22,PRESCRIPTION_NARCOTICS,INTERMEDIATE_QUANTITY,CHARGESHEET_FILED,88
FIR-TVM-2025-0726,168,Tiruvannamalai Town PS 4,38,Tiruvannamalai,2026-01-09 12:59:18,NDPS ACT SEC 8(c)/20(b)/22,COMMERCIAL_GANJA,INTERMEDIATE_QUANTITY,UNDER_INVESTIGATION,99
FIR-KRR-2026-0727,108,Karur Town PS 2,25,Karur,2025-05-23 12:13:39,NDPS ACT SEC 8(c)/20(b)/22,OPIOID_ANALOGUES,COMMERCIAL_QUANTITY,PENDING_TRIAL,85
FIR-KCP-2025-0728,65,Kancheepuram Town PS 1,16,Kancheepuram,2025-07-23 12:38:44,NDPS ACT SEC 8(c)/20(b)/22,OPIOID_ANALOGUES,INTERMEDIATE_QUANTITY,UNDER_INVESTIGATION,86
FIR-CGL-2026-0729,70,Chengalpattu Town PS 1,17,Chengalpattu,2025-08-20 11:54:04,NDPS ACT SEC 8(c)/20(b)/22,SYNTHETIC_MDMA,SMALL_QUANTITY,UNDER_INVESTIGATION,88
FIR-MYD-2025-0730,151,Mayiladuthurai Town PS 1,35,Mayiladuthurai,2025-08-04 11:51:09,NDPS ACT SEC 8(c)/20(b)/22,COMMERCIAL_GANJA,SMALL_QUANTITY,UNDER_INVESTIGATION,94
FIR-DPI-2025-0731,97,Dharmapuri Town PS 5,22,Dharmapuri,2026-08-16 04:44:41,NDPS ACT SEC 8(c)/20(b)/22,UNKNOWN_CONTRABAND,COMMERCIAL_QUANTITY,PENDING_TRIAL,92
FIR-KCP-2025-0732,68,Kancheepuram Town PS 4,16,Kancheepuram,2025-10-05 12:52:09,NDPS ACT SEC 8(c)/20(b)/22,COMMERCIAL_GANJA,INTERMEDIATE_QUANTITY,PENDING_TRIAL,97
FIR-RNP-2025-0733,160,Ranipet Town PS 5,36,Ranipet,2025-05-16 17:46:24,NDPS ACT SEC 8(c)/20(b)/22,COMMERCIAL_GANJA,COMMERCIAL_QUANTITY,PENDING_TRIAL,93
FIR-NIL-2026-0734,104,Nilgiris Town PS 2,24,Nilgiris,2024-12-23 13:11:28,NDPS ACT SEC 8(c)/20(b)/22,CHEMICAL_PRECURSORS,COMMERCIAL_QUANTITY,UNDER_INVESTIGATION,97
FIR-KKI-2025-0735,59,Kanniyakumari Town PS 6,14,Kanniyakumari,2024-12-02 06:01:35,NDPS ACT SEC 8(c)/20(b)/22,UNKNOWN_CONTRABAND,SMALL_QUANTITY,PENDING_TRIAL,96
FIR-DGL-2026-0736,43,Dindigul Town PS 4,11,Dindigul,2025-10-19 05:52:55,NDPS ACT SEC 8(c)/20(b)/22,UNKNOWN_CONTRABAND,INTERMEDIATE_QUANTITY,CHARGESHEET_FILED,94
FIR-DGL-2026-0737,43,Dindigul Town PS 4,11,Dindigul,2025-06-06 20:16:30,NDPS ACT SEC 8(c)/20(b)/22,OPIOID_ANALOGUES,SMALL_QUANTITY,UNDER_INVESTIGATION,94
FIR-KCP-2026-0738,69,Kancheepuram Town PS 5,16,Kancheepuram,2025-12-09 13:11:06,NDPS ACT SEC 8(c)/20(b)/22,SYNTHETIC_MDMA,INTERMEDIATE_QUANTITY,UNDER_INVESTIGATION,94
FIR-PBL-2026-0739,114,Perambalur Town PS 1,27,Perambalur,2025-06-09 00:03:51,NDPS ACT SEC 8(c)/20(b)/22,SYNTHETIC_MDMA,COMMERCIAL_QUANTITY,CHARGESHEET_FILED,97
FIR-ARI-2026-0740,111,Ariyalur Town PS 2,26,Ariyalur,2025-02-09 12:40:03,NDPS ACT SEC 8(c)/20(b)/22,UNKNOWN_CONTRABAND,SMALL_QUANTITY,PENDING_TRIAL,90
FIR-MYD-2026-0741,153,Mayiladuthurai Town PS 3,35,Mayiladuthurai,2025-09-29 02:02:53,NDPS ACT SEC 8(c)/20(b)/22,COMMERCIAL_GANJA,COMMERCIAL_QUANTITY,UNDER_INVESTIGATION,93
FIR-KKI-2026-0742,55,Kanniyakumari Town PS 2,14,Kanniyakumari,2024-12-01 06:31:42,NDPS ACT SEC 8(c)/20(b)/22,UNKNOWN_CONTRABAND,SMALL_QUANTITY,PENDING_TRIAL,88
FIR-TPR-2025-0743,30,Tiruppur Town PS 3,7,Tiruppur,2025-01-22 17:11:35,NDPS ACT SEC 8(c)/20(b)/22,CHEMICAL_PRECURSORS,COMMERCIAL_QUANTITY,PENDING_TRIAL,96
FIR-TVR-2025-0744,143,Thiruvarur Town PS 3,33,Thiruvarur,2026-06-09 10:13:56,NDPS ACT SEC 8(c)/20(b)/22,COMMERCIAL_GANJA,COMMERCIAL_QUANTITY,UNDER_INVESTIGATION,99
FIR-PBL-2025-0745,115,Perambalur Town PS 2,27,Perambalur,2025-02-08 08:33:48,NDPS ACT SEC 8(c)/20(b)/22,CHEMICAL_PRECURSORS,INTERMEDIATE_QUANTITY,UNDER_INVESTIGATION,94
FIR-ARI-2026-0746,113,Ariyalur Town PS 4,26,Ariyalur,2026-08-15 07:54:18,NDPS ACT SEC 8(c)/20(b)/22,COMMERCIAL_GANJA,INTERMEDIATE_QUANTITY,PENDING_TRIAL,94
FIR-DPI-2026-0747,94,Dharmapuri Town PS 2,22,Dharmapuri,2026-02-12 09:55:35,NDPS ACT SEC 8(c)/20(b)/22,UNKNOWN_CONTRABAND,COMMERCIAL_QUANTITY,PENDING_TRIAL,91
FIR-TVM-2025-0748,165,Tiruvannamalai Town PS 1,38,Tiruvannamalai,2024-11-25 23:22:15,NDPS ACT SEC 8(c)/20(b)/22,CHEMICAL_PRECURSORS,COMMERCIAL_QUANTITY,CHARGESHEET_FILED,89
FIR-KRR-2025-0749,108,Karur Town PS 2,25,Karur,2025-03-03 07:02:18,NDPS ACT SEC 8(c)/20(b)/22,CHEMICAL_PRECURSORS,COMMERCIAL_QUANTITY,CHARGESHEET_FILED,87
FIR-ERD-2026-0750,33,Erode Town PS 3,8,Erode,2025-06-17 17:03:25,NDPS ACT SEC 8(c)/20(b)/22,UNKNOWN_CONTRABAND,INTERMEDIATE_QUANTITY,CHARGESHEET_FILED,86
FIR-TLR-2025-0751,77,Tiruvallur Town PS 3,18,Tiruvallur,2024-10-24 20:46:12,NDPS ACT SEC 8(c)/20(b)/22,OPIOID_ANALOGUES,INTERMEDIATE_QUANTITY,CHARGESHEET_FILED,86
FIR-DGL-2025-0752,42,Dindigul Town PS 3,11,Dindigul,2024-09-27 12:15:54,NDPS ACT SEC 8(c)/20(b)/22,CHEMICAL_PRECURSORS,INTERMEDIATE_QUANTITY,PENDING_TRIAL,85
FIR-CUD-2025-0753,79,Cuddalore Town PS 2,19,Cuddalore,2026-01-13 11:46:50,NDPS ACT SEC 8(c)/20(b)/22,PRESCRIPTION_NARCOTICS,SMALL_QUANTITY,UNDER_INVESTIGATION,97
FIR-TVM-2026-0754,165,Tiruvannamalai Town PS 1,38,Tiruvannamalai,2024-11-01 19:11:48,NDPS ACT SEC 8(c)/20(b)/22,CHEMICAL_PRECURSORS,SMALL_QUANTITY,CHARGESHEET_FILED,99
FIR-NMK-2025-0755,101,Namakkal Town PS 4,23,Namakkal,2025-05-04 23:04:45,NDPS ACT SEC 8(c)/20(b)/22,COMMERCIAL_GANJA,INTERMEDIATE_QUANTITY,PENDING_TRIAL,95
FIR-TPR_N-2025-0756,164,Tirupathur Town PS 4,37,Tirupathur,2025-10-20 19:16:10,NDPS ACT SEC 8(c)/20(b)/22,COMMERCIAL_GANJA,COMMERCIAL_QUANTITY,CHARGESHEET_FILED,93
FIR-SLM-2026-0757,15,Salem Town PS 2,4,Salem,2025-12-30 08:03:05,NDPS ACT SEC 8(c)/20(b)/22,OPIOID_ANALOGUES,COMMERCIAL_QUANTITY,PENDING_TRIAL,94
FIR-CHN-2025-0758,3,Chennai Town PS 3,1,Chennai,2025-10-24 07:46:06,NDPS ACT SEC 8(c)/20(b)/22,COMMERCIAL_GANJA,INTERMEDIATE_QUANTITY,CHARGESHEET_FILED,96
FIR-TLR-2026-0759,75,Tiruvallur Town PS 1,18,Tiruvallur,2025-09-11 00:09:41,NDPS ACT SEC 8(c)/20(b)/22,SYNTHETIC_MDMA,COMMERCIAL_QUANTITY,PENDING_TRIAL,92
FIR-NMK-2025-0760,100,Namakkal Town PS 3,23,Namakkal,2026-06-26 03:52:06,NDPS ACT SEC 8(c)/20(b)/22,OPIOID_ANALOGUES,SMALL_QUANTITY,CHARGESHEET_FILED,91
FIR-KLK-2025-0761,91,Kallakurichi Town PS 5,21,Kallakurichi,2026-06-02 10:16:37,NDPS ACT SEC 8(c)/20(b)/22,UNKNOWN_CONTRABAND,COMMERCIAL_QUANTITY,CHARGESHEET_FILED,92
FIR-SVG-2026-0762,124,Sivaganga Town PS 2,29,Sivaganga,2024-12-14 08:17:26,NDPS ACT SEC 8(c)/20(b)/22,CHEMICAL_PRECURSORS,INTERMEDIATE_QUANTITY,PENDING_TRIAL,96
FIR-CGL-2026-0763,73,Chengalpattu Town PS 4,17,Chengalpattu,2025-07-26 12:10:27,NDPS ACT SEC 8(c)/20(b)/22,UNKNOWN_CONTRABAND,INTERMEDIATE_QUANTITY,PENDING_TRIAL,90
FIR-NGP-2025-0764,150,Nagapattinam Town PS 4,34,Nagapattinam,2026-03-10 00:19:00,NDPS ACT SEC 8(c)/20(b)/22,UNKNOWN_CONTRABAND,COMMERCIAL_QUANTITY,PENDING_TRIAL,99
FIR-KCP-2026-0765,69,Kancheepuram Town PS 5,16,Kancheepuram,2025-12-03 08:21:16,NDPS ACT SEC 8(c)/20(b)/22,PRESCRIPTION_NARCOTICS,INTERMEDIATE_QUANTITY,PENDING_TRIAL,86
FIR-KKI-2026-0766,54,Kanniyakumari Town PS 1,14,Kanniyakumari,2025-08-18 13:26:29,NDPS ACT SEC 8(c)/20(b)/22,CHEMICAL_PRECURSORS,SMALL_QUANTITY,CHARGESHEET_FILED,86
FIR-THI-2025-0767,140,Theni Town PS 3,32,Theni,2026-04-26 19:39:48,NDPS ACT SEC 8(c)/20(b)/22,SYNTHETIC_MDMA,COMMERCIAL_QUANTITY,UNDER_INVESTIGATION,96
FIR-DGL-2026-0768,40,Dindigul Town PS 1,11,Dindigul,2025-06-20 19:26:06,NDPS ACT SEC 8(c)/20(b)/22,PRESCRIPTION_NARCOTICS,SMALL_QUANTITY,PENDING_TRIAL,90
FIR-TNJ-2025-0769,47,Thanjavur Town PS 4,12,Thanjavur,2025-06-28 08:13:28,NDPS ACT SEC 8(c)/20(b)/22,CHEMICAL_PRECURSORS,COMMERCIAL_QUANTITY,PENDING_TRIAL,94
FIR-TPJ-2026-0770,21,Tiruchirappalli Town PS 4,5,Tiruchirappalli,2025-03-17 06:37:57,NDPS ACT SEC 8(c)/20(b)/22,PRESCRIPTION_NARCOTICS,SMALL_QUANTITY,CHARGESHEET_FILED,93
FIR-TUT-2025-0771,49,Thoothukudi Town PS 2,13,Thoothukudi,2025-08-23 03:33:04,NDPS ACT SEC 8(c)/20(b)/22,SYNTHETIC_MDMA,COMMERCIAL_QUANTITY,PENDING_TRIAL,90
FIR-KRI-2026-0772,39,Krishnagiri Town PS 3,10,Krishnagiri,2025-04-10 21:24:27,NDPS ACT SEC 8(c)/20(b)/22,OPIOID_ANALOGUES,INTERMEDIATE_QUANTITY,UNDER_INVESTIGATION,93
FIR-VLP-2026-0773,86,Viluppuram Town PS 3,20,Viluppuram,2025-09-12 01:51:48,NDPS ACT SEC 8(c)/20(b)/22,COMMERCIAL_GANJA,SMALL_QUANTITY,PENDING_TRIAL,94
FIR-NGP-2026-0774,150,Nagapattinam Town PS 4,34,Nagapattinam,2025-06-16 23:20:02,NDPS ACT SEC 8(c)/20(b)/22,COMMERCIAL_GANJA,INTERMEDIATE_QUANTITY,CHARGESHEET_FILED,96
FIR-KCP-2026-0775,67,Kancheepuram Town PS 3,16,Kancheepuram,2025-06-12 23:15:16,NDPS ACT SEC 8(c)/20(b)/22,UNKNOWN_CONTRABAND,SMALL_QUANTITY,CHARGESHEET_FILED,88
FIR-CBE-2025-0776,6,Coimbatore Town PS 3,2,Coimbatore,2025-04-24 13:38:00,NDPS ACT SEC 8(c)/20(b)/22,SYNTHETIC_MDMA,COMMERCIAL_QUANTITY,UNDER_INVESTIGATION,85
FIR-KKI-2025-0777,54,Kanniyakumari Town PS 1,14,Kanniyakumari,2025-01-27 03:35:14,NDPS ACT SEC 8(c)/20(b)/22,PRESCRIPTION_NARCOTICS,COMMERCIAL_QUANTITY,PENDING_TRIAL,93
FIR-NIL-2026-0778,104,Nilgiris Town PS 2,24,Nilgiris,2025-11-30 16:26:31,NDPS ACT SEC 8(c)/20(b)/22,OPIOID_ANALOGUES,COMMERCIAL_QUANTITY,PENDING_TRIAL,90
FIR-MYD-2025-0779,153,Mayiladuthurai Town PS 3,35,Mayiladuthurai,2025-07-27 00:32:02,NDPS ACT SEC 8(c)/20(b)/22,OPIOID_ANALOGUES,SMALL_QUANTITY,CHARGESHEET_FILED,91
FIR-VEL-2026-0780,35,Vellore Town PS 2,9,Vellore,2025-09-23 22:47:56,NDPS ACT SEC 8(c)/20(b)/22,SYNTHETIC_MDMA,INTERMEDIATE_QUANTITY,PENDING_TRIAL,85
FIR-KKI-2025-0781,56,Kanniyakumari Town PS 3,14,Kanniyakumari,2026-07-30 16:20:55,NDPS ACT SEC 8(c)/20(b)/22,PRESCRIPTION_NARCOTICS,COMMERCIAL_QUANTITY,PENDING_TRIAL,99
FIR-MDU-2026-0782,12,Madurai Town PS 3,3,Madurai,2026-02-07 00:12:39,NDPS ACT SEC 8(c)/20(b)/22,UNKNOWN_CONTRABAND,COMMERCIAL_QUANTITY,CHARGESHEET_FILED,97
FIR-MYD-2025-0783,152,Mayiladuthurai Town PS 2,35,Mayiladuthurai,2024-10-03 10:23:06,NDPS ACT SEC 8(c)/20(b)/22,CHEMICAL_PRECURSORS,COMMERCIAL_QUANTITY,UNDER_INVESTIGATION,99
FIR-SVG-2026-0784,125,Sivaganga Town PS 3,29,Sivaganga,2025-04-10 08:46:25,NDPS ACT SEC 8(c)/20(b)/22,OPIOID_ANALOGUES,INTERMEDIATE_QUANTITY,UNDER_INVESTIGATION,98
FIR-CBE-2026-0785,7,Coimbatore Town PS 4,2,Coimbatore,2025-06-25 08:31:08,NDPS ACT SEC 8(c)/20(b)/22,OPIOID_ANALOGUES,COMMERCIAL_QUANTITY,CHARGESHEET_FILED,95
FIR-TVM-2026-0786,167,Tiruvannamalai Town PS 3,38,Tiruvannamalai,2025-11-02 10:11:50,NDPS ACT SEC 8(c)/20(b)/22,CHEMICAL_PRECURSORS,COMMERCIAL_QUANTITY,UNDER_INVESTIGATION,89
FIR-CUD-2026-0787,81,Cuddalore Town PS 4,19,Cuddalore,2025-09-28 22:23:57,NDPS ACT SEC 8(c)/20(b)/22,UNKNOWN_CONTRABAND,COMMERCIAL_QUANTITY,CHARGESHEET_FILED,93
FIR-THI-2025-0788,138,Theni Town PS 1,32,Theni,2025-03-30 12:23:21,NDPS ACT SEC 8(c)/20(b)/22,UNKNOWN_CONTRABAND,SMALL_QUANTITY,CHARGESHEET_FILED,94
FIR-ARI-2025-0789,111,Ariyalur Town PS 2,26,Ariyalur,2025-10-16 08:43:54,NDPS ACT SEC 8(c)/20(b)/22,CHEMICAL_PRECURSORS,INTERMEDIATE_QUANTITY,PENDING_TRIAL,90
FIR-ARI-2025-0790,111,Ariyalur Town PS 2,26,Ariyalur,2024-12-05 17:31:22,NDPS ACT SEC 8(c)/20(b)/22,UNKNOWN_CONTRABAND,COMMERCIAL_QUANTITY,CHARGESHEET_FILED,89
FIR-VLP-2025-0791,85,Viluppuram Town PS 2,20,Viluppuram,2025-03-05 11:17:37,NDPS ACT SEC 8(c)/20(b)/22,OPIOID_ANALOGUES,INTERMEDIATE_QUANTITY,PENDING_TRIAL,85
FIR-KLK-2026-0792,88,Kallakurichi Town PS 2,21,Kallakurichi,2025-04-04 00:07:47,NDPS ACT SEC 8(c)/20(b)/22,COMMERCIAL_GANJA,SMALL_QUANTITY,PENDING_TRIAL,86
FIR-NGP-2026-0793,147,Nagapattinam Town PS 1,34,Nagapattinam,2025-08-05 10:22:42,NDPS ACT SEC 8(c)/20(b)/22,SYNTHETIC_MDMA,COMMERCIAL_QUANTITY,PENDING_TRIAL,92
FIR-SLM-2026-0794,14,Salem Town PS 1,4,Salem,2025-09-05 14:30:59,NDPS ACT SEC 8(c)/20(b)/22,UNKNOWN_CONTRABAND,INTERMEDIATE_QUANTITY,UNDER_INVESTIGATION,90
FIR-CGL-2026-0795,73,Chengalpattu Town PS 4,17,Chengalpattu,2025-09-17 15:23:10,NDPS ACT SEC 8(c)/20(b)/22,PRESCRIPTION_NARCOTICS,COMMERCIAL_QUANTITY,CHARGESHEET_FILED,85
FIR-TNJ-2025-0796,46,Thanjavur Town PS 3,12,Thanjavur,2024-10-14 01:03:47,NDPS ACT SEC 8(c)/20(b)/22,CHEMICAL_PRECURSORS,SMALL_QUANTITY,UNDER_INVESTIGATION,89
FIR-TLR-2025-0797,77,Tiruvallur Town PS 3,18,Tiruvallur,2025-07-29 08:05:19,NDPS ACT SEC 8(c)/20(b)/22,PRESCRIPTION_NARCOTICS,INTERMEDIATE_QUANTITY,PENDING_TRIAL,96
FIR-TNJ-2026-0798,44,Thanjavur Town PS 1,12,Thanjavur,2026-02-09 19:24:37,NDPS ACT SEC 8(c)/20(b)/22,UNKNOWN_CONTRABAND,INTERMEDIATE_QUANTITY,CHARGESHEET_FILED,91
FIR-CHN-2026-0799,2,Chennai Town PS 2,1,Chennai,2025-10-09 11:05:27,NDPS ACT SEC 8(c)/20(b)/22,CHEMICAL_PRECURSORS,SMALL_QUANTITY,PENDING_TRIAL,94
FIR-TUT-2026-0800,51,Thoothukudi Town PS 4,13,Thoothukudi,2025-03-29 19:59:55,NDPS ACT SEC 8(c)/20(b)/22,COMMERCIAL_GANJA,INTERMEDIATE_QUANTITY,CHARGESHEET_FILED,97
FIR-ERD-2026-0801,31,Erode Town PS 1,8,Erode,2026-01-16 22:12:07,NDPS ACT SEC 8(c)/20(b)/22,PRESCRIPTION_NARCOTICS,COMMERCIAL_QUANTITY,PENDING_TRIAL,93
FIR-RNP-2025-0802,158,Ranipet Town PS 3,36,Ranipet,2026-04-12 19:39:32,NDPS ACT SEC 8(c)/20(b)/22,COMMERCIAL_GANJA,COMMERCIAL_QUANTITY,PENDING_TRIAL,96
FIR-TPJ-2025-0803,20,Tiruchirappalli Town PS 3,5,Tiruchirappalli,2026-04-06 05:54:23,NDPS ACT SEC 8(c)/20(b)/22,UNKNOWN_CONTRABAND,INTERMEDIATE_QUANTITY,CHARGESHEET_FILED,91
FIR-MYD-2026-0804,154,Mayiladuthurai Town PS 4,35,Mayiladuthurai,2025-09-17 04:51:04,NDPS ACT SEC 8(c)/20(b)/22,PRESCRIPTION_NARCOTICS,COMMERCIAL_QUANTITY,UNDER_INVESTIGATION,89
FIR-TUT-2025-0805,53,Thoothukudi Town PS 6,13,Thoothukudi,2025-01-13 19:29:46,NDPS ACT SEC 8(c)/20(b)/22,UNKNOWN_CONTRABAND,SMALL_QUANTITY,PENDING_TRIAL,89
FIR-KRR-2025-0806,108,Karur Town PS 2,25,Karur,2025-03-07 09:53:52,NDPS ACT SEC 8(c)/20(b)/22,OPIOID_ANALOGUES,SMALL_QUANTITY,UNDER_INVESTIGATION,87
FIR-TPR-2025-0807,29,Tiruppur Town PS 2,7,Tiruppur,2026-05-09 18:12:06,NDPS ACT SEC 8(c)/20(b)/22,PRESCRIPTION_NARCOTICS,COMMERCIAL_QUANTITY,CHARGESHEET_FILED,98
FIR-PDK-2026-0808,122,Pudukkottai Town PS 5,28,Pudukkottai,2024-10-27 11:44:27,NDPS ACT SEC 8(c)/20(b)/22,OPIOID_ANALOGUES,INTERMEDIATE_QUANTITY,CHARGESHEET_FILED,89
FIR-TPJ-2026-0809,20,Tiruchirappalli Town PS 3,5,Tiruchirappalli,2025-04-19 01:54:00,NDPS ACT SEC 8(c)/20(b)/22,COMMERCIAL_GANJA,INTERMEDIATE_QUANTITY,PENDING_TRIAL,94
FIR-ERD-2026-0810,31,Erode Town PS 1,8,Erode,2026-04-05 23:22:20,NDPS ACT SEC 8(c)/20(b)/22,SYNTHETIC_MDMA,INTERMEDIATE_QUANTITY,PENDING_TRIAL,86
FIR-NGP-2025-0811,150,Nagapattinam Town PS 4,34,Nagapattinam,2025-07-01 09:46:58,NDPS ACT SEC 8(c)/20(b)/22,COMMERCIAL_GANJA,INTERMEDIATE_QUANTITY,UNDER_INVESTIGATION,96
FIR-TIN-2025-0812,25,Tirunelveli Town PS 2,6,Tirunelveli,2025-09-04 13:40:53,NDPS ACT SEC 8(c)/20(b)/22,OPIOID_ANALOGUES,SMALL_QUANTITY,UNDER_INVESTIGATION,97
FIR-DGL-2025-0813,41,Dindigul Town PS 2,11,Dindigul,2025-09-21 06:06:09,NDPS ACT SEC 8(c)/20(b)/22,SYNTHETIC_MDMA,COMMERCIAL_QUANTITY,UNDER_INVESTIGATION,89
FIR-VLP-2025-0814,84,Viluppuram Town PS 1,20,Viluppuram,2025-01-05 22:45:18,NDPS ACT SEC 8(c)/20(b)/22,CHEMICAL_PRECURSORS,COMMERCIAL_QUANTITY,PENDING_TRIAL,90
FIR-ERD-2026-0815,31,Erode Town PS 1,8,Erode,2026-02-27 08:14:57,NDPS ACT SEC 8(c)/20(b)/22,CHEMICAL_PRECURSORS,INTERMEDIATE_QUANTITY,PENDING_TRIAL,99
FIR-TPR-2025-0816,30,Tiruppur Town PS 3,7,Tiruppur,2025-07-29 22:20:26,NDPS ACT SEC 8(c)/20(b)/22,COMMERCIAL_GANJA,COMMERCIAL_QUANTITY,UNDER_INVESTIGATION,92
FIR-KKI-2025-0817,59,Kanniyakumari Town PS 6,14,Kanniyakumari,2025-08-25 05:25:12,NDPS ACT SEC 8(c)/20(b)/22,SYNTHETIC_MDMA,INTERMEDIATE_QUANTITY,PENDING_TRIAL,95
FIR-CBE-2026-0818,5,Coimbatore Town PS 2,2,Coimbatore,2025-07-03 22:24:26,NDPS ACT SEC 8(c)/20(b)/22,SYNTHETIC_MDMA,SMALL_QUANTITY,CHARGESHEET_FILED,96
FIR-DPI-2025-0819,93,Dharmapuri Town PS 1,22,Dharmapuri,2025-09-09 10:02:07,NDPS ACT SEC 8(c)/20(b)/22,SYNTHETIC_MDMA,COMMERCIAL_QUANTITY,PENDING_TRIAL,90
FIR-DPI-2025-0820,97,Dharmapuri Town PS 5,22,Dharmapuri,2026-01-05 18:46:04,NDPS ACT SEC 8(c)/20(b)/22,PRESCRIPTION_NARCOTICS,SMALL_QUANTITY,UNDER_INVESTIGATION,98
FIR-NIL-2026-0821,106,Nilgiris Town PS 4,24,Nilgiris,2026-04-15 09:42:50,NDPS ACT SEC 8(c)/20(b)/22,SYNTHETIC_MDMA,COMMERCIAL_QUANTITY,UNDER_INVESTIGATION,89
FIR-ARI-2026-0822,112,Ariyalur Town PS 3,26,Ariyalur,2025-11-22 01:14:14,NDPS ACT SEC 8(c)/20(b)/22,CHEMICAL_PRECURSORS,SMALL_QUANTITY,CHARGESHEET_FILED,89
FIR-TPR-2026-0823,30,Tiruppur Town PS 3,7,Tiruppur,2026-05-12 07:49:24,NDPS ACT SEC 8(c)/20(b)/22,SYNTHETIC_MDMA,SMALL_QUANTITY,UNDER_INVESTIGATION,93
FIR-KKI-2025-0824,58,Kanniyakumari Town PS 5,14,Kanniyakumari,2025-11-28 03:27:17,NDPS ACT SEC 8(c)/20(b)/22,OPIOID_ANALOGUES,INTERMEDIATE_QUANTITY,PENDING_TRIAL,95
FIR-TPJ-2025-0825,18,Tiruchirappalli Town PS 1,5,Tiruchirappalli,2026-07-04 13:05:26,NDPS ACT SEC 8(c)/20(b)/22,OPIOID_ANALOGUES,INTERMEDIATE_QUANTITY,UNDER_INVESTIGATION,89
FIR-NGP-2025-0826,150,Nagapattinam Town PS 4,34,Nagapattinam,2024-10-01 06:15:51,NDPS ACT SEC 8(c)/20(b)/22,SYNTHETIC_MDMA,COMMERCIAL_QUANTITY,CHARGESHEET_FILED,89
FIR-VEL-2025-0827,36,Vellore Town PS 3,9,Vellore,2026-03-21 22:14:45,NDPS ACT SEC 8(c)/20(b)/22,CHEMICAL_PRECURSORS,SMALL_QUANTITY,CHARGESHEET_FILED,94
FIR-KRR-2026-0828,109,Karur Town PS 3,25,Karur,2025-03-22 15:23:28,NDPS ACT SEC 8(c)/20(b)/22,OPIOID_ANALOGUES,INTERMEDIATE_QUANTITY,UNDER_INVESTIGATION,99
FIR-TUT-2025-0829,48,Thoothukudi Town PS 1,13,Thoothukudi,2025-03-25 02:42:05,NDPS ACT SEC 8(c)/20(b)/22,CHEMICAL_PRECURSORS,COMMERCIAL_QUANTITY,CHARGESHEET_FILED,87
FIR-THI-2026-0830,138,Theni Town PS 1,32,Theni,2026-06-26 07:48:05,NDPS ACT SEC 8(c)/20(b)/22,COMMERCIAL_GANJA,COMMERCIAL_QUANTITY,PENDING_TRIAL,95
FIR-KRI-2025-0831,37,Krishnagiri Town PS 1,10,Krishnagiri,2025-03-16 17:52:58,NDPS ACT SEC 8(c)/20(b)/22,PRESCRIPTION_NARCOTICS,SMALL_QUANTITY,UNDER_INVESTIGATION,86
FIR-NMK-2025-0832,100,Namakkal Town PS 3,23,Namakkal,2025-05-26 16:02:54,NDPS ACT SEC 8(c)/20(b)/22,COMMERCIAL_GANJA,COMMERCIAL_QUANTITY,PENDING_TRIAL,97
FIR-TPR_N-2026-0833,161,Tirupathur Town PS 1,37,Tirupathur,2025-10-09 16:28:13,NDPS ACT SEC 8(c)/20(b)/22,CHEMICAL_PRECURSORS,INTERMEDIATE_QUANTITY,CHARGESHEET_FILED,90
FIR-TVR-2026-0834,145,Thiruvarur Town PS 5,33,Thiruvarur,2024-11-25 06:27:16,NDPS ACT SEC 8(c)/20(b)/22,PRESCRIPTION_NARCOTICS,INTERMEDIATE_QUANTITY,CHARGESHEET_FILED,91
FIR-TVM-2025-0835,167,Tiruvannamalai Town PS 3,38,Tiruvannamalai,2025-05-20 17:48:10,NDPS ACT SEC 8(c)/20(b)/22,OPIOID_ANALOGUES,COMMERCIAL_QUANTITY,UNDER_INVESTIGATION,87
FIR-TSI-2025-0836,61,Tenkasi Town PS 2,15,Tenkasi,2026-02-16 17:01:09,NDPS ACT SEC 8(c)/20(b)/22,UNKNOWN_CONTRABAND,INTERMEDIATE_QUANTITY,PENDING_TRIAL,94
FIR-CHN-2025-0837,2,Chennai Town PS 2,1,Chennai,2025-01-30 20:35:37,NDPS ACT SEC 8(c)/20(b)/22,CHEMICAL_PRECURSORS,SMALL_QUANTITY,PENDING_TRIAL,99
FIR-TVM-2025-0838,167,Tiruvannamalai Town PS 3,38,Tiruvannamalai,2025-11-22 11:23:03,NDPS ACT SEC 8(c)/20(b)/22,OPIOID_ANALOGUES,INTERMEDIATE_QUANTITY,UNDER_INVESTIGATION,89
FIR-DPI-2025-0839,97,Dharmapuri Town PS 5,22,Dharmapuri,2025-10-24 05:19:06,NDPS ACT SEC 8(c)/20(b)/22,CHEMICAL_PRECURSORS,INTERMEDIATE_QUANTITY,PENDING_TRIAL,89
FIR-VLP-2025-0840,86,Viluppuram Town PS 3,20,Viluppuram,2026-08-08 07:55:58,NDPS ACT SEC 8(c)/20(b)/22,PRESCRIPTION_NARCOTICS,SMALL_QUANTITY,PENDING_TRIAL,89
FIR-TUT-2026-0841,51,Thoothukudi Town PS 4,13,Thoothukudi,2025-07-15 23:22:22,NDPS ACT SEC 8(c)/20(b)/22,UNKNOWN_CONTRABAND,INTERMEDIATE_QUANTITY,PENDING_TRIAL,98
FIR-RMD-2026-0842,130,Ramanathapuram Town PS 4,30,Ramanathapuram,2025-07-23 05:30:59,NDPS ACT SEC 8(c)/20(b)/22,OPIOID_ANALOGUES,INTERMEDIATE_QUANTITY,PENDING_TRIAL,88
FIR-KCP-2025-0843,67,Kancheepuram Town PS 3,16,Kancheepuram,2025-01-16 10:41:46,NDPS ACT SEC 8(c)/20(b)/22,CHEMICAL_PRECURSORS,COMMERCIAL_QUANTITY,CHARGESHEET_FILED,86
FIR-CBE-2026-0844,7,Coimbatore Town PS 4,2,Coimbatore,2026-06-06 11:40:41,NDPS ACT SEC 8(c)/20(b)/22,PRESCRIPTION_NARCOTICS,COMMERCIAL_QUANTITY,PENDING_TRIAL,98
FIR-NGP-2025-0845,147,Nagapattinam Town PS 1,34,Nagapattinam,2025-10-15 14:21:13,NDPS ACT SEC 8(c)/20(b)/22,CHEMICAL_PRECURSORS,INTERMEDIATE_QUANTITY,PENDING_TRIAL,98
FIR-TPR_N-2025-0846,162,Tirupathur Town PS 2,37,Tirupathur,2026-07-03 23:24:00,NDPS ACT SEC 8(c)/20(b)/22,OPIOID_ANALOGUES,COMMERCIAL_QUANTITY,PENDING_TRIAL,96
FIR-PBL-2025-0847,114,Perambalur Town PS 1,27,Perambalur,2025-01-05 16:49:48,NDPS ACT SEC 8(c)/20(b)/22,OPIOID_ANALOGUES,SMALL_QUANTITY,UNDER_INVESTIGATION,96
FIR-NIL-2026-0848,106,Nilgiris Town PS 4,24,Nilgiris,2025-01-11 15:33:46,NDPS ACT SEC 8(c)/20(b)/22,UNKNOWN_CONTRABAND,SMALL_QUANTITY,PENDING_TRIAL,97
FIR-CBE-2026-0849,5,Coimbatore Town PS 2,2,Coimbatore,2025-06-10 13:38:53,NDPS ACT SEC 8(c)/20(b)/22,UNKNOWN_CONTRABAND,SMALL_QUANTITY,CHARGESHEET_FILED,88
FIR-VEL-2025-0850,34,Vellore Town PS 1,9,Vellore,2025-06-19 12:51:06,NDPS ACT SEC 8(c)/20(b)/22,CHEMICAL_PRECURSORS,COMMERCIAL_QUANTITY,UNDER_INVESTIGATION,99
FIR-RNP-2025-0851,156,Ranipet Town PS 1,36,Ranipet,2024-12-14 12:00:46,NDPS ACT SEC 8(c)/20(b)/22,CHEMICAL_PRECURSORS,INTERMEDIATE_QUANTITY,UNDER_INVESTIGATION,90
FIR-NGP-2025-0852,147,Nagapattinam Town PS 1,34,Nagapattinam,2025-01-18 13:49:41,NDPS ACT SEC 8(c)/20(b)/22,UNKNOWN_CONTRABAND,SMALL_QUANTITY,CHARGESHEET_FILED,91
FIR-THI-2025-0853,140,Theni Town PS 3,32,Theni,2025-11-27 13:54:41,NDPS ACT SEC 8(c)/20(b)/22,CHEMICAL_PRECURSORS,INTERMEDIATE_QUANTITY,UNDER_INVESTIGATION,85
FIR-TSI-2025-0854,60,Tenkasi Town PS 1,15,Tenkasi,2024-09-19 09:34:46,NDPS ACT SEC 8(c)/20(b)/22,SYNTHETIC_MDMA,INTERMEDIATE_QUANTITY,CHARGESHEET_FILED,92
FIR-VEL-2025-0855,36,Vellore Town PS 3,9,Vellore,2025-05-03 04:03:24,NDPS ACT SEC 8(c)/20(b)/22,UNKNOWN_CONTRABAND,INTERMEDIATE_QUANTITY,PENDING_TRIAL,99
FIR-VRD-2025-0856,134,Virudhunagar Town PS 3,31,Virudhunagar,2025-11-13 08:01:35,NDPS ACT SEC 8(c)/20(b)/22,PRESCRIPTION_NARCOTICS,SMALL_QUANTITY,UNDER_INVESTIGATION,93
FIR-TIN-2026-0857,24,Tirunelveli Town PS 1,6,Tirunelveli,2025-11-06 05:51:18,NDPS ACT SEC 8(c)/20(b)/22,OPIOID_ANALOGUES,SMALL_QUANTITY,PENDING_TRIAL,95
FIR-KLK-2026-0858,92,Kallakurichi Town PS 6,21,Kallakurichi,2026-03-14 17:37:16,NDPS ACT SEC 8(c)/20(b)/22,UNKNOWN_CONTRABAND,INTERMEDIATE_QUANTITY,PENDING_TRIAL,86
FIR-SVG-2026-0859,126,Sivaganga Town PS 4,29,Sivaganga,2026-04-30 20:25:27,NDPS ACT SEC 8(c)/20(b)/22,CHEMICAL_PRECURSORS,SMALL_QUANTITY,CHARGESHEET_FILED,93
FIR-TPR_N-2026-0860,163,Tirupathur Town PS 3,37,Tirupathur,2025-09-18 03:21:19,NDPS ACT SEC 8(c)/20(b)/22,COMMERCIAL_GANJA,INTERMEDIATE_QUANTITY,UNDER_INVESTIGATION,86
FIR-PBL-2025-0861,116,Perambalur Town PS 3,27,Perambalur,2026-01-12 04:11:14,NDPS ACT SEC 8(c)/20(b)/22,PRESCRIPTION_NARCOTICS,COMMERCIAL_QUANTITY,PENDING_TRIAL,91
FIR-SLM-2026-0862,15,Salem Town PS 2,4,Salem,2025-03-16 19:05:36,NDPS ACT SEC 8(c)/20(b)/22,OPIOID_ANALOGUES,COMMERCIAL_QUANTITY,CHARGESHEET_FILED,94
FIR-VEL-2025-0863,36,Vellore Town PS 3,9,Vellore,2025-04-29 15:54:55,NDPS ACT SEC 8(c)/20(b)/22,CHEMICAL_PRECURSORS,INTERMEDIATE_QUANTITY,PENDING_TRIAL,85
FIR-CBE-2025-0864,5,Coimbatore Town PS 2,2,Coimbatore,2025-01-27 20:59:55,NDPS ACT SEC 8(c)/20(b)/22,COMMERCIAL_GANJA,SMALL_QUANTITY,PENDING_TRIAL,93
FIR-VRD-2025-0865,136,Virudhunagar Town PS 5,31,Virudhunagar,2025-10-25 09:42:30,NDPS ACT SEC 8(c)/20(b)/22,PRESCRIPTION_NARCOTICS,COMMERCIAL_QUANTITY,CHARGESHEET_FILED,92
FIR-PBL-2026-0866,115,Perambalur Town PS 2,27,Perambalur,2025-09-27 06:29:22,NDPS ACT SEC 8(c)/20(b)/22,PRESCRIPTION_NARCOTICS,COMMERCIAL_QUANTITY,CHARGESHEET_FILED,92
FIR-DGL-2026-0867,40,Dindigul Town PS 1,11,Dindigul,2025-10-31 00:16:28,NDPS ACT SEC 8(c)/20(b)/22,COMMERCIAL_GANJA,COMMERCIAL_QUANTITY,PENDING_TRIAL,85
FIR-KCP-2025-0868,65,Kancheepuram Town PS 1,16,Kancheepuram,2025-09-19 05:36:22,NDPS ACT SEC 8(c)/20(b)/22,PRESCRIPTION_NARCOTICS,COMMERCIAL_QUANTITY,PENDING_TRIAL,86
FIR-TNJ-2025-0869,44,Thanjavur Town PS 1,12,Thanjavur,2025-01-17 08:02:48,NDPS ACT SEC 8(c)/20(b)/22,COMMERCIAL_GANJA,SMALL_QUANTITY,UNDER_INVESTIGATION,99
FIR-KCP-2026-0870,67,Kancheepuram Town PS 3,16,Kancheepuram,2024-12-29 11:20:16,NDPS ACT SEC 8(c)/20(b)/22,UNKNOWN_CONTRABAND,INTERMEDIATE_QUANTITY,UNDER_INVESTIGATION,98
FIR-DGL-2026-0871,43,Dindigul Town PS 4,11,Dindigul,2025-08-23 15:55:29,NDPS ACT SEC 8(c)/20(b)/22,UNKNOWN_CONTRABAND,COMMERCIAL_QUANTITY,PENDING_TRIAL,93
FIR-SLM-2025-0872,15,Salem Town PS 2,4,Salem,2025-06-30 18:48:09,NDPS ACT SEC 8(c)/20(b)/22,PRESCRIPTION_NARCOTICS,INTERMEDIATE_QUANTITY,UNDER_INVESTIGATION,85
FIR-TUT-2025-0873,49,Thoothukudi Town PS 2,13,Thoothukudi,2026-07-16 00:40:30,NDPS ACT SEC 8(c)/20(b)/22,COMMERCIAL_GANJA,INTERMEDIATE_QUANTITY,PENDING_TRIAL,89
FIR-TPR-2025-0874,28,Tiruppur Town PS 1,7,Tiruppur,2024-10-14 22:40:02,NDPS ACT SEC 8(c)/20(b)/22,CHEMICAL_PRECURSORS,COMMERCIAL_QUANTITY,CHARGESHEET_FILED,87
FIR-SLM-2026-0875,15,Salem Town PS 2,4,Salem,2025-09-14 14:16:18,NDPS ACT SEC 8(c)/20(b)/22,UNKNOWN_CONTRABAND,SMALL_QUANTITY,CHARGESHEET_FILED,94
FIR-CBE-2026-0876,9,Coimbatore Town PS 6,2,Coimbatore,2025-11-15 18:55:43,NDPS ACT SEC 8(c)/20(b)/22,OPIOID_ANALOGUES,SMALL_QUANTITY,PENDING_TRIAL,93
FIR-SVG-2025-0877,125,Sivaganga Town PS 3,29,Sivaganga,2025-02-26 10:00:00,NDPS ACT SEC 8(c)/20(b)/22,OPIOID_ANALOGUES,COMMERCIAL_QUANTITY,CHARGESHEET_FILED,91
FIR-TVR-2026-0878,141,Thiruvarur Town PS 1,33,Thiruvarur,2026-05-23 08:34:05,NDPS ACT SEC 8(c)/20(b)/22,UNKNOWN_CONTRABAND,COMMERCIAL_QUANTITY,CHARGESHEET_FILED,98
FIR-NIL-2025-0879,105,Nilgiris Town PS 3,24,Nilgiris,2026-06-20 17:41:25,NDPS ACT SEC 8(c)/20(b)/22,CHEMICAL_PRECURSORS,SMALL_QUANTITY,UNDER_INVESTIGATION,87
FIR-TLR-2026-0880,77,Tiruvallur Town PS 3,18,Tiruvallur,2026-06-27 17:10:37,NDPS ACT SEC 8(c)/20(b)/22,UNKNOWN_CONTRABAND,SMALL_QUANTITY,UNDER_INVESTIGATION,97
FIR-NMK-2026-0881,102,Namakkal Town PS 5,23,Namakkal,2024-09-27 09:01:24,NDPS ACT SEC 8(c)/20(b)/22,SYNTHETIC_MDMA,INTERMEDIATE_QUANTITY,UNDER_INVESTIGATION,93
FIR-DPI-2026-0882,96,Dharmapuri Town PS 4,22,Dharmapuri,2026-01-30 18:32:13,NDPS ACT SEC 8(c)/20(b)/22,SYNTHETIC_MDMA,SMALL_QUANTITY,UNDER_INVESTIGATION,91
FIR-DPI-2025-0883,97,Dharmapuri Town PS 5,22,Dharmapuri,2025-08-26 02:31:06,NDPS ACT SEC 8(c)/20(b)/22,PRESCRIPTION_NARCOTICS,SMALL_QUANTITY,PENDING_TRIAL,86
FIR-SLM-2026-0884,15,Salem Town PS 2,4,Salem,2026-03-21 00:38:22,NDPS ACT SEC 8(c)/20(b)/22,COMMERCIAL_GANJA,INTERMEDIATE_QUANTITY,UNDER_INVESTIGATION,91
FIR-CGL-2026-0885,73,Chengalpattu Town PS 4,17,Chengalpattu,2025-09-18 03:42:33,NDPS ACT SEC 8(c)/20(b)/22,COMMERCIAL_GANJA,SMALL_QUANTITY,UNDER_INVESTIGATION,91
FIR-NMK-2026-0886,99,Namakkal Town PS 2,23,Namakkal,2026-08-02 06:49:58,NDPS ACT SEC 8(c)/20(b)/22,PRESCRIPTION_NARCOTICS,COMMERCIAL_QUANTITY,UNDER_INVESTIGATION,88
FIR-KCP-2026-0887,65,Kancheepuram Town PS 1,16,Kancheepuram,2026-03-29 13:55:48,NDPS ACT SEC 8(c)/20(b)/22,OPIOID_ANALOGUES,SMALL_QUANTITY,PENDING_TRIAL,85
FIR-NIL-2025-0888,106,Nilgiris Town PS 4,24,Nilgiris,2024-12-17 13:57:29,NDPS ACT SEC 8(c)/20(b)/22,PRESCRIPTION_NARCOTICS,COMMERCIAL_QUANTITY,UNDER_INVESTIGATION,94
FIR-TPR-2025-0889,30,Tiruppur Town PS 3,7,Tiruppur,2026-05-10 23:14:02,NDPS ACT SEC 8(c)/20(b)/22,CHEMICAL_PRECURSORS,SMALL_QUANTITY,UNDER_INVESTIGATION,94
FIR-NIL-2026-0890,104,Nilgiris Town PS 2,24,Nilgiris,2026-07-08 11:48:27,NDPS ACT SEC 8(c)/20(b)/22,UNKNOWN_CONTRABAND,COMMERCIAL_QUANTITY,CHARGESHEET_FILED,86
FIR-TLR-2025-0891,76,Tiruvallur Town PS 2,18,Tiruvallur,2025-11-13 03:27:15,NDPS ACT SEC 8(c)/20(b)/22,COMMERCIAL_GANJA,INTERMEDIATE_QUANTITY,PENDING_TRIAL,99
FIR-TNJ-2026-0892,45,Thanjavur Town PS 2,12,Thanjavur,2025-06-22 08:05:27,NDPS ACT SEC 8(c)/20(b)/22,OPIOID_ANALOGUES,SMALL_QUANTITY,UNDER_INVESTIGATION,88
FIR-KCP-2026-0893,68,Kancheepuram Town PS 4,16,Kancheepuram,2025-12-17 20:47:24,NDPS ACT SEC 8(c)/20(b)/22,CHEMICAL_PRECURSORS,INTERMEDIATE_QUANTITY,UNDER_INVESTIGATION,89
FIR-VEL-2026-0894,35,Vellore Town PS 2,9,Vellore,2026-05-04 00:53:33,NDPS ACT SEC 8(c)/20(b)/22,UNKNOWN_CONTRABAND,SMALL_QUANTITY,PENDING_TRIAL,86
FIR-PDK-2025-0895,119,Pudukkottai Town PS 2,28,Pudukkottai,2025-05-11 00:11:15,NDPS ACT SEC 8(c)/20(b)/22,COMMERCIAL_GANJA,SMALL_QUANTITY,PENDING_TRIAL,90
FIR-VRD-2026-0896,134,Virudhunagar Town PS 3,31,Virudhunagar,2026-07-30 21:16:02,NDPS ACT SEC 8(c)/20(b)/22,CHEMICAL_PRECURSORS,INTERMEDIATE_QUANTITY,UNDER_INVESTIGATION,90
FIR-DGL-2025-0897,43,Dindigul Town PS 4,11,Dindigul,2026-06-29 05:36:45,NDPS ACT SEC 8(c)/20(b)/22,SYNTHETIC_MDMA,SMALL_QUANTITY,PENDING_TRIAL,90
FIR-DGL-2026-0898,42,Dindigul Town PS 3,11,Dindigul,2026-04-28 18:30:05,NDPS ACT SEC 8(c)/20(b)/22,SYNTHETIC_MDMA,SMALL_QUANTITY,UNDER_INVESTIGATION,92
FIR-CUD-2026-0899,78,Cuddalore Town PS 1,19,Cuddalore,2026-07-22 08:02:18,NDPS ACT SEC 8(c)/20(b)/22,SYNTHETIC_MDMA,INTERMEDIATE_QUANTITY,PENDING_TRIAL,86
FIR-RMD-2026-0900,131,Ramanathapuram Town PS 5,30,Ramanathapuram,2026-06-21 23:27:48,NDPS ACT SEC 8(c)/20(b)/22,PRESCRIPTION_NARCOTICS,SMALL_QUANTITY,PENDING_TRIAL,98
FIR-TSI-2025-0901,60,Tenkasi Town PS 1,15,Tenkasi,2026-03-02 00:41:25,NDPS ACT SEC 8(c)/20(b)/22,SYNTHETIC_MDMA,INTERMEDIATE_QUANTITY,PENDING_TRIAL,86
FIR-PDK-2025-0902,118,Pudukkottai Town PS 1,28,Pudukkottai,2026-03-10 07:44:29,NDPS ACT SEC 8(c)/20(b)/22,SYNTHETIC_MDMA,COMMERCIAL_QUANTITY,UNDER_INVESTIGATION,97
FIR-CUD-2025-0903,82,Cuddalore Town PS 5,19,Cuddalore,2025-03-21 02:02:13,NDPS ACT SEC 8(c)/20(b)/22,UNKNOWN_CONTRABAND,SMALL_QUANTITY,CHARGESHEET_FILED,93
FIR-TUT-2025-0904,53,Thoothukudi Town PS 6,13,Thoothukudi,2026-02-17 17:21:43,NDPS ACT SEC 8(c)/20(b)/22,COMMERCIAL_GANJA,COMMERCIAL_QUANTITY,UNDER_INVESTIGATION,85
FIR-KRI-2026-0905,39,Krishnagiri Town PS 3,10,Krishnagiri,2025-06-15 16:56:08,NDPS ACT SEC 8(c)/20(b)/22,CHEMICAL_PRECURSORS,SMALL_QUANTITY,CHARGESHEET_FILED,90
FIR-ARI-2026-0906,111,Ariyalur Town PS 2,26,Ariyalur,2025-01-29 22:40:39,NDPS ACT SEC 8(c)/20(b)/22,CHEMICAL_PRECURSORS,COMMERCIAL_QUANTITY,PENDING_TRIAL,86
FIR-TVM-2025-0907,165,Tiruvannamalai Town PS 1,38,Tiruvannamalai,2025-11-18 09:52:38,NDPS ACT SEC 8(c)/20(b)/22,OPIOID_ANALOGUES,INTERMEDIATE_QUANTITY,UNDER_INVESTIGATION,94
FIR-VRD-2026-0908,134,Virudhunagar Town PS 3,31,Virudhunagar,2026-02-05 03:46:56,NDPS ACT SEC 8(c)/20(b)/22,OPIOID_ANALOGUES,SMALL_QUANTITY,CHARGESHEET_FILED,99
FIR-TVM-2025-0909,165,Tiruvannamalai Town PS 1,38,Tiruvannamalai,2025-07-05 14:01:44,NDPS ACT SEC 8(c)/20(b)/22,CHEMICAL_PRECURSORS,COMMERCIAL_QUANTITY,CHARGESHEET_FILED,90
FIR-NMK-2026-0910,98,Namakkal Town PS 1,23,Namakkal,2025-08-10 01:55:06,NDPS ACT SEC 8(c)/20(b)/22,PRESCRIPTION_NARCOTICS,SMALL_QUANTITY,CHARGESHEET_FILED,95
FIR-DGL-2025-0911,40,Dindigul Town PS 1,11,Dindigul,2025-07-29 17:09:30,NDPS ACT SEC 8(c)/20(b)/22,CHEMICAL_PRECURSORS,COMMERCIAL_QUANTITY,UNDER_INVESTIGATION,88
FIR-RMD-2026-0912,128,Ramanathapuram Town PS 2,30,Ramanathapuram,2025-09-08 12:46:37,NDPS ACT SEC 8(c)/20(b)/22,COMMERCIAL_GANJA,COMMERCIAL_QUANTITY,PENDING_TRIAL,91
FIR-ARI-2025-0913,111,Ariyalur Town PS 2,26,Ariyalur,2026-08-12 18:26:43,NDPS ACT SEC 8(c)/20(b)/22,COMMERCIAL_GANJA,INTERMEDIATE_QUANTITY,PENDING_TRIAL,94
FIR-TPJ-2025-0914,20,Tiruchirappalli Town PS 3,5,Tiruchirappalli,2025-11-10 07:55:03,NDPS ACT SEC 8(c)/20(b)/22,SYNTHETIC_MDMA,SMALL_QUANTITY,UNDER_INVESTIGATION,89
FIR-MYD-2026-0915,151,Mayiladuthurai Town PS 1,35,Mayiladuthurai,2025-07-09 02:41:25,NDPS ACT SEC 8(c)/20(b)/22,UNKNOWN_CONTRABAND,INTERMEDIATE_QUANTITY,UNDER_INVESTIGATION,89
FIR-RMD-2025-0916,127,Ramanathapuram Town PS 1,30,Ramanathapuram,2026-08-15 13:09:15,NDPS ACT SEC 8(c)/20(b)/22,UNKNOWN_CONTRABAND,COMMERCIAL_QUANTITY,PENDING_TRIAL,88
FIR-DGL-2025-0917,41,Dindigul Town PS 2,11,Dindigul,2026-07-09 22:21:00,NDPS ACT SEC 8(c)/20(b)/22,OPIOID_ANALOGUES,INTERMEDIATE_QUANTITY,UNDER_INVESTIGATION,98
FIR-ARI-2026-0918,113,Ariyalur Town PS 4,26,Ariyalur,2025-12-25 11:48:20,NDPS ACT SEC 8(c)/20(b)/22,OPIOID_ANALOGUES,SMALL_QUANTITY,CHARGESHEET_FILED,96
FIR-MYD-2026-0919,154,Mayiladuthurai Town PS 4,35,Mayiladuthurai,2026-01-20 21:21:44,NDPS ACT SEC 8(c)/20(b)/22,CHEMICAL_PRECURSORS,COMMERCIAL_QUANTITY,UNDER_INVESTIGATION,85
FIR-MYD-2025-0920,154,Mayiladuthurai Town PS 4,35,Mayiladuthurai,2025-01-30 18:13:44,NDPS ACT SEC 8(c)/20(b)/22,SYNTHETIC_MDMA,COMMERCIAL_QUANTITY,CHARGESHEET_FILED,99
FIR-TPJ-2026-0921,22,Tiruchirappalli Town PS 5,5,Tiruchirappalli,2025-06-25 06:42:42,NDPS ACT SEC 8(c)/20(b)/22,SYNTHETIC_MDMA,COMMERCIAL_QUANTITY,PENDING_TRIAL,89
FIR-KRI-2026-0922,39,Krishnagiri Town PS 3,10,Krishnagiri,2026-05-10 08:37:03,NDPS ACT SEC 8(c)/20(b)/22,OPIOID_ANALOGUES,INTERMEDIATE_QUANTITY,PENDING_TRIAL,89
FIR-SVG-2026-0923,125,Sivaganga Town PS 3,29,Sivaganga,2025-04-30 17:11:56,NDPS ACT SEC 8(c)/20(b)/22,CHEMICAL_PRECURSORS,COMMERCIAL_QUANTITY,CHARGESHEET_FILED,89
FIR-VRD-2026-0924,132,Virudhunagar Town PS 1,31,Virudhunagar,2026-04-21 04:42:21,NDPS ACT SEC 8(c)/20(b)/22,SYNTHETIC_MDMA,SMALL_QUANTITY,UNDER_INVESTIGATION,97
FIR-TPJ-2025-0925,19,Tiruchirappalli Town PS 2,5,Tiruchirappalli,2025-06-24 18:41:10,NDPS ACT SEC 8(c)/20(b)/22,UNKNOWN_CONTRABAND,COMMERCIAL_QUANTITY,UNDER_INVESTIGATION,85
FIR-SVG-2025-0926,124,Sivaganga Town PS 2,29,Sivaganga,2024-12-19 09:41:10,NDPS ACT SEC 8(c)/20(b)/22,SYNTHETIC_MDMA,INTERMEDIATE_QUANTITY,PENDING_TRIAL,97
FIR-CBE-2025-0927,4,Coimbatore Town PS 1,2,Coimbatore,2025-10-04 09:54:49,NDPS ACT SEC 8(c)/20(b)/22,PRESCRIPTION_NARCOTICS,SMALL_QUANTITY,PENDING_TRIAL,88
FIR-RNP-2025-0928,159,Ranipet Town PS 4,36,Ranipet,2025-01-27 12:55:42,NDPS ACT SEC 8(c)/20(b)/22,CHEMICAL_PRECURSORS,SMALL_QUANTITY,UNDER_INVESTIGATION,96
FIR-NIL-2026-0929,105,Nilgiris Town PS 3,24,Nilgiris,2025-06-08 04:10:54,NDPS ACT SEC 8(c)/20(b)/22,COMMERCIAL_GANJA,SMALL_QUANTITY,PENDING_TRIAL,88
FIR-DGL-2025-0930,40,Dindigul Town PS 1,11,Dindigul,2025-01-31 02:02:09,NDPS ACT SEC 8(c)/20(b)/22,OPIOID_ANALOGUES,INTERMEDIATE_QUANTITY,CHARGESHEET_FILED,94
FIR-KCP-2026-0931,69,Kancheepuram Town PS 5,16,Kancheepuram,2026-04-22 20:06:10,NDPS ACT SEC 8(c)/20(b)/22,COMMERCIAL_GANJA,INTERMEDIATE_QUANTITY,UNDER_INVESTIGATION,98
FIR-VEL-2025-0932,35,Vellore Town PS 2,9,Vellore,2025-09-25 16:07:38,NDPS ACT SEC 8(c)/20(b)/22,COMMERCIAL_GANJA,INTERMEDIATE_QUANTITY,UNDER_INVESTIGATION,96
FIR-VEL-2025-0933,34,Vellore Town PS 1,9,Vellore,2025-10-04 14:04:40,NDPS ACT SEC 8(c)/20(b)/22,COMMERCIAL_GANJA,SMALL_QUANTITY,PENDING_TRIAL,94
FIR-KRI-2025-0934,37,Krishnagiri Town PS 1,10,Krishnagiri,2025-04-22 17:04:54,NDPS ACT SEC 8(c)/20(b)/22,UNKNOWN_CONTRABAND,INTERMEDIATE_QUANTITY,CHARGESHEET_FILED,99
FIR-VLP-2025-0935,85,Viluppuram Town PS 2,20,Viluppuram,2026-04-29 21:38:25,NDPS ACT SEC 8(c)/20(b)/22,OPIOID_ANALOGUES,INTERMEDIATE_QUANTITY,CHARGESHEET_FILED,95
FIR-CGL-2025-0936,73,Chengalpattu Town PS 4,17,Chengalpattu,2026-01-10 03:12:09,NDPS ACT SEC 8(c)/20(b)/22,PRESCRIPTION_NARCOTICS,COMMERCIAL_QUANTITY,PENDING_TRIAL,92
FIR-KCP-2026-0937,66,Kancheepuram Town PS 2,16,Kancheepuram,2025-04-24 04:29:08,NDPS ACT SEC 8(c)/20(b)/22,SYNTHETIC_MDMA,COMMERCIAL_QUANTITY,PENDING_TRIAL,92
FIR-VEL-2026-0938,36,Vellore Town PS 3,9,Vellore,2026-06-05 16:07:10,NDPS ACT SEC 8(c)/20(b)/22,OPIOID_ANALOGUES,INTERMEDIATE_QUANTITY,CHARGESHEET_FILED,96
FIR-TVM-2025-0939,166,Tiruvannamalai Town PS 2,38,Tiruvannamalai,2025-09-25 04:05:04,NDPS ACT SEC 8(c)/20(b)/22,OPIOID_ANALOGUES,INTERMEDIATE_QUANTITY,PENDING_TRIAL,98
FIR-CUD-2026-0940,82,Cuddalore Town PS 5,19,Cuddalore,2024-09-23 13:51:14,NDPS ACT SEC 8(c)/20(b)/22,SYNTHETIC_MDMA,COMMERCIAL_QUANTITY,CHARGESHEET_FILED,94
FIR-KRR-2025-0941,109,Karur Town PS 3,25,Karur,2025-09-17 22:10:53,NDPS ACT SEC 8(c)/20(b)/22,COMMERCIAL_GANJA,COMMERCIAL_QUANTITY,CHARGESHEET_FILED,94
FIR-MYD-2026-0942,151,Mayiladuthurai Town PS 1,35,Mayiladuthurai,2026-08-05 11:06:45,NDPS ACT SEC 8(c)/20(b)/22,CHEMICAL_PRECURSORS,COMMERCIAL_QUANTITY,UNDER_INVESTIGATION,91
FIR-SLM-2026-0943,15,Salem Town PS 2,4,Salem,2025-12-12 11:21:05,NDPS ACT SEC 8(c)/20(b)/22,OPIOID_ANALOGUES,SMALL_QUANTITY,UNDER_INVESTIGATION,99
FIR-VRD-2026-0944,136,Virudhunagar Town PS 5,31,Virudhunagar,2026-07-01 05:07:15,NDPS ACT SEC 8(c)/20(b)/22,UNKNOWN_CONTRABAND,COMMERCIAL_QUANTITY,PENDING_TRIAL,98
FIR-VEL-2026-0945,34,Vellore Town PS 1,9,Vellore,2025-10-22 23:09:50,NDPS ACT SEC 8(c)/20(b)/22,SYNTHETIC_MDMA,COMMERCIAL_QUANTITY,PENDING_TRIAL,94
FIR-DGL-2025-0946,41,Dindigul Town PS 2,11,Dindigul,2025-11-02 03:37:49,NDPS ACT SEC 8(c)/20(b)/22,UNKNOWN_CONTRABAND,INTERMEDIATE_QUANTITY,UNDER_INVESTIGATION,93
FIR-RNP-2025-0947,157,Ranipet Town PS 2,36,Ranipet,2025-08-22 01:54:40,NDPS ACT SEC 8(c)/20(b)/22,COMMERCIAL_GANJA,INTERMEDIATE_QUANTITY,UNDER_INVESTIGATION,88
FIR-TLR-2025-0948,77,Tiruvallur Town PS 3,18,Tiruvallur,2025-06-19 21:15:27,NDPS ACT SEC 8(c)/20(b)/22,UNKNOWN_CONTRABAND,SMALL_QUANTITY,PENDING_TRIAL,85
FIR-KLK-2026-0949,92,Kallakurichi Town PS 6,21,Kallakurichi,2026-05-30 08:12:56,NDPS ACT SEC 8(c)/20(b)/22,PRESCRIPTION_NARCOTICS,INTERMEDIATE_QUANTITY,PENDING_TRIAL,87
FIR-RMD-2026-0950,130,Ramanathapuram Town PS 4,30,Ramanathapuram,2025-11-02 09:45:39,NDPS ACT SEC 8(c)/20(b)/22,CHEMICAL_PRECURSORS,SMALL_QUANTITY,PENDING_TRIAL,89
FIR-TPR_N-2026-0951,164,Tirupathur Town PS 4,37,Tirupathur,2026-04-20 15:58:11,NDPS ACT SEC 8(c)/20(b)/22,OPIOID_ANALOGUES,INTERMEDIATE_QUANTITY,PENDING_TRIAL,93
FIR-PDK-2025-0952,118,Pudukkottai Town PS 1,28,Pudukkottai,2026-08-14 20:07:45,NDPS ACT SEC 8(c)/20(b)/22,OPIOID_ANALOGUES,INTERMEDIATE_QUANTITY,PENDING_TRIAL,88
FIR-RMD-2025-0953,130,Ramanathapuram Town PS 4,30,Ramanathapuram,2025-04-02 16:33:35,NDPS ACT SEC 8(c)/20(b)/22,COMMERCIAL_GANJA,INTERMEDIATE_QUANTITY,PENDING_TRIAL,87
FIR-TVR-2026-0954,146,Thiruvarur Town PS 6,33,Thiruvarur,2025-09-23 13:38:39,NDPS ACT SEC 8(c)/20(b)/22,OPIOID_ANALOGUES,SMALL_QUANTITY,PENDING_TRIAL,95
FIR-DPI-2025-0955,97,Dharmapuri Town PS 5,22,Dharmapuri,2025-07-16 19:57:14,NDPS ACT SEC 8(c)/20(b)/22,OPIOID_ANALOGUES,INTERMEDIATE_QUANTITY,UNDER_INVESTIGATION,94
FIR-PBL-2025-0956,114,Perambalur Town PS 1,27,Perambalur,2025-01-28 03:44:22,NDPS ACT SEC 8(c)/20(b)/22,OPIOID_ANALOGUES,INTERMEDIATE_QUANTITY,PENDING_TRIAL,94
FIR-KLK-2026-0957,88,Kallakurichi Town PS 2,21,Kallakurichi,2025-11-25 13:38:18,NDPS ACT SEC 8(c)/20(b)/22,UNKNOWN_CONTRABAND,SMALL_QUANTITY,UNDER_INVESTIGATION,96
FIR-DPI-2026-0958,96,Dharmapuri Town PS 4,22,Dharmapuri,2026-04-30 06:11:22,NDPS ACT SEC 8(c)/20(b)/22,SYNTHETIC_MDMA,INTERMEDIATE_QUANTITY,PENDING_TRIAL,99
FIR-VLP-2025-0959,84,Viluppuram Town PS 1,20,Viluppuram,2026-04-04 09:04:37,NDPS ACT SEC 8(c)/20(b)/22,OPIOID_ANALOGUES,COMMERCIAL_QUANTITY,UNDER_INVESTIGATION,88
FIR-ERD-2026-0960,33,Erode Town PS 3,8,Erode,2025-05-18 05:29:31,NDPS ACT SEC 8(c)/20(b)/22,COMMERCIAL_GANJA,SMALL_QUANTITY,UNDER_INVESTIGATION,97
FIR-PBL-2025-0961,116,Perambalur Town PS 3,27,Perambalur,2026-07-30 08:20:01,NDPS ACT SEC 8(c)/20(b)/22,OPIOID_ANALOGUES,INTERMEDIATE_QUANTITY,UNDER_INVESTIGATION,87
FIR-PDK-2025-0962,120,Pudukkottai Town PS 3,28,Pudukkottai,2024-12-10 00:17:32,NDPS ACT SEC 8(c)/20(b)/22,UNKNOWN_CONTRABAND,COMMERCIAL_QUANTITY,PENDING_TRIAL,94
FIR-TUT-2026-0963,52,Thoothukudi Town PS 5,13,Thoothukudi,2026-06-16 05:38:58,NDPS ACT SEC 8(c)/20(b)/22,PRESCRIPTION_NARCOTICS,SMALL_QUANTITY,PENDING_TRIAL,90
FIR-CGL-2026-0964,70,Chengalpattu Town PS 1,17,Chengalpattu,2025-05-30 07:09:58,NDPS ACT SEC 8(c)/20(b)/22,CHEMICAL_PRECURSORS,SMALL_QUANTITY,PENDING_TRIAL,90
FIR-KRR-2025-0965,107,Karur Town PS 1,25,Karur,2026-08-18 16:38:37,NDPS ACT SEC 8(c)/20(b)/22,COMMERCIAL_GANJA,SMALL_QUANTITY,PENDING_TRIAL,97
FIR-CBE-2026-0966,7,Coimbatore Town PS 4,2,Coimbatore,2025-08-14 10:34:45,NDPS ACT SEC 8(c)/20(b)/22,OPIOID_ANALOGUES,INTERMEDIATE_QUANTITY,PENDING_TRIAL,93
FIR-NIL-2025-0967,104,Nilgiris Town PS 2,24,Nilgiris,2025-02-25 02:55:14,NDPS ACT SEC 8(c)/20(b)/22,CHEMICAL_PRECURSORS,INTERMEDIATE_QUANTITY,UNDER_INVESTIGATION,89
FIR-PBL-2026-0968,116,Perambalur Town PS 3,27,Perambalur,2025-09-01 12:32:45,NDPS ACT SEC 8(c)/20(b)/22,COMMERCIAL_GANJA,SMALL_QUANTITY,UNDER_INVESTIGATION,92
FIR-TIN-2025-0969,26,Tirunelveli Town PS 3,6,Tirunelveli,2026-04-17 05:21:51,NDPS ACT SEC 8(c)/20(b)/22,PRESCRIPTION_NARCOTICS,INTERMEDIATE_QUANTITY,PENDING_TRIAL,89
FIR-TPR-2026-0970,28,Tiruppur Town PS 1,7,Tiruppur,2026-07-31 14:52:19,NDPS ACT SEC 8(c)/20(b)/22,CHEMICAL_PRECURSORS,SMALL_QUANTITY,CHARGESHEET_FILED,98
FIR-CUD-2025-0971,78,Cuddalore Town PS 1,19,Cuddalore,2024-11-21 01:42:01,NDPS ACT SEC 8(c)/20(b)/22,SYNTHETIC_MDMA,SMALL_QUANTITY,PENDING_TRIAL,89
FIR-CBE-2025-0972,7,Coimbatore Town PS 4,2,Coimbatore,2025-04-27 22:36:45,NDPS ACT SEC 8(c)/20(b)/22,PRESCRIPTION_NARCOTICS,INTERMEDIATE_QUANTITY,PENDING_TRIAL,91
FIR-CGL-2025-0973,71,Chengalpattu Town PS 2,17,Chengalpattu,2025-01-17 13:15:22,NDPS ACT SEC 8(c)/20(b)/22,COMMERCIAL_GANJA,COMMERCIAL_QUANTITY,UNDER_INVESTIGATION,88
FIR-TPR-2025-0974,28,Tiruppur Town PS 1,7,Tiruppur,2025-10-09 05:40:59,NDPS ACT SEC 8(c)/20(b)/22,UNKNOWN_CONTRABAND,COMMERCIAL_QUANTITY,CHARGESHEET_FILED,87
FIR-KRI-2025-0975,38,Krishnagiri Town PS 2,10,Krishnagiri,2026-05-06 02:50:25,NDPS ACT SEC 8(c)/20(b)/22,PRESCRIPTION_NARCOTICS,COMMERCIAL_QUANTITY,UNDER_INVESTIGATION,93
FIR-NMK-2025-0976,99,Namakkal Town PS 2,23,Namakkal,2026-05-25 14:22:31,NDPS ACT SEC 8(c)/20(b)/22,SYNTHETIC_MDMA,INTERMEDIATE_QUANTITY,CHARGESHEET_FILED,86
FIR-VRD-2025-0977,134,Virudhunagar Town PS 3,31,Virudhunagar,2025-08-21 01:51:30,NDPS ACT SEC 8(c)/20(b)/22,PRESCRIPTION_NARCOTICS,SMALL_QUANTITY,UNDER_INVESTIGATION,88
FIR-CHN-2025-0978,1,Chennai Town PS 1,1,Chennai,2026-02-19 19:13:49,NDPS ACT SEC 8(c)/20(b)/22,SYNTHETIC_MDMA,COMMERCIAL_QUANTITY,UNDER_INVESTIGATION,97
FIR-VEL-2025-0979,36,Vellore Town PS 3,9,Vellore,2026-03-16 12:29:48,NDPS ACT SEC 8(c)/20(b)/22,PRESCRIPTION_NARCOTICS,SMALL_QUANTITY,UNDER_INVESTIGATION,86
FIR-DPI-2025-0980,93,Dharmapuri Town PS 1,22,Dharmapuri,2025-09-06 09:24:12,NDPS ACT SEC 8(c)/20(b)/22,UNKNOWN_CONTRABAND,INTERMEDIATE_QUANTITY,PENDING_TRIAL,98
FIR-CBE-2025-0981,6,Coimbatore Town PS 3,2,Coimbatore,2025-04-30 06:27:44,NDPS ACT SEC 8(c)/20(b)/22,CHEMICAL_PRECURSORS,INTERMEDIATE_QUANTITY,UNDER_INVESTIGATION,98
FIR-NMK-2025-0982,98,Namakkal Town PS 1,23,Namakkal,2026-06-24 16:58:23,NDPS ACT SEC 8(c)/20(b)/22,CHEMICAL_PRECURSORS,SMALL_QUANTITY,UNDER_INVESTIGATION,99
FIR-TIN-2026-0983,27,Tirunelveli Town PS 4,6,Tirunelveli,2025-03-18 07:39:49,NDPS ACT SEC 8(c)/20(b)/22,CHEMICAL_PRECURSORS,INTERMEDIATE_QUANTITY,CHARGESHEET_FILED,87
FIR-SVG-2025-0984,126,Sivaganga Town PS 4,29,Sivaganga,2025-04-15 07:46:23,NDPS ACT SEC 8(c)/20(b)/22,UNKNOWN_CONTRABAND,COMMERCIAL_QUANTITY,CHARGESHEET_FILED,85
FIR-CBE-2025-0985,7,Coimbatore Town PS 4,2,Coimbatore,2025-02-02 10:19:21,NDPS ACT SEC 8(c)/20(b)/22,SYNTHETIC_MDMA,SMALL_QUANTITY,UNDER_INVESTIGATION,96
FIR-ARI-2025-0986,111,Ariyalur Town PS 2,26,Ariyalur,2025-05-25 08:37:34,NDPS ACT SEC 8(c)/20(b)/22,COMMERCIAL_GANJA,INTERMEDIATE_QUANTITY,UNDER_INVESTIGATION,87
FIR-VRD-2026-0987,133,Virudhunagar Town PS 2,31,Virudhunagar,2024-09-20 04:57:36,NDPS ACT SEC 8(c)/20(b)/22,PRESCRIPTION_NARCOTICS,SMALL_QUANTITY,CHARGESHEET_FILED,91
FIR-KCP-2026-0988,66,Kancheepuram Town PS 2,16,Kancheepuram,2026-06-04 10:29:15,NDPS ACT SEC 8(c)/20(b)/22,COMMERCIAL_GANJA,COMMERCIAL_QUANTITY,PENDING_TRIAL,90
FIR-MYD-2026-0989,152,Mayiladuthurai Town PS 2,35,Mayiladuthurai,2026-03-08 04:31:17,NDPS ACT SEC 8(c)/20(b)/22,COMMERCIAL_GANJA,INTERMEDIATE_QUANTITY,PENDING_TRIAL,94
FIR-KLK-2026-0990,90,Kallakurichi Town PS 4,21,Kallakurichi,2024-09-29 14:14:17,NDPS ACT SEC 8(c)/20(b)/22,OPIOID_ANALOGUES,SMALL_QUANTITY,CHARGESHEET_FILED,97
FIR-ARI-2026-0991,111,Ariyalur Town PS 2,26,Ariyalur,2026-08-04 23:16:38,NDPS ACT SEC 8(c)/20(b)/22,PRESCRIPTION_NARCOTICS,INTERMEDIATE_QUANTITY,PENDING_TRIAL,88
FIR-PBL-2025-0992,115,Perambalur Town PS 2,27,Perambalur,2025-03-19 07:41:38,NDPS ACT SEC 8(c)/20(b)/22,COMMERCIAL_GANJA,COMMERCIAL_QUANTITY,UNDER_INVESTIGATION,86
FIR-THI-2026-0993,138,Theni Town PS 1,32,Theni,2025-11-26 06:02:25,NDPS ACT SEC 8(c)/20(b)/22,PRESCRIPTION_NARCOTICS,INTERMEDIATE_QUANTITY,UNDER_INVESTIGATION,88
FIR-TNJ-2025-0994,46,Thanjavur Town PS 3,12,Thanjavur,2025-07-26 02:26:50,NDPS ACT SEC 8(c)/20(b)/22,SYNTHETIC_MDMA,SMALL_QUANTITY,CHARGESHEET_FILED,92
FIR-TNJ-2026-0995,46,Thanjavur Town PS 3,12,Thanjavur,2026-04-09 04:47:33,NDPS ACT SEC 8(c)/20(b)/22,UNKNOWN_CONTRABAND,SMALL_QUANTITY,PENDING_TRIAL,94
FIR-SVG-2025-0996,124,Sivaganga Town PS 2,29,Sivaganga,2024-11-29 15:02:51,NDPS ACT SEC 8(c)/20(b)/22,COMMERCIAL_GANJA,COMMERCIAL_QUANTITY,CHARGESHEET_FILED,87
FIR-TPJ-2026-0997,19,Tiruchirappalli Town PS 2,5,Tiruchirappalli,2025-08-25 22:49:00,NDPS ACT SEC 8(c)/20(b)/22,CHEMICAL_PRECURSORS,SMALL_QUANTITY,PENDING_TRIAL,93
FIR-TUT-2025-0998,53,Thoothukudi Town PS 6,13,Thoothukudi,2025-02-24 18:00:54,NDPS ACT SEC 8(c)/20(b)/22,OPIOID_ANALOGUES,SMALL_QUANTITY,PENDING_TRIAL,92
FIR-KCP-2025-0999,68,Kancheepuram Town PS 4,16,Kancheepuram,2024-12-24 11:53:25,NDPS ACT SEC 8(c)/20(b)/22,UNKNOWN_CONTRABAND,SMALL_QUANTITY,UNDER_INVESTIGATION,92
FIR-TSI-2025-1000,64,Tenkasi Town PS 5,15,Tenkasi,2025-04-29 07:13:24,NDPS ACT SEC 8(c)/20(b)/22,SYNTHETIC_MDMA,SMALL_QUANTITY,UNDER_INVESTIGATION,99
FIR-MDU-2026-1001,11,Madurai Town PS 2,3,Madurai,2026-03-12 16:26:42,NDPS ACT SEC 8(c)/20(b)/22,UNKNOWN_CONTRABAND,COMMERCIAL_QUANTITY,CHARGESHEET_FILED,99
FIR-TNJ-2025-1002,46,Thanjavur Town PS 3,12,Thanjavur,2025-05-25 20:59:55,NDPS ACT SEC 8(c)/20(b)/22,UNKNOWN_CONTRABAND,COMMERCIAL_QUANTITY,CHARGESHEET_FILED,85
FIR-RMD-2026-1003,129,Ramanathapuram Town PS 3,30,Ramanathapuram,2025-02-07 17:41:10,NDPS ACT SEC 8(c)/20(b)/22,OPIOID_ANALOGUES,SMALL_QUANTITY,PENDING_TRIAL,90
FIR-TLR-2026-1004,77,Tiruvallur Town PS 3,18,Tiruvallur,2026-07-23 06:44:13,NDPS ACT SEC 8(c)/20(b)/22,PRESCRIPTION_NARCOTICS,INTERMEDIATE_QUANTITY,PENDING_TRIAL,93
FIR-THI-2025-1005,138,Theni Town PS 1,32,Theni,2025-09-23 17:15:28,NDPS ACT SEC 8(c)/20(b)/22,PRESCRIPTION_NARCOTICS,SMALL_QUANTITY,UNDER_INVESTIGATION,89
FIR-PDK-2026-1006,120,Pudukkottai Town PS 3,28,Pudukkottai,2024-10-15 14:37:39,NDPS ACT SEC 8(c)/20(b)/22,SYNTHETIC_MDMA,SMALL_QUANTITY,CHARGESHEET_FILED,91
FIR-MDU-2025-1007,11,Madurai Town PS 2,3,Madurai,2025-09-18 15:13:32,NDPS ACT SEC 8(c)/20(b)/22,PRESCRIPTION_NARCOTICS,COMMERCIAL_QUANTITY,CHARGESHEET_FILED,93
FIR-TPR_N-2026-1008,162,Tirupathur Town PS 2,37,Tirupathur,2026-05-03 21:13:51,NDPS ACT SEC 8(c)/20(b)/22,SYNTHETIC_MDMA,COMMERCIAL_QUANTITY,PENDING_TRIAL,87
FIR-DGL-2026-1009,42,Dindigul Town PS 3,11,Dindigul,2025-07-09 21:44:46,NDPS ACT SEC 8(c)/20(b)/22,OPIOID_ANALOGUES,INTERMEDIATE_QUANTITY,UNDER_INVESTIGATION,85
FIR-KKI-2025-1010,58,Kanniyakumari Town PS 5,14,Kanniyakumari,2025-12-25 03:02:40,NDPS ACT SEC 8(c)/20(b)/22,SYNTHETIC_MDMA,INTERMEDIATE_QUANTITY,UNDER_INVESTIGATION,91
FIR-CGL-2025-1011,71,Chengalpattu Town PS 2,17,Chengalpattu,2025-06-29 03:55:18,NDPS ACT SEC 8(c)/20(b)/22,UNKNOWN_CONTRABAND,SMALL_QUANTITY,UNDER_INVESTIGATION,87
FIR-DGL-2026-1012,40,Dindigul Town PS 1,11,Dindigul,2025-11-16 01:01:02,NDPS ACT SEC 8(c)/20(b)/22,PRESCRIPTION_NARCOTICS,SMALL_QUANTITY,CHARGESHEET_FILED,96
FIR-KRI-2026-1013,38,Krishnagiri Town PS 2,10,Krishnagiri,2026-03-03 15:20:15,NDPS ACT SEC 8(c)/20(b)/22,SYNTHETIC_MDMA,INTERMEDIATE_QUANTITY,CHARGESHEET_FILED,97
FIR-MYD-2025-1014,152,Mayiladuthurai Town PS 2,35,Mayiladuthurai,2025-10-11 02:11:56,NDPS ACT SEC 8(c)/20(b)/22,UNKNOWN_CONTRABAND,INTERMEDIATE_QUANTITY,CHARGESHEET_FILED,92
FIR-VRD-2026-1015,135,Virudhunagar Town PS 4,31,Virudhunagar,2026-01-24 00:48:02,NDPS ACT SEC 8(c)/20(b)/22,SYNTHETIC_MDMA,COMMERCIAL_QUANTITY,UNDER_INVESTIGATION,91
FIR-CBE-2026-1016,8,Coimbatore Town PS 5,2,Coimbatore,2025-01-22 16:57:44,NDPS ACT SEC 8(c)/20(b)/22,SYNTHETIC_MDMA,SMALL_QUANTITY,PENDING_TRIAL,94
FIR-ARI-2026-1017,112,Ariyalur Town PS 3,26,Ariyalur,2025-04-30 06:03:12,NDPS ACT SEC 8(c)/20(b)/22,PRESCRIPTION_NARCOTICS,INTERMEDIATE_QUANTITY,CHARGESHEET_FILED,87
FIR-TVR-2025-1018,141,Thiruvarur Town PS 1,33,Thiruvarur,2026-01-12 00:53:01,NDPS ACT SEC 8(c)/20(b)/22,UNKNOWN_CONTRABAND,SMALL_QUANTITY,PENDING_TRIAL,85
FIR-PBL-2026-1019,117,Perambalur Town PS 4,27,Perambalur,2024-10-05 13:38:08,NDPS ACT SEC 8(c)/20(b)/22,OPIOID_ANALOGUES,INTERMEDIATE_QUANTITY,UNDER_INVESTIGATION,90
FIR-ARI-2026-1020,111,Ariyalur Town PS 2,26,Ariyalur,2025-08-09 21:43:28,NDPS ACT SEC 8(c)/20(b)/22,CHEMICAL_PRECURSORS,COMMERCIAL_QUANTITY,CHARGESHEET_FILED,98
FIR-THI-2026-1021,140,Theni Town PS 3,32,Theni,2026-06-09 17:15:01,NDPS ACT SEC 8(c)/20(b)/22,PRESCRIPTION_NARCOTICS,SMALL_QUANTITY,UNDER_INVESTIGATION,96
FIR-TPR-2026-1022,30,Tiruppur Town PS 3,7,Tiruppur,2024-09-28 19:15:59,NDPS ACT SEC 8(c)/20(b)/22,UNKNOWN_CONTRABAND,COMMERCIAL_QUANTITY,CHARGESHEET_FILED,93
FIR-KLK-2025-1023,88,Kallakurichi Town PS 2,21,Kallakurichi,2024-11-12 14:20:15,NDPS ACT SEC 8(c)/20(b)/22,PRESCRIPTION_NARCOTICS,INTERMEDIATE_QUANTITY,UNDER_INVESTIGATION,90
FIR-TUT-2025-1024,50,Thoothukudi Town PS 3,13,Thoothukudi,2025-05-04 07:13:08,NDPS ACT SEC 8(c)/20(b)/22,CHEMICAL_PRECURSORS,COMMERCIAL_QUANTITY,PENDING_TRIAL,89
FIR-PDK-2026-1025,121,Pudukkottai Town PS 4,28,Pudukkottai,2026-01-27 05:07:55,NDPS ACT SEC 8(c)/20(b)/22,CHEMICAL_PRECURSORS,SMALL_QUANTITY,UNDER_INVESTIGATION,90
FIR-TPJ-2026-1026,22,Tiruchirappalli Town PS 5,5,Tiruchirappalli,2025-11-07 14:56:48,NDPS ACT SEC 8(c)/20(b)/22,SYNTHETIC_MDMA,SMALL_QUANTITY,UNDER_INVESTIGATION,87
FIR-TIN-2025-1027,24,Tirunelveli Town PS 1,6,Tirunelveli,2024-11-10 00:01:21,NDPS ACT SEC 8(c)/20(b)/22,UNKNOWN_CONTRABAND,COMMERCIAL_QUANTITY,PENDING_TRIAL,92
FIR-PBL-2026-1028,114,Perambalur Town PS 1,27,Perambalur,2024-09-19 19:11:09,NDPS ACT SEC 8(c)/20(b)/22,OPIOID_ANALOGUES,SMALL_QUANTITY,UNDER_INVESTIGATION,89
FIR-RNP-2026-1029,159,Ranipet Town PS 4,36,Ranipet,2026-04-14 23:45:28,NDPS ACT SEC 8(c)/20(b)/22,PRESCRIPTION_NARCOTICS,COMMERCIAL_QUANTITY,UNDER_INVESTIGATION,95
FIR-PDK-2025-1030,118,Pudukkottai Town PS 1,28,Pudukkottai,2025-11-19 04:18:25,NDPS ACT SEC 8(c)/20(b)/22,OPIOID_ANALOGUES,INTERMEDIATE_QUANTITY,PENDING_TRIAL,93
FIR-DPI-2025-1031,95,Dharmapuri Town PS 3,22,Dharmapuri,2025-03-18 15:20:45,NDPS ACT SEC 8(c)/20(b)/22,PRESCRIPTION_NARCOTICS,SMALL_QUANTITY,UNDER_INVESTIGATION,96
FIR-TSI-2025-1032,64,Tenkasi Town PS 5,15,Tenkasi,2025-04-12 18:51:10,NDPS ACT SEC 8(c)/20(b)/22,CHEMICAL_PRECURSORS,COMMERCIAL_QUANTITY,PENDING_TRIAL,87
FIR-ARI-2025-1033,111,Ariyalur Town PS 2,26,Ariyalur,2024-12-11 06:12:44,NDPS ACT SEC 8(c)/20(b)/22,UNKNOWN_CONTRABAND,INTERMEDIATE_QUANTITY,CHARGESHEET_FILED,94
FIR-TNJ-2026-1034,45,Thanjavur Town PS 2,12,Thanjavur,2026-03-03 08:28:45,NDPS ACT SEC 8(c)/20(b)/22,CHEMICAL_PRECURSORS,COMMERCIAL_QUANTITY,UNDER_INVESTIGATION,85
FIR-KKI-2025-1035,55,Kanniyakumari Town PS 2,14,Kanniyakumari,2025-02-12 06:48:13,NDPS ACT SEC 8(c)/20(b)/22,PRESCRIPTION_NARCOTICS,COMMERCIAL_QUANTITY,CHARGESHEET_FILED,98
FIR-NGP-2025-1036,148,Nagapattinam Town PS 2,34,Nagapattinam,2024-10-27 20:10:03,NDPS ACT SEC 8(c)/20(b)/22,OPIOID_ANALOGUES,SMALL_QUANTITY,CHARGESHEET_FILED,85
FIR-SVG-2026-1037,126,Sivaganga Town PS 4,29,Sivaganga,2025-05-30 06:13:15,NDPS ACT SEC 8(c)/20(b)/22,COMMERCIAL_GANJA,COMMERCIAL_QUANTITY,CHARGESHEET_FILED,89
FIR-CUD-2025-1038,78,Cuddalore Town PS 1,19,Cuddalore,2026-06-11 05:17:50,NDPS ACT SEC 8(c)/20(b)/22,PRESCRIPTION_NARCOTICS,INTERMEDIATE_QUANTITY,CHARGESHEET_FILED,97
FIR-TLR-2026-1039,75,Tiruvallur Town PS 1,18,Tiruvallur,2025-07-25 14:09:09,NDPS ACT SEC 8(c)/20(b)/22,UNKNOWN_CONTRABAND,COMMERCIAL_QUANTITY,PENDING_TRIAL,91
FIR-TPJ-2025-1040,20,Tiruchirappalli Town PS 3,5,Tiruchirappalli,2024-12-17 00:37:27,NDPS ACT SEC 8(c)/20(b)/22,UNKNOWN_CONTRABAND,COMMERCIAL_QUANTITY,CHARGESHEET_FILED,97
FIR-TLR-2026-1041,76,Tiruvallur Town PS 2,18,Tiruvallur,2025-01-25 00:43:12,NDPS ACT SEC 8(c)/20(b)/22,UNKNOWN_CONTRABAND,COMMERCIAL_QUANTITY,CHARGESHEET_FILED,87
FIR-CHN-2026-1042,3,Chennai Town PS 3,1,Chennai,2026-02-01 17:58:18,NDPS ACT SEC 8(c)/20(b)/22,UNKNOWN_CONTRABAND,INTERMEDIATE_QUANTITY,UNDER_INVESTIGATION,90
FIR-KLK-2025-1043,91,Kallakurichi Town PS 5,21,Kallakurichi,2025-04-10 13:55:53,NDPS ACT SEC 8(c)/20(b)/22,COMMERCIAL_GANJA,SMALL_QUANTITY,CHARGESHEET_FILED,89
FIR-CBE-2025-1044,9,Coimbatore Town PS 6,2,Coimbatore,2026-01-05 14:35:19,NDPS ACT SEC 8(c)/20(b)/22,PRESCRIPTION_NARCOTICS,COMMERCIAL_QUANTITY,UNDER_INVESTIGATION,93
FIR-TPR_N-2025-1045,161,Tirupathur Town PS 1,37,Tirupathur,2025-02-14 18:21:00,NDPS ACT SEC 8(c)/20(b)/22,OPIOID_ANALOGUES,COMMERCIAL_QUANTITY,UNDER_INVESTIGATION,85
FIR-MDU-2025-1046,10,Madurai Town PS 1,3,Madurai,2025-10-29 06:15:22,NDPS ACT SEC 8(c)/20(b)/22,COMMERCIAL_GANJA,INTERMEDIATE_QUANTITY,UNDER_INVESTIGATION,90
FIR-CHN-2026-1047,3,Chennai Town PS 3,1,Chennai,2026-08-05 06:33:56,NDPS ACT SEC 8(c)/20(b)/22,PRESCRIPTION_NARCOTICS,INTERMEDIATE_QUANTITY,CHARGESHEET_FILED,89
FIR-CHN-2026-1048,1,Chennai Town PS 1,1,Chennai,2026-02-13 11:37:01,NDPS ACT SEC 8(c)/20(b)/22,PRESCRIPTION_NARCOTICS,INTERMEDIATE_QUANTITY,UNDER_INVESTIGATION,89
FIR-KRI-2026-1049,38,Krishnagiri Town PS 2,10,Krishnagiri,2025-05-26 22:36:32,NDPS ACT SEC 8(c)/20(b)/22,OPIOID_ANALOGUES,COMMERCIAL_QUANTITY,CHARGESHEET_FILED,94
FIR-DPI-2026-1050,95,Dharmapuri Town PS 3,22,Dharmapuri,2024-09-25 07:33:38,NDPS ACT SEC 8(c)/20(b)/22,SYNTHETIC_MDMA,COMMERCIAL_QUANTITY,CHARGESHEET_FILED,86
FIR-TUT-2025-1051,52,Thoothukudi Town PS 5,13,Thoothukudi,2026-04-05 20:55:22,NDPS ACT SEC 8(c)/20(b)/22,UNKNOWN_CONTRABAND,COMMERCIAL_QUANTITY,PENDING_TRIAL,92
FIR-KKI-2026-1052,57,Kanniyakumari Town PS 4,14,Kanniyakumari,2025-05-02 22:21:07,NDPS ACT SEC 8(c)/20(b)/22,UNKNOWN_CONTRABAND,COMMERCIAL_QUANTITY,UNDER_INVESTIGATION,92
FIR-TPR_N-2025-1053,164,Tirupathur Town PS 4,37,Tirupathur,2026-03-08 16:44:34,NDPS ACT SEC 8(c)/20(b)/22,COMMERCIAL_GANJA,SMALL_QUANTITY,PENDING_TRIAL,91
FIR-MYD-2026-1054,152,Mayiladuthurai Town PS 2,35,Mayiladuthurai,2025-05-09 16:58:02,NDPS ACT SEC 8(c)/20(b)/22,COMMERCIAL_GANJA,COMMERCIAL_QUANTITY,PENDING_TRIAL,99
FIR-CGL-2025-1055,74,Chengalpattu Town PS 5,17,Chengalpattu,2025-12-03 00:00:01,NDPS ACT SEC 8(c)/20(b)/22,UNKNOWN_CONTRABAND,COMMERCIAL_QUANTITY,PENDING_TRIAL,97
FIR-MYD-2025-1056,151,Mayiladuthurai Town PS 1,35,Mayiladuthurai,2024-09-30 02:45:52,NDPS ACT SEC 8(c)/20(b)/22,UNKNOWN_CONTRABAND,SMALL_QUANTITY,CHARGESHEET_FILED,91
FIR-VEL-2025-1057,34,Vellore Town PS 1,9,Vellore,2025-11-25 00:12:19,NDPS ACT SEC 8(c)/20(b)/22,SYNTHETIC_MDMA,COMMERCIAL_QUANTITY,PENDING_TRIAL,86
FIR-VRD-2026-1058,136,Virudhunagar Town PS 5,31,Virudhunagar,2026-05-08 01:07:20,NDPS ACT SEC 8(c)/20(b)/22,CHEMICAL_PRECURSORS,SMALL_QUANTITY,UNDER_INVESTIGATION,86
FIR-VEL-2025-1059,35,Vellore Town PS 2,9,Vellore,2025-07-04 09:57:31,NDPS ACT SEC 8(c)/20(b)/22,OPIOID_ANALOGUES,COMMERCIAL_QUANTITY,CHARGESHEET_FILED,92
FIR-PDK-2026-1060,119,Pudukkottai Town PS 2,28,Pudukkottai,2025-01-05 23:04:35,NDPS ACT SEC 8(c)/20(b)/22,COMMERCIAL_GANJA,SMALL_QUANTITY,PENDING_TRIAL,95
FIR-NMK-2025-1061,102,Namakkal Town PS 5,23,Namakkal,2024-11-11 16:46:34,NDPS ACT SEC 8(c)/20(b)/22,COMMERCIAL_GANJA,INTERMEDIATE_QUANTITY,UNDER_INVESTIGATION,98
FIR-KCP-2026-1062,68,Kancheepuram Town PS 4,16,Kancheepuram,2024-10-12 06:40:24,NDPS ACT SEC 8(c)/20(b)/22,COMMERCIAL_GANJA,SMALL_QUANTITY,PENDING_TRIAL,99
FIR-NGP-2025-1063,147,Nagapattinam Town PS 1,34,Nagapattinam,2025-11-13 13:35:33,NDPS ACT SEC 8(c)/20(b)/22,PRESCRIPTION_NARCOTICS,COMMERCIAL_QUANTITY,UNDER_INVESTIGATION,85
FIR-TLR-2026-1064,76,Tiruvallur Town PS 2,18,Tiruvallur,2025-05-23 20:04:13,NDPS ACT SEC 8(c)/20(b)/22,PRESCRIPTION_NARCOTICS,COMMERCIAL_QUANTITY,PENDING_TRIAL,94
FIR-TVM-2026-1065,165,Tiruvannamalai Town PS 1,38,Tiruvannamalai,2026-05-15 17:29:54,NDPS ACT SEC 8(c)/20(b)/22,COMMERCIAL_GANJA,INTERMEDIATE_QUANTITY,PENDING_TRIAL,97
FIR-RNP-2025-1066,160,Ranipet Town PS 5,36,Ranipet,2026-06-11 17:03:21,NDPS ACT SEC 8(c)/20(b)/22,SYNTHETIC_MDMA,SMALL_QUANTITY,UNDER_INVESTIGATION,96
FIR-NMK-2026-1067,101,Namakkal Town PS 4,23,Namakkal,2026-02-22 21:25:45,NDPS ACT SEC 8(c)/20(b)/22,UNKNOWN_CONTRABAND,INTERMEDIATE_QUANTITY,PENDING_TRIAL,92
FIR-NIL-2026-1068,104,Nilgiris Town PS 2,24,Nilgiris,2025-09-18 05:54:01,NDPS ACT SEC 8(c)/20(b)/22,SYNTHETIC_MDMA,SMALL_QUANTITY,UNDER_INVESTIGATION,96
FIR-MYD-2025-1069,152,Mayiladuthurai Town PS 2,35,Mayiladuthurai,2024-10-15 14:18:11,NDPS ACT SEC 8(c)/20(b)/22,PRESCRIPTION_NARCOTICS,INTERMEDIATE_QUANTITY,PENDING_TRIAL,91
FIR-RMD-2026-1070,130,Ramanathapuram Town PS 4,30,Ramanathapuram,2024-11-27 00:01:49,NDPS ACT SEC 8(c)/20(b)/22,CHEMICAL_PRECURSORS,COMMERCIAL_QUANTITY,CHARGESHEET_FILED,91
FIR-TPJ-2025-1071,19,Tiruchirappalli Town PS 2,5,Tiruchirappalli,2024-10-02 13:11:45,NDPS ACT SEC 8(c)/20(b)/22,OPIOID_ANALOGUES,INTERMEDIATE_QUANTITY,UNDER_INVESTIGATION,86
FIR-TPJ-2025-1072,22,Tiruchirappalli Town PS 5,5,Tiruchirappalli,2024-10-09 04:01:13,NDPS ACT SEC 8(c)/20(b)/22,OPIOID_ANALOGUES,COMMERCIAL_QUANTITY,CHARGESHEET_FILED,91
FIR-DGL-2025-1073,43,Dindigul Town PS 4,11,Dindigul,2026-08-02 20:41:32,NDPS ACT SEC 8(c)/20(b)/22,CHEMICAL_PRECURSORS,INTERMEDIATE_QUANTITY,CHARGESHEET_FILED,90
FIR-TLR-2025-1074,77,Tiruvallur Town PS 3,18,Tiruvallur,2025-11-02 20:44:58,NDPS ACT SEC 8(c)/20(b)/22,COMMERCIAL_GANJA,INTERMEDIATE_QUANTITY,CHARGESHEET_FILED,99
FIR-TLR-2026-1075,77,Tiruvallur Town PS 3,18,Tiruvallur,2025-07-22 10:47:54,NDPS ACT SEC 8(c)/20(b)/22,SYNTHETIC_MDMA,INTERMEDIATE_QUANTITY,UNDER_INVESTIGATION,95
FIR-KCP-2025-1076,65,Kancheepuram Town PS 1,16,Kancheepuram,2025-05-03 18:46:40,NDPS ACT SEC 8(c)/20(b)/22,UNKNOWN_CONTRABAND,SMALL_QUANTITY,CHARGESHEET_FILED,94
FIR-PBL-2026-1077,115,Perambalur Town PS 2,27,Perambalur,2025-06-29 04:55:25,NDPS ACT SEC 8(c)/20(b)/22,UNKNOWN_CONTRABAND,SMALL_QUANTITY,UNDER_INVESTIGATION,97
FIR-KKI-2026-1078,58,Kanniyakumari Town PS 5,14,Kanniyakumari,2026-08-09 03:49:59,NDPS ACT SEC 8(c)/20(b)/22,CHEMICAL_PRECURSORS,COMMERCIAL_QUANTITY,UNDER_INVESTIGATION,90
FIR-TPR_N-2025-1079,163,Tirupathur Town PS 3,37,Tirupathur,2025-09-03 11:04:04,NDPS ACT SEC 8(c)/20(b)/22,CHEMICAL_PRECURSORS,INTERMEDIATE_QUANTITY,UNDER_INVESTIGATION,99
FIR-CHN-2026-1080,3,Chennai Town PS 3,1,Chennai,2026-06-06 22:33:31,NDPS ACT SEC 8(c)/20(b)/22,CHEMICAL_PRECURSORS,SMALL_QUANTITY,CHARGESHEET_FILED,89
FIR-TVM-2026-1081,167,Tiruvannamalai Town PS 3,38,Tiruvannamalai,2025-08-19 06:57:29,NDPS ACT SEC 8(c)/20(b)/22,PRESCRIPTION_NARCOTICS,COMMERCIAL_QUANTITY,PENDING_TRIAL,93
FIR-NIL-2026-1082,106,Nilgiris Town PS 4,24,Nilgiris,2026-01-10 16:40:10,NDPS ACT SEC 8(c)/20(b)/22,OPIOID_ANALOGUES,INTERMEDIATE_QUANTITY,UNDER_INVESTIGATION,95
FIR-PDK-2025-1083,122,Pudukkottai Town PS 5,28,Pudukkottai,2025-03-17 12:17:37,NDPS ACT SEC 8(c)/20(b)/22,CHEMICAL_PRECURSORS,INTERMEDIATE_QUANTITY,UNDER_INVESTIGATION,89
FIR-VRD-2025-1084,134,Virudhunagar Town PS 3,31,Virudhunagar,2026-03-20 23:06:57,NDPS ACT SEC 8(c)/20(b)/22,OPIOID_ANALOGUES,COMMERCIAL_QUANTITY,UNDER_INVESTIGATION,99
FIR-VLP-2025-1085,86,Viluppuram Town PS 3,20,Viluppuram,2026-05-01 09:08:01,NDPS ACT SEC 8(c)/20(b)/22,CHEMICAL_PRECURSORS,COMMERCIAL_QUANTITY,PENDING_TRIAL,97
FIR-MYD-2025-1086,151,Mayiladuthurai Town PS 1,35,Mayiladuthurai,2026-08-17 19:02:18,NDPS ACT SEC 8(c)/20(b)/22,UNKNOWN_CONTRABAND,COMMERCIAL_QUANTITY,CHARGESHEET_FILED,89
FIR-PDK-2025-1087,119,Pudukkottai Town PS 2,28,Pudukkottai,2025-01-08 04:26:40,NDPS ACT SEC 8(c)/20(b)/22,COMMERCIAL_GANJA,SMALL_QUANTITY,CHARGESHEET_FILED,86
FIR-RNP-2025-1088,158,Ranipet Town PS 3,36,Ranipet,2024-10-13 05:12:50,NDPS ACT SEC 8(c)/20(b)/22,PRESCRIPTION_NARCOTICS,SMALL_QUANTITY,CHARGESHEET_FILED,90
FIR-NIL-2026-1089,104,Nilgiris Town PS 2,24,Nilgiris,2025-05-01 22:01:46,NDPS ACT SEC 8(c)/20(b)/22,UNKNOWN_CONTRABAND,INTERMEDIATE_QUANTITY,PENDING_TRIAL,87
FIR-TPR_N-2025-1090,162,Tirupathur Town PS 2,37,Tirupathur,2026-03-17 17:28:31,NDPS ACT SEC 8(c)/20(b)/22,PRESCRIPTION_NARCOTICS,INTERMEDIATE_QUANTITY,PENDING_TRIAL,87
FIR-THI-2025-1091,138,Theni Town PS 1,32,Theni,2026-03-09 08:50:00,NDPS ACT SEC 8(c)/20(b)/22,SYNTHETIC_MDMA,INTERMEDIATE_QUANTITY,CHARGESHEET_FILED,93
FIR-VEL-2026-1092,35,Vellore Town PS 2,9,Vellore,2025-02-22 16:49:31,NDPS ACT SEC 8(c)/20(b)/22,COMMERCIAL_GANJA,INTERMEDIATE_QUANTITY,CHARGESHEET_FILED,88
FIR-CGL-2025-1093,71,Chengalpattu Town PS 2,17,Chengalpattu,2026-06-09 07:58:17,NDPS ACT SEC 8(c)/20(b)/22,SYNTHETIC_MDMA,SMALL_QUANTITY,PENDING_TRIAL,90
FIR-CHN-2025-1094,3,Chennai Town PS 3,1,Chennai,2025-01-07 13:08:30,NDPS ACT SEC 8(c)/20(b)/22,SYNTHETIC_MDMA,COMMERCIAL_QUANTITY,CHARGESHEET_FILED,85
FIR-TPR_N-2026-1095,163,Tirupathur Town PS 3,37,Tirupathur,2025-11-06 12:13:49,NDPS ACT SEC 8(c)/20(b)/22,PRESCRIPTION_NARCOTICS,COMMERCIAL_QUANTITY,CHARGESHEET_FILED,99
FIR-CUD-2026-1096,79,Cuddalore Town PS 2,19,Cuddalore,2026-07-03 16:13:07,NDPS ACT SEC 8(c)/20(b)/22,CHEMICAL_PRECURSORS,INTERMEDIATE_QUANTITY,PENDING_TRIAL,97
FIR-RMD-2026-1097,129,Ramanathapuram Town PS 3,30,Ramanathapuram,2024-10-04 02:40:17,NDPS ACT SEC 8(c)/20(b)/22,UNKNOWN_CONTRABAND,INTERMEDIATE_QUANTITY,CHARGESHEET_FILED,86
FIR-TLR-2025-1098,76,Tiruvallur Town PS 2,18,Tiruvallur,2026-04-07 01:13:01,NDPS ACT SEC 8(c)/20(b)/22,CHEMICAL_PRECURSORS,INTERMEDIATE_QUANTITY,UNDER_INVESTIGATION,85
FIR-RMD-2026-1099,127,Ramanathapuram Town PS 1,30,Ramanathapuram,2026-01-01 20:10:51,NDPS ACT SEC 8(c)/20(b)/22,PRESCRIPTION_NARCOTICS,SMALL_QUANTITY,CHARGESHEET_FILED,96
FIR-PDK-2025-1100,120,Pudukkottai Town PS 3,28,Pudukkottai,2025-05-22 11:17:58,NDPS ACT SEC 8(c)/20(b)/22,UNKNOWN_CONTRABAND,SMALL_QUANTITY,UNDER_INVESTIGATION,85