enforcement_id,district_id,district_name,activity_timestamp,operation_type,outcome_summary,enforcing_agency,data_integrity_score
ENF-2026-00001,1,Chennai,2025-09-09 14:26:12,SPECIAL_CAMPUS_DRIVE,SEIZURE_REGISTERED,DISTRICT_SPECIAL_TASK_FORCE,89
ENF-2026-00002,29,Sivaganga,2025-12-06 00:00:17,COASTAL_PATROL_SWEEP,SEIZURE_REGISTERED,COASTAL_SECURITY_GROUP,91
ENF-2026-00003,38,Tiruvannamalai,2026-05-07 22:31:07,HOTEL_LODGE_SURPRISE_INSPECTION,INTERMEDIATE_DISCREPANCY,DISTRICT_SPECIAL_TASK_FORCE,91
ENF-2026-00004,8,Erode,2026-08-09 02:15:32,INTENSIVE_VEHICLE_CHECK,INTERMEDIATE_DISCREPANCY,COASTAL_SECURITY_GROUP,99
ENF-2026-00005,16,Kancheepuram,2024-09-20 12:16:25,HOTEL_LODGE_SURPRISE_INSPECTION,INTERMEDIATE_DISCREPANCY,PROHIBITION_ENFORCEMENT_WING,95
ENF-2026-00006,19,Cuddalore,2025-10-09 19:41:07,COASTAL_PATROL_SWEEP,SEIZURE_REGISTERED,PROHIBITION_ENFORCEMENT_WING,92
ENF-2026-00007,27,Perambalur,2026-03-01 17:44:10,COASTAL_PATROL_SWEEP,SEIZURE_REGISTERED,COASTAL_SECURITY_GROUP,90
ENF-2026-00008,1,Chennai,2024-10-10 18:48:54,COASTAL_PATROL_SWEEP,SEIZURE_REGISTERED,DISTRICT_SPECIAL_TASK_FORCE,94
ENF-2026-00009,30,Ramanathapuram,2026-06-08 14:01:37,INTENSIVE_VEHICLE_CHECK,NO_CONTRABAND_FOUND,PROHIBITION_ENFORCEMENT_WING,96
ENF-2026-00010,10,Krishnagiri,2024-11-08 14:23:09,COASTAL_PATROL_SWEEP,NO_CONTRABAND_FOUND,DISTRICT_SPECIAL_TASK_FORCE,97
ENF-2026-00011,3,Madurai,2025-10-07 13:18:44,HOTEL_LODGE_SURPRISE_INSPECTION,NO_CONTRABAND_FOUND,PROHIBITION_ENFORCEMENT_WING,88
ENF-2026-00012,31,Virudhunagar,2026-01-13 15:56:35,HOTEL_LODGE_SURPRISE_INSPECTION,NO_CONTRABAND_FOUND,PROHIBITION_ENFORCEMENT_WING,91
ENF-2026-00013,3,Madurai,2026-05-05 07:01:05,HOTEL_LODGE_SURPRISE_INSPECTION,INTERMEDIATE_DISCREPANCY,DISTRICT_SPECIAL_TASK_FORCE,94
ENF-2026-00014,25,Karur,2025-05-03 03:03:25,SPECIAL_CAMPUS_DRIVE,SEIZURE_REGISTERED,COASTAL_SECURITY_GROUP,96
ENF-2026-00015,29,Sivaganga,2026-03-05 05:23:46,COASTAL_PATROL_SWEEP,INTERMEDIATE_DISCREPANCY,PROHIBITION_ENFORCEMENT_WING,85
ENF-2026-00016,36,Ranipet,2025-05-14 03:51:36,COASTAL_PATROL_SWEEP,INTERMEDIATE_DISCREPANCY,PROHIBITION_ENFORCEMENT_WING,90
ENF-2026-00017,10,Krishnagiri,2025-01-03 17:09:42,SPECIAL_CAMPUS_DRIVE,SEIZURE_REGISTERED,PROHIBITION_ENFORCEMENT_WING,88
ENF-2026-00018,12,Thanjavur,2025-01-30 13:11:32,INTENSIVE_VEHICLE_CHECK,INTERMEDIATE_DISCREPANCY,PROHIBITION_ENFORCEMENT_WING,87
ENF-2026-00019,17,Chengalpattu,2025-02-03 03:07:06,INTENSIVE_VEHICLE_CHECK,SEIZURE_REGISTERED,COASTAL_SECURITY_GROUP,94
ENF-2026-00020,25,Karur,2025-07-25 18:14:30,COASTAL_PATROL_SWEEP,NO_CONTRABAND_FOUND,PROHIBITION_ENFORCEMENT_WING,95
ENF-2026-00021,28,Pudukkottai,2025-01-19 20:28:51,COASTAL_PATROL_SWEEP,NO_CONTRABAND_FOUND,DISTRICT_SPECIAL_TASK_FORCE,85
ENF-2026-00022,19,Cuddalore,2024-11-05 20:19:45,COASTAL_PATROL_SWEEP,NO_CONTRABAND_FOUND,COASTAL_SECURITY_GROUP,87
ENF-2026-00023,7,Tiruppur,2025-12-29 04:45:18,SPECIAL_CAMPUS_DRIVE,SEIZURE_REGISTERED,DISTRICT_SPECIAL_TASK_FORCE,98
ENF-2026-00024,11,Dindigul,2025-06-10 22:59:51,SPECIAL_CAMPUS_DRIVE,NO_CONTRABAND_FOUND,PROHIBITION_ENFORCEMENT_WING,85
ENF-2026-00025,25,Karur,2025-02-26 15:55:54,HOTEL_LODGE_SURPRISE_INSPECTION,INTERMEDIATE_DISCREPANCY,COASTAL_SECURITY_GROUP,98
ENF-2026-00026,18,Tiruvallur,2025-03-22 21:47:46,HOTEL_LODGE_SURPRISE_INSPECTION,NO_CONTRABAND_FOUND,COASTAL_SECURITY_GROUP,90
ENF-2026-00027,27,Perambalur,2025-04-23 15:52:13,SPECIAL_CAMPUS_DRIVE,INTERMEDIATE_DISCREPANCY,COASTAL_SECURITY_GROUP,97
ENF-2026-00028,13,Thoothukudi,2026-01-02 23:39:34,INTENSIVE_VEHICLE_CHECK,INTERMEDIATE_DISCREPANCY,DISTRICT_SPECIAL_TASK_FORCE,89
ENF-2026-00029,35,Mayiladuthurai,2025-06-03 06:31:10,HOTEL_LODGE_SURPRISE_INSPECTION,SEIZURE_REGISTERED,COASTAL_SECURITY_GROUP,92
ENF-2026-00030,25,Karur,2025-10-26 04:44:59,COASTAL_PATROL_SWEEP,SEIZURE_REGISTERED,PROHIBITION_ENFORCEMENT_WING,85
ENF-2026-00031,6,Tirunelveli,2025-03-24 19:05:13,INTENSIVE_VEHICLE_CHECK,NO_CONTRABAND_FOUND,DISTRICT_SPECIAL_TASK_FORCE,88
ENF-2026-00032,17,Chengalpattu,2025-02-26 22:30:29,HOTEL_LODGE_SURPRISE_INSPECTION,NO_CONTRABAND_FOUND,DISTRICT_SPECIAL_TASK_FORCE,93
ENF-2026-00033,3,Madurai,2024-11-13 07:14:45,COASTAL_PATROL_SWEEP,INTERMEDIATE_DISCREPANCY,COASTAL_SECURITY_GROUP,90
ENF-2026-00034,34,Nagapattinam,2025-03-27 20:09:05,HOTEL_LODGE_SURPRISE_INSPECTION,NO_CONTRABAND_FOUND,DISTRICT_SPECIAL_TASK_FORCE,95
ENF-2026-00035,4,Salem,2025-09-10 21:35:46,HOTEL_LODGE_SURPRISE_INSPECTION,NO_CONTRABAND_FOUND,PROHIBITION_ENFORCEMENT_WING,95
ENF-2026-00036,2,Coimbatore,2025-04-21 01:25:18,HOTEL_LODGE_SURPRISE_INSPECTION,SEIZURE_REGISTERED,PROHIBITION_ENFORCEMENT_WING,95
ENF-2026-00037,4,Salem,2026-03-09 00:48:22,SPECIAL_CAMPUS_DRIVE,SEIZURE_REGISTERED,PROHIBITION_ENFORCEMENT_WING,99
ENF-2026-00038,29,Sivaganga,2026-06-10 15:37:21,SPECIAL_CAMPUS_DRIVE,INTERMEDIATE_DISCREPANCY,PROHIBITION_ENFORCEMENT_WING,99
ENF-2026-00039,32,Theni,2026-05-10 11:18:29,SPECIAL_CAMPUS_DRIVE,INTERMEDIATE_DISCREPANCY,COASTAL_SECURITY_GROUP,87
ENF-2026-00040,32,Theni,2025-09-01 15:31:59,HOTEL_LODGE_SURPRISE_INSPECTION,SEIZURE_REGISTERED,PROHIBITION_ENFORCEMENT_WING,96
ENF-2026-00041,34,Nagapattinam,2025-12-07 17:22:25,INTENSIVE_VEHICLE_CHECK,INTERMEDIATE_DISCREPANCY,PROHIBITION_ENFORCEMENT_WING,93
ENF-2026-00042,1,Chennai,2024-09-23 05:28:03,INTENSIVE_VEHICLE_CHECK,NO_CONTRABAND_FOUND,COASTAL_SECURITY_GROUP,92
ENF-2026-00043,17,Chengalpattu,2026-03-27 21:24:04,INTENSIVE_VEHICLE_CHECK,NO_CONTRABAND_FOUND,COASTAL_SECURITY_GROUP,92
ENF-2026-00044,15,Tenkasi,2024-12-22 19:55:28,INTENSIVE_VEHICLE_CHECK,SEIZURE_REGISTERED,PROHIBITION_ENFORCEMENT_WING,86
ENF-2026-00045,7,Tiruppur,2025-12-25 03:14:20,HOTEL_LODGE_SURPRISE_INSPECTION,INTERMEDIATE_DISCREPANCY,PROHIBITION_ENFORCEMENT_WING,95
ENF-2026-00046,1,Chennai,2025-12-31 07:44:01,INTENSIVE_VEHICLE_CHECK,SEIZURE_REGISTERED,COASTAL_SECURITY_GROUP,86
ENF-2026-00047,16,Kancheepuram,2025-03-20 03:32:03,COASTAL_PATROL_SWEEP,NO_CONTRABAND_FOUND,DISTRICT_SPECIAL_TASK_FORCE,88
ENF-2026-00048,24,Nilgiris,2025-05-09 05:00:24,INTENSIVE_VEHICLE_CHECK,SEIZURE_REGISTERED,COASTAL_SECURITY_GROUP,97
ENF-2026-00049,30,Ramanathapuram,2025-02-01 22:47:00,COASTAL_PATROL_SWEEP,INTERMEDIATE_DISCREPANCY,PROHIBITION_ENFORCEMENT_WING,86
ENF-2026-00050,7,Tiruppur,2025-06-18 22:24:16,SPECIAL_CAMPUS_DRIVE,SEIZURE_REGISTERED,COASTAL_SECURITY_GROUP,87
ENF-2026-00051,17,Chengalpattu,2025-04-15 18:50:15,SPECIAL_CAMPUS_DRIVE,SEIZURE_REGISTERED,PROHIBITION_ENFORCEMENT_WING,95
ENF-2026-00052,32,Theni,2025-02-09 19:55:14,INTENSIVE_VEHICLE_CHECK,NO_CONTRABAND_FOUND,DISTRICT_SPECIAL_TASK_FORCE,93
ENF-2026-00053,29,Sivaganga,2026-02-02 21:50:22,COASTAL_PATROL_SWEEP,INTERMEDIATE_DISCREPANCY,DISTRICT_SPECIAL_TASK_FORCE,85
ENF-2026-00054,19,Cuddalore,2026-01-10 17:41:46,SPECIAL_CAMPUS_DRIVE,INTERMEDIATE_DISCREPANCY,COASTAL_SECURITY_GROUP,97
ENF-2026-00055,35,Mayiladuthurai,2025-01-16 08:13:35,INTENSIVE_VEHICLE_CHECK,NO_CONTRABAND_FOUND,COASTAL_SECURITY_GROUP,90
ENF-2026-00056,18,Tiruvallur,2025-06-16 15:30:50,INTENSIVE_VEHICLE_CHECK,NO_CONTRABAND_FOUND,PROHIBITION_ENFORCEMENT_WING,99
ENF-2026-00057,12,Thanjavur,2026-06-16 23:29:02,SPECIAL_CAMPUS_DRIVE,NO_CONTRABAND_FOUND,COASTAL_SECURITY_GROUP,94
ENF-2026-00058,36,Ranipet,2026-06-02 02:15:55,INTENSIVE_VEHICLE_CHECK,INTERMEDIATE_DISCREPANCY,COASTAL_SECURITY_GROUP,89
ENF-2026-00059,14,Kanniyakumari,2025-03-22 22:53:23,SPECIAL_CAMPUS_DRIVE,NO_CONTRABAND_FOUND,COASTAL_SECURITY_GROUP,92
ENF-2026-00060,29,Sivaganga,2025-03-13 10:30:41,COASTAL_PATROL_SWEEP,INTERMEDIATE_DISCREPANCY,COASTAL_SECURITY_GROUP,86
ENF-2026-00061,26,Ariyalur,2025-08-11 23:19:45,HOTEL_LODGE_SURPRISE_INSPECTION,INTERMEDIATE_DISCREPANCY,PROHIBITION_ENFORCEMENT_WING,97
ENF-2026-00062,17,Chengalpattu,2025-01-12 23:35:04,SPECIAL_CAMPUS_DRIVE,INTERMEDIATE_DISCREPANCY,DISTRICT_SPECIAL_TASK_FORCE,87
ENF-2026-00063,14,Kanniyakumari,2026-05-21 18:09:25,SPECIAL_CAMPUS_DRIVE,NO_CONTRABAND_FOUND,DISTRICT_SPECIAL_TASK_FORCE,97
ENF-2026-00064,31,Virudhunagar,2025-11-02 08:47:50,INTENSIVE_VEHICLE_CHECK,INTERMEDIATE_DISCREPANCY,DISTRICT_SPECIAL_TASK_FORCE,92
ENF-2026-00065,1,Chennai,2025-07-04 15:48:22,HOTEL_LODGE_SURPRISE_INSPECTION,INTERMEDIATE_DISCREPANCY,PROHIBITION_ENFORCEMENT_WING,94
ENF-2026-00066,8,Erode,2024-12-12 15:50:32,SPECIAL_CAMPUS_DRIVE,INTERMEDIATE_DISCREPANCY,DISTRICT_SPECIAL_TASK_FORCE,88
ENF-2026-00067,15,Tenkasi,2026-02-20 20:01:35,COASTAL_PATROL_SWEEP,INTERMEDIATE_DISCREPANCY,PROHIBITION_ENFORCEMENT_WING,91
ENF-2026-00068,4,Salem,2026-07-06 06:13:16,INTENSIVE_VEHICLE_CHECK,NO_CONTRABAND_FOUND,PROHIBITION_ENFORCEMENT_WING,86
ENF-2026-00069,4,Salem,2025-07-24 11:14:12,COASTAL_PATROL_SWEEP,NO_CONTRABAND_FOUND,PROHIBITION_ENFORCEMENT_WING,92
ENF-2026-00070,3,Madurai,2025-12-04 11:57:20,INTENSIVE_VEHICLE_CHECK,INTERMEDIATE_DISCREPANCY,PROHIBITION_ENFORCEMENT_WING,98
ENF-2026-00071,27,Perambalur,2026-07-02 19:19:36,INTENSIVE_VEHICLE_CHECK,INTERMEDIATE_DISCREPANCY,PROHIBITION_ENFORCEMENT_WING,88
ENF-2026-00072,24,Nilgiris,2026-01-26 22:18:49,COASTAL_PATROL_SWEEP,NO_CONTRABAND_FOUND,COASTAL_SECURITY_GROUP,94
ENF-2026-00073,19,Cuddalore,2025-02-07 08:38:21,SPECIAL_CAMPUS_DRIVE,INTERMEDIATE_DISCREPANCY,PROHIBITION_ENFORCEMENT_WING,90
ENF-2026-00074,18,Tiruvallur,2025-01-20 02:03:36,COASTAL_PATROL_SWEEP,SEIZURE_REGISTERED,DISTRICT_SPECIAL_TASK_FORCE,85
ENF-2026-00075,9,Vellore,2024-11-11 14:32:43,SPECIAL_CAMPUS_DRIVE,SEIZURE_REGISTERED,DISTRICT_SPECIAL_TASK_FORCE,99
ENF-2026-00076,36,Ranipet,2026-05-10 10:51:41,HOTEL_LODGE_SURPRISE_INSPECTION,INTERMEDIATE_DISCREPANCY,COASTAL_SECURITY_GROUP,85
ENF-2026-00077,4,Salem,2026-05-28 05:08:54,HOTEL_LODGE_SURPRISE_INSPECTION,INTERMEDIATE_DISCREPANCY,DISTRICT_SPECIAL_TASK_FORCE,99
ENF-2026-00078,6,Tirunelveli,2026-04-05 05:41:15,COASTAL_PATROL_SWEEP,INTERMEDIATE_DISCREPANCY,COASTAL_SECURITY_GROUP,89
ENF-2026-00079,23,Namakkal,2025-11-29 20:53:25,HOTEL_LODGE_SURPRISE_INSPECTION,SEIZURE_REGISTERED,DISTRICT_SPECIAL_TASK_FORCE,98
ENF-2026-00080,18,Tiruvallur,2025-10-23 22:03:02,COASTAL_PATROL_SWEEP,NO_CONTRABAND_FOUND,DISTRICT_SPECIAL_TASK_FORCE,91
ENF-2026-00081,3,Madurai,2026-04-03 10:38:47,INTENSIVE_VEHICLE_CHECK,NO_CONTRABAND_FOUND,DISTRICT_SPECIAL_TASK_FORCE,99
ENF-2026-00082,33,Thiruvarur,2024-11-25 19:25:34,HOTEL_LODGE_SURPRISE_INSPECTION,INTERMEDIATE_DISCREPANCY,COASTAL_SECURITY_GROUP,86
ENF-2026-00083,2,Coimbatore,2026-07-19 13:30:02,COASTAL_PATROL_SWEEP,INTERMEDIATE_DISCREPANCY,COASTAL_SECURITY_GROUP,94
ENF-2026-00084,34,Nagapattinam,2025-09-09 14:30:03,INTENSIVE_VEHICLE_CHECK,INTERMEDIATE_DISCREPANCY,DISTRICT_SPECIAL_TASK_FORCE,96
ENF-2026-00085,35,Mayiladuthurai,2025-11-21 10:49:21,INTENSIVE_VEHICLE_CHECK,SEIZURE_REGISTERED,COASTAL_SECURITY_GROUP,98
ENF-2026-00086,14,Kanniyakumari,2025-04-23 19:22:13,COASTAL_PATROL_SWEEP,SEIZURE_REGISTERED,DISTRICT_SPECIAL_TASK_FORCE,96
ENF-2026-00087,35,Mayiladuthurai,2025-10-27 21:26:15,HOTEL_LODGE_SURPRISE_INSPECTION,NO_CONTRABAND_FOUND,DISTRICT_SPECIAL_TASK_FORCE,88
ENF-2026-00088,16,Kancheepuram,2026-07-05 22:25:58,COASTAL_PATROL_SWEEP,SEIZURE_REGISTERED,DISTRICT_SPECIAL_TASK_FORCE,99
ENF-2026-00089,8,Erode,2024-12-11 23:05:56,SPECIAL_CAMPUS_DRIVE,INTERMEDIATE_DISCREPANCY,PROHIBITION_ENFORCEMENT_WING,99
ENF-2026-00090,29,Sivaganga,2025-11-03 05:13:05,HOTEL_LODGE_SURPRISE_INSPECTION,NO_CONTRABAND_FOUND,PROHIBITION_ENFORCEMENT_WING,91
ENF-2026-00091,22,Dharmapuri,2025-03-23 10:28:46,HOTEL_LODGE_SURPRISE_INSPECTION,INTERMEDIATE_DISCREPANCY,PROHIBITION_ENFORCEMENT_WING,97
ENF-2026-00092,13,Thoothukudi,2025-11-29 15:21:34,HOTEL_LODGE_SURPRISE_INSPECTION,NO_CONTRABAND_FOUND,COASTAL_SECURITY_GROUP,93
ENF-2026-00093,22,Dharmapuri,2026-04-26 14:02:40,SPECIAL_CAMPUS_DRIVE,INTERMEDIATE_DISCREPANCY,COASTAL_SECURITY_GROUP,95
ENF-2026-00094,13,Thoothukudi,2026-01-12 12:11:50,INTENSIVE_VEHICLE_CHECK,NO_CONTRABAND_FOUND,COASTAL_SECURITY_GROUP,88
ENF-2026-00095,16,Kancheepuram,2026-04-04 11:29:38,SPECIAL_CAMPUS_DRIVE,NO_CONTRABAND_FOUND,PROHIBITION_ENFORCEMENT_WING,86
ENF-2026-00096,18,Tiruvallur,2026-04-12 23:16:46,COASTAL_PATROL_SWEEP,NO_CONTRABAND_FOUND,PROHIBITION_ENFORCEMENT_WING,87
ENF-2026-00097,12,Thanjavur,2025-03-16 00:12:59,COASTAL_PATROL_SWEEP,INTERMEDIATE_DISCREPANCY,DISTRICT_SPECIAL_TASK_FORCE,86
ENF-2026-00098,12,Thanjavur,2025-03-04 10:02:00,COASTAL_PATROL_SWEEP,INTERMEDIATE_DISCREPANCY,PROHIBITION_ENFORCEMENT_WING,91
ENF-2026-00099,5,Tiruchirappalli,2025-05-07 15:12:22,SPECIAL_CAMPUS_DRIVE,NO_CONTRABAND_FOUND,COASTAL_SECURITY_GROUP,98
ENF-2026-00100,19,Cuddalore,2025-05-16 17:20:47,SPECIAL_CAMPUS_DRIVE,INTERMEDIATE_DISCREPANCY,PROHIBITION_ENFORCEMENT_WING,96
ENF-2026-00101,28,Pudukkottai,2025-03-23 00:44:56,INTENSIVE_VEHICLE_CHECK,INTERMEDIATE_DISCREPANCY,DISTRICT_SPECIAL_TASK_FORCE,85
ENF-2026-00102,28,Pudukkottai,2026-05-18 23:07:47,SPECIAL_CAMPUS_DRIVE,SEIZURE_REGISTERED,DISTRICT_SPECIAL_TASK_FORCE,98
ENF-2026-00103,26,Ariyalur,2026-06-17 00:58:07,INTENSIVE_VEHICLE_CHECK,SEIZURE_REGISTERED,COASTAL_SECURITY_GROUP,93
ENF-2026-00104,37,Tirupathur,2024-12-01 09:57:12,HOTEL_LODGE_SURPRISE_INSPECTION,INTERMEDIATE_DISCREPANCY,PROHIBITION_ENFORCEMENT_WING,92
ENF-2026-00105,11,Dindigul,2025-02-26 08:30:30,HOTEL_LODGE_SURPRISE_INSPECTION,NO_CONTRABAND_FOUND,PROHIBITION_ENFORCEMENT_WING,85
ENF-2026-00106,31,Virudhunagar,2026-03-07 20:34:34,INTENSIVE_VEHICLE_CHECK,NO_CONTRABAND_FOUND,DISTRICT_SPECIAL_TASK_FORCE,86
ENF-2026-00107,22,Dharmapuri,2025-08-27 17:42:10,COASTAL_PATROL_SWEEP,NO_CONTRABAND_FOUND,COASTAL_SECURITY_GROUP,99
ENF-2026-00108,36,Ranipet,2025-02-28 14:56:33,INTENSIVE_VEHICLE_CHECK,INTERMEDIATE_DISCREPANCY,DISTRICT_SPECIAL_TASK_FORCE,92
ENF-2026-00109,23,Namakkal,2026-02-28 22:30:33,COASTAL_PATROL_SWEEP,SEIZURE_REGISTERED,DISTRICT_SPECIAL_TASK_FORCE,86
ENF-2026-00110,21,Kallakurichi,2025-07-14 04:32:43,COASTAL_PATROL_SWEEP,NO_CONTRABAND_FOUND,PROHIBITION_ENFORCEMENT_WING,93
ENF-2026-00111,1,Chennai,2026-07-16 01:07:01,COASTAL_PATROL_SWEEP,NO_CONTRABAND_FOUND,PROHIBITION_ENFORCEMENT_WING,90
ENF-2026-00112,7,Tiruppur,2026-08-17 03:36:32,SPECIAL_CAMPUS_DRIVE,NO_CONTRABAND_FOUND,COASTAL_SECURITY_GROUP,95
ENF-2026-00113,30,Ramanathapuram,2025-02-19 15:27:31,INTENSIVE_VEHICLE_CHECK,SEIZURE_REGISTERED,COASTAL_SECURITY_GROUP,89
ENF-2026-00114,2,Coimbatore,2026-03-24 23:17:44,HOTEL_LODGE_SURPRISE_INSPECTION,NO_CONTRABAND_FOUND,PROHIBITION_ENFORCEMENT_WING,93
ENF-2026-00115,21,Kallakurichi,2025-03-17 23:25:27,SPECIAL_CAMPUS_DRIVE,SEIZURE_REGISTERED,COASTAL_SECURITY_GROUP,87
ENF-2026-00116,4,Salem,2025-07-27 08:57:48,COASTAL_PATROL_SWEEP,INTERMEDIATE_DISCREPANCY,PROHIBITION_ENFORCEMENT_WING,91
ENF-2026-00117,19,Cuddalore,2026-06-08 14:14:50,COASTAL_PATROL_SWEEP,INTERMEDIATE_DISCREPANCY,COASTAL_SECURITY_GROUP,91
ENF-2026-00118,34,Nagapattinam,2025-09-26 10:26:04,SPECIAL_CAMPUS_DRIVE,INTERMEDIATE_DISCREPANCY,COASTAL_SECURITY_GROUP,92
ENF-2026-00119,28,Pudukkottai,2025-03-04 20:56:20,SPECIAL_CAMPUS_DRIVE,SEIZURE_REGISTERED,DISTRICT_SPECIAL_TASK_FORCE,89
ENF-2026-00120,8,Erode,2025-06-27 20:17:44,SPECIAL_CAMPUS_DRIVE,NO_CONTRABAND_FOUND,DISTRICT_SPECIAL_TASK_FORCE,87
ENF-2026-00121,19,Cuddalore,2026-01-25 05:32:03,HOTEL_LODGE_SURPRISE_INSPECTION,NO_CONTRABAND_FOUND,PROHIBITION_ENFORCEMENT_WING,94
ENF-2026-00122,4,Salem,2026-05-19 12:12:41,INTENSIVE_VEHICLE_CHECK,INTERMEDIATE_DISCREPANCY,DISTRICT_SPECIAL_TASK_FORCE,92
ENF-2026-00123,17,Chengalpattu,2025-08-12 18:40:15,SPECIAL_CAMPUS_DRIVE,INTERMEDIATE_DISCREPANCY,PROHIBITION_ENFORCEMENT_WING,91
ENF-2026-00124,29,Sivaganga,2025-04-12 08:22:07,HOTEL_LODGE_SURPRISE_INSPECTION,NO_CONTRABAND_FOUND,PROHIBITION_ENFORCEMENT_WING,94
ENF-2026-00125,20,Viluppuram,2024-11-28 06:18:44,INTENSIVE_VEHICLE_CHECK,INTERMEDIATE_DISCREPANCY,PROHIBITION_ENFORCEMENT_WING,89
ENF-2026-00126,32,Theni,2026-06-15 21:32:06,SPECIAL_CAMPUS_DRIVE,SEIZURE_REGISTERED,PROHIBITION_ENFORCEMENT_WING,92
ENF-2026-00127,22,Dharmapuri,2024-12-30 09:04:40,SPECIAL_CAMPUS_DRIVE,NO_CONTRABAND_FOUND,DISTRICT_SPECIAL_TASK_FORCE,93
ENF-2026-00128,32,Theni,2024-12-02 21:13:29,COASTAL_PATROL_SWEEP,INTERMEDIATE_DISCREPANCY,DISTRICT_SPECIAL_TASK_FORCE,92
ENF-2026-00129,12,Thanjavur,2024-10-29 23:34:32,HOTEL_LODGE_SURPRISE_INSPECTION,SEIZURE_REGISTERED,DISTRICT_SPECIAL_TASK_FORCE,92
ENF-2026-00130,32,Theni,2025-05-04 05:26:43,SPECIAL_CAMPUS_DRIVE,NO_CONTRABAND_FOUND,DISTRICT_SPECIAL_TASK_FORCE,96
ENF-2026-00131,20,Viluppuram,2025-05-11 19:33:05,HOTEL_LODGE_SURPRISE_INSPECTION,INTERMEDIATE_DISCREPANCY,COASTAL_SECURITY_GROUP,99
ENF-2026-00132,3,Madurai,2025-06-06 05:25:37,COASTAL_PATROL_SWEEP,SEIZURE_REGISTERED,COASTAL_SECURITY_GROUP,94
ENF-2026-00133,13,Thoothukudi,2025-05-14 04:33:58,COASTAL_PATROL_SWEEP,NO_CONTRABAND_FOUND,DISTRICT_SPECIAL_TASK_FORCE,93
ENF-2026-00134,26,Ariyalur,2025-09-10 19:09:55,COASTAL_PATROL_SWEEP,SEIZURE_REGISTERED,DISTRICT_SPECIAL_TASK_FORCE,93
ENF-2026-00135,31,Virudhunagar,2026-03-18 12:42:02,INTENSIVE_VEHICLE_CHECK,INTERMEDIATE_DISCREPANCY,COASTAL_SECURITY_GROUP,88
ENF-2026-00136,31,Virudhunagar,2025-11-22 09:12:06,COASTAL_PATROL_SWEEP,INTERMEDIATE_DISCREPANCY,COASTAL_SECURITY_GROUP,96
ENF-2026-00137,36,Ranipet,2025-10-30 07:53:44,COASTAL_PATROL_SWEEP,NO_CONTRABAND_FOUND,COASTAL_SECURITY_GROUP,90
ENF-2026-00138,29,Sivaganga,2025-01-02 04:42:53,INTENSIVE_VEHICLE_CHECK,INTERMEDIATE_DISCREPANCY,DISTRICT_SPECIAL_TASK_FORCE,97
ENF-2026-00139,9,Vellore,2025-05-15 13:25:49,INTENSIVE_VEHICLE_CHECK,SEIZURE_REGISTERED,PROHIBITION_ENFORCEMENT_WING,98
ENF-2026-00140,29,Sivaganga,2026-04-07 13:50:28,COASTAL_PATROL_SWEEP,INTERMEDIATE_DISCREPANCY,PROHIBITION_ENFORCEMENT_WING,96
ENF-2026-00141,9,Vellore,2024-11-25 14:25:57,HOTEL_LODGE_SURPRISE_INSPECTION,NO_CONTRABAND_FOUND,DISTRICT_SPECIAL_TASK_FORCE,89
ENF-2026-00142,6,Tirunelveli,2026-08-17 16:08:24,COASTAL_PATROL_SWEEP,SEIZURE_REGISTERED,PROHIBITION_ENFORCEMENT_WING,90
ENF-2026-00143,27,Perambalur,2025-03-20 03:44:21,SPECIAL_CAMPUS_DRIVE,INTERMEDIATE_DISCREPANCY,PROHIBITION_ENFORCEMENT_WING,95
ENF-2026-00144,20,Viluppuram,2025-04-18 12:41:22,SPECIAL_CAMPUS_DRIVE,SEIZURE_REGISTERED,PROHIBITION_ENFORCEMENT_WING,89
ENF-2026-00145,16,Kancheepuram,2026-06-17 23:25:10,HOTEL_LODGE_SURPRISE_INSPECTION,SEIZURE_REGISTERED,COASTAL_SECURITY_GROUP,91
ENF-2026-00146,18,Tiruvallur,2025-06-13 19:19:08,HOTEL_LODGE_SURPRISE_INSPECTION,NO_CONTRABAND_FOUND,DISTRICT_SPECIAL_TASK_FORCE,89
ENF-2026-00147,35,Mayiladuthurai,2026-05-31 12:58:39,INTENSIVE_VEHICLE_CHECK,NO_CONTRABAND_FOUND,COASTAL_SECURITY_GROUP,89
ENF-2026-00148,6,Tirunelveli,2024-12-01 14:15:22,INTENSIVE_VEHICLE_CHECK,INTERMEDIATE_DISCREPANCY,PROHIBITION_ENFORCEMENT_WING,91
ENF-2026-00149,1,Chennai,2025-09-13 20:06:53,HOTEL_LODGE_SURPRISE_INSPECTION,INTERMEDIATE_DISCREPANCY,COASTAL_SECURITY_GROUP,94
ENF-2026-00150,18,Tiruvallur,2025-12-14 06:09:18,INTENSIVE_VEHICLE_CHECK,INTERMEDIATE_DISCREPANCY,PROHIBITION_ENFORCEMENT_WING,94
ENF-2026-00151,1,Chennai,2026-03-31 20:45:10,HOTEL_LODGE_SURPRISE_INSPECTION,INTERMEDIATE_DISCREPANCY,COASTAL_SECURITY_GROUP,98
ENF-2026-00152,9,Vellore,2025-08-20 10:18:38,SPECIAL_CAMPUS_DRIVE,SEIZURE_REGISTERED,DISTRICT_SPECIAL_TASK_FORCE,96
ENF-2026-00153,2,Coimbatore,2025-12-07 10:52:05,HOTEL_LODGE_SURPRISE_INSPECTION,NO_CONTRABAND_FOUND,COASTAL_SECURITY_GROUP,97
ENF-2026-00154,18,Tiruvallur,2025-08-23 13:47:10,SPECIAL_CAMPUS_DRIVE,SEIZURE_REGISTERED,PROHIBITION_ENFORCEMENT_WING,93
ENF-2026-00155,22,Dharmapuri,2025-05-12 21:22:07,SPECIAL_CAMPUS_DRIVE,INTERMEDIATE_DISCREPANCY,COASTAL_SECURITY_GROUP,96
ENF-2026-00156,22,Dharmapuri,2025-07-20 00:52:57,COASTAL_PATROL_SWEEP,INTERMEDIATE_DISCREPANCY,COASTAL_SECURITY_GROUP,94
ENF-2026-00157,25,Karur,2025-06-28 11:11:29,HOTEL_LODGE_SURPRISE_INSPECTION,NO_CONTRABAND_FOUND,COASTAL_SECURITY_GROUP,97
ENF-2026-00158,17,Chengalpattu,2025-11-08 09:21:52,HOTEL_LODGE_SURPRISE_INSPECTION,SEIZURE_REGISTERED,PROHIBITION_ENFORCEMENT_WING,88
ENF-2026-00159,2,Coimbatore,2025-02-17 22:17:46,SPECIAL_CAMPUS_DRIVE,SEIZURE_REGISTERED,COASTAL_SECURITY_GROUP,98
ENF-2026-00160,8,Erode,2024-10-02 07:24:43,SPECIAL_CAMPUS_DRIVE,SEIZURE_REGISTERED,DISTRICT_SPECIAL_TASK_FORCE,98
ENF-2026-00161,3,Madurai,2024-10-30 22:31:40,COASTAL_PATROL_SWEEP,INTERMEDIATE_DISCREPANCY,DISTRICT_SPECIAL_TASK_FORCE,98
ENF-2026-00162,10,Krishnagiri,2025-02-06 16:23:40,COASTAL_PATROL_SWEEP,SEIZURE_REGISTERED,DISTRICT_SPECIAL_TASK_FORCE,91
ENF-2026-00163,26,Ariyalur,2026-08-03 02:50:26,HOTEL_LODGE_SURPRISE_INSPECTION,NO_CONTRABAND_FOUND,DISTRICT_SPECIAL_TASK_FORCE,99
ENF-2026-00164,31,Virudhunagar,2026-02-22 06:11:22,HOTEL_LODGE_SURPRISE_INSPECTION,NO_CONTRABAND_FOUND,COASTAL_SECURITY_GROUP,87
ENF-2026-00165,11,Dindigul,2025-05-01 13:13:05,INTENSIVE_VEHICLE_CHECK,INTERMEDIATE_DISCREPANCY,COASTAL_SECURITY_GROUP,93
ENF-2026-00166,9,Vellore,2025-11-29 08:58:30,SPECIAL_CAMPUS_DRIVE,SEIZURE_REGISTERED,COASTAL_SECURITY_GROUP,86
ENF-2026-00167,12,Thanjavur,2025-04-18 15:43:23,COASTAL_PATROL_SWEEP,SEIZURE_REGISTERED,PROHIBITION_ENFORCEMENT_WING,90
ENF-2026-00168,29,Sivaganga,2026-01-11 13:44:28,SPECIAL_CAMPUS_DRIVE,SEIZURE_REGISTERED,COASTAL_SECURITY_GROUP,92
ENF-2026-00169,4,Salem,2026-03-09 03:48:03,HOTEL_LODGE_SURPRISE_INSPECTION,NO_CONTRABAND_FOUND,DISTRICT_SPECIAL_TASK_FORCE,94
ENF-2026-00170,20,Viluppuram,2025-03-30 07:04:46,SPECIAL_CAMPUS_DRIVE,NO_CONTRABAND_FOUND,DISTRICT_SPECIAL_TASK_FORCE,95
ENF-2026-00171,25,Karur,2024-11-23 11:11:57,SPECIAL_CAMPUS_DRIVE,SEIZURE_REGISTERED,DISTRICT_SPECIAL_TASK_FORCE,96
ENF-2026-00172,8,Erode,2025-07-11 17:37:49,INTENSIVE_VEHICLE_CHECK,SEIZURE_REGISTERED,PROHIBITION_ENFORCEMENT_WING,97
ENF-2026-00173,21,Kallakurichi,2024-12-08 09:44:13,HOTEL_LODGE_SURPRISE_INSPECTION,INTERMEDIATE_DISCREPANCY,COASTAL_SECURITY_GROUP,92
ENF-2026-00174,10,Krishnagiri,2025-09-10 15:33:39,INTENSIVE_VEHICLE_CHECK,SEIZURE_REGISTERED,PROHIBITION_ENFORCEMENT_WING,96
ENF-2026-00175,21,Kallakurichi,2026-06-03 01:39:04,COASTAL_PATROL_SWEEP,INTERMEDIATE_DISCREPANCY,DISTRICT_SPECIAL_TASK_FORCE,94
ENF-2026-00176,10,Krishnagiri,2025-06-27 02:07:10,SPECIAL_CAMPUS_DRIVE,INTERMEDIATE_DISCREPANCY,DISTRICT_SPECIAL_TASK_FORCE,85
ENF-2026-00177,10,Krishnagiri,2026-07-06 23:06:29,HOTEL_LODGE_SURPRISE_INSPECTION,SEIZURE_REGISTERED,COASTAL_SECURITY_GROUP,86
ENF-2026-00178,8,Erode,2024-10-14 07:03:45,COASTAL_PATROL_SWEEP,SEIZURE_REGISTERED,PROHIBITION_ENFORCEMENT_WING,95
ENF-2026-00179,18,Tiruvallur,2025-09-25 21:15:09,HOTEL_LODGE_SURPRISE_INSPECTION,SEIZURE_REGISTERED,PROHIBITION_ENFORCEMENT_WING,93
ENF-2026-00180,26,Ariyalur,2025-02-24 04:05:37,INTENSIVE_VEHICLE_CHECK,INTERMEDIATE_DISCREPANCY,PROHIBITION_ENFORCEMENT_WING,99
ENF-2026-00181,12,Thanjavur,2025-11-15 04:59:18,COASTAL_PATROL_SWEEP,NO_CONTRABAND_FOUND,COASTAL_SECURITY_GROUP,93
ENF-2026-00182,19,Cuddalore,2025-04-25 07:15:26,SPECIAL_CAMPUS_DRIVE,INTERMEDIATE_DISCREPANCY,COASTAL_SECURITY_GROUP,87
ENF-2026-00183,25,Karur,2024-10-16 04:13:13,SPECIAL_CAMPUS_DRIVE,NO_CONTRABAND_FOUND,PROHIBITION_ENFORCEMENT_WING,85
ENF-2026-00184,20,Viluppuram,2025-05-16 03:09:18,HOTEL_LODGE_SURPRISE_INSPECTION,SEIZURE_REGISTERED,DISTRICT_SPECIAL_TASK_FORCE,86
ENF-2026-00185,35,Mayiladuthurai,2024-11-29 13:45:59,COASTAL_PATROL_SWEEP,NO_CONTRABAND_FOUND,PROHIBITION_ENFORCEMENT_WING,99
ENF-2026-00186,31,Virudhunagar,2025-07-30 22:13:59,HOTEL_LODGE_SURPRISE_INSPECTION,INTERMEDIATE_DISCREPANCY,COASTAL_SECURITY_GROUP,93
ENF-2026-00187,29,Sivaganga,2025-04-04 21:09:30,HOTEL_LODGE_SURPRISE_INSPECTION,SEIZURE_REGISTERED,DISTRICT_SPECIAL_TASK_FORCE,93
ENF-2026-00188,31,Virudhunagar,2026-05-20 07:27:56,COASTAL_PATROL_SWEEP,NO_CONTRABAND_FOUND,COASTAL_SECURITY_GROUP,93
ENF-2026-00189,30,Ramanathapuram,2025-06-26 13:15:00,HOTEL_LODGE_SURPRISE_INSPECTION,INTERMEDIATE_DISCREPANCY,DISTRICT_SPECIAL_TASK_FORCE,90
ENF-2026-00190,20,Viluppuram,2026-03-14 06:16:44,HOTEL_LODGE_SURPRISE_INSPECTION,NO_CONTRABAND_FOUND,PROHIBITION_ENFORCEMENT_WING,99
ENF-2026-00191,8,Erode,2025-03-10 05:03:42,COASTAL_PATROL_SWEEP,SEIZURE_REGISTERED,COASTAL_SECURITY_GROUP,87
ENF-2026-00192,19,Cuddalore,2026-07-29 01:19:56,COASTAL_PATROL_SWEEP,NO_CONTRABAND_FOUND,DISTRICT_SPECIAL_TASK_FORCE,91
ENF-2026-00193,17,Chengalpattu,2025-11-14 23:16:52,HOTEL_LODGE_SURPRISE_INSPECTION,NO_CONTRABAND_FOUND,COASTAL_SECURITY_GROUP,90
ENF-2026-00194,16,Kancheepuram,2025-07-14 03:41:32,HOTEL_LODGE_SURPRISE_INSPECTION,NO_CONTRABAND_FOUND,PROHIBITION_ENFORCEMENT_WING,96
ENF-2026-00195,25,Karur,2025-05-16 03:22:25,HOTEL_LODGE_SURPRISE_INSPECTION,NO_CONTRABAND_FOUND,DISTRICT_SPECIAL_TASK_FORCE,98
ENF-2026-00196,1,Chennai,2025-01-02 06:38:40,HOTEL_LODGE_SURPRISE_INSPECTION,NO_CONTRABAND_FOUND,COASTAL_SECURITY_GROUP,85
ENF-2026-00197,15,Tenkasi,2025-03-15 16:47:58,INTENSIVE_VEHICLE_CHECK,NO_CONTRABAND_FOUND,COASTAL_SECURITY_GROUP,90
ENF-2026-00198,35,Mayiladuthurai,2026-01-16 16:24:16,COASTAL_PATROL_SWEEP,NO_CONTRABAND_FOUND,PROHIBITION_ENFORCEMENT_WING,96
ENF-2026-00199,32,Theni,2024-11-07 14:00:20,SPECIAL_CAMPUS_DRIVE,INTERMEDIATE_DISCREPANCY,DISTRICT_SPECIAL_TASK_FORCE,98
ENF-2026-00200,37,Tirupathur,2025-09-30 01:19:24,COASTAL_PATROL_SWEEP,INTERMEDIATE_DISCREPANCY,PROHIBITION_ENFORCEMENT_WING,94
ENF-2026-00201,17,Chengalpattu,2025-10-28 10:21:45,COASTAL_PATROL_SWEEP,INTERMEDIATE_DISCREPANCY,DISTRICT_SPECIAL_TASK_FORCE,97
ENF-2026-00202,16,Kancheepuram,2024-09-23 14:47:16,HOTEL_LODGE_SURPRISE_INSPECTION,SEIZURE_REGISTERED,COASTAL_SECURITY_GROUP,99
ENF-2026-00203,8,Erode,2025-02-02 21:48:51,SPECIAL_CAMPUS_DRIVE,SEIZURE_REGISTERED,DISTRICT_SPECIAL_TASK_FORCE,87
ENF-2026-00204,25,Karur,2025-05-08 12:57:55,COASTAL_PATROL_SWEEP,NO_CONTRABAND_FOUND,DISTRICT_SPECIAL_TASK_FORCE,90
ENF-2026-00205,24,Nilgiris,2025-05-01 15:43:38,SPECIAL_CAMPUS_DRIVE,INTERMEDIATE_DISCREPANCY,COASTAL_SECURITY_GROUP,95
ENF-2026-00206,33,Thiruvarur,2026-07-03 03:28:40,COASTAL_PATROL_SWEEP,INTERMEDIATE_DISCREPANCY,PROHIBITION_ENFORCEMENT_WING,89
ENF-2026-00207,34,Nagapattinam,2026-03-18 21:34:06,HOTEL_LODGE_SURPRISE_INSPECTION,INTERMEDIATE_DISCREPANCY,DISTRICT_SPECIAL_TASK_FORCE,85
ENF-2026-00208,31,Virudhunagar,2026-08-16 08:32:43,INTENSIVE_VEHICLE_CHECK,NO_CONTRABAND_FOUND,DISTRICT_SPECIAL_TASK_FORCE,92
ENF-2026-00209,25,Karur,2025-11-24 03:08:04,INTENSIVE_VEHICLE_CHECK,SEIZURE_REGISTERED,DISTRICT_SPECIAL_TASK_FORCE,99
ENF-2026-00210,27,Perambalur,2024-12-25 04:21:24,INTENSIVE_VEHICLE_CHECK,NO_CONTRABAND_FOUND,DISTRICT_SPECIAL_TASK_FORCE,91
ENF-2026-00211,16,Kancheepuram,2024-09-23 13:34:19,SPECIAL_CAMPUS_DRIVE,NO_CONTRABAND_FOUND,COASTAL_SECURITY_GROUP,92
ENF-2026-00212,20,Viluppuram,2025-03-09 16:05:44,SPECIAL_CAMPUS_DRIVE,NO_CONTRABAND_FOUND,DISTRICT_SPECIAL_TASK_FORCE,86
ENF-2026-00213,14,Kanniyakumari,2026-04-24 13:24:04,HOTEL_LODGE_SURPRISE_INSPECTION,INTERMEDIATE_DISCREPANCY,COASTAL_SECURITY_GROUP,96
ENF-2026-00214,22,Dharmapuri,2026-02-06 01:15:34,COASTAL_PATROL_SWEEP,INTERMEDIATE_DISCREPANCY,DISTRICT_SPECIAL_TASK_FORCE,97
ENF-2026-00215,11,Dindigul,2026-02-05 13:24:17,COASTAL_PATROL_SWEEP,NO_CONTRABAND_FOUND,PROHIBITION_ENFORCEMENT_WING,97
ENF-2026-00216,14,Kanniyakumari,2025-11-01 10:13:18,COASTAL_PATROL_SWEEP,INTERMEDIATE_DISCREPANCY,DISTRICT_SPECIAL_TASK_FORCE,96
ENF-2026-00217,2,Coimbatore,2026-02-20 10:25:08,HOTEL_LODGE_SURPRISE_INSPECTION,INTERMEDIATE_DISCREPANCY,PROHIBITION_ENFORCEMENT_WING,91
ENF-2026-00218,21,Kallakurichi,2024-10-30 04:59:54,INTENSIVE_VEHICLE_CHECK,SEIZURE_REGISTERED,PROHIBITION_ENFORCEMENT_WING,99
ENF-2026-00219,32,Theni,2026-04-07 21:28:22,INTENSIVE_VEHICLE_CHECK,SEIZURE_REGISTERED,PROHIBITION_ENFORCEMENT_WING,86
ENF-2026-00220,33,Thiruvarur,2026-05-06 05:14:11,INTENSIVE_VEHICLE_CHECK,INTERMEDIATE_DISCREPANCY,DISTRICT_SPECIAL_TASK_FORCE,90
ENF-2026-00221,31,Virudhunagar,2025-11-17 10:47:00,COASTAL_PATROL_SWEEP,INTERMEDIATE_DISCREPANCY,DISTRICT_SPECIAL_TASK_FORCE,92
ENF-2026-00222,11,Dindigul,2024-12-06 10:42:14,INTENSIVE_VEHICLE_CHECK,INTERMEDIATE_DISCREPANCY,PROHIBITION_ENFORCEMENT_WING,90
ENF-2026-00223,30,Ramanathapuram,2026-07-02 04:06:49,INTENSIVE_VEHICLE_CHECK,SEIZURE_REGISTERED,PROHIBITION_ENFORCEMENT_WING,87
ENF-2026-00224,23,Namakkal,2025-07-13 09:04:53,HOTEL_LODGE_SURPRISE_INSPECTION,NO_CONTRABAND_FOUND,DISTRICT_SPECIAL_TASK_FORCE,92
ENF-2026-00225,13,Thoothukudi,2025-08-12 05:04:59,INTENSIVE_VEHICLE_CHECK,SEIZURE_REGISTERED,DISTRICT_SPECIAL_TASK_FORCE,91
ENF-2026-00226,33,Thiruvarur,2025-07-06 14:05:01,SPECIAL_CAMPUS_DRIVE,NO_CONTRABAND_FOUND,DISTRICT_SPECIAL_TASK_FORCE,99
ENF-2026-00227,26,Ariyalur,2024-09-22 15:22:26,INTENSIVE_VEHICLE_CHECK,INTERMEDIATE_DISCREPANCY,PROHIBITION_ENFORCEMENT_WING,93
ENF-2026-00228,23,Namakkal,2026-02-20 09:46:07,COASTAL_PATROL_SWEEP,NO_CONTRABAND_FOUND,PROHIBITION_ENFORCEMENT_WING,94
ENF-2026-00229,22,Dharmapuri,2025-06-19 04:57:03,SPECIAL_CAMPUS_DRIVE,INTERMEDIATE_DISCREPANCY,COASTAL_SECURITY_GROUP,97
ENF-2026-00230,22,Dharmapuri,2025-05-15 19:27:20,HOTEL_LODGE_SURPRISE_INSPECTION,INTERMEDIATE_DISCREPANCY,PROHIBITION_ENFORCEMENT_WING,96
ENF-2026-00231,19,Cuddalore,2026-05-17 20:13:01,SPECIAL_CAMPUS_DRIVE,INTERMEDIATE_DISCREPANCY,COASTAL_SECURITY_GROUP,85
ENF-2026-00232,18,Tiruvallur,2025-11-11 04:17:29,HOTEL_LODGE_SURPRISE_INSPECTION,NO_CONTRABAND_FOUND,PROHIBITION_ENFORCEMENT_WING,89
ENF-2026-00233,30,Ramanathapuram,2026-07-30 02:57:06,SPECIAL_CAMPUS_DRIVE,SEIZURE_REGISTERED,COASTAL_SECURITY_GROUP,97
ENF-2026-00234,20,Viluppuram,2026-02-11 13:16:35,INTENSIVE_VEHICLE_CHECK,SEIZURE_REGISTERED,PROHIBITION_ENFORCEMENT_WING,91
ENF-2026-00235,23,Namakkal,2024-10-16 18:33:08,HOTEL_LODGE_SURPRISE_INSPECTION,INTERMEDIATE_DISCREPANCY,PROHIBITION_ENFORCEMENT_WING,90
ENF-2026-00236,4,Salem,2024-10-26 11:26:50,INTENSIVE_VEHICLE_CHECK,NO_CONTRABAND_FOUND,COASTAL_SECURITY_GROUP,86
ENF-2026-00237,36,Ranipet,2024-11-21 13:17:42,INTENSIVE_VEHICLE_CHECK,NO_CONTRABAND_FOUND,COASTAL_SECURITY_GROUP,91
ENF-2026-00238,12,Thanjavur,2026-03-11 15:42:11,COASTAL_PATROL_SWEEP,INTERMEDIATE_DISCREPANCY,COASTAL_SECURITY_GROUP,91
ENF-2026-00239,13,Thoothukudi,2025-09-11 22:26:16,INTENSIVE_VEHICLE_CHECK,SEIZURE_REGISTERED,DISTRICT_SPECIAL_TASK_FORCE,94
ENF-2026-00240,33,Thiruvarur,2026-04-12 12:17:50,HOTEL_LODGE_SURPRISE_INSPECTION,NO_CONTRABAND_FOUND,COASTAL_SECURITY_GROUP,97
ENF-2026-00241,7,Tiruppur,2025-10-09 13:23:58,COASTAL_PATROL_SWEEP,SEIZURE_REGISTERED,DISTRICT_SPECIAL_TASK_FORCE,85
ENF-2026-00242,21,Kallakurichi,2025-04-08 12:29:25,INTENSIVE_VEHICLE_CHECK,SEIZURE_REGISTERED,COASTAL_SECURITY_GROUP,97
ENF-2026-00243,27,Perambalur,2025-05-19 01:32:19,COASTAL_PATROL_SWEEP,SEIZURE_REGISTERED,DISTRICT_SPECIAL_TASK_FORCE,89
ENF-2026-00244,23,Namakkal,2026-05-30 22:01:30,COASTAL_PATROL_SWEEP,INTERMEDIATE_DISCREPANCY,COASTAL_SECURITY_GROUP,98
ENF-2026-00245,30,Ramanathapuram,2026-07-11 20:29:33,HOTEL_LODGE_SURPRISE_INSPECTION,INTERMEDIATE_DISCREPANCY,COASTAL_SECURITY_GROUP,86
ENF-2026-00246,8,Erode,2026-07-22 22:17:00,HOTEL_LODGE_SURPRISE_INSPECTION,INTERMEDIATE_DISCREPANCY,DISTRICT_SPECIAL_TASK_FORCE,94
ENF-2026-00247,12,Thanjavur,2026-06-13 19:47:07,COASTAL_PATROL_SWEEP,NO_CONTRABAND_FOUND,PROHIBITION_ENFORCEMENT_WING,90
ENF-2026-00248,15,Tenkasi,2026-07-07 13:32:36,SPECIAL_CAMPUS_DRIVE,INTERMEDIATE_DISCREPANCY,COASTAL_SECURITY_GROUP,95
ENF-2026-00249,26,Ariyalur,2025-03-08 02:31:58,COASTAL_PATROL_SWEEP,NO_CONTRABAND_FOUND,COASTAL_SECURITY_GROUP,85
ENF-2026-00250,5,Tiruchirappalli,2025-11-20 12:57:37,SPECIAL_CAMPUS_DRIVE,NO_CONTRABAND_FOUND,PROHIBITION_ENFORCEMENT_WING,92
ENF-2026-00251,2,Coimbatore,2025-06-20 00:53:11,HOTEL_LODGE_SURPRISE_INSPECTION,SEIZURE_REGISTERED,PROHIBITION_ENFORCEMENT_WING,98
ENF-2026-00252,32,Theni,2025-09-25 05:09:32,INTENSIVE_VEHICLE_CHECK,SEIZURE_REGISTERED,COASTAL_SECURITY_GROUP,89
ENF-2026-00253,35,Mayiladuthurai,2025-12-20 00:31:26,SPECIAL_CAMPUS_DRIVE,NO_CONTRABAND_FOUND,COASTAL_SECURITY_GROUP,98
ENF-2026-00254,21,Kallakurichi,2025-08-18 11:56:08,HOTEL_LODGE_SURPRISE_INSPECTION,NO_CONTRABAND_FOUND,DISTRICT_SPECIAL_TASK_FORCE,94
ENF-2026-00255,16,Kancheepuram,2025-02-02 10:47:38,COASTAL_PATROL_SWEEP,NO_CONTRABAND_FOUND,DISTRICT_SPECIAL_TASK_FORCE,90
ENF-2026-00256,9,Vellore,2026-06-02 07:49:02,COASTAL_PATROL_SWEEP,INTERMEDIATE_DISCREPANCY,DISTRICT_SPECIAL_TASK_FORCE,88
ENF-2026-00257,34,Nagapattinam,2025-06-23 01:41:09,SPECIAL_CAMPUS_DRIVE,SEIZURE_REGISTERED,DISTRICT_SPECIAL_TASK_FORCE,94
ENF-2026-00258,16,Kancheepuram,2025-08-17 10:55:21,INTENSIVE_VEHICLE_CHECK,INTERMEDIATE_DISCREPANCY,PROHIBITION_ENFORCEMENT_WING,88
ENF-2026-00259,7,Tiruppur,2025-05-04 01:37:48,HOTEL_LODGE_SURPRISE_INSPECTION,NO_CONTRABAND_FOUND,PROHIBITION_ENFORCEMENT_WING,94
ENF-2026-00260,15,Tenkasi,2026-04-07 08:32:46,HOTEL_LODGE_SURPRISE_INSPECTION,NO_CONTRABAND_FOUND,DISTRICT_SPECIAL_TASK_FORCE,88
ENF-2026-00261,4,Salem,2026-03-18 03:55:41,SPECIAL_CAMPUS_DRIVE,INTERMEDIATE_DISCREPANCY,PROHIBITION_ENFORCEMENT_WING,85
ENF-2026-00262,33,Thiruvarur,2026-06-27 06:20:43,INTENSIVE_VEHICLE_CHECK,SEIZURE_REGISTERED,PROHIBITION_ENFORCEMENT_WING,86
ENF-2026-00263,24,Nilgiris,2025-06-25 22:57:03,COASTAL_PATROL_SWEEP,INTERMEDIATE_DISCREPANCY,COASTAL_SECURITY_GROUP,89
ENF-2026-00264,15,Tenkasi,2025-05-21 13:34:13,COASTAL_PATROL_SWEEP,SEIZURE_REGISTERED,COASTAL_SECURITY_GROUP,98
ENF-2026-00265,38,Tiruvannamalai,2024-10-05 03:44:28,INTENSIVE_VEHICLE_CHECK,INTERMEDIATE_DISCREPANCY,DISTRICT_SPECIAL_TASK_FORCE,98
ENF-2026-00266,15,Tenkasi,2026-06-27 00:39:50,SPECIAL_CAMPUS_DRIVE,SEIZURE_REGISTERED,DISTRICT_SPECIAL_TASK_FORCE,91
ENF-2026-00267,27,Perambalur,2026-07-08 05:40:22,INTENSIVE_VEHICLE_CHECK,NO_CONTRABAND_FOUND,PROHIBITION_ENFORCEMENT_WING,91
ENF-2026-00268,12,Thanjavur,2024-11-11 15:18:00,SPECIAL_CAMPUS_DRIVE,NO_CONTRABAND_FOUND,DISTRICT_SPECIAL_TASK_FORCE,95
ENF-2026-00269,33,Thiruvarur,2026-08-19 01:13:41,HOTEL_LODGE_SURPRISE_INSPECTION,NO_CONTRABAND_FOUND,PROHIBITION_ENFORCEMENT_WING,97
ENF-2026-00270,19,Cuddalore,2025-04-18 10:36:42,COASTAL_PATROL_SWEEP,INTERMEDIATE_DISCREPANCY,COASTAL_SECURITY_GROUP,89
ENF-2026-00271,20,Viluppuram,2025-03-02 11:04:40,SPECIAL_CAMPUS_DRIVE,INTERMEDIATE_DISCREPANCY,PROHIBITION_ENFORCEMENT_WING,94
ENF-2026-00272,37,Tirupathur,2025-07-24 10:48:38,COASTAL_PATROL_SWEEP,NO_CONTRABAND_FOUND,COASTAL_SECURITY_GROUP,92
ENF-2026-00273,15,Tenkasi,2025-04-28 10:55:23,COASTAL_PATROL_SWEEP,SEIZURE_REGISTERED,DISTRICT_SPECIAL_TASK_FORCE,98
ENF-2026-00274,15,Tenkasi,2026-01-10 01:45:29,INTENSIVE_VEHICLE_CHECK,SEIZURE_REGISTERED,COASTAL_SECURITY_GROUP,98
ENF-2026-00275,18,Tiruvallur,2026-01-05 21:09:20,INTENSIVE_VEHICLE_CHECK,SEIZURE_REGISTERED,DISTRICT_SPECIAL_TASK_FORCE,94
ENF-2026-00276,20,Viluppuram,2024-11-11 20:22:33,INTENSIVE_VEHICLE_CHECK,SEIZURE_REGISTERED,PROHIBITION_ENFORCEMENT_WING,85
ENF-2026-00277,33,Thiruvarur,2025-12-10 17:36:19,COASTAL_PATROL_SWEEP,INTERMEDIATE_DISCREPANCY,COASTAL_SECURITY_GROUP,97
ENF-2026-00278,12,Thanjavur,2025-07-09 17:00:27,INTENSIVE_VEHICLE_CHECK,INTERMEDIATE_DISCREPANCY,COASTAL_SECURITY_GROUP,98
ENF-2026-00279,5,Tiruchirappalli,2025-07-27 05:10:14,INTENSIVE_VEHICLE_CHECK,INTERMEDIATE_DISCREPANCY,PROHIBITION_ENFORCEMENT_WING,89
ENF-2026-00280,30,Ramanathapuram,2025-08-27 23:43:58,HOTEL_LODGE_SURPRISE_INSPECTION,SEIZURE_REGISTERED,PROHIBITION_ENFORCEMENT_WING,90
ENF-2026-00281,23,Namakkal,2024-09-22 17:48:47,INTENSIVE_VEHICLE_CHECK,SEIZURE_REGISTERED,PROHIBITION_ENFORCEMENT_WING,95
ENF-2026-00282,25,Karur,2025-08-16 18:48:58,SPECIAL_CAMPUS_DRIVE,SEIZURE_REGISTERED,PROHIBITION_ENFORCEMENT_WING,92
ENF-2026-00283,30,Ramanathapuram,2025-11-20 05:34:04,COASTAL_PATROL_SWEEP,INTERMEDIATE_DISCREPANCY,COASTAL_SECURITY_GROUP,85
ENF-2026-00284,15,Tenkasi,2026-04-11 12:33:22,COASTAL_PATROL_SWEEP,SEIZURE_REGISTERED,PROHIBITION_ENFORCEMENT_WING,87
ENF-2026-00285,13,Thoothukudi,2025-02-02 20:58:49,COASTAL_PATROL_SWEEP,SEIZURE_REGISTERED,COASTAL_SECURITY_GROUP,87
ENF-2026-00286,29,Sivaganga,2025-04-13 19:18:19,INTENSIVE_VEHICLE_CHECK,NO_CONTRABAND_FOUND,DISTRICT_SPECIAL_TASK_FORCE,93
ENF-2026-00287,6,Tirunelveli,2025-04-18 05:28:04,SPECIAL_CAMPUS_DRIVE,INTERMEDIATE_DISCREPANCY,PROHIBITION_ENFORCEMENT_WING,96
ENF-2026-00288,3,Madurai,2025-03-06 07:53:47,HOTEL_LODGE_SURPRISE_INSPECTION,SEIZURE_REGISTERED,COASTAL_SECURITY_GROUP,99
ENF-2026-00289,35,Mayiladuthurai,2025-02-02 11:29:52,HOTEL_LODGE_SURPRISE_INSPECTION,INTERMEDIATE_DISCREPANCY,COASTAL_SECURITY_GROUP,97
ENF-2026-00290,38,Tiruvannamalai,2025-02-20 21:14:26,INTENSIVE_VEHICLE_CHECK,SEIZURE_REGISTERED,COASTAL_SECURITY_GROUP,86
ENF-2026-00291,30,Ramanathapuram,2025-03-11 20:17:34,SPECIAL_CAMPUS_DRIVE,INTERMEDIATE_DISCREPANCY,PROHIBITION_ENFORCEMENT_WING,98
ENF-2026-00292,24,Nilgiris,2026-07-06 06:26:16,COASTAL_PATROL_SWEEP,INTERMEDIATE_DISCREPANCY,DISTRICT_SPECIAL_TASK_FORCE,90
ENF-2026-00293,6,Tirunelveli,2025-02-25 04:30:23,INTENSIVE_VEHICLE_CHECK,SEIZURE_REGISTERED,PROHIBITION_ENFORCEMENT_WING,85
ENF-2026-00294,25,Karur,2025-02-03 13:08:21,HOTEL_LODGE_SURPRISE_INSPECTION,NO_CONTRABAND_FOUND,DISTRICT_SPECIAL_TASK_FORCE,86
ENF-2026-00295,30,Ramanathapuram,2026-03-12 23:56:09,HOTEL_LODGE_SURPRISE_INSPECTION,INTERMEDIATE_DISCREPANCY,COASTAL_SECURITY_GROUP,91
ENF-2026-00296,5,Tiruchirappalli,2026-08-19 05:32:41,HOTEL_LODGE_SURPRISE_INSPECTION,INTERMEDIATE_DISCREPANCY,COASTAL_SECURITY_GROUP,89
ENF-2026-00297,31,Virudhunagar,2026-02-01 10:27:33,COASTAL_PATROL_SWEEP,SEIZURE_REGISTERED,DISTRICT_SPECIAL_TASK_FORCE,89
ENF-2026-00298,32,Theni,2026-03-12 20:13:57,SPECIAL_CAMPUS_DRIVE,INTERMEDIATE_DISCREPANCY,COASTAL_SECURITY_GROUP,96
ENF-2026-00299,25,Karur,2025-05-02 04:19:07,INTENSIVE_VEHICLE_CHECK,NO_CONTRABAND_FOUND,DISTRICT_SPECIAL_TASK_FORCE,87
ENF-2026-00300,17,Chengalpattu,2024-11-04 07:02:04,SPECIAL_CAMPUS_DRIVE,SEIZURE_REGISTERED,COASTAL_SECURITY_GROUP,92
ENF-2026-00301,9,Vellore,2026-02-26 09:33:02,COASTAL_PATROL_SWEEP,INTERMEDIATE_DISCREPANCY,COASTAL_SECURITY_GROUP,85
ENF-2026-00302,14,Kanniyakumari,2025-11-13 21:48:05,COASTAL_PATROL_SWEEP,NO_CONTRABAND_FOUND,COASTAL_SECURITY_GROUP,91
ENF-2026-00303,31,Virudhunagar,2026-01-17 13:03:59,SPECIAL_CAMPUS_DRIVE,SEIZURE_REGISTERED,PROHIBITION_ENFORCEMENT_WING,96
ENF-2026-00304,4,Salem,2025-09-04 08:12:55,SPECIAL_CAMPUS_DRIVE,INTERMEDIATE_DISCREPANCY,PROHIBITION_ENFORCEMENT_WING,97
ENF-2026-00305,31,Virudhunagar,2024-09-26 16:28:12,SPECIAL_CAMPUS_DRIVE,INTERMEDIATE_DISCREPANCY,DISTRICT_SPECIAL_TASK_FORCE,88
ENF-2026-00306,9,Vellore,2026-05-02 10:56:59,SPECIAL_CAMPUS_DRIVE,NO_CONTRABAND_FOUND,DISTRICT_SPECIAL_TASK_FORCE,91
ENF-2026-00307,16,Kancheepuram,2026-01-20 22:25:04,SPECIAL_CAMPUS_DRIVE,SEIZURE_REGISTERED,DISTRICT_SPECIAL_TASK_FORCE,97
ENF-2026-00308,1,Chennai,2025-04-23 15:31:55,INTENSIVE_VEHICLE_CHECK,NO_CONTRABAND_FOUND,COASTAL_SECURITY_GROUP,97
ENF-2026-00309,27,Perambalur,2026-03-14 05:57:57,HOTEL_LODGE_SURPRISE_INSPECTION,SEIZURE_REGISTERED,PROHIBITION_ENFORCEMENT_WING,93
ENF-2026-00310,7,Tiruppur,2026-03-25 08:56:35,HOTEL_LODGE_SURPRISE_INSPECTION,INTERMEDIATE_DISCREPANCY,PROHIBITION_ENFORCEMENT_WING,98
ENF-2026-00311,31,Virudhunagar,2026-07-15 14:49:59,HOTEL_LODGE_SURPRISE_INSPECTION,NO_CONTRABAND_FOUND,PROHIBITION_ENFORCEMENT_WING,86
ENF-2026-00312,17,Chengalpattu,2026-04-14 04:54:16,SPECIAL_CAMPUS_DRIVE,SEIZURE_REGISTERED,PROHIBITION_ENFORCEMENT_WING,88
ENF-2026-00313,35,Mayiladuthurai,2025-01-01 20:30:49,SPECIAL_CAMPUS_DRIVE,INTERMEDIATE_DISCREPANCY,PROHIBITION_ENFORCEMENT_WING,93
ENF-2026-00314,9,Vellore,2025-04-10 08:22:16,HOTEL_LODGE_SURPRISE_INSPECTION,NO_CONTRABAND_FOUND,PROHIBITION_ENFORCEMENT_WING,96
ENF-2026-00315,24,Nilgiris,2025-09-10 08:53:44,COASTAL_PATROL_SWEEP,NO_CONTRABAND_FOUND,DISTRICT_SPECIAL_TASK_FORCE,95
ENF-2026-00316,31,Virudhunagar,2026-06-12 20:06:58,SPECIAL_CAMPUS_DRIVE,INTERMEDIATE_DISCREPANCY,PROHIBITION_ENFORCEMENT_WING,96
ENF-2026-00317,19,Cuddalore,2025-07-20 11:23:46,INTENSIVE_VEHICLE_CHECK,SEIZURE_REGISTERED,DISTRICT_SPECIAL_TASK_FORCE,99
ENF-2026-00318,36,Ranipet,2026-03-02 11:32:04,SPECIAL_CAMPUS_DRIVE,NO_CONTRABAND_FOUND,PROHIBITION_ENFORCEMENT_WING,87
ENF-2026-00319,24,Nilgiris,2025-11-28 22:35:09,COASTAL_PATROL_SWEEP,NO_CONTRABAND_FOUND,COASTAL_SECURITY_GROUP,97
ENF-2026-00320,3,Madurai,2024-09-22 05:23:46,INTENSIVE_VEHICLE_CHECK,INTERMEDIATE_DISCREPANCY,DISTRICT_SPECIAL_TASK_FORCE,87
ENF-2026-00321,11,Dindigul,2025-04-30 22:50:21,COASTAL_PATROL_SWEEP,INTERMEDIATE_DISCREPANCY,PROHIBITION_ENFORCEMENT_WING,99
ENF-2026-00322,7,Tiruppur,2025-11-22 00:38:10,HOTEL_LODGE_SURPRISE_INSPECTION,SEIZURE_REGISTERED,PROHIBITION_ENFORCEMENT_WING,89
ENF-2026-00323,37,Tirupathur,2026-06-13 01:32:50,HOTEL_LODGE_SURPRISE_INSPECTION,SEIZURE_REGISTERED,COASTAL_SECURITY_GROUP,88
ENF-2026-00324,12,Thanjavur,2025-04-26 19:51:53,INTENSIVE_VEHICLE_CHECK,INTERMEDIATE_DISCREPANCY,PROHIBITION_ENFORCEMENT_WING,89
ENF-2026-00325,10,Krishnagiri,2026-07-01 14:38:58,SPECIAL_CAMPUS_DRIVE,INTERMEDIATE_DISCREPANCY,PROHIBITION_ENFORCEMENT_WING,88
ENF-2026-00326,25,Karur,2025-10-29 02:09:13,SPECIAL_CAMPUS_DRIVE,SEIZURE_REGISTERED,COASTAL_SECURITY_GROUP,92
ENF-2026-00327,20,Viluppuram,2026-06-30 11:18:51,INTENSIVE_VEHICLE_CHECK,SEIZURE_REGISTERED,COASTAL_SECURITY_GROUP,86
ENF-2026-00328,6,Tirunelveli,2025-04-16 14:35:51,SPECIAL_CAMPUS_DRIVE,INTERMEDIATE_DISCREPANCY,COASTAL_SECURITY_GROUP,91
ENF-2026-00329,36,Ranipet,2025-11-07 01:35:53,COASTAL_PATROL_SWEEP,INTERMEDIATE_DISCREPANCY,DISTRICT_SPECIAL_TASK_FORCE,96
ENF-2026-00330,18,Tiruvallur,2025-09-01 02:24:24,INTENSIVE_VEHICLE_CHECK,SEIZURE_REGISTERED,DISTRICT_SPECIAL_TASK_FORCE,96
ENF-2026-00331,2,Coimbatore,2026-07-19 11:38:13,COASTAL_PATROL_SWEEP,INTERMEDIATE_DISCREPANCY,COASTAL_SECURITY_GROUP,87
ENF-2026-00332,8,Erode,2025-08-05 19:51:37,COASTAL_PATROL_SWEEP,NO_CONTRABAND_FOUND,PROHIBITION_ENFORCEMENT_WING,91
ENF-2026-00333,30,Ramanathapuram,2025-06-21 02:57:15,SPECIAL_CAMPUS_DRIVE,NO_CONTRABAND_FOUND,PROHIBITION_ENFORCEMENT_WING,88
ENF-2026-00334,32,Theni,2025-03-21 11:20:13,SPECIAL_CAMPUS_DRIVE,NO_CONTRABAND_FOUND,DISTRICT_SPECIAL_TASK_FORCE,93
ENF-2026-00335,6,Tirunelveli,2025-02-02 11:10:35,COASTAL_PATROL_SWEEP,NO_CONTRABAND_FOUND,PROHIBITION_ENFORCEMENT_WING,99
ENF-2026-00336,33,Thiruvarur,2026-04-25 09:15:03,INTENSIVE_VEHICLE_CHECK,NO_CONTRABAND_FOUND,DISTRICT_SPECIAL_TASK_FORCE,88
ENF-2026-00337,5,Tiruchirappalli,2025-07-01 03:51:01,SPECIAL_CAMPUS_DRIVE,SEIZURE_REGISTERED,COASTAL_SECURITY_GROUP,90
ENF-2026-00338,7,Tiruppur,2025-12-10 21:44:21,SPECIAL_CAMPUS_DRIVE,SEIZURE_REGISTERED,DISTRICT_SPECIAL_TASK_FORCE,85
ENF-2026-00339,31,Virudhunagar,2024-10-27 15:14:19,INTENSIVE_VEHICLE_CHECK,NO_CONTRABAND_FOUND,PROHIBITION_ENFORCEMENT_WING,86
ENF-2026-00340,31,Virudhunagar,2025-04-25 00:17:04,HOTEL_LODGE_SURPRISE_INSPECTION,SEIZURE_REGISTERED,PROHIBITION_ENFORCEMENT_WING,88
ENF-2026-00341,22,Dharmapuri,2025-05-12 04:18:29,SPECIAL_CAMPUS_DRIVE,INTERMEDIATE_DISCREPANCY,PROHIBITION_ENFORCEMENT_WING,87
ENF-2026-00342,29,Sivaganga,2025-04-14 23:18:13,INTENSIVE_VEHICLE_CHECK,SEIZURE_REGISTERED,DISTRICT_SPECIAL_TASK_FORCE,91
ENF-2026-00343,10,Krishnagiri,2026-03-16 23:41:10,INTENSIVE_VEHICLE_CHECK,SEIZURE_REGISTERED,COASTAL_SECURITY_GROUP,98
ENF-2026-00344,6,Tirunelveli,2026-06-06 14:37:39,HOTEL_LODGE_SURPRISE_INSPECTION,SEIZURE_REGISTERED,COASTAL_SECURITY_GROUP,89
ENF-2026-00345,5,Tiruchirappalli,2025-09-17 16:53:42,HOTEL_LODGE_SURPRISE_INSPECTION,INTERMEDIATE_DISCREPANCY,DISTRICT_SPECIAL_TASK_FORCE,92
ENF-2026-00346,25,Karur,2024-12-26 02:17:20,COASTAL_PATROL_SWEEP,INTERMEDIATE_DISCREPANCY,PROHIBITION_ENFORCEMENT_WING,97
ENF-2026-00347,16,Kancheepuram,2025-03-04 03:00:57,COASTAL_PATROL_SWEEP,NO_CONTRABAND_FOUND,COASTAL_SECURITY_GROUP,86
ENF-2026-00348,4,Salem,2025-05-31 07:44:04,INTENSIVE_VEHICLE_CHECK,NO_CONTRABAND_FOUND,PROHIBITION_ENFORCEMENT_WING,98
ENF-2026-00349,6,Tirunelveli,2025-03-15 00:13:42,INTENSIVE_VEHICLE_CHECK,NO_CONTRABAND_FOUND,COASTAL_SECURITY_GROUP,85
ENF-2026-00350,30,Ramanathapuram,2025-06-25 07:25:21,INTENSIVE_VEHICLE_CHECK,SEIZURE_REGISTERED,DISTRICT_SPECIAL_TASK_FORCE,93
ENF-2026-00351,35,Mayiladuthurai,2025-08-21 03:17:18,SPECIAL_CAMPUS_DRIVE,INTERMEDIATE_DISCREPANCY,PROHIBITION_ENFORCEMENT_WING,86
ENF-2026-00352,16,Kancheepuram,2026-05-27 13:27:46,INTENSIVE_VEHICLE_CHECK,NO_CONTRABAND_FOUND,PROHIBITION_ENFORCEMENT_WING,92
ENF-2026-00353,26,Ariyalur,2025-04-09 11:31:10,INTENSIVE_VEHICLE_CHECK,INTERMEDIATE_DISCREPANCY,COASTAL_SECURITY_GROUP,87
ENF-2026-00354,24,Nilgiris,2024-11-08 17:23:57,SPECIAL_CAMPUS_DRIVE,INTERMEDIATE_DISCREPANCY,DISTRICT_SPECIAL_TASK_FORCE,86
ENF-2026-00355,11,Dindigul,2025-12-29 13:08:30,INTENSIVE_VEHICLE_CHECK,INTERMEDIATE_DISCREPANCY,COASTAL_SECURITY_GROUP,87
ENF-2026-00356,17,Chengalpattu,2026-06-26 03:39:09,SPECIAL_CAMPUS_DRIVE,NO_CONTRABAND_FOUND,PROHIBITION_ENFORCEMENT_WING,94
ENF-2026-00357,18,Tiruvallur,2026-05-18 20:38:13,INTENSIVE_VEHICLE_CHECK,SEIZURE_REGISTERED,COASTAL_SECURITY_GROUP,89
ENF-2026-00358,4,Salem,2024-10-21 13:51:10,SPECIAL_CAMPUS_DRIVE,NO_CONTRABAND_FOUND,PROHIBITION_ENFORCEMENT_WING,95
ENF-2026-00359,31,Virudhunagar,2025-04-06 03:37:19,HOTEL_LODGE_SURPRISE_INSPECTION,INTERMEDIATE_DISCREPANCY,DISTRICT_SPECIAL_TASK_FORCE,92
ENF-2026-00360,20,Viluppuram,2025-10-03 18:37:48,COASTAL_PATROL_SWEEP,NO_CONTRABAND_FOUND,DISTRICT_SPECIAL_TASK_FORCE,92
ENF-2026-00361,4,Salem,2025-07-29 16:24:54,INTENSIVE_VEHICLE_CHECK,NO_CONTRABAND_FOUND,PROHIBITION_ENFORCEMENT_WING,89
ENF-2026-00362,30,Ramanathapuram,2024-11-25 17:01:47,INTENSIVE_VEHICLE_CHECK,INTERMEDIATE_DISCREPANCY,PROHIBITION_ENFORCEMENT_WING,85
ENF-2026-00363,18,Tiruvallur,2026-05-20 14:04:50,INTENSIVE_VEHICLE_CHECK,INTERMEDIATE_DISCREPANCY,DISTRICT_SPECIAL_TASK_FORCE,86
ENF-2026-00364,18,Tiruvallur,2025-03-09 05:40:42,COASTAL_PATROL_SWEEP,INTERMEDIATE_DISCREPANCY,DISTRICT_SPECIAL_TASK_FORCE,97
ENF-2026-00365,3,Madurai,2026-06-12 16:36:07,INTENSIVE_VEHICLE_CHECK,NO_CONTRABAND_FOUND,DISTRICT_SPECIAL_TASK_FORCE,92
ENF-2026-00366,33,Thiruvarur,2026-03-28 19:08:45,INTENSIVE_VEHICLE_CHECK,INTERMEDIATE_DISCREPANCY,COASTAL_SECURITY_GROUP,91
ENF-2026-00367,16,Kancheepuram,2025-03-13 13:49:01,HOTEL_LODGE_SURPRISE_INSPECTION,SEIZURE_REGISTERED,DISTRICT_SPECIAL_TASK_FORCE,86
ENF-2026-00368,15,Tenkasi,2025-11-14 17:33:48,SPECIAL_CAMPUS_DRIVE,NO_CONTRABAND_FOUND,COASTAL_SECURITY_GROUP,97
ENF-2026-00369,22,Dharmapuri,2024-12-19 05:42:41,SPECIAL_CAMPUS_DRIVE,NO_CONTRABAND_FOUND,PROHIBITION_ENFORCEMENT_WING,92
ENF-2026-00370,8,Erode,2025-08-18 05:29:16,SPECIAL_CAMPUS_DRIVE,INTERMEDIATE_DISCREPANCY,DISTRICT_SPECIAL_TASK_FORCE,92
ENF-2026-00371,34,Nagapattinam,2026-04-20 09:16:42,SPECIAL_CAMPUS_DRIVE,SEIZURE_REGISTERED,COASTAL_SECURITY_GROUP,94
ENF-2026-00372,26,Ariyalur,2025-04-12 05:15:51,INTENSIVE_VEHICLE_CHECK,SEIZURE_REGISTERED,PROHIBITION_ENFORCEMENT_WING,91
ENF-2026-00373,11,Dindigul,2026-06-06 17:22:39,INTENSIVE_VEHICLE_CHECK,INTERMEDIATE_DISCREPANCY,DISTRICT_SPECIAL_TASK_FORCE,91
ENF-2026-00374,2,Coimbatore,2025-06-29 18:26:02,COASTAL_PATROL_SWEEP,INTERMEDIATE_DISCREPANCY,COASTAL_SECURITY_GROUP,87
ENF-2026-00375,38,Tiruvannamalai,2024-12-27 04:20:29,SPECIAL_CAMPUS_DRIVE,SEIZURE_REGISTERED,DISTRICT_SPECIAL_TASK_FORCE,93
ENF-2026-00376,36,Ranipet,2025-06-17 19:57:20,HOTEL_LODGE_SURPRISE_INSPECTION,NO_CONTRABAND_FOUND,DISTRICT_SPECIAL_TASK_FORCE,89
ENF-2026-00377,28,Pudukkottai,2026-05-12 06:38:12,SPECIAL_CAMPUS_DRIVE,SEIZURE_REGISTERED,PROHIBITION_ENFORCEMENT_WING,99
ENF-2026-00378,21,Kallakurichi,2024-12-17 14:18:11,SPECIAL_CAMPUS_DRIVE,NO_CONTRABAND_FOUND,PROHIBITION_ENFORCEMENT_WING,87
ENF-2026-00379,35,Mayiladuthurai,2025-12-08 02:03:44,COASTAL_PATROL_SWEEP,NO_CONTRABAND_FOUND,COASTAL_SECURITY_GROUP,96
ENF-2026-00380,27,Perambalur,2025-07-10 16:41:49,HOTEL_LODGE_SURPRISE_INSPECTION,NO_CONTRABAND_FOUND,COASTAL_SECURITY_GROUP,86
ENF-2026-00381,38,Tiruvannamalai,2025-09-27 16:34:23,INTENSIVE_VEHICLE_CHECK,INTERMEDIATE_DISCREPANCY,DISTRICT_SPECIAL_TASK_FORCE,98
ENF-2026-00382,27,Perambalur,2026-03-29 16:17:48,COASTAL_PATROL_SWEEP,NO_CONTRABAND_FOUND,DISTRICT_SPECIAL_TASK_FORCE,93
ENF-2026-00383,33,Thiruvarur,2025-08-31 16:14:13,SPECIAL_CAMPUS_DRIVE,SEIZURE_REGISTERED,DISTRICT_SPECIAL_TASK_FORCE,86
ENF-2026-00384,34,Nagapattinam,2025-11-27 07:11:03,COASTAL_PATROL_SWEEP,INTERMEDIATE_DISCREPANCY,DISTRICT_SPECIAL_TASK_FORCE,88
ENF-2026-00385,1,Chennai,2025-04-29 05:20:02,INTENSIVE_VEHICLE_CHECK,INTERMEDIATE_DISCREPANCY,PROHIBITION_ENFORCEMENT_WING,92
ENF-2026-00386,30,Ramanathapuram,2025-09-18 03:40:22,COASTAL_PATROL_SWEEP,INTERMEDIATE_DISCREPANCY,PROHIBITION_ENFORCEMENT_WING,91
ENF-2026-00387,9,Vellore,2026-08-01 12:01:06,HOTEL_LODGE_SURPRISE_INSPECTION,INTERMEDIATE_DISCREPANCY,DISTRICT_SPECIAL_TASK_FORCE,89
ENF-2026-00388,34,Nagapattinam,2025-03-15 14:27:17,SPECIAL_CAMPUS_DRIVE,SEIZURE_REGISTERED,PROHIBITION_ENFORCEMENT_WING,94
ENF-2026-00389,21,Kallakurichi,2026-03-21 08:57:48,HOTEL_LODGE_SURPRISE_INSPECTION,SEIZURE_REGISTERED,COASTAL_SECURITY_GROUP,92
ENF-2026-00390,18,Tiruvallur,2025-03-05 08:16:43,INTENSIVE_VEHICLE_CHECK,NO_CONTRABAND_FOUND,PROHIBITION_ENFORCEMENT_WING,99
ENF-2026-00391,2,Coimbatore,2024-12-07 23:48:50,HOTEL_LODGE_SURPRISE_INSPECTION,NO_CONTRABAND_FOUND,DISTRICT_SPECIAL_TASK_FORCE,93
ENF-2026-00392,25,Karur,2025-09-10 14:39:51,COASTAL_PATROL_SWEEP,INTERMEDIATE_DISCREPANCY,DISTRICT_SPECIAL_TASK_FORCE,91
ENF-2026-00393,30,Ramanathapuram,2025-07-23 15:24:51,INTENSIVE_VEHICLE_CHECK,SEIZURE_REGISTERED,COASTAL_SECURITY_GROUP,88
ENF-2026-00394,15,Tenkasi,2024-11-06 00:06:05,INTENSIVE_VEHICLE_CHECK,NO_CONTRABAND_FOUND,COASTAL_SECURITY_GROUP,90
ENF-2026-00395,34,Nagapattinam,2025-04-08 01:10:07,SPECIAL_CAMPUS_DRIVE,NO_CONTRABAND_FOUND,DISTRICT_SPECIAL_TASK_FORCE,85
ENF-2026-00396,21,Kallakurichi,2026-07-08 21:50:37,COASTAL_PATROL_SWEEP,SEIZURE_REGISTERED,PROHIBITION_ENFORCEMENT_WING,99
ENF-2026-00397,15,Tenkasi,2026-04-02 05:11:50,HOTEL_LODGE_SURPRISE_INSPECTION,NO_CONTRABAND_FOUND,DISTRICT_SPECIAL_TASK_FORCE,88
ENF-2026-00398,25,Karur,2024-11-23 03:42:54,INTENSIVE_VEHICLE_CHECK,NO_CONTRABAND_FOUND,COASTAL_SECURITY_GROUP,94
ENF-2026-00399,23,Namakkal,2026-08-18 09:06:52,COASTAL_PATROL_SWEEP,INTERMEDIATE_DISCREPANCY,DISTRICT_SPECIAL_TASK_FORCE,96
ENF-2026-00400,20,Viluppuram,2025-01-19 09:58:46,HOTEL_LODGE_SURPRISE_INSPECTION,SEIZURE_REGISTERED,COASTAL_SECURITY_GROUP,98
ENF-2026-00401,23,Namakkal,2026-07-19 03:47:15,HOTEL_LODGE_SURPRISE_INSPECTION,NO_CONTRABAND_FOUND,DISTRICT_SPECIAL_TASK_FORCE,96
ENF-2026-00402,15,Tenkasi,2025-08-02 03:24:25,INTENSIVE_VEHICLE_CHECK,NO_CONTRABAND_FOUND,DISTRICT_SPECIAL_TASK_FORCE,90
ENF-2026-00403,1,Chennai,2025-10-27 03:10:07,COASTAL_PATROL_SWEEP,NO_CONTRABAND_FOUND,DISTRICT_SPECIAL_TASK_FORCE,89
ENF-2026-00404,27,Perambalur,2025-12-03 17:00:56,INTENSIVE_VEHICLE_CHECK,NO_CONTRABAND_FOUND,COASTAL_SECURITY_GROUP,97
ENF-2026-00405,23,Namakkal,2024-12-26 18:36:58,HOTEL_LODGE_SURPRISE_INSPECTION,NO_CONTRABAND_FOUND,COASTAL_SECURITY_GROUP,99
ENF-2026-00406,13,Thoothukudi,2025-08-10 08:15:59,SPECIAL_CAMPUS_DRIVE,SEIZURE_REGISTERED,COASTAL_SECURITY_GROUP,91
ENF-2026-00407,6,Tirunelveli,2026-05-09 14:00:12,SPECIAL_CAMPUS_DRIVE,SEIZURE_REGISTERED,COASTAL_SECURITY_GROUP,87
ENF-2026-00408,13,Thoothukudi,2026-05-24 11:21:26,HOTEL_LODGE_SURPRISE_INSPECTION,INTERMEDIATE_DISCREPANCY,COASTAL_SECURITY_GROUP,88
ENF-2026-00409,10,Krishnagiri,2025-05-14 07:16:14,SPECIAL_CAMPUS_DRIVE,INTERMEDIATE_DISCREPANCY,COASTAL_SECURITY_GROUP,95
ENF-2026-00410,28,Pudukkottai,2025-03-27 09:09:36,SPECIAL_CAMPUS_DRIVE,INTERMEDIATE_DISCREPANCY,DISTRICT_SPECIAL_TASK_FORCE,96
ENF-2026-00411,6,Tirunelveli,2026-05-02 19:37:35,INTENSIVE_VEHICLE_CHECK,SEIZURE_REGISTERED,DISTRICT_SPECIAL_TASK_FORCE,96
ENF-2026-00412,29,Sivaganga,2025-11-18 00:23:04,COASTAL_PATROL_SWEEP,SEIZURE_REGISTERED,PROHIBITION_ENFORCEMENT_WING,99
ENF-2026-00413,1,Chennai,2026-01-16 06:43:16,INTENSIVE_VEHICLE_CHECK,INTERMEDIATE_DISCREPANCY,PROHIBITION_ENFORCEMENT_WING,88
ENF-2026-00414,38,Tiruvannamalai,2024-10-10 15:54:33,HOTEL_LODGE_SURPRISE_INSPECTION,SEIZURE_REGISTERED,PROHIBITION_ENFORCEMENT_WING,86
ENF-2026-00415,34,Nagapattinam,2026-04-29 03:43:17,SPECIAL_CAMPUS_DRIVE,SEIZURE_REGISTERED,DISTRICT_SPECIAL_TASK_FORCE,91
ENF-2026-00416,11,Dindigul,2026-02-26 03:19:12,SPECIAL_CAMPUS_DRIVE,SEIZURE_REGISTERED,COASTAL_SECURITY_GROUP,85
ENF-2026-00417,23,Namakkal,2024-10-18 01:13:05,SPECIAL_CAMPUS_DRIVE,SEIZURE_REGISTERED,COASTAL_SECURITY_GROUP,91
ENF-2026-00418,3,Madurai,2025-03-26 21:21:14,COASTAL_PATROL_SWEEP,INTERMEDIATE_DISCREPANCY,DISTRICT_SPECIAL_TASK_FORCE,88
ENF-2026-00419,9,Vellore,2025-08-17 07:54:12,HOTEL_LODGE_SURPRISE_INSPECTION,NO_CONTRABAND_FOUND,COASTAL_SECURITY_GROUP,87
ENF-2026-00420,10,Krishnagiri,2026-04-03 14:06:10,HOTEL_LODGE_SURPRISE_INSPECTION,NO_CONTRABAND_FOUND,PROHIBITION_ENFORCEMENT_WING,96
ENF-2026-00421,16,Kancheepuram,2024-10-30 13:48:56,INTENSIVE_VEHICLE_CHECK,NO_CONTRABAND_FOUND,COASTAL_SECURITY_GROUP,97
ENF-2026-00422,26,Ariyalur,2025-04-26 22:19:27,INTENSIVE_VEHICLE_CHECK,NO_CONTRABAND_FOUND,COASTAL_SECURITY_GROUP,92
ENF-2026-00423,24,Nilgiris,2025-03-16 04:29:13,HOTEL_LODGE_SURPRISE_INSPECTION,INTERMEDIATE_DISCREPANCY,COASTAL_SECURITY_GROUP,95
ENF-2026-00424,37,Tirupathur,2025-12-10 23:49:41,COASTAL_PATROL_SWEEP,NO_CONTRABAND_FOUND,COASTAL_SECURITY_GROUP,93
ENF-2026-00425,15,Tenkasi,2026-05-10 00:40:56,COASTAL_PATROL_SWEEP,SEIZURE_REGISTERED,COASTAL_SECURITY_GROUP,90
ENF-2026-00426,21,Kallakurichi,2025-05-01 09:29:13,SPECIAL_CAMPUS_DRIVE,NO_CONTRABAND_FOUND,DISTRICT_SPECIAL_TASK_FORCE,98
ENF-2026-00427,36,Ranipet,2025-06-19 09:19:10,INTENSIVE_VEHICLE_CHECK,INTERMEDIATE_DISCREPANCY,COASTAL_SECURITY_GROUP,91
ENF-2026-00428,12,Thanjavur,2025-04-06 02:19:02,HOTEL_LODGE_SURPRISE_INSPECTION,INTERMEDIATE_DISCREPANCY,COASTAL_SECURITY_GROUP,87
ENF-2026-00429,27,Perambalur,2026-02-12 06:18:24,INTENSIVE_VEHICLE_CHECK,INTERMEDIATE_DISCREPANCY,DISTRICT_SPECIAL_TASK_FORCE,95
ENF-2026-00430,30,Ramanathapuram,2024-12-25 01:30:44,COASTAL_PATROL_SWEEP,NO_CONTRABAND_FOUND,PROHIBITION_ENFORCEMENT_WING,89
ENF-2026-00431,26,Ariyalur,2025-07-09 17:27:57,HOTEL_LODGE_SURPRISE_INSPECTION,INTERMEDIATE_DISCREPANCY,PROHIBITION_ENFORCEMENT_WING,99
ENF-2026-00432,34,Nagapattinam,2026-06-12 19:41:36,COASTAL_PATROL_SWEEP,SEIZURE_REGISTERED,PROHIBITION_ENFORCEMENT_WING,91
ENF-2026-00433,33,Thiruvarur,2025-02-08 04:03:31,HOTEL_LODGE_SURPRISE_INSPECTION,SEIZURE_REGISTERED,DISTRICT_SPECIAL_TASK_FORCE,88
ENF-2026-00434,4,Salem,2025-04-08 03:32:21,COASTAL_PATROL_SWEEP,INTERMEDIATE_DISCREPANCY,COASTAL_SECURITY_GROUP,89
ENF-2026-00435,24,Nilgiris,2025-06-02 19:04:55,HOTEL_LODGE_SURPRISE_INSPECTION,NO_CONTRABAND_FOUND,DISTRICT_SPECIAL_TASK_FORCE,90
ENF-2026-00436,31,Virudhunagar,2025-11-03 19:07:52,SPECIAL_CAMPUS_DRIVE,INTERMEDIATE_DISCREPANCY,COASTAL_SECURITY_GROUP,94
ENF-2026-00437,4,Salem,2026-02-11 02:49:02,INTENSIVE_VEHICLE_CHECK,INTERMEDIATE_DISCREPANCY,DISTRICT_SPECIAL_TASK_FORCE,92
ENF-2026-00438,30,Ramanathapuram,2025-04-19 19:54:15,HOTEL_LODGE_SURPRISE_INSPECTION,NO_CONTRABAND_FOUND,DISTRICT_SPECIAL_TASK_FORCE,97
ENF-2026-00439,4,Salem,2025-08-11 14:38:32,COASTAL_PATROL_SWEEP,INTERMEDIATE_DISCREPANCY,COASTAL_SECURITY_GROUP,85
ENF-2026-00440,27,Perambalur,2024-11-30 17:51:19,COASTAL_PATROL_SWEEP,NO_CONTRABAND_FOUND,DISTRICT_SPECIAL_TASK_FORCE,88
ENF-2026-00441,31,Virudhunagar,2025-04-13 23:03:58,SPECIAL_CAMPUS_DRIVE,INTERMEDIATE_DISCREPANCY,COASTAL_SECURITY_GROUP,91
ENF-2026-00442,7,Tiruppur,2024-10-29 16:37:12,HOTEL_LODGE_SURPRISE_INSPECTION,SEIZURE_REGISTERED,DISTRICT_SPECIAL_TASK_FORCE,89
ENF-2026-00443,24,Nilgiris,2026-07-18 07:28:44,HOTEL_LODGE_SURPRISE_INSPECTION,INTERMEDIATE_DISCREPANCY,COASTAL_SECURITY_GROUP,91
ENF-2026-00444,18,Tiruvallur,2026-02-27 16:37:27,HOTEL_LODGE_SURPRISE_INSPECTION,NO_CONTRABAND_FOUND,COASTAL_SECURITY_GROUP,99
ENF-2026-00445,9,Vellore,2026-07-10 13:21:23,SPECIAL_CAMPUS_DRIVE,INTERMEDIATE_DISCREPANCY,COASTAL_SECURITY_GROUP,99
ENF-2026-00446,14,Kanniyakumari,2025-08-18 01:05:39,COASTAL_PATROL_SWEEP,INTERMEDIATE_DISCREPANCY,COASTAL_SECURITY_GROUP,96
ENF-2026-00447,22,Dharmapuri,2026-04-24 06:48:16,HOTEL_LODGE_SURPRISE_INSPECTION,SEIZURE_REGISTERED,DISTRICT_SPECIAL_TASK_FORCE,98
ENF-2026-00448,12,Thanjavur,2025-01-25 04:25:55,COASTAL_PATROL_SWEEP,INTERMEDIATE_DISCREPANCY,DISTRICT_SPECIAL_TASK_FORCE,90
ENF-2026-00449,22,Dharmapuri,2025-04-21 04:21:49,SPECIAL_CAMPUS_DRIVE,SEIZURE_REGISTERED,PROHIBITION_ENFORCEMENT_WING,85
ENF-2026-00450,5,Tiruchirappalli,2026-04-05 04:53:15,HOTEL_LODGE_SURPRISE_INSPECTION,NO_CONTRABAND_FOUND,PROHIBITION_ENFORCEMENT_WING,98
ENF-2026-00451,25,Karur,2025-04-01 10:47:35,INTENSIVE_VEHICLE_CHECK,SEIZURE_REGISTERED,DISTRICT_SPECIAL_TASK_FORCE,97
ENF-2026-00452,32,Theni,2025-02-20 05:41:29,SPECIAL_CAMPUS_DRIVE,SEIZURE_REGISTERED,PROHIBITION_ENFORCEMENT_WING,92
ENF-2026-00453,2,Coimbatore,2026-01-29 06:55:03,HOTEL_LODGE_SURPRISE_INSPECTION,INTERMEDIATE_DISCREPANCY,DISTRICT_SPECIAL_TASK_FORCE,91
ENF-2026-00454,35,Mayiladuthurai,2025-03-27 18:55:58,HOTEL_LODGE_SURPRISE_INSPECTION,NO_CONTRABAND_FOUND,COASTAL_SECURITY_GROUP,91
ENF-2026-00455,10,Krishnagiri,2026-01-06 15:43:32,INTENSIVE_VEHICLE_CHECK,SEIZURE_REGISTERED,COASTAL_SECURITY_GROUP,97
ENF-2026-00456,11,Dindigul,2026-06-02 06:21:07,INTENSIVE_VEHICLE_CHECK,NO_CONTRABAND_FOUND,COASTAL_SECURITY_GROUP,93
ENF-2026-00457,37,Tirupathur,2025-12-16 23:40:33,INTENSIVE_VEHICLE_CHECK,SEIZURE_REGISTERED,DISTRICT_SPECIAL_TASK_FORCE,99
ENF-2026-00458,18,Tiruvallur,2026-01-26 12:22:01,INTENSIVE_VEHICLE_CHECK,NO_CONTRABAND_FOUND,PROHIBITION_ENFORCEMENT_WING,88
ENF-2026-00459,12,Thanjavur,2026-03-16 02:13:07,INTENSIVE_VEHICLE_CHECK,NO_CONTRABAND_FOUND,COASTAL_SECURITY_GROUP,97
ENF-2026-00460,4,Salem,2025-12-11 01:25:11,SPECIAL_CAMPUS_DRIVE,INTERMEDIATE_DISCREPANCY,COASTAL_SECURITY_GROUP,88
ENF-2026-00461,5,Tiruchirappalli,2026-04-03 21:48:51,COASTAL_PATROL_SWEEP,NO_CONTRABAND_FOUND,COASTAL_SECURITY_GROUP,89
ENF-2026-00462,17,Chengalpattu,2024-11-09 05:16:16,HOTEL_LODGE_SURPRISE_INSPECTION,NO_CONTRABAND_FOUND,DISTRICT_SPECIAL_TASK_FORCE,89
ENF-2026-00463,18,Tiruvallur,2025-04-26 23:53:40,HOTEL_LODGE_SURPRISE_INSPECTION,NO_CONTRABAND_FOUND,COASTAL_SECURITY_GROUP,85
ENF-2026-00464,34,Nagapattinam,2025-05-06 15:09:27,INTENSIVE_VEHICLE_CHECK,SEIZURE_REGISTERED,PROHIBITION_ENFORCEMENT_WING,85
ENF-2026-00465,28,Pudukkottai,2025-09-21 23:12:00,HOTEL_LODGE_SURPRISE_INSPECTION,SEIZURE_REGISTERED,PROHIBITION_ENFORCEMENT_WING,99
ENF-2026-00466,10,Krishnagiri,2025-12-16 02:39:15,INTENSIVE_VEHICLE_CHECK,SEIZURE_REGISTERED,DISTRICT_SPECIAL_TASK_FORCE,89
ENF-2026-00467,23,Namakkal,2025-06-22 03:29:31,INTENSIVE_VEHICLE_CHECK,SEIZURE_REGISTERED,DISTRICT_SPECIAL_TASK_FORCE,87
ENF-2026-00468,21,Kallakurichi,2025-07-28 20:51:14,HOTEL_LODGE_SURPRISE_INSPECTION,SEIZURE_REGISTERED,DISTRICT_SPECIAL_TASK_FORCE,87
ENF-2026-00469,7,Tiruppur,2026-08-10 06:20:59,HOTEL_LODGE_SURPRISE_INSPECTION,SEIZURE_REGISTERED,COASTAL_SECURITY_GROUP,97
ENF-2026-00470,8,Erode,2025-10-21 20:18:00,COASTAL_PATROL_SWEEP,SEIZURE_REGISTERED,DISTRICT_SPECIAL_TASK_FORCE,96
ENF-2026-00471,9,Vellore,2024-09-21 23:41:17,INTENSIVE_VEHICLE_CHECK,NO_CONTRABAND_FOUND,DISTRICT_SPECIAL_TASK_FORCE,88
ENF-2026-00472,6,Tirunelveli,2026-04-15 06:40:51,INTENSIVE_VEHICLE_CHECK,SEIZURE_REGISTERED,DISTRICT_SPECIAL_TASK_FORCE,88
ENF-2026-00473,37,Tirupathur,2026-06-13 06:41:48,HOTEL_LODGE_SURPRISE_INSPECTION,NO_CONTRABAND_FOUND,PROHIBITION_ENFORCEMENT_WING,88
ENF-2026-00474,7,Tiruppur,2024-12-03 22:31:51,COASTAL_PATROL_SWEEP,INTERMEDIATE_DISCREPANCY,PROHIBITION_ENFORCEMENT_WING,96
ENF-2026-00475,34,Nagapattinam,2026-03-20 09:04:00,INTENSIVE_VEHICLE_CHECK,NO_CONTRABAND_FOUND,COASTAL_SECURITY_GROUP,88
ENF-2026-00476,11,Dindigul,2025-10-18 01:49:59,COASTAL_PATROL_SWEEP,INTERMEDIATE_DISCREPANCY,PROHIBITION_ENFORCEMENT_WING,88
ENF-2026-00477,34,Nagapattinam,2024-12-23 19:19:31,HOTEL_LODGE_SURPRISE_INSPECTION,SEIZURE_REGISTERED,PROHIBITION_ENFORCEMENT_WING,94
ENF-2026-00478,1,Chennai,2024-10-21 18:19:54,HOTEL_LODGE_SURPRISE_INSPECTION,NO_CONTRABAND_FOUND,DISTRICT_SPECIAL_TASK_FORCE,85
ENF-2026-00479,2,Coimbatore,2024-10-28 00:02:06,SPECIAL_CAMPUS_DRIVE,NO_CONTRABAND_FOUND,DISTRICT_SPECIAL_TASK_FORCE,96
ENF-2026-00480,16,Kancheepuram,2026-06-15 07:27:18,INTENSIVE_VEHICLE_CHECK,SEIZURE_REGISTERED,DISTRICT_SPECIAL_TASK_FORCE,85
ENF-2026-00481,10,Krishnagiri,2025-11-21 15:30:51,COASTAL_PATROL_SWEEP,SEIZURE_REGISTERED,COASTAL_SECURITY_GROUP,98
ENF-2026-00482,18,Tiruvallur,2025-11-23 17:39:10,INTENSIVE_VEHICLE_CHECK,INTERMEDIATE_DISCREPANCY,DISTRICT_SPECIAL_TASK_FORCE,96
ENF-2026-00483,9,Vellore,2025-02-21 22:21:17,HOTEL_LODGE_SURPRISE_INSPECTION,NO_CONTRABAND_FOUND,COASTAL_SECURITY_GROUP,95
ENF-2026-00484,10,Krishnagiri,2026-02-13 12:02:05,SPECIAL_CAMPUS_DRIVE,NO_CONTRABAND_FOUND,PROHIBITION_ENFORCEMENT_WING,96
ENF-2026-00485,16,Kancheepuram,2025-09-05 15:46:14,COASTAL_PATROL_SWEEP,SEIZURE_REGISTERED,COASTAL_SECURITY_GROUP,88
ENF-2026-00486,32,Theni,2024-09-21 05:51:15,COASTAL_PATROL_SWEEP,NO_CONTRABAND_FOUND,DISTRICT_SPECIAL_TASK_FORCE,97
ENF-2026-00487,10,Krishnagiri,2025-10-13 04:20:31,COASTAL_PATROL_SWEEP,SEIZURE_REGISTERED,COASTAL_SECURITY_GROUP,98
ENF-2026-00488,21,Kallakurichi,2024-12-01 03:49:56,SPECIAL_CAMPUS_DRIVE,NO_CONTRABAND_FOUND,COASTAL_SECURITY_GROUP,91
ENF-2026-00489,2,Coimbatore,2026-07-19 14:39:33,COASTAL_PATROL_SWEEP,NO_CONTRABAND_FOUND,PROHIBITION_ENFORCEMENT_WING,97
ENF-2026-00490,18,Tiruvallur,2024-10-08 20:50:53,SPECIAL_CAMPUS_DRIVE,SEIZURE_REGISTERED,COASTAL_SECURITY_GROUP,85
ENF-2026-00491,34,Nagapattinam,2026-04-05 21:15:10,COASTAL_PATROL_SWEEP,NO_CONTRABAND_FOUND,DISTRICT_SPECIAL_TASK_FORCE,85
ENF-2026-00492,18,Tiruvallur,2026-05-13 19:15:43,HOTEL_LODGE_SURPRISE_INSPECTION,INTERMEDIATE_DISCREPANCY,PROHIBITION_ENFORCEMENT_WING,98
ENF-2026-00493,30,Ramanathapuram,2025-12-20 14:14:32,SPECIAL_CAMPUS_DRIVE,NO_CONTRABAND_FOUND,COASTAL_SECURITY_GROUP,93
ENF-2026-00494,30,Ramanathapuram,2025-01-28 07:57:12,SPECIAL_CAMPUS_DRIVE,NO_CONTRABAND_FOUND,PROHIBITION_ENFORCEMENT_WING,95
ENF-2026-00495,30,Ramanathapuram,2024-11-21 00:38:24,INTENSIVE_VEHICLE_CHECK,INTERMEDIATE_DISCREPANCY,DISTRICT_SPECIAL_TASK_FORCE,92
ENF-2026-00496,24,Nilgiris,2026-05-21 18:17:43,COASTAL_PATROL_SWEEP,INTERMEDIATE_DISCREPANCY,DISTRICT_SPECIAL_TASK_FORCE,97
ENF-2026-00497,31,Virudhunagar,2025-04-04 02:49:41,SPECIAL_CAMPUS_DRIVE,NO_CONTRABAND_FOUND,COASTAL_SECURITY_GROUP,93
ENF-2026-00498,19,Cuddalore,2024-10-11 23:56:51,SPECIAL_CAMPUS_DRIVE,SEIZURE_REGISTERED,PROHIBITION_ENFORCEMENT_WING,91
ENF-2026-00499,12,Thanjavur,2025-09-04 16:25:19,COASTAL_PATROL_SWEEP,SEIZURE_REGISTERED,COASTAL_SECURITY_GROUP,93
ENF-2026-00500,2,Coimbatore,2025-07-23 14:21:23,HOTEL_LODGE_SURPRISE_INSPECTION,NO_CONTRABAND_FOUND,PROHIBITION_ENFORCEMENT_WING,87
ENF-2026-00501,31,Virudhunagar,2024-12-12 14:37:00,INTENSIVE_VEHICLE_CHECK,NO_CONTRABAND_FOUND,COASTAL_SECURITY_GROUP,92
ENF-2026-00502,34,Nagapattinam,2026-01-17 14:19:05,INTENSIVE_VEHICLE_CHECK,INTERMEDIATE_DISCREPANCY,PROHIBITION_ENFORCEMENT_WING,86
ENF-2026-00503,25,Karur,2026-04-30 01:09:38,SPECIAL_CAMPUS_DRIVE,NO_CONTRABAND_FOUND,DISTRICT_SPECIAL_TASK_FORCE,98
ENF-2026-00504,1,Chennai,2024-10-14 22:45:27,SPECIAL_CAMPUS_DRIVE,INTERMEDIATE_DISCREPANCY,DISTRICT_SPECIAL_TASK_FORCE,98
ENF-2026-00505,37,Tirupathur,2026-04-26 02:19:07,COASTAL_PATROL_SWEEP,NO_CONTRABAND_FOUND,PROHIBITION_ENFORCEMENT_WING,96
ENF-2026-00506,3,Madurai,2025-10-16 02:11:31,SPECIAL_CAMPUS_DRIVE,INTERMEDIATE_DISCREPANCY,PROHIBITION_ENFORCEMENT_WING,87
ENF-2026-00507,33,Thiruvarur,2026-02-27 13:35:18,INTENSIVE_VEHICLE_CHECK,NO_CONTRABAND_FOUND,DISTRICT_SPECIAL_TASK_FORCE,88
ENF-2026-00508,15,Tenkasi,2025-06-24 06:33:53,COASTAL_PATROL_SWEEP,SEIZURE_REGISTERED,PROHIBITION_ENFORCEMENT_WING,94
ENF-2026-00509,26,Ariyalur,2026-03-01 07:36:26,SPECIAL_CAMPUS_DRIVE,SEIZURE_REGISTERED,PROHIBITION_ENFORCEMENT_WING,96
ENF-2026-00510,30,Ramanathapuram,2025-01-19 04:50:17,COASTAL_PATROL_SWEEP,NO_CONTRABAND_FOUND,PROHIBITION_ENFORCEMENT_WING,92
ENF-2026-00511,35,Mayiladuthurai,2026-07-02 17:37:55,COASTAL_PATROL_SWEEP,SEIZURE_REGISTERED,DISTRICT_SPECIAL_TASK_FORCE,97
ENF-2026-00512,10,Krishnagiri,2026-01-07 09:02:21,INTENSIVE_VEHICLE_CHECK,INTERMEDIATE_DISCREPANCY,COASTAL_SECURITY_GROUP,93
ENF-2026-00513,16,Kancheepuram,2026-03-22 16:03:24,HOTEL_LODGE_SURPRISE_INSPECTION,INTERMEDIATE_DISCREPANCY,PROHIBITION_ENFORCEMENT_WING,91
ENF-2026-00514,19,Cuddalore,2025-08-13 09:40:18,INTENSIVE_VEHICLE_CHECK,NO_CONTRABAND_FOUND,DISTRICT_SPECIAL_TASK_FORCE,91
ENF-2026-00515,6,Tirunelveli,2025-08-14 10:38:23,COASTAL_PATROL_SWEEP,SEIZURE_REGISTERED,PROHIBITION_ENFORCEMENT_WING,93
ENF-2026-00516,21,Kallakurichi,2026-04-26 01:46:14,INTENSIVE_VEHICLE_CHECK,SEIZURE_REGISTERED,DISTRICT_SPECIAL_TASK_FORCE,95
ENF-2026-00517,7,Tiruppur,2025-06-23 03:44:27,COASTAL_PATROL_SWEEP,INTERMEDIATE_DISCREPANCY,COASTAL_SECURITY_GROUP,87
ENF-2026-00518,38,Tiruvannamalai,2025-12-21 19:39:24,COASTAL_PATROL_SWEEP,SEIZURE_REGISTERED,COASTAL_SECURITY_GROUP,92
ENF-2026-00519,16,Kancheepuram,2026-07-05 01:17:47,INTENSIVE_VEHICLE_CHECK,INTERMEDIATE_DISCREPANCY,DISTRICT_SPECIAL_TASK_FORCE,91
ENF-2026-00520,3,Madurai,2024-09-22 20:43:59,INTENSIVE_VEHICLE_CHECK,SEIZURE_REGISTERED,COASTAL_SECURITY_GROUP,90
ENF-2026-00521,2,Coimbatore,2026-02-25 00:32:04,COASTAL_PATROL_SWEEP,SEIZURE_REGISTERED,DISTRICT_SPECIAL_TASK_FORCE,91
ENF-2026-00522,38,Tiruvannamalai,2026-03-17 21:28:49,HOTEL_LODGE_SURPRISE_INSPECTION,NO_CONTRABAND_FOUND,COASTAL_SECURITY_GROUP,87
ENF-2026-00523,7,Tiruppur,2025-06-22 02:19:15,HOTEL_LODGE_SURPRISE_INSPECTION,SEIZURE_REGISTERED,COASTAL_SECURITY_GROUP,97
ENF-2026-00524,6,Tirunelveli,2025-10-24 15:39:25,HOTEL_LODGE_SURPRISE_INSPECTION,NO_CONTRABAND_FOUND,COASTAL_SECURITY_GROUP,92
ENF-2026-00525,5,Tiruchirappalli,2024-10-13 00:43:09,HOTEL_LODGE_SURPRISE_INSPECTION,SEIZURE_REGISTERED,COASTAL_SECURITY_GROUP,88
ENF-2026-00526,29,Sivaganga,2025-12-29 07:45:34,COASTAL_PATROL_SWEEP,SEIZURE_REGISTERED,PROHIBITION_ENFORCEMENT_WING,86
ENF-2026-00527,31,Virudhunagar,2026-01-10 00:27:50,COASTAL_PATROL_SWEEP,INTERMEDIATE_DISCREPANCY,PROHIBITION_ENFORCEMENT_WING,85
ENF-2026-00528,26,Ariyalur,2026-07-24 20:04:09,SPECIAL_CAMPUS_DRIVE,INTERMEDIATE_DISCREPANCY,PROHIBITION_ENFORCEMENT_WING,96
ENF-2026-00529,37,Tirupathur,2026-05-25 22:51:20,HOTEL_LODGE_SURPRISE_INSPECTION,NO_CONTRABAND_FOUND,PROHIBITION_ENFORCEMENT_WING,87
ENF-2026-00530,36,Ranipet,2026-02-23 17:59:16,INTENSIVE_VEHICLE_CHECK,NO_CONTRABAND_FOUND,COASTAL_SECURITY_GROUP,90
ENF-2026-00531,19,Cuddalore,2026-03-06 01:22:46,SPECIAL_CAMPUS_DRIVE,NO_CONTRABAND_FOUND,DISTRICT_SPECIAL_TASK_FORCE,87
ENF-2026-00532,17,Chengalpattu,2026-05-06 21:50:54,INTENSIVE_VEHICLE_CHECK,INTERMEDIATE_DISCREPANCY,COASTAL_SECURITY_GROUP,96
ENF-2026-00533,19,Cuddalore,2025-11-04 20:17:00,COASTAL_PATROL_SWEEP,INTERMEDIATE_DISCREPANCY,COASTAL_SECURITY_GROUP,96
ENF-2026-00534,1,Chennai,2026-04-28 18:29:33,INTENSIVE_VEHICLE_CHECK,NO_CONTRABAND_FOUND,PROHIBITION_ENFORCEMENT_WING,87
ENF-2026-00535,23,Namakkal,2025-07-11 19:05:13,SPECIAL_CAMPUS_DRIVE,NO_CONTRABAND_FOUND,COASTAL_SECURITY_GROUP,85
ENF-2026-00536,25,Karur,2026-04-25 03:10:37,HOTEL_LODGE_SURPRISE_INSPECTION,INTERMEDIATE_DISCREPANCY,DISTRICT_SPECIAL_TASK_FORCE,85
ENF-2026-00537,13,Thoothukudi,2026-02-02 05:32:17,HOTEL_LODGE_SURPRISE_INSPECTION,INTERMEDIATE_DISCREPANCY,PROHIBITION_ENFORCEMENT_WING,98
ENF-2026-00538,1,Chennai,2026-02-22 02:14:25,HOTEL_LODGE_SURPRISE_INSPECTION,INTERMEDIATE_DISCREPANCY,PROHIBITION_ENFORCEMENT_WING,97
ENF-2026-00539,14,Kanniyakumari,2025-08-01 05:11:11,COASTAL_PATROL_SWEEP,SEIZURE_REGISTERED,PROHIBITION_ENFORCEMENT_WING,98
ENF-2026-00540,7,Tiruppur,2026-01-13 10:42:55,INTENSIVE_VEHICLE_CHECK,SEIZURE_REGISTERED,PROHIBITION_ENFORCEMENT_WING,93
ENF-2026-00541,14,Kanniyakumari,2025-10-04 16:46:20,INTENSIVE_VEHICLE_CHECK,SEIZURE_REGISTERED,DISTRICT_SPECIAL_TASK_FORCE,98
ENF-2026-00542,20,Viluppuram,2026-05-26 07:32:31,HOTEL_LODGE_SURPRISE_INSPECTION,NO_CONTRABAND_FOUND,COASTAL_SECURITY_GROUP,91
ENF-2026-00543,23,Namakkal,2026-06-23 05:32:48,INTENSIVE_VEHICLE_CHECK,NO_CONTRABAND_FOUND,DISTRICT_SPECIAL_TASK_FORCE,99
ENF-2026-00544,19,Cuddalore,2026-04-15 11:54:05,SPECIAL_CAMPUS_DRIVE,SEIZURE_REGISTERED,COASTAL_SECURITY_GROUP,88
ENF-2026-00545,38,Tiruvannamalai,2025-07-30 03:09:52,INTENSIVE_VEHICLE_CHECK,SEIZURE_REGISTERED,DISTRICT_SPECIAL_TASK_FORCE,90
ENF-2026-00546,13,Thoothukudi,2024-10-20 13:51:26,HOTEL_LODGE_SURPRISE_INSPECTION,SEIZURE_REGISTERED,COASTAL_SECURITY_GROUP,86
ENF-2026-00547,7,Tiruppur,2026-02-24 14:20:52,INTENSIVE_VEHICLE_CHECK,INTERMEDIATE_DISCREPANCY,DISTRICT_SPECIAL_TASK_FORCE,85
ENF-2026-00548,24,Nilgiris,2025-02-20 11:15:23,SPECIAL_CAMPUS_DRIVE,NO_CONTRABAND_FOUND,DISTRICT_SPECIAL_TASK_FORCE,95
ENF-2026-00549,4,Salem,2026-02-28 09:29:09,SPECIAL_CAMPUS_DRIVE,INTERMEDIATE_DISCREPANCY,PROHIBITION_ENFORCEMENT_WING,99
ENF-2026-00550,33,Thiruvarur,2025-03-29 02:26:15,SPECIAL_CAMPUS_DRIVE,NO_CONTRABAND_FOUND,COASTAL_SECURITY_GROUP,86
ENF-2026-00551,30,Ramanathapuram,2025-11-21 00:32:33,SPECIAL_CAMPUS_DRIVE,SEIZURE_REGISTERED,DISTRICT_SPECIAL_TASK_FORCE,91
ENF-2026-00552,32,Theni,2025-02-11 12:29:52,HOTEL_LODGE_SURPRISE_INSPECTION,SEIZURE_REGISTERED,PROHIBITION_ENFORCEMENT_WING,85
ENF-2026-00553,6,Tirunelveli,2024-12-28 03:25:28,INTENSIVE_VEHICLE_CHECK,SEIZURE_REGISTERED,PROHIBITION_ENFORCEMENT_WING,97
ENF-2026-00554,1,Chennai,2024-11-01 07:31:20,INTENSIVE_VEHICLE_CHECK,NO_CONTRABAND_FOUND,COASTAL_SECURITY_GROUP,91
ENF-2026-00555,10,Krishnagiri,2025-01-01 07:36:09,INTENSIVE_VEHICLE_CHECK,NO_CONTRABAND_FOUND,DISTRICT_SPECIAL_TASK_FORCE,94
ENF-2026-00556,36,Ranipet,2026-06-25 15:11:57,HOTEL_LODGE_SURPRISE_INSPECTION,SEIZURE_REGISTERED,PROHIBITION_ENFORCEMENT_WING,90
ENF-2026-00557,10,Krishnagiri,2025-02-15 03:30:54,COASTAL_PATROL_SWEEP,SEIZURE_REGISTERED,DISTRICT_SPECIAL_TASK_FORCE,99
ENF-2026-00558,18,Tiruvallur,2025-07-01 18:40:19,SPECIAL_CAMPUS_DRIVE,NO_CONTRABAND_FOUND,PROHIBITION_ENFORCEMENT_WING,92
ENF-2026-00559,16,Kancheepuram,2026-01-16 09:53:54,SPECIAL_CAMPUS_DRIVE,NO_CONTRABAND_FOUND,COASTAL_SECURITY_GROUP,85
ENF-2026-00560,34,Nagapattinam,2026-07-23 21:50:41,HOTEL_LODGE_SURPRISE_INSPECTION,SEIZURE_REGISTERED,PROHIBITION_ENFORCEMENT_WING,92
ENF-2026-00561,24,Nilgiris,2026-07-22 14:21:04,INTENSIVE_VEHICLE_CHECK,INTERMEDIATE_DISCREPANCY,COASTAL_SECURITY_GROUP,86
ENF-2026-00562,3,Madurai,2025-03-28 18:17:05,COASTAL_PATROL_SWEEP,NO_CONTRABAND_FOUND,COASTAL_SECURITY_GROUP,95
ENF-2026-00563,13,Thoothukudi,2026-08-14 22:03:53,HOTEL_LODGE_SURPRISE_INSPECTION,INTERMEDIATE_DISCREPANCY,DISTRICT_SPECIAL_TASK_FORCE,97
ENF-2026-00564,15,Tenkasi,2024-12-11 12:12:14,COASTAL_PATROL_SWEEP,SEIZURE_REGISTERED,DISTRICT_SPECIAL_TASK_FORCE,99
ENF-2026-00565,20,Viluppuram,2024-12-03 07:17:26,SPECIAL_CAMPUS_DRIVE,NO_CONTRABAND_FOUND,PROHIBITION_ENFORCEMENT_WING,99
ENF-2026-00566,6,Tirunelveli,2025-05-31 09:55:06,INTENSIVE_VEHICLE_CHECK,INTERMEDIATE_DISCREPANCY,DISTRICT_SPECIAL_TASK_FORCE,92
ENF-2026-00567,2,Coimbatore,2026-05-29 13:54:38,HOTEL_LODGE_SURPRISE_INSPECTION,SEIZURE_REGISTERED,COASTAL_SECURITY_GROUP,94
ENF-2026-00568,22,Dharmapuri,2025-11-26 05:54:22,SPECIAL_CAMPUS_DRIVE,INTERMEDIATE_DISCREPANCY,COASTAL_SECURITY_GROUP,97
ENF-2026-00569,13,Thoothukudi,2025-09-14 21:21:24,INTENSIVE_VEHICLE_CHECK,NO_CONTRABAND_FOUND,DISTRICT_SPECIAL_TASK_FORCE,92
ENF-2026-00570,22,Dharmapuri,2025-06-11 12:09:05,SPECIAL_CAMPUS_DRIVE,NO_CONTRABAND_FOUND,COASTAL_SECURITY_GROUP,87
ENF-2026-00571,6,Tirunelveli,2026-08-02 00:05:14,HOTEL_LODGE_SURPRISE_INSPECTION,SEIZURE_REGISTERED,PROHIBITION_ENFORCEMENT_WING,85
ENF-2026-00572,13,Thoothukudi,2026-03-01 02:05:32,HOTEL_LODGE_SURPRISE_INSPECTION,INTERMEDIATE_DISCREPANCY,PROHIBITION_ENFORCEMENT_WING,94
ENF-2026-00573,16,Kancheepuram,2025-11-21 11:39:27,COASTAL_PATROL_SWEEP,NO_CONTRABAND_FOUND,COASTAL_SECURITY_GROUP,89
ENF-2026-00574,13,Thoothukudi,2026-05-12 22:42:39,COASTAL_PATROL_SWEEP,INTERMEDIATE_DISCREPANCY,PROHIBITION_ENFORCEMENT_WING,95
ENF-2026-00575,5,Tiruchirappalli,2025-06-20 06:02:26,SPECIAL_CAMPUS_DRIVE,NO_CONTRABAND_FOUND,PROHIBITION_ENFORCEMENT_WING,90
ENF-2026-00576,1,Chennai,2026-01-06 22:52:28,HOTEL_LODGE_SURPRISE_INSPECTION,NO_CONTRABAND_FOUND,DISTRICT_SPECIAL_TASK_FORCE,98
ENF-2026-00577,21,Kallakurichi,2026-03-24 03:48:19,SPECIAL_CAMPUS_DRIVE,NO_CONTRABAND_FOUND,DISTRICT_SPECIAL_TASK_FORCE,89
ENF-2026-00578,9,Vellore,2025-04-26 23:02:17,INTENSIVE_VEHICLE_CHECK,NO_CONTRABAND_FOUND,COASTAL_SECURITY_GROUP,93
ENF-2026-00579,14,Kanniyakumari,2025-12-15 08:30:30,COASTAL_PATROL_SWEEP,NO_CONTRABAND_FOUND,DISTRICT_SPECIAL_TASK_FORCE,90
ENF-2026-00580,20,Viluppuram,2025-12-30 13:16:56,INTENSIVE_VEHICLE_CHECK,NO_CONTRABAND_FOUND,PROHIBITION_ENFORCEMENT_WING,96
ENF-2026-00581,20,Viluppuram,2026-02-17 15:18:10,COASTAL_PATROL_SWEEP,INTERMEDIATE_DISCREPANCY,PROHIBITION_ENFORCEMENT_WING,93
ENF-2026-00582,33,Thiruvarur,2025-11-01 21:59:59,SPECIAL_CAMPUS_DRIVE,NO_CONTRABAND_FOUND,DISTRICT_SPECIAL_TASK_FORCE,89
ENF-2026-00583,10,Krishnagiri,2026-01-15 03:32:27,INTENSIVE_VEHICLE_CHECK,NO_CONTRABAND_FOUND,COASTAL_SECURITY_GROUP,91
ENF-2026-00584,27,Perambalur,2026-03-27 01:28:10,HOTEL_LODGE_SURPRISE_INSPECTION,NO_CONTRABAND_FOUND,PROHIBITION_ENFORCEMENT_WING,92
ENF-2026-00585,2,Coimbatore,2025-03-08 04:03:11,INTENSIVE_VEHICLE_CHECK,SEIZURE_REGISTERED,PROHIBITION_ENFORCEMENT_WING,88
ENF-2026-00586,8,Erode,2025-03-31 04:07:28,INTENSIVE_VEHICLE_CHECK,SEIZURE_REGISTERED,DISTRICT_SPECIAL_TASK_FORCE,86
ENF-2026-00587,10,Krishnagiri,2025-08-23 14:11:06,COASTAL_PATROL_SWEEP,INTERMEDIATE_DISCREPANCY,PROHIBITION_ENFORCEMENT_WING,98
ENF-2026-00588,21,Kallakurichi,2025-03-21 04:42:39,INTENSIVE_VEHICLE_CHECK,NO_CONTRABAND_FOUND,DISTRICT_SPECIAL_TASK_FORCE,99
ENF-2026-00589,4,Salem,2025-05-03 06:28:13,SPECIAL_CAMPUS_DRIVE,INTERMEDIATE_DISCREPANCY,DISTRICT_SPECIAL_TASK_FORCE,85
ENF-2026-00590,33,Thiruvarur,2026-04-08 06:07:28,SPECIAL_CAMPUS_DRIVE,INTERMEDIATE_DISCREPANCY,DISTRICT_SPECIAL_TASK_FORCE,92
ENF-2026-00591,36,Ranipet,2026-05-12 01:38:08,SPECIAL_CAMPUS_DRIVE,SEIZURE_REGISTERED,PROHIBITION_ENFORCEMENT_WING,97
ENF-2026-00592,13,Thoothukudi,2026-03-22 16:14:39,HOTEL_LODGE_SURPRISE_INSPECTION,NO_CONTRABAND_FOUND,DISTRICT_SPECIAL_TASK_FORCE,97
ENF-2026-00593,7,Tiruppur,2025-02-19 19:45:09,SPECIAL_CAMPUS_DRIVE,SEIZURE_REGISTERED,DISTRICT_SPECIAL_TASK_FORCE,95
ENF-2026-00594,27,Perambalur,2025-11-14 06:45:40,COASTAL_PATROL_SWEEP,SEIZURE_REGISTERED,DISTRICT_SPECIAL_TASK_FORCE,97
ENF-2026-00595,30,Ramanathapuram,2025-08-06 05:30:28,SPECIAL_CAMPUS_DRIVE,INTERMEDIATE_DISCREPANCY,DISTRICT_SPECIAL_TASK_FORCE,87
ENF-2026-00596,28,Pudukkottai,2026-01-19 17:48:18,HOTEL_LODGE_SURPRISE_INSPECTION,INTERMEDIATE_DISCREPANCY,DISTRICT_SPECIAL_TASK_FORCE,93
ENF-2026-00597,33,Thiruvarur,2026-06-28 00:43:59,SPECIAL_CAMPUS_DRIVE,INTERMEDIATE_DISCREPANCY,DISTRICT_SPECIAL_TASK_FORCE,95
ENF-2026-00598,35,Mayiladuthurai,2025-09-05 04:09:33,HOTEL_LODGE_SURPRISE_INSPECTION,INTERMEDIATE_DISCREPANCY,DISTRICT_SPECIAL_TASK_FORCE,94
ENF-2026-00599,32,Theni,2025-12-01 16:42:15,SPECIAL_CAMPUS_DRIVE,NO_CONTRABAND_FOUND,DISTRICT_SPECIAL_TASK_FORCE,96
ENF-2026-00600,7,Tiruppur,2025-06-07 10:03:40,SPECIAL_CAMPUS_DRIVE,NO_CONTRABAND_FOUND,DISTRICT_SPECIAL_TASK_FORCE,92
ENF-2026-00601,35,Mayiladuthurai,2025-02-06 20:40:09,INTENSIVE_VEHICLE_CHECK,INTERMEDIATE_DISCREPANCY,PROHIBITION_ENFORCEMENT_WING,91
ENF-2026-00602,16,Kancheepuram,2024-11-26 04:34:31,COASTAL_PATROL_SWEEP,SEIZURE_REGISTERED,PROHIBITION_ENFORCEMENT_WING,94
ENF-2026-00603,36,Ranipet,2025-02-25 02:29:50,COASTAL_PATROL_SWEEP,INTERMEDIATE_DISCREPANCY,DISTRICT_SPECIAL_TASK_FORCE,89
ENF-2026-00604,29,Sivaganga,2026-03-08 04:59:12,SPECIAL_CAMPUS_DRIVE,SEIZURE_REGISTERED,PROHIBITION_ENFORCEMENT_WING,96
ENF-2026-00605,27,Perambalur,2025-08-22 15:27:32,HOTEL_LODGE_SURPRISE_INSPECTION,NO_CONTRABAND_FOUND,PROHIBITION_ENFORCEMENT_WING,90
ENF-2026-00606,3,Madurai,2026-01-24 01:34:24,COASTAL_PATROL_SWEEP,SEIZURE_REGISTERED,DISTRICT_SPECIAL_TASK_FORCE,94
ENF-2026-00607,9,Vellore,2025-05-12 13:28:47,HOTEL_LODGE_SURPRISE_INSPECTION,INTERMEDIATE_DISCREPANCY,COASTAL_SECURITY_GROUP,97
ENF-2026-00608,22,Dharmapuri,2026-07-29 11:49:27,INTENSIVE_VEHICLE_CHECK,INTERMEDIATE_DISCREPANCY,PROHIBITION_ENFORCEMENT_WING,85
ENF-2026-00609,14,Kanniyakumari,2025-04-01 10:48:05,HOTEL_LODGE_SURPRISE_INSPECTION,NO_CONTRABAND_FOUND,DISTRICT_SPECIAL_TASK_FORCE,90
ENF-2026-00610,8,Erode,2025-07-08 04:46:52,SPECIAL_CAMPUS_DRIVE,NO_CONTRABAND_FOUND,PROHIBITION_ENFORCEMENT_WING,93
ENF-2026-00611,33,Thiruvarur,2025-07-19 16:52:55,COASTAL_PATROL_SWEEP,NO_CONTRABAND_FOUND,COASTAL_SECURITY_GROUP,99
ENF-2026-00612,9,Vellore,2024-12-27 20:30:34,COASTAL_PATROL_SWEEP,SEIZURE_REGISTERED,COASTAL_SECURITY_GROUP,97
ENF-2026-00613,14,Kanniyakumari,2025-04-05 05:45:15,INTENSIVE_VEHICLE_CHECK,SEIZURE_REGISTERED,DISTRICT_SPECIAL_TASK_FORCE,85
ENF-2026-00614,25,Karur,2024-10-24 00:30:33,INTENSIVE_VEHICLE_CHECK,SEIZURE_REGISTERED,DISTRICT_SPECIAL_TASK_FORCE,86
ENF-2026-00615,14,Kanniyakumari,2025-04-26 06:04:34,SPECIAL_CAMPUS_DRIVE,INTERMEDIATE_DISCREPANCY,PROHIBITION_ENFORCEMENT_WING,92
ENF-2026-00616,21,Kallakurichi,2026-07-12 01:14:27,INTENSIVE_VEHICLE_CHECK,NO_CONTRABAND_FOUND,PROHIBITION_ENFORCEMENT_WING,88
ENF-2026-00617,33,Thiruvarur,2025-12-22 03:36:17,COASTAL_PATROL_SWEEP,SEIZURE_REGISTERED,DISTRICT_SPECIAL_TASK_FORCE,90
ENF-2026-00618,10,Krishnagiri,2025-12-11 23:36:30,HOTEL_LODGE_SURPRISE_INSPECTION,SEIZURE_REGISTERED,COASTAL_SECURITY_GROUP,96
ENF-2026-00619,28,Pudukkottai,2024-11-14 06:28:29,SPECIAL_CAMPUS_DRIVE,SEIZURE_REGISTERED,PROHIBITION_ENFORCEMENT_WING,95
ENF-2026-00620,8,Erode,2025-03-23 12:52:52,INTENSIVE_VEHICLE_CHECK,NO_CONTRABAND_FOUND,DISTRICT_SPECIAL_TASK_FORCE,86
ENF-2026-00621,23,Namakkal,2026-02-16 08:29:28,COASTAL_PATROL_SWEEP,INTERMEDIATE_DISCREPANCY,COASTAL_SECURITY_GROUP,87
ENF-2026-00622,2,Coimbatore,2025-07-08 16:17:28,INTENSIVE_VEHICLE_CHECK,INTERMEDIATE_DISCREPANCY,COASTAL_SECURITY_GROUP,95
ENF-2026-00623,36,Ranipet,2025-05-16 23:57:32,COASTAL_PATROL_SWEEP,NO_CONTRABAND_FOUND,DISTRICT_SPECIAL_TASK_FORCE,92
ENF-2026-00624,34,Nagapattinam,2025-01-30 00:11:41,HOTEL_LODGE_SURPRISE_INSPECTION,SEIZURE_REGISTERED,PROHIBITION_ENFORCEMENT_WING,85
ENF-2026-00625,37,Tirupathur,2025-10-17 20:20:25,SPECIAL_CAMPUS_DRIVE,SEIZURE_REGISTERED,DISTRICT_SPECIAL_TASK_FORCE,96
ENF-2026-00626,19,Cuddalore,2026-01-24 07:23:52,COASTAL_PATROL_SWEEP,NO_CONTRABAND_FOUND,DISTRICT_SPECIAL_TASK_FORCE,90
ENF-2026-00627,18,Tiruvallur,2025-03-05 03:29:35,INTENSIVE_VEHICLE_CHECK,INTERMEDIATE_DISCREPANCY,COASTAL_SECURITY_GROUP,89
ENF-2026-00628,13,Thoothukudi,2025-10-02 00:23:47,INTENSIVE_VEHICLE_CHECK,SEIZURE_REGISTERED,COASTAL_SECURITY_GROUP,95
ENF-2026-00629,28,Pudukkottai,2025-06-21 18:58:58,SPECIAL_CAMPUS_DRIVE,INTERMEDIATE_DISCREPANCY,COASTAL_SECURITY_GROUP,91
ENF-2026-00630,4,Salem,2026-06-09 20:51:37,COASTAL_PATROL_SWEEP,NO_CONTRABAND_FOUND,PROHIBITION_ENFORCEMENT_WING,98
ENF-2026-00631,12,Thanjavur,2026-03-26 18:15:02,INTENSIVE_VEHICLE_CHECK,NO_CONTRABAND_FOUND,PROHIBITION_ENFORCEMENT_WING,97
ENF-2026-00632,26,Ariyalur,2026-03-25 17:54:24,SPECIAL_CAMPUS_DRIVE,SEIZURE_REGISTERED,DISTRICT_SPECIAL_TASK_FORCE,87
ENF-2026-00633,38,Tiruvannamalai,2026-06-20 16:41:28,INTENSIVE_VEHICLE_CHECK,SEIZURE_REGISTERED,PROHIBITION_ENFORCEMENT_WING,94
ENF-2026-00634,21,Kallakurichi,2025-01-11 20:29:30,HOTEL_LODGE_SURPRISE_INSPECTION,INTERMEDIATE_DISCREPANCY,DISTRICT_SPECIAL_TASK_FORCE,94
ENF-2026-00635,31,Virudhunagar,2025-04-15 09:32:37,SPECIAL_CAMPUS_DRIVE,NO_CONTRABAND_FOUND,DISTRICT_SPECIAL_TASK_FORCE,88
ENF-2026-00636,7,Tiruppur,2026-03-03 02:52:20,SPECIAL_CAMPUS_DRIVE,INTERMEDIATE_DISCREPANCY,DISTRICT_SPECIAL_TASK_FORCE,87
ENF-2026-00637,28,Pudukkottai,2024-10-10 10:30:10,COASTAL_PATROL_SWEEP,SEIZURE_REGISTERED,DISTRICT_SPECIAL_TASK_FORCE,97
ENF-2026-00638,13,Thoothukudi,2026-05-05 08:39:13,HOTEL_LODGE_SURPRISE_INSPECTION,NO_CONTRABAND_FOUND,COASTAL_SECURITY_GROUP,88
ENF-2026-00639,18,Tiruvallur,2025-12-06 03:09:13,HOTEL_LODGE_SURPRISE_INSPECTION,NO_CONTRABAND_FOUND,DISTRICT_SPECIAL_TASK_FORCE,91
ENF-2026-00640,1,Chennai,2025-09-26 06:27:01,HOTEL_LODGE_SURPRISE_INSPECTION,NO_CONTRABAND_FOUND,DISTRICT_SPECIAL_TASK_FORCE,93
ENF-2026-00641,6,Tirunelveli,2024-12-13 05:36:52,HOTEL_LODGE_SURPRISE_INSPECTION,SEIZURE_REGISTERED,COASTAL_SECURITY_GROUP,89
ENF-2026-00642,15,Tenkasi,2025-12-05 09:02:16,SPECIAL_CAMPUS_DRIVE,NO_CONTRABAND_FOUND,COASTAL_SECURITY_GROUP,98
ENF-2026-00643,10,Krishnagiri,2024-12-17 13:05:20,SPECIAL_CAMPUS_DRIVE,INTERMEDIATE_DISCREPANCY,PROHIBITION_ENFORCEMENT_WING,94
ENF-2026-00644,9,Vellore,2026-02-10 19:12:44,COASTAL_PATROL_SWEEP,NO_CONTRABAND_FOUND,DISTRICT_SPECIAL_TASK_FORCE,99
ENF-2026-00645,22,Dharmapuri,2025-09-16 02:18:28,HOTEL_LODGE_SURPRISE_INSPECTION,NO_CONTRABAND_FOUND,DISTRICT_SPECIAL_TASK_FORCE,96
ENF-2026-00646,28,Pudukkottai,2025-07-25 23:07:04,SPECIAL_CAMPUS_DRIVE,NO_CONTRABAND_FOUND,COASTAL_SECURITY_GROUP,85
ENF-2026-00647,1,Chennai,2025-01-17 23:20:37,HOTEL_LODGE_SURPRISE_INSPECTION,SEIZURE_REGISTERED,PROHIBITION_ENFORCEMENT_WING,97
ENF-2026-00648,1,Chennai,2025-12-15 19:15:08,SPECIAL_CAMPUS_DRIVE,SEIZURE_REGISTERED,COASTAL_SECURITY_GROUP,96
ENF-2026-00649,2,Coimbatore,2026-06-28 04:56:31,COASTAL_PATROL_SWEEP,INTERMEDIATE_DISCREPANCY,COASTAL_SECURITY_GROUP,98
ENF-2026-00650,25,Karur,2026-06-17 14:58:25,COASTAL_PATROL_SWEEP,INTERMEDIATE_DISCREPANCY,DISTRICT_SPECIAL_TASK_FORCE,88
ENF-2026-00651,16,Kancheepuram,2025-11-23 21:21:47,COASTAL_PATROL_SWEEP,NO_CONTRABAND_FOUND,COASTAL_SECURITY_GROUP,98
ENF-2026-00652,16,Kancheepuram,2026-04-30 12:04:45,HOTEL_LODGE_SURPRISE_INSPECTION,NO_CONTRABAND_FOUND,PROHIBITION_ENFORCEMENT_WING,94
ENF-2026-00653,23,Namakkal,2025-06-23 07:17:02,INTENSIVE_VEHICLE_CHECK,SEIZURE_REGISTERED,PROHIBITION_ENFORCEMENT_WING,94
ENF-2026-00654,18,Tiruvallur,2025-06-23 04:27:13,SPECIAL_CAMPUS_DRIVE,NO_CONTRABAND_FOUND,PROHIBITION_ENFORCEMENT_WING,93
ENF-2026-00655,6,Tirunelveli,2025-09-06 22:32:56,SPECIAL_CAMPUS_DRIVE,NO_CONTRABAND_FOUND,PROHIBITION_ENFORCEMENT_WING,91
ENF-2026-00656,26,Ariyalur,2025-07-22 11:54:39,INTENSIVE_VEHICLE_CHECK,NO_CONTRABAND_FOUND,PROHIBITION_ENFORCEMENT_WING,90
ENF-2026-00657,18,Tiruvallur,2025-06-28 08:57:11,HOTEL_LODGE_SURPRISE_INSPECTION,NO_CONTRABAND_FOUND,PROHIBITION_ENFORCEMENT_WING,90
ENF-2026-00658,18,Tiruvallur,2025-08-11 21:18:30,HOTEL_LODGE_SURPRISE_INSPECTION,INTERMEDIATE_DISCREPANCY,DISTRICT_SPECIAL_TASK_FORCE,90
ENF-2026-00659,11,Dindigul,2024-11-30 16:18:52,COASTAL_PATROL_SWEEP,INTERMEDIATE_DISCREPANCY,DISTRICT_SPECIAL_TASK_FORCE,87
ENF-2026-00660,18,Tiruvallur,2025-04-28 14:42:44,INTENSIVE_VEHICLE_CHECK,NO_CONTRABAND_FOUND,PROHIBITION_ENFORCEMENT_WING,91
ENF-2026-00661,16,Kancheepuram,2026-02-24 04:03:57,INTENSIVE_VEHICLE_CHECK,NO_CONTRABAND_FOUND,COASTAL_SECURITY_GROUP,95
ENF-2026-00662,7,Tiruppur,2024-12-18 00:46:12,INTENSIVE_VEHICLE_CHECK,NO_CONTRABAND_FOUND,DISTRICT_SPECIAL_TASK_FORCE,88
ENF-2026-00663,17,Chengalpattu,2025-02-28 03:28:24,SPECIAL_CAMPUS_DRIVE,NO_CONTRABAND_FOUND,PROHIBITION_ENFORCEMENT_WING,92
ENF-2026-00664,36,Ranipet,2025-02-01 11:41:45,HOTEL_LODGE_SURPRISE_INSPECTION,INTERMEDIATE_DISCREPANCY,COASTAL_SECURITY_GROUP,95
ENF-2026-00665,14,Kanniyakumari,2026-02-28 16:12:22,SPECIAL_CAMPUS_DRIVE,INTERMEDIATE_DISCREPANCY,DISTRICT_SPECIAL_TASK_FORCE,91
ENF-2026-00666,4,Salem,2025-10-02 17:07:30,HOTEL_LODGE_SURPRISE_INSPECTION,SEIZURE_REGISTERED,COASTAL_SECURITY_GROUP,87
ENF-2026-00667,36,Ranipet,2024-12-31 15:06:11,COASTAL_PATROL_SWEEP,NO_CONTRABAND_FOUND,COASTAL_SECURITY_GROUP,96
ENF-2026-00668,29,Sivaganga,2025-05-23 16:43:55,HOTEL_LODGE_SURPRISE_INSPECTION,INTERMEDIATE_DISCREPANCY,PROHIBITION_ENFORCEMENT_WING,93
ENF-2026-00669,20,Viluppuram,2025-09-09 19:59:15,SPECIAL_CAMPUS_DRIVE,SEIZURE_REGISTERED,PROHIBITION_ENFORCEMENT_WING,87
ENF-2026-00670,16,Kancheepuram,2026-05-30 20:56:37,SPECIAL_CAMPUS_DRIVE,NO_CONTRABAND_FOUND,PROHIBITION_ENFORCEMENT_WING,90
ENF-2026-00671,5,Tiruchirappalli,2025-10-18 23:17:40,HOTEL_LODGE_SURPRISE_INSPECTION,SEIZURE_REGISTERED,DISTRICT_SPECIAL_TASK_FORCE,93
ENF-2026-00672,11,Dindigul,2025-08-27 20:49:59,SPECIAL_CAMPUS_DRIVE,SEIZURE_REGISTERED,PROHIBITION_ENFORCEMENT_WING,96
ENF-2026-00673,6,Tirunelveli,2025-04-02 20:06:24,HOTEL_LODGE_SURPRISE_INSPECTION,SEIZURE_REGISTERED,PROHIBITION_ENFORCEMENT_WING,97
ENF-2026-00674,6,Tirunelveli,2025-12-19 20:09:39,SPECIAL_CAMPUS_DRIVE,INTERMEDIATE_DISCREPANCY,DISTRICT_SPECIAL_TASK_FORCE,88
ENF-2026-00675,32,Theni,2025-10-01 00:01:07,COASTAL_PATROL_SWEEP,INTERMEDIATE_DISCREPANCY,DISTRICT_SPECIAL_TASK_FORCE,86
ENF-2026-00676,4,Salem,2025-04-27 19:54:52,INTENSIVE_VEHICLE_CHECK,SEIZURE_REGISTERED,COASTAL_SECURITY_GROUP,91
ENF-2026-00677,35,Mayiladuthurai,2026-08-13 11:51:17,SPECIAL_CAMPUS_DRIVE,NO_CONTRABAND_FOUND,COASTAL_SECURITY_GROUP,89
ENF-2026-00678,18,Tiruvallur,2025-10-11 07:00:52,COASTAL_PATROL_SWEEP,INTERMEDIATE_DISCREPANCY,PROHIBITION_ENFORCEMENT_WING,95
ENF-2026-00679,19,Cuddalore,2024-12-01 18:59:09,COASTAL_PATROL_SWEEP,INTERMEDIATE_DISCREPANCY,DISTRICT_SPECIAL_TASK_FORCE,89
ENF-2026-00680,1,Chennai,2026-02-04 10:03:52,SPECIAL_CAMPUS_DRIVE,NO_CONTRABAND_FOUND,PROHIBITION_ENFORCEMENT_WING,97
ENF-2026-00681,35,Mayiladuthurai,2025-02-22 22:42:34,COASTAL_PATROL_SWEEP,SEIZURE_REGISTERED,PROHIBITION_ENFORCEMENT_WING,97
ENF-2026-00682,11,Dindigul,2025-04-15 14:51:41,COASTAL_PATROL_SWEEP,NO_CONTRABAND_FOUND,DISTRICT_SPECIAL_TASK_FORCE,89
ENF-2026-00683,16,Kancheepuram,2025-04-06 15:24:44,INTENSIVE_VEHICLE_CHECK,INTERMEDIATE_DISCREPANCY,PROHIBITION_ENFORCEMENT_WING,94
ENF-2026-00684,30,Ramanathapuram,2024-12-08 00:27:18,HOTEL_LODGE_SURPRISE_INSPECTION,SEIZURE_REGISTERED,PROHIBITION_ENFORCEMENT_WING,86
ENF-2026-00685,37,Tirupathur,2025-09-13 19:40:08,HOTEL_LODGE_SURPRISE_INSPECTION,INTERMEDIATE_DISCREPANCY,COASTAL_SECURITY_GROUP,90
ENF-2026-00686,13,Thoothukudi,2025-08-11 22:59:13,COASTAL_PATROL_SWEEP,NO_CONTRABAND_FOUND,DISTRICT_SPECIAL_TASK_FORCE,87
ENF-2026-00687,15,Tenkasi,2025-09-06 06:14:20,HOTEL_LODGE_SURPRISE_INSPECTION,NO_CONTRABAND_FOUND,DISTRICT_SPECIAL_TASK_FORCE,98
ENF-2026-00688,2,Coimbatore,2024-10-21 18:32:47,HOTEL_LODGE_SURPRISE_INSPECTION,SEIZURE_REGISTERED,COASTAL_SECURITY_GROUP,87
ENF-2026-00689,11,Dindigul,2025-12-05 09:45:10,INTENSIVE_VEHICLE_CHECK,INTERMEDIATE_DISCREPANCY,PROHIBITION_ENFORCEMENT_WING,85
ENF-2026-00690,35,Mayiladuthurai,2025-07-03 13:56:08,INTENSIVE_VEHICLE_CHECK,NO_CONTRABAND_FOUND,PROHIBITION_ENFORCEMENT_WING,98
ENF-2026-00691,3,Madurai,2024-10-15 04:00:17,INTENSIVE_VEHICLE_CHECK,SEIZURE_REGISTERED,DISTRICT_SPECIAL_TASK_FORCE,93
ENF-2026-00692,31,Virudhunagar,2026-02-20 18:10:56,COASTAL_PATROL_SWEEP,SEIZURE_REGISTERED,PROHIBITION_ENFORCEMENT_WING,99
ENF-2026-00693,15,Tenkasi,2025-03-05 03:41:50,HOTEL_LODGE_SURPRISE_INSPECTION,NO_CONTRABAND_FOUND,COASTAL_SECURITY_GROUP,97
ENF-2026-00694,19,Cuddalore,2024-10-09 15:50:58,SPECIAL_CAMPUS_DRIVE,INTERMEDIATE_DISCREPANCY,PROHIBITION_ENFORCEMENT_WING,98
ENF-2026-00695,37,Tirupathur,2026-02-21 00:11:26,COASTAL_PATROL_SWEEP,INTERMEDIATE_DISCREPANCY,DISTRICT_SPECIAL_TASK_FORCE,98
ENF-2026-00696,3,Madurai,2025-03-26 20:25:26,HOTEL_LODGE_SURPRISE_INSPECTION,SEIZURE_REGISTERED,COASTAL_SECURITY_GROUP,93
ENF-2026-00697,19,Cuddalore,2026-02-18 00:12:04,COASTAL_PATROL_SWEEP,NO_CONTRABAND_FOUND,DISTRICT_SPECIAL_TASK_FORCE,92
ENF-2026-00698,3,Madurai,2026-01-15 18:32:23,INTENSIVE_VEHICLE_CHECK,NO_CONTRABAND_FOUND,COASTAL_SECURITY_GROUP,91
ENF-2026-00699,34,Nagapattinam,2025-02-11 04:16:42,SPECIAL_CAMPUS_DRIVE,NO_CONTRABAND_FOUND,DISTRICT_SPECIAL_TASK_FORCE,90
ENF-2026-00700,26,Ariyalur,2024-12-17 19:17:13,COASTAL_PATROL_SWEEP,NO_CONTRABAND_FOUND,COASTAL_SECURITY_GROUP,85
ENF-2026-00701,35,Mayiladuthurai,2026-06-22 00:30:56,SPECIAL_CAMPUS_DRIVE,INTERMEDIATE_DISCREPANCY,DISTRICT_SPECIAL_TASK_FORCE,98
ENF-2026-00702,9,Vellore,2024-10-15 20:49:05,INTENSIVE_VEHICLE_CHECK,INTERMEDIATE_DISCREPANCY,PROHIBITION_ENFORCEMENT_WING,96
ENF-2026-00703,17,Chengalpattu,2024-10-21 10:47:36,HOTEL_LODGE_SURPRISE_INSPECTION,NO_CONTRABAND_FOUND,DISTRICT_SPECIAL_TASK_FORCE,89
ENF-2026-00704,38,Tiruvannamalai,2026-01-10 16:10:08,COASTAL_PATROL_SWEEP,INTERMEDIATE_DISCREPANCY,COASTAL_SECURITY_GROUP,88
ENF-2026-00705,5,Tiruchirappalli,2025-08-09 17:14:12,COASTAL_PATROL_SWEEP,SEIZURE_REGISTERED,DISTRICT_SPECIAL_TASK_FORCE,96
ENF-2026-00706,31,Virudhunagar,2024-11-23 21:53:02,INTENSIVE_VEHICLE_CHECK,SEIZURE_REGISTERED,COASTAL_SECURITY_GROUP,91
ENF-2026-00707,36,Ranipet,2026-08-15 11:11:06,HOTEL_LODGE_SURPRISE_INSPECTION,SEIZURE_REGISTERED,PROHIBITION_ENFORCEMENT_WING,85
ENF-2026-00708,38,Tiruvannamalai,2026-06-07 03:36:13,SPECIAL_CAMPUS_DRIVE,INTERMEDIATE_DISCREPANCY,DISTRICT_SPECIAL_TASK_FORCE,86
ENF-2026-00709,31,Virudhunagar,2025-02-06 04:08:24,INTENSIVE_VEHICLE_CHECK,INTERMEDIATE_DISCREPANCY,COASTAL_SECURITY_GROUP,92
ENF-2026-00710,19,Cuddalore,2025-06-16 09:48:33,SPECIAL_CAMPUS_DRIVE,INTERMEDIATE_DISCREPANCY,PROHIBITION_ENFORCEMENT_WING,85
ENF-2026-00711,32,Theni,2025-05-11 19:30:31,INTENSIVE_VEHICLE_CHECK,SEIZURE_REGISTERED,PROHIBITION_ENFORCEMENT_WING,85
ENF-2026-00712,7,Tiruppur,2024-11-28 18:27:26,SPECIAL_CAMPUS_DRIVE,SEIZURE_REGISTERED,DISTRICT_SPECIAL_TASK_FORCE,87
ENF-2026-00713,9,Vellore,2025-03-07 04:49:43,SPECIAL_CAMPUS_DRIVE,SEIZURE_REGISTERED,PROHIBITION_ENFORCEMENT_WING,99
ENF-2026-00714,16,Kancheepuram,2025-11-02 03:06:30,SPECIAL_CAMPUS_DRIVE,SEIZURE_REGISTERED,PROHIBITION_ENFORCEMENT_WING,86
ENF-2026-00715,24,Nilgiris,2024-11-15 21:44:28,SPECIAL_CAMPUS_DRIVE,SEIZURE_REGISTERED,COASTAL_SECURITY_GROUP,88
ENF-2026-00716,27,Perambalur,2025-05-18 08:47:23,SPECIAL_CAMPUS_DRIVE,NO_CONTRABAND_FOUND,COASTAL_SECURITY_GROUP,86
ENF-2026-00717,32,Theni,2025-07-22 11:12:19,INTENSIVE_VEHICLE_CHECK,NO_CONTRABAND_FOUND,DISTRICT_SPECIAL_TASK_FORCE,96
ENF-2026-00718,34,Nagapattinam,2026-01-27 03:52:21,HOTEL_LODGE_SURPRISE_INSPECTION,SEIZURE_REGISTERED,DISTRICT_SPECIAL_TASK_FORCE,93
ENF-2026-00719,6,Tirunelveli,2025-11-07 15:56:11,SPECIAL_CAMPUS_DRIVE,INTERMEDIATE_DISCREPANCY,COASTAL_SECURITY_GROUP,99
ENF-2026-00720,33,Thiruvarur,2026-02-13 13:56:07,INTENSIVE_VEHICLE_CHECK,INTERMEDIATE_DISCREPANCY,DISTRICT_SPECIAL_TASK_FORCE,87
ENF-2026-00721,24,Nilgiris,2024-10-16 20:59:44,COASTAL_PATROL_SWEEP,INTERMEDIATE_DISCREPANCY,DISTRICT_SPECIAL_TASK_FORCE,94
ENF-2026-00722,1,Chennai,2026-04-11 08:55:24,COASTAL_PATROL_SWEEP,NO_CONTRABAND_FOUND,COASTAL_SECURITY_GROUP,96
ENF-2026-00723,27,Perambalur,2025-05-27 02:46:43,COASTAL_PATROL_SWEEP,NO_CONTRABAND_FOUND,PROHIBITION_ENFORCEMENT_WING,85
ENF-2026-00724,19,Cuddalore,2026-07-07 08:34:42,SPECIAL_CAMPUS_DRIVE,INTERMEDIATE_DISCREPANCY,DISTRICT_SPECIAL_TASK_FORCE,89
ENF-2026-00725,25,Karur,2025-01-31 07:19:06,HOTEL_LODGE_SURPRISE_INSPECTION,NO_CONTRABAND_FOUND,COASTAL_SECURITY_GROUP,98
ENF-2026-00726,31,Virudhunagar,2025-04-26 17:49:23,INTENSIVE_VEHICLE_CHECK,NO_CONTRABAND_FOUND,DISTRICT_SPECIAL_TASK_FORCE,97
ENF-2026-00727,5,Tiruchirappalli,2025-07-19 21:37:53,COASTAL_PATROL_SWEEP,INTERMEDIATE_DISCREPANCY,PROHIBITION_ENFORCEMENT_WING,94
ENF-2026-00728,10,Krishnagiri,2025-11-11 02:37:33,COASTAL_PATROL_SWEEP,SEIZURE_REGISTERED,PROHIBITION_ENFORCEMENT_WING,95
ENF-2026-00729,25,Karur,2025-11-23 15:12:30,SPECIAL_CAMPUS_DRIVE,SEIZURE_REGISTERED,COASTAL_SECURITY_GROUP,94
ENF-2026-00730,13,Thoothukudi,2026-04-30 19:51:37,HOTEL_LODGE_SURPRISE_INSPECTION,SEIZURE_REGISTERED,PROHIBITION_ENFORCEMENT_WING,91
ENF-2026-00731,6,Tirunelveli,2025-11-14 00:22:41,HOTEL_LODGE_SURPRISE_INSPECTION,SEIZURE_REGISTERED,DISTRICT_SPECIAL_TASK_FORCE,94
ENF-2026-00732,36,Ranipet,2025-12-15 21:01:37,COASTAL_PATROL_SWEEP,INTERMEDIATE_DISCREPANCY,DISTRICT_SPECIAL_TASK_FORCE,95
ENF-2026-00733,35,Mayiladuthurai,2025-11-06 02:44:36,SPECIAL_CAMPUS_DRIVE,SEIZURE_REGISTERED,COASTAL_SECURITY_GROUP,92
ENF-2026-00734,22,Dharmapuri,2026-06-06 06:35:54,SPECIAL_CAMPUS_DRIVE,NO_CONTRABAND_FOUND,COASTAL_SECURITY_GROUP,93
ENF-2026-00735,28,Pudukkottai,2025-11-21 17:23:43,HOTEL_LODGE_SURPRISE_INSPECTION,SEIZURE_REGISTERED,DISTRICT_SPECIAL_TASK_FORCE,89
ENF-2026-00736,19,Cuddalore,2026-04-04 09:45:02,COASTAL_PATROL_SWEEP,SEIZURE_REGISTERED,PROHIBITION_ENFORCEMENT_WING,91
ENF-2026-00737,28,Pudukkottai,2025-04-03 13:43:05,INTENSIVE_VEHICLE_CHECK,SEIZURE_REGISTERED,COASTAL_SECURITY_GROUP,89
ENF-2026-00738,15,Tenkasi,2025-04-29 04:38:36,HOTEL_LODGE_SURPRISE_INSPECTION,NO_CONTRABAND_FOUND,DISTRICT_SPECIAL_TASK_FORCE,98
ENF-2026-00739,33,Thiruvarur,2026-05-23 02:50:40,COASTAL_PATROL_SWEEP,INTERMEDIATE_DISCREPANCY,COASTAL_SECURITY_GROUP,99
ENF-2026-00740,15,Tenkasi,2024-10-31 00:28:42,HOTEL_LODGE_SURPRISE_INSPECTION,SEIZURE_REGISTERED,PROHIBITION_ENFORCEMENT_WING,85
ENF-2026-00741,17,Chengalpattu,2026-03-14 06:49:01,SPECIAL_CAMPUS_DRIVE,SEIZURE_REGISTERED,DISTRICT_SPECIAL_TASK_FORCE,94
ENF-2026-00742,1,Chennai,2026-02-02 20:31:07,HOTEL_LODGE_SURPRISE_INSPECTION,INTERMEDIATE_DISCREPANCY,DISTRICT_SPECIAL_TASK_FORCE,86
ENF-2026-00743,26,Ariyalur,2025-07-15 17:29:05,COASTAL_PATROL_SWEEP,SEIZURE_REGISTERED,COASTAL_SECURITY_GROUP,99
ENF-2026-00744,8,Erode,2025-04-13 18:45:36,SPECIAL_CAMPUS_DRIVE,NO_CONTRABAND_FOUND,PROHIBITION_ENFORCEMENT_WING,88
ENF-2026-00745,33,Thiruvarur,2026-07-28 17:20:58,HOTEL_LODGE_SURPRISE_INSPECTION,SEIZURE_REGISTERED,DISTRICT_SPECIAL_TASK_FORCE,89
ENF-2026-00746,2,Coimbatore,2026-06-26 22:07:36,HOTEL_LODGE_SURPRISE_INSPECTION,NO_CONTRABAND_FOUND,DISTRICT_SPECIAL_TASK_FORCE,90
ENF-2026-00747,7,Tiruppur,2025-03-15 05:58:53,INTENSIVE_VEHICLE_CHECK,NO_CONTRABAND_FOUND,COASTAL_SECURITY_GROUP,98
ENF-2026-00748,31,Virudhunagar,2026-08-05 18:05:15,HOTEL_LODGE_SURPRISE_INSPECTION,SEIZURE_REGISTERED,PROHIBITION_ENFORCEMENT_WING,92
ENF-2026-00749,35,Mayiladuthurai,2025-04-04 16:58:10,COASTAL_PATROL_SWEEP,NO_CONTRABAND_FOUND,COASTAL_SECURITY_GROUP,93
ENF-2026-00750,36,Ranipet,2024-11-12 15:44:49,SPECIAL_CAMPUS_DRIVE,NO_CONTRABAND_FOUND,PROHIBITION_ENFORCEMENT_WING,89
ENF-2026-00751,8,Erode,2025-03-09 07:43:52,HOTEL_LODGE_SURPRISE_INSPECTION,INTERMEDIATE_DISCREPANCY,PROHIBITION_ENFORCEMENT_WING,91
ENF-2026-00752,29,Sivaganga,2025-11-09 10:23:14,COASTAL_PATROL_SWEEP,SEIZURE_REGISTERED,COASTAL_SECURITY_GROUP,85
ENF-2026-00753,33,Thiruvarur,2025-06-21 15:05:50,INTENSIVE_VEHICLE_CHECK,SEIZURE_REGISTERED,COASTAL_SECURITY_GROUP,97
ENF-2026-00754,31,Virudhunagar,2026-05-14 02:34:36,SPECIAL_CAMPUS_DRIVE,INTERMEDIATE_DISCREPANCY,COASTAL_SECURITY_GROUP,91
ENF-2026-00755,32,Theni,2026-01-14 19:51:23,HOTEL_LODGE_SURPRISE_INSPECTION,INTERMEDIATE_DISCREPANCY,DISTRICT_SPECIAL_TASK_FORCE,85
ENF-2026-00756,7,Tiruppur,2025-03-06 01:35:30,INTENSIVE_VEHICLE_CHECK,NO_CONTRABAND_FOUND,PROHIBITION_ENFORCEMENT_WING,91
ENF-2026-00757,13,Thoothukudi,2025-12-15 03:30:18,INTENSIVE_VEHICLE_CHECK,SEIZURE_REGISTERED,PROHIBITION_ENFORCEMENT_WING,92
ENF-2026-00758,17,Chengalpattu,2026-04-16 00:00:45,HOTEL_LODGE_SURPRISE_INSPECTION,INTERMEDIATE_DISCREPANCY,PROHIBITION_ENFORCEMENT_WING,96
ENF-2026-00759,24,Nilgiris,2024-11-03 08:29:29,HOTEL_LODGE_SURPRISE_INSPECTION,NO_CONTRABAND_FOUND,PROHIBITION_ENFORCEMENT_WING,93
ENF-2026-00760,2,Coimbatore,2026-06-05 10:51:09,COASTAL_PATROL_SWEEP,INTERMEDIATE_DISCREPANCY,COASTAL_SECURITY_GROUP,96
ENF-2026-00761,9,Vellore,2025-12-04 16:49:05,HOTEL_LODGE_SURPRISE_INSPECTION,SEIZURE_REGISTERED,DISTRICT_SPECIAL_TASK_FORCE,88
ENF-2026-00762,17,Chengalpattu,2025-09-05 02:41:44,HOTEL_LODGE_SURPRISE_INSPECTION,NO_CONTRABAND_FOUND,COASTAL_SECURITY_GROUP,95
ENF-2026-00763,36,Ranipet,2024-10-11 19:24:00,INTENSIVE_VEHICLE_CHECK,SEIZURE_REGISTERED,DISTRICT_SPECIAL_TASK_FORCE,92
ENF-2026-00764,2,Coimbatore,2026-08-15 15:43:21,SPECIAL_CAMPUS_DRIVE,SEIZURE_REGISTERED,PROHIBITION_ENFORCEMENT_WING,92
ENF-2026-00765,20,Viluppuram,2025-06-05 05:43:52,COASTAL_PATROL_SWEEP,INTERMEDIATE_DISCREPANCY,PROHIBITION_ENFORCEMENT_WING,86
ENF-2026-00766,32,Theni,2025-04-17 20:29:02,COASTAL_PATROL_SWEEP,NO_CONTRABAND_FOUND,COASTAL_SECURITY_GROUP,94
ENF-2026-00767,8,Erode,2025-04-20 23:23:49,INTENSIVE_VEHICLE_CHECK,INTERMEDIATE_DISCREPANCY,PROHIBITION_ENFORCEMENT_WING,90
ENF-2026-00768,4,Salem,2025-09-01 10:48:22,COASTAL_PATROL_SWEEP,INTERMEDIATE_DISCREPANCY,PROHIBITION_ENFORCEMENT_WING,86
ENF-2026-00769,24,Nilgiris,2026-03-31 10:06:17,COASTAL_PATROL_SWEEP,INTERMEDIATE_DISCREPANCY,DISTRICT_SPECIAL_TASK_FORCE,94
ENF-2026-00770,1,Chennai,2025-07-14 23:33:39,COASTAL_PATROL_SWEEP,SEIZURE_REGISTERED,PROHIBITION_ENFORCEMENT_WING,95
ENF-2026-00771,35,Mayiladuthurai,2024-10-12 11:11:02,INTENSIVE_VEHICLE_CHECK,INTERMEDIATE_DISCREPANCY,COASTAL_SECURITY_GROUP,88
ENF-2026-00772,28,Pudukkottai,2026-06-23 07:39:36,INTENSIVE_VEHICLE_CHECK,SEIZURE_REGISTERED,PROHIBITION_ENFORCEMENT_WING,94
ENF-2026-00773,31,Virudhunagar,2025-12-31 05:54:40,HOTEL_LODGE_SURPRISE_INSPECTION,SEIZURE_REGISTERED,PROHIBITION_ENFORCEMENT_WING,94
ENF-2026-00774,25,Karur,2025-06-01 12:29:41,INTENSIVE_VEHICLE_CHECK,NO_CONTRABAND_FOUND,PROHIBITION_ENFORCEMENT_WING,98
ENF-2026-00775,19,Cuddalore,2025-01-31 17:34:25,COASTAL_PATROL_SWEEP,NO_CONTRABAND_FOUND,COASTAL_SECURITY_GROUP,97
ENF-2026-00776,23,Namakkal,2026-08-18 16:14:19,HOTEL_LODGE_SURPRISE_INSPECTION,NO_CONTRABAND_FOUND,PROHIBITION_ENFORCEMENT_WING,91
ENF-2026-00777,37,Tirupathur,2026-06-01 03:59:37,SPECIAL_CAMPUS_DRIVE,INTERMEDIATE_DISCREPANCY,DISTRICT_SPECIAL_TASK_FORCE,94
ENF-2026-00778,7,Tiruppur,2025-10-25 04:46:38,SPECIAL_CAMPUS_DRIVE,SEIZURE_REGISTERED,COASTAL_SECURITY_GROUP,89
ENF-2026-00779,33,Thiruvarur,2026-04-29 12:56:08,INTENSIVE_VEHICLE_CHECK,NO_CONTRABAND_FOUND,COASTAL_SECURITY_GROUP,94
ENF-2026-00780,27,Perambalur,2024-11-12 12:22:34,COASTAL_PATROL_SWEEP,NO_CONTRABAND_FOUND,DISTRICT_SPECIAL_TASK_FORCE,96
ENF-2026-00781,14,Kanniyakumari,2026-01-28 21:08:49,COASTAL_PATROL_SWEEP,NO_CONTRABAND_FOUND,COASTAL_SECURITY_GROUP,93
ENF-2026-00782,11,Dindigul,2024-11-09 16:33:25,SPECIAL_CAMPUS_DRIVE,NO_CONTRABAND_FOUND,PROHIBITION_ENFORCEMENT_WING,88
ENF-2026-00783,5,Tiruchirappalli,2025-06-02 15:15:35,COASTAL_PATROL_SWEEP,INTERMEDIATE_DISCREPANCY,DISTRICT_SPECIAL_TASK_FORCE,99
ENF-2026-00784,36,Ranipet,2025-04-06 05:13:38,HOTEL_LODGE_SURPRISE_INSPECTION,NO_CONTRABAND_FOUND,COASTAL_SECURITY_GROUP,89
ENF-2026-00785,13,Thoothukudi,2025-02-06 06:59:11,SPECIAL_CAMPUS_DRIVE,INTERMEDIATE_DISCREPANCY,COASTAL_SECURITY_GROUP,94
ENF-2026-00786,17,Chengalpattu,2026-08-08 18:50:58,SPECIAL_CAMPUS_DRIVE,SEIZURE_REGISTERED,PROHIBITION_ENFORCEMENT_WING,98
ENF-2026-00787,27,Perambalur,2026-06-28 05:42:16,SPECIAL_CAMPUS_DRIVE,SEIZURE_REGISTERED,COASTAL_SECURITY_GROUP,98
ENF-2026-00788,22,Dharmapuri,2025-11-13 22:56:40,SPECIAL_CAMPUS_DRIVE,INTERMEDIATE_DISCREPANCY,COASTAL_SECURITY_GROUP,87
ENF-2026-00789,23,Namakkal,2026-07-16 08:01:44,INTENSIVE_VEHICLE_CHECK,NO_CONTRABAND_FOUND,COASTAL_SECURITY_GROUP,96
ENF-2026-00790,30,Ramanathapuram,2025-01-10 15:27:08,HOTEL_LODGE_SURPRISE_INSPECTION,NO_CONTRABAND_FOUND,COASTAL_SECURITY_GROUP,90
ENF-2026-00791,20,Viluppuram,2025-06-06 04:30:19,HOTEL_LODGE_SURPRISE_INSPECTION,NO_CONTRABAND_FOUND,PROHIBITION_ENFORCEMENT_WING,88
ENF-2026-00792,13,Thoothukudi,2025-05-29 12:34:41,HOTEL_LODGE_SURPRISE_INSPECTION,INTERMEDIATE_DISCREPANCY,COASTAL_SECURITY_GROUP,97
ENF-2026-00793,19,Cuddalore,2025-12-20 05:58:05,SPECIAL_CAMPUS_DRIVE,SEIZURE_REGISTERED,DISTRICT_SPECIAL_TASK_FORCE,85
ENF-2026-00794,13,Thoothukudi,2025-07-13 19:26:38,HOTEL_LODGE_SURPRISE_INSPECTION,INTERMEDIATE_DISCREPANCY,COASTAL_SECURITY_GROUP,88
ENF-2026-00795,20,Viluppuram,2025-11-10 06:10:36,SPECIAL_CAMPUS_DRIVE,INTERMEDIATE_DISCREPANCY,PROHIBITION_ENFORCEMENT_WING,93
ENF-2026-00796,11,Dindigul,2025-04-04 08:15:27,COASTAL_PATROL_SWEEP,NO_CONTRABAND_FOUND,PROHIBITION_ENFORCEMENT_WING,85
ENF-2026-00797,17,Chengalpattu,2025-10-01 17:04:03,COASTAL_PATROL_SWEEP,SEIZURE_REGISTERED,PROHIBITION_ENFORCEMENT_WING,89
ENF-2026-00798,31,Virudhunagar,2026-07-30 21:08:23,SPECIAL_CAMPUS_DRIVE,NO_CONTRABAND_FOUND,COASTAL_SECURITY_GROUP,99
ENF-2026-00799,28,Pudukkottai,2025-06-15 13:44:48,COASTAL_PATROL_SWEEP,SEIZURE_REGISTERED,DISTRICT_SPECIAL_TASK_FORCE,99
ENF-2026-00800,27,Perambalur,2025-04-15 23:47:14,INTENSIVE_VEHICLE_CHECK,SEIZURE_REGISTERED,DISTRICT_SPECIAL_TASK_FORCE,91
ENF-2026-00801,7,Tiruppur,2026-01-12 16:30:53,INTENSIVE_VEHICLE_CHECK,INTERMEDIATE_DISCREPANCY,COASTAL_SECURITY_GROUP,96
ENF-2026-00802,31,Virudhunagar,2024-10-16 21:30:17,SPECIAL_CAMPUS_DRIVE,NO_CONTRABAND_FOUND,PROHIBITION_ENFORCEMENT_WING,89
ENF-2026-00803,1,Chennai,2025-09-25 16:34:57,SPECIAL_CAMPUS_DRIVE,INTERMEDIATE_DISCREPANCY,PROHIBITION_ENFORCEMENT_WING,99
ENF-2026-00804,31,Virudhunagar,2026-06-28 16:58:47,HOTEL_LODGE_SURPRISE_INSPECTION,NO_CONTRABAND_FOUND,DISTRICT_SPECIAL_TASK_FORCE,97
ENF-2026-00805,33,Thiruvarur,2026-04-05 17:42:00,COASTAL_PATROL_SWEEP,NO_CONTRABAND_FOUND,COASTAL_SECURITY_GROUP,95
ENF-2026-00806,31,Virudhunagar,2026-02-18 17:03:35,SPECIAL_CAMPUS_DRIVE,INTERMEDIATE_DISCREPANCY,COASTAL_SECURITY_GROUP,92
ENF-2026-00807,13,Thoothukudi,2025-01-27 05:40:17,COASTAL_PATROL_SWEEP,NO_CONTRABAND_FOUND,COASTAL_SECURITY_GROUP,98
ENF-2026-00808,29,Sivaganga,2025-01-24 22:29:48,HOTEL_LODGE_SURPRISE_INSPECTION,SEIZURE_REGISTERED,COASTAL_SECURITY_GROUP,91
ENF-2026-00809,28,Pudukkottai,2025-02-14 17:58:02,COASTAL_PATROL_SWEEP,INTERMEDIATE_DISCREPANCY,DISTRICT_SPECIAL_TASK_FORCE,99
ENF-2026-00810,38,Tiruvannamalai,2024-09-28 10:23:55,HOTEL_LODGE_SURPRISE_INSPECTION,NO_CONTRABAND_FOUND,DISTRICT_SPECIAL_TASK_FORCE,98
ENF-2026-00811,32,Theni,2025-09-11 09:31:50,SPECIAL_CAMPUS_DRIVE,SEIZURE_REGISTERED,COASTAL_SECURITY_GROUP,86
ENF-2026-00812,8,Erode,2025-07-16 23:16:19,HOTEL_LODGE_SURPRISE_INSPECTION,SEIZURE_REGISTERED,COASTAL_SECURITY_GROUP,85
ENF-2026-00813,11,Dindigul,2025-09-07 00:21:56,SPECIAL_CAMPUS_DRIVE,INTERMEDIATE_DISCREPANCY,DISTRICT_SPECIAL_TASK_FORCE,98
ENF-2026-00814,24,Nilgiris,2025-07-28 20:35:11,HOTEL_LODGE_SURPRISE_INSPECTION,NO_CONTRABAND_FOUND,PROHIBITION_ENFORCEMENT_WING,88
ENF-2026-00815,35,Mayiladuthurai,2024-10-24 21:46:08,INTENSIVE_VEHICLE_CHECK,SEIZURE_REGISTERED,DISTRICT_SPECIAL_TASK_FORCE,91
ENF-2026-00816,17,Chengalpattu,2026-05-01 03:33:04,HOTEL_LODGE_SURPRISE_INSPECTION,SEIZURE_REGISTERED,COASTAL_SECURITY_GROUP,92
ENF-2026-00817,12,Thanjavur,2025-12-22 22:02:28,SPECIAL_CAMPUS_DRIVE,INTERMEDIATE_DISCREPANCY,PROHIBITION_ENFORCEMENT_WING,94
ENF-2026-00818,38,Tiruvannamalai,2025-06-23 14:20:12,INTENSIVE_VEHICLE_CHECK,INTERMEDIATE_DISCREPANCY,COASTAL_SECURITY_GROUP,94
ENF-2026-00819,7,Tiruppur,2026-06-12 13:08:50,SPECIAL_CAMPUS_DRIVE,INTERMEDIATE_DISCREPANCY,COASTAL_SECURITY_GROUP,99
ENF-2026-00820,36,Ranipet,2025-11-30 22:37:18,HOTEL_LODGE_SURPRISE_INSPECTION,INTERMEDIATE_DISCREPANCY,DISTRICT_SPECIAL_TASK_FORCE,90
ENF-2026-00821,19,Cuddalore,2025-05-18 08:00:15,HOTEL_LODGE_SURPRISE_INSPECTION,INTERMEDIATE_DISCREPANCY,PROHIBITION_ENFORCEMENT_WING,87
ENF-2026-00822,1,Chennai,2026-03-28 05:55:47,COASTAL_PATROL_SWEEP,NO_CONTRABAND_FOUND,DISTRICT_SPECIAL_TASK_FORCE,93
ENF-2026-00823,11,Dindigul,2026-01-04 03:20:34,COASTAL_PATROL_SWEEP,SEIZURE_REGISTERED,DISTRICT_SPECIAL_TASK_FORCE,86
ENF-2026-00824,13,Thoothukudi,2025-01-25 12:56:56,SPECIAL_CAMPUS_DRIVE,NO_CONTRABAND_FOUND,COASTAL_SECURITY_GROUP,86
ENF-2026-00825,32,Theni,2026-05-27 15:12:30,SPECIAL_CAMPUS_DRIVE,NO_CONTRABAND_FOUND,PROHIBITION_ENFORCEMENT_WING,90
ENF-2026-00826,15,Tenkasi,2025-10-18 11:05:25,SPECIAL_CAMPUS_DRIVE,SEIZURE_REGISTERED,COASTAL_SECURITY_GROUP,99
ENF-2026-00827,30,Ramanathapuram,2026-02-19 18:42:03,INTENSIVE_VEHICLE_CHECK,SEIZURE_REGISTERED,DISTRICT_SPECIAL_TASK_FORCE,85
ENF-2026-00828,3,Madurai,2025-03-29 21:48:22,COASTAL_PATROL_SWEEP,SEIZURE_REGISTERED,DISTRICT_SPECIAL_TASK_FORCE,98
ENF-2026-00829,24,Nilgiris,2026-08-04 18:38:29,SPECIAL_CAMPUS_DRIVE,SEIZURE_REGISTERED,PROHIBITION_ENFORCEMENT_WING,87
ENF-2026-00830,22,Dharmapuri,2025-01-09 16:27:51,COASTAL_PATROL_SWEEP,INTERMEDIATE_DISCREPANCY,PROHIBITION_ENFORCEMENT_WING,89
ENF-2026-00831,4,Salem,2025-07-10 17:17:40,COASTAL_PATROL_SWEEP,INTERMEDIATE_DISCREPANCY,PROHIBITION_ENFORCEMENT_WING,98
ENF-2026-00832,25,Karur,2025-06-29 22:31:24,SPECIAL_CAMPUS_DRIVE,NO_CONTRABAND_FOUND,COASTAL_SECURITY_GROUP,96
ENF-2026-00833,24,Nilgiris,2025-11-30 15:18:34,HOTEL_LODGE_SURPRISE_INSPECTION,INTERMEDIATE_DISCREPANCY,COASTAL_SECURITY_GROUP,95
ENF-2026-00834,13,Thoothukudi,2026-04-14 14:27:57,COASTAL_PATROL_SWEEP,SEIZURE_REGISTERED,COASTAL_SECURITY_GROUP,99
ENF-2026-00835,12,Thanjavur,2026-01-30 08:54:25,INTENSIVE_VEHICLE_CHECK,NO_CONTRABAND_FOUND,DISTRICT_SPECIAL_TASK_FORCE,96
ENF-2026-00836,26,Ariyalur,2025-04-29 11:19:25,SPECIAL_CAMPUS_DRIVE,INTERMEDIATE_DISCREPANCY,PROHIBITION_ENFORCEMENT_WING,89
ENF-2026-00837,15,Tenkasi,2024-11-17 05:25:59,HOTEL_LODGE_SURPRISE_INSPECTION,SEIZURE_REGISTERED,PROHIBITION_ENFORCEMENT_WING,85
ENF-2026-00838,24,Nilgiris,2025-05-14 03:48:36,SPECIAL_CAMPUS_DRIVE,NO_CONTRABAND_FOUND,COASTAL_SECURITY_GROUP,98
ENF-2026-00839,8,Erode,2025-06-30 05:35:38,INTENSIVE_VEHICLE_CHECK,INTERMEDIATE_DISCREPANCY,DISTRICT_SPECIAL_TASK_FORCE,86
ENF-2026-00840,38,Tiruvannamalai,2026-01-08 07:33:54,HOTEL_LODGE_SURPRISE_INSPECTION,INTERMEDIATE_DISCREPANCY,COASTAL_SECURITY_GROUP,96
ENF-2026-00841,6,Tirunelveli,2026-01-01 21:33:33,INTENSIVE_VEHICLE_CHECK,SEIZURE_REGISTERED,PROHIBITION_ENFORCEMENT_WING,95
ENF-2026-00842,18,Tiruvallur,2026-02-19 08:09:42,COASTAL_PATROL_SWEEP,INTERMEDIATE_DISCREPANCY,COASTAL_SECURITY_GROUP,88
ENF-2026-00843,30,Ramanathapuram,2026-05-21 07:06:56,COASTAL_PATROL_SWEEP,SEIZURE_REGISTERED,PROHIBITION_ENFORCEMENT_WING,88
ENF-2026-00844,17,Chengalpattu,2025-06-26 12:57:45,COASTAL_PATROL_SWEEP,SEIZURE_REGISTERED,COASTAL_SECURITY_GROUP,87
ENF-2026-00845,6,Tirunelveli,2025-04-01 06:22:24,COASTAL_PATROL_SWEEP,SEIZURE_REGISTERED,DISTRICT_SPECIAL_TASK_FORCE,97
ENF-2026-00846,37,Tirupathur,2026-08-18 09:08:24,COASTAL_PATROL_SWEEP,SEIZURE_REGISTERED,DISTRICT_SPECIAL_TASK_FORCE,88
ENF-2026-00847,1,Chennai,2024-12-25 04:56:11,INTENSIVE_VEHICLE_CHECK,SEIZURE_REGISTERED,COASTAL_SECURITY_GROUP,91
ENF-2026-00848,32,Theni,2025-01-06 20:41:02,COASTAL_PATROL_SWEEP,SEIZURE_REGISTERED,PROHIBITION_ENFORCEMENT_WING,89
ENF-2026-00849,12,Thanjavur,2024-10-12 22:14:34,HOTEL_LODGE_SURPRISE_INSPECTION,INTERMEDIATE_DISCREPANCY,COASTAL_SECURITY_GROUP,92
ENF-2026-00850,30,Ramanathapuram,2025-06-06 06:23:41,SPECIAL_CAMPUS_DRIVE,NO_CONTRABAND_FOUND,COASTAL_SECURITY_GROUP,88
ENF-2026-00851,1,Chennai,2025-12-14 16:42:20,SPECIAL_CAMPUS_DRIVE,NO_CONTRABAND_FOUND,PROHIBITION_ENFORCEMENT_WING,89
ENF-2026-00852,18,Tiruvallur,2025-10-20 08:05:20,INTENSIVE_VEHICLE_CHECK,NO_CONTRABAND_FOUND,PROHIBITION_ENFORCEMENT_WING,95
ENF-2026-00853,11,Dindigul,2026-04-05 15:11:11,SPECIAL_CAMPUS_DRIVE,NO_CONTRABAND_FOUND,PROHIBITION_ENFORCEMENT_WING,87
ENF-2026-00854,4,Salem,2026-01-21 16:02:19,SPECIAL_CAMPUS_DRIVE,NO_CONTRABAND_FOUND,PROHIBITION_ENFORCEMENT_WING,97
ENF-2026-00855,26,Ariyalur,2026-07-29 02:21:35,HOTEL_LODGE_SURPRISE_INSPECTION,SEIZURE_REGISTERED,DISTRICT_SPECIAL_TASK_FORCE,98
ENF-2026-00856,7,Tiruppur,2026-05-13 08:23:45,HOTEL_LODGE_SURPRISE_INSPECTION,SEIZURE_REGISTERED,COASTAL_SECURITY_GROUP,96
ENF-2026-00857,33,Thiruvarur,2025-09-05 15:40:35,INTENSIVE_VEHICLE_CHECK,INTERMEDIATE_DISCREPANCY,DISTRICT_SPECIAL_TASK_FORCE,99
ENF-2026-00858,6,Tirunelveli,2025-10-26 13:37:04,COASTAL_PATROL_SWEEP,SEIZURE_REGISTERED,COASTAL_SECURITY_GROUP,91
ENF-2026-00859,1,Chennai,2025-10-16 04:21:51,COASTAL_PATROL_SWEEP,SEIZURE_REGISTERED,PROHIBITION_ENFORCEMENT_WING,87
ENF-2026-00860,18,Tiruvallur,2024-10-06 02:37:17,HOTEL_LODGE_SURPRISE_INSPECTION,SEIZURE_REGISTERED,PROHIBITION_ENFORCEMENT_WING,99
ENF-2026-00861,4,Salem,2025-05-02 12:36:55,SPECIAL_CAMPUS_DRIVE,SEIZURE_REGISTERED,DISTRICT_SPECIAL_TASK_FORCE,91
ENF-2026-00862,20,Viluppuram,2024-10-06 22:17:55,HOTEL_LODGE_SURPRISE_INSPECTION,SEIZURE_REGISTERED,DISTRICT_SPECIAL_TASK_FORCE,95
ENF-2026-00863,29,Sivaganga,2025-01-09 07:42:33,SPECIAL_CAMPUS_DRIVE,INTERMEDIATE_DISCREPANCY,COASTAL_SECURITY_GROUP,91
ENF-2026-00864,34,Nagapattinam,2024-10-07 06:27:29,SPECIAL_CAMPUS_DRIVE,INTERMEDIATE_DISCREPANCY,COASTAL_SECURITY_GROUP,85
ENF-2026-00865,38,Tiruvannamalai,2024-09-27 16:31:06,SPECIAL_CAMPUS_DRIVE,SEIZURE_REGISTERED,DISTRICT_SPECIAL_TASK_FORCE,88
ENF-2026-00866,10,Krishnagiri,2025-07-15 13:26:14,COASTAL_PATROL_SWEEP,INTERMEDIATE_DISCREPANCY,PROHIBITION_ENFORCEMENT_WING,85
ENF-2026-00867,33,Thiruvarur,2026-07-19 08:32:43,HOTEL_LODGE_SURPRISE_INSPECTION,SEIZURE_REGISTERED,DISTRICT_SPECIAL_TASK_FORCE,89
ENF-2026-00868,16,Kancheepuram,2026-08-03 22:52:37,HOTEL_LODGE_SURPRISE_INSPECTION,INTERMEDIATE_DISCREPANCY,COASTAL_SECURITY_GROUP,93
ENF-2026-00869,36,Ranipet,2026-02-05 19:38:06,COASTAL_PATROL_SWEEP,INTERMEDIATE_DISCREPANCY,PROHIBITION_ENFORCEMENT_WING,98
ENF-2026-00870,4,Salem,2026-06-26 11:01:40,INTENSIVE_VEHICLE_CHECK,INTERMEDIATE_DISCREPANCY,DISTRICT_SPECIAL_TASK_FORCE,89
ENF-2026-00871,38,Tiruvannamalai,2025-11-19 00:58:19,SPECIAL_CAMPUS_DRIVE,NO_CONTRABAND_FOUND,DISTRICT_SPECIAL_TASK_FORCE,92
ENF-2026-00872,4,Salem,2025-11-06 10:09:58,INTENSIVE_VEHICLE_CHECK,INTERMEDIATE_DISCREPANCY,DISTRICT_SPECIAL_TASK_FORCE,98
ENF-2026-00873,13,Thoothukudi,2025-05-11 07:03:50,SPECIAL_CAMPUS_DRIVE,NO_CONTRABAND_FOUND,COASTAL_SECURITY_GROUP,86
ENF-2026-00874,2,Coimbatore,2024-12-14 14:56:17,HOTEL_LODGE_SURPRISE_INSPECTION,SEIZURE_REGISTERED,PROHIBITION_ENFORCEMENT_WING,95
ENF-2026-00875,32,Theni,2026-01-14 23:09:40,COASTAL_PATROL_SWEEP,NO_CONTRABAND_FOUND,COASTAL_SECURITY_GROUP,87
ENF-2026-00876,32,Theni,2026-05-23 11:47:28,INTENSIVE_VEHICLE_CHECK,NO_CONTRABAND_FOUND,PROHIBITION_ENFORCEMENT_WING,96
ENF-2026-00877,26,Ariyalur,2025-03-16 00:03:40,HOTEL_LODGE_SURPRISE_INSPECTION,INTERMEDIATE_DISCREPANCY,PROHIBITION_ENFORCEMENT_WING,85
ENF-2026-00878,23,Namakkal,2024-11-30 13:06:15,INTENSIVE_VEHICLE_CHECK,INTERMEDIATE_DISCREPANCY,PROHIBITION_ENFORCEMENT_WING,87
ENF-2026-00879,8,Erode,2025-06-11 03:14:22,HOTEL_LODGE_SURPRISE_INSPECTION,INTERMEDIATE_DISCREPANCY,PROHIBITION_ENFORCEMENT_WING,90
ENF-2026-00880,27,Perambalur,2026-03-28 19:37:46,COASTAL_PATROL_SWEEP,INTERMEDIATE_DISCREPANCY,PROHIBITION_ENFORCEMENT_WING,96
ENF-2026-00881,32,Theni,2025-03-05 07:02:00,SPECIAL_CAMPUS_DRIVE,NO_CONTRABAND_FOUND,DISTRICT_SPECIAL_TASK_FORCE,90
ENF-2026-00882,15,Tenkasi,2026-07-11 11:14:19,HOTEL_LODGE_SURPRISE_INSPECTION,NO_CONTRABAND_FOUND,PROHIBITION_ENFORCEMENT_WING,88
ENF-2026-00883,30,Ramanathapuram,2026-04-09 11:15:20,INTENSIVE_VEHICLE_CHECK,SEIZURE_REGISTERED,DISTRICT_SPECIAL_TASK_FORCE,99
ENF-2026-00884,26,Ariyalur,2025-03-09 11:31:51,SPECIAL_CAMPUS_DRIVE,SEIZURE_REGISTERED,COASTAL_SECURITY_GROUP,93
ENF-2026-00885,14,Kanniyakumari,2025-11-16 15:48:11,HOTEL_LODGE_SURPRISE_INSPECTION,SEIZURE_REGISTERED,PROHIBITION_ENFORCEMENT_WING,86
ENF-2026-00886,28,Pudukkottai,2024-12-13 05:46:47,SPECIAL_CAMPUS_DRIVE,NO_CONTRABAND_FOUND,PROHIBITION_ENFORCEMENT_WING,90
ENF-2026-00887,25,Karur,2026-03-07 00:58:52,COASTAL_PATROL_SWEEP,INTERMEDIATE_DISCREPANCY,PROHIBITION_ENFORCEMENT_WING,90
ENF-2026-00888,31,Virudhunagar,2024-12-26 12:47:55,INTENSIVE_VEHICLE_CHECK,SEIZURE_REGISTERED,DISTRICT_SPECIAL_TASK_FORCE,98
ENF-2026-00889,22,Dharmapuri,2024-12-29 17:39:59,COASTAL_PATROL_SWEEP,INTERMEDIATE_DISCREPANCY,COASTAL_SECURITY_GROUP,97
ENF-2026-00890,19,Cuddalore,2025-11-26 10:29:59,SPECIAL_CAMPUS_DRIVE,NO_CONTRABAND_FOUND,DISTRICT_SPECIAL_TASK_FORCE,86
ENF-2026-00891,1,Chennai,2024-11-02 00:14:14,SPECIAL_CAMPUS_DRIVE,SEIZURE_REGISTERED,PROHIBITION_ENFORCEMENT_WING,91
ENF-2026-00892,7,Tiruppur,2024-12-12 01:13:58,INTENSIVE_VEHICLE_CHECK,NO_CONTRABAND_FOUND,DISTRICT_SPECIAL_TASK_FORCE,93
ENF-2026-00893,15,Tenkasi,2025-07-30 20:25:20,COASTAL_PATROL_SWEEP,SEIZURE_REGISTERED,PROHIBITION_ENFORCEMENT_WING,94
ENF-2026-00894,8,Erode,2025-10-17 02:26:01,COASTAL_PATROL_SWEEP,INTERMEDIATE_DISCREPANCY,COASTAL_SECURITY_GROUP,94
ENF-2026-00895,17,Chengalpattu,2025-03-29 02:18:53,SPECIAL_CAMPUS_DRIVE,INTERMEDIATE_DISCREPANCY,DISTRICT_SPECIAL_TASK_FORCE,87
ENF-2026-00896,36,Ranipet,2025-12-09 05:49:22,HOTEL_LODGE_SURPRISE_INSPECTION,NO_CONTRABAND_FOUND,PROHIBITION_ENFORCEMENT_WING,87
ENF-2026-00897,11,Dindigul,2025-08-15 12:44:07,SPECIAL_CAMPUS_DRIVE,NO_CONTRABAND_FOUND,COASTAL_SECURITY_GROUP,90
ENF-2026-00898,16,Kancheepuram,2026-07-26 23:08:58,SPECIAL_CAMPUS_DRIVE,INTERMEDIATE_DISCREPANCY,DISTRICT_SPECIAL_TASK_FORCE,91
ENF-2026-00899,8,Erode,2025-03-04 07:08:34,SPECIAL_CAMPUS_DRIVE,NO_CONTRABAND_FOUND,DISTRICT_SPECIAL_TASK_FORCE,87
ENF-2026-00900,18,Tiruvallur,2024-12-14 21:58:48,SPECIAL_CAMPUS_DRIVE,INTERMEDIATE_DISCREPANCY,COASTAL_SECURITY_GROUP,97
ENF-2026-00901,18,Tiruvallur,2026-05-02 22:05:15,SPECIAL_CAMPUS_DRIVE,NO_CONTRABAND_FOUND,PROHIBITION_ENFORCEMENT_WING,85
ENF-2026-00902,34,Nagapattinam,2025-09-23 04:20:54,SPECIAL_CAMPUS_DRIVE,NO_CONTRABAND_FOUND,COASTAL_SECURITY_GROUP,94
ENF-2026-00903,32,Theni,2026-04-29 01:41:17,COASTAL_PATROL_SWEEP,NO_CONTRABAND_FOUND,COASTAL_SECURITY_GROUP,85
ENF-2026-00904,30,Ramanathapuram,2024-11-14 19:00:42,INTENSIVE_VEHICLE_CHECK,NO_CONTRABAND_FOUND,COASTAL_SECURITY_GROUP,87
ENF-2026-00905,3,Madurai,2025-02-09 06:12:43,SPECIAL_CAMPUS_DRIVE,NO_CONTRABAND_FOUND,PROHIBITION_ENFORCEMENT_WING,89
ENF-2026-00906,22,Dharmapuri,2024-11-08 23:45:16,INTENSIVE_VEHICLE_CHECK,NO_CONTRABAND_FOUND,PROHIBITION_ENFORCEMENT_WING,97
ENF-2026-00907,11,Dindigul,2025-01-10 13:41:25,INTENSIVE_VEHICLE_CHECK,INTERMEDIATE_DISCREPANCY,PROHIBITION_ENFORCEMENT_WING,95
ENF-2026-00908,16,Kancheepuram,2025-11-08 19:40:50,INTENSIVE_VEHICLE_CHECK,SEIZURE_REGISTERED,COASTAL_SECURITY_GROUP,97
ENF-2026-00909,8,Erode,2024-10-26 05:36:01,HOTEL_LODGE_SURPRISE_INSPECTION,SEIZURE_REGISTERED,COASTAL_SECURITY_GROUP,99
ENF-2026-00910,20,Viluppuram,2026-03-05 17:24:18,SPECIAL_CAMPUS_DRIVE,SEIZURE_REGISTERED,PROHIBITION_ENFORCEMENT_WING,95
ENF-2026-00911,17,Chengalpattu,2025-03-22 22:14:25,SPECIAL_CAMPUS_DRIVE,NO_CONTRABAND_FOUND,COASTAL_SECURITY_GROUP,98
ENF-2026-00912,4,Salem,2025-07-09 16:57:08,INTENSIVE_VEHICLE_CHECK,SEIZURE_REGISTERED,PROHIBITION_ENFORCEMENT_WING,99
ENF-2026-00913,28,Pudukkottai,2025-11-27 14:41:19,INTENSIVE_VEHICLE_CHECK,SEIZURE_REGISTERED,PROHIBITION_ENFORCEMENT_WING,98
ENF-2026-00914,6,Tirunelveli,2024-10-26 04:30:23,COASTAL_PATROL_SWEEP,NO_CONTRABAND_FOUND,DISTRICT_SPECIAL_TASK_FORCE,94
ENF-2026-00915,6,Tirunelveli,2025-11-14 00:20:19,COASTAL_PATROL_SWEEP,INTERMEDIATE_DISCREPANCY,PROHIBITION_ENFORCEMENT_WING,89
ENF-2026-00916,14,Kanniyakumari,2026-08-10 20:35:25,INTENSIVE_VEHICLE_CHECK,INTERMEDIATE_DISCREPANCY,DISTRICT_SPECIAL_TASK_FORCE,98
ENF-2026-00917,10,Krishnagiri,2026-03-08 09:43:35,INTENSIVE_VEHICLE_CHECK,SEIZURE_REGISTERED,PROHIBITION_ENFORCEMENT_WING,89
ENF-2026-00918,33,Thiruvarur,2026-08-13 06:05:20,INTENSIVE_VEHICLE_CHECK,SEIZURE_REGISTERED,PROHIBITION_ENFORCEMENT_WING,88
ENF-2026-00919,4,Salem,2025-11-28 15:59:41,COASTAL_PATROL_SWEEP,NO_CONTRABAND_FOUND,COASTAL_SECURITY_GROUP,99
ENF-2026-00920,13,Thoothukudi,2024-11-11 05:35:00,HOTEL_LODGE_SURPRISE_INSPECTION,INTERMEDIATE_DISCREPANCY,COASTAL_SECURITY_GROUP,91
ENF-2026-00921,34,Nagapattinam,2026-02-05 02:37:51,COASTAL_PATROL_SWEEP,SEIZURE_REGISTERED,COASTAL_SECURITY_GROUP,92
ENF-2026-00922,22,Dharmapuri,2025-09-17 09:23:19,COASTAL_PATROL_SWEEP,INTERMEDIATE_DISCREPANCY,PROHIBITION_ENFORCEMENT_WING,87
ENF-2026-00923,30,Ramanathapuram,2025-06-29 21:33:24,INTENSIVE_VEHICLE_CHECK,INTERMEDIATE_DISCREPANCY,PROHIBITION_ENFORCEMENT_WING,97
ENF-2026-00924,5,Tiruchirappalli,2025-04-23 18:09:02,INTENSIVE_VEHICLE_CHECK,INTERMEDIATE_DISCREPANCY,COASTAL_SECURITY_GROUP,87
ENF-2026-00925,33,Thiruvarur,2024-10-15 13:05:24,COASTAL_PATROL_SWEEP,NO_CONTRABAND_FOUND,PROHIBITION_ENFORCEMENT_WING,93
ENF-2026-00926,35,Mayiladuthurai,2025-06-01 17:27:57,SPECIAL_CAMPUS_DRIVE,INTERMEDIATE_DISCREPANCY,PROHIBITION_ENFORCEMENT_WING,88
ENF-2026-00927,24,Nilgiris,2026-03-09 22:19:09,SPECIAL_CAMPUS_DRIVE,INTERMEDIATE_DISCREPANCY,DISTRICT_SPECIAL_TASK_FORCE,97
ENF-2026-00928,10,Krishnagiri,2025-01-12 23:32:56,HOTEL_LODGE_SURPRISE_INSPECTION,INTERMEDIATE_DISCREPANCY,DISTRICT_SPECIAL_TASK_FORCE,94
ENF-2026-00929,32,Theni,2026-06-17 05:26:32,SPECIAL_CAMPUS_DRIVE,NO_CONTRABAND_FOUND,DISTRICT_SPECIAL_TASK_FORCE,89
ENF-2026-00930,16,Kancheepuram,2026-07-05 12:09:45,HOTEL_LODGE_SURPRISE_INSPECTION,NO_CONTRABAND_FOUND,COASTAL_SECURITY_GROUP,90
ENF-2026-00931,8,Erode,2026-02-26 15:40:58,HOTEL_LODGE_SURPRISE_INSPECTION,NO_CONTRABAND_FOUND,COASTAL_SECURITY_GROUP,90
ENF-2026-00932,30,Ramanathapuram,2025-08-09 00:38:56,HOTEL_LODGE_SURPRISE_INSPECTION,NO_CONTRABAND_FOUND,PROHIBITION_ENFORCEMENT_WING,88
ENF-2026-00933,26,Ariyalur,2026-01-20 20:25:51,COASTAL_PATROL_SWEEP,INTERMEDIATE_DISCREPANCY,DISTRICT_SPECIAL_TASK_FORCE,85
ENF-2026-00934,5,Tiruchirappalli,2026-05-19 08:56:01,INTENSIVE_VEHICLE_CHECK,NO_CONTRABAND_FOUND,PROHIBITION_ENFORCEMENT_WING,89
ENF-2026-00935,26,Ariyalur,2026-05-19 20:55:48,COASTAL_PATROL_SWEEP,SEIZURE_REGISTERED,PROHIBITION_ENFORCEMENT_WING,86
ENF-2026-00936,8,Erode,2024-10-31 14:27:52,SPECIAL_CAMPUS_DRIVE,INTERMEDIATE_DISCREPANCY,COASTAL_SECURITY_GROUP,88
ENF-2026-00937,1,Chennai,2025-01-11 01:13:35,HOTEL_LODGE_SURPRISE_INSPECTION,SEIZURE_REGISTERED,COASTAL_SECURITY_GROUP,86
ENF-2026-00938,36,Ranipet,2025-12-09 16:50:33,SPECIAL_CAMPUS_DRIVE,NO_CONTRABAND_FOUND,COASTAL_SECURITY_GROUP,88
ENF-2026-00939,31,Virudhunagar,2025-01-31 16:48:08,COASTAL_PATROL_SWEEP,SEIZURE_REGISTERED,COASTAL_SECURITY_GROUP,87
ENF-2026-00940,19,Cuddalore,2024-12-29 07:09:46,SPECIAL_CAMPUS_DRIVE,NO_CONTRABAND_FOUND,COASTAL_SECURITY_GROUP,94
ENF-2026-00941,35,Mayiladuthurai,2026-01-12 06:40:47,COASTAL_PATROL_SWEEP,NO_CONTRABAND_FOUND,COASTAL_SECURITY_GROUP,87
ENF-2026-00942,3,Madurai,2025-06-04 19:17:16,INTENSIVE_VEHICLE_CHECK,INTERMEDIATE_DISCREPANCY,PROHIBITION_ENFORCEMENT_WING,92
ENF-2026-00943,12,Thanjavur,2025-10-11 02:37:20,HOTEL_LODGE_SURPRISE_INSPECTION,NO_CONTRABAND_FOUND,COASTAL_SECURITY_GROUP,86
ENF-2026-00944,26,Ariyalur,2026-06-22 21:03:57,SPECIAL_CAMPUS_DRIVE,NO_CONTRABAND_FOUND,COASTAL_SECURITY_GROUP,94
ENF-2026-00945,6,Tirunelveli,2025-10-28 16:33:20,COASTAL_PATROL_SWEEP,INTERMEDIATE_DISCREPANCY,DISTRICT_SPECIAL_TASK_FORCE,94
ENF-2026-00946,31,Virudhunagar,2025-12-25 16:13:48,SPECIAL_CAMPUS_DRIVE,NO_CONTRABAND_FOUND,PROHIBITION_ENFORCEMENT_WING,92
ENF-2026-00947,27,Perambalur,2025-08-20 21:06:54,INTENSIVE_VEHICLE_CHECK,SEIZURE_REGISTERED,COASTAL_SECURITY_GROUP,89
ENF-2026-00948,3,Madurai,2026-01-01 03:05:08,INTENSIVE_VEHICLE_CHECK,NO_CONTRABAND_FOUND,PROHIBITION_ENFORCEMENT_WING,98
ENF-2026-00949,4,Salem,2026-01-16 19:28:07,HOTEL_LODGE_SURPRISE_INSPECTION,SEIZURE_REGISTERED,DISTRICT_SPECIAL_TASK_FORCE,85
ENF-2026-00950,27,Perambalur,2024-11-30 03:51:15,INTENSIVE_VEHICLE_CHECK,SEIZURE_REGISTERED,PROHIBITION_ENFORCEMENT_WING,91
ENF-2026-00951,12,Thanjavur,2026-05-02 03:41:17,INTENSIVE_VEHICLE_CHECK,NO_CONTRABAND_FOUND,COASTAL_SECURITY_GROUP,86
ENF-2026-00952,6,Tirunelveli,2025-10-16 18:21:35,COASTAL_PATROL_SWEEP,INTERMEDIATE_DISCREPANCY,PROHIBITION_ENFORCEMENT_WING,94
ENF-2026-00953,4,Salem,2025-12-23 11:38:26,HOTEL_LODGE_SURPRISE_INSPECTION,NO_CONTRABAND_FOUND,DISTRICT_SPECIAL_TASK_FORCE,99
ENF-2026-00954,3,Madurai,2025-06-04 15:20:01,COASTAL_PATROL_SWEEP,SEIZURE_REGISTERED,COASTAL_SECURITY_GROUP,93
ENF-2026-00955,22,Dharmapuri,2026-04-04 02:21:19,SPECIAL_CAMPUS_DRIVE,INTERMEDIATE_DISCREPANCY,PROHIBITION_ENFORCEMENT_WING,97
ENF-2026-00956,23,Namakkal,2025-07-25 20:20:19,SPECIAL_CAMPUS_DRIVE,SEIZURE_REGISTERED,PROHIBITION_ENFORCEMENT_WING,89
ENF-2026-00957,19,Cuddalore,2025-04-10 13:06:17,COASTAL_PATROL_SWEEP,INTERMEDIATE_DISCREPANCY,COASTAL_SECURITY_GROUP,98
ENF-2026-00958,20,Viluppuram,2025-09-15 13:40:02,HOTEL_LODGE_SURPRISE_INSPECTION,SEIZURE_REGISTERED,PROHIBITION_ENFORCEMENT_WING,97
ENF-2026-00959,32,Theni,2025-04-07 04:16:31,HOTEL_LODGE_SURPRISE_INSPECTION,INTERMEDIATE_DISCREPANCY,DISTRICT_SPECIAL_TASK_FORCE,92
ENF-2026-00960,12,Thanjavur,2025-05-24 13:39:46,COASTAL_PATROL_SWEEP,INTERMEDIATE_DISCREPANCY,PROHIBITION_ENFORCEMENT_WING,87
ENF-2026-00961,5,Tiruchirappalli,2024-09-28 21:10:43,INTENSIVE_VEHICLE_CHECK,INTERMEDIATE_DISCREPANCY,COASTAL_SECURITY_GROUP,90
ENF-2026-00962,25,Karur,2024-12-27 16:20:11,COASTAL_PATROL_SWEEP,SEIZURE_REGISTERED,COASTAL_SECURITY_GROUP,89
ENF-2026-00963,10,Krishnagiri,2025-04-06 17:42:48,HOTEL_LODGE_SURPRISE_INSPECTION,SEIZURE_REGISTERED,COASTAL_SECURITY_GROUP,87
ENF-2026-00964,6,Tirunelveli,2024-11-13 04:44:25,HOTEL_LODGE_SURPRISE_INSPECTION,INTERMEDIATE_DISCREPANCY,DISTRICT_SPECIAL_TASK_FORCE,85
ENF-2026-00965,38,Tiruvannamalai,2025-12-10 18:43:05,COASTAL_PATROL_SWEEP,INTERMEDIATE_DISCREPANCY,COASTAL_SECURITY_GROUP,96
ENF-2026-00966,18,Tiruvallur,2026-08-05 23:05:42,COASTAL_PATROL_SWEEP,INTERMEDIATE_DISCREPANCY,PROHIBITION_ENFORCEMENT_WING,94
ENF-2026-00967,21,Kallakurichi,2026-06-03 13:54:29,SPECIAL_CAMPUS_DRIVE,INTERMEDIATE_DISCREPANCY,COASTAL_SECURITY_GROUP,86
ENF-2026-00968,12,Thanjavur,2024-11-22 00:42:02,INTENSIVE_VEHICLE_CHECK,NO_CONTRABAND_FOUND,COASTAL_SECURITY_GROUP,97
ENF-2026-00969,5,Tiruchirappalli,2026-03-16 01:02:01,SPECIAL_CAMPUS_DRIVE,INTERMEDIATE_DISCREPANCY,COASTAL_SECURITY_GROUP,93
ENF-2026-00970,13,Thoothukudi,2026-04-15 06:39:05,INTENSIVE_VEHICLE_CHECK,INTERMEDIATE_DISCREPANCY,COASTAL_SECURITY_GROUP,95
ENF-2026-00971,1,Chennai,2024-12-05 02:45:20,COASTAL_PATROL_SWEEP,NO_CONTRABAND_FOUND,PROHIBITION_ENFORCEMENT_WING,91
ENF-2026-00972,33,Thiruvarur,2025-06-18 05:53:18,HOTEL_LODGE_SURPRISE_INSPECTION,NO_CONTRABAND_FOUND,PROHIBITION_ENFORCEMENT_WING,94
ENF-2026-00973,33,Thiruvarur,2026-05-30 05:42:43,INTENSIVE_VEHICLE_CHECK,INTERMEDIATE_DISCREPANCY,COASTAL_SECURITY_GROUP,89
ENF-2026-00974,3,Madurai,2026-04-10 04:48:50,HOTEL_LODGE_SURPRISE_INSPECTION,INTERMEDIATE_DISCREPANCY,COASTAL_SECURITY_GROUP,92
ENF-2026-00975,16,Kancheepuram,2025-09-09 03:00:40,INTENSIVE_VEHICLE_CHECK,NO_CONTRABAND_FOUND,DISTRICT_SPECIAL_TASK_FORCE,90
ENF-2026-00976,31,Virudhunagar,2025-10-08 20:27:58,SPECIAL_CAMPUS_DRIVE,NO_CONTRABAND_FOUND,PROHIBITION_ENFORCEMENT_WING,98
ENF-2026-00977,16,Kancheepuram,2026-06-09 05:53:06,INTENSIVE_VEHICLE_CHECK,NO_CONTRABAND_FOUND,DISTRICT_SPECIAL_TASK_FORCE,99
ENF-2026-00978,22,Dharmapuri,2025-11-19 10:11:00,SPECIAL_CAMPUS_DRIVE,INTERMEDIATE_DISCREPANCY,PROHIBITION_ENFORCEMENT_WING,88
ENF-2026-00979,34,Nagapattinam,2025-06-12 23:11:33,COASTAL_PATROL_SWEEP,INTERMEDIATE_DISCREPANCY,COASTAL_SECURITY_GROUP,88
ENF-2026-00980,18,Tiruvallur,2026-04-18 04:33:49,INTENSIVE_VEHICLE_CHECK,NO_CONTRABAND_FOUND,PROHIBITION_ENFORCEMENT_WING,89
ENF-2026-00981,18,Tiruvallur,2025-01-17 00:47:44,INTENSIVE_VEHICLE_CHECK,NO_CONTRABAND_FOUND,COASTAL_SECURITY_GROUP,86
ENF-2026-00982,36,Ranipet,2024-10-14 16:04:08,SPECIAL_CAMPUS_DRIVE,SEIZURE_REGISTERED,COASTAL_SECURITY_GROUP,86
ENF-2026-00983,12,Thanjavur,2026-03-07 08:54:23,SPECIAL_CAMPUS_DRIVE,INTERMEDIATE_DISCREPANCY,DISTRICT_SPECIAL_TASK_FORCE,91
ENF-2026-00984,3,Madurai,2024-12-01 06:46:57,HOTEL_LODGE_SURPRISE_INSPECTION,SEIZURE_REGISTERED,COASTAL_SECURITY_GROUP,85
ENF-2026-00985,28,Pudukkottai,2024-12-11 15:06:37,SPECIAL_CAMPUS_DRIVE,INTERMEDIATE_DISCREPANCY,DISTRICT_SPECIAL_TASK_FORCE,86
ENF-2026-00986,3,Madurai,2025-09-07 11:04:34,INTENSIVE_VEHICLE_CHECK,INTERMEDIATE_DISCREPANCY,PROHIBITION_ENFORCEMENT_WING,94
ENF-2026-00987,18,Tiruvallur,2026-07-08 13:57:58,HOTEL_LODGE_SURPRISE_INSPECTION,NO_CONTRABAND_FOUND,PROHIBITION_ENFORCEMENT_WING,91
ENF-2026-00988,25,Karur,2025-07-01 13:16:41,INTENSIVE_VEHICLE_CHECK,INTERMEDIATE_DISCREPANCY,COASTAL_SECURITY_GROUP,91
ENF-2026-00989,36,Ranipet,2026-05-30 10:06:28,INTENSIVE_VEHICLE_CHECK,NO_CONTRABAND_FOUND,COASTAL_SECURITY_GROUP,98
ENF-2026-00990,32,Theni,2024-12-01 19:10:39,SPECIAL_CAMPUS_DRIVE,NO_CONTRABAND_FOUND,DISTRICT_SPECIAL_TASK_FORCE,86
ENF-2026-00991,28,Pudukkottai,2025-09-10 13:17:46,COASTAL_PATROL_SWEEP,NO_CONTRABAND_FOUND,COASTAL_SECURITY_GROUP,95
ENF-2026-00992,30,Ramanathapuram,2025-11-04 04:59:14,HOTEL_LODGE_SURPRISE_INSPECTION,NO_CONTRABAND_FOUND,PROHIBITION_ENFORCEMENT_WING,86
ENF-2026-00993,34,Nagapattinam,2024-11-17 15:44:51,SPECIAL_CAMPUS_DRIVE,SEIZURE_REGISTERED,DISTRICT_SPECIAL_TASK_FORCE,91
ENF-2026-00994,21,Kallakurichi,2025-08-01 22:39:01,SPECIAL_CAMPUS_DRIVE,NO_CONTRABAND_FOUND,PROHIBITION_ENFORCEMENT_WING,94
ENF-2026-00995,27,Perambalur,2026-05-19 21:19:13,INTENSIVE_VEHICLE_CHECK,SEIZURE_REGISTERED,DISTRICT_SPECIAL_TASK_FORCE,85
ENF-2026-00996,21,Kallakurichi,2026-07-14 21:23:38,INTENSIVE_VEHICLE_CHECK,SEIZURE_REGISTERED,PROHIBITION_ENFORCEMENT_WING,85
ENF-2026-00997,23,Namakkal,2026-07-24 17:42:45,HOTEL_LODGE_SURPRISE_INSPECTION,SEIZURE_REGISTERED,COASTAL_SECURITY_GROUP,86
ENF-2026-00998,18,Tiruvallur,2024-09-29 22:36:53,COASTAL_PATROL_SWEEP,INTERMEDIATE_DISCREPANCY,PROHIBITION_ENFORCEMENT_WING,88
ENF-2026-00999,21,Kallakurichi,2025-03-21 06:08:33,COASTAL_PATROL_SWEEP,SEIZURE_REGISTERED,PROHIBITION_ENFORCEMENT_WING,87
ENF-2026-01000,5,Tiruchirappalli,2026-04-11 09:13:04,INTENSIVE_VEHICLE_CHECK,INTERMEDIATE_DISCREPANCY,PROHIBITION_ENFORCEMENT_WING,91
ENF-2026-01001,25,Karur,2025-12-09 02:15:55,SPECIAL_CAMPUS_DRIVE,NO_CONTRABAND_FOUND,COASTAL_SECURITY_GROUP,86
ENF-2026-01002,15,Tenkasi,2025-07-02 15:01:37,INTENSIVE_VEHICLE_CHECK,INTERMEDIATE_DISCREPANCY,COASTAL_SECURITY_GROUP,89
ENF-2026-01003,35,Mayiladuthurai,2024-11-04 07:19:37,COASTAL_PATROL_SWEEP,INTERMEDIATE_DISCREPANCY,PROHIBITION_ENFORCEMENT_WING,91
ENF-2026-01004,17,Chengalpattu,2025-12-19 16:50:16,INTENSIVE_VEHICLE_CHECK,SEIZURE_REGISTERED,COASTAL_SECURITY_GROUP,95
ENF-2026-01005,21,Kallakurichi,2024-10-22 01:10:50,INTENSIVE_VEHICLE_CHECK,INTERMEDIATE_DISCREPANCY,PROHIBITION_ENFORCEMENT_WING,99
ENF-2026-01006,26,Ariyalur,2025-02-28 07:48:38,INTENSIVE_VEHICLE_CHECK,INTERMEDIATE_DISCREPANCY,PROHIBITION_ENFORCEMENT_WING,92
ENF-2026-01007,38,Tiruvannamalai,2026-07-27 08:12:59,INTENSIVE_VEHICLE_CHECK,INTERMEDIATE_DISCREPANCY,DISTRICT_SPECIAL_TASK_FORCE,98
ENF-2026-01008,15,Tenkasi,2024-10-03 13:10:41,INTENSIVE_VEHICLE_CHECK,NO_CONTRABAND_FOUND,PROHIBITION_ENFORCEMENT_WING,92
ENF-2026-01009,10,Krishnagiri,2025-08-14 00:10:01,COASTAL_PATROL_SWEEP,INTERMEDIATE_DISCREPANCY,COASTAL_SECURITY_GROUP,99
ENF-2026-01010,32,Theni,2026-07-10 10:43:46,INTENSIVE_VEHICLE_CHECK,INTERMEDIATE_DISCREPANCY,DISTRICT_SPECIAL_TASK_FORCE,89
ENF-2026-01011,6,Tirunelveli,2024-12-15 12:17:30,SPECIAL_CAMPUS_DRIVE,NO_CONTRABAND_FOUND,PROHIBITION_ENFORCEMENT_WING,96
ENF-2026-01012,22,Dharmapuri,2025-02-09 19:38:11,SPECIAL_CAMPUS_DRIVE,NO_CONTRABAND_FOUND,DISTRICT_SPECIAL_TASK_FORCE,89
ENF-2026-01013,5,Tiruchirappalli,2025-03-06 06:37:50,COASTAL_PATROL_SWEEP,NO_CONTRABAND_FOUND,COASTAL_SECURITY_GROUP,99
ENF-2026-01014,17,Chengalpattu,2026-01-27 02:57:24,SPECIAL_CAMPUS_DRIVE,SEIZURE_REGISTERED,PROHIBITION_ENFORCEMENT_WING,91
ENF-2026-01015,5,Tiruchirappalli,2025-11-28 16:45:26,COASTAL_PATROL_SWEEP,SEIZURE_REGISTERED,PROHIBITION_ENFORCEMENT_WING,94
ENF-2026-01016,22,Dharmapuri,2025-12-19 01:56:31,INTENSIVE_VEHICLE_CHECK,NO_CONTRABAND_FOUND,PROHIBITION_ENFORCEMENT_WING,98
ENF-2026-01017,36,Ranipet,2025-10-15 08:27:37,COASTAL_PATROL_SWEEP,SEIZURE_REGISTERED,PROHIBITION_ENFORCEMENT_WING,94
ENF-2026-01018,34,Nagapattinam,2025-01-04 20:54:20,COASTAL_PATROL_SWEEP,SEIZURE_REGISTERED,DISTRICT_SPECIAL_TASK_FORCE,87
ENF-2026-01019,7,Tiruppur,2025-11-22 22:37:53,COASTAL_PATROL_SWEEP,INTERMEDIATE_DISCREPANCY,COASTAL_SECURITY_GROUP,96
ENF-2026-01020,22,Dharmapuri,2026-02-04 03:58:34,INTENSIVE_VEHICLE_CHECK,NO_CONTRABAND_FOUND,COASTAL_SECURITY_GROUP,99
ENF-2026-01021,15,Tenkasi,2024-12-20 22:51:55,COASTAL_PATROL_SWEEP,INTERMEDIATE_DISCREPANCY,DISTRICT_SPECIAL_TASK_FORCE,88
ENF-2026-01022,17,Chengalpattu,2025-08-20 03:25:02,HOTEL_LODGE_SURPRISE_INSPECTION,INTERMEDIATE_DISCREPANCY,DISTRICT_SPECIAL_TASK_FORCE,90
ENF-2026-01023,24,Nilgiris,2025-10-12 13:33:50,COASTAL_PATROL_SWEEP,INTERMEDIATE_DISCREPANCY,COASTAL_SECURITY_GROUP,94
ENF-2026-01024,32,Theni,2026-02-09 06:40:01,INTENSIVE_VEHICLE_CHECK,NO_CONTRABAND_FOUND,COASTAL_SECURITY_GROUP,92
ENF-2026-01025,8,Erode,2025-03-19 06:34:45,COASTAL_PATROL_SWEEP,NO_CONTRABAND_FOUND,DISTRICT_SPECIAL_TASK_FORCE,85
ENF-2026-01026,16,Kancheepuram,2025-02-23 22:46:36,COASTAL_PATROL_SWEEP,INTERMEDIATE_DISCREPANCY,DISTRICT_SPECIAL_TASK_FORCE,90
ENF-2026-01027,3,Madurai,2025-10-05 01:35:03,HOTEL_LODGE_SURPRISE_INSPECTION,SEIZURE_REGISTERED,COASTAL_SECURITY_GROUP,93
ENF-2026-01028,14,Kanniyakumari,2026-04-03 23:22:39,COASTAL_PATROL_SWEEP,NO_CONTRABAND_FOUND,DISTRICT_SPECIAL_TASK_FORCE,91
ENF-2026-01029,27,Perambalur,2026-01-09 12:14:27,COASTAL_PATROL_SWEEP,SEIZURE_REGISTERED,PROHIBITION_ENFORCEMENT_WING,93
ENF-2026-01030,22,Dharmapuri,2024-11-08 13:23:25,HOTEL_LODGE_SURPRISE_INSPECTION,SEIZURE_REGISTERED,COASTAL_SECURITY_GROUP,85
ENF-2026-01031,35,Mayiladuthurai,2025-04-24 12:24:05,SPECIAL_CAMPUS_DRIVE,NO_CONTRABAND_FOUND,COASTAL_SECURITY_GROUP,98
ENF-2026-01032,25,Karur,2025-06-03 19:30:44,INTENSIVE_VEHICLE_CHECK,INTERMEDIATE_DISCREPANCY,PROHIBITION_ENFORCEMENT_WING,89
ENF-2026-01033,38,Tiruvannamalai,2025-02-08 10:13:57,INTENSIVE_VEHICLE_CHECK,NO_CONTRABAND_FOUND,PROHIBITION_ENFORCEMENT_WING,87
ENF-2026-01034,26,Ariyalur,2026-06-08 17:20:55,HOTEL_LODGE_SURPRISE_INSPECTION,INTERMEDIATE_DISCREPANCY,DISTRICT_SPECIAL_TASK_FORCE,89
ENF-2026-01035,29,Sivaganga,2025-09-10 06:16:19,HOTEL_LODGE_SURPRISE_INSPECTION,INTERMEDIATE_DISCREPANCY,DISTRICT_SPECIAL_TASK_FORCE,92
ENF-2026-01036,6,Tirunelveli,2026-05-20 21:32:45,SPECIAL_CAMPUS_DRIVE,SEIZURE_REGISTERED,COASTAL_SECURITY_GROUP,88
ENF-2026-01037,1,Chennai,2025-12-30 21:59:44,HOTEL_LODGE_SURPRISE_INSPECTION,SEIZURE_REGISTERED,DISTRICT_SPECIAL_TASK_FORCE,92
ENF-2026-01038,26,Ariyalur,2025-03-27 20:50:04,COASTAL_PATROL_SWEEP,INTERMEDIATE_DISCREPANCY,PROHIBITION_ENFORCEMENT_WING,97
ENF-2026-01039,23,Namakkal,2025-12-09 04:34:24,SPECIAL_CAMPUS_DRIVE,NO_CONTRABAND_FOUND,COASTAL_SECURITY_GROUP,91
ENF-2026-01040,17,Chengalpattu,2025-09-26 18:25:36,INTENSIVE_VEHICLE_CHECK,NO_CONTRABAND_FOUND,COASTAL_SECURITY_GROUP,85
ENF-2026-01041,23,Namakkal,2026-08-05 15:37:46,INTENSIVE_VEHICLE_CHECK,NO_CONTRABAND_FOUND,DISTRICT_SPECIAL_TASK_FORCE,87
ENF-2026-01042,22,Dharmapuri,2025-10-07 21:17:06,SPECIAL_CAMPUS_DRIVE,SEIZURE_REGISTERED,DISTRICT_SPECIAL_TASK_FORCE,90
ENF-2026-01043,12,Thanjavur,2026-01-22 13:48:33,COASTAL_PATROL_SWEEP,INTERMEDIATE_DISCREPANCY,PROHIBITION_ENFORCEMENT_WING,87
ENF-2026-01044,29,Sivaganga,2024-09-20 10:33:00,COASTAL_PATROL_SWEEP,SEIZURE_REGISTERED,COASTAL_SECURITY_GROUP,92
ENF-2026-01045,27,Perambalur,2025-12-01 17:35:51,SPECIAL_CAMPUS_DRIVE,NO_CONTRABAND_FOUND,COASTAL_SECURITY_GROUP,97
ENF-2026-01046,10,Krishnagiri,2025-03-06 22:06:38,COASTAL_PATROL_SWEEP,INTERMEDIATE_DISCREPANCY,PROHIBITION_ENFORCEMENT_WING,98
ENF-2026-01047,20,Viluppuram,2024-11-12 06:22:02,SPECIAL_CAMPUS_DRIVE,SEIZURE_REGISTERED,COASTAL_SECURITY_GROUP,93
ENF-2026-01048,22,Dharmapuri,2026-04-28 06:10:48,COASTAL_PATROL_SWEEP,SEIZURE_REGISTERED,PROHIBITION_ENFORCEMENT_WING,94
ENF-2026-01049,8,Erode,2024-09-21 11:56:02,HOTEL_LODGE_SURPRISE_INSPECTION,INTERMEDIATE_DISCREPANCY,COASTAL_SECURITY_GROUP,95
ENF-2026-01050,4,Salem,2025-01-18 18:52:47,INTENSIVE_VEHICLE_CHECK,NO_CONTRABAND_FOUND,COASTAL_SECURITY_GROUP,93
ENF-2026-01051,21,Kallakurichi,2025-02-08 07:02:51,INTENSIVE_VEHICLE_CHECK,NO_CONTRABAND_FOUND,COASTAL_SECURITY_GROUP,99
ENF-2026-01052,8,Erode,2025-01-22 19:46:09,HOTEL_LODGE_SURPRISE_INSPECTION,NO_CONTRABAND_FOUND,COASTAL_SECURITY_GROUP,93
ENF-2026-01053,33,Thiruvarur,2025-11-16 08:39:02,SPECIAL_CAMPUS_DRIVE,NO_CONTRABAND_FOUND,DISTRICT_SPECIAL_TASK_FORCE,85
ENF-2026-01054,25,Karur,2025-09-18 14:09:04,INTENSIVE_VEHICLE_CHECK,INTERMEDIATE_DISCREPANCY,PROHIBITION_ENFORCEMENT_WING,91
ENF-2026-01055,10,Krishnagiri,2026-02-16 19:10:01,INTENSIVE_VEHICLE_CHECK,SEIZURE_REGISTERED,PROHIBITION_ENFORCEMENT_WING,94
ENF-2026-01056,6,Tirunelveli,2026-01-15 21:41:45,INTENSIVE_VEHICLE_CHECK,NO_CONTRABAND_FOUND,COASTAL_SECURITY_GROUP,85
ENF-2026-01057,3,Madurai,2026-04-29 15:07:24,INTENSIVE_VEHICLE_CHECK,SEIZURE_REGISTERED,PROHIBITION_ENFORCEMENT_WING,92
ENF-2026-01058,31,Virudhunagar,2026-02-11 15:51:52,COASTAL_PATROL_SWEEP,NO_CONTRABAND_FOUND,COASTAL_SECURITY_GROUP,95
ENF-2026-01059,32,Theni,2024-12-08 11:28:13,SPECIAL_CAMPUS_DRIVE,SEIZURE_REGISTERED,DISTRICT_SPECIAL_TASK_FORCE,92
ENF-2026-01060,18,Tiruvallur,2025-09-24 07:29:34,HOTEL_LODGE_SURPRISE_INSPECTION,INTERMEDIATE_DISCREPANCY,COASTAL_SECURITY_GROUP,99
ENF-2026-01061,28,Pudukkottai,2026-01-27 21:38:56,COASTAL_PATROL_SWEEP,SEIZURE_REGISTERED,DISTRICT_SPECIAL_TASK_FORCE,96
ENF-2026-01062,19,Cuddalore,2024-12-03 14:23:31,INTENSIVE_VEHICLE_CHECK,INTERMEDIATE_DISCREPANCY,DISTRICT_SPECIAL_TASK_FORCE,94
ENF-2026-01063,11,Dindigul,2025-09-04 01:03:03,HOTEL_LODGE_SURPRISE_INSPECTION,NO_CONTRABAND_FOUND,PROHIBITION_ENFORCEMENT_WING,85
ENF-2026-01064,1,Chennai,2025-05-06 19:41:43,INTENSIVE_VEHICLE_CHECK,NO_CONTRABAND_FOUND,COASTAL_SECURITY_GROUP,97
ENF-2026-01065,28,Pudukkottai,2024-12-02 10:21:32,COASTAL_PATROL_SWEEP,NO_CONTRABAND_FOUND,DISTRICT_SPECIAL_TASK_FORCE,98
ENF-2026-01066,10,Krishnagiri,2026-02-25 14:00:21,INTENSIVE_VEHICLE_CHECK,NO_CONTRABAND_FOUND,COASTAL_SECURITY_GROUP,91
ENF-2026-01067,35,Mayiladuthurai,2025-05-11 17:28:01,COASTAL_PATROL_SWEEP,NO_CONTRABAND_FOUND,PROHIBITION_ENFORCEMENT_WING,99
ENF-2026-01068,14,Kanniyakumari,2025-07-21 19:26:49,SPECIAL_CAMPUS_DRIVE,NO_CONTRABAND_FOUND,COASTAL_SECURITY_GROUP,88
ENF-2026-01069,38,Tiruvannamalai,2026-05-31 00:43:10,COASTAL_PATROL_SWEEP,SEIZURE_REGISTERED,COASTAL_SECURITY_GROUP,95
ENF-2026-01070,28,Pudukkottai,2025-11-28 21:36:30,HOTEL_LODGE_SURPRISE_INSPECTION,INTERMEDIATE_DISCREPANCY,PROHIBITION_ENFORCEMENT_WING,99
ENF-2026-01071,12,Thanjavur,2025-03-06 20:48:36,SPECIAL_CAMPUS_DRIVE,INTERMEDIATE_DISCREPANCY,COASTAL_SECURITY_GROUP,98
ENF-2026-01072,34,Nagapattinam,2026-03-18 00:15:46,SPECIAL_CAMPUS_DRIVE,SEIZURE_REGISTERED,COASTAL_SECURITY_GROUP,91
ENF-2026-01073,12,Thanjavur,2025-10-05 12:11:28,INTENSIVE_VEHICLE_CHECK,NO_CONTRABAND_FOUND,PROHIBITION_ENFORCEMENT_WING,85
ENF-2026-01074,32,Theni,2026-07-08 20:48:04,INTENSIVE_VEHICLE_CHECK,SEIZURE_REGISTERED,PROHIBITION_ENFORCEMENT_WING,86
ENF-2026-01075,26,Ariyalur,2025-10-17 06:23:06,INTENSIVE_VEHICLE_CHECK,SEIZURE_REGISTERED,DISTRICT_SPECIAL_TASK_FORCE,97
ENF-2026-01076,16,Kancheepuram,2025-04-06 18:51:40,SPECIAL_CAMPUS_DRIVE,SEIZURE_REGISTERED,PROHIBITION_ENFORCEMENT_WING,96
ENF-2026-01077,25,Karur,2025-06-09 01:15:43,COASTAL_PATROL_SWEEP,SEIZURE_REGISTERED,PROHIBITION_ENFORCEMENT_WING,91
ENF-2026-01078,1,Chennai,2024-12-06 10:39:45,SPECIAL_CAMPUS_DRIVE,SEIZURE_REGISTERED,PROHIBITION_ENFORCEMENT_WING,87
ENF-2026-01079,16,Kancheepuram,2026-02-22 11:39:25,SPECIAL_CAMPUS_DRIVE,SEIZURE_REGISTERED,DISTRICT_SPECIAL_TASK_FORCE,85
ENF-2026-01080,4,Salem,2026-06-16 10:53:11,INTENSIVE_VEHICLE_CHECK,NO_CONTRABAND_FOUND,DISTRICT_SPECIAL_TASK_FORCE,90
ENF-2026-01081,29,Sivaganga,2026-04-03 05:29:35,COASTAL_PATROL_SWEEP,INTERMEDIATE_DISCREPANCY,PROHIBITION_ENFORCEMENT_WING,86
ENF-2026-01082,21,Kallakurichi,2025-10-26 18:15:44,HOTEL_LODGE_SURPRISE_INSPECTION,INTERMEDIATE_DISCREPANCY,PROHIBITION_ENFORCEMENT_WING,96
ENF-2026-01083,9,Vellore,2025-04-17 16:56:13,HOTEL_LODGE_SURPRISE_INSPECTION,NO_CONTRABAND_FOUND,COASTAL_SECURITY_GROUP,99
ENF-2026-01084,9,Vellore,2026-04-19 17:26:29,INTENSIVE_VEHICLE_CHECK,INTERMEDIATE_DISCREPANCY,COASTAL_SECURITY_GROUP,87
ENF-2026-01085,26,Ariyalur,2025-10-02 16:47:55,COASTAL_PATROL_SWEEP,INTERMEDIATE_DISCREPANCY,COASTAL_SECURITY_GROUP,88
ENF-2026-01086,13,Thoothukudi,2026-04-12 09:44:58,HOTEL_LODGE_SURPRISE_INSPECTION,SEIZURE_REGISTERED,DISTRICT_SPECIAL_TASK_FORCE,98
ENF-2026-01087,6,Tirunelveli,2025-07-21 15:30:03,SPECIAL_CAMPUS_DRIVE,INTERMEDIATE_DISCREPANCY,COASTAL_SECURITY_GROUP,92
ENF-2026-01088,11,Dindigul,2024-10-25 18:04:36,SPECIAL_CAMPUS_DRIVE,NO_CONTRABAND_FOUND,DISTRICT_SPECIAL_TASK_FORCE,96
ENF-2026-01089,9,Vellore,2025-01-02 12:36:24,COASTAL_PATROL_SWEEP,INTERMEDIATE_DISCREPANCY,DISTRICT_SPECIAL_TASK_FORCE,89
ENF-2026-01090,30,Ramanathapuram,2026-04-04 18:01:42,HOTEL_LODGE_SURPRISE_INSPECTION,INTERMEDIATE_DISCREPANCY,PROHIBITION_ENFORCEMENT_WING,92
ENF-2026-01091,38,Tiruvannamalai,2024-11-09 01:19:45,SPECIAL_CAMPUS_DRIVE,SEIZURE_REGISTERED,COASTAL_SECURITY_GROUP,99
ENF-2026-01092,28,Pudukkottai,2026-03-09 08:08:07,HOTEL_LODGE_SURPRISE_INSPECTION,SEIZURE_REGISTERED,PROHIBITION_ENFORCEMENT_WING,85
ENF-2026-01093,34,Nagapattinam,2024-12-25 12:52:47,COASTAL_PATROL_SWEEP,NO_CONTRABAND_FOUND,DISTRICT_SPECIAL_TASK_FORCE,95
ENF-2026-01094,33,Thiruvarur,2024-12-15 17:30:00,INTENSIVE_VEHICLE_CHECK,NO_CONTRABAND_FOUND,DISTRICT_SPECIAL_TASK_FORCE,95
ENF-2026-01095,29,Sivaganga,2026-04-03 14:10:59,COASTAL_PATROL_SWEEP,INTERMEDIATE_DISCREPANCY,PROHIBITION_ENFORCEMENT_WING,93
ENF-2026-01096,3,Madurai,2024-10-07 04:31:10,INTENSIVE_VEHICLE_CHECK,NO_CONTRABAND_FOUND,PROHIBITION_ENFORCEMENT_WING,97
ENF-2026-01097,31,Virudhunagar,2025-08-07 00:00:32,HOTEL_LODGE_SURPRISE_INSPECTION,SEIZURE_REGISTERED,DISTRICT_SPECIAL_TASK_FORCE,97
ENF-2026-01098,18,Tiruvallur,2025-11-14 16:20:05,SPECIAL_CAMPUS_DRIVE,NO_CONTRABAND_FOUND,DISTRICT_SPECIAL_TASK_FORCE,88
ENF-2026-01099,33,Thiruvarur,2026-04-07 01:32:26,SPECIAL_CAMPUS_DRIVE,INTERMEDIATE_DISCREPANCY,DISTRICT_SPECIAL_TASK_FORCE,85
ENF-2026-01100,9,Vellore,2026-01-20 00:48:29,INTENSIVE_VEHICLE_CHECK,INTERMEDIATE_DISCREPANCY,COASTAL_SECURITY_GROUP,93