signal_id,district_id,district_name,event_timestamp,signal_source,drug_category,risk_indicator,confidence_score,lifecycle_state,is_first_time_signal
SIG-TN-00001,2,Coimbatore,2025-11-20 20:04:10,POLICE_INVESTIGATION,OPIOID_ANALOGUES,HIGH_PREVENTIVE_ATTENTION,87,RECURRENT_PATTERN,0
SIG-TN-00002,38,Tiruvannamalai,2024-09-24 17:30:37,CITIZEN_AGGREGATE,PRESCRIPTION_NARCOTICS,EMERGING,81,RECURRENT_PATTERN,0
SIG-TN-00003,11,Dindigul,2026-07-08 16:50:37,HEALTH_ANOMALY,PRESCRIPTION_NARCOTICS,INCREASING,86,RECURRENT_PATTERN,0
SIG-TN-00004,29,Sivaganga,2026-03-13 03:29:44,CITIZEN_AGGREGATE,UNKNOWN_CONTRABAND,HIGH_PREVENTIVE_ATTENTION,75,RECURRENT_PATTERN,0
SIG-TN-00005,22,Dharmapuri,2026-05-24 01:11:17,POLICE_INVESTIGATION,SYNTHETIC_MDMA,EMERGING,67,RECURRENT_PATTERN,0
SIG-TN-00006,34,Nagapattinam,2025-06-18 21:02:14,CHECKPOST_TELEMETRY,PRESCRIPTION_NARCOTICS,INCREASING,90,RECURRENT_PATTERN,0
SIG-TN-00007,4,Salem,2025-01-14 13:28:29,POLICE_INVESTIGATION,OPIOID_ANALOGUES,HIGH_PREVENTIVE_ATTENTION,96,RECURRENT_PATTERN,0
SIG-TN-00008,28,Pudukkottai,2024-11-23 09:04:25,CITIZEN_AGGREGATE,COMMERCIAL_GANJA,HIGH_PREVENTIVE_ATTENTION,71,RECURRENT_PATTERN,0
SIG-TN-00009,31,Virudhunagar,2024-12-05 00:15:45,CITIZEN_AGGREGATE,OPIOID_ANALOGUES,WATCH,88,RECURRENT_PATTERN,0
SIG-TN-00010,19,Cuddalore,2024-12-30 05:57:14,CHECKPOST_TELEMETRY,UNKNOWN_CONTRABAND,HIGH_PREVENTIVE_ATTENTION,88,FIRST_TIME_SIGNAL,1
SIG-TN-00011,2,Coimbatore,2026-05-11 16:19:36,CITIZEN_AGGREGATE,SYNTHETIC_MDMA,EMERGING,89,RECURRENT_PATTERN,0
SIG-TN-00012,10,Krishnagiri,2025-09-03 21:12:41,HEALTH_ANOMALY,UNKNOWN_CONTRABAND,WATCH,72,RECURRENT_PATTERN,0
SIG-TN-00013,18,Tiruvallur,2024-09-28 07:11:31,POLICE_INVESTIGATION,UNKNOWN_CONTRABAND,WATCH,68,RECURRENT_PATTERN,0
SIG-TN-00014,31,Virudhunagar,2025-12-14 10:45:11,CITIZEN_AGGREGATE,UNKNOWN_CONTRABAND,WATCH,69,RECURRENT_PATTERN,0
SIG-TN-00015,38,Tiruvannamalai,2026-06-14 13:39:21,CHECKPOST_TELEMETRY,CHEMICAL_PRECURSORS,HIGH_PREVENTIVE_ATTENTION,85,RECURRENT_PATTERN,0
SIG-TN-00016,10,Krishnagiri,2026-03-21 20:36:40,HEALTH_ANOMALY,CHEMICAL_PRECURSORS,INCREASING,66,RECURRENT_PATTERN,0
SIG-TN-00017,8,Erode,2025-04-30 06:12:53,CHECKPOST_TELEMETRY,SYNTHETIC_MDMA,EMERGING,90,RECURRENT_PATTERN,0
SIG-TN-00018,19,Cuddalore,2026-03-03 18:05:07,HEALTH_ANOMALY,CHEMICAL_PRECURSORS,INCREASING,81,RECURRENT_PATTERN,0
SIG-TN-00019,25,Karur,2025-10-20 07:10:08,CITIZEN_AGGREGATE,CHEMICAL_PRECURSORS,WATCH,70,FIRST_TIME_SIGNAL,1
SIG-TN-00020,12,Thanjavur,2026-03-04 19:30:33,CHECKPOST_TELEMETRY,COMMERCIAL_GANJA,INCREASING,83,RECURRENT_PATTERN,0
SIG-TN-00021,5,Tiruchirappalli,2026-01-03 08:02:43,CITIZEN_AGGREGATE,COMMERCIAL_GANJA,HIGH_PREVENTIVE_ATTENTION,81,RECURRENT_PATTERN,0
SIG-TN-00022,1,Chennai,2024-09-30 18:11:27,POLICE_INVESTIGATION,SYNTHETIC_MDMA,EMERGING,72,RECURRENT_PATTERN,0
SIG-TN-00023,29,Sivaganga,2026-05-17 05:49:57,HEALTH_ANOMALY,UNKNOWN_CONTRABAND,EMERGING,83,RECURRENT_PATTERN,0
SIG-TN-00024,34,Nagapattinam,2024-11-05 19:49:43,CHECKPOST_TELEMETRY,PRESCRIPTION_NARCOTICS,HIGH_PREVENTIVE_ATTENTION,66,RECURRENT_PATTERN,0
SIG-TN-00025,3,Madurai,2025-11-27 19:02:42,POLICE_INVESTIGATION,CHEMICAL_PRECURSORS,WATCH,87,RECURRENT_PATTERN,0
SIG-TN-00026,23,Namakkal,2026-04-06 07:05:36,HEALTH_ANOMALY,UNKNOWN_CONTRABAND,EMERGING,94,RECURRENT_PATTERN,0
SIG-TN-00027,13,Thoothukudi,2025-03-19 16:11:08,HEALTH_ANOMALY,SYNTHETIC_MDMA,INCREASING,80,RECURRENT_PATTERN,0
SIG-TN-00028,10,Krishnagiri,2026-01-21 19:28:27,POLICE_INVESTIGATION,UNKNOWN_CONTRABAND,HIGH_PREVENTIVE_ATTENTION,66,RECURRENT_PATTERN,0
SIG-TN-00029,17,Chengalpattu,2026-02-13 00:39:24,CITIZEN_AGGREGATE,SYNTHETIC_MDMA,EMERGING,84,RECURRENT_PATTERN,0
SIG-TN-00030,26,Ariyalur,2025-04-17 23:02:15,POLICE_INVESTIGATION,OPIOID_ANALOGUES,INCREASING,70,FIRST_TIME_SIGNAL,1
SIG-TN-00031,7,Tiruppur,2025-06-01 00:36:00,CITIZEN_AGGREGATE,PRESCRIPTION_NARCOTICS,HIGH_PREVENTIVE_ATTENTION,84,RECURRENT_PATTERN,0
SIG-TN-00032,29,Sivaganga,2025-07-10 19:26:01,CITIZEN_AGGREGATE,COMMERCIAL_GANJA,EMERGING,79,RECURRENT_PATTERN,0
SIG-TN-00033,37,Tirupathur,2025-05-08 15:14:25,POLICE_INVESTIGATION,COMMERCIAL_GANJA,EMERGING,90,RECURRENT_PATTERN,0
SIG-TN-00034,26,Ariyalur,2026-06-23 04:40:24,HEALTH_ANOMALY,SYNTHETIC_MDMA,EMERGING,94,RECURRENT_PATTERN,0
SIG-TN-00035,22,Dharmapuri,2025-01-24 08:57:07,POLICE_INVESTIGATION,SYNTHETIC_MDMA,EMERGING,81,RECURRENT_PATTERN,0
SIG-TN-00036,32,Theni,2026-07-13 11:10:53,POLICE_INVESTIGATION,COMMERCIAL_GANJA,WATCH,77,RECURRENT_PATTERN,0
SIG-TN-00037,12,Thanjavur,2024-12-26 01:58:18,POLICE_INVESTIGATION,SYNTHETIC_MDMA,HIGH_PREVENTIVE_ATTENTION,67,RECURRENT_PATTERN,0
SIG-TN-00038,24,Nilgiris,2026-03-18 13:46:58,CITIZEN_AGGREGATE,SYNTHETIC_MDMA,EMERGING,95,RECURRENT_PATTERN,0
SIG-TN-00039,13,Thoothukudi,2024-09-22 10:05:59,CHECKPOST_TELEMETRY,SYNTHETIC_MDMA,HIGH_PREVENTIVE_ATTENTION,89,RECURRENT_PATTERN,0
SIG-TN-00040,25,Karur,2026-04-27 01:53:51,POLICE_INVESTIGATION,UNKNOWN_CONTRABAND,HIGH_PREVENTIVE_ATTENTION,87,RECURRENT_PATTERN,0
SIG-TN-00041,17,Chengalpattu,2025-02-04 03:59:20,CITIZEN_AGGREGATE,COMMERCIAL_GANJA,HIGH_PREVENTIVE_ATTENTION,74,RECURRENT_PATTERN,0
SIG-TN-00042,9,Vellore,2025-06-15 04:54:19,CHECKPOST_TELEMETRY,CHEMICAL_PRECURSORS,HIGH_PREVENTIVE_ATTENTION,78,RECURRENT_PATTERN,0
SIG-TN-00043,12,Thanjavur,2025-02-17 04:32:44,HEALTH_ANOMALY,UNKNOWN_CONTRABAND,EMERGING,89,RECURRENT_PATTERN,0
SIG-TN-00044,11,Dindigul,2026-02-28 10:48:19,CHECKPOST_TELEMETRY,OPIOID_ANALOGUES,WATCH,65,RECURRENT_PATTERN,0
SIG-TN-00045,3,Madurai,2026-05-22 08:22:06,CHECKPOST_TELEMETRY,UNKNOWN_CONTRABAND,EMERGING,96,RECURRENT_PATTERN,0
SIG-TN-00046,5,Tiruchirappalli,2025-07-14 09:05:25,HEALTH_ANOMALY,COMMERCIAL_GANJA,HIGH_PREVENTIVE_ATTENTION,78,FIRST_TIME_SIGNAL,1
SIG-TN-00047,33,Thiruvarur,2025-01-16 13:00:58,POLICE_INVESTIGATION,UNKNOWN_CONTRABAND,HIGH_PREVENTIVE_ATTENTION,73,RECURRENT_PATTERN,0
SIG-TN-00048,37,Tirupathur,2026-06-09 08:44:32,CHECKPOST_TELEMETRY,CHEMICAL_PRECURSORS,WATCH,88,RECURRENT_PATTERN,0
SIG-TN-00049,2,Coimbatore,2025-02-07 16:34:45,HEALTH_ANOMALY,COMMERCIAL_GANJA,WATCH,88,RECURRENT_PATTERN,0
SIG-TN-00050,34,Nagapattinam,2025-10-01 03:14:01,POLICE_INVESTIGATION,CHEMICAL_PRECURSORS,HIGH_PREVENTIVE_ATTENTION,82,RECURRENT_PATTERN,0
SIG-TN-00051,1,Chennai,2025-10-19 11:29:56,POLICE_INVESTIGATION,CHEMICAL_PRECURSORS,EMERGING,95,RECURRENT_PATTERN,0
SIG-TN-00052,9,Vellore,2025-09-08 00:23:59,HEALTH_ANOMALY,SYNTHETIC_MDMA,WATCH,73,RECURRENT_PATTERN,0
SIG-TN-00053,2,Coimbatore,2026-04-19 12:02:20,CITIZEN_AGGREGATE,SYNTHETIC_MDMA,INCREASING,89,RECURRENT_PATTERN,0
SIG-TN-00054,12,Thanjavur,2025-12-21 08:46:14,CHECKPOST_TELEMETRY,COMMERCIAL_GANJA,HIGH_PREVENTIVE_ATTENTION,79,RECURRENT_PATTERN,0
SIG-TN-00055,21,Kallakurichi,2026-08-19 13:18:53,POLICE_INVESTIGATION,PRESCRIPTION_NARCOTICS,WATCH,88,RECURRENT_PATTERN,0
SIG-TN-00056,14,Kanniyakumari,2025-09-19 17:57:07,HEALTH_ANOMALY,UNKNOWN_CONTRABAND,INCREASING,69,RECURRENT_PATTERN,0
SIG-TN-00057,25,Karur,2025-03-18 04:02:22,POLICE_INVESTIGATION,PRESCRIPTION_NARCOTICS,HIGH_PREVENTIVE_ATTENTION,78,RECURRENT_PATTERN,0
SIG-TN-00058,26,Ariyalur,2024-12-20 21:30:35,CITIZEN_AGGREGATE,SYNTHETIC_MDMA,INCREASING,96,RECURRENT_PATTERN,0
SIG-TN-00059,24,Nilgiris,2026-07-04 07:52:38,CITIZEN_AGGREGATE,COMMERCIAL_GANJA,HIGH_PREVENTIVE_ATTENTION,85,RECURRENT_PATTERN,0
SIG-TN-00060,24,Nilgiris,2025-08-08 21:33:18,HEALTH_ANOMALY,SYNTHETIC_MDMA,INCREASING,86,RECURRENT_PATTERN,0
SIG-TN-00061,29,Sivaganga,2025-08-09 00:24:40,HEALTH_ANOMALY,COMMERCIAL_GANJA,WATCH,71,RECURRENT_PATTERN,0
SIG-TN-00062,10,Krishnagiri,2026-07-22 00:36:08,HEALTH_ANOMALY,UNKNOWN_CONTRABAND,WATCH,80,RECURRENT_PATTERN,0
SIG-TN-00063,29,Sivaganga,2024-12-25 00:58:51,CITIZEN_AGGREGATE,PRESCRIPTION_NARCOTICS,INCREASING,83,RECURRENT_PATTERN,0
SIG-TN-00064,11,Dindigul,2026-07-06 15:13:37,CITIZEN_AGGREGATE,OPIOID_ANALOGUES,INCREASING,79,RECURRENT_PATTERN,0
SIG-TN-00065,21,Kallakurichi,2026-02-18 23:57:28,CITIZEN_AGGREGATE,UNKNOWN_CONTRABAND,INCREASING,80,RECURRENT_PATTERN,0
SIG-TN-00066,3,Madurai,2025-01-31 10:55:24,HEALTH_ANOMALY,CHEMICAL_PRECURSORS,HIGH_PREVENTIVE_ATTENTION,95,RECURRENT_PATTERN,0
SIG-TN-00067,1,Chennai,2025-03-08 05:12:29,HEALTH_ANOMALY,SYNTHETIC_MDMA,EMERGING,80,RECURRENT_PATTERN,0
SIG-TN-00068,15,Tenkasi,2026-06-20 06:43:08,CHECKPOST_TELEMETRY,PRESCRIPTION_NARCOTICS,INCREASING,71,RECURRENT_PATTERN,0
SIG-TN-00069,38,Tiruvannamalai,2026-02-08 07:57:11,HEALTH_ANOMALY,CHEMICAL_PRECURSORS,HIGH_PREVENTIVE_ATTENTION,87,RECURRENT_PATTERN,0
SIG-TN-00070,14,Kanniyakumari,2026-03-03 06:52:30,CHECKPOST_TELEMETRY,CHEMICAL_PRECURSORS,INCREASING,66,RECURRENT_PATTERN,0
SIG-TN-00071,15,Tenkasi,2024-12-28 05:22:07,POLICE_INVESTIGATION,COMMERCIAL_GANJA,WATCH,95,RECURRENT_PATTERN,0
SIG-TN-00072,24,Nilgiris,2026-05-05 09:16:13,POLICE_INVESTIGATION,SYNTHETIC_MDMA,EMERGING,85,FIRST_TIME_SIGNAL,1
SIG-TN-00073,11,Dindigul,2025-08-13 15:03:49,POLICE_INVESTIGATION,OPIOID_ANALOGUES,INCREASING,93,RECURRENT_PATTERN,0
SIG-TN-00074,11,Dindigul,2026-04-26 16:14:26,HEALTH_ANOMALY,CHEMICAL_PRECURSORS,INCREASING,86,FIRST_TIME_SIGNAL,1
SIG-TN-00075,33,Thiruvarur,2025-05-14 16:44:46,HEALTH_ANOMALY,SYNTHETIC_MDMA,HIGH_PREVENTIVE_ATTENTION,89,RECURRENT_PATTERN,0
SIG-TN-00076,6,Tirunelveli,2025-04-30 09:06:06,POLICE_INVESTIGATION,CHEMICAL_PRECURSORS,WATCH,92,FIRST_TIME_SIGNAL,1
SIG-TN-00077,34,Nagapattinam,2025-01-23 15:49:50,POLICE_INVESTIGATION,SYNTHETIC_MDMA,WATCH,92,RECURRENT_PATTERN,0
SIG-TN-00078,21,Kallakurichi,2024-10-05 08:57:45,HEALTH_ANOMALY,PRESCRIPTION_NARCOTICS,INCREASING,89,FIRST_TIME_SIGNAL,1
SIG-TN-00079,11,Dindigul,2025-06-18 04:38:24,CITIZEN_AGGREGATE,OPIOID_ANALOGUES,INCREASING,66,RECURRENT_PATTERN,0
SIG-TN-00080,18,Tiruvallur,2026-04-28 18:46:59,HEALTH_ANOMALY,COMMERCIAL_GANJA,HIGH_PREVENTIVE_ATTENTION,67,RECURRENT_PATTERN,0
SIG-TN-00081,38,Tiruvannamalai,2025-02-24 06:00:32,CHECKPOST_TELEMETRY,CHEMICAL_PRECURSORS,EMERGING,70,RECURRENT_PATTERN,0
SIG-TN-00082,35,Mayiladuthurai,2025-04-17 02:02:34,CHECKPOST_TELEMETRY,PRESCRIPTION_NARCOTICS,INCREASING,87,RECURRENT_PATTERN,0
SIG-TN-00083,26,Ariyalur,2025-12-22 23:48:07,HEALTH_ANOMALY,OPIOID_ANALOGUES,INCREASING,90,RECURRENT_PATTERN,0
SIG-TN-00084,22,Dharmapuri,2025-12-08 14:25:01,CITIZEN_AGGREGATE,PRESCRIPTION_NARCOTICS,WATCH,65,RECURRENT_PATTERN,0
SIG-TN-00085,31,Virudhunagar,2026-02-10 21:53:05,CHECKPOST_TELEMETRY,PRESCRIPTION_NARCOTICS,INCREASING,91,RECURRENT_PATTERN,0
SIG-TN-00086,21,Kallakurichi,2026-07-20 02:05:12,CHECKPOST_TELEMETRY,CHEMICAL_PRECURSORS,HIGH_PREVENTIVE_ATTENTION,71,RECURRENT_PATTERN,0
SIG-TN-00087,34,Nagapattinam,2025-01-12 20:39:37,CHECKPOST_TELEMETRY,CHEMICAL_PRECURSORS,INCREASING,89,RECURRENT_PATTERN,0
SIG-TN-00088,35,Mayiladuthurai,2024-09-26 09:39:09,HEALTH_ANOMALY,CHEMICAL_PRECURSORS,HIGH_PREVENTIVE_ATTENTION,79,RECURRENT_PATTERN,0
SIG-TN-00089,17,Chengalpattu,2026-05-16 15:05:19,HEALTH_ANOMALY,OPIOID_ANALOGUES,WATCH,94,FIRST_TIME_SIGNAL,1
SIG-TN-00090,12,Thanjavur,2025-12-20 07:06:22,POLICE_INVESTIGATION,COMMERCIAL_GANJA,INCREASING,94,RECURRENT_PATTERN,0
SIG-TN-00091,16,Kancheepuram,2026-02-15 21:21:25,POLICE_INVESTIGATION,SYNTHETIC_MDMA,EMERGING,68,RECURRENT_PATTERN,0
SIG-TN-00092,33,Thiruvarur,2025-10-22 22:56:13,POLICE_INVESTIGATION,UNKNOWN_CONTRABAND,HIGH_PREVENTIVE_ATTENTION,83,RECURRENT_PATTERN,0
SIG-TN-00093,18,Tiruvallur,2025-01-31 13:23:31,HEALTH_ANOMALY,UNKNOWN_CONTRABAND,EMERGING,91,RECURRENT_PATTERN,0
SIG-TN-00094,19,Cuddalore,2024-10-20 04:48:25,CHECKPOST_TELEMETRY,PRESCRIPTION_NARCOTICS,WATCH,73,RECURRENT_PATTERN,0
SIG-TN-00095,37,Tirupathur,2025-09-26 16:40:01,POLICE_INVESTIGATION,COMMERCIAL_GANJA,WATCH,71,RECURRENT_PATTERN,0
SIG-TN-00096,1,Chennai,2025-04-24 17:03:05,CITIZEN_AGGREGATE,UNKNOWN_CONTRABAND,WATCH,89,RECURRENT_PATTERN,0
SIG-TN-00097,26,Ariyalur,2025-02-13 05:22:45,POLICE_INVESTIGATION,SYNTHETIC_MDMA,EMERGING,65,RECURRENT_PATTERN,0
SIG-TN-00098,4,Salem,2024-12-05 02:32:40,POLICE_INVESTIGATION,PRESCRIPTION_NARCOTICS,EMERGING,71,RECURRENT_PATTERN,0
SIG-TN-00099,16,Kancheepuram,2025-03-03 07:02:34,CITIZEN_AGGREGATE,COMMERCIAL_GANJA,HIGH_PREVENTIVE_ATTENTION,66,RECURRENT_PATTERN,0
SIG-TN-00100,38,Tiruvannamalai,2025-12-27 09:12:35,CITIZEN_AGGREGATE,SYNTHETIC_MDMA,INCREASING,74,RECURRENT_PATTERN,0
SIG-TN-00101,18,Tiruvallur,2024-12-10 04:28:55,HEALTH_ANOMALY,OPIOID_ANALOGUES,INCREASING,73,RECURRENT_PATTERN,0
SIG-TN-00102,9,Vellore,2025-04-15 10:20:21,CHECKPOST_TELEMETRY,PRESCRIPTION_NARCOTICS,EMERGING,72,RECURRENT_PATTERN,0
SIG-TN-00103,8,Erode,2026-06-03 10:34:34,POLICE_INVESTIGATION,UNKNOWN_CONTRABAND,EMERGING,83,RECURRENT_PATTERN,0
SIG-TN-00104,36,Ranipet,2024-10-12 10:07:59,HEALTH_ANOMALY,SYNTHETIC_MDMA,INCREASING,72,RECURRENT_PATTERN,0
SIG-TN-00105,11,Dindigul,2025-03-24 00:32:55,HEALTH_ANOMALY,PRESCRIPTION_NARCOTICS,HIGH_PREVENTIVE_ATTENTION,87,RECURRENT_PATTERN,0
SIG-TN-00106,6,Tirunelveli,2026-01-26 00:58:55,CHECKPOST_TELEMETRY,UNKNOWN_CONTRABAND,INCREASING,85,RECURRENT_PATTERN,0
SIG-TN-00107,29,Sivaganga,2024-10-23 13:04:03,CHECKPOST_TELEMETRY,CHEMICAL_PRECURSORS,INCREASING,92,RECURRENT_PATTERN,0
SIG-TN-00108,2,Coimbatore,2025-06-13 20:07:57,CHECKPOST_TELEMETRY,PRESCRIPTION_NARCOTICS,WATCH,74,RECURRENT_PATTERN,0
SIG-TN-00109,1,Chennai,2025-06-25 01:11:41,CHECKPOST_TELEMETRY,COMMERCIAL_GANJA,WATCH,85,RECURRENT_PATTERN,0
SIG-TN-00110,1,Chennai,2026-01-28 21:54:21,HEALTH_ANOMALY,CHEMICAL_PRECURSORS,WATCH,75,RECURRENT_PATTERN,0
SIG-TN-00111,12,Thanjavur,2025-11-13 04:45:41,HEALTH_ANOMALY,CHEMICAL_PRECURSORS,INCREASING,95,RECURRENT_PATTERN,0
SIG-TN-00112,9,Vellore,2026-08-19 14:22:11,POLICE_INVESTIGATION,UNKNOWN_CONTRABAND,WATCH,80,RECURRENT_PATTERN,0
SIG-TN-00113,32,Theni,2025-05-13 04:07:15,POLICE_INVESTIGATION,CHEMICAL_PRECURSORS,EMERGING,79,RECURRENT_PATTERN,0
SIG-TN-00114,32,Theni,2026-04-10 22:05:22,POLICE_INVESTIGATION,SYNTHETIC_MDMA,INCREASING,81,FIRST_TIME_SIGNAL,1
SIG-TN-00115,10,Krishnagiri,2025-07-13 04:20:39,POLICE_INVESTIGATION,SYNTHETIC_MDMA,INCREASING,74,RECURRENT_PATTERN,0
SIG-TN-00116,22,Dharmapuri,2024-10-11 03:14:01,CHECKPOST_TELEMETRY,SYNTHETIC_MDMA,EMERGING,90,RECURRENT_PATTERN,0
SIG-TN-00117,3,Madurai,2025-01-15 21:56:06,POLICE_INVESTIGATION,UNKNOWN_CONTRABAND,HIGH_PREVENTIVE_ATTENTION,77,RECURRENT_PATTERN,0
SIG-TN-00118,33,Thiruvarur,2025-07-19 12:32:38,HEALTH_ANOMALY,CHEMICAL_PRECURSORS,EMERGING,91,RECURRENT_PATTERN,0
SIG-TN-00119,38,Tiruvannamalai,2025-06-06 02:22:26,POLICE_INVESTIGATION,COMMERCIAL_GANJA,HIGH_PREVENTIVE_ATTENTION,91,RECURRENT_PATTERN,0
SIG-TN-00120,1,Chennai,2025-08-09 19:05:51,CITIZEN_AGGREGATE,CHEMICAL_PRECURSORS,WATCH,90,RECURRENT_PATTERN,0
SIG-TN-00121,37,Tirupathur,2025-09-16 01:10:08,HEALTH_ANOMALY,COMMERCIAL_GANJA,INCREASING,91,RECURRENT_PATTERN,0
SIG-TN-00122,26,Ariyalur,2025-01-04 12:11:35,POLICE_INVESTIGATION,UNKNOWN_CONTRABAND,HIGH_PREVENTIVE_ATTENTION,87,RECURRENT_PATTERN,0
SIG-TN-00123,7,Tiruppur,2024-10-19 20:04:15,CITIZEN_AGGREGATE,COMMERCIAL_GANJA,INCREASING,77,RECURRENT_PATTERN,0
SIG-TN-00124,29,Sivaganga,2025-07-21 22:14:32,CHECKPOST_TELEMETRY,OPIOID_ANALOGUES,WATCH,67,RECURRENT_PATTERN,0
SIG-TN-00125,18,Tiruvallur,2025-05-29 05:55:02,CHECKPOST_TELEMETRY,COMMERCIAL_GANJA,HIGH_PREVENTIVE_ATTENTION,95,RECURRENT_PATTERN,0
SIG-TN-00126,35,Mayiladuthurai,2025-09-20 18:20:32,POLICE_INVESTIGATION,SYNTHETIC_MDMA,HIGH_PREVENTIVE_ATTENTION,72,FIRST_TIME_SIGNAL,1
SIG-TN-00127,29,Sivaganga,2024-12-16 14:34:40,CHECKPOST_TELEMETRY,SYNTHETIC_MDMA,INCREASING,66,RECURRENT_PATTERN,0
SIG-TN-00128,26,Ariyalur,2025-11-01 10:23:33,POLICE_INVESTIGATION,PRESCRIPTION_NARCOTICS,WATCH,92,RECURRENT_PATTERN,0
SIG-TN-00129,27,Perambalur,2025-09-29 18:01:06,HEALTH_ANOMALY,CHEMICAL_PRECURSORS,WATCH,71,RECURRENT_PATTERN,0
SIG-TN-00130,13,Thoothukudi,2025-08-30 04:13:59,CITIZEN_AGGREGATE,COMMERCIAL_GANJA,INCREASING,79,RECURRENT_PATTERN,0
SIG-TN-00131,1,Chennai,2025-02-16 16:18:06,CITIZEN_AGGREGATE,OPIOID_ANALOGUES,WATCH,67,RECURRENT_PATTERN,0
SIG-TN-00132,33,Thiruvarur,2025-12-21 22:58:24,CITIZEN_AGGREGATE,CHEMICAL_PRECURSORS,EMERGING,68,RECURRENT_PATTERN,0
SIG-TN-00133,36,Ranipet,2026-02-02 05:36:22,CHECKPOST_TELEMETRY,COMMERCIAL_GANJA,HIGH_PREVENTIVE_ATTENTION,83,RECURRENT_PATTERN,0
SIG-TN-00134,25,Karur,2024-12-27 17:09:01,CHECKPOST_TELEMETRY,COMMERCIAL_GANJA,WATCH,74,RECURRENT_PATTERN,0
SIG-TN-00135,22,Dharmapuri,2025-03-02 06:59:39,CITIZEN_AGGREGATE,COMMERCIAL_GANJA,INCREASING,78,RECURRENT_PATTERN,0
SIG-TN-00136,11,Dindigul,2025-06-02 04:48:08,CHECKPOST_TELEMETRY,PRESCRIPTION_NARCOTICS,EMERGING,88,RECURRENT_PATTERN,0
SIG-TN-00137,33,Thiruvarur,2025-03-16 00:23:26,CITIZEN_AGGREGATE,COMMERCIAL_GANJA,INCREASING,76,RECURRENT_PATTERN,0
SIG-TN-00138,21,Kallakurichi,2025-09-28 04:16:49,HEALTH_ANOMALY,PRESCRIPTION_NARCOTICS,HIGH_PREVENTIVE_ATTENTION,70,RECURRENT_PATTERN,0
SIG-TN-00139,28,Pudukkottai,2025-11-06 00:00:56,CITIZEN_AGGREGATE,CHEMICAL_PRECURSORS,INCREASING,85,RECURRENT_PATTERN,0
SIG-TN-00140,2,Coimbatore,2025-10-13 09:34:55,POLICE_INVESTIGATION,UNKNOWN_CONTRABAND,INCREASING,66,RECURRENT_PATTERN,0
SIG-TN-00141,18,Tiruvallur,2025-01-15 06:02:48,CHECKPOST_TELEMETRY,OPIOID_ANALOGUES,INCREASING,84,RECURRENT_PATTERN,0
SIG-TN-00142,21,Kallakurichi,2026-01-23 03:54:29,HEALTH_ANOMALY,CHEMICAL_PRECURSORS,HIGH_PREVENTIVE_ATTENTION,79,RECURRENT_PATTERN,0
SIG-TN-00143,28,Pudukkottai,2026-06-24 01:05:19,POLICE_INVESTIGATION,SYNTHETIC_MDMA,WATCH,68,RECURRENT_PATTERN,0
SIG-TN-00144,38,Tiruvannamalai,2026-04-25 09:51:55,HEALTH_ANOMALY,SYNTHETIC_MDMA,EMERGING,74,FIRST_TIME_SIGNAL,1
SIG-TN-00145,35,Mayiladuthurai,2025-03-11 11:39:42,CHECKPOST_TELEMETRY,UNKNOWN_CONTRABAND,INCREASING,78,RECURRENT_PATTERN,0
SIG-TN-00146,10,Krishnagiri,2026-05-06 01:51:16,CHECKPOST_TELEMETRY,COMMERCIAL_GANJA,HIGH_PREVENTIVE_ATTENTION,65,RECURRENT_PATTERN,0
SIG-TN-00147,15,Tenkasi,2025-03-12 09:21:52,POLICE_INVESTIGATION,PRESCRIPTION_NARCOTICS,INCREASING,77,RECURRENT_PATTERN,0
SIG-TN-00148,22,Dharmapuri,2026-07-27 22:02:12,CHECKPOST_TELEMETRY,UNKNOWN_CONTRABAND,WATCH,68,RECURRENT_PATTERN,0
SIG-TN-00149,33,Thiruvarur,2026-04-27 04:24:56,CITIZEN_AGGREGATE,CHEMICAL_PRECURSORS,INCREASING,70,RECURRENT_PATTERN,0
SIG-TN-00150,36,Ranipet,2024-10-19 23:14:03,HEALTH_ANOMALY,CHEMICAL_PRECURSORS,EMERGING,96,RECURRENT_PATTERN,0
SIG-TN-00151,24,Nilgiris,2025-12-21 20:59:20,CHECKPOST_TELEMETRY,PRESCRIPTION_NARCOTICS,WATCH,68,FIRST_TIME_SIGNAL,1
SIG-TN-00152,6,Tirunelveli,2024-11-16 20:16:46,CHECKPOST_TELEMETRY,CHEMICAL_PRECURSORS,EMERGING,71,RECURRENT_PATTERN,0
SIG-TN-00153,32,Theni,2025-06-01 12:52:14,HEALTH_ANOMALY,UNKNOWN_CONTRABAND,HIGH_PREVENTIVE_ATTENTION,75,RECURRENT_PATTERN,0
SIG-TN-00154,1,Chennai,2026-04-04 12:41:26,CITIZEN_AGGREGATE,OPIOID_ANALOGUES,INCREASING,69,RECURRENT_PATTERN,0
SIG-TN-00155,27,Perambalur,2026-01-19 22:09:50,HEALTH_ANOMALY,COMMERCIAL_GANJA,EMERGING,93,RECURRENT_PATTERN,0
SIG-TN-00156,17,Chengalpattu,2026-03-18 23:05:59,CITIZEN_AGGREGATE,PRESCRIPTION_NARCOTICS,WATCH,66,RECURRENT_PATTERN,0
SIG-TN-00157,4,Salem,2025-04-30 02:50:25,HEALTH_ANOMALY,SYNTHETIC_MDMA,EMERGING,76,RECURRENT_PATTERN,0
SIG-TN-00158,37,Tirupathur,2026-01-04 01:59:43,POLICE_INVESTIGATION,UNKNOWN_CONTRABAND,WATCH,80,RECURRENT_PATTERN,0
SIG-TN-00159,32,Theni,2025-12-21 14:38:32,CHECKPOST_TELEMETRY,PRESCRIPTION_NARCOTICS,EMERGING,76,RECURRENT_PATTERN,0
SIG-TN-00160,35,Mayiladuthurai,2026-03-29 04:26:28,CITIZEN_AGGREGATE,COMMERCIAL_GANJA,HIGH_PREVENTIVE_ATTENTION,86,RECURRENT_PATTERN,0
SIG-TN-00161,21,Kallakurichi,2024-12-08 21:47:18,CITIZEN_AGGREGATE,CHEMICAL_PRECURSORS,EMERGING,75,RECURRENT_PATTERN,0
SIG-TN-00162,18,Tiruvallur,2024-11-20 10:21:29,POLICE_INVESTIGATION,SYNTHETIC_MDMA,HIGH_PREVENTIVE_ATTENTION,71,RECURRENT_PATTERN,0
SIG-TN-00163,33,Thiruvarur,2026-04-12 08:49:54,CHECKPOST_TELEMETRY,OPIOID_ANALOGUES,INCREASING,92,FIRST_TIME_SIGNAL,1
SIG-TN-00164,15,Tenkasi,2025-09-08 18:07:57,CHECKPOST_TELEMETRY,OPIOID_ANALOGUES,HIGH_PREVENTIVE_ATTENTION,88,FIRST_TIME_SIGNAL,1
SIG-TN-00165,35,Mayiladuthurai,2026-08-07 16:33:38,HEALTH_ANOMALY,CHEMICAL_PRECURSORS,WATCH,81,RECURRENT_PATTERN,0
SIG-TN-00166,17,Chengalpattu,2024-10-17 03:36:21,HEALTH_ANOMALY,CHEMICAL_PRECURSORS,HIGH_PREVENTIVE_ATTENTION,84,RECURRENT_PATTERN,0
SIG-TN-00167,2,Coimbatore,2026-07-23 10:36:26,CITIZEN_AGGREGATE,UNKNOWN_CONTRABAND,WATCH,88,RECURRENT_PATTERN,0
SIG-TN-00168,3,Madurai,2024-11-25 03:52:56,POLICE_INVESTIGATION,SYNTHETIC_MDMA,HIGH_PREVENTIVE_ATTENTION,72,RECURRENT_PATTERN,0
SIG-TN-00169,33,Thiruvarur,2025-02-06 01:12:29,HEALTH_ANOMALY,UNKNOWN_CONTRABAND,HIGH_PREVENTIVE_ATTENTION,66,RECURRENT_PATTERN,0
SIG-TN-00170,33,Thiruvarur,2025-12-02 05:21:40,POLICE_INVESTIGATION,SYNTHETIC_MDMA,INCREASING,81,RECURRENT_PATTERN,0
SIG-TN-00171,22,Dharmapuri,2024-12-31 01:56:32,CITIZEN_AGGREGATE,PRESCRIPTION_NARCOTICS,INCREASING,84,RECURRENT_PATTERN,0
SIG-TN-00172,12,Thanjavur,2026-02-24 00:44:26,POLICE_INVESTIGATION,PRESCRIPTION_NARCOTICS,WATCH,78,RECURRENT_PATTERN,0
SIG-TN-00173,21,Kallakurichi,2024-11-19 23:54:05,CITIZEN_AGGREGATE,CHEMICAL_PRECURSORS,EMERGING,71,RECURRENT_PATTERN,0
SIG-TN-00174,27,Perambalur,2024-12-12 13:42:04,HEALTH_ANOMALY,CHEMICAL_PRECURSORS,HIGH_PREVENTIVE_ATTENTION,70,RECURRENT_PATTERN,0
SIG-TN-00175,18,Tiruvallur,2025-08-24 15:18:11,POLICE_INVESTIGATION,OPIOID_ANALOGUES,HIGH_PREVENTIVE_ATTENTION,85,RECURRENT_PATTERN,0
SIG-TN-00176,29,Sivaganga,2024-11-25 20:41:38,POLICE_INVESTIGATION,OPIOID_ANALOGUES,EMERGING,96,FIRST_TIME_SIGNAL,1
SIG-TN-00177,29,Sivaganga,2026-04-01 14:38:53,POLICE_INVESTIGATION,PRESCRIPTION_NARCOTICS,HIGH_PREVENTIVE_ATTENTION,66,RECURRENT_PATTERN,0
SIG-TN-00178,7,Tiruppur,2025-09-07 18:24:17,CHECKPOST_TELEMETRY,OPIOID_ANALOGUES,INCREASING,68,RECURRENT_PATTERN,0
SIG-TN-00179,23,Namakkal,2025-04-04 13:05:33,CITIZEN_AGGREGATE,SYNTHETIC_MDMA,WATCH,73,RECURRENT_PATTERN,0
SIG-TN-00180,17,Chengalpattu,2025-02-28 21:22:33,CHECKPOST_TELEMETRY,COMMERCIAL_GANJA,EMERGING,70,RECURRENT_PATTERN,0
SIG-TN-00181,11,Dindigul,2026-04-26 12:04:54,HEALTH_ANOMALY,UNKNOWN_CONTRABAND,HIGH_PREVENTIVE_ATTENTION,84,RECURRENT_PATTERN,0
SIG-TN-00182,19,Cuddalore,2025-04-20 12:56:21,POLICE_INVESTIGATION,COMMERCIAL_GANJA,HIGH_PREVENTIVE_ATTENTION,90,RECURRENT_PATTERN,0
SIG-TN-00183,5,Tiruchirappalli,2026-01-26 22:21:53,CHECKPOST_TELEMETRY,UNKNOWN_CONTRABAND,EMERGING,94,RECURRENT_PATTERN,0
SIG-TN-00184,9,Vellore,2025-04-04 07:10:42,HEALTH_ANOMALY,SYNTHETIC_MDMA,HIGH_PREVENTIVE_ATTENTION,85,RECURRENT_PATTERN,0
SIG-TN-00185,1,Chennai,2024-12-28 19:05:20,CHECKPOST_TELEMETRY,PRESCRIPTION_NARCOTICS,HIGH_PREVENTIVE_ATTENTION,77,RECURRENT_PATTERN,0
SIG-TN-00186,2,Coimbatore,2026-07-14 13:43:46,CHECKPOST_TELEMETRY,SYNTHETIC_MDMA,WATCH,90,FIRST_TIME_SIGNAL,1
SIG-TN-00187,35,Mayiladuthurai,2025-06-05 01:28:29,HEALTH_ANOMALY,SYNTHETIC_MDMA,INCREASING,95,RECURRENT_PATTERN,0
SIG-TN-00188,34,Nagapattinam,2025-11-04 00:44:13,POLICE_INVESTIGATION,OPIOID_ANALOGUES,EMERGING,92,RECURRENT_PATTERN,0
SIG-TN-00189,15,Tenkasi,2025-04-18 11:34:48,HEALTH_ANOMALY,COMMERCIAL_GANJA,WATCH,93,RECURRENT_PATTERN,0
SIG-TN-00190,7,Tiruppur,2025-05-15 17:46:07,HEALTH_ANOMALY,CHEMICAL_PRECURSORS,HIGH_PREVENTIVE_ATTENTION,80,RECURRENT_PATTERN,0
SIG-TN-00191,6,Tirunelveli,2025-03-08 22:21:03,HEALTH_ANOMALY,COMMERCIAL_GANJA,INCREASING,95,RECURRENT_PATTERN,0
SIG-TN-00192,24,Nilgiris,2025-09-05 03:12:10,HEALTH_ANOMALY,PRESCRIPTION_NARCOTICS,HIGH_PREVENTIVE_ATTENTION,65,RECURRENT_PATTERN,0
SIG-TN-00193,12,Thanjavur,2025-12-31 07:04:26,HEALTH_ANOMALY,SYNTHETIC_MDMA,EMERGING,80,RECURRENT_PATTERN,0
SIG-TN-00194,11,Dindigul,2026-04-26 03:46:27,CITIZEN_AGGREGATE,CHEMICAL_PRECURSORS,EMERGING,68,RECURRENT_PATTERN,0
SIG-TN-00195,18,Tiruvallur,2025-12-28 21:44:31,HEALTH_ANOMALY,PRESCRIPTION_NARCOTICS,HIGH_PREVENTIVE_ATTENTION,92,RECURRENT_PATTERN,0
SIG-TN-00196,1,Chennai,2026-03-02 10:44:41,CHECKPOST_TELEMETRY,CHEMICAL_PRECURSORS,EMERGING,70,RECURRENT_PATTERN,0
SIG-TN-00197,10,Krishnagiri,2025-11-20 16:54:42,POLICE_INVESTIGATION,COMMERCIAL_GANJA,EMERGING,81,RECURRENT_PATTERN,0
SIG-TN-00198,24,Nilgiris,2025-05-31 12:35:23,HEALTH_ANOMALY,UNKNOWN_CONTRABAND,WATCH,85,RECURRENT_PATTERN,0
SIG-TN-00199,29,Sivaganga,2024-09-28 07:48:43,POLICE_INVESTIGATION,SYNTHETIC_MDMA,HIGH_PREVENTIVE_ATTENTION,71,RECURRENT_PATTERN,0
SIG-TN-00200,34,Nagapattinam,2025-11-21 01:27:44,HEALTH_ANOMALY,UNKNOWN_CONTRABAND,EMERGING,83,RECURRENT_PATTERN,0
SIG-TN-00201,31,Virudhunagar,2025-12-17 02:09:22,CHECKPOST_TELEMETRY,UNKNOWN_CONTRABAND,HIGH_PREVENTIVE_ATTENTION,87,RECURRENT_PATTERN,0
SIG-TN-00202,15,Tenkasi,2026-04-12 12:23:05,CHECKPOST_TELEMETRY,CHEMICAL_PRECURSORS,WATCH,92,RECURRENT_PATTERN,0
SIG-TN-00203,6,Tirunelveli,2025-07-14 22:46:30,HEALTH_ANOMALY,CHEMICAL_PRECURSORS,HIGH_PREVENTIVE_ATTENTION,87,RECURRENT_PATTERN,0
SIG-TN-00204,36,Ranipet,2026-08-10 12:27:12,POLICE_INVESTIGATION,PRESCRIPTION_NARCOTICS,HIGH_PREVENTIVE_ATTENTION,70,RECURRENT_PATTERN,0
SIG-TN-00205,16,Kancheepuram,2024-10-08 03:21:41,CHECKPOST_TELEMETRY,UNKNOWN_CONTRABAND,WATCH,76,RECURRENT_PATTERN,0
SIG-TN-00206,13,Thoothukudi,2025-12-22 02:28:05,CITIZEN_AGGREGATE,SYNTHETIC_MDMA,EMERGING,71,FIRST_TIME_SIGNAL,1
SIG-TN-00207,2,Coimbatore,2025-06-09 12:35:47,CHECKPOST_TELEMETRY,SYNTHETIC_MDMA,HIGH_PREVENTIVE_ATTENTION,71,RECURRENT_PATTERN,0
SIG-TN-00208,15,Tenkasi,2026-02-28 12:14:52,CHECKPOST_TELEMETRY,UNKNOWN_CONTRABAND,HIGH_PREVENTIVE_ATTENTION,92,RECURRENT_PATTERN,0
SIG-TN-00209,3,Madurai,2025-05-08 14:43:15,POLICE_INVESTIGATION,CHEMICAL_PRECURSORS,EMERGING,93,RECURRENT_PATTERN,0
SIG-TN-00210,9,Vellore,2026-06-20 04:37:59,CHECKPOST_TELEMETRY,CHEMICAL_PRECURSORS,EMERGING,95,RECURRENT_PATTERN,0
SIG-TN-00211,12,Thanjavur,2024-11-15 18:37:08,HEALTH_ANOMALY,COMMERCIAL_GANJA,HIGH_PREVENTIVE_ATTENTION,92,RECURRENT_PATTERN,0
SIG-TN-00212,6,Tirunelveli,2025-06-09 00:37:30,HEALTH_ANOMALY,PRESCRIPTION_NARCOTICS,INCREASING,75,RECURRENT_PATTERN,0
SIG-TN-00213,8,Erode,2025-11-12 23:43:31,POLICE_INVESTIGATION,CHEMICAL_PRECURSORS,INCREASING,72,RECURRENT_PATTERN,0
SIG-TN-00214,15,Tenkasi,2026-06-06 07:49:33,CHECKPOST_TELEMETRY,SYNTHETIC_MDMA,EMERGING,72,RECURRENT_PATTERN,0
SIG-TN-00215,19,Cuddalore,2026-06-27 07:10:07,HEALTH_ANOMALY,PRESCRIPTION_NARCOTICS,INCREASING,88,RECURRENT_PATTERN,0
SIG-TN-00216,31,Virudhunagar,2025-04-12 07:29:35,POLICE_INVESTIGATION,OPIOID_ANALOGUES,WATCH,72,RECURRENT_PATTERN,0
SIG-TN-00217,26,Ariyalur,2025-09-09 04:10:43,CITIZEN_AGGREGATE,CHEMICAL_PRECURSORS,EMERGING,92,RECURRENT_PATTERN,0
SIG-TN-00218,31,Virudhunagar,2025-05-12 10:17:08,POLICE_INVESTIGATION,SYNTHETIC_MDMA,WATCH,68,RECURRENT_PATTERN,0
SIG-TN-00219,32,Theni,2026-08-09 05:11:16,CITIZEN_AGGREGATE,CHEMICAL_PRECURSORS,EMERGING,84,RECURRENT_PATTERN,0
SIG-TN-00220,36,Ranipet,2025-02-07 22:19:12,HEALTH_ANOMALY,CHEMICAL_PRECURSORS,EMERGING,88,RECURRENT_PATTERN,0
SIG-TN-00221,25,Karur,2026-03-30 19:03:43,CHECKPOST_TELEMETRY,SYNTHETIC_MDMA,INCREASING,84,RECURRENT_PATTERN,0
SIG-TN-00222,6,Tirunelveli,2025-06-12 00:49:39,CHECKPOST_TELEMETRY,SYNTHETIC_MDMA,EMERGING,81,RECURRENT_PATTERN,0
SIG-TN-00223,16,Kancheepuram,2025-03-02 14:32:49,CHECKPOST_TELEMETRY,OPIOID_ANALOGUES,WATCH,95,RECURRENT_PATTERN,0
SIG-TN-00224,33,Thiruvarur,2025-02-13 15:56:41,CITIZEN_AGGREGATE,COMMERCIAL_GANJA,WATCH,67,RECURRENT_PATTERN,0
SIG-TN-00225,25,Karur,2025-03-28 02:49:53,CITIZEN_AGGREGATE,COMMERCIAL_GANJA,WATCH,66,RECURRENT_PATTERN,0
SIG-TN-00226,9,Vellore,2025-06-10 21:04:48,CITIZEN_AGGREGATE,CHEMICAL_PRECURSORS,HIGH_PREVENTIVE_ATTENTION,87,RECURRENT_PATTERN,0
SIG-TN-00227,27,Perambalur,2025-09-27 03:01:10,CHECKPOST_TELEMETRY,UNKNOWN_CONTRABAND,EMERGING,65,RECURRENT_PATTERN,0
SIG-TN-00228,7,Tiruppur,2026-04-10 10:41:29,HEALTH_ANOMALY,OPIOID_ANALOGUES,WATCH,70,RECURRENT_PATTERN,0
SIG-TN-00229,26,Ariyalur,2025-05-05 17:48:11,CHECKPOST_TELEMETRY,CHEMICAL_PRECURSORS,HIGH_PREVENTIVE_ATTENTION,89,FIRST_TIME_SIGNAL,1
SIG-TN-00230,1,Chennai,2026-02-04 14:47:36,CITIZEN_AGGREGATE,CHEMICAL_PRECURSORS,WATCH,74,RECURRENT_PATTERN,0
SIG-TN-00231,2,Coimbatore,2026-01-30 03:12:16,HEALTH_ANOMALY,OPIOID_ANALOGUES,EMERGING,84,RECURRENT_PATTERN,0
SIG-TN-00232,11,Dindigul,2026-04-28 19:55:54,POLICE_INVESTIGATION,CHEMICAL_PRECURSORS,EMERGING,76,RECURRENT_PATTERN,0
SIG-TN-00233,23,Namakkal,2026-01-06 02:16:40,HEALTH_ANOMALY,PRESCRIPTION_NARCOTICS,HIGH_PREVENTIVE_ATTENTION,66,RECURRENT_PATTERN,0
SIG-TN-00234,1,Chennai,2024-11-11 19:49:42,CHECKPOST_TELEMETRY,PRESCRIPTION_NARCOTICS,EMERGING,93,RECURRENT_PATTERN,0
SIG-TN-00235,17,Chengalpattu,2026-07-25 18:10:32,CITIZEN_AGGREGATE,PRESCRIPTION_NARCOTICS,EMERGING,88,FIRST_TIME_SIGNAL,1
SIG-TN-00236,26,Ariyalur,2026-06-11 00:32:46,HEALTH_ANOMALY,CHEMICAL_PRECURSORS,WATCH,88,RECURRENT_PATTERN,0
SIG-TN-00237,4,Salem,2026-07-02 16:37:45,CHECKPOST_TELEMETRY,UNKNOWN_CONTRABAND,EMERGING,76,RECURRENT_PATTERN,0
SIG-TN-00238,33,Thiruvarur,2026-06-27 17:33:07,CHECKPOST_TELEMETRY,OPIOID_ANALOGUES,EMERGING,79,RECURRENT_PATTERN,0
SIG-TN-00239,28,Pudukkottai,2024-12-06 23:35:08,HEALTH_ANOMALY,UNKNOWN_CONTRABAND,WATCH,79,RECURRENT_PATTERN,0
SIG-TN-00240,36,Ranipet,2025-12-06 13:48:10,CITIZEN_AGGREGATE,COMMERCIAL_GANJA,HIGH_PREVENTIVE_ATTENTION,88,RECURRENT_PATTERN,0
SIG-TN-00241,27,Perambalur,2024-11-09 07:54:44,HEALTH_ANOMALY,OPIOID_ANALOGUES,HIGH_PREVENTIVE_ATTENTION,91,RECURRENT_PATTERN,0
SIG-TN-00242,23,Namakkal,2026-01-28 02:08:03,POLICE_INVESTIGATION,PRESCRIPTION_NARCOTICS,WATCH,75,RECURRENT_PATTERN,0
SIG-TN-00243,9,Vellore,2026-01-18 04:13:07,CITIZEN_AGGREGATE,SYNTHETIC_MDMA,WATCH,78,RECURRENT_PATTERN,0
SIG-TN-00244,3,Madurai,2026-06-12 14:52:26,CHECKPOST_TELEMETRY,CHEMICAL_PRECURSORS,WATCH,65,FIRST_TIME_SIGNAL,1
SIG-TN-00245,2,Coimbatore,2026-01-24 13:48:35,CHECKPOST_TELEMETRY,OPIOID_ANALOGUES,HIGH_PREVENTIVE_ATTENTION,81,FIRST_TIME_SIGNAL,1
SIG-TN-00246,16,Kancheepuram,2026-02-22 23:36:31,HEALTH_ANOMALY,UNKNOWN_CONTRABAND,WATCH,73,RECURRENT_PATTERN,0
SIG-TN-00247,19,Cuddalore,2025-09-05 06:34:15,HEALTH_ANOMALY,CHEMICAL_PRECURSORS,WATCH,91,RECURRENT_PATTERN,0
SIG-TN-00248,27,Perambalur,2026-01-14 21:42:08,HEALTH_ANOMALY,PRESCRIPTION_NARCOTICS,INCREASING,74,RECURRENT_PATTERN,0
SIG-TN-00249,32,Theni,2026-04-17 21:06:12,CITIZEN_AGGREGATE,PRESCRIPTION_NARCOTICS,WATCH,93,RECURRENT_PATTERN,0
SIG-TN-00250,38,Tiruvannamalai,2025-10-15 14:16:12,HEALTH_ANOMALY,COMMERCIAL_GANJA,INCREASING,74,RECURRENT_PATTERN,0
SIG-TN-00251,8,Erode,2026-06-26 01:13:34,CHECKPOST_TELEMETRY,OPIOID_ANALOGUES,INCREASING,82,RECURRENT_PATTERN,0
SIG-TN-00252,3,Madurai,2025-01-09 13:57:07,CITIZEN_AGGREGATE,CHEMICAL_PRECURSORS,WATCH,89,RECURRENT_PATTERN,0
SIG-TN-00253,36,Ranipet,2025-11-24 10:54:57,POLICE_INVESTIGATION,SYNTHETIC_MDMA,WATCH,92,RECURRENT_PATTERN,0
SIG-TN-00254,19,Cuddalore,2026-03-24 09:05:36,CITIZEN_AGGREGATE,COMMERCIAL_GANJA,EMERGING,83,RECURRENT_PATTERN,0
SIG-TN-00255,6,Tirunelveli,2026-02-12 14:22:51,HEALTH_ANOMALY,CHEMICAL_PRECURSORS,INCREASING,72,RECURRENT_PATTERN,0
SIG-TN-00256,10,Krishnagiri,2024-12-17 17:25:41,CITIZEN_AGGREGATE,PRESCRIPTION_NARCOTICS,WATCH,72,RECURRENT_PATTERN,0
SIG-TN-00257,25,Karur,2025-08-29 09:50:31,HEALTH_ANOMALY,CHEMICAL_PRECURSORS,HIGH_PREVENTIVE_ATTENTION,88,RECURRENT_PATTERN,0
SIG-TN-00258,30,Ramanathapuram,2025-07-27 15:34:11,POLICE_INVESTIGATION,UNKNOWN_CONTRABAND,EMERGING,72,RECURRENT_PATTERN,0
SIG-TN-00259,8,Erode,2026-05-06 18:56:05,HEALTH_ANOMALY,PRESCRIPTION_NARCOTICS,HIGH_PREVENTIVE_ATTENTION,89,RECURRENT_PATTERN,0
SIG-TN-00260,17,Chengalpattu,2025-05-05 12:35:48,CITIZEN_AGGREGATE,PRESCRIPTION_NARCOTICS,EMERGING,96,RECURRENT_PATTERN,0
SIG-TN-00261,30,Ramanathapuram,2025-11-25 21:44:16,POLICE_INVESTIGATION,SYNTHETIC_MDMA,WATCH,79,RECURRENT_PATTERN,0
SIG-TN-00262,27,Perambalur,2025-02-28 15:52:12,CITIZEN_AGGREGATE,COMMERCIAL_GANJA,WATCH,82,RECURRENT_PATTERN,0
SIG-TN-00263,23,Namakkal,2026-06-13 06:12:02,POLICE_INVESTIGATION,PRESCRIPTION_NARCOTICS,INCREASING,74,RECURRENT_PATTERN,0
SIG-TN-00264,22,Dharmapuri,2025-09-16 18:01:06,POLICE_INVESTIGATION,PRESCRIPTION_NARCOTICS,INCREASING,85,RECURRENT_PATTERN,0
SIG-TN-00265,16,Kancheepuram,2026-02-18 06:49:22,HEALTH_ANOMALY,CHEMICAL_PRECURSORS,WATCH,90,RECURRENT_PATTERN,0
SIG-TN-00266,14,Kanniyakumari,2025-03-25 08:14:31,CHECKPOST_TELEMETRY,SYNTHETIC_MDMA,INCREASING,79,RECURRENT_PATTERN,0
SIG-TN-00267,32,Theni,2026-06-19 12:13:09,CITIZEN_AGGREGATE,UNKNOWN_CONTRABAND,WATCH,74,RECURRENT_PATTERN,0
SIG-TN-00268,15,Tenkasi,2025-01-19 01:23:43,CITIZEN_AGGREGATE,PRESCRIPTION_NARCOTICS,INCREASING,65,RECURRENT_PATTERN,0
SIG-TN-00269,16,Kancheepuram,2026-01-07 20:23:25,POLICE_INVESTIGATION,SYNTHETIC_MDMA,HIGH_PREVENTIVE_ATTENTION,70,RECURRENT_PATTERN,0
SIG-TN-00270,28,Pudukkottai,2025-11-09 02:11:25,CHECKPOST_TELEMETRY,CHEMICAL_PRECURSORS,EMERGING,70,RECURRENT_PATTERN,0
SIG-TN-00271,24,Nilgiris,2025-12-16 20:32:11,CHECKPOST_TELEMETRY,SYNTHETIC_MDMA,HIGH_PREVENTIVE_ATTENTION,65,RECURRENT_PATTERN,0
SIG-TN-00272,9,Vellore,2024-10-18 04:29:03,POLICE_INVESTIGATION,COMMERCIAL_GANJA,WATCH,68,RECURRENT_PATTERN,0
SIG-TN-00273,32,Theni,2026-04-28 10:17:50,HEALTH_ANOMALY,SYNTHETIC_MDMA,INCREASING,95,RECURRENT_PATTERN,0
SIG-TN-00274,3,Madurai,2025-02-23 11:32:20,HEALTH_ANOMALY,OPIOID_ANALOGUES,HIGH_PREVENTIVE_ATTENTION,88,RECURRENT_PATTERN,0
SIG-TN-00275,2,Coimbatore,2025-12-25 17:33:26,CITIZEN_AGGREGATE,UNKNOWN_CONTRABAND,WATCH,77,RECURRENT_PATTERN,0
SIG-TN-00276,31,Virudhunagar,2025-10-22 17:40:01,CHECKPOST_TELEMETRY,COMMERCIAL_GANJA,HIGH_PREVENTIVE_ATTENTION,92,RECURRENT_PATTERN,0
SIG-TN-00277,19,Cuddalore,2025-04-01 10:44:20,HEALTH_ANOMALY,CHEMICAL_PRECURSORS,WATCH,84,RECURRENT_PATTERN,0
SIG-TN-00278,7,Tiruppur,2024-10-16 01:23:11,CHECKPOST_TELEMETRY,SYNTHETIC_MDMA,EMERGING,70,RECURRENT_PATTERN,0
SIG-TN-00279,35,Mayiladuthurai,2025-08-30 03:48:56,HEALTH_ANOMALY,UNKNOWN_CONTRABAND,HIGH_PREVENTIVE_ATTENTION,87,FIRST_TIME_SIGNAL,1
SIG-TN-00280,21,Kallakurichi,2026-02-06 04:00:44,HEALTH_ANOMALY,COMMERCIAL_GANJA,WATCH,87,RECURRENT_PATTERN,0
SIG-TN-00281,14,Kanniyakumari,2026-02-13 17:10:09,CHECKPOST_TELEMETRY,PRESCRIPTION_NARCOTICS,WATCH,72,RECURRENT_PATTERN,0
SIG-TN-00282,21,Kallakurichi,2025-04-07 20:16:21,HEALTH_ANOMALY,COMMERCIAL_GANJA,WATCH,71,RECURRENT_PATTERN,0
SIG-TN-00283,18,Tiruvallur,2025-04-12 14:50:12,HEALTH_ANOMALY,PRESCRIPTION_NARCOTICS,WATCH,70,RECURRENT_PATTERN,0
SIG-TN-00284,21,Kallakurichi,2025-03-02 17:47:13,POLICE_INVESTIGATION,UNKNOWN_CONTRABAND,HIGH_PREVENTIVE_ATTENTION,95,RECURRENT_PATTERN,0
SIG-TN-00285,36,Ranipet,2025-05-31 09:59:45,CITIZEN_AGGREGATE,PRESCRIPTION_NARCOTICS,EMERGING,66,RECURRENT_PATTERN,0
SIG-TN-00286,33,Thiruvarur,2025-06-13 09:25:48,CHECKPOST_TELEMETRY,CHEMICAL_PRECURSORS,INCREASING,68,RECURRENT_PATTERN,0
SIG-TN-00287,31,Virudhunagar,2025-09-27 18:54:02,POLICE_INVESTIGATION,CHEMICAL_PRECURSORS,EMERGING,88,RECURRENT_PATTERN,0
SIG-TN-00288,31,Virudhunagar,2025-04-09 20:17:14,CHECKPOST_TELEMETRY,OPIOID_ANALOGUES,EMERGING,76,RECURRENT_PATTERN,0
SIG-TN-00289,38,Tiruvannamalai,2025-10-03 13:40:17,CITIZEN_AGGREGATE,PRESCRIPTION_NARCOTICS,EMERGING,71,RECURRENT_PATTERN,0
SIG-TN-00290,1,Chennai,2025-03-26 06:59:54,CITIZEN_AGGREGATE,SYNTHETIC_MDMA,EMERGING,66,RECURRENT_PATTERN,0
SIG-TN-00291,25,Karur,2026-06-15 06:32:09,POLICE_INVESTIGATION,COMMERCIAL_GANJA,HIGH_PREVENTIVE_ATTENTION,75,FIRST_TIME_SIGNAL,1
SIG-TN-00292,9,Vellore,2024-12-05 20:39:11,POLICE_INVESTIGATION,COMMERCIAL_GANJA,WATCH,81,RECURRENT_PATTERN,0
SIG-TN-00293,18,Tiruvallur,2025-05-26 12:19:03,CITIZEN_AGGREGATE,OPIOID_ANALOGUES,HIGH_PREVENTIVE_ATTENTION,75,RECURRENT_PATTERN,0
SIG-TN-00294,11,Dindigul,2025-09-14 12:18:15,CHECKPOST_TELEMETRY,OPIOID_ANALOGUES,HIGH_PREVENTIVE_ATTENTION,66,RECURRENT_PATTERN,0
SIG-TN-00295,34,Nagapattinam,2025-04-21 05:57:45,POLICE_INVESTIGATION,SYNTHETIC_MDMA,HIGH_PREVENTIVE_ATTENTION,91,RECURRENT_PATTERN,0
SIG-TN-00296,38,Tiruvannamalai,2025-06-02 16:44:54,CITIZEN_AGGREGATE,OPIOID_ANALOGUES,WATCH,75,RECURRENT_PATTERN,0
SIG-TN-00297,1,Chennai,2025-06-30 04:15:17,POLICE_INVESTIGATION,OPIOID_ANALOGUES,INCREASING,92,RECURRENT_PATTERN,0
SIG-TN-00298,18,Tiruvallur,2026-03-02 02:39:03,CHECKPOST_TELEMETRY,UNKNOWN_CONTRABAND,HIGH_PREVENTIVE_ATTENTION,80,RECURRENT_PATTERN,0
SIG-TN-00299,18,Tiruvallur,2026-04-22 06:08:38,CHECKPOST_TELEMETRY,PRESCRIPTION_NARCOTICS,EMERGING,96,RECURRENT_PATTERN,0
SIG-TN-00300,18,Tiruvallur,2025-10-04 22:26:54,CITIZEN_AGGREGATE,UNKNOWN_CONTRABAND,HIGH_PREVENTIVE_ATTENTION,68,RECURRENT_PATTERN,0
SIG-TN-00301,28,Pudukkottai,2026-02-14 01:27:53,CHECKPOST_TELEMETRY,CHEMICAL_PRECURSORS,HIGH_PREVENTIVE_ATTENTION,83,RECURRENT_PATTERN,0
SIG-TN-00302,8,Erode,2026-07-29 21:54:25,CHECKPOST_TELEMETRY,CHEMICAL_PRECURSORS,HIGH_PREVENTIVE_ATTENTION,89,RECURRENT_PATTERN,0
SIG-TN-00303,29,Sivaganga,2025-03-09 23:25:54,CHECKPOST_TELEMETRY,PRESCRIPTION_NARCOTICS,INCREASING,79,RECURRENT_PATTERN,0
SIG-TN-00304,5,Tiruchirappalli,2026-03-09 05:43:28,POLICE_INVESTIGATION,PRESCRIPTION_NARCOTICS,WATCH,78,FIRST_TIME_SIGNAL,1
SIG-TN-00305,35,Mayiladuthurai,2024-10-08 11:01:22,POLICE_INVESTIGATION,CHEMICAL_PRECURSORS,WATCH,96,RECURRENT_PATTERN,0
SIG-TN-00306,3,Madurai,2026-02-19 16:59:24,HEALTH_ANOMALY,OPIOID_ANALOGUES,INCREASING,94,RECURRENT_PATTERN,0
SIG-TN-00307,34,Nagapattinam,2026-06-10 21:49:29,CHECKPOST_TELEMETRY,CHEMICAL_PRECURSORS,HIGH_PREVENTIVE_ATTENTION,95,FIRST_TIME_SIGNAL,1
SIG-TN-00308,28,Pudukkottai,2025-08-04 09:39:18,POLICE_INVESTIGATION,UNKNOWN_CONTRABAND,HIGH_PREVENTIVE_ATTENTION,86,RECURRENT_PATTERN,0
SIG-TN-00309,33,Thiruvarur,2024-09-21 17:07:14,HEALTH_ANOMALY,CHEMICAL_PRECURSORS,EMERGING,92,RECURRENT_PATTERN,0
SIG-TN-00310,16,Kancheepuram,2025-05-15 13:21:58,POLICE_INVESTIGATION,SYNTHETIC_MDMA,EMERGING,70,FIRST_TIME_SIGNAL,1
SIG-TN-00311,29,Sivaganga,2025-04-20 08:15:18,HEALTH_ANOMALY,SYNTHETIC_MDMA,WATCH,85,RECURRENT_PATTERN,0
SIG-TN-00312,10,Krishnagiri,2025-11-03 02:19:14,CHECKPOST_TELEMETRY,UNKNOWN_CONTRABAND,WATCH,90,RECURRENT_PATTERN,0
SIG-TN-00313,19,Cuddalore,2026-05-24 15:48:54,POLICE_INVESTIGATION,OPIOID_ANALOGUES,INCREASING,76,RECURRENT_PATTERN,0
SIG-TN-00314,31,Virudhunagar,2026-02-15 23:26:23,HEALTH_ANOMALY,OPIOID_ANALOGUES,INCREASING,66,RECURRENT_PATTERN,0
SIG-TN-00315,13,Thoothukudi,2026-04-24 00:56:48,POLICE_INVESTIGATION,SYNTHETIC_MDMA,INCREASING,95,RECURRENT_PATTERN,0
SIG-TN-00316,13,Thoothukudi,2026-01-31 13:18:06,CHECKPOST_TELEMETRY,UNKNOWN_CONTRABAND,INCREASING,87,RECURRENT_PATTERN,0
SIG-TN-00317,37,Tirupathur,2026-05-26 16:58:54,CHECKPOST_TELEMETRY,SYNTHETIC_MDMA,HIGH_PREVENTIVE_ATTENTION,95,RECURRENT_PATTERN,0
SIG-TN-00318,15,Tenkasi,2026-07-24 19:17:31,CITIZEN_AGGREGATE,CHEMICAL_PRECURSORS,WATCH,88,FIRST_TIME_SIGNAL,1
SIG-TN-00319,2,Coimbatore,2025-04-21 23:59:38,CHECKPOST_TELEMETRY,COMMERCIAL_GANJA,EMERGING,69,RECURRENT_PATTERN,0
SIG-TN-00320,14,Kanniyakumari,2025-10-03 05:17:58,POLICE_INVESTIGATION,COMMERCIAL_GANJA,WATCH,74,RECURRENT_PATTERN,0
SIG-TN-00321,9,Vellore,2025-04-18 14:21:29,CITIZEN_AGGREGATE,COMMERCIAL_GANJA,WATCH,83,RECURRENT_PATTERN,0
SIG-TN-00322,3,Madurai,2026-05-13 04:36:50,CITIZEN_AGGREGATE,SYNTHETIC_MDMA,EMERGING,95,RECURRENT_PATTERN,0
SIG-TN-00323,27,Perambalur,2024-11-13 04:56:56,POLICE_INVESTIGATION,UNKNOWN_CONTRABAND,EMERGING,89,RECURRENT_PATTERN,0
SIG-TN-00324,3,Madurai,2024-12-01 17:51:35,POLICE_INVESTIGATION,UNKNOWN_CONTRABAND,WATCH,95,RECURRENT_PATTERN,0
SIG-TN-00325,34,Nagapattinam,2025-06-17 00:24:26,POLICE_INVESTIGATION,UNKNOWN_CONTRABAND,WATCH,73,RECURRENT_PATTERN,0
SIG-TN-00326,23,Namakkal,2024-12-21 02:32:17,CITIZEN_AGGREGATE,SYNTHETIC_MDMA,HIGH_PREVENTIVE_ATTENTION,84,RECURRENT_PATTERN,0
SIG-TN-00327,28,Pudukkottai,2026-01-01 21:34:02,POLICE_INVESTIGATION,COMMERCIAL_GANJA,WATCH,86,RECURRENT_PATTERN,0
SIG-TN-00328,35,Mayiladuthurai,2024-12-06 16:49:59,CHECKPOST_TELEMETRY,PRESCRIPTION_NARCOTICS,HIGH_PREVENTIVE_ATTENTION,92,RECURRENT_PATTERN,0
SIG-TN-00329,36,Ranipet,2025-08-22 09:31:06,CITIZEN_AGGREGATE,COMMERCIAL_GANJA,INCREASING,96,RECURRENT_PATTERN,0
SIG-TN-00330,12,Thanjavur,2026-08-01 16:02:15,CITIZEN_AGGREGATE,CHEMICAL_PRECURSORS,WATCH,67,RECURRENT_PATTERN,0
SIG-TN-00331,38,Tiruvannamalai,2026-08-13 23:17:14,POLICE_INVESTIGATION,CHEMICAL_PRECURSORS,WATCH,82,RECURRENT_PATTERN,0
SIG-TN-00332,2,Coimbatore,2026-05-03 21:05:59,POLICE_INVESTIGATION,OPIOID_ANALOGUES,HIGH_PREVENTIVE_ATTENTION,71,RECURRENT_PATTERN,0
SIG-TN-00333,25,Karur,2025-02-02 22:03:50,CHECKPOST_TELEMETRY,CHEMICAL_PRECURSORS,HIGH_PREVENTIVE_ATTENTION,80,RECURRENT_PATTERN,0
SIG-TN-00334,33,Thiruvarur,2026-01-30 10:32:02,CHECKPOST_TELEMETRY,CHEMICAL_PRECURSORS,INCREASING,69,RECURRENT_PATTERN,0
SIG-TN-00335,2,Coimbatore,2026-08-14 21:35:26,CHECKPOST_TELEMETRY,OPIOID_ANALOGUES,HIGH_PREVENTIVE_ATTENTION,94,RECURRENT_PATTERN,0
SIG-TN-00336,35,Mayiladuthurai,2025-07-23 19:43:51,HEALTH_ANOMALY,UNKNOWN_CONTRABAND,INCREASING,91,RECURRENT_PATTERN,0
SIG-TN-00337,29,Sivaganga,2024-12-30 20:48:03,CHECKPOST_TELEMETRY,COMMERCIAL_GANJA,INCREASING,77,RECURRENT_PATTERN,0
SIG-TN-00338,15,Tenkasi,2025-03-16 19:53:03,CITIZEN_AGGREGATE,CHEMICAL_PRECURSORS,INCREASING,75,RECURRENT_PATTERN,0
SIG-TN-00339,18,Tiruvallur,2025-03-07 03:54:53,CHECKPOST_TELEMETRY,UNKNOWN_CONTRABAND,HIGH_PREVENTIVE_ATTENTION,67,RECURRENT_PATTERN,0
SIG-TN-00340,7,Tiruppur,2026-03-03 14:58:12,CHECKPOST_TELEMETRY,UNKNOWN_CONTRABAND,EMERGING,76,RECURRENT_PATTERN,0
SIG-TN-00341,21,Kallakurichi,2024-09-30 18:02:04,CHECKPOST_TELEMETRY,UNKNOWN_CONTRABAND,HIGH_PREVENTIVE_ATTENTION,87,RECURRENT_PATTERN,0
SIG-TN-00342,4,Salem,2025-03-31 10:31:34,HEALTH_ANOMALY,PRESCRIPTION_NARCOTICS,INCREASING,86,RECURRENT_PATTERN,0
SIG-TN-00343,4,Salem,2024-11-30 01:22:42,CHECKPOST_TELEMETRY,SYNTHETIC_MDMA,INCREASING,95,RECURRENT_PATTERN,0
SIG-TN-00344,36,Ranipet,2025-01-13 11:29:35,POLICE_INVESTIGATION,PRESCRIPTION_NARCOTICS,EMERGING,84,RECURRENT_PATTERN,0
SIG-TN-00345,29,Sivaganga,2026-06-26 19:05:40,POLICE_INVESTIGATION,UNKNOWN_CONTRABAND,INCREASING,93,RECURRENT_PATTERN,0
SIG-TN-00346,30,Ramanathapuram,2025-07-17 08:55:39,HEALTH_ANOMALY,PRESCRIPTION_NARCOTICS,INCREASING,85,RECURRENT_PATTERN,0
SIG-TN-00347,20,Viluppuram,2024-11-30 23:40:14,POLICE_INVESTIGATION,UNKNOWN_CONTRABAND,HIGH_PREVENTIVE_ATTENTION,89,RECURRENT_PATTERN,0
SIG-TN-00348,13,Thoothukudi,2025-03-16 19:07:37,CITIZEN_AGGREGATE,PRESCRIPTION_NARCOTICS,WATCH,75,RECURRENT_PATTERN,0
SIG-TN-00349,37,Tirupathur,2025-03-03 03:05:50,CHECKPOST_TELEMETRY,CHEMICAL_PRECURSORS,INCREASING,70,RECURRENT_PATTERN,0
SIG-TN-00350,1,Chennai,2026-06-07 18:26:49,CITIZEN_AGGREGATE,UNKNOWN_CONTRABAND,HIGH_PREVENTIVE_ATTENTION,85,RECURRENT_PATTERN,0
SIG-TN-00351,19,Cuddalore,2025-06-14 12:27:36,HEALTH_ANOMALY,CHEMICAL_PRECURSORS,HIGH_PREVENTIVE_ATTENTION,86,FIRST_TIME_SIGNAL,1
SIG-TN-00352,19,Cuddalore,2025-08-07 02:34:53,HEALTH_ANOMALY,COMMERCIAL_GANJA,WATCH,83,RECURRENT_PATTERN,0
SIG-TN-00353,13,Thoothukudi,2025-04-03 07:38:50,CHECKPOST_TELEMETRY,COMMERCIAL_GANJA,INCREASING,90,RECURRENT_PATTERN,0
SIG-TN-00354,38,Tiruvannamalai,2025-02-24 10:10:36,CHECKPOST_TELEMETRY,CHEMICAL_PRECURSORS,HIGH_PREVENTIVE_ATTENTION,72,RECURRENT_PATTERN,0
SIG-TN-00355,11,Dindigul,2025-04-07 08:50:44,CHECKPOST_TELEMETRY,OPIOID_ANALOGUES,INCREASING,74,RECURRENT_PATTERN,0
SIG-TN-00356,31,Virudhunagar,2025-03-31 00:36:26,CHECKPOST_TELEMETRY,SYNTHETIC_MDMA,HIGH_PREVENTIVE_ATTENTION,86,RECURRENT_PATTERN,0
SIG-TN-00357,37,Tirupathur,2025-05-08 06:00:20,HEALTH_ANOMALY,SYNTHETIC_MDMA,HIGH_PREVENTIVE_ATTENTION,86,RECURRENT_PATTERN,0
SIG-TN-00358,32,Theni,2026-01-10 22:14:04,CITIZEN_AGGREGATE,COMMERCIAL_GANJA,HIGH_PREVENTIVE_ATTENTION,72,RECURRENT_PATTERN,0
SIG-TN-00359,17,Chengalpattu,2025-05-13 20:35:55,CITIZEN_AGGREGATE,SYNTHETIC_MDMA,EMERGING,75,RECURRENT_PATTERN,0
SIG-TN-00360,4,Salem,2026-01-10 12:37:24,CITIZEN_AGGREGATE,UNKNOWN_CONTRABAND,INCREASING,96,RECURRENT_PATTERN,0
SIG-TN-00361,35,Mayiladuthurai,2026-05-06 15:57:08,HEALTH_ANOMALY,CHEMICAL_PRECURSORS,HIGH_PREVENTIVE_ATTENTION,85,RECURRENT_PATTERN,0
SIG-TN-00362,38,Tiruvannamalai,2025-12-07 15:40:24,CITIZEN_AGGREGATE,SYNTHETIC_MDMA,EMERGING,68,RECURRENT_PATTERN,0
SIG-TN-00363,23,Namakkal,2026-05-16 00:49:39,CHECKPOST_TELEMETRY,SYNTHETIC_MDMA,EMERGING,81,RECURRENT_PATTERN,0
SIG-TN-00364,5,Tiruchirappalli,2024-09-22 21:34:25,POLICE_INVESTIGATION,UNKNOWN_CONTRABAND,INCREASING,89,FIRST_TIME_SIGNAL,1
SIG-TN-00365,3,Madurai,2024-10-28 13:54:58,HEALTH_ANOMALY,SYNTHETIC_MDMA,EMERGING,75,RECURRENT_PATTERN,0
SIG-TN-00366,34,Nagapattinam,2026-04-19 23:11:05,HEALTH_ANOMALY,SYNTHETIC_MDMA,WATCH,73,FIRST_TIME_SIGNAL,1
SIG-TN-00367,2,Coimbatore,2025-05-05 15:44:45,HEALTH_ANOMALY,SYNTHETIC_MDMA,EMERGING,89,RECURRENT_PATTERN,0
SIG-TN-00368,2,Coimbatore,2024-10-30 00:18:25,CITIZEN_AGGREGATE,UNKNOWN_CONTRABAND,INCREASING,91,RECURRENT_PATTERN,0
SIG-TN-00369,7,Tiruppur,2025-12-19 23:17:10,CITIZEN_AGGREGATE,UNKNOWN_CONTRABAND,WATCH,73,RECURRENT_PATTERN,0
SIG-TN-00370,37,Tirupathur,2026-08-06 00:09:06,HEALTH_ANOMALY,CHEMICAL_PRECURSORS,WATCH,65,RECURRENT_PATTERN,0
SIG-TN-00371,29,Sivaganga,2026-02-22 15:05:23,CITIZEN_AGGREGATE,CHEMICAL_PRECURSORS,EMERGING,67,RECURRENT_PATTERN,0
SIG-TN-00372,33,Thiruvarur,2025-10-29 00:47:09,CITIZEN_AGGREGATE,CHEMICAL_PRECURSORS,HIGH_PREVENTIVE_ATTENTION,87,RECURRENT_PATTERN,0
SIG-TN-00373,4,Salem,2025-10-03 21:08:41,CHECKPOST_TELEMETRY,SYNTHETIC_MDMA,WATCH,85,RECURRENT_PATTERN,0
SIG-TN-00374,26,Ariyalur,2026-08-02 05:59:27,CHECKPOST_TELEMETRY,CHEMICAL_PRECURSORS,HIGH_PREVENTIVE_ATTENTION,83,FIRST_TIME_SIGNAL,1
SIG-TN-00375,23,Namakkal,2025-03-11 00:52:58,POLICE_INVESTIGATION,SYNTHETIC_MDMA,HIGH_PREVENTIVE_ATTENTION,76,RECURRENT_PATTERN,0
SIG-TN-00376,16,Kancheepuram,2025-04-20 01:30:00,POLICE_INVESTIGATION,OPIOID_ANALOGUES,HIGH_PREVENTIVE_ATTENTION,85,RECURRENT_PATTERN,0
SIG-TN-00377,33,Thiruvarur,2026-07-21 23:08:15,HEALTH_ANOMALY,SYNTHETIC_MDMA,EMERGING,66,RECURRENT_PATTERN,0
SIG-TN-00378,20,Viluppuram,2024-12-23 09:42:09,CITIZEN_AGGREGATE,COMMERCIAL_GANJA,EMERGING,70,RECURRENT_PATTERN,0
SIG-TN-00379,7,Tiruppur,2025-08-11 01:28:33,POLICE_INVESTIGATION,UNKNOWN_CONTRABAND,HIGH_PREVENTIVE_ATTENTION,90,RECURRENT_PATTERN,0
SIG-TN-00380,30,Ramanathapuram,2026-01-05 00:23:10,CHECKPOST_TELEMETRY,UNKNOWN_CONTRABAND,EMERGING,75,RECURRENT_PATTERN,0
SIG-TN-00381,5,Tiruchirappalli,2024-11-22 09:32:06,CHECKPOST_TELEMETRY,COMMERCIAL_GANJA,INCREASING,74,RECURRENT_PATTERN,0
SIG-TN-00382,35,Mayiladuthurai,2025-03-30 05:49:50,CHECKPOST_TELEMETRY,OPIOID_ANALOGUES,HIGH_PREVENTIVE_ATTENTION,75,RECURRENT_PATTERN,0
SIG-TN-00383,34,Nagapattinam,2025-01-31 12:49:17,CITIZEN_AGGREGATE,COMMERCIAL_GANJA,INCREASING,78,RECURRENT_PATTERN,0
SIG-TN-00384,20,Viluppuram,2025-10-24 03:41:34,CITIZEN_AGGREGATE,OPIOID_ANALOGUES,EMERGING,73,RECURRENT_PATTERN,0
SIG-TN-00385,5,Tiruchirappalli,2026-03-13 06:08:35,HEALTH_ANOMALY,OPIOID_ANALOGUES,WATCH,70,RECURRENT_PATTERN,0
SIG-TN-00386,2,Coimbatore,2025-08-06 02:44:21,HEALTH_ANOMALY,OPIOID_ANALOGUES,EMERGING,65,RECURRENT_PATTERN,0
SIG-TN-00387,30,Ramanathapuram,2025-03-16 07:31:08,CHECKPOST_TELEMETRY,UNKNOWN_CONTRABAND,HIGH_PREVENTIVE_ATTENTION,84,RECURRENT_PATTERN,0
SIG-TN-00388,6,Tirunelveli,2026-05-17 18:33:44,CITIZEN_AGGREGATE,PRESCRIPTION_NARCOTICS,WATCH,71,RECURRENT_PATTERN,0
SIG-TN-00389,38,Tiruvannamalai,2025-02-02 13:47:34,CHECKPOST_TELEMETRY,OPIOID_ANALOGUES,EMERGING,65,RECURRENT_PATTERN,0
SIG-TN-00390,31,Virudhunagar,2026-03-16 05:33:38,HEALTH_ANOMALY,COMMERCIAL_GANJA,HIGH_PREVENTIVE_ATTENTION,78,RECURRENT_PATTERN,0
SIG-TN-00391,4,Salem,2026-05-15 16:28:37,CITIZEN_AGGREGATE,UNKNOWN_CONTRABAND,WATCH,67,RECURRENT_PATTERN,0
SIG-TN-00392,27,Perambalur,2024-12-02 04:54:35,CITIZEN_AGGREGATE,CHEMICAL_PRECURSORS,EMERGING,70,RECURRENT_PATTERN,0
SIG-TN-00393,17,Chengalpattu,2026-03-21 05:14:41,HEALTH_ANOMALY,PRESCRIPTION_NARCOTICS,WATCH,95,RECURRENT_PATTERN,0
SIG-TN-00394,30,Ramanathapuram,2024-12-01 16:31:47,HEALTH_ANOMALY,UNKNOWN_CONTRABAND,EMERGING,91,RECURRENT_PATTERN,0
SIG-TN-00395,35,Mayiladuthurai,2026-03-21 11:47:13,CITIZEN_AGGREGATE,COMMERCIAL_GANJA,HIGH_PREVENTIVE_ATTENTION,73,RECURRENT_PATTERN,0
SIG-TN-00396,13,Thoothukudi,2024-12-22 02:19:42,CHECKPOST_TELEMETRY,OPIOID_ANALOGUES,HIGH_PREVENTIVE_ATTENTION,66,RECURRENT_PATTERN,0
SIG-TN-00397,34,Nagapattinam,2025-09-01 14:29:03,CHECKPOST_TELEMETRY,SYNTHETIC_MDMA,WATCH,86,RECURRENT_PATTERN,0
SIG-TN-00398,4,Salem,2026-03-08 19:36:58,POLICE_INVESTIGATION,SYNTHETIC_MDMA,EMERGING,65,RECURRENT_PATTERN,0
SIG-TN-00399,29,Sivaganga,2025-05-02 09:28:32,CHECKPOST_TELEMETRY,UNKNOWN_CONTRABAND,INCREASING,83,RECURRENT_PATTERN,0
SIG-TN-00400,22,Dharmapuri,2025-03-09 13:39:04,HEALTH_ANOMALY,COMMERCIAL_GANJA,HIGH_PREVENTIVE_ATTENTION,69,RECURRENT_PATTERN,0
SIG-TN-00401,31,Virudhunagar,2025-01-13 23:58:45,CITIZEN_AGGREGATE,CHEMICAL_PRECURSORS,INCREASING,86,RECURRENT_PATTERN,0
SIG-TN-00402,14,Kanniyakumari,2025-11-18 00:27:56,CHECKPOST_TELEMETRY,PRESCRIPTION_NARCOTICS,INCREASING,88,FIRST_TIME_SIGNAL,1
SIG-TN-00403,18,Tiruvallur,2025-01-29 23:37:13,CHECKPOST_TELEMETRY,SYNTHETIC_MDMA,INCREASING,69,RECURRENT_PATTERN,0
SIG-TN-00404,33,Thiruvarur,2025-01-14 08:17:55,POLICE_INVESTIGATION,UNKNOWN_CONTRABAND,EMERGING,83,RECURRENT_PATTERN,0
SIG-TN-00405,2,Coimbatore,2025-07-23 17:26:56,POLICE_INVESTIGATION,PRESCRIPTION_NARCOTICS,WATCH,67,RECURRENT_PATTERN,0
SIG-TN-00406,1,Chennai,2024-10-11 19:54:17,CHECKPOST_TELEMETRY,CHEMICAL_PRECURSORS,INCREASING,69,RECURRENT_PATTERN,0
SIG-TN-00407,34,Nagapattinam,2025-06-27 02:14:14,POLICE_INVESTIGATION,PRESCRIPTION_NARCOTICS,INCREASING,75,RECURRENT_PATTERN,0
SIG-TN-00408,24,Nilgiris,2025-07-11 14:13:12,HEALTH_ANOMALY,CHEMICAL_PRECURSORS,INCREASING,80,RECURRENT_PATTERN,0
SIG-TN-00409,4,Salem,2026-03-29 18:15:52,CITIZEN_AGGREGATE,COMMERCIAL_GANJA,WATCH,77,RECURRENT_PATTERN,0
SIG-TN-00410,14,Kanniyakumari,2026-06-28 04:58:55,CHECKPOST_TELEMETRY,UNKNOWN_CONTRABAND,EMERGING,72,RECURRENT_PATTERN,0
SIG-TN-00411,4,Salem,2025-07-10 11:41:41,HEALTH_ANOMALY,UNKNOWN_CONTRABAND,EMERGING,96,RECURRENT_PATTERN,0
SIG-TN-00412,5,Tiruchirappalli,2026-02-25 05:00:37,HEALTH_ANOMALY,COMMERCIAL_GANJA,WATCH,89,RECURRENT_PATTERN,0
SIG-TN-00413,21,Kallakurichi,2026-07-15 13:33:46,HEALTH_ANOMALY,CHEMICAL_PRECURSORS,HIGH_PREVENTIVE_ATTENTION,86,RECURRENT_PATTERN,0
SIG-TN-00414,17,Chengalpattu,2026-01-16 13:39:12,HEALTH_ANOMALY,SYNTHETIC_MDMA,EMERGING,70,RECURRENT_PATTERN,0
SIG-TN-00415,11,Dindigul,2026-06-04 14:40:03,CITIZEN_AGGREGATE,COMMERCIAL_GANJA,HIGH_PREVENTIVE_ATTENTION,77,RECURRENT_PATTERN,0
SIG-TN-00416,3,Madurai,2025-07-16 12:36:51,CITIZEN_AGGREGATE,OPIOID_ANALOGUES,INCREASING,68,RECURRENT_PATTERN,0
SIG-TN-00417,3,Madurai,2025-09-10 22:26:27,CHECKPOST_TELEMETRY,COMMERCIAL_GANJA,HIGH_PREVENTIVE_ATTENTION,78,RECURRENT_PATTERN,0
SIG-TN-00418,16,Kancheepuram,2025-12-25 03:50:59,CHECKPOST_TELEMETRY,CHEMICAL_PRECURSORS,HIGH_PREVENTIVE_ATTENTION,96,RECURRENT_PATTERN,0
SIG-TN-00419,25,Karur,2025-04-11 06:41:46,HEALTH_ANOMALY,SYNTHETIC_MDMA,WATCH,79,RECURRENT_PATTERN,0
SIG-TN-00420,7,Tiruppur,2025-04-26 13:15:30,CHECKPOST_TELEMETRY,OPIOID_ANALOGUES,WATCH,91,RECURRENT_PATTERN,0
SIG-TN-00421,2,Coimbatore,2026-01-05 08:20:09,CHECKPOST_TELEMETRY,OPIOID_ANALOGUES,EMERGING,83,RECURRENT_PATTERN,0
SIG-TN-00422,18,Tiruvallur,2025-09-18 07:31:10,HEALTH_ANOMALY,CHEMICAL_PRECURSORS,HIGH_PREVENTIVE_ATTENTION,81,RECURRENT_PATTERN,0
SIG-TN-00423,28,Pudukkottai,2025-06-05 01:19:42,CHECKPOST_TELEMETRY,COMMERCIAL_GANJA,EMERGING,89,RECURRENT_PATTERN,0
SIG-TN-00424,27,Perambalur,2025-07-17 21:31:03,CITIZEN_AGGREGATE,SYNTHETIC_MDMA,WATCH,73,RECURRENT_PATTERN,0
SIG-TN-00425,4,Salem,2025-01-22 07:36:16,HEALTH_ANOMALY,CHEMICAL_PRECURSORS,WATCH,96,RECURRENT_PATTERN,0
SIG-TN-00426,24,Nilgiris,2025-11-05 20:25:31,CITIZEN_AGGREGATE,UNKNOWN_CONTRABAND,EMERGING,83,FIRST_TIME_SIGNAL,1
SIG-TN-00427,16,Kancheepuram,2025-04-20 20:54:22,CITIZEN_AGGREGATE,CHEMICAL_PRECURSORS,HIGH_PREVENTIVE_ATTENTION,86,RECURRENT_PATTERN,0
SIG-TN-00428,29,Sivaganga,2024-10-09 04:35:25,CHECKPOST_TELEMETRY,COMMERCIAL_GANJA,INCREASING,65,FIRST_TIME_SIGNAL,1
SIG-TN-00429,28,Pudukkottai,2025-03-27 15:36:33,CHECKPOST_TELEMETRY,OPIOID_ANALOGUES,WATCH,92,RECURRENT_PATTERN,0
SIG-TN-00430,23,Namakkal,2025-05-13 15:37:16,HEALTH_ANOMALY,UNKNOWN_CONTRABAND,EMERGING,68,RECURRENT_PATTERN,0
SIG-TN-00431,22,Dharmapuri,2024-12-01 03:39:28,HEALTH_ANOMALY,PRESCRIPTION_NARCOTICS,EMERGING,78,RECURRENT_PATTERN,0
SIG-TN-00432,8,Erode,2026-03-19 06:34:38,CHECKPOST_TELEMETRY,CHEMICAL_PRECURSORS,HIGH_PREVENTIVE_ATTENTION,71,RECURRENT_PATTERN,0
SIG-TN-00433,36,Ranipet,2026-08-10 23:47:50,POLICE_INVESTIGATION,OPIOID_ANALOGUES,INCREASING,67,RECURRENT_PATTERN,0
SIG-TN-00434,32,Theni,2025-12-18 05:19:59,POLICE_INVESTIGATION,OPIOID_ANALOGUES,EMERGING,86,RECURRENT_PATTERN,0
SIG-TN-00435,10,Krishnagiri,2025-02-02 10:24:47,CITIZEN_AGGREGATE,COMMERCIAL_GANJA,HIGH_PREVENTIVE_ATTENTION,69,RECURRENT_PATTERN,0
SIG-TN-00436,36,Ranipet,2025-04-01 01:08:19,POLICE_INVESTIGATION,COMMERCIAL_GANJA,EMERGING,95,RECURRENT_PATTERN,0
SIG-TN-00437,11,Dindigul,2025-07-14 01:33:48,CHECKPOST_TELEMETRY,COMMERCIAL_GANJA,HIGH_PREVENTIVE_ATTENTION,73,FIRST_TIME_SIGNAL,1
SIG-TN-00438,25,Karur,2025-07-25 12:50:58,CITIZEN_AGGREGATE,SYNTHETIC_MDMA,WATCH,96,RECURRENT_PATTERN,0
SIG-TN-00439,10,Krishnagiri,2026-04-04 04:18:05,CITIZEN_AGGREGATE,CHEMICAL_PRECURSORS,EMERGING,71,RECURRENT_PATTERN,0
SIG-TN-00440,3,Madurai,2025-05-17 06:24:00,HEALTH_ANOMALY,OPIOID_ANALOGUES,HIGH_PREVENTIVE_ATTENTION,88,RECURRENT_PATTERN,0
SIG-TN-00441,20,Viluppuram,2026-01-30 23:06:50,POLICE_INVESTIGATION,PRESCRIPTION_NARCOTICS,HIGH_PREVENTIVE_ATTENTION,94,RECURRENT_PATTERN,0
SIG-TN-00442,12,Thanjavur,2026-03-01 22:23:13,CITIZEN_AGGREGATE,UNKNOWN_CONTRABAND,WATCH,92,RECURRENT_PATTERN,0
SIG-TN-00443,33,Thiruvarur,2025-01-27 13:14:20,CITIZEN_AGGREGATE,COMMERCIAL_GANJA,EMERGING,94,RECURRENT_PATTERN,0
SIG-TN-00444,38,Tiruvannamalai,2025-09-01 19:54:10,CHECKPOST_TELEMETRY,PRESCRIPTION_NARCOTICS,INCREASING,95,RECURRENT_PATTERN,0
SIG-TN-00445,23,Namakkal,2025-01-27 02:45:15,POLICE_INVESTIGATION,PRESCRIPTION_NARCOTICS,HIGH_PREVENTIVE_ATTENTION,66,FIRST_TIME_SIGNAL,1
SIG-TN-00446,38,Tiruvannamalai,2025-01-15 12:33:43,CHECKPOST_TELEMETRY,OPIOID_ANALOGUES,INCREASING,95,RECURRENT_PATTERN,0
SIG-TN-00447,32,Theni,2025-08-09 07:56:01,HEALTH_ANOMALY,OPIOID_ANALOGUES,EMERGING,81,RECURRENT_PATTERN,0
SIG-TN-00448,26,Ariyalur,2026-07-29 05:40:53,CHECKPOST_TELEMETRY,COMMERCIAL_GANJA,WATCH,88,RECURRENT_PATTERN,0
SIG-TN-00449,20,Viluppuram,2026-01-03 05:16:06,HEALTH_ANOMALY,OPIOID_ANALOGUES,INCREASING,81,RECURRENT_PATTERN,0
SIG-TN-00450,37,Tirupathur,2026-05-28 18:27:27,CHECKPOST_TELEMETRY,SYNTHETIC_MDMA,WATCH,93,RECURRENT_PATTERN,0
SIG-TN-00451,34,Nagapattinam,2025-10-29 13:38:25,POLICE_INVESTIGATION,UNKNOWN_CONTRABAND,INCREASING,84,FIRST_TIME_SIGNAL,1
SIG-TN-00452,29,Sivaganga,2025-02-02 21:01:31,POLICE_INVESTIGATION,CHEMICAL_PRECURSORS,EMERGING,96,RECURRENT_PATTERN,0
SIG-TN-00453,6,Tirunelveli,2025-11-10 05:26:46,HEALTH_ANOMALY,CHEMICAL_PRECURSORS,WATCH,77,RECURRENT_PATTERN,0
SIG-TN-00454,20,Viluppuram,2026-06-21 16:06:31,HEALTH_ANOMALY,COMMERCIAL_GANJA,HIGH_PREVENTIVE_ATTENTION,92,RECURRENT_PATTERN,0
SIG-TN-00455,25,Karur,2025-06-02 16:35:02,CHECKPOST_TELEMETRY,PRESCRIPTION_NARCOTICS,WATCH,94,RECURRENT_PATTERN,0
SIG-TN-00456,22,Dharmapuri,2026-03-27 17:19:44,CHECKPOST_TELEMETRY,OPIOID_ANALOGUES,WATCH,70,RECURRENT_PATTERN,0
SIG-TN-00457,7,Tiruppur,2025-10-10 11:05:26,CHECKPOST_TELEMETRY,CHEMICAL_PRECURSORS,EMERGING,86,RECURRENT_PATTERN,0
SIG-TN-00458,35,Mayiladuthurai,2025-08-22 19:16:45,CHECKPOST_TELEMETRY,PRESCRIPTION_NARCOTICS,INCREASING,76,RECURRENT_PATTERN,0
SIG-TN-00459,32,Theni,2025-01-15 18:56:35,CHECKPOST_TELEMETRY,PRESCRIPTION_NARCOTICS,HIGH_PREVENTIVE_ATTENTION,89,RECURRENT_PATTERN,0
SIG-TN-00460,11,Dindigul,2025-12-20 09:42:34,CITIZEN_AGGREGATE,OPIOID_ANALOGUES,EMERGING,78,RECURRENT_PATTERN,0
SIG-TN-00461,36,Ranipet,2026-07-18 16:35:38,CHECKPOST_TELEMETRY,COMMERCIAL_GANJA,HIGH_PREVENTIVE_ATTENTION,96,RECURRENT_PATTERN,0
SIG-TN-00462,12,Thanjavur,2024-09-26 11:23:10,CHECKPOST_TELEMETRY,SYNTHETIC_MDMA,EMERGING,81,RECURRENT_PATTERN,0
SIG-TN-00463,37,Tirupathur,2024-10-22 22:56:08,POLICE_INVESTIGATION,PRESCRIPTION_NARCOTICS,INCREASING,83,FIRST_TIME_SIGNAL,1
SIG-TN-00464,35,Mayiladuthurai,2026-01-21 14:41:28,HEALTH_ANOMALY,SYNTHETIC_MDMA,INCREASING,91,RECURRENT_PATTERN,0
SIG-TN-00465,14,Kanniyakumari,2024-10-04 22:02:25,CITIZEN_AGGREGATE,CHEMICAL_PRECURSORS,INCREASING,79,RECURRENT_PATTERN,0
SIG-TN-00466,14,Kanniyakumari,2026-06-21 00:32:18,POLICE_INVESTIGATION,SYNTHETIC_MDMA,EMERGING,73,FIRST_TIME_SIGNAL,1
SIG-TN-00467,34,Nagapattinam,2024-10-19 21:11:57,CHECKPOST_TELEMETRY,OPIOID_ANALOGUES,HIGH_PREVENTIVE_ATTENTION,83,RECURRENT_PATTERN,0
SIG-TN-00468,27,Perambalur,2026-01-26 06:37:10,POLICE_INVESTIGATION,CHEMICAL_PRECURSORS,EMERGING,78,RECURRENT_PATTERN,0
SIG-TN-00469,15,Tenkasi,2025-02-01 18:01:00,HEALTH_ANOMALY,SYNTHETIC_MDMA,WATCH,73,RECURRENT_PATTERN,0
SIG-TN-00470,21,Kallakurichi,2025-09-22 15:48:42,CHECKPOST_TELEMETRY,UNKNOWN_CONTRABAND,HIGH_PREVENTIVE_ATTENTION,96,RECURRENT_PATTERN,0
SIG-TN-00471,15,Tenkasi,2025-06-12 09:28:21,POLICE_INVESTIGATION,PRESCRIPTION_NARCOTICS,EMERGING,76,RECURRENT_PATTERN,0
SIG-TN-00472,3,Madurai,2025-09-04 11:06:20,CHECKPOST_TELEMETRY,CHEMICAL_PRECURSORS,INCREASING,82,RECURRENT_PATTERN,0
SIG-TN-00473,15,Tenkasi,2026-01-03 07:26:15,CITIZEN_AGGREGATE,PRESCRIPTION_NARCOTICS,EMERGING,93,RECURRENT_PATTERN,0
SIG-TN-00474,28,Pudukkottai,2024-12-22 10:53:58,HEALTH_ANOMALY,UNKNOWN_CONTRABAND,HIGH_PREVENTIVE_ATTENTION,74,RECURRENT_PATTERN,0
SIG-TN-00475,32,Theni,2026-01-22 14:27:01,CITIZEN_AGGREGATE,PRESCRIPTION_NARCOTICS,EMERGING,86,RECURRENT_PATTERN,0
SIG-TN-00476,5,Tiruchirappalli,2025-02-23 13:35:15,HEALTH_ANOMALY,UNKNOWN_CONTRABAND,WATCH,73,RECURRENT_PATTERN,0
SIG-TN-00477,23,Namakkal,2026-03-22 19:35:01,HEALTH_ANOMALY,PRESCRIPTION_NARCOTICS,EMERGING,96,RECURRENT_PATTERN,0
SIG-TN-00478,26,Ariyalur,2024-12-02 10:42:20,HEALTH_ANOMALY,CHEMICAL_PRECURSORS,WATCH,66,RECURRENT_PATTERN,0
SIG-TN-00479,29,Sivaganga,2026-04-26 17:43:40,HEALTH_ANOMALY,SYNTHETIC_MDMA,INCREASING,93,RECURRENT_PATTERN,0
SIG-TN-00480,17,Chengalpattu,2025-06-20 15:57:06,HEALTH_ANOMALY,PRESCRIPTION_NARCOTICS,INCREASING,66,RECURRENT_PATTERN,0
SIG-TN-00481,17,Chengalpattu,2025-05-14 05:16:45,CHECKPOST_TELEMETRY,UNKNOWN_CONTRABAND,HIGH_PREVENTIVE_ATTENTION,90,RECURRENT_PATTERN,0
SIG-TN-00482,32,Theni,2026-07-01 19:19:30,CHECKPOST_TELEMETRY,PRESCRIPTION_NARCOTICS,INCREASING,96,RECURRENT_PATTERN,0
SIG-TN-00483,14,Kanniyakumari,2025-12-21 02:32:51,POLICE_INVESTIGATION,CHEMICAL_PRECURSORS,EMERGING,85,RECURRENT_PATTERN,0
SIG-TN-00484,12,Thanjavur,2025-03-29 13:53:31,CHECKPOST_TELEMETRY,CHEMICAL_PRECURSORS,HIGH_PREVENTIVE_ATTENTION,81,RECURRENT_PATTERN,0
SIG-TN-00485,24,Nilgiris,2026-08-08 09:56:05,HEALTH_ANOMALY,SYNTHETIC_MDMA,EMERGING,86,RECURRENT_PATTERN,0
SIG-TN-00486,36,Ranipet,2026-01-06 05:23:08,HEALTH_ANOMALY,UNKNOWN_CONTRABAND,INCREASING,76,RECURRENT_PATTERN,0
SIG-TN-00487,25,Karur,2026-01-15 11:11:08,CITIZEN_AGGREGATE,SYNTHETIC_MDMA,EMERGING,96,RECURRENT_PATTERN,0
SIG-TN-00488,13,Thoothukudi,2026-06-09 15:12:50,CITIZEN_AGGREGATE,COMMERCIAL_GANJA,INCREASING,68,RECURRENT_PATTERN,0
SIG-TN-00489,10,Krishnagiri,2026-07-01 17:24:58,HEALTH_ANOMALY,SYNTHETIC_MDMA,WATCH,84,RECURRENT_PATTERN,0
SIG-TN-00490,38,Tiruvannamalai,2026-03-10 12:41:31,CHECKPOST_TELEMETRY,OPIOID_ANALOGUES,WATCH,89,RECURRENT_PATTERN,0
SIG-TN-00491,25,Karur,2025-10-31 04:49:34,HEALTH_ANOMALY,COMMERCIAL_GANJA,HIGH_PREVENTIVE_ATTENTION,84,RECURRENT_PATTERN,0
SIG-TN-00492,19,Cuddalore,2026-01-08 01:50:06,HEALTH_ANOMALY,OPIOID_ANALOGUES,WATCH,80,RECURRENT_PATTERN,0
SIG-TN-00493,21,Kallakurichi,2026-06-29 20:02:23,CITIZEN_AGGREGATE,UNKNOWN_CONTRABAND,HIGH_PREVENTIVE_ATTENTION,88,RECURRENT_PATTERN,0
SIG-TN-00494,3,Madurai,2025-12-27 15:43:09,HEALTH_ANOMALY,COMMERCIAL_GANJA,HIGH_PREVENTIVE_ATTENTION,77,RECURRENT_PATTERN,0
SIG-TN-00495,23,Namakkal,2025-05-21 16:50:17,POLICE_INVESTIGATION,SYNTHETIC_MDMA,WATCH,69,RECURRENT_PATTERN,0
SIG-TN-00496,27,Perambalur,2025-07-09 23:22:00,CITIZEN_AGGREGATE,SYNTHETIC_MDMA,HIGH_PREVENTIVE_ATTENTION,68,RECURRENT_PATTERN,0
SIG-TN-00497,22,Dharmapuri,2025-03-23 12:52:00,HEALTH_ANOMALY,SYNTHETIC_MDMA,HIGH_PREVENTIVE_ATTENTION,96,RECURRENT_PATTERN,0
SIG-TN-00498,10,Krishnagiri,2025-07-25 18:23:20,CHECKPOST_TELEMETRY,CHEMICAL_PRECURSORS,HIGH_PREVENTIVE_ATTENTION,90,RECURRENT_PATTERN,0
SIG-TN-00499,33,Thiruvarur,2025-03-14 17:08:19,CHECKPOST_TELEMETRY,SYNTHETIC_MDMA,HIGH_PREVENTIVE_ATTENTION,68,RECURRENT_PATTERN,0
SIG-TN-00500,14,Kanniyakumari,2025-09-29 10:57:11,HEALTH_ANOMALY,SYNTHETIC_MDMA,EMERGING,73,RECURRENT_PATTERN,0
SIG-TN-00501,14,Kanniyakumari,2026-03-02 03:05:39,CITIZEN_AGGREGATE,OPIOID_ANALOGUES,EMERGING,68,RECURRENT_PATTERN,0
SIG-TN-00502,28,Pudukkottai,2026-05-26 22:48:24,CITIZEN_AGGREGATE,SYNTHETIC_MDMA,INCREASING,84,RECURRENT_PATTERN,0
SIG-TN-00503,2,Coimbatore,2024-12-07 06:58:58,HEALTH_ANOMALY,COMMERCIAL_GANJA,HIGH_PREVENTIVE_ATTENTION,90,RECURRENT_PATTERN,0
SIG-TN-00504,17,Chengalpattu,2024-12-27 11:19:59,CHECKPOST_TELEMETRY,OPIOID_ANALOGUES,EMERGING,87,RECURRENT_PATTERN,0
SIG-TN-00505,35,Mayiladuthurai,2026-04-20 22:21:22,CITIZEN_AGGREGATE,PRESCRIPTION_NARCOTICS,WATCH,77,RECURRENT_PATTERN,0
SIG-TN-00506,14,Kanniyakumari,2025-12-28 07:44:56,POLICE_INVESTIGATION,SYNTHETIC_MDMA,INCREASING,68,RECURRENT_PATTERN,0
SIG-TN-00507,36,Ranipet,2025-09-23 11:19:27,POLICE_INVESTIGATION,UNKNOWN_CONTRABAND,WATCH,88,RECURRENT_PATTERN,0
SIG-TN-00508,13,Thoothukudi,2026-02-22 17:13:59,CITIZEN_AGGREGATE,SYNTHETIC_MDMA,EMERGING,74,RECURRENT_PATTERN,0
SIG-TN-00509,24,Nilgiris,2026-03-09 17:39:21,POLICE_INVESTIGATION,PRESCRIPTION_NARCOTICS,EMERGING,93,RECURRENT_PATTERN,0
SIG-TN-00510,4,Salem,2025-10-16 11:14:48,POLICE_INVESTIGATION,UNKNOWN_CONTRABAND,WATCH,81,RECURRENT_PATTERN,0
SIG-TN-00511,25,Karur,2024-10-15 22:33:06,HEALTH_ANOMALY,PRESCRIPTION_NARCOTICS,HIGH_PREVENTIVE_ATTENTION,66,RECURRENT_PATTERN,0
SIG-TN-00512,10,Krishnagiri,2025-12-12 13:23:49,POLICE_INVESTIGATION,COMMERCIAL_GANJA,EMERGING,77,RECURRENT_PATTERN,0
SIG-TN-00513,38,Tiruvannamalai,2025-07-19 01:27:11,CITIZEN_AGGREGATE,OPIOID_ANALOGUES,INCREASING,66,RECURRENT_PATTERN,0
SIG-TN-00514,29,Sivaganga,2025-09-25 06:13:45,HEALTH_ANOMALY,OPIOID_ANALOGUES,INCREASING,87,RECURRENT_PATTERN,0
SIG-TN-00515,1,Chennai,2026-05-21 04:43:16,CITIZEN_AGGREGATE,PRESCRIPTION_NARCOTICS,WATCH,77,RECURRENT_PATTERN,0
SIG-TN-00516,28,Pudukkottai,2026-01-23 02:20:46,HEALTH_ANOMALY,CHEMICAL_PRECURSORS,INCREASING,86,RECURRENT_PATTERN,0
SIG-TN-00517,1,Chennai,2026-08-10 07:01:54,CHECKPOST_TELEMETRY,CHEMICAL_PRECURSORS,EMERGING,88,RECURRENT_PATTERN,0
SIG-TN-00518,4,Salem,2025-09-02 05:19:07,HEALTH_ANOMALY,COMMERCIAL_GANJA,HIGH_PREVENTIVE_ATTENTION,82,FIRST_TIME_SIGNAL,1
SIG-TN-00519,22,Dharmapuri,2025-06-23 17:51:20,HEALTH_ANOMALY,SYNTHETIC_MDMA,WATCH,94,RECURRENT_PATTERN,0
SIG-TN-00520,4,Salem,2025-10-16 02:43:16,CITIZEN_AGGREGATE,CHEMICAL_PRECURSORS,WATCH,83,RECURRENT_PATTERN,0
SIG-TN-00521,24,Nilgiris,2026-05-13 06:19:49,HEALTH_ANOMALY,COMMERCIAL_GANJA,EMERGING,94,RECURRENT_PATTERN,0
SIG-TN-00522,22,Dharmapuri,2025-05-07 13:39:20,CITIZEN_AGGREGATE,UNKNOWN_CONTRABAND,HIGH_PREVENTIVE_ATTENTION,79,RECURRENT_PATTERN,0
SIG-TN-00523,10,Krishnagiri,2025-07-14 18:27:47,HEALTH_ANOMALY,OPIOID_ANALOGUES,WATCH,81,RECURRENT_PATTERN,0
SIG-TN-00524,1,Chennai,2026-03-26 09:33:59,CHECKPOST_TELEMETRY,SYNTHETIC_MDMA,HIGH_PREVENTIVE_ATTENTION,93,RECURRENT_PATTERN,0
SIG-TN-00525,25,Karur,2025-05-17 14:26:12,CITIZEN_AGGREGATE,OPIOID_ANALOGUES,EMERGING,85,RECURRENT_PATTERN,0
SIG-TN-00526,11,Dindigul,2026-04-26 03:31:34,CITIZEN_AGGREGATE,COMMERCIAL_GANJA,WATCH,85,FIRST_TIME_SIGNAL,1
SIG-TN-00527,37,Tirupathur,2025-03-26 23:35:46,CHECKPOST_TELEMETRY,PRESCRIPTION_NARCOTICS,HIGH_PREVENTIVE_ATTENTION,74,RECURRENT_PATTERN,0
SIG-TN-00528,20,Viluppuram,2025-08-09 12:35:40,HEALTH_ANOMALY,OPIOID_ANALOGUES,INCREASING,86,RECURRENT_PATTERN,0
SIG-TN-00529,7,Tiruppur,2025-01-27 22:04:54,CITIZEN_AGGREGATE,UNKNOWN_CONTRABAND,INCREASING,93,RECURRENT_PATTERN,0
SIG-TN-00530,11,Dindigul,2025-07-04 00:06:01,CHECKPOST_TELEMETRY,SYNTHETIC_MDMA,EMERGING,84,RECURRENT_PATTERN,0
SIG-TN-00531,20,Viluppuram,2025-07-12 18:56:11,POLICE_INVESTIGATION,SYNTHETIC_MDMA,EMERGING,91,RECURRENT_PATTERN,0
SIG-TN-00532,16,Kancheepuram,2024-11-09 19:33:28,CITIZEN_AGGREGATE,PRESCRIPTION_NARCOTICS,HIGH_PREVENTIVE_ATTENTION,78,RECURRENT_PATTERN,0
SIG-TN-00533,30,Ramanathapuram,2026-03-21 04:46:34,HEALTH_ANOMALY,SYNTHETIC_MDMA,INCREASING,89,RECURRENT_PATTERN,0
SIG-TN-00534,7,Tiruppur,2026-03-24 04:30:41,CHECKPOST_TELEMETRY,SYNTHETIC_MDMA,INCREASING,67,RECURRENT_PATTERN,0
SIG-TN-00535,29,Sivaganga,2025-11-12 17:18:07,HEALTH_ANOMALY,SYNTHETIC_MDMA,HIGH_PREVENTIVE_ATTENTION,78,RECURRENT_PATTERN,0
SIG-TN-00536,9,Vellore,2026-05-12 20:40:05,HEALTH_ANOMALY,COMMERCIAL_GANJA,EMERGING,79,RECURRENT_PATTERN,0
SIG-TN-00537,24,Nilgiris,2026-06-16 20:30:47,CHECKPOST_TELEMETRY,PRESCRIPTION_NARCOTICS,INCREASING,71,RECURRENT_PATTERN,0
SIG-TN-00538,21,Kallakurichi,2025-07-05 16:01:27,HEALTH_ANOMALY,UNKNOWN_CONTRABAND,EMERGING,66,RECURRENT_PATTERN,0
SIG-TN-00539,6,Tirunelveli,2026-01-02 02:39:37,CHECKPOST_TELEMETRY,COMMERCIAL_GANJA,HIGH_PREVENTIVE_ATTENTION,74,RECURRENT_PATTERN,0
SIG-TN-00540,35,Mayiladuthurai,2025-12-17 17:02:15,CHECKPOST_TELEMETRY,OPIOID_ANALOGUES,HIGH_PREVENTIVE_ATTENTION,68,RECURRENT_PATTERN,0
SIG-TN-00541,36,Ranipet,2025-04-02 20:32:01,POLICE_INVESTIGATION,PRESCRIPTION_NARCOTICS,INCREASING,80,RECURRENT_PATTERN,0
SIG-TN-00542,6,Tirunelveli,2025-01-22 23:44:56,CITIZEN_AGGREGATE,PRESCRIPTION_NARCOTICS,INCREASING,95,FIRST_TIME_SIGNAL,1
SIG-TN-00543,8,Erode,2025-09-19 18:10:02,POLICE_INVESTIGATION,PRESCRIPTION_NARCOTICS,HIGH_PREVENTIVE_ATTENTION,87,RECURRENT_PATTERN,0
SIG-TN-00544,6,Tirunelveli,2025-05-07 08:15:36,HEALTH_ANOMALY,COMMERCIAL_GANJA,WATCH,66,RECURRENT_PATTERN,0
SIG-TN-00545,23,Namakkal,2024-09-25 07:03:15,POLICE_INVESTIGATION,SYNTHETIC_MDMA,INCREASING,92,RECURRENT_PATTERN,0
SIG-TN-00546,37,Tirupathur,2025-12-19 21:01:59,HEALTH_ANOMALY,OPIOID_ANALOGUES,INCREASING,69,RECURRENT_PATTERN,0
SIG-TN-00547,30,Ramanathapuram,2025-08-24 16:30:20,POLICE_INVESTIGATION,UNKNOWN_CONTRABAND,WATCH,89,RECURRENT_PATTERN,0
SIG-TN-00548,29,Sivaganga,2025-06-25 07:14:49,POLICE_INVESTIGATION,SYNTHETIC_MDMA,HIGH_PREVENTIVE_ATTENTION,69,RECURRENT_PATTERN,0
SIG-TN-00549,14,Kanniyakumari,2025-03-24 00:46:32,HEALTH_ANOMALY,CHEMICAL_PRECURSORS,INCREASING,65,RECURRENT_PATTERN,0
SIG-TN-00550,18,Tiruvallur,2026-06-18 00:53:11,CITIZEN_AGGREGATE,COMMERCIAL_GANJA,WATCH,72,RECURRENT_PATTERN,0
SIG-TN-00551,8,Erode,2024-09-27 02:12:55,POLICE_INVESTIGATION,OPIOID_ANALOGUES,INCREASING,90,RECURRENT_PATTERN,0
SIG-TN-00552,7,Tiruppur,2025-08-20 11:47:41,CITIZEN_AGGREGATE,OPIOID_ANALOGUES,EMERGING,76,FIRST_TIME_SIGNAL,1
SIG-TN-00553,10,Krishnagiri,2024-10-03 07:40:18,POLICE_INVESTIGATION,COMMERCIAL_GANJA,WATCH,86,RECURRENT_PATTERN,0
SIG-TN-00554,7,Tiruppur,2026-08-08 11:26:21,POLICE_INVESTIGATION,UNKNOWN_CONTRABAND,WATCH,78,RECURRENT_PATTERN,0
SIG-TN-00555,6,Tirunelveli,2026-08-19 22:50:04,HEALTH_ANOMALY,SYNTHETIC_MDMA,HIGH_PREVENTIVE_ATTENTION,82,RECURRENT_PATTERN,0
SIG-TN-00556,13,Thoothukudi,2025-03-20 17:04:11,CITIZEN_AGGREGATE,OPIOID_ANALOGUES,EMERGING,93,RECURRENT_PATTERN,0
SIG-TN-00557,12,Thanjavur,2025-07-11 10:10:52,POLICE_INVESTIGATION,COMMERCIAL_GANJA,INCREASING,78,RECURRENT_PATTERN,0
SIG-TN-00558,10,Krishnagiri,2024-09-22 16:47:30,POLICE_INVESTIGATION,CHEMICAL_PRECURSORS,EMERGING,69,RECURRENT_PATTERN,0
SIG-TN-00559,37,Tirupathur,2026-06-25 13:59:48,CHECKPOST_TELEMETRY,UNKNOWN_CONTRABAND,INCREASING,90,RECURRENT_PATTERN,0
SIG-TN-00560,1,Chennai,2026-06-16 23:47:59,CHECKPOST_TELEMETRY,COMMERCIAL_GANJA,WATCH,88,RECURRENT_PATTERN,0
SIG-TN-00561,16,Kancheepuram,2025-05-26 05:44:39,CHECKPOST_TELEMETRY,SYNTHETIC_MDMA,HIGH_PREVENTIVE_ATTENTION,95,RECURRENT_PATTERN,0
SIG-TN-00562,5,Tiruchirappalli,2026-02-06 00:26:52,POLICE_INVESTIGATION,CHEMICAL_PRECURSORS,WATCH,79,RECURRENT_PATTERN,0
SIG-TN-00563,25,Karur,2026-06-04 03:09:14,POLICE_INVESTIGATION,PRESCRIPTION_NARCOTICS,HIGH_PREVENTIVE_ATTENTION,95,RECURRENT_PATTERN,0
SIG-TN-00564,32,Theni,2024-10-13 00:43:25,CHECKPOST_TELEMETRY,UNKNOWN_CONTRABAND,INCREASING,70,RECURRENT_PATTERN,0
SIG-TN-00565,23,Namakkal,2026-08-04 20:52:39,POLICE_INVESTIGATION,PRESCRIPTION_NARCOTICS,INCREASING,76,RECURRENT_PATTERN,0
SIG-TN-00566,2,Coimbatore,2025-06-07 07:50:26,CHECKPOST_TELEMETRY,UNKNOWN_CONTRABAND,WATCH,67,RECURRENT_PATTERN,0
SIG-TN-00567,2,Coimbatore,2025-06-29 07:11:09,HEALTH_ANOMALY,CHEMICAL_PRECURSORS,HIGH_PREVENTIVE_ATTENTION,72,RECURRENT_PATTERN,0
SIG-TN-00568,28,Pudukkottai,2025-11-22 08:50:23,CHECKPOST_TELEMETRY,PRESCRIPTION_NARCOTICS,EMERGING,86,RECURRENT_PATTERN,0
SIG-TN-00569,12,Thanjavur,2025-01-06 04:23:44,CITIZEN_AGGREGATE,PRESCRIPTION_NARCOTICS,HIGH_PREVENTIVE_ATTENTION,66,RECURRENT_PATTERN,0
SIG-TN-00570,24,Nilgiris,2026-07-18 11:23:13,CHECKPOST_TELEMETRY,UNKNOWN_CONTRABAND,WATCH,89,RECURRENT_PATTERN,0
SIG-TN-00571,25,Karur,2025-08-26 06:17:32,CITIZEN_AGGREGATE,COMMERCIAL_GANJA,HIGH_PREVENTIVE_ATTENTION,88,RECURRENT_PATTERN,0
SIG-TN-00572,17,Chengalpattu,2026-03-28 08:24:53,HEALTH_ANOMALY,UNKNOWN_CONTRABAND,INCREASING,68,RECURRENT_PATTERN,0
SIG-TN-00573,35,Mayiladuthurai,2026-04-22 03:13:46,POLICE_INVESTIGATION,CHEMICAL_PRECURSORS,EMERGING,93,RECURRENT_PATTERN,0
SIG-TN-00574,25,Karur,2026-07-14 17:59:56,CITIZEN_AGGREGATE,CHEMICAL_PRECURSORS,INCREASING,78,RECURRENT_PATTERN,0
SIG-TN-00575,3,Madurai,2025-09-14 19:59:48,HEALTH_ANOMALY,PRESCRIPTION_NARCOTICS,WATCH,91,RECURRENT_PATTERN,0
SIG-TN-00576,15,Tenkasi,2025-05-13 13:15:35,CHECKPOST_TELEMETRY,CHEMICAL_PRECURSORS,WATCH,88,RECURRENT_PATTERN,0
SIG-TN-00577,34,Nagapattinam,2024-12-01 15:06:11,POLICE_INVESTIGATION,PRESCRIPTION_NARCOTICS,EMERGING,77,RECURRENT_PATTERN,0
SIG-TN-00578,23,Namakkal,2026-05-20 19:51:29,HEALTH_ANOMALY,CHEMICAL_PRECURSORS,HIGH_PREVENTIVE_ATTENTION,82,RECURRENT_PATTERN,0
SIG-TN-00579,23,Namakkal,2025-08-19 11:48:41,POLICE_INVESTIGATION,COMMERCIAL_GANJA,WATCH,89,RECURRENT_PATTERN,0
SIG-TN-00580,3,Madurai,2025-01-16 01:55:07,CHECKPOST_TELEMETRY,OPIOID_ANALOGUES,WATCH,72,RECURRENT_PATTERN,0
SIG-TN-00581,34,Nagapattinam,2025-11-12 08:17:50,HEALTH_ANOMALY,SYNTHETIC_MDMA,WATCH,76,RECURRENT_PATTERN,0
SIG-TN-00582,30,Ramanathapuram,2025-08-23 14:19:08,HEALTH_ANOMALY,SYNTHETIC_MDMA,EMERGING,91,RECURRENT_PATTERN,0
SIG-TN-00583,36,Ranipet,2025-02-20 05:59:45,POLICE_INVESTIGATION,OPIOID_ANALOGUES,WATCH,82,RECURRENT_PATTERN,0
SIG-TN-00584,2,Coimbatore,2026-01-15 00:00:09,POLICE_INVESTIGATION,CHEMICAL_PRECURSORS,HIGH_PREVENTIVE_ATTENTION,79,RECURRENT_PATTERN,0
SIG-TN-00585,35,Mayiladuthurai,2026-03-09 02:24:15,HEALTH_ANOMALY,COMMERCIAL_GANJA,HIGH_PREVENTIVE_ATTENTION,91,RECURRENT_PATTERN,0
SIG-TN-00586,6,Tirunelveli,2024-09-21 12:30:40,CITIZEN_AGGREGATE,CHEMICAL_PRECURSORS,WATCH,75,RECURRENT_PATTERN,0
SIG-TN-00587,2,Coimbatore,2025-03-21 23:25:47,CITIZEN_AGGREGATE,PRESCRIPTION_NARCOTICS,HIGH_PREVENTIVE_ATTENTION,78,RECURRENT_PATTERN,0
SIG-TN-00588,8,Erode,2026-03-16 02:38:09,POLICE_INVESTIGATION,CHEMICAL_PRECURSORS,HIGH_PREVENTIVE_ATTENTION,70,RECURRENT_PATTERN,0
SIG-TN-00589,33,Thiruvarur,2024-09-28 06:48:17,HEALTH_ANOMALY,OPIOID_ANALOGUES,EMERGING,86,RECURRENT_PATTERN,0
SIG-TN-00590,24,Nilgiris,2026-02-04 08:46:28,POLICE_INVESTIGATION,CHEMICAL_PRECURSORS,HIGH_PREVENTIVE_ATTENTION,76,RECURRENT_PATTERN,0
SIG-TN-00591,20,Viluppuram,2024-10-06 00:39:49,POLICE_INVESTIGATION,UNKNOWN_CONTRABAND,INCREASING,94,RECURRENT_PATTERN,0
SIG-TN-00592,27,Perambalur,2025-03-17 14:10:45,POLICE_INVESTIGATION,OPIOID_ANALOGUES,HIGH_PREVENTIVE_ATTENTION,65,RECURRENT_PATTERN,0
SIG-TN-00593,23,Namakkal,2025-07-09 09:54:10,HEALTH_ANOMALY,PRESCRIPTION_NARCOTICS,EMERGING,79,RECURRENT_PATTERN,0
SIG-TN-00594,7,Tiruppur,2026-01-28 12:44:48,CITIZEN_AGGREGATE,PRESCRIPTION_NARCOTICS,EMERGING,82,RECURRENT_PATTERN,0
SIG-TN-00595,17,Chengalpattu,2025-03-22 05:07:56,POLICE_INVESTIGATION,UNKNOWN_CONTRABAND,HIGH_PREVENTIVE_ATTENTION,75,RECURRENT_PATTERN,0
SIG-TN-00596,36,Ranipet,2026-07-26 08:57:25,HEALTH_ANOMALY,UNKNOWN_CONTRABAND,EMERGING,72,RECURRENT_PATTERN,0
SIG-TN-00597,20,Viluppuram,2025-08-12 11:33:39,CHECKPOST_TELEMETRY,CHEMICAL_PRECURSORS,HIGH_PREVENTIVE_ATTENTION,72,RECURRENT_PATTERN,0
SIG-TN-00598,31,Virudhunagar,2024-10-18 01:48:33,CITIZEN_AGGREGATE,UNKNOWN_CONTRABAND,INCREASING,75,RECURRENT_PATTERN,0
SIG-TN-00599,34,Nagapattinam,2025-09-20 09:57:40,POLICE_INVESTIGATION,OPIOID_ANALOGUES,EMERGING,67,RECURRENT_PATTERN,0
SIG-TN-00600,33,Thiruvarur,2025-01-27 19:06:02,POLICE_INVESTIGATION,COMMERCIAL_GANJA,EMERGING,93,RECURRENT_PATTERN,0
SIG-TN-00601,1,Chennai,2025-12-16 16:25:50,CHECKPOST_TELEMETRY,COMMERCIAL_GANJA,HIGH_PREVENTIVE_ATTENTION,89,RECURRENT_PATTERN,0
SIG-TN-00602,28,Pudukkottai,2025-01-27 06:04:27,HEALTH_ANOMALY,PRESCRIPTION_NARCOTICS,EMERGING,90,RECURRENT_PATTERN,0
SIG-TN-00603,9,Vellore,2025-07-28 04:23:50,CHECKPOST_TELEMETRY,OPIOID_ANALOGUES,WATCH,84,RECURRENT_PATTERN,0
SIG-TN-00604,30,Ramanathapuram,2025-02-07 14:25:13,CHECKPOST_TELEMETRY,SYNTHETIC_MDMA,WATCH,76,RECURRENT_PATTERN,0
SIG-TN-00605,1,Chennai,2025-05-27 18:30:53,POLICE_INVESTIGATION,PRESCRIPTION_NARCOTICS,WATCH,68,RECURRENT_PATTERN,0
SIG-TN-00606,8,Erode,2026-07-12 15:57:24,POLICE_INVESTIGATION,COMMERCIAL_GANJA,WATCH,76,RECURRENT_PATTERN,0
SIG-TN-00607,2,Coimbatore,2025-02-26 00:46:24,HEALTH_ANOMALY,UNKNOWN_CONTRABAND,EMERGING,69,RECURRENT_PATTERN,0
SIG-TN-00608,32,Theni,2025-11-10 14:01:47,CHECKPOST_TELEMETRY,CHEMICAL_PRECURSORS,EMERGING,69,RECURRENT_PATTERN,0
SIG-TN-00609,3,Madurai,2024-12-17 23:22:37,CITIZEN_AGGREGATE,COMMERCIAL_GANJA,INCREASING,81,RECURRENT_PATTERN,0
SIG-TN-00610,37,Tirupathur,2026-06-21 04:15:21,HEALTH_ANOMALY,PRESCRIPTION_NARCOTICS,HIGH_PREVENTIVE_ATTENTION,78,RECURRENT_PATTERN,0
SIG-TN-00611,31,Virudhunagar,2026-06-20 08:32:23,POLICE_INVESTIGATION,CHEMICAL_PRECURSORS,WATCH,70,RECURRENT_PATTERN,0
SIG-TN-00612,14,Kanniyakumari,2026-06-28 20:00:48,CITIZEN_AGGREGATE,SYNTHETIC_MDMA,WATCH,69,RECURRENT_PATTERN,0
SIG-TN-00613,5,Tiruchirappalli,2025-12-18 13:11:38,POLICE_INVESTIGATION,PRESCRIPTION_NARCOTICS,HIGH_PREVENTIVE_ATTENTION,71,RECURRENT_PATTERN,0
SIG-TN-00614,7,Tiruppur,2026-06-06 09:16:00,HEALTH_ANOMALY,OPIOID_ANALOGUES,EMERGING,96,RECURRENT_PATTERN,0
SIG-TN-00615,8,Erode,2025-02-10 05:35:02,CHECKPOST_TELEMETRY,CHEMICAL_PRECURSORS,INCREASING,72,RECURRENT_PATTERN,0
SIG-TN-00616,13,Thoothukudi,2025-07-25 03:14:42,CHECKPOST_TELEMETRY,PRESCRIPTION_NARCOTICS,HIGH_PREVENTIVE_ATTENTION,84,RECURRENT_PATTERN,0
SIG-TN-00617,33,Thiruvarur,2026-04-14 16:16:32,CITIZEN_AGGREGATE,UNKNOWN_CONTRABAND,HIGH_PREVENTIVE_ATTENTION,75,RECURRENT_PATTERN,0
SIG-TN-00618,24,Nilgiris,2024-11-26 05:30:58,HEALTH_ANOMALY,UNKNOWN_CONTRABAND,WATCH,81,RECURRENT_PATTERN,0
SIG-TN-00619,9,Vellore,2025-07-07 21:21:50,CHECKPOST_TELEMETRY,CHEMICAL_PRECURSORS,EMERGING,86,RECURRENT_PATTERN,0
SIG-TN-00620,21,Kallakurichi,2025-12-21 13:00:54,CITIZEN_AGGREGATE,SYNTHETIC_MDMA,INCREASING,76,RECURRENT_PATTERN,0
SIG-TN-00621,30,Ramanathapuram,2025-06-20 01:53:25,POLICE_INVESTIGATION,SYNTHETIC_MDMA,HIGH_PREVENTIVE_ATTENTION,79,RECURRENT_PATTERN,0
SIG-TN-00622,16,Kancheepuram,2025-02-03 00:46:42,HEALTH_ANOMALY,COMMERCIAL_GANJA,INCREASING,78,RECURRENT_PATTERN,0
SIG-TN-00623,12,Thanjavur,2025-05-18 12:26:34,CHECKPOST_TELEMETRY,CHEMICAL_PRECURSORS,EMERGING,68,RECURRENT_PATTERN,0
SIG-TN-00624,17,Chengalpattu,2025-09-06 10:40:45,HEALTH_ANOMALY,UNKNOWN_CONTRABAND,INCREASING,74,RECURRENT_PATTERN,0
SIG-TN-00625,14,Kanniyakumari,2025-01-10 22:41:57,CHECKPOST_TELEMETRY,PRESCRIPTION_NARCOTICS,HIGH_PREVENTIVE_ATTENTION,94,RECURRENT_PATTERN,0
SIG-TN-00626,26,Ariyalur,2025-04-13 06:52:14,CITIZEN_AGGREGATE,SYNTHETIC_MDMA,EMERGING,86,RECURRENT_PATTERN,0
SIG-TN-00627,25,Karur,2024-11-27 22:07:58,CITIZEN_AGGREGATE,CHEMICAL_PRECURSORS,INCREASING,76,RECURRENT_PATTERN,0
SIG-TN-00628,26,Ariyalur,2025-07-08 02:38:47,CHECKPOST_TELEMETRY,UNKNOWN_CONTRABAND,WATCH,66,RECURRENT_PATTERN,0
SIG-TN-00629,32,Theni,2025-09-11 07:40:45,CITIZEN_AGGREGATE,CHEMICAL_PRECURSORS,INCREASING,74,RECURRENT_PATTERN,0
SIG-TN-00630,11,Dindigul,2025-02-01 02:50:43,POLICE_INVESTIGATION,SYNTHETIC_MDMA,WATCH,85,RECURRENT_PATTERN,0
SIG-TN-00631,30,Ramanathapuram,2025-08-28 12:54:37,CHECKPOST_TELEMETRY,CHEMICAL_PRECURSORS,EMERGING,69,RECURRENT_PATTERN,0
SIG-TN-00632,21,Kallakurichi,2026-08-02 12:58:01,CHECKPOST_TELEMETRY,PRESCRIPTION_NARCOTICS,HIGH_PREVENTIVE_ATTENTION,92,RECURRENT_PATTERN,0
SIG-TN-00633,31,Virudhunagar,2026-03-26 03:57:19,HEALTH_ANOMALY,UNKNOWN_CONTRABAND,HIGH_PREVENTIVE_ATTENTION,82,RECURRENT_PATTERN,0
SIG-TN-00634,3,Madurai,2026-08-17 10:08:56,CITIZEN_AGGREGATE,PRESCRIPTION_NARCOTICS,HIGH_PREVENTIVE_ATTENTION,78,RECURRENT_PATTERN,0
SIG-TN-00635,18,Tiruvallur,2025-01-17 09:37:22,HEALTH_ANOMALY,CHEMICAL_PRECURSORS,INCREASING,89,RECURRENT_PATTERN,0
SIG-TN-00636,7,Tiruppur,2025-11-14 17:14:19,HEALTH_ANOMALY,PRESCRIPTION_NARCOTICS,HIGH_PREVENTIVE_ATTENTION,93,RECURRENT_PATTERN,0
SIG-TN-00637,29,Sivaganga,2025-04-23 07:28:38,POLICE_INVESTIGATION,UNKNOWN_CONTRABAND,HIGH_PREVENTIVE_ATTENTION,80,RECURRENT_PATTERN,0
SIG-TN-00638,17,Chengalpattu,2026-03-06 15:29:39,CITIZEN_AGGREGATE,OPIOID_ANALOGUES,WATCH,88,RECURRENT_PATTERN,0
SIG-TN-00639,1,Chennai,2026-03-05 22:31:22,CITIZEN_AGGREGATE,OPIOID_ANALOGUES,EMERGING,72,RECURRENT_PATTERN,0
SIG-TN-00640,38,Tiruvannamalai,2025-11-06 22:01:40,CHECKPOST_TELEMETRY,COMMERCIAL_GANJA,HIGH_PREVENTIVE_ATTENTION,73,RECURRENT_PATTERN,0
SIG-TN-00641,18,Tiruvallur,2025-10-22 06:41:21,POLICE_INVESTIGATION,PRESCRIPTION_NARCOTICS,INCREASING,87,RECURRENT_PATTERN,0
SIG-TN-00642,11,Dindigul,2026-07-12 18:01:59,CHECKPOST_TELEMETRY,UNKNOWN_CONTRABAND,INCREASING,69,RECURRENT_PATTERN,0
SIG-TN-00643,1,Chennai,2026-08-02 02:49:15,POLICE_INVESTIGATION,UNKNOWN_CONTRABAND,WATCH,86,RECURRENT_PATTERN,0
SIG-TN-00644,26,Ariyalur,2025-05-30 00:33:49,HEALTH_ANOMALY,OPIOID_ANALOGUES,HIGH_PREVENTIVE_ATTENTION,96,RECURRENT_PATTERN,0
SIG-TN-00645,7,Tiruppur,2025-04-21 08:28:54,CHECKPOST_TELEMETRY,OPIOID_ANALOGUES,EMERGING,87,RECURRENT_PATTERN,0
SIG-TN-00646,18,Tiruvallur,2024-10-18 11:43:46,CITIZEN_AGGREGATE,UNKNOWN_CONTRABAND,HIGH_PREVENTIVE_ATTENTION,68,RECURRENT_PATTERN,0
SIG-TN-00647,29,Sivaganga,2025-03-03 00:34:13,POLICE_INVESTIGATION,UNKNOWN_CONTRABAND,INCREASING,77,RECURRENT_PATTERN,0
SIG-TN-00648,14,Kanniyakumari,2026-02-09 13:57:18,CITIZEN_AGGREGATE,OPIOID_ANALOGUES,EMERGING,66,RECURRENT_PATTERN,0
SIG-TN-00649,38,Tiruvannamalai,2025-04-02 07:05:16,POLICE_INVESTIGATION,PRESCRIPTION_NARCOTICS,EMERGING,85,RECURRENT_PATTERN,0
SIG-TN-00650,27,Perambalur,2025-04-28 08:10:08,HEALTH_ANOMALY,CHEMICAL_PRECURSORS,HIGH_PREVENTIVE_ATTENTION,74,RECURRENT_PATTERN,0
SIG-TN-00651,5,Tiruchirappalli,2026-03-17 10:44:21,HEALTH_ANOMALY,UNKNOWN_CONTRABAND,HIGH_PREVENTIVE_ATTENTION,86,RECURRENT_PATTERN,0
SIG-TN-00652,23,Namakkal,2026-01-09 10:46:05,POLICE_INVESTIGATION,SYNTHETIC_MDMA,WATCH,66,RECURRENT_PATTERN,0
SIG-TN-00653,33,Thiruvarur,2025-02-17 21:48:01,HEALTH_ANOMALY,PRESCRIPTION_NARCOTICS,HIGH_PREVENTIVE_ATTENTION,77,RECURRENT_PATTERN,0
SIG-TN-00654,15,Tenkasi,2024-10-07 17:48:59,CHECKPOST_TELEMETRY,OPIOID_ANALOGUES,INCREASING,78,RECURRENT_PATTERN,0
SIG-TN-00655,20,Viluppuram,2026-03-03 11:05:59,POLICE_INVESTIGATION,UNKNOWN_CONTRABAND,EMERGING,68,RECURRENT_PATTERN,0
SIG-TN-00656,14,Kanniyakumari,2026-05-18 20:35:12,POLICE_INVESTIGATION,UNKNOWN_CONTRABAND,WATCH,75,RECURRENT_PATTERN,0
SIG-TN-00657,36,Ranipet,2024-12-26 11:29:07,POLICE_INVESTIGATION,CHEMICAL_PRECURSORS,WATCH,92,RECURRENT_PATTERN,0
SIG-TN-00658,33,Thiruvarur,2025-05-12 21:25:33,CITIZEN_AGGREGATE,CHEMICAL_PRECURSORS,EMERGING,83,RECURRENT_PATTERN,0
SIG-TN-00659,26,Ariyalur,2025-09-10 23:46:31,HEALTH_ANOMALY,CHEMICAL_PRECURSORS,EMERGING,96,RECURRENT_PATTERN,0
SIG-TN-00660,7,Tiruppur,2026-04-06 04:39:23,CHECKPOST_TELEMETRY,SYNTHETIC_MDMA,HIGH_PREVENTIVE_ATTENTION,68,FIRST_TIME_SIGNAL,1
SIG-TN-00661,11,Dindigul,2025-02-23 08:12:47,POLICE_INVESTIGATION,CHEMICAL_PRECURSORS,INCREASING,91,RECURRENT_PATTERN,0
SIG-TN-00662,4,Salem,2025-02-05 13:40:36,CHECKPOST_TELEMETRY,COMMERCIAL_GANJA,EMERGING,84,RECURRENT_PATTERN,0
SIG-TN-00663,34,Nagapattinam,2026-01-30 13:16:10,CHECKPOST_TELEMETRY,COMMERCIAL_GANJA,HIGH_PREVENTIVE_ATTENTION,78,RECURRENT_PATTERN,0
SIG-TN-00664,2,Coimbatore,2025-12-13 08:50:10,CITIZEN_AGGREGATE,COMMERCIAL_GANJA,EMERGING,71,RECURRENT_PATTERN,0
SIG-TN-00665,33,Thiruvarur,2025-08-11 19:36:12,CHECKPOST_TELEMETRY,COMMERCIAL_GANJA,WATCH,91,FIRST_TIME_SIGNAL,1
SIG-TN-00666,28,Pudukkottai,2026-03-14 16:21:02,HEALTH_ANOMALY,CHEMICAL_PRECURSORS,INCREASING,73,RECURRENT_PATTERN,0
SIG-TN-00667,27,Perambalur,2026-02-19 14:14:58,HEALTH_ANOMALY,COMMERCIAL_GANJA,EMERGING,83,RECURRENT_PATTERN,0
SIG-TN-00668,18,Tiruvallur,2024-10-21 18:28:44,POLICE_INVESTIGATION,PRESCRIPTION_NARCOTICS,INCREASING,74,FIRST_TIME_SIGNAL,1
SIG-TN-00669,8,Erode,2026-04-16 05:18:10,CITIZEN_AGGREGATE,PRESCRIPTION_NARCOTICS,EMERGING,67,RECURRENT_PATTERN,0
SIG-TN-00670,28,Pudukkottai,2024-11-06 14:38:04,HEALTH_ANOMALY,PRESCRIPTION_NARCOTICS,WATCH,83,RECURRENT_PATTERN,0
SIG-TN-00671,11,Dindigul,2025-10-19 22:11:56,POLICE_INVESTIGATION,UNKNOWN_CONTRABAND,INCREASING,80,RECURRENT_PATTERN,0
SIG-TN-00672,15,Tenkasi,2025-12-01 15:09:53,CITIZEN_AGGREGATE,UNKNOWN_CONTRABAND,WATCH,91,FIRST_TIME_SIGNAL,1
SIG-TN-00673,20,Viluppuram,2024-09-27 04:35:16,CITIZEN_AGGREGATE,OPIOID_ANALOGUES,WATCH,72,RECURRENT_PATTERN,0
SIG-TN-00674,17,Chengalpattu,2025-12-23 03:30:56,CHECKPOST_TELEMETRY,UNKNOWN_CONTRABAND,INCREASING,96,RECURRENT_PATTERN,0
SIG-TN-00675,18,Tiruvallur,2025-07-28 09:45:15,HEALTH_ANOMALY,PRESCRIPTION_NARCOTICS,INCREASING,94,RECURRENT_PATTERN,0
SIG-TN-00676,1,Chennai,2026-02-12 17:28:09,HEALTH_ANOMALY,OPIOID_ANALOGUES,HIGH_PREVENTIVE_ATTENTION,69,RECURRENT_PATTERN,0
SIG-TN-00677,38,Tiruvannamalai,2026-01-29 23:39:05,HEALTH_ANOMALY,COMMERCIAL_GANJA,INCREASING,93,RECURRENT_PATTERN,0
SIG-TN-00678,7,Tiruppur,2025-03-06 01:22:06,CHECKPOST_TELEMETRY,CHEMICAL_PRECURSORS,WATCH,74,RECURRENT_PATTERN,0
SIG-TN-00679,27,Perambalur,2026-03-25 23:01:53,CHECKPOST_TELEMETRY,COMMERCIAL_GANJA,INCREASING,75,RECURRENT_PATTERN,0
SIG-TN-00680,15,Tenkasi,2024-12-12 10:44:42,POLICE_INVESTIGATION,UNKNOWN_CONTRABAND,EMERGING,83,RECURRENT_PATTERN,0
SIG-TN-00681,21,Kallakurichi,2026-02-06 09:44:31,POLICE_INVESTIGATION,CHEMICAL_PRECURSORS,INCREASING,93,FIRST_TIME_SIGNAL,1
SIG-TN-00682,9,Vellore,2025-11-14 18:47:03,CHECKPOST_TELEMETRY,UNKNOWN_CONTRABAND,INCREASING,72,RECURRENT_PATTERN,0
SIG-TN-00683,33,Thiruvarur,2026-07-18 10:31:34,CITIZEN_AGGREGATE,COMMERCIAL_GANJA,EMERGING,79,RECURRENT_PATTERN,0
SIG-TN-00684,9,Vellore,2025-05-28 14:08:10,HEALTH_ANOMALY,SYNTHETIC_MDMA,WATCH,84,RECURRENT_PATTERN,0
SIG-TN-00685,9,Vellore,2026-02-16 21:36:56,POLICE_INVESTIGATION,SYNTHETIC_MDMA,INCREASING,95,RECURRENT_PATTERN,0
SIG-TN-00686,5,Tiruchirappalli,2025-03-05 10:49:47,CHECKPOST_TELEMETRY,COMMERCIAL_GANJA,EMERGING,78,RECURRENT_PATTERN,0
SIG-TN-00687,25,Karur,2025-04-05 15:38:07,POLICE_INVESTIGATION,COMMERCIAL_GANJA,INCREASING,89,RECURRENT_PATTERN,0
SIG-TN-00688,29,Sivaganga,2026-02-28 09:44:27,HEALTH_ANOMALY,OPIOID_ANALOGUES,EMERGING,80,RECURRENT_PATTERN,0
SIG-TN-00689,4,Salem,2024-11-04 11:37:01,CHECKPOST_TELEMETRY,CHEMICAL_PRECURSORS,HIGH_PREVENTIVE_ATTENTION,76,RECURRENT_PATTERN,0
SIG-TN-00690,37,Tirupathur,2025-02-17 15:45:41,CHECKPOST_TELEMETRY,COMMERCIAL_GANJA,HIGH_PREVENTIVE_ATTENTION,75,RECURRENT_PATTERN,0
SIG-TN-00691,5,Tiruchirappalli,2024-11-26 09:41:26,CITIZEN_AGGREGATE,OPIOID_ANALOGUES,INCREASING,66,RECURRENT_PATTERN,0
SIG-TN-00692,12,Thanjavur,2026-07-24 11:39:29,HEALTH_ANOMALY,SYNTHETIC_MDMA,INCREASING,70,RECURRENT_PATTERN,0
SIG-TN-00693,5,Tiruchirappalli,2025-06-17 04:00:32,POLICE_INVESTIGATION,CHEMICAL_PRECURSORS,WATCH,84,RECURRENT_PATTERN,0
SIG-TN-00694,11,Dindigul,2024-12-16 14:57:45,CITIZEN_AGGREGATE,COMMERCIAL_GANJA,HIGH_PREVENTIVE_ATTENTION,72,RECURRENT_PATTERN,0
SIG-TN-00695,36,Ranipet,2025-01-05 05:49:53,POLICE_INVESTIGATION,UNKNOWN_CONTRABAND,EMERGING,88,RECURRENT_PATTERN,0
SIG-TN-00696,35,Mayiladuthurai,2026-08-02 23:49:02,HEALTH_ANOMALY,SYNTHETIC_MDMA,EMERGING,68,RECURRENT_PATTERN,0
SIG-TN-00697,37,Tirupathur,2026-03-22 00:19:36,HEALTH_ANOMALY,COMMERCIAL_GANJA,WATCH,95,RECURRENT_PATTERN,0
SIG-TN-00698,22,Dharmapuri,2026-08-06 10:51:45,HEALTH_ANOMALY,UNKNOWN_CONTRABAND,EMERGING,71,RECURRENT_PATTERN,0
SIG-TN-00699,38,Tiruvannamalai,2025-06-19 23:57:08,CHECKPOST_TELEMETRY,SYNTHETIC_MDMA,EMERGING,80,RECURRENT_PATTERN,0
SIG-TN-00700,18,Tiruvallur,2026-04-26 15:03:54,CHECKPOST_TELEMETRY,PRESCRIPTION_NARCOTICS,HIGH_PREVENTIVE_ATTENTION,67,RECURRENT_PATTERN,0
SIG-TN-00701,23,Namakkal,2025-12-26 13:25:41,CITIZEN_AGGREGATE,CHEMICAL_PRECURSORS,WATCH,71,RECURRENT_PATTERN,0
SIG-TN-00702,14,Kanniyakumari,2025-04-12 14:11:24,HEALTH_ANOMALY,COMMERCIAL_GANJA,HIGH_PREVENTIVE_ATTENTION,81,RECURRENT_PATTERN,0
SIG-TN-00703,23,Namakkal,2026-03-04 22:41:49,CITIZEN_AGGREGATE,OPIOID_ANALOGUES,HIGH_PREVENTIVE_ATTENTION,73,RECURRENT_PATTERN,0
SIG-TN-00704,3,Madurai,2025-06-18 15:53:00,POLICE_INVESTIGATION,PRESCRIPTION_NARCOTICS,EMERGING,94,RECURRENT_PATTERN,0
SIG-TN-00705,6,Tirunelveli,2024-09-30 20:03:48,CHECKPOST_TELEMETRY,OPIOID_ANALOGUES,EMERGING,95,RECURRENT_PATTERN,0
SIG-TN-00706,8,Erode,2026-05-02 08:41:11,CITIZEN_AGGREGATE,COMMERCIAL_GANJA,EMERGING,84,FIRST_TIME_SIGNAL,1
SIG-TN-00707,35,Mayiladuthurai,2026-07-19 02:14:59,POLICE_INVESTIGATION,UNKNOWN_CONTRABAND,HIGH_PREVENTIVE_ATTENTION,73,RECURRENT_PATTERN,0
SIG-TN-00708,22,Dharmapuri,2025-11-20 01:47:13,POLICE_INVESTIGATION,PRESCRIPTION_NARCOTICS,HIGH_PREVENTIVE_ATTENTION,70,RECURRENT_PATTERN,0
SIG-TN-00709,17,Chengalpattu,2026-01-23 12:00:12,CHECKPOST_TELEMETRY,PRESCRIPTION_NARCOTICS,HIGH_PREVENTIVE_ATTENTION,92,RECURRENT_PATTERN,0
SIG-TN-00710,18,Tiruvallur,2026-02-12 19:56:07,CITIZEN_AGGREGATE,OPIOID_ANALOGUES,WATCH,91,RECURRENT_PATTERN,0
SIG-TN-00711,14,Kanniyakumari,2026-04-28 12:59:36,POLICE_INVESTIGATION,CHEMICAL_PRECURSORS,WATCH,95,RECURRENT_PATTERN,0
SIG-TN-00712,3,Madurai,2025-05-09 03:43:38,CHECKPOST_TELEMETRY,UNKNOWN_CONTRABAND,EMERGING,68,RECURRENT_PATTERN,0
SIG-TN-00713,3,Madurai,2026-01-16 22:32:27,HEALTH_ANOMALY,SYNTHETIC_MDMA,INCREASING,91,RECURRENT_PATTERN,0
SIG-TN-00714,16,Kancheepuram,2025-10-10 20:07:02,HEALTH_ANOMALY,OPIOID_ANALOGUES,HIGH_PREVENTIVE_ATTENTION,65,RECURRENT_PATTERN,0
SIG-TN-00715,11,Dindigul,2026-03-04 19:14:41,CHECKPOST_TELEMETRY,COMMERCIAL_GANJA,INCREASING,95,RECURRENT_PATTERN,0
SIG-TN-00716,11,Dindigul,2026-06-19 19:07:20,POLICE_INVESTIGATION,PRESCRIPTION_NARCOTICS,INCREASING,94,RECURRENT_PATTERN,0
SIG-TN-00717,36,Ranipet,2025-10-18 01:58:11,HEALTH_ANOMALY,UNKNOWN_CONTRABAND,HIGH_PREVENTIVE_ATTENTION,90,FIRST_TIME_SIGNAL,1
SIG-TN-00718,3,Madurai,2025-01-24 07:45:27,CHECKPOST_TELEMETRY,PRESCRIPTION_NARCOTICS,INCREASING,88,RECURRENT_PATTERN,0
SIG-TN-00719,37,Tirupathur,2026-05-27 17:51:32,POLICE_INVESTIGATION,PRESCRIPTION_NARCOTICS,WATCH,88,RECURRENT_PATTERN,0
SIG-TN-00720,15,Tenkasi,2026-02-19 23:55:15,HEALTH_ANOMALY,CHEMICAL_PRECURSORS,HIGH_PREVENTIVE_ATTENTION,85,RECURRENT_PATTERN,0
SIG-TN-00721,9,Vellore,2025-08-29 18:51:26,HEALTH_ANOMALY,SYNTHETIC_MDMA,EMERGING,87,RECURRENT_PATTERN,0
SIG-TN-00722,26,Ariyalur,2026-05-05 08:10:50,CITIZEN_AGGREGATE,PRESCRIPTION_NARCOTICS,EMERGING,72,RECURRENT_PATTERN,0
SIG-TN-00723,17,Chengalpattu,2026-05-21 10:15:13,CITIZEN_AGGREGATE,PRESCRIPTION_NARCOTICS,EMERGING,72,RECURRENT_PATTERN,0
SIG-TN-00724,33,Thiruvarur,2024-10-24 13:12:23,POLICE_INVESTIGATION,COMMERCIAL_GANJA,EMERGING,75,RECURRENT_PATTERN,0
SIG-TN-00725,3,Madurai,2024-12-23 10:08:31,HEALTH_ANOMALY,SYNTHETIC_MDMA,WATCH,74,RECURRENT_PATTERN,0
SIG-TN-00726,11,Dindigul,2026-02-09 19:12:11,HEALTH_ANOMALY,SYNTHETIC_MDMA,EMERGING,91,RECURRENT_PATTERN,0
SIG-TN-00727,5,Tiruchirappalli,2025-09-21 09:27:38,CITIZEN_AGGREGATE,OPIOID_ANALOGUES,WATCH,90,RECURRENT_PATTERN,0
SIG-TN-00728,14,Kanniyakumari,2025-01-06 23:49:22,POLICE_INVESTIGATION,UNKNOWN_CONTRABAND,WATCH,70,RECURRENT_PATTERN,0
SIG-TN-00729,1,Chennai,2025-08-24 14:10:50,CHECKPOST_TELEMETRY,PRESCRIPTION_NARCOTICS,HIGH_PREVENTIVE_ATTENTION,86,RECURRENT_PATTERN,0
SIG-TN-00730,20,Viluppuram,2026-02-23 12:46:58,CITIZEN_AGGREGATE,CHEMICAL_PRECURSORS,WATCH,86,RECURRENT_PATTERN,0
SIG-TN-00731,4,Salem,2026-02-04 02:58:28,HEALTH_ANOMALY,PRESCRIPTION_NARCOTICS,WATCH,71,RECURRENT_PATTERN,0
SIG-TN-00732,12,Thanjavur,2024-11-05 02:48:08,POLICE_INVESTIGATION,SYNTHETIC_MDMA,HIGH_PREVENTIVE_ATTENTION,86,RECURRENT_PATTERN,0
SIG-TN-00733,9,Vellore,2026-05-16 21:58:50,HEALTH_ANOMALY,COMMERCIAL_GANJA,INCREASING,67,RECURRENT_PATTERN,0
SIG-TN-00734,29,Sivaganga,2024-09-20 01:08:47,CHECKPOST_TELEMETRY,OPIOID_ANALOGUES,WATCH,75,RECURRENT_PATTERN,0
SIG-TN-00735,15,Tenkasi,2024-10-09 01:13:39,POLICE_INVESTIGATION,PRESCRIPTION_NARCOTICS,WATCH,84,FIRST_TIME_SIGNAL,1
SIG-TN-00736,7,Tiruppur,2024-09-26 13:49:39,POLICE_INVESTIGATION,UNKNOWN_CONTRABAND,WATCH,79,RECURRENT_PATTERN,0
SIG-TN-00737,34,Nagapattinam,2025-01-31 07:24:19,CITIZEN_AGGREGATE,SYNTHETIC_MDMA,HIGH_PREVENTIVE_ATTENTION,92,RECURRENT_PATTERN,0
SIG-TN-00738,38,Tiruvannamalai,2026-06-22 12:02:40,CHECKPOST_TELEMETRY,UNKNOWN_CONTRABAND,HIGH_PREVENTIVE_ATTENTION,68,RECURRENT_PATTERN,0
SIG-TN-00739,21,Kallakurichi,2024-12-16 02:42:19,HEALTH_ANOMALY,PRESCRIPTION_NARCOTICS,HIGH_PREVENTIVE_ATTENTION,91,RECURRENT_PATTERN,0
SIG-TN-00740,5,Tiruchirappalli,2025-01-06 03:54:22,POLICE_INVESTIGATION,OPIOID_ANALOGUES,INCREASING,80,RECURRENT_PATTERN,0
SIG-TN-00741,29,Sivaganga,2026-02-04 14:19:26,HEALTH_ANOMALY,UNKNOWN_CONTRABAND,HIGH_PREVENTIVE_ATTENTION,77,RECURRENT_PATTERN,0
SIG-TN-00742,26,Ariyalur,2024-11-07 13:14:50,HEALTH_ANOMALY,SYNTHETIC_MDMA,EMERGING,74,RECURRENT_PATTERN,0
SIG-TN-00743,29,Sivaganga,2026-07-08 19:10:57,HEALTH_ANOMALY,COMMERCIAL_GANJA,EMERGING,90,RECURRENT_PATTERN,0
SIG-TN-00744,15,Tenkasi,2026-01-17 11:42:46,POLICE_INVESTIGATION,PRESCRIPTION_NARCOTICS,INCREASING,65,RECURRENT_PATTERN,0
SIG-TN-00745,32,Theni,2025-03-24 18:40:46,HEALTH_ANOMALY,CHEMICAL_PRECURSORS,EMERGING,85,FIRST_TIME_SIGNAL,1
SIG-TN-00746,1,Chennai,2025-05-07 14:19:23,HEALTH_ANOMALY,UNKNOWN_CONTRABAND,EMERGING,79,RECURRENT_PATTERN,0
SIG-TN-00747,12,Thanjavur,2025-12-16 21:24:42,HEALTH_ANOMALY,CHEMICAL_PRECURSORS,HIGH_PREVENTIVE_ATTENTION,83,RECURRENT_PATTERN,0
SIG-TN-00748,19,Cuddalore,2025-12-21 11:19:53,CITIZEN_AGGREGATE,UNKNOWN_CONTRABAND,WATCH,69,RECURRENT_PATTERN,0
SIG-TN-00749,6,Tirunelveli,2026-03-22 21:19:13,CITIZEN_AGGREGATE,UNKNOWN_CONTRABAND,INCREASING,83,FIRST_TIME_SIGNAL,1
SIG-TN-00750,21,Kallakurichi,2025-11-11 19:57:32,CITIZEN_AGGREGATE,OPIOID_ANALOGUES,EMERGING,89,RECURRENT_PATTERN,0
SIG-TN-00751,35,Mayiladuthurai,2025-09-28 15:22:26,CITIZEN_AGGREGATE,SYNTHETIC_MDMA,INCREASING,83,RECURRENT_PATTERN,0
SIG-TN-00752,2,Coimbatore,2025-11-29 13:05:56,POLICE_INVESTIGATION,UNKNOWN_CONTRABAND,WATCH,73,RECURRENT_PATTERN,0
SIG-TN-00753,20,Viluppuram,2025-03-15 23:01:38,CITIZEN_AGGREGATE,PRESCRIPTION_NARCOTICS,HIGH_PREVENTIVE_ATTENTION,71,RECURRENT_PATTERN,0
SIG-TN-00754,10,Krishnagiri,2025-11-15 07:48:40,HEALTH_ANOMALY,CHEMICAL_PRECURSORS,WATCH,91,FIRST_TIME_SIGNAL,1
SIG-TN-00755,31,Virudhunagar,2025-12-09 22:10:05,CITIZEN_AGGREGATE,OPIOID_ANALOGUES,WATCH,88,RECURRENT_PATTERN,0
SIG-TN-00756,11,Dindigul,2025-03-06 00:24:16,HEALTH_ANOMALY,OPIOID_ANALOGUES,EMERGING,73,RECURRENT_PATTERN,0
SIG-TN-00757,16,Kancheepuram,2025-11-23 22:39:15,HEALTH_ANOMALY,PRESCRIPTION_NARCOTICS,INCREASING,74,RECURRENT_PATTERN,0
SIG-TN-00758,5,Tiruchirappalli,2026-02-07 09:45:01,POLICE_INVESTIGATION,UNKNOWN_CONTRABAND,WATCH,96,RECURRENT_PATTERN,0
SIG-TN-00759,10,Krishnagiri,2025-08-09 13:08:48,CITIZEN_AGGREGATE,COMMERCIAL_GANJA,EMERGING,68,FIRST_TIME_SIGNAL,1
SIG-TN-00760,1,Chennai,2025-11-01 09:58:48,CITIZEN_AGGREGATE,PRESCRIPTION_NARCOTICS,WATCH,75,RECURRENT_PATTERN,0
SIG-TN-00761,38,Tiruvannamalai,2025-06-05 18:54:37,HEALTH_ANOMALY,SYNTHETIC_MDMA,INCREASING,88,RECURRENT_PATTERN,0
SIG-TN-00762,1,Chennai,2026-01-16 12:42:06,POLICE_INVESTIGATION,UNKNOWN_CONTRABAND,WATCH,68,RECURRENT_PATTERN,0
SIG-TN-00763,28,Pudukkottai,2025-05-08 19:59:22,CITIZEN_AGGREGATE,CHEMICAL_PRECURSORS,WATCH,73,FIRST_TIME_SIGNAL,1
SIG-TN-00764,21,Kallakurichi,2026-03-01 12:06:39,CHECKPOST_TELEMETRY,UNKNOWN_CONTRABAND,INCREASING,90,RECURRENT_PATTERN,0
SIG-TN-00765,29,Sivaganga,2025-01-03 10:37:40,CHECKPOST_TELEMETRY,OPIOID_ANALOGUES,EMERGING,91,RECURRENT_PATTERN,0
SIG-TN-00766,18,Tiruvallur,2025-12-08 20:22:15,CHECKPOST_TELEMETRY,COMMERCIAL_GANJA,EMERGING,94,RECURRENT_PATTERN,0
SIG-TN-00767,5,Tiruchirappalli,2025-03-10 04:53:44,POLICE_INVESTIGATION,SYNTHETIC_MDMA,INCREASING,66,RECURRENT_PATTERN,0
SIG-TN-00768,11,Dindigul,2026-07-29 22:25:11,HEALTH_ANOMALY,PRESCRIPTION_NARCOTICS,HIGH_PREVENTIVE_ATTENTION,85,RECURRENT_PATTERN,0
SIG-TN-00769,20,Viluppuram,2026-01-10 12:48:32,CITIZEN_AGGREGATE,CHEMICAL_PRECURSORS,HIGH_PREVENTIVE_ATTENTION,65,RECURRENT_PATTERN,0
SIG-TN-00770,33,Thiruvarur,2026-03-02 18:25:03,HEALTH_ANOMALY,PRESCRIPTION_NARCOTICS,INCREASING,82,RECURRENT_PATTERN,0
SIG-TN-00771,6,Tirunelveli,2026-01-07 14:40:54,CITIZEN_AGGREGATE,SYNTHETIC_MDMA,INCREASING,83,RECURRENT_PATTERN,0
SIG-TN-00772,23,Namakkal,2024-10-04 14:00:13,CITIZEN_AGGREGATE,COMMERCIAL_GANJA,HIGH_PREVENTIVE_ATTENTION,86,RECURRENT_PATTERN,0
SIG-TN-00773,16,Kancheepuram,2025-10-03 00:30:19,HEALTH_ANOMALY,PRESCRIPTION_NARCOTICS,INCREASING,80,FIRST_TIME_SIGNAL,1
SIG-TN-00774,17,Chengalpattu,2025-08-21 05:55:47,HEALTH_ANOMALY,CHEMICAL_PRECURSORS,INCREASING,85,RECURRENT_PATTERN,0
SIG-TN-00775,6,Tirunelveli,2025-12-06 12:25:56,CITIZEN_AGGREGATE,OPIOID_ANALOGUES,HIGH_PREVENTIVE_ATTENTION,93,RECURRENT_PATTERN,0
SIG-TN-00776,33,Thiruvarur,2025-08-04 16:31:05,CHECKPOST_TELEMETRY,UNKNOWN_CONTRABAND,HIGH_PREVENTIVE_ATTENTION,94,RECURRENT_PATTERN,0
SIG-TN-00777,3,Madurai,2026-02-03 03:21:32,CHECKPOST_TELEMETRY,PRESCRIPTION_NARCOTICS,HIGH_PREVENTIVE_ATTENTION,81,RECURRENT_PATTERN,0
SIG-TN-00778,7,Tiruppur,2025-05-20 14:17:27,POLICE_INVESTIGATION,PRESCRIPTION_NARCOTICS,WATCH,72,RECURRENT_PATTERN,0
SIG-TN-00779,23,Namakkal,2025-07-05 17:16:35,POLICE_INVESTIGATION,UNKNOWN_CONTRABAND,EMERGING,89,RECURRENT_PATTERN,0
SIG-TN-00780,18,Tiruvallur,2026-05-31 16:59:27,HEALTH_ANOMALY,COMMERCIAL_GANJA,HIGH_PREVENTIVE_ATTENTION,65,RECURRENT_PATTERN,0
SIG-TN-00781,16,Kancheepuram,2026-01-06 12:25:53,CITIZEN_AGGREGATE,COMMERCIAL_GANJA,WATCH,92,FIRST_TIME_SIGNAL,1
SIG-TN-00782,22,Dharmapuri,2025-10-03 06:05:19,CITIZEN_AGGREGATE,CHEMICAL_PRECURSORS,WATCH,65,RECURRENT_PATTERN,0
SIG-TN-00783,9,Vellore,2025-08-16 11:07:10,POLICE_INVESTIGATION,SYNTHETIC_MDMA,EMERGING,67,RECURRENT_PATTERN,0
SIG-TN-00784,11,Dindigul,2025-11-29 16:41:24,CHECKPOST_TELEMETRY,COMMERCIAL_GANJA,WATCH,85,FIRST_TIME_SIGNAL,1
SIG-TN-00785,36,Ranipet,2026-08-09 21:11:00,CHECKPOST_TELEMETRY,UNKNOWN_CONTRABAND,EMERGING,65,RECURRENT_PATTERN,0
SIG-TN-00786,28,Pudukkottai,2025-08-16 07:32:35,POLICE_INVESTIGATION,OPIOID_ANALOGUES,EMERGING,74,RECURRENT_PATTERN,0
SIG-TN-00787,27,Perambalur,2025-03-19 18:09:24,POLICE_INVESTIGATION,OPIOID_ANALOGUES,HIGH_PREVENTIVE_ATTENTION,88,RECURRENT_PATTERN,0
SIG-TN-00788,23,Namakkal,2024-09-21 10:33:44,CITIZEN_AGGREGATE,COMMERCIAL_GANJA,WATCH,67,FIRST_TIME_SIGNAL,1
SIG-TN-00789,3,Madurai,2025-04-24 22:33:58,HEALTH_ANOMALY,OPIOID_ANALOGUES,HIGH_PREVENTIVE_ATTENTION,85,RECURRENT_PATTERN,0
SIG-TN-00790,3,Madurai,2026-03-13 18:22:26,HEALTH_ANOMALY,UNKNOWN_CONTRABAND,WATCH,85,RECURRENT_PATTERN,0
SIG-TN-00791,6,Tirunelveli,2025-02-20 01:04:52,CHECKPOST_TELEMETRY,SYNTHETIC_MDMA,INCREASING,94,RECURRENT_PATTERN,0
SIG-TN-00792,21,Kallakurichi,2026-05-06 07:09:24,POLICE_INVESTIGATION,CHEMICAL_PRECURSORS,WATCH,90,FIRST_TIME_SIGNAL,1
SIG-TN-00793,1,Chennai,2025-08-06 15:54:14,CITIZEN_AGGREGATE,UNKNOWN_CONTRABAND,WATCH,71,RECURRENT_PATTERN,0
SIG-TN-00794,36,Ranipet,2026-03-03 23:04:59,CHECKPOST_TELEMETRY,PRESCRIPTION_NARCOTICS,EMERGING,82,RECURRENT_PATTERN,0
SIG-TN-00795,2,Coimbatore,2025-11-03 13:25:24,HEALTH_ANOMALY,SYNTHETIC_MDMA,HIGH_PREVENTIVE_ATTENTION,87,RECURRENT_PATTERN,0
SIG-TN-00796,17,Chengalpattu,2025-11-26 22:07:08,POLICE_INVESTIGATION,PRESCRIPTION_NARCOTICS,EMERGING,96,FIRST_TIME_SIGNAL,1
SIG-TN-00797,20,Viluppuram,2025-05-04 00:28:09,CHECKPOST_TELEMETRY,PRESCRIPTION_NARCOTICS,INCREASING,81,RECURRENT_PATTERN,0
SIG-TN-00798,15,Tenkasi,2025-11-25 00:37:02,HEALTH_ANOMALY,COMMERCIAL_GANJA,HIGH_PREVENTIVE_ATTENTION,88,RECURRENT_PATTERN,0
SIG-TN-00799,22,Dharmapuri,2024-12-28 02:36:35,CITIZEN_AGGREGATE,CHEMICAL_PRECURSORS,WATCH,69,RECURRENT_PATTERN,0
SIG-TN-00800,20,Viluppuram,2026-08-02 21:09:13,CHECKPOST_TELEMETRY,SYNTHETIC_MDMA,WATCH,95,RECURRENT_PATTERN,0
SIG-TN-00801,25,Karur,2026-06-29 14:55:48,HEALTH_ANOMALY,SYNTHETIC_MDMA,INCREASING,96,RECURRENT_PATTERN,0
SIG-TN-00802,20,Viluppuram,2025-09-07 03:50:05,CHECKPOST_TELEMETRY,CHEMICAL_PRECURSORS,INCREASING,77,RECURRENT_PATTERN,0
SIG-TN-00803,9,Vellore,2026-05-21 22:07:29,POLICE_INVESTIGATION,COMMERCIAL_GANJA,WATCH,86,RECURRENT_PATTERN,0
SIG-TN-00804,18,Tiruvallur,2025-11-20 08:42:03,CITIZEN_AGGREGATE,COMMERCIAL_GANJA,EMERGING,88,RECURRENT_PATTERN,0
SIG-TN-00805,5,Tiruchirappalli,2026-01-26 15:58:46,POLICE_INVESTIGATION,SYNTHETIC_MDMA,EMERGING,65,FIRST_TIME_SIGNAL,1
SIG-TN-00806,9,Vellore,2025-09-25 20:19:11,CHECKPOST_TELEMETRY,COMMERCIAL_GANJA,INCREASING,96,RECURRENT_PATTERN,0
SIG-TN-00807,33,Thiruvarur,2025-06-25 12:18:10,CITIZEN_AGGREGATE,PRESCRIPTION_NARCOTICS,INCREASING,65,RECURRENT_PATTERN,0
SIG-TN-00808,25,Karur,2026-01-20 19:47:16,CHECKPOST_TELEMETRY,PRESCRIPTION_NARCOTICS,EMERGING,96,RECURRENT_PATTERN,0
SIG-TN-00809,22,Dharmapuri,2026-07-04 19:06:09,HEALTH_ANOMALY,UNKNOWN_CONTRABAND,EMERGING,72,RECURRENT_PATTERN,0
SIG-TN-00810,28,Pudukkottai,2025-11-15 20:12:32,HEALTH_ANOMALY,UNKNOWN_CONTRABAND,INCREASING,91,RECURRENT_PATTERN,0
SIG-TN-00811,16,Kancheepuram,2025-04-16 04:40:38,CHECKPOST_TELEMETRY,UNKNOWN_CONTRABAND,INCREASING,77,RECURRENT_PATTERN,0
SIG-TN-00812,17,Chengalpattu,2025-11-12 14:57:34,POLICE_INVESTIGATION,CHEMICAL_PRECURSORS,HIGH_PREVENTIVE_ATTENTION,78,RECURRENT_PATTERN,0
SIG-TN-00813,1,Chennai,2024-12-30 22:38:16,POLICE_INVESTIGATION,COMMERCIAL_GANJA,HIGH_PREVENTIVE_ATTENTION,87,RECURRENT_PATTERN,0
SIG-TN-00814,16,Kancheepuram,2025-12-02 20:31:51,POLICE_INVESTIGATION,OPIOID_ANALOGUES,HIGH_PREVENTIVE_ATTENTION,71,RECURRENT_PATTERN,0
SIG-TN-00815,7,Tiruppur,2025-07-15 19:25:55,POLICE_INVESTIGATION,COMMERCIAL_GANJA,EMERGING,80,RECURRENT_PATTERN,0
SIG-TN-00816,38,Tiruvannamalai,2025-06-17 00:41:08,CITIZEN_AGGREGATE,UNKNOWN_CONTRABAND,INCREASING,76,RECURRENT_PATTERN,0
SIG-TN-00817,25,Karur,2026-07-01 21:18:53,HEALTH_ANOMALY,OPIOID_ANALOGUES,EMERGING,69,RECURRENT_PATTERN,0
SIG-TN-00818,2,Coimbatore,2025-09-18 17:07:49,CHECKPOST_TELEMETRY,OPIOID_ANALOGUES,EMERGING,81,RECURRENT_PATTERN,0
SIG-TN-00819,8,Erode,2025-02-08 09:14:32,POLICE_INVESTIGATION,PRESCRIPTION_NARCOTICS,EMERGING,88,RECURRENT_PATTERN,0
SIG-TN-00820,10,Krishnagiri,2025-03-10 02:55:05,HEALTH_ANOMALY,SYNTHETIC_MDMA,INCREASING,89,RECURRENT_PATTERN,0
SIG-TN-00821,1,Chennai,2025-10-24 18:02:56,HEALTH_ANOMALY,OPIOID_ANALOGUES,EMERGING,81,RECURRENT_PATTERN,0
SIG-TN-00822,1,Chennai,2026-06-20 14:31:50,HEALTH_ANOMALY,CHEMICAL_PRECURSORS,INCREASING,77,RECURRENT_PATTERN,0
SIG-TN-00823,29,Sivaganga,2025-03-14 02:04:08,CITIZEN_AGGREGATE,SYNTHETIC_MDMA,INCREASING,87,RECURRENT_PATTERN,0
SIG-TN-00824,17,Chengalpattu,2026-04-02 04:03:33,POLICE_INVESTIGATION,SYNTHETIC_MDMA,INCREASING,95,RECURRENT_PATTERN,0
SIG-TN-00825,27,Perambalur,2025-09-19 22:10:28,POLICE_INVESTIGATION,COMMERCIAL_GANJA,WATCH,87,RECURRENT_PATTERN,0
SIG-TN-00826,26,Ariyalur,2025-02-11 11:07:01,POLICE_INVESTIGATION,UNKNOWN_CONTRABAND,HIGH_PREVENTIVE_ATTENTION,80,RECURRENT_PATTERN,0
SIG-TN-00827,31,Virudhunagar,2026-04-22 15:54:52,POLICE_INVESTIGATION,COMMERCIAL_GANJA,HIGH_PREVENTIVE_ATTENTION,81,RECURRENT_PATTERN,0
SIG-TN-00828,15,Tenkasi,2025-02-20 13:39:22,HEALTH_ANOMALY,CHEMICAL_PRECURSORS,HIGH_PREVENTIVE_ATTENTION,77,RECURRENT_PATTERN,0
SIG-TN-00829,21,Kallakurichi,2025-05-28 21:41:58,CHECKPOST_TELEMETRY,COMMERCIAL_GANJA,WATCH,83,RECURRENT_PATTERN,0
SIG-TN-00830,13,Thoothukudi,2024-12-23 00:05:29,CHECKPOST_TELEMETRY,CHEMICAL_PRECURSORS,WATCH,91,FIRST_TIME_SIGNAL,1
SIG-TN-00831,32,Theni,2024-10-12 18:17:33,CITIZEN_AGGREGATE,COMMERCIAL_GANJA,INCREASING,85,RECURRENT_PATTERN,0
SIG-TN-00832,6,Tirunelveli,2025-03-31 14:52:03,POLICE_INVESTIGATION,COMMERCIAL_GANJA,HIGH_PREVENTIVE_ATTENTION,75,RECURRENT_PATTERN,0
SIG-TN-00833,19,Cuddalore,2026-02-21 19:33:06,CHECKPOST_TELEMETRY,OPIOID_ANALOGUES,WATCH,81,RECURRENT_PATTERN,0
SIG-TN-00834,29,Sivaganga,2026-06-05 23:54:47,HEALTH_ANOMALY,CHEMICAL_PRECURSORS,WATCH,69,RECURRENT_PATTERN,0
SIG-TN-00835,26,Ariyalur,2026-05-10 19:49:22,CITIZEN_AGGREGATE,COMMERCIAL_GANJA,HIGH_PREVENTIVE_ATTENTION,94,RECURRENT_PATTERN,0
SIG-TN-00836,10,Krishnagiri,2026-04-01 08:12:55,HEALTH_ANOMALY,UNKNOWN_CONTRABAND,WATCH,70,RECURRENT_PATTERN,0
SIG-TN-00837,23,Namakkal,2024-09-29 13:05:26,HEALTH_ANOMALY,UNKNOWN_CONTRABAND,WATCH,65,RECURRENT_PATTERN,0
SIG-TN-00838,23,Namakkal,2024-12-04 07:12:14,CITIZEN_AGGREGATE,CHEMICAL_PRECURSORS,WATCH,93,RECURRENT_PATTERN,0
SIG-TN-00839,28,Pudukkottai,2026-06-23 02:16:47,POLICE_INVESTIGATION,SYNTHETIC_MDMA,EMERGING,89,RECURRENT_PATTERN,0
SIG-TN-00840,16,Kancheepuram,2025-10-02 21:42:09,CITIZEN_AGGREGATE,PRESCRIPTION_NARCOTICS,EMERGING,72,FIRST_TIME_SIGNAL,1
SIG-TN-00841,4,Salem,2025-07-17 13:54:33,CHECKPOST_TELEMETRY,SYNTHETIC_MDMA,WATCH,70,RECURRENT_PATTERN,0
SIG-TN-00842,33,Thiruvarur,2026-07-25 14:38:34,POLICE_INVESTIGATION,OPIOID_ANALOGUES,HIGH_PREVENTIVE_ATTENTION,94,RECURRENT_PATTERN,0
SIG-TN-00843,16,Kancheepuram,2025-08-26 21:14:38,CITIZEN_AGGREGATE,UNKNOWN_CONTRABAND,EMERGING,72,RECURRENT_PATTERN,0
SIG-TN-00844,32,Theni,2026-08-19 06:12:20,CITIZEN_AGGREGATE,CHEMICAL_PRECURSORS,HIGH_PREVENTIVE_ATTENTION,79,RECURRENT_PATTERN,0
SIG-TN-00845,17,Chengalpattu,2025-02-27 05:53:31,HEALTH_ANOMALY,PRESCRIPTION_NARCOTICS,HIGH_PREVENTIVE_ATTENTION,66,RECURRENT_PATTERN,0
SIG-TN-00846,17,Chengalpattu,2025-08-15 05:03:36,POLICE_INVESTIGATION,CHEMICAL_PRECURSORS,EMERGING,66,RECURRENT_PATTERN,0
SIG-TN-00847,8,Erode,2025-06-16 19:16:45,CHECKPOST_TELEMETRY,SYNTHETIC_MDMA,WATCH,87,RECURRENT_PATTERN,0
SIG-TN-00848,15,Tenkasi,2025-11-22 03:30:14,HEALTH_ANOMALY,OPIOID_ANALOGUES,WATCH,77,RECURRENT_PATTERN,0
SIG-TN-00849,5,Tiruchirappalli,2024-11-16 13:22:26,CITIZEN_AGGREGATE,SYNTHETIC_MDMA,HIGH_PREVENTIVE_ATTENTION,83,FIRST_TIME_SIGNAL,1
SIG-TN-00850,30,Ramanathapuram,2026-02-22 20:28:07,CHECKPOST_TELEMETRY,OPIOID_ANALOGUES,HIGH_PREVENTIVE_ATTENTION,87,FIRST_TIME_SIGNAL,1
SIG-TN-00851,6,Tirunelveli,2026-08-14 06:17:28,CHECKPOST_TELEMETRY,OPIOID_ANALOGUES,HIGH_PREVENTIVE_ATTENTION,69,RECURRENT_PATTERN,0
SIG-TN-00852,14,Kanniyakumari,2026-03-11 03:30:39,CHECKPOST_TELEMETRY,OPIOID_ANALOGUES,INCREASING,84,RECURRENT_PATTERN,0
SIG-TN-00853,30,Ramanathapuram,2025-02-03 21:02:56,CHECKPOST_TELEMETRY,PRESCRIPTION_NARCOTICS,EMERGING,75,RECURRENT_PATTERN,0
SIG-TN-00854,12,Thanjavur,2025-12-26 19:20:56,CITIZEN_AGGREGATE,PRESCRIPTION_NARCOTICS,EMERGING,80,RECURRENT_PATTERN,0
SIG-TN-00855,14,Kanniyakumari,2026-01-08 11:03:40,CITIZEN_AGGREGATE,CHEMICAL_PRECURSORS,HIGH_PREVENTIVE_ATTENTION,66,RECURRENT_PATTERN,0
SIG-TN-00856,3,Madurai,2025-12-11 15:45:24,CITIZEN_AGGREGATE,SYNTHETIC_MDMA,EMERGING,88,FIRST_TIME_SIGNAL,1
SIG-TN-00857,7,Tiruppur,2026-08-16 16:27:50,HEALTH_ANOMALY,SYNTHETIC_MDMA,HIGH_PREVENTIVE_ATTENTION,76,RECURRENT_PATTERN,0
SIG-TN-00858,15,Tenkasi,2026-04-07 07:43:48,HEALTH_ANOMALY,UNKNOWN_CONTRABAND,HIGH_PREVENTIVE_ATTENTION,73,RECURRENT_PATTERN,0
SIG-TN-00859,10,Krishnagiri,2026-05-28 11:24:57,CHECKPOST_TELEMETRY,OPIOID_ANALOGUES,HIGH_PREVENTIVE_ATTENTION,78,RECURRENT_PATTERN,0
SIG-TN-00860,9,Vellore,2025-04-18 14:21:57,CITIZEN_AGGREGATE,PRESCRIPTION_NARCOTICS,HIGH_PREVENTIVE_ATTENTION,71,RECURRENT_PATTERN,0
SIG-TN-00861,27,Perambalur,2024-09-29 20:45:04,CHECKPOST_TELEMETRY,UNKNOWN_CONTRABAND,WATCH,86,RECURRENT_PATTERN,0
SIG-TN-00862,38,Tiruvannamalai,2026-05-14 16:52:31,CHECKPOST_TELEMETRY,CHEMICAL_PRECURSORS,EMERGING,76,RECURRENT_PATTERN,0
SIG-TN-00863,20,Viluppuram,2024-12-29 17:24:29,POLICE_INVESTIGATION,OPIOID_ANALOGUES,INCREASING,66,RECURRENT_PATTERN,0
SIG-TN-00864,30,Ramanathapuram,2025-12-27 21:37:42,HEALTH_ANOMALY,CHEMICAL_PRECURSORS,EMERGING,66,FIRST_TIME_SIGNAL,1
SIG-TN-00865,5,Tiruchirappalli,2025-01-25 03:23:57,CITIZEN_AGGREGATE,COMMERCIAL_GANJA,EMERGING,66,RECURRENT_PATTERN,0
SIG-TN-00866,11,Dindigul,2024-12-29 02:37:29,CHECKPOST_TELEMETRY,CHEMICAL_PRECURSORS,EMERGING,92,RECURRENT_PATTERN,0
SIG-TN-00867,17,Chengalpattu,2025-06-24 12:54:55,HEALTH_ANOMALY,CHEMICAL_PRECURSORS,HIGH_PREVENTIVE_ATTENTION,92,FIRST_TIME_SIGNAL,1
SIG-TN-00868,4,Salem,2025-08-07 08:25:34,CITIZEN_AGGREGATE,CHEMICAL_PRECURSORS,WATCH,78,RECURRENT_PATTERN,0
SIG-TN-00869,26,Ariyalur,2025-04-06 06:37:51,HEALTH_ANOMALY,SYNTHETIC_MDMA,WATCH,72,RECURRENT_PATTERN,0
SIG-TN-00870,4,Salem,2025-08-10 19:38:56,HEALTH_ANOMALY,COMMERCIAL_GANJA,EMERGING,83,RECURRENT_PATTERN,0
SIG-TN-00871,1,Chennai,2025-08-22 10:20:47,CHECKPOST_TELEMETRY,SYNTHETIC_MDMA,HIGH_PREVENTIVE_ATTENTION,75,FIRST_TIME_SIGNAL,1
SIG-TN-00872,20,Viluppuram,2026-07-08 17:34:24,HEALTH_ANOMALY,CHEMICAL_PRECURSORS,INCREASING,76,RECURRENT_PATTERN,0
SIG-TN-00873,37,Tirupathur,2025-01-31 03:01:21,HEALTH_ANOMALY,UNKNOWN_CONTRABAND,INCREASING,67,RECURRENT_PATTERN,0
SIG-TN-00874,18,Tiruvallur,2026-01-22 18:15:37,HEALTH_ANOMALY,CHEMICAL_PRECURSORS,WATCH,78,RECURRENT_PATTERN,0
SIG-TN-00875,35,Mayiladuthurai,2026-06-10 00:02:10,CITIZEN_AGGREGATE,COMMERCIAL_GANJA,HIGH_PREVENTIVE_ATTENTION,74,RECURRENT_PATTERN,0
SIG-TN-00876,13,Thoothukudi,2025-03-08 01:02:46,POLICE_INVESTIGATION,SYNTHETIC_MDMA,HIGH_PREVENTIVE_ATTENTION,83,RECURRENT_PATTERN,0
SIG-TN-00877,33,Thiruvarur,2025-06-12 22:19:58,HEALTH_ANOMALY,SYNTHETIC_MDMA,EMERGING,76,RECURRENT_PATTERN,0
SIG-TN-00878,16,Kancheepuram,2024-10-24 16:32:15,POLICE_INVESTIGATION,SYNTHETIC_MDMA,INCREASING,88,RECURRENT_PATTERN,0
SIG-TN-00879,4,Salem,2025-02-19 13:41:10,POLICE_INVESTIGATION,PRESCRIPTION_NARCOTICS,WATCH,70,RECURRENT_PATTERN,0
SIG-TN-00880,33,Thiruvarur,2026-01-12 03:43:26,CITIZEN_AGGREGATE,PRESCRIPTION_NARCOTICS,EMERGING,72,RECURRENT_PATTERN,0
SIG-TN-00881,34,Nagapattinam,2025-01-26 10:12:44,CHECKPOST_TELEMETRY,PRESCRIPTION_NARCOTICS,INCREASING,68,RECURRENT_PATTERN,0
SIG-TN-00882,30,Ramanathapuram,2026-01-31 23:15:15,POLICE_INVESTIGATION,OPIOID_ANALOGUES,HIGH_PREVENTIVE_ATTENTION,95,RECURRENT_PATTERN,0
SIG-TN-00883,17,Chengalpattu,2026-08-09 22:51:03,CITIZEN_AGGREGATE,UNKNOWN_CONTRABAND,INCREASING,80,RECURRENT_PATTERN,0
SIG-TN-00884,38,Tiruvannamalai,2025-09-08 11:13:59,HEALTH_ANOMALY,CHEMICAL_PRECURSORS,HIGH_PREVENTIVE_ATTENTION,66,RECURRENT_PATTERN,0
SIG-TN-00885,1,Chennai,2026-01-17 00:33:09,POLICE_INVESTIGATION,OPIOID_ANALOGUES,HIGH_PREVENTIVE_ATTENTION,69,RECURRENT_PATTERN,0
SIG-TN-00886,10,Krishnagiri,2024-10-28 00:43:52,HEALTH_ANOMALY,OPIOID_ANALOGUES,WATCH,75,RECURRENT_PATTERN,0
SIG-TN-00887,18,Tiruvallur,2024-10-26 03:24:05,CITIZEN_AGGREGATE,CHEMICAL_PRECURSORS,INCREASING,67,RECURRENT_PATTERN,0
SIG-TN-00888,11,Dindigul,2026-07-01 06:45:01,CITIZEN_AGGREGATE,UNKNOWN_CONTRABAND,WATCH,75,RECURRENT_PATTERN,0
SIG-TN-00889,3,Madurai,2024-12-28 17:03:00,CITIZEN_AGGREGATE,SYNTHETIC_MDMA,WATCH,83,RECURRENT_PATTERN,0
SIG-TN-00890,3,Madurai,2025-10-22 12:21:56,CITIZEN_AGGREGATE,PRESCRIPTION_NARCOTICS,EMERGING,96,RECURRENT_PATTERN,0
SIG-TN-00891,10,Krishnagiri,2025-07-30 18:16:48,CHECKPOST_TELEMETRY,COMMERCIAL_GANJA,HIGH_PREVENTIVE_ATTENTION,80,RECURRENT_PATTERN,0
SIG-TN-00892,11,Dindigul,2026-05-27 17:36:24,POLICE_INVESTIGATION,COMMERCIAL_GANJA,HIGH_PREVENTIVE_ATTENTION,91,RECURRENT_PATTERN,0
SIG-TN-00893,31,Virudhunagar,2025-08-11 13:37:03,CITIZEN_AGGREGATE,COMMERCIAL_GANJA,INCREASING,65,RECURRENT_PATTERN,0
SIG-TN-00894,18,Tiruvallur,2025-06-09 02:19:01,CITIZEN_AGGREGATE,CHEMICAL_PRECURSORS,EMERGING,89,RECURRENT_PATTERN,0
SIG-TN-00895,6,Tirunelveli,2025-10-14 05:19:53,POLICE_INVESTIGATION,SYNTHETIC_MDMA,INCREASING,78,RECURRENT_PATTERN,0
SIG-TN-00896,3,Madurai,2025-08-30 02:23:54,CHECKPOST_TELEMETRY,OPIOID_ANALOGUES,WATCH,73,RECURRENT_PATTERN,0
SIG-TN-00897,31,Virudhunagar,2025-03-27 10:34:58,HEALTH_ANOMALY,UNKNOWN_CONTRABAND,HIGH_PREVENTIVE_ATTENTION,69,RECURRENT_PATTERN,0
SIG-TN-00898,29,Sivaganga,2025-06-04 03:20:33,CITIZEN_AGGREGATE,PRESCRIPTION_NARCOTICS,EMERGING,87,RECURRENT_PATTERN,0
SIG-TN-00899,12,Thanjavur,2024-10-17 17:16:47,CHECKPOST_TELEMETRY,UNKNOWN_CONTRABAND,HIGH_PREVENTIVE_ATTENTION,96,RECURRENT_PATTERN,0
SIG-TN-00900,26,Ariyalur,2025-12-12 16:07:55,CITIZEN_AGGREGATE,OPIOID_ANALOGUES,INCREASING,90,RECURRENT_PATTERN,0
SIG-TN-00901,37,Tirupathur,2025-08-01 06:35:24,CITIZEN_AGGREGATE,PRESCRIPTION_NARCOTICS,WATCH,90,RECURRENT_PATTERN,0
SIG-TN-00902,31,Virudhunagar,2025-09-24 06:39:13,CITIZEN_AGGREGATE,OPIOID_ANALOGUES,INCREASING,79,RECURRENT_PATTERN,0
SIG-TN-00903,9,Vellore,2025-09-27 16:03:35,POLICE_INVESTIGATION,SYNTHETIC_MDMA,EMERGING,72,RECURRENT_PATTERN,0
SIG-TN-00904,38,Tiruvannamalai,2025-12-07 04:32:27,HEALTH_ANOMALY,PRESCRIPTION_NARCOTICS,WATCH,91,RECURRENT_PATTERN,0
SIG-TN-00905,25,Karur,2025-09-14 09:55:14,HEALTH_ANOMALY,SYNTHETIC_MDMA,WATCH,86,RECURRENT_PATTERN,0
SIG-TN-00906,22,Dharmapuri,2025-02-20 21:22:14,POLICE_INVESTIGATION,UNKNOWN_CONTRABAND,HIGH_PREVENTIVE_ATTENTION,72,RECURRENT_PATTERN,0
SIG-TN-00907,17,Chengalpattu,2025-07-18 01:10:01,HEALTH_ANOMALY,PRESCRIPTION_NARCOTICS,HIGH_PREVENTIVE_ATTENTION,90,RECURRENT_PATTERN,0
SIG-TN-00908,34,Nagapattinam,2025-11-10 18:20:50,CITIZEN_AGGREGATE,UNKNOWN_CONTRABAND,EMERGING,65,RECURRENT_PATTERN,0
SIG-TN-00909,35,Mayiladuthurai,2024-10-03 17:25:20,CITIZEN_AGGREGATE,COMMERCIAL_GANJA,EMERGING,96,RECURRENT_PATTERN,0
SIG-TN-00910,32,Theni,2025-06-18 23:07:53,CITIZEN_AGGREGATE,OPIOID_ANALOGUES,WATCH,76,RECURRENT_PATTERN,0
SIG-TN-00911,21,Kallakurichi,2026-04-23 05:20:45,CITIZEN_AGGREGATE,OPIOID_ANALOGUES,HIGH_PREVENTIVE_ATTENTION,82,RECURRENT_PATTERN,0
SIG-TN-00912,2,Coimbatore,2025-05-16 03:46:34,CHECKPOST_TELEMETRY,COMMERCIAL_GANJA,EMERGING,74,RECURRENT_PATTERN,0
SIG-TN-00913,15,Tenkasi,2025-10-18 01:04:10,CITIZEN_AGGREGATE,PRESCRIPTION_NARCOTICS,INCREASING,65,RECURRENT_PATTERN,0
SIG-TN-00914,6,Tirunelveli,2025-01-17 17:25:52,CHECKPOST_TELEMETRY,OPIOID_ANALOGUES,INCREASING,72,RECURRENT_PATTERN,0
SIG-TN-00915,22,Dharmapuri,2025-01-06 10:41:29,HEALTH_ANOMALY,UNKNOWN_CONTRABAND,HIGH_PREVENTIVE_ATTENTION,70,RECURRENT_PATTERN,0
SIG-TN-00916,33,Thiruvarur,2025-12-06 04:56:13,CITIZEN_AGGREGATE,COMMERCIAL_GANJA,HIGH_PREVENTIVE_ATTENTION,93,RECURRENT_PATTERN,0
SIG-TN-00917,27,Perambalur,2025-01-24 09:31:46,CITIZEN_AGGREGATE,PRESCRIPTION_NARCOTICS,EMERGING,93,RECURRENT_PATTERN,0
SIG-TN-00918,12,Thanjavur,2025-08-12 05:26:56,CITIZEN_AGGREGATE,PRESCRIPTION_NARCOTICS,EMERGING,72,RECURRENT_PATTERN,0
SIG-TN-00919,11,Dindigul,2025-11-14 05:11:26,POLICE_INVESTIGATION,CHEMICAL_PRECURSORS,HIGH_PREVENTIVE_ATTENTION,88,RECURRENT_PATTERN,0
SIG-TN-00920,23,Namakkal,2024-12-19 17:59:53,CHECKPOST_TELEMETRY,CHEMICAL_PRECURSORS,WATCH,74,RECURRENT_PATTERN,0
SIG-TN-00921,24,Nilgiris,2025-01-17 01:14:05,CITIZEN_AGGREGATE,COMMERCIAL_GANJA,EMERGING,65,RECURRENT_PATTERN,0
SIG-TN-00922,30,Ramanathapuram,2026-04-12 18:11:45,POLICE_INVESTIGATION,PRESCRIPTION_NARCOTICS,INCREASING,71,RECURRENT_PATTERN,0
SIG-TN-00923,14,Kanniyakumari,2025-01-18 17:06:23,CHECKPOST_TELEMETRY,CHEMICAL_PRECURSORS,HIGH_PREVENTIVE_ATTENTION,78,RECURRENT_PATTERN,0
SIG-TN-00924,38,Tiruvannamalai,2026-03-29 22:13:32,CHECKPOST_TELEMETRY,UNKNOWN_CONTRABAND,EMERGING,86,RECURRENT_PATTERN,0
SIG-TN-00925,11,Dindigul,2025-01-16 14:06:45,CHECKPOST_TELEMETRY,OPIOID_ANALOGUES,INCREASING,88,RECURRENT_PATTERN,0
SIG-TN-00926,34,Nagapattinam,2026-02-14 03:30:16,CITIZEN_AGGREGATE,COMMERCIAL_GANJA,EMERGING,74,RECURRENT_PATTERN,0
SIG-TN-00927,18,Tiruvallur,2026-06-16 02:40:49,CITIZEN_AGGREGATE,CHEMICAL_PRECURSORS,HIGH_PREVENTIVE_ATTENTION,95,RECURRENT_PATTERN,0
SIG-TN-00928,15,Tenkasi,2024-09-24 03:34:37,CHECKPOST_TELEMETRY,CHEMICAL_PRECURSORS,INCREASING,69,RECURRENT_PATTERN,0
SIG-TN-00929,34,Nagapattinam,2024-12-11 21:57:11,POLICE_INVESTIGATION,COMMERCIAL_GANJA,WATCH,82,RECURRENT_PATTERN,0
SIG-TN-00930,36,Ranipet,2026-03-09 20:22:38,CHECKPOST_TELEMETRY,CHEMICAL_PRECURSORS,EMERGING,84,RECURRENT_PATTERN,0
SIG-TN-00931,23,Namakkal,2025-09-23 11:35:08,HEALTH_ANOMALY,CHEMICAL_PRECURSORS,HIGH_PREVENTIVE_ATTENTION,95,RECURRENT_PATTERN,0
SIG-TN-00932,4,Salem,2025-07-03 04:17:01,CITIZEN_AGGREGATE,OPIOID_ANALOGUES,INCREASING,87,RECURRENT_PATTERN,0
SIG-TN-00933,17,Chengalpattu,2024-10-07 09:49:14,HEALTH_ANOMALY,COMMERCIAL_GANJA,EMERGING,95,RECURRENT_PATTERN,0
SIG-TN-00934,37,Tirupathur,2026-04-26 05:33:08,POLICE_INVESTIGATION,OPIOID_ANALOGUES,INCREASING,77,RECURRENT_PATTERN,0
SIG-TN-00935,10,Krishnagiri,2025-06-18 17:16:43,CITIZEN_AGGREGATE,SYNTHETIC_MDMA,HIGH_PREVENTIVE_ATTENTION,80,RECURRENT_PATTERN,0
SIG-TN-00936,1,Chennai,2025-07-13 09:29:58,CHECKPOST_TELEMETRY,COMMERCIAL_GANJA,WATCH,83,RECURRENT_PATTERN,0
SIG-TN-00937,28,Pudukkottai,2025-09-04 11:31:26,POLICE_INVESTIGATION,CHEMICAL_PRECURSORS,INCREASING,75,RECURRENT_PATTERN,0
SIG-TN-00938,36,Ranipet,2026-02-24 15:14:59,POLICE_INVESTIGATION,OPIOID_ANALOGUES,INCREASING,89,FIRST_TIME_SIGNAL,1
SIG-TN-00939,10,Krishnagiri,2025-04-12 16:12:21,CHECKPOST_TELEMETRY,PRESCRIPTION_NARCOTICS,EMERGING,74,RECURRENT_PATTERN,0
SIG-TN-00940,6,Tirunelveli,2026-02-25 13:45:00,CITIZEN_AGGREGATE,SYNTHETIC_MDMA,EMERGING,66,FIRST_TIME_SIGNAL,1
SIG-TN-00941,27,Perambalur,2025-04-04 08:02:47,HEALTH_ANOMALY,UNKNOWN_CONTRABAND,EMERGING,87,RECURRENT_PATTERN,0
SIG-TN-00942,25,Karur,2025-12-08 22:32:55,HEALTH_ANOMALY,OPIOID_ANALOGUES,HIGH_PREVENTIVE_ATTENTION,90,RECURRENT_PATTERN,0
SIG-TN-00943,1,Chennai,2026-03-13 14:30:30,HEALTH_ANOMALY,PRESCRIPTION_NARCOTICS,INCREASING,85,RECURRENT_PATTERN,0
SIG-TN-00944,11,Dindigul,2026-06-09 14:40:03,HEALTH_ANOMALY,SYNTHETIC_MDMA,WATCH,90,RECURRENT_PATTERN,0
SIG-TN-00945,13,Thoothukudi,2025-11-12 10:45:01,CHECKPOST_TELEMETRY,PRESCRIPTION_NARCOTICS,WATCH,82,RECURRENT_PATTERN,0
SIG-TN-00946,11,Dindigul,2024-10-25 16:05:41,HEALTH_ANOMALY,PRESCRIPTION_NARCOTICS,WATCH,79,RECURRENT_PATTERN,0
SIG-TN-00947,21,Kallakurichi,2025-10-13 15:48:58,CHECKPOST_TELEMETRY,PRESCRIPTION_NARCOTICS,EMERGING,84,RECURRENT_PATTERN,0
SIG-TN-00948,37,Tirupathur,2025-03-04 20:09:57,HEALTH_ANOMALY,CHEMICAL_PRECURSORS,HIGH_PREVENTIVE_ATTENTION,84,RECURRENT_PATTERN,0
SIG-TN-00949,36,Ranipet,2025-08-13 08:39:48,HEALTH_ANOMALY,COMMERCIAL_GANJA,EMERGING,79,FIRST_TIME_SIGNAL,1
SIG-TN-00950,8,Erode,2026-04-30 13:17:05,POLICE_INVESTIGATION,UNKNOWN_CONTRABAND,WATCH,84,RECURRENT_PATTERN,0
SIG-TN-00951,16,Kancheepuram,2026-08-18 16:44:59,POLICE_INVESTIGATION,PRESCRIPTION_NARCOTICS,INCREASING,86,RECURRENT_PATTERN,0
SIG-TN-00952,15,Tenkasi,2025-05-26 21:35:15,CHECKPOST_TELEMETRY,CHEMICAL_PRECURSORS,INCREASING,71,RECURRENT_PATTERN,0
SIG-TN-00953,7,Tiruppur,2025-02-22 16:12:58,HEALTH_ANOMALY,OPIOID_ANALOGUES,EMERGING,94,RECURRENT_PATTERN,0
SIG-TN-00954,8,Erode,2024-10-25 10:48:52,CHECKPOST_TELEMETRY,UNKNOWN_CONTRABAND,EMERGING,91,RECURRENT_PATTERN,0
SIG-TN-00955,10,Krishnagiri,2026-06-27 12:42:22,POLICE_INVESTIGATION,COMMERCIAL_GANJA,HIGH_PREVENTIVE_ATTENTION,87,RECURRENT_PATTERN,0
SIG-TN-00956,22,Dharmapuri,2026-07-22 03:18:44,CHECKPOST_TELEMETRY,COMMERCIAL_GANJA,HIGH_PREVENTIVE_ATTENTION,72,RECURRENT_PATTERN,0
SIG-TN-00957,2,Coimbatore,2024-12-16 14:30:54,POLICE_INVESTIGATION,PRESCRIPTION_NARCOTICS,INCREASING,83,RECURRENT_PATTERN,0
SIG-TN-00958,33,Thiruvarur,2025-07-09 03:49:50,POLICE_INVESTIGATION,COMMERCIAL_GANJA,HIGH_PREVENTIVE_ATTENTION,80,RECURRENT_PATTERN,0
SIG-TN-00959,23,Namakkal,2026-03-14 12:34:46,HEALTH_ANOMALY,COMMERCIAL_GANJA,INCREASING,78,RECURRENT_PATTERN,0
SIG-TN-00960,38,Tiruvannamalai,2026-02-08 16:27:28,CITIZEN_AGGREGATE,SYNTHETIC_MDMA,INCREASING,79,RECURRENT_PATTERN,0
SIG-TN-00961,16,Kancheepuram,2025-01-29 14:18:49,POLICE_INVESTIGATION,UNKNOWN_CONTRABAND,WATCH,89,RECURRENT_PATTERN,0
SIG-TN-00962,34,Nagapattinam,2025-06-14 08:17:33,CHECKPOST_TELEMETRY,OPIOID_ANALOGUES,EMERGING,94,RECURRENT_PATTERN,0
SIG-TN-00963,16,Kancheepuram,2025-01-31 05:37:51,POLICE_INVESTIGATION,OPIOID_ANALOGUES,INCREASING,91,RECURRENT_PATTERN,0
SIG-TN-00964,14,Kanniyakumari,2026-07-20 07:37:00,HEALTH_ANOMALY,OPIOID_ANALOGUES,WATCH,76,RECURRENT_PATTERN,0
SIG-TN-00965,37,Tirupathur,2025-07-24 12:00:17,POLICE_INVESTIGATION,PRESCRIPTION_NARCOTICS,HIGH_PREVENTIVE_ATTENTION,94,RECURRENT_PATTERN,0
SIG-TN-00966,5,Tiruchirappalli,2024-10-20 22:38:44,POLICE_INVESTIGATION,CHEMICAL_PRECURSORS,HIGH_PREVENTIVE_ATTENTION,79,RECURRENT_PATTERN,0
SIG-TN-00967,25,Karur,2025-12-23 09:13:16,POLICE_INVESTIGATION,UNKNOWN_CONTRABAND,INCREASING,95,FIRST_TIME_SIGNAL,1
SIG-TN-00968,38,Tiruvannamalai,2025-03-15 21:47:48,CITIZEN_AGGREGATE,SYNTHETIC_MDMA,EMERGING,76,RECURRENT_PATTERN,0
SIG-TN-00969,19,Cuddalore,2025-06-01 07:22:57,CITIZEN_AGGREGATE,COMMERCIAL_GANJA,HIGH_PREVENTIVE_ATTENTION,73,RECURRENT_PATTERN,0
SIG-TN-00970,7,Tiruppur,2025-03-22 00:06:23,CITIZEN_AGGREGATE,CHEMICAL_PRECURSORS,WATCH,83,RECURRENT_PATTERN,0
SIG-TN-00971,22,Dharmapuri,2025-09-03 19:05:59,POLICE_INVESTIGATION,UNKNOWN_CONTRABAND,INCREASING,76,RECURRENT_PATTERN,0
SIG-TN-00972,24,Nilgiris,2024-12-20 19:04:04,CHECKPOST_TELEMETRY,UNKNOWN_CONTRABAND,EMERGING,89,RECURRENT_PATTERN,0
SIG-TN-00973,6,Tirunelveli,2026-06-12 21:00:41,POLICE_INVESTIGATION,CHEMICAL_PRECURSORS,INCREASING,87,RECURRENT_PATTERN,0
SIG-TN-00974,38,Tiruvannamalai,2025-12-16 21:25:42,POLICE_INVESTIGATION,SYNTHETIC_MDMA,EMERGING,96,RECURRENT_PATTERN,0
SIG-TN-00975,19,Cuddalore,2026-07-17 00:25:48,HEALTH_ANOMALY,COMMERCIAL_GANJA,WATCH,79,RECURRENT_PATTERN,0
SIG-TN-00976,4,Salem,2026-07-15 23:59:10,CHECKPOST_TELEMETRY,SYNTHETIC_MDMA,INCREASING,84,RECURRENT_PATTERN,0
SIG-TN-00977,15,Tenkasi,2026-01-20 03:14:03,CITIZEN_AGGREGATE,UNKNOWN_CONTRABAND,EMERGING,93,RECURRENT_PATTERN,0
SIG-TN-00978,38,Tiruvannamalai,2024-12-23 19:32:39,HEALTH_ANOMALY,PRESCRIPTION_NARCOTICS,EMERGING,89,RECURRENT_PATTERN,0
SIG-TN-00979,28,Pudukkottai,2025-04-27 06:20:09,HEALTH_ANOMALY,COMMERCIAL_GANJA,HIGH_PREVENTIVE_ATTENTION,72,RECURRENT_PATTERN,0
SIG-TN-00980,23,Namakkal,2024-11-14 23:05:11,POLICE_INVESTIGATION,CHEMICAL_PRECURSORS,EMERGING,96,RECURRENT_PATTERN,0
SIG-TN-00981,2,Coimbatore,2026-03-07 08:00:51,CHECKPOST_TELEMETRY,PRESCRIPTION_NARCOTICS,HIGH_PREVENTIVE_ATTENTION,85,RECURRENT_PATTERN,0
SIG-TN-00982,19,Cuddalore,2026-03-04 12:20:32,HEALTH_ANOMALY,OPIOID_ANALOGUES,WATCH,70,RECURRENT_PATTERN,0
SIG-TN-00983,31,Virudhunagar,2025-05-06 18:02:37,CHECKPOST_TELEMETRY,UNKNOWN_CONTRABAND,INCREASING,96,FIRST_TIME_SIGNAL,1
SIG-TN-00984,11,Dindigul,2026-03-01 06:43:24,HEALTH_ANOMALY,UNKNOWN_CONTRABAND,HIGH_PREVENTIVE_ATTENTION,87,RECURRENT_PATTERN,0
SIG-TN-00985,16,Kancheepuram,2026-07-18 13:48:36,CHECKPOST_TELEMETRY,CHEMICAL_PRECURSORS,EMERGING,75,RECURRENT_PATTERN,0
SIG-TN-00986,26,Ariyalur,2025-07-30 22:46:02,HEALTH_ANOMALY,OPIOID_ANALOGUES,INCREASING,92,RECURRENT_PATTERN,0
SIG-TN-00987,17,Chengalpattu,2026-03-14 09:58:47,CHECKPOST_TELEMETRY,OPIOID_ANALOGUES,INCREASING,86,RECURRENT_PATTERN,0
SIG-TN-00988,9,Vellore,2025-06-13 14:47:24,HEALTH_ANOMALY,UNKNOWN_CONTRABAND,HIGH_PREVENTIVE_ATTENTION,89,FIRST_TIME_SIGNAL,1
SIG-TN-00989,37,Tirupathur,2025-09-14 21:44:20,HEALTH_ANOMALY,PRESCRIPTION_NARCOTICS,WATCH,80,RECURRENT_PATTERN,0
SIG-TN-00990,22,Dharmapuri,2026-07-05 17:47:25,CHECKPOST_TELEMETRY,CHEMICAL_PRECURSORS,WATCH,89,RECURRENT_PATTERN,0
SIG-TN-00991,13,Thoothukudi,2024-11-02 08:23:32,CITIZEN_AGGREGATE,OPIOID_ANALOGUES,HIGH_PREVENTIVE_ATTENTION,65,RECURRENT_PATTERN,0
SIG-TN-00992,37,Tirupathur,2024-11-24 22:03:48,HEALTH_ANOMALY,UNKNOWN_CONTRABAND,INCREASING,90,RECURRENT_PATTERN,0
SIG-TN-00993,26,Ariyalur,2025-01-24 12:19:49,POLICE_INVESTIGATION,COMMERCIAL_GANJA,HIGH_PREVENTIVE_ATTENTION,75,RECURRENT_PATTERN,0
SIG-TN-00994,17,Chengalpattu,2025-03-07 23:22:31,CHECKPOST_TELEMETRY,PRESCRIPTION_NARCOTICS,HIGH_PREVENTIVE_ATTENTION,83,RECURRENT_PATTERN,0
SIG-TN-00995,5,Tiruchirappalli,2025-08-03 13:24:08,CHECKPOST_TELEMETRY,PRESCRIPTION_NARCOTICS,EMERGING,78,RECURRENT_PATTERN,0
SIG-TN-00996,9,Vellore,2025-08-22 00:30:08,CHECKPOST_TELEMETRY,OPIOID_ANALOGUES,EMERGING,80,RECURRENT_PATTERN,0
SIG-TN-00997,25,Karur,2025-10-27 16:54:47,POLICE_INVESTIGATION,OPIOID_ANALOGUES,INCREASING,95,RECURRENT_PATTERN,0
SIG-TN-00998,8,Erode,2026-03-06 18:57:11,CHECKPOST_TELEMETRY,PRESCRIPTION_NARCOTICS,EMERGING,73,RECURRENT_PATTERN,0
SIG-TN-00999,26,Ariyalur,2026-02-16 00:59:37,CITIZEN_AGGREGATE,SYNTHETIC_MDMA,EMERGING,91,RECURRENT_PATTERN,0
SIG-TN-01000,25,Karur,2024-12-11 11:09:14,CITIZEN_AGGREGATE,SYNTHETIC_MDMA,WATCH,81,RECURRENT_PATTERN,0
SIG-TN-01001,17,Chengalpattu,2024-09-26 03:09:33,CITIZEN_AGGREGATE,COMMERCIAL_GANJA,WATCH,79,RECURRENT_PATTERN,0
SIG-TN-01002,12,Thanjavur,2025-07-08 13:04:46,CHECKPOST_TELEMETRY,SYNTHETIC_MDMA,EMERGING,88,RECURRENT_PATTERN,0
SIG-TN-01003,31,Virudhunagar,2025-01-30 23:11:57,CHECKPOST_TELEMETRY,UNKNOWN_CONTRABAND,HIGH_PREVENTIVE_ATTENTION,82,RECURRENT_PATTERN,0
SIG-TN-01004,29,Sivaganga,2026-06-30 18:05:38,CITIZEN_AGGREGATE,PRESCRIPTION_NARCOTICS,HIGH_PREVENTIVE_ATTENTION,87,RECURRENT_PATTERN,0
SIG-TN-01005,28,Pudukkottai,2024-11-02 01:28:48,CHECKPOST_TELEMETRY,PRESCRIPTION_NARCOTICS,EMERGING,83,RECURRENT_PATTERN,0
SIG-TN-01006,30,Ramanathapuram,2024-11-13 09:14:31,CITIZEN_AGGREGATE,PRESCRIPTION_NARCOTICS,INCREASING,74,RECURRENT_PATTERN,0
SIG-TN-01007,31,Virudhunagar,2025-02-27 18:00:05,CITIZEN_AGGREGATE,OPIOID_ANALOGUES,WATCH,65,RECURRENT_PATTERN,0
SIG-TN-01008,32,Theni,2026-04-09 16:18:31,POLICE_INVESTIGATION,SYNTHETIC_MDMA,EMERGING,88,RECURRENT_PATTERN,0
SIG-TN-01009,29,Sivaganga,2024-12-10 16:34:16,POLICE_INVESTIGATION,SYNTHETIC_MDMA,HIGH_PREVENTIVE_ATTENTION,70,RECURRENT_PATTERN,0
SIG-TN-01010,20,Viluppuram,2026-07-09 12:34:50,CHECKPOST_TELEMETRY,SYNTHETIC_MDMA,HIGH_PREVENTIVE_ATTENTION,85,RECURRENT_PATTERN,0
SIG-TN-01011,21,Kallakurichi,2025-09-27 17:06:54,CHECKPOST_TELEMETRY,PRESCRIPTION_NARCOTICS,EMERGING,89,RECURRENT_PATTERN,0
SIG-TN-01012,36,Ranipet,2026-02-25 19:48:05,CITIZEN_AGGREGATE,PRESCRIPTION_NARCOTICS,INCREASING,81,RECURRENT_PATTERN,0
SIG-TN-01013,21,Kallakurichi,2024-11-15 03:17:55,CITIZEN_AGGREGATE,PRESCRIPTION_NARCOTICS,EMERGING,77,RECURRENT_PATTERN,0
SIG-TN-01014,22,Dharmapuri,2025-02-16 18:46:22,HEALTH_ANOMALY,PRESCRIPTION_NARCOTICS,WATCH,85,RECURRENT_PATTERN,0
SIG-TN-01015,29,Sivaganga,2025-05-30 02:31:44,HEALTH_ANOMALY,OPIOID_ANALOGUES,EMERGING,91,RECURRENT_PATTERN,0
SIG-TN-01016,14,Kanniyakumari,2026-04-09 09:11:47,CITIZEN_AGGREGATE,COMMERCIAL_GANJA,WATCH,78,RECURRENT_PATTERN,0
SIG-TN-01017,37,Tirupathur,2026-01-23 12:12:30,HEALTH_ANOMALY,SYNTHETIC_MDMA,HIGH_PREVENTIVE_ATTENTION,92,RECURRENT_PATTERN,0
SIG-TN-01018,21,Kallakurichi,2024-12-11 21:33:49,CHECKPOST_TELEMETRY,OPIOID_ANALOGUES,EMERGING,81,RECURRENT_PATTERN,0
SIG-TN-01019,2,Coimbatore,2026-01-28 22:43:09,POLICE_INVESTIGATION,PRESCRIPTION_NARCOTICS,WATCH,89,RECURRENT_PATTERN,0
SIG-TN-01020,34,Nagapattinam,2026-02-09 08:11:53,POLICE_INVESTIGATION,OPIOID_ANALOGUES,HIGH_PREVENTIVE_ATTENTION,70,RECURRENT_PATTERN,0
SIG-TN-01021,31,Virudhunagar,2025-01-01 00:58:27,CHECKPOST_TELEMETRY,CHEMICAL_PRECURSORS,WATCH,90,RECURRENT_PATTERN,0
SIG-TN-01022,14,Kanniyakumari,2026-07-04 15:37:52,HEALTH_ANOMALY,UNKNOWN_CONTRABAND,WATCH,66,FIRST_TIME_SIGNAL,1
SIG-TN-01023,23,Namakkal,2024-10-11 19:20:02,CHECKPOST_TELEMETRY,PRESCRIPTION_NARCOTICS,EMERGING,67,RECURRENT_PATTERN,0
SIG-TN-01024,31,Virudhunagar,2025-11-30 12:02:20,HEALTH_ANOMALY,PRESCRIPTION_NARCOTICS,EMERGING,91,RECURRENT_PATTERN,0
SIG-TN-01025,8,Erode,2024-10-10 11:09:44,CHECKPOST_TELEMETRY,UNKNOWN_CONTRABAND,HIGH_PREVENTIVE_ATTENTION,93,RECURRENT_PATTERN,0
SIG-TN-01026,4,Salem,2025-01-06 02:36:16,CHECKPOST_TELEMETRY,SYNTHETIC_MDMA,WATCH,75,RECURRENT_PATTERN,0
SIG-TN-01027,11,Dindigul,2026-05-20 10:02:58,CHECKPOST_TELEMETRY,COMMERCIAL_GANJA,WATCH,77,RECURRENT_PATTERN,0
SIG-TN-01028,23,Namakkal,2024-09-29 05:31:43,HEALTH_ANOMALY,UNKNOWN_CONTRABAND,HIGH_PREVENTIVE_ATTENTION,91,RECURRENT_PATTERN,0
SIG-TN-01029,4,Salem,2025-06-11 06:52:22,HEALTH_ANOMALY,SYNTHETIC_MDMA,WATCH,93,RECURRENT_PATTERN,0
SIG-TN-01030,28,Pudukkottai,2025-10-20 18:20:14,POLICE_INVESTIGATION,UNKNOWN_CONTRABAND,WATCH,91,RECURRENT_PATTERN,0
SIG-TN-01031,29,Sivaganga,2025-03-03 21:51:32,CITIZEN_AGGREGATE,SYNTHETIC_MDMA,HIGH_PREVENTIVE_ATTENTION,69,FIRST_TIME_SIGNAL,1
SIG-TN-01032,36,Ranipet,2026-02-04 20:02:17,CITIZEN_AGGREGATE,CHEMICAL_PRECURSORS,INCREASING,73,RECURRENT_PATTERN,0
SIG-TN-01033,38,Tiruvannamalai,2025-07-25 13:27:52,POLICE_INVESTIGATION,UNKNOWN_CONTRABAND,EMERGING,85,FIRST_TIME_SIGNAL,1
SIG-TN-01034,22,Dharmapuri,2025-04-28 00:11:56,POLICE_INVESTIGATION,UNKNOWN_CONTRABAND,INCREASING,78,RECURRENT_PATTERN,0
SIG-TN-01035,14,Kanniyakumari,2025-06-06 13:26:50,HEALTH_ANOMALY,COMMERCIAL_GANJA,INCREASING,83,RECURRENT_PATTERN,0
SIG-TN-01036,12,Thanjavur,2025-07-12 11:08:50,HEALTH_ANOMALY,PRESCRIPTION_NARCOTICS,INCREASING,84,RECURRENT_PATTERN,0
SIG-TN-01037,33,Thiruvarur,2024-12-14 23:31:55,CHECKPOST_TELEMETRY,COMMERCIAL_GANJA,WATCH,93,RECURRENT_PATTERN,0
SIG-TN-01038,16,Kancheepuram,2026-08-07 01:12:57,CHECKPOST_TELEMETRY,PRESCRIPTION_NARCOTICS,HIGH_PREVENTIVE_ATTENTION,71,RECURRENT_PATTERN,0
SIG-TN-01039,23,Namakkal,2026-04-02 06:29:52,HEALTH_ANOMALY,PRESCRIPTION_NARCOTICS,INCREASING,91,RECURRENT_PATTERN,0
SIG-TN-01040,11,Dindigul,2025-10-11 12:24:25,POLICE_INVESTIGATION,OPIOID_ANALOGUES,WATCH,96,RECURRENT_PATTERN,0
SIG-TN-01041,30,Ramanathapuram,2025-09-26 02:38:58,POLICE_INVESTIGATION,PRESCRIPTION_NARCOTICS,WATCH,83,RECURRENT_PATTERN,0
SIG-TN-01042,27,Perambalur,2025-11-04 15:43:05,CITIZEN_AGGREGATE,COMMERCIAL_GANJA,EMERGING,74,FIRST_TIME_SIGNAL,1
SIG-TN-01043,33,Thiruvarur,2025-04-15 21:20:04,HEALTH_ANOMALY,COMMERCIAL_GANJA,HIGH_PREVENTIVE_ATTENTION,82,RECURRENT_PATTERN,0
SIG-TN-01044,37,Tirupathur,2025-01-06 00:45:55,HEALTH_ANOMALY,PRESCRIPTION_NARCOTICS,INCREASING,69,RECURRENT_PATTERN,0
SIG-TN-01045,2,Coimbatore,2025-10-26 04:04:29,POLICE_INVESTIGATION,COMMERCIAL_GANJA,EMERGING,77,RECURRENT_PATTERN,0
SIG-TN-01046,32,Theni,2025-06-01 20:23:43,POLICE_INVESTIGATION,PRESCRIPTION_NARCOTICS,EMERGING,66,RECURRENT_PATTERN,0
SIG-TN-01047,25,Karur,2026-07-01 20:13:53,HEALTH_ANOMALY,CHEMICAL_PRECURSORS,WATCH,73,RECURRENT_PATTERN,0
SIG-TN-01048,14,Kanniyakumari,2026-07-30 17:25:37,POLICE_INVESTIGATION,SYNTHETIC_MDMA,HIGH_PREVENTIVE_ATTENTION,79,RECURRENT_PATTERN,0
SIG-TN-01049,38,Tiruvannamalai,2025-09-08 14:09:28,CHECKPOST_TELEMETRY,COMMERCIAL_GANJA,INCREASING,78,RECURRENT_PATTERN,0
SIG-TN-01050,37,Tirupathur,2026-07-04 20:24:29,POLICE_INVESTIGATION,PRESCRIPTION_NARCOTICS,HIGH_PREVENTIVE_ATTENTION,71,RECURRENT_PATTERN,0
SIG-TN-01051,26,Ariyalur,2024-10-12 01:15:40,POLICE_INVESTIGATION,PRESCRIPTION_NARCOTICS,INCREASING,68,RECURRENT_PATTERN,0
SIG-TN-01052,38,Tiruvannamalai,2025-01-06 02:30:29,POLICE_INVESTIGATION,SYNTHETIC_MDMA,INCREASING,77,RECURRENT_PATTERN,0
SIG-TN-01053,30,Ramanathapuram,2026-07-06 10:47:28,CITIZEN_AGGREGATE,UNKNOWN_CONTRABAND,HIGH_PREVENTIVE_ATTENTION,84,RECURRENT_PATTERN,0
SIG-TN-01054,5,Tiruchirappalli,2024-10-24 22:01:11,POLICE_INVESTIGATION,SYNTHETIC_MDMA,INCREASING,78,RECURRENT_PATTERN,0
SIG-TN-01055,13,Thoothukudi,2025-07-01 11:16:00,POLICE_INVESTIGATION,SYNTHETIC_MDMA,WATCH,95,RECURRENT_PATTERN,0
SIG-TN-01056,1,Chennai,2025-03-10 05:49:11,HEALTH_ANOMALY,CHEMICAL_PRECURSORS,WATCH,95,RECURRENT_PATTERN,0
SIG-TN-01057,31,Virudhunagar,2025-04-23 18:11:11,POLICE_INVESTIGATION,UNKNOWN_CONTRABAND,INCREASING,70,RECURRENT_PATTERN,0
SIG-TN-01058,19,Cuddalore,2025-02-24 07:35:28,POLICE_INVESTIGATION,SYNTHETIC_MDMA,HIGH_PREVENTIVE_ATTENTION,70,RECURRENT_PATTERN,0
SIG-TN-01059,35,Mayiladuthurai,2026-08-10 11:26:29,CHECKPOST_TELEMETRY,PRESCRIPTION_NARCOTICS,HIGH_PREVENTIVE_ATTENTION,95,RECURRENT_PATTERN,0
SIG-TN-01060,28,Pudukkottai,2024-11-08 07:07:57,HEALTH_ANOMALY,OPIOID_ANALOGUES,HIGH_PREVENTIVE_ATTENTION,79,RECURRENT_PATTERN,0
SIG-TN-01061,4,Salem,2026-07-02 06:44:42,HEALTH_ANOMALY,COMMERCIAL_GANJA,HIGH_PREVENTIVE_ATTENTION,67,RECURRENT_PATTERN,0
SIG-TN-01062,27,Perambalur,2025-12-05 02:21:54,CITIZEN_AGGREGATE,UNKNOWN_CONTRABAND,EMERGING,93,FIRST_TIME_SIGNAL,1
SIG-TN-01063,21,Kallakurichi,2025-09-03 22:37:44,CHECKPOST_TELEMETRY,SYNTHETIC_MDMA,WATCH,92,RECURRENT_PATTERN,0
SIG-TN-01064,6,Tirunelveli,2025-06-05 03:24:32,HEALTH_ANOMALY,CHEMICAL_PRECURSORS,WATCH,67,RECURRENT_PATTERN,0
SIG-TN-01065,32,Theni,2025-03-14 18:06:53,CITIZEN_AGGREGATE,CHEMICAL_PRECURSORS,WATCH,65,RECURRENT_PATTERN,0
SIG-TN-01066,18,Tiruvallur,2024-10-23 20:23:34,CITIZEN_AGGREGATE,PRESCRIPTION_NARCOTICS,EMERGING,77,RECURRENT_PATTERN,0
SIG-TN-01067,35,Mayiladuthurai,2024-09-24 10:33:19,POLICE_INVESTIGATION,OPIOID_ANALOGUES,HIGH_PREVENTIVE_ATTENTION,67,RECURRENT_PATTERN,0
SIG-TN-01068,2,Coimbatore,2026-07-03 02:05:36,CITIZEN_AGGREGATE,SYNTHETIC_MDMA,INCREASING,67,FIRST_TIME_SIGNAL,1
SIG-TN-01069,29,Sivaganga,2025-10-14 03:37:08,CHECKPOST_TELEMETRY,PRESCRIPTION_NARCOTICS,WATCH,85,RECURRENT_PATTERN,0
SIG-TN-01070,15,Tenkasi,2026-03-31 08:28:14,CHECKPOST_TELEMETRY,UNKNOWN_CONTRABAND,EMERGING,68,RECURRENT_PATTERN,0
SIG-TN-01071,21,Kallakurichi,2025-05-05 03:00:09,POLICE_INVESTIGATION,CHEMICAL_PRECURSORS,HIGH_PREVENTIVE_ATTENTION,81,RECURRENT_PATTERN,0
SIG-TN-01072,6,Tirunelveli,2025-03-05 14:51:40,HEALTH_ANOMALY,COMMERCIAL_GANJA,EMERGING,74,RECURRENT_PATTERN,0
SIG-TN-01073,10,Krishnagiri,2026-03-14 22:26:13,CITIZEN_AGGREGATE,COMMERCIAL_GANJA,WATCH,96,RECURRENT_PATTERN,0
SIG-TN-01074,37,Tirupathur,2025-03-03 10:42:18,CITIZEN_AGGREGATE,SYNTHETIC_MDMA,INCREASING,90,RECURRENT_PATTERN,0
SIG-TN-01075,7,Tiruppur,2025-08-08 09:48:00,CHECKPOST_TELEMETRY,PRESCRIPTION_NARCOTICS,EMERGING,77,RECURRENT_PATTERN,0
SIG-TN-01076,26,Ariyalur,2025-01-30 10:48:40,CITIZEN_AGGREGATE,PRESCRIPTION_NARCOTICS,EMERGING,76,RECURRENT_PATTERN,0
SIG-TN-01077,23,Namakkal,2026-08-05 12:16:17,POLICE_INVESTIGATION,OPIOID_ANALOGUES,INCREASING,89,RECURRENT_PATTERN,0
SIG-TN-01078,3,Madurai,2025-02-06 18:23:20,POLICE_INVESTIGATION,PRESCRIPTION_NARCOTICS,HIGH_PREVENTIVE_ATTENTION,88,RECURRENT_PATTERN,0
SIG-TN-01079,5,Tiruchirappalli,2025-03-10 09:01:53,HEALTH_ANOMALY,UNKNOWN_CONTRABAND,WATCH,67,RECURRENT_PATTERN,0
SIG-TN-01080,35,Mayiladuthurai,2026-02-24 12:43:39,CITIZEN_AGGREGATE,UNKNOWN_CONTRABAND,INCREASING,76,RECURRENT_PATTERN,0
SIG-TN-01081,28,Pudukkottai,2026-04-03 05:46:31,HEALTH_ANOMALY,COMMERCIAL_GANJA,INCREASING,74,RECURRENT_PATTERN,0
SIG-TN-01082,35,Mayiladuthurai,2025-06-06 20:18:39,POLICE_INVESTIGATION,UNKNOWN_CONTRABAND,INCREASING,87,RECURRENT_PATTERN,0
SIG-TN-01083,9,Vellore,2024-12-29 00:16:35,POLICE_INVESTIGATION,UNKNOWN_CONTRABAND,INCREASING,96,RECURRENT_PATTERN,0
SIG-TN-01084,13,Thoothukudi,2024-10-28 13:34:52,CITIZEN_AGGREGATE,CHEMICAL_PRECURSORS,WATCH,67,FIRST_TIME_SIGNAL,1
SIG-TN-01085,15,Tenkasi,2025-03-20 20:45:25,HEALTH_ANOMALY,OPIOID_ANALOGUES,WATCH,73,RECURRENT_PATTERN,0
SIG-TN-01086,16,Kancheepuram,2025-03-19 11:47:36,HEALTH_ANOMALY,PRESCRIPTION_NARCOTICS,INCREASING,94,RECURRENT_PATTERN,0
SIG-TN-01087,22,Dharmapuri,2026-06-16 09:15:09,HEALTH_ANOMALY,SYNTHETIC_MDMA,EMERGING,83,RECURRENT_PATTERN,0
SIG-TN-01088,3,Madurai,2024-12-23 04:22:51,CITIZEN_AGGREGATE,OPIOID_ANALOGUES,INCREASING,86,RECURRENT_PATTERN,0
SIG-TN-01089,12,Thanjavur,2025-09-26 05:34:05,POLICE_INVESTIGATION,CHEMICAL_PRECURSORS,INCREASING,82,RECURRENT_PATTERN,0
SIG-TN-01090,18,Tiruvallur,2025-03-25 09:22:43,CHECKPOST_TELEMETRY,COMMERCIAL_GANJA,EMERGING,79,RECURRENT_PATTERN,0
SIG-TN-01091,21,Kallakurichi,2026-06-02 04:05:03,CHECKPOST_TELEMETRY,COMMERCIAL_GANJA,WATCH,89,RECURRENT_PATTERN,0
SIG-TN-01092,14,Kanniyakumari,2025-05-17 01:22:17,CHECKPOST_TELEMETRY,OPIOID_ANALOGUES,WATCH,95,RECURRENT_PATTERN,0
SIG-TN-01093,6,Tirunelveli,2026-08-03 11:11:32,CHECKPOST_TELEMETRY,UNKNOWN_CONTRABAND,HIGH_PREVENTIVE_ATTENTION,76,RECURRENT_PATTERN,0
SIG-TN-01094,16,Kancheepuram,2025-01-21 13:24:42,CHECKPOST_TELEMETRY,CHEMICAL_PRECURSORS,EMERGING,67,FIRST_TIME_SIGNAL,1
SIG-TN-01095,26,Ariyalur,2026-06-23 04:04:37,HEALTH_ANOMALY,OPIOID_ANALOGUES,WATCH,92,RECURRENT_PATTERN,0
SIG-TN-01096,18,Tiruvallur,2024-11-30 05:28:23,CITIZEN_AGGREGATE,PRESCRIPTION_NARCOTICS,EMERGING,72,RECURRENT_PATTERN,0
SIG-TN-01097,33,Thiruvarur,2025-11-15 23:31:51,HEALTH_ANOMALY,CHEMICAL_PRECURSORS,HIGH_PREVENTIVE_ATTENTION,89,RECURRENT_PATTERN,0
SIG-TN-01098,15,Tenkasi,2025-03-17 00:47:24,CITIZEN_AGGREGATE,CHEMICAL_PRECURSORS,WATCH,71,RECURRENT_PATTERN,0
SIG-TN-01099,11,Dindigul,2025-07-09 00:04:29,POLICE_INVESTIGATION,CHEMICAL_PRECURSORS,INCREASING,94,RECURRENT_PATTERN,0
SIG-TN-01100,21,Kallakurichi,2026-01-15 23:35:35,CHECKPOST_TELEMETRY,OPIOID_ANALOGUES,INCREASING,73,RECURRENT_PATTERN,0
SIG-TN-01101,35,Mayiladuthurai,2025-08-21 01:40:59,HEALTH_ANOMALY,COMMERCIAL_GANJA,WATCH,65,RECURRENT_PATTERN,0
SIG-TN-01102,26,Ariyalur,2025-11-12 00:19:41,HEALTH_ANOMALY,COMMERCIAL_GANJA,HIGH_PREVENTIVE_ATTENTION,86,RECURRENT_PATTERN,0
SIG-TN-01103,22,Dharmapuri,2026-06-16 17:45:07,HEALTH_ANOMALY,OPIOID_ANALOGUES,HIGH_PREVENTIVE_ATTENTION,89,RECURRENT_PATTERN,0
SIG-TN-01104,36,Ranipet,2025-05-04 05:36:46,CITIZEN_AGGREGATE,SYNTHETIC_MDMA,WATCH,65,RECURRENT_PATTERN,0
SIG-TN-01105,2,Coimbatore,2024-10-03 08:07:38,POLICE_INVESTIGATION,SYNTHETIC_MDMA,INCREASING,71,RECURRENT_PATTERN,0
SIG-TN-01106,33,Thiruvarur,2026-03-30 00:10:05,CHECKPOST_TELEMETRY,OPIOID_ANALOGUES,EMERGING,89,RECURRENT_PATTERN,0
SIG-TN-01107,3,Madurai,2025-03-17 17:36:36,CITIZEN_AGGREGATE,UNKNOWN_CONTRABAND,INCREASING,91,RECURRENT_PATTERN,0
SIG-TN-01108,34,Nagapattinam,2026-02-09 20:47:25,CHECKPOST_TELEMETRY,UNKNOWN_CONTRABAND,EMERGING,83,RECURRENT_PATTERN,0
SIG-TN-01109,30,Ramanathapuram,2025-08-15 18:36:00,POLICE_INVESTIGATION,COMMERCIAL_GANJA,INCREASING,90,RECURRENT_PATTERN,0
SIG-TN-01110,32,Theni,2025-08-20 13:26:20,CITIZEN_AGGREGATE,PRESCRIPTION_NARCOTICS,INCREASING,77,RECURRENT_PATTERN,0
SIG-TN-01111,24,Nilgiris,2025-05-24 23:01:20,CITIZEN_AGGREGATE,OPIOID_ANALOGUES,EMERGING,91,RECURRENT_PATTERN,0
SIG-TN-01112,32,Theni,2025-01-10 22:53:15,CITIZEN_AGGREGATE,UNKNOWN_CONTRABAND,HIGH_PREVENTIVE_ATTENTION,86,FIRST_TIME_SIGNAL,1
SIG-TN-01113,11,Dindigul,2025-05-31 20:24:30,CITIZEN_AGGREGATE,UNKNOWN_CONTRABAND,HIGH_PREVENTIVE_ATTENTION,93,RECURRENT_PATTERN,0
SIG-TN-01114,24,Nilgiris,2026-06-15 00:20:53,CHECKPOST_TELEMETRY,UNKNOWN_CONTRABAND,WATCH,71,FIRST_TIME_SIGNAL,1
SIG-TN-01115,35,Mayiladuthurai,2025-06-21 19:44:34,CITIZEN_AGGREGATE,CHEMICAL_PRECURSORS,HIGH_PREVENTIVE_ATTENTION,74,RECURRENT_PATTERN,0
SIG-TN-01116,2,Coimbatore,2025-02-24 01:19:13,CITIZEN_AGGREGATE,UNKNOWN_CONTRABAND,WATCH,76,RECURRENT_PATTERN,0
SIG-TN-01117,5,Tiruchirappalli,2025-02-16 12:02:54,HEALTH_ANOMALY,OPIOID_ANALOGUES,INCREASING,79,RECURRENT_PATTERN,0
SIG-TN-01118,36,Ranipet,2026-06-22 14:35:50,HEALTH_ANOMALY,SYNTHETIC_MDMA,HIGH_PREVENTIVE_ATTENTION,65,FIRST_TIME_SIGNAL,1
SIG-TN-01119,32,Theni,2026-01-19 05:22:04,HEALTH_ANOMALY,SYNTHETIC_MDMA,INCREASING,65,RECURRENT_PATTERN,0
SIG-TN-01120,6,Tirunelveli,2026-03-13 21:07:09,POLICE_INVESTIGATION,CHEMICAL_PRECURSORS,WATCH,69,RECURRENT_PATTERN,0
SIG-TN-01121,38,Tiruvannamalai,2025-04-21 15:06:46,CHECKPOST_TELEMETRY,UNKNOWN_CONTRABAND,HIGH_PREVENTIVE_ATTENTION,71,RECURRENT_PATTERN,0
SIG-TN-01122,25,Karur,2026-03-04 23:30:18,HEALTH_ANOMALY,SYNTHETIC_MDMA,WATCH,69,RECURRENT_PATTERN,0
SIG-TN-01123,36,Ranipet,2024-12-05 23:48:19,CITIZEN_AGGREGATE,PRESCRIPTION_NARCOTICS,WATCH,65,RECURRENT_PATTERN,0
SIG-TN-01124,20,Viluppuram,2026-07-09 17:59:59,CITIZEN_AGGREGATE,OPIOID_ANALOGUES,HIGH_PREVENTIVE_ATTENTION,91,FIRST_TIME_SIGNAL,1
SIG-TN-01125,2,Coimbatore,2025-11-10 08:27:16,CITIZEN_AGGREGATE,COMMERCIAL_GANJA,HIGH_PREVENTIVE_ATTENTION,82,RECURRENT_PATTERN,0
SIG-TN-01126,25,Karur,2025-02-14 22:58:00,HEALTH_ANOMALY,OPIOID_ANALOGUES,WATCH,88,RECURRENT_PATTERN,0
SIG-TN-01127,28,Pudukkottai,2025-07-28 19:19:47,CITIZEN_AGGREGATE,UNKNOWN_CONTRABAND,WATCH,72,RECURRENT_PATTERN,0
SIG-TN-01128,29,Sivaganga,2025-03-18 19:13:04,HEALTH_ANOMALY,CHEMICAL_PRECURSORS,HIGH_PREVENTIVE_ATTENTION,66,RECURRENT_PATTERN,0
SIG-TN-01129,20,Viluppuram,2026-02-25 04:09:29,CITIZEN_AGGREGATE,PRESCRIPTION_NARCOTICS,WATCH,73,RECURRENT_PATTERN,0
SIG-TN-01130,22,Dharmapuri,2025-07-10 04:14:00,POLICE_INVESTIGATION,UNKNOWN_CONTRABAND,EMERGING,77,RECURRENT_PATTERN,0
SIG-TN-01131,11,Dindigul,2025-07-03 19:46:38,HEALTH_ANOMALY,PRESCRIPTION_NARCOTICS,EMERGING,84,FIRST_TIME_SIGNAL,1
SIG-TN-01132,16,Kancheepuram,2024-10-20 19:25:11,CHECKPOST_TELEMETRY,PRESCRIPTION_NARCOTICS,EMERGING,80,RECURRENT_PATTERN,0
SIG-TN-01133,36,Ranipet,2026-07-05 03:41:16,CHECKPOST_TELEMETRY,COMMERCIAL_GANJA,EMERGING,88,RECURRENT_PATTERN,0
SIG-TN-01134,4,Salem,2026-02-20 04:55:49,CHECKPOST_TELEMETRY,UNKNOWN_CONTRABAND,EMERGING,72,RECURRENT_PATTERN,0
SIG-TN-01135,1,Chennai,2024-10-25 00:36:17,CHECKPOST_TELEMETRY,COMMERCIAL_GANJA,EMERGING,65,RECURRENT_PATTERN,0
SIG-TN-01136,23,Namakkal,2024-10-28 01:19:30,POLICE_INVESTIGATION,COMMERCIAL_GANJA,EMERGING,87,RECURRENT_PATTERN,0
SIG-TN-01137,18,Tiruvallur,2025-11-21 15:00:32,HEALTH_ANOMALY,SYNTHETIC_MDMA,INCREASING,74,RECURRENT_PATTERN,0
SIG-TN-01138,31,Virudhunagar,2024-10-06 19:04:12,CHECKPOST_TELEMETRY,CHEMICAL_PRECURSORS,EMERGING,90,RECURRENT_PATTERN,0
SIG-TN-01139,28,Pudukkottai,2025-08-22 16:07:27,HEALTH_ANOMALY,SYNTHETIC_MDMA,INCREASING,93,FIRST_TIME_SIGNAL,1
SIG-TN-01140,21,Kallakurichi,2026-01-16 02:06:09,POLICE_INVESTIGATION,SYNTHETIC_MDMA,INCREASING,92,RECURRENT_PATTERN,0
SIG-TN-01141,38,Tiruvannamalai,2026-07-15 14:33:33,HEALTH_ANOMALY,SYNTHETIC_MDMA,INCREASING,96,RECURRENT_PATTERN,0
SIG-TN-01142,16,Kancheepuram,2026-01-22 15:13:55,CITIZEN_AGGREGATE,COMMERCIAL_GANJA,EMERGING,75,RECURRENT_PATTERN,0
SIG-TN-01143,33,Thiruvarur,2024-09-23 17:13:29,CITIZEN_AGGREGATE,COMMERCIAL_GANJA,HIGH_PREVENTIVE_ATTENTION,88,RECURRENT_PATTERN,0
SIG-TN-01144,2,Coimbatore,2026-02-10 16:55:39,POLICE_INVESTIGATION,UNKNOWN_CONTRABAND,EMERGING,66,RECURRENT_PATTERN,0
SIG-TN-01145,25,Karur,2025-03-21 00:07:11,CHECKPOST_TELEMETRY,SYNTHETIC_MDMA,WATCH,82,RECURRENT_PATTERN,0
SIG-TN-01146,30,Ramanathapuram,2025-04-05 20:35:44,POLICE_INVESTIGATION,PRESCRIPTION_NARCOTICS,WATCH,71,RECURRENT_PATTERN,0
SIG-TN-01147,25,Karur,2026-05-26 05:03:32,CHECKPOST_TELEMETRY,OPIOID_ANALOGUES,EMERGING,70,RECURRENT_PATTERN,0
SIG-TN-01148,12,Thanjavur,2025-12-10 19:12:00,HEALTH_ANOMALY,COMMERCIAL_GANJA,INCREASING,83,RECURRENT_PATTERN,0
SIG-TN-01149,33,Thiruvarur,2026-01-08 08:41:33,CITIZEN_AGGREGATE,CHEMICAL_PRECURSORS,WATCH,86,RECURRENT_PATTERN,0
SIG-TN-01150,33,Thiruvarur,2025-08-23 23:54:33,CHECKPOST_TELEMETRY,OPIOID_ANALOGUES,INCREASING,91,RECURRENT_PATTERN,0
SIG-TN-01151,23,Namakkal,2024-10-22 15:28:46,CHECKPOST_TELEMETRY,CHEMICAL_PRECURSORS,HIGH_PREVENTIVE_ATTENTION,69,RECURRENT_PATTERN,0
SIG-TN-01152,27,Perambalur,2025-11-10 16:02:12,CHECKPOST_TELEMETRY,COMMERCIAL_GANJA,WATCH,68,RECURRENT_PATTERN,0
SIG-TN-01153,14,Kanniyakumari,2025-10-30 06:02:39,HEALTH_ANOMALY,CHEMICAL_PRECURSORS,WATCH,84,RECURRENT_PATTERN,0
SIG-TN-01154,34,Nagapattinam,2025-02-18 22:38:19,CITIZEN_AGGREGATE,CHEMICAL_PRECURSORS,HIGH_PREVENTIVE_ATTENTION,89,RECURRENT_PATTERN,0
SIG-TN-01155,15,Tenkasi,2026-05-17 02:26:00,POLICE_INVESTIGATION,SYNTHETIC_MDMA,EMERGING,66,RECURRENT_PATTERN,0
SIG-TN-01156,29,Sivaganga,2026-08-05 01:25:46,HEALTH_ANOMALY,OPIOID_ANALOGUES,EMERGING,67,RECURRENT_PATTERN,0
SIG-TN-01157,6,Tirunelveli,2025-09-23 23:01:11,CITIZEN_AGGREGATE,COMMERCIAL_GANJA,WATCH,88,RECURRENT_PATTERN,0
SIG-TN-01158,35,Mayiladuthurai,2025-04-09 08:27:09,POLICE_INVESTIGATION,UNKNOWN_CONTRABAND,EMERGING,93,RECURRENT_PATTERN,0
SIG-TN-01159,22,Dharmapuri,2024-12-02 10:32:57,HEALTH_ANOMALY,COMMERCIAL_GANJA,HIGH_PREVENTIVE_ATTENTION,66,RECURRENT_PATTERN,0
SIG-TN-01160,31,Virudhunagar,2026-01-26 09:17:15,CHECKPOST_TELEMETRY,COMMERCIAL_GANJA,INCREASING,66,RECURRENT_PATTERN,0
SIG-TN-01161,25,Karur,2025-05-28 10:20:02,CHECKPOST_TELEMETRY,OPIOID_ANALOGUES,WATCH,77,RECURRENT_PATTERN,0
SIG-TN-01162,22,Dharmapuri,2024-09-23 23:54:05,CITIZEN_AGGREGATE,PRESCRIPTION_NARCOTICS,INCREASING,96,RECURRENT_PATTERN,0
SIG-TN-01163,23,Namakkal,2024-09-25 03:01:03,CITIZEN_AGGREGATE,CHEMICAL_PRECURSORS,EMERGING,84,RECURRENT_PATTERN,0
SIG-TN-01164,13,Thoothukudi,2025-02-18 16:35:12,CITIZEN_AGGREGATE,SYNTHETIC_MDMA,HIGH_PREVENTIVE_ATTENTION,86,RECURRENT_PATTERN,0
SIG-TN-01165,35,Mayiladuthurai,2025-07-14 09:40:27,POLICE_INVESTIGATION,OPIOID_ANALOGUES,EMERGING,77,RECURRENT_PATTERN,0
SIG-TN-01166,24,Nilgiris,2025-11-20 10:45:44,HEALTH_ANOMALY,PRESCRIPTION_NARCOTICS,WATCH,66,RECURRENT_PATTERN,0
SIG-TN-01167,38,Tiruvannamalai,2025-03-12 16:46:26,CITIZEN_AGGREGATE,PRESCRIPTION_NARCOTICS,WATCH,80,RECURRENT_PATTERN,0
SIG-TN-01168,4,Salem,2025-02-22 16:56:15,CHECKPOST_TELEMETRY,SYNTHETIC_MDMA,HIGH_PREVENTIVE_ATTENTION,72,RECURRENT_PATTERN,0
SIG-TN-01169,13,Thoothukudi,2025-10-26 00:42:37,CHECKPOST_TELEMETRY,UNKNOWN_CONTRABAND,INCREASING,90,FIRST_TIME_SIGNAL,1
SIG-TN-01170,15,Tenkasi,2025-08-28 17:17:31,POLICE_INVESTIGATION,COMMERCIAL_GANJA,HIGH_PREVENTIVE_ATTENTION,84,RECURRENT_PATTERN,0
SIG-TN-01171,4,Salem,2025-03-29 04:26:38,POLICE_INVESTIGATION,COMMERCIAL_GANJA,HIGH_PREVENTIVE_ATTENTION,73,FIRST_TIME_SIGNAL,1
SIG-TN-01172,16,Kancheepuram,2024-12-19 18:05:36,CITIZEN_AGGREGATE,COMMERCIAL_GANJA,INCREASING,72,RECURRENT_PATTERN,0
SIG-TN-01173,37,Tirupathur,2026-06-18 12:55:58,POLICE_INVESTIGATION,UNKNOWN_CONTRABAND,EMERGING,76,RECURRENT_PATTERN,0
SIG-TN-01174,28,Pudukkottai,2026-06-07 08:16:02,POLICE_INVESTIGATION,UNKNOWN_CONTRABAND,HIGH_PREVENTIVE_ATTENTION,88,FIRST_TIME_SIGNAL,1
SIG-TN-01175,5,Tiruchirappalli,2025-08-25 08:28:53,HEALTH_ANOMALY,UNKNOWN_CONTRABAND,WATCH,65,RECURRENT_PATTERN,0
SIG-TN-01176,25,Karur,2026-07-09 20:44:25,HEALTH_ANOMALY,COMMERCIAL_GANJA,HIGH_PREVENTIVE_ATTENTION,87,FIRST_TIME_SIGNAL,1
SIG-TN-01177,4,Salem,2024-12-18 07:42:22,CITIZEN_AGGREGATE,COMMERCIAL_GANJA,INCREASING,86,RECURRENT_PATTERN,0
SIG-TN-01178,30,Ramanathapuram,2026-03-27 03:04:46,CITIZEN_AGGREGATE,OPIOID_ANALOGUES,WATCH,70,RECURRENT_PATTERN,0
SIG-TN-01179,30,Ramanathapuram,2025-02-10 16:56:52,HEALTH_ANOMALY,COMMERCIAL_GANJA,EMERGING,91,FIRST_TIME_SIGNAL,1
SIG-TN-01180,3,Madurai,2025-07-16 10:57:45,CHECKPOST_TELEMETRY,COMMERCIAL_GANJA,WATCH,83,RECURRENT_PATTERN,0
SIG-TN-01181,11,Dindigul,2025-02-09 16:15:41,CHECKPOST_TELEMETRY,UNKNOWN_CONTRABAND,WATCH,86,RECURRENT_PATTERN,0
SIG-TN-01182,13,Thoothukudi,2026-05-01 02:16:04,CHECKPOST_TELEMETRY,PRESCRIPTION_NARCOTICS,INCREASING,77,RECURRENT_PATTERN,0
SIG-TN-01183,33,Thiruvarur,2026-06-01 05:26:14,CITIZEN_AGGREGATE,PRESCRIPTION_NARCOTICS,EMERGING,75,RECURRENT_PATTERN,0
SIG-TN-01184,7,Tiruppur,2024-12-30 05:05:33,CITIZEN_AGGREGATE,UNKNOWN_CONTRABAND,WATCH,83,RECURRENT_PATTERN,0
SIG-TN-01185,20,Viluppuram,2024-10-08 18:32:27,HEALTH_ANOMALY,PRESCRIPTION_NARCOTICS,EMERGING,85,RECURRENT_PATTERN,0
SIG-TN-01186,10,Krishnagiri,2026-01-27 08:27:21,HEALTH_ANOMALY,UNKNOWN_CONTRABAND,WATCH,80,RECURRENT_PATTERN,0
SIG-TN-01187,5,Tiruchirappalli,2025-12-26 13:43:06,HEALTH_ANOMALY,PRESCRIPTION_NARCOTICS,EMERGING,76,RECURRENT_PATTERN,0
SIG-TN-01188,14,Kanniyakumari,2025-06-30 18:25:20,POLICE_INVESTIGATION,UNKNOWN_CONTRABAND,INCREASING,94,RECURRENT_PATTERN,0
SIG-TN-01189,29,Sivaganga,2025-06-12 06:05:59,CHECKPOST_TELEMETRY,PRESCRIPTION_NARCOTICS,INCREASING,92,RECURRENT_PATTERN,0
SIG-TN-01190,9,Vellore,2026-06-09 16:01:22,HEALTH_ANOMALY,SYNTHETIC_MDMA,INCREASING,67,FIRST_TIME_SIGNAL,1
SIG-TN-01191,3,Madurai,2024-11-02 22:26:13,HEALTH_ANOMALY,COMMERCIAL_GANJA,EMERGING,92,RECURRENT_PATTERN,0
SIG-TN-01192,38,Tiruvannamalai,2024-10-17 17:26:14,HEALTH_ANOMALY,OPIOID_ANALOGUES,INCREASING,65,RECURRENT_PATTERN,0
SIG-TN-01193,18,Tiruvallur,2024-12-17 17:36:59,CITIZEN_AGGREGATE,PRESCRIPTION_NARCOTICS,EMERGING,84,RECURRENT_PATTERN,0
SIG-TN-01194,11,Dindigul,2026-06-05 14:43:51,POLICE_INVESTIGATION,UNKNOWN_CONTRABAND,EMERGING,95,FIRST_TIME_SIGNAL,1
SIG-TN-01195,21,Kallakurichi,2026-07-05 06:07:11,HEALTH_ANOMALY,UNKNOWN_CONTRABAND,WATCH,92,RECURRENT_PATTERN,0
SIG-TN-01196,34,Nagapattinam,2025-08-08 07:04:43,CHECKPOST_TELEMETRY,CHEMICAL_PRECURSORS,WATCH,73,RECURRENT_PATTERN,0
SIG-TN-01197,25,Karur,2025-06-14 04:48:24,POLICE_INVESTIGATION,COMMERCIAL_GANJA,WATCH,70,RECURRENT_PATTERN,0
SIG-TN-01198,34,Nagapattinam,2024-12-16 14:17:04,CHECKPOST_TELEMETRY,COMMERCIAL_GANJA,EMERGING,79,RECURRENT_PATTERN,0
SIG-TN-01199,3,Madurai,2024-11-09 17:14:49,HEALTH_ANOMALY,CHEMICAL_PRECURSORS,HIGH_PREVENTIVE_ATTENTION,79,RECURRENT_PATTERN,0
SIG-TN-01200,5,Tiruchirappalli,2026-03-13 18:30:58,POLICE_INVESTIGATION,SYNTHETIC_MDMA,EMERGING,69,RECURRENT_PATTERN,0
SIG-TN-01201,20,Viluppuram,2025-08-17 22:48:07,POLICE_INVESTIGATION,UNKNOWN_CONTRABAND,HIGH_PREVENTIVE_ATTENTION,74,RECURRENT_PATTERN,0
SIG-TN-01202,6,Tirunelveli,2025-10-06 17:31:46,POLICE_INVESTIGATION,CHEMICAL_PRECURSORS,HIGH_PREVENTIVE_ATTENTION,68,RECURRENT_PATTERN,0
SIG-TN-01203,27,Perambalur,2026-05-05 06:21:10,CITIZEN_AGGREGATE,CHEMICAL_PRECURSORS,WATCH,81,RECURRENT_PATTERN,0
SIG-TN-01204,26,Ariyalur,2025-01-15 17:58:11,CITIZEN_AGGREGATE,PRESCRIPTION_NARCOTICS,INCREASING,79,FIRST_TIME_SIGNAL,1
SIG-TN-01205,34,Nagapattinam,2025-01-09 07:45:46,POLICE_INVESTIGATION,PRESCRIPTION_NARCOTICS,EMERGING,80,RECURRENT_PATTERN,0
SIG-TN-01206,1,Chennai,2025-11-11 10:14:39,CITIZEN_AGGREGATE,SYNTHETIC_MDMA,INCREASING,83,FIRST_TIME_SIGNAL,1
SIG-TN-01207,29,Sivaganga,2025-02-05 04:13:21,CHECKPOST_TELEMETRY,SYNTHETIC_MDMA,EMERGING,91,RECURRENT_PATTERN,0
SIG-TN-01208,7,Tiruppur,2025-01-12 09:51:40,POLICE_INVESTIGATION,PRESCRIPTION_NARCOTICS,EMERGING,83,RECURRENT_PATTERN,0
SIG-TN-01209,21,Kallakurichi,2025-07-12 09:56:03,CHECKPOST_TELEMETRY,COMMERCIAL_GANJA,HIGH_PREVENTIVE_ATTENTION,93,RECURRENT_PATTERN,0
SIG-TN-01210,36,Ranipet,2024-11-30 03:33:28,HEALTH_ANOMALY,OPIOID_ANALOGUES,EMERGING,85,RECURRENT_PATTERN,0
SIG-TN-01211,20,Viluppuram,2026-07-24 22:51:24,CHECKPOST_TELEMETRY,CHEMICAL_PRECURSORS,HIGH_PREVENTIVE_ATTENTION,77,RECURRENT_PATTERN,0
SIG-TN-01212,36,Ranipet,2024-12-20 02:05:16,CITIZEN_AGGREGATE,PRESCRIPTION_NARCOTICS,WATCH,86,RECURRENT_PATTERN,0
SIG-TN-01213,9,Vellore,2025-03-28 15:05:24,CHECKPOST_TELEMETRY,COMMERCIAL_GANJA,WATCH,85,RECURRENT_PATTERN,0
SIG-TN-01214,2,Coimbatore,2024-11-26 08:36:13,CITIZEN_AGGREGATE,CHEMICAL_PRECURSORS,EMERGING,78,RECURRENT_PATTERN,0
SIG-TN-01215,24,Nilgiris,2025-10-22 19:51:52,HEALTH_ANOMALY,CHEMICAL_PRECURSORS,INCREASING,70,RECURRENT_PATTERN,0
SIG-TN-01216,11,Dindigul,2025-04-20 22:46:27,CHECKPOST_TELEMETRY,UNKNOWN_CONTRABAND,INCREASING,82,RECURRENT_PATTERN,0
SIG-TN-01217,5,Tiruchirappalli,2026-02-27 00:23:06,POLICE_INVESTIGATION,COMMERCIAL_GANJA,EMERGING,82,FIRST_TIME_SIGNAL,1
SIG-TN-01218,24,Nilgiris,2026-07-26 12:28:06,CHECKPOST_TELEMETRY,PRESCRIPTION_NARCOTICS,WATCH,83,FIRST_TIME_SIGNAL,1
SIG-TN-01219,33,Thiruvarur,2026-06-14 22:43:10,HEALTH_ANOMALY,PRESCRIPTION_NARCOTICS,INCREASING,96,RECURRENT_PATTERN,0
SIG-TN-01220,26,Ariyalur,2024-11-09 15:09:44,CHECKPOST_TELEMETRY,UNKNOWN_CONTRABAND,WATCH,76,RECURRENT_PATTERN,0
SIG-TN-01221,31,Virudhunagar,2026-01-03 06:38:08,POLICE_INVESTIGATION,SYNTHETIC_MDMA,HIGH_PREVENTIVE_ATTENTION,72,RECURRENT_PATTERN,0
SIG-TN-01222,35,Mayiladuthurai,2025-10-17 23:29:17,POLICE_INVESTIGATION,OPIOID_ANALOGUES,EMERGING,93,RECURRENT_PATTERN,0
SIG-TN-01223,33,Thiruvarur,2025-12-16 01:37:56,POLICE_INVESTIGATION,COMMERCIAL_GANJA,INCREASING,68,RECURRENT_PATTERN,0
SIG-TN-01224,34,Nagapattinam,2026-06-12 04:02:30,CHECKPOST_TELEMETRY,UNKNOWN_CONTRABAND,INCREASING,91,RECURRENT_PATTERN,0
SIG-TN-01225,31,Virudhunagar,2025-02-06 03:42:44,CITIZEN_AGGREGATE,PRESCRIPTION_NARCOTICS,EMERGING,80,RECURRENT_PATTERN,0
SIG-TN-01226,11,Dindigul,2025-05-11 21:23:46,POLICE_INVESTIGATION,COMMERCIAL_GANJA,HIGH_PREVENTIVE_ATTENTION,86,FIRST_TIME_SIGNAL,1
SIG-TN-01227,38,Tiruvannamalai,2024-12-22 21:05:21,HEALTH_ANOMALY,COMMERCIAL_GANJA,WATCH,83,RECURRENT_PATTERN,0
SIG-TN-01228,1,Chennai,2024-12-11 23:24:28,POLICE_INVESTIGATION,COMMERCIAL_GANJA,HIGH_PREVENTIVE_ATTENTION,75,RECURRENT_PATTERN,0
SIG-TN-01229,19,Cuddalore,2025-02-07 02:47:00,CITIZEN_AGGREGATE,CHEMICAL_PRECURSORS,HIGH_PREVENTIVE_ATTENTION,72,RECURRENT_PATTERN,0
SIG-TN-01230,3,Madurai,2025-12-13 08:25:56,HEALTH_ANOMALY,COMMERCIAL_GANJA,HIGH_PREVENTIVE_ATTENTION,90,RECURRENT_PATTERN,0
SIG-TN-01231,28,Pudukkottai,2025-12-22 07:31:49,CITIZEN_AGGREGATE,CHEMICAL_PRECURSORS,HIGH_PREVENTIVE_ATTENTION,95,RECURRENT_PATTERN,0
SIG-TN-01232,28,Pudukkottai,2026-06-17 10:41:35,CHECKPOST_TELEMETRY,CHEMICAL_PRECURSORS,EMERGING,91,RECURRENT_PATTERN,0
SIG-TN-01233,35,Mayiladuthurai,2025-08-15 20:22:50,HEALTH_ANOMALY,UNKNOWN_CONTRABAND,INCREASING,65,RECURRENT_PATTERN,0
SIG-TN-01234,31,Virudhunagar,2026-03-13 10:17:53,POLICE_INVESTIGATION,UNKNOWN_CONTRABAND,WATCH,89,RECURRENT_PATTERN,0
SIG-TN-01235,25,Karur,2025-04-06 21:25:08,POLICE_INVESTIGATION,PRESCRIPTION_NARCOTICS,HIGH_PREVENTIVE_ATTENTION,94,RECURRENT_PATTERN,0
SIG-TN-01236,37,Tirupathur,2026-03-30 14:06:20,CITIZEN_AGGREGATE,COMMERCIAL_GANJA,INCREASING,69,RECURRENT_PATTERN,0
SIG-TN-01237,18,Tiruvallur,2025-04-18 11:58:17,CHECKPOST_TELEMETRY,SYNTHETIC_MDMA,WATCH,89,RECURRENT_PATTERN,0
SIG-TN-01238,25,Karur,2025-10-19 23:01:36,HEALTH_ANOMALY,PRESCRIPTION_NARCOTICS,WATCH,76,RECURRENT_PATTERN,0
SIG-TN-01239,33,Thiruvarur,2026-04-02 15:37:09,CITIZEN_AGGREGATE,COMMERCIAL_GANJA,INCREASING,65,RECURRENT_PATTERN,0
SIG-TN-01240,28,Pudukkottai,2025-02-08 16:00:13,CHECKPOST_TELEMETRY,SYNTHETIC_MDMA,HIGH_PREVENTIVE_ATTENTION,68,RECURRENT_PATTERN,0
SIG-TN-01241,38,Tiruvannamalai,2025-08-11 01:34:05,POLICE_INVESTIGATION,SYNTHETIC_MDMA,HIGH_PREVENTIVE_ATTENTION,80,RECURRENT_PATTERN,0
SIG-TN-01242,26,Ariyalur,2026-04-16 21:44:17,CHECKPOST_TELEMETRY,PRESCRIPTION_NARCOTICS,HIGH_PREVENTIVE_ATTENTION,77,RECURRENT_PATTERN,0
SIG-TN-01243,26,Ariyalur,2025-05-29 04:16:43,CITIZEN_AGGREGATE,COMMERCIAL_GANJA,INCREASING,82,RECURRENT_PATTERN,0
SIG-TN-01244,27,Perambalur,2026-06-29 03:29:06,CHECKPOST_TELEMETRY,SYNTHETIC_MDMA,INCREASING,88,RECURRENT_PATTERN,0
SIG-TN-01245,6,Tirunelveli,2025-03-21 18:53:01,CITIZEN_AGGREGATE,OPIOID_ANALOGUES,HIGH_PREVENTIVE_ATTENTION,84,RECURRENT_PATTERN,0
SIG-TN-01246,11,Dindigul,2025-03-08 00:20:15,CHECKPOST_TELEMETRY,UNKNOWN_CONTRABAND,EMERGING,83,RECURRENT_PATTERN,0
SIG-TN-01247,32,Theni,2025-05-10 01:57:58,CITIZEN_AGGREGATE,CHEMICAL_PRECURSORS,INCREASING,70,RECURRENT_PATTERN,0
SIG-TN-01248,33,Thiruvarur,2025-12-20 17:58:32,CITIZEN_AGGREGATE,OPIOID_ANALOGUES,INCREASING,95,RECURRENT_PATTERN,0
SIG-TN-01249,36,Ranipet,2025-10-28 11:09:17,CITIZEN_AGGREGATE,OPIOID_ANALOGUES,HIGH_PREVENTIVE_ATTENTION,71,RECURRENT_PATTERN,0
SIG-TN-01250,30,Ramanathapuram,2025-03-03 19:04:07,CITIZEN_AGGREGATE,OPIOID_ANALOGUES,HIGH_PREVENTIVE_ATTENTION,66,RECURRENT_PATTERN,0
SIG-TN-01251,36,Ranipet,2026-02-15 22:44:17,CHECKPOST_TELEMETRY,COMMERCIAL_GANJA,WATCH,96,FIRST_TIME_SIGNAL,1
SIG-TN-01252,10,Krishnagiri,2025-04-03 00:47:35,CITIZEN_AGGREGATE,OPIOID_ANALOGUES,WATCH,89,RECURRENT_PATTERN,0
SIG-TN-01253,13,Thoothukudi,2026-02-19 15:59:46,CITIZEN_AGGREGATE,OPIOID_ANALOGUES,HIGH_PREVENTIVE_ATTENTION,92,RECURRENT_PATTERN,0
SIG-TN-01254,9,Vellore,2025-11-05 17:03:48,CHECKPOST_TELEMETRY,SYNTHETIC_MDMA,HIGH_PREVENTIVE_ATTENTION,95,RECURRENT_PATTERN,0
SIG-TN-01255,4,Salem,2026-01-26 17:56:10,CHECKPOST_TELEMETRY,SYNTHETIC_MDMA,HIGH_PREVENTIVE_ATTENTION,82,RECURRENT_PATTERN,0
SIG-TN-01256,6,Tirunelveli,2025-07-27 00:02:39,HEALTH_ANOMALY,PRESCRIPTION_NARCOTICS,HIGH_PREVENTIVE_ATTENTION,74,RECURRENT_PATTERN,0
SIG-TN-01257,23,Namakkal,2025-08-05 08:35:07,CHECKPOST_TELEMETRY,PRESCRIPTION_NARCOTICS,WATCH,76,RECURRENT_PATTERN,0
SIG-TN-01258,31,Virudhunagar,2025-09-28 04:16:18,CITIZEN_AGGREGATE,PRESCRIPTION_NARCOTICS,HIGH_PREVENTIVE_ATTENTION,77,RECURRENT_PATTERN,0
SIG-TN-01259,25,Karur,2025-08-11 13:32:27,CITIZEN_AGGREGATE,OPIOID_ANALOGUES,WATCH,74,FIRST_TIME_SIGNAL,1
SIG-TN-01260,11,Dindigul,2024-11-01 03:06:04,CITIZEN_AGGREGATE,PRESCRIPTION_NARCOTICS,HIGH_PREVENTIVE_ATTENTION,77,RECURRENT_PATTERN,0
SIG-TN-01261,25,Karur,2025-10-06 23:45:35,CHECKPOST_TELEMETRY,PRESCRIPTION_NARCOTICS,INCREASING,88,RECURRENT_PATTERN,0
SIG-TN-01262,37,Tirupathur,2025-12-24 01:27:54,HEALTH_ANOMALY,PRESCRIPTION_NARCOTICS,EMERGING,67,RECURRENT_PATTERN,0
SIG-TN-01263,38,Tiruvannamalai,2026-03-23 14:36:58,CHECKPOST_TELEMETRY,COMMERCIAL_GANJA,WATCH,73,RECURRENT_PATTERN,0
SIG-TN-01264,1,Chennai,2026-08-02 10:52:06,CITIZEN_AGGREGATE,COMMERCIAL_GANJA,EMERGING,84,RECURRENT_PATTERN,0
SIG-TN-01265,8,Erode,2025-02-20 13:54:20,POLICE_INVESTIGATION,PRESCRIPTION_NARCOTICS,WATCH,89,RECURRENT_PATTERN,0
SIG-TN-01266,23,Namakkal,2024-11-13 11:51:46,POLICE_INVESTIGATION,UNKNOWN_CONTRABAND,HIGH_PREVENTIVE_ATTENTION,66,RECURRENT_PATTERN,0
SIG-TN-01267,25,Karur,2026-06-08 03:00:29,POLICE_INVESTIGATION,OPIOID_ANALOGUES,HIGH_PREVENTIVE_ATTENTION,96,RECURRENT_PATTERN,0
SIG-TN-01268,1,Chennai,2026-05-21 04:54:22,CHECKPOST_TELEMETRY,OPIOID_ANALOGUES,INCREASING,90,RECURRENT_PATTERN,0
SIG-TN-01269,28,Pudukkottai,2026-02-15 22:31:34,POLICE_INVESTIGATION,CHEMICAL_PRECURSORS,HIGH_PREVENTIVE_ATTENTION,88,RECURRENT_PATTERN,0
SIG-TN-01270,34,Nagapattinam,2026-03-18 22:25:39,HEALTH_ANOMALY,COMMERCIAL_GANJA,HIGH_PREVENTIVE_ATTENTION,95,RECURRENT_PATTERN,0
SIG-TN-01271,34,Nagapattinam,2025-06-10 22:45:03,POLICE_INVESTIGATION,PRESCRIPTION_NARCOTICS,EMERGING,74,RECURRENT_PATTERN,0
SIG-TN-01272,19,Cuddalore,2026-06-21 14:44:06,HEALTH_ANOMALY,PRESCRIPTION_NARCOTICS,EMERGING,89,RECURRENT_PATTERN,0
SIG-TN-01273,28,Pudukkottai,2025-01-19 19:12:29,HEALTH_ANOMALY,UNKNOWN_CONTRABAND,HIGH_PREVENTIVE_ATTENTION,83,RECURRENT_PATTERN,0
SIG-TN-01274,24,Nilgiris,2026-03-07 00:48:05,CHECKPOST_TELEMETRY,OPIOID_ANALOGUES,INCREASING,75,RECURRENT_PATTERN,0
SIG-TN-01275,9,Vellore,2026-03-05 08:00:18,CHECKPOST_TELEMETRY,SYNTHETIC_MDMA,INCREASING,65,RECURRENT_PATTERN,0
SIG-TN-01276,27,Perambalur,2025-04-06 11:25:10,CITIZEN_AGGREGATE,OPIOID_ANALOGUES,EMERGING,94,RECURRENT_PATTERN,0
SIG-TN-01277,16,Kancheepuram,2026-07-27 04:29:39,CITIZEN_AGGREGATE,CHEMICAL_PRECURSORS,HIGH_PREVENTIVE_ATTENTION,75,RECURRENT_PATTERN,0
SIG-TN-01278,22,Dharmapuri,2024-10-17 03:41:57,POLICE_INVESTIGATION,CHEMICAL_PRECURSORS,EMERGING,80,FIRST_TIME_SIGNAL,1
SIG-TN-01279,27,Perambalur,2025-03-15 17:34:21,CITIZEN_AGGREGATE,CHEMICAL_PRECURSORS,HIGH_PREVENTIVE_ATTENTION,84,RECURRENT_PATTERN,0
SIG-TN-01280,31,Virudhunagar,2026-01-25 21:35:45,HEALTH_ANOMALY,CHEMICAL_PRECURSORS,WATCH,89,FIRST_TIME_SIGNAL,1
SIG-TN-01281,22,Dharmapuri,2024-10-21 20:22:47,POLICE_INVESTIGATION,UNKNOWN_CONTRABAND,HIGH_PREVENTIVE_ATTENTION,86,RECURRENT_PATTERN,0
SIG-TN-01282,25,Karur,2025-06-20 19:48:01,POLICE_INVESTIGATION,UNKNOWN_CONTRABAND,INCREASING,65,RECURRENT_PATTERN,0
SIG-TN-01283,13,Thoothukudi,2025-01-07 02:33:35,HEALTH_ANOMALY,COMMERCIAL_GANJA,INCREASING,92,RECURRENT_PATTERN,0
SIG-TN-01284,23,Namakkal,2026-04-11 04:13:18,POLICE_INVESTIGATION,COMMERCIAL_GANJA,INCREASING,81,RECURRENT_PATTERN,0
SIG-TN-01285,4,Salem,2026-07-17 09:49:22,CHECKPOST_TELEMETRY,CHEMICAL_PRECURSORS,WATCH,96,RECURRENT_PATTERN,0
SIG-TN-01286,17,Chengalpattu,2025-11-18 11:39:57,CITIZEN_AGGREGATE,PRESCRIPTION_NARCOTICS,HIGH_PREVENTIVE_ATTENTION,76,RECURRENT_PATTERN,0
SIG-TN-01287,35,Mayiladuthurai,2024-11-10 22:16:31,HEALTH_ANOMALY,UNKNOWN_CONTRABAND,INCREASING,70,RECURRENT_PATTERN,0
SIG-TN-01288,22,Dharmapuri,2024-11-13 01:40:47,CHECKPOST_TELEMETRY,COMMERCIAL_GANJA,HIGH_PREVENTIVE_ATTENTION,82,RECURRENT_PATTERN,0
SIG-TN-01289,19,Cuddalore,2026-05-09 13:13:37,CHECKPOST_TELEMETRY,PRESCRIPTION_NARCOTICS,EMERGING,80,RECURRENT_PATTERN,0
SIG-TN-01290,17,Chengalpattu,2024-10-24 20:50:27,CHECKPOST_TELEMETRY,OPIOID_ANALOGUES,HIGH_PREVENTIVE_ATTENTION,90,FIRST_TIME_SIGNAL,1
SIG-TN-01291,4,Salem,2025-10-10 06:47:40,POLICE_INVESTIGATION,OPIOID_ANALOGUES,HIGH_PREVENTIVE_ATTENTION,80,RECURRENT_PATTERN,0
SIG-TN-01292,29,Sivaganga,2025-09-15 00:43:05,POLICE_INVESTIGATION,CHEMICAL_PRECURSORS,WATCH,81,RECURRENT_PATTERN,0
SIG-TN-01293,8,Erode,2025-04-06 06:50:11,HEALTH_ANOMALY,OPIOID_ANALOGUES,WATCH,95,RECURRENT_PATTERN,0
SIG-TN-01294,18,Tiruvallur,2026-02-07 14:50:11,POLICE_INVESTIGATION,OPIOID_ANALOGUES,INCREASING,94,RECURRENT_PATTERN,0
SIG-TN-01295,30,Ramanathapuram,2026-02-16 18:00:26,HEALTH_ANOMALY,PRESCRIPTION_NARCOTICS,EMERGING,67,RECURRENT_PATTERN,0
SIG-TN-01296,19,Cuddalore,2025-07-19 16:23:08,CITIZEN_AGGREGATE,PRESCRIPTION_NARCOTICS,INCREASING,72,RECURRENT_PATTERN,0
SIG-TN-01297,26,Ariyalur,2025-08-09 19:23:44,CITIZEN_AGGREGATE,SYNTHETIC_MDMA,EMERGING,96,RECURRENT_PATTERN,0
SIG-TN-01298,30,Ramanathapuram,2026-01-08 03:33:08,POLICE_INVESTIGATION,CHEMICAL_PRECURSORS,EMERGING,83,RECURRENT_PATTERN,0
SIG-TN-01299,24,Nilgiris,2025-01-30 21:01:06,CHECKPOST_TELEMETRY,OPIOID_ANALOGUES,HIGH_PREVENTIVE_ATTENTION,88,RECURRENT_PATTERN,0
SIG-TN-01300,28,Pudukkottai,2024-11-16 04:30:55,CHECKPOST_TELEMETRY,OPIOID_ANALOGUES,INCREASING,83,RECURRENT_PATTERN,0
SIG-TN-01301,36,Ranipet,2026-05-22 06:26:41,POLICE_INVESTIGATION,COMMERCIAL_GANJA,INCREASING,71,RECURRENT_PATTERN,0
SIG-TN-01302,9,Vellore,2025-12-04 22:39:00,CHECKPOST_TELEMETRY,SYNTHETIC_MDMA,HIGH_PREVENTIVE_ATTENTION,89,RECURRENT_PATTERN,0
SIG-TN-01303,19,Cuddalore,2024-12-01 21:30:21,POLICE_INVESTIGATION,CHEMICAL_PRECURSORS,EMERGING,74,RECURRENT_PATTERN,0
SIG-TN-01304,37,Tirupathur,2025-05-24 17:26:50,CHECKPOST_TELEMETRY,PRESCRIPTION_NARCOTICS,WATCH,82,RECURRENT_PATTERN,0
SIG-TN-01305,7,Tiruppur,2024-10-28 12:12:31,CITIZEN_AGGREGATE,COMMERCIAL_GANJA,WATCH,79,RECURRENT_PATTERN,0
SIG-TN-01306,10,Krishnagiri,2024-10-16 20:13:46,CITIZEN_AGGREGATE,SYNTHETIC_MDMA,WATCH,78,RECURRENT_PATTERN,0
SIG-TN-01307,28,Pudukkottai,2026-04-15 03:41:03,HEALTH_ANOMALY,PRESCRIPTION_NARCOTICS,HIGH_PREVENTIVE_ATTENTION,76,RECURRENT_PATTERN,0
SIG-TN-01308,32,Theni,2025-09-11 22:58:10,CITIZEN_AGGREGATE,PRESCRIPTION_NARCOTICS,HIGH_PREVENTIVE_ATTENTION,92,RECURRENT_PATTERN,0
SIG-TN-01309,29,Sivaganga,2025-06-07 04:03:53,POLICE_INVESTIGATION,CHEMICAL_PRECURSORS,WATCH,72,RECURRENT_PATTERN,0
SIG-TN-01310,26,Ariyalur,2026-07-27 20:02:06,CITIZEN_AGGREGATE,OPIOID_ANALOGUES,HIGH_PREVENTIVE_ATTENTION,87,RECURRENT_PATTERN,0
SIG-TN-01311,33,Thiruvarur,2025-07-20 22:25:39,CITIZEN_AGGREGATE,UNKNOWN_CONTRABAND,WATCH,90,RECURRENT_PATTERN,0
SIG-TN-01312,8,Erode,2025-10-17 12:55:32,HEALTH_ANOMALY,CHEMICAL_PRECURSORS,HIGH_PREVENTIVE_ATTENTION,65,RECURRENT_PATTERN,0
SIG-TN-01313,2,Coimbatore,2026-02-03 10:52:39,POLICE_INVESTIGATION,COMMERCIAL_GANJA,EMERGING,78,RECURRENT_PATTERN,0
SIG-TN-01314,1,Chennai,2025-03-14 03:09:34,POLICE_INVESTIGATION,OPIOID_ANALOGUES,WATCH,90,RECURRENT_PATTERN,0
SIG-TN-01315,1,Chennai,2025-01-31 10:04:29,CITIZEN_AGGREGATE,COMMERCIAL_GANJA,WATCH,95,RECURRENT_PATTERN,0
SIG-TN-01316,38,Tiruvannamalai,2026-01-05 13:13:35,CHECKPOST_TELEMETRY,UNKNOWN_CONTRABAND,HIGH_PREVENTIVE_ATTENTION,69,RECURRENT_PATTERN,0
SIG-TN-01317,9,Vellore,2024-09-22 16:06:51,POLICE_INVESTIGATION,OPIOID_ANALOGUES,INCREASING,65,RECURRENT_PATTERN,0
SIG-TN-01318,14,Kanniyakumari,2024-10-03 11:22:05,POLICE_INVESTIGATION,UNKNOWN_CONTRABAND,HIGH_PREVENTIVE_ATTENTION,71,RECURRENT_PATTERN,0
SIG-TN-01319,9,Vellore,2026-07-23 03:11:25,CHECKPOST_TELEMETRY,PRESCRIPTION_NARCOTICS,WATCH,88,RECURRENT_PATTERN,0
SIG-TN-01320,6,Tirunelveli,2025-02-09 18:06:07,CITIZEN_AGGREGATE,CHEMICAL_PRECURSORS,INCREASING,89,FIRST_TIME_SIGNAL,1
SIG-TN-01321,36,Ranipet,2026-08-17 18:16:48,CITIZEN_AGGREGATE,SYNTHETIC_MDMA,HIGH_PREVENTIVE_ATTENTION,94,RECURRENT_PATTERN,0
SIG-TN-01322,13,Thoothukudi,2026-03-05 07:43:02,CHECKPOST_TELEMETRY,OPIOID_ANALOGUES,INCREASING,94,RECURRENT_PATTERN,0
SIG-TN-01323,36,Ranipet,2026-05-01 08:43:14,CHECKPOST_TELEMETRY,COMMERCIAL_GANJA,EMERGING,67,RECURRENT_PATTERN,0
SIG-TN-01324,34,Nagapattinam,2025-06-10 12:22:48,HEALTH_ANOMALY,SYNTHETIC_MDMA,HIGH_PREVENTIVE_ATTENTION,81,RECURRENT_PATTERN,0
SIG-TN-01325,18,Tiruvallur,2025-03-26 03:35:46,CHECKPOST_TELEMETRY,PRESCRIPTION_NARCOTICS,WATCH,84,RECURRENT_PATTERN,0
SIG-TN-01326,21,Kallakurichi,2025-10-15 16:29:31,CITIZEN_AGGREGATE,OPIOID_ANALOGUES,INCREASING,86,RECURRENT_PATTERN,0
SIG-TN-01327,36,Ranipet,2026-06-23 07:21:54,HEALTH_ANOMALY,COMMERCIAL_GANJA,EMERGING,68,RECURRENT_PATTERN,0
SIG-TN-01328,3,Madurai,2024-11-26 19:28:55,HEALTH_ANOMALY,UNKNOWN_CONTRABAND,WATCH,68,RECURRENT_PATTERN,0
SIG-TN-01329,30,Ramanathapuram,2025-04-08 06:52:11,CHECKPOST_TELEMETRY,OPIOID_ANALOGUES,INCREASING,75,FIRST_TIME_SIGNAL,1
SIG-TN-01330,18,Tiruvallur,2025-07-26 10:06:19,CITIZEN_AGGREGATE,CHEMICAL_PRECURSORS,HIGH_PREVENTIVE_ATTENTION,87,RECURRENT_PATTERN,0
SIG-TN-01331,2,Coimbatore,2026-01-28 19:23:29,POLICE_INVESTIGATION,SYNTHETIC_MDMA,HIGH_PREVENTIVE_ATTENTION,75,RECURRENT_PATTERN,0
SIG-TN-01332,32,Theni,2025-07-03 09:00:21,CITIZEN_AGGREGATE,SYNTHETIC_MDMA,HIGH_PREVENTIVE_ATTENTION,91,RECURRENT_PATTERN,0
SIG-TN-01333,27,Perambalur,2025-06-13 07:54:23,POLICE_INVESTIGATION,OPIOID_ANALOGUES,INCREASING,75,RECURRENT_PATTERN,0
SIG-TN-01334,4,Salem,2026-05-19 09:49:44,CHECKPOST_TELEMETRY,UNKNOWN_CONTRABAND,INCREASING,73,RECURRENT_PATTERN,0
SIG-TN-01335,19,Cuddalore,2026-01-04 13:43:02,CITIZEN_AGGREGATE,PRESCRIPTION_NARCOTICS,HIGH_PREVENTIVE_ATTENTION,69,RECURRENT_PATTERN,0
SIG-TN-01336,9,Vellore,2025-01-22 16:04:27,CITIZEN_AGGREGATE,COMMERCIAL_GANJA,EMERGING,67,RECURRENT_PATTERN,0
SIG-TN-01337,15,Tenkasi,2025-06-13 21:21:24,HEALTH_ANOMALY,UNKNOWN_CONTRABAND,INCREASING,73,RECURRENT_PATTERN,0
SIG-TN-01338,28,Pudukkottai,2026-06-30 08:53:49,HEALTH_ANOMALY,COMMERCIAL_GANJA,WATCH,65,RECURRENT_PATTERN,0
SIG-TN-01339,24,Nilgiris,2026-08-07 02:31:02,CITIZEN_AGGREGATE,CHEMICAL_PRECURSORS,INCREASING,75,RECURRENT_PATTERN,0
SIG-TN-01340,35,Mayiladuthurai,2026-06-11 13:44:21,CHECKPOST_TELEMETRY,CHEMICAL_PRECURSORS,INCREASING,86,RECURRENT_PATTERN,0
SIG-TN-01341,34,Nagapattinam,2025-11-20 04:33:46,HEALTH_ANOMALY,COMMERCIAL_GANJA,WATCH,69,RECURRENT_PATTERN,0
SIG-TN-01342,23,Namakkal,2025-08-20 01:41:00,HEALTH_ANOMALY,SYNTHETIC_MDMA,HIGH_PREVENTIVE_ATTENTION,90,RECURRENT_PATTERN,0
SIG-TN-01343,30,Ramanathapuram,2025-07-27 23:38:27,CITIZEN_AGGREGATE,SYNTHETIC_MDMA,EMERGING,95,RECURRENT_PATTERN,0
SIG-TN-01344,38,Tiruvannamalai,2026-08-01 05:47:09,CITIZEN_AGGREGATE,UNKNOWN_CONTRABAND,WATCH,84,RECURRENT_PATTERN,0
SIG-TN-01345,16,Kancheepuram,2026-07-21 19:00:51,CHECKPOST_TELEMETRY,SYNTHETIC_MDMA,WATCH,87,RECURRENT_PATTERN,0
SIG-TN-01346,8,Erode,2025-03-28 11:12:11,CITIZEN_AGGREGATE,SYNTHETIC_MDMA,EMERGING,68,RECURRENT_PATTERN,0
SIG-TN-01347,13,Thoothukudi,2025-09-04 20:22:11,POLICE_INVESTIGATION,COMMERCIAL_GANJA,INCREASING,93,RECURRENT_PATTERN,0
SIG-TN-01348,9,Vellore,2026-05-24 06:57:10,CHECKPOST_TELEMETRY,SYNTHETIC_MDMA,HIGH_PREVENTIVE_ATTENTION,84,RECURRENT_PATTERN,0
SIG-TN-01349,5,Tiruchirappalli,2026-02-28 21:46:50,CHECKPOST_TELEMETRY,PRESCRIPTION_NARCOTICS,HIGH_PREVENTIVE_ATTENTION,84,RECURRENT_PATTERN,0
SIG-TN-01350,31,Virudhunagar,2025-09-03 12:58:34,CITIZEN_AGGREGATE,COMMERCIAL_GANJA,EMERGING,94,RECURRENT_PATTERN,0
SIG-TN-01351,5,Tiruchirappalli,2025-08-13 02:15:31,CHECKPOST_TELEMETRY,COMMERCIAL_GANJA,EMERGING,75,RECURRENT_PATTERN,0
SIG-TN-01352,17,Chengalpattu,2026-06-12 05:31:28,CHECKPOST_TELEMETRY,CHEMICAL_PRECURSORS,EMERGING,94,RECURRENT_PATTERN,0
SIG-TN-01353,24,Nilgiris,2025-09-04 19:39:20,POLICE_INVESTIGATION,SYNTHETIC_MDMA,WATCH,89,RECURRENT_PATTERN,0
SIG-TN-01354,38,Tiruvannamalai,2025-01-14 14:55:20,CITIZEN_AGGREGATE,UNKNOWN_CONTRABAND,INCREASING,76,RECURRENT_PATTERN,0
SIG-TN-01355,21,Kallakurichi,2025-08-04 15:21:37,CHECKPOST_TELEMETRY,OPIOID_ANALOGUES,HIGH_PREVENTIVE_ATTENTION,72,RECURRENT_PATTERN,0
SIG-TN-01356,26,Ariyalur,2026-07-08 06:03:44,POLICE_INVESTIGATION,OPIOID_ANALOGUES,EMERGING,96,RECURRENT_PATTERN,0
SIG-TN-01357,26,Ariyalur,2026-07-01 19:39:38,POLICE_INVESTIGATION,OPIOID_ANALOGUES,HIGH_PREVENTIVE_ATTENTION,70,RECURRENT_PATTERN,0
SIG-TN-01358,1,Chennai,2026-06-05 05:28:57,CITIZEN_AGGREGATE,CHEMICAL_PRECURSORS,EMERGING,91,RECURRENT_PATTERN,0
SIG-TN-01359,21,Kallakurichi,2026-05-17 17:24:48,HEALTH_ANOMALY,UNKNOWN_CONTRABAND,EMERGING,96,FIRST_TIME_SIGNAL,1
SIG-TN-01360,33,Thiruvarur,2025-10-14 22:21:14,CHECKPOST_TELEMETRY,PRESCRIPTION_NARCOTICS,HIGH_PREVENTIVE_ATTENTION,82,RECURRENT_PATTERN,0
SIG-TN-01361,13,Thoothukudi,2024-11-03 04:34:22,POLICE_INVESTIGATION,COMMERCIAL_GANJA,HIGH_PREVENTIVE_ATTENTION,87,RECURRENT_PATTERN,0
SIG-TN-01362,31,Virudhunagar,2026-05-11 14:42:09,CITIZEN_AGGREGATE,SYNTHETIC_MDMA,HIGH_PREVENTIVE_ATTENTION,93,RECURRENT_PATTERN,0
SIG-TN-01363,19,Cuddalore,2025-01-10 12:17:16,HEALTH_ANOMALY,COMMERCIAL_GANJA,INCREASING,69,RECURRENT_PATTERN,0
SIG-TN-01364,5,Tiruchirappalli,2026-02-17 19:57:29,CITIZEN_AGGREGATE,UNKNOWN_CONTRABAND,HIGH_PREVENTIVE_ATTENTION,72,RECURRENT_PATTERN,0
SIG-TN-01365,18,Tiruvallur,2025-05-30 11:46:26,POLICE_INVESTIGATION,PRESCRIPTION_NARCOTICS,EMERGING,83,RECURRENT_PATTERN,0
SIG-TN-01366,21,Kallakurichi,2024-11-04 14:41:33,HEALTH_ANOMALY,COMMERCIAL_GANJA,EMERGING,69,RECURRENT_PATTERN,0
SIG-TN-01367,8,Erode,2025-05-29 13:29:41,HEALTH_ANOMALY,OPIOID_ANALOGUES,INCREASING,68,RECURRENT_PATTERN,0
SIG-TN-01368,4,Salem,2025-09-04 07:39:28,POLICE_INVESTIGATION,OPIOID_ANALOGUES,INCREASING,84,RECURRENT_PATTERN,0
SIG-TN-01369,9,Vellore,2024-10-30 19:53:40,POLICE_INVESTIGATION,CHEMICAL_PRECURSORS,WATCH,89,RECURRENT_PATTERN,0
SIG-TN-01370,13,Thoothukudi,2025-08-15 00:41:10,CITIZEN_AGGREGATE,COMMERCIAL_GANJA,EMERGING,73,RECURRENT_PATTERN,0
SIG-TN-01371,38,Tiruvannamalai,2025-01-05 12:02:47,CHECKPOST_TELEMETRY,SYNTHETIC_MDMA,INCREASING,75,RECURRENT_PATTERN,0
SIG-TN-01372,38,Tiruvannamalai,2025-06-24 05:47:07,HEALTH_ANOMALY,SYNTHETIC_MDMA,EMERGING,87,RECURRENT_PATTERN,0
SIG-TN-01373,2,Coimbatore,2024-10-23 15:06:38,HEALTH_ANOMALY,PRESCRIPTION_NARCOTICS,HIGH_PREVENTIVE_ATTENTION,83,RECURRENT_PATTERN,0
SIG-TN-01374,33,Thiruvarur,2026-07-07 17:28:37,CHECKPOST_TELEMETRY,COMMERCIAL_GANJA,HIGH_PREVENTIVE_ATTENTION,74,RECURRENT_PATTERN,0
SIG-TN-01375,15,Tenkasi,2024-11-15 08:29:31,CITIZEN_AGGREGATE,CHEMICAL_PRECURSORS,INCREASING,90,RECURRENT_PATTERN,0
SIG-TN-01376,25,Karur,2026-07-01 21:01:58,CHECKPOST_TELEMETRY,SYNTHETIC_MDMA,HIGH_PREVENTIVE_ATTENTION,68,RECURRENT_PATTERN,0
SIG-TN-01377,22,Dharmapuri,2025-06-20 13:18:02,POLICE_INVESTIGATION,COMMERCIAL_GANJA,EMERGING,75,RECURRENT_PATTERN,0
SIG-TN-01378,14,Kanniyakumari,2026-06-03 00:00:36,HEALTH_ANOMALY,CHEMICAL_PRECURSORS,EMERGING,83,RECURRENT_PATTERN,0
SIG-TN-01379,8,Erode,2026-07-02 05:48:00,HEALTH_ANOMALY,OPIOID_ANALOGUES,INCREASING,74,RECURRENT_PATTERN,0
SIG-TN-01380,33,Thiruvarur,2026-05-21 02:55:43,CHECKPOST_TELEMETRY,OPIOID_ANALOGUES,EMERGING,85,RECURRENT_PATTERN,0
SIG-TN-01381,20,Viluppuram,2024-12-14 17:33:11,HEALTH_ANOMALY,CHEMICAL_PRECURSORS,HIGH_PREVENTIVE_ATTENTION,93,RECURRENT_PATTERN,0
SIG-TN-01382,3,Madurai,2025-12-08 12:38:23,HEALTH_ANOMALY,UNKNOWN_CONTRABAND,INCREASING,76,FIRST_TIME_SIGNAL,1
SIG-TN-01383,11,Dindigul,2026-07-23 07:37:19,CITIZEN_AGGREGATE,PRESCRIPTION_NARCOTICS,HIGH_PREVENTIVE_ATTENTION,68,RECURRENT_PATTERN,0
SIG-TN-01384,16,Kancheepuram,2025-11-03 02:06:14,HEALTH_ANOMALY,CHEMICAL_PRECURSORS,WATCH,73,RECURRENT_PATTERN,0
SIG-TN-01385,5,Tiruchirappalli,2025-07-10 15:41:20,POLICE_INVESTIGATION,CHEMICAL_PRECURSORS,HIGH_PREVENTIVE_ATTENTION,78,RECURRENT_PATTERN,0
SIG-TN-01386,20,Viluppuram,2026-03-29 20:55:15,HEALTH_ANOMALY,CHEMICAL_PRECURSORS,WATCH,83,RECURRENT_PATTERN,0
SIG-TN-01387,5,Tiruchirappalli,2026-05-06 17:34:53,HEALTH_ANOMALY,OPIOID_ANALOGUES,WATCH,83,FIRST_TIME_SIGNAL,1
SIG-TN-01388,34,Nagapattinam,2026-05-25 07:49:03,CHECKPOST_TELEMETRY,CHEMICAL_PRECURSORS,INCREASING,78,RECURRENT_PATTERN,0
SIG-TN-01389,7,Tiruppur,2025-10-29 17:42:52,CHECKPOST_TELEMETRY,COMMERCIAL_GANJA,WATCH,92,RECURRENT_PATTERN,0
SIG-TN-01390,35,Mayiladuthurai,2024-12-23 08:16:54,POLICE_INVESTIGATION,UNKNOWN_CONTRABAND,INCREASING,73,RECURRENT_PATTERN,0
SIG-TN-01391,32,Theni,2025-07-18 16:03:29,HEALTH_ANOMALY,CHEMICAL_PRECURSORS,HIGH_PREVENTIVE_ATTENTION,93,RECURRENT_PATTERN,0
SIG-TN-01392,4,Salem,2025-01-02 04:44:50,POLICE_INVESTIGATION,UNKNOWN_CONTRABAND,INCREASING,65,RECURRENT_PATTERN,0
SIG-TN-01393,14,Kanniyakumari,2024-11-17 05:12:10,CITIZEN_AGGREGATE,COMMERCIAL_GANJA,EMERGING,68,RECURRENT_PATTERN,0
SIG-TN-01394,23,Namakkal,2024-10-17 09:50:32,CITIZEN_AGGREGATE,OPIOID_ANALOGUES,WATCH,88,RECURRENT_PATTERN,0
SIG-TN-01395,10,Krishnagiri,2025-01-06 11:09:27,CITIZEN_AGGREGATE,COMMERCIAL_GANJA,INCREASING,66,RECURRENT_PATTERN,0
SIG-TN-01396,14,Kanniyakumari,2026-01-20 17:32:22,CITIZEN_AGGREGATE,COMMERCIAL_GANJA,EMERGING,78,RECURRENT_PATTERN,0
SIG-TN-01397,37,Tirupathur,2025-10-02 14:06:17,HEALTH_ANOMALY,UNKNOWN_CONTRABAND,EMERGING,86,RECURRENT_PATTERN,0
SIG-TN-01398,22,Dharmapuri,2025-12-18 13:58:32,CHECKPOST_TELEMETRY,SYNTHETIC_MDMA,HIGH_PREVENTIVE_ATTENTION,78,FIRST_TIME_SIGNAL,1
SIG-TN-01399,38,Tiruvannamalai,2025-11-29 09:35:02,CITIZEN_AGGREGATE,OPIOID_ANALOGUES,HIGH_PREVENTIVE_ATTENTION,76,RECURRENT_PATTERN,0
SIG-TN-01400,37,Tirupathur,2025-12-08 00:09:50,CITIZEN_AGGREGATE,CHEMICAL_PRECURSORS,HIGH_PREVENTIVE_ATTENTION,93,RECURRENT_PATTERN,0
SIG-TN-01401,9,Vellore,2025-01-17 19:16:27,CHECKPOST_TELEMETRY,SYNTHETIC_MDMA,WATCH,92,RECURRENT_PATTERN,0
SIG-TN-01402,16,Kancheepuram,2025-01-22 12:47:35,CHECKPOST_TELEMETRY,CHEMICAL_PRECURSORS,INCREASING,74,RECURRENT_PATTERN,0
SIG-TN-01403,7,Tiruppur,2026-01-01 21:04:14,CITIZEN_AGGREGATE,OPIOID_ANALOGUES,HIGH_PREVENTIVE_ATTENTION,79,RECURRENT_PATTERN,0
SIG-TN-01404,29,Sivaganga,2026-05-14 13:59:14,CITIZEN_AGGREGATE,UNKNOWN_CONTRABAND,EMERGING,93,RECURRENT_PATTERN,0
SIG-TN-01405,6,Tirunelveli,2026-08-04 11:34:33,CHECKPOST_TELEMETRY,PRESCRIPTION_NARCOTICS,WATCH,93,FIRST_TIME_SIGNAL,1
SIG-TN-01406,29,Sivaganga,2026-07-22 11:59:45,POLICE_INVESTIGATION,OPIOID_ANALOGUES,WATCH,87,RECURRENT_PATTERN,0
SIG-TN-01407,3,Madurai,2026-06-14 14:14:06,CITIZEN_AGGREGATE,SYNTHETIC_MDMA,WATCH,72,RECURRENT_PATTERN,0
SIG-TN-01408,34,Nagapattinam,2024-12-31 14:55:31,CITIZEN_AGGREGATE,COMMERCIAL_GANJA,HIGH_PREVENTIVE_ATTENTION,82,RECURRENT_PATTERN,0
SIG-TN-01409,31,Virudhunagar,2025-09-09 03:51:14,CHECKPOST_TELEMETRY,PRESCRIPTION_NARCOTICS,INCREASING,86,RECURRENT_PATTERN,0
SIG-TN-01410,34,Nagapattinam,2025-05-22 07:10:21,CHECKPOST_TELEMETRY,COMMERCIAL_GANJA,EMERGING,65,RECURRENT_PATTERN,0
SIG-TN-01411,14,Kanniyakumari,2026-05-04 14:35:30,HEALTH_ANOMALY,SYNTHETIC_MDMA,INCREASING,93,RECURRENT_PATTERN,0
SIG-TN-01412,3,Madurai,2024-11-19 08:27:46,POLICE_INVESTIGATION,UNKNOWN_CONTRABAND,EMERGING,68,RECURRENT_PATTERN,0
SIG-TN-01413,16,Kancheepuram,2026-03-24 19:16:21,POLICE_INVESTIGATION,OPIOID_ANALOGUES,INCREASING,78,RECURRENT_PATTERN,0
SIG-TN-01414,5,Tiruchirappalli,2025-12-09 20:11:36,CHECKPOST_TELEMETRY,OPIOID_ANALOGUES,HIGH_PREVENTIVE_ATTENTION,69,RECURRENT_PATTERN,0
SIG-TN-01415,17,Chengalpattu,2026-04-30 05:13:52,POLICE_INVESTIGATION,UNKNOWN_CONTRABAND,EMERGING,69,RECURRENT_PATTERN,0
SIG-TN-01416,23,Namakkal,2025-04-14 22:30:37,CITIZEN_AGGREGATE,OPIOID_ANALOGUES,WATCH,71,RECURRENT_PATTERN,0
SIG-TN-01417,27,Perambalur,2026-03-21 16:50:20,CHECKPOST_TELEMETRY,COMMERCIAL_GANJA,EMERGING,95,RECURRENT_PATTERN,0
SIG-TN-01418,13,Thoothukudi,2025-06-20 00:22:07,HEALTH_ANOMALY,COMMERCIAL_GANJA,EMERGING,68,RECURRENT_PATTERN,0
SIG-TN-01419,11,Dindigul,2025-10-15 00:50:55,HEALTH_ANOMALY,PRESCRIPTION_NARCOTICS,WATCH,65,RECURRENT_PATTERN,0
SIG-TN-01420,35,Mayiladuthurai,2026-03-08 06:16:00,CHECKPOST_TELEMETRY,COMMERCIAL_GANJA,INCREASING,69,RECURRENT_PATTERN,0
SIG-TN-01421,27,Perambalur,2024-11-02 04:29:49,HEALTH_ANOMALY,PRESCRIPTION_NARCOTICS,EMERGING,72,RECURRENT_PATTERN,0
SIG-TN-01422,6,Tirunelveli,2025-12-20 08:24:39,CHECKPOST_TELEMETRY,PRESCRIPTION_NARCOTICS,HIGH_PREVENTIVE_ATTENTION,87,RECURRENT_PATTERN,0
SIG-TN-01423,34,Nagapattinam,2025-07-27 09:07:41,HEALTH_ANOMALY,SYNTHETIC_MDMA,HIGH_PREVENTIVE_ATTENTION,96,RECURRENT_PATTERN,0
SIG-TN-01424,3,Madurai,2025-05-10 13:27:29,POLICE_INVESTIGATION,CHEMICAL_PRECURSORS,INCREASING,86,RECURRENT_PATTERN,0
SIG-TN-01425,37,Tirupathur,2025-12-15 09:29:45,HEALTH_ANOMALY,UNKNOWN_CONTRABAND,EMERGING,91,RECURRENT_PATTERN,0
SIG-TN-01426,26,Ariyalur,2025-07-21 22:56:14,HEALTH_ANOMALY,PRESCRIPTION_NARCOTICS,INCREASING,67,RECURRENT_PATTERN,0
SIG-TN-01427,30,Ramanathapuram,2026-07-22 15:05:50,CITIZEN_AGGREGATE,COMMERCIAL_GANJA,INCREASING,84,RECURRENT_PATTERN,0
SIG-TN-01428,16,Kancheepuram,2025-03-27 13:51:07,CHECKPOST_TELEMETRY,CHEMICAL_PRECURSORS,INCREASING,73,RECURRENT_PATTERN,0
SIG-TN-01429,5,Tiruchirappalli,2025-12-16 21:59:49,CITIZEN_AGGREGATE,SYNTHETIC_MDMA,WATCH,87,RECURRENT_PATTERN,0
SIG-TN-01430,11,Dindigul,2025-05-11 14:11:05,CHECKPOST_TELEMETRY,PRESCRIPTION_NARCOTICS,EMERGING,82,RECURRENT_PATTERN,0
SIG-TN-01431,17,Chengalpattu,2024-12-16 17:04:30,HEALTH_ANOMALY,COMMERCIAL_GANJA,WATCH,84,RECURRENT_PATTERN,0
SIG-TN-01432,5,Tiruchirappalli,2025-02-02 04:09:46,CHECKPOST_TELEMETRY,COMMERCIAL_GANJA,HIGH_PREVENTIVE_ATTENTION,71,RECURRENT_PATTERN,0
SIG-TN-01433,17,Chengalpattu,2026-02-10 19:01:50,POLICE_INVESTIGATION,OPIOID_ANALOGUES,HIGH_PREVENTIVE_ATTENTION,75,RECURRENT_PATTERN,0
SIG-TN-01434,35,Mayiladuthurai,2025-08-05 15:15:52,HEALTH_ANOMALY,SYNTHETIC_MDMA,EMERGING,81,RECURRENT_PATTERN,0
SIG-TN-01435,6,Tirunelveli,2025-06-04 12:30:13,POLICE_INVESTIGATION,COMMERCIAL_GANJA,EMERGING,95,RECURRENT_PATTERN,0
SIG-TN-01436,12,Thanjavur,2026-01-01 15:14:14,CITIZEN_AGGREGATE,OPIOID_ANALOGUES,INCREASING,84,RECURRENT_PATTERN,0
SIG-TN-01437,3,Madurai,2026-02-12 15:09:41,POLICE_INVESTIGATION,SYNTHETIC_MDMA,WATCH,89,RECURRENT_PATTERN,0
SIG-TN-01438,9,Vellore,2025-10-12 11:49:11,CHECKPOST_TELEMETRY,COMMERCIAL_GANJA,EMERGING,92,RECURRENT_PATTERN,0
SIG-TN-01439,14,Kanniyakumari,2025-06-27 15:59:15,CHECKPOST_TELEMETRY,SYNTHETIC_MDMA,WATCH,71,RECURRENT_PATTERN,0
SIG-TN-01440,28,Pudukkottai,2026-02-13 03:45:45,CITIZEN_AGGREGATE,UNKNOWN_CONTRABAND,HIGH_PREVENTIVE_ATTENTION,90,RECURRENT_PATTERN,0
SIG-TN-01441,3,Madurai,2026-03-07 11:27:42,CHECKPOST_TELEMETRY,OPIOID_ANALOGUES,INCREASING,94,RECURRENT_PATTERN,0
SIG-TN-01442,23,Namakkal,2024-12-10 21:57:49,HEALTH_ANOMALY,SYNTHETIC_MDMA,HIGH_PREVENTIVE_ATTENTION,69,RECURRENT_PATTERN,0
SIG-TN-01443,26,Ariyalur,2026-05-17 16:28:39,HEALTH_ANOMALY,SYNTHETIC_MDMA,EMERGING,83,FIRST_TIME_SIGNAL,1
SIG-TN-01444,24,Nilgiris,2026-07-06 11:38:36,CHECKPOST_TELEMETRY,COMMERCIAL_GANJA,INCREASING,84,RECURRENT_PATTERN,0
SIG-TN-01445,27,Perambalur,2025-07-22 01:03:27,POLICE_INVESTIGATION,SYNTHETIC_MDMA,WATCH,80,RECURRENT_PATTERN,0
SIG-TN-01446,29,Sivaganga,2025-02-16 17:59:30,POLICE_INVESTIGATION,OPIOID_ANALOGUES,INCREASING,96,RECURRENT_PATTERN,0
SIG-TN-01447,16,Kancheepuram,2024-12-14 01:06:07,CITIZEN_AGGREGATE,SYNTHETIC_MDMA,EMERGING,72,RECURRENT_PATTERN,0
SIG-TN-01448,28,Pudukkottai,2024-12-19 22:43:57,HEALTH_ANOMALY,COMMERCIAL_GANJA,INCREASING,69,RECURRENT_PATTERN,0
SIG-TN-01449,25,Karur,2025-09-17 05:13:14,POLICE_INVESTIGATION,PRESCRIPTION_NARCOTICS,HIGH_PREVENTIVE_ATTENTION,66,RECURRENT_PATTERN,0
SIG-TN-01450,21,Kallakurichi,2024-09-26 03:10:23,POLICE_INVESTIGATION,OPIOID_ANALOGUES,INCREASING,90,RECURRENT_PATTERN,0
SIG-TN-01451,13,Thoothukudi,2024-11-10 19:08:05,HEALTH_ANOMALY,PRESCRIPTION_NARCOTICS,HIGH_PREVENTIVE_ATTENTION,69,RECURRENT_PATTERN,0
SIG-TN-01452,24,Nilgiris,2026-02-06 11:24:40,CHECKPOST_TELEMETRY,PRESCRIPTION_NARCOTICS,WATCH,70,RECURRENT_PATTERN,0
SIG-TN-01453,20,Viluppuram,2025-10-09 02:47:02,CITIZEN_AGGREGATE,UNKNOWN_CONTRABAND,EMERGING,90,RECURRENT_PATTERN,0
SIG-TN-01454,4,Salem,2025-08-14 08:06:25,CITIZEN_AGGREGATE,CHEMICAL_PRECURSORS,HIGH_PREVENTIVE_ATTENTION,69,RECURRENT_PATTERN,0
SIG-TN-01455,4,Salem,2025-05-22 20:53:02,CITIZEN_AGGREGATE,UNKNOWN_CONTRABAND,WATCH,90,RECURRENT_PATTERN,0
SIG-TN-01456,7,Tiruppur,2026-01-29 16:46:02,CHECKPOST_TELEMETRY,OPIOID_ANALOGUES,HIGH_PREVENTIVE_ATTENTION,82,RECURRENT_PATTERN,0
SIG-TN-01457,13,Thoothukudi,2025-01-05 11:08:06,CITIZEN_AGGREGATE,COMMERCIAL_GANJA,EMERGING,67,RECURRENT_PATTERN,0
SIG-TN-01458,15,Tenkasi,2025-09-24 12:46:15,CITIZEN_AGGREGATE,OPIOID_ANALOGUES,INCREASING,75,RECURRENT_PATTERN,0
SIG-TN-01459,38,Tiruvannamalai,2025-10-20 07:56:13,POLICE_INVESTIGATION,CHEMICAL_PRECURSORS,INCREASING,78,RECURRENT_PATTERN,0
SIG-TN-01460,16,Kancheepuram,2025-05-30 09:13:09,POLICE_INVESTIGATION,CHEMICAL_PRECURSORS,INCREASING,91,RECURRENT_PATTERN,0
SIG-TN-01461,16,Kancheepuram,2026-05-24 08:18:37,CHECKPOST_TELEMETRY,SYNTHETIC_MDMA,WATCH,92,RECURRENT_PATTERN,0
SIG-TN-01462,33,Thiruvarur,2026-05-16 22:39:07,HEALTH_ANOMALY,SYNTHETIC_MDMA,EMERGING,67,RECURRENT_PATTERN,0
SIG-TN-01463,28,Pudukkottai,2025-04-12 02:11:39,CHECKPOST_TELEMETRY,UNKNOWN_CONTRABAND,INCREASING,84,RECURRENT_PATTERN,0
SIG-TN-01464,8,Erode,2025-08-01 16:33:13,POLICE_INVESTIGATION,PRESCRIPTION_NARCOTICS,WATCH,84,RECURRENT_PATTERN,0
SIG-TN-01465,22,Dharmapuri,2025-06-28 08:47:28,HEALTH_ANOMALY,CHEMICAL_PRECURSORS,INCREASING,80,RECURRENT_PATTERN,0
SIG-TN-01466,18,Tiruvallur,2024-10-25 11:00:19,HEALTH_ANOMALY,CHEMICAL_PRECURSORS,INCREASING,68,RECURRENT_PATTERN,0
SIG-TN-01467,37,Tirupathur,2024-10-30 16:10:29,HEALTH_ANOMALY,OPIOID_ANALOGUES,WATCH,76,RECURRENT_PATTERN,0
SIG-TN-01468,12,Thanjavur,2025-10-08 15:10:09,HEALTH_ANOMALY,SYNTHETIC_MDMA,EMERGING,72,RECURRENT_PATTERN,0
SIG-TN-01469,19,Cuddalore,2026-02-09 08:28:57,CHECKPOST_TELEMETRY,COMMERCIAL_GANJA,EMERGING,79,RECURRENT_PATTERN,0
SIG-TN-01470,7,Tiruppur,2025-12-03 22:38:45,POLICE_INVESTIGATION,SYNTHETIC_MDMA,HIGH_PREVENTIVE_ATTENTION,68,RECURRENT_PATTERN,0
SIG-TN-01471,37,Tirupathur,2025-01-22 00:39:57,HEALTH_ANOMALY,UNKNOWN_CONTRABAND,HIGH_PREVENTIVE_ATTENTION,81,RECURRENT_PATTERN,0
SIG-TN-01472,30,Ramanathapuram,2026-05-27 04:46:29,CHECKPOST_TELEMETRY,OPIOID_ANALOGUES,WATCH,96,RECURRENT_PATTERN,0
SIG-TN-01473,16,Kancheepuram,2026-04-27 11:16:55,HEALTH_ANOMALY,COMMERCIAL_GANJA,EMERGING,88,RECURRENT_PATTERN,0
SIG-TN-01474,30,Ramanathapuram,2026-05-09 10:33:47,POLICE_INVESTIGATION,OPIOID_ANALOGUES,EMERGING,70,RECURRENT_PATTERN,0
SIG-TN-01475,37,Tirupathur,2025-04-19 05:02:29,CHECKPOST_TELEMETRY,COMMERCIAL_GANJA,HIGH_PREVENTIVE_ATTENTION,93,RECURRENT_PATTERN,0
SIG-TN-01476,22,Dharmapuri,2026-02-26 11:07:08,HEALTH_ANOMALY,SYNTHETIC_MDMA,WATCH,87,RECURRENT_PATTERN,0
SIG-TN-01477,23,Namakkal,2025-03-02 15:03:11,POLICE_INVESTIGATION,COMMERCIAL_GANJA,WATCH,86,RECURRENT_PATTERN,0
SIG-TN-01478,34,Nagapattinam,2026-04-08 01:01:34,HEALTH_ANOMALY,OPIOID_ANALOGUES,EMERGING,75,RECURRENT_PATTERN,0
SIG-TN-01479,17,Chengalpattu,2025-07-20 23:11:02,HEALTH_ANOMALY,UNKNOWN_CONTRABAND,EMERGING,76,RECURRENT_PATTERN,0
SIG-TN-01480,4,Salem,2024-10-25 09:58:44,HEALTH_ANOMALY,PRESCRIPTION_NARCOTICS,WATCH,77,RECURRENT_PATTERN,0
SIG-TN-01481,21,Kallakurichi,2026-06-08 03:42:10,CITIZEN_AGGREGATE,SYNTHETIC_MDMA,INCREASING,95,RECURRENT_PATTERN,0
SIG-TN-01482,37,Tirupathur,2024-11-17 06:49:19,CHECKPOST_TELEMETRY,COMMERCIAL_GANJA,WATCH,92,RECURRENT_PATTERN,0
SIG-TN-01483,3,Madurai,2026-07-10 18:14:41,POLICE_INVESTIGATION,PRESCRIPTION_NARCOTICS,INCREASING,77,RECURRENT_PATTERN,0
SIG-TN-01484,22,Dharmapuri,2024-10-04 20:18:19,POLICE_INVESTIGATION,CHEMICAL_PRECURSORS,HIGH_PREVENTIVE_ATTENTION,92,RECURRENT_PATTERN,0
SIG-TN-01485,28,Pudukkottai,2025-09-22 18:00:38,HEALTH_ANOMALY,CHEMICAL_PRECURSORS,HIGH_PREVENTIVE_ATTENTION,74,RECURRENT_PATTERN,0
SIG-TN-01486,24,Nilgiris,2026-02-06 12:02:35,CITIZEN_AGGREGATE,SYNTHETIC_MDMA,EMERGING,92,RECURRENT_PATTERN,0
SIG-TN-01487,5,Tiruchirappalli,2025-02-01 05:24:32,HEALTH_ANOMALY,OPIOID_ANALOGUES,HIGH_PREVENTIVE_ATTENTION,81,RECURRENT_PATTERN,0
SIG-TN-01488,37,Tirupathur,2026-03-22 01:59:57,POLICE_INVESTIGATION,PRESCRIPTION_NARCOTICS,WATCH,74,RECURRENT_PATTERN,0
SIG-TN-01489,8,Erode,2024-11-30 17:07:30,CHECKPOST_TELEMETRY,SYNTHETIC_MDMA,INCREASING,90,RECURRENT_PATTERN,0
SIG-TN-01490,21,Kallakurichi,2024-09-27 20:52:17,CHECKPOST_TELEMETRY,CHEMICAL_PRECURSORS,EMERGING,96,RECURRENT_PATTERN,0
SIG-TN-01491,16,Kancheepuram,2025-02-13 19:34:02,POLICE_INVESTIGATION,UNKNOWN_CONTRABAND,WATCH,89,RECURRENT_PATTERN,0
SIG-TN-01492,20,Viluppuram,2025-03-01 21:03:54,CHECKPOST_TELEMETRY,OPIOID_ANALOGUES,INCREASING,78,RECURRENT_PATTERN,0
SIG-TN-01493,7,Tiruppur,2025-08-18 10:06:23,POLICE_INVESTIGATION,OPIOID_ANALOGUES,WATCH,74,RECURRENT_PATTERN,0
SIG-TN-01494,11,Dindigul,2025-07-04 15:12:49,HEALTH_ANOMALY,CHEMICAL_PRECURSORS,WATCH,83,RECURRENT_PATTERN,0
SIG-TN-01495,38,Tiruvannamalai,2025-12-05 19:47:08,POLICE_INVESTIGATION,CHEMICAL_PRECURSORS,WATCH,73,RECURRENT_PATTERN,0
SIG-TN-01496,13,Thoothukudi,2025-12-03 11:17:58,POLICE_INVESTIGATION,OPIOID_ANALOGUES,INCREASING,88,RECURRENT_PATTERN,0
SIG-TN-01497,19,Cuddalore,2025-05-14 22:31:10,HEALTH_ANOMALY,SYNTHETIC_MDMA,INCREASING,84,RECURRENT_PATTERN,0
SIG-TN-01498,26,Ariyalur,2026-08-08 22:06:16,CHECKPOST_TELEMETRY,OPIOID_ANALOGUES,HIGH_PREVENTIVE_ATTENTION,78,FIRST_TIME_SIGNAL,1
SIG-TN-01499,33,Thiruvarur,2025-03-01 05:26:52,POLICE_INVESTIGATION,CHEMICAL_PRECURSORS,HIGH_PREVENTIVE_ATTENTION,73,RECURRENT_PATTERN,0
SIG-TN-01500,26,Ariyalur,2026-01-25 15:22:07,POLICE_INVESTIGATION,CHEMICAL_PRECURSORS,INCREASING,72,RECURRENT_PATTERN,0