snapshot_id,district_id,district_name,snapshot_timestamp,risk_indicator,velocity_ratio,confidence_score,coverage_status,trend_classification
RZ-HIST-00001,6,Tirunelveli,2026-03-28 18:00:55,WATCH,1,72,MODERATE,ACCELERATING_30D
RZ-HIST-00002,15,Tenkasi,2025-06-06 03:17:38,WATCH,2.3,68,LIMITED,DATA_COVERAGE_GAP
RZ-HIST-00003,2,Coimbatore,2026-07-20 02:11:19,HIGH PREVENTIVE ATTENTION,6,88,ADEQUATE,ACCELERATING_30D
RZ-HIST-00004,38,Tiruvannamalai,2026-05-08 16:27:36,WATCH,1.1,70,ADEQUATE,DECELERATING
RZ-HIST-00005,4,Salem,2026-05-14 03:59:12,INCREASING,2.4,82,ADEQUATE,BASELINE_NORMAL
RZ-HIST-00006,4,Salem,2025-08-10 22:19:29,INCREASING,2.4,82,ADEQUATE,BASELINE_NORMAL
RZ-HIST-00007,3,Madurai,2026-07-18 08:21:35,INCREASING,2.1,78,ADEQUATE,BASELINE_NORMAL
RZ-HIST-00008,22,Dharmapuri,2025-01-09 11:10:07,WATCH,1.4,66,MODERATE,DECELERATING
RZ-HIST-00009,6,Tirunelveli,2025-09-22 14:26:05,WATCH,1,72,MODERATE,BASELINE_NORMAL
RZ-HIST-00010,37,Tirupathur,2025-04-26 08:59:22,WATCH,1.2,67,MODERATE,DECELERATING
RZ-HIST-00011,37,Tirupathur,2024-12-27 19:12:33,WATCH,1.2,67,MODERATE,ACCELERATING_30D
RZ-HIST-00012,35,Mayiladuthurai,2025-03-16 15:56:18,LOW,0.6,58,LIMITED,DATA_COVERAGE_GAP
RZ-HIST-00013,23,Namakkal,2025-05-16 01:11:58,WATCH,0.9,68,MODERATE,ACCELERATING_30D
RZ-HIST-00014,8,Erode,2025-01-27 00:01:20,WATCH,1.2,75,ADEQUATE,DATA_COVERAGE_GAP
RZ-HIST-00015,4,Salem,2025-02-11 17:13:06,INCREASING,2.4,82,ADEQUATE,ACCELERATING_30D
RZ-HIST-00016,31,Virudhunagar,2024-11-11 19:48:22,WATCH,1,69,MODERATE,DECELERATING
RZ-HIST-00017,34,Nagapattinam,2026-08-15 20:03:41,WATCH,1.2,68,MODERATE,ACCELERATING_30D
RZ-HIST-00018,21,Kallakurichi,2025-10-28 03:59:38,LOW,0.6,58,LIMITED,DECELERATING
RZ-HIST-00019,16,Kancheepuram,2025-11-02 16:07:46,WATCH,1,72,ADEQUATE,ACCELERATING_30D
RZ-HIST-00020,9,Vellore,2025-05-02 07:43:08,INCREASING,2.2,76,ADEQUATE,BASELINE_NORMAL
RZ-HIST-00021,34,Nagapattinam,2025-02-21 00:47:05,WATCH,1.2,68,MODERATE,BASELINE_NORMAL
RZ-HIST-00022,18,Tiruvallur,2025-07-08 18:04:54,INCREASING,2.3,80,ADEQUATE,BASELINE_NORMAL
RZ-HIST-00023,25,Karur,2025-09-26 20:08:41,LOW,0.7,60,MODERATE,BASELINE_NORMAL
RZ-HIST-00024,23,Namakkal,2025-01-28 17:05:27,WATCH,0.9,68,MODERATE,DATA_COVERAGE_GAP
RZ-HIST-00025,28,Pudukkottai,2026-01-18 12:14:42,LOW,0.8,61,MODERATE,BASELINE_NORMAL
RZ-HIST-00026,30,Ramanathapuram,2025-08-05 05:13:35,WATCH,1.5,71,MODERATE,DATA_COVERAGE_GAP
RZ-HIST-00027,24,Nilgiris,2025-05-15 11:43:03,WATCH,1.8,74,MODERATE,ACCELERATING_30D
RZ-HIST-00028,19,Cuddalore,2026-04-05 22:34:02,LOW,0.8,62,MODERATE,ACCELERATING_30D
RZ-HIST-00029,22,Dharmapuri,2026-03-28 06:19:23,WATCH,1.4,66,MODERATE,ACCELERATING_30D
RZ-HIST-00030,29,Sivaganga,2025-01-29 18:09:22,LOW,0.6,59,LIMITED,ACCELERATING_30D
RZ-HIST-00031,28,Pudukkottai,2025-03-17 19:06:35,LOW,0.8,61,MODERATE,DATA_COVERAGE_GAP
RZ-HIST-00032,18,Tiruvallur,2025-03-10 03:42:36,INCREASING,2.3,80,ADEQUATE,BASELINE_NORMAL
RZ-HIST-00033,14,Kanniyakumari,2026-02-25 08:51:08,WATCH,1.1,70,MODERATE,BASELINE_NORMAL
RZ-HIST-00034,21,Kallakurichi,2025-05-30 07:24:22,LOW,0.6,58,LIMITED,DATA_COVERAGE_GAP
RZ-HIST-00035,17,Chengalpattu,2026-04-20 11:34:25,INCREASING,2.1,78,ADEQUATE,DECELERATING
RZ-HIST-00036,16,Kancheepuram,2025-04-22 10:47:40,WATCH,1,72,ADEQUATE,DATA_COVERAGE_GAP
RZ-HIST-00037,16,Kancheepuram,2025-08-26 00:11:07,WATCH,1,72,ADEQUATE,BASELINE_NORMAL
RZ-HIST-00038,34,Nagapattinam,2026-05-11 20:46:01,WATCH,1.2,68,MODERATE,DATA_COVERAGE_GAP
RZ-HIST-00039,37,Tirupathur,2024-10-03 17:07:46,WATCH,1.2,67,MODERATE,ACCELERATING_30D
RZ-HIST-00040,8,Erode,2025-07-12 17:08:06,WATCH,1.2,75,ADEQUATE,DATA_COVERAGE_GAP
RZ-HIST-00041,16,Kancheepuram,2026-08-03 02:13:30,WATCH,1,72,ADEQUATE,DECELERATING
RZ-HIST-00042,36,Ranipet,2025-05-23 00:27:51,WATCH,1.6,72,ADEQUATE,DATA_COVERAGE_GAP
RZ-HIST-00043,35,Mayiladuthurai,2026-04-03 15:58:05,LOW,0.6,58,LIMITED,ACCELERATING_30D
RZ-HIST-00044,14,Kanniyakumari,2024-12-02 23:24:07,WATCH,1.1,70,MODERATE,DECELERATING
RZ-HIST-00045,37,Tirupathur,2024-11-14 22:48:44,WATCH,1.2,67,MODERATE,DECELERATING
RZ-HIST-00046,27,Perambalur,2025-05-12 17:22:08,INSUFFICIENT_DATA,0.4,44,LIMITED,ACCELERATING_30D
RZ-HIST-00047,19,Cuddalore,2025-09-10 20:41:03,LOW,0.8,62,MODERATE,BASELINE_NORMAL
RZ-HIST-00048,17,Chengalpattu,2025-09-02 09:56:20,INCREASING,2.1,78,ADEQUATE,DECELERATING
RZ-HIST-00049,26,Ariyalur,2024-09-20 05:49:19,INSUFFICIENT_DATA,0.3,42,LIMITED,DATA_COVERAGE_GAP
RZ-HIST-00050,6,Tirunelveli,2025-12-29 07:07:35,WATCH,1,72,MODERATE,ACCELERATING_30D
RZ-HIST-00051,9,Vellore,2025-05-07 15:05:59,INCREASING,2.2,76,ADEQUATE,BASELINE_NORMAL
RZ-HIST-00052,36,Ranipet,2024-11-27 21:28:41,WATCH,1.6,72,ADEQUATE,DECELERATING
RZ-HIST-00053,32,Theni,2026-01-13 04:53:32,INCREASING,1.9,73,MODERATE,DATA_COVERAGE_GAP
RZ-HIST-00054,15,Tenkasi,2025-03-04 15:56:27,WATCH,2.3,68,LIMITED,BASELINE_NORMAL
RZ-HIST-00055,12,Thanjavur,2025-07-02 15:50:51,LOW,0.7,64,MODERATE,DECELERATING
RZ-HIST-00056,37,Tirupathur,2024-10-04 12:14:39,WATCH,1.2,67,MODERATE,DATA_COVERAGE_GAP
RZ-HIST-00057,26,Ariyalur,2026-04-13 21:42:46,INSUFFICIENT_DATA,0.3,42,LIMITED,BASELINE_NORMAL
RZ-HIST-00058,31,Virudhunagar,2026-02-01 15:47:19,WATCH,1,69,MODERATE,BASELINE_NORMAL
RZ-HIST-00059,10,Krishnagiri,2026-05-05 03:39:39,HIGH PREVENTIVE ATTENTION,4.8,85,ADEQUATE,DATA_COVERAGE_GAP
RZ-HIST-00060,10,Krishnagiri,2026-03-03 08:30:04,HIGH PREVENTIVE ATTENTION,4.8,85,ADEQUATE,ACCELERATING_30D
RZ-HIST-00061,15,Tenkasi,2026-02-13 09:50:41,WATCH,2.3,68,LIMITED,DECELERATING
RZ-HIST-00062,31,Virudhunagar,2025-11-05 17:02:42,WATCH,1,69,MODERATE,DECELERATING
RZ-HIST-00063,6,Tirunelveli,2025-11-05 18:46:26,WATCH,1,72,MODERATE,ACCELERATING_30D
RZ-HIST-00064,14,Kanniyakumari,2026-03-14 14:51:59,WATCH,1.1,70,MODERATE,BASELINE_NORMAL
RZ-HIST-00065,5,Tiruchirappalli,2025-07-02 22:50:51,WATCH,1.1,74,ADEQUATE,ACCELERATING_30D
RZ-HIST-00066,24,Nilgiris,2024-12-15 18:19:17,WATCH,1.8,74,MODERATE,DATA_COVERAGE_GAP
RZ-HIST-00067,6,Tirunelveli,2025-10-10 09:00:21,WATCH,1,72,MODERATE,BASELINE_NORMAL
RZ-HIST-00068,27,Perambalur,2026-05-24 08:30:52,INSUFFICIENT_DATA,0.4,44,LIMITED,DATA_COVERAGE_GAP
RZ-HIST-00069,15,Tenkasi,2025-11-15 17:00:17,WATCH,2.3,68,LIMITED,DECELERATING
RZ-HIST-00070,17,Chengalpattu,2024-12-14 17:50:50,INCREASING,2.1,78,ADEQUATE,BASELINE_NORMAL
RZ-HIST-00071,2,Coimbatore,2025-03-19 09:01:58,HIGH PREVENTIVE ATTENTION,6,88,ADEQUATE,ACCELERATING_30D
RZ-HIST-00072,2,Coimbatore,2026-08-16 03:15:16,HIGH PREVENTIVE ATTENTION,6,88,ADEQUATE,ACCELERATING_30D
RZ-HIST-00073,17,Chengalpattu,2026-03-23 10:54:17,INCREASING,2.1,78,ADEQUATE,DATA_COVERAGE_GAP
RZ-HIST-00074,18,Tiruvallur,2026-06-03 20:50:56,INCREASING,2.3,80,ADEQUATE,DATA_COVERAGE_GAP
RZ-HIST-00075,4,Salem,2026-01-22 17:19:56,INCREASING,2.4,82,ADEQUATE,DATA_COVERAGE_GAP
RZ-HIST-00076,24,Nilgiris,2025-02-08 14:18:44,WATCH,1.8,74,MODERATE,BASELINE_NORMAL
RZ-HIST-00077,38,Tiruvannamalai,2025-06-19 00:26:15,WATCH,1.1,70,ADEQUATE,ACCELERATING_30D
RZ-HIST-00078,30,Ramanathapuram,2025-11-23 06:35:29,WATCH,1.5,71,MODERATE,DATA_COVERAGE_GAP
RZ-HIST-00079,34,Nagapattinam,2026-01-10 22:01:10,WATCH,1.2,68,MODERATE,BASELINE_NORMAL
RZ-HIST-00080,13,Thoothukudi,2026-04-14 22:09:10,INCREASING,2.5,86,ADEQUATE,BASELINE_NORMAL
RZ-HIST-00081,28,Pudukkottai,2026-01-18 17:19:28,LOW,0.8,61,MODERATE,BASELINE_NORMAL
RZ-HIST-00082,38,Tiruvannamalai,2025-02-04 15:25:54,WATCH,1.1,70,ADEQUATE,DATA_COVERAGE_GAP
RZ-HIST-00083,34,Nagapattinam,2025-11-21 19:10:15,WATCH,1.2,68,MODERATE,BASELINE_NORMAL
RZ-HIST-00084,24,Nilgiris,2025-09-30 01:21:10,WATCH,1.8,74,MODERATE,DATA_COVERAGE_GAP
RZ-HIST-00085,30,Ramanathapuram,2025-10-11 09:27:06,WATCH,1.5,71,MODERATE,DECELERATING
RZ-HIST-00086,3,Madurai,2025-08-22 02:14:42,INCREASING,2.1,78,ADEQUATE,BASELINE_NORMAL
RZ-HIST-00087,34,Nagapattinam,2026-07-22 18:52:17,WATCH,1.2,68,MODERATE,ACCELERATING_30D
RZ-HIST-00088,28,Pudukkottai,2024-11-09 07:48:42,LOW,0.8,61,MODERATE,DECELERATING
RZ-HIST-00089,38,Tiruvannamalai,2025-06-14 02:06:32,WATCH,1.1,70,ADEQUATE,DECELERATING
RZ-HIST-00090,11,Dindigul,2025-05-29 21:09:24,WATCH,0.9,68,MODERATE,DATA_COVERAGE_GAP
RZ-HIST-00091,26,Ariyalur,2026-03-27 07:27:32,INSUFFICIENT_DATA,0.3,42,LIMITED,BASELINE_NORMAL
RZ-HIST-00092,26,Ariyalur,2026-05-01 12:29:50,INSUFFICIENT_DATA,0.3,42,LIMITED,BASELINE_NORMAL
RZ-HIST-00093,11,Dindigul,2026-02-12 12:30:57,WATCH,0.9,68,MODERATE,DECELERATING
RZ-HIST-00094,33,Thiruvarur,2025-05-18 06:56:32,LOW,0.5,56,LIMITED,DECELERATING
RZ-HIST-00095,20,Viluppuram,2026-02-26 22:23:55,WATCH,1,65,MODERATE,ACCELERATING_30D
RZ-HIST-00096,36,Ranipet,2026-07-02 12:50:14,WATCH,1.6,72,ADEQUATE,ACCELERATING_30D
RZ-HIST-00097,25,Karur,2025-09-15 13:58:58,LOW,0.7,60,MODERATE,DATA_COVERAGE_GAP
RZ-HIST-00098,15,Tenkasi,2025-08-12 19:49:57,WATCH,2.3,68,LIMITED,DATA_COVERAGE_GAP
RZ-HIST-00099,38,Tiruvannamalai,2026-05-01 23:38:54,WATCH,1.1,70,ADEQUATE,DECELERATING
RZ-HIST-00100,3,Madurai,2026-02-01 04:17:19,INCREASING,2.1,78,ADEQUATE,ACCELERATING_30D
RZ-HIST-00101,3,Madurai,2026-01-31 07:27:45,INCREASING,2.1,78,ADEQUATE,DECELERATING
RZ-HIST-00102,38,Tiruvannamalai,2024-10-07 13:38:27,WATCH,1.1,70,ADEQUATE,ACCELERATING_30D
RZ-HIST-00103,34,Nagapattinam,2026-08-04 04:46:01,WATCH,1.2,68,MODERATE,DECELERATING
RZ-HIST-00104,9,Vellore,2025-01-12 12:53:27,INCREASING,2.2,76,ADEQUATE,DECELERATING
RZ-HIST-00105,16,Kancheepuram,2024-11-14 00:06:48,WATCH,1,72,ADEQUATE,ACCELERATING_30D
RZ-HIST-00106,14,Kanniyakumari,2024-10-22 07:20:40,WATCH,1.1,70,MODERATE,DECELERATING
RZ-HIST-00107,1,Chennai,2026-03-05 20:02:52,HIGH PREVENTIVE ATTENTION,3.5,84,ADEQUATE,ACCELERATING_30D
RZ-HIST-00108,26,Ariyalur,2026-01-28 10:57:33,INSUFFICIENT_DATA,0.3,42,LIMITED,DECELERATING
RZ-HIST-00109,8,Erode,2025-03-29 12:29:26,WATCH,1.2,75,ADEQUATE,ACCELERATING_30D
RZ-HIST-00110,21,Kallakurichi,2024-12-06 10:45:30,LOW,0.6,58,LIMITED,BASELINE_NORMAL
RZ-HIST-00111,29,Sivaganga,2025-04-18 19:22:59,LOW,0.6,59,LIMITED,DATA_COVERAGE_GAP
RZ-HIST-00112,12,Thanjavur,2026-03-14 17:50:50,LOW,0.7,64,MODERATE,DECELERATING
RZ-HIST-00113,17,Chengalpattu,2025-08-21 13:23:41,INCREASING,2.1,78,ADEQUATE,BASELINE_NORMAL
RZ-HIST-00114,9,Vellore,2025-07-24 16:02:32,INCREASING,2.2,76,ADEQUATE,ACCELERATING_30D
RZ-HIST-00115,14,Kanniyakumari,2025-01-24 01:36:09,WATCH,1.1,70,MODERATE,DECELERATING
RZ-HIST-00116,7,Tiruppur,2025-01-26 04:55:06,INCREASING,2.8,80,ADEQUATE,BASELINE_NORMAL
RZ-HIST-00117,34,Nagapattinam,2025-01-18 07:44:23,WATCH,1.2,68,MODERATE,DECELERATING
RZ-HIST-00118,35,Mayiladuthurai,2025-05-21 00:40:59,LOW,0.6,58,LIMITED,ACCELERATING_30D
RZ-HIST-00119,33,Thiruvarur,2026-02-11 18:09:49,LOW,0.5,56,LIMITED,DECELERATING
RZ-HIST-00120,28,Pudukkottai,2026-01-25 16:16:08,LOW,0.8,61,MODERATE,DECELERATING
RZ-HIST-00121,25,Karur,2026-06-18 04:21:27,LOW,0.7,60,MODERATE,DECELERATING
RZ-HIST-00122,25,Karur,2024-09-20 14:06:38,LOW,0.7,60,MODERATE,BASELINE_NORMAL
RZ-HIST-00123,13,Thoothukudi,2026-07-20 07:50:34,INCREASING,2.5,86,ADEQUATE,DECELERATING
RZ-HIST-00124,16,Kancheepuram,2026-04-11 14:39:17,WATCH,1,72,ADEQUATE,DATA_COVERAGE_GAP
RZ-HIST-00125,31,Virudhunagar,2024-10-24 02:17:54,WATCH,1,69,MODERATE,DECELERATING
RZ-HIST-00126,12,Thanjavur,2025-03-22 16:17:38,LOW,0.7,64,MODERATE,DECELERATING
RZ-HIST-00127,21,Kallakurichi,2024-11-02 02:11:45,LOW,0.6,58,LIMITED,BASELINE_NORMAL
RZ-HIST-00128,18,Tiruvallur,2026-04-05 12:54:28,INCREASING,2.3,80,ADEQUATE,DATA_COVERAGE_GAP
RZ-HIST-00129,14,Kanniyakumari,2025-04-21 13:15:07,WATCH,1.1,70,MODERATE,DECELERATING
RZ-HIST-00130,23,Namakkal,2026-04-22 15:01:38,WATCH,0.9,68,MODERATE,DATA_COVERAGE_GAP
RZ-HIST-00131,20,Viluppuram,2026-01-29 06:57:15,WATCH,1,65,MODERATE,DATA_COVERAGE_GAP
RZ-HIST-00132,30,Ramanathapuram,2025-09-08 16:37:46,WATCH,1.5,71,MODERATE,DATA_COVERAGE_GAP
RZ-HIST-00133,21,Kallakurichi,2025-02-10 08:59:58,LOW,0.6,58,LIMITED,DECELERATING
RZ-HIST-00134,24,Nilgiris,2026-06-15 01:00:11,WATCH,1.8,74,MODERATE,DATA_COVERAGE_GAP
RZ-HIST-00135,11,Dindigul,2025-06-27 19:51:41,WATCH,0.9,68,MODERATE,ACCELERATING_30D
RZ-HIST-00136,33,Thiruvarur,2025-02-03 04:31:31,LOW,0.5,56,LIMITED,ACCELERATING_30D
RZ-HIST-00137,3,Madurai,2026-05-08 14:30:59,INCREASING,2.1,78,ADEQUATE,DATA_COVERAGE_GAP
RZ-HIST-00138,33,Thiruvarur,2025-10-13 18:42:51,LOW,0.5,56,LIMITED,BASELINE_NORMAL
RZ-HIST-00139,18,Tiruvallur,2025-05-03 16:51:01,INCREASING,2.3,80,ADEQUATE,ACCELERATING_30D
RZ-HIST-00140,33,Thiruvarur,2025-06-05 02:08:32,LOW,0.5,56,LIMITED,BASELINE_NORMAL
RZ-HIST-00141,19,Cuddalore,2025-08-27 22:19:06,LOW,0.8,62,MODERATE,DECELERATING
RZ-HIST-00142,34,Nagapattinam,2025-05-04 10:20:41,WATCH,1.2,68,MODERATE,DATA_COVERAGE_GAP
RZ-HIST-00143,10,Krishnagiri,2025-05-08 22:30:52,HIGH PREVENTIVE ATTENTION,4.8,85,ADEQUATE,DATA_COVERAGE_GAP
RZ-HIST-00144,36,Ranipet,2025-02-28 05:11:47,WATCH,1.6,72,ADEQUATE,BASELINE_NORMAL
RZ-HIST-00145,5,Tiruchirappalli,2025-05-15 14:27:15,WATCH,1.1,74,ADEQUATE,DECELERATING
RZ-HIST-00146,11,Dindigul,2025-11-16 20:50:32,WATCH,0.9,68,MODERATE,DECELERATING
RZ-HIST-00147,18,Tiruvallur,2025-04-21 01:08:24,INCREASING,2.3,80,ADEQUATE,BASELINE_NORMAL
RZ-HIST-00148,9,Vellore,2025-07-04 18:22:32,INCREASING,2.2,76,ADEQUATE,DATA_COVERAGE_GAP
RZ-HIST-00149,18,Tiruvallur,2024-11-18 05:20:53,INCREASING,2.3,80,ADEQUATE,DECELERATING
RZ-HIST-00150,30,Ramanathapuram,2026-03-07 00:55:28,WATCH,1.5,71,MODERATE,DATA_COVERAGE_GAP
RZ-HIST-00151,13,Thoothukudi,2025-06-29 09:47:14,INCREASING,2.5,86,ADEQUATE,BASELINE_NORMAL
RZ-HIST-00152,38,Tiruvannamalai,2026-02-13 21:08:17,WATCH,1.1,70,ADEQUATE,DATA_COVERAGE_GAP
RZ-HIST-00153,7,Tiruppur,2025-03-27 12:18:21,INCREASING,2.8,80,ADEQUATE,ACCELERATING_30D
RZ-HIST-00154,11,Dindigul,2026-06-01 15:24:21,WATCH,0.9,68,MODERATE,DECELERATING
RZ-HIST-00155,9,Vellore,2025-04-02 19:04:50,INCREASING,2.2,76,ADEQUATE,BASELINE_NORMAL
RZ-HIST-00156,33,Thiruvarur,2025-07-07 16:14:24,LOW,0.5,56,LIMITED,BASELINE_NORMAL
RZ-HIST-00157,10,Krishnagiri,2026-02-18 05:24:05,HIGH PREVENTIVE ATTENTION,4.8,85,ADEQUATE,DECELERATING
RZ-HIST-00158,2,Coimbatore,2024-11-13 15:50:34,HIGH PREVENTIVE ATTENTION,6,88,ADEQUATE,DECELERATING
RZ-HIST-00159,18,Tiruvallur,2025-05-05 10:28:57,INCREASING,2.3,80,ADEQUATE,DECELERATING
RZ-HIST-00160,4,Salem,2025-04-11 19:06:16,INCREASING,2.4,82,ADEQUATE,DECELERATING
RZ-HIST-00161,17,Chengalpattu,2026-05-28 12:24:02,INCREASING,2.1,78,ADEQUATE,DECELERATING
RZ-HIST-00162,31,Virudhunagar,2026-04-12 06:33:18,WATCH,1,69,MODERATE,ACCELERATING_30D
RZ-HIST-00163,8,Erode,2026-06-13 15:35:13,WATCH,1.2,75,ADEQUATE,DATA_COVERAGE_GAP
RZ-HIST-00164,33,Thiruvarur,2025-06-19 17:22:36,LOW,0.5,56,LIMITED,DECELERATING
RZ-HIST-00165,8,Erode,2025-08-07 10:08:20,WATCH,1.2,75,ADEQUATE,ACCELERATING_30D
RZ-HIST-00166,15,Tenkasi,2025-11-02 21:49:14,WATCH,2.3,68,LIMITED,DECELERATING
RZ-HIST-00167,16,Kancheepuram,2025-06-05 16:17:42,WATCH,1,72,ADEQUATE,DECELERATING
RZ-HIST-00168,4,Salem,2026-03-12 02:39:28,INCREASING,2.4,82,ADEQUATE,DATA_COVERAGE_GAP
RZ-HIST-00169,7,Tiruppur,2026-05-27 15:23:21,INCREASING,2.8,80,ADEQUATE,BASELINE_NORMAL
RZ-HIST-00170,14,Kanniyakumari,2026-06-16 22:25:42,WATCH,1.1,70,MODERATE,ACCELERATING_30D
RZ-HIST-00171,17,Chengalpattu,2025-05-24 03:00:34,INCREASING,2.1,78,ADEQUATE,ACCELERATING_30D
RZ-HIST-00172,6,Tirunelveli,2025-06-19 20:23:41,WATCH,1,72,MODERATE,DECELERATING
RZ-HIST-00173,31,Virudhunagar,2026-07-15 22:58:38,WATCH,1,69,MODERATE,DATA_COVERAGE_GAP
RZ-HIST-00174,29,Sivaganga,2026-03-16 03:22:37,LOW,0.6,59,LIMITED,DECELERATING
RZ-HIST-00175,26,Ariyalur,2025-11-17 02:00:44,INSUFFICIENT_DATA,0.3,42,LIMITED,BASELINE_NORMAL
RZ-HIST-00176,18,Tiruvallur,2026-06-07 10:34:05,INCREASING,2.3,80,ADEQUATE,ACCELERATING_30D
RZ-HIST-00177,32,Theni,2024-10-27 00:29:35,INCREASING,1.9,73,MODERATE,BASELINE_NORMAL
RZ-HIST-00178,13,Thoothukudi,2025-07-28 10:51:41,INCREASING,2.5,86,ADEQUATE,ACCELERATING_30D
RZ-HIST-00179,35,Mayiladuthurai,2026-06-22 09:18:29,LOW,0.6,58,LIMITED,BASELINE_NORMAL
RZ-HIST-00180,6,Tirunelveli,2026-06-15 05:49:35,WATCH,1,72,MODERATE,ACCELERATING_30D
RZ-HIST-00181,2,Coimbatore,2024-12-15 17:41:47,HIGH PREVENTIVE ATTENTION,6,88,ADEQUATE,DATA_COVERAGE_GAP
RZ-HIST-00182,37,Tirupathur,2025-07-05 01:34:39,WATCH,1.2,67,MODERATE,DECELERATING
RZ-HIST-00183,19,Cuddalore,2024-11-20 15:41:37,LOW,0.8,62,MODERATE,DECELERATING
RZ-HIST-00184,2,Coimbatore,2025-02-08 09:48:12,HIGH PREVENTIVE ATTENTION,6,88,ADEQUATE,DATA_COVERAGE_GAP
RZ-HIST-00185,7,Tiruppur,2024-09-25 19:57:56,INCREASING,2.8,80,ADEQUATE,DATA_COVERAGE_GAP
RZ-HIST-00186,35,Mayiladuthurai,2025-02-10 01:56:39,LOW,0.6,58,LIMITED,DECELERATING
RZ-HIST-00187,7,Tiruppur,2026-01-11 07:16:30,INCREASING,2.8,80,ADEQUATE,DATA_COVERAGE_GAP
RZ-HIST-00188,10,Krishnagiri,2025-10-10 18:51:03,HIGH PREVENTIVE ATTENTION,4.8,85,ADEQUATE,DATA_COVERAGE_GAP
RZ-HIST-00189,9,Vellore,2026-07-03 08:57:51,INCREASING,2.2,76,ADEQUATE,DECELERATING
RZ-HIST-00190,10,Krishnagiri,2024-09-28 11:03:39,HIGH PREVENTIVE ATTENTION,4.8,85,ADEQUATE,DECELERATING
RZ-HIST-00191,19,Cuddalore,2025-08-13 03:39:03,LOW,0.8,62,MODERATE,BASELINE_NORMAL
RZ-HIST-00192,29,Sivaganga,2026-01-07 03:31:26,LOW,0.6,59,LIMITED,DECELERATING
RZ-HIST-00193,38,Tiruvannamalai,2026-02-18 21:23:07,WATCH,1.1,70,ADEQUATE,BASELINE_NORMAL
RZ-HIST-00194,23,Namakkal,2025-11-11 00:20:59,WATCH,0.9,68,MODERATE,DATA_COVERAGE_GAP
RZ-HIST-00195,18,Tiruvallur,2026-03-22 12:13:49,INCREASING,2.3,80,ADEQUATE,DATA_COVERAGE_GAP
RZ-HIST-00196,2,Coimbatore,2025-08-20 11:29:10,HIGH PREVENTIVE ATTENTION,6,88,ADEQUATE,BASELINE_NORMAL
RZ-HIST-00197,6,Tirunelveli,2026-04-29 14:56:53,WATCH,1,72,MODERATE,BASELINE_NORMAL
RZ-HIST-00198,34,Nagapattinam,2026-07-27 12:26:55,WATCH,1.2,68,MODERATE,BASELINE_NORMAL
RZ-HIST-00199,15,Tenkasi,2026-08-06 12:32:44,WATCH,2.3,68,LIMITED,ACCELERATING_30D
RZ-HIST-00200,29,Sivaganga,2025-05-01 14:07:15,LOW,0.6,59,LIMITED,DECELERATING
RZ-HIST-00201,10,Krishnagiri,2026-04-12 21:19:00,HIGH PREVENTIVE ATTENTION,4.8,85,ADEQUATE,ACCELERATING_30D
RZ-HIST-00202,24,Nilgiris,2026-01-05 01:33:57,WATCH,1.8,74,MODERATE,DATA_COVERAGE_GAP
RZ-HIST-00203,16,Kancheepuram,2026-07-20 12:10:13,WATCH,1,72,ADEQUATE,ACCELERATING_30D
RZ-HIST-00204,2,Coimbatore,2025-01-24 05:08:59,HIGH PREVENTIVE ATTENTION,6,88,ADEQUATE,DECELERATING
RZ-HIST-00205,28,Pudukkottai,2026-06-08 11:29:44,LOW,0.8,61,MODERATE,DATA_COVERAGE_GAP
RZ-HIST-00206,27,Perambalur,2025-08-13 06:03:06,INSUFFICIENT_DATA,0.4,44,LIMITED,ACCELERATING_30D
RZ-HIST-00207,12,Thanjavur,2026-05-12 04:24:21,LOW,0.7,64,MODERATE,BASELINE_NORMAL
RZ-HIST-00208,36,Ranipet,2026-04-19 09:37:07,WATCH,1.6,72,ADEQUATE,DECELERATING
RZ-HIST-00209,19,Cuddalore,2025-03-27 12:20:34,LOW,0.8,62,MODERATE,DECELERATING
RZ-HIST-00210,11,Dindigul,2025-05-19 05:50:47,WATCH,0.9,68,MODERATE,BASELINE_NORMAL
RZ-HIST-00211,30,Ramanathapuram,2026-02-15 22:19:25,WATCH,1.5,71,MODERATE,ACCELERATING_30D
RZ-HIST-00212,33,Thiruvarur,2024-11-19 19:16:18,LOW,0.5,56,LIMITED,DECELERATING
RZ-HIST-00213,14,Kanniyakumari,2025-11-01 06:06:42,WATCH,1.1,70,MODERATE,ACCELERATING_30D
RZ-HIST-00214,25,Karur,2026-06-24 19:53:39,LOW,0.7,60,MODERATE,ACCELERATING_30D
RZ-HIST-00215,4,Salem,2025-09-20 04:51:29,INCREASING,2.4,82,ADEQUATE,BASELINE_NORMAL
RZ-HIST-00216,7,Tiruppur,2025-07-01 12:36:13,INCREASING,2.8,80,ADEQUATE,DATA_COVERAGE_GAP
RZ-HIST-00217,28,Pudukkottai,2025-03-06 19:46:34,LOW,0.8,61,MODERATE,ACCELERATING_30D
RZ-HIST-00218,32,Theni,2025-12-31 06:23:45,INCREASING,1.9,73,MODERATE,BASELINE_NORMAL
RZ-HIST-00219,9,Vellore,2025-02-19 13:58:33,INCREASING,2.2,76,ADEQUATE,BASELINE_NORMAL
RZ-HIST-00220,31,Virudhunagar,2026-02-01 02:59:05,WATCH,1,69,MODERATE,DECELERATING
RZ-HIST-00221,1,Chennai,2025-07-17 04:25:26,HIGH PREVENTIVE ATTENTION,3.5,84,ADEQUATE,ACCELERATING_30D
RZ-HIST-00222,1,Chennai,2025-08-14 06:21:54,HIGH PREVENTIVE ATTENTION,3.5,84,ADEQUATE,DATA_COVERAGE_GAP
RZ-HIST-00223,7,Tiruppur,2026-05-31 08:49:33,INCREASING,2.8,80,ADEQUATE,ACCELERATING_30D
RZ-HIST-00224,29,Sivaganga,2025-05-23 11:48:33,LOW,0.6,59,LIMITED,DATA_COVERAGE_GAP
RZ-HIST-00225,7,Tiruppur,2025-03-24 06:08:52,INCREASING,2.8,80,ADEQUATE,BASELINE_NORMAL
RZ-HIST-00226,36,Ranipet,2024-11-10 16:15:27,WATCH,1.6,72,ADEQUATE,ACCELERATING_30D
RZ-HIST-00227,38,Tiruvannamalai,2024-10-10 16:10:23,WATCH,1.1,70,ADEQUATE,ACCELERATING_30D
RZ-HIST-00228,35,Mayiladuthurai,2025-04-04 22:32:03,LOW,0.6,58,LIMITED,DATA_COVERAGE_GAP
RZ-HIST-00229,18,Tiruvallur,2025-06-30 10:45:42,INCREASING,2.3,80,ADEQUATE,DECELERATING
RZ-HIST-00230,20,Viluppuram,2025-11-02 15:01:52,WATCH,1,65,MODERATE,DECELERATING
RZ-HIST-00231,35,Mayiladuthurai,2025-12-06 20:42:00,LOW,0.6,58,LIMITED,DECELERATING
RZ-HIST-00232,32,Theni,2026-02-15 16:53:57,INCREASING,1.9,73,MODERATE,BASELINE_NORMAL
RZ-HIST-00233,29,Sivaganga,2025-12-11 00:32:08,LOW,0.6,59,LIMITED,ACCELERATING_30D
RZ-HIST-00234,18,Tiruvallur,2026-06-02 21:09:08,INCREASING,2.3,80,ADEQUATE,DATA_COVERAGE_GAP
RZ-HIST-00235,18,Tiruvallur,2024-10-09 23:17:24,INCREASING,2.3,80,ADEQUATE,ACCELERATING_30D
RZ-HIST-00236,12,Thanjavur,2025-02-13 02:58:49,LOW,0.7,64,MODERATE,BASELINE_NORMAL
RZ-HIST-00237,20,Viluppuram,2026-07-30 02:31:41,WATCH,1,65,MODERATE,BASELINE_NORMAL
RZ-HIST-00238,15,Tenkasi,2025-08-10 14:38:58,WATCH,2.3,68,LIMITED,ACCELERATING_30D
RZ-HIST-00239,31,Virudhunagar,2024-12-13 02:07:20,WATCH,1,69,MODERATE,ACCELERATING_30D
RZ-HIST-00240,20,Viluppuram,2025-11-26 01:41:08,WATCH,1,65,MODERATE,ACCELERATING_30D
RZ-HIST-00241,14,Kanniyakumari,2025-06-21 15:00:16,WATCH,1.1,70,MODERATE,DECELERATING
RZ-HIST-00242,12,Thanjavur,2026-05-29 12:28:36,LOW,0.7,64,MODERATE,BASELINE_NORMAL
RZ-HIST-00243,3,Madurai,2026-06-11 17:55:51,INCREASING,2.1,78,ADEQUATE,DECELERATING
RZ-HIST-00244,11,Dindigul,2026-08-16 11:24:48,WATCH,0.9,68,MODERATE,DECELERATING
RZ-HIST-00245,35,Mayiladuthurai,2025-01-14 21:38:34,LOW,0.6,58,LIMITED,DATA_COVERAGE_GAP
RZ-HIST-00246,27,Perambalur,2026-04-26 14:25:16,INSUFFICIENT_DATA,0.4,44,LIMITED,BASELINE_NORMAL
RZ-HIST-00247,9,Vellore,2025-06-08 22:46:36,INCREASING,2.2,76,ADEQUATE,BASELINE_NORMAL
RZ-HIST-00248,6,Tirunelveli,2025-12-28 16:02:00,WATCH,1,72,MODERATE,BASELINE_NORMAL
RZ-HIST-00249,14,Kanniyakumari,2025-03-24 11:52:32,WATCH,1.1,70,MODERATE,ACCELERATING_30D
RZ-HIST-00250,7,Tiruppur,2025-07-14 20:15:07,INCREASING,2.8,80,ADEQUATE,DECELERATING
RZ-HIST-00251,17,Chengalpattu,2025-04-13 22:12:31,INCREASING,2.1,78,ADEQUATE,BASELINE_NORMAL
RZ-HIST-00252,34,Nagapattinam,2025-08-31 13:49:40,WATCH,1.2,68,MODERATE,BASELINE_NORMAL
RZ-HIST-00253,18,Tiruvallur,2025-12-16 23:40:58,INCREASING,2.3,80,ADEQUATE,BASELINE_NORMAL
RZ-HIST-00254,21,Kallakurichi,2025-01-26 23:27:37,LOW,0.6,58,LIMITED,ACCELERATING_30D
RZ-HIST-00255,4,Salem,2026-07-06 09:42:41,INCREASING,2.4,82,ADEQUATE,DECELERATING
RZ-HIST-00256,2,Coimbatore,2024-11-22 01:23:10,HIGH PREVENTIVE ATTENTION,6,88,ADEQUATE,DATA_COVERAGE_GAP
RZ-HIST-00257,35,Mayiladuthurai,2025-12-07 09:38:40,LOW,0.6,58,LIMITED,BASELINE_NORMAL
RZ-HIST-00258,24,Nilgiris,2024-09-30 16:24:59,WATCH,1.8,74,MODERATE,DECELERATING
RZ-HIST-00259,1,Chennai,2026-01-05 06:53:22,HIGH PREVENTIVE ATTENTION,3.5,84,ADEQUATE,BASELINE_NORMAL
RZ-HIST-00260,36,Ranipet,2026-06-19 17:49:53,WATCH,1.6,72,ADEQUATE,DECELERATING
RZ-HIST-00261,30,Ramanathapuram,2026-08-08 15:27:37,WATCH,1.5,71,MODERATE,DATA_COVERAGE_GAP
RZ-HIST-00262,6,Tirunelveli,2026-04-16 01:51:32,WATCH,1,72,MODERATE,DECELERATING
RZ-HIST-00263,37,Tirupathur,2025-01-02 12:29:21,WATCH,1.2,67,MODERATE,DATA_COVERAGE_GAP
RZ-HIST-00264,34,Nagapattinam,2025-07-14 13:56:07,WATCH,1.2,68,MODERATE,BASELINE_NORMAL
RZ-HIST-00265,8,Erode,2026-04-30 22:21:56,WATCH,1.2,75,ADEQUATE,DECELERATING
RZ-HIST-00266,18,Tiruvallur,2025-08-15 14:21:57,INCREASING,2.3,80,ADEQUATE,BASELINE_NORMAL
RZ-HIST-00267,18,Tiruvallur,2026-05-01 09:39:02,INCREASING,2.3,80,ADEQUATE,ACCELERATING_30D
RZ-HIST-00268,3,Madurai,2026-07-11 00:07:30,INCREASING,2.1,78,ADEQUATE,ACCELERATING_30D
RZ-HIST-00269,14,Kanniyakumari,2026-07-17 03:00:04,WATCH,1.1,70,MODERATE,DECELERATING
RZ-HIST-00270,28,Pudukkottai,2026-03-01 02:00:44,LOW,0.8,61,MODERATE,DECELERATING
RZ-HIST-00271,11,Dindigul,2024-11-09 19:44:02,WATCH,0.9,68,MODERATE,ACCELERATING_30D
RZ-HIST-00272,38,Tiruvannamalai,2025-09-21 00:59:09,WATCH,1.1,70,ADEQUATE,DECELERATING
RZ-HIST-00273,3,Madurai,2026-07-08 20:02:38,INCREASING,2.1,78,ADEQUATE,ACCELERATING_30D
RZ-HIST-00274,31,Virudhunagar,2024-09-27 05:28:47,WATCH,1,69,MODERATE,BASELINE_NORMAL
RZ-HIST-00275,19,Cuddalore,2026-04-24 22:14:24,LOW,0.8,62,MODERATE,DATA_COVERAGE_GAP
RZ-HIST-00276,18,Tiruvallur,2026-06-23 07:59:20,INCREASING,2.3,80,ADEQUATE,DATA_COVERAGE_GAP
RZ-HIST-00277,36,Ranipet,2025-10-01 10:42:40,WATCH,1.6,72,ADEQUATE,DECELERATING
RZ-HIST-00278,20,Viluppuram,2026-07-13 00:18:49,WATCH,1,65,MODERATE,BASELINE_NORMAL
RZ-HIST-00279,30,Ramanathapuram,2025-08-19 20:28:26,WATCH,1.5,71,MODERATE,BASELINE_NORMAL
RZ-HIST-00280,16,Kancheepuram,2025-05-02 23:10:02,WATCH,1,72,ADEQUATE,ACCELERATING_30D
RZ-HIST-00281,20,Viluppuram,2025-12-12 09:33:04,WATCH,1,65,MODERATE,ACCELERATING_30D
RZ-HIST-00282,26,Ariyalur,2025-05-13 14:43:33,INSUFFICIENT_DATA,0.3,42,LIMITED,DATA_COVERAGE_GAP
RZ-HIST-00283,29,Sivaganga,2025-11-03 14:55:24,LOW,0.6,59,LIMITED,DATA_COVERAGE_GAP
RZ-HIST-00284,3,Madurai,2026-05-13 08:02:20,INCREASING,2.1,78,ADEQUATE,BASELINE_NORMAL
RZ-HIST-00285,38,Tiruvannamalai,2025-04-30 14:00:40,WATCH,1.1,70,ADEQUATE,DATA_COVERAGE_GAP
RZ-HIST-00286,18,Tiruvallur,2025-01-24 06:05:49,INCREASING,2.3,80,ADEQUATE,BASELINE_NORMAL
RZ-HIST-00287,10,Krishnagiri,2025-09-24 20:15:14,HIGH PREVENTIVE ATTENTION,4.8,85,ADEQUATE,ACCELERATING_30D
RZ-HIST-00288,26,Ariyalur,2026-07-10 20:11:32,INSUFFICIENT_DATA,0.3,42,LIMITED,ACCELERATING_30D
RZ-HIST-00289,32,Theni,2025-03-27 22:02:14,INCREASING,1.9,73,MODERATE,BASELINE_NORMAL
RZ-HIST-00290,34,Nagapattinam,2024-12-23 02:34:59,WATCH,1.2,68,MODERATE,DECELERATING
RZ-HIST-00291,5,Tiruchirappalli,2026-06-28 12:15:35,WATCH,1.1,74,ADEQUATE,DECELERATING
RZ-HIST-00292,17,Chengalpattu,2025-09-10 14:36:05,INCREASING,2.1,78,ADEQUATE,BASELINE_NORMAL
RZ-HIST-00293,3,Madurai,2024-11-22 15:04:34,INCREASING,2.1,78,ADEQUATE,ACCELERATING_30D
RZ-HIST-00294,26,Ariyalur,2026-02-19 21:37:42,INSUFFICIENT_DATA,0.3,42,LIMITED,BASELINE_NORMAL
RZ-HIST-00295,36,Ranipet,2026-08-14 19:58:00,WATCH,1.6,72,ADEQUATE,DATA_COVERAGE_GAP
RZ-HIST-00296,21,Kallakurichi,2026-04-13 07:55:25,LOW,0.6,58,LIMITED,DECELERATING
RZ-HIST-00297,5,Tiruchirappalli,2026-08-05 12:26:18,WATCH,1.1,74,ADEQUATE,DECELERATING
RZ-HIST-00298,12,Thanjavur,2026-06-30 01:43:30,LOW,0.7,64,MODERATE,BASELINE_NORMAL
RZ-HIST-00299,3,Madurai,2026-07-08 00:28:08,INCREASING,2.1,78,ADEQUATE,DATA_COVERAGE_GAP
RZ-HIST-00300,3,Madurai,2024-10-06 14:20:54,INCREASING,2.1,78,ADEQUATE,DECELERATING
RZ-HIST-00301,13,Thoothukudi,2025-11-01 03:46:13,INCREASING,2.5,86,ADEQUATE,DATA_COVERAGE_GAP
RZ-HIST-00302,32,Theni,2026-05-05 07:19:23,INCREASING,1.9,73,MODERATE,DECELERATING
RZ-HIST-00303,28,Pudukkottai,2026-08-05 18:39:16,LOW,0.8,61,MODERATE,DECELERATING
RZ-HIST-00304,37,Tirupathur,2026-06-14 05:47:23,WATCH,1.2,67,MODERATE,DECELERATING
RZ-HIST-00305,18,Tiruvallur,2024-10-10 13:10:55,INCREASING,2.3,80,ADEQUATE,BASELINE_NORMAL
RZ-HIST-00306,2,Coimbatore,2025-09-04 12:05:02,HIGH PREVENTIVE ATTENTION,6,88,ADEQUATE,BASELINE_NORMAL
RZ-HIST-00307,25,Karur,2024-10-09 17:15:07,LOW,0.7,60,MODERATE,ACCELERATING_30D
RZ-HIST-00308,30,Ramanathapuram,2025-08-16 00:57:06,WATCH,1.5,71,MODERATE,DECELERATING
RZ-HIST-00309,16,Kancheepuram,2026-04-04 04:20:54,WATCH,1,72,ADEQUATE,DATA_COVERAGE_GAP
RZ-HIST-00310,17,Chengalpattu,2026-07-15 14:08:14,INCREASING,2.1,78,ADEQUATE,ACCELERATING_30D
RZ-HIST-00311,7,Tiruppur,2025-04-22 06:41:16,INCREASING,2.8,80,ADEQUATE,BASELINE_NORMAL
RZ-HIST-00312,19,Cuddalore,2024-12-06 07:55:59,LOW,0.8,62,MODERATE,ACCELERATING_30D
RZ-HIST-00313,13,Thoothukudi,2026-04-18 13:05:42,INCREASING,2.5,86,ADEQUATE,BASELINE_NORMAL
RZ-HIST-00314,14,Kanniyakumari,2026-01-26 07:16:41,WATCH,1.1,70,MODERATE,BASELINE_NORMAL
RZ-HIST-00315,22,Dharmapuri,2024-11-21 10:54:32,WATCH,1.4,66,MODERATE,BASELINE_NORMAL
RZ-HIST-00316,31,Virudhunagar,2026-06-15 04:20:29,WATCH,1,69,MODERATE,DATA_COVERAGE_GAP
RZ-HIST-00317,24,Nilgiris,2026-04-03 09:42:11,WATCH,1.8,74,MODERATE,BASELINE_NORMAL
RZ-HIST-00318,38,Tiruvannamalai,2024-12-03 06:38:22,WATCH,1.1,70,ADEQUATE,BASELINE_NORMAL
RZ-HIST-00319,32,Theni,2026-05-12 00:26:54,INCREASING,1.9,73,MODERATE,BASELINE_NORMAL
RZ-HIST-00320,2,Coimbatore,2025-04-28 07:14:50,HIGH PREVENTIVE ATTENTION,6,88,ADEQUATE,ACCELERATING_30D
RZ-HIST-00321,3,Madurai,2025-11-29 21:31:13,INCREASING,2.1,78,ADEQUATE,BASELINE_NORMAL
RZ-HIST-00322,3,Madurai,2026-08-05 15:33:30,INCREASING,2.1,78,ADEQUATE,DATA_COVERAGE_GAP
RZ-HIST-00323,35,Mayiladuthurai,2025-02-25 01:52:26,LOW,0.6,58,LIMITED,BASELINE_NORMAL
RZ-HIST-00324,21,Kallakurichi,2025-06-29 02:41:09,LOW,0.6,58,LIMITED,BASELINE_NORMAL
RZ-HIST-00325,18,Tiruvallur,2025-10-12 00:43:09,INCREASING,2.3,80,ADEQUATE,BASELINE_NORMAL
RZ-HIST-00326,38,Tiruvannamalai,2025-03-10 06:05:42,WATCH,1.1,70,ADEQUATE,ACCELERATING_30D
RZ-HIST-00327,30,Ramanathapuram,2025-04-17 19:16:54,WATCH,1.5,71,MODERATE,DECELERATING
RZ-HIST-00328,14,Kanniyakumari,2026-07-16 08:40:07,WATCH,1.1,70,MODERATE,DATA_COVERAGE_GAP
RZ-HIST-00329,12,Thanjavur,2026-07-30 02:48:05,LOW,0.7,64,MODERATE,ACCELERATING_30D
RZ-HIST-00330,9,Vellore,2025-07-20 08:43:00,INCREASING,2.2,76,ADEQUATE,DECELERATING
RZ-HIST-00331,35,Mayiladuthurai,2025-05-18 20:51:10,LOW,0.6,58,LIMITED,BASELINE_NORMAL
RZ-HIST-00332,5,Tiruchirappalli,2025-12-29 15:34:22,WATCH,1.1,74,ADEQUATE,ACCELERATING_30D
RZ-HIST-00333,24,Nilgiris,2025-11-19 23:29:44,WATCH,1.8,74,MODERATE,BASELINE_NORMAL
RZ-HIST-00334,29,Sivaganga,2024-12-21 08:32:22,LOW,0.6,59,LIMITED,DECELERATING
RZ-HIST-00335,13,Thoothukudi,2026-08-05 08:53:39,INCREASING,2.5,86,ADEQUATE,DATA_COVERAGE_GAP
RZ-HIST-00336,35,Mayiladuthurai,2025-07-22 04:00:34,LOW,0.6,58,LIMITED,DATA_COVERAGE_GAP
RZ-HIST-00337,29,Sivaganga,2025-09-23 13:07:58,LOW,0.6,59,LIMITED,DATA_COVERAGE_GAP
RZ-HIST-00338,23,Namakkal,2025-06-29 02:55:31,WATCH,0.9,68,MODERATE,DATA_COVERAGE_GAP
RZ-HIST-00339,9,Vellore,2026-03-25 17:21:25,INCREASING,2.2,76,ADEQUATE,BASELINE_NORMAL
RZ-HIST-00340,27,Perambalur,2024-12-19 02:39:17,INSUFFICIENT_DATA,0.4,44,LIMITED,DECELERATING
RZ-HIST-00341,20,Viluppuram,2026-02-08 04:12:19,WATCH,1,65,MODERATE,DECELERATING
RZ-HIST-00342,26,Ariyalur,2025-04-27 09:53:21,INSUFFICIENT_DATA,0.3,42,LIMITED,DECELERATING
RZ-HIST-00343,20,Viluppuram,2026-03-24 08:27:49,WATCH,1,65,MODERATE,BASELINE_NORMAL
RZ-HIST-00344,10,Krishnagiri,2024-10-28 00:20:35,HIGH PREVENTIVE ATTENTION,4.8,85,ADEQUATE,ACCELERATING_30D
RZ-HIST-00345,11,Dindigul,2024-10-26 02:15:28,WATCH,0.9,68,MODERATE,DATA_COVERAGE_GAP
RZ-HIST-00346,27,Perambalur,2026-08-11 16:50:00,INSUFFICIENT_DATA,0.4,44,LIMITED,DECELERATING
RZ-HIST-00347,28,Pudukkottai,2025-12-31 03:32:08,LOW,0.8,61,MODERATE,BASELINE_NORMAL
RZ-HIST-00348,27,Perambalur,2025-05-03 08:14:54,INSUFFICIENT_DATA,0.4,44,LIMITED,DATA_COVERAGE_GAP
RZ-HIST-00349,14,Kanniyakumari,2025-04-08 13:46:14,WATCH,1.1,70,MODERATE,BASELINE_NORMAL
RZ-HIST-00350,35,Mayiladuthurai,2026-07-07 19:42:09,LOW,0.6,58,LIMITED,BASELINE_NORMAL
RZ-HIST-00351,38,Tiruvannamalai,2025-09-17 18:55:58,WATCH,1.1,70,ADEQUATE,BASELINE_NORMAL
RZ-HIST-00352,26,Ariyalur,2025-03-28 06:44:28,INSUFFICIENT_DATA,0.3,42,LIMITED,ACCELERATING_30D
RZ-HIST-00353,24,Nilgiris,2026-05-02 15:10:53,WATCH,1.8,74,MODERATE,ACCELERATING_30D
RZ-HIST-00354,30,Ramanathapuram,2025-06-24 10:26:22,WATCH,1.5,71,MODERATE,DATA_COVERAGE_GAP
RZ-HIST-00355,26,Ariyalur,2026-03-26 20:38:27,INSUFFICIENT_DATA,0.3,42,LIMITED,ACCELERATING_30D
RZ-HIST-00356,19,Cuddalore,2025-04-26 15:59:11,LOW,0.8,62,MODERATE,BASELINE_NORMAL
RZ-HIST-00357,33,Thiruvarur,2025-08-29 15:19:26,LOW,0.5,56,LIMITED,ACCELERATING_30D
RZ-HIST-00358,32,Theni,2025-02-25 10:10:54,INCREASING,1.9,73,MODERATE,ACCELERATING_30D
RZ-HIST-00359,38,Tiruvannamalai,2026-06-12 10:45:38,WATCH,1.1,70,ADEQUATE,DECELERATING
RZ-HIST-00360,2,Coimbatore,2025-08-09 23:59:38,HIGH PREVENTIVE ATTENTION,6,88,ADEQUATE,DECELERATING
RZ-HIST-00361,25,Karur,2024-12-11 12:27:36,LOW,0.7,60,MODERATE,BASELINE_NORMAL
RZ-HIST-00362,12,Thanjavur,2025-10-20 03:52:13,LOW,0.7,64,MODERATE,DATA_COVERAGE_GAP
RZ-HIST-00363,36,Ranipet,2025-02-11 17:02:49,WATCH,1.6,72,ADEQUATE,ACCELERATING_30D
RZ-HIST-00364,18,Tiruvallur,2025-02-24 02:01:07,INCREASING,2.3,80,ADEQUATE,DECELERATING
RZ-HIST-00365,14,Kanniyakumari,2026-04-08 23:43:56,WATCH,1.1,70,MODERATE,DECELERATING
RZ-HIST-00366,31,Virudhunagar,2026-05-15 21:28:36,WATCH,1,69,MODERATE,ACCELERATING_30D
RZ-HIST-00367,11,Dindigul,2025-11-22 00:50:25,WATCH,0.9,68,MODERATE,DECELERATING
RZ-HIST-00368,11,Dindigul,2026-06-22 09:19:00,WATCH,0.9,68,MODERATE,BASELINE_NORMAL
RZ-HIST-00369,35,Mayiladuthurai,2025-07-22 09:56:21,LOW,0.6,58,LIMITED,DECELERATING
RZ-HIST-00370,31,Virudhunagar,2025-04-04 02:49:28,WATCH,1,69,MODERATE,BASELINE_NORMAL
RZ-HIST-00371,12,Thanjavur,2025-05-09 07:55:43,LOW,0.7,64,MODERATE,BASELINE_NORMAL
RZ-HIST-00372,38,Tiruvannamalai,2026-01-14 02:43:45,WATCH,1.1,70,ADEQUATE,DECELERATING
RZ-HIST-00373,25,Karur,2025-12-27 17:22:32,LOW,0.7,60,MODERATE,ACCELERATING_30D
RZ-HIST-00374,14,Kanniyakumari,2025-03-03 08:18:52,WATCH,1.1,70,MODERATE,DECELERATING
RZ-HIST-00375,4,Salem,2026-04-10 15:20:13,INCREASING,2.4,82,ADEQUATE,BASELINE_NORMAL
RZ-HIST-00376,28,Pudukkottai,2026-01-03 06:38:24,LOW,0.8,61,MODERATE,ACCELERATING_30D
RZ-HIST-00377,2,Coimbatore,2026-01-06 13:57:53,HIGH PREVENTIVE ATTENTION,6,88,ADEQUATE,ACCELERATING_30D
RZ-HIST-00378,29,Sivaganga,2025-05-31 21:31:42,LOW,0.6,59,LIMITED,BASELINE_NORMAL
RZ-HIST-00379,6,Tirunelveli,2026-07-10 10:09:13,WATCH,1,72,MODERATE,DECELERATING
RZ-HIST-00380,17,Chengalpattu,2024-12-20 16:12:57,INCREASING,2.1,78,ADEQUATE,BASELINE_NORMAL
RZ-HIST-00381,9,Vellore,2026-03-16 05:55:21,INCREASING,2.2,76,ADEQUATE,DATA_COVERAGE_GAP
RZ-HIST-00382,10,Krishnagiri,2025-05-23 00:53:27,HIGH PREVENTIVE ATTENTION,4.8,85,ADEQUATE,DECELERATING
RZ-HIST-00383,30,Ramanathapuram,2025-11-07 14:54:39,WATCH,1.5,71,MODERATE,DECELERATING
RZ-HIST-00384,3,Madurai,2026-01-28 00:46:01,INCREASING,2.1,78,ADEQUATE,DECELERATING
RZ-HIST-00385,28,Pudukkottai,2025-07-10 12:01:51,LOW,0.8,61,MODERATE,DECELERATING
RZ-HIST-00386,27,Perambalur,2024-09-29 07:30:32,INSUFFICIENT_DATA,0.4,44,LIMITED,BASELINE_NORMAL
RZ-HIST-00387,8,Erode,2025-11-18 13:17:02,WATCH,1.2,75,ADEQUATE,DECELERATING
RZ-HIST-00388,35,Mayiladuthurai,2025-03-27 10:30:06,LOW,0.6,58,LIMITED,DATA_COVERAGE_GAP
RZ-HIST-00389,11,Dindigul,2026-02-24 00:37:18,WATCH,0.9,68,MODERATE,DATA_COVERAGE_GAP
RZ-HIST-00390,27,Perambalur,2026-07-08 22:46:57,INSUFFICIENT_DATA,0.4,44,LIMITED,DATA_COVERAGE_GAP
RZ-HIST-00391,19,Cuddalore,2024-10-22 10:59:28,LOW,0.8,62,MODERATE,DECELERATING
RZ-HIST-00392,26,Ariyalur,2024-10-20 02:33:00,INSUFFICIENT_DATA,0.3,42,LIMITED,ACCELERATING_30D
RZ-HIST-00393,1,Chennai,2026-02-02 19:34:14,HIGH PREVENTIVE ATTENTION,3.5,84,ADEQUATE,ACCELERATING_30D
RZ-HIST-00394,6,Tirunelveli,2025-04-26 05:30:31,WATCH,1,72,MODERATE,ACCELERATING_30D
RZ-HIST-00395,25,Karur,2025-05-02 18:28:24,LOW,0.7,60,MODERATE,BASELINE_NORMAL
RZ-HIST-00396,31,Virudhunagar,2025-02-15 19:59:52,WATCH,1,69,MODERATE,ACCELERATING_30D
RZ-HIST-00397,29,Sivaganga,2025-09-09 16:10:45,LOW,0.6,59,LIMITED,DATA_COVERAGE_GAP
RZ-HIST-00398,18,Tiruvallur,2025-04-22 10:38:57,INCREASING,2.3,80,ADEQUATE,DATA_COVERAGE_GAP
RZ-HIST-00399,6,Tirunelveli,2026-03-31 00:36:20,WATCH,1,72,MODERATE,DATA_COVERAGE_GAP
RZ-HIST-00400,25,Karur,2024-10-02 23:43:15,LOW,0.7,60,MODERATE,BASELINE_NORMAL
RZ-HIST-00401,23,Namakkal,2025-10-02 04:28:44,WATCH,0.9,68,MODERATE,DATA_COVERAGE_GAP
RZ-HIST-00402,14,Kanniyakumari,2025-12-21 01:04:58,WATCH,1.1,70,MODERATE,DECELERATING
RZ-HIST-00403,24,Nilgiris,2025-04-04 12:43:16,WATCH,1.8,74,MODERATE,DECELERATING
RZ-HIST-00404,17,Chengalpattu,2025-04-11 06:26:16,INCREASING,2.1,78,ADEQUATE,DATA_COVERAGE_GAP
RZ-HIST-00405,24,Nilgiris,2026-07-19 05:15:31,WATCH,1.8,74,MODERATE,DECELERATING
RZ-HIST-00406,5,Tiruchirappalli,2025-01-01 21:41:32,WATCH,1.1,74,ADEQUATE,DECELERATING
RZ-HIST-00407,23,Namakkal,2025-04-25 14:34:29,WATCH,0.9,68,MODERATE,ACCELERATING_30D
RZ-HIST-00408,28,Pudukkottai,2024-10-02 09:53:32,LOW,0.8,61,MODERATE,DATA_COVERAGE_GAP
RZ-HIST-00409,37,Tirupathur,2026-07-03 20:52:35,WATCH,1.2,67,MODERATE,BASELINE_NORMAL
RZ-HIST-00410,17,Chengalpattu,2025-10-07 10:15:02,INCREASING,2.1,78,ADEQUATE,ACCELERATING_30D
RZ-HIST-00411,10,Krishnagiri,2026-06-06 13:28:17,HIGH PREVENTIVE ATTENTION,4.8,85,ADEQUATE,ACCELERATING_30D
RZ-HIST-00412,7,Tiruppur,2025-06-22 01:32:56,INCREASING,2.8,80,ADEQUATE,ACCELERATING_30D
RZ-HIST-00413,12,Thanjavur,2026-07-17 16:08:56,LOW,0.7,64,MODERATE,ACCELERATING_30D
RZ-HIST-00414,25,Karur,2025-11-13 22:32:06,LOW,0.7,60,MODERATE,ACCELERATING_30D
RZ-HIST-00415,33,Thiruvarur,2026-01-13 19:08:38,LOW,0.5,56,LIMITED,ACCELERATING_30D
RZ-HIST-00416,20,Viluppuram,2026-06-23 19:27:35,WATCH,1,65,MODERATE,ACCELERATING_30D
RZ-HIST-00417,14,Kanniyakumari,2026-01-07 04:28:06,WATCH,1.1,70,MODERATE,ACCELERATING_30D
RZ-HIST-00418,25,Karur,2025-02-13 07:59:53,LOW,0.7,60,MODERATE,ACCELERATING_30D
RZ-HIST-00419,36,Ranipet,2025-06-08 20:13:50,WATCH,1.6,72,ADEQUATE,BASELINE_NORMAL
RZ-HIST-00420,20,Viluppuram,2025-08-18 11:12:39,WATCH,1,65,MODERATE,BASELINE_NORMAL
RZ-HIST-00421,33,Thiruvarur,2026-07-31 17:35:11,LOW,0.5,56,LIMITED,DECELERATING
RZ-HIST-00422,12,Thanjavur,2025-05-21 22:52:05,LOW,0.7,64,MODERATE,BASELINE_NORMAL
RZ-HIST-00423,38,Tiruvannamalai,2025-03-08 12:11:32,WATCH,1.1,70,ADEQUATE,DECELERATING
RZ-HIST-00424,31,Virudhunagar,2025-03-07 06:21:26,WATCH,1,69,MODERATE,DATA_COVERAGE_GAP
RZ-HIST-00425,20,Viluppuram,2024-11-17 16:10:47,WATCH,1,65,MODERATE,DATA_COVERAGE_GAP
RZ-HIST-00426,34,Nagapattinam,2025-08-09 02:43:47,WATCH,1.2,68,MODERATE,DECELERATING
RZ-HIST-00427,6,Tirunelveli,2025-06-03 23:06:30,WATCH,1,72,MODERATE,DECELERATING
RZ-HIST-00428,10,Krishnagiri,2026-03-01 07:30:41,HIGH PREVENTIVE ATTENTION,4.8,85,ADEQUATE,BASELINE_NORMAL
RZ-HIST-00429,37,Tirupathur,2026-01-06 10:59:54,WATCH,1.2,67,MODERATE,BASELINE_NORMAL
RZ-HIST-00430,15,Tenkasi,2025-11-24 04:15:44,WATCH,2.3,68,LIMITED,ACCELERATING_30D
RZ-HIST-00431,1,Chennai,2025-11-15 02:20:25,HIGH PREVENTIVE ATTENTION,3.5,84,ADEQUATE,DECELERATING
RZ-HIST-00432,12,Thanjavur,2026-01-06 08:45:52,LOW,0.7,64,MODERATE,DATA_COVERAGE_GAP
RZ-HIST-00433,1,Chennai,2025-07-28 14:12:38,HIGH PREVENTIVE ATTENTION,3.5,84,ADEQUATE,DATA_COVERAGE_GAP
RZ-HIST-00434,11,Dindigul,2024-12-18 04:51:48,WATCH,0.9,68,MODERATE,BASELINE_NORMAL
RZ-HIST-00435,22,Dharmapuri,2025-08-29 17:30:27,WATCH,1.4,66,MODERATE,ACCELERATING_30D
RZ-HIST-00436,15,Tenkasi,2026-05-26 14:07:17,WATCH,2.3,68,LIMITED,ACCELERATING_30D
RZ-HIST-00437,36,Ranipet,2025-05-13 11:38:07,WATCH,1.6,72,ADEQUATE,ACCELERATING_30D
RZ-HIST-00438,9,Vellore,2026-03-01 12:32:35,INCREASING,2.2,76,ADEQUATE,DECELERATING
RZ-HIST-00439,10,Krishnagiri,2025-01-23 16:36:15,HIGH PREVENTIVE ATTENTION,4.8,85,ADEQUATE,BASELINE_NORMAL
RZ-HIST-00440,17,Chengalpattu,2025-12-24 05:31:03,INCREASING,2.1,78,ADEQUATE,ACCELERATING_30D
RZ-HIST-00441,26,Ariyalur,2025-05-30 06:05:51,INSUFFICIENT_DATA,0.3,42,LIMITED,DECELERATING
RZ-HIST-00442,18,Tiruvallur,2025-01-09 02:09:04,INCREASING,2.3,80,ADEQUATE,BASELINE_NORMAL
RZ-HIST-00443,32,Theni,2026-04-21 14:56:12,INCREASING,1.9,73,MODERATE,DATA_COVERAGE_GAP
RZ-HIST-00444,22,Dharmapuri,2026-02-01 03:33:06,WATCH,1.4,66,MODERATE,DATA_COVERAGE_GAP
RZ-HIST-00445,2,Coimbatore,2025-09-22 10:23:50,HIGH PREVENTIVE ATTENTION,6,88,ADEQUATE,DECELERATING
RZ-HIST-00446,5,Tiruchirappalli,2025-05-25 15:19:31,WATCH,1.1,74,ADEQUATE,DECELERATING
RZ-HIST-00447,16,Kancheepuram,2026-07-23 16:40:43,WATCH,1,72,ADEQUATE,BASELINE_NORMAL
RZ-HIST-00448,30,Ramanathapuram,2025-09-27 17:30:41,WATCH,1.5,71,MODERATE,BASELINE_NORMAL
RZ-HIST-00449,37,Tirupathur,2025-04-24 01:39:35,WATCH,1.2,67,MODERATE,DECELERATING
RZ-HIST-00450,30,Ramanathapuram,2026-01-14 15:38:41,WATCH,1.5,71,MODERATE,ACCELERATING_30D
RZ-HIST-00451,25,Karur,2025-09-20 11:33:05,LOW,0.7,60,MODERATE,DATA_COVERAGE_GAP
RZ-HIST-00452,34,Nagapattinam,2024-12-29 13:03:22,WATCH,1.2,68,MODERATE,DATA_COVERAGE_GAP
RZ-HIST-00453,38,Tiruvannamalai,2026-02-25 13:00:49,WATCH,1.1,70,ADEQUATE,BASELINE_NORMAL
RZ-HIST-00454,28,Pudukkottai,2024-11-04 13:54:35,LOW,0.8,61,MODERATE,BASELINE_NORMAL
RZ-HIST-00455,6,Tirunelveli,2025-03-12 10:22:31,WATCH,1,72,MODERATE,DATA_COVERAGE_GAP
RZ-HIST-00456,30,Ramanathapuram,2025-07-31 18:33:12,WATCH,1.5,71,MODERATE,BASELINE_NORMAL
RZ-HIST-00457,5,Tiruchirappalli,2026-01-12 08:02:33,WATCH,1.1,74,ADEQUATE,BASELINE_NORMAL
RZ-HIST-00458,2,Coimbatore,2025-07-16 06:20:56,HIGH PREVENTIVE ATTENTION,6,88,ADEQUATE,DATA_COVERAGE_GAP
RZ-HIST-00459,33,Thiruvarur,2025-04-30 16:56:09,LOW,0.5,56,LIMITED,BASELINE_NORMAL
RZ-HIST-00460,19,Cuddalore,2025-09-29 04:55:15,LOW,0.8,62,MODERATE,DATA_COVERAGE_GAP
RZ-HIST-00461,30,Ramanathapuram,2025-03-13 00:59:36,WATCH,1.5,71,MODERATE,ACCELERATING_30D
RZ-HIST-00462,31,Virudhunagar,2024-09-29 19:10:09,WATCH,1,69,MODERATE,DECELERATING
RZ-HIST-00463,22,Dharmapuri,2025-08-05 04:30:24,WATCH,1.4,66,MODERATE,DECELERATING
RZ-HIST-00464,19,Cuddalore,2025-11-14 06:14:15,LOW,0.8,62,MODERATE,ACCELERATING_30D
RZ-HIST-00465,35,Mayiladuthurai,2026-08-12 23:46:21,LOW,0.6,58,LIMITED,ACCELERATING_30D
RZ-HIST-00466,28,Pudukkottai,2025-11-14 07:59:20,LOW,0.8,61,MODERATE,DECELERATING
RZ-HIST-00467,14,Kanniyakumari,2025-05-11 14:06:38,WATCH,1.1,70,MODERATE,DATA_COVERAGE_GAP
RZ-HIST-00468,30,Ramanathapuram,2025-06-12 12:49:46,WATCH,1.5,71,MODERATE,BASELINE_NORMAL
RZ-HIST-00469,26,Ariyalur,2026-02-23 06:21:03,INSUFFICIENT_DATA,0.3,42,LIMITED,ACCELERATING_30D
RZ-HIST-00470,24,Nilgiris,2025-10-21 23:07:39,WATCH,1.8,74,MODERATE,ACCELERATING_30D
RZ-HIST-00471,38,Tiruvannamalai,2024-12-29 16:31:46,WATCH,1.1,70,ADEQUATE,DECELERATING
RZ-HIST-00472,33,Thiruvarur,2025-06-29 20:23:30,LOW,0.5,56,LIMITED,DECELERATING
RZ-HIST-00473,18,Tiruvallur,2025-01-21 05:19:54,INCREASING,2.3,80,ADEQUATE,DECELERATING
RZ-HIST-00474,25,Karur,2025-12-05 07:24:47,LOW,0.7,60,MODERATE,DECELERATING
RZ-HIST-00475,33,Thiruvarur,2024-10-27 09:13:22,LOW,0.5,56,LIMITED,ACCELERATING_30D
RZ-HIST-00476,26,Ariyalur,2025-02-09 15:30:34,INSUFFICIENT_DATA,0.3,42,LIMITED,ACCELERATING_30D
RZ-HIST-00477,5,Tiruchirappalli,2024-09-26 16:35:17,WATCH,1.1,74,ADEQUATE,DECELERATING
RZ-HIST-00478,32,Theni,2026-06-13 20:26:52,INCREASING,1.9,73,MODERATE,DECELERATING
RZ-HIST-00479,18,Tiruvallur,2025-08-01 04:10:24,INCREASING,2.3,80,ADEQUATE,DATA_COVERAGE_GAP
RZ-HIST-00480,12,Thanjavur,2025-10-20 06:05:44,LOW,0.7,64,MODERATE,DATA_COVERAGE_GAP
RZ-HIST-00481,23,Namakkal,2025-02-28 20:08:19,WATCH,0.9,68,MODERATE,DATA_COVERAGE_GAP
RZ-HIST-00482,22,Dharmapuri,2025-05-14 20:34:35,WATCH,1.4,66,MODERATE,DECELERATING
RZ-HIST-00483,16,Kancheepuram,2026-05-30 01:23:50,WATCH,1,72,ADEQUATE,ACCELERATING_30D
RZ-HIST-00484,32,Theni,2026-07-02 07:48:09,INCREASING,1.9,73,MODERATE,ACCELERATING_30D
RZ-HIST-00485,7,Tiruppur,2026-08-16 17:05:06,INCREASING,2.8,80,ADEQUATE,BASELINE_NORMAL
RZ-HIST-00486,31,Virudhunagar,2025-07-11 02:11:41,WATCH,1,69,MODERATE,DECELERATING
RZ-HIST-00487,32,Theni,2025-06-18 10:10:56,INCREASING,1.9,73,MODERATE,DATA_COVERAGE_GAP
RZ-HIST-00488,37,Tirupathur,2026-06-03 22:34:04,WATCH,1.2,67,MODERATE,DATA_COVERAGE_GAP
RZ-HIST-00489,29,Sivaganga,2026-08-12 22:13:54,LOW,0.6,59,LIMITED,DECELERATING
RZ-HIST-00490,19,Cuddalore,2026-02-11 20:22:11,LOW,0.8,62,MODERATE,ACCELERATING_30D
RZ-HIST-00491,11,Dindigul,2025-12-02 17:08:27,WATCH,0.9,68,MODERATE,DATA_COVERAGE_GAP
RZ-HIST-00492,36,Ranipet,2025-06-15 20:08:19,WATCH,1.6,72,ADEQUATE,BASELINE_NORMAL
RZ-HIST-00493,1,Chennai,2024-12-19 03:06:29,HIGH PREVENTIVE ATTENTION,3.5,84,ADEQUATE,BASELINE_NORMAL
RZ-HIST-00494,31,Virudhunagar,2024-11-14 00:57:27,WATCH,1,69,MODERATE,ACCELERATING_30D
RZ-HIST-00495,30,Ramanathapuram,2024-12-15 13:05:01,WATCH,1.5,71,MODERATE,DATA_COVERAGE_GAP
RZ-HIST-00496,38,Tiruvannamalai,2024-12-17 09:01:45,WATCH,1.1,70,ADEQUATE,BASELINE_NORMAL
RZ-HIST-00497,20,Viluppuram,2026-07-08 08:14:32,WATCH,1,65,MODERATE,BASELINE_NORMAL
RZ-HIST-00498,17,Chengalpattu,2025-09-25 06:49:12,INCREASING,2.1,78,ADEQUATE,DATA_COVERAGE_GAP
RZ-HIST-00499,13,Thoothukudi,2026-03-19 00:09:27,INCREASING,2.5,86,ADEQUATE,BASELINE_NORMAL
RZ-HIST-00500,27,Perambalur,2026-03-16 06:33:05,INSUFFICIENT_DATA,0.4,44,LIMITED,BASELINE_NORMAL
RZ-HIST-00501,33,Thiruvarur,2025-01-04 04:13:12,LOW,0.5,56,LIMITED,DATA_COVERAGE_GAP
RZ-HIST-00502,17,Chengalpattu,2024-10-28 23:40:04,INCREASING,2.1,78,ADEQUATE,ACCELERATING_30D
RZ-HIST-00503,34,Nagapattinam,2024-12-06 14:04:17,WATCH,1.2,68,MODERATE,DATA_COVERAGE_GAP
RZ-HIST-00504,17,Chengalpattu,2025-08-30 18:15:23,INCREASING,2.1,78,ADEQUATE,DECELERATING
RZ-HIST-00505,14,Kanniyakumari,2025-10-20 03:32:06,WATCH,1.1,70,MODERATE,BASELINE_NORMAL
RZ-HIST-00506,20,Viluppuram,2025-05-19 05:06:24,WATCH,1,65,MODERATE,DATA_COVERAGE_GAP
RZ-HIST-00507,10,Krishnagiri,2025-08-02 14:11:58,HIGH PREVENTIVE ATTENTION,4.8,85,ADEQUATE,ACCELERATING_30D
RZ-HIST-00508,21,Kallakurichi,2025-11-06 21:38:39,LOW,0.6,58,LIMITED,ACCELERATING_30D
RZ-HIST-00509,5,Tiruchirappalli,2025-02-21 12:18:36,WATCH,1.1,74,ADEQUATE,DECELERATING
RZ-HIST-00510,11,Dindigul,2025-11-30 08:57:52,WATCH,0.9,68,MODERATE,ACCELERATING_30D
RZ-HIST-00511,29,Sivaganga,2026-01-11 21:12:00,LOW,0.6,59,LIMITED,ACCELERATING_30D
RZ-HIST-00512,1,Chennai,2024-12-23 06:53:35,HIGH PREVENTIVE ATTENTION,3.5,84,ADEQUATE,DECELERATING
RZ-HIST-00513,31,Virudhunagar,2024-11-19 09:27:08,WATCH,1,69,MODERATE,BASELINE_NORMAL
RZ-HIST-00514,22,Dharmapuri,2025-07-30 15:42:23,WATCH,1.4,66,MODERATE,ACCELERATING_30D
RZ-HIST-00515,1,Chennai,2024-09-23 05:11:57,HIGH PREVENTIVE ATTENTION,3.5,84,ADEQUATE,ACCELERATING_30D
RZ-HIST-00516,13,Thoothukudi,2026-02-14 22:02:58,INCREASING,2.5,86,ADEQUATE,DECELERATING
RZ-HIST-00517,22,Dharmapuri,2026-01-01 20:06:09,WATCH,1.4,66,MODERATE,DECELERATING
RZ-HIST-00518,13,Thoothukudi,2025-09-04 20:52:07,INCREASING,2.5,86,ADEQUATE,BASELINE_NORMAL
RZ-HIST-00519,28,Pudukkottai,2025-05-03 04:20:34,LOW,0.8,61,MODERATE,ACCELERATING_30D
RZ-HIST-00520,6,Tirunelveli,2026-01-23 14:56:45,WATCH,1,72,MODERATE,DATA_COVERAGE_GAP
RZ-HIST-00521,14,Kanniyakumari,2025-06-11 18:10:12,WATCH,1.1,70,MODERATE,BASELINE_NORMAL
RZ-HIST-00522,30,Ramanathapuram,2025-09-29 20:02:49,WATCH,1.5,71,MODERATE,DECELERATING
RZ-HIST-00523,29,Sivaganga,2025-07-30 06:47:19,LOW,0.6,59,LIMITED,DECELERATING
RZ-HIST-00524,36,Ranipet,2026-03-19 12:09:28,WATCH,1.6,72,ADEQUATE,ACCELERATING_30D
RZ-HIST-00525,21,Kallakurichi,2025-10-06 23:52:27,LOW,0.6,58,LIMITED,DATA_COVERAGE_GAP
RZ-HIST-00526,26,Ariyalur,2024-11-18 15:08:13,INSUFFICIENT_DATA,0.3,42,LIMITED,ACCELERATING_30D
RZ-HIST-00527,28,Pudukkottai,2025-03-23 05:41:20,LOW,0.8,61,MODERATE,ACCELERATING_30D
RZ-HIST-00528,14,Kanniyakumari,2025-04-26 16:20:00,WATCH,1.1,70,MODERATE,BASELINE_NORMAL
RZ-HIST-00529,2,Coimbatore,2024-10-08 13:27:22,HIGH PREVENTIVE ATTENTION,6,88,ADEQUATE,ACCELERATING_30D
RZ-HIST-00530,24,Nilgiris,2025-10-02 12:24:27,WATCH,1.8,74,MODERATE,DATA_COVERAGE_GAP
RZ-HIST-00531,7,Tiruppur,2026-08-15 01:53:23,INCREASING,2.8,80,ADEQUATE,ACCELERATING_30D
RZ-HIST-00532,25,Karur,2024-10-19 03:49:19,LOW,0.7,60,MODERATE,ACCELERATING_30D
RZ-HIST-00533,4,Salem,2025-08-03 09:38:48,INCREASING,2.4,82,ADEQUATE,BASELINE_NORMAL
RZ-HIST-00534,30,Ramanathapuram,2025-02-08 17:29:42,WATCH,1.5,71,MODERATE,DECELERATING
RZ-HIST-00535,2,Coimbatore,2026-07-06 17:18:38,HIGH PREVENTIVE ATTENTION,6,88,ADEQUATE,DATA_COVERAGE_GAP
RZ-HIST-00536,35,Mayiladuthurai,2024-11-19 09:43:08,LOW,0.6,58,LIMITED,DATA_COVERAGE_GAP
RZ-HIST-00537,38,Tiruvannamalai,2025-04-20 00:56:32,WATCH,1.1,70,ADEQUATE,DECELERATING
RZ-HIST-00538,28,Pudukkottai,2025-04-02 10:08:26,LOW,0.8,61,MODERATE,ACCELERATING_30D
RZ-HIST-00539,24,Nilgiris,2025-05-08 20:49:26,WATCH,1.8,74,MODERATE,BASELINE_NORMAL
RZ-HIST-00540,11,Dindigul,2025-10-19 09:49:51,WATCH,0.9,68,MODERATE,BASELINE_NORMAL
RZ-HIST-00541,21,Kallakurichi,2024-11-30 13:54:07,LOW,0.6,58,LIMITED,ACCELERATING_30D
RZ-HIST-00542,18,Tiruvallur,2024-12-18 20:24:32,INCREASING,2.3,80,ADEQUATE,BASELINE_NORMAL
RZ-HIST-00543,1,Chennai,2025-09-09 00:39:35,HIGH PREVENTIVE ATTENTION,3.5,84,ADEQUATE,ACCELERATING_30D
RZ-HIST-00544,22,Dharmapuri,2024-12-24 01:30:48,WATCH,1.4,66,MODERATE,BASELINE_NORMAL
RZ-HIST-00545,35,Mayiladuthurai,2026-03-27 04:50:16,LOW,0.6,58,LIMITED,DECELERATING
RZ-HIST-00546,15,Tenkasi,2026-05-06 17:40:50,WATCH,2.3,68,LIMITED,ACCELERATING_30D
RZ-HIST-00547,14,Kanniyakumari,2026-06-02 06:04:44,WATCH,1.1,70,MODERATE,BASELINE_NORMAL
RZ-HIST-00548,35,Mayiladuthurai,2026-04-03 17:20:15,LOW,0.6,58,LIMITED,BASELINE_NORMAL
RZ-HIST-00549,20,Viluppuram,2026-03-08 08:03:00,WATCH,1,65,MODERATE,BASELINE_NORMAL
RZ-HIST-00550,15,Tenkasi,2026-07-07 14:47:30,WATCH,2.3,68,LIMITED,BASELINE_NORMAL
RZ-HIST-00551,7,Tiruppur,2026-02-11 10:17:25,INCREASING,2.8,80,ADEQUATE,DATA_COVERAGE_GAP
RZ-HIST-00552,22,Dharmapuri,2024-09-23 17:24:38,WATCH,1.4,66,MODERATE,DECELERATING
RZ-HIST-00553,19,Cuddalore,2025-01-03 02:41:44,LOW,0.8,62,MODERATE,BASELINE_NORMAL
RZ-HIST-00554,7,Tiruppur,2026-06-25 21:20:43,INCREASING,2.8,80,ADEQUATE,BASELINE_NORMAL
RZ-HIST-00555,31,Virudhunagar,2026-03-16 23:21:20,WATCH,1,69,MODERATE,BASELINE_NORMAL
RZ-HIST-00556,3,Madurai,2024-11-07 07:37:07,INCREASING,2.1,78,ADEQUATE,BASELINE_NORMAL
RZ-HIST-00557,7,Tiruppur,2025-08-16 18:06:22,INCREASING,2.8,80,ADEQUATE,DATA_COVERAGE_GAP
RZ-HIST-00558,26,Ariyalur,2026-05-02 02:44:47,INSUFFICIENT_DATA,0.3,42,LIMITED,DATA_COVERAGE_GAP
RZ-HIST-00559,1,Chennai,2024-11-19 07:15:42,HIGH PREVENTIVE ATTENTION,3.5,84,ADEQUATE,BASELINE_NORMAL
RZ-HIST-00560,5,Tiruchirappalli,2026-02-28 00:09:57,WATCH,1.1,74,ADEQUATE,ACCELERATING_30D
RZ-HIST-00561,24,Nilgiris,2026-08-04 17:37:41,WATCH,1.8,74,MODERATE,DECELERATING
RZ-HIST-00562,11,Dindigul,2025-11-05 23:45:53,WATCH,0.9,68,MODERATE,DATA_COVERAGE_GAP
RZ-HIST-00563,23,Namakkal,2026-05-02 21:53:38,WATCH,0.9,68,MODERATE,ACCELERATING_30D
RZ-HIST-00564,34,Nagapattinam,2026-07-08 10:15:55,WATCH,1.2,68,MODERATE,DECELERATING
RZ-HIST-00565,17,Chengalpattu,2025-10-23 21:06:24,INCREASING,2.1,78,ADEQUATE,DECELERATING
RZ-HIST-00566,17,Chengalpattu,2025-02-20 02:27:26,INCREASING,2.1,78,ADEQUATE,DATA_COVERAGE_GAP
RZ-HIST-00567,38,Tiruvannamalai,2024-11-16 18:26:06,WATCH,1.1,70,ADEQUATE,BASELINE_NORMAL
RZ-HIST-00568,29,Sivaganga,2024-12-13 08:42:30,LOW,0.6,59,LIMITED,BASELINE_NORMAL
RZ-HIST-00569,11,Dindigul,2025-08-30 14:43:04,WATCH,0.9,68,MODERATE,BASELINE_NORMAL
RZ-HIST-00570,1,Chennai,2026-07-19 11:13:53,HIGH PREVENTIVE ATTENTION,3.5,84,ADEQUATE,DECELERATING
RZ-HIST-00571,28,Pudukkottai,2025-02-15 18:12:46,LOW,0.8,61,MODERATE,ACCELERATING_30D
RZ-HIST-00572,16,Kancheepuram,2024-10-25 00:41:30,WATCH,1,72,ADEQUATE,DECELERATING
RZ-HIST-00573,38,Tiruvannamalai,2024-12-06 05:06:00,WATCH,1.1,70,ADEQUATE,DECELERATING
RZ-HIST-00574,2,Coimbatore,2026-07-11 22:10:06,HIGH PREVENTIVE ATTENTION,6,88,ADEQUATE,BASELINE_NORMAL
RZ-HIST-00575,33,Thiruvarur,2025-01-11 01:04:49,LOW,0.5,56,LIMITED,BASELINE_NORMAL
RZ-HIST-00576,16,Kancheepuram,2026-01-01 15:25:18,WATCH,1,72,ADEQUATE,BASELINE_NORMAL
RZ-HIST-00577,17,Chengalpattu,2025-07-19 16:44:46,INCREASING,2.1,78,ADEQUATE,DECELERATING
RZ-HIST-00578,19,Cuddalore,2025-02-23 22:15:13,LOW,0.8,62,MODERATE,BASELINE_NORMAL
RZ-HIST-00579,18,Tiruvallur,2025-09-08 20:53:43,INCREASING,2.3,80,ADEQUATE,DECELERATING
RZ-HIST-00580,28,Pudukkottai,2026-06-28 03:19:53,LOW,0.8,61,MODERATE,DATA_COVERAGE_GAP
RZ-HIST-00581,2,Coimbatore,2026-01-01 05:00:08,HIGH PREVENTIVE ATTENTION,6,88,ADEQUATE,DECELERATING
RZ-HIST-00582,6,Tirunelveli,2025-04-19 23:37:07,WATCH,1,72,MODERATE,ACCELERATING_30D
RZ-HIST-00583,31,Virudhunagar,2025-04-09 22:11:17,WATCH,1,69,MODERATE,BASELINE_NORMAL
RZ-HIST-00584,36,Ranipet,2024-12-16 13:39:30,WATCH,1.6,72,ADEQUATE,ACCELERATING_30D
RZ-HIST-00585,38,Tiruvannamalai,2026-03-11 07:26:05,WATCH,1.1,70,ADEQUATE,DECELERATING
RZ-HIST-00586,27,Perambalur,2024-12-21 14:08:39,INSUFFICIENT_DATA,0.4,44,LIMITED,BASELINE_NORMAL
RZ-HIST-00587,18,Tiruvallur,2025-06-06 13:57:44,INCREASING,2.3,80,ADEQUATE,DATA_COVERAGE_GAP
RZ-HIST-00588,2,Coimbatore,2025-06-12 20:09:33,HIGH PREVENTIVE ATTENTION,6,88,ADEQUATE,ACCELERATING_30D
RZ-HIST-00589,28,Pudukkottai,2026-07-25 18:50:00,LOW,0.8,61,MODERATE,ACCELERATING_30D
RZ-HIST-00590,17,Chengalpattu,2025-03-08 03:30:13,INCREASING,2.1,78,ADEQUATE,BASELINE_NORMAL
RZ-HIST-00591,31,Virudhunagar,2025-06-25 04:20:55,WATCH,1,69,MODERATE,DECELERATING
RZ-HIST-00592,15,Tenkasi,2025-09-27 01:38:44,WATCH,2.3,68,LIMITED,ACCELERATING_30D
RZ-HIST-00593,28,Pudukkottai,2026-07-03 03:56:30,LOW,0.8,61,MODERATE,ACCELERATING_30D
RZ-HIST-00594,3,Madurai,2025-10-24 02:47:55,INCREASING,2.1,78,ADEQUATE,DECELERATING
RZ-HIST-00595,26,Ariyalur,2025-11-22 20:03:07,INSUFFICIENT_DATA,0.3,42,LIMITED,DECELERATING
RZ-HIST-00596,16,Kancheepuram,2025-07-19 23:41:53,WATCH,1,72,ADEQUATE,ACCELERATING_30D
RZ-HIST-00597,1,Chennai,2025-03-11 07:54:01,HIGH PREVENTIVE ATTENTION,3.5,84,ADEQUATE,BASELINE_NORMAL
RZ-HIST-00598,20,Viluppuram,2026-08-17 03:05:51,WATCH,1,65,MODERATE,DATA_COVERAGE_GAP
RZ-HIST-00599,10,Krishnagiri,2024-11-28 20:51:24,HIGH PREVENTIVE ATTENTION,4.8,85,ADEQUATE,DATA_COVERAGE_GAP
RZ-HIST-00600,18,Tiruvallur,2026-02-09 05:59:01,INCREASING,2.3,80,ADEQUATE,DECELERATING
RZ-HIST-00601,3,Madurai,2025-04-16 15:55:53,INCREASING,2.1,78,ADEQUATE,DECELERATING
RZ-HIST-00602,34,Nagapattinam,2025-07-27 15:01:05,WATCH,1.2,68,MODERATE,BASELINE_NORMAL
RZ-HIST-00603,33,Thiruvarur,2025-10-27 19:07:30,LOW,0.5,56,LIMITED,DATA_COVERAGE_GAP
RZ-HIST-00604,20,Viluppuram,2025-07-06 18:15:46,WATCH,1,65,MODERATE,DECELERATING
RZ-HIST-00605,4,Salem,2026-08-08 02:39:54,INCREASING,2.4,82,ADEQUATE,BASELINE_NORMAL
RZ-HIST-00606,8,Erode,2025-02-01 00:30:21,WATCH,1.2,75,ADEQUATE,BASELINE_NORMAL
RZ-HIST-00607,24,Nilgiris,2024-12-18 19:10:52,WATCH,1.8,74,MODERATE,DATA_COVERAGE_GAP
RZ-HIST-00608,36,Ranipet,2025-11-18 10:31:40,WATCH,1.6,72,ADEQUATE,DATA_COVERAGE_GAP
RZ-HIST-00609,6,Tirunelveli,2026-01-10 18:23:45,WATCH,1,72,MODERATE,ACCELERATING_30D
RZ-HIST-00610,6,Tirunelveli,2024-11-05 05:37:39,WATCH,1,72,MODERATE,DECELERATING
RZ-HIST-00611,30,Ramanathapuram,2024-10-12 08:26:42,WATCH,1.5,71,MODERATE,DATA_COVERAGE_GAP
RZ-HIST-00612,9,Vellore,2024-12-09 06:26:24,INCREASING,2.2,76,ADEQUATE,ACCELERATING_30D
RZ-HIST-00613,11,Dindigul,2025-05-24 10:56:24,WATCH,0.9,68,MODERATE,DATA_COVERAGE_GAP
RZ-HIST-00614,3,Madurai,2026-05-01 07:53:27,INCREASING,2.1,78,ADEQUATE,ACCELERATING_30D
RZ-HIST-00615,37,Tirupathur,2026-01-03 12:16:57,WATCH,1.2,67,MODERATE,DECELERATING
RZ-HIST-00616,14,Kanniyakumari,2025-05-14 19:41:55,WATCH,1.1,70,MODERATE,DATA_COVERAGE_GAP
RZ-HIST-00617,26,Ariyalur,2026-07-05 15:20:21,INSUFFICIENT_DATA,0.3,42,LIMITED,ACCELERATING_30D
RZ-HIST-00618,11,Dindigul,2024-10-11 13:01:38,WATCH,0.9,68,MODERATE,ACCELERATING_30D
RZ-HIST-00619,31,Virudhunagar,2025-07-22 12:11:43,WATCH,1,69,MODERATE,DECELERATING
RZ-HIST-00620,8,Erode,2025-03-24 07:36:53,WATCH,1.2,75,ADEQUATE,DECELERATING
RZ-HIST-00621,2,Coimbatore,2025-07-18 16:32:06,HIGH PREVENTIVE ATTENTION,6,88,ADEQUATE,ACCELERATING_30D
RZ-HIST-00622,7,Tiruppur,2025-03-20 19:52:16,INCREASING,2.8,80,ADEQUATE,BASELINE_NORMAL
RZ-HIST-00623,8,Erode,2026-07-02 01:28:22,WATCH,1.2,75,ADEQUATE,DATA_COVERAGE_GAP
RZ-HIST-00624,20,Viluppuram,2025-02-19 02:54:41,WATCH,1,65,MODERATE,BASELINE_NORMAL
RZ-HIST-00625,11,Dindigul,2024-10-01 02:41:30,WATCH,0.9,68,MODERATE,DECELERATING
RZ-HIST-00626,32,Theni,2025-02-26 17:31:54,INCREASING,1.9,73,MODERATE,ACCELERATING_30D
RZ-HIST-00627,30,Ramanathapuram,2024-11-17 06:43:33,WATCH,1.5,71,MODERATE,ACCELERATING_30D
RZ-HIST-00628,11,Dindigul,2025-10-10 21:09:07,WATCH,0.9,68,MODERATE,ACCELERATING_30D
RZ-HIST-00629,28,Pudukkottai,2025-06-16 06:51:00,LOW,0.8,61,MODERATE,DATA_COVERAGE_GAP
RZ-HIST-00630,4,Salem,2026-06-03 06:47:20,INCREASING,2.4,82,ADEQUATE,DATA_COVERAGE_GAP
RZ-HIST-00631,34,Nagapattinam,2025-03-04 05:09:05,WATCH,1.2,68,MODERATE,ACCELERATING_30D
RZ-HIST-00632,32,Theni,2025-07-19 19:13:07,INCREASING,1.9,73,MODERATE,BASELINE_NORMAL
RZ-HIST-00633,26,Ariyalur,2026-07-18 22:46:32,INSUFFICIENT_DATA,0.3,42,LIMITED,ACCELERATING_30D
RZ-HIST-00634,4,Salem,2026-02-24 22:52:18,INCREASING,2.4,82,ADEQUATE,ACCELERATING_30D
RZ-HIST-00635,28,Pudukkottai,2025-05-08 00:26:02,LOW,0.8,61,MODERATE,DATA_COVERAGE_GAP
RZ-HIST-00636,16,Kancheepuram,2026-04-16 08:15:46,WATCH,1,72,ADEQUATE,BASELINE_NORMAL
RZ-HIST-00637,16,Kancheepuram,2024-11-24 18:39:18,WATCH,1,72,ADEQUATE,DECELERATING
RZ-HIST-00638,5,Tiruchirappalli,2024-11-10 07:04:58,WATCH,1.1,74,ADEQUATE,ACCELERATING_30D
RZ-HIST-00639,4,Salem,2025-06-26 02:01:55,INCREASING,2.4,82,ADEQUATE,DATA_COVERAGE_GAP
RZ-HIST-00640,31,Virudhunagar,2025-08-26 15:49:58,WATCH,1,69,MODERATE,BASELINE_NORMAL
RZ-HIST-00641,32,Theni,2026-07-24 12:45:43,INCREASING,1.9,73,MODERATE,BASELINE_NORMAL
RZ-HIST-00642,14,Kanniyakumari,2025-05-28 17:26:34,WATCH,1.1,70,MODERATE,BASELINE_NORMAL
RZ-HIST-00643,31,Virudhunagar,2025-01-05 01:42:38,WATCH,1,69,MODERATE,BASELINE_NORMAL
RZ-HIST-00644,23,Namakkal,2025-12-03 09:55:41,WATCH,0.9,68,MODERATE,ACCELERATING_30D
RZ-HIST-00645,32,Theni,2026-08-10 07:28:02,INCREASING,1.9,73,MODERATE,DATA_COVERAGE_GAP
RZ-HIST-00646,2,Coimbatore,2026-06-21 09:33:04,HIGH PREVENTIVE ATTENTION,6,88,ADEQUATE,DECELERATING
RZ-HIST-00647,20,Viluppuram,2026-01-27 07:13:54,WATCH,1,65,MODERATE,DATA_COVERAGE_GAP
RZ-HIST-00648,32,Theni,2025-11-27 01:15:49,INCREASING,1.9,73,MODERATE,DATA_COVERAGE_GAP
RZ-HIST-00649,21,Kallakurichi,2025-12-06 04:30:10,LOW,0.6,58,LIMITED,DATA_COVERAGE_GAP
RZ-HIST-00650,28,Pudukkottai,2025-09-28 22:10:23,LOW,0.8,61,MODERATE,BASELINE_NORMAL
RZ-HIST-00651,35,Mayiladuthurai,2026-03-08 20:22:43,LOW,0.6,58,LIMITED,ACCELERATING_30D
RZ-HIST-00652,13,Thoothukudi,2025-05-02 21:15:18,INCREASING,2.5,86,ADEQUATE,ACCELERATING_30D
RZ-HIST-00653,14,Kanniyakumari,2026-06-07 13:14:00,WATCH,1.1,70,MODERATE,DECELERATING
RZ-HIST-00654,8,Erode,2024-12-07 05:16:23,WATCH,1.2,75,ADEQUATE,ACCELERATING_30D
RZ-HIST-00655,29,Sivaganga,2024-10-25 09:42:53,LOW,0.6,59,LIMITED,BASELINE_NORMAL
RZ-HIST-00656,31,Virudhunagar,2025-02-16 01:23:59,WATCH,1,69,MODERATE,DECELERATING
RZ-HIST-00657,3,Madurai,2025-08-19 19:15:49,INCREASING,2.1,78,ADEQUATE,BASELINE_NORMAL
RZ-HIST-00658,15,Tenkasi,2025-10-29 17:40:24,WATCH,2.3,68,LIMITED,DATA_COVERAGE_GAP
RZ-HIST-00659,37,Tirupathur,2025-12-13 19:52:50,WATCH,1.2,67,MODERATE,DECELERATING
RZ-HIST-00660,25,Karur,2025-05-04 20:44:18,LOW,0.7,60,MODERATE,DECELERATING
RZ-HIST-00661,31,Virudhunagar,2025-02-24 23:03:30,WATCH,1,69,MODERATE,BASELINE_NORMAL
RZ-HIST-00662,22,Dharmapuri,2025-01-19 12:22:00,WATCH,1.4,66,MODERATE,DECELERATING
RZ-HIST-00663,36,Ranipet,2025-06-09 06:19:04,WATCH,1.6,72,ADEQUATE,BASELINE_NORMAL
RZ-HIST-00664,36,Ranipet,2025-04-26 06:04:14,WATCH,1.6,72,ADEQUATE,ACCELERATING_30D
RZ-HIST-00665,5,Tiruchirappalli,2026-07-18 05:43:04,WATCH,1.1,74,ADEQUATE,BASELINE_NORMAL
RZ-HIST-00666,15,Tenkasi,2026-03-26 15:47:05,WATCH,2.3,68,LIMITED,ACCELERATING_30D
RZ-HIST-00667,32,Theni,2026-03-13 17:13:34,INCREASING,1.9,73,MODERATE,BASELINE_NORMAL
RZ-HIST-00668,18,Tiruvallur,2025-05-07 04:34:39,INCREASING,2.3,80,ADEQUATE,DECELERATING
RZ-HIST-00669,28,Pudukkottai,2024-11-20 16:20:06,LOW,0.8,61,MODERATE,DATA_COVERAGE_GAP
RZ-HIST-00670,19,Cuddalore,2025-01-25 08:50:34,LOW,0.8,62,MODERATE,DATA_COVERAGE_GAP
RZ-HIST-00671,1,Chennai,2026-02-17 09:31:54,HIGH PREVENTIVE ATTENTION,3.5,84,ADEQUATE,ACCELERATING_30D
RZ-HIST-00672,27,Perambalur,2025-12-19 00:20:11,INSUFFICIENT_DATA,0.4,44,LIMITED,DECELERATING
RZ-HIST-00673,23,Namakkal,2025-05-10 00:43:43,WATCH,0.9,68,MODERATE,DATA_COVERAGE_GAP
RZ-HIST-00674,27,Perambalur,2026-04-15 11:58:17,INSUFFICIENT_DATA,0.4,44,LIMITED,DATA_COVERAGE_GAP
RZ-HIST-00675,13,Thoothukudi,2026-06-01 04:50:58,INCREASING,2.5,86,ADEQUATE,DECELERATING
RZ-HIST-00676,26,Ariyalur,2025-04-17 18:56:13,INSUFFICIENT_DATA,0.3,42,LIMITED,DECELERATING
RZ-HIST-00677,6,Tirunelveli,2026-07-28 19:23:53,WATCH,1,72,MODERATE,ACCELERATING_30D
RZ-HIST-00678,36,Ranipet,2026-07-17 23:17:58,WATCH,1.6,72,ADEQUATE,ACCELERATING_30D
RZ-HIST-00679,22,Dharmapuri,2025-04-12 05:39:27,WATCH,1.4,66,MODERATE,ACCELERATING_30D
RZ-HIST-00680,17,Chengalpattu,2026-05-18 08:50:56,INCREASING,2.1,78,ADEQUATE,BASELINE_NORMAL
RZ-HIST-00681,5,Tiruchirappalli,2025-02-23 20:56:25,WATCH,1.1,74,ADEQUATE,BASELINE_NORMAL
RZ-HIST-00682,5,Tiruchirappalli,2025-05-05 12:30:16,WATCH,1.1,74,ADEQUATE,DECELERATING
RZ-HIST-00683,30,Ramanathapuram,2025-05-13 00:51:17,WATCH,1.5,71,MODERATE,BASELINE_NORMAL
RZ-HIST-00684,19,Cuddalore,2026-04-12 03:57:13,LOW,0.8,62,MODERATE,DECELERATING
RZ-HIST-00685,2,Coimbatore,2026-02-09 01:12:00,HIGH PREVENTIVE ATTENTION,6,88,ADEQUATE,DECELERATING
RZ-HIST-00686,29,Sivaganga,2025-09-27 15:24:09,LOW,0.6,59,LIMITED,DECELERATING
RZ-HIST-00687,13,Thoothukudi,2025-07-19 14:45:50,INCREASING,2.5,86,ADEQUATE,BASELINE_NORMAL
RZ-HIST-00688,32,Theni,2025-04-12 18:10:23,INCREASING,1.9,73,MODERATE,ACCELERATING_30D
RZ-HIST-00689,35,Mayiladuthurai,2026-08-04 22:49:30,LOW,0.6,58,LIMITED,DATA_COVERAGE_GAP
RZ-HIST-00690,34,Nagapattinam,2026-05-26 05:10:07,WATCH,1.2,68,MODERATE,ACCELERATING_30D
RZ-HIST-00691,1,Chennai,2026-03-02 17:36:53,HIGH PREVENTIVE ATTENTION,3.5,84,ADEQUATE,DATA_COVERAGE_GAP
RZ-HIST-00692,9,Vellore,2025-02-15 03:40:58,INCREASING,2.2,76,ADEQUATE,BASELINE_NORMAL
RZ-HIST-00693,22,Dharmapuri,2026-07-06 08:04:49,WATCH,1.4,66,MODERATE,DATA_COVERAGE_GAP
RZ-HIST-00694,19,Cuddalore,2026-03-16 19:12:29,LOW,0.8,62,MODERATE,DATA_COVERAGE_GAP
RZ-HIST-00695,27,Perambalur,2025-07-02 16:46:53,INSUFFICIENT_DATA,0.4,44,LIMITED,BASELINE_NORMAL
RZ-HIST-00696,38,Tiruvannamalai,2025-11-28 14:41:15,WATCH,1.1,70,ADEQUATE,ACCELERATING_30D
RZ-HIST-00697,36,Ranipet,2025-08-07 10:36:43,WATCH,1.6,72,ADEQUATE,ACCELERATING_30D
RZ-HIST-00698,30,Ramanathapuram,2025-04-25 09:15:08,WATCH,1.5,71,MODERATE,BASELINE_NORMAL
RZ-HIST-00699,21,Kallakurichi,2026-08-01 10:19:14,LOW,0.6,58,LIMITED,ACCELERATING_30D
RZ-HIST-00700,35,Mayiladuthurai,2026-03-27 01:36:59,LOW,0.6,58,LIMITED,DECELERATING
RZ-HIST-00701,8,Erode,2025-04-11 17:34:11,WATCH,1.2,75,ADEQUATE,DATA_COVERAGE_GAP
RZ-HIST-00702,15,Tenkasi,2026-07-04 03:14:24,WATCH,2.3,68,LIMITED,ACCELERATING_30D
RZ-HIST-00703,8,Erode,2025-01-27 11:00:34,WATCH,1.2,75,ADEQUATE,ACCELERATING_30D
RZ-HIST-00704,29,Sivaganga,2024-11-30 01:25:43,LOW,0.6,59,LIMITED,DECELERATING
RZ-HIST-00705,37,Tirupathur,2026-03-04 22:55:43,WATCH,1.2,67,MODERATE,DATA_COVERAGE_GAP
RZ-HIST-00706,8,Erode,2026-01-28 04:29:30,WATCH,1.2,75,ADEQUATE,DATA_COVERAGE_GAP
RZ-HIST-00707,3,Madurai,2025-10-15 13:28:13,INCREASING,2.1,78,ADEQUATE,ACCELERATING_30D
RZ-HIST-00708,27,Perambalur,2025-04-05 17:33:45,INSUFFICIENT_DATA,0.4,44,LIMITED,DATA_COVERAGE_GAP
RZ-HIST-00709,31,Virudhunagar,2025-09-04 03:38:01,WATCH,1,69,MODERATE,DATA_COVERAGE_GAP
RZ-HIST-00710,33,Thiruvarur,2025-04-20 13:30:51,LOW,0.5,56,LIMITED,BASELINE_NORMAL
RZ-HIST-00711,34,Nagapattinam,2025-10-29 14:51:46,WATCH,1.2,68,MODERATE,BASELINE_NORMAL
RZ-HIST-00712,34,Nagapattinam,2025-12-14 06:16:55,WATCH,1.2,68,MODERATE,ACCELERATING_30D
RZ-HIST-00713,11,Dindigul,2025-11-05 18:40:10,WATCH,0.9,68,MODERATE,DATA_COVERAGE_GAP
RZ-HIST-00714,1,Chennai,2025-05-18 01:53:32,HIGH PREVENTIVE ATTENTION,3.5,84,ADEQUATE,BASELINE_NORMAL
RZ-HIST-00715,31,Virudhunagar,2025-02-14 13:34:12,WATCH,1,69,MODERATE,ACCELERATING_30D
RZ-HIST-00716,24,Nilgiris,2025-04-14 16:20:19,WATCH,1.8,74,MODERATE,DATA_COVERAGE_GAP
RZ-HIST-00717,12,Thanjavur,2026-06-22 01:41:41,LOW,0.7,64,MODERATE,ACCELERATING_30D
RZ-HIST-00718,22,Dharmapuri,2025-07-12 18:06:52,WATCH,1.4,66,MODERATE,DECELERATING
RZ-HIST-00719,36,Ranipet,2024-10-04 23:28:53,WATCH,1.6,72,ADEQUATE,DECELERATING
RZ-HIST-00720,13,Thoothukudi,2024-11-05 06:48:59,INCREASING,2.5,86,ADEQUATE,BASELINE_NORMAL
RZ-HIST-00721,17,Chengalpattu,2024-12-21 03:50:36,INCREASING,2.1,78,ADEQUATE,DATA_COVERAGE_GAP
RZ-HIST-00722,21,Kallakurichi,2025-09-17 21:39:13,LOW,0.6,58,LIMITED,BASELINE_NORMAL
RZ-HIST-00723,33,Thiruvarur,2026-04-20 22:06:58,LOW,0.5,56,LIMITED,ACCELERATING_30D
RZ-HIST-00724,38,Tiruvannamalai,2026-07-08 19:28:57,WATCH,1.1,70,ADEQUATE,DATA_COVERAGE_GAP
RZ-HIST-00725,11,Dindigul,2025-02-26 18:55:13,WATCH,0.9,68,MODERATE,DECELERATING
RZ-HIST-00726,23,Namakkal,2025-03-20 03:55:45,WATCH,0.9,68,MODERATE,BASELINE_NORMAL
RZ-HIST-00727,6,Tirunelveli,2025-12-03 16:00:51,WATCH,1,72,MODERATE,BASELINE_NORMAL
RZ-HIST-00728,7,Tiruppur,2024-11-25 01:08:25,INCREASING,2.8,80,ADEQUATE,DECELERATING
RZ-HIST-00729,34,Nagapattinam,2026-07-11 08:26:58,WATCH,1.2,68,MODERATE,DECELERATING
RZ-HIST-00730,23,Namakkal,2024-10-27 01:50:41,WATCH,0.9,68,MODERATE,DECELERATING
RZ-HIST-00731,26,Ariyalur,2025-07-19 02:46:20,INSUFFICIENT_DATA,0.3,42,LIMITED,DATA_COVERAGE_GAP
RZ-HIST-00732,18,Tiruvallur,2025-02-24 18:36:35,INCREASING,2.3,80,ADEQUATE,BASELINE_NORMAL
RZ-HIST-00733,34,Nagapattinam,2026-02-19 01:14:52,WATCH,1.2,68,MODERATE,ACCELERATING_30D
RZ-HIST-00734,5,Tiruchirappalli,2026-07-01 03:36:25,WATCH,1.1,74,ADEQUATE,DECELERATING
RZ-HIST-00735,17,Chengalpattu,2024-10-17 19:23:56,INCREASING,2.1,78,ADEQUATE,DECELERATING
RZ-HIST-00736,30,Ramanathapuram,2026-08-14 00:17:18,WATCH,1.5,71,MODERATE,ACCELERATING_30D
RZ-HIST-00737,33,Thiruvarur,2026-07-21 02:14:51,LOW,0.5,56,LIMITED,BASELINE_NORMAL
RZ-HIST-00738,38,Tiruvannamalai,2024-09-26 13:16:02,WATCH,1.1,70,ADEQUATE,ACCELERATING_30D
RZ-HIST-00739,12,Thanjavur,2026-03-26 07:37:52,LOW,0.7,64,MODERATE,BASELINE_NORMAL
RZ-HIST-00740,31,Virudhunagar,2026-07-29 23:39:12,WATCH,1,69,MODERATE,ACCELERATING_30D
RZ-HIST-00741,34,Nagapattinam,2026-02-01 05:11:37,WATCH,1.2,68,MODERATE,DECELERATING
RZ-HIST-00742,5,Tiruchirappalli,2025-10-01 11:42:35,WATCH,1.1,74,ADEQUATE,ACCELERATING_30D
RZ-HIST-00743,33,Thiruvarur,2026-01-29 09:24:10,LOW,0.5,56,LIMITED,DATA_COVERAGE_GAP
RZ-HIST-00744,35,Mayiladuthurai,2024-12-29 09:20:48,LOW,0.6,58,LIMITED,ACCELERATING_30D
RZ-HIST-00745,7,Tiruppur,2025-04-13 06:09:58,INCREASING,2.8,80,ADEQUATE,DATA_COVERAGE_GAP
RZ-HIST-00746,24,Nilgiris,2025-11-11 09:07:07,WATCH,1.8,74,MODERATE,DATA_COVERAGE_GAP
RZ-HIST-00747,9,Vellore,2025-07-13 10:10:18,INCREASING,2.2,76,ADEQUATE,BASELINE_NORMAL
RZ-HIST-00748,4,Salem,2026-01-29 05:47:10,INCREASING,2.4,82,ADEQUATE,ACCELERATING_30D
RZ-HIST-00749,28,Pudukkottai,2025-05-24 11:33:22,LOW,0.8,61,MODERATE,DATA_COVERAGE_GAP
RZ-HIST-00750,21,Kallakurichi,2026-07-03 11:19:37,LOW,0.6,58,LIMITED,DATA_COVERAGE_GAP
RZ-HIST-00751,37,Tirupathur,2025-11-10 21:48:07,WATCH,1.2,67,MODERATE,ACCELERATING_30D
RZ-HIST-00752,21,Kallakurichi,2025-12-06 08:14:19,LOW,0.6,58,LIMITED,ACCELERATING_30D
RZ-HIST-00753,6,Tirunelveli,2025-11-01 03:07:29,WATCH,1,72,MODERATE,DECELERATING
RZ-HIST-00754,13,Thoothukudi,2025-04-16 16:03:58,INCREASING,2.5,86,ADEQUATE,ACCELERATING_30D
RZ-HIST-00755,30,Ramanathapuram,2026-05-27 18:31:29,WATCH,1.5,71,MODERATE,ACCELERATING_30D
RZ-HIST-00756,6,Tirunelveli,2025-11-01 13:58:02,WATCH,1,72,MODERATE,DATA_COVERAGE_GAP
RZ-HIST-00757,31,Virudhunagar,2025-01-24 18:18:17,WATCH,1,69,MODERATE,DECELERATING
RZ-HIST-00758,14,Kanniyakumari,2026-07-08 04:33:13,WATCH,1.1,70,MODERATE,ACCELERATING_30D
RZ-HIST-00759,19,Cuddalore,2025-07-06 22:47:29,LOW,0.8,62,MODERATE,BASELINE_NORMAL
RZ-HIST-00760,23,Namakkal,2025-07-13 21:59:19,WATCH,0.9,68,MODERATE,BASELINE_NORMAL
RZ-HIST-00761,22,Dharmapuri,2025-06-06 07:16:13,WATCH,1.4,66,MODERATE,ACCELERATING_30D
RZ-HIST-00762,33,Thiruvarur,2025-03-31 12:46:52,LOW,0.5,56,LIMITED,ACCELERATING_30D
RZ-HIST-00763,28,Pudukkottai,2025-03-30 17:15:16,LOW,0.8,61,MODERATE,BASELINE_NORMAL
RZ-HIST-00764,27,Perambalur,2026-06-09 05:35:21,INSUFFICIENT_DATA,0.4,44,LIMITED,DECELERATING
RZ-HIST-00765,32,Theni,2025-09-01 05:39:21,INCREASING,1.9,73,MODERATE,DATA_COVERAGE_GAP
RZ-HIST-00766,22,Dharmapuri,2025-01-31 00:04:37,WATCH,1.4,66,MODERATE,ACCELERATING_30D
RZ-HIST-00767,37,Tirupathur,2025-06-22 17:09:28,WATCH,1.2,67,MODERATE,DATA_COVERAGE_GAP
RZ-HIST-00768,23,Namakkal,2025-06-12 15:16:05,WATCH,0.9,68,MODERATE,BASELINE_NORMAL
RZ-HIST-00769,17,Chengalpattu,2026-07-16 17:05:39,INCREASING,2.1,78,ADEQUATE,BASELINE_NORMAL
RZ-HIST-00770,3,Madurai,2026-05-18 16:45:27,INCREASING,2.1,78,ADEQUATE,DATA_COVERAGE_GAP
RZ-HIST-00771,24,Nilgiris,2025-07-18 16:49:23,WATCH,1.8,74,MODERATE,ACCELERATING_30D
RZ-HIST-00772,19,Cuddalore,2024-10-26 13:50:37,LOW,0.8,62,MODERATE,DECELERATING
RZ-HIST-00773,22,Dharmapuri,2026-08-13 06:30:12,WATCH,1.4,66,MODERATE,DECELERATING
RZ-HIST-00774,30,Ramanathapuram,2025-08-18 08:50:25,WATCH,1.5,71,MODERATE,DECELERATING
RZ-HIST-00775,33,Thiruvarur,2025-12-09 19:38:21,LOW,0.5,56,LIMITED,BASELINE_NORMAL
RZ-HIST-00776,27,Perambalur,2026-07-02 11:03:13,INSUFFICIENT_DATA,0.4,44,LIMITED,DATA_COVERAGE_GAP
RZ-HIST-00777,11,Dindigul,2026-02-25 09:46:47,WATCH,0.9,68,MODERATE,ACCELERATING_30D
RZ-HIST-00778,12,Thanjavur,2025-12-10 08:02:09,LOW,0.7,64,MODERATE,DECELERATING
RZ-HIST-00779,1,Chennai,2026-06-20 10:25:26,HIGH PREVENTIVE ATTENTION,3.5,84,ADEQUATE,DATA_COVERAGE_GAP
RZ-HIST-00780,21,Kallakurichi,2026-01-26 15:05:24,LOW,0.6,58,LIMITED,ACCELERATING_30D
RZ-HIST-00781,7,Tiruppur,2026-04-13 01:18:42,INCREASING,2.8,80,ADEQUATE,BASELINE_NORMAL
RZ-HIST-00782,26,Ariyalur,2025-03-26 16:08:06,INSUFFICIENT_DATA,0.3,42,LIMITED,DECELERATING
RZ-HIST-00783,3,Madurai,2026-01-25 13:36:11,INCREASING,2.1,78,ADEQUATE,DATA_COVERAGE_GAP
RZ-HIST-00784,23,Namakkal,2026-03-01 22:59:33,WATCH,0.9,68,MODERATE,DATA_COVERAGE_GAP
RZ-HIST-00785,7,Tiruppur,2024-11-05 13:29:16,INCREASING,2.8,80,ADEQUATE,DECELERATING
RZ-HIST-00786,13,Thoothukudi,2025-11-06 22:58:52,INCREASING,2.5,86,ADEQUATE,DECELERATING
RZ-HIST-00787,16,Kancheepuram,2025-03-16 21:17:43,WATCH,1,72,ADEQUATE,DATA_COVERAGE_GAP
RZ-HIST-00788,8,Erode,2025-08-30 06:59:24,WATCH,1.2,75,ADEQUATE,ACCELERATING_30D
RZ-HIST-00789,22,Dharmapuri,2024-10-30 07:32:29,WATCH,1.4,66,MODERATE,ACCELERATING_30D
RZ-HIST-00790,22,Dharmapuri,2025-02-04 08:45:17,WATCH,1.4,66,MODERATE,DATA_COVERAGE_GAP
RZ-HIST-00791,20,Viluppuram,2025-10-08 17:51:13,WATCH,1,65,MODERATE,DATA_COVERAGE_GAP
RZ-HIST-00792,7,Tiruppur,2024-12-17 03:02:13,INCREASING,2.8,80,ADEQUATE,BASELINE_NORMAL
RZ-HIST-00793,26,Ariyalur,2026-05-26 19:23:36,INSUFFICIENT_DATA,0.3,42,LIMITED,ACCELERATING_30D
RZ-HIST-00794,35,Mayiladuthurai,2024-11-29 06:54:23,LOW,0.6,58,LIMITED,DATA_COVERAGE_GAP
RZ-HIST-00795,15,Tenkasi,2024-12-18 19:28:17,WATCH,2.3,68,LIMITED,ACCELERATING_30D
RZ-HIST-00796,23,Namakkal,2026-03-30 02:41:24,WATCH,0.9,68,MODERATE,DECELERATING
RZ-HIST-00797,8,Erode,2026-02-05 17:08:45,WATCH,1.2,75,ADEQUATE,DECELERATING
RZ-HIST-00798,24,Nilgiris,2025-03-28 03:04:03,WATCH,1.8,74,MODERATE,DECELERATING
RZ-HIST-00799,34,Nagapattinam,2025-01-29 07:29:37,WATCH,1.2,68,MODERATE,DECELERATING
RZ-HIST-00800,24,Nilgiris,2025-11-03 22:24:51,WATCH,1.8,74,MODERATE,BASELINE_NORMAL
RZ-HIST-00801,3,Madurai,2025-09-03 02:58:36,INCREASING,2.1,78,ADEQUATE,DECELERATING
RZ-HIST-00802,20,Viluppuram,2025-03-03 18:08:40,WATCH,1,65,MODERATE,DECELERATING
RZ-HIST-00803,8,Erode,2025-02-07 17:53:30,WATCH,1.2,75,ADEQUATE,DATA_COVERAGE_GAP
RZ-HIST-00804,8,Erode,2024-10-14 05:25:19,WATCH,1.2,75,ADEQUATE,ACCELERATING_30D
RZ-HIST-00805,36,Ranipet,2026-05-21 12:01:22,WATCH,1.6,72,ADEQUATE,DECELERATING
RZ-HIST-00806,30,Ramanathapuram,2024-10-05 03:30:13,WATCH,1.5,71,MODERATE,BASELINE_NORMAL
RZ-HIST-00807,24,Nilgiris,2025-02-02 01:48:37,WATCH,1.8,74,MODERATE,BASELINE_NORMAL
RZ-HIST-00808,24,Nilgiris,2024-10-12 17:26:19,WATCH,1.8,74,MODERATE,DECELERATING
RZ-HIST-00809,23,Namakkal,2024-10-06 14:31:53,WATCH,0.9,68,MODERATE,DATA_COVERAGE_GAP
RZ-HIST-00810,25,Karur,2026-03-24 14:13:12,LOW,0.7,60,MODERATE,DATA_COVERAGE_GAP
RZ-HIST-00811,15,Tenkasi,2025-06-15 21:24:49,WATCH,2.3,68,LIMITED,BASELINE_NORMAL
RZ-HIST-00812,29,Sivaganga,2025-11-14 09:36:13,LOW,0.6,59,LIMITED,ACCELERATING_30D
RZ-HIST-00813,3,Madurai,2025-01-13 00:23:41,INCREASING,2.1,78,ADEQUATE,DATA_COVERAGE_GAP
RZ-HIST-00814,2,Coimbatore,2025-02-03 16:44:26,HIGH PREVENTIVE ATTENTION,6,88,ADEQUATE,BASELINE_NORMAL
RZ-HIST-00815,25,Karur,2026-05-06 07:41:00,LOW,0.7,60,MODERATE,DATA_COVERAGE_GAP
RZ-HIST-00816,4,Salem,2025-08-02 06:26:09,INCREASING,2.4,82,ADEQUATE,DATA_COVERAGE_GAP
RZ-HIST-00817,15,Tenkasi,2025-02-12 06:57:05,WATCH,2.3,68,LIMITED,ACCELERATING_30D
RZ-HIST-00818,7,Tiruppur,2025-06-09 20:07:39,INCREASING,2.8,80,ADEQUATE,BASELINE_NORMAL
RZ-HIST-00819,33,Thiruvarur,2025-09-20 16:00:51,LOW,0.5,56,LIMITED,DATA_COVERAGE_GAP
RZ-HIST-00820,26,Ariyalur,2026-06-17 06:10:19,INSUFFICIENT_DATA,0.3,42,LIMITED,ACCELERATING_30D
RZ-HIST-00821,31,Virudhunagar,2025-08-31 05:13:59,WATCH,1,69,MODERATE,DATA_COVERAGE_GAP
RZ-HIST-00822,1,Chennai,2025-10-13 18:47:40,HIGH PREVENTIVE ATTENTION,3.5,84,ADEQUATE,ACCELERATING_30D
RZ-HIST-00823,38,Tiruvannamalai,2026-03-04 01:09:31,WATCH,1.1,70,ADEQUATE,ACCELERATING_30D
RZ-HIST-00824,17,Chengalpattu,2024-11-05 12:29:18,INCREASING,2.1,78,ADEQUATE,DATA_COVERAGE_GAP
RZ-HIST-00825,15,Tenkasi,2026-01-09 16:00:20,WATCH,2.3,68,LIMITED,ACCELERATING_30D
RZ-HIST-00826,33,Thiruvarur,2025-09-22 03:34:35,LOW,0.5,56,LIMITED,ACCELERATING_30D
RZ-HIST-00827,17,Chengalpattu,2024-09-30 15:03:08,INCREASING,2.1,78,ADEQUATE,ACCELERATING_30D
RZ-HIST-00828,6,Tirunelveli,2025-04-15 06:27:18,WATCH,1,72,MODERATE,DECELERATING
RZ-HIST-00829,33,Thiruvarur,2024-09-24 06:22:56,LOW,0.5,56,LIMITED,ACCELERATING_30D
RZ-HIST-00830,21,Kallakurichi,2025-01-27 07:14:31,LOW,0.6,58,LIMITED,DATA_COVERAGE_GAP
RZ-HIST-00831,2,Coimbatore,2026-01-08 03:53:35,HIGH PREVENTIVE ATTENTION,6,88,ADEQUATE,ACCELERATING_30D
RZ-HIST-00832,4,Salem,2026-08-03 18:43:08,INCREASING,2.4,82,ADEQUATE,DECELERATING
RZ-HIST-00833,38,Tiruvannamalai,2025-03-03 14:32:10,WATCH,1.1,70,ADEQUATE,DATA_COVERAGE_GAP
RZ-HIST-00834,26,Ariyalur,2025-04-05 18:56:39,INSUFFICIENT_DATA,0.3,42,LIMITED,DECELERATING
RZ-HIST-00835,23,Namakkal,2026-04-15 00:53:55,WATCH,0.9,68,MODERATE,DECELERATING
RZ-HIST-00836,19,Cuddalore,2025-03-28 09:12:35,LOW,0.8,62,MODERATE,DATA_COVERAGE_GAP
RZ-HIST-00837,13,Thoothukudi,2025-03-18 20:15:07,INCREASING,2.5,86,ADEQUATE,DECELERATING
RZ-HIST-00838,28,Pudukkottai,2025-07-17 01:49:20,LOW,0.8,61,MODERATE,DECELERATING
RZ-HIST-00839,38,Tiruvannamalai,2026-04-25 11:02:19,WATCH,1.1,70,ADEQUATE,DECELERATING
RZ-HIST-00840,3,Madurai,2025-01-23 16:00:00,INCREASING,2.1,78,ADEQUATE,BASELINE_NORMAL
RZ-HIST-00841,34,Nagapattinam,2025-07-29 04:54:20,WATCH,1.2,68,MODERATE,BASELINE_NORMAL
RZ-HIST-00842,23,Namakkal,2026-02-02 03:49:51,WATCH,0.9,68,MODERATE,DECELERATING
RZ-HIST-00843,20,Viluppuram,2024-09-29 10:29:53,WATCH,1,65,MODERATE,DECELERATING
RZ-HIST-00844,34,Nagapattinam,2024-12-08 18:58:14,WATCH,1.2,68,MODERATE,DATA_COVERAGE_GAP
RZ-HIST-00845,30,Ramanathapuram,2024-12-25 04:24:57,WATCH,1.5,71,MODERATE,DATA_COVERAGE_GAP
RZ-HIST-00846,23,Namakkal,2025-10-08 01:15:27,WATCH,0.9,68,MODERATE,DATA_COVERAGE_GAP
RZ-HIST-00847,3,Madurai,2025-06-10 10:34:35,INCREASING,2.1,78,ADEQUATE,BASELINE_NORMAL
RZ-HIST-00848,5,Tiruchirappalli,2025-01-25 14:48:27,WATCH,1.1,74,ADEQUATE,DATA_COVERAGE_GAP
RZ-HIST-00849,37,Tirupathur,2025-09-15 22:53:57,WATCH,1.2,67,MODERATE,DECELERATING
RZ-HIST-00850,23,Namakkal,2025-06-12 11:10:22,WATCH,0.9,68,MODERATE,BASELINE_NORMAL
RZ-HIST-00851,20,Viluppuram,2025-03-17 01:29:58,WATCH,1,65,MODERATE,DATA_COVERAGE_GAP
RZ-HIST-00852,3,Madurai,2026-03-31 12:29:19,INCREASING,2.1,78,ADEQUATE,DECELERATING
RZ-HIST-00853,34,Nagapattinam,2025-11-19 05:50:07,WATCH,1.2,68,MODERATE,ACCELERATING_30D
RZ-HIST-00854,17,Chengalpattu,2025-02-12 09:44:48,INCREASING,2.1,78,ADEQUATE,DECELERATING
RZ-HIST-00855,19,Cuddalore,2024-12-03 14:26:15,LOW,0.8,62,MODERATE,BASELINE_NORMAL
RZ-HIST-00856,1,Chennai,2024-11-20 10:01:33,HIGH PREVENTIVE ATTENTION,3.5,84,ADEQUATE,DECELERATING
RZ-HIST-00857,26,Ariyalur,2025-10-30 17:24:54,INSUFFICIENT_DATA,0.3,42,LIMITED,BASELINE_NORMAL
RZ-HIST-00858,2,Coimbatore,2025-05-31 16:56:42,HIGH PREVENTIVE ATTENTION,6,88,ADEQUATE,DECELERATING
RZ-HIST-00859,26,Ariyalur,2026-06-29 23:49:32,INSUFFICIENT_DATA,0.3,42,LIMITED,BASELINE_NORMAL
RZ-HIST-00860,20,Viluppuram,2024-12-02 07:43:02,WATCH,1,65,MODERATE,BASELINE_NORMAL
RZ-HIST-00861,26,Ariyalur,2026-06-13 21:23:54,INSUFFICIENT_DATA,0.3,42,LIMITED,BASELINE_NORMAL
RZ-HIST-00862,21,Kallakurichi,2025-05-29 14:29:48,LOW,0.6,58,LIMITED,DECELERATING
RZ-HIST-00863,30,Ramanathapuram,2025-10-07 09:27:19,WATCH,1.5,71,MODERATE,DATA_COVERAGE_GAP
RZ-HIST-00864,19,Cuddalore,2026-01-01 00:22:38,LOW,0.8,62,MODERATE,DATA_COVERAGE_GAP
RZ-HIST-00865,9,Vellore,2025-08-15 03:39:28,INCREASING,2.2,76,ADEQUATE,BASELINE_NORMAL
RZ-HIST-00866,25,Karur,2025-02-15 06:09:02,LOW,0.7,60,MODERATE,BASELINE_NORMAL
RZ-HIST-00867,27,Perambalur,2026-08-12 21:05:41,INSUFFICIENT_DATA,0.4,44,LIMITED,BASELINE_NORMAL
RZ-HIST-00868,13,Thoothukudi,2026-02-23 06:25:07,INCREASING,2.5,86,ADEQUATE,BASELINE_NORMAL
RZ-HIST-00869,16,Kancheepuram,2026-03-15 22:01:46,WATCH,1,72,ADEQUATE,ACCELERATING_30D
RZ-HIST-00870,34,Nagapattinam,2026-01-19 11:59:42,WATCH,1.2,68,MODERATE,DATA_COVERAGE_GAP
RZ-HIST-00871,35,Mayiladuthurai,2025-12-19 07:07:28,LOW,0.6,58,LIMITED,ACCELERATING_30D
RZ-HIST-00872,4,Salem,2026-05-02 19:00:06,INCREASING,2.4,82,ADEQUATE,ACCELERATING_30D
RZ-HIST-00873,5,Tiruchirappalli,2024-11-24 06:04:43,WATCH,1.1,74,ADEQUATE,DECELERATING
RZ-HIST-00874,28,Pudukkottai,2026-07-25 15:52:22,LOW,0.8,61,MODERATE,DATA_COVERAGE_GAP
RZ-HIST-00875,20,Viluppuram,2024-12-22 23:14:58,WATCH,1,65,MODERATE,DATA_COVERAGE_GAP
RZ-HIST-00876,35,Mayiladuthurai,2025-12-22 07:50:38,LOW,0.6,58,LIMITED,BASELINE_NORMAL
RZ-HIST-00877,1,Chennai,2025-10-13 06:52:35,HIGH PREVENTIVE ATTENTION,3.5,84,ADEQUATE,BASELINE_NORMAL
RZ-HIST-00878,15,Tenkasi,2025-05-10 01:43:48,WATCH,2.3,68,LIMITED,DECELERATING
RZ-HIST-00879,37,Tirupathur,2025-10-15 23:39:16,WATCH,1.2,67,MODERATE,BASELINE_NORMAL
RZ-HIST-00880,21,Kallakurichi,2026-08-18 19:38:33,LOW,0.6,58,LIMITED,DECELERATING
RZ-HIST-00881,9,Vellore,2025-08-17 06:16:14,INCREASING,2.2,76,ADEQUATE,DATA_COVERAGE_GAP
RZ-HIST-00882,16,Kancheepuram,2024-11-14 09:48:22,WATCH,1,72,ADEQUATE,ACCELERATING_30D
RZ-HIST-00883,19,Cuddalore,2025-07-12 08:11:28,LOW,0.8,62,MODERATE,BASELINE_NORMAL
RZ-HIST-00884,8,Erode,2025-01-15 10:58:25,WATCH,1.2,75,ADEQUATE,DECELERATING
RZ-HIST-00885,4,Salem,2025-04-26 13:21:07,INCREASING,2.4,82,ADEQUATE,DATA_COVERAGE_GAP
RZ-HIST-00886,9,Vellore,2024-12-12 02:32:57,INCREASING,2.2,76,ADEQUATE,DATA_COVERAGE_GAP
RZ-HIST-00887,34,Nagapattinam,2026-05-14 08:25:23,WATCH,1.2,68,MODERATE,ACCELERATING_30D
RZ-HIST-00888,19,Cuddalore,2025-12-14 10:21:16,LOW,0.8,62,MODERATE,DECELERATING
RZ-HIST-00889,20,Viluppuram,2026-01-05 20:38:53,WATCH,1,65,MODERATE,DECELERATING
RZ-HIST-00890,30,Ramanathapuram,2025-02-20 23:41:03,WATCH,1.5,71,MODERATE,DATA_COVERAGE_GAP
RZ-HIST-00891,6,Tirunelveli,2026-01-22 04:10:23,WATCH,1,72,MODERATE,BASELINE_NORMAL
RZ-HIST-00892,4,Salem,2026-08-05 12:19:57,INCREASING,2.4,82,ADEQUATE,ACCELERATING_30D
RZ-HIST-00893,3,Madurai,2025-05-24 05:38:25,INCREASING,2.1,78,ADEQUATE,DATA_COVERAGE_GAP
RZ-HIST-00894,27,Perambalur,2024-12-22 12:04:21,INSUFFICIENT_DATA,0.4,44,LIMITED,DECELERATING
RZ-HIST-00895,11,Dindigul,2026-05-15 02:13:00,WATCH,0.9,68,MODERATE,DATA_COVERAGE_GAP
RZ-HIST-00896,1,Chennai,2025-11-04 09:35:34,HIGH PREVENTIVE ATTENTION,3.5,84,ADEQUATE,ACCELERATING_30D
RZ-HIST-00897,35,Mayiladuthurai,2024-10-28 17:53:02,LOW,0.6,58,LIMITED,BASELINE_NORMAL
RZ-HIST-00898,28,Pudukkottai,2025-07-19 19:05:25,LOW,0.8,61,MODERATE,ACCELERATING_30D
RZ-HIST-00899,25,Karur,2026-03-29 06:00:40,LOW,0.7,60,MODERATE,BASELINE_NORMAL
RZ-HIST-00900,36,Ranipet,2025-06-28 18:33:13,WATCH,1.6,72,ADEQUATE,DATA_COVERAGE_GAP
RZ-HIST-00901,28,Pudukkottai,2026-04-25 02:54:23,LOW,0.8,61,MODERATE,BASELINE_NORMAL
RZ-HIST-00902,22,Dharmapuri,2025-10-06 23:44:41,WATCH,1.4,66,MODERATE,ACCELERATING_30D
RZ-HIST-00903,8,Erode,2025-12-22 09:40:17,WATCH,1.2,75,ADEQUATE,ACCELERATING_30D
RZ-HIST-00904,14,Kanniyakumari,2026-05-23 23:12:33,WATCH,1.1,70,MODERATE,BASELINE_NORMAL
RZ-HIST-00905,30,Ramanathapuram,2025-05-14 23:38:40,WATCH,1.5,71,MODERATE,DECELERATING
RZ-HIST-00906,24,Nilgiris,2024-11-02 07:54:08,WATCH,1.8,74,MODERATE,DATA_COVERAGE_GAP
RZ-HIST-00907,27,Perambalur,2024-12-31 15:20:57,INSUFFICIENT_DATA,0.4,44,LIMITED,DECELERATING
RZ-HIST-00908,7,Tiruppur,2026-02-12 22:29:31,INCREASING,2.8,80,ADEQUATE,DECELERATING
RZ-HIST-00909,11,Dindigul,2025-01-21 09:30:14,WATCH,0.9,68,MODERATE,BASELINE_NORMAL
RZ-HIST-00910,24,Nilgiris,2024-12-16 03:53:08,WATCH,1.8,74,MODERATE,ACCELERATING_30D
RZ-HIST-00911,23,Namakkal,2024-10-20 03:47:57,WATCH,0.9,68,MODERATE,DECELERATING
RZ-HIST-00912,1,Chennai,2025-06-10 03:19:09,HIGH PREVENTIVE ATTENTION,3.5,84,ADEQUATE,ACCELERATING_30D
RZ-HIST-00913,10,Krishnagiri,2025-05-27 22:19:30,HIGH PREVENTIVE ATTENTION,4.8,85,ADEQUATE,DATA_COVERAGE_GAP
RZ-HIST-00914,36,Ranipet,2025-12-13 21:46:01,WATCH,1.6,72,ADEQUATE,BASELINE_NORMAL
RZ-HIST-00915,3,Madurai,2025-11-12 03:50:50,INCREASING,2.1,78,ADEQUATE,DECELERATING
RZ-HIST-00916,4,Salem,2025-10-27 00:24:38,INCREASING,2.4,82,ADEQUATE,ACCELERATING_30D
RZ-HIST-00917,6,Tirunelveli,2026-07-25 11:30:08,WATCH,1,72,MODERATE,DATA_COVERAGE_GAP
RZ-HIST-00918,34,Nagapattinam,2025-08-26 12:30:13,WATCH,1.2,68,MODERATE,DATA_COVERAGE_GAP
RZ-HIST-00919,29,Sivaganga,2026-05-08 06:25:18,LOW,0.6,59,LIMITED,ACCELERATING_30D
RZ-HIST-00920,33,Thiruvarur,2025-09-12 17:56:24,LOW,0.5,56,LIMITED,ACCELERATING_30D
RZ-HIST-00921,13,Thoothukudi,2026-04-19 12:01:17,INCREASING,2.5,86,ADEQUATE,DATA_COVERAGE_GAP
RZ-HIST-00922,7,Tiruppur,2026-02-22 09:50:20,INCREASING,2.8,80,ADEQUATE,ACCELERATING_30D
RZ-HIST-00923,5,Tiruchirappalli,2025-01-18 15:48:16,WATCH,1.1,74,ADEQUATE,DECELERATING
RZ-HIST-00924,32,Theni,2024-11-23 16:31:28,INCREASING,1.9,73,MODERATE,ACCELERATING_30D
RZ-HIST-00925,35,Mayiladuthurai,2025-10-21 12:11:22,LOW,0.6,58,LIMITED,DATA_COVERAGE_GAP
RZ-HIST-00926,15,Tenkasi,2025-01-12 16:36:04,WATCH,2.3,68,LIMITED,ACCELERATING_30D
RZ-HIST-00927,18,Tiruvallur,2025-12-22 18:37:01,INCREASING,2.3,80,ADEQUATE,DECELERATING
RZ-HIST-00928,9,Vellore,2024-12-04 00:43:51,INCREASING,2.2,76,ADEQUATE,ACCELERATING_30D
RZ-HIST-00929,27,Perambalur,2026-06-06 05:47:55,INSUFFICIENT_DATA,0.4,44,LIMITED,DATA_COVERAGE_GAP
RZ-HIST-00930,19,Cuddalore,2026-07-23 11:49:22,LOW,0.8,62,MODERATE,BASELINE_NORMAL
RZ-HIST-00931,6,Tirunelveli,2025-02-26 05:13:11,WATCH,1,72,MODERATE,DECELERATING
RZ-HIST-00932,4,Salem,2025-12-27 00:43:30,INCREASING,2.4,82,ADEQUATE,DATA_COVERAGE_GAP
RZ-HIST-00933,33,Thiruvarur,2025-12-28 11:32:31,LOW,0.5,56,LIMITED,BASELINE_NORMAL
RZ-HIST-00934,12,Thanjavur,2025-12-07 10:36:01,LOW,0.7,64,MODERATE,BASELINE_NORMAL
RZ-HIST-00935,15,Tenkasi,2026-06-01 04:25:57,WATCH,2.3,68,LIMITED,ACCELERATING_30D
RZ-HIST-00936,38,Tiruvannamalai,2025-11-02 13:35:29,WATCH,1.1,70,ADEQUATE,BASELINE_NORMAL
RZ-HIST-00937,27,Perambalur,2025-05-30 02:09:07,INSUFFICIENT_DATA,0.4,44,LIMITED,DECELERATING
RZ-HIST-00938,19,Cuddalore,2024-12-24 20:39:28,LOW,0.8,62,MODERATE,DECELERATING
RZ-HIST-00939,26,Ariyalur,2025-05-16 03:43:47,INSUFFICIENT_DATA,0.3,42,LIMITED,DECELERATING
RZ-HIST-00940,20,Viluppuram,2026-05-26 09:28:00,WATCH,1,65,MODERATE,ACCELERATING_30D
RZ-HIST-00941,27,Perambalur,2024-11-27 16:58:17,INSUFFICIENT_DATA,0.4,44,LIMITED,DATA_COVERAGE_GAP
RZ-HIST-00942,9,Vellore,2025-09-18 18:26:39,INCREASING,2.2,76,ADEQUATE,DATA_COVERAGE_GAP
RZ-HIST-00943,8,Erode,2025-11-12 01:09:05,WATCH,1.2,75,ADEQUATE,DATA_COVERAGE_GAP
RZ-HIST-00944,5,Tiruchirappalli,2025-01-26 04:27:27,WATCH,1.1,74,ADEQUATE,BASELINE_NORMAL
RZ-HIST-00945,27,Perambalur,2025-08-24 11:38:41,INSUFFICIENT_DATA,0.4,44,LIMITED,ACCELERATING_30D
RZ-HIST-00946,4,Salem,2026-08-15 03:42:56,INCREASING,2.4,82,ADEQUATE,DATA_COVERAGE_GAP
RZ-HIST-00947,27,Perambalur,2026-07-26 11:57:18,INSUFFICIENT_DATA,0.4,44,LIMITED,ACCELERATING_30D
RZ-HIST-00948,7,Tiruppur,2026-01-02 17:04:33,INCREASING,2.8,80,ADEQUATE,DATA_COVERAGE_GAP
RZ-HIST-00949,3,Madurai,2026-02-16 09:47:45,INCREASING,2.1,78,ADEQUATE,BASELINE_NORMAL
RZ-HIST-00950,6,Tirunelveli,2025-01-04 22:06:59,WATCH,1,72,MODERATE,ACCELERATING_30D
RZ-HIST-00951,32,Theni,2026-02-18 02:47:06,INCREASING,1.9,73,MODERATE,DATA_COVERAGE_GAP
RZ-HIST-00952,26,Ariyalur,2025-11-29 11:58:59,INSUFFICIENT_DATA,0.3,42,LIMITED,DECELERATING
RZ-HIST-00953,35,Mayiladuthurai,2024-12-03 16:41:12,LOW,0.6,58,LIMITED,ACCELERATING_30D
RZ-HIST-00954,9,Vellore,2026-04-04 11:31:07,INCREASING,2.2,76,ADEQUATE,DECELERATING
RZ-HIST-00955,7,Tiruppur,2025-06-12 06:48:53,INCREASING,2.8,80,ADEQUATE,DATA_COVERAGE_GAP
RZ-HIST-00956,8,Erode,2025-10-20 18:44:40,WATCH,1.2,75,ADEQUATE,DECELERATING
RZ-HIST-00957,38,Tiruvannamalai,2026-02-15 11:14:27,WATCH,1.1,70,ADEQUATE,DECELERATING
RZ-HIST-00958,5,Tiruchirappalli,2025-01-24 11:05:50,WATCH,1.1,74,ADEQUATE,ACCELERATING_30D
RZ-HIST-00959,24,Nilgiris,2026-06-13 15:19:38,WATCH,1.8,74,MODERATE,BASELINE_NORMAL
RZ-HIST-00960,25,Karur,2025-11-18 16:05:24,LOW,0.7,60,MODERATE,DATA_COVERAGE_GAP
RZ-HIST-00961,8,Erode,2025-04-30 16:15:19,WATCH,1.2,75,ADEQUATE,DATA_COVERAGE_GAP
RZ-HIST-00962,35,Mayiladuthurai,2025-03-10 13:41:29,LOW,0.6,58,LIMITED,ACCELERATING_30D
RZ-HIST-00963,25,Karur,2024-12-23 18:34:32,LOW,0.7,60,MODERATE,DATA_COVERAGE_GAP
RZ-HIST-00964,7,Tiruppur,2025-07-29 05:44:22,INCREASING,2.8,80,ADEQUATE,DATA_COVERAGE_GAP
RZ-HIST-00965,23,Namakkal,2026-07-01 18:17:29,WATCH,0.9,68,MODERATE,BASELINE_NORMAL
RZ-HIST-00966,16,Kancheepuram,2026-05-01 23:43:00,WATCH,1,72,ADEQUATE,ACCELERATING_30D
RZ-HIST-00967,25,Karur,2024-12-21 16:47:13,LOW,0.7,60,MODERATE,BASELINE_NORMAL
RZ-HIST-00968,32,Theni,2025-04-01 03:35:21,INCREASING,1.9,73,MODERATE,DECELERATING
RZ-HIST-00969,32,Theni,2025-12-11 16:47:54,INCREASING,1.9,73,MODERATE,DATA_COVERAGE_GAP
RZ-HIST-00970,6,Tirunelveli,2026-02-19 23:16:56,WATCH,1,72,MODERATE,BASELINE_NORMAL
RZ-HIST-00971,20,Viluppuram,2025-05-13 08:51:49,WATCH,1,65,MODERATE,BASELINE_NORMAL
RZ-HIST-00972,19,Cuddalore,2025-04-24 08:51:04,LOW,0.8,62,MODERATE,DECELERATING
RZ-HIST-00973,20,Viluppuram,2026-03-23 01:30:03,WATCH,1,65,MODERATE,DECELERATING
RZ-HIST-00974,19,Cuddalore,2026-01-21 02:42:44,LOW,0.8,62,MODERATE,DECELERATING
RZ-HIST-00975,16,Kancheepuram,2025-12-02 02:49:12,WATCH,1,72,ADEQUATE,DATA_COVERAGE_GAP
RZ-HIST-00976,18,Tiruvallur,2025-12-27 17:13:10,INCREASING,2.3,80,ADEQUATE,BASELINE_NORMAL
RZ-HIST-00977,9,Vellore,2025-12-08 15:24:36,INCREASING,2.2,76,ADEQUATE,BASELINE_NORMAL
RZ-HIST-00978,21,Kallakurichi,2025-02-04 13:11:59,LOW,0.6,58,LIMITED,DATA_COVERAGE_GAP
RZ-HIST-00979,25,Karur,2025-11-21 08:21:11,LOW,0.7,60,MODERATE,BASELINE_NORMAL
RZ-HIST-00980,27,Perambalur,2025-02-14 08:31:07,INSUFFICIENT_DATA,0.4,44,LIMITED,BASELINE_NORMAL
RZ-HIST-00981,3,Madurai,2025-08-12 10:42:36,INCREASING,2.1,78,ADEQUATE,DATA_COVERAGE_GAP
RZ-HIST-00982,18,Tiruvallur,2025-04-22 01:10:40,INCREASING,2.3,80,ADEQUATE,ACCELERATING_30D
RZ-HIST-00983,14,Kanniyakumari,2026-07-20 03:25:15,WATCH,1.1,70,MODERATE,DECELERATING
RZ-HIST-00984,29,Sivaganga,2025-02-17 20:13:04,LOW,0.6,59,LIMITED,BASELINE_NORMAL
RZ-HIST-00985,13,Thoothukudi,2025-06-19 06:07:17,INCREASING,2.5,86,ADEQUATE,BASELINE_NORMAL
RZ-HIST-00986,31,Virudhunagar,2025-11-18 20:59:11,WATCH,1,69,MODERATE,DECELERATING
RZ-HIST-00987,17,Chengalpattu,2025-11-08 16:51:25,INCREASING,2.1,78,ADEQUATE,BASELINE_NORMAL
RZ-HIST-00988,6,Tirunelveli,2024-12-30 17:24:05,WATCH,1,72,MODERATE,ACCELERATING_30D
RZ-HIST-00989,3,Madurai,2024-10-06 23:44:42,INCREASING,2.1,78,ADEQUATE,DATA_COVERAGE_GAP
RZ-HIST-00990,7,Tiruppur,2024-10-01 15:19:43,INCREASING,2.8,80,ADEQUATE,DECELERATING
RZ-HIST-00991,27,Perambalur,2026-02-03 15:44:10,INSUFFICIENT_DATA,0.4,44,LIMITED,ACCELERATING_30D
RZ-HIST-00992,19,Cuddalore,2025-08-15 11:31:32,LOW,0.8,62,MODERATE,DECELERATING
RZ-HIST-00993,38,Tiruvannamalai,2025-03-23 12:28:51,WATCH,1.1,70,ADEQUATE,DECELERATING
RZ-HIST-00994,29,Sivaganga,2025-05-16 03:44:31,LOW,0.6,59,LIMITED,BASELINE_NORMAL
RZ-HIST-00995,16,Kancheepuram,2026-01-25 19:34:31,WATCH,1,72,ADEQUATE,BASELINE_NORMAL
RZ-HIST-00996,34,Nagapattinam,2026-06-07 08:34:12,WATCH,1.2,68,MODERATE,DATA_COVERAGE_GAP
RZ-HIST-00997,1,Chennai,2026-02-27 09:44:42,HIGH PREVENTIVE ATTENTION,3.5,84,ADEQUATE,BASELINE_NORMAL
RZ-HIST-00998,28,Pudukkottai,2026-02-25 16:57:31,LOW,0.8,61,MODERATE,ACCELERATING_30D
RZ-HIST-00999,1,Chennai,2025-08-14 22:36:15,HIGH PREVENTIVE ATTENTION,3.5,84,ADEQUATE,BASELINE_NORMAL
RZ-HIST-01000,18,Tiruvallur,2026-06-05 23:26:25,INCREASING,2.3,80,ADEQUATE,ACCELERATING_30D
RZ-HIST-01001,30,Ramanathapuram,2025-03-10 08:45:31,WATCH,1.5,71,MODERATE,BASELINE_NORMAL
RZ-HIST-01002,20,Viluppuram,2024-11-11 12:15:12,WATCH,1,65,MODERATE,ACCELERATING_30D
RZ-HIST-01003,10,Krishnagiri,2025-12-30 22:10:53,HIGH PREVENTIVE ATTENTION,4.8,85,ADEQUATE,BASELINE_NORMAL
RZ-HIST-01004,10,Krishnagiri,2026-08-15 10:59:20,HIGH PREVENTIVE ATTENTION,4.8,85,ADEQUATE,ACCELERATING_30D
RZ-HIST-01005,23,Namakkal,2026-07-06 23:12:12,WATCH,0.9,68,MODERATE,DECELERATING
RZ-HIST-01006,25,Karur,2025-12-20 17:10:07,LOW,0.7,60,MODERATE,DATA_COVERAGE_GAP
RZ-HIST-01007,9,Vellore,2025-06-09 08:23:17,INCREASING,2.2,76,ADEQUATE,ACCELERATING_30D
RZ-HIST-01008,38,Tiruvannamalai,2025-04-05 13:47:15,WATCH,1.1,70,ADEQUATE,ACCELERATING_30D
RZ-HIST-01009,21,Kallakurichi,2026-04-27 04:14:42,LOW,0.6,58,LIMITED,ACCELERATING_30D
RZ-HIST-01010,18,Tiruvallur,2026-05-22 08:13:23,INCREASING,2.3,80,ADEQUATE,BASELINE_NORMAL
RZ-HIST-01011,2,Coimbatore,2026-08-12 08:43:24,HIGH PREVENTIVE ATTENTION,6,88,ADEQUATE,BASELINE_NORMAL
RZ-HIST-01012,2,Coimbatore,2025-02-03 20:03:48,HIGH PREVENTIVE ATTENTION,6,88,ADEQUATE,ACCELERATING_30D
RZ-HIST-01013,21,Kallakurichi,2026-05-15 09:25:53,LOW,0.6,58,LIMITED,DECELERATING
RZ-HIST-01014,6,Tirunelveli,2026-04-07 20:10:24,WATCH,1,72,MODERATE,DATA_COVERAGE_GAP
RZ-HIST-01015,9,Vellore,2025-04-30 09:00:32,INCREASING,2.2,76,ADEQUATE,DECELERATING
RZ-HIST-01016,14,Kanniyakumari,2024-10-21 07:14:52,WATCH,1.1,70,MODERATE,DATA_COVERAGE_GAP
RZ-HIST-01017,9,Vellore,2025-11-27 21:59:38,INCREASING,2.2,76,ADEQUATE,ACCELERATING_30D
RZ-HIST-01018,13,Thoothukudi,2026-03-16 03:31:12,INCREASING,2.5,86,ADEQUATE,DATA_COVERAGE_GAP
RZ-HIST-01019,27,Perambalur,2025-10-23 23:51:12,INSUFFICIENT_DATA,0.4,44,LIMITED,BASELINE_NORMAL
RZ-HIST-01020,14,Kanniyakumari,2024-12-29 15:09:18,WATCH,1.1,70,MODERATE,BASELINE_NORMAL
RZ-HIST-01021,2,Coimbatore,2024-12-06 02:28:22,HIGH PREVENTIVE ATTENTION,6,88,ADEQUATE,DATA_COVERAGE_GAP
RZ-HIST-01022,33,Thiruvarur,2025-05-17 21:57:21,LOW,0.5,56,LIMITED,DECELERATING
RZ-HIST-01023,28,Pudukkottai,2025-09-17 18:51:34,LOW,0.8,61,MODERATE,DECELERATING
RZ-HIST-01024,8,Erode,2024-12-09 00:01:46,WATCH,1.2,75,ADEQUATE,DATA_COVERAGE_GAP
RZ-HIST-01025,18,Tiruvallur,2025-10-04 12:51:21,INCREASING,2.3,80,ADEQUATE,ACCELERATING_30D
RZ-HIST-01026,7,Tiruppur,2025-11-26 16:15:42,INCREASING,2.8,80,ADEQUATE,DECELERATING
RZ-HIST-01027,38,Tiruvannamalai,2026-06-08 07:21:00,WATCH,1.1,70,ADEQUATE,ACCELERATING_30D
RZ-HIST-01028,32,Theni,2025-02-25 07:20:04,INCREASING,1.9,73,MODERATE,DATA_COVERAGE_GAP
RZ-HIST-01029,30,Ramanathapuram,2025-09-07 17:31:25,WATCH,1.5,71,MODERATE,BASELINE_NORMAL
RZ-HIST-01030,12,Thanjavur,2026-06-19 22:20:47,LOW,0.7,64,MODERATE,BASELINE_NORMAL
RZ-HIST-01031,24,Nilgiris,2026-03-15 06:36:24,WATCH,1.8,74,MODERATE,DECELERATING
RZ-HIST-01032,25,Karur,2024-11-17 08:54:22,LOW,0.7,60,MODERATE,ACCELERATING_30D
RZ-HIST-01033,9,Vellore,2026-05-19 17:30:21,INCREASING,2.2,76,ADEQUATE,DATA_COVERAGE_GAP
RZ-HIST-01034,12,Thanjavur,2024-09-26 01:20:11,LOW,0.7,64,MODERATE,ACCELERATING_30D
RZ-HIST-01035,26,Ariyalur,2026-01-31 23:25:54,INSUFFICIENT_DATA,0.3,42,LIMITED,ACCELERATING_30D
RZ-HIST-01036,31,Virudhunagar,2025-04-19 15:32:31,WATCH,1,69,MODERATE,BASELINE_NORMAL
RZ-HIST-01037,38,Tiruvannamalai,2024-10-21 21:19:52,WATCH,1.1,70,ADEQUATE,ACCELERATING_30D
RZ-HIST-01038,3,Madurai,2025-06-09 05:24:28,INCREASING,2.1,78,ADEQUATE,BASELINE_NORMAL
RZ-HIST-01039,27,Perambalur,2025-06-27 06:36:28,INSUFFICIENT_DATA,0.4,44,LIMITED,ACCELERATING_30D
RZ-HIST-01040,27,Perambalur,2024-12-08 05:00:20,INSUFFICIENT_DATA,0.4,44,LIMITED,BASELINE_NORMAL
RZ-HIST-01041,23,Namakkal,2025-11-04 13:17:54,WATCH,0.9,68,MODERATE,DATA_COVERAGE_GAP
RZ-HIST-01042,10,Krishnagiri,2025-08-11 19:23:56,HIGH PREVENTIVE ATTENTION,4.8,85,ADEQUATE,ACCELERATING_30D
RZ-HIST-01043,28,Pudukkottai,2026-04-04 04:43:42,LOW,0.8,61,MODERATE,BASELINE_NORMAL
RZ-HIST-01044,16,Kancheepuram,2026-06-18 10:41:50,WATCH,1,72,ADEQUATE,ACCELERATING_30D
RZ-HIST-01045,34,Nagapattinam,2025-03-24 20:57:26,WATCH,1.2,68,MODERATE,ACCELERATING_30D
RZ-HIST-01046,4,Salem,2024-10-24 02:00:54,INCREASING,2.4,82,ADEQUATE,ACCELERATING_30D
RZ-HIST-01047,31,Virudhunagar,2024-10-21 19:20:42,WATCH,1,69,MODERATE,DECELERATING
RZ-HIST-01048,11,Dindigul,2026-02-07 22:29:08,WATCH,0.9,68,MODERATE,BASELINE_NORMAL
RZ-HIST-01049,31,Virudhunagar,2025-12-23 07:47:15,WATCH,1,69,MODERATE,BASELINE_NORMAL
RZ-HIST-01050,35,Mayiladuthurai,2024-10-25 05:35:47,LOW,0.6,58,LIMITED,DATA_COVERAGE_GAP
RZ-HIST-01051,21,Kallakurichi,2024-10-11 05:46:58,LOW,0.6,58,LIMITED,ACCELERATING_30D
RZ-HIST-01052,17,Chengalpattu,2026-03-08 10:50:59,INCREASING,2.1,78,ADEQUATE,DATA_COVERAGE_GAP
RZ-HIST-01053,36,Ranipet,2025-11-05 12:17:53,WATCH,1.6,72,ADEQUATE,DECELERATING
RZ-HIST-01054,27,Perambalur,2026-08-18 21:01:14,INSUFFICIENT_DATA,0.4,44,LIMITED,DATA_COVERAGE_GAP
RZ-HIST-01055,36,Ranipet,2025-06-01 09:47:15,WATCH,1.6,72,ADEQUATE,BASELINE_NORMAL
RZ-HIST-01056,36,Ranipet,2025-07-15 13:57:56,WATCH,1.6,72,ADEQUATE,ACCELERATING_30D
RZ-HIST-01057,20,Viluppuram,2025-08-11 05:22:58,WATCH,1,65,MODERATE,DATA_COVERAGE_GAP
RZ-HIST-01058,34,Nagapattinam,2025-04-20 11:29:59,WATCH,1.2,68,MODERATE,ACCELERATING_30D
RZ-HIST-01059,6,Tirunelveli,2025-09-08 22:59:20,WATCH,1,72,MODERATE,DECELERATING
RZ-HIST-01060,8,Erode,2025-10-03 23:56:46,WATCH,1.2,75,ADEQUATE,DATA_COVERAGE_GAP
RZ-HIST-01061,24,Nilgiris,2024-11-02 12:00:00,WATCH,1.8,74,MODERATE,BASELINE_NORMAL
RZ-HIST-01062,7,Tiruppur,2025-11-20 07:29:36,INCREASING,2.8,80,ADEQUATE,DECELERATING
RZ-HIST-01063,37,Tirupathur,2025-11-05 13:57:58,WATCH,1.2,67,MODERATE,DATA_COVERAGE_GAP
RZ-HIST-01064,24,Nilgiris,2025-11-14 23:05:38,WATCH,1.8,74,MODERATE,DECELERATING
RZ-HIST-01065,24,Nilgiris,2025-11-12 16:59:16,WATCH,1.8,74,MODERATE,ACCELERATING_30D
RZ-HIST-01066,30,Ramanathapuram,2025-09-23 18:42:03,WATCH,1.5,71,MODERATE,ACCELERATING_30D
RZ-HIST-01067,14,Kanniyakumari,2025-02-19 13:09:08,WATCH,1.1,70,MODERATE,BASELINE_NORMAL
RZ-HIST-01068,23,Namakkal,2025-11-08 16:31:21,WATCH,0.9,68,MODERATE,DATA_COVERAGE_GAP
RZ-HIST-01069,37,Tirupathur,2025-07-03 02:50:43,WATCH,1.2,67,MODERATE,DATA_COVERAGE_GAP
RZ-HIST-01070,13,Thoothukudi,2024-12-06 12:35:07,INCREASING,2.5,86,ADEQUATE,ACCELERATING_30D
RZ-HIST-01071,5,Tiruchirappalli,2025-04-08 20:32:35,WATCH,1.1,74,ADEQUATE,ACCELERATING_30D
RZ-HIST-01072,3,Madurai,2025-11-15 08:12:32,INCREASING,2.1,78,ADEQUATE,DECELERATING
RZ-HIST-01073,36,Ranipet,2026-07-12 12:36:39,WATCH,1.6,72,ADEQUATE,DECELERATING
RZ-HIST-01074,25,Karur,2026-02-11 14:19:46,LOW,0.7,60,MODERATE,ACCELERATING_30D
RZ-HIST-01075,37,Tirupathur,2024-10-28 04:37:40,WATCH,1.2,67,MODERATE,DATA_COVERAGE_GAP
RZ-HIST-01076,14,Kanniyakumari,2026-05-22 10:05:41,WATCH,1.1,70,MODERATE,DATA_COVERAGE_GAP
RZ-HIST-01077,24,Nilgiris,2025-05-20 21:50:36,WATCH,1.8,74,MODERATE,BASELINE_NORMAL
RZ-HIST-01078,1,Chennai,2025-07-17 09:45:57,HIGH PREVENTIVE ATTENTION,3.5,84,ADEQUATE,ACCELERATING_30D
RZ-HIST-01079,5,Tiruchirappalli,2026-01-10 16:58:35,WATCH,1.1,74,ADEQUATE,DECELERATING
RZ-HIST-01080,24,Nilgiris,2025-03-19 22:48:41,WATCH,1.8,74,MODERATE,DATA_COVERAGE_GAP
RZ-HIST-01081,20,Viluppuram,2025-01-01 01:53:02,WATCH,1,65,MODERATE,DECELERATING
RZ-HIST-01082,28,Pudukkottai,2024-10-26 04:58:21,LOW,0.8,61,MODERATE,DATA_COVERAGE_GAP
RZ-HIST-01083,38,Tiruvannamalai,2024-12-29 21:43:20,WATCH,1.1,70,ADEQUATE,ACCELERATING_30D
RZ-HIST-01084,34,Nagapattinam,2026-05-26 14:50:31,WATCH,1.2,68,MODERATE,ACCELERATING_30D
RZ-HIST-01085,28,Pudukkottai,2024-11-13 22:00:00,LOW,0.8,61,MODERATE,DECELERATING
RZ-HIST-01086,35,Mayiladuthurai,2025-08-08 04:14:33,LOW,0.6,58,LIMITED,DECELERATING
RZ-HIST-01087,2,Coimbatore,2026-05-20 13:27:32,HIGH PREVENTIVE ATTENTION,6,88,ADEQUATE,ACCELERATING_30D
RZ-HIST-01088,20,Viluppuram,2025-01-06 16:47:27,WATCH,1,65,MODERATE,BASELINE_NORMAL
RZ-HIST-01089,24,Nilgiris,2025-02-06 22:53:28,WATCH,1.8,74,MODERATE,BASELINE_NORMAL
RZ-HIST-01090,27,Perambalur,2026-03-23 10:10:26,INSUFFICIENT_DATA,0.4,44,LIMITED,DECELERATING
RZ-HIST-01091,8,Erode,2025-03-07 09:24:18,WATCH,1.2,75,ADEQUATE,DECELERATING
RZ-HIST-01092,2,Coimbatore,2026-02-15 12:07:51,HIGH PREVENTIVE ATTENTION,6,88,ADEQUATE,DATA_COVERAGE_GAP
RZ-HIST-01093,10,Krishnagiri,2025-06-16 22:09:44,HIGH PREVENTIVE ATTENTION,4.8,85,ADEQUATE,ACCELERATING_30D
RZ-HIST-01094,13,Thoothukudi,2026-01-30 01:44:45,INCREASING,2.5,86,ADEQUATE,DATA_COVERAGE_GAP
RZ-HIST-01095,26,Ariyalur,2025-12-11 04:03:17,INSUFFICIENT_DATA,0.3,42,LIMITED,ACCELERATING_30D
RZ-HIST-01096,21,Kallakurichi,2025-10-14 00:02:47,LOW,0.6,58,LIMITED,ACCELERATING_30D
RZ-HIST-01097,22,Dharmapuri,2025-04-27 02:34:22,WATCH,1.4,66,MODERATE,ACCELERATING_30D
RZ-HIST-01098,16,Kancheepuram,2025-04-23 12:41:54,WATCH,1,72,ADEQUATE,ACCELERATING_30D
RZ-HIST-01099,35,Mayiladuthurai,2026-07-25 19:57:11,LOW,0.6,58,LIMITED,BASELINE_NORMAL
RZ-HIST-01100,37,Tirupathur,2025-08-15 06:50:39,WATCH,1.2,67,MODERATE,DECELERATING
RZ-HIST-01101,11,Dindigul,2026-03-03 10:08:23,WATCH,0.9,68,MODERATE,DECELERATING
RZ-HIST-01102,34,Nagapattinam,2024-12-02 18:54:49,WATCH,1.2,68,MODERATE,DECELERATING
RZ-HIST-01103,31,Virudhunagar,2026-05-16 08:25:34,WATCH,1,69,MODERATE,DATA_COVERAGE_GAP
RZ-HIST-01104,16,Kancheepuram,2026-08-06 12:56:25,WATCH,1,72,ADEQUATE,BASELINE_NORMAL
RZ-HIST-01105,12,Thanjavur,2026-04-11 22:43:39,LOW,0.7,64,MODERATE,BASELINE_NORMAL
RZ-HIST-01106,10,Krishnagiri,2025-11-08 01:38:21,HIGH PREVENTIVE ATTENTION,4.8,85,ADEQUATE,DECELERATING
RZ-HIST-01107,7,Tiruppur,2025-02-24 07:32:46,INCREASING,2.8,80,ADEQUATE,ACCELERATING_30D
RZ-HIST-01108,10,Krishnagiri,2025-09-22 23:58:26,HIGH PREVENTIVE ATTENTION,4.8,85,ADEQUATE,DECELERATING
RZ-HIST-01109,8,Erode,2025-11-16 07:50:47,WATCH,1.2,75,ADEQUATE,BASELINE_NORMAL
RZ-HIST-01110,32,Theni,2025-02-21 03:42:54,INCREASING,1.9,73,MODERATE,BASELINE_NORMAL
RZ-HIST-01111,6,Tirunelveli,2025-04-12 08:33:23,WATCH,1,72,MODERATE,DECELERATING
RZ-HIST-01112,2,Coimbatore,2026-08-07 02:25:02,HIGH PREVENTIVE ATTENTION,6,88,ADEQUATE,BASELINE_NORMAL
RZ-HIST-01113,26,Ariyalur,2026-04-30 19:29:59,INSUFFICIENT_DATA,0.3,42,LIMITED,DATA_COVERAGE_GAP
RZ-HIST-01114,24,Nilgiris,2026-05-26 11:45:17,WATCH,1.8,74,MODERATE,DECELERATING
RZ-HIST-01115,8,Erode,2025-02-02 16:23:45,WATCH,1.2,75,ADEQUATE,DATA_COVERAGE_GAP
RZ-HIST-01116,30,Ramanathapuram,2024-12-03 03:16:34,WATCH,1.5,71,MODERATE,DECELERATING
RZ-HIST-01117,27,Perambalur,2024-12-23 01:43:06,INSUFFICIENT_DATA,0.4,44,LIMITED,DECELERATING
RZ-HIST-01118,33,Thiruvarur,2025-07-17 18:55:53,LOW,0.5,56,LIMITED,DECELERATING
RZ-HIST-01119,25,Karur,2025-03-29 09:55:36,LOW,0.7,60,MODERATE,ACCELERATING_30D
RZ-HIST-01120,35,Mayiladuthurai,2025-08-07 17:41:50,LOW,0.6,58,LIMITED,DATA_COVERAGE_GAP
RZ-HIST-01121,25,Karur,2026-02-08 04:22:27,LOW,0.7,60,MODERATE,DATA_COVERAGE_GAP
RZ-HIST-01122,34,Nagapattinam,2026-04-13 03:25:53,WATCH,1.2,68,MODERATE,DECELERATING
RZ-HIST-01123,21,Kallakurichi,2025-04-07 19:13:28,LOW,0.6,58,LIMITED,ACCELERATING_30D
RZ-HIST-01124,18,Tiruvallur,2025-09-02 06:42:54,INCREASING,2.3,80,ADEQUATE,ACCELERATING_30D
RZ-HIST-01125,2,Coimbatore,2025-10-29 13:03:29,HIGH PREVENTIVE ATTENTION,6,88,ADEQUATE,DATA_COVERAGE_GAP
RZ-HIST-01126,11,Dindigul,2025-02-18 10:34:12,WATCH,0.9,68,MODERATE,DATA_COVERAGE_GAP
RZ-HIST-01127,26,Ariyalur,2025-02-16 09:16:59,INSUFFICIENT_DATA,0.3,42,LIMITED,ACCELERATING_30D
RZ-HIST-01128,9,Vellore,2026-04-08 18:59:07,INCREASING,2.2,76,ADEQUATE,ACCELERATING_30D
RZ-HIST-01129,20,Viluppuram,2026-01-03 03:11:04,WATCH,1,65,MODERATE,DECELERATING
RZ-HIST-01130,30,Ramanathapuram,2025-03-11 13:51:58,WATCH,1.5,71,MODERATE,DECELERATING
RZ-HIST-01131,30,Ramanathapuram,2025-01-14 01:01:20,WATCH,1.5,71,MODERATE,DECELERATING
RZ-HIST-01132,6,Tirunelveli,2025-01-03 22:18:54,WATCH,1,72,MODERATE,BASELINE_NORMAL
RZ-HIST-01133,15,Tenkasi,2025-08-20 12:03:57,WATCH,2.3,68,LIMITED,BASELINE_NORMAL
RZ-HIST-01134,7,Tiruppur,2026-07-03 13:54:56,INCREASING,2.8,80,ADEQUATE,ACCELERATING_30D
RZ-HIST-01135,15,Tenkasi,2025-09-05 17:36:25,WATCH,2.3,68,LIMITED,ACCELERATING_30D
RZ-HIST-01136,29,Sivaganga,2026-06-15 12:06:23,LOW,0.6,59,LIMITED,DATA_COVERAGE_GAP
RZ-HIST-01137,21,Kallakurichi,2024-11-23 08:16:44,LOW,0.6,58,LIMITED,ACCELERATING_30D
RZ-HIST-01138,24,Nilgiris,2026-04-27 07:00:56,WATCH,1.8,74,MODERATE,ACCELERATING_30D
RZ-HIST-01139,32,Theni,2026-04-10 06:26:32,INCREASING,1.9,73,MODERATE,DATA_COVERAGE_GAP
RZ-HIST-01140,12,Thanjavur,2025-03-12 10:40:51,LOW,0.7,64,MODERATE,DECELERATING
RZ-HIST-01141,12,Thanjavur,2025-02-16 14:59:14,LOW,0.7,64,MODERATE,ACCELERATING_30D
RZ-HIST-01142,33,Thiruvarur,2026-04-10 14:38:49,LOW,0.5,56,LIMITED,ACCELERATING_30D
RZ-HIST-01143,23,Namakkal,2025-10-21 11:04:13,WATCH,0.9,68,MODERATE,ACCELERATING_30D
RZ-HIST-01144,23,Namakkal,2026-02-28 22:01:47,WATCH,0.9,68,MODERATE,DATA_COVERAGE_GAP
RZ-HIST-01145,13,Thoothukudi,2024-12-07 04:19:28,INCREASING,2.5,86,ADEQUATE,DECELERATING
RZ-HIST-01146,22,Dharmapuri,2024-10-05 16:00:51,WATCH,1.4,66,MODERATE,DECELERATING
RZ-HIST-01147,28,Pudukkottai,2025-07-01 21:48:55,LOW,0.8,61,MODERATE,BASELINE_NORMAL
RZ-HIST-01148,18,Tiruvallur,2025-08-27 14:17:02,INCREASING,2.3,80,ADEQUATE,ACCELERATING_30D
RZ-HIST-01149,36,Ranipet,2025-11-24 09:22:43,WATCH,1.6,72,ADEQUATE,ACCELERATING_30D
RZ-HIST-01150,32,Theni,2024-11-15 20:50:44,INCREASING,1.9,73,MODERATE,DECELERATING
RZ-HIST-01151,5,Tiruchirappalli,2024-10-22 04:39:23,WATCH,1.1,74,ADEQUATE,ACCELERATING_30D
RZ-HIST-01152,7,Tiruppur,2025-06-25 04:30:05,INCREASING,2.8,80,ADEQUATE,DECELERATING
RZ-HIST-01153,36,Ranipet,2025-12-03 19:26:24,WATCH,1.6,72,ADEQUATE,BASELINE_NORMAL
RZ-HIST-01154,26,Ariyalur,2026-06-16 22:01:09,INSUFFICIENT_DATA,0.3,42,LIMITED,DATA_COVERAGE_GAP
RZ-HIST-01155,27,Perambalur,2025-04-17 09:40:23,INSUFFICIENT_DATA,0.4,44,LIMITED,ACCELERATING_30D
RZ-HIST-01156,28,Pudukkottai,2025-12-16 18:53:55,LOW,0.8,61,MODERATE,BASELINE_NORMAL
RZ-HIST-01157,22,Dharmapuri,2025-10-20 12:17:49,WATCH,1.4,66,MODERATE,DECELERATING
RZ-HIST-01158,33,Thiruvarur,2024-11-01 10:32:19,LOW,0.5,56,LIMITED,DATA_COVERAGE_GAP
RZ-HIST-01159,24,Nilgiris,2025-11-26 05:04:35,WATCH,1.8,74,MODERATE,DATA_COVERAGE_GAP
RZ-HIST-01160,15,Tenkasi,2025-10-22 23:51:44,WATCH,2.3,68,LIMITED,ACCELERATING_30D
RZ-HIST-01161,32,Theni,2025-07-17 23:15:42,INCREASING,1.9,73,MODERATE,BASELINE_NORMAL
RZ-HIST-01162,35,Mayiladuthurai,2025-08-11 22:40:52,LOW,0.6,58,LIMITED,DECELERATING
RZ-HIST-01163,29,Sivaganga,2025-01-25 18:04:30,LOW,0.6,59,LIMITED,ACCELERATING_30D
RZ-HIST-01164,5,Tiruchirappalli,2026-05-30 20:17:33,WATCH,1.1,74,ADEQUATE,DATA_COVERAGE_GAP
RZ-HIST-01165,23,Namakkal,2025-01-20 03:11:22,WATCH,0.9,68,MODERATE,ACCELERATING_30D
RZ-HIST-01166,18,Tiruvallur,2026-03-18 01:54:00,INCREASING,2.3,80,ADEQUATE,ACCELERATING_30D
RZ-HIST-01167,15,Tenkasi,2024-12-05 14:41:06,WATCH,2.3,68,LIMITED,DATA_COVERAGE_GAP
RZ-HIST-01168,32,Theni,2025-03-06 08:15:56,INCREASING,1.9,73,MODERATE,DECELERATING
RZ-HIST-01169,3,Madurai,2025-04-08 15:20:36,INCREASING,2.1,78,ADEQUATE,ACCELERATING_30D
RZ-HIST-01170,10,Krishnagiri,2026-03-09 19:20:15,HIGH PREVENTIVE ATTENTION,4.8,85,ADEQUATE,ACCELERATING_30D
RZ-HIST-01171,3,Madurai,2026-05-03 03:37:53,INCREASING,2.1,78,ADEQUATE,BASELINE_NORMAL
RZ-HIST-01172,17,Chengalpattu,2025-10-21 06:51:18,INCREASING,2.1,78,ADEQUATE,ACCELERATING_30D
RZ-HIST-01173,4,Salem,2026-03-25 20:24:07,INCREASING,2.4,82,ADEQUATE,DATA_COVERAGE_GAP
RZ-HIST-01174,31,Virudhunagar,2025-05-23 02:01:06,WATCH,1,69,MODERATE,DATA_COVERAGE_GAP
RZ-HIST-01175,29,Sivaganga,2025-02-01 04:40:19,LOW,0.6,59,LIMITED,BASELINE_NORMAL
RZ-HIST-01176,25,Karur,2025-07-02 22:12:50,LOW,0.7,60,MODERATE,DECELERATING
RZ-HIST-01177,25,Karur,2025-10-10 12:42:05,LOW,0.7,60,MODERATE,BASELINE_NORMAL
RZ-HIST-01178,10,Krishnagiri,2024-11-30 01:54:18,HIGH PREVENTIVE ATTENTION,4.8,85,ADEQUATE,DATA_COVERAGE_GAP
RZ-HIST-01179,18,Tiruvallur,2024-12-11 08:42:16,INCREASING,2.3,80,ADEQUATE,DATA_COVERAGE_GAP
RZ-HIST-01180,23,Namakkal,2024-11-05 10:15:42,WATCH,0.9,68,MODERATE,DATA_COVERAGE_GAP
RZ-HIST-01181,11,Dindigul,2026-04-04 16:01:42,WATCH,0.9,68,MODERATE,ACCELERATING_30D
RZ-HIST-01182,12,Thanjavur,2025-10-17 15:11:30,LOW,0.7,64,MODERATE,DATA_COVERAGE_GAP
RZ-HIST-01183,10,Krishnagiri,2025-02-25 21:13:15,HIGH PREVENTIVE ATTENTION,4.8,85,ADEQUATE,ACCELERATING_30D
RZ-HIST-01184,24,Nilgiris,2025-05-24 21:42:50,WATCH,1.8,74,MODERATE,DECELERATING
RZ-HIST-01185,3,Madurai,2025-10-25 15:36:02,INCREASING,2.1,78,ADEQUATE,BASELINE_NORMAL
RZ-HIST-01186,11,Dindigul,2025-07-20 18:41:58,WATCH,0.9,68,MODERATE,DATA_COVERAGE_GAP
RZ-HIST-01187,26,Ariyalur,2024-10-14 09:13:56,INSUFFICIENT_DATA,0.3,42,LIMITED,BASELINE_NORMAL
RZ-HIST-01188,8,Erode,2025-11-29 16:28:08,WATCH,1.2,75,ADEQUATE,ACCELERATING_30D
RZ-HIST-01189,8,Erode,2026-08-06 21:15:24,WATCH,1.2,75,ADEQUATE,DATA_COVERAGE_GAP
RZ-HIST-01190,20,Viluppuram,2026-03-31 09:58:59,WATCH,1,65,MODERATE,DATA_COVERAGE_GAP
RZ-HIST-01191,16,Kancheepuram,2025-02-23 00:55:29,WATCH,1,72,ADEQUATE,DECELERATING
RZ-HIST-01192,30,Ramanathapuram,2024-12-29 04:34:58,WATCH,1.5,71,MODERATE,BASELINE_NORMAL
RZ-HIST-01193,6,Tirunelveli,2025-03-18 10:41:51,WATCH,1,72,MODERATE,DECELERATING
RZ-HIST-01194,8,Erode,2025-06-28 11:29:18,WATCH,1.2,75,ADEQUATE,ACCELERATING_30D
RZ-HIST-01195,27,Perambalur,2025-12-13 14:58:54,INSUFFICIENT_DATA,0.4,44,LIMITED,DATA_COVERAGE_GAP
RZ-HIST-01196,18,Tiruvallur,2026-01-11 05:00:32,INCREASING,2.3,80,ADEQUATE,BASELINE_NORMAL
RZ-HIST-01197,1,Chennai,2025-01-22 22:35:43,HIGH PREVENTIVE ATTENTION,3.5,84,ADEQUATE,BASELINE_NORMAL
RZ-HIST-01198,38,Tiruvannamalai,2024-11-14 21:04:01,WATCH,1.1,70,ADEQUATE,DATA_COVERAGE_GAP
RZ-HIST-01199,19,Cuddalore,2026-03-19 04:39:15,LOW,0.8,62,MODERATE,ACCELERATING_30D
RZ-HIST-01200,37,Tirupathur,2026-08-15 11:02:43,WATCH,1.2,67,MODERATE,DATA_COVERAGE_GAP