forecast_id,district_id,district_name,generated_at,target_horizon,forecast_risk_level,forecast_confidence,primary_contributing_factor,model_version,safeguard_disclaimer
FC-HIST-00001,1,Chennai,2024-11-07 09:53:20,90_DAY_PREVENTIVE_ATTENTION,HIGH PREVENTIVE ATTENTION,90,INTERSTATE_FREIGHT_DISCREPANCY,NARVEX_TEMPORAL_BAYES_V2.1,Preventive attention priority indicator only; not criminal proof.
FC-HIST-00002,23,Namakkal,2025-11-07 02:22:52,90_DAY_PREVENTIVE_ATTENTION,HIGH PREVENTIVE ATTENTION,91,HIGHWAY_CHECKPOST_ACCELERATION,NARVEX_TEMPORAL_BAYES_V2.1,Preventive attention priority indicator only; not criminal proof.
FC-HIST-00003,20,Viluppuram,2025-01-25 16:46:24,30_DAY_PREVENTIVE_ATTENTION,STABLE,81,HIGHWAY_CHECKPOST_ACCELERATION,NARVEX_TEMPORAL_BAYES_V2.1,Preventive attention priority indicator only; not criminal proof.
FC-HIST-00004,3,Madurai,2025-10-05 11:38:42,90_DAY_PREVENTIVE_ATTENTION,STABLE,71,CAMPUS_SECTOR_MICRO_CLUSTER,NARVEX_TEMPORAL_BAYES_V2.1,Preventive attention priority indicator only; not criminal proof.
FC-HIST-00005,34,Nagapattinam,2026-04-29 12:48:32,90_DAY_PREVENTIVE_ATTENTION,STABLE,83,INTERSTATE_FREIGHT_DISCREPANCY,NARVEX_TEMPORAL_BAYES_V2.1,Preventive attention priority indicator only; not criminal proof.
FC-HIST-00006,8,Erode,2026-08-11 17:47:38,30_DAY_PREVENTIVE_ATTENTION,INCREASING,90,CAMPUS_SECTOR_MICRO_CLUSTER,NARVEX_TEMPORAL_BAYES_V2.1,Preventive attention priority indicator only; not criminal proof.
FC-HIST-00007,37,Tirupathur,2024-11-11 02:02:24,90_DAY_PREVENTIVE_ATTENTION,INCREASING,85,CAMPUS_SECTOR_MICRO_CLUSTER,NARVEX_TEMPORAL_BAYES_V2.1,Preventive attention priority indicator only; not criminal proof.
FC-HIST-00008,37,Tirupathur,2024-12-13 14:50:48,30_DAY_PREVENTIVE_ATTENTION,HIGH PREVENTIVE ATTENTION,75,INTERSTATE_FREIGHT_DISCREPANCY,NARVEX_TEMPORAL_BAYES_V2.1,Preventive attention priority indicator only; not criminal proof.
FC-HIST-00009,27,Perambalur,2026-05-02 01:40:10,30_DAY_PREVENTIVE_ATTENTION,WATCH,75,INTERSTATE_FREIGHT_DISCREPANCY,NARVEX_TEMPORAL_BAYES_V2.1,Preventive attention priority indicator only; not criminal proof.
FC-HIST-00010,35,Mayiladuthurai,2025-07-05 10:43:19,90_DAY_PREVENTIVE_ATTENTION,WATCH,73,CAMPUS_SECTOR_MICRO_CLUSTER,NARVEX_TEMPORAL_BAYES_V2.1,Preventive attention priority indicator only; not criminal proof.
FC-HIST-00011,37,Tirupathur,2025-12-23 13:33:53,90_DAY_PREVENTIVE_ATTENTION,HIGH PREVENTIVE ATTENTION,76,INTERSTATE_FREIGHT_DISCREPANCY,NARVEX_TEMPORAL_BAYES_V2.1,Preventive attention priority indicator only; not criminal proof.
FC-HIST-00012,18,Tiruvallur,2025-07-24 15:00:48,90_DAY_PREVENTIVE_ATTENTION,WATCH,86,INTERSTATE_FREIGHT_DISCREPANCY,NARVEX_TEMPORAL_BAYES_V2.1,Preventive attention priority indicator only; not criminal proof.
FC-HIST-00013,12,Thanjavur,2025-05-20 15:18:41,90_DAY_PREVENTIVE_ATTENTION,STABLE,83,HIGHWAY_CHECKPOST_ACCELERATION,NARVEX_TEMPORAL_BAYES_V2.1,Preventive attention priority indicator only; not criminal proof.
FC-HIST-00014,4,Salem,2026-07-19 16:27:56,30_DAY_PREVENTIVE_ATTENTION,STABLE,69,CAMPUS_SECTOR_MICRO_CLUSTER,NARVEX_TEMPORAL_BAYES_V2.1,Preventive attention priority indicator only; not criminal proof.
FC-HIST-00015,18,Tiruvallur,2024-11-26 17:49:19,30_DAY_PREVENTIVE_ATTENTION,STABLE,78,HIGHWAY_CHECKPOST_ACCELERATION,NARVEX_TEMPORAL_BAYES_V2.1,Preventive attention priority indicator only; not criminal proof.
FC-HIST-00016,24,Nilgiris,2025-10-12 16:54:42,90_DAY_PREVENTIVE_ATTENTION,WATCH,73,CAMPUS_SECTOR_MICRO_CLUSTER,NARVEX_TEMPORAL_BAYES_V2.1,Preventive attention priority indicator only; not criminal proof.
FC-HIST-00017,32,Theni,2025-07-26 12:22:51,30_DAY_PREVENTIVE_ATTENTION,STABLE,71,HIGHWAY_CHECKPOST_ACCELERATION,NARVEX_TEMPORAL_BAYES_V2.1,Preventive attention priority indicator only; not criminal proof.
FC-HIST-00018,23,Namakkal,2025-07-03 23:05:19,30_DAY_PREVENTIVE_ATTENTION,HIGH PREVENTIVE ATTENTION,81,HIGHWAY_CHECKPOST_ACCELERATION,NARVEX_TEMPORAL_BAYES_V2.1,Preventive attention priority indicator only; not criminal proof.
FC-HIST-00019,12,Thanjavur,2025-07-02 00:27:12,30_DAY_PREVENTIVE_ATTENTION,INCREASING,73,CAMPUS_SECTOR_MICRO_CLUSTER,NARVEX_TEMPORAL_BAYES_V2.1,Preventive attention priority indicator only; not criminal proof.
FC-HIST-00020,11,Dindigul,2025-08-01 08:34:43,30_DAY_PREVENTIVE_ATTENTION,WATCH,71,CAMPUS_SECTOR_MICRO_CLUSTER,NARVEX_TEMPORAL_BAYES_V2.1,Preventive attention priority indicator only; not criminal proof.
FC-HIST-00021,26,Ariyalur,2025-06-28 02:38:31,30_DAY_PREVENTIVE_ATTENTION,HIGH PREVENTIVE ATTENTION,74,CAMPUS_SECTOR_MICRO_CLUSTER,NARVEX_TEMPORAL_BAYES_V2.1,Preventive attention priority indicator only; not criminal proof.
FC-HIST-00022,23,Namakkal,2025-06-11 10:56:10,30_DAY_PREVENTIVE_ATTENTION,HIGH PREVENTIVE ATTENTION,68,CAMPUS_SECTOR_MICRO_CLUSTER,NARVEX_TEMPORAL_BAYES_V2.1,Preventive attention priority indicator only; not criminal proof.
FC-HIST-00023,7,Tiruppur,2024-10-22 06:14:43,90_DAY_PREVENTIVE_ATTENTION,HIGH PREVENTIVE ATTENTION,83,INTERSTATE_FREIGHT_DISCREPANCY,NARVEX_TEMPORAL_BAYES_V2.1,Preventive attention priority indicator only; not criminal proof.
FC-HIST-00024,2,Coimbatore,2026-02-20 11:47:14,30_DAY_PREVENTIVE_ATTENTION,INCREASING,86,INTERSTATE_FREIGHT_DISCREPANCY,NARVEX_TEMPORAL_BAYES_V2.1,Preventive attention priority indicator only; not criminal proof.
FC-HIST-00025,10,Krishnagiri,2024-12-13 15:42:21,30_DAY_PREVENTIVE_ATTENTION,INCREASING,90,INTERSTATE_FREIGHT_DISCREPANCY,NARVEX_TEMPORAL_BAYES_V2.1,Preventive attention priority indicator only; not criminal proof.
FC-HIST-00026,10,Krishnagiri,2026-07-25 15:06:24,90_DAY_PREVENTIVE_ATTENTION,HIGH PREVENTIVE ATTENTION,91,CAMPUS_SECTOR_MICRO_CLUSTER,NARVEX_TEMPORAL_BAYES_V2.1,Preventive attention priority indicator only; not criminal proof.
FC-HIST-00027,35,Mayiladuthurai,2025-12-28 20:03:58,30_DAY_PREVENTIVE_ATTENTION,INCREASING,85,INTERSTATE_FREIGHT_DISCREPANCY,NARVEX_TEMPORAL_BAYES_V2.1,Preventive attention priority indicator only; not criminal proof.
FC-HIST-00028,19,Cuddalore,2025-01-08 06:08:40,90_DAY_PREVENTIVE_ATTENTION,INCREASING,89,INTERSTATE_FREIGHT_DISCREPANCY,NARVEX_TEMPORAL_BAYES_V2.1,Preventive attention priority indicator only; not criminal proof.
FC-HIST-00029,33,Thiruvarur,2024-12-04 17:49:08,30_DAY_PREVENTIVE_ATTENTION,INCREASING,68,CAMPUS_SECTOR_MICRO_CLUSTER,NARVEX_TEMPORAL_BAYES_V2.1,Preventive attention priority indicator only; not criminal proof.
FC-HIST-00030,11,Dindigul,2025-11-12 17:53:45,30_DAY_PREVENTIVE_ATTENTION,HIGH PREVENTIVE ATTENTION,74,HIGHWAY_CHECKPOST_ACCELERATION,NARVEX_TEMPORAL_BAYES_V2.1,Preventive attention priority indicator only; not criminal proof.
FC-HIST-00031,24,Nilgiris,2026-04-28 14:10:55,90_DAY_PREVENTIVE_ATTENTION,HIGH PREVENTIVE ATTENTION,71,HIGHWAY_CHECKPOST_ACCELERATION,NARVEX_TEMPORAL_BAYES_V2.1,Preventive attention priority indicator only; not criminal proof.
FC-HIST-00032,20,Viluppuram,2026-05-01 16:42:11,30_DAY_PREVENTIVE_ATTENTION,INCREASING,76,HIGHWAY_CHECKPOST_ACCELERATION,NARVEX_TEMPORAL_BAYES_V2.1,Preventive attention priority indicator only; not criminal proof.
FC-HIST-00033,14,Kanniyakumari,2025-07-21 12:30:29,90_DAY_PREVENTIVE_ATTENTION,INCREASING,87,CAMPUS_SECTOR_MICRO_CLUSTER,NARVEX_TEMPORAL_BAYES_V2.1,Preventive attention priority indicator only; not criminal proof.
FC-HIST-00034,3,Madurai,2025-04-02 06:28:53,90_DAY_PREVENTIVE_ATTENTION,STABLE,74,CAMPUS_SECTOR_MICRO_CLUSTER,NARVEX_TEMPORAL_BAYES_V2.1,Preventive attention priority indicator only; not criminal proof.
FC-HIST-00035,13,Thoothukudi,2026-07-22 14:12:24,90_DAY_PREVENTIVE_ATTENTION,WATCH,72,HIGHWAY_CHECKPOST_ACCELERATION,NARVEX_TEMPORAL_BAYES_V2.1,Preventive attention priority indicator only; not criminal proof.
FC-HIST-00036,18,Tiruvallur,2025-07-14 03:48:41,30_DAY_PREVENTIVE_ATTENTION,WATCH,84,HIGHWAY_CHECKPOST_ACCELERATION,NARVEX_TEMPORAL_BAYES_V2.1,Preventive attention priority indicator only; not criminal proof.
FC-HIST-00037,33,Thiruvarur,2024-12-29 23:03:57,90_DAY_PREVENTIVE_ATTENTION,WATCH,91,CAMPUS_SECTOR_MICRO_CLUSTER,NARVEX_TEMPORAL_BAYES_V2.1,Preventive attention priority indicator only; not criminal proof.
FC-HIST-00038,25,Karur,2025-07-09 02:03:17,90_DAY_PREVENTIVE_ATTENTION,INCREASING,86,INTERSTATE_FREIGHT_DISCREPANCY,NARVEX_TEMPORAL_BAYES_V2.1,Preventive attention priority indicator only; not criminal proof.
FC-HIST-00039,2,Coimbatore,2025-01-19 09:58:42,30_DAY_PREVENTIVE_ATTENTION,HIGH PREVENTIVE ATTENTION,69,HIGHWAY_CHECKPOST_ACCELERATION,NARVEX_TEMPORAL_BAYES_V2.1,Preventive attention priority indicator only; not criminal proof.
FC-HIST-00040,34,Nagapattinam,2025-06-15 06:01:54,90_DAY_PREVENTIVE_ATTENTION,HIGH PREVENTIVE ATTENTION,82,INTERSTATE_FREIGHT_DISCREPANCY,NARVEX_TEMPORAL_BAYES_V2.1,Preventive attention priority indicator only; not criminal proof.
FC-HIST-00041,16,Kancheepuram,2026-06-30 07:32:45,90_DAY_PREVENTIVE_ATTENTION,STABLE,71,CAMPUS_SECTOR_MICRO_CLUSTER,NARVEX_TEMPORAL_BAYES_V2.1,Preventive attention priority indicator only; not criminal proof.
FC-HIST-00042,30,Ramanathapuram,2025-07-01 00:56:10,90_DAY_PREVENTIVE_ATTENTION,WATCH,85,HIGHWAY_CHECKPOST_ACCELERATION,NARVEX_TEMPORAL_BAYES_V2.1,Preventive attention priority indicator only; not criminal proof.
FC-HIST-00043,26,Ariyalur,2024-09-23 05:43:23,30_DAY_PREVENTIVE_ATTENTION,INCREASING,88,INTERSTATE_FREIGHT_DISCREPANCY,NARVEX_TEMPORAL_BAYES_V2.1,Preventive attention priority indicator only; not criminal proof.
FC-HIST-00044,13,Thoothukudi,2024-11-10 04:14:18,90_DAY_PREVENTIVE_ATTENTION,HIGH PREVENTIVE ATTENTION,68,INTERSTATE_FREIGHT_DISCREPANCY,NARVEX_TEMPORAL_BAYES_V2.1,Preventive attention priority indicator only; not criminal proof.
FC-HIST-00045,1,Chennai,2026-03-11 02:59:02,90_DAY_PREVENTIVE_ATTENTION,INCREASING,81,HIGHWAY_CHECKPOST_ACCELERATION,NARVEX_TEMPORAL_BAYES_V2.1,Preventive attention priority indicator only; not criminal proof.
FC-HIST-00046,25,Karur,2026-02-12 16:33:48,30_DAY_PREVENTIVE_ATTENTION,HIGH PREVENTIVE ATTENTION,80,CAMPUS_SECTOR_MICRO_CLUSTER,NARVEX_TEMPORAL_BAYES_V2.1,Preventive attention priority indicator only; not criminal proof.
FC-HIST-00047,31,Virudhunagar,2025-10-18 13:21:01,90_DAY_PREVENTIVE_ATTENTION,WATCH,68,CAMPUS_SECTOR_MICRO_CLUSTER,NARVEX_TEMPORAL_BAYES_V2.1,Preventive attention priority indicator only; not criminal proof.
FC-HIST-00048,6,Tirunelveli,2026-01-25 05:56:14,90_DAY_PREVENTIVE_ATTENTION,INCREASING,90,CAMPUS_SECTOR_MICRO_CLUSTER,NARVEX_TEMPORAL_BAYES_V2.1,Preventive attention priority indicator only; not criminal proof.
FC-HIST-00049,26,Ariyalur,2025-04-03 04:07:44,30_DAY_PREVENTIVE_ATTENTION,WATCH,79,HIGHWAY_CHECKPOST_ACCELERATION,NARVEX_TEMPORAL_BAYES_V2.1,Preventive attention priority indicator only; not criminal proof.
FC-HIST-00050,20,Viluppuram,2025-11-08 04:34:55,30_DAY_PREVENTIVE_ATTENTION,WATCH,68,INTERSTATE_FREIGHT_DISCREPANCY,NARVEX_TEMPORAL_BAYES_V2.1,Preventive attention priority indicator only; not criminal proof.
FC-HIST-00051,2,Coimbatore,2024-11-21 20:10:52,30_DAY_PREVENTIVE_ATTENTION,HIGH PREVENTIVE ATTENTION,85,HIGHWAY_CHECKPOST_ACCELERATION,NARVEX_TEMPORAL_BAYES_V2.1,Preventive attention priority indicator only; not criminal proof.
FC-HIST-00052,15,Tenkasi,2026-07-11 13:42:49,90_DAY_PREVENTIVE_ATTENTION,INCREASING,83,INTERSTATE_FREIGHT_DISCREPANCY,NARVEX_TEMPORAL_BAYES_V2.1,Preventive attention priority indicator only; not criminal proof.
FC-HIST-00053,13,Thoothukudi,2026-01-22 07:15:42,90_DAY_PREVENTIVE_ATTENTION,HIGH PREVENTIVE ATTENTION,78,CAMPUS_SECTOR_MICRO_CLUSTER,NARVEX_TEMPORAL_BAYES_V2.1,Preventive attention priority indicator only; not criminal proof.
FC-HIST-00054,23,Namakkal,2026-06-12 18:36:37,30_DAY_PREVENTIVE_ATTENTION,INCREASING,78,INTERSTATE_FREIGHT_DISCREPANCY,NARVEX_TEMPORAL_BAYES_V2.1,Preventive attention priority indicator only; not criminal proof.
FC-HIST-00055,6,Tirunelveli,2026-06-20 16:45:57,90_DAY_PREVENTIVE_ATTENTION,WATCH,85,CAMPUS_SECTOR_MICRO_CLUSTER,NARVEX_TEMPORAL_BAYES_V2.1,Preventive attention priority indicator only; not criminal proof.
FC-HIST-00056,21,Kallakurichi,2025-11-30 04:07:47,30_DAY_PREVENTIVE_ATTENTION,INCREASING,74,CAMPUS_SECTOR_MICRO_CLUSTER,NARVEX_TEMPORAL_BAYES_V2.1,Preventive attention priority indicator only; not criminal proof.
FC-HIST-00057,36,Ranipet,2024-09-23 01:30:50,30_DAY_PREVENTIVE_ATTENTION,STABLE,80,HIGHWAY_CHECKPOST_ACCELERATION,NARVEX_TEMPORAL_BAYES_V2.1,Preventive attention priority indicator only; not criminal proof.
FC-HIST-00058,38,Tiruvannamalai,2026-02-23 13:56:49,90_DAY_PREVENTIVE_ATTENTION,HIGH PREVENTIVE ATTENTION,70,CAMPUS_SECTOR_MICRO_CLUSTER,NARVEX_TEMPORAL_BAYES_V2.1,Preventive attention priority indicator only; not criminal proof.
FC-HIST-00059,29,Sivaganga,2025-05-25 06:25:06,30_DAY_PREVENTIVE_ATTENTION,HIGH PREVENTIVE ATTENTION,85,CAMPUS_SECTOR_MICRO_CLUSTER,NARVEX_TEMPORAL_BAYES_V2.1,Preventive attention priority indicator only; not criminal proof.
FC-HIST-00060,11,Dindigul,2025-01-01 10:51:12,30_DAY_PREVENTIVE_ATTENTION,WATCH,86,INTERSTATE_FREIGHT_DISCREPANCY,NARVEX_TEMPORAL_BAYES_V2.1,Preventive attention priority indicator only; not criminal proof.
FC-HIST-00061,2,Coimbatore,2025-09-02 13:38:47,90_DAY_PREVENTIVE_ATTENTION,INCREASING,89,INTERSTATE_FREIGHT_DISCREPANCY,NARVEX_TEMPORAL_BAYES_V2.1,Preventive attention priority indicator only; not criminal proof.
FC-HIST-00062,22,Dharmapuri,2025-08-18 11:57:54,30_DAY_PREVENTIVE_ATTENTION,HIGH PREVENTIVE ATTENTION,69,HIGHWAY_CHECKPOST_ACCELERATION,NARVEX_TEMPORAL_BAYES_V2.1,Preventive attention priority indicator only; not criminal proof.
FC-HIST-00063,18,Tiruvallur,2026-05-08 08:09:08,90_DAY_PREVENTIVE_ATTENTION,INCREASING,76,INTERSTATE_FREIGHT_DISCREPANCY,NARVEX_TEMPORAL_BAYES_V2.1,Preventive attention priority indicator only; not criminal proof.
FC-HIST-00064,11,Dindigul,2026-07-16 19:39:08,30_DAY_PREVENTIVE_ATTENTION,WATCH,75,HIGHWAY_CHECKPOST_ACCELERATION,NARVEX_TEMPORAL_BAYES_V2.1,Preventive attention priority indicator only; not criminal proof.
FC-HIST-00065,34,Nagapattinam,2025-10-31 06:01:22,30_DAY_PREVENTIVE_ATTENTION,HIGH PREVENTIVE ATTENTION,86,HIGHWAY_CHECKPOST_ACCELERATION,NARVEX_TEMPORAL_BAYES_V2.1,Preventive attention priority indicator only; not criminal proof.
FC-HIST-00066,13,Thoothukudi,2026-03-15 03:26:00,90_DAY_PREVENTIVE_ATTENTION,WATCH,89,CAMPUS_SECTOR_MICRO_CLUSTER,NARVEX_TEMPORAL_BAYES_V2.1,Preventive attention priority indicator only; not criminal proof.
FC-HIST-00067,16,Kancheepuram,2026-02-11 17:18:03,90_DAY_PREVENTIVE_ATTENTION,HIGH PREVENTIVE ATTENTION,73,INTERSTATE_FREIGHT_DISCREPANCY,NARVEX_TEMPORAL_BAYES_V2.1,Preventive attention priority indicator only; not criminal proof.
FC-HIST-00068,37,Tirupathur,2024-09-30 05:22:17,90_DAY_PREVENTIVE_ATTENTION,WATCH,87,INTERSTATE_FREIGHT_DISCREPANCY,NARVEX_TEMPORAL_BAYES_V2.1,Preventive attention priority indicator only; not criminal proof.
FC-HIST-00069,10,Krishnagiri,2026-04-10 10:45:45,30_DAY_PREVENTIVE_ATTENTION,HIGH PREVENTIVE ATTENTION,86,HIGHWAY_CHECKPOST_ACCELERATION,NARVEX_TEMPORAL_BAYES_V2.1,Preventive attention priority indicator only; not criminal proof.
FC-HIST-00070,16,Kancheepuram,2026-04-12 04:00:20,30_DAY_PREVENTIVE_ATTENTION,HIGH PREVENTIVE ATTENTION,71,INTERSTATE_FREIGHT_DISCREPANCY,NARVEX_TEMPORAL_BAYES_V2.1,Preventive attention priority indicator only; not criminal proof.
FC-HIST-00071,18,Tiruvallur,2025-06-18 18:38:18,30_DAY_PREVENTIVE_ATTENTION,STABLE,80,CAMPUS_SECTOR_MICRO_CLUSTER,NARVEX_TEMPORAL_BAYES_V2.1,Preventive attention priority indicator only; not criminal proof.
FC-HIST-00072,8,Erode,2025-11-12 19:37:46,30_DAY_PREVENTIVE_ATTENTION,HIGH PREVENTIVE ATTENTION,73,INTERSTATE_FREIGHT_DISCREPANCY,NARVEX_TEMPORAL_BAYES_V2.1,Preventive attention priority indicator only; not criminal proof.
FC-HIST-00073,6,Tirunelveli,2026-06-16 11:03:26,90_DAY_PREVENTIVE_ATTENTION,INCREASING,70,HIGHWAY_CHECKPOST_ACCELERATION,NARVEX_TEMPORAL_BAYES_V2.1,Preventive attention priority indicator only; not criminal proof.
FC-HIST-00074,32,Theni,2025-12-03 06:31:06,90_DAY_PREVENTIVE_ATTENTION,INCREASING,69,INTERSTATE_FREIGHT_DISCREPANCY,NARVEX_TEMPORAL_BAYES_V2.1,Preventive attention priority indicator only; not criminal proof.
FC-HIST-00075,10,Krishnagiri,2025-09-27 18:37:52,30_DAY_PREVENTIVE_ATTENTION,STABLE,73,INTERSTATE_FREIGHT_DISCREPANCY,NARVEX_TEMPORAL_BAYES_V2.1,Preventive attention priority indicator only; not criminal proof.
FC-HIST-00076,28,Pudukkottai,2025-06-24 15:12:13,90_DAY_PREVENTIVE_ATTENTION,WATCH,87,INTERSTATE_FREIGHT_DISCREPANCY,NARVEX_TEMPORAL_BAYES_V2.1,Preventive attention priority indicator only; not criminal proof.
FC-HIST-00077,5,Tiruchirappalli,2026-01-15 02:25:59,90_DAY_PREVENTIVE_ATTENTION,INCREASING,80,CAMPUS_SECTOR_MICRO_CLUSTER,NARVEX_TEMPORAL_BAYES_V2.1,Preventive attention priority indicator only; not criminal proof.
FC-HIST-00078,2,Coimbatore,2026-08-09 10:58:14,90_DAY_PREVENTIVE_ATTENTION,INCREASING,73,CAMPUS_SECTOR_MICRO_CLUSTER,NARVEX_TEMPORAL_BAYES_V2.1,Preventive attention priority indicator only; not criminal proof.
FC-HIST-00079,22,Dharmapuri,2024-10-03 12:46:53,90_DAY_PREVENTIVE_ATTENTION,STABLE,92,CAMPUS_SECTOR_MICRO_CLUSTER,NARVEX_TEMPORAL_BAYES_V2.1,Preventive attention priority indicator only; not criminal proof.
FC-HIST-00080,20,Viluppuram,2025-11-08 13:28:53,90_DAY_PREVENTIVE_ATTENTION,WATCH,82,CAMPUS_SECTOR_MICRO_CLUSTER,NARVEX_TEMPORAL_BAYES_V2.1,Preventive attention priority indicator only; not criminal proof.
FC-HIST-00081,17,Chengalpattu,2025-12-18 04:38:56,90_DAY_PREVENTIVE_ATTENTION,STABLE,84,INTERSTATE_FREIGHT_DISCREPANCY,NARVEX_TEMPORAL_BAYES_V2.1,Preventive attention priority indicator only; not criminal proof.
FC-HIST-00082,9,Vellore,2024-09-23 04:49:31,30_DAY_PREVENTIVE_ATTENTION,WATCH,88,HIGHWAY_CHECKPOST_ACCELERATION,NARVEX_TEMPORAL_BAYES_V2.1,Preventive attention priority indicator only; not criminal proof.
FC-HIST-00083,34,Nagapattinam,2024-11-03 13:07:51,90_DAY_PREVENTIVE_ATTENTION,STABLE,84,INTERSTATE_FREIGHT_DISCREPANCY,NARVEX_TEMPORAL_BAYES_V2.1,Preventive attention priority indicator only; not criminal proof.
FC-HIST-00084,37,Tirupathur,2026-03-04 20:15:10,30_DAY_PREVENTIVE_ATTENTION,STABLE,86,INTERSTATE_FREIGHT_DISCREPANCY,NARVEX_TEMPORAL_BAYES_V2.1,Preventive attention priority indicator only; not criminal proof.
FC-HIST-00085,35,Mayiladuthurai,2025-12-31 17:29:06,30_DAY_PREVENTIVE_ATTENTION,WATCH,70,INTERSTATE_FREIGHT_DISCREPANCY,NARVEX_TEMPORAL_BAYES_V2.1,Preventive attention priority indicator only; not criminal proof.
FC-HIST-00086,11,Dindigul,2026-07-14 14:38:30,30_DAY_PREVENTIVE_ATTENTION,STABLE,89,HIGHWAY_CHECKPOST_ACCELERATION,NARVEX_TEMPORAL_BAYES_V2.1,Preventive attention priority indicator only; not criminal proof.
FC-HIST-00087,29,Sivaganga,2025-04-18 03:40:14,90_DAY_PREVENTIVE_ATTENTION,STABLE,87,HIGHWAY_CHECKPOST_ACCELERATION,NARVEX_TEMPORAL_BAYES_V2.1,Preventive attention priority indicator only; not criminal proof.
FC-HIST-00088,29,Sivaganga,2026-05-17 03:09:24,90_DAY_PREVENTIVE_ATTENTION,HIGH PREVENTIVE ATTENTION,68,HIGHWAY_CHECKPOST_ACCELERATION,NARVEX_TEMPORAL_BAYES_V2.1,Preventive attention priority indicator only; not criminal proof.
FC-HIST-00089,11,Dindigul,2025-07-09 08:17:37,30_DAY_PREVENTIVE_ATTENTION,STABLE,72,INTERSTATE_FREIGHT_DISCREPANCY,NARVEX_TEMPORAL_BAYES_V2.1,Preventive attention priority indicator only; not criminal proof.
FC-HIST-00090,21,Kallakurichi,2024-11-07 21:04:57,90_DAY_PREVENTIVE_ATTENTION,HIGH PREVENTIVE ATTENTION,72,HIGHWAY_CHECKPOST_ACCELERATION,NARVEX_TEMPORAL_BAYES_V2.1,Preventive attention priority indicator only; not criminal proof.
FC-HIST-00091,29,Sivaganga,2025-02-12 09:59:29,90_DAY_PREVENTIVE_ATTENTION,STABLE,87,INTERSTATE_FREIGHT_DISCREPANCY,NARVEX_TEMPORAL_BAYES_V2.1,Preventive attention priority indicator only; not criminal proof.
FC-HIST-00092,29,Sivaganga,2025-06-22 23:10:11,30_DAY_PREVENTIVE_ATTENTION,STABLE,86,CAMPUS_SECTOR_MICRO_CLUSTER,NARVEX_TEMPORAL_BAYES_V2.1,Preventive attention priority indicator only; not criminal proof.
FC-HIST-00093,23,Namakkal,2026-03-11 06:08:27,30_DAY_PREVENTIVE_ATTENTION,STABLE,72,HIGHWAY_CHECKPOST_ACCELERATION,NARVEX_TEMPORAL_BAYES_V2.1,Preventive attention priority indicator only; not criminal proof.
FC-HIST-00094,22,Dharmapuri,2025-10-19 13:09:09,90_DAY_PREVENTIVE_ATTENTION,HIGH PREVENTIVE ATTENTION,76,HIGHWAY_CHECKPOST_ACCELERATION,NARVEX_TEMPORAL_BAYES_V2.1,Preventive attention priority indicator only; not criminal proof.
FC-HIST-00095,36,Ranipet,2025-09-22 06:39:09,30_DAY_PREVENTIVE_ATTENTION,WATCH,78,CAMPUS_SECTOR_MICRO_CLUSTER,NARVEX_TEMPORAL_BAYES_V2.1,Preventive attention priority indicator only; not criminal proof.
FC-HIST-00096,6,Tirunelveli,2025-02-09 15:26:55,90_DAY_PREVENTIVE_ATTENTION,WATCH,74,HIGHWAY_CHECKPOST_ACCELERATION,NARVEX_TEMPORAL_BAYES_V2.1,Preventive attention priority indicator only; not criminal proof.
FC-HIST-00097,37,Tirupathur,2025-09-09 00:58:28,30_DAY_PREVENTIVE_ATTENTION,WATCH,81,CAMPUS_SECTOR_MICRO_CLUSTER,NARVEX_TEMPORAL_BAYES_V2.1,Preventive attention priority indicator only; not criminal proof.
FC-HIST-00098,20,Viluppuram,2025-01-24 21:20:29,90_DAY_PREVENTIVE_ATTENTION,INCREASING,85,INTERSTATE_FREIGHT_DISCREPANCY,NARVEX_TEMPORAL_BAYES_V2.1,Preventive attention priority indicator only; not criminal proof.
FC-HIST-00099,38,Tiruvannamalai,2025-06-22 20:33:18,90_DAY_PREVENTIVE_ATTENTION,HIGH PREVENTIVE ATTENTION,85,CAMPUS_SECTOR_MICRO_CLUSTER,NARVEX_TEMPORAL_BAYES_V2.1,Preventive attention priority indicator only; not criminal proof.
FC-HIST-00100,20,Viluppuram,2026-05-25 03:26:05,30_DAY_PREVENTIVE_ATTENTION,HIGH PREVENTIVE ATTENTION,86,INTERSTATE_FREIGHT_DISCREPANCY,NARVEX_TEMPORAL_BAYES_V2.1,Preventive attention priority indicator only; not criminal proof.
FC-HIST-00101,25,Karur,2025-09-20 16:10:41,90_DAY_PREVENTIVE_ATTENTION,STABLE,69,HIGHWAY_CHECKPOST_ACCELERATION,NARVEX_TEMPORAL_BAYES_V2.1,Preventive attention priority indicator only; not criminal proof.
FC-HIST-00102,34,Nagapattinam,2025-11-18 23:35:56,30_DAY_PREVENTIVE_ATTENTION,STABLE,76,INTERSTATE_FREIGHT_DISCREPANCY,NARVEX_TEMPORAL_BAYES_V2.1,Preventive attention priority indicator only; not criminal proof.
FC-HIST-00103,4,Salem,2026-06-13 14:19:38,30_DAY_PREVENTIVE_ATTENTION,INCREASING,86,INTERSTATE_FREIGHT_DISCREPANCY,NARVEX_TEMPORAL_BAYES_V2.1,Preventive attention priority indicator only; not criminal proof.
FC-HIST-00104,5,Tiruchirappalli,2025-01-23 02:32:32,90_DAY_PREVENTIVE_ATTENTION,INCREASING,82,HIGHWAY_CHECKPOST_ACCELERATION,NARVEX_TEMPORAL_BAYES_V2.1,Preventive attention priority indicator only; not criminal proof.
FC-HIST-00105,22,Dharmapuri,2025-08-01 03:31:52,90_DAY_PREVENTIVE_ATTENTION,HIGH PREVENTIVE ATTENTION,85,HIGHWAY_CHECKPOST_ACCELERATION,NARVEX_TEMPORAL_BAYES_V2.1,Preventive attention priority indicator only; not criminal proof.
FC-HIST-00106,13,Thoothukudi,2025-02-25 18:43:30,90_DAY_PREVENTIVE_ATTENTION,INCREASING,77,INTERSTATE_FREIGHT_DISCREPANCY,NARVEX_TEMPORAL_BAYES_V2.1,Preventive attention priority indicator only; not criminal proof.
FC-HIST-00107,7,Tiruppur,2026-03-28 00:43:15,90_DAY_PREVENTIVE_ATTENTION,WATCH,88,INTERSTATE_FREIGHT_DISCREPANCY,NARVEX_TEMPORAL_BAYES_V2.1,Preventive attention priority indicator only; not criminal proof.
FC-HIST-00108,11,Dindigul,2025-02-03 00:46:25,90_DAY_PREVENTIVE_ATTENTION,HIGH PREVENTIVE ATTENTION,79,CAMPUS_SECTOR_MICRO_CLUSTER,NARVEX_TEMPORAL_BAYES_V2.1,Preventive attention priority indicator only; not criminal proof.
FC-HIST-00109,26,Ariyalur,2025-04-07 03:14:34,30_DAY_PREVENTIVE_ATTENTION,HIGH PREVENTIVE ATTENTION,84,INTERSTATE_FREIGHT_DISCREPANCY,NARVEX_TEMPORAL_BAYES_V2.1,Preventive attention priority indicator only; not criminal proof.
FC-HIST-00110,34,Nagapattinam,2026-01-20 10:27:24,90_DAY_PREVENTIVE_ATTENTION,HIGH PREVENTIVE ATTENTION,71,CAMPUS_SECTOR_MICRO_CLUSTER,NARVEX_TEMPORAL_BAYES_V2.1,Preventive attention priority indicator only; not criminal proof.
FC-HIST-00111,26,Ariyalur,2025-04-27 22:25:18,90_DAY_PREVENTIVE_ATTENTION,WATCH,89,CAMPUS_SECTOR_MICRO_CLUSTER,NARVEX_TEMPORAL_BAYES_V2.1,Preventive attention priority indicator only; not criminal proof.
FC-HIST-00112,38,Tiruvannamalai,2025-06-13 18:57:00,30_DAY_PREVENTIVE_ATTENTION,INCREASING,74,INTERSTATE_FREIGHT_DISCREPANCY,NARVEX_TEMPORAL_BAYES_V2.1,Preventive attention priority indicator only; not criminal proof.
FC-HIST-00113,23,Namakkal,2024-12-18 22:31:31,90_DAY_PREVENTIVE_ATTENTION,WATCH,90,INTERSTATE_FREIGHT_DISCREPANCY,NARVEX_TEMPORAL_BAYES_V2.1,Preventive attention priority indicator only; not criminal proof.
FC-HIST-00114,2,Coimbatore,2025-11-14 19:03:41,90_DAY_PREVENTIVE_ATTENTION,INCREASING,85,CAMPUS_SECTOR_MICRO_CLUSTER,NARVEX_TEMPORAL_BAYES_V2.1,Preventive attention priority indicator only; not criminal proof.
FC-HIST-00115,20,Viluppuram,2025-03-20 01:21:58,30_DAY_PREVENTIVE_ATTENTION,INCREASING,88,HIGHWAY_CHECKPOST_ACCELERATION,NARVEX_TEMPORAL_BAYES_V2.1,Preventive attention priority indicator only; not criminal proof.
FC-HIST-00116,25,Karur,2026-07-17 04:03:29,90_DAY_PREVENTIVE_ATTENTION,WATCH,70,INTERSTATE_FREIGHT_DISCREPANCY,NARVEX_TEMPORAL_BAYES_V2.1,Preventive attention priority indicator only; not criminal proof.
FC-HIST-00117,6,Tirunelveli,2026-08-14 15:01:35,90_DAY_PREVENTIVE_ATTENTION,HIGH PREVENTIVE ATTENTION,88,HIGHWAY_CHECKPOST_ACCELERATION,NARVEX_TEMPORAL_BAYES_V2.1,Preventive attention priority indicator only; not criminal proof.
FC-HIST-00118,36,Ranipet,2025-04-15 23:53:42,30_DAY_PREVENTIVE_ATTENTION,WATCH,86,CAMPUS_SECTOR_MICRO_CLUSTER,NARVEX_TEMPORAL_BAYES_V2.1,Preventive attention priority indicator only; not criminal proof.
FC-HIST-00119,35,Mayiladuthurai,2026-05-11 05:19:23,90_DAY_PREVENTIVE_ATTENTION,INCREASING,74,CAMPUS_SECTOR_MICRO_CLUSTER,NARVEX_TEMPORAL_BAYES_V2.1,Preventive attention priority indicator only; not criminal proof.
FC-HIST-00120,20,Viluppuram,2025-01-11 02:16:53,30_DAY_PREVENTIVE_ATTENTION,HIGH PREVENTIVE ATTENTION,76,HIGHWAY_CHECKPOST_ACCELERATION,NARVEX_TEMPORAL_BAYES_V2.1,Preventive attention priority indicator only; not criminal proof.
FC-HIST-00121,19,Cuddalore,2026-01-17 22:01:09,90_DAY_PREVENTIVE_ATTENTION,WATCH,83,INTERSTATE_FREIGHT_DISCREPANCY,NARVEX_TEMPORAL_BAYES_V2.1,Preventive attention priority indicator only; not criminal proof.
FC-HIST-00122,38,Tiruvannamalai,2026-04-20 01:41:06,30_DAY_PREVENTIVE_ATTENTION,HIGH PREVENTIVE ATTENTION,73,CAMPUS_SECTOR_MICRO_CLUSTER,NARVEX_TEMPORAL_BAYES_V2.1,Preventive attention priority indicator only; not criminal proof.
FC-HIST-00123,18,Tiruvallur,2024-10-06 06:37:47,30_DAY_PREVENTIVE_ATTENTION,WATCH,72,CAMPUS_SECTOR_MICRO_CLUSTER,NARVEX_TEMPORAL_BAYES_V2.1,Preventive attention priority indicator only; not criminal proof.
FC-HIST-00124,31,Virudhunagar,2025-06-26 16:25:34,90_DAY_PREVENTIVE_ATTENTION,STABLE,85,INTERSTATE_FREIGHT_DISCREPANCY,NARVEX_TEMPORAL_BAYES_V2.1,Preventive attention priority indicator only; not criminal proof.
FC-HIST-00125,34,Nagapattinam,2026-07-05 21:17:48,90_DAY_PREVENTIVE_ATTENTION,HIGH PREVENTIVE ATTENTION,69,INTERSTATE_FREIGHT_DISCREPANCY,NARVEX_TEMPORAL_BAYES_V2.1,Preventive attention priority indicator only; not criminal proof.
FC-HIST-00126,20,Viluppuram,2026-03-30 21:56:54,90_DAY_PREVENTIVE_ATTENTION,INCREASING,85,CAMPUS_SECTOR_MICRO_CLUSTER,NARVEX_TEMPORAL_BAYES_V2.1,Preventive attention priority indicator only; not criminal proof.
FC-HIST-00127,37,Tirupathur,2025-01-07 05:24:46,30_DAY_PREVENTIVE_ATTENTION,HIGH PREVENTIVE ATTENTION,73,INTERSTATE_FREIGHT_DISCREPANCY,NARVEX_TEMPORAL_BAYES_V2.1,Preventive attention priority indicator only; not criminal proof.
FC-HIST-00128,33,Thiruvarur,2026-03-30 03:58:52,30_DAY_PREVENTIVE_ATTENTION,STABLE,90,HIGHWAY_CHECKPOST_ACCELERATION,NARVEX_TEMPORAL_BAYES_V2.1,Preventive attention priority indicator only; not criminal proof.
FC-HIST-00129,27,Perambalur,2025-10-13 21:28:24,30_DAY_PREVENTIVE_ATTENTION,HIGH PREVENTIVE ATTENTION,92,CAMPUS_SECTOR_MICRO_CLUSTER,NARVEX_TEMPORAL_BAYES_V2.1,Preventive attention priority indicator only; not criminal proof.
FC-HIST-00130,29,Sivaganga,2025-07-12 20:03:52,90_DAY_PREVENTIVE_ATTENTION,HIGH PREVENTIVE ATTENTION,72,CAMPUS_SECTOR_MICRO_CLUSTER,NARVEX_TEMPORAL_BAYES_V2.1,Preventive attention priority indicator only; not criminal proof.
FC-HIST-00131,6,Tirunelveli,2025-11-13 08:41:35,30_DAY_PREVENTIVE_ATTENTION,STABLE,71,INTERSTATE_FREIGHT_DISCREPANCY,NARVEX_TEMPORAL_BAYES_V2.1,Preventive attention priority indicator only; not criminal proof.
FC-HIST-00132,3,Madurai,2025-11-07 04:41:12,30_DAY_PREVENTIVE_ATTENTION,INCREASING,88,INTERSTATE_FREIGHT_DISCREPANCY,NARVEX_TEMPORAL_BAYES_V2.1,Preventive attention priority indicator only; not criminal proof.
FC-HIST-00133,23,Namakkal,2026-05-30 03:28:01,30_DAY_PREVENTIVE_ATTENTION,INCREASING,88,HIGHWAY_CHECKPOST_ACCELERATION,NARVEX_TEMPORAL_BAYES_V2.1,Preventive attention priority indicator only; not criminal proof.
FC-HIST-00134,4,Salem,2025-07-26 12:13:00,30_DAY_PREVENTIVE_ATTENTION,STABLE,81,INTERSTATE_FREIGHT_DISCREPANCY,NARVEX_TEMPORAL_BAYES_V2.1,Preventive attention priority indicator only; not criminal proof.
FC-HIST-00135,2,Coimbatore,2026-08-05 04:09:16,30_DAY_PREVENTIVE_ATTENTION,WATCH,86,CAMPUS_SECTOR_MICRO_CLUSTER,NARVEX_TEMPORAL_BAYES_V2.1,Preventive attention priority indicator only; not criminal proof.
FC-HIST-00136,5,Tiruchirappalli,2025-12-10 02:23:30,30_DAY_PREVENTIVE_ATTENTION,INCREASING,90,INTERSTATE_FREIGHT_DISCREPANCY,NARVEX_TEMPORAL_BAYES_V2.1,Preventive attention priority indicator only; not criminal proof.
FC-HIST-00137,27,Perambalur,2026-03-11 19:20:06,90_DAY_PREVENTIVE_ATTENTION,HIGH PREVENTIVE ATTENTION,86,HIGHWAY_CHECKPOST_ACCELERATION,NARVEX_TEMPORAL_BAYES_V2.1,Preventive attention priority indicator only; not criminal proof.
FC-HIST-00138,21,Kallakurichi,2025-04-14 22:22:58,90_DAY_PREVENTIVE_ATTENTION,HIGH PREVENTIVE ATTENTION,72,HIGHWAY_CHECKPOST_ACCELERATION,NARVEX_TEMPORAL_BAYES_V2.1,Preventive attention priority indicator only; not criminal proof.
FC-HIST-00139,23,Namakkal,2025-07-18 09:54:11,30_DAY_PREVENTIVE_ATTENTION,STABLE,78,INTERSTATE_FREIGHT_DISCREPANCY,NARVEX_TEMPORAL_BAYES_V2.1,Preventive attention priority indicator only; not criminal proof.
FC-HIST-00140,30,Ramanathapuram,2025-11-21 21:12:37,30_DAY_PREVENTIVE_ATTENTION,STABLE,69,CAMPUS_SECTOR_MICRO_CLUSTER,NARVEX_TEMPORAL_BAYES_V2.1,Preventive attention priority indicator only; not criminal proof.
FC-HIST-00141,24,Nilgiris,2026-06-01 01:15:16,90_DAY_PREVENTIVE_ATTENTION,INCREASING,75,HIGHWAY_CHECKPOST_ACCELERATION,NARVEX_TEMPORAL_BAYES_V2.1,Preventive attention priority indicator only; not criminal proof.
FC-HIST-00142,8,Erode,2025-04-17 21:29:08,90_DAY_PREVENTIVE_ATTENTION,HIGH PREVENTIVE ATTENTION,92,CAMPUS_SECTOR_MICRO_CLUSTER,NARVEX_TEMPORAL_BAYES_V2.1,Preventive attention priority indicator only; not criminal proof.
FC-HIST-00143,12,Thanjavur,2025-04-08 16:50:12,30_DAY_PREVENTIVE_ATTENTION,WATCH,86,HIGHWAY_CHECKPOST_ACCELERATION,NARVEX_TEMPORAL_BAYES_V2.1,Preventive attention priority indicator only; not criminal proof.
FC-HIST-00144,15,Tenkasi,2025-06-11 19:20:06,30_DAY_PREVENTIVE_ATTENTION,WATCH,72,INTERSTATE_FREIGHT_DISCREPANCY,NARVEX_TEMPORAL_BAYES_V2.1,Preventive attention priority indicator only; not criminal proof.
FC-HIST-00145,11,Dindigul,2024-10-08 04:25:06,30_DAY_PREVENTIVE_ATTENTION,INCREASING,88,INTERSTATE_FREIGHT_DISCREPANCY,NARVEX_TEMPORAL_BAYES_V2.1,Preventive attention priority indicator only; not criminal proof.
FC-HIST-00146,34,Nagapattinam,2025-10-11 04:53:32,90_DAY_PREVENTIVE_ATTENTION,HIGH PREVENTIVE ATTENTION,92,INTERSTATE_FREIGHT_DISCREPANCY,NARVEX_TEMPORAL_BAYES_V2.1,Preventive attention priority indicator only; not criminal proof.
FC-HIST-00147,34,Nagapattinam,2025-09-17 08:32:51,30_DAY_PREVENTIVE_ATTENTION,HIGH PREVENTIVE ATTENTION,83,INTERSTATE_FREIGHT_DISCREPANCY,NARVEX_TEMPORAL_BAYES_V2.1,Preventive attention priority indicator only; not criminal proof.
FC-HIST-00148,34,Nagapattinam,2026-06-24 01:47:47,90_DAY_PREVENTIVE_ATTENTION,STABLE,92,CAMPUS_SECTOR_MICRO_CLUSTER,NARVEX_TEMPORAL_BAYES_V2.1,Preventive attention priority indicator only; not criminal proof.
FC-HIST-00149,37,Tirupathur,2025-11-18 16:30:14,30_DAY_PREVENTIVE_ATTENTION,HIGH PREVENTIVE ATTENTION,84,CAMPUS_SECTOR_MICRO_CLUSTER,NARVEX_TEMPORAL_BAYES_V2.1,Preventive attention priority indicator only; not criminal proof.
FC-HIST-00150,28,Pudukkottai,2025-04-15 09:27:37,30_DAY_PREVENTIVE_ATTENTION,INCREASING,72,INTERSTATE_FREIGHT_DISCREPANCY,NARVEX_TEMPORAL_BAYES_V2.1,Preventive attention priority indicator only; not criminal proof.
FC-HIST-00151,31,Virudhunagar,2025-02-19 09:54:48,90_DAY_PREVENTIVE_ATTENTION,HIGH PREVENTIVE ATTENTION,69,HIGHWAY_CHECKPOST_ACCELERATION,NARVEX_TEMPORAL_BAYES_V2.1,Preventive attention priority indicator only; not criminal proof.
FC-HIST-00152,8,Erode,2025-04-11 11:06:51,30_DAY_PREVENTIVE_ATTENTION,STABLE,72,INTERSTATE_FREIGHT_DISCREPANCY,NARVEX_TEMPORAL_BAYES_V2.1,Preventive attention priority indicator only; not criminal proof.
FC-HIST-00153,25,Karur,2025-03-15 20:51:16,90_DAY_PREVENTIVE_ATTENTION,WATCH,70,CAMPUS_SECTOR_MICRO_CLUSTER,NARVEX_TEMPORAL_BAYES_V2.1,Preventive attention priority indicator only; not criminal proof.
FC-HIST-00154,23,Namakkal,2026-04-18 19:05:46,30_DAY_PREVENTIVE_ATTENTION,STABLE,83,CAMPUS_SECTOR_MICRO_CLUSTER,NARVEX_TEMPORAL_BAYES_V2.1,Preventive attention priority indicator only; not criminal proof.
FC-HIST-00155,8,Erode,2025-10-20 11:11:11,90_DAY_PREVENTIVE_ATTENTION,WATCH,82,INTERSTATE_FREIGHT_DISCREPANCY,NARVEX_TEMPORAL_BAYES_V2.1,Preventive attention priority indicator only; not criminal proof.
FC-HIST-00156,22,Dharmapuri,2026-02-27 01:21:16,30_DAY_PREVENTIVE_ATTENTION,WATCH,82,CAMPUS_SECTOR_MICRO_CLUSTER,NARVEX_TEMPORAL_BAYES_V2.1,Preventive attention priority indicator only; not criminal proof.
FC-HIST-00157,20,Viluppuram,2025-01-27 04:26:07,90_DAY_PREVENTIVE_ATTENTION,INCREASING,68,CAMPUS_SECTOR_MICRO_CLUSTER,NARVEX_TEMPORAL_BAYES_V2.1,Preventive attention priority indicator only; not criminal proof.
FC-HIST-00158,2,Coimbatore,2026-02-28 05:56:15,30_DAY_PREVENTIVE_ATTENTION,INCREASING,73,CAMPUS_SECTOR_MICRO_CLUSTER,NARVEX_TEMPORAL_BAYES_V2.1,Preventive attention priority indicator only; not criminal proof.
FC-HIST-00159,27,Perambalur,2025-03-24 12:24:38,90_DAY_PREVENTIVE_ATTENTION,WATCH,70,CAMPUS_SECTOR_MICRO_CLUSTER,NARVEX_TEMPORAL_BAYES_V2.1,Preventive attention priority indicator only; not criminal proof.
FC-HIST-00160,17,Chengalpattu,2025-02-14 11:49:43,30_DAY_PREVENTIVE_ATTENTION,HIGH PREVENTIVE ATTENTION,71,HIGHWAY_CHECKPOST_ACCELERATION,NARVEX_TEMPORAL_BAYES_V2.1,Preventive attention priority indicator only; not criminal proof.
FC-HIST-00161,5,Tiruchirappalli,2024-10-23 20:43:23,30_DAY_PREVENTIVE_ATTENTION,WATCH,73,INTERSTATE_FREIGHT_DISCREPANCY,NARVEX_TEMPORAL_BAYES_V2.1,Preventive attention priority indicator only; not criminal proof.
FC-HIST-00162,14,Kanniyakumari,2026-07-01 16:44:54,90_DAY_PREVENTIVE_ATTENTION,WATCH,83,CAMPUS_SECTOR_MICRO_CLUSTER,NARVEX_TEMPORAL_BAYES_V2.1,Preventive attention priority indicator only; not criminal proof.
FC-HIST-00163,24,Nilgiris,2026-08-01 05:48:03,90_DAY_PREVENTIVE_ATTENTION,HIGH PREVENTIVE ATTENTION,79,CAMPUS_SECTOR_MICRO_CLUSTER,NARVEX_TEMPORAL_BAYES_V2.1,Preventive attention priority indicator only; not criminal proof.
FC-HIST-00164,6,Tirunelveli,2025-11-26 01:46:28,30_DAY_PREVENTIVE_ATTENTION,HIGH PREVENTIVE ATTENTION,85,CAMPUS_SECTOR_MICRO_CLUSTER,NARVEX_TEMPORAL_BAYES_V2.1,Preventive attention priority indicator only; not criminal proof.
FC-HIST-00165,2,Coimbatore,2026-06-25 15:37:55,90_DAY_PREVENTIVE_ATTENTION,HIGH PREVENTIVE ATTENTION,76,CAMPUS_SECTOR_MICRO_CLUSTER,NARVEX_TEMPORAL_BAYES_V2.1,Preventive attention priority indicator only; not criminal proof.
FC-HIST-00166,20,Viluppuram,2024-11-30 12:22:22,30_DAY_PREVENTIVE_ATTENTION,INCREASING,70,HIGHWAY_CHECKPOST_ACCELERATION,NARVEX_TEMPORAL_BAYES_V2.1,Preventive attention priority indicator only; not criminal proof.
FC-HIST-00167,11,Dindigul,2024-10-13 06:03:07,90_DAY_PREVENTIVE_ATTENTION,STABLE,80,CAMPUS_SECTOR_MICRO_CLUSTER,NARVEX_TEMPORAL_BAYES_V2.1,Preventive attention priority indicator only; not criminal proof.
FC-HIST-00168,27,Perambalur,2025-11-29 13:53:48,90_DAY_PREVENTIVE_ATTENTION,INCREASING,81,HIGHWAY_CHECKPOST_ACCELERATION,NARVEX_TEMPORAL_BAYES_V2.1,Preventive attention priority indicator only; not criminal proof.
FC-HIST-00169,3,Madurai,2025-06-14 14:19:52,90_DAY_PREVENTIVE_ATTENTION,HIGH PREVENTIVE ATTENTION,84,CAMPUS_SECTOR_MICRO_CLUSTER,NARVEX_TEMPORAL_BAYES_V2.1,Preventive attention priority indicator only; not criminal proof.
FC-HIST-00170,23,Namakkal,2025-10-06 14:04:51,90_DAY_PREVENTIVE_ATTENTION,HIGH PREVENTIVE ATTENTION,73,INTERSTATE_FREIGHT_DISCREPANCY,NARVEX_TEMPORAL_BAYES_V2.1,Preventive attention priority indicator only; not criminal proof.
FC-HIST-00171,14,Kanniyakumari,2025-01-06 14:54:32,90_DAY_PREVENTIVE_ATTENTION,HIGH PREVENTIVE ATTENTION,78,CAMPUS_SECTOR_MICRO_CLUSTER,NARVEX_TEMPORAL_BAYES_V2.1,Preventive attention priority indicator only; not criminal proof.
FC-HIST-00172,1,Chennai,2025-08-27 17:15:57,30_DAY_PREVENTIVE_ATTENTION,INCREASING,76,INTERSTATE_FREIGHT_DISCREPANCY,NARVEX_TEMPORAL_BAYES_V2.1,Preventive attention priority indicator only; not criminal proof.
FC-HIST-00173,35,Mayiladuthurai,2026-07-21 14:34:45,90_DAY_PREVENTIVE_ATTENTION,INCREASING,86,HIGHWAY_CHECKPOST_ACCELERATION,NARVEX_TEMPORAL_BAYES_V2.1,Preventive attention priority indicator only; not criminal proof.
FC-HIST-00174,5,Tiruchirappalli,2025-06-16 17:52:33,90_DAY_PREVENTIVE_ATTENTION,HIGH PREVENTIVE ATTENTION,84,HIGHWAY_CHECKPOST_ACCELERATION,NARVEX_TEMPORAL_BAYES_V2.1,Preventive attention priority indicator only; not criminal proof.
FC-HIST-00175,25,Karur,2025-02-02 13:39:20,30_DAY_PREVENTIVE_ATTENTION,WATCH,79,INTERSTATE_FREIGHT_DISCREPANCY,NARVEX_TEMPORAL_BAYES_V2.1,Preventive attention priority indicator only; not criminal proof.
FC-HIST-00176,35,Mayiladuthurai,2025-12-03 08:18:10,30_DAY_PREVENTIVE_ATTENTION,INCREASING,73,HIGHWAY_CHECKPOST_ACCELERATION,NARVEX_TEMPORAL_BAYES_V2.1,Preventive attention priority indicator only; not criminal proof.
FC-HIST-00177,24,Nilgiris,2026-03-24 08:51:36,90_DAY_PREVENTIVE_ATTENTION,STABLE,83,CAMPUS_SECTOR_MICRO_CLUSTER,NARVEX_TEMPORAL_BAYES_V2.1,Preventive attention priority indicator only; not criminal proof.
FC-HIST-00178,13,Thoothukudi,2026-04-03 23:08:23,30_DAY_PREVENTIVE_ATTENTION,INCREASING,88,INTERSTATE_FREIGHT_DISCREPANCY,NARVEX_TEMPORAL_BAYES_V2.1,Preventive attention priority indicator only; not criminal proof.
FC-HIST-00179,20,Viluppuram,2025-02-08 02:56:23,90_DAY_PREVENTIVE_ATTENTION,WATCH,74,INTERSTATE_FREIGHT_DISCREPANCY,NARVEX_TEMPORAL_BAYES_V2.1,Preventive attention priority indicator only; not criminal proof.
FC-HIST-00180,31,Virudhunagar,2025-03-04 01:22:07,30_DAY_PREVENTIVE_ATTENTION,INCREASING,82,CAMPUS_SECTOR_MICRO_CLUSTER,NARVEX_TEMPORAL_BAYES_V2.1,Preventive attention priority indicator only; not criminal proof.
FC-HIST-00181,7,Tiruppur,2026-03-17 16:24:46,90_DAY_PREVENTIVE_ATTENTION,WATCH,68,HIGHWAY_CHECKPOST_ACCELERATION,NARVEX_TEMPORAL_BAYES_V2.1,Preventive attention priority indicator only; not criminal proof.
FC-HIST-00182,23,Namakkal,2025-06-11 16:49:17,90_DAY_PREVENTIVE_ATTENTION,WATCH,81,HIGHWAY_CHECKPOST_ACCELERATION,NARVEX_TEMPORAL_BAYES_V2.1,Preventive attention priority indicator only; not criminal proof.
FC-HIST-00183,27,Perambalur,2024-12-18 02:56:58,30_DAY_PREVENTIVE_ATTENTION,HIGH PREVENTIVE ATTENTION,71,CAMPUS_SECTOR_MICRO_CLUSTER,NARVEX_TEMPORAL_BAYES_V2.1,Preventive attention priority indicator only; not criminal proof.
FC-HIST-00184,11,Dindigul,2024-12-05 02:11:35,90_DAY_PREVENTIVE_ATTENTION,HIGH PREVENTIVE ATTENTION,87,HIGHWAY_CHECKPOST_ACCELERATION,NARVEX_TEMPORAL_BAYES_V2.1,Preventive attention priority indicator only; not criminal proof.
FC-HIST-00185,17,Chengalpattu,2025-10-21 16:58:32,30_DAY_PREVENTIVE_ATTENTION,HIGH PREVENTIVE ATTENTION,80,CAMPUS_SECTOR_MICRO_CLUSTER,NARVEX_TEMPORAL_BAYES_V2.1,Preventive attention priority indicator only; not criminal proof.
FC-HIST-00186,32,Theni,2025-02-04 11:42:13,90_DAY_PREVENTIVE_ATTENTION,INCREASING,82,INTERSTATE_FREIGHT_DISCREPANCY,NARVEX_TEMPORAL_BAYES_V2.1,Preventive attention priority indicator only; not criminal proof.
FC-HIST-00187,13,Thoothukudi,2025-06-12 17:10:03,30_DAY_PREVENTIVE_ATTENTION,INCREASING,88,HIGHWAY_CHECKPOST_ACCELERATION,NARVEX_TEMPORAL_BAYES_V2.1,Preventive attention priority indicator only; not criminal proof.
FC-HIST-00188,10,Krishnagiri,2025-11-04 19:05:48,30_DAY_PREVENTIVE_ATTENTION,INCREASING,79,INTERSTATE_FREIGHT_DISCREPANCY,NARVEX_TEMPORAL_BAYES_V2.1,Preventive attention priority indicator only; not criminal proof.
FC-HIST-00189,21,Kallakurichi,2025-10-10 07:11:49,90_DAY_PREVENTIVE_ATTENTION,HIGH PREVENTIVE ATTENTION,84,CAMPUS_SECTOR_MICRO_CLUSTER,NARVEX_TEMPORAL_BAYES_V2.1,Preventive attention priority indicator only; not criminal proof.
FC-HIST-00190,29,Sivaganga,2025-01-03 04:35:26,90_DAY_PREVENTIVE_ATTENTION,INCREASING,87,CAMPUS_SECTOR_MICRO_CLUSTER,NARVEX_TEMPORAL_BAYES_V2.1,Preventive attention priority indicator only; not criminal proof.
FC-HIST-00191,13,Thoothukudi,2025-02-19 00:21:09,90_DAY_PREVENTIVE_ATTENTION,STABLE,75,INTERSTATE_FREIGHT_DISCREPANCY,NARVEX_TEMPORAL_BAYES_V2.1,Preventive attention priority indicator only; not criminal proof.
FC-HIST-00192,1,Chennai,2025-11-29 23:20:36,30_DAY_PREVENTIVE_ATTENTION,STABLE,75,INTERSTATE_FREIGHT_DISCREPANCY,NARVEX_TEMPORAL_BAYES_V2.1,Preventive attention priority indicator only; not criminal proof.
FC-HIST-00193,31,Virudhunagar,2024-11-17 13:45:31,90_DAY_PREVENTIVE_ATTENTION,STABLE,69,HIGHWAY_CHECKPOST_ACCELERATION,NARVEX_TEMPORAL_BAYES_V2.1,Preventive attention priority indicator only; not criminal proof.
FC-HIST-00194,32,Theni,2024-10-23 17:43:16,30_DAY_PREVENTIVE_ATTENTION,STABLE,78,INTERSTATE_FREIGHT_DISCREPANCY,NARVEX_TEMPORAL_BAYES_V2.1,Preventive attention priority indicator only; not criminal proof.
FC-HIST-00195,11,Dindigul,2026-05-23 01:55:04,90_DAY_PREVENTIVE_ATTENTION,HIGH PREVENTIVE ATTENTION,85,INTERSTATE_FREIGHT_DISCREPANCY,NARVEX_TEMPORAL_BAYES_V2.1,Preventive attention priority indicator only; not criminal proof.
FC-HIST-00196,36,Ranipet,2025-02-20 17:51:09,30_DAY_PREVENTIVE_ATTENTION,WATCH,91,HIGHWAY_CHECKPOST_ACCELERATION,NARVEX_TEMPORAL_BAYES_V2.1,Preventive attention priority indicator only; not criminal proof.
FC-HIST-00197,25,Karur,2025-04-23 09:11:29,90_DAY_PREVENTIVE_ATTENTION,WATCH,71,INTERSTATE_FREIGHT_DISCREPANCY,NARVEX_TEMPORAL_BAYES_V2.1,Preventive attention priority indicator only; not criminal proof.
FC-HIST-00198,15,Tenkasi,2025-02-02 05:48:45,90_DAY_PREVENTIVE_ATTENTION,HIGH PREVENTIVE ATTENTION,76,CAMPUS_SECTOR_MICRO_CLUSTER,NARVEX_TEMPORAL_BAYES_V2.1,Preventive attention priority indicator only; not criminal proof.
FC-HIST-00199,3,Madurai,2026-07-10 11:55:11,30_DAY_PREVENTIVE_ATTENTION,HIGH PREVENTIVE ATTENTION,80,HIGHWAY_CHECKPOST_ACCELERATION,NARVEX_TEMPORAL_BAYES_V2.1,Preventive attention priority indicator only; not criminal proof.
FC-HIST-00200,10,Krishnagiri,2024-11-20 07:45:31,90_DAY_PREVENTIVE_ATTENTION,INCREASING,89,INTERSTATE_FREIGHT_DISCREPANCY,NARVEX_TEMPORAL_BAYES_V2.1,Preventive attention priority indicator only; not criminal proof.
FC-HIST-00201,22,Dharmapuri,2025-09-03 08:29:17,90_DAY_PREVENTIVE_ATTENTION,INCREASING,71,HIGHWAY_CHECKPOST_ACCELERATION,NARVEX_TEMPORAL_BAYES_V2.1,Preventive attention priority indicator only; not criminal proof.
FC-HIST-00202,22,Dharmapuri,2025-07-10 06:04:41,30_DAY_PREVENTIVE_ATTENTION,STABLE,84,CAMPUS_SECTOR_MICRO_CLUSTER,NARVEX_TEMPORAL_BAYES_V2.1,Preventive attention priority indicator only; not criminal proof.
FC-HIST-00203,31,Virudhunagar,2025-06-18 05:55:30,30_DAY_PREVENTIVE_ATTENTION,WATCH,84,HIGHWAY_CHECKPOST_ACCELERATION,NARVEX_TEMPORAL_BAYES_V2.1,Preventive attention priority indicator only; not criminal proof.
FC-HIST-00204,13,Thoothukudi,2025-10-10 06:10:16,90_DAY_PREVENTIVE_ATTENTION,WATCH,86,CAMPUS_SECTOR_MICRO_CLUSTER,NARVEX_TEMPORAL_BAYES_V2.1,Preventive attention priority indicator only; not criminal proof.
FC-HIST-00205,10,Krishnagiri,2024-10-09 16:39:32,30_DAY_PREVENTIVE_ATTENTION,STABLE,68,HIGHWAY_CHECKPOST_ACCELERATION,NARVEX_TEMPORAL_BAYES_V2.1,Preventive attention priority indicator only; not criminal proof.
FC-HIST-00206,11,Dindigul,2024-11-24 06:08:44,30_DAY_PREVENTIVE_ATTENTION,INCREASING,87,CAMPUS_SECTOR_MICRO_CLUSTER,NARVEX_TEMPORAL_BAYES_V2.1,Preventive attention priority indicator only; not criminal proof.
FC-HIST-00207,23,Namakkal,2025-02-02 15:50:06,90_DAY_PREVENTIVE_ATTENTION,STABLE,69,HIGHWAY_CHECKPOST_ACCELERATION,NARVEX_TEMPORAL_BAYES_V2.1,Preventive attention priority indicator only; not criminal proof.
FC-HIST-00208,30,Ramanathapuram,2025-01-26 21:01:08,30_DAY_PREVENTIVE_ATTENTION,INCREASING,83,CAMPUS_SECTOR_MICRO_CLUSTER,NARVEX_TEMPORAL_BAYES_V2.1,Preventive attention priority indicator only; not criminal proof.
FC-HIST-00209,29,Sivaganga,2025-09-07 17:44:17,90_DAY_PREVENTIVE_ATTENTION,WATCH,78,INTERSTATE_FREIGHT_DISCREPANCY,NARVEX_TEMPORAL_BAYES_V2.1,Preventive attention priority indicator only; not criminal proof.
FC-HIST-00210,12,Thanjavur,2025-08-02 10:52:17,90_DAY_PREVENTIVE_ATTENTION,STABLE,85,INTERSTATE_FREIGHT_DISCREPANCY,NARVEX_TEMPORAL_BAYES_V2.1,Preventive attention priority indicator only; not criminal proof.
FC-HIST-00211,7,Tiruppur,2024-11-22 01:28:56,90_DAY_PREVENTIVE_ATTENTION,INCREASING,88,CAMPUS_SECTOR_MICRO_CLUSTER,NARVEX_TEMPORAL_BAYES_V2.1,Preventive attention priority indicator only; not criminal proof.
FC-HIST-00212,18,Tiruvallur,2025-12-25 15:35:05,90_DAY_PREVENTIVE_ATTENTION,INCREASING,72,INTERSTATE_FREIGHT_DISCREPANCY,NARVEX_TEMPORAL_BAYES_V2.1,Preventive attention priority indicator only; not criminal proof.
FC-HIST-00213,19,Cuddalore,2026-01-05 09:52:09,30_DAY_PREVENTIVE_ATTENTION,INCREASING,87,HIGHWAY_CHECKPOST_ACCELERATION,NARVEX_TEMPORAL_BAYES_V2.1,Preventive attention priority indicator only; not criminal proof.
FC-HIST-00214,14,Kanniyakumari,2024-10-17 08:43:05,90_DAY_PREVENTIVE_ATTENTION,INCREASING,73,HIGHWAY_CHECKPOST_ACCELERATION,NARVEX_TEMPORAL_BAYES_V2.1,Preventive attention priority indicator only; not criminal proof.
FC-HIST-00215,2,Coimbatore,2025-11-17 23:12:55,90_DAY_PREVENTIVE_ATTENTION,STABLE,71,HIGHWAY_CHECKPOST_ACCELERATION,NARVEX_TEMPORAL_BAYES_V2.1,Preventive attention priority indicator only; not criminal proof.
FC-HIST-00216,6,Tirunelveli,2025-10-29 00:37:21,30_DAY_PREVENTIVE_ATTENTION,WATCH,83,INTERSTATE_FREIGHT_DISCREPANCY,NARVEX_TEMPORAL_BAYES_V2.1,Preventive attention priority indicator only; not criminal proof.
FC-HIST-00217,8,Erode,2026-08-08 19:34:21,90_DAY_PREVENTIVE_ATTENTION,STABLE,85,CAMPUS_SECTOR_MICRO_CLUSTER,NARVEX_TEMPORAL_BAYES_V2.1,Preventive attention priority indicator only; not criminal proof.
FC-HIST-00218,5,Tiruchirappalli,2025-02-28 17:47:52,90_DAY_PREVENTIVE_ATTENTION,INCREASING,77,INTERSTATE_FREIGHT_DISCREPANCY,NARVEX_TEMPORAL_BAYES_V2.1,Preventive attention priority indicator only; not criminal proof.
FC-HIST-00219,5,Tiruchirappalli,2025-07-07 11:46:05,90_DAY_PREVENTIVE_ATTENTION,HIGH PREVENTIVE ATTENTION,71,INTERSTATE_FREIGHT_DISCREPANCY,NARVEX_TEMPORAL_BAYES_V2.1,Preventive attention priority indicator only; not criminal proof.
FC-HIST-00220,18,Tiruvallur,2025-12-23 19:45:11,30_DAY_PREVENTIVE_ATTENTION,HIGH PREVENTIVE ATTENTION,85,INTERSTATE_FREIGHT_DISCREPANCY,NARVEX_TEMPORAL_BAYES_V2.1,Preventive attention priority indicator only; not criminal proof.
FC-HIST-00221,31,Virudhunagar,2025-06-21 21:51:13,30_DAY_PREVENTIVE_ATTENTION,INCREASING,87,CAMPUS_SECTOR_MICRO_CLUSTER,NARVEX_TEMPORAL_BAYES_V2.1,Preventive attention priority indicator only; not criminal proof.
FC-HIST-00222,13,Thoothukudi,2024-11-22 20:08:51,90_DAY_PREVENTIVE_ATTENTION,WATCH,71,INTERSTATE_FREIGHT_DISCREPANCY,NARVEX_TEMPORAL_BAYES_V2.1,Preventive attention priority indicator only; not criminal proof.
FC-HIST-00223,12,Thanjavur,2025-10-13 13:33:04,30_DAY_PREVENTIVE_ATTENTION,WATCH,71,CAMPUS_SECTOR_MICRO_CLUSTER,NARVEX_TEMPORAL_BAYES_V2.1,Preventive attention priority indicator only; not criminal proof.
FC-HIST-00224,22,Dharmapuri,2025-12-29 20:11:47,90_DAY_PREVENTIVE_ATTENTION,INCREASING,73,INTERSTATE_FREIGHT_DISCREPANCY,NARVEX_TEMPORAL_BAYES_V2.1,Preventive attention priority indicator only; not criminal proof.
FC-HIST-00225,17,Chengalpattu,2025-03-03 10:55:55,90_DAY_PREVENTIVE_ATTENTION,WATCH,91,HIGHWAY_CHECKPOST_ACCELERATION,NARVEX_TEMPORAL_BAYES_V2.1,Preventive attention priority indicator only; not criminal proof.
FC-HIST-00226,2,Coimbatore,2025-10-08 05:25:35,90_DAY_PREVENTIVE_ATTENTION,STABLE,72,INTERSTATE_FREIGHT_DISCREPANCY,NARVEX_TEMPORAL_BAYES_V2.1,Preventive attention priority indicator only; not criminal proof.
FC-HIST-00227,32,Theni,2025-01-29 17:27:12,30_DAY_PREVENTIVE_ATTENTION,STABLE,83,INTERSTATE_FREIGHT_DISCREPANCY,NARVEX_TEMPORAL_BAYES_V2.1,Preventive attention priority indicator only; not criminal proof.
FC-HIST-00228,5,Tiruchirappalli,2026-06-13 00:57:16,30_DAY_PREVENTIVE_ATTENTION,HIGH PREVENTIVE ATTENTION,89,CAMPUS_SECTOR_MICRO_CLUSTER,NARVEX_TEMPORAL_BAYES_V2.1,Preventive attention priority indicator only; not criminal proof.
FC-HIST-00229,28,Pudukkottai,2025-08-03 12:59:57,30_DAY_PREVENTIVE_ATTENTION,WATCH,87,INTERSTATE_FREIGHT_DISCREPANCY,NARVEX_TEMPORAL_BAYES_V2.1,Preventive attention priority indicator only; not criminal proof.
FC-HIST-00230,18,Tiruvallur,2026-03-29 13:04:41,90_DAY_PREVENTIVE_ATTENTION,STABLE,87,INTERSTATE_FREIGHT_DISCREPANCY,NARVEX_TEMPORAL_BAYES_V2.1,Preventive attention priority indicator only; not criminal proof.
FC-HIST-00231,32,Theni,2025-01-24 18:16:10,30_DAY_PREVENTIVE_ATTENTION,WATCH,77,INTERSTATE_FREIGHT_DISCREPANCY,NARVEX_TEMPORAL_BAYES_V2.1,Preventive attention priority indicator only; not criminal proof.
FC-HIST-00232,17,Chengalpattu,2025-05-23 05:31:01,30_DAY_PREVENTIVE_ATTENTION,HIGH PREVENTIVE ATTENTION,74,HIGHWAY_CHECKPOST_ACCELERATION,NARVEX_TEMPORAL_BAYES_V2.1,Preventive attention priority indicator only; not criminal proof.
FC-HIST-00233,5,Tiruchirappalli,2025-01-21 02:58:01,90_DAY_PREVENTIVE_ATTENTION,STABLE,79,HIGHWAY_CHECKPOST_ACCELERATION,NARVEX_TEMPORAL_BAYES_V2.1,Preventive attention priority indicator only; not criminal proof.
FC-HIST-00234,5,Tiruchirappalli,2025-12-27 16:53:09,90_DAY_PREVENTIVE_ATTENTION,WATCH,70,CAMPUS_SECTOR_MICRO_CLUSTER,NARVEX_TEMPORAL_BAYES_V2.1,Preventive attention priority indicator only; not criminal proof.
FC-HIST-00235,11,Dindigul,2025-06-09 15:31:27,90_DAY_PREVENTIVE_ATTENTION,STABLE,79,CAMPUS_SECTOR_MICRO_CLUSTER,NARVEX_TEMPORAL_BAYES_V2.1,Preventive attention priority indicator only; not criminal proof.
FC-HIST-00236,31,Virudhunagar,2025-12-05 16:34:32,30_DAY_PREVENTIVE_ATTENTION,INCREASING,92,HIGHWAY_CHECKPOST_ACCELERATION,NARVEX_TEMPORAL_BAYES_V2.1,Preventive attention priority indicator only; not criminal proof.
FC-HIST-00237,22,Dharmapuri,2026-05-20 15:44:00,30_DAY_PREVENTIVE_ATTENTION,HIGH PREVENTIVE ATTENTION,77,INTERSTATE_FREIGHT_DISCREPANCY,NARVEX_TEMPORAL_BAYES_V2.1,Preventive attention priority indicator only; not criminal proof.
FC-HIST-00238,35,Mayiladuthurai,2025-11-13 22:09:03,30_DAY_PREVENTIVE_ATTENTION,WATCH,74,CAMPUS_SECTOR_MICRO_CLUSTER,NARVEX_TEMPORAL_BAYES_V2.1,Preventive attention priority indicator only; not criminal proof.
FC-HIST-00239,34,Nagapattinam,2025-02-28 03:26:15,30_DAY_PREVENTIVE_ATTENTION,HIGH PREVENTIVE ATTENTION,81,HIGHWAY_CHECKPOST_ACCELERATION,NARVEX_TEMPORAL_BAYES_V2.1,Preventive attention priority indicator only; not criminal proof.
FC-HIST-00240,3,Madurai,2026-03-20 08:59:12,30_DAY_PREVENTIVE_ATTENTION,INCREASING,78,INTERSTATE_FREIGHT_DISCREPANCY,NARVEX_TEMPORAL_BAYES_V2.1,Preventive attention priority indicator only; not criminal proof.
FC-HIST-00241,24,Nilgiris,2025-03-26 17:02:42,90_DAY_PREVENTIVE_ATTENTION,WATCH,81,CAMPUS_SECTOR_MICRO_CLUSTER,NARVEX_TEMPORAL_BAYES_V2.1,Preventive attention priority indicator only; not criminal proof.
FC-HIST-00242,22,Dharmapuri,2024-12-01 02:58:50,90_DAY_PREVENTIVE_ATTENTION,STABLE,70,INTERSTATE_FREIGHT_DISCREPANCY,NARVEX_TEMPORAL_BAYES_V2.1,Preventive attention priority indicator only; not criminal proof.
FC-HIST-00243,6,Tirunelveli,2025-08-16 09:34:16,90_DAY_PREVENTIVE_ATTENTION,INCREASING,69,HIGHWAY_CHECKPOST_ACCELERATION,NARVEX_TEMPORAL_BAYES_V2.1,Preventive attention priority indicator only; not criminal proof.
FC-HIST-00244,23,Namakkal,2025-04-04 21:45:49,30_DAY_PREVENTIVE_ATTENTION,HIGH PREVENTIVE ATTENTION,72,CAMPUS_SECTOR_MICRO_CLUSTER,NARVEX_TEMPORAL_BAYES_V2.1,Preventive attention priority indicator only; not criminal proof.
FC-HIST-00245,15,Tenkasi,2026-05-18 20:01:28,90_DAY_PREVENTIVE_ATTENTION,INCREASING,89,CAMPUS_SECTOR_MICRO_CLUSTER,NARVEX_TEMPORAL_BAYES_V2.1,Preventive attention priority indicator only; not criminal proof.
FC-HIST-00246,3,Madurai,2025-06-06 09:57:29,30_DAY_PREVENTIVE_ATTENTION,STABLE,68,CAMPUS_SECTOR_MICRO_CLUSTER,NARVEX_TEMPORAL_BAYES_V2.1,Preventive attention priority indicator only; not criminal proof.
FC-HIST-00247,35,Mayiladuthurai,2025-09-09 14:55:55,30_DAY_PREVENTIVE_ATTENTION,INCREASING,89,INTERSTATE_FREIGHT_DISCREPANCY,NARVEX_TEMPORAL_BAYES_V2.1,Preventive attention priority indicator only; not criminal proof.
FC-HIST-00248,6,Tirunelveli,2025-03-17 10:01:28,30_DAY_PREVENTIVE_ATTENTION,HIGH PREVENTIVE ATTENTION,70,CAMPUS_SECTOR_MICRO_CLUSTER,NARVEX_TEMPORAL_BAYES_V2.1,Preventive attention priority indicator only; not criminal proof.
FC-HIST-00249,20,Viluppuram,2024-12-13 03:44:22,90_DAY_PREVENTIVE_ATTENTION,HIGH PREVENTIVE ATTENTION,84,CAMPUS_SECTOR_MICRO_CLUSTER,NARVEX_TEMPORAL_BAYES_V2.1,Preventive attention priority indicator only; not criminal proof.
FC-HIST-00250,23,Namakkal,2025-12-06 21:46:38,90_DAY_PREVENTIVE_ATTENTION,HIGH PREVENTIVE ATTENTION,70,INTERSTATE_FREIGHT_DISCREPANCY,NARVEX_TEMPORAL_BAYES_V2.1,Preventive attention priority indicator only; not criminal proof.
FC-HIST-00251,14,Kanniyakumari,2024-10-06 19:34:21,30_DAY_PREVENTIVE_ATTENTION,INCREASING,71,INTERSTATE_FREIGHT_DISCREPANCY,NARVEX_TEMPORAL_BAYES_V2.1,Preventive attention priority indicator only; not criminal proof.
FC-HIST-00252,17,Chengalpattu,2025-04-22 22:07:12,90_DAY_PREVENTIVE_ATTENTION,STABLE,92,HIGHWAY_CHECKPOST_ACCELERATION,NARVEX_TEMPORAL_BAYES_V2.1,Preventive attention priority indicator only; not criminal proof.
FC-HIST-00253,6,Tirunelveli,2025-05-26 04:58:03,90_DAY_PREVENTIVE_ATTENTION,INCREASING,91,CAMPUS_SECTOR_MICRO_CLUSTER,NARVEX_TEMPORAL_BAYES_V2.1,Preventive attention priority indicator only; not criminal proof.
FC-HIST-00254,12,Thanjavur,2026-07-31 11:08:44,30_DAY_PREVENTIVE_ATTENTION,HIGH PREVENTIVE ATTENTION,80,HIGHWAY_CHECKPOST_ACCELERATION,NARVEX_TEMPORAL_BAYES_V2.1,Preventive attention priority indicator only; not criminal proof.
FC-HIST-00255,14,Kanniyakumari,2025-05-20 20:04:46,90_DAY_PREVENTIVE_ATTENTION,INCREASING,71,INTERSTATE_FREIGHT_DISCREPANCY,NARVEX_TEMPORAL_BAYES_V2.1,Preventive attention priority indicator only; not criminal proof.
FC-HIST-00256,3,Madurai,2025-12-29 04:21:55,90_DAY_PREVENTIVE_ATTENTION,HIGH PREVENTIVE ATTENTION,70,INTERSTATE_FREIGHT_DISCREPANCY,NARVEX_TEMPORAL_BAYES_V2.1,Preventive attention priority indicator only; not criminal proof.
FC-HIST-00257,14,Kanniyakumari,2026-06-18 08:43:50,30_DAY_PREVENTIVE_ATTENTION,INCREASING,82,CAMPUS_SECTOR_MICRO_CLUSTER,NARVEX_TEMPORAL_BAYES_V2.1,Preventive attention priority indicator only; not criminal proof.
FC-HIST-00258,17,Chengalpattu,2025-01-28 23:36:57,30_DAY_PREVENTIVE_ATTENTION,WATCH,84,HIGHWAY_CHECKPOST_ACCELERATION,NARVEX_TEMPORAL_BAYES_V2.1,Preventive attention priority indicator only; not criminal proof.
FC-HIST-00259,35,Mayiladuthurai,2026-07-19 14:28:20,30_DAY_PREVENTIVE_ATTENTION,HIGH PREVENTIVE ATTENTION,80,INTERSTATE_FREIGHT_DISCREPANCY,NARVEX_TEMPORAL_BAYES_V2.1,Preventive attention priority indicator only; not criminal proof.
FC-HIST-00260,38,Tiruvannamalai,2025-10-21 11:23:08,90_DAY_PREVENTIVE_ATTENTION,WATCH,84,CAMPUS_SECTOR_MICRO_CLUSTER,NARVEX_TEMPORAL_BAYES_V2.1,Preventive attention priority indicator only; not criminal proof.
FC-HIST-00261,21,Kallakurichi,2025-08-18 20:28:40,90_DAY_PREVENTIVE_ATTENTION,STABLE,73,HIGHWAY_CHECKPOST_ACCELERATION,NARVEX_TEMPORAL_BAYES_V2.1,Preventive attention priority indicator only; not criminal proof.
FC-HIST-00262,8,Erode,2025-01-03 22:07:08,90_DAY_PREVENTIVE_ATTENTION,STABLE,81,HIGHWAY_CHECKPOST_ACCELERATION,NARVEX_TEMPORAL_BAYES_V2.1,Preventive attention priority indicator only; not criminal proof.
FC-HIST-00263,23,Namakkal,2025-10-10 00:22:50,90_DAY_PREVENTIVE_ATTENTION,WATCH,80,HIGHWAY_CHECKPOST_ACCELERATION,NARVEX_TEMPORAL_BAYES_V2.1,Preventive attention priority indicator only; not criminal proof.
FC-HIST-00264,9,Vellore,2025-10-16 17:42:42,30_DAY_PREVENTIVE_ATTENTION,HIGH PREVENTIVE ATTENTION,76,INTERSTATE_FREIGHT_DISCREPANCY,NARVEX_TEMPORAL_BAYES_V2.1,Preventive attention priority indicator only; not criminal proof.
FC-HIST-00265,16,Kancheepuram,2025-08-14 20:24:36,90_DAY_PREVENTIVE_ATTENTION,HIGH PREVENTIVE ATTENTION,91,HIGHWAY_CHECKPOST_ACCELERATION,NARVEX_TEMPORAL_BAYES_V2.1,Preventive attention priority indicator only; not criminal proof.
FC-HIST-00266,7,Tiruppur,2024-12-05 16:59:18,90_DAY_PREVENTIVE_ATTENTION,INCREASING,79,HIGHWAY_CHECKPOST_ACCELERATION,NARVEX_TEMPORAL_BAYES_V2.1,Preventive attention priority indicator only; not criminal proof.
FC-HIST-00267,24,Nilgiris,2026-06-29 16:34:02,90_DAY_PREVENTIVE_ATTENTION,STABLE,88,CAMPUS_SECTOR_MICRO_CLUSTER,NARVEX_TEMPORAL_BAYES_V2.1,Preventive attention priority indicator only; not criminal proof.
FC-HIST-00268,18,Tiruvallur,2026-07-21 09:36:41,30_DAY_PREVENTIVE_ATTENTION,INCREASING,83,INTERSTATE_FREIGHT_DISCREPANCY,NARVEX_TEMPORAL_BAYES_V2.1,Preventive attention priority indicator only; not criminal proof.
FC-HIST-00269,7,Tiruppur,2025-07-22 18:40:39,30_DAY_PREVENTIVE_ATTENTION,HIGH PREVENTIVE ATTENTION,75,CAMPUS_SECTOR_MICRO_CLUSTER,NARVEX_TEMPORAL_BAYES_V2.1,Preventive attention priority indicator only; not criminal proof.
FC-HIST-00270,9,Vellore,2025-11-28 15:20:39,90_DAY_PREVENTIVE_ATTENTION,HIGH PREVENTIVE ATTENTION,86,CAMPUS_SECTOR_MICRO_CLUSTER,NARVEX_TEMPORAL_BAYES_V2.1,Preventive attention priority indicator only; not criminal proof.
FC-HIST-00271,19,Cuddalore,2025-07-04 16:26:18,30_DAY_PREVENTIVE_ATTENTION,STABLE,86,HIGHWAY_CHECKPOST_ACCELERATION,NARVEX_TEMPORAL_BAYES_V2.1,Preventive attention priority indicator only; not criminal proof.
FC-HIST-00272,21,Kallakurichi,2025-08-11 17:52:52,30_DAY_PREVENTIVE_ATTENTION,INCREASING,81,CAMPUS_SECTOR_MICRO_CLUSTER,NARVEX_TEMPORAL_BAYES_V2.1,Preventive attention priority indicator only; not criminal proof.
FC-HIST-00273,6,Tirunelveli,2025-12-26 14:24:25,90_DAY_PREVENTIVE_ATTENTION,STABLE,82,INTERSTATE_FREIGHT_DISCREPANCY,NARVEX_TEMPORAL_BAYES_V2.1,Preventive attention priority indicator only; not criminal proof.
FC-HIST-00274,6,Tirunelveli,2024-11-12 23:16:36,30_DAY_PREVENTIVE_ATTENTION,HIGH PREVENTIVE ATTENTION,69,INTERSTATE_FREIGHT_DISCREPANCY,NARVEX_TEMPORAL_BAYES_V2.1,Preventive attention priority indicator only; not criminal proof.
FC-HIST-00275,7,Tiruppur,2024-10-07 23:22:16,30_DAY_PREVENTIVE_ATTENTION,WATCH,72,CAMPUS_SECTOR_MICRO_CLUSTER,NARVEX_TEMPORAL_BAYES_V2.1,Preventive attention priority indicator only; not criminal proof.
FC-HIST-00276,22,Dharmapuri,2024-10-19 16:15:55,90_DAY_PREVENTIVE_ATTENTION,HIGH PREVENTIVE ATTENTION,88,HIGHWAY_CHECKPOST_ACCELERATION,NARVEX_TEMPORAL_BAYES_V2.1,Preventive attention priority indicator only; not criminal proof.
FC-HIST-00277,28,Pudukkottai,2025-01-11 04:49:32,90_DAY_PREVENTIVE_ATTENTION,STABLE,74,CAMPUS_SECTOR_MICRO_CLUSTER,NARVEX_TEMPORAL_BAYES_V2.1,Preventive attention priority indicator only; not criminal proof.
FC-HIST-00278,17,Chengalpattu,2025-01-15 22:33:33,90_DAY_PREVENTIVE_ATTENTION,STABLE,82,INTERSTATE_FREIGHT_DISCREPANCY,NARVEX_TEMPORAL_BAYES_V2.1,Preventive attention priority indicator only; not criminal proof.
FC-HIST-00279,14,Kanniyakumari,2026-05-02 18:25:30,90_DAY_PREVENTIVE_ATTENTION,STABLE,81,HIGHWAY_CHECKPOST_ACCELERATION,NARVEX_TEMPORAL_BAYES_V2.1,Preventive attention priority indicator only; not criminal proof.
FC-HIST-00280,11,Dindigul,2025-08-01 18:15:21,90_DAY_PREVENTIVE_ATTENTION,STABLE,77,INTERSTATE_FREIGHT_DISCREPANCY,NARVEX_TEMPORAL_BAYES_V2.1,Preventive attention priority indicator only; not criminal proof.
FC-HIST-00281,20,Viluppuram,2026-05-31 16:44:51,30_DAY_PREVENTIVE_ATTENTION,HIGH PREVENTIVE ATTENTION,74,CAMPUS_SECTOR_MICRO_CLUSTER,NARVEX_TEMPORAL_BAYES_V2.1,Preventive attention priority indicator only; not criminal proof.
FC-HIST-00282,7,Tiruppur,2026-05-10 12:21:18,90_DAY_PREVENTIVE_ATTENTION,STABLE,73,CAMPUS_SECTOR_MICRO_CLUSTER,NARVEX_TEMPORAL_BAYES_V2.1,Preventive attention priority indicator only; not criminal proof.
FC-HIST-00283,11,Dindigul,2025-09-05 11:18:30,90_DAY_PREVENTIVE_ATTENTION,INCREASING,85,CAMPUS_SECTOR_MICRO_CLUSTER,NARVEX_TEMPORAL_BAYES_V2.1,Preventive attention priority indicator only; not criminal proof.
FC-HIST-00284,32,Theni,2025-10-08 17:53:57,30_DAY_PREVENTIVE_ATTENTION,WATCH,77,INTERSTATE_FREIGHT_DISCREPANCY,NARVEX_TEMPORAL_BAYES_V2.1,Preventive attention priority indicator only; not criminal proof.
FC-HIST-00285,21,Kallakurichi,2026-05-23 04:29:09,90_DAY_PREVENTIVE_ATTENTION,WATCH,73,INTERSTATE_FREIGHT_DISCREPANCY,NARVEX_TEMPORAL_BAYES_V2.1,Preventive attention priority indicator only; not criminal proof.
FC-HIST-00286,34,Nagapattinam,2026-08-17 18:49:20,90_DAY_PREVENTIVE_ATTENTION,HIGH PREVENTIVE ATTENTION,76,HIGHWAY_CHECKPOST_ACCELERATION,NARVEX_TEMPORAL_BAYES_V2.1,Preventive attention priority indicator only; not criminal proof.
FC-HIST-00287,37,Tirupathur,2025-12-08 16:57:55,30_DAY_PREVENTIVE_ATTENTION,STABLE,70,HIGHWAY_CHECKPOST_ACCELERATION,NARVEX_TEMPORAL_BAYES_V2.1,Preventive attention priority indicator only; not criminal proof.
FC-HIST-00288,6,Tirunelveli,2024-09-24 08:21:15,30_DAY_PREVENTIVE_ATTENTION,STABLE,82,CAMPUS_SECTOR_MICRO_CLUSTER,NARVEX_TEMPORAL_BAYES_V2.1,Preventive attention priority indicator only; not criminal proof.
FC-HIST-00289,32,Theni,2025-03-01 03:42:37,30_DAY_PREVENTIVE_ATTENTION,INCREASING,81,CAMPUS_SECTOR_MICRO_CLUSTER,NARVEX_TEMPORAL_BAYES_V2.1,Preventive attention priority indicator only; not criminal proof.
FC-HIST-00290,8,Erode,2026-05-20 06:02:55,90_DAY_PREVENTIVE_ATTENTION,WATCH,86,INTERSTATE_FREIGHT_DISCREPANCY,NARVEX_TEMPORAL_BAYES_V2.1,Preventive attention priority indicator only; not criminal proof.
FC-HIST-00291,11,Dindigul,2025-04-20 05:41:57,30_DAY_PREVENTIVE_ATTENTION,STABLE,71,HIGHWAY_CHECKPOST_ACCELERATION,NARVEX_TEMPORAL_BAYES_V2.1,Preventive attention priority indicator only; not criminal proof.
FC-HIST-00292,33,Thiruvarur,2025-12-21 19:46:56,90_DAY_PREVENTIVE_ATTENTION,HIGH PREVENTIVE ATTENTION,75,INTERSTATE_FREIGHT_DISCREPANCY,NARVEX_TEMPORAL_BAYES_V2.1,Preventive attention priority indicator only; not criminal proof.
FC-HIST-00293,36,Ranipet,2026-02-05 15:11:26,30_DAY_PREVENTIVE_ATTENTION,STABLE,77,HIGHWAY_CHECKPOST_ACCELERATION,NARVEX_TEMPORAL_BAYES_V2.1,Preventive attention priority indicator only; not criminal proof.
FC-HIST-00294,33,Thiruvarur,2025-12-23 12:11:23,30_DAY_PREVENTIVE_ATTENTION,HIGH PREVENTIVE ATTENTION,70,INTERSTATE_FREIGHT_DISCREPANCY,NARVEX_TEMPORAL_BAYES_V2.1,Preventive attention priority indicator only; not criminal proof.
FC-HIST-00295,29,Sivaganga,2025-02-06 03:40:00,30_DAY_PREVENTIVE_ATTENTION,HIGH PREVENTIVE ATTENTION,81,HIGHWAY_CHECKPOST_ACCELERATION,NARVEX_TEMPORAL_BAYES_V2.1,Preventive attention priority indicator only; not criminal proof.
FC-HIST-00296,7,Tiruppur,2025-09-25 11:14:00,90_DAY_PREVENTIVE_ATTENTION,HIGH PREVENTIVE ATTENTION,86,INTERSTATE_FREIGHT_DISCREPANCY,NARVEX_TEMPORAL_BAYES_V2.1,Preventive attention priority indicator only; not criminal proof.
FC-HIST-00297,17,Chengalpattu,2025-03-18 09:39:50,30_DAY_PREVENTIVE_ATTENTION,WATCH,73,INTERSTATE_FREIGHT_DISCREPANCY,NARVEX_TEMPORAL_BAYES_V2.1,Preventive attention priority indicator only; not criminal proof.
FC-HIST-00298,33,Thiruvarur,2025-05-15 01:58:34,90_DAY_PREVENTIVE_ATTENTION,WATCH,81,CAMPUS_SECTOR_MICRO_CLUSTER,NARVEX_TEMPORAL_BAYES_V2.1,Preventive attention priority indicator only; not criminal proof.
FC-HIST-00299,3,Madurai,2025-02-08 17:04:29,30_DAY_PREVENTIVE_ATTENTION,INCREASING,75,CAMPUS_SECTOR_MICRO_CLUSTER,NARVEX_TEMPORAL_BAYES_V2.1,Preventive attention priority indicator only; not criminal proof.
FC-HIST-00300,16,Kancheepuram,2026-01-07 19:36:15,90_DAY_PREVENTIVE_ATTENTION,HIGH PREVENTIVE ATTENTION,69,HIGHWAY_CHECKPOST_ACCELERATION,NARVEX_TEMPORAL_BAYES_V2.1,Preventive attention priority indicator only; not criminal proof.
FC-HIST-00301,30,Ramanathapuram,2026-02-06 11:00:02,30_DAY_PREVENTIVE_ATTENTION,STABLE,86,CAMPUS_SECTOR_MICRO_CLUSTER,NARVEX_TEMPORAL_BAYES_V2.1,Preventive attention priority indicator only; not criminal proof.
FC-HIST-00302,8,Erode,2024-12-16 12:09:02,90_DAY_PREVENTIVE_ATTENTION,HIGH PREVENTIVE ATTENTION,75,INTERSTATE_FREIGHT_DISCREPANCY,NARVEX_TEMPORAL_BAYES_V2.1,Preventive attention priority indicator only; not criminal proof.
FC-HIST-00303,27,Perambalur,2025-11-28 16:23:50,30_DAY_PREVENTIVE_ATTENTION,WATCH,83,CAMPUS_SECTOR_MICRO_CLUSTER,NARVEX_TEMPORAL_BAYES_V2.1,Preventive attention priority indicator only; not criminal proof.
FC-HIST-00304,10,Krishnagiri,2026-03-10 21:33:23,30_DAY_PREVENTIVE_ATTENTION,WATCH,79,INTERSTATE_FREIGHT_DISCREPANCY,NARVEX_TEMPORAL_BAYES_V2.1,Preventive attention priority indicator only; not criminal proof.
FC-HIST-00305,7,Tiruppur,2024-09-26 16:30:44,90_DAY_PREVENTIVE_ATTENTION,STABLE,70,INTERSTATE_FREIGHT_DISCREPANCY,NARVEX_TEMPORAL_BAYES_V2.1,Preventive attention priority indicator only; not criminal proof.
FC-HIST-00306,12,Thanjavur,2024-11-26 21:20:10,90_DAY_PREVENTIVE_ATTENTION,HIGH PREVENTIVE ATTENTION,82,INTERSTATE_FREIGHT_DISCREPANCY,NARVEX_TEMPORAL_BAYES_V2.1,Preventive attention priority indicator only; not criminal proof.
FC-HIST-00307,35,Mayiladuthurai,2026-03-13 14:28:23,90_DAY_PREVENTIVE_ATTENTION,HIGH PREVENTIVE ATTENTION,91,INTERSTATE_FREIGHT_DISCREPANCY,NARVEX_TEMPORAL_BAYES_V2.1,Preventive attention priority indicator only; not criminal proof.
FC-HIST-00308,2,Coimbatore,2025-04-29 23:57:23,30_DAY_PREVENTIVE_ATTENTION,WATCH,92,HIGHWAY_CHECKPOST_ACCELERATION,NARVEX_TEMPORAL_BAYES_V2.1,Preventive attention priority indicator only; not criminal proof.
FC-HIST-00309,8,Erode,2025-01-18 11:54:31,30_DAY_PREVENTIVE_ATTENTION,STABLE,72,INTERSTATE_FREIGHT_DISCREPANCY,NARVEX_TEMPORAL_BAYES_V2.1,Preventive attention priority indicator only; not criminal proof.
FC-HIST-00310,30,Ramanathapuram,2025-06-10 00:47:38,90_DAY_PREVENTIVE_ATTENTION,HIGH PREVENTIVE ATTENTION,92,INTERSTATE_FREIGHT_DISCREPANCY,NARVEX_TEMPORAL_BAYES_V2.1,Preventive attention priority indicator only; not criminal proof.
FC-HIST-00311,35,Mayiladuthurai,2025-04-02 18:55:46,90_DAY_PREVENTIVE_ATTENTION,INCREASING,79,HIGHWAY_CHECKPOST_ACCELERATION,NARVEX_TEMPORAL_BAYES_V2.1,Preventive attention priority indicator only; not criminal proof.
FC-HIST-00312,31,Virudhunagar,2025-10-22 14:21:24,30_DAY_PREVENTIVE_ATTENTION,HIGH PREVENTIVE ATTENTION,90,HIGHWAY_CHECKPOST_ACCELERATION,NARVEX_TEMPORAL_BAYES_V2.1,Preventive attention priority indicator only; not criminal proof.
FC-HIST-00313,13,Thoothukudi,2025-07-13 01:46:59,90_DAY_PREVENTIVE_ATTENTION,STABLE,71,INTERSTATE_FREIGHT_DISCREPANCY,NARVEX_TEMPORAL_BAYES_V2.1,Preventive attention priority indicator only; not criminal proof.
FC-HIST-00314,30,Ramanathapuram,2025-07-11 00:58:39,30_DAY_PREVENTIVE_ATTENTION,HIGH PREVENTIVE ATTENTION,88,HIGHWAY_CHECKPOST_ACCELERATION,NARVEX_TEMPORAL_BAYES_V2.1,Preventive attention priority indicator only; not criminal proof.
FC-HIST-00315,8,Erode,2026-03-16 15:08:05,30_DAY_PREVENTIVE_ATTENTION,STABLE,70,HIGHWAY_CHECKPOST_ACCELERATION,NARVEX_TEMPORAL_BAYES_V2.1,Preventive attention priority indicator only; not criminal proof.
FC-HIST-00316,20,Viluppuram,2025-10-03 17:06:17,90_DAY_PREVENTIVE_ATTENTION,WATCH,85,INTERSTATE_FREIGHT_DISCREPANCY,NARVEX_TEMPORAL_BAYES_V2.1,Preventive attention priority indicator only; not criminal proof.
FC-HIST-00317,33,Thiruvarur,2025-10-11 04:39:38,90_DAY_PREVENTIVE_ATTENTION,INCREASING,74,CAMPUS_SECTOR_MICRO_CLUSTER,NARVEX_TEMPORAL_BAYES_V2.1,Preventive attention priority indicator only; not criminal proof.
FC-HIST-00318,3,Madurai,2025-01-12 03:26:57,90_DAY_PREVENTIVE_ATTENTION,INCREASING,87,INTERSTATE_FREIGHT_DISCREPANCY,NARVEX_TEMPORAL_BAYES_V2.1,Preventive attention priority indicator only; not criminal proof.
FC-HIST-00319,18,Tiruvallur,2025-01-18 03:06:56,30_DAY_PREVENTIVE_ATTENTION,STABLE,71,CAMPUS_SECTOR_MICRO_CLUSTER,NARVEX_TEMPORAL_BAYES_V2.1,Preventive attention priority indicator only; not criminal proof.
FC-HIST-00320,28,Pudukkottai,2026-01-09 00:05:28,30_DAY_PREVENTIVE_ATTENTION,STABLE,92,INTERSTATE_FREIGHT_DISCREPANCY,NARVEX_TEMPORAL_BAYES_V2.1,Preventive attention priority indicator only; not criminal proof.
FC-HIST-00321,7,Tiruppur,2024-11-14 03:43:47,90_DAY_PREVENTIVE_ATTENTION,STABLE,87,CAMPUS_SECTOR_MICRO_CLUSTER,NARVEX_TEMPORAL_BAYES_V2.1,Preventive attention priority indicator only; not criminal proof.
FC-HIST-00322,3,Madurai,2026-01-25 14:06:19,90_DAY_PREVENTIVE_ATTENTION,HIGH PREVENTIVE ATTENTION,69,HIGHWAY_CHECKPOST_ACCELERATION,NARVEX_TEMPORAL_BAYES_V2.1,Preventive attention priority indicator only; not criminal proof.
FC-HIST-00323,1,Chennai,2024-11-09 07:13:46,90_DAY_PREVENTIVE_ATTENTION,STABLE,82,CAMPUS_SECTOR_MICRO_CLUSTER,NARVEX_TEMPORAL_BAYES_V2.1,Preventive attention priority indicator only; not criminal proof.
FC-HIST-00324,5,Tiruchirappalli,2026-05-24 05:40:36,90_DAY_PREVENTIVE_ATTENTION,HIGH PREVENTIVE ATTENTION,85,INTERSTATE_FREIGHT_DISCREPANCY,NARVEX_TEMPORAL_BAYES_V2.1,Preventive attention priority indicator only; not criminal proof.
FC-HIST-00325,29,Sivaganga,2024-11-09 04:55:50,30_DAY_PREVENTIVE_ATTENTION,INCREASING,79,HIGHWAY_CHECKPOST_ACCELERATION,NARVEX_TEMPORAL_BAYES_V2.1,Preventive attention priority indicator only; not criminal proof.
FC-HIST-00326,32,Theni,2025-10-04 20:51:20,30_DAY_PREVENTIVE_ATTENTION,INCREASING,92,INTERSTATE_FREIGHT_DISCREPANCY,NARVEX_TEMPORAL_BAYES_V2.1,Preventive attention priority indicator only; not criminal proof.
FC-HIST-00327,9,Vellore,2025-12-03 22:40:16,30_DAY_PREVENTIVE_ATTENTION,STABLE,81,HIGHWAY_CHECKPOST_ACCELERATION,NARVEX_TEMPORAL_BAYES_V2.1,Preventive attention priority indicator only; not criminal proof.
FC-HIST-00328,36,Ranipet,2026-05-03 19:46:58,90_DAY_PREVENTIVE_ATTENTION,STABLE,89,CAMPUS_SECTOR_MICRO_CLUSTER,NARVEX_TEMPORAL_BAYES_V2.1,Preventive attention priority indicator only; not criminal proof.
FC-HIST-00329,6,Tirunelveli,2026-01-30 04:23:02,90_DAY_PREVENTIVE_ATTENTION,WATCH,69,HIGHWAY_CHECKPOST_ACCELERATION,NARVEX_TEMPORAL_BAYES_V2.1,Preventive attention priority indicator only; not criminal proof.
FC-HIST-00330,9,Vellore,2025-06-03 22:34:07,90_DAY_PREVENTIVE_ATTENTION,INCREASING,75,HIGHWAY_CHECKPOST_ACCELERATION,NARVEX_TEMPORAL_BAYES_V2.1,Preventive attention priority indicator only; not criminal proof.
FC-HIST-00331,22,Dharmapuri,2025-03-03 10:58:12,90_DAY_PREVENTIVE_ATTENTION,HIGH PREVENTIVE ATTENTION,90,CAMPUS_SECTOR_MICRO_CLUSTER,NARVEX_TEMPORAL_BAYES_V2.1,Preventive attention priority indicator only; not criminal proof.
FC-HIST-00332,10,Krishnagiri,2025-11-09 07:06:03,30_DAY_PREVENTIVE_ATTENTION,WATCH,75,CAMPUS_SECTOR_MICRO_CLUSTER,NARVEX_TEMPORAL_BAYES_V2.1,Preventive attention priority indicator only; not criminal proof.
FC-HIST-00333,31,Virudhunagar,2025-10-10 17:53:08,90_DAY_PREVENTIVE_ATTENTION,STABLE,71,HIGHWAY_CHECKPOST_ACCELERATION,NARVEX_TEMPORAL_BAYES_V2.1,Preventive attention priority indicator only; not criminal proof.
FC-HIST-00334,34,Nagapattinam,2025-09-30 08:28:23,90_DAY_PREVENTIVE_ATTENTION,STABLE,85,HIGHWAY_CHECKPOST_ACCELERATION,NARVEX_TEMPORAL_BAYES_V2.1,Preventive attention priority indicator only; not criminal proof.
FC-HIST-00335,20,Viluppuram,2025-01-02 12:34:02,90_DAY_PREVENTIVE_ATTENTION,HIGH PREVENTIVE ATTENTION,68,CAMPUS_SECTOR_MICRO_CLUSTER,NARVEX_TEMPORAL_BAYES_V2.1,Preventive attention priority indicator only; not criminal proof.
FC-HIST-00336,28,Pudukkottai,2024-10-17 09:19:11,90_DAY_PREVENTIVE_ATTENTION,HIGH PREVENTIVE ATTENTION,77,HIGHWAY_CHECKPOST_ACCELERATION,NARVEX_TEMPORAL_BAYES_V2.1,Preventive attention priority indicator only; not criminal proof.
FC-HIST-00337,23,Namakkal,2025-06-10 04:21:04,90_DAY_PREVENTIVE_ATTENTION,HIGH PREVENTIVE ATTENTION,73,INTERSTATE_FREIGHT_DISCREPANCY,NARVEX_TEMPORAL_BAYES_V2.1,Preventive attention priority indicator only; not criminal proof.
FC-HIST-00338,19,Cuddalore,2025-09-26 18:38:05,90_DAY_PREVENTIVE_ATTENTION,HIGH PREVENTIVE ATTENTION,71,INTERSTATE_FREIGHT_DISCREPANCY,NARVEX_TEMPORAL_BAYES_V2.1,Preventive attention priority indicator only; not criminal proof.
FC-HIST-00339,8,Erode,2026-02-01 01:55:22,30_DAY_PREVENTIVE_ATTENTION,STABLE,68,INTERSTATE_FREIGHT_DISCREPANCY,NARVEX_TEMPORAL_BAYES_V2.1,Preventive attention priority indicator only; not criminal proof.
FC-HIST-00340,13,Thoothukudi,2025-10-12 15:51:46,90_DAY_PREVENTIVE_ATTENTION,WATCH,85,INTERSTATE_FREIGHT_DISCREPANCY,NARVEX_TEMPORAL_BAYES_V2.1,Preventive attention priority indicator only; not criminal proof.
FC-HIST-00341,28,Pudukkottai,2026-07-25 19:31:26,90_DAY_PREVENTIVE_ATTENTION,STABLE,89,INTERSTATE_FREIGHT_DISCREPANCY,NARVEX_TEMPORAL_BAYES_V2.1,Preventive attention priority indicator only; not criminal proof.
FC-HIST-00342,29,Sivaganga,2026-07-08 05:00:53,30_DAY_PREVENTIVE_ATTENTION,HIGH PREVENTIVE ATTENTION,77,HIGHWAY_CHECKPOST_ACCELERATION,NARVEX_TEMPORAL_BAYES_V2.1,Preventive attention priority indicator only; not criminal proof.
FC-HIST-00343,30,Ramanathapuram,2025-07-19 08:35:21,30_DAY_PREVENTIVE_ATTENTION,WATCH,69,CAMPUS_SECTOR_MICRO_CLUSTER,NARVEX_TEMPORAL_BAYES_V2.1,Preventive attention priority indicator only; not criminal proof.
FC-HIST-00344,15,Tenkasi,2026-03-08 21:44:15,30_DAY_PREVENTIVE_ATTENTION,HIGH PREVENTIVE ATTENTION,69,CAMPUS_SECTOR_MICRO_CLUSTER,NARVEX_TEMPORAL_BAYES_V2.1,Preventive attention priority indicator only; not criminal proof.
FC-HIST-00345,18,Tiruvallur,2025-07-05 07:58:42,30_DAY_PREVENTIVE_ATTENTION,STABLE,80,CAMPUS_SECTOR_MICRO_CLUSTER,NARVEX_TEMPORAL_BAYES_V2.1,Preventive attention priority indicator only; not criminal proof.
FC-HIST-00346,29,Sivaganga,2025-05-06 03:12:38,90_DAY_PREVENTIVE_ATTENTION,STABLE,88,CAMPUS_SECTOR_MICRO_CLUSTER,NARVEX_TEMPORAL_BAYES_V2.1,Preventive attention priority indicator only; not criminal proof.
FC-HIST-00347,32,Theni,2024-11-21 23:19:35,30_DAY_PREVENTIVE_ATTENTION,WATCH,87,HIGHWAY_CHECKPOST_ACCELERATION,NARVEX_TEMPORAL_BAYES_V2.1,Preventive attention priority indicator only; not criminal proof.
FC-HIST-00348,22,Dharmapuri,2025-05-22 13:40:41,30_DAY_PREVENTIVE_ATTENTION,HIGH PREVENTIVE ATTENTION,77,HIGHWAY_CHECKPOST_ACCELERATION,NARVEX_TEMPORAL_BAYES_V2.1,Preventive attention priority indicator only; not criminal proof.
FC-HIST-00349,17,Chengalpattu,2026-06-17 04:04:01,30_DAY_PREVENTIVE_ATTENTION,WATCH,75,INTERSTATE_FREIGHT_DISCREPANCY,NARVEX_TEMPORAL_BAYES_V2.1,Preventive attention priority indicator only; not criminal proof.
FC-HIST-00350,35,Mayiladuthurai,2026-03-03 08:44:22,90_DAY_PREVENTIVE_ATTENTION,STABLE,69,CAMPUS_SECTOR_MICRO_CLUSTER,NARVEX_TEMPORAL_BAYES_V2.1,Preventive attention priority indicator only; not criminal proof.
FC-HIST-00351,27,Perambalur,2024-11-12 11:16:05,90_DAY_PREVENTIVE_ATTENTION,STABLE,90,CAMPUS_SECTOR_MICRO_CLUSTER,NARVEX_TEMPORAL_BAYES_V2.1,Preventive attention priority indicator only; not criminal proof.
FC-HIST-00352,34,Nagapattinam,2026-06-26 08:01:29,30_DAY_PREVENTIVE_ATTENTION,INCREASING,76,CAMPUS_SECTOR_MICRO_CLUSTER,NARVEX_TEMPORAL_BAYES_V2.1,Preventive attention priority indicator only; not criminal proof.
FC-HIST-00353,20,Viluppuram,2026-06-30 06:14:18,30_DAY_PREVENTIVE_ATTENTION,STABLE,69,INTERSTATE_FREIGHT_DISCREPANCY,NARVEX_TEMPORAL_BAYES_V2.1,Preventive attention priority indicator only; not criminal proof.
FC-HIST-00354,35,Mayiladuthurai,2024-09-20 06:47:16,90_DAY_PREVENTIVE_ATTENTION,HIGH PREVENTIVE ATTENTION,69,CAMPUS_SECTOR_MICRO_CLUSTER,NARVEX_TEMPORAL_BAYES_V2.1,Preventive attention priority indicator only; not criminal proof.
FC-HIST-00355,21,Kallakurichi,2025-09-21 20:01:49,30_DAY_PREVENTIVE_ATTENTION,INCREASING,70,CAMPUS_SECTOR_MICRO_CLUSTER,NARVEX_TEMPORAL_BAYES_V2.1,Preventive attention priority indicator only; not criminal proof.
FC-HIST-00356,3,Madurai,2025-03-21 19:08:45,90_DAY_PREVENTIVE_ATTENTION,STABLE,85,INTERSTATE_FREIGHT_DISCREPANCY,NARVEX_TEMPORAL_BAYES_V2.1,Preventive attention priority indicator only; not criminal proof.
FC-HIST-00357,5,Tiruchirappalli,2026-05-20 07:26:08,30_DAY_PREVENTIVE_ATTENTION,INCREASING,82,INTERSTATE_FREIGHT_DISCREPANCY,NARVEX_TEMPORAL_BAYES_V2.1,Preventive attention priority indicator only; not criminal proof.
FC-HIST-00358,22,Dharmapuri,2026-01-10 18:53:06,90_DAY_PREVENTIVE_ATTENTION,WATCH,90,INTERSTATE_FREIGHT_DISCREPANCY,NARVEX_TEMPORAL_BAYES_V2.1,Preventive attention priority indicator only; not criminal proof.
FC-HIST-00359,23,Namakkal,2025-06-17 02:03:47,30_DAY_PREVENTIVE_ATTENTION,HIGH PREVENTIVE ATTENTION,70,HIGHWAY_CHECKPOST_ACCELERATION,NARVEX_TEMPORAL_BAYES_V2.1,Preventive attention priority indicator only; not criminal proof.
FC-HIST-00360,34,Nagapattinam,2024-12-09 04:52:34,90_DAY_PREVENTIVE_ATTENTION,WATCH,70,CAMPUS_SECTOR_MICRO_CLUSTER,NARVEX_TEMPORAL_BAYES_V2.1,Preventive attention priority indicator only; not criminal proof.
FC-HIST-00361,22,Dharmapuri,2026-03-02 19:31:34,90_DAY_PREVENTIVE_ATTENTION,STABLE,89,INTERSTATE_FREIGHT_DISCREPANCY,NARVEX_TEMPORAL_BAYES_V2.1,Preventive attention priority indicator only; not criminal proof.
FC-HIST-00362,23,Namakkal,2025-05-25 11:00:54,30_DAY_PREVENTIVE_ATTENTION,WATCH,72,CAMPUS_SECTOR_MICRO_CLUSTER,NARVEX_TEMPORAL_BAYES_V2.1,Preventive attention priority indicator only; not criminal proof.
FC-HIST-00363,30,Ramanathapuram,2026-06-03 17:32:37,30_DAY_PREVENTIVE_ATTENTION,INCREASING,75,CAMPUS_SECTOR_MICRO_CLUSTER,NARVEX_TEMPORAL_BAYES_V2.1,Preventive attention priority indicator only; not criminal proof.
FC-HIST-00364,19,Cuddalore,2024-10-15 03:13:22,90_DAY_PREVENTIVE_ATTENTION,STABLE,91,INTERSTATE_FREIGHT_DISCREPANCY,NARVEX_TEMPORAL_BAYES_V2.1,Preventive attention priority indicator only; not criminal proof.
FC-HIST-00365,22,Dharmapuri,2026-07-08 20:43:16,90_DAY_PREVENTIVE_ATTENTION,HIGH PREVENTIVE ATTENTION,82,CAMPUS_SECTOR_MICRO_CLUSTER,NARVEX_TEMPORAL_BAYES_V2.1,Preventive attention priority indicator only; not criminal proof.
FC-HIST-00366,13,Thoothukudi,2025-06-22 05:22:58,30_DAY_PREVENTIVE_ATTENTION,STABLE,81,INTERSTATE_FREIGHT_DISCREPANCY,NARVEX_TEMPORAL_BAYES_V2.1,Preventive attention priority indicator only; not criminal proof.
FC-HIST-00367,17,Chengalpattu,2025-03-12 16:31:17,90_DAY_PREVENTIVE_ATTENTION,STABLE,91,INTERSTATE_FREIGHT_DISCREPANCY,NARVEX_TEMPORAL_BAYES_V2.1,Preventive attention priority indicator only; not criminal proof.
FC-HIST-00368,32,Theni,2024-11-17 06:01:02,30_DAY_PREVENTIVE_ATTENTION,WATCH,91,CAMPUS_SECTOR_MICRO_CLUSTER,NARVEX_TEMPORAL_BAYES_V2.1,Preventive attention priority indicator only; not criminal proof.
FC-HIST-00369,4,Salem,2025-08-22 00:19:44,90_DAY_PREVENTIVE_ATTENTION,HIGH PREVENTIVE ATTENTION,85,INTERSTATE_FREIGHT_DISCREPANCY,NARVEX_TEMPORAL_BAYES_V2.1,Preventive attention priority indicator only; not criminal proof.
FC-HIST-00370,37,Tirupathur,2025-04-11 16:23:09,30_DAY_PREVENTIVE_ATTENTION,WATCH,78,HIGHWAY_CHECKPOST_ACCELERATION,NARVEX_TEMPORAL_BAYES_V2.1,Preventive attention priority indicator only; not criminal proof.
FC-HIST-00371,26,Ariyalur,2025-05-02 16:00:14,90_DAY_PREVENTIVE_ATTENTION,WATCH,85,INTERSTATE_FREIGHT_DISCREPANCY,NARVEX_TEMPORAL_BAYES_V2.1,Preventive attention priority indicator only; not criminal proof.
FC-HIST-00372,19,Cuddalore,2026-02-06 17:25:23,90_DAY_PREVENTIVE_ATTENTION,INCREASING,70,CAMPUS_SECTOR_MICRO_CLUSTER,NARVEX_TEMPORAL_BAYES_V2.1,Preventive attention priority indicator only; not criminal proof.
FC-HIST-00373,37,Tirupathur,2025-01-22 20:52:22,90_DAY_PREVENTIVE_ATTENTION,STABLE,68,INTERSTATE_FREIGHT_DISCREPANCY,NARVEX_TEMPORAL_BAYES_V2.1,Preventive attention priority indicator only; not criminal proof.
FC-HIST-00374,21,Kallakurichi,2026-01-11 12:52:20,30_DAY_PREVENTIVE_ATTENTION,INCREASING,72,INTERSTATE_FREIGHT_DISCREPANCY,NARVEX_TEMPORAL_BAYES_V2.1,Preventive attention priority indicator only; not criminal proof.
FC-HIST-00375,19,Cuddalore,2025-04-12 19:56:19,90_DAY_PREVENTIVE_ATTENTION,INCREASING,79,HIGHWAY_CHECKPOST_ACCELERATION,NARVEX_TEMPORAL_BAYES_V2.1,Preventive attention priority indicator only; not criminal proof.
FC-HIST-00376,1,Chennai,2026-06-13 02:31:45,30_DAY_PREVENTIVE_ATTENTION,WATCH,89,INTERSTATE_FREIGHT_DISCREPANCY,NARVEX_TEMPORAL_BAYES_V2.1,Preventive attention priority indicator only; not criminal proof.
FC-HIST-00377,8,Erode,2025-12-22 14:46:37,90_DAY_PREVENTIVE_ATTENTION,INCREASING,88,CAMPUS_SECTOR_MICRO_CLUSTER,NARVEX_TEMPORAL_BAYES_V2.1,Preventive attention priority indicator only; not criminal proof.
FC-HIST-00378,6,Tirunelveli,2025-03-05 15:23:47,90_DAY_PREVENTIVE_ATTENTION,STABLE,77,HIGHWAY_CHECKPOST_ACCELERATION,NARVEX_TEMPORAL_BAYES_V2.1,Preventive attention priority indicator only; not criminal proof.
FC-HIST-00379,18,Tiruvallur,2026-08-14 21:53:30,30_DAY_PREVENTIVE_ATTENTION,WATCH,78,HIGHWAY_CHECKPOST_ACCELERATION,NARVEX_TEMPORAL_BAYES_V2.1,Preventive attention priority indicator only; not criminal proof.
FC-HIST-00380,8,Erode,2025-10-23 15:56:45,90_DAY_PREVENTIVE_ATTENTION,HIGH PREVENTIVE ATTENTION,75,CAMPUS_SECTOR_MICRO_CLUSTER,NARVEX_TEMPORAL_BAYES_V2.1,Preventive attention priority indicator only; not criminal proof.
FC-HIST-00381,27,Perambalur,2026-02-14 17:42:23,90_DAY_PREVENTIVE_ATTENTION,INCREASING,92,HIGHWAY_CHECKPOST_ACCELERATION,NARVEX_TEMPORAL_BAYES_V2.1,Preventive attention priority indicator only; not criminal proof.
FC-HIST-00382,32,Theni,2026-05-10 14:54:04,90_DAY_PREVENTIVE_ATTENTION,HIGH PREVENTIVE ATTENTION,74,INTERSTATE_FREIGHT_DISCREPANCY,NARVEX_TEMPORAL_BAYES_V2.1,Preventive attention priority indicator only; not criminal proof.
FC-HIST-00383,31,Virudhunagar,2026-04-24 21:37:53,90_DAY_PREVENTIVE_ATTENTION,STABLE,91,CAMPUS_SECTOR_MICRO_CLUSTER,NARVEX_TEMPORAL_BAYES_V2.1,Preventive attention priority indicator only; not criminal proof.
FC-HIST-00384,19,Cuddalore,2025-04-12 10:31:55,90_DAY_PREVENTIVE_ATTENTION,WATCH,82,INTERSTATE_FREIGHT_DISCREPANCY,NARVEX_TEMPORAL_BAYES_V2.1,Preventive attention priority indicator only; not criminal proof.
FC-HIST-00385,3,Madurai,2025-04-02 05:47:25,30_DAY_PREVENTIVE_ATTENTION,INCREASING,77,HIGHWAY_CHECKPOST_ACCELERATION,NARVEX_TEMPORAL_BAYES_V2.1,Preventive attention priority indicator only; not criminal proof.
FC-HIST-00386,17,Chengalpattu,2026-07-22 00:11:34,30_DAY_PREVENTIVE_ATTENTION,INCREASING,89,CAMPUS_SECTOR_MICRO_CLUSTER,NARVEX_TEMPORAL_BAYES_V2.1,Preventive attention priority indicator only; not criminal proof.
FC-HIST-00387,8,Erode,2025-04-27 13:09:40,30_DAY_PREVENTIVE_ATTENTION,STABLE,86,HIGHWAY_CHECKPOST_ACCELERATION,NARVEX_TEMPORAL_BAYES_V2.1,Preventive attention priority indicator only; not criminal proof.
FC-HIST-00388,31,Virudhunagar,2024-12-28 16:36:09,30_DAY_PREVENTIVE_ATTENTION,HIGH PREVENTIVE ATTENTION,68,INTERSTATE_FREIGHT_DISCREPANCY,NARVEX_TEMPORAL_BAYES_V2.1,Preventive attention priority indicator only; not criminal proof.
FC-HIST-00389,5,Tiruchirappalli,2024-11-17 13:15:14,90_DAY_PREVENTIVE_ATTENTION,HIGH PREVENTIVE ATTENTION,78,CAMPUS_SECTOR_MICRO_CLUSTER,NARVEX_TEMPORAL_BAYES_V2.1,Preventive attention priority indicator only; not criminal proof.
FC-HIST-00390,36,Ranipet,2026-02-05 06:34:09,90_DAY_PREVENTIVE_ATTENTION,INCREASING,80,INTERSTATE_FREIGHT_DISCREPANCY,NARVEX_TEMPORAL_BAYES_V2.1,Preventive attention priority indicator only; not criminal proof.
FC-HIST-00391,22,Dharmapuri,2024-09-20 01:05:26,90_DAY_PREVENTIVE_ATTENTION,WATCH,74,CAMPUS_SECTOR_MICRO_CLUSTER,NARVEX_TEMPORAL_BAYES_V2.1,Preventive attention priority indicator only; not criminal proof.
FC-HIST-00392,18,Tiruvallur,2025-07-03 04:44:03,90_DAY_PREVENTIVE_ATTENTION,INCREASING,89,CAMPUS_SECTOR_MICRO_CLUSTER,NARVEX_TEMPORAL_BAYES_V2.1,Preventive attention priority indicator only; not criminal proof.
FC-HIST-00393,29,Sivaganga,2025-03-28 03:41:40,90_DAY_PREVENTIVE_ATTENTION,INCREASING,70,HIGHWAY_CHECKPOST_ACCELERATION,NARVEX_TEMPORAL_BAYES_V2.1,Preventive attention priority indicator only; not criminal proof.
FC-HIST-00394,29,Sivaganga,2025-10-07 18:05:54,30_DAY_PREVENTIVE_ATTENTION,WATCH,91,INTERSTATE_FREIGHT_DISCREPANCY,NARVEX_TEMPORAL_BAYES_V2.1,Preventive attention priority indicator only; not criminal proof.
FC-HIST-00395,11,Dindigul,2025-03-12 00:59:55,30_DAY_PREVENTIVE_ATTENTION,WATCH,92,CAMPUS_SECTOR_MICRO_CLUSTER,NARVEX_TEMPORAL_BAYES_V2.1,Preventive attention priority indicator only; not criminal proof.
FC-HIST-00396,25,Karur,2025-04-12 03:23:03,90_DAY_PREVENTIVE_ATTENTION,STABLE,68,CAMPUS_SECTOR_MICRO_CLUSTER,NARVEX_TEMPORAL_BAYES_V2.1,Preventive attention priority indicator only; not criminal proof.
FC-HIST-00397,37,Tirupathur,2025-05-04 06:49:42,90_DAY_PREVENTIVE_ATTENTION,INCREASING,92,INTERSTATE_FREIGHT_DISCREPANCY,NARVEX_TEMPORAL_BAYES_V2.1,Preventive attention priority indicator only; not criminal proof.
FC-HIST-00398,38,Tiruvannamalai,2025-10-17 06:21:50,30_DAY_PREVENTIVE_ATTENTION,STABLE,77,HIGHWAY_CHECKPOST_ACCELERATION,NARVEX_TEMPORAL_BAYES_V2.1,Preventive attention priority indicator only; not criminal proof.
FC-HIST-00399,34,Nagapattinam,2025-06-14 12:25:59,30_DAY_PREVENTIVE_ATTENTION,INCREASING,87,CAMPUS_SECTOR_MICRO_CLUSTER,NARVEX_TEMPORAL_BAYES_V2.1,Preventive attention priority indicator only; not criminal proof.
FC-HIST-00400,35,Mayiladuthurai,2026-07-27 01:40:56,90_DAY_PREVENTIVE_ATTENTION,HIGH PREVENTIVE ATTENTION,76,HIGHWAY_CHECKPOST_ACCELERATION,NARVEX_TEMPORAL_BAYES_V2.1,Preventive attention priority indicator only; not criminal proof.
FC-HIST-00401,1,Chennai,2026-07-22 18:35:37,90_DAY_PREVENTIVE_ATTENTION,WATCH,72,INTERSTATE_FREIGHT_DISCREPANCY,NARVEX_TEMPORAL_BAYES_V2.1,Preventive attention priority indicator only; not criminal proof.
FC-HIST-00402,25,Karur,2026-07-26 13:12:54,30_DAY_PREVENTIVE_ATTENTION,WATCH,80,HIGHWAY_CHECKPOST_ACCELERATION,NARVEX_TEMPORAL_BAYES_V2.1,Preventive attention priority indicator only; not criminal proof.
FC-HIST-00403,20,Viluppuram,2025-06-30 06:58:52,90_DAY_PREVENTIVE_ATTENTION,WATCH,68,HIGHWAY_CHECKPOST_ACCELERATION,NARVEX_TEMPORAL_BAYES_V2.1,Preventive attention priority indicator only; not criminal proof.
FC-HIST-00404,20,Viluppuram,2025-06-15 16:07:07,30_DAY_PREVENTIVE_ATTENTION,WATCH,71,INTERSTATE_FREIGHT_DISCREPANCY,NARVEX_TEMPORAL_BAYES_V2.1,Preventive attention priority indicator only; not criminal proof.
FC-HIST-00405,29,Sivaganga,2025-01-18 01:16:39,30_DAY_PREVENTIVE_ATTENTION,HIGH PREVENTIVE ATTENTION,72,CAMPUS_SECTOR_MICRO_CLUSTER,NARVEX_TEMPORAL_BAYES_V2.1,Preventive attention priority indicator only; not criminal proof.
FC-HIST-00406,24,Nilgiris,2025-01-22 11:55:22,90_DAY_PREVENTIVE_ATTENTION,INCREASING,77,CAMPUS_SECTOR_MICRO_CLUSTER,NARVEX_TEMPORAL_BAYES_V2.1,Preventive attention priority indicator only; not criminal proof.
FC-HIST-00407,6,Tirunelveli,2025-09-27 02:37:33,30_DAY_PREVENTIVE_ATTENTION,WATCH,87,INTERSTATE_FREIGHT_DISCREPANCY,NARVEX_TEMPORAL_BAYES_V2.1,Preventive attention priority indicator only; not criminal proof.
FC-HIST-00408,5,Tiruchirappalli,2026-02-21 20:38:37,90_DAY_PREVENTIVE_ATTENTION,INCREASING,72,INTERSTATE_FREIGHT_DISCREPANCY,NARVEX_TEMPORAL_BAYES_V2.1,Preventive attention priority indicator only; not criminal proof.
FC-HIST-00409,12,Thanjavur,2025-04-29 03:45:45,30_DAY_PREVENTIVE_ATTENTION,STABLE,89,INTERSTATE_FREIGHT_DISCREPANCY,NARVEX_TEMPORAL_BAYES_V2.1,Preventive attention priority indicator only; not criminal proof.
FC-HIST-00410,25,Karur,2025-11-04 00:15:06,90_DAY_PREVENTIVE_ATTENTION,HIGH PREVENTIVE ATTENTION,91,HIGHWAY_CHECKPOST_ACCELERATION,NARVEX_TEMPORAL_BAYES_V2.1,Preventive attention priority indicator only; not criminal proof.
FC-HIST-00411,27,Perambalur,2025-07-12 02:36:15,30_DAY_PREVENTIVE_ATTENTION,INCREASING,78,CAMPUS_SECTOR_MICRO_CLUSTER,NARVEX_TEMPORAL_BAYES_V2.1,Preventive attention priority indicator only; not criminal proof.
FC-HIST-00412,24,Nilgiris,2026-03-23 08:06:34,30_DAY_PREVENTIVE_ATTENTION,WATCH,87,INTERSTATE_FREIGHT_DISCREPANCY,NARVEX_TEMPORAL_BAYES_V2.1,Preventive attention priority indicator only; not criminal proof.
FC-HIST-00413,7,Tiruppur,2025-06-02 22:00:08,30_DAY_PREVENTIVE_ATTENTION,HIGH PREVENTIVE ATTENTION,83,INTERSTATE_FREIGHT_DISCREPANCY,NARVEX_TEMPORAL_BAYES_V2.1,Preventive attention priority indicator only; not criminal proof.
FC-HIST-00414,17,Chengalpattu,2026-01-12 07:16:51,90_DAY_PREVENTIVE_ATTENTION,WATCH,81,CAMPUS_SECTOR_MICRO_CLUSTER,NARVEX_TEMPORAL_BAYES_V2.1,Preventive attention priority indicator only; not criminal proof.
FC-HIST-00415,19,Cuddalore,2024-11-17 22:37:57,30_DAY_PREVENTIVE_ATTENTION,WATCH,69,HIGHWAY_CHECKPOST_ACCELERATION,NARVEX_TEMPORAL_BAYES_V2.1,Preventive attention priority indicator only; not criminal proof.
FC-HIST-00416,32,Theni,2026-07-26 07:09:28,30_DAY_PREVENTIVE_ATTENTION,STABLE,84,HIGHWAY_CHECKPOST_ACCELERATION,NARVEX_TEMPORAL_BAYES_V2.1,Preventive attention priority indicator only; not criminal proof.
FC-HIST-00417,1,Chennai,2025-07-21 10:33:29,90_DAY_PREVENTIVE_ATTENTION,STABLE,77,INTERSTATE_FREIGHT_DISCREPANCY,NARVEX_TEMPORAL_BAYES_V2.1,Preventive attention priority indicator only; not criminal proof.
FC-HIST-00418,28,Pudukkottai,2025-04-22 17:28:13,90_DAY_PREVENTIVE_ATTENTION,INCREASING,71,INTERSTATE_FREIGHT_DISCREPANCY,NARVEX_TEMPORAL_BAYES_V2.1,Preventive attention priority indicator only; not criminal proof.
FC-HIST-00419,18,Tiruvallur,2026-07-13 23:21:32,30_DAY_PREVENTIVE_ATTENTION,INCREASING,80,INTERSTATE_FREIGHT_DISCREPANCY,NARVEX_TEMPORAL_BAYES_V2.1,Preventive attention priority indicator only; not criminal proof.
FC-HIST-00420,7,Tiruppur,2025-02-04 03:50:12,30_DAY_PREVENTIVE_ATTENTION,WATCH,75,HIGHWAY_CHECKPOST_ACCELERATION,NARVEX_TEMPORAL_BAYES_V2.1,Preventive attention priority indicator only; not criminal proof.
FC-HIST-00421,31,Virudhunagar,2024-12-12 00:05:17,90_DAY_PREVENTIVE_ATTENTION,HIGH PREVENTIVE ATTENTION,82,INTERSTATE_FREIGHT_DISCREPANCY,NARVEX_TEMPORAL_BAYES_V2.1,Preventive attention priority indicator only; not criminal proof.
FC-HIST-00422,9,Vellore,2026-07-06 18:57:27,90_DAY_PREVENTIVE_ATTENTION,HIGH PREVENTIVE ATTENTION,68,INTERSTATE_FREIGHT_DISCREPANCY,NARVEX_TEMPORAL_BAYES_V2.1,Preventive attention priority indicator only; not criminal proof.
FC-HIST-00423,9,Vellore,2025-02-25 11:14:25,90_DAY_PREVENTIVE_ATTENTION,HIGH PREVENTIVE ATTENTION,80,HIGHWAY_CHECKPOST_ACCELERATION,NARVEX_TEMPORAL_BAYES_V2.1,Preventive attention priority indicator only; not criminal proof.
FC-HIST-00424,38,Tiruvannamalai,2025-01-16 13:58:56,90_DAY_PREVENTIVE_ATTENTION,HIGH PREVENTIVE ATTENTION,74,INTERSTATE_FREIGHT_DISCREPANCY,NARVEX_TEMPORAL_BAYES_V2.1,Preventive attention priority indicator only; not criminal proof.
FC-HIST-00425,26,Ariyalur,2025-07-31 17:00:29,30_DAY_PREVENTIVE_ATTENTION,WATCH,76,INTERSTATE_FREIGHT_DISCREPANCY,NARVEX_TEMPORAL_BAYES_V2.1,Preventive attention priority indicator only; not criminal proof.
FC-HIST-00426,8,Erode,2025-07-04 18:10:56,30_DAY_PREVENTIVE_ATTENTION,STABLE,74,CAMPUS_SECTOR_MICRO_CLUSTER,NARVEX_TEMPORAL_BAYES_V2.1,Preventive attention priority indicator only; not criminal proof.
FC-HIST-00427,15,Tenkasi,2024-11-18 17:26:24,90_DAY_PREVENTIVE_ATTENTION,WATCH,80,HIGHWAY_CHECKPOST_ACCELERATION,NARVEX_TEMPORAL_BAYES_V2.1,Preventive attention priority indicator only; not criminal proof.
FC-HIST-00428,26,Ariyalur,2026-06-10 21:39:16,30_DAY_PREVENTIVE_ATTENTION,STABLE,89,CAMPUS_SECTOR_MICRO_CLUSTER,NARVEX_TEMPORAL_BAYES_V2.1,Preventive attention priority indicator only; not criminal proof.
FC-HIST-00429,22,Dharmapuri,2024-12-16 16:31:45,90_DAY_PREVENTIVE_ATTENTION,WATCH,76,INTERSTATE_FREIGHT_DISCREPANCY,NARVEX_TEMPORAL_BAYES_V2.1,Preventive attention priority indicator only; not criminal proof.
FC-HIST-00430,3,Madurai,2025-09-02 09:56:33,90_DAY_PREVENTIVE_ATTENTION,STABLE,69,CAMPUS_SECTOR_MICRO_CLUSTER,NARVEX_TEMPORAL_BAYES_V2.1,Preventive attention priority indicator only; not criminal proof.
FC-HIST-00431,18,Tiruvallur,2026-02-26 18:01:29,30_DAY_PREVENTIVE_ATTENTION,STABLE,74,INTERSTATE_FREIGHT_DISCREPANCY,NARVEX_TEMPORAL_BAYES_V2.1,Preventive attention priority indicator only; not criminal proof.
FC-HIST-00432,25,Karur,2025-05-04 06:02:24,90_DAY_PREVENTIVE_ATTENTION,STABLE,87,INTERSTATE_FREIGHT_DISCREPANCY,NARVEX_TEMPORAL_BAYES_V2.1,Preventive attention priority indicator only; not criminal proof.
FC-HIST-00433,9,Vellore,2026-03-12 11:56:48,30_DAY_PREVENTIVE_ATTENTION,INCREASING,78,INTERSTATE_FREIGHT_DISCREPANCY,NARVEX_TEMPORAL_BAYES_V2.1,Preventive attention priority indicator only; not criminal proof.
FC-HIST-00434,14,Kanniyakumari,2026-04-12 21:15:58,90_DAY_PREVENTIVE_ATTENTION,INCREASING,73,HIGHWAY_CHECKPOST_ACCELERATION,NARVEX_TEMPORAL_BAYES_V2.1,Preventive attention priority indicator only; not criminal proof.
FC-HIST-00435,31,Virudhunagar,2025-03-16 03:32:43,30_DAY_PREVENTIVE_ATTENTION,WATCH,69,INTERSTATE_FREIGHT_DISCREPANCY,NARVEX_TEMPORAL_BAYES_V2.1,Preventive attention priority indicator only; not criminal proof.
FC-HIST-00436,8,Erode,2024-10-20 09:37:45,90_DAY_PREVENTIVE_ATTENTION,INCREASING,78,INTERSTATE_FREIGHT_DISCREPANCY,NARVEX_TEMPORAL_BAYES_V2.1,Preventive attention priority indicator only; not criminal proof.
FC-HIST-00437,20,Viluppuram,2024-10-05 06:22:59,30_DAY_PREVENTIVE_ATTENTION,INCREASING,68,HIGHWAY_CHECKPOST_ACCELERATION,NARVEX_TEMPORAL_BAYES_V2.1,Preventive attention priority indicator only; not criminal proof.
FC-HIST-00438,29,Sivaganga,2025-11-29 17:55:18,30_DAY_PREVENTIVE_ATTENTION,HIGH PREVENTIVE ATTENTION,77,HIGHWAY_CHECKPOST_ACCELERATION,NARVEX_TEMPORAL_BAYES_V2.1,Preventive attention priority indicator only; not criminal proof.
FC-HIST-00439,18,Tiruvallur,2026-04-13 00:22:16,90_DAY_PREVENTIVE_ATTENTION,WATCH,91,CAMPUS_SECTOR_MICRO_CLUSTER,NARVEX_TEMPORAL_BAYES_V2.1,Preventive attention priority indicator only; not criminal proof.
FC-HIST-00440,8,Erode,2025-02-18 18:02:29,30_DAY_PREVENTIVE_ATTENTION,INCREASING,87,INTERSTATE_FREIGHT_DISCREPANCY,NARVEX_TEMPORAL_BAYES_V2.1,Preventive attention priority indicator only; not criminal proof.
FC-HIST-00441,18,Tiruvallur,2024-10-06 15:43:44,30_DAY_PREVENTIVE_ATTENTION,WATCH,68,CAMPUS_SECTOR_MICRO_CLUSTER,NARVEX_TEMPORAL_BAYES_V2.1,Preventive attention priority indicator only; not criminal proof.
FC-HIST-00442,38,Tiruvannamalai,2026-08-06 16:14:30,30_DAY_PREVENTIVE_ATTENTION,INCREASING,74,HIGHWAY_CHECKPOST_ACCELERATION,NARVEX_TEMPORAL_BAYES_V2.1,Preventive attention priority indicator only; not criminal proof.
FC-HIST-00443,7,Tiruppur,2025-03-13 18:38:59,90_DAY_PREVENTIVE_ATTENTION,WATCH,86,CAMPUS_SECTOR_MICRO_CLUSTER,NARVEX_TEMPORAL_BAYES_V2.1,Preventive attention priority indicator only; not criminal proof.
FC-HIST-00444,2,Coimbatore,2025-12-12 01:50:17,90_DAY_PREVENTIVE_ATTENTION,STABLE,92,INTERSTATE_FREIGHT_DISCREPANCY,NARVEX_TEMPORAL_BAYES_V2.1,Preventive attention priority indicator only; not criminal proof.
FC-HIST-00445,27,Perambalur,2025-03-27 19:30:16,90_DAY_PREVENTIVE_ATTENTION,STABLE,91,CAMPUS_SECTOR_MICRO_CLUSTER,NARVEX_TEMPORAL_BAYES_V2.1,Preventive attention priority indicator only; not criminal proof.
FC-HIST-00446,16,Kancheepuram,2025-09-24 22:19:03,30_DAY_PREVENTIVE_ATTENTION,STABLE,76,CAMPUS_SECTOR_MICRO_CLUSTER,NARVEX_TEMPORAL_BAYES_V2.1,Preventive attention priority indicator only; not criminal proof.
FC-HIST-00447,35,Mayiladuthurai,2026-07-30 16:43:33,90_DAY_PREVENTIVE_ATTENTION,WATCH,68,HIGHWAY_CHECKPOST_ACCELERATION,NARVEX_TEMPORAL_BAYES_V2.1,Preventive attention priority indicator only; not criminal proof.
FC-HIST-00448,10,Krishnagiri,2026-01-30 15:31:52,90_DAY_PREVENTIVE_ATTENTION,HIGH PREVENTIVE ATTENTION,68,INTERSTATE_FREIGHT_DISCREPANCY,NARVEX_TEMPORAL_BAYES_V2.1,Preventive attention priority indicator only; not criminal proof.
FC-HIST-00449,26,Ariyalur,2026-07-23 12:22:48,90_DAY_PREVENTIVE_ATTENTION,STABLE,85,INTERSTATE_FREIGHT_DISCREPANCY,NARVEX_TEMPORAL_BAYES_V2.1,Preventive attention priority indicator only; not criminal proof.
FC-HIST-00450,16,Kancheepuram,2025-07-11 12:28:54,90_DAY_PREVENTIVE_ATTENTION,HIGH PREVENTIVE ATTENTION,74,INTERSTATE_FREIGHT_DISCREPANCY,NARVEX_TEMPORAL_BAYES_V2.1,Preventive attention priority indicator only; not criminal proof.
FC-HIST-00451,33,Thiruvarur,2025-11-19 22:58:42,30_DAY_PREVENTIVE_ATTENTION,STABLE,82,HIGHWAY_CHECKPOST_ACCELERATION,NARVEX_TEMPORAL_BAYES_V2.1,Preventive attention priority indicator only; not criminal proof.
FC-HIST-00452,29,Sivaganga,2025-06-17 20:33:28,90_DAY_PREVENTIVE_ATTENTION,STABLE,78,INTERSTATE_FREIGHT_DISCREPANCY,NARVEX_TEMPORAL_BAYES_V2.1,Preventive attention priority indicator only; not criminal proof.
FC-HIST-00453,11,Dindigul,2025-08-14 01:44:01,30_DAY_PREVENTIVE_ATTENTION,WATCH,73,HIGHWAY_CHECKPOST_ACCELERATION,NARVEX_TEMPORAL_BAYES_V2.1,Preventive attention priority indicator only; not criminal proof.
FC-HIST-00454,22,Dharmapuri,2026-08-10 14:51:03,90_DAY_PREVENTIVE_ATTENTION,WATCH,92,INTERSTATE_FREIGHT_DISCREPANCY,NARVEX_TEMPORAL_BAYES_V2.1,Preventive attention priority indicator only; not criminal proof.
FC-HIST-00455,31,Virudhunagar,2025-12-13 18:18:50,90_DAY_PREVENTIVE_ATTENTION,HIGH PREVENTIVE ATTENTION,91,INTERSTATE_FREIGHT_DISCREPANCY,NARVEX_TEMPORAL_BAYES_V2.1,Preventive attention priority indicator only; not criminal proof.
FC-HIST-00456,20,Viluppuram,2025-05-06 13:31:36,90_DAY_PREVENTIVE_ATTENTION,INCREASING,74,INTERSTATE_FREIGHT_DISCREPANCY,NARVEX_TEMPORAL_BAYES_V2.1,Preventive attention priority indicator only; not criminal proof.
FC-HIST-00457,11,Dindigul,2025-04-20 12:59:28,90_DAY_PREVENTIVE_ATTENTION,WATCH,86,CAMPUS_SECTOR_MICRO_CLUSTER,NARVEX_TEMPORAL_BAYES_V2.1,Preventive attention priority indicator only; not criminal proof.
FC-HIST-00458,37,Tirupathur,2025-05-27 05:21:31,90_DAY_PREVENTIVE_ATTENTION,WATCH,79,INTERSTATE_FREIGHT_DISCREPANCY,NARVEX_TEMPORAL_BAYES_V2.1,Preventive attention priority indicator only; not criminal proof.
FC-HIST-00459,20,Viluppuram,2025-03-30 17:41:18,30_DAY_PREVENTIVE_ATTENTION,HIGH PREVENTIVE ATTENTION,85,CAMPUS_SECTOR_MICRO_CLUSTER,NARVEX_TEMPORAL_BAYES_V2.1,Preventive attention priority indicator only; not criminal proof.
FC-HIST-00460,19,Cuddalore,2024-11-28 17:07:35,30_DAY_PREVENTIVE_ATTENTION,INCREASING,75,CAMPUS_SECTOR_MICRO_CLUSTER,NARVEX_TEMPORAL_BAYES_V2.1,Preventive attention priority indicator only; not criminal proof.
FC-HIST-00461,34,Nagapattinam,2025-06-12 01:43:03,30_DAY_PREVENTIVE_ATTENTION,STABLE,80,HIGHWAY_CHECKPOST_ACCELERATION,NARVEX_TEMPORAL_BAYES_V2.1,Preventive attention priority indicator only; not criminal proof.
FC-HIST-00462,19,Cuddalore,2025-07-20 13:53:58,90_DAY_PREVENTIVE_ATTENTION,INCREASING,78,INTERSTATE_FREIGHT_DISCREPANCY,NARVEX_TEMPORAL_BAYES_V2.1,Preventive attention priority indicator only; not criminal proof.
FC-HIST-00463,18,Tiruvallur,2025-05-26 18:57:26,90_DAY_PREVENTIVE_ATTENTION,HIGH PREVENTIVE ATTENTION,81,INTERSTATE_FREIGHT_DISCREPANCY,NARVEX_TEMPORAL_BAYES_V2.1,Preventive attention priority indicator only; not criminal proof.
FC-HIST-00464,35,Mayiladuthurai,2024-10-11 21:08:13,90_DAY_PREVENTIVE_ATTENTION,STABLE,69,INTERSTATE_FREIGHT_DISCREPANCY,NARVEX_TEMPORAL_BAYES_V2.1,Preventive attention priority indicator only; not criminal proof.
FC-HIST-00465,11,Dindigul,2024-12-19 01:13:09,90_DAY_PREVENTIVE_ATTENTION,WATCH,88,INTERSTATE_FREIGHT_DISCREPANCY,NARVEX_TEMPORAL_BAYES_V2.1,Preventive attention priority indicator only; not criminal proof.
FC-HIST-00466,14,Kanniyakumari,2025-10-14 20:03:43,30_DAY_PREVENTIVE_ATTENTION,WATCH,84,CAMPUS_SECTOR_MICRO_CLUSTER,NARVEX_TEMPORAL_BAYES_V2.1,Preventive attention priority indicator only; not criminal proof.
FC-HIST-00467,4,Salem,2025-10-26 23:12:07,30_DAY_PREVENTIVE_ATTENTION,HIGH PREVENTIVE ATTENTION,68,HIGHWAY_CHECKPOST_ACCELERATION,NARVEX_TEMPORAL_BAYES_V2.1,Preventive attention priority indicator only; not criminal proof.
FC-HIST-00468,6,Tirunelveli,2025-07-08 03:30:38,30_DAY_PREVENTIVE_ATTENTION,STABLE,80,CAMPUS_SECTOR_MICRO_CLUSTER,NARVEX_TEMPORAL_BAYES_V2.1,Preventive attention priority indicator only; not criminal proof.
FC-HIST-00469,4,Salem,2024-12-12 12:39:45,30_DAY_PREVENTIVE_ATTENTION,STABLE,68,CAMPUS_SECTOR_MICRO_CLUSTER,NARVEX_TEMPORAL_BAYES_V2.1,Preventive attention priority indicator only; not criminal proof.
FC-HIST-00470,4,Salem,2024-12-16 22:39:24,30_DAY_PREVENTIVE_ATTENTION,WATCH,86,INTERSTATE_FREIGHT_DISCREPANCY,NARVEX_TEMPORAL_BAYES_V2.1,Preventive attention priority indicator only; not criminal proof.
FC-HIST-00471,26,Ariyalur,2025-03-18 09:19:55,90_DAY_PREVENTIVE_ATTENTION,WATCH,82,CAMPUS_SECTOR_MICRO_CLUSTER,NARVEX_TEMPORAL_BAYES_V2.1,Preventive attention priority indicator only; not criminal proof.
FC-HIST-00472,21,Kallakurichi,2026-03-27 21:00:41,30_DAY_PREVENTIVE_ATTENTION,INCREASING,87,CAMPUS_SECTOR_MICRO_CLUSTER,NARVEX_TEMPORAL_BAYES_V2.1,Preventive attention priority indicator only; not criminal proof.
FC-HIST-00473,23,Namakkal,2025-11-19 09:46:11,30_DAY_PREVENTIVE_ATTENTION,STABLE,72,CAMPUS_SECTOR_MICRO_CLUSTER,NARVEX_TEMPORAL_BAYES_V2.1,Preventive attention priority indicator only; not criminal proof.
FC-HIST-00474,27,Perambalur,2025-12-19 11:26:05,90_DAY_PREVENTIVE_ATTENTION,WATCH,73,HIGHWAY_CHECKPOST_ACCELERATION,NARVEX_TEMPORAL_BAYES_V2.1,Preventive attention priority indicator only; not criminal proof.
FC-HIST-00475,11,Dindigul,2025-06-12 19:15:22,90_DAY_PREVENTIVE_ATTENTION,INCREASING,92,CAMPUS_SECTOR_MICRO_CLUSTER,NARVEX_TEMPORAL_BAYES_V2.1,Preventive attention priority indicator only; not criminal proof.
FC-HIST-00476,5,Tiruchirappalli,2025-03-04 03:37:42,90_DAY_PREVENTIVE_ATTENTION,HIGH PREVENTIVE ATTENTION,92,CAMPUS_SECTOR_MICRO_CLUSTER,NARVEX_TEMPORAL_BAYES_V2.1,Preventive attention priority indicator only; not criminal proof.
FC-HIST-00477,13,Thoothukudi,2025-10-23 18:42:35,90_DAY_PREVENTIVE_ATTENTION,HIGH PREVENTIVE ATTENTION,78,INTERSTATE_FREIGHT_DISCREPANCY,NARVEX_TEMPORAL_BAYES_V2.1,Preventive attention priority indicator only; not criminal proof.
FC-HIST-00478,16,Kancheepuram,2026-04-25 03:22:26,30_DAY_PREVENTIVE_ATTENTION,STABLE,77,HIGHWAY_CHECKPOST_ACCELERATION,NARVEX_TEMPORAL_BAYES_V2.1,Preventive attention priority indicator only; not criminal proof.
FC-HIST-00479,11,Dindigul,2024-12-17 20:46:37,30_DAY_PREVENTIVE_ATTENTION,WATCH,69,CAMPUS_SECTOR_MICRO_CLUSTER,NARVEX_TEMPORAL_BAYES_V2.1,Preventive attention priority indicator only; not criminal proof.
FC-HIST-00480,34,Nagapattinam,2025-07-27 01:30:36,30_DAY_PREVENTIVE_ATTENTION,INCREASING,85,HIGHWAY_CHECKPOST_ACCELERATION,NARVEX_TEMPORAL_BAYES_V2.1,Preventive attention priority indicator only; not criminal proof.
FC-HIST-00481,38,Tiruvannamalai,2026-07-27 22:48:00,30_DAY_PREVENTIVE_ATTENTION,HIGH PREVENTIVE ATTENTION,86,CAMPUS_SECTOR_MICRO_CLUSTER,NARVEX_TEMPORAL_BAYES_V2.1,Preventive attention priority indicator only; not criminal proof.
FC-HIST-00482,38,Tiruvannamalai,2026-06-07 21:02:56,30_DAY_PREVENTIVE_ATTENTION,INCREASING,86,HIGHWAY_CHECKPOST_ACCELERATION,NARVEX_TEMPORAL_BAYES_V2.1,Preventive attention priority indicator only; not criminal proof.
FC-HIST-00483,19,Cuddalore,2024-10-19 06:39:14,30_DAY_PREVENTIVE_ATTENTION,INCREASING,90,CAMPUS_SECTOR_MICRO_CLUSTER,NARVEX_TEMPORAL_BAYES_V2.1,Preventive attention priority indicator only; not criminal proof.
FC-HIST-00484,2,Coimbatore,2025-04-12 16:13:27,90_DAY_PREVENTIVE_ATTENTION,STABLE,80,CAMPUS_SECTOR_MICRO_CLUSTER,NARVEX_TEMPORAL_BAYES_V2.1,Preventive attention priority indicator only; not criminal proof.
FC-HIST-00485,37,Tirupathur,2026-01-01 23:05:15,90_DAY_PREVENTIVE_ATTENTION,STABLE,72,CAMPUS_SECTOR_MICRO_CLUSTER,NARVEX_TEMPORAL_BAYES_V2.1,Preventive attention priority indicator only; not criminal proof.
FC-HIST-00486,14,Kanniyakumari,2025-07-08 19:16:47,90_DAY_PREVENTIVE_ATTENTION,WATCH,80,CAMPUS_SECTOR_MICRO_CLUSTER,NARVEX_TEMPORAL_BAYES_V2.1,Preventive attention priority indicator only; not criminal proof.
FC-HIST-00487,16,Kancheepuram,2024-11-09 20:59:08,30_DAY_PREVENTIVE_ATTENTION,STABLE,79,HIGHWAY_CHECKPOST_ACCELERATION,NARVEX_TEMPORAL_BAYES_V2.1,Preventive attention priority indicator only; not criminal proof.
FC-HIST-00488,9,Vellore,2025-01-02 16:27:05,90_DAY_PREVENTIVE_ATTENTION,WATCH,83,INTERSTATE_FREIGHT_DISCREPANCY,NARVEX_TEMPORAL_BAYES_V2.1,Preventive attention priority indicator only; not criminal proof.
FC-HIST-00489,4,Salem,2025-12-07 11:53:50,30_DAY_PREVENTIVE_ATTENTION,WATCH,76,HIGHWAY_CHECKPOST_ACCELERATION,NARVEX_TEMPORAL_BAYES_V2.1,Preventive attention priority indicator only; not criminal proof.
FC-HIST-00490,20,Viluppuram,2025-03-04 10:55:45,30_DAY_PREVENTIVE_ATTENTION,STABLE,78,INTERSTATE_FREIGHT_DISCREPANCY,NARVEX_TEMPORAL_BAYES_V2.1,Preventive attention priority indicator only; not criminal proof.
FC-HIST-00491,5,Tiruchirappalli,2024-11-30 18:14:11,30_DAY_PREVENTIVE_ATTENTION,HIGH PREVENTIVE ATTENTION,74,CAMPUS_SECTOR_MICRO_CLUSTER,NARVEX_TEMPORAL_BAYES_V2.1,Preventive attention priority indicator only; not criminal proof.
FC-HIST-00492,7,Tiruppur,2025-10-18 10:12:04,90_DAY_PREVENTIVE_ATTENTION,INCREASING,86,INTERSTATE_FREIGHT_DISCREPANCY,NARVEX_TEMPORAL_BAYES_V2.1,Preventive attention priority indicator only; not criminal proof.
FC-HIST-00493,19,Cuddalore,2025-09-14 18:34:45,90_DAY_PREVENTIVE_ATTENTION,STABLE,86,HIGHWAY_CHECKPOST_ACCELERATION,NARVEX_TEMPORAL_BAYES_V2.1,Preventive attention priority indicator only; not criminal proof.
FC-HIST-00494,36,Ranipet,2024-12-24 01:30:06,30_DAY_PREVENTIVE_ATTENTION,INCREASING,79,HIGHWAY_CHECKPOST_ACCELERATION,NARVEX_TEMPORAL_BAYES_V2.1,Preventive attention priority indicator only; not criminal proof.
FC-HIST-00495,16,Kancheepuram,2026-04-21 18:42:59,90_DAY_PREVENTIVE_ATTENTION,HIGH PREVENTIVE ATTENTION,83,INTERSTATE_FREIGHT_DISCREPANCY,NARVEX_TEMPORAL_BAYES_V2.1,Preventive attention priority indicator only; not criminal proof.
FC-HIST-00496,16,Kancheepuram,2025-11-09 04:10:53,90_DAY_PREVENTIVE_ATTENTION,WATCH,76,HIGHWAY_CHECKPOST_ACCELERATION,NARVEX_TEMPORAL_BAYES_V2.1,Preventive attention priority indicator only; not criminal proof.
FC-HIST-00497,38,Tiruvannamalai,2025-07-28 17:20:02,30_DAY_PREVENTIVE_ATTENTION,INCREASING,84,INTERSTATE_FREIGHT_DISCREPANCY,NARVEX_TEMPORAL_BAYES_V2.1,Preventive attention priority indicator only; not criminal proof.
FC-HIST-00498,37,Tirupathur,2026-03-18 08:39:10,30_DAY_PREVENTIVE_ATTENTION,HIGH PREVENTIVE ATTENTION,70,HIGHWAY_CHECKPOST_ACCELERATION,NARVEX_TEMPORAL_BAYES_V2.1,Preventive attention priority indicator only; not criminal proof.
FC-HIST-00499,30,Ramanathapuram,2024-11-26 03:49:27,90_DAY_PREVENTIVE_ATTENTION,INCREASING,78,HIGHWAY_CHECKPOST_ACCELERATION,NARVEX_TEMPORAL_BAYES_V2.1,Preventive attention priority indicator only; not criminal proof.
FC-HIST-00500,12,Thanjavur,2026-04-26 10:53:21,30_DAY_PREVENTIVE_ATTENTION,WATCH,68,INTERSTATE_FREIGHT_DISCREPANCY,NARVEX_TEMPORAL_BAYES_V2.1,Preventive attention priority indicator only; not criminal proof.
FC-HIST-00501,18,Tiruvallur,2025-04-21 14:22:08,30_DAY_PREVENTIVE_ATTENTION,WATCH,75,CAMPUS_SECTOR_MICRO_CLUSTER,NARVEX_TEMPORAL_BAYES_V2.1,Preventive attention priority indicator only; not criminal proof.
FC-HIST-00502,37,Tirupathur,2024-11-13 02:27:51,30_DAY_PREVENTIVE_ATTENTION,INCREASING,73,INTERSTATE_FREIGHT_DISCREPANCY,NARVEX_TEMPORAL_BAYES_V2.1,Preventive attention priority indicator only; not criminal proof.
FC-HIST-00503,17,Chengalpattu,2025-01-09 04:55:26,90_DAY_PREVENTIVE_ATTENTION,WATCH,91,INTERSTATE_FREIGHT_DISCREPANCY,NARVEX_TEMPORAL_BAYES_V2.1,Preventive attention priority indicator only; not criminal proof.
FC-HIST-00504,3,Madurai,2025-07-18 23:12:57,30_DAY_PREVENTIVE_ATTENTION,INCREASING,69,INTERSTATE_FREIGHT_DISCREPANCY,NARVEX_TEMPORAL_BAYES_V2.1,Preventive attention priority indicator only; not criminal proof.
FC-HIST-00505,16,Kancheepuram,2025-12-10 20:05:53,90_DAY_PREVENTIVE_ATTENTION,STABLE,70,CAMPUS_SECTOR_MICRO_CLUSTER,NARVEX_TEMPORAL_BAYES_V2.1,Preventive attention priority indicator only; not criminal proof.
FC-HIST-00506,8,Erode,2024-10-24 22:42:13,30_DAY_PREVENTIVE_ATTENTION,WATCH,80,INTERSTATE_FREIGHT_DISCREPANCY,NARVEX_TEMPORAL_BAYES_V2.1,Preventive attention priority indicator only; not criminal proof.
FC-HIST-00507,17,Chengalpattu,2025-12-02 10:37:59,30_DAY_PREVENTIVE_ATTENTION,WATCH,69,INTERSTATE_FREIGHT_DISCREPANCY,NARVEX_TEMPORAL_BAYES_V2.1,Preventive attention priority indicator only; not criminal proof.
FC-HIST-00508,32,Theni,2024-12-30 08:08:22,30_DAY_PREVENTIVE_ATTENTION,INCREASING,78,HIGHWAY_CHECKPOST_ACCELERATION,NARVEX_TEMPORAL_BAYES_V2.1,Preventive attention priority indicator only; not criminal proof.
FC-HIST-00509,35,Mayiladuthurai,2025-05-29 12:49:33,90_DAY_PREVENTIVE_ATTENTION,WATCH,73,INTERSTATE_FREIGHT_DISCREPANCY,NARVEX_TEMPORAL_BAYES_V2.1,Preventive attention priority indicator only; not criminal proof.
FC-HIST-00510,30,Ramanathapuram,2026-05-17 01:34:13,30_DAY_PREVENTIVE_ATTENTION,STABLE,76,CAMPUS_SECTOR_MICRO_CLUSTER,NARVEX_TEMPORAL_BAYES_V2.1,Preventive attention priority indicator only; not criminal proof.
FC-HIST-00511,20,Viluppuram,2026-07-13 10:08:36,30_DAY_PREVENTIVE_ATTENTION,WATCH,77,INTERSTATE_FREIGHT_DISCREPANCY,NARVEX_TEMPORAL_BAYES_V2.1,Preventive attention priority indicator only; not criminal proof.
FC-HIST-00512,35,Mayiladuthurai,2025-07-10 23:28:39,30_DAY_PREVENTIVE_ATTENTION,WATCH,85,HIGHWAY_CHECKPOST_ACCELERATION,NARVEX_TEMPORAL_BAYES_V2.1,Preventive attention priority indicator only; not criminal proof.
FC-HIST-00513,35,Mayiladuthurai,2025-01-15 20:44:01,90_DAY_PREVENTIVE_ATTENTION,HIGH PREVENTIVE ATTENTION,85,HIGHWAY_CHECKPOST_ACCELERATION,NARVEX_TEMPORAL_BAYES_V2.1,Preventive attention priority indicator only; not criminal proof.
FC-HIST-00514,4,Salem,2026-08-13 05:59:49,30_DAY_PREVENTIVE_ATTENTION,HIGH PREVENTIVE ATTENTION,72,CAMPUS_SECTOR_MICRO_CLUSTER,NARVEX_TEMPORAL_BAYES_V2.1,Preventive attention priority indicator only; not criminal proof.
FC-HIST-00515,12,Thanjavur,2025-05-18 11:58:38,30_DAY_PREVENTIVE_ATTENTION,STABLE,87,HIGHWAY_CHECKPOST_ACCELERATION,NARVEX_TEMPORAL_BAYES_V2.1,Preventive attention priority indicator only; not criminal proof.
FC-HIST-00516,16,Kancheepuram,2025-12-25 11:54:01,30_DAY_PREVENTIVE_ATTENTION,HIGH PREVENTIVE ATTENTION,76,CAMPUS_SECTOR_MICRO_CLUSTER,NARVEX_TEMPORAL_BAYES_V2.1,Preventive attention priority indicator only; not criminal proof.
FC-HIST-00517,36,Ranipet,2024-10-23 15:40:26,30_DAY_PREVENTIVE_ATTENTION,STABLE,74,INTERSTATE_FREIGHT_DISCREPANCY,NARVEX_TEMPORAL_BAYES_V2.1,Preventive attention priority indicator only; not criminal proof.
FC-HIST-00518,15,Tenkasi,2025-11-07 19:58:01,90_DAY_PREVENTIVE_ATTENTION,INCREASING,83,CAMPUS_SECTOR_MICRO_CLUSTER,NARVEX_TEMPORAL_BAYES_V2.1,Preventive attention priority indicator only; not criminal proof.
FC-HIST-00519,37,Tirupathur,2026-01-13 18:13:55,90_DAY_PREVENTIVE_ATTENTION,INCREASING,78,INTERSTATE_FREIGHT_DISCREPANCY,NARVEX_TEMPORAL_BAYES_V2.1,Preventive attention priority indicator only; not criminal proof.
FC-HIST-00520,29,Sivaganga,2025-05-25 19:01:25,90_DAY_PREVENTIVE_ATTENTION,INCREASING,87,CAMPUS_SECTOR_MICRO_CLUSTER,NARVEX_TEMPORAL_BAYES_V2.1,Preventive attention priority indicator only; not criminal proof.
FC-HIST-00521,38,Tiruvannamalai,2026-03-25 02:57:19,90_DAY_PREVENTIVE_ATTENTION,STABLE,76,CAMPUS_SECTOR_MICRO_CLUSTER,NARVEX_TEMPORAL_BAYES_V2.1,Preventive attention priority indicator only; not criminal proof.
FC-HIST-00522,15,Tenkasi,2026-04-27 08:37:12,90_DAY_PREVENTIVE_ATTENTION,HIGH PREVENTIVE ATTENTION,85,HIGHWAY_CHECKPOST_ACCELERATION,NARVEX_TEMPORAL_BAYES_V2.1,Preventive attention priority indicator only; not criminal proof.
FC-HIST-00523,14,Kanniyakumari,2025-06-24 17:25:59,30_DAY_PREVENTIVE_ATTENTION,HIGH PREVENTIVE ATTENTION,88,INTERSTATE_FREIGHT_DISCREPANCY,NARVEX_TEMPORAL_BAYES_V2.1,Preventive attention priority indicator only; not criminal proof.
FC-HIST-00524,10,Krishnagiri,2026-08-12 20:03:57,30_DAY_PREVENTIVE_ATTENTION,HIGH PREVENTIVE ATTENTION,72,INTERSTATE_FREIGHT_DISCREPANCY,NARVEX_TEMPORAL_BAYES_V2.1,Preventive attention priority indicator only; not criminal proof.
FC-HIST-00525,10,Krishnagiri,2026-05-11 08:39:53,90_DAY_PREVENTIVE_ATTENTION,WATCH,70,HIGHWAY_CHECKPOST_ACCELERATION,NARVEX_TEMPORAL_BAYES_V2.1,Preventive attention priority indicator only; not criminal proof.
FC-HIST-00526,20,Viluppuram,2024-11-03 21:37:42,90_DAY_PREVENTIVE_ATTENTION,HIGH PREVENTIVE ATTENTION,86,INTERSTATE_FREIGHT_DISCREPANCY,NARVEX_TEMPORAL_BAYES_V2.1,Preventive attention priority indicator only; not criminal proof.
FC-HIST-00527,30,Ramanathapuram,2026-06-28 19:39:51,90_DAY_PREVENTIVE_ATTENTION,STABLE,71,HIGHWAY_CHECKPOST_ACCELERATION,NARVEX_TEMPORAL_BAYES_V2.1,Preventive attention priority indicator only; not criminal proof.
FC-HIST-00528,14,Kanniyakumari,2026-06-01 05:21:31,30_DAY_PREVENTIVE_ATTENTION,HIGH PREVENTIVE ATTENTION,70,INTERSTATE_FREIGHT_DISCREPANCY,NARVEX_TEMPORAL_BAYES_V2.1,Preventive attention priority indicator only; not criminal proof.
FC-HIST-00529,14,Kanniyakumari,2026-04-10 21:21:42,30_DAY_PREVENTIVE_ATTENTION,HIGH PREVENTIVE ATTENTION,80,HIGHWAY_CHECKPOST_ACCELERATION,NARVEX_TEMPORAL_BAYES_V2.1,Preventive attention priority indicator only; not criminal proof.
FC-HIST-00530,32,Theni,2025-01-12 06:07:28,90_DAY_PREVENTIVE_ATTENTION,INCREASING,85,CAMPUS_SECTOR_MICRO_CLUSTER,NARVEX_TEMPORAL_BAYES_V2.1,Preventive attention priority indicator only; not criminal proof.
FC-HIST-00531,8,Erode,2025-02-23 00:46:54,30_DAY_PREVENTIVE_ATTENTION,STABLE,87,HIGHWAY_CHECKPOST_ACCELERATION,NARVEX_TEMPORAL_BAYES_V2.1,Preventive attention priority indicator only; not criminal proof.
FC-HIST-00532,5,Tiruchirappalli,2024-12-12 09:16:23,30_DAY_PREVENTIVE_ATTENTION,HIGH PREVENTIVE ATTENTION,76,INTERSTATE_FREIGHT_DISCREPANCY,NARVEX_TEMPORAL_BAYES_V2.1,Preventive attention priority indicator only; not criminal proof.
FC-HIST-00533,7,Tiruppur,2024-09-23 06:33:18,30_DAY_PREVENTIVE_ATTENTION,INCREASING,84,INTERSTATE_FREIGHT_DISCREPANCY,NARVEX_TEMPORAL_BAYES_V2.1,Preventive attention priority indicator only; not criminal proof.
FC-HIST-00534,31,Virudhunagar,2025-07-09 21:50:39,30_DAY_PREVENTIVE_ATTENTION,HIGH PREVENTIVE ATTENTION,92,HIGHWAY_CHECKPOST_ACCELERATION,NARVEX_TEMPORAL_BAYES_V2.1,Preventive attention priority indicator only; not criminal proof.
FC-HIST-00535,23,Namakkal,2025-11-19 18:07:38,90_DAY_PREVENTIVE_ATTENTION,INCREASING,69,HIGHWAY_CHECKPOST_ACCELERATION,NARVEX_TEMPORAL_BAYES_V2.1,Preventive attention priority indicator only; not criminal proof.
FC-HIST-00536,18,Tiruvallur,2025-07-21 01:10:22,30_DAY_PREVENTIVE_ATTENTION,HIGH PREVENTIVE ATTENTION,72,INTERSTATE_FREIGHT_DISCREPANCY,NARVEX_TEMPORAL_BAYES_V2.1,Preventive attention priority indicator only; not criminal proof.
FC-HIST-00537,15,Tenkasi,2025-07-16 14:00:05,90_DAY_PREVENTIVE_ATTENTION,WATCH,74,INTERSTATE_FREIGHT_DISCREPANCY,NARVEX_TEMPORAL_BAYES_V2.1,Preventive attention priority indicator only; not criminal proof.
FC-HIST-00538,35,Mayiladuthurai,2025-12-15 12:08:18,90_DAY_PREVENTIVE_ATTENTION,WATCH,76,HIGHWAY_CHECKPOST_ACCELERATION,NARVEX_TEMPORAL_BAYES_V2.1,Preventive attention priority indicator only; not criminal proof.
FC-HIST-00539,31,Virudhunagar,2024-12-21 20:51:23,30_DAY_PREVENTIVE_ATTENTION,WATCH,80,CAMPUS_SECTOR_MICRO_CLUSTER,NARVEX_TEMPORAL_BAYES_V2.1,Preventive attention priority indicator only; not criminal proof.
FC-HIST-00540,7,Tiruppur,2024-11-25 13:02:14,90_DAY_PREVENTIVE_ATTENTION,INCREASING,86,CAMPUS_SECTOR_MICRO_CLUSTER,NARVEX_TEMPORAL_BAYES_V2.1,Preventive attention priority indicator only; not criminal proof.
FC-HIST-00541,25,Karur,2025-01-28 22:06:07,90_DAY_PREVENTIVE_ATTENTION,WATCH,77,CAMPUS_SECTOR_MICRO_CLUSTER,NARVEX_TEMPORAL_BAYES_V2.1,Preventive attention priority indicator only; not criminal proof.
FC-HIST-00542,3,Madurai,2026-03-01 12:10:41,90_DAY_PREVENTIVE_ATTENTION,WATCH,75,HIGHWAY_CHECKPOST_ACCELERATION,NARVEX_TEMPORAL_BAYES_V2.1,Preventive attention priority indicator only; not criminal proof.
FC-HIST-00543,29,Sivaganga,2025-03-03 07:56:26,90_DAY_PREVENTIVE_ATTENTION,STABLE,86,CAMPUS_SECTOR_MICRO_CLUSTER,NARVEX_TEMPORAL_BAYES_V2.1,Preventive attention priority indicator only; not criminal proof.
FC-HIST-00544,28,Pudukkottai,2025-05-16 16:30:54,30_DAY_PREVENTIVE_ATTENTION,HIGH PREVENTIVE ATTENTION,89,INTERSTATE_FREIGHT_DISCREPANCY,NARVEX_TEMPORAL_BAYES_V2.1,Preventive attention priority indicator only; not criminal proof.
FC-HIST-00545,20,Viluppuram,2026-07-10 14:07:21,90_DAY_PREVENTIVE_ATTENTION,STABLE,69,HIGHWAY_CHECKPOST_ACCELERATION,NARVEX_TEMPORAL_BAYES_V2.1,Preventive attention priority indicator only; not criminal proof.
FC-HIST-00546,23,Namakkal,2026-05-18 13:49:14,30_DAY_PREVENTIVE_ATTENTION,STABLE,86,HIGHWAY_CHECKPOST_ACCELERATION,NARVEX_TEMPORAL_BAYES_V2.1,Preventive attention priority indicator only; not criminal proof.
FC-HIST-00547,30,Ramanathapuram,2026-08-18 19:20:21,30_DAY_PREVENTIVE_ATTENTION,INCREASING,70,HIGHWAY_CHECKPOST_ACCELERATION,NARVEX_TEMPORAL_BAYES_V2.1,Preventive attention priority indicator only; not criminal proof.
FC-HIST-00548,3,Madurai,2024-11-11 01:25:28,90_DAY_PREVENTIVE_ATTENTION,STABLE,75,CAMPUS_SECTOR_MICRO_CLUSTER,NARVEX_TEMPORAL_BAYES_V2.1,Preventive attention priority indicator only; not criminal proof.
FC-HIST-00549,26,Ariyalur,2025-10-28 15:13:54,30_DAY_PREVENTIVE_ATTENTION,HIGH PREVENTIVE ATTENTION,71,HIGHWAY_CHECKPOST_ACCELERATION,NARVEX_TEMPORAL_BAYES_V2.1,Preventive attention priority indicator only; not criminal proof.
FC-HIST-00550,30,Ramanathapuram,2026-06-08 22:05:46,30_DAY_PREVENTIVE_ATTENTION,STABLE,91,CAMPUS_SECTOR_MICRO_CLUSTER,NARVEX_TEMPORAL_BAYES_V2.1,Preventive attention priority indicator only; not criminal proof.
FC-HIST-00551,9,Vellore,2026-02-18 04:30:06,90_DAY_PREVENTIVE_ATTENTION,INCREASING,84,HIGHWAY_CHECKPOST_ACCELERATION,NARVEX_TEMPORAL_BAYES_V2.1,Preventive attention priority indicator only; not criminal proof.
FC-HIST-00552,32,Theni,2025-05-28 07:39:37,90_DAY_PREVENTIVE_ATTENTION,INCREASING,75,HIGHWAY_CHECKPOST_ACCELERATION,NARVEX_TEMPORAL_BAYES_V2.1,Preventive attention priority indicator only; not criminal proof.
FC-HIST-00553,25,Karur,2026-05-08 15:35:16,90_DAY_PREVENTIVE_ATTENTION,STABLE,89,CAMPUS_SECTOR_MICRO_CLUSTER,NARVEX_TEMPORAL_BAYES_V2.1,Preventive attention priority indicator only; not criminal proof.
FC-HIST-00554,20,Viluppuram,2025-04-27 05:20:21,30_DAY_PREVENTIVE_ATTENTION,WATCH,73,CAMPUS_SECTOR_MICRO_CLUSTER,NARVEX_TEMPORAL_BAYES_V2.1,Preventive attention priority indicator only; not criminal proof.
FC-HIST-00555,2,Coimbatore,2025-04-21 02:55:00,30_DAY_PREVENTIVE_ATTENTION,INCREASING,84,INTERSTATE_FREIGHT_DISCREPANCY,NARVEX_TEMPORAL_BAYES_V2.1,Preventive attention priority indicator only; not criminal proof.
FC-HIST-00556,30,Ramanathapuram,2026-01-23 15:43:46,30_DAY_PREVENTIVE_ATTENTION,STABLE,90,CAMPUS_SECTOR_MICRO_CLUSTER,NARVEX_TEMPORAL_BAYES_V2.1,Preventive attention priority indicator only; not criminal proof.
FC-HIST-00557,11,Dindigul,2026-02-28 05:54:13,90_DAY_PREVENTIVE_ATTENTION,STABLE,73,HIGHWAY_CHECKPOST_ACCELERATION,NARVEX_TEMPORAL_BAYES_V2.1,Preventive attention priority indicator only; not criminal proof.
FC-HIST-00558,1,Chennai,2026-08-08 21:26:59,90_DAY_PREVENTIVE_ATTENTION,HIGH PREVENTIVE ATTENTION,90,INTERSTATE_FREIGHT_DISCREPANCY,NARVEX_TEMPORAL_BAYES_V2.1,Preventive attention priority indicator only; not criminal proof.
FC-HIST-00559,2,Coimbatore,2025-09-18 21:23:42,90_DAY_PREVENTIVE_ATTENTION,WATCH,81,HIGHWAY_CHECKPOST_ACCELERATION,NARVEX_TEMPORAL_BAYES_V2.1,Preventive attention priority indicator only; not criminal proof.
FC-HIST-00560,15,Tenkasi,2025-08-03 18:42:30,30_DAY_PREVENTIVE_ATTENTION,WATCH,76,INTERSTATE_FREIGHT_DISCREPANCY,NARVEX_TEMPORAL_BAYES_V2.1,Preventive attention priority indicator only; not criminal proof.
FC-HIST-00561,30,Ramanathapuram,2024-10-04 19:24:40,90_DAY_PREVENTIVE_ATTENTION,WATCH,83,HIGHWAY_CHECKPOST_ACCELERATION,NARVEX_TEMPORAL_BAYES_V2.1,Preventive attention priority indicator only; not criminal proof.
FC-HIST-00562,13,Thoothukudi,2025-12-04 16:45:46,90_DAY_PREVENTIVE_ATTENTION,HIGH PREVENTIVE ATTENTION,77,HIGHWAY_CHECKPOST_ACCELERATION,NARVEX_TEMPORAL_BAYES_V2.1,Preventive attention priority indicator only; not criminal proof.
FC-HIST-00563,23,Namakkal,2024-11-24 02:25:43,30_DAY_PREVENTIVE_ATTENTION,WATCH,80,HIGHWAY_CHECKPOST_ACCELERATION,NARVEX_TEMPORAL_BAYES_V2.1,Preventive attention priority indicator only; not criminal proof.
FC-HIST-00564,20,Viluppuram,2026-04-12 11:16:37,30_DAY_PREVENTIVE_ATTENTION,STABLE,91,INTERSTATE_FREIGHT_DISCREPANCY,NARVEX_TEMPORAL_BAYES_V2.1,Preventive attention priority indicator only; not criminal proof.
FC-HIST-00565,34,Nagapattinam,2024-10-30 15:54:34,90_DAY_PREVENTIVE_ATTENTION,INCREASING,68,CAMPUS_SECTOR_MICRO_CLUSTER,NARVEX_TEMPORAL_BAYES_V2.1,Preventive attention priority indicator only; not criminal proof.
FC-HIST-00566,17,Chengalpattu,2026-05-18 04:43:32,30_DAY_PREVENTIVE_ATTENTION,INCREASING,68,INTERSTATE_FREIGHT_DISCREPANCY,NARVEX_TEMPORAL_BAYES_V2.1,Preventive attention priority indicator only; not criminal proof.
FC-HIST-00567,11,Dindigul,2025-08-08 18:17:12,30_DAY_PREVENTIVE_ATTENTION,STABLE,77,CAMPUS_SECTOR_MICRO_CLUSTER,NARVEX_TEMPORAL_BAYES_V2.1,Preventive attention priority indicator only; not criminal proof.
FC-HIST-00568,32,Theni,2025-05-30 01:00:06,90_DAY_PREVENTIVE_ATTENTION,INCREASING,73,CAMPUS_SECTOR_MICRO_CLUSTER,NARVEX_TEMPORAL_BAYES_V2.1,Preventive attention priority indicator only; not criminal proof.
FC-HIST-00569,9,Vellore,2025-08-17 13:01:57,30_DAY_PREVENTIVE_ATTENTION,WATCH,91,CAMPUS_SECTOR_MICRO_CLUSTER,NARVEX_TEMPORAL_BAYES_V2.1,Preventive attention priority indicator only; not criminal proof.
FC-HIST-00570,15,Tenkasi,2026-01-05 16:53:40,30_DAY_PREVENTIVE_ATTENTION,WATCH,75,CAMPUS_SECTOR_MICRO_CLUSTER,NARVEX_TEMPORAL_BAYES_V2.1,Preventive attention priority indicator only; not criminal proof.
FC-HIST-00571,3,Madurai,2025-02-04 16:12:43,90_DAY_PREVENTIVE_ATTENTION,STABLE,74,HIGHWAY_CHECKPOST_ACCELERATION,NARVEX_TEMPORAL_BAYES_V2.1,Preventive attention priority indicator only; not criminal proof.
FC-HIST-00572,29,Sivaganga,2024-11-30 20:00:35,30_DAY_PREVENTIVE_ATTENTION,WATCH,88,HIGHWAY_CHECKPOST_ACCELERATION,NARVEX_TEMPORAL_BAYES_V2.1,Preventive attention priority indicator only; not criminal proof.
FC-HIST-00573,17,Chengalpattu,2026-05-02 10:27:17,30_DAY_PREVENTIVE_ATTENTION,HIGH PREVENTIVE ATTENTION,68,CAMPUS_SECTOR_MICRO_CLUSTER,NARVEX_TEMPORAL_BAYES_V2.1,Preventive attention priority indicator only; not criminal proof.
FC-HIST-00574,13,Thoothukudi,2025-10-08 13:14:46,90_DAY_PREVENTIVE_ATTENTION,STABLE,73,HIGHWAY_CHECKPOST_ACCELERATION,NARVEX_TEMPORAL_BAYES_V2.1,Preventive attention priority indicator only; not criminal proof.
FC-HIST-00575,26,Ariyalur,2025-06-13 14:24:47,30_DAY_PREVENTIVE_ATTENTION,STABLE,72,CAMPUS_SECTOR_MICRO_CLUSTER,NARVEX_TEMPORAL_BAYES_V2.1,Preventive attention priority indicator only; not criminal proof.
FC-HIST-00576,9,Vellore,2026-04-09 13:22:55,90_DAY_PREVENTIVE_ATTENTION,STABLE,79,INTERSTATE_FREIGHT_DISCREPANCY,NARVEX_TEMPORAL_BAYES_V2.1,Preventive attention priority indicator only; not criminal proof.
FC-HIST-00577,2,Coimbatore,2025-05-06 15:31:20,30_DAY_PREVENTIVE_ATTENTION,WATCH,91,CAMPUS_SECTOR_MICRO_CLUSTER,NARVEX_TEMPORAL_BAYES_V2.1,Preventive attention priority indicator only; not criminal proof.
FC-HIST-00578,16,Kancheepuram,2026-02-26 22:14:47,30_DAY_PREVENTIVE_ATTENTION,INCREASING,91,INTERSTATE_FREIGHT_DISCREPANCY,NARVEX_TEMPORAL_BAYES_V2.1,Preventive attention priority indicator only; not criminal proof.
FC-HIST-00579,7,Tiruppur,2026-07-26 10:04:03,30_DAY_PREVENTIVE_ATTENTION,INCREASING,88,CAMPUS_SECTOR_MICRO_CLUSTER,NARVEX_TEMPORAL_BAYES_V2.1,Preventive attention priority indicator only; not criminal proof.
FC-HIST-00580,21,Kallakurichi,2026-03-14 03:46:16,90_DAY_PREVENTIVE_ATTENTION,INCREASING,74,INTERSTATE_FREIGHT_DISCREPANCY,NARVEX_TEMPORAL_BAYES_V2.1,Preventive attention priority indicator only; not criminal proof.
FC-HIST-00581,24,Nilgiris,2025-07-24 15:30:50,90_DAY_PREVENTIVE_ATTENTION,HIGH PREVENTIVE ATTENTION,69,CAMPUS_SECTOR_MICRO_CLUSTER,NARVEX_TEMPORAL_BAYES_V2.1,Preventive attention priority indicator only; not criminal proof.
FC-HIST-00582,34,Nagapattinam,2025-09-21 15:33:47,30_DAY_PREVENTIVE_ATTENTION,WATCH,68,CAMPUS_SECTOR_MICRO_CLUSTER,NARVEX_TEMPORAL_BAYES_V2.1,Preventive attention priority indicator only; not criminal proof.
FC-HIST-00583,21,Kallakurichi,2026-02-15 12:14:10,90_DAY_PREVENTIVE_ATTENTION,WATCH,87,HIGHWAY_CHECKPOST_ACCELERATION,NARVEX_TEMPORAL_BAYES_V2.1,Preventive attention priority indicator only; not criminal proof.
FC-HIST-00584,15,Tenkasi,2026-03-30 22:08:58,90_DAY_PREVENTIVE_ATTENTION,STABLE,72,HIGHWAY_CHECKPOST_ACCELERATION,NARVEX_TEMPORAL_BAYES_V2.1,Preventive attention priority indicator only; not criminal proof.
FC-HIST-00585,11,Dindigul,2025-11-26 18:26:30,90_DAY_PREVENTIVE_ATTENTION,STABLE,86,CAMPUS_SECTOR_MICRO_CLUSTER,NARVEX_TEMPORAL_BAYES_V2.1,Preventive attention priority indicator only; not criminal proof.
FC-HIST-00586,24,Nilgiris,2025-07-12 20:17:43,30_DAY_PREVENTIVE_ATTENTION,STABLE,92,INTERSTATE_FREIGHT_DISCREPANCY,NARVEX_TEMPORAL_BAYES_V2.1,Preventive attention priority indicator only; not criminal proof.
FC-HIST-00587,2,Coimbatore,2026-06-18 22:40:00,30_DAY_PREVENTIVE_ATTENTION,WATCH,82,INTERSTATE_FREIGHT_DISCREPANCY,NARVEX_TEMPORAL_BAYES_V2.1,Preventive attention priority indicator only; not criminal proof.
FC-HIST-00588,17,Chengalpattu,2026-07-02 12:04:19,30_DAY_PREVENTIVE_ATTENTION,WATCH,84,CAMPUS_SECTOR_MICRO_CLUSTER,NARVEX_TEMPORAL_BAYES_V2.1,Preventive attention priority indicator only; not criminal proof.
FC-HIST-00589,2,Coimbatore,2025-08-14 23:24:36,30_DAY_PREVENTIVE_ATTENTION,HIGH PREVENTIVE ATTENTION,76,HIGHWAY_CHECKPOST_ACCELERATION,NARVEX_TEMPORAL_BAYES_V2.1,Preventive attention priority indicator only; not criminal proof.
FC-HIST-00590,28,Pudukkottai,2024-11-24 00:29:16,30_DAY_PREVENTIVE_ATTENTION,WATCH,88,INTERSTATE_FREIGHT_DISCREPANCY,NARVEX_TEMPORAL_BAYES_V2.1,Preventive attention priority indicator only; not criminal proof.
FC-HIST-00591,29,Sivaganga,2024-12-14 09:14:57,30_DAY_PREVENTIVE_ATTENTION,WATCH,84,CAMPUS_SECTOR_MICRO_CLUSTER,NARVEX_TEMPORAL_BAYES_V2.1,Preventive attention priority indicator only; not criminal proof.
FC-HIST-00592,1,Chennai,2024-09-29 12:45:15,30_DAY_PREVENTIVE_ATTENTION,STABLE,79,HIGHWAY_CHECKPOST_ACCELERATION,NARVEX_TEMPORAL_BAYES_V2.1,Preventive attention priority indicator only; not criminal proof.
FC-HIST-00593,35,Mayiladuthurai,2025-04-24 02:28:18,90_DAY_PREVENTIVE_ATTENTION,STABLE,88,INTERSTATE_FREIGHT_DISCREPANCY,NARVEX_TEMPORAL_BAYES_V2.1,Preventive attention priority indicator only; not criminal proof.
FC-HIST-00594,19,Cuddalore,2025-07-29 02:26:53,90_DAY_PREVENTIVE_ATTENTION,STABLE,82,INTERSTATE_FREIGHT_DISCREPANCY,NARVEX_TEMPORAL_BAYES_V2.1,Preventive attention priority indicator only; not criminal proof.
FC-HIST-00595,16,Kancheepuram,2025-08-26 02:04:48,90_DAY_PREVENTIVE_ATTENTION,HIGH PREVENTIVE ATTENTION,92,CAMPUS_SECTOR_MICRO_CLUSTER,NARVEX_TEMPORAL_BAYES_V2.1,Preventive attention priority indicator only; not criminal proof.
FC-HIST-00596,32,Theni,2025-08-26 14:36:27,90_DAY_PREVENTIVE_ATTENTION,INCREASING,81,CAMPUS_SECTOR_MICRO_CLUSTER,NARVEX_TEMPORAL_BAYES_V2.1,Preventive attention priority indicator only; not criminal proof.
FC-HIST-00597,31,Virudhunagar,2026-06-09 18:58:33,30_DAY_PREVENTIVE_ATTENTION,WATCH,80,CAMPUS_SECTOR_MICRO_CLUSTER,NARVEX_TEMPORAL_BAYES_V2.1,Preventive attention priority indicator only; not criminal proof.
FC-HIST-00598,20,Viluppuram,2026-07-08 02:13:03,90_DAY_PREVENTIVE_ATTENTION,STABLE,85,CAMPUS_SECTOR_MICRO_CLUSTER,NARVEX_TEMPORAL_BAYES_V2.1,Preventive attention priority indicator only; not criminal proof.
FC-HIST-00599,10,Krishnagiri,2025-10-03 04:56:55,90_DAY_PREVENTIVE_ATTENTION,INCREASING,91,CAMPUS_SECTOR_MICRO_CLUSTER,NARVEX_TEMPORAL_BAYES_V2.1,Preventive attention priority indicator only; not criminal proof.
FC-HIST-00600,17,Chengalpattu,2024-10-29 19:41:31,90_DAY_PREVENTIVE_ATTENTION,HIGH PREVENTIVE ATTENTION,84,INTERSTATE_FREIGHT_DISCREPANCY,NARVEX_TEMPORAL_BAYES_V2.1,Preventive attention priority indicator only; not criminal proof.
FC-HIST-00601,22,Dharmapuri,2025-12-10 22:30:23,30_DAY_PREVENTIVE_ATTENTION,HIGH PREVENTIVE ATTENTION,84,INTERSTATE_FREIGHT_DISCREPANCY,NARVEX_TEMPORAL_BAYES_V2.1,Preventive attention priority indicator only; not criminal proof.
FC-HIST-00602,35,Mayiladuthurai,2026-08-13 06:24:25,30_DAY_PREVENTIVE_ATTENTION,HIGH PREVENTIVE ATTENTION,73,CAMPUS_SECTOR_MICRO_CLUSTER,NARVEX_TEMPORAL_BAYES_V2.1,Preventive attention priority indicator only; not criminal proof.
FC-HIST-00603,25,Karur,2024-11-09 19:27:52,30_DAY_PREVENTIVE_ATTENTION,INCREASING,69,CAMPUS_SECTOR_MICRO_CLUSTER,NARVEX_TEMPORAL_BAYES_V2.1,Preventive attention priority indicator only; not criminal proof.
FC-HIST-00604,19,Cuddalore,2025-06-04 05:23:05,90_DAY_PREVENTIVE_ATTENTION,HIGH PREVENTIVE ATTENTION,72,HIGHWAY_CHECKPOST_ACCELERATION,NARVEX_TEMPORAL_BAYES_V2.1,Preventive attention priority indicator only; not criminal proof.
FC-HIST-00605,37,Tirupathur,2025-06-05 15:01:45,90_DAY_PREVENTIVE_ATTENTION,WATCH,70,CAMPUS_SECTOR_MICRO_CLUSTER,NARVEX_TEMPORAL_BAYES_V2.1,Preventive attention priority indicator only; not criminal proof.
FC-HIST-00606,38,Tiruvannamalai,2025-03-28 20:44:41,90_DAY_PREVENTIVE_ATTENTION,WATCH,83,HIGHWAY_CHECKPOST_ACCELERATION,NARVEX_TEMPORAL_BAYES_V2.1,Preventive attention priority indicator only; not criminal proof.
FC-HIST-00607,9,Vellore,2024-10-21 12:22:23,90_DAY_PREVENTIVE_ATTENTION,HIGH PREVENTIVE ATTENTION,68,INTERSTATE_FREIGHT_DISCREPANCY,NARVEX_TEMPORAL_BAYES_V2.1,Preventive attention priority indicator only; not criminal proof.
FC-HIST-00608,36,Ranipet,2025-09-22 04:39:49,30_DAY_PREVENTIVE_ATTENTION,WATCH,82,INTERSTATE_FREIGHT_DISCREPANCY,NARVEX_TEMPORAL_BAYES_V2.1,Preventive attention priority indicator only; not criminal proof.
FC-HIST-00609,37,Tirupathur,2025-08-21 14:31:25,30_DAY_PREVENTIVE_ATTENTION,WATCH,89,HIGHWAY_CHECKPOST_ACCELERATION,NARVEX_TEMPORAL_BAYES_V2.1,Preventive attention priority indicator only; not criminal proof.
FC-HIST-00610,28,Pudukkottai,2024-11-10 23:58:53,30_DAY_PREVENTIVE_ATTENTION,HIGH PREVENTIVE ATTENTION,76,HIGHWAY_CHECKPOST_ACCELERATION,NARVEX_TEMPORAL_BAYES_V2.1,Preventive attention priority indicator only; not criminal proof.
FC-HIST-00611,3,Madurai,2025-08-17 01:04:57,90_DAY_PREVENTIVE_ATTENTION,INCREASING,75,CAMPUS_SECTOR_MICRO_CLUSTER,NARVEX_TEMPORAL_BAYES_V2.1,Preventive attention priority indicator only; not criminal proof.
FC-HIST-00612,35,Mayiladuthurai,2025-12-22 02:09:10,30_DAY_PREVENTIVE_ATTENTION,HIGH PREVENTIVE ATTENTION,90,INTERSTATE_FREIGHT_DISCREPANCY,NARVEX_TEMPORAL_BAYES_V2.1,Preventive attention priority indicator only; not criminal proof.
FC-HIST-00613,19,Cuddalore,2026-02-13 06:00:54,90_DAY_PREVENTIVE_ATTENTION,STABLE,74,CAMPUS_SECTOR_MICRO_CLUSTER,NARVEX_TEMPORAL_BAYES_V2.1,Preventive attention priority indicator only; not criminal proof.
FC-HIST-00614,17,Chengalpattu,2025-01-18 08:33:59,90_DAY_PREVENTIVE_ATTENTION,STABLE,79,HIGHWAY_CHECKPOST_ACCELERATION,NARVEX_TEMPORAL_BAYES_V2.1,Preventive attention priority indicator only; not criminal proof.
FC-HIST-00615,2,Coimbatore,2025-05-31 18:51:27,90_DAY_PREVENTIVE_ATTENTION,STABLE,70,INTERSTATE_FREIGHT_DISCREPANCY,NARVEX_TEMPORAL_BAYES_V2.1,Preventive attention priority indicator only; not criminal proof.
FC-HIST-00616,8,Erode,2026-03-24 07:50:42,90_DAY_PREVENTIVE_ATTENTION,INCREASING,71,CAMPUS_SECTOR_MICRO_CLUSTER,NARVEX_TEMPORAL_BAYES_V2.1,Preventive attention priority indicator only; not criminal proof.
FC-HIST-00617,22,Dharmapuri,2026-07-18 05:36:34,30_DAY_PREVENTIVE_ATTENTION,WATCH,68,INTERSTATE_FREIGHT_DISCREPANCY,NARVEX_TEMPORAL_BAYES_V2.1,Preventive attention priority indicator only; not criminal proof.
FC-HIST-00618,31,Virudhunagar,2026-05-12 07:03:13,90_DAY_PREVENTIVE_ATTENTION,INCREASING,78,HIGHWAY_CHECKPOST_ACCELERATION,NARVEX_TEMPORAL_BAYES_V2.1,Preventive attention priority indicator only; not criminal proof.
FC-HIST-00619,17,Chengalpattu,2025-07-15 16:11:00,90_DAY_PREVENTIVE_ATTENTION,STABLE,84,CAMPUS_SECTOR_MICRO_CLUSTER,NARVEX_TEMPORAL_BAYES_V2.1,Preventive attention priority indicator only; not criminal proof.
FC-HIST-00620,28,Pudukkottai,2026-08-12 14:52:48,90_DAY_PREVENTIVE_ATTENTION,WATCH,81,CAMPUS_SECTOR_MICRO_CLUSTER,NARVEX_TEMPORAL_BAYES_V2.1,Preventive attention priority indicator only; not criminal proof.
FC-HIST-00621,29,Sivaganga,2025-06-24 22:27:39,30_DAY_PREVENTIVE_ATTENTION,WATCH,74,INTERSTATE_FREIGHT_DISCREPANCY,NARVEX_TEMPORAL_BAYES_V2.1,Preventive attention priority indicator only; not criminal proof.
FC-HIST-00622,23,Namakkal,2024-12-11 20:53:10,90_DAY_PREVENTIVE_ATTENTION,WATCH,83,INTERSTATE_FREIGHT_DISCREPANCY,NARVEX_TEMPORAL_BAYES_V2.1,Preventive attention priority indicator only; not criminal proof.
FC-HIST-00623,34,Nagapattinam,2025-02-06 06:53:34,90_DAY_PREVENTIVE_ATTENTION,STABLE,75,HIGHWAY_CHECKPOST_ACCELERATION,NARVEX_TEMPORAL_BAYES_V2.1,Preventive attention priority indicator only; not criminal proof.
FC-HIST-00624,4,Salem,2026-05-21 08:41:04,90_DAY_PREVENTIVE_ATTENTION,STABLE,86,HIGHWAY_CHECKPOST_ACCELERATION,NARVEX_TEMPORAL_BAYES_V2.1,Preventive attention priority indicator only; not criminal proof.
FC-HIST-00625,25,Karur,2025-06-04 08:08:46,90_DAY_PREVENTIVE_ATTENTION,INCREASING,88,HIGHWAY_CHECKPOST_ACCELERATION,NARVEX_TEMPORAL_BAYES_V2.1,Preventive attention priority indicator only; not criminal proof.
FC-HIST-00626,15,Tenkasi,2025-10-25 09:16:48,30_DAY_PREVENTIVE_ATTENTION,STABLE,76,INTERSTATE_FREIGHT_DISCREPANCY,NARVEX_TEMPORAL_BAYES_V2.1,Preventive attention priority indicator only; not criminal proof.
FC-HIST-00627,33,Thiruvarur,2024-12-04 05:34:29,30_DAY_PREVENTIVE_ATTENTION,STABLE,83,HIGHWAY_CHECKPOST_ACCELERATION,NARVEX_TEMPORAL_BAYES_V2.1,Preventive attention priority indicator only; not criminal proof.
FC-HIST-00628,29,Sivaganga,2026-04-11 19:53:23,30_DAY_PREVENTIVE_ATTENTION,INCREASING,72,HIGHWAY_CHECKPOST_ACCELERATION,NARVEX_TEMPORAL_BAYES_V2.1,Preventive attention priority indicator only; not criminal proof.
FC-HIST-00629,36,Ranipet,2026-02-10 11:27:28,30_DAY_PREVENTIVE_ATTENTION,INCREASING,72,INTERSTATE_FREIGHT_DISCREPANCY,NARVEX_TEMPORAL_BAYES_V2.1,Preventive attention priority indicator only; not criminal proof.
FC-HIST-00630,37,Tirupathur,2024-12-13 13:18:41,90_DAY_PREVENTIVE_ATTENTION,STABLE,90,INTERSTATE_FREIGHT_DISCREPANCY,NARVEX_TEMPORAL_BAYES_V2.1,Preventive attention priority indicator only; not criminal proof.
FC-HIST-00631,10,Krishnagiri,2025-09-02 06:23:43,90_DAY_PREVENTIVE_ATTENTION,WATCH,73,HIGHWAY_CHECKPOST_ACCELERATION,NARVEX_TEMPORAL_BAYES_V2.1,Preventive attention priority indicator only; not criminal proof.
FC-HIST-00632,7,Tiruppur,2026-05-13 17:41:33,30_DAY_PREVENTIVE_ATTENTION,WATCH,79,INTERSTATE_FREIGHT_DISCREPANCY,NARVEX_TEMPORAL_BAYES_V2.1,Preventive attention priority indicator only; not criminal proof.
FC-HIST-00633,20,Viluppuram,2026-08-01 19:48:01,90_DAY_PREVENTIVE_ATTENTION,HIGH PREVENTIVE ATTENTION,87,CAMPUS_SECTOR_MICRO_CLUSTER,NARVEX_TEMPORAL_BAYES_V2.1,Preventive attention priority indicator only; not criminal proof.
FC-HIST-00634,38,Tiruvannamalai,2025-11-21 09:37:25,90_DAY_PREVENTIVE_ATTENTION,WATCH,89,CAMPUS_SECTOR_MICRO_CLUSTER,NARVEX_TEMPORAL_BAYES_V2.1,Preventive attention priority indicator only; not criminal proof.
FC-HIST-00635,16,Kancheepuram,2024-10-19 13:16:20,30_DAY_PREVENTIVE_ATTENTION,HIGH PREVENTIVE ATTENTION,90,HIGHWAY_CHECKPOST_ACCELERATION,NARVEX_TEMPORAL_BAYES_V2.1,Preventive attention priority indicator only; not criminal proof.
FC-HIST-00636,6,Tirunelveli,2025-01-17 22:12:14,90_DAY_PREVENTIVE_ATTENTION,STABLE,72,INTERSTATE_FREIGHT_DISCREPANCY,NARVEX_TEMPORAL_BAYES_V2.1,Preventive attention priority indicator only; not criminal proof.
FC-HIST-00637,13,Thoothukudi,2026-02-16 09:15:42,90_DAY_PREVENTIVE_ATTENTION,HIGH PREVENTIVE ATTENTION,82,INTERSTATE_FREIGHT_DISCREPANCY,NARVEX_TEMPORAL_BAYES_V2.1,Preventive attention priority indicator only; not criminal proof.
FC-HIST-00638,1,Chennai,2026-06-15 20:18:52,30_DAY_PREVENTIVE_ATTENTION,STABLE,81,INTERSTATE_FREIGHT_DISCREPANCY,NARVEX_TEMPORAL_BAYES_V2.1,Preventive attention priority indicator only; not criminal proof.
FC-HIST-00639,10,Krishnagiri,2025-07-28 01:14:27,30_DAY_PREVENTIVE_ATTENTION,INCREASING,86,CAMPUS_SECTOR_MICRO_CLUSTER,NARVEX_TEMPORAL_BAYES_V2.1,Preventive attention priority indicator only; not criminal proof.
FC-HIST-00640,30,Ramanathapuram,2025-03-26 05:08:29,90_DAY_PREVENTIVE_ATTENTION,INCREASING,69,INTERSTATE_FREIGHT_DISCREPANCY,NARVEX_TEMPORAL_BAYES_V2.1,Preventive attention priority indicator only; not criminal proof.
FC-HIST-00641,4,Salem,2026-07-09 05:26:32,90_DAY_PREVENTIVE_ATTENTION,STABLE,82,INTERSTATE_FREIGHT_DISCREPANCY,NARVEX_TEMPORAL_BAYES_V2.1,Preventive attention priority indicator only; not criminal proof.
FC-HIST-00642,10,Krishnagiri,2025-02-14 11:27:18,30_DAY_PREVENTIVE_ATTENTION,WATCH,84,HIGHWAY_CHECKPOST_ACCELERATION,NARVEX_TEMPORAL_BAYES_V2.1,Preventive attention priority indicator only; not criminal proof.
FC-HIST-00643,26,Ariyalur,2025-05-06 21:14:35,30_DAY_PREVENTIVE_ATTENTION,INCREASING,76,INTERSTATE_FREIGHT_DISCREPANCY,NARVEX_TEMPORAL_BAYES_V2.1,Preventive attention priority indicator only; not criminal proof.
FC-HIST-00644,28,Pudukkottai,2025-07-19 02:16:46,30_DAY_PREVENTIVE_ATTENTION,INCREASING,76,CAMPUS_SECTOR_MICRO_CLUSTER,NARVEX_TEMPORAL_BAYES_V2.1,Preventive attention priority indicator only; not criminal proof.
FC-HIST-00645,20,Viluppuram,2024-11-21 23:18:47,30_DAY_PREVENTIVE_ATTENTION,HIGH PREVENTIVE ATTENTION,78,HIGHWAY_CHECKPOST_ACCELERATION,NARVEX_TEMPORAL_BAYES_V2.1,Preventive attention priority indicator only; not criminal proof.
FC-HIST-00646,4,Salem,2026-01-15 20:30:27,90_DAY_PREVENTIVE_ATTENTION,STABLE,83,INTERSTATE_FREIGHT_DISCREPANCY,NARVEX_TEMPORAL_BAYES_V2.1,Preventive attention priority indicator only; not criminal proof.
FC-HIST-00647,8,Erode,2025-05-11 07:19:06,90_DAY_PREVENTIVE_ATTENTION,WATCH,78,CAMPUS_SECTOR_MICRO_CLUSTER,NARVEX_TEMPORAL_BAYES_V2.1,Preventive attention priority indicator only; not criminal proof.
FC-HIST-00648,29,Sivaganga,2026-03-31 14:58:29,30_DAY_PREVENTIVE_ATTENTION,STABLE,70,INTERSTATE_FREIGHT_DISCREPANCY,NARVEX_TEMPORAL_BAYES_V2.1,Preventive attention priority indicator only; not criminal proof.
FC-HIST-00649,4,Salem,2025-02-10 11:16:44,90_DAY_PREVENTIVE_ATTENTION,STABLE,75,CAMPUS_SECTOR_MICRO_CLUSTER,NARVEX_TEMPORAL_BAYES_V2.1,Preventive attention priority indicator only; not criminal proof.
FC-HIST-00650,12,Thanjavur,2025-03-17 06:16:14,90_DAY_PREVENTIVE_ATTENTION,WATCH,73,CAMPUS_SECTOR_MICRO_CLUSTER,NARVEX_TEMPORAL_BAYES_V2.1,Preventive attention priority indicator only; not criminal proof.
FC-HIST-00651,36,Ranipet,2024-11-20 14:34:59,90_DAY_PREVENTIVE_ATTENTION,INCREASING,91,INTERSTATE_FREIGHT_DISCREPANCY,NARVEX_TEMPORAL_BAYES_V2.1,Preventive attention priority indicator only; not criminal proof.
FC-HIST-00652,10,Krishnagiri,2025-03-30 09:58:08,90_DAY_PREVENTIVE_ATTENTION,STABLE,68,HIGHWAY_CHECKPOST_ACCELERATION,NARVEX_TEMPORAL_BAYES_V2.1,Preventive attention priority indicator only; not criminal proof.
FC-HIST-00653,22,Dharmapuri,2026-02-15 05:59:29,90_DAY_PREVENTIVE_ATTENTION,HIGH PREVENTIVE ATTENTION,92,CAMPUS_SECTOR_MICRO_CLUSTER,NARVEX_TEMPORAL_BAYES_V2.1,Preventive attention priority indicator only; not criminal proof.
FC-HIST-00654,22,Dharmapuri,2026-05-17 06:32:19,90_DAY_PREVENTIVE_ATTENTION,STABLE,81,INTERSTATE_FREIGHT_DISCREPANCY,NARVEX_TEMPORAL_BAYES_V2.1,Preventive attention priority indicator only; not criminal proof.
FC-HIST-00655,22,Dharmapuri,2025-08-17 03:54:06,90_DAY_PREVENTIVE_ATTENTION,HIGH PREVENTIVE ATTENTION,74,HIGHWAY_CHECKPOST_ACCELERATION,NARVEX_TEMPORAL_BAYES_V2.1,Preventive attention priority indicator only; not criminal proof.
FC-HIST-00656,19,Cuddalore,2025-09-09 12:13:01,30_DAY_PREVENTIVE_ATTENTION,INCREASING,68,HIGHWAY_CHECKPOST_ACCELERATION,NARVEX_TEMPORAL_BAYES_V2.1,Preventive attention priority indicator only; not criminal proof.
FC-HIST-00657,17,Chengalpattu,2026-03-05 16:24:22,30_DAY_PREVENTIVE_ATTENTION,HIGH PREVENTIVE ATTENTION,88,HIGHWAY_CHECKPOST_ACCELERATION,NARVEX_TEMPORAL_BAYES_V2.1,Preventive attention priority indicator only; not criminal proof.
FC-HIST-00658,16,Kancheepuram,2026-08-02 20:13:25,90_DAY_PREVENTIVE_ATTENTION,INCREASING,79,INTERSTATE_FREIGHT_DISCREPANCY,NARVEX_TEMPORAL_BAYES_V2.1,Preventive attention priority indicator only; not criminal proof.
FC-HIST-00659,18,Tiruvallur,2026-02-13 14:08:59,30_DAY_PREVENTIVE_ATTENTION,WATCH,86,HIGHWAY_CHECKPOST_ACCELERATION,NARVEX_TEMPORAL_BAYES_V2.1,Preventive attention priority indicator only; not criminal proof.
FC-HIST-00660,37,Tirupathur,2025-09-10 03:58:46,90_DAY_PREVENTIVE_ATTENTION,HIGH PREVENTIVE ATTENTION,88,HIGHWAY_CHECKPOST_ACCELERATION,NARVEX_TEMPORAL_BAYES_V2.1,Preventive attention priority indicator only; not criminal proof.
FC-HIST-00661,30,Ramanathapuram,2024-11-21 09:26:54,30_DAY_PREVENTIVE_ATTENTION,STABLE,88,CAMPUS_SECTOR_MICRO_CLUSTER,NARVEX_TEMPORAL_BAYES_V2.1,Preventive attention priority indicator only; not criminal proof.
FC-HIST-00662,7,Tiruppur,2025-03-19 13:44:11,30_DAY_PREVENTIVE_ATTENTION,STABLE,85,INTERSTATE_FREIGHT_DISCREPANCY,NARVEX_TEMPORAL_BAYES_V2.1,Preventive attention priority indicator only; not criminal proof.
FC-HIST-00663,10,Krishnagiri,2025-05-16 00:46:31,90_DAY_PREVENTIVE_ATTENTION,WATCH,72,INTERSTATE_FREIGHT_DISCREPANCY,NARVEX_TEMPORAL_BAYES_V2.1,Preventive attention priority indicator only; not criminal proof.
FC-HIST-00664,18,Tiruvallur,2026-04-09 01:54:25,90_DAY_PREVENTIVE_ATTENTION,INCREASING,85,INTERSTATE_FREIGHT_DISCREPANCY,NARVEX_TEMPORAL_BAYES_V2.1,Preventive attention priority indicator only; not criminal proof.
FC-HIST-00665,10,Krishnagiri,2026-02-16 04:39:01,90_DAY_PREVENTIVE_ATTENTION,INCREASING,85,CAMPUS_SECTOR_MICRO_CLUSTER,NARVEX_TEMPORAL_BAYES_V2.1,Preventive attention priority indicator only; not criminal proof.
FC-HIST-00666,28,Pudukkottai,2025-08-29 01:01:31,90_DAY_PREVENTIVE_ATTENTION,INCREASING,74,HIGHWAY_CHECKPOST_ACCELERATION,NARVEX_TEMPORAL_BAYES_V2.1,Preventive attention priority indicator only; not criminal proof.
FC-HIST-00667,2,Coimbatore,2026-03-16 15:48:47,30_DAY_PREVENTIVE_ATTENTION,STABLE,83,CAMPUS_SECTOR_MICRO_CLUSTER,NARVEX_TEMPORAL_BAYES_V2.1,Preventive attention priority indicator only; not criminal proof.
FC-HIST-00668,2,Coimbatore,2026-03-11 21:49:32,30_DAY_PREVENTIVE_ATTENTION,STABLE,84,CAMPUS_SECTOR_MICRO_CLUSTER,NARVEX_TEMPORAL_BAYES_V2.1,Preventive attention priority indicator only; not criminal proof.
FC-HIST-00669,1,Chennai,2024-10-14 21:48:58,90_DAY_PREVENTIVE_ATTENTION,WATCH,69,INTERSTATE_FREIGHT_DISCREPANCY,NARVEX_TEMPORAL_BAYES_V2.1,Preventive attention priority indicator only; not criminal proof.
FC-HIST-00670,35,Mayiladuthurai,2026-03-13 17:34:52,30_DAY_PREVENTIVE_ATTENTION,HIGH PREVENTIVE ATTENTION,89,HIGHWAY_CHECKPOST_ACCELERATION,NARVEX_TEMPORAL_BAYES_V2.1,Preventive attention priority indicator only; not criminal proof.
FC-HIST-00671,26,Ariyalur,2026-08-19 00:58:41,30_DAY_PREVENTIVE_ATTENTION,INCREASING,68,CAMPUS_SECTOR_MICRO_CLUSTER,NARVEX_TEMPORAL_BAYES_V2.1,Preventive attention priority indicator only; not criminal proof.
FC-HIST-00672,14,Kanniyakumari,2025-09-13 01:44:20,30_DAY_PREVENTIVE_ATTENTION,STABLE,69,INTERSTATE_FREIGHT_DISCREPANCY,NARVEX_TEMPORAL_BAYES_V2.1,Preventive attention priority indicator only; not criminal proof.
FC-HIST-00673,30,Ramanathapuram,2025-12-04 19:29:48,90_DAY_PREVENTIVE_ATTENTION,WATCH,69,INTERSTATE_FREIGHT_DISCREPANCY,NARVEX_TEMPORAL_BAYES_V2.1,Preventive attention priority indicator only; not criminal proof.
FC-HIST-00674,11,Dindigul,2024-12-04 13:35:55,90_DAY_PREVENTIVE_ATTENTION,HIGH PREVENTIVE ATTENTION,92,INTERSTATE_FREIGHT_DISCREPANCY,NARVEX_TEMPORAL_BAYES_V2.1,Preventive attention priority indicator only; not criminal proof.
FC-HIST-00675,18,Tiruvallur,2024-09-27 23:55:42,30_DAY_PREVENTIVE_ATTENTION,HIGH PREVENTIVE ATTENTION,79,INTERSTATE_FREIGHT_DISCREPANCY,NARVEX_TEMPORAL_BAYES_V2.1,Preventive attention priority indicator only; not criminal proof.
FC-HIST-00676,28,Pudukkottai,2026-01-22 11:06:43,30_DAY_PREVENTIVE_ATTENTION,WATCH,69,INTERSTATE_FREIGHT_DISCREPANCY,NARVEX_TEMPORAL_BAYES_V2.1,Preventive attention priority indicator only; not criminal proof.
FC-HIST-00677,12,Thanjavur,2025-08-24 20:26:01,30_DAY_PREVENTIVE_ATTENTION,HIGH PREVENTIVE ATTENTION,74,CAMPUS_SECTOR_MICRO_CLUSTER,NARVEX_TEMPORAL_BAYES_V2.1,Preventive attention priority indicator only; not criminal proof.
FC-HIST-00678,32,Theni,2026-05-22 05:51:52,90_DAY_PREVENTIVE_ATTENTION,INCREASING,88,HIGHWAY_CHECKPOST_ACCELERATION,NARVEX_TEMPORAL_BAYES_V2.1,Preventive attention priority indicator only; not criminal proof.
FC-HIST-00679,17,Chengalpattu,2025-10-07 13:44:15,30_DAY_PREVENTIVE_ATTENTION,STABLE,71,HIGHWAY_CHECKPOST_ACCELERATION,NARVEX_TEMPORAL_BAYES_V2.1,Preventive attention priority indicator only; not criminal proof.
FC-HIST-00680,22,Dharmapuri,2025-08-26 15:01:36,90_DAY_PREVENTIVE_ATTENTION,STABLE,73,CAMPUS_SECTOR_MICRO_CLUSTER,NARVEX_TEMPORAL_BAYES_V2.1,Preventive attention priority indicator only; not criminal proof.
FC-HIST-00681,6,Tirunelveli,2025-11-04 11:28:30,30_DAY_PREVENTIVE_ATTENTION,INCREASING,71,HIGHWAY_CHECKPOST_ACCELERATION,NARVEX_TEMPORAL_BAYES_V2.1,Preventive attention priority indicator only; not criminal proof.
FC-HIST-00682,5,Tiruchirappalli,2025-02-19 13:00:56,30_DAY_PREVENTIVE_ATTENTION,INCREASING,72,CAMPUS_SECTOR_MICRO_CLUSTER,NARVEX_TEMPORAL_BAYES_V2.1,Preventive attention priority indicator only; not criminal proof.
FC-HIST-00683,18,Tiruvallur,2026-07-04 13:02:16,30_DAY_PREVENTIVE_ATTENTION,WATCH,68,HIGHWAY_CHECKPOST_ACCELERATION,NARVEX_TEMPORAL_BAYES_V2.1,Preventive attention priority indicator only; not criminal proof.
FC-HIST-00684,17,Chengalpattu,2025-04-11 02:33:12,90_DAY_PREVENTIVE_ATTENTION,INCREASING,85,HIGHWAY_CHECKPOST_ACCELERATION,NARVEX_TEMPORAL_BAYES_V2.1,Preventive attention priority indicator only; not criminal proof.
FC-HIST-00685,16,Kancheepuram,2025-08-16 11:52:30,90_DAY_PREVENTIVE_ATTENTION,HIGH PREVENTIVE ATTENTION,78,CAMPUS_SECTOR_MICRO_CLUSTER,NARVEX_TEMPORAL_BAYES_V2.1,Preventive attention priority indicator only; not criminal proof.
FC-HIST-00686,31,Virudhunagar,2026-07-07 13:04:06,90_DAY_PREVENTIVE_ATTENTION,STABLE,77,CAMPUS_SECTOR_MICRO_CLUSTER,NARVEX_TEMPORAL_BAYES_V2.1,Preventive attention priority indicator only; not criminal proof.
FC-HIST-00687,27,Perambalur,2026-08-17 07:40:27,30_DAY_PREVENTIVE_ATTENTION,STABLE,92,INTERSTATE_FREIGHT_DISCREPANCY,NARVEX_TEMPORAL_BAYES_V2.1,Preventive attention priority indicator only; not criminal proof.
FC-HIST-00688,21,Kallakurichi,2026-03-19 20:13:19,30_DAY_PREVENTIVE_ATTENTION,HIGH PREVENTIVE ATTENTION,91,INTERSTATE_FREIGHT_DISCREPANCY,NARVEX_TEMPORAL_BAYES_V2.1,Preventive attention priority indicator only; not criminal proof.
FC-HIST-00689,1,Chennai,2026-02-15 07:03:03,90_DAY_PREVENTIVE_ATTENTION,INCREASING,79,HIGHWAY_CHECKPOST_ACCELERATION,NARVEX_TEMPORAL_BAYES_V2.1,Preventive attention priority indicator only; not criminal proof.
FC-HIST-00690,6,Tirunelveli,2025-08-06 20:13:28,30_DAY_PREVENTIVE_ATTENTION,HIGH PREVENTIVE ATTENTION,83,HIGHWAY_CHECKPOST_ACCELERATION,NARVEX_TEMPORAL_BAYES_V2.1,Preventive attention priority indicator only; not criminal proof.
FC-HIST-00691,33,Thiruvarur,2025-11-10 09:02:55,90_DAY_PREVENTIVE_ATTENTION,WATCH,84,INTERSTATE_FREIGHT_DISCREPANCY,NARVEX_TEMPORAL_BAYES_V2.1,Preventive attention priority indicator only; not criminal proof.
FC-HIST-00692,9,Vellore,2025-04-13 09:01:47,90_DAY_PREVENTIVE_ATTENTION,INCREASING,70,CAMPUS_SECTOR_MICRO_CLUSTER,NARVEX_TEMPORAL_BAYES_V2.1,Preventive attention priority indicator only; not criminal proof.
FC-HIST-00693,22,Dharmapuri,2026-06-09 13:03:16,30_DAY_PREVENTIVE_ATTENTION,STABLE,81,CAMPUS_SECTOR_MICRO_CLUSTER,NARVEX_TEMPORAL_BAYES_V2.1,Preventive attention priority indicator only; not criminal proof.
FC-HIST-00694,25,Karur,2025-10-28 19:22:44,90_DAY_PREVENTIVE_ATTENTION,INCREASING,90,HIGHWAY_CHECKPOST_ACCELERATION,NARVEX_TEMPORAL_BAYES_V2.1,Preventive attention priority indicator only; not criminal proof.
FC-HIST-00695,1,Chennai,2026-06-30 22:30:01,90_DAY_PREVENTIVE_ATTENTION,WATCH,70,HIGHWAY_CHECKPOST_ACCELERATION,NARVEX_TEMPORAL_BAYES_V2.1,Preventive attention priority indicator only; not criminal proof.
FC-HIST-00696,21,Kallakurichi,2026-04-13 19:49:39,30_DAY_PREVENTIVE_ATTENTION,HIGH PREVENTIVE ATTENTION,87,CAMPUS_SECTOR_MICRO_CLUSTER,NARVEX_TEMPORAL_BAYES_V2.1,Preventive attention priority indicator only; not criminal proof.
FC-HIST-00697,20,Viluppuram,2025-02-08 09:35:59,30_DAY_PREVENTIVE_ATTENTION,INCREASING,91,CAMPUS_SECTOR_MICRO_CLUSTER,NARVEX_TEMPORAL_BAYES_V2.1,Preventive attention priority indicator only; not criminal proof.
FC-HIST-00698,14,Kanniyakumari,2024-09-25 05:07:27,90_DAY_PREVENTIVE_ATTENTION,INCREASING,77,HIGHWAY_CHECKPOST_ACCELERATION,NARVEX_TEMPORAL_BAYES_V2.1,Preventive attention priority indicator only; not criminal proof.
FC-HIST-00699,26,Ariyalur,2025-09-22 13:45:16,90_DAY_PREVENTIVE_ATTENTION,HIGH PREVENTIVE ATTENTION,74,INTERSTATE_FREIGHT_DISCREPANCY,NARVEX_TEMPORAL_BAYES_V2.1,Preventive attention priority indicator only; not criminal proof.
FC-HIST-00700,14,Kanniyakumari,2025-02-19 14:49:51,30_DAY_PREVENTIVE_ATTENTION,INCREASING,85,HIGHWAY_CHECKPOST_ACCELERATION,NARVEX_TEMPORAL_BAYES_V2.1,Preventive attention priority indicator only; not criminal proof.
FC-HIST-00701,7,Tiruppur,2024-10-13 07:48:18,30_DAY_PREVENTIVE_ATTENTION,WATCH,73,HIGHWAY_CHECKPOST_ACCELERATION,NARVEX_TEMPORAL_BAYES_V2.1,Preventive attention priority indicator only; not criminal proof.
FC-HIST-00702,29,Sivaganga,2025-10-18 20:39:50,90_DAY_PREVENTIVE_ATTENTION,STABLE,80,CAMPUS_SECTOR_MICRO_CLUSTER,NARVEX_TEMPORAL_BAYES_V2.1,Preventive attention priority indicator only; not criminal proof.
FC-HIST-00703,38,Tiruvannamalai,2025-08-15 00:52:41,90_DAY_PREVENTIVE_ATTENTION,STABLE,80,CAMPUS_SECTOR_MICRO_CLUSTER,NARVEX_TEMPORAL_BAYES_V2.1,Preventive attention priority indicator only; not criminal proof.
FC-HIST-00704,15,Tenkasi,2025-11-04 17:21:56,30_DAY_PREVENTIVE_ATTENTION,STABLE,89,HIGHWAY_CHECKPOST_ACCELERATION,NARVEX_TEMPORAL_BAYES_V2.1,Preventive attention priority indicator only; not criminal proof.
FC-HIST-00705,20,Viluppuram,2026-07-10 02:57:36,90_DAY_PREVENTIVE_ATTENTION,INCREASING,71,HIGHWAY_CHECKPOST_ACCELERATION,NARVEX_TEMPORAL_BAYES_V2.1,Preventive attention priority indicator only; not criminal proof.
FC-HIST-00706,1,Chennai,2026-02-27 04:14:42,90_DAY_PREVENTIVE_ATTENTION,WATCH,79,CAMPUS_SECTOR_MICRO_CLUSTER,NARVEX_TEMPORAL_BAYES_V2.1,Preventive attention priority indicator only; not criminal proof.
FC-HIST-00707,3,Madurai,2024-12-06 04:12:50,30_DAY_PREVENTIVE_ATTENTION,HIGH PREVENTIVE ATTENTION,76,INTERSTATE_FREIGHT_DISCREPANCY,NARVEX_TEMPORAL_BAYES_V2.1,Preventive attention priority indicator only; not criminal proof.
FC-HIST-00708,28,Pudukkottai,2026-01-20 09:56:57,90_DAY_PREVENTIVE_ATTENTION,WATCH,79,CAMPUS_SECTOR_MICRO_CLUSTER,NARVEX_TEMPORAL_BAYES_V2.1,Preventive attention priority indicator only; not criminal proof.
FC-HIST-00709,11,Dindigul,2025-07-31 07:48:24,90_DAY_PREVENTIVE_ATTENTION,WATCH,85,INTERSTATE_FREIGHT_DISCREPANCY,NARVEX_TEMPORAL_BAYES_V2.1,Preventive attention priority indicator only; not criminal proof.
FC-HIST-00710,8,Erode,2026-03-16 06:31:10,90_DAY_PREVENTIVE_ATTENTION,INCREASING,90,HIGHWAY_CHECKPOST_ACCELERATION,NARVEX_TEMPORAL_BAYES_V2.1,Preventive attention priority indicator only; not criminal proof.
FC-HIST-00711,6,Tirunelveli,2025-08-03 04:15:25,90_DAY_PREVENTIVE_ATTENTION,WATCH,79,HIGHWAY_CHECKPOST_ACCELERATION,NARVEX_TEMPORAL_BAYES_V2.1,Preventive attention priority indicator only; not criminal proof.
FC-HIST-00712,25,Karur,2024-12-30 10:48:54,30_DAY_PREVENTIVE_ATTENTION,WATCH,73,HIGHWAY_CHECKPOST_ACCELERATION,NARVEX_TEMPORAL_BAYES_V2.1,Preventive attention priority indicator only; not criminal proof.
FC-HIST-00713,23,Namakkal,2025-01-25 17:55:32,90_DAY_PREVENTIVE_ATTENTION,INCREASING,73,INTERSTATE_FREIGHT_DISCREPANCY,NARVEX_TEMPORAL_BAYES_V2.1,Preventive attention priority indicator only; not criminal proof.
FC-HIST-00714,6,Tirunelveli,2025-02-26 12:15:33,30_DAY_PREVENTIVE_ATTENTION,HIGH PREVENTIVE ATTENTION,69,HIGHWAY_CHECKPOST_ACCELERATION,NARVEX_TEMPORAL_BAYES_V2.1,Preventive attention priority indicator only; not criminal proof.
FC-HIST-00715,34,Nagapattinam,2025-06-20 15:54:23,30_DAY_PREVENTIVE_ATTENTION,INCREASING,82,HIGHWAY_CHECKPOST_ACCELERATION,NARVEX_TEMPORAL_BAYES_V2.1,Preventive attention priority indicator only; not criminal proof.
FC-HIST-00716,37,Tirupathur,2025-09-21 15:48:28,90_DAY_PREVENTIVE_ATTENTION,INCREASING,89,CAMPUS_SECTOR_MICRO_CLUSTER,NARVEX_TEMPORAL_BAYES_V2.1,Preventive attention priority indicator only; not criminal proof.
FC-HIST-00717,10,Krishnagiri,2025-12-06 14:33:37,90_DAY_PREVENTIVE_ATTENTION,STABLE,83,INTERSTATE_FREIGHT_DISCREPANCY,NARVEX_TEMPORAL_BAYES_V2.1,Preventive attention priority indicator only; not criminal proof.
FC-HIST-00718,22,Dharmapuri,2025-12-22 15:15:50,30_DAY_PREVENTIVE_ATTENTION,INCREASING,75,CAMPUS_SECTOR_MICRO_CLUSTER,NARVEX_TEMPORAL_BAYES_V2.1,Preventive attention priority indicator only; not criminal proof.
FC-HIST-00719,10,Krishnagiri,2025-02-28 00:38:56,30_DAY_PREVENTIVE_ATTENTION,HIGH PREVENTIVE ATTENTION,81,HIGHWAY_CHECKPOST_ACCELERATION,NARVEX_TEMPORAL_BAYES_V2.1,Preventive attention priority indicator only; not criminal proof.
FC-HIST-00720,8,Erode,2025-08-11 03:46:17,90_DAY_PREVENTIVE_ATTENTION,INCREASING,91,HIGHWAY_CHECKPOST_ACCELERATION,NARVEX_TEMPORAL_BAYES_V2.1,Preventive attention priority indicator only; not criminal proof.
FC-HIST-00721,27,Perambalur,2024-12-19 19:39:55,90_DAY_PREVENTIVE_ATTENTION,WATCH,87,HIGHWAY_CHECKPOST_ACCELERATION,NARVEX_TEMPORAL_BAYES_V2.1,Preventive attention priority indicator only; not criminal proof.
FC-HIST-00722,16,Kancheepuram,2024-10-29 18:01:46,90_DAY_PREVENTIVE_ATTENTION,HIGH PREVENTIVE ATTENTION,72,CAMPUS_SECTOR_MICRO_CLUSTER,NARVEX_TEMPORAL_BAYES_V2.1,Preventive attention priority indicator only; not criminal proof.
FC-HIST-00723,13,Thoothukudi,2026-04-16 22:15:31,30_DAY_PREVENTIVE_ATTENTION,INCREASING,75,HIGHWAY_CHECKPOST_ACCELERATION,NARVEX_TEMPORAL_BAYES_V2.1,Preventive attention priority indicator only; not criminal proof.
FC-HIST-00724,5,Tiruchirappalli,2024-09-24 11:08:28,90_DAY_PREVENTIVE_ATTENTION,INCREASING,75,INTERSTATE_FREIGHT_DISCREPANCY,NARVEX_TEMPORAL_BAYES_V2.1,Preventive attention priority indicator only; not criminal proof.
FC-HIST-00725,18,Tiruvallur,2025-08-25 19:04:37,90_DAY_PREVENTIVE_ATTENTION,INCREASING,78,CAMPUS_SECTOR_MICRO_CLUSTER,NARVEX_TEMPORAL_BAYES_V2.1,Preventive attention priority indicator only; not criminal proof.
FC-HIST-00726,27,Perambalur,2024-11-20 20:04:23,90_DAY_PREVENTIVE_ATTENTION,STABLE,71,HIGHWAY_CHECKPOST_ACCELERATION,NARVEX_TEMPORAL_BAYES_V2.1,Preventive attention priority indicator only; not criminal proof.
FC-HIST-00727,5,Tiruchirappalli,2024-09-20 03:53:43,90_DAY_PREVENTIVE_ATTENTION,STABLE,70,HIGHWAY_CHECKPOST_ACCELERATION,NARVEX_TEMPORAL_BAYES_V2.1,Preventive attention priority indicator only; not criminal proof.
FC-HIST-00728,12,Thanjavur,2026-07-15 00:06:28,30_DAY_PREVENTIVE_ATTENTION,WATCH,80,INTERSTATE_FREIGHT_DISCREPANCY,NARVEX_TEMPORAL_BAYES_V2.1,Preventive attention priority indicator only; not criminal proof.
FC-HIST-00729,29,Sivaganga,2026-07-24 06:19:41,30_DAY_PREVENTIVE_ATTENTION,HIGH PREVENTIVE ATTENTION,70,INTERSTATE_FREIGHT_DISCREPANCY,NARVEX_TEMPORAL_BAYES_V2.1,Preventive attention priority indicator only; not criminal proof.
FC-HIST-00730,27,Perambalur,2024-12-23 11:31:14,30_DAY_PREVENTIVE_ATTENTION,HIGH PREVENTIVE ATTENTION,88,INTERSTATE_FREIGHT_DISCREPANCY,NARVEX_TEMPORAL_BAYES_V2.1,Preventive attention priority indicator only; not criminal proof.
FC-HIST-00731,14,Kanniyakumari,2025-06-28 05:29:14,30_DAY_PREVENTIVE_ATTENTION,HIGH PREVENTIVE ATTENTION,80,INTERSTATE_FREIGHT_DISCREPANCY,NARVEX_TEMPORAL_BAYES_V2.1,Preventive attention priority indicator only; not criminal proof.
FC-HIST-00732,31,Virudhunagar,2026-07-04 20:17:36,30_DAY_PREVENTIVE_ATTENTION,WATCH,82,HIGHWAY_CHECKPOST_ACCELERATION,NARVEX_TEMPORAL_BAYES_V2.1,Preventive attention priority indicator only; not criminal proof.
FC-HIST-00733,5,Tiruchirappalli,2025-07-18 00:41:38,90_DAY_PREVENTIVE_ATTENTION,WATCH,72,HIGHWAY_CHECKPOST_ACCELERATION,NARVEX_TEMPORAL_BAYES_V2.1,Preventive attention priority indicator only; not criminal proof.
FC-HIST-00734,35,Mayiladuthurai,2025-03-08 06:36:06,90_DAY_PREVENTIVE_ATTENTION,STABLE,70,INTERSTATE_FREIGHT_DISCREPANCY,NARVEX_TEMPORAL_BAYES_V2.1,Preventive attention priority indicator only; not criminal proof.
FC-HIST-00735,6,Tirunelveli,2024-10-02 13:21:42,30_DAY_PREVENTIVE_ATTENTION,STABLE,85,HIGHWAY_CHECKPOST_ACCELERATION,NARVEX_TEMPORAL_BAYES_V2.1,Preventive attention priority indicator only; not criminal proof.
FC-HIST-00736,7,Tiruppur,2025-09-06 16:16:37,30_DAY_PREVENTIVE_ATTENTION,WATCH,92,HIGHWAY_CHECKPOST_ACCELERATION,NARVEX_TEMPORAL_BAYES_V2.1,Preventive attention priority indicator only; not criminal proof.
FC-HIST-00737,29,Sivaganga,2024-10-20 04:49:22,90_DAY_PREVENTIVE_ATTENTION,HIGH PREVENTIVE ATTENTION,88,CAMPUS_SECTOR_MICRO_CLUSTER,NARVEX_TEMPORAL_BAYES_V2.1,Preventive attention priority indicator only; not criminal proof.
FC-HIST-00738,5,Tiruchirappalli,2025-09-08 07:42:45,30_DAY_PREVENTIVE_ATTENTION,INCREASING,68,HIGHWAY_CHECKPOST_ACCELERATION,NARVEX_TEMPORAL_BAYES_V2.1,Preventive attention priority indicator only; not criminal proof.
FC-HIST-00739,4,Salem,2025-08-18 21:46:41,30_DAY_PREVENTIVE_ATTENTION,STABLE,71,INTERSTATE_FREIGHT_DISCREPANCY,NARVEX_TEMPORAL_BAYES_V2.1,Preventive attention priority indicator only; not criminal proof.
FC-HIST-00740,32,Theni,2026-07-21 12:35:29,30_DAY_PREVENTIVE_ATTENTION,WATCH,79,INTERSTATE_FREIGHT_DISCREPANCY,NARVEX_TEMPORAL_BAYES_V2.1,Preventive attention priority indicator only; not criminal proof.
FC-HIST-00741,9,Vellore,2024-11-13 05:53:23,90_DAY_PREVENTIVE_ATTENTION,WATCH,81,INTERSTATE_FREIGHT_DISCREPANCY,NARVEX_TEMPORAL_BAYES_V2.1,Preventive attention priority indicator only; not criminal proof.
FC-HIST-00742,34,Nagapattinam,2026-03-24 06:25:41,30_DAY_PREVENTIVE_ATTENTION,INCREASING,71,INTERSTATE_FREIGHT_DISCREPANCY,NARVEX_TEMPORAL_BAYES_V2.1,Preventive attention priority indicator only; not criminal proof.
FC-HIST-00743,9,Vellore,2026-05-07 18:53:00,90_DAY_PREVENTIVE_ATTENTION,STABLE,74,HIGHWAY_CHECKPOST_ACCELERATION,NARVEX_TEMPORAL_BAYES_V2.1,Preventive attention priority indicator only; not criminal proof.
FC-HIST-00744,7,Tiruppur,2026-06-04 19:44:04,90_DAY_PREVENTIVE_ATTENTION,INCREASING,83,CAMPUS_SECTOR_MICRO_CLUSTER,NARVEX_TEMPORAL_BAYES_V2.1,Preventive attention priority indicator only; not criminal proof.
FC-HIST-00745,21,Kallakurichi,2025-08-22 00:11:05,30_DAY_PREVENTIVE_ATTENTION,STABLE,87,CAMPUS_SECTOR_MICRO_CLUSTER,NARVEX_TEMPORAL_BAYES_V2.1,Preventive attention priority indicator only; not criminal proof.
FC-HIST-00746,26,Ariyalur,2025-10-28 01:04:05,30_DAY_PREVENTIVE_ATTENTION,STABLE,88,INTERSTATE_FREIGHT_DISCREPANCY,NARVEX_TEMPORAL_BAYES_V2.1,Preventive attention priority indicator only; not criminal proof.
FC-HIST-00747,3,Madurai,2026-01-04 14:19:51,90_DAY_PREVENTIVE_ATTENTION,STABLE,87,INTERSTATE_FREIGHT_DISCREPANCY,NARVEX_TEMPORAL_BAYES_V2.1,Preventive attention priority indicator only; not criminal proof.
FC-HIST-00748,34,Nagapattinam,2024-12-15 10:10:47,90_DAY_PREVENTIVE_ATTENTION,INCREASING,80,HIGHWAY_CHECKPOST_ACCELERATION,NARVEX_TEMPORAL_BAYES_V2.1,Preventive attention priority indicator only; not criminal proof.
FC-HIST-00749,18,Tiruvallur,2026-06-26 07:35:44,90_DAY_PREVENTIVE_ATTENTION,STABLE,88,HIGHWAY_CHECKPOST_ACCELERATION,NARVEX_TEMPORAL_BAYES_V2.1,Preventive attention priority indicator only; not criminal proof.
FC-HIST-00750,27,Perambalur,2024-12-07 01:26:45,90_DAY_PREVENTIVE_ATTENTION,INCREASING,76,HIGHWAY_CHECKPOST_ACCELERATION,NARVEX_TEMPORAL_BAYES_V2.1,Preventive attention priority indicator only; not criminal proof.
FC-HIST-00751,34,Nagapattinam,2025-12-24 04:22:09,90_DAY_PREVENTIVE_ATTENTION,WATCH,90,INTERSTATE_FREIGHT_DISCREPANCY,NARVEX_TEMPORAL_BAYES_V2.1,Preventive attention priority indicator only; not criminal proof.
FC-HIST-00752,7,Tiruppur,2025-03-07 17:07:24,30_DAY_PREVENTIVE_ATTENTION,HIGH PREVENTIVE ATTENTION,74,CAMPUS_SECTOR_MICRO_CLUSTER,NARVEX_TEMPORAL_BAYES_V2.1,Preventive attention priority indicator only; not criminal proof.
FC-HIST-00753,11,Dindigul,2024-12-10 10:18:48,30_DAY_PREVENTIVE_ATTENTION,WATCH,92,HIGHWAY_CHECKPOST_ACCELERATION,NARVEX_TEMPORAL_BAYES_V2.1,Preventive attention priority indicator only; not criminal proof.
FC-HIST-00754,17,Chengalpattu,2026-01-16 22:34:44,30_DAY_PREVENTIVE_ATTENTION,WATCH,81,HIGHWAY_CHECKPOST_ACCELERATION,NARVEX_TEMPORAL_BAYES_V2.1,Preventive attention priority indicator only; not criminal proof.
FC-HIST-00755,31,Virudhunagar,2025-01-11 00:49:04,30_DAY_PREVENTIVE_ATTENTION,HIGH PREVENTIVE ATTENTION,71,CAMPUS_SECTOR_MICRO_CLUSTER,NARVEX_TEMPORAL_BAYES_V2.1,Preventive attention priority indicator only; not criminal proof.
FC-HIST-00756,14,Kanniyakumari,2025-01-28 19:30:47,90_DAY_PREVENTIVE_ATTENTION,HIGH PREVENTIVE ATTENTION,90,HIGHWAY_CHECKPOST_ACCELERATION,NARVEX_TEMPORAL_BAYES_V2.1,Preventive attention priority indicator only; not criminal proof.
FC-HIST-00757,19,Cuddalore,2025-06-02 10:30:34,90_DAY_PREVENTIVE_ATTENTION,INCREASING,91,INTERSTATE_FREIGHT_DISCREPANCY,NARVEX_TEMPORAL_BAYES_V2.1,Preventive attention priority indicator only; not criminal proof.
FC-HIST-00758,33,Thiruvarur,2024-12-03 04:11:59,30_DAY_PREVENTIVE_ATTENTION,HIGH PREVENTIVE ATTENTION,70,HIGHWAY_CHECKPOST_ACCELERATION,NARVEX_TEMPORAL_BAYES_V2.1,Preventive attention priority indicator only; not criminal proof.
FC-HIST-00759,14,Kanniyakumari,2025-08-27 23:19:58,30_DAY_PREVENTIVE_ATTENTION,WATCH,88,CAMPUS_SECTOR_MICRO_CLUSTER,NARVEX_TEMPORAL_BAYES_V2.1,Preventive attention priority indicator only; not criminal proof.
FC-HIST-00760,1,Chennai,2026-02-27 16:37:41,90_DAY_PREVENTIVE_ATTENTION,WATCH,76,HIGHWAY_CHECKPOST_ACCELERATION,NARVEX_TEMPORAL_BAYES_V2.1,Preventive attention priority indicator only; not criminal proof.
FC-HIST-00761,7,Tiruppur,2025-03-24 22:10:30,30_DAY_PREVENTIVE_ATTENTION,STABLE,68,INTERSTATE_FREIGHT_DISCREPANCY,NARVEX_TEMPORAL_BAYES_V2.1,Preventive attention priority indicator only; not criminal proof.
FC-HIST-00762,35,Mayiladuthurai,2024-12-13 10:20:32,30_DAY_PREVENTIVE_ATTENTION,STABLE,92,INTERSTATE_FREIGHT_DISCREPANCY,NARVEX_TEMPORAL_BAYES_V2.1,Preventive attention priority indicator only; not criminal proof.
FC-HIST-00763,36,Ranipet,2026-03-24 05:32:12,30_DAY_PREVENTIVE_ATTENTION,INCREASING,91,HIGHWAY_CHECKPOST_ACCELERATION,NARVEX_TEMPORAL_BAYES_V2.1,Preventive attention priority indicator only; not criminal proof.
FC-HIST-00764,1,Chennai,2026-02-13 09:29:28,30_DAY_PREVENTIVE_ATTENTION,HIGH PREVENTIVE ATTENTION,75,INTERSTATE_FREIGHT_DISCREPANCY,NARVEX_TEMPORAL_BAYES_V2.1,Preventive attention priority indicator only; not criminal proof.
FC-HIST-00765,5,Tiruchirappalli,2025-03-20 05:39:03,30_DAY_PREVENTIVE_ATTENTION,STABLE,72,CAMPUS_SECTOR_MICRO_CLUSTER,NARVEX_TEMPORAL_BAYES_V2.1,Preventive attention priority indicator only; not criminal proof.
FC-HIST-00766,32,Theni,2025-02-21 00:29:45,30_DAY_PREVENTIVE_ATTENTION,INCREASING,83,CAMPUS_SECTOR_MICRO_CLUSTER,NARVEX_TEMPORAL_BAYES_V2.1,Preventive attention priority indicator only; not criminal proof.
FC-HIST-00767,13,Thoothukudi,2025-10-20 15:40:19,90_DAY_PREVENTIVE_ATTENTION,HIGH PREVENTIVE ATTENTION,69,HIGHWAY_CHECKPOST_ACCELERATION,NARVEX_TEMPORAL_BAYES_V2.1,Preventive attention priority indicator only; not criminal proof.
FC-HIST-00768,15,Tenkasi,2026-08-11 08:29:53,90_DAY_PREVENTIVE_ATTENTION,INCREASING,71,HIGHWAY_CHECKPOST_ACCELERATION,NARVEX_TEMPORAL_BAYES_V2.1,Preventive attention priority indicator only; not criminal proof.
FC-HIST-00769,6,Tirunelveli,2024-10-01 11:51:46,90_DAY_PREVENTIVE_ATTENTION,INCREASING,78,INTERSTATE_FREIGHT_DISCREPANCY,NARVEX_TEMPORAL_BAYES_V2.1,Preventive attention priority indicator only; not criminal proof.
FC-HIST-00770,27,Perambalur,2024-10-04 15:06:48,90_DAY_PREVENTIVE_ATTENTION,WATCH,76,HIGHWAY_CHECKPOST_ACCELERATION,NARVEX_TEMPORAL_BAYES_V2.1,Preventive attention priority indicator only; not criminal proof.
FC-HIST-00771,23,Namakkal,2025-07-18 05:58:43,30_DAY_PREVENTIVE_ATTENTION,HIGH PREVENTIVE ATTENTION,79,CAMPUS_SECTOR_MICRO_CLUSTER,NARVEX_TEMPORAL_BAYES_V2.1,Preventive attention priority indicator only; not criminal proof.
FC-HIST-00772,19,Cuddalore,2025-06-23 14:38:44,30_DAY_PREVENTIVE_ATTENTION,INCREASING,84,CAMPUS_SECTOR_MICRO_CLUSTER,NARVEX_TEMPORAL_BAYES_V2.1,Preventive attention priority indicator only; not criminal proof.
FC-HIST-00773,38,Tiruvannamalai,2026-03-08 08:01:49,90_DAY_PREVENTIVE_ATTENTION,HIGH PREVENTIVE ATTENTION,90,INTERSTATE_FREIGHT_DISCREPANCY,NARVEX_TEMPORAL_BAYES_V2.1,Preventive attention priority indicator only; not criminal proof.
FC-HIST-00774,26,Ariyalur,2026-07-11 07:38:12,90_DAY_PREVENTIVE_ATTENTION,HIGH PREVENTIVE ATTENTION,85,HIGHWAY_CHECKPOST_ACCELERATION,NARVEX_TEMPORAL_BAYES_V2.1,Preventive attention priority indicator only; not criminal proof.
FC-HIST-00775,17,Chengalpattu,2026-04-11 05:11:14,90_DAY_PREVENTIVE_ATTENTION,INCREASING,88,HIGHWAY_CHECKPOST_ACCELERATION,NARVEX_TEMPORAL_BAYES_V2.1,Preventive attention priority indicator only; not criminal proof.
FC-HIST-00776,12,Thanjavur,2025-08-10 22:57:48,30_DAY_PREVENTIVE_ATTENTION,INCREASING,76,CAMPUS_SECTOR_MICRO_CLUSTER,NARVEX_TEMPORAL_BAYES_V2.1,Preventive attention priority indicator only; not criminal proof.
FC-HIST-00777,3,Madurai,2024-12-28 21:20:31,30_DAY_PREVENTIVE_ATTENTION,HIGH PREVENTIVE ATTENTION,89,INTERSTATE_FREIGHT_DISCREPANCY,NARVEX_TEMPORAL_BAYES_V2.1,Preventive attention priority indicator only; not criminal proof.
FC-HIST-00778,19,Cuddalore,2025-07-23 16:17:08,90_DAY_PREVENTIVE_ATTENTION,WATCH,73,INTERSTATE_FREIGHT_DISCREPANCY,NARVEX_TEMPORAL_BAYES_V2.1,Preventive attention priority indicator only; not criminal proof.
FC-HIST-00779,29,Sivaganga,2025-09-24 14:53:36,30_DAY_PREVENTIVE_ATTENTION,HIGH PREVENTIVE ATTENTION,87,CAMPUS_SECTOR_MICRO_CLUSTER,NARVEX_TEMPORAL_BAYES_V2.1,Preventive attention priority indicator only; not criminal proof.
FC-HIST-00780,36,Ranipet,2024-11-19 02:24:02,90_DAY_PREVENTIVE_ATTENTION,HIGH PREVENTIVE ATTENTION,80,CAMPUS_SECTOR_MICRO_CLUSTER,NARVEX_TEMPORAL_BAYES_V2.1,Preventive attention priority indicator only; not criminal proof.
FC-HIST-00781,37,Tirupathur,2025-07-20 13:06:07,90_DAY_PREVENTIVE_ATTENTION,HIGH PREVENTIVE ATTENTION,68,HIGHWAY_CHECKPOST_ACCELERATION,NARVEX_TEMPORAL_BAYES_V2.1,Preventive attention priority indicator only; not criminal proof.
FC-HIST-00782,22,Dharmapuri,2025-10-25 09:58:51,90_DAY_PREVENTIVE_ATTENTION,INCREASING,87,INTERSTATE_FREIGHT_DISCREPANCY,NARVEX_TEMPORAL_BAYES_V2.1,Preventive attention priority indicator only; not criminal proof.
FC-HIST-00783,8,Erode,2026-06-05 02:45:22,90_DAY_PREVENTIVE_ATTENTION,HIGH PREVENTIVE ATTENTION,83,INTERSTATE_FREIGHT_DISCREPANCY,NARVEX_TEMPORAL_BAYES_V2.1,Preventive attention priority indicator only; not criminal proof.
FC-HIST-00784,12,Thanjavur,2025-11-29 21:15:22,30_DAY_PREVENTIVE_ATTENTION,STABLE,82,INTERSTATE_FREIGHT_DISCREPANCY,NARVEX_TEMPORAL_BAYES_V2.1,Preventive attention priority indicator only; not criminal proof.
FC-HIST-00785,34,Nagapattinam,2025-08-07 20:36:11,90_DAY_PREVENTIVE_ATTENTION,HIGH PREVENTIVE ATTENTION,90,INTERSTATE_FREIGHT_DISCREPANCY,NARVEX_TEMPORAL_BAYES_V2.1,Preventive attention priority indicator only; not criminal proof.
FC-HIST-00786,9,Vellore,2024-11-30 17:11:55,90_DAY_PREVENTIVE_ATTENTION,HIGH PREVENTIVE ATTENTION,87,INTERSTATE_FREIGHT_DISCREPANCY,NARVEX_TEMPORAL_BAYES_V2.1,Preventive attention priority indicator only; not criminal proof.
FC-HIST-00787,7,Tiruppur,2026-07-22 07:17:37,30_DAY_PREVENTIVE_ATTENTION,WATCH,69,CAMPUS_SECTOR_MICRO_CLUSTER,NARVEX_TEMPORAL_BAYES_V2.1,Preventive attention priority indicator only; not criminal proof.
FC-HIST-00788,17,Chengalpattu,2025-10-13 12:03:03,30_DAY_PREVENTIVE_ATTENTION,INCREASING,83,INTERSTATE_FREIGHT_DISCREPANCY,NARVEX_TEMPORAL_BAYES_V2.1,Preventive attention priority indicator only; not criminal proof.
FC-HIST-00789,6,Tirunelveli,2025-11-20 06:25:47,30_DAY_PREVENTIVE_ATTENTION,STABLE,79,INTERSTATE_FREIGHT_DISCREPANCY,NARVEX_TEMPORAL_BAYES_V2.1,Preventive attention priority indicator only; not criminal proof.
FC-HIST-00790,5,Tiruchirappalli,2026-06-21 19:47:04,90_DAY_PREVENTIVE_ATTENTION,INCREASING,80,HIGHWAY_CHECKPOST_ACCELERATION,NARVEX_TEMPORAL_BAYES_V2.1,Preventive attention priority indicator only; not criminal proof.
FC-HIST-00791,38,Tiruvannamalai,2025-07-23 18:06:30,30_DAY_PREVENTIVE_ATTENTION,STABLE,73,HIGHWAY_CHECKPOST_ACCELERATION,NARVEX_TEMPORAL_BAYES_V2.1,Preventive attention priority indicator only; not criminal proof.
FC-HIST-00792,31,Virudhunagar,2024-10-17 12:29:05,90_DAY_PREVENTIVE_ATTENTION,INCREASING,73,CAMPUS_SECTOR_MICRO_CLUSTER,NARVEX_TEMPORAL_BAYES_V2.1,Preventive attention priority indicator only; not criminal proof.
FC-HIST-00793,23,Namakkal,2025-01-25 03:56:21,30_DAY_PREVENTIVE_ATTENTION,INCREASING,69,CAMPUS_SECTOR_MICRO_CLUSTER,NARVEX_TEMPORAL_BAYES_V2.1,Preventive attention priority indicator only; not criminal proof.
FC-HIST-00794,38,Tiruvannamalai,2026-05-22 09:58:57,30_DAY_PREVENTIVE_ATTENTION,HIGH PREVENTIVE ATTENTION,71,HIGHWAY_CHECKPOST_ACCELERATION,NARVEX_TEMPORAL_BAYES_V2.1,Preventive attention priority indicator only; not criminal proof.
FC-HIST-00795,18,Tiruvallur,2026-03-09 23:55:10,90_DAY_PREVENTIVE_ATTENTION,HIGH PREVENTIVE ATTENTION,80,INTERSTATE_FREIGHT_DISCREPANCY,NARVEX_TEMPORAL_BAYES_V2.1,Preventive attention priority indicator only; not criminal proof.
FC-HIST-00796,26,Ariyalur,2024-11-29 21:32:35,30_DAY_PREVENTIVE_ATTENTION,INCREASING,71,HIGHWAY_CHECKPOST_ACCELERATION,NARVEX_TEMPORAL_BAYES_V2.1,Preventive attention priority indicator only; not criminal proof.
FC-HIST-00797,9,Vellore,2025-12-25 08:34:05,90_DAY_PREVENTIVE_ATTENTION,HIGH PREVENTIVE ATTENTION,86,INTERSTATE_FREIGHT_DISCREPANCY,NARVEX_TEMPORAL_BAYES_V2.1,Preventive attention priority indicator only; not criminal proof.
FC-HIST-00798,24,Nilgiris,2025-12-09 12:37:38,30_DAY_PREVENTIVE_ATTENTION,STABLE,79,INTERSTATE_FREIGHT_DISCREPANCY,NARVEX_TEMPORAL_BAYES_V2.1,Preventive attention priority indicator only; not criminal proof.
FC-HIST-00799,31,Virudhunagar,2026-05-16 20:23:54,90_DAY_PREVENTIVE_ATTENTION,STABLE,87,INTERSTATE_FREIGHT_DISCREPANCY,NARVEX_TEMPORAL_BAYES_V2.1,Preventive attention priority indicator only; not criminal proof.
FC-HIST-00800,34,Nagapattinam,2025-08-14 17:23:34,90_DAY_PREVENTIVE_ATTENTION,INCREASING,84,INTERSTATE_FREIGHT_DISCREPANCY,NARVEX_TEMPORAL_BAYES_V2.1,Preventive attention priority indicator only; not criminal proof.
FC-HIST-00801,3,Madurai,2026-05-07 08:36:10,90_DAY_PREVENTIVE_ATTENTION,STABLE,90,HIGHWAY_CHECKPOST_ACCELERATION,NARVEX_TEMPORAL_BAYES_V2.1,Preventive attention priority indicator only; not criminal proof.
FC-HIST-00802,4,Salem,2025-10-06 06:53:48,90_DAY_PREVENTIVE_ATTENTION,HIGH PREVENTIVE ATTENTION,74,HIGHWAY_CHECKPOST_ACCELERATION,NARVEX_TEMPORAL_BAYES_V2.1,Preventive attention priority indicator only; not criminal proof.
FC-HIST-00803,36,Ranipet,2025-12-21 20:27:40,90_DAY_PREVENTIVE_ATTENTION,HIGH PREVENTIVE ATTENTION,89,CAMPUS_SECTOR_MICRO_CLUSTER,NARVEX_TEMPORAL_BAYES_V2.1,Preventive attention priority indicator only; not criminal proof.
FC-HIST-00804,30,Ramanathapuram,2025-05-26 06:25:41,30_DAY_PREVENTIVE_ATTENTION,WATCH,69,CAMPUS_SECTOR_MICRO_CLUSTER,NARVEX_TEMPORAL_BAYES_V2.1,Preventive attention priority indicator only; not criminal proof.
FC-HIST-00805,33,Thiruvarur,2025-04-29 12:49:27,30_DAY_PREVENTIVE_ATTENTION,INCREASING,70,CAMPUS_SECTOR_MICRO_CLUSTER,NARVEX_TEMPORAL_BAYES_V2.1,Preventive attention priority indicator only; not criminal proof.
FC-HIST-00806,22,Dharmapuri,2024-09-29 01:09:05,30_DAY_PREVENTIVE_ATTENTION,HIGH PREVENTIVE ATTENTION,91,CAMPUS_SECTOR_MICRO_CLUSTER,NARVEX_TEMPORAL_BAYES_V2.1,Preventive attention priority indicator only; not criminal proof.
FC-HIST-00807,22,Dharmapuri,2025-03-26 11:20:30,90_DAY_PREVENTIVE_ATTENTION,HIGH PREVENTIVE ATTENTION,76,CAMPUS_SECTOR_MICRO_CLUSTER,NARVEX_TEMPORAL_BAYES_V2.1,Preventive attention priority indicator only; not criminal proof.
FC-HIST-00808,2,Coimbatore,2026-03-03 02:15:56,30_DAY_PREVENTIVE_ATTENTION,STABLE,87,HIGHWAY_CHECKPOST_ACCELERATION,NARVEX_TEMPORAL_BAYES_V2.1,Preventive attention priority indicator only; not criminal proof.
FC-HIST-00809,6,Tirunelveli,2025-10-28 06:31:59,90_DAY_PREVENTIVE_ATTENTION,HIGH PREVENTIVE ATTENTION,75,CAMPUS_SECTOR_MICRO_CLUSTER,NARVEX_TEMPORAL_BAYES_V2.1,Preventive attention priority indicator only; not criminal proof.
FC-HIST-00810,3,Madurai,2025-07-04 08:02:04,30_DAY_PREVENTIVE_ATTENTION,STABLE,71,INTERSTATE_FREIGHT_DISCREPANCY,NARVEX_TEMPORAL_BAYES_V2.1,Preventive attention priority indicator only; not criminal proof.
FC-HIST-00811,15,Tenkasi,2024-12-20 11:15:48,90_DAY_PREVENTIVE_ATTENTION,WATCH,80,CAMPUS_SECTOR_MICRO_CLUSTER,NARVEX_TEMPORAL_BAYES_V2.1,Preventive attention priority indicator only; not criminal proof.
FC-HIST-00812,26,Ariyalur,2024-09-20 04:17:17,30_DAY_PREVENTIVE_ATTENTION,WATCH,72,INTERSTATE_FREIGHT_DISCREPANCY,NARVEX_TEMPORAL_BAYES_V2.1,Preventive attention priority indicator only; not criminal proof.
FC-HIST-00813,33,Thiruvarur,2026-04-09 23:39:34,90_DAY_PREVENTIVE_ATTENTION,HIGH PREVENTIVE ATTENTION,72,HIGHWAY_CHECKPOST_ACCELERATION,NARVEX_TEMPORAL_BAYES_V2.1,Preventive attention priority indicator only; not criminal proof.
FC-HIST-00814,34,Nagapattinam,2025-06-05 13:12:28,30_DAY_PREVENTIVE_ATTENTION,HIGH PREVENTIVE ATTENTION,88,CAMPUS_SECTOR_MICRO_CLUSTER,NARVEX_TEMPORAL_BAYES_V2.1,Preventive attention priority indicator only; not criminal proof.
FC-HIST-00815,16,Kancheepuram,2026-02-26 11:51:03,30_DAY_PREVENTIVE_ATTENTION,WATCH,90,INTERSTATE_FREIGHT_DISCREPANCY,NARVEX_TEMPORAL_BAYES_V2.1,Preventive attention priority indicator only; not criminal proof.
FC-HIST-00816,18,Tiruvallur,2025-09-26 14:11:09,90_DAY_PREVENTIVE_ATTENTION,WATCH,83,INTERSTATE_FREIGHT_DISCREPANCY,NARVEX_TEMPORAL_BAYES_V2.1,Preventive attention priority indicator only; not criminal proof.
FC-HIST-00817,31,Virudhunagar,2024-11-12 08:27:56,30_DAY_PREVENTIVE_ATTENTION,HIGH PREVENTIVE ATTENTION,68,INTERSTATE_FREIGHT_DISCREPANCY,NARVEX_TEMPORAL_BAYES_V2.1,Preventive attention priority indicator only; not criminal proof.
FC-HIST-00818,26,Ariyalur,2025-09-16 18:00:36,90_DAY_PREVENTIVE_ATTENTION,STABLE,82,HIGHWAY_CHECKPOST_ACCELERATION,NARVEX_TEMPORAL_BAYES_V2.1,Preventive attention priority indicator only; not criminal proof.
FC-HIST-00819,5,Tiruchirappalli,2026-03-18 18:59:38,30_DAY_PREVENTIVE_ATTENTION,WATCH,80,CAMPUS_SECTOR_MICRO_CLUSTER,NARVEX_TEMPORAL_BAYES_V2.1,Preventive attention priority indicator only; not criminal proof.
FC-HIST-00820,26,Ariyalur,2025-10-17 18:43:22,90_DAY_PREVENTIVE_ATTENTION,HIGH PREVENTIVE ATTENTION,80,HIGHWAY_CHECKPOST_ACCELERATION,NARVEX_TEMPORAL_BAYES_V2.1,Preventive attention priority indicator only; not criminal proof.
FC-HIST-00821,2,Coimbatore,2026-04-02 19:00:11,90_DAY_PREVENTIVE_ATTENTION,STABLE,79,HIGHWAY_CHECKPOST_ACCELERATION,NARVEX_TEMPORAL_BAYES_V2.1,Preventive attention priority indicator only; not criminal proof.
FC-HIST-00822,7,Tiruppur,2026-03-11 03:12:41,30_DAY_PREVENTIVE_ATTENTION,STABLE,87,HIGHWAY_CHECKPOST_ACCELERATION,NARVEX_TEMPORAL_BAYES_V2.1,Preventive attention priority indicator only; not criminal proof.
FC-HIST-00823,28,Pudukkottai,2026-01-25 06:43:43,30_DAY_PREVENTIVE_ATTENTION,HIGH PREVENTIVE ATTENTION,70,INTERSTATE_FREIGHT_DISCREPANCY,NARVEX_TEMPORAL_BAYES_V2.1,Preventive attention priority indicator only; not criminal proof.
FC-HIST-00824,7,Tiruppur,2025-12-10 03:06:46,30_DAY_PREVENTIVE_ATTENTION,WATCH,76,HIGHWAY_CHECKPOST_ACCELERATION,NARVEX_TEMPORAL_BAYES_V2.1,Preventive attention priority indicator only; not criminal proof.
FC-HIST-00825,26,Ariyalur,2026-08-15 15:39:50,30_DAY_PREVENTIVE_ATTENTION,STABLE,84,INTERSTATE_FREIGHT_DISCREPANCY,NARVEX_TEMPORAL_BAYES_V2.1,Preventive attention priority indicator only; not criminal proof.
FC-HIST-00826,27,Perambalur,2025-10-18 09:31:52,30_DAY_PREVENTIVE_ATTENTION,INCREASING,68,HIGHWAY_CHECKPOST_ACCELERATION,NARVEX_TEMPORAL_BAYES_V2.1,Preventive attention priority indicator only; not criminal proof.
FC-HIST-00827,36,Ranipet,2025-11-07 21:32:03,90_DAY_PREVENTIVE_ATTENTION,STABLE,85,HIGHWAY_CHECKPOST_ACCELERATION,NARVEX_TEMPORAL_BAYES_V2.1,Preventive attention priority indicator only; not criminal proof.
FC-HIST-00828,11,Dindigul,2026-06-24 14:13:50,90_DAY_PREVENTIVE_ATTENTION,HIGH PREVENTIVE ATTENTION,83,INTERSTATE_FREIGHT_DISCREPANCY,NARVEX_TEMPORAL_BAYES_V2.1,Preventive attention priority indicator only; not criminal proof.
FC-HIST-00829,19,Cuddalore,2025-07-29 12:36:41,90_DAY_PREVENTIVE_ATTENTION,STABLE,73,INTERSTATE_FREIGHT_DISCREPANCY,NARVEX_TEMPORAL_BAYES_V2.1,Preventive attention priority indicator only; not criminal proof.
FC-HIST-00830,3,Madurai,2025-11-12 08:10:04,30_DAY_PREVENTIVE_ATTENTION,WATCH,82,CAMPUS_SECTOR_MICRO_CLUSTER,NARVEX_TEMPORAL_BAYES_V2.1,Preventive attention priority indicator only; not criminal proof.
FC-HIST-00831,29,Sivaganga,2026-03-19 06:22:15,90_DAY_PREVENTIVE_ATTENTION,WATCH,75,HIGHWAY_CHECKPOST_ACCELERATION,NARVEX_TEMPORAL_BAYES_V2.1,Preventive attention priority indicator only; not criminal proof.
FC-HIST-00832,26,Ariyalur,2025-04-28 10:17:31,30_DAY_PREVENTIVE_ATTENTION,STABLE,83,INTERSTATE_FREIGHT_DISCREPANCY,NARVEX_TEMPORAL_BAYES_V2.1,Preventive attention priority indicator only; not criminal proof.
FC-HIST-00833,14,Kanniyakumari,2025-12-12 00:12:53,30_DAY_PREVENTIVE_ATTENTION,HIGH PREVENTIVE ATTENTION,82,HIGHWAY_CHECKPOST_ACCELERATION,NARVEX_TEMPORAL_BAYES_V2.1,Preventive attention priority indicator only; not criminal proof.
FC-HIST-00834,29,Sivaganga,2026-05-11 02:45:23,30_DAY_PREVENTIVE_ATTENTION,INCREASING,78,INTERSTATE_FREIGHT_DISCREPANCY,NARVEX_TEMPORAL_BAYES_V2.1,Preventive attention priority indicator only; not criminal proof.
FC-HIST-00835,33,Thiruvarur,2026-07-18 08:45:12,90_DAY_PREVENTIVE_ATTENTION,WATCH,76,CAMPUS_SECTOR_MICRO_CLUSTER,NARVEX_TEMPORAL_BAYES_V2.1,Preventive attention priority indicator only; not criminal proof.
FC-HIST-00836,18,Tiruvallur,2024-12-24 03:50:31,30_DAY_PREVENTIVE_ATTENTION,STABLE,87,INTERSTATE_FREIGHT_DISCREPANCY,NARVEX_TEMPORAL_BAYES_V2.1,Preventive attention priority indicator only; not criminal proof.
FC-HIST-00837,38,Tiruvannamalai,2025-12-06 17:42:08,90_DAY_PREVENTIVE_ATTENTION,WATCH,74,CAMPUS_SECTOR_MICRO_CLUSTER,NARVEX_TEMPORAL_BAYES_V2.1,Preventive attention priority indicator only; not criminal proof.
FC-HIST-00838,4,Salem,2025-04-10 14:46:15,90_DAY_PREVENTIVE_ATTENTION,STABLE,90,INTERSTATE_FREIGHT_DISCREPANCY,NARVEX_TEMPORAL_BAYES_V2.1,Preventive attention priority indicator only; not criminal proof.
FC-HIST-00839,15,Tenkasi,2024-10-10 16:24:45,30_DAY_PREVENTIVE_ATTENTION,WATCH,92,HIGHWAY_CHECKPOST_ACCELERATION,NARVEX_TEMPORAL_BAYES_V2.1,Preventive attention priority indicator only; not criminal proof.
FC-HIST-00840,7,Tiruppur,2026-06-24 07:06:28,90_DAY_PREVENTIVE_ATTENTION,WATCH,71,INTERSTATE_FREIGHT_DISCREPANCY,NARVEX_TEMPORAL_BAYES_V2.1,Preventive attention priority indicator only; not criminal proof.
FC-HIST-00841,22,Dharmapuri,2025-03-03 10:01:33,90_DAY_PREVENTIVE_ATTENTION,INCREASING,89,HIGHWAY_CHECKPOST_ACCELERATION,NARVEX_TEMPORAL_BAYES_V2.1,Preventive attention priority indicator only; not criminal proof.
FC-HIST-00842,29,Sivaganga,2025-10-13 16:16:30,30_DAY_PREVENTIVE_ATTENTION,WATCH,70,CAMPUS_SECTOR_MICRO_CLUSTER,NARVEX_TEMPORAL_BAYES_V2.1,Preventive attention priority indicator only; not criminal proof.
FC-HIST-00843,33,Thiruvarur,2025-07-09 07:01:06,30_DAY_PREVENTIVE_ATTENTION,STABLE,78,CAMPUS_SECTOR_MICRO_CLUSTER,NARVEX_TEMPORAL_BAYES_V2.1,Preventive attention priority indicator only; not criminal proof.
FC-HIST-00844,4,Salem,2026-04-20 11:37:38,30_DAY_PREVENTIVE_ATTENTION,INCREASING,70,HIGHWAY_CHECKPOST_ACCELERATION,NARVEX_TEMPORAL_BAYES_V2.1,Preventive attention priority indicator only; not criminal proof.
FC-HIST-00845,38,Tiruvannamalai,2025-09-01 16:12:55,90_DAY_PREVENTIVE_ATTENTION,HIGH PREVENTIVE ATTENTION,69,CAMPUS_SECTOR_MICRO_CLUSTER,NARVEX_TEMPORAL_BAYES_V2.1,Preventive attention priority indicator only; not criminal proof.
FC-HIST-00846,4,Salem,2025-10-22 07:10:26,90_DAY_PREVENTIVE_ATTENTION,STABLE,84,HIGHWAY_CHECKPOST_ACCELERATION,NARVEX_TEMPORAL_BAYES_V2.1,Preventive attention priority indicator only; not criminal proof.
FC-HIST-00847,26,Ariyalur,2025-05-26 20:58:21,30_DAY_PREVENTIVE_ATTENTION,WATCH,86,INTERSTATE_FREIGHT_DISCREPANCY,NARVEX_TEMPORAL_BAYES_V2.1,Preventive attention priority indicator only; not criminal proof.
FC-HIST-00848,17,Chengalpattu,2026-02-14 09:49:11,30_DAY_PREVENTIVE_ATTENTION,STABLE,74,INTERSTATE_FREIGHT_DISCREPANCY,NARVEX_TEMPORAL_BAYES_V2.1,Preventive attention priority indicator only; not criminal proof.
FC-HIST-00849,11,Dindigul,2026-05-01 11:40:41,90_DAY_PREVENTIVE_ATTENTION,STABLE,80,INTERSTATE_FREIGHT_DISCREPANCY,NARVEX_TEMPORAL_BAYES_V2.1,Preventive attention priority indicator only; not criminal proof.
FC-HIST-00850,2,Coimbatore,2024-10-19 10:45:58,30_DAY_PREVENTIVE_ATTENTION,INCREASING,71,INTERSTATE_FREIGHT_DISCREPANCY,NARVEX_TEMPORAL_BAYES_V2.1,Preventive attention priority indicator only; not criminal proof.
FC-HIST-00851,7,Tiruppur,2025-04-19 02:03:06,90_DAY_PREVENTIVE_ATTENTION,STABLE,78,INTERSTATE_FREIGHT_DISCREPANCY,NARVEX_TEMPORAL_BAYES_V2.1,Preventive attention priority indicator only; not criminal proof.
FC-HIST-00852,31,Virudhunagar,2025-11-07 08:55:44,90_DAY_PREVENTIVE_ATTENTION,WATCH,76,INTERSTATE_FREIGHT_DISCREPANCY,NARVEX_TEMPORAL_BAYES_V2.1,Preventive attention priority indicator only; not criminal proof.
FC-HIST-00853,25,Karur,2025-03-26 21:21:26,30_DAY_PREVENTIVE_ATTENTION,WATCH,80,INTERSTATE_FREIGHT_DISCREPANCY,NARVEX_TEMPORAL_BAYES_V2.1,Preventive attention priority indicator only; not criminal proof.
FC-HIST-00854,8,Erode,2026-04-12 10:35:29,30_DAY_PREVENTIVE_ATTENTION,HIGH PREVENTIVE ATTENTION,83,CAMPUS_SECTOR_MICRO_CLUSTER,NARVEX_TEMPORAL_BAYES_V2.1,Preventive attention priority indicator only; not criminal proof.
FC-HIST-00855,13,Thoothukudi,2025-12-12 17:09:53,30_DAY_PREVENTIVE_ATTENTION,STABLE,73,INTERSTATE_FREIGHT_DISCREPANCY,NARVEX_TEMPORAL_BAYES_V2.1,Preventive attention priority indicator only; not criminal proof.
FC-HIST-00856,1,Chennai,2024-10-31 01:11:35,90_DAY_PREVENTIVE_ATTENTION,INCREASING,83,HIGHWAY_CHECKPOST_ACCELERATION,NARVEX_TEMPORAL_BAYES_V2.1,Preventive attention priority indicator only; not criminal proof.
FC-HIST-00857,2,Coimbatore,2025-12-09 23:09:49,90_DAY_PREVENTIVE_ATTENTION,WATCH,88,HIGHWAY_CHECKPOST_ACCELERATION,NARVEX_TEMPORAL_BAYES_V2.1,Preventive attention priority indicator only; not criminal proof.
FC-HIST-00858,1,Chennai,2025-06-27 12:02:50,30_DAY_PREVENTIVE_ATTENTION,HIGH PREVENTIVE ATTENTION,90,INTERSTATE_FREIGHT_DISCREPANCY,NARVEX_TEMPORAL_BAYES_V2.1,Preventive attention priority indicator only; not criminal proof.
FC-HIST-00859,6,Tirunelveli,2025-03-18 10:49:08,90_DAY_PREVENTIVE_ATTENTION,INCREASING,80,HIGHWAY_CHECKPOST_ACCELERATION,NARVEX_TEMPORAL_BAYES_V2.1,Preventive attention priority indicator only; not criminal proof.
FC-HIST-00860,4,Salem,2026-08-07 12:07:57,30_DAY_PREVENTIVE_ATTENTION,INCREASING,68,INTERSTATE_FREIGHT_DISCREPANCY,NARVEX_TEMPORAL_BAYES_V2.1,Preventive attention priority indicator only; not criminal proof.
FC-HIST-00861,23,Namakkal,2026-05-30 16:57:56,90_DAY_PREVENTIVE_ATTENTION,INCREASING,90,CAMPUS_SECTOR_MICRO_CLUSTER,NARVEX_TEMPORAL_BAYES_V2.1,Preventive attention priority indicator only; not criminal proof.
FC-HIST-00862,25,Karur,2026-07-25 15:15:50,90_DAY_PREVENTIVE_ATTENTION,INCREASING,92,HIGHWAY_CHECKPOST_ACCELERATION,NARVEX_TEMPORAL_BAYES_V2.1,Preventive attention priority indicator only; not criminal proof.
FC-HIST-00863,2,Coimbatore,2024-10-15 23:46:09,90_DAY_PREVENTIVE_ATTENTION,HIGH PREVENTIVE ATTENTION,85,INTERSTATE_FREIGHT_DISCREPANCY,NARVEX_TEMPORAL_BAYES_V2.1,Preventive attention priority indicator only; not criminal proof.
FC-HIST-00864,9,Vellore,2026-06-09 09:47:11,90_DAY_PREVENTIVE_ATTENTION,HIGH PREVENTIVE ATTENTION,88,INTERSTATE_FREIGHT_DISCREPANCY,NARVEX_TEMPORAL_BAYES_V2.1,Preventive attention priority indicator only; not criminal proof.
FC-HIST-00865,13,Thoothukudi,2025-01-10 17:48:50,90_DAY_PREVENTIVE_ATTENTION,HIGH PREVENTIVE ATTENTION,70,HIGHWAY_CHECKPOST_ACCELERATION,NARVEX_TEMPORAL_BAYES_V2.1,Preventive attention priority indicator only; not criminal proof.
FC-HIST-00866,17,Chengalpattu,2024-12-26 19:16:23,90_DAY_PREVENTIVE_ATTENTION,INCREASING,72,INTERSTATE_FREIGHT_DISCREPANCY,NARVEX_TEMPORAL_BAYES_V2.1,Preventive attention priority indicator only; not criminal proof.
FC-HIST-00867,11,Dindigul,2025-12-22 17:18:52,30_DAY_PREVENTIVE_ATTENTION,HIGH PREVENTIVE ATTENTION,77,CAMPUS_SECTOR_MICRO_CLUSTER,NARVEX_TEMPORAL_BAYES_V2.1,Preventive attention priority indicator only; not criminal proof.
FC-HIST-00868,31,Virudhunagar,2025-11-03 08:52:27,30_DAY_PREVENTIVE_ATTENTION,HIGH PREVENTIVE ATTENTION,71,INTERSTATE_FREIGHT_DISCREPANCY,NARVEX_TEMPORAL_BAYES_V2.1,Preventive attention priority indicator only; not criminal proof.
FC-HIST-00869,19,Cuddalore,2026-01-31 19:41:21,30_DAY_PREVENTIVE_ATTENTION,INCREASING,74,HIGHWAY_CHECKPOST_ACCELERATION,NARVEX_TEMPORAL_BAYES_V2.1,Preventive attention priority indicator only; not criminal proof.
FC-HIST-00870,7,Tiruppur,2025-08-19 07:18:11,90_DAY_PREVENTIVE_ATTENTION,STABLE,78,INTERSTATE_FREIGHT_DISCREPANCY,NARVEX_TEMPORAL_BAYES_V2.1,Preventive attention priority indicator only; not criminal proof.
FC-HIST-00871,26,Ariyalur,2025-03-27 21:42:38,90_DAY_PREVENTIVE_ATTENTION,WATCH,80,HIGHWAY_CHECKPOST_ACCELERATION,NARVEX_TEMPORAL_BAYES_V2.1,Preventive attention priority indicator only; not criminal proof.
FC-HIST-00872,20,Viluppuram,2025-01-15 09:06:58,90_DAY_PREVENTIVE_ATTENTION,HIGH PREVENTIVE ATTENTION,90,HIGHWAY_CHECKPOST_ACCELERATION,NARVEX_TEMPORAL_BAYES_V2.1,Preventive attention priority indicator only; not criminal proof.
FC-HIST-00873,6,Tirunelveli,2025-02-14 04:58:11,30_DAY_PREVENTIVE_ATTENTION,WATCH,86,HIGHWAY_CHECKPOST_ACCELERATION,NARVEX_TEMPORAL_BAYES_V2.1,Preventive attention priority indicator only; not criminal proof.
FC-HIST-00874,29,Sivaganga,2026-03-03 06:15:27,30_DAY_PREVENTIVE_ATTENTION,WATCH,72,HIGHWAY_CHECKPOST_ACCELERATION,NARVEX_TEMPORAL_BAYES_V2.1,Preventive attention priority indicator only; not criminal proof.
FC-HIST-00875,18,Tiruvallur,2026-03-25 19:04:04,30_DAY_PREVENTIVE_ATTENTION,STABLE,73,CAMPUS_SECTOR_MICRO_CLUSTER,NARVEX_TEMPORAL_BAYES_V2.1,Preventive attention priority indicator only; not criminal proof.
FC-HIST-00876,17,Chengalpattu,2025-08-16 15:32:28,90_DAY_PREVENTIVE_ATTENTION,WATCH,82,INTERSTATE_FREIGHT_DISCREPANCY,NARVEX_TEMPORAL_BAYES_V2.1,Preventive attention priority indicator only; not criminal proof.
FC-HIST-00877,19,Cuddalore,2025-12-09 10:42:06,90_DAY_PREVENTIVE_ATTENTION,HIGH PREVENTIVE ATTENTION,89,HIGHWAY_CHECKPOST_ACCELERATION,NARVEX_TEMPORAL_BAYES_V2.1,Preventive attention priority indicator only; not criminal proof.
FC-HIST-00878,2,Coimbatore,2025-01-17 22:01:56,30_DAY_PREVENTIVE_ATTENTION,WATCH,70,HIGHWAY_CHECKPOST_ACCELERATION,NARVEX_TEMPORAL_BAYES_V2.1,Preventive attention priority indicator only; not criminal proof.
FC-HIST-00879,16,Kancheepuram,2025-11-10 04:19:40,90_DAY_PREVENTIVE_ATTENTION,INCREASING,85,HIGHWAY_CHECKPOST_ACCELERATION,NARVEX_TEMPORAL_BAYES_V2.1,Preventive attention priority indicator only; not criminal proof.
FC-HIST-00880,35,Mayiladuthurai,2025-01-13 07:02:18,30_DAY_PREVENTIVE_ATTENTION,INCREASING,92,HIGHWAY_CHECKPOST_ACCELERATION,NARVEX_TEMPORAL_BAYES_V2.1,Preventive attention priority indicator only; not criminal proof.
FC-HIST-00881,27,Perambalur,2026-08-02 09:05:56,90_DAY_PREVENTIVE_ATTENTION,HIGH PREVENTIVE ATTENTION,69,INTERSTATE_FREIGHT_DISCREPANCY,NARVEX_TEMPORAL_BAYES_V2.1,Preventive attention priority indicator only; not criminal proof.
FC-HIST-00882,21,Kallakurichi,2025-05-30 03:23:47,90_DAY_PREVENTIVE_ATTENTION,HIGH PREVENTIVE ATTENTION,92,CAMPUS_SECTOR_MICRO_CLUSTER,NARVEX_TEMPORAL_BAYES_V2.1,Preventive attention priority indicator only; not criminal proof.
FC-HIST-00883,30,Ramanathapuram,2026-04-12 01:37:45,90_DAY_PREVENTIVE_ATTENTION,STABLE,78,CAMPUS_SECTOR_MICRO_CLUSTER,NARVEX_TEMPORAL_BAYES_V2.1,Preventive attention priority indicator only; not criminal proof.
FC-HIST-00884,24,Nilgiris,2025-03-05 06:03:34,30_DAY_PREVENTIVE_ATTENTION,STABLE,75,HIGHWAY_CHECKPOST_ACCELERATION,NARVEX_TEMPORAL_BAYES_V2.1,Preventive attention priority indicator only; not criminal proof.
FC-HIST-00885,1,Chennai,2024-12-22 03:06:38,90_DAY_PREVENTIVE_ATTENTION,HIGH PREVENTIVE ATTENTION,90,INTERSTATE_FREIGHT_DISCREPANCY,NARVEX_TEMPORAL_BAYES_V2.1,Preventive attention priority indicator only; not criminal proof.
FC-HIST-00886,19,Cuddalore,2026-04-15 20:43:22,30_DAY_PREVENTIVE_ATTENTION,WATCH,76,HIGHWAY_CHECKPOST_ACCELERATION,NARVEX_TEMPORAL_BAYES_V2.1,Preventive attention priority indicator only; not criminal proof.
FC-HIST-00887,25,Karur,2025-08-02 11:49:04,30_DAY_PREVENTIVE_ATTENTION,INCREASING,70,CAMPUS_SECTOR_MICRO_CLUSTER,NARVEX_TEMPORAL_BAYES_V2.1,Preventive attention priority indicator only; not criminal proof.
FC-HIST-00888,2,Coimbatore,2025-02-12 14:36:07,30_DAY_PREVENTIVE_ATTENTION,INCREASING,79,INTERSTATE_FREIGHT_DISCREPANCY,NARVEX_TEMPORAL_BAYES_V2.1,Preventive attention priority indicator only; not criminal proof.
FC-HIST-00889,4,Salem,2025-12-08 15:49:47,30_DAY_PREVENTIVE_ATTENTION,WATCH,85,CAMPUS_SECTOR_MICRO_CLUSTER,NARVEX_TEMPORAL_BAYES_V2.1,Preventive attention priority indicator only; not criminal proof.
FC-HIST-00890,15,Tenkasi,2026-08-07 08:29:23,90_DAY_PREVENTIVE_ATTENTION,INCREASING,82,INTERSTATE_FREIGHT_DISCREPANCY,NARVEX_TEMPORAL_BAYES_V2.1,Preventive attention priority indicator only; not criminal proof.
FC-HIST-00891,29,Sivaganga,2024-11-23 06:14:59,30_DAY_PREVENTIVE_ATTENTION,WATCH,76,INTERSTATE_FREIGHT_DISCREPANCY,NARVEX_TEMPORAL_BAYES_V2.1,Preventive attention priority indicator only; not criminal proof.
FC-HIST-00892,7,Tiruppur,2025-08-20 06:30:18,30_DAY_PREVENTIVE_ATTENTION,WATCH,92,INTERSTATE_FREIGHT_DISCREPANCY,NARVEX_TEMPORAL_BAYES_V2.1,Preventive attention priority indicator only; not criminal proof.
FC-HIST-00893,5,Tiruchirappalli,2025-01-11 16:01:50,90_DAY_PREVENTIVE_ATTENTION,INCREASING,82,INTERSTATE_FREIGHT_DISCREPANCY,NARVEX_TEMPORAL_BAYES_V2.1,Preventive attention priority indicator only; not criminal proof.
FC-HIST-00894,13,Thoothukudi,2025-01-07 10:01:28,90_DAY_PREVENTIVE_ATTENTION,STABLE,73,INTERSTATE_FREIGHT_DISCREPANCY,NARVEX_TEMPORAL_BAYES_V2.1,Preventive attention priority indicator only; not criminal proof.
FC-HIST-00895,35,Mayiladuthurai,2025-11-30 03:50:34,90_DAY_PREVENTIVE_ATTENTION,WATCH,92,CAMPUS_SECTOR_MICRO_CLUSTER,NARVEX_TEMPORAL_BAYES_V2.1,Preventive attention priority indicator only; not criminal proof.
FC-HIST-00896,18,Tiruvallur,2025-01-22 03:54:06,30_DAY_PREVENTIVE_ATTENTION,STABLE,72,INTERSTATE_FREIGHT_DISCREPANCY,NARVEX_TEMPORAL_BAYES_V2.1,Preventive attention priority indicator only; not criminal proof.
FC-HIST-00897,31,Virudhunagar,2024-12-18 03:36:52,90_DAY_PREVENTIVE_ATTENTION,STABLE,87,HIGHWAY_CHECKPOST_ACCELERATION,NARVEX_TEMPORAL_BAYES_V2.1,Preventive attention priority indicator only; not criminal proof.
FC-HIST-00898,11,Dindigul,2026-05-30 18:31:08,30_DAY_PREVENTIVE_ATTENTION,WATCH,68,INTERSTATE_FREIGHT_DISCREPANCY,NARVEX_TEMPORAL_BAYES_V2.1,Preventive attention priority indicator only; not criminal proof.
FC-HIST-00899,35,Mayiladuthurai,2024-12-21 01:03:26,30_DAY_PREVENTIVE_ATTENTION,HIGH PREVENTIVE ATTENTION,68,INTERSTATE_FREIGHT_DISCREPANCY,NARVEX_TEMPORAL_BAYES_V2.1,Preventive attention priority indicator only; not criminal proof.
FC-HIST-00900,10,Krishnagiri,2026-02-14 00:25:46,90_DAY_PREVENTIVE_ATTENTION,INCREASING,75,INTERSTATE_FREIGHT_DISCREPANCY,NARVEX_TEMPORAL_BAYES_V2.1,Preventive attention priority indicator only; not criminal proof.
FC-HIST-00901,33,Thiruvarur,2025-09-14 05:33:11,90_DAY_PREVENTIVE_ATTENTION,STABLE,73,CAMPUS_SECTOR_MICRO_CLUSTER,NARVEX_TEMPORAL_BAYES_V2.1,Preventive attention priority indicator only; not criminal proof.
FC-HIST-00902,20,Viluppuram,2025-06-06 18:54:30,90_DAY_PREVENTIVE_ATTENTION,STABLE,90,HIGHWAY_CHECKPOST_ACCELERATION,NARVEX_TEMPORAL_BAYES_V2.1,Preventive attention priority indicator only; not criminal proof.
FC-HIST-00903,13,Thoothukudi,2024-11-04 17:41:16,30_DAY_PREVENTIVE_ATTENTION,STABLE,81,CAMPUS_SECTOR_MICRO_CLUSTER,NARVEX_TEMPORAL_BAYES_V2.1,Preventive attention priority indicator only; not criminal proof.
FC-HIST-00904,19,Cuddalore,2024-12-02 17:59:53,90_DAY_PREVENTIVE_ATTENTION,WATCH,89,CAMPUS_SECTOR_MICRO_CLUSTER,NARVEX_TEMPORAL_BAYES_V2.1,Preventive attention priority indicator only; not criminal proof.
FC-HIST-00905,10,Krishnagiri,2026-06-25 23:46:10,90_DAY_PREVENTIVE_ATTENTION,WATCH,72,HIGHWAY_CHECKPOST_ACCELERATION,NARVEX_TEMPORAL_BAYES_V2.1,Preventive attention priority indicator only; not criminal proof.
FC-HIST-00906,19,Cuddalore,2025-03-17 20:26:52,90_DAY_PREVENTIVE_ATTENTION,HIGH PREVENTIVE ATTENTION,77,HIGHWAY_CHECKPOST_ACCELERATION,NARVEX_TEMPORAL_BAYES_V2.1,Preventive attention priority indicator only; not criminal proof.
FC-HIST-00907,1,Chennai,2025-07-02 10:48:22,30_DAY_PREVENTIVE_ATTENTION,HIGH PREVENTIVE ATTENTION,79,CAMPUS_SECTOR_MICRO_CLUSTER,NARVEX_TEMPORAL_BAYES_V2.1,Preventive attention priority indicator only; not criminal proof.
FC-HIST-00908,34,Nagapattinam,2025-09-11 05:02:49,30_DAY_PREVENTIVE_ATTENTION,INCREASING,76,CAMPUS_SECTOR_MICRO_CLUSTER,NARVEX_TEMPORAL_BAYES_V2.1,Preventive attention priority indicator only; not criminal proof.
FC-HIST-00909,38,Tiruvannamalai,2026-01-13 01:09:23,90_DAY_PREVENTIVE_ATTENTION,STABLE,91,INTERSTATE_FREIGHT_DISCREPANCY,NARVEX_TEMPORAL_BAYES_V2.1,Preventive attention priority indicator only; not criminal proof.
FC-HIST-00910,31,Virudhunagar,2025-09-19 22:59:43,90_DAY_PREVENTIVE_ATTENTION,INCREASING,79,INTERSTATE_FREIGHT_DISCREPANCY,NARVEX_TEMPORAL_BAYES_V2.1,Preventive attention priority indicator only; not criminal proof.
FC-HIST-00911,37,Tirupathur,2026-06-14 22:20:27,30_DAY_PREVENTIVE_ATTENTION,INCREASING,83,INTERSTATE_FREIGHT_DISCREPANCY,NARVEX_TEMPORAL_BAYES_V2.1,Preventive attention priority indicator only; not criminal proof.
FC-HIST-00912,37,Tirupathur,2024-11-18 03:35:55,30_DAY_PREVENTIVE_ATTENTION,STABLE,86,INTERSTATE_FREIGHT_DISCREPANCY,NARVEX_TEMPORAL_BAYES_V2.1,Preventive attention priority indicator only; not criminal proof.
FC-HIST-00913,9,Vellore,2025-10-29 09:30:47,90_DAY_PREVENTIVE_ATTENTION,WATCH,70,INTERSTATE_FREIGHT_DISCREPANCY,NARVEX_TEMPORAL_BAYES_V2.1,Preventive attention priority indicator only; not criminal proof.
FC-HIST-00914,28,Pudukkottai,2025-08-28 08:06:11,30_DAY_PREVENTIVE_ATTENTION,STABLE,77,HIGHWAY_CHECKPOST_ACCELERATION,NARVEX_TEMPORAL_BAYES_V2.1,Preventive attention priority indicator only; not criminal proof.
FC-HIST-00915,20,Viluppuram,2026-05-28 15:32:46,90_DAY_PREVENTIVE_ATTENTION,HIGH PREVENTIVE ATTENTION,84,CAMPUS_SECTOR_MICRO_CLUSTER,NARVEX_TEMPORAL_BAYES_V2.1,Preventive attention priority indicator only; not criminal proof.
FC-HIST-00916,10,Krishnagiri,2026-07-16 03:11:06,30_DAY_PREVENTIVE_ATTENTION,HIGH PREVENTIVE ATTENTION,78,CAMPUS_SECTOR_MICRO_CLUSTER,NARVEX_TEMPORAL_BAYES_V2.1,Preventive attention priority indicator only; not criminal proof.
FC-HIST-00917,2,Coimbatore,2024-11-04 12:21:25,30_DAY_PREVENTIVE_ATTENTION,INCREASING,85,HIGHWAY_CHECKPOST_ACCELERATION,NARVEX_TEMPORAL_BAYES_V2.1,Preventive attention priority indicator only; not criminal proof.
FC-HIST-00918,15,Tenkasi,2024-09-21 03:05:11,90_DAY_PREVENTIVE_ATTENTION,STABLE,77,CAMPUS_SECTOR_MICRO_CLUSTER,NARVEX_TEMPORAL_BAYES_V2.1,Preventive attention priority indicator only; not criminal proof.
FC-HIST-00919,11,Dindigul,2024-12-15 01:01:29,90_DAY_PREVENTIVE_ATTENTION,INCREASING,79,INTERSTATE_FREIGHT_DISCREPANCY,NARVEX_TEMPORAL_BAYES_V2.1,Preventive attention priority indicator only; not criminal proof.
FC-HIST-00920,17,Chengalpattu,2025-12-28 18:25:10,30_DAY_PREVENTIVE_ATTENTION,HIGH PREVENTIVE ATTENTION,75,HIGHWAY_CHECKPOST_ACCELERATION,NARVEX_TEMPORAL_BAYES_V2.1,Preventive attention priority indicator only; not criminal proof.
FC-HIST-00921,26,Ariyalur,2025-12-11 06:54:18,30_DAY_PREVENTIVE_ATTENTION,INCREASING,73,INTERSTATE_FREIGHT_DISCREPANCY,NARVEX_TEMPORAL_BAYES_V2.1,Preventive attention priority indicator only; not criminal proof.
FC-HIST-00922,5,Tiruchirappalli,2025-03-22 21:28:25,30_DAY_PREVENTIVE_ATTENTION,HIGH PREVENTIVE ATTENTION,83,HIGHWAY_CHECKPOST_ACCELERATION,NARVEX_TEMPORAL_BAYES_V2.1,Preventive attention priority indicator only; not criminal proof.
FC-HIST-00923,8,Erode,2024-10-21 18:07:47,30_DAY_PREVENTIVE_ATTENTION,INCREASING,83,INTERSTATE_FREIGHT_DISCREPANCY,NARVEX_TEMPORAL_BAYES_V2.1,Preventive attention priority indicator only; not criminal proof.
FC-HIST-00924,3,Madurai,2026-06-17 20:41:37,30_DAY_PREVENTIVE_ATTENTION,HIGH PREVENTIVE ATTENTION,85,CAMPUS_SECTOR_MICRO_CLUSTER,NARVEX_TEMPORAL_BAYES_V2.1,Preventive attention priority indicator only; not criminal proof.
FC-HIST-00925,28,Pudukkottai,2026-02-23 15:00:18,30_DAY_PREVENTIVE_ATTENTION,WATCH,79,CAMPUS_SECTOR_MICRO_CLUSTER,NARVEX_TEMPORAL_BAYES_V2.1,Preventive attention priority indicator only; not criminal proof.
FC-HIST-00926,37,Tirupathur,2026-04-14 12:57:53,90_DAY_PREVENTIVE_ATTENTION,HIGH PREVENTIVE ATTENTION,90,HIGHWAY_CHECKPOST_ACCELERATION,NARVEX_TEMPORAL_BAYES_V2.1,Preventive attention priority indicator only; not criminal proof.
FC-HIST-00927,12,Thanjavur,2025-02-23 01:55:51,90_DAY_PREVENTIVE_ATTENTION,HIGH PREVENTIVE ATTENTION,91,CAMPUS_SECTOR_MICRO_CLUSTER,NARVEX_TEMPORAL_BAYES_V2.1,Preventive attention priority indicator only; not criminal proof.
FC-HIST-00928,28,Pudukkottai,2025-08-03 08:28:44,30_DAY_PREVENTIVE_ATTENTION,HIGH PREVENTIVE ATTENTION,84,CAMPUS_SECTOR_MICRO_CLUSTER,NARVEX_TEMPORAL_BAYES_V2.1,Preventive attention priority indicator only; not criminal proof.
FC-HIST-00929,20,Viluppuram,2026-01-09 19:32:51,90_DAY_PREVENTIVE_ATTENTION,WATCH,75,CAMPUS_SECTOR_MICRO_CLUSTER,NARVEX_TEMPORAL_BAYES_V2.1,Preventive attention priority indicator only; not criminal proof.
FC-HIST-00930,35,Mayiladuthurai,2024-12-02 12:58:06,90_DAY_PREVENTIVE_ATTENTION,WATCH,83,CAMPUS_SECTOR_MICRO_CLUSTER,NARVEX_TEMPORAL_BAYES_V2.1,Preventive attention priority indicator only; not criminal proof.
FC-HIST-00931,24,Nilgiris,2025-02-25 07:34:01,90_DAY_PREVENTIVE_ATTENTION,INCREASING,71,HIGHWAY_CHECKPOST_ACCELERATION,NARVEX_TEMPORAL_BAYES_V2.1,Preventive attention priority indicator only; not criminal proof.
FC-HIST-00932,29,Sivaganga,2025-10-18 12:06:13,90_DAY_PREVENTIVE_ATTENTION,WATCH,86,CAMPUS_SECTOR_MICRO_CLUSTER,NARVEX_TEMPORAL_BAYES_V2.1,Preventive attention priority indicator only; not criminal proof.
FC-HIST-00933,21,Kallakurichi,2026-07-13 06:36:08,30_DAY_PREVENTIVE_ATTENTION,STABLE,85,HIGHWAY_CHECKPOST_ACCELERATION,NARVEX_TEMPORAL_BAYES_V2.1,Preventive attention priority indicator only; not criminal proof.
FC-HIST-00934,29,Sivaganga,2025-03-21 22:04:49,90_DAY_PREVENTIVE_ATTENTION,WATCH,78,HIGHWAY_CHECKPOST_ACCELERATION,NARVEX_TEMPORAL_BAYES_V2.1,Preventive attention priority indicator only; not criminal proof.
FC-HIST-00935,25,Karur,2025-04-23 17:22:51,30_DAY_PREVENTIVE_ATTENTION,STABLE,81,INTERSTATE_FREIGHT_DISCREPANCY,NARVEX_TEMPORAL_BAYES_V2.1,Preventive attention priority indicator only; not criminal proof.
FC-HIST-00936,9,Vellore,2025-05-09 21:15:30,30_DAY_PREVENTIVE_ATTENTION,HIGH PREVENTIVE ATTENTION,91,CAMPUS_SECTOR_MICRO_CLUSTER,NARVEX_TEMPORAL_BAYES_V2.1,Preventive attention priority indicator only; not criminal proof.
FC-HIST-00937,36,Ranipet,2026-05-14 08:33:42,90_DAY_PREVENTIVE_ATTENTION,INCREASING,79,HIGHWAY_CHECKPOST_ACCELERATION,NARVEX_TEMPORAL_BAYES_V2.1,Preventive attention priority indicator only; not criminal proof.
FC-HIST-00938,38,Tiruvannamalai,2025-10-20 18:02:44,30_DAY_PREVENTIVE_ATTENTION,HIGH PREVENTIVE ATTENTION,85,CAMPUS_SECTOR_MICRO_CLUSTER,NARVEX_TEMPORAL_BAYES_V2.1,Preventive attention priority indicator only; not criminal proof.
FC-HIST-00939,3,Madurai,2024-12-25 01:54:11,90_DAY_PREVENTIVE_ATTENTION,HIGH PREVENTIVE ATTENTION,82,HIGHWAY_CHECKPOST_ACCELERATION,NARVEX_TEMPORAL_BAYES_V2.1,Preventive attention priority indicator only; not criminal proof.
FC-HIST-00940,3,Madurai,2025-07-26 18:54:49,90_DAY_PREVENTIVE_ATTENTION,HIGH PREVENTIVE ATTENTION,85,HIGHWAY_CHECKPOST_ACCELERATION,NARVEX_TEMPORAL_BAYES_V2.1,Preventive attention priority indicator only; not criminal proof.
FC-HIST-00941,15,Tenkasi,2025-12-28 18:19:27,90_DAY_PREVENTIVE_ATTENTION,HIGH PREVENTIVE ATTENTION,82,HIGHWAY_CHECKPOST_ACCELERATION,NARVEX_TEMPORAL_BAYES_V2.1,Preventive attention priority indicator only; not criminal proof.
FC-HIST-00942,25,Karur,2025-08-14 13:01:58,30_DAY_PREVENTIVE_ATTENTION,HIGH PREVENTIVE ATTENTION,90,CAMPUS_SECTOR_MICRO_CLUSTER,NARVEX_TEMPORAL_BAYES_V2.1,Preventive attention priority indicator only; not criminal proof.
FC-HIST-00943,30,Ramanathapuram,2026-01-10 19:49:43,90_DAY_PREVENTIVE_ATTENTION,WATCH,89,CAMPUS_SECTOR_MICRO_CLUSTER,NARVEX_TEMPORAL_BAYES_V2.1,Preventive attention priority indicator only; not criminal proof.
FC-HIST-00944,37,Tirupathur,2025-04-02 06:07:41,30_DAY_PREVENTIVE_ATTENTION,INCREASING,81,INTERSTATE_FREIGHT_DISCREPANCY,NARVEX_TEMPORAL_BAYES_V2.1,Preventive attention priority indicator only; not criminal proof.
FC-HIST-00945,7,Tiruppur,2026-04-10 11:10:19,30_DAY_PREVENTIVE_ATTENTION,WATCH,73,CAMPUS_SECTOR_MICRO_CLUSTER,NARVEX_TEMPORAL_BAYES_V2.1,Preventive attention priority indicator only; not criminal proof.
FC-HIST-00946,27,Perambalur,2025-11-23 05:02:01,90_DAY_PREVENTIVE_ATTENTION,HIGH PREVENTIVE ATTENTION,75,CAMPUS_SECTOR_MICRO_CLUSTER,NARVEX_TEMPORAL_BAYES_V2.1,Preventive attention priority indicator only; not criminal proof.
FC-HIST-00947,17,Chengalpattu,2025-01-09 14:01:39,30_DAY_PREVENTIVE_ATTENTION,WATCH,80,HIGHWAY_CHECKPOST_ACCELERATION,NARVEX_TEMPORAL_BAYES_V2.1,Preventive attention priority indicator only; not criminal proof.
FC-HIST-00948,34,Nagapattinam,2024-10-02 11:50:54,90_DAY_PREVENTIVE_ATTENTION,HIGH PREVENTIVE ATTENTION,76,INTERSTATE_FREIGHT_DISCREPANCY,NARVEX_TEMPORAL_BAYES_V2.1,Preventive attention priority indicator only; not criminal proof.
FC-HIST-00949,4,Salem,2025-12-27 06:54:54,30_DAY_PREVENTIVE_ATTENTION,INCREASING,83,HIGHWAY_CHECKPOST_ACCELERATION,NARVEX_TEMPORAL_BAYES_V2.1,Preventive attention priority indicator only; not criminal proof.
FC-HIST-00950,29,Sivaganga,2025-02-01 00:35:45,30_DAY_PREVENTIVE_ATTENTION,STABLE,80,CAMPUS_SECTOR_MICRO_CLUSTER,NARVEX_TEMPORAL_BAYES_V2.1,Preventive attention priority indicator only; not criminal proof.
FC-HIST-00951,2,Coimbatore,2026-01-26 17:07:36,90_DAY_PREVENTIVE_ATTENTION,HIGH PREVENTIVE ATTENTION,81,INTERSTATE_FREIGHT_DISCREPANCY,NARVEX_TEMPORAL_BAYES_V2.1,Preventive attention priority indicator only; not criminal proof.
FC-HIST-00952,1,Chennai,2026-01-16 15:03:59,90_DAY_PREVENTIVE_ATTENTION,INCREASING,89,CAMPUS_SECTOR_MICRO_CLUSTER,NARVEX_TEMPORAL_BAYES_V2.1,Preventive attention priority indicator only; not criminal proof.
FC-HIST-00953,34,Nagapattinam,2025-06-28 21:46:20,90_DAY_PREVENTIVE_ATTENTION,INCREASING,77,INTERSTATE_FREIGHT_DISCREPANCY,NARVEX_TEMPORAL_BAYES_V2.1,Preventive attention priority indicator only; not criminal proof.
FC-HIST-00954,35,Mayiladuthurai,2026-04-02 13:37:24,30_DAY_PREVENTIVE_ATTENTION,WATCH,86,HIGHWAY_CHECKPOST_ACCELERATION,NARVEX_TEMPORAL_BAYES_V2.1,Preventive attention priority indicator only; not criminal proof.
FC-HIST-00955,18,Tiruvallur,2025-03-12 19:18:41,90_DAY_PREVENTIVE_ATTENTION,STABLE,79,HIGHWAY_CHECKPOST_ACCELERATION,NARVEX_TEMPORAL_BAYES_V2.1,Preventive attention priority indicator only; not criminal proof.
FC-HIST-00956,3,Madurai,2026-06-16 09:28:24,90_DAY_PREVENTIVE_ATTENTION,INCREASING,75,CAMPUS_SECTOR_MICRO_CLUSTER,NARVEX_TEMPORAL_BAYES_V2.1,Preventive attention priority indicator only; not criminal proof.
FC-HIST-00957,35,Mayiladuthurai,2025-08-15 18:53:33,90_DAY_PREVENTIVE_ATTENTION,STABLE,82,HIGHWAY_CHECKPOST_ACCELERATION,NARVEX_TEMPORAL_BAYES_V2.1,Preventive attention priority indicator only; not criminal proof.
FC-HIST-00958,7,Tiruppur,2026-06-05 00:44:44,90_DAY_PREVENTIVE_ATTENTION,WATCH,69,HIGHWAY_CHECKPOST_ACCELERATION,NARVEX_TEMPORAL_BAYES_V2.1,Preventive attention priority indicator only; not criminal proof.
FC-HIST-00959,18,Tiruvallur,2025-11-24 02:01:59,90_DAY_PREVENTIVE_ATTENTION,STABLE,85,INTERSTATE_FREIGHT_DISCREPANCY,NARVEX_TEMPORAL_BAYES_V2.1,Preventive attention priority indicator only; not criminal proof.
FC-HIST-00960,13,Thoothukudi,2024-12-03 02:50:38,30_DAY_PREVENTIVE_ATTENTION,HIGH PREVENTIVE ATTENTION,70,HIGHWAY_CHECKPOST_ACCELERATION,NARVEX_TEMPORAL_BAYES_V2.1,Preventive attention priority indicator only; not criminal proof.
FC-HIST-00961,25,Karur,2025-09-17 16:28:21,30_DAY_PREVENTIVE_ATTENTION,STABLE,71,HIGHWAY_CHECKPOST_ACCELERATION,NARVEX_TEMPORAL_BAYES_V2.1,Preventive attention priority indicator only; not criminal proof.
FC-HIST-00962,38,Tiruvannamalai,2026-03-21 21:36:30,90_DAY_PREVENTIVE_ATTENTION,HIGH PREVENTIVE ATTENTION,69,CAMPUS_SECTOR_MICRO_CLUSTER,NARVEX_TEMPORAL_BAYES_V2.1,Preventive attention priority indicator only; not criminal proof.
FC-HIST-00963,28,Pudukkottai,2026-01-19 00:10:07,90_DAY_PREVENTIVE_ATTENTION,STABLE,73,HIGHWAY_CHECKPOST_ACCELERATION,NARVEX_TEMPORAL_BAYES_V2.1,Preventive attention priority indicator only; not criminal proof.
FC-HIST-00964,24,Nilgiris,2026-08-12 14:52:13,30_DAY_PREVENTIVE_ATTENTION,HIGH PREVENTIVE ATTENTION,73,INTERSTATE_FREIGHT_DISCREPANCY,NARVEX_TEMPORAL_BAYES_V2.1,Preventive attention priority indicator only; not criminal proof.
FC-HIST-00965,5,Tiruchirappalli,2026-04-04 02:15:14,90_DAY_PREVENTIVE_ATTENTION,STABLE,81,CAMPUS_SECTOR_MICRO_CLUSTER,NARVEX_TEMPORAL_BAYES_V2.1,Preventive attention priority indicator only; not criminal proof.
FC-HIST-00966,3,Madurai,2025-04-04 21:42:07,90_DAY_PREVENTIVE_ATTENTION,INCREASING,80,CAMPUS_SECTOR_MICRO_CLUSTER,NARVEX_TEMPORAL_BAYES_V2.1,Preventive attention priority indicator only; not criminal proof.
FC-HIST-00967,18,Tiruvallur,2025-06-26 21:00:58,90_DAY_PREVENTIVE_ATTENTION,WATCH,74,CAMPUS_SECTOR_MICRO_CLUSTER,NARVEX_TEMPORAL_BAYES_V2.1,Preventive attention priority indicator only; not criminal proof.
FC-HIST-00968,20,Viluppuram,2025-03-30 15:16:48,90_DAY_PREVENTIVE_ATTENTION,HIGH PREVENTIVE ATTENTION,89,INTERSTATE_FREIGHT_DISCREPANCY,NARVEX_TEMPORAL_BAYES_V2.1,Preventive attention priority indicator only; not criminal proof.
FC-HIST-00969,38,Tiruvannamalai,2025-06-20 06:43:21,90_DAY_PREVENTIVE_ATTENTION,WATCH,79,HIGHWAY_CHECKPOST_ACCELERATION,NARVEX_TEMPORAL_BAYES_V2.1,Preventive attention priority indicator only; not criminal proof.
FC-HIST-00970,5,Tiruchirappalli,2025-01-09 07:15:51,30_DAY_PREVENTIVE_ATTENTION,STABLE,81,HIGHWAY_CHECKPOST_ACCELERATION,NARVEX_TEMPORAL_BAYES_V2.1,Preventive attention priority indicator only; not criminal proof.
FC-HIST-00971,34,Nagapattinam,2024-11-27 00:37:35,30_DAY_PREVENTIVE_ATTENTION,STABLE,70,INTERSTATE_FREIGHT_DISCREPANCY,NARVEX_TEMPORAL_BAYES_V2.1,Preventive attention priority indicator only; not criminal proof.
FC-HIST-00972,37,Tirupathur,2026-02-28 18:33:45,90_DAY_PREVENTIVE_ATTENTION,INCREASING,79,INTERSTATE_FREIGHT_DISCREPANCY,NARVEX_TEMPORAL_BAYES_V2.1,Preventive attention priority indicator only; not criminal proof.
FC-HIST-00973,2,Coimbatore,2025-01-11 18:48:08,90_DAY_PREVENTIVE_ATTENTION,HIGH PREVENTIVE ATTENTION,76,CAMPUS_SECTOR_MICRO_CLUSTER,NARVEX_TEMPORAL_BAYES_V2.1,Preventive attention priority indicator only; not criminal proof.
FC-HIST-00974,24,Nilgiris,2025-04-13 18:56:21,30_DAY_PREVENTIVE_ATTENTION,WATCH,92,HIGHWAY_CHECKPOST_ACCELERATION,NARVEX_TEMPORAL_BAYES_V2.1,Preventive attention priority indicator only; not criminal proof.
FC-HIST-00975,3,Madurai,2025-09-09 12:30:06,30_DAY_PREVENTIVE_ATTENTION,HIGH PREVENTIVE ATTENTION,72,CAMPUS_SECTOR_MICRO_CLUSTER,NARVEX_TEMPORAL_BAYES_V2.1,Preventive attention priority indicator only; not criminal proof.
FC-HIST-00976,13,Thoothukudi,2026-01-12 05:42:07,90_DAY_PREVENTIVE_ATTENTION,STABLE,68,CAMPUS_SECTOR_MICRO_CLUSTER,NARVEX_TEMPORAL_BAYES_V2.1,Preventive attention priority indicator only; not criminal proof.
FC-HIST-00977,21,Kallakurichi,2025-04-26 01:26:57,90_DAY_PREVENTIVE_ATTENTION,WATCH,78,INTERSTATE_FREIGHT_DISCREPANCY,NARVEX_TEMPORAL_BAYES_V2.1,Preventive attention priority indicator only; not criminal proof.
FC-HIST-00978,12,Thanjavur,2025-07-26 02:52:28,90_DAY_PREVENTIVE_ATTENTION,HIGH PREVENTIVE ATTENTION,92,INTERSTATE_FREIGHT_DISCREPANCY,NARVEX_TEMPORAL_BAYES_V2.1,Preventive attention priority indicator only; not criminal proof.
FC-HIST-00979,38,Tiruvannamalai,2025-04-18 19:57:05,30_DAY_PREVENTIVE_ATTENTION,STABLE,72,INTERSTATE_FREIGHT_DISCREPANCY,NARVEX_TEMPORAL_BAYES_V2.1,Preventive attention priority indicator only; not criminal proof.
FC-HIST-00980,3,Madurai,2024-12-08 20:59:08,30_DAY_PREVENTIVE_ATTENTION,WATCH,89,HIGHWAY_CHECKPOST_ACCELERATION,NARVEX_TEMPORAL_BAYES_V2.1,Preventive attention priority indicator only; not criminal proof.
FC-HIST-00981,11,Dindigul,2026-02-14 21:15:11,30_DAY_PREVENTIVE_ATTENTION,WATCH,91,CAMPUS_SECTOR_MICRO_CLUSTER,NARVEX_TEMPORAL_BAYES_V2.1,Preventive attention priority indicator only; not criminal proof.
FC-HIST-00982,6,Tirunelveli,2026-02-26 11:52:53,90_DAY_PREVENTIVE_ATTENTION,INCREASING,86,CAMPUS_SECTOR_MICRO_CLUSTER,NARVEX_TEMPORAL_BAYES_V2.1,Preventive attention priority indicator only; not criminal proof.
FC-HIST-00983,13,Thoothukudi,2026-07-26 19:53:45,90_DAY_PREVENTIVE_ATTENTION,WATCH,87,CAMPUS_SECTOR_MICRO_CLUSTER,NARVEX_TEMPORAL_BAYES_V2.1,Preventive attention priority indicator only; not criminal proof.
FC-HIST-00984,27,Perambalur,2025-06-09 18:30:34,30_DAY_PREVENTIVE_ATTENTION,WATCH,75,INTERSTATE_FREIGHT_DISCREPANCY,NARVEX_TEMPORAL_BAYES_V2.1,Preventive attention priority indicator only; not criminal proof.
FC-HIST-00985,30,Ramanathapuram,2025-02-17 22:52:40,30_DAY_PREVENTIVE_ATTENTION,HIGH PREVENTIVE ATTENTION,82,HIGHWAY_CHECKPOST_ACCELERATION,NARVEX_TEMPORAL_BAYES_V2.1,Preventive attention priority indicator only; not criminal proof.
FC-HIST-00986,37,Tirupathur,2026-07-16 17:15:19,90_DAY_PREVENTIVE_ATTENTION,HIGH PREVENTIVE ATTENTION,83,HIGHWAY_CHECKPOST_ACCELERATION,NARVEX_TEMPORAL_BAYES_V2.1,Preventive attention priority indicator only; not criminal proof.
FC-HIST-00987,24,Nilgiris,2025-10-13 04:39:14,90_DAY_PREVENTIVE_ATTENTION,INCREASING,85,HIGHWAY_CHECKPOST_ACCELERATION,NARVEX_TEMPORAL_BAYES_V2.1,Preventive attention priority indicator only; not criminal proof.
FC-HIST-00988,24,Nilgiris,2026-03-17 16:39:07,30_DAY_PREVENTIVE_ATTENTION,HIGH PREVENTIVE ATTENTION,92,CAMPUS_SECTOR_MICRO_CLUSTER,NARVEX_TEMPORAL_BAYES_V2.1,Preventive attention priority indicator only; not criminal proof.
FC-HIST-00989,24,Nilgiris,2025-06-12 01:58:47,30_DAY_PREVENTIVE_ATTENTION,HIGH PREVENTIVE ATTENTION,71,HIGHWAY_CHECKPOST_ACCELERATION,NARVEX_TEMPORAL_BAYES_V2.1,Preventive attention priority indicator only; not criminal proof.
FC-HIST-00990,21,Kallakurichi,2025-12-07 10:54:03,30_DAY_PREVENTIVE_ATTENTION,HIGH PREVENTIVE ATTENTION,79,CAMPUS_SECTOR_MICRO_CLUSTER,NARVEX_TEMPORAL_BAYES_V2.1,Preventive attention priority indicator only; not criminal proof.
FC-HIST-00991,29,Sivaganga,2025-08-07 07:31:12,90_DAY_PREVENTIVE_ATTENTION,INCREASING,70,INTERSTATE_FREIGHT_DISCREPANCY,NARVEX_TEMPORAL_BAYES_V2.1,Preventive attention priority indicator only; not criminal proof.
FC-HIST-00992,18,Tiruvallur,2025-11-25 10:58:01,30_DAY_PREVENTIVE_ATTENTION,HIGH PREVENTIVE ATTENTION,91,HIGHWAY_CHECKPOST_ACCELERATION,NARVEX_TEMPORAL_BAYES_V2.1,Preventive attention priority indicator only; not criminal proof.
FC-HIST-00993,29,Sivaganga,2025-04-25 10:40:37,30_DAY_PREVENTIVE_ATTENTION,INCREASING,77,HIGHWAY_CHECKPOST_ACCELERATION,NARVEX_TEMPORAL_BAYES_V2.1,Preventive attention priority indicator only; not criminal proof.
FC-HIST-00994,26,Ariyalur,2025-05-16 14:04:09,90_DAY_PREVENTIVE_ATTENTION,HIGH PREVENTIVE ATTENTION,70,HIGHWAY_CHECKPOST_ACCELERATION,NARVEX_TEMPORAL_BAYES_V2.1,Preventive attention priority indicator only; not criminal proof.
FC-HIST-00995,1,Chennai,2025-12-28 10:58:38,90_DAY_PREVENTIVE_ATTENTION,HIGH PREVENTIVE ATTENTION,90,INTERSTATE_FREIGHT_DISCREPANCY,NARVEX_TEMPORAL_BAYES_V2.1,Preventive attention priority indicator only; not criminal proof.
FC-HIST-00996,11,Dindigul,2026-05-30 20:31:23,30_DAY_PREVENTIVE_ATTENTION,STABLE,89,CAMPUS_SECTOR_MICRO_CLUSTER,NARVEX_TEMPORAL_BAYES_V2.1,Preventive attention priority indicator only; not criminal proof.
FC-HIST-00997,21,Kallakurichi,2026-03-24 09:19:51,30_DAY_PREVENTIVE_ATTENTION,HIGH PREVENTIVE ATTENTION,73,HIGHWAY_CHECKPOST_ACCELERATION,NARVEX_TEMPORAL_BAYES_V2.1,Preventive attention priority indicator only; not criminal proof.
FC-HIST-00998,8,Erode,2025-12-17 12:10:26,90_DAY_PREVENTIVE_ATTENTION,WATCH,69,CAMPUS_SECTOR_MICRO_CLUSTER,NARVEX_TEMPORAL_BAYES_V2.1,Preventive attention priority indicator only; not criminal proof.
FC-HIST-00999,23,Namakkal,2025-12-06 01:23:02,30_DAY_PREVENTIVE_ATTENTION,INCREASING,71,CAMPUS_SECTOR_MICRO_CLUSTER,NARVEX_TEMPORAL_BAYES_V2.1,Preventive attention priority indicator only; not criminal proof.
FC-HIST-01000,33,Thiruvarur,2025-04-26 15:33:48,30_DAY_PREVENTIVE_ATTENTION,WATCH,71,INTERSTATE_FREIGHT_DISCREPANCY,NARVEX_TEMPORAL_BAYES_V2.1,Preventive attention priority indicator only; not criminal proof.
FC-HIST-01001,35,Mayiladuthurai,2024-11-12 08:49:57,30_DAY_PREVENTIVE_ATTENTION,STABLE,70,CAMPUS_SECTOR_MICRO_CLUSTER,NARVEX_TEMPORAL_BAYES_V2.1,Preventive attention priority indicator only; not criminal proof.
FC-HIST-01002,20,Viluppuram,2024-09-28 15:06:01,30_DAY_PREVENTIVE_ATTENTION,HIGH PREVENTIVE ATTENTION,82,CAMPUS_SECTOR_MICRO_CLUSTER,NARVEX_TEMPORAL_BAYES_V2.1,Preventive attention priority indicator only; not criminal proof.
FC-HIST-01003,22,Dharmapuri,2026-05-24 10:01:57,30_DAY_PREVENTIVE_ATTENTION,STABLE,87,INTERSTATE_FREIGHT_DISCREPANCY,NARVEX_TEMPORAL_BAYES_V2.1,Preventive attention priority indicator only; not criminal proof.
FC-HIST-01004,13,Thoothukudi,2026-03-01 05:02:48,90_DAY_PREVENTIVE_ATTENTION,INCREASING,80,HIGHWAY_CHECKPOST_ACCELERATION,NARVEX_TEMPORAL_BAYES_V2.1,Preventive attention priority indicator only; not criminal proof.
FC-HIST-01005,33,Thiruvarur,2025-04-25 03:22:52,30_DAY_PREVENTIVE_ATTENTION,STABLE,91,INTERSTATE_FREIGHT_DISCREPANCY,NARVEX_TEMPORAL_BAYES_V2.1,Preventive attention priority indicator only; not criminal proof.
FC-HIST-01006,26,Ariyalur,2025-12-16 12:42:22,90_DAY_PREVENTIVE_ATTENTION,WATCH,71,CAMPUS_SECTOR_MICRO_CLUSTER,NARVEX_TEMPORAL_BAYES_V2.1,Preventive attention priority indicator only; not criminal proof.
FC-HIST-01007,2,Coimbatore,2025-04-11 05:43:45,90_DAY_PREVENTIVE_ATTENTION,HIGH PREVENTIVE ATTENTION,87,INTERSTATE_FREIGHT_DISCREPANCY,NARVEX_TEMPORAL_BAYES_V2.1,Preventive attention priority indicator only; not criminal proof.
FC-HIST-01008,12,Thanjavur,2024-12-18 06:30:25,30_DAY_PREVENTIVE_ATTENTION,INCREASING,79,CAMPUS_SECTOR_MICRO_CLUSTER,NARVEX_TEMPORAL_BAYES_V2.1,Preventive attention priority indicator only; not criminal proof.
FC-HIST-01009,3,Madurai,2025-09-21 17:49:32,90_DAY_PREVENTIVE_ATTENTION,WATCH,88,CAMPUS_SECTOR_MICRO_CLUSTER,NARVEX_TEMPORAL_BAYES_V2.1,Preventive attention priority indicator only; not criminal proof.
FC-HIST-01010,28,Pudukkottai,2025-03-26 11:31:08,30_DAY_PREVENTIVE_ATTENTION,HIGH PREVENTIVE ATTENTION,79,HIGHWAY_CHECKPOST_ACCELERATION,NARVEX_TEMPORAL_BAYES_V2.1,Preventive attention priority indicator only; not criminal proof.
FC-HIST-01011,9,Vellore,2025-04-12 14:18:14,90_DAY_PREVENTIVE_ATTENTION,HIGH PREVENTIVE ATTENTION,75,INTERSTATE_FREIGHT_DISCREPANCY,NARVEX_TEMPORAL_BAYES_V2.1,Preventive attention priority indicator only; not criminal proof.
FC-HIST-01012,26,Ariyalur,2025-06-22 23:00:50,90_DAY_PREVENTIVE_ATTENTION,HIGH PREVENTIVE ATTENTION,75,CAMPUS_SECTOR_MICRO_CLUSTER,NARVEX_TEMPORAL_BAYES_V2.1,Preventive attention priority indicator only; not criminal proof.
FC-HIST-01013,6,Tirunelveli,2025-05-07 03:41:48,30_DAY_PREVENTIVE_ATTENTION,STABLE,74,INTERSTATE_FREIGHT_DISCREPANCY,NARVEX_TEMPORAL_BAYES_V2.1,Preventive attention priority indicator only; not criminal proof.
FC-HIST-01014,27,Perambalur,2026-01-19 11:23:35,30_DAY_PREVENTIVE_ATTENTION,WATCH,92,HIGHWAY_CHECKPOST_ACCELERATION,NARVEX_TEMPORAL_BAYES_V2.1,Preventive attention priority indicator only; not criminal proof.
FC-HIST-01015,30,Ramanathapuram,2024-09-23 20:43:48,30_DAY_PREVENTIVE_ATTENTION,WATCH,82,CAMPUS_SECTOR_MICRO_CLUSTER,NARVEX_TEMPORAL_BAYES_V2.1,Preventive attention priority indicator only; not criminal proof.
FC-HIST-01016,10,Krishnagiri,2024-11-16 03:03:23,90_DAY_PREVENTIVE_ATTENTION,INCREASING,70,HIGHWAY_CHECKPOST_ACCELERATION,NARVEX_TEMPORAL_BAYES_V2.1,Preventive attention priority indicator only; not criminal proof.
FC-HIST-01017,17,Chengalpattu,2026-02-23 18:16:13,30_DAY_PREVENTIVE_ATTENTION,WATCH,79,INTERSTATE_FREIGHT_DISCREPANCY,NARVEX_TEMPORAL_BAYES_V2.1,Preventive attention priority indicator only; not criminal proof.
FC-HIST-01018,17,Chengalpattu,2025-06-01 06:13:09,90_DAY_PREVENTIVE_ATTENTION,INCREASING,76,HIGHWAY_CHECKPOST_ACCELERATION,NARVEX_TEMPORAL_BAYES_V2.1,Preventive attention priority indicator only; not criminal proof.
FC-HIST-01019,28,Pudukkottai,2025-07-28 19:30:59,90_DAY_PREVENTIVE_ATTENTION,HIGH PREVENTIVE ATTENTION,73,INTERSTATE_FREIGHT_DISCREPANCY,NARVEX_TEMPORAL_BAYES_V2.1,Preventive attention priority indicator only; not criminal proof.
FC-HIST-01020,28,Pudukkottai,2024-11-24 10:49:00,30_DAY_PREVENTIVE_ATTENTION,STABLE,79,INTERSTATE_FREIGHT_DISCREPANCY,NARVEX_TEMPORAL_BAYES_V2.1,Preventive attention priority indicator only; not criminal proof.
FC-HIST-01021,20,Viluppuram,2026-01-24 07:56:46,30_DAY_PREVENTIVE_ATTENTION,INCREASING,69,HIGHWAY_CHECKPOST_ACCELERATION,NARVEX_TEMPORAL_BAYES_V2.1,Preventive attention priority indicator only; not criminal proof.
FC-HIST-01022,11,Dindigul,2026-08-08 16:32:34,30_DAY_PREVENTIVE_ATTENTION,INCREASING,77,HIGHWAY_CHECKPOST_ACCELERATION,NARVEX_TEMPORAL_BAYES_V2.1,Preventive attention priority indicator only; not criminal proof.
FC-HIST-01023,30,Ramanathapuram,2024-12-08 15:38:55,90_DAY_PREVENTIVE_ATTENTION,STABLE,72,HIGHWAY_CHECKPOST_ACCELERATION,NARVEX_TEMPORAL_BAYES_V2.1,Preventive attention priority indicator only; not criminal proof.
FC-HIST-01024,10,Krishnagiri,2025-12-19 15:07:08,90_DAY_PREVENTIVE_ATTENTION,HIGH PREVENTIVE ATTENTION,74,INTERSTATE_FREIGHT_DISCREPANCY,NARVEX_TEMPORAL_BAYES_V2.1,Preventive attention priority indicator only; not criminal proof.
FC-HIST-01025,25,Karur,2026-03-10 15:27:25,30_DAY_PREVENTIVE_ATTENTION,HIGH PREVENTIVE ATTENTION,84,INTERSTATE_FREIGHT_DISCREPANCY,NARVEX_TEMPORAL_BAYES_V2.1,Preventive attention priority indicator only; not criminal proof.
FC-HIST-01026,32,Theni,2025-08-03 03:36:35,30_DAY_PREVENTIVE_ATTENTION,HIGH PREVENTIVE ATTENTION,75,HIGHWAY_CHECKPOST_ACCELERATION,NARVEX_TEMPORAL_BAYES_V2.1,Preventive attention priority indicator only; not criminal proof.
FC-HIST-01027,33,Thiruvarur,2025-08-15 17:19:23,30_DAY_PREVENTIVE_ATTENTION,HIGH PREVENTIVE ATTENTION,89,CAMPUS_SECTOR_MICRO_CLUSTER,NARVEX_TEMPORAL_BAYES_V2.1,Preventive attention priority indicator only; not criminal proof.
FC-HIST-01028,20,Viluppuram,2024-11-26 06:14:04,30_DAY_PREVENTIVE_ATTENTION,STABLE,76,INTERSTATE_FREIGHT_DISCREPANCY,NARVEX_TEMPORAL_BAYES_V2.1,Preventive attention priority indicator only; not criminal proof.
FC-HIST-01029,3,Madurai,2024-10-20 19:22:46,90_DAY_PREVENTIVE_ATTENTION,INCREASING,88,CAMPUS_SECTOR_MICRO_CLUSTER,NARVEX_TEMPORAL_BAYES_V2.1,Preventive attention priority indicator only; not criminal proof.
FC-HIST-01030,9,Vellore,2025-05-17 20:02:44,90_DAY_PREVENTIVE_ATTENTION,WATCH,92,INTERSTATE_FREIGHT_DISCREPANCY,NARVEX_TEMPORAL_BAYES_V2.1,Preventive attention priority indicator only; not criminal proof.
FC-HIST-01031,11,Dindigul,2025-05-01 16:03:10,30_DAY_PREVENTIVE_ATTENTION,HIGH PREVENTIVE ATTENTION,76,CAMPUS_SECTOR_MICRO_CLUSTER,NARVEX_TEMPORAL_BAYES_V2.1,Preventive attention priority indicator only; not criminal proof.
FC-HIST-01032,20,Viluppuram,2025-03-24 01:47:37,90_DAY_PREVENTIVE_ATTENTION,HIGH PREVENTIVE ATTENTION,79,CAMPUS_SECTOR_MICRO_CLUSTER,NARVEX_TEMPORAL_BAYES_V2.1,Preventive attention priority indicator only; not criminal proof.
FC-HIST-01033,24,Nilgiris,2026-01-01 05:04:51,90_DAY_PREVENTIVE_ATTENTION,WATCH,69,INTERSTATE_FREIGHT_DISCREPANCY,NARVEX_TEMPORAL_BAYES_V2.1,Preventive attention priority indicator only; not criminal proof.
FC-HIST-01034,30,Ramanathapuram,2025-02-20 23:53:01,90_DAY_PREVENTIVE_ATTENTION,STABLE,82,CAMPUS_SECTOR_MICRO_CLUSTER,NARVEX_TEMPORAL_BAYES_V2.1,Preventive attention priority indicator only; not criminal proof.
FC-HIST-01035,15,Tenkasi,2026-06-13 04:32:45,90_DAY_PREVENTIVE_ATTENTION,HIGH PREVENTIVE ATTENTION,92,INTERSTATE_FREIGHT_DISCREPANCY,NARVEX_TEMPORAL_BAYES_V2.1,Preventive attention priority indicator only; not criminal proof.
FC-HIST-01036,19,Cuddalore,2025-12-05 06:34:56,90_DAY_PREVENTIVE_ATTENTION,INCREASING,76,HIGHWAY_CHECKPOST_ACCELERATION,NARVEX_TEMPORAL_BAYES_V2.1,Preventive attention priority indicator only; not criminal proof.
FC-HIST-01037,38,Tiruvannamalai,2026-04-08 08:33:21,90_DAY_PREVENTIVE_ATTENTION,WATCH,89,INTERSTATE_FREIGHT_DISCREPANCY,NARVEX_TEMPORAL_BAYES_V2.1,Preventive attention priority indicator only; not criminal proof.
FC-HIST-01038,38,Tiruvannamalai,2024-10-04 11:46:54,90_DAY_PREVENTIVE_ATTENTION,HIGH PREVENTIVE ATTENTION,73,CAMPUS_SECTOR_MICRO_CLUSTER,NARVEX_TEMPORAL_BAYES_V2.1,Preventive attention priority indicator only; not criminal proof.
FC-HIST-01039,28,Pudukkottai,2026-05-22 06:04:04,30_DAY_PREVENTIVE_ATTENTION,HIGH PREVENTIVE ATTENTION,77,INTERSTATE_FREIGHT_DISCREPANCY,NARVEX_TEMPORAL_BAYES_V2.1,Preventive attention priority indicator only; not criminal proof.
FC-HIST-01040,23,Namakkal,2025-10-29 05:57:26,30_DAY_PREVENTIVE_ATTENTION,STABLE,80,INTERSTATE_FREIGHT_DISCREPANCY,NARVEX_TEMPORAL_BAYES_V2.1,Preventive attention priority indicator only; not criminal proof.
FC-HIST-01041,2,Coimbatore,2025-12-10 18:59:35,30_DAY_PREVENTIVE_ATTENTION,WATCH,88,HIGHWAY_CHECKPOST_ACCELERATION,NARVEX_TEMPORAL_BAYES_V2.1,Preventive attention priority indicator only; not criminal proof.
FC-HIST-01042,5,Tiruchirappalli,2025-06-24 10:49:09,30_DAY_PREVENTIVE_ATTENTION,INCREASING,85,HIGHWAY_CHECKPOST_ACCELERATION,NARVEX_TEMPORAL_BAYES_V2.1,Preventive attention priority indicator only; not criminal proof.
FC-HIST-01043,11,Dindigul,2024-09-25 23:40:13,90_DAY_PREVENTIVE_ATTENTION,HIGH PREVENTIVE ATTENTION,87,INTERSTATE_FREIGHT_DISCREPANCY,NARVEX_TEMPORAL_BAYES_V2.1,Preventive attention priority indicator only; not criminal proof.
FC-HIST-01044,7,Tiruppur,2026-07-03 05:11:33,90_DAY_PREVENTIVE_ATTENTION,HIGH PREVENTIVE ATTENTION,73,CAMPUS_SECTOR_MICRO_CLUSTER,NARVEX_TEMPORAL_BAYES_V2.1,Preventive attention priority indicator only; not criminal proof.
FC-HIST-01045,30,Ramanathapuram,2026-03-11 01:55:55,90_DAY_PREVENTIVE_ATTENTION,INCREASING,73,CAMPUS_SECTOR_MICRO_CLUSTER,NARVEX_TEMPORAL_BAYES_V2.1,Preventive attention priority indicator only; not criminal proof.
FC-HIST-01046,1,Chennai,2025-01-03 05:28:11,30_DAY_PREVENTIVE_ATTENTION,INCREASING,91,CAMPUS_SECTOR_MICRO_CLUSTER,NARVEX_TEMPORAL_BAYES_V2.1,Preventive attention priority indicator only; not criminal proof.
FC-HIST-01047,34,Nagapattinam,2025-02-14 09:18:21,90_DAY_PREVENTIVE_ATTENTION,INCREASING,91,CAMPUS_SECTOR_MICRO_CLUSTER,NARVEX_TEMPORAL_BAYES_V2.1,Preventive attention priority indicator only; not criminal proof.
FC-HIST-01048,26,Ariyalur,2025-03-22 02:19:41,30_DAY_PREVENTIVE_ATTENTION,WATCH,91,HIGHWAY_CHECKPOST_ACCELERATION,NARVEX_TEMPORAL_BAYES_V2.1,Preventive attention priority indicator only; not criminal proof.
FC-HIST-01049,4,Salem,2025-07-25 07:21:18,30_DAY_PREVENTIVE_ATTENTION,WATCH,87,INTERSTATE_FREIGHT_DISCREPANCY,NARVEX_TEMPORAL_BAYES_V2.1,Preventive attention priority indicator only; not criminal proof.
FC-HIST-01050,28,Pudukkottai,2025-04-17 23:45:37,30_DAY_PREVENTIVE_ATTENTION,STABLE,79,HIGHWAY_CHECKPOST_ACCELERATION,NARVEX_TEMPORAL_BAYES_V2.1,Preventive attention priority indicator only; not criminal proof.
FC-HIST-01051,13,Thoothukudi,2025-12-31 15:17:04,30_DAY_PREVENTIVE_ATTENTION,INCREASING,85,HIGHWAY_CHECKPOST_ACCELERATION,NARVEX_TEMPORAL_BAYES_V2.1,Preventive attention priority indicator only; not criminal proof.
FC-HIST-01052,11,Dindigul,2025-08-12 10:15:19,90_DAY_PREVENTIVE_ATTENTION,WATCH,80,CAMPUS_SECTOR_MICRO_CLUSTER,NARVEX_TEMPORAL_BAYES_V2.1,Preventive attention priority indicator only; not criminal proof.
FC-HIST-01053,37,Tirupathur,2025-11-01 22:57:35,90_DAY_PREVENTIVE_ATTENTION,STABLE,85,INTERSTATE_FREIGHT_DISCREPANCY,NARVEX_TEMPORAL_BAYES_V2.1,Preventive attention priority indicator only; not criminal proof.
FC-HIST-01054,38,Tiruvannamalai,2025-04-08 04:31:00,30_DAY_PREVENTIVE_ATTENTION,STABLE,79,INTERSTATE_FREIGHT_DISCREPANCY,NARVEX_TEMPORAL_BAYES_V2.1,Preventive attention priority indicator only; not criminal proof.
FC-HIST-01055,10,Krishnagiri,2024-10-06 21:58:27,30_DAY_PREVENTIVE_ATTENTION,WATCH,91,INTERSTATE_FREIGHT_DISCREPANCY,NARVEX_TEMPORAL_BAYES_V2.1,Preventive attention priority indicator only; not criminal proof.
FC-HIST-01056,23,Namakkal,2026-02-20 14:12:42,30_DAY_PREVENTIVE_ATTENTION,WATCH,83,CAMPUS_SECTOR_MICRO_CLUSTER,NARVEX_TEMPORAL_BAYES_V2.1,Preventive attention priority indicator only; not criminal proof.
FC-HIST-01057,26,Ariyalur,2024-10-14 21:11:30,90_DAY_PREVENTIVE_ATTENTION,INCREASING,72,CAMPUS_SECTOR_MICRO_CLUSTER,NARVEX_TEMPORAL_BAYES_V2.1,Preventive attention priority indicator only; not criminal proof.
FC-HIST-01058,15,Tenkasi,2025-11-07 16:23:30,90_DAY_PREVENTIVE_ATTENTION,WATCH,82,CAMPUS_SECTOR_MICRO_CLUSTER,NARVEX_TEMPORAL_BAYES_V2.1,Preventive attention priority indicator only; not criminal proof.
FC-HIST-01059,14,Kanniyakumari,2025-03-25 11:45:27,90_DAY_PREVENTIVE_ATTENTION,HIGH PREVENTIVE ATTENTION,78,CAMPUS_SECTOR_MICRO_CLUSTER,NARVEX_TEMPORAL_BAYES_V2.1,Preventive attention priority indicator only; not criminal proof.
FC-HIST-01060,4,Salem,2024-12-16 02:38:51,30_DAY_PREVENTIVE_ATTENTION,STABLE,73,CAMPUS_SECTOR_MICRO_CLUSTER,NARVEX_TEMPORAL_BAYES_V2.1,Preventive attention priority indicator only; not criminal proof.
FC-HIST-01061,14,Kanniyakumari,2025-07-14 02:37:40,30_DAY_PREVENTIVE_ATTENTION,INCREASING,69,HIGHWAY_CHECKPOST_ACCELERATION,NARVEX_TEMPORAL_BAYES_V2.1,Preventive attention priority indicator only; not criminal proof.
FC-HIST-01062,11,Dindigul,2025-04-18 05:19:01,30_DAY_PREVENTIVE_ATTENTION,STABLE,77,HIGHWAY_CHECKPOST_ACCELERATION,NARVEX_TEMPORAL_BAYES_V2.1,Preventive attention priority indicator only; not criminal proof.
FC-HIST-01063,37,Tirupathur,2025-08-12 17:41:25,30_DAY_PREVENTIVE_ATTENTION,INCREASING,90,CAMPUS_SECTOR_MICRO_CLUSTER,NARVEX_TEMPORAL_BAYES_V2.1,Preventive attention priority indicator only; not criminal proof.
FC-HIST-01064,26,Ariyalur,2026-06-10 11:39:05,90_DAY_PREVENTIVE_ATTENTION,HIGH PREVENTIVE ATTENTION,77,HIGHWAY_CHECKPOST_ACCELERATION,NARVEX_TEMPORAL_BAYES_V2.1,Preventive attention priority indicator only; not criminal proof.
FC-HIST-01065,34,Nagapattinam,2024-10-07 18:24:18,30_DAY_PREVENTIVE_ATTENTION,WATCH,85,INTERSTATE_FREIGHT_DISCREPANCY,NARVEX_TEMPORAL_BAYES_V2.1,Preventive attention priority indicator only; not criminal proof.
FC-HIST-01066,8,Erode,2025-12-15 13:13:24,90_DAY_PREVENTIVE_ATTENTION,INCREASING,74,CAMPUS_SECTOR_MICRO_CLUSTER,NARVEX_TEMPORAL_BAYES_V2.1,Preventive attention priority indicator only; not criminal proof.
FC-HIST-01067,7,Tiruppur,2025-07-12 12:31:13,90_DAY_PREVENTIVE_ATTENTION,WATCH,88,INTERSTATE_FREIGHT_DISCREPANCY,NARVEX_TEMPORAL_BAYES_V2.1,Preventive attention priority indicator only; not criminal proof.
FC-HIST-01068,25,Karur,2026-01-10 13:53:47,30_DAY_PREVENTIVE_ATTENTION,HIGH PREVENTIVE ATTENTION,82,CAMPUS_SECTOR_MICRO_CLUSTER,NARVEX_TEMPORAL_BAYES_V2.1,Preventive attention priority indicator only; not criminal proof.
FC-HIST-01069,27,Perambalur,2024-11-07 18:14:02,30_DAY_PREVENTIVE_ATTENTION,INCREASING,92,INTERSTATE_FREIGHT_DISCREPANCY,NARVEX_TEMPORAL_BAYES_V2.1,Preventive attention priority indicator only; not criminal proof.
FC-HIST-01070,34,Nagapattinam,2025-12-30 21:54:00,30_DAY_PREVENTIVE_ATTENTION,INCREASING,69,HIGHWAY_CHECKPOST_ACCELERATION,NARVEX_TEMPORAL_BAYES_V2.1,Preventive attention priority indicator only; not criminal proof.
FC-HIST-01071,13,Thoothukudi,2025-04-12 06:38:21,30_DAY_PREVENTIVE_ATTENTION,STABLE,88,INTERSTATE_FREIGHT_DISCREPANCY,NARVEX_TEMPORAL_BAYES_V2.1,Preventive attention priority indicator only; not criminal proof.
FC-HIST-01072,35,Mayiladuthurai,2026-06-19 12:40:32,30_DAY_PREVENTIVE_ATTENTION,HIGH PREVENTIVE ATTENTION,70,INTERSTATE_FREIGHT_DISCREPANCY,NARVEX_TEMPORAL_BAYES_V2.1,Preventive attention priority indicator only; not criminal proof.
FC-HIST-01073,14,Kanniyakumari,2025-07-12 08:00:24,30_DAY_PREVENTIVE_ATTENTION,WATCH,76,HIGHWAY_CHECKPOST_ACCELERATION,NARVEX_TEMPORAL_BAYES_V2.1,Preventive attention priority indicator only; not criminal proof.
FC-HIST-01074,2,Coimbatore,2025-07-13 17:56:49,90_DAY_PREVENTIVE_ATTENTION,INCREASING,72,CAMPUS_SECTOR_MICRO_CLUSTER,NARVEX_TEMPORAL_BAYES_V2.1,Preventive attention priority indicator only; not criminal proof.
FC-HIST-01075,32,Theni,2026-08-14 07:52:18,90_DAY_PREVENTIVE_ATTENTION,STABLE,75,INTERSTATE_FREIGHT_DISCREPANCY,NARVEX_TEMPORAL_BAYES_V2.1,Preventive attention priority indicator only; not criminal proof.
FC-HIST-01076,2,Coimbatore,2026-05-19 08:24:40,30_DAY_PREVENTIVE_ATTENTION,INCREASING,92,CAMPUS_SECTOR_MICRO_CLUSTER,NARVEX_TEMPORAL_BAYES_V2.1,Preventive attention priority indicator only; not criminal proof.
FC-HIST-01077,15,Tenkasi,2026-05-18 19:32:10,90_DAY_PREVENTIVE_ATTENTION,INCREASING,77,CAMPUS_SECTOR_MICRO_CLUSTER,NARVEX_TEMPORAL_BAYES_V2.1,Preventive attention priority indicator only; not criminal proof.
FC-HIST-01078,33,Thiruvarur,2025-10-14 16:02:04,90_DAY_PREVENTIVE_ATTENTION,HIGH PREVENTIVE ATTENTION,84,CAMPUS_SECTOR_MICRO_CLUSTER,NARVEX_TEMPORAL_BAYES_V2.1,Preventive attention priority indicator only; not criminal proof.
FC-HIST-01079,5,Tiruchirappalli,2025-09-28 00:54:03,30_DAY_PREVENTIVE_ATTENTION,WATCH,91,HIGHWAY_CHECKPOST_ACCELERATION,NARVEX_TEMPORAL_BAYES_V2.1,Preventive attention priority indicator only; not criminal proof.
FC-HIST-01080,37,Tirupathur,2026-01-09 01:53:40,90_DAY_PREVENTIVE_ATTENTION,HIGH PREVENTIVE ATTENTION,78,CAMPUS_SECTOR_MICRO_CLUSTER,NARVEX_TEMPORAL_BAYES_V2.1,Preventive attention priority indicator only; not criminal proof.
FC-HIST-01081,28,Pudukkottai,2026-05-12 05:07:06,30_DAY_PREVENTIVE_ATTENTION,HIGH PREVENTIVE ATTENTION,83,CAMPUS_SECTOR_MICRO_CLUSTER,NARVEX_TEMPORAL_BAYES_V2.1,Preventive attention priority indicator only; not criminal proof.
FC-HIST-01082,30,Ramanathapuram,2025-04-03 19:47:49,30_DAY_PREVENTIVE_ATTENTION,INCREASING,69,CAMPUS_SECTOR_MICRO_CLUSTER,NARVEX_TEMPORAL_BAYES_V2.1,Preventive attention priority indicator only; not criminal proof.
FC-HIST-01083,26,Ariyalur,2026-02-03 08:47:36,90_DAY_PREVENTIVE_ATTENTION,INCREASING,92,CAMPUS_SECTOR_MICRO_CLUSTER,NARVEX_TEMPORAL_BAYES_V2.1,Preventive attention priority indicator only; not criminal proof.
FC-HIST-01084,37,Tirupathur,2025-03-05 04:49:16,30_DAY_PREVENTIVE_ATTENTION,STABLE,69,HIGHWAY_CHECKPOST_ACCELERATION,NARVEX_TEMPORAL_BAYES_V2.1,Preventive attention priority indicator only; not criminal proof.
FC-HIST-01085,34,Nagapattinam,2026-08-05 07:19:32,90_DAY_PREVENTIVE_ATTENTION,STABLE,72,CAMPUS_SECTOR_MICRO_CLUSTER,NARVEX_TEMPORAL_BAYES_V2.1,Preventive attention priority indicator only; not criminal proof.
FC-HIST-01086,27,Perambalur,2026-06-13 11:31:03,90_DAY_PREVENTIVE_ATTENTION,STABLE,71,HIGHWAY_CHECKPOST_ACCELERATION,NARVEX_TEMPORAL_BAYES_V2.1,Preventive attention priority indicator only; not criminal proof.
FC-HIST-01087,16,Kancheepuram,2025-02-14 03:29:09,90_DAY_PREVENTIVE_ATTENTION,STABLE,77,INTERSTATE_FREIGHT_DISCREPANCY,NARVEX_TEMPORAL_BAYES_V2.1,Preventive attention priority indicator only; not criminal proof.
FC-HIST-01088,5,Tiruchirappalli,2025-11-29 10:08:18,90_DAY_PREVENTIVE_ATTENTION,INCREASING,92,CAMPUS_SECTOR_MICRO_CLUSTER,NARVEX_TEMPORAL_BAYES_V2.1,Preventive attention priority indicator only; not criminal proof.
FC-HIST-01089,14,Kanniyakumari,2025-08-30 13:55:03,30_DAY_PREVENTIVE_ATTENTION,HIGH PREVENTIVE ATTENTION,86,HIGHWAY_CHECKPOST_ACCELERATION,NARVEX_TEMPORAL_BAYES_V2.1,Preventive attention priority indicator only; not criminal proof.
FC-HIST-01090,4,Salem,2025-08-12 07:57:12,30_DAY_PREVENTIVE_ATTENTION,WATCH,71,INTERSTATE_FREIGHT_DISCREPANCY,NARVEX_TEMPORAL_BAYES_V2.1,Preventive attention priority indicator only; not criminal proof.
FC-HIST-01091,24,Nilgiris,2025-03-29 10:49:08,30_DAY_PREVENTIVE_ATTENTION,STABLE,68,INTERSTATE_FREIGHT_DISCREPANCY,NARVEX_TEMPORAL_BAYES_V2.1,Preventive attention priority indicator only; not criminal proof.
FC-HIST-01092,26,Ariyalur,2025-03-01 13:49:55,30_DAY_PREVENTIVE_ATTENTION,STABLE,78,HIGHWAY_CHECKPOST_ACCELERATION,NARVEX_TEMPORAL_BAYES_V2.1,Preventive attention priority indicator only; not criminal proof.
FC-HIST-01093,17,Chengalpattu,2025-01-22 12:23:19,30_DAY_PREVENTIVE_ATTENTION,HIGH PREVENTIVE ATTENTION,70,INTERSTATE_FREIGHT_DISCREPANCY,NARVEX_TEMPORAL_BAYES_V2.1,Preventive attention priority indicator only; not criminal proof.
FC-HIST-01094,27,Perambalur,2025-12-25 03:33:24,90_DAY_PREVENTIVE_ATTENTION,HIGH PREVENTIVE ATTENTION,85,HIGHWAY_CHECKPOST_ACCELERATION,NARVEX_TEMPORAL_BAYES_V2.1,Preventive attention priority indicator only; not criminal proof.
FC-HIST-01095,24,Nilgiris,2025-12-08 14:17:55,30_DAY_PREVENTIVE_ATTENTION,WATCH,81,INTERSTATE_FREIGHT_DISCREPANCY,NARVEX_TEMPORAL_BAYES_V2.1,Preventive attention priority indicator only; not criminal proof.
FC-HIST-01096,2,Coimbatore,2025-02-05 07:16:19,30_DAY_PREVENTIVE_ATTENTION,STABLE,73,HIGHWAY_CHECKPOST_ACCELERATION,NARVEX_TEMPORAL_BAYES_V2.1,Preventive attention priority indicator only; not criminal proof.
FC-HIST-01097,21,Kallakurichi,2025-03-19 20:30:13,90_DAY_PREVENTIVE_ATTENTION,STABLE,81,INTERSTATE_FREIGHT_DISCREPANCY,NARVEX_TEMPORAL_BAYES_V2.1,Preventive attention priority indicator only; not criminal proof.
FC-HIST-01098,25,Karur,2025-10-14 19:20:58,30_DAY_PREVENTIVE_ATTENTION,WATCH,79,CAMPUS_SECTOR_MICRO_CLUSTER,NARVEX_TEMPORAL_BAYES_V2.1,Preventive attention priority indicator only; not criminal proof.
FC-HIST-01099,9,Vellore,2026-01-20 01:55:19,90_DAY_PREVENTIVE_ATTENTION,INCREASING,88,HIGHWAY_CHECKPOST_ACCELERATION,NARVEX_TEMPORAL_BAYES_V2.1,Preventive attention priority indicator only; not criminal proof.
FC-HIST-01100,6,Tirunelveli,2025-03-07 19:03:09,90_DAY_PREVENTIVE_ATTENTION,WATCH,70,INTERSTATE_FREIGHT_DISCREPANCY,NARVEX_TEMPORAL_BAYES_V2.1,Preventive attention priority indicator only; not criminal proof.