ticket_id,associated_alert_id,district_id,district_name,assigned_officer_id,created_at,action_type,ticket_status,priority
TCK-2026-00001,ALT-2026-00426,28,Pudukkottai,OFFICER-TN-166,2025-09-06 16:44:59,IMMEDIATE_PATROL_DISPATCH,CLOSED,HIGH
TCK-2026-00002,ALT-2026-00450,2,Coimbatore,OFFICER-TN-146,2026-03-03 20:58:48,INTER_AGENCY_COORDINATION,OPEN,HIGH
TCK-2026-00003,ALT-2026-00859,38,Tiruvannamalai,OFFICER-TN-138,2026-04-15 08:55:02,CHECKPOST_ENHANCED_SURVEILLANCE,IN_PROGRESS,MEDIUM
TCK-2026-00004,ALT-2026-00789,6,Tirunelveli,OFFICER-TN-173,2026-06-26 19:58:07,INTER_AGENCY_COORDINATION,ACTION_COMPLETED,HIGH
TCK-2026-00005,ALT-2026-00118,13,Thoothukudi,OFFICER-TN-195,2025-12-11 16:15:44,IMMEDIATE_PATROL_DISPATCH,CLOSED,HIGH
TCK-2026-00006,ALT-2026-00453,11,Dindigul,OFFICER-TN-180,2026-01-12 19:21:28,CHECKPOST_ENHANCED_SURVEILLANCE,OPEN,MEDIUM
TCK-2026-00007,ALT-2026-00207,16,Kancheepuram,OFFICER-TN-148,2025-12-05 10:19:14,HUMAN_INTELLIGENCE_INSPECTION,IN_PROGRESS,MEDIUM
TCK-2026-00008,ALT-2026-00646,8,Erode,OFFICER-TN-197,2025-09-01 12:04:10,INTER_AGENCY_COORDINATION,CLOSED,LOW
TCK-2026-00009,ALT-2026-00305,3,Madurai,OFFICER-TN-182,2025-06-17 03:20:13,HUMAN_INTELLIGENCE_INSPECTION,ACTION_COMPLETED,HIGH
TCK-2026-00010,ALT-2026-00310,23,Namakkal,OFFICER-TN-124,2025-12-16 06:44:40,CHECKPOST_ENHANCED_SURVEILLANCE,ESCALATED,HIGH
TCK-2026-00011,ALT-2026-00286,28,Pudukkottai,OFFICER-TN-191,2026-02-08 12:27:59,HUMAN_INTELLIGENCE_INSPECTION,CLOSED,HIGH
TCK-2026-00012,ALT-2026-00419,21,Kallakurichi,OFFICER-TN-112,2025-05-28 15:39:56,INTER_AGENCY_COORDINATION,ACTION_COMPLETED,LOW
TCK-2026-00013,ALT-2026-00553,37,Tirupathur,OFFICER-TN-147,2025-11-25 16:01:23,IMMEDIATE_PATROL_DISPATCH,ACTION_COMPLETED,HIGH
TCK-2026-00014,ALT-2026-00697,34,Nagapattinam,OFFICER-TN-147,2025-02-06 12:59:33,INTER_AGENCY_COORDINATION,ACTION_COMPLETED,LOW
TCK-2026-00015,ALT-2026-00565,23,Namakkal,OFFICER-TN-151,2025-11-06 10:36:20,HUMAN_INTELLIGENCE_INSPECTION,ACTION_COMPLETED,LOW
TCK-2026-00016,ALT-2026-00012,33,Thiruvarur,OFFICER-TN-119,2025-07-02 17:33:16,HUMAN_INTELLIGENCE_INSPECTION,ACTION_COMPLETED,LOW
TCK-2026-00017,ALT-2026-00818,14,Kanniyakumari,OFFICER-TN-133,2025-12-07 02:20:27,HUMAN_INTELLIGENCE_INSPECTION,IN_PROGRESS,LOW
TCK-2026-00018,ALT-2026-00853,2,Coimbatore,OFFICER-TN-113,2025-05-08 13:35:52,INTER_AGENCY_COORDINATION,IN_PROGRESS,HIGH
TCK-2026-00019,ALT-2026-00962,37,Tirupathur,OFFICER-TN-175,2025-06-10 15:02:08,HUMAN_INTELLIGENCE_INSPECTION,CLOSED,MEDIUM
TCK-2026-00020,ALT-2026-01043,14,Kanniyakumari,OFFICER-TN-194,2025-07-03 17:52:49,CHECKPOST_ENHANCED_SURVEILLANCE,ESCALATED,LOW
TCK-2026-00021,ALT-2026-00792,20,Viluppuram,OFFICER-TN-161,2025-10-11 12:25:11,HUMAN_INTELLIGENCE_INSPECTION,CLOSED,MEDIUM
TCK-2026-00022,ALT-2026-00392,22,Dharmapuri,OFFICER-TN-167,2026-03-26 22:10:35,IMMEDIATE_PATROL_DISPATCH,ACTION_COMPLETED,MEDIUM
TCK-2026-00023,ALT-2026-00050,27,Perambalur,OFFICER-TN-188,2026-08-01 22:52:52,HUMAN_INTELLIGENCE_INSPECTION,CLOSED,LOW
TCK-2026-00024,ALT-2026-00305,25,Karur,OFFICER-TN-191,2025-03-20 12:01:37,CHECKPOST_ENHANCED_SURVEILLANCE,ACTION_COMPLETED,HIGH
TCK-2026-00025,ALT-2026-00952,27,Perambalur,OFFICER-TN-126,2025-08-04 03:10:49,HUMAN_INTELLIGENCE_INSPECTION,ESCALATED,HIGH
TCK-2026-00026,ALT-2026-00893,3,Madurai,OFFICER-TN-105,2025-01-12 01:28:26,HUMAN_INTELLIGENCE_INSPECTION,ACTION_COMPLETED,MEDIUM
TCK-2026-00027,ALT-2026-00056,12,Thanjavur,OFFICER-TN-167,2026-08-02 15:35:02,INTER_AGENCY_COORDINATION,ACTION_COMPLETED,LOW
TCK-2026-00028,ALT-2026-00708,25,Karur,OFFICER-TN-131,2025-04-02 00:33:54,INTER_AGENCY_COORDINATION,ACTION_COMPLETED,MEDIUM
TCK-2026-00029,ALT-2026-01012,38,Tiruvannamalai,OFFICER-TN-186,2025-08-18 02:26:10,HUMAN_INTELLIGENCE_INSPECTION,ESCALATED,HIGH
TCK-2026-00030,ALT-2026-00047,22,Dharmapuri,OFFICER-TN-195,2025-12-25 13:34:31,CHECKPOST_ENHANCED_SURVEILLANCE,OPEN,HIGH
TCK-2026-00031,ALT-2026-00436,14,Kanniyakumari,OFFICER-TN-126,2026-04-19 10:23:35,HUMAN_INTELLIGENCE_INSPECTION,IN_PROGRESS,HIGH
TCK-2026-00032,ALT-2026-00446,27,Perambalur,OFFICER-TN-125,2025-04-12 05:55:09,CHECKPOST_ENHANCED_SURVEILLANCE,OPEN,MEDIUM
TCK-2026-00033,ALT-2026-00519,1,Chennai,OFFICER-TN-117,2025-07-21 10:22:00,INTER_AGENCY_COORDINATION,IN_PROGRESS,MEDIUM
TCK-2026-00034,ALT-2026-00869,20,Viluppuram,OFFICER-TN-162,2025-10-26 21:57:10,INTER_AGENCY_COORDINATION,OPEN,LOW
TCK-2026-00035,ALT-2026-00103,19,Cuddalore,OFFICER-TN-173,2025-06-27 23:10:50,IMMEDIATE_PATROL_DISPATCH,ESCALATED,MEDIUM
TCK-2026-00036,ALT-2026-00322,1,Chennai,OFFICER-TN-124,2025-02-07 06:57:24,IMMEDIATE_PATROL_DISPATCH,CLOSED,HIGH
TCK-2026-00037,ALT-2026-00624,38,Tiruvannamalai,OFFICER-TN-160,2025-05-27 21:09:11,IMMEDIATE_PATROL_DISPATCH,CLOSED,MEDIUM
TCK-2026-00038,ALT-2026-00658,36,Ranipet,OFFICER-TN-125,2025-11-09 06:18:45,HUMAN_INTELLIGENCE_INSPECTION,ACTION_COMPLETED,HIGH
TCK-2026-00039,ALT-2026-00888,17,Chengalpattu,OFFICER-TN-196,2025-05-21 23:59:14,HUMAN_INTELLIGENCE_INSPECTION,CLOSED,HIGH
TCK-2026-00040,ALT-2026-00307,32,Theni,OFFICER-TN-156,2025-08-09 19:44:25,INTER_AGENCY_COORDINATION,OPEN,LOW
TCK-2026-00041,ALT-2026-00848,4,Salem,OFFICER-TN-153,2025-06-17 14:31:31,INTER_AGENCY_COORDINATION,ESCALATED,HIGH
TCK-2026-00042,ALT-2026-00795,7,Tiruppur,OFFICER-TN-196,2025-04-13 13:23:26,IMMEDIATE_PATROL_DISPATCH,CLOSED,LOW
TCK-2026-00043,ALT-2026-00662,38,Tiruvannamalai,OFFICER-TN-163,2025-01-21 06:58:44,IMMEDIATE_PATROL_DISPATCH,ESCALATED,LOW
TCK-2026-00044,ALT-2026-00427,20,Viluppuram,OFFICER-TN-111,2025-01-10 15:28:22,HUMAN_INTELLIGENCE_INSPECTION,IN_PROGRESS,MEDIUM
TCK-2026-00045,ALT-2026-00950,36,Ranipet,OFFICER-TN-181,2025-11-28 06:14:54,HUMAN_INTELLIGENCE_INSPECTION,CLOSED,MEDIUM
TCK-2026-00046,ALT-2026-00651,24,Nilgiris,OFFICER-TN-141,2025-05-08 23:32:47,CHECKPOST_ENHANCED_SURVEILLANCE,ACTION_COMPLETED,LOW
TCK-2026-00047,ALT-2026-00738,25,Karur,OFFICER-TN-111,2025-07-03 11:30:10,CHECKPOST_ENHANCED_SURVEILLANCE,OPEN,HIGH
TCK-2026-00048,ALT-2026-00188,2,Coimbatore,OFFICER-TN-151,2026-05-11 06:01:53,CHECKPOST_ENHANCED_SURVEILLANCE,ESCALATED,HIGH
TCK-2026-00049,ALT-2026-00520,13,Thoothukudi,OFFICER-TN-102,2025-01-18 03:23:40,IMMEDIATE_PATROL_DISPATCH,ACTION_COMPLETED,HIGH
TCK-2026-00050,ALT-2026-00052,27,Perambalur,OFFICER-TN-142,2025-08-18 03:21:56,INTER_AGENCY_COORDINATION,IN_PROGRESS,LOW
TCK-2026-00051,ALT-2026-00671,27,Perambalur,OFFICER-TN-149,2025-12-17 19:23:18,HUMAN_INTELLIGENCE_INSPECTION,ACTION_COMPLETED,LOW
TCK-2026-00052,ALT-2026-00338,13,Thoothukudi,OFFICER-TN-172,2025-03-18 23:22:29,IMMEDIATE_PATROL_DISPATCH,IN_PROGRESS,MEDIUM
TCK-2026-00053,ALT-2026-01035,13,Thoothukudi,OFFICER-TN-198,2025-03-06 02:34:52,IMMEDIATE_PATROL_DISPATCH,OPEN,HIGH
TCK-2026-00054,ALT-2026-00022,13,Thoothukudi,OFFICER-TN-142,2025-01-25 14:39:53,INTER_AGENCY_COORDINATION,CLOSED,LOW
TCK-2026-00055,ALT-2026-00106,1,Chennai,OFFICER-TN-145,2026-03-05 13:20:45,INTER_AGENCY_COORDINATION,ACTION_COMPLETED,MEDIUM
TCK-2026-00056,ALT-2026-00656,37,Tirupathur,OFFICER-TN-120,2025-06-03 00:57:14,CHECKPOST_ENHANCED_SURVEILLANCE,ACTION_COMPLETED,MEDIUM
TCK-2026-00057,ALT-2026-00699,13,Thoothukudi,OFFICER-TN-167,2026-04-05 03:29:03,IMMEDIATE_PATROL_DISPATCH,IN_PROGRESS,LOW
TCK-2026-00058,ALT-2026-00711,31,Virudhunagar,OFFICER-TN-168,2025-08-13 17:46:29,IMMEDIATE_PATROL_DISPATCH,ESCALATED,MEDIUM
TCK-2026-00059,ALT-2026-00694,12,Thanjavur,OFFICER-TN-183,2026-03-25 21:51:57,IMMEDIATE_PATROL_DISPATCH,OPEN,HIGH
TCK-2026-00060,ALT-2026-00607,13,Thoothukudi,OFFICER-TN-127,2025-05-30 18:42:49,INTER_AGENCY_COORDINATION,ESCALATED,LOW
TCK-2026-00061,ALT-2026-00139,27,Perambalur,OFFICER-TN-108,2025-07-07 17:05:02,IMMEDIATE_PATROL_DISPATCH,ACTION_COMPLETED,LOW
TCK-2026-00062,ALT-2026-00039,33,Thiruvarur,OFFICER-TN-147,2025-06-10 12:14:10,IMMEDIATE_PATROL_DISPATCH,ACTION_COMPLETED,MEDIUM
TCK-2026-00063,ALT-2026-00629,23,Namakkal,OFFICER-TN-121,2026-06-03 05:07:50,IMMEDIATE_PATROL_DISPATCH,CLOSED,HIGH
TCK-2026-00064,ALT-2026-00532,12,Thanjavur,OFFICER-TN-123,2026-02-26 14:30:42,INTER_AGENCY_COORDINATION,CLOSED,HIGH
TCK-2026-00065,ALT-2026-00181,20,Viluppuram,OFFICER-TN-136,2026-01-09 07:41:13,IMMEDIATE_PATROL_DISPATCH,OPEN,MEDIUM
TCK-2026-00066,ALT-2026-00818,26,Ariyalur,OFFICER-TN-179,2025-07-06 09:59:24,INTER_AGENCY_COORDINATION,CLOSED,HIGH
TCK-2026-00067,ALT-2026-00949,5,Tiruchirappalli,OFFICER-TN-152,2025-03-16 13:21:22,INTER_AGENCY_COORDINATION,ESCALATED,MEDIUM
TCK-2026-00068,ALT-2026-00472,36,Ranipet,OFFICER-TN-134,2025-10-28 21:26:23,IMMEDIATE_PATROL_DISPATCH,OPEN,MEDIUM
TCK-2026-00069,ALT-2026-00631,38,Tiruvannamalai,OFFICER-TN-190,2025-10-28 03:57:34,INTER_AGENCY_COORDINATION,IN_PROGRESS,HIGH
TCK-2026-00070,ALT-2026-00453,6,Tirunelveli,OFFICER-TN-143,2025-05-11 23:29:29,INTER_AGENCY_COORDINATION,CLOSED,LOW
TCK-2026-00071,ALT-2026-00445,31,Virudhunagar,OFFICER-TN-138,2026-01-09 12:11:54,HUMAN_INTELLIGENCE_INSPECTION,ACTION_COMPLETED,HIGH
TCK-2026-00072,ALT-2026-00440,4,Salem,OFFICER-TN-175,2025-07-25 16:20:17,CHECKPOST_ENHANCED_SURVEILLANCE,IN_PROGRESS,HIGH
TCK-2026-00073,ALT-2026-00370,6,Tirunelveli,OFFICER-TN-120,2026-02-09 07:29:42,HUMAN_INTELLIGENCE_INSPECTION,OPEN,LOW
TCK-2026-00074,ALT-2026-00312,6,Tirunelveli,OFFICER-TN-183,2025-01-07 19:34:13,INTER_AGENCY_COORDINATION,OPEN,MEDIUM
TCK-2026-00075,ALT-2026-00165,12,Thanjavur,OFFICER-TN-145,2025-06-06 05:01:29,HUMAN_INTELLIGENCE_INSPECTION,OPEN,HIGH
TCK-2026-00076,ALT-2026-00852,2,Coimbatore,OFFICER-TN-142,2025-01-11 20:09:37,INTER_AGENCY_COORDINATION,OPEN,MEDIUM
TCK-2026-00077,ALT-2026-00995,8,Erode,OFFICER-TN-125,2025-06-22 11:01:21,HUMAN_INTELLIGENCE_INSPECTION,CLOSED,HIGH
TCK-2026-00078,ALT-2026-00852,15,Tenkasi,OFFICER-TN-177,2025-09-10 12:23:12,HUMAN_INTELLIGENCE_INSPECTION,ESCALATED,MEDIUM
TCK-2026-00079,ALT-2026-00568,21,Kallakurichi,OFFICER-TN-186,2025-11-14 09:01:48,INTER_AGENCY_COORDINATION,IN_PROGRESS,LOW
TCK-2026-00080,ALT-2026-00395,33,Thiruvarur,OFFICER-TN-174,2025-12-05 21:04:14,IMMEDIATE_PATROL_DISPATCH,ACTION_COMPLETED,LOW
TCK-2026-00081,ALT-2026-00360,30,Ramanathapuram,OFFICER-TN-161,2025-03-05 08:03:50,INTER_AGENCY_COORDINATION,ACTION_COMPLETED,HIGH
TCK-2026-00082,ALT-2026-00377,23,Namakkal,OFFICER-TN-190,2026-04-29 13:22:13,INTER_AGENCY_COORDINATION,OPEN,MEDIUM
TCK-2026-00083,ALT-2026-00117,32,Theni,OFFICER-TN-156,2026-04-15 18:36:01,HUMAN_INTELLIGENCE_INSPECTION,ESCALATED,MEDIUM
TCK-2026-00084,ALT-2026-00983,4,Salem,OFFICER-TN-116,2025-09-12 22:19:09,IMMEDIATE_PATROL_DISPATCH,ACTION_COMPLETED,MEDIUM
TCK-2026-00085,ALT-2026-00660,26,Ariyalur,OFFICER-TN-108,2026-01-03 19:31:07,IMMEDIATE_PATROL_DISPATCH,ESCALATED,HIGH
TCK-2026-00086,ALT-2026-00650,18,Tiruvallur,OFFICER-TN-168,2026-08-15 20:48:16,HUMAN_INTELLIGENCE_INSPECTION,IN_PROGRESS,LOW
TCK-2026-00087,ALT-2026-00716,30,Ramanathapuram,OFFICER-TN-166,2025-03-07 19:03:48,IMMEDIATE_PATROL_DISPATCH,IN_PROGRESS,MEDIUM
TCK-2026-00088,ALT-2026-00473,8,Erode,OFFICER-TN-184,2025-04-07 12:28:09,INTER_AGENCY_COORDINATION,IN_PROGRESS,HIGH
TCK-2026-00089,ALT-2026-00286,18,Tiruvallur,OFFICER-TN-169,2026-04-02 03:06:44,INTER_AGENCY_COORDINATION,ACTION_COMPLETED,LOW
TCK-2026-00090,ALT-2026-00793,30,Ramanathapuram,OFFICER-TN-199,2025-09-09 22:58:41,INTER_AGENCY_COORDINATION,CLOSED,MEDIUM
TCK-2026-00091,ALT-2026-00862,14,Kanniyakumari,OFFICER-TN-133,2026-08-06 03:54:22,INTER_AGENCY_COORDINATION,ESCALATED,HIGH
TCK-2026-00092,ALT-2026-00013,23,Namakkal,OFFICER-TN-140,2025-05-25 13:45:25,CHECKPOST_ENHANCED_SURVEILLANCE,ESCALATED,HIGH
TCK-2026-00093,ALT-2026-00081,12,Thanjavur,OFFICER-TN-194,2026-06-24 10:07:12,INTER_AGENCY_COORDINATION,CLOSED,MEDIUM
TCK-2026-00094,ALT-2026-00048,25,Karur,OFFICER-TN-155,2024-12-30 15:47:06,INTER_AGENCY_COORDINATION,ESCALATED,LOW
TCK-2026-00095,ALT-2026-00895,2,Coimbatore,OFFICER-TN-140,2025-10-30 13:07:24,CHECKPOST_ENHANCED_SURVEILLANCE,IN_PROGRESS,HIGH
TCK-2026-00096,ALT-2026-00176,6,Tirunelveli,OFFICER-TN-149,2025-03-26 03:33:28,CHECKPOST_ENHANCED_SURVEILLANCE,ESCALATED,MEDIUM
TCK-2026-00097,ALT-2026-00517,14,Kanniyakumari,OFFICER-TN-131,2026-01-31 09:31:11,CHECKPOST_ENHANCED_SURVEILLANCE,ACTION_COMPLETED,HIGH
TCK-2026-00098,ALT-2026-00554,23,Namakkal,OFFICER-TN-142,2025-06-21 03:06:04,INTER_AGENCY_COORDINATION,CLOSED,MEDIUM
TCK-2026-00099,ALT-2026-00226,10,Krishnagiri,OFFICER-TN-168,2025-11-04 16:11:23,INTER_AGENCY_COORDINATION,ACTION_COMPLETED,HIGH
TCK-2026-00100,ALT-2026-00206,37,Tirupathur,OFFICER-TN-114,2025-12-15 19:09:57,CHECKPOST_ENHANCED_SURVEILLANCE,OPEN,LOW
TCK-2026-00101,ALT-2026-00959,29,Sivaganga,OFFICER-TN-123,2025-12-24 15:21:55,INTER_AGENCY_COORDINATION,OPEN,MEDIUM
TCK-2026-00102,ALT-2026-00665,31,Virudhunagar,OFFICER-TN-166,2025-04-04 18:59:48,INTER_AGENCY_COORDINATION,ESCALATED,LOW
TCK-2026-00103,ALT-2026-00947,21,Kallakurichi,OFFICER-TN-174,2025-10-06 13:56:51,HUMAN_INTELLIGENCE_INSPECTION,CLOSED,HIGH
TCK-2026-00104,ALT-2026-00753,6,Tirunelveli,OFFICER-TN-160,2026-02-09 15:48:00,IMMEDIATE_PATROL_DISPATCH,CLOSED,HIGH
TCK-2026-00105,ALT-2026-00695,19,Cuddalore,OFFICER-TN-199,2025-05-22 01:00:01,HUMAN_INTELLIGENCE_INSPECTION,IN_PROGRESS,LOW
TCK-2026-00106,ALT-2026-00010,12,Thanjavur,OFFICER-TN-103,2026-04-27 11:24:09,CHECKPOST_ENHANCED_SURVEILLANCE,OPEN,HIGH
TCK-2026-00107,ALT-2026-00655,20,Viluppuram,OFFICER-TN-146,2026-06-04 11:08:05,CHECKPOST_ENHANCED_SURVEILLANCE,ACTION_COMPLETED,HIGH
TCK-2026-00108,ALT-2026-00341,6,Tirunelveli,OFFICER-TN-108,2026-05-15 17:07:23,IMMEDIATE_PATROL_DISPATCH,CLOSED,HIGH
TCK-2026-00109,ALT-2026-00924,13,Thoothukudi,OFFICER-TN-109,2025-06-07 03:26:55,IMMEDIATE_PATROL_DISPATCH,ACTION_COMPLETED,HIGH
TCK-2026-00110,ALT-2026-00569,15,Tenkasi,OFFICER-TN-189,2026-02-28 13:53:59,CHECKPOST_ENHANCED_SURVEILLANCE,ACTION_COMPLETED,MEDIUM
TCK-2026-00111,ALT-2026-00978,2,Coimbatore,OFFICER-TN-113,2026-08-19 04:54:37,INTER_AGENCY_COORDINATION,IN_PROGRESS,HIGH
TCK-2026-00112,ALT-2026-00700,7,Tiruppur,OFFICER-TN-155,2025-04-15 10:37:54,IMMEDIATE_PATROL_DISPATCH,IN_PROGRESS,HIGH
TCK-2026-00113,ALT-2026-00543,23,Namakkal,OFFICER-TN-156,2025-07-02 11:39:40,INTER_AGENCY_COORDINATION,ESCALATED,MEDIUM
TCK-2026-00114,ALT-2026-00872,25,Karur,OFFICER-TN-161,2025-04-07 06:06:32,IMMEDIATE_PATROL_DISPATCH,CLOSED,MEDIUM
TCK-2026-00115,ALT-2026-00050,19,Cuddalore,OFFICER-TN-112,2025-08-29 07:33:48,IMMEDIATE_PATROL_DISPATCH,ACTION_COMPLETED,MEDIUM
TCK-2026-00116,ALT-2026-00320,14,Kanniyakumari,OFFICER-TN-116,2025-04-20 14:08:31,INTER_AGENCY_COORDINATION,OPEN,LOW
TCK-2026-00117,ALT-2026-00867,3,Madurai,OFFICER-TN-138,2025-05-14 14:45:18,INTER_AGENCY_COORDINATION,ACTION_COMPLETED,LOW
TCK-2026-00118,ALT-2026-00159,21,Kallakurichi,OFFICER-TN-128,2025-07-03 01:21:26,HUMAN_INTELLIGENCE_INSPECTION,ESCALATED,MEDIUM
TCK-2026-00119,ALT-2026-00814,35,Mayiladuthurai,OFFICER-TN-104,2025-12-26 20:45:43,IMMEDIATE_PATROL_DISPATCH,CLOSED,MEDIUM
TCK-2026-00120,ALT-2026-00670,15,Tenkasi,OFFICER-TN-101,2025-07-26 12:52:19,CHECKPOST_ENHANCED_SURVEILLANCE,CLOSED,LOW
TCK-2026-00121,ALT-2026-00746,30,Ramanathapuram,OFFICER-TN-192,2026-05-29 12:19:13,IMMEDIATE_PATROL_DISPATCH,ACTION_COMPLETED,LOW
TCK-2026-00122,ALT-2026-00136,25,Karur,OFFICER-TN-137,2025-08-22 19:52:35,IMMEDIATE_PATROL_DISPATCH,OPEN,LOW
TCK-2026-00123,ALT-2026-00368,3,Madurai,OFFICER-TN-135,2026-05-23 12:49:34,INTER_AGENCY_COORDINATION,OPEN,MEDIUM
TCK-2026-00124,ALT-2026-00115,20,Viluppuram,OFFICER-TN-180,2025-06-04 05:12:46,CHECKPOST_ENHANCED_SURVEILLANCE,CLOSED,MEDIUM
TCK-2026-00125,ALT-2026-01014,35,Mayiladuthurai,OFFICER-TN-130,2025-05-04 15:56:16,HUMAN_INTELLIGENCE_INSPECTION,ACTION_COMPLETED,MEDIUM
TCK-2026-00126,ALT-2026-00965,18,Tiruvallur,OFFICER-TN-184,2026-08-04 02:09:54,CHECKPOST_ENHANCED_SURVEILLANCE,ESCALATED,HIGH
TCK-2026-00127,ALT-2026-00285,27,Perambalur,OFFICER-TN-144,2026-07-06 22:21:09,HUMAN_INTELLIGENCE_INSPECTION,ACTION_COMPLETED,HIGH
TCK-2026-00128,ALT-2026-01016,1,Chennai,OFFICER-TN-164,2026-04-26 04:10:02,HUMAN_INTELLIGENCE_INSPECTION,ACTION_COMPLETED,MEDIUM
TCK-2026-00129,ALT-2026-00705,20,Viluppuram,OFFICER-TN-148,2025-01-16 20:02:43,HUMAN_INTELLIGENCE_INSPECTION,ESCALATED,LOW
TCK-2026-00130,ALT-2026-00369,12,Thanjavur,OFFICER-TN-179,2025-12-10 09:39:58,IMMEDIATE_PATROL_DISPATCH,ACTION_COMPLETED,LOW
TCK-2026-00131,ALT-2026-00168,9,Vellore,OFFICER-TN-155,2025-11-11 15:42:08,CHECKPOST_ENHANCED_SURVEILLANCE,ACTION_COMPLETED,LOW
TCK-2026-00132,ALT-2026-00626,7,Tiruppur,OFFICER-TN-194,2026-03-11 21:03:50,IMMEDIATE_PATROL_DISPATCH,ACTION_COMPLETED,MEDIUM
TCK-2026-00133,ALT-2026-00018,31,Virudhunagar,OFFICER-TN-133,2025-06-15 13:57:50,INTER_AGENCY_COORDINATION,OPEN,MEDIUM
TCK-2026-00134,ALT-2026-00257,8,Erode,OFFICER-TN-102,2025-11-10 11:41:20,CHECKPOST_ENHANCED_SURVEILLANCE,ESCALATED,LOW
TCK-2026-00135,ALT-2026-00831,31,Virudhunagar,OFFICER-TN-110,2026-02-16 18:40:41,HUMAN_INTELLIGENCE_INSPECTION,OPEN,HIGH
TCK-2026-00136,ALT-2026-00717,4,Salem,OFFICER-TN-102,2025-06-02 02:02:46,CHECKPOST_ENHANCED_SURVEILLANCE,IN_PROGRESS,MEDIUM
TCK-2026-00137,ALT-2026-00252,24,Nilgiris,OFFICER-TN-151,2025-10-05 19:26:40,INTER_AGENCY_COORDINATION,IN_PROGRESS,MEDIUM
TCK-2026-00138,ALT-2026-00980,24,Nilgiris,OFFICER-TN-172,2025-09-02 01:08:48,HUMAN_INTELLIGENCE_INSPECTION,CLOSED,LOW
TCK-2026-00139,ALT-2026-00708,11,Dindigul,OFFICER-TN-182,2025-12-21 00:53:26,INTER_AGENCY_COORDINATION,CLOSED,LOW
TCK-2026-00140,ALT-2026-00993,9,Vellore,OFFICER-TN-181,2025-11-06 01:10:58,HUMAN_INTELLIGENCE_INSPECTION,ACTION_COMPLETED,HIGH
TCK-2026-00141,ALT-2026-00313,29,Sivaganga,OFFICER-TN-112,2025-06-21 16:15:53,INTER_AGENCY_COORDINATION,ESCALATED,LOW
TCK-2026-00142,ALT-2026-00941,15,Tenkasi,OFFICER-TN-124,2026-02-11 06:29:54,IMMEDIATE_PATROL_DISPATCH,IN_PROGRESS,LOW
TCK-2026-00143,ALT-2026-00878,16,Kancheepuram,OFFICER-TN-173,2026-01-05 01:58:02,CHECKPOST_ENHANCED_SURVEILLANCE,ACTION_COMPLETED,LOW
TCK-2026-00144,ALT-2026-00366,3,Madurai,OFFICER-TN-147,2025-02-02 18:14:34,IMMEDIATE_PATROL_DISPATCH,OPEN,LOW
TCK-2026-00145,ALT-2026-00309,25,Karur,OFFICER-TN-122,2025-04-24 19:09:46,INTER_AGENCY_COORDINATION,ESCALATED,HIGH
TCK-2026-00146,ALT-2026-00721,35,Mayiladuthurai,OFFICER-TN-135,2025-08-02 19:26:51,HUMAN_INTELLIGENCE_INSPECTION,CLOSED,HIGH
TCK-2026-00147,ALT-2026-00895,30,Ramanathapuram,OFFICER-TN-113,2025-02-13 08:29:03,CHECKPOST_ENHANCED_SURVEILLANCE,CLOSED,LOW
TCK-2026-00148,ALT-2026-00143,30,Ramanathapuram,OFFICER-TN-115,2025-08-19 19:16:32,IMMEDIATE_PATROL_DISPATCH,ESCALATED,MEDIUM
TCK-2026-00149,ALT-2026-00431,18,Tiruvallur,OFFICER-TN-182,2025-05-11 22:33:01,INTER_AGENCY_COORDINATION,CLOSED,LOW
TCK-2026-00150,ALT-2026-00242,2,Coimbatore,OFFICER-TN-103,2026-05-09 09:36:11,IMMEDIATE_PATROL_DISPATCH,OPEN,MEDIUM
TCK-2026-00151,ALT-2026-00349,22,Dharmapuri,OFFICER-TN-167,2025-06-22 09:30:32,HUMAN_INTELLIGENCE_INSPECTION,OPEN,LOW
TCK-2026-00152,ALT-2026-00555,24,Nilgiris,OFFICER-TN-139,2025-02-08 06:05:15,HUMAN_INTELLIGENCE_INSPECTION,CLOSED,HIGH
TCK-2026-00153,ALT-2026-00120,15,Tenkasi,OFFICER-TN-135,2025-07-08 17:16:20,INTER_AGENCY_COORDINATION,OPEN,HIGH
TCK-2026-00154,ALT-2026-00858,19,Cuddalore,OFFICER-TN-180,2026-07-12 10:03:42,HUMAN_INTELLIGENCE_INSPECTION,ESCALATED,MEDIUM
TCK-2026-00155,ALT-2026-00499,27,Perambalur,OFFICER-TN-178,2026-03-03 23:18:43,CHECKPOST_ENHANCED_SURVEILLANCE,ESCALATED,MEDIUM
TCK-2026-00156,ALT-2026-00742,9,Vellore,OFFICER-TN-142,2025-11-05 17:20:14,IMMEDIATE_PATROL_DISPATCH,CLOSED,HIGH
TCK-2026-00157,ALT-2026-01005,1,Chennai,OFFICER-TN-103,2026-05-01 16:47:26,IMMEDIATE_PATROL_DISPATCH,ESCALATED,MEDIUM
TCK-2026-00158,ALT-2026-00868,14,Kanniyakumari,OFFICER-TN-111,2025-12-27 08:51:02,HUMAN_INTELLIGENCE_INSPECTION,OPEN,MEDIUM
TCK-2026-00159,ALT-2026-00988,25,Karur,OFFICER-TN-196,2025-07-31 03:05:26,IMMEDIATE_PATROL_DISPATCH,ESCALATED,LOW
TCK-2026-00160,ALT-2026-00737,25,Karur,OFFICER-TN-110,2026-06-07 16:24:57,INTER_AGENCY_COORDINATION,ACTION_COMPLETED,HIGH
TCK-2026-00161,ALT-2026-00485,38,Tiruvannamalai,OFFICER-TN-161,2026-01-12 19:36:56,HUMAN_INTELLIGENCE_INSPECTION,ESCALATED,LOW
TCK-2026-00162,ALT-2026-00310,38,Tiruvannamalai,OFFICER-TN-136,2025-12-15 23:59:10,CHECKPOST_ENHANCED_SURVEILLANCE,ACTION_COMPLETED,MEDIUM
TCK-2026-00163,ALT-2026-00092,27,Perambalur,OFFICER-TN-181,2025-08-06 15:20:22,HUMAN_INTELLIGENCE_INSPECTION,IN_PROGRESS,LOW
TCK-2026-00164,ALT-2026-00840,29,Sivaganga,OFFICER-TN-108,2026-08-09 06:38:37,HUMAN_INTELLIGENCE_INSPECTION,ACTION_COMPLETED,MEDIUM
TCK-2026-00165,ALT-2026-00769,22,Dharmapuri,OFFICER-TN-159,2026-06-09 22:25:10,CHECKPOST_ENHANCED_SURVEILLANCE,ESCALATED,HIGH
TCK-2026-00166,ALT-2026-00347,33,Thiruvarur,OFFICER-TN-154,2025-09-28 13:33:46,CHECKPOST_ENHANCED_SURVEILLANCE,CLOSED,LOW
TCK-2026-00167,ALT-2026-00542,24,Nilgiris,OFFICER-TN-114,2025-01-14 07:14:11,HUMAN_INTELLIGENCE_INSPECTION,OPEN,HIGH
TCK-2026-00168,ALT-2026-00619,13,Thoothukudi,OFFICER-TN-130,2026-02-19 08:51:09,HUMAN_INTELLIGENCE_INSPECTION,IN_PROGRESS,MEDIUM
TCK-2026-00169,ALT-2026-00745,19,Cuddalore,OFFICER-TN-102,2025-10-05 21:23:30,HUMAN_INTELLIGENCE_INSPECTION,CLOSED,LOW
TCK-2026-00170,ALT-2026-00638,35,Mayiladuthurai,OFFICER-TN-108,2025-04-22 03:51:54,IMMEDIATE_PATROL_DISPATCH,IN_PROGRESS,HIGH
TCK-2026-00171,ALT-2026-00998,6,Tirunelveli,OFFICER-TN-162,2026-07-10 10:00:05,INTER_AGENCY_COORDINATION,OPEN,MEDIUM
TCK-2026-00172,ALT-2026-00398,14,Kanniyakumari,OFFICER-TN-193,2025-06-04 12:51:56,INTER_AGENCY_COORDINATION,IN_PROGRESS,HIGH
TCK-2026-00173,ALT-2026-00700,35,Mayiladuthurai,OFFICER-TN-160,2025-10-27 19:53:36,IMMEDIATE_PATROL_DISPATCH,OPEN,LOW
TCK-2026-00174,ALT-2026-00001,31,Virudhunagar,OFFICER-TN-172,2026-04-16 07:10:14,CHECKPOST_ENHANCED_SURVEILLANCE,ESCALATED,HIGH
TCK-2026-00175,ALT-2026-00476,6,Tirunelveli,OFFICER-TN-124,2025-04-24 07:01:08,INTER_AGENCY_COORDINATION,IN_PROGRESS,HIGH
TCK-2026-00176,ALT-2026-00533,18,Tiruvallur,OFFICER-TN-153,2026-03-17 03:58:50,CHECKPOST_ENHANCED_SURVEILLANCE,ESCALATED,LOW
TCK-2026-00177,ALT-2026-00932,33,Thiruvarur,OFFICER-TN-154,2026-01-20 23:25:31,IMMEDIATE_PATROL_DISPATCH,OPEN,MEDIUM
TCK-2026-00178,ALT-2026-00152,14,Kanniyakumari,OFFICER-TN-101,2026-02-03 17:30:59,INTER_AGENCY_COORDINATION,ESCALATED,LOW
TCK-2026-00179,ALT-2026-00461,14,Kanniyakumari,OFFICER-TN-178,2025-10-25 06:32:54,HUMAN_INTELLIGENCE_INSPECTION,OPEN,HIGH
TCK-2026-00180,ALT-2026-00281,27,Perambalur,OFFICER-TN-174,2025-05-17 11:07:59,INTER_AGENCY_COORDINATION,ACTION_COMPLETED,LOW
TCK-2026-00181,ALT-2026-00660,20,Viluppuram,OFFICER-TN-181,2025-06-15 04:15:37,INTER_AGENCY_COORDINATION,CLOSED,HIGH
TCK-2026-00182,ALT-2026-00505,27,Perambalur,OFFICER-TN-122,2025-05-04 11:03:44,IMMEDIATE_PATROL_DISPATCH,OPEN,LOW
TCK-2026-00183,ALT-2026-00084,6,Tirunelveli,OFFICER-TN-168,2025-07-16 17:13:45,CHECKPOST_ENHANCED_SURVEILLANCE,ACTION_COMPLETED,HIGH
TCK-2026-00184,ALT-2026-00442,21,Kallakurichi,OFFICER-TN-196,2026-08-08 11:16:09,CHECKPOST_ENHANCED_SURVEILLANCE,OPEN,LOW
TCK-2026-00185,ALT-2026-00224,28,Pudukkottai,OFFICER-TN-148,2025-12-11 17:06:06,HUMAN_INTELLIGENCE_INSPECTION,IN_PROGRESS,LOW
TCK-2026-00186,ALT-2026-00226,24,Nilgiris,OFFICER-TN-174,2025-06-12 01:45:54,INTER_AGENCY_COORDINATION,ESCALATED,HIGH
TCK-2026-00187,ALT-2026-00902,31,Virudhunagar,OFFICER-TN-179,2026-06-05 08:26:33,HUMAN_INTELLIGENCE_INSPECTION,OPEN,MEDIUM
TCK-2026-00188,ALT-2026-00843,21,Kallakurichi,OFFICER-TN-146,2026-04-09 06:50:12,IMMEDIATE_PATROL_DISPATCH,OPEN,HIGH
TCK-2026-00189,ALT-2026-00922,20,Viluppuram,OFFICER-TN-168,2026-05-05 07:28:52,INTER_AGENCY_COORDINATION,ACTION_COMPLETED,MEDIUM
TCK-2026-00190,ALT-2026-00600,19,Cuddalore,OFFICER-TN-102,2026-05-28 09:07:59,INTER_AGENCY_COORDINATION,CLOSED,MEDIUM
TCK-2026-00191,ALT-2026-00462,16,Kancheepuram,OFFICER-TN-134,2025-06-06 15:14:40,CHECKPOST_ENHANCED_SURVEILLANCE,ACTION_COMPLETED,LOW
TCK-2026-00192,ALT-2026-00506,36,Ranipet,OFFICER-TN-183,2025-04-14 13:45:55,IMMEDIATE_PATROL_DISPATCH,CLOSED,HIGH
TCK-2026-00193,ALT-2026-00016,24,Nilgiris,OFFICER-TN-170,2026-05-14 05:01:16,CHECKPOST_ENHANCED_SURVEILLANCE,CLOSED,HIGH
TCK-2026-00194,ALT-2026-00158,38,Tiruvannamalai,OFFICER-TN-137,2026-05-27 09:03:17,CHECKPOST_ENHANCED_SURVEILLANCE,CLOSED,MEDIUM
TCK-2026-00195,ALT-2026-00941,10,Krishnagiri,OFFICER-TN-106,2025-05-17 09:09:03,IMMEDIATE_PATROL_DISPATCH,OPEN,MEDIUM
TCK-2026-00196,ALT-2026-01016,26,Ariyalur,OFFICER-TN-150,2025-08-11 16:20:33,CHECKPOST_ENHANCED_SURVEILLANCE,CLOSED,HIGH
TCK-2026-00197,ALT-2026-00974,29,Sivaganga,OFFICER-TN-177,2025-01-26 20:56:17,CHECKPOST_ENHANCED_SURVEILLANCE,CLOSED,HIGH
TCK-2026-00198,ALT-2026-00205,6,Tirunelveli,OFFICER-TN-150,2026-06-20 18:23:07,INTER_AGENCY_COORDINATION,OPEN,HIGH
TCK-2026-00199,ALT-2026-00769,6,Tirunelveli,OFFICER-TN-180,2026-08-13 13:29:33,IMMEDIATE_PATROL_DISPATCH,ESCALATED,LOW
TCK-2026-00200,ALT-2026-00722,15,Tenkasi,OFFICER-TN-195,2026-04-29 00:35:12,HUMAN_INTELLIGENCE_INSPECTION,IN_PROGRESS,HIGH
TCK-2026-00201,ALT-2026-00962,38,Tiruvannamalai,OFFICER-TN-169,2026-06-05 06:49:49,CHECKPOST_ENHANCED_SURVEILLANCE,ESCALATED,LOW
TCK-2026-00202,ALT-2026-00430,5,Tiruchirappalli,OFFICER-TN-159,2025-02-17 03:27:05,CHECKPOST_ENHANCED_SURVEILLANCE,ACTION_COMPLETED,MEDIUM
TCK-2026-00203,ALT-2026-00774,12,Thanjavur,OFFICER-TN-163,2025-08-15 06:28:32,IMMEDIATE_PATROL_DISPATCH,ACTION_COMPLETED,MEDIUM
TCK-2026-00204,ALT-2026-00721,16,Kancheepuram,OFFICER-TN-145,2025-02-21 13:14:45,INTER_AGENCY_COORDINATION,IN_PROGRESS,LOW
TCK-2026-00205,ALT-2026-00282,5,Tiruchirappalli,OFFICER-TN-190,2025-08-06 16:21:09,HUMAN_INTELLIGENCE_INSPECTION,CLOSED,MEDIUM
TCK-2026-00206,ALT-2026-00611,14,Kanniyakumari,OFFICER-TN-155,2025-06-24 09:42:10,IMMEDIATE_PATROL_DISPATCH,ACTION_COMPLETED,MEDIUM
TCK-2026-00207,ALT-2026-00764,33,Thiruvarur,OFFICER-TN-187,2026-04-07 21:08:51,HUMAN_INTELLIGENCE_INSPECTION,CLOSED,HIGH
TCK-2026-00208,ALT-2026-00272,10,Krishnagiri,OFFICER-TN-176,2026-06-27 09:59:39,HUMAN_INTELLIGENCE_INSPECTION,CLOSED,MEDIUM
TCK-2026-00209,ALT-2026-00271,2,Coimbatore,OFFICER-TN-144,2026-04-02 08:09:05,CHECKPOST_ENHANCED_SURVEILLANCE,ESCALATED,HIGH
TCK-2026-00210,ALT-2026-00381,38,Tiruvannamalai,OFFICER-TN-158,2025-07-29 07:19:09,HUMAN_INTELLIGENCE_INSPECTION,ESCALATED,HIGH
TCK-2026-00211,ALT-2026-00880,26,Ariyalur,OFFICER-TN-113,2026-04-13 18:39:23,IMMEDIATE_PATROL_DISPATCH,OPEN,MEDIUM
TCK-2026-00212,ALT-2026-00226,4,Salem,OFFICER-TN-183,2026-01-10 06:35:56,HUMAN_INTELLIGENCE_INSPECTION,CLOSED,MEDIUM
TCK-2026-00213,ALT-2026-00493,17,Chengalpattu,OFFICER-TN-171,2026-01-25 21:50:40,CHECKPOST_ENHANCED_SURVEILLANCE,OPEN,MEDIUM
TCK-2026-00214,ALT-2026-00912,7,Tiruppur,OFFICER-TN-181,2026-03-13 23:57:06,IMMEDIATE_PATROL_DISPATCH,CLOSED,HIGH
TCK-2026-00215,ALT-2026-00336,4,Salem,OFFICER-TN-184,2025-08-09 11:16:59,IMMEDIATE_PATROL_DISPATCH,IN_PROGRESS,MEDIUM
TCK-2026-00216,ALT-2026-00352,27,Perambalur,OFFICER-TN-132,2026-07-09 05:11:30,CHECKPOST_ENHANCED_SURVEILLANCE,OPEN,LOW
TCK-2026-00217,ALT-2026-00597,28,Pudukkottai,OFFICER-TN-111,2026-04-15 08:55:22,IMMEDIATE_PATROL_DISPATCH,ACTION_COMPLETED,LOW
TCK-2026-00218,ALT-2026-00833,37,Tirupathur,OFFICER-TN-132,2026-04-04 12:28:12,IMMEDIATE_PATROL_DISPATCH,CLOSED,MEDIUM
TCK-2026-00219,ALT-2026-00010,23,Namakkal,OFFICER-TN-145,2026-02-02 22:36:07,CHECKPOST_ENHANCED_SURVEILLANCE,ESCALATED,HIGH
TCK-2026-00220,ALT-2026-00279,28,Pudukkottai,OFFICER-TN-148,2025-08-17 17:02:40,HUMAN_INTELLIGENCE_INSPECTION,OPEN,HIGH
TCK-2026-00221,ALT-2026-00739,25,Karur,OFFICER-TN-194,2026-08-16 14:25:48,INTER_AGENCY_COORDINATION,ESCALATED,LOW
TCK-2026-00222,ALT-2026-00183,8,Erode,OFFICER-TN-145,2025-05-01 10:23:12,CHECKPOST_ENHANCED_SURVEILLANCE,IN_PROGRESS,MEDIUM
TCK-2026-00223,ALT-2026-00002,4,Salem,OFFICER-TN-137,2026-02-11 05:09:45,CHECKPOST_ENHANCED_SURVEILLANCE,CLOSED,HIGH
TCK-2026-00224,ALT-2026-00828,24,Nilgiris,OFFICER-TN-189,2026-02-19 05:01:22,CHECKPOST_ENHANCED_SURVEILLANCE,OPEN,HIGH
TCK-2026-00225,ALT-2026-00408,22,Dharmapuri,OFFICER-TN-132,2026-07-03 15:17:29,CHECKPOST_ENHANCED_SURVEILLANCE,CLOSED,LOW
TCK-2026-00226,ALT-2026-00819,1,Chennai,OFFICER-TN-190,2025-08-12 09:10:26,INTER_AGENCY_COORDINATION,ESCALATED,LOW
TCK-2026-00227,ALT-2026-00046,21,Kallakurichi,OFFICER-TN-196,2025-05-28 09:16:30,HUMAN_INTELLIGENCE_INSPECTION,ACTION_COMPLETED,HIGH
TCK-2026-00228,ALT-2026-00054,12,Thanjavur,OFFICER-TN-166,2026-06-28 17:40:57,INTER_AGENCY_COORDINATION,CLOSED,LOW
TCK-2026-00229,ALT-2026-00097,28,Pudukkottai,OFFICER-TN-114,2025-11-27 18:51:27,HUMAN_INTELLIGENCE_INSPECTION,ESCALATED,HIGH
TCK-2026-00230,ALT-2026-00464,36,Ranipet,OFFICER-TN-184,2025-03-01 12:33:07,INTER_AGENCY_COORDINATION,OPEN,MEDIUM
TCK-2026-00231,ALT-2026-00964,5,Tiruchirappalli,OFFICER-TN-136,2026-01-23 20:52:57,IMMEDIATE_PATROL_DISPATCH,IN_PROGRESS,HIGH
TCK-2026-00232,ALT-2026-00005,10,Krishnagiri,OFFICER-TN-133,2025-04-06 04:12:41,CHECKPOST_ENHANCED_SURVEILLANCE,OPEN,MEDIUM
TCK-2026-00233,ALT-2026-00070,2,Coimbatore,OFFICER-TN-182,2026-03-09 14:54:27,IMMEDIATE_PATROL_DISPATCH,ESCALATED,HIGH
TCK-2026-00234,ALT-2026-00841,24,Nilgiris,OFFICER-TN-118,2025-04-21 00:42:28,CHECKPOST_ENHANCED_SURVEILLANCE,ACTION_COMPLETED,LOW
TCK-2026-00235,ALT-2026-00992,10,Krishnagiri,OFFICER-TN-103,2026-03-14 13:35:19,HUMAN_INTELLIGENCE_INSPECTION,ACTION_COMPLETED,HIGH
TCK-2026-00236,ALT-2026-00179,21,Kallakurichi,OFFICER-TN-123,2026-02-14 08:19:24,IMMEDIATE_PATROL_DISPATCH,ESCALATED,LOW
TCK-2026-00237,ALT-2026-00446,3,Madurai,OFFICER-TN-197,2025-08-23 09:18:51,HUMAN_INTELLIGENCE_INSPECTION,IN_PROGRESS,HIGH
TCK-2026-00238,ALT-2026-00970,35,Mayiladuthurai,OFFICER-TN-161,2025-04-16 01:14:14,CHECKPOST_ENHANCED_SURVEILLANCE,ACTION_COMPLETED,LOW
TCK-2026-00239,ALT-2026-00226,11,Dindigul,OFFICER-TN-107,2025-04-07 01:36:42,IMMEDIATE_PATROL_DISPATCH,IN_PROGRESS,LOW
TCK-2026-00240,ALT-2026-00390,9,Vellore,OFFICER-TN-145,2025-11-20 13:44:17,HUMAN_INTELLIGENCE_INSPECTION,IN_PROGRESS,HIGH
TCK-2026-00241,ALT-2026-00460,5,Tiruchirappalli,OFFICER-TN-133,2025-02-07 07:11:35,HUMAN_INTELLIGENCE_INSPECTION,IN_PROGRESS,MEDIUM
TCK-2026-00242,ALT-2026-01038,36,Ranipet,OFFICER-TN-126,2025-05-29 15:35:13,CHECKPOST_ENHANCED_SURVEILLANCE,OPEN,LOW
TCK-2026-00243,ALT-2026-00955,18,Tiruvallur,OFFICER-TN-159,2026-04-09 05:50:21,CHECKPOST_ENHANCED_SURVEILLANCE,ACTION_COMPLETED,HIGH
TCK-2026-00244,ALT-2026-00042,18,Tiruvallur,OFFICER-TN-110,2024-12-28 12:51:42,IMMEDIATE_PATROL_DISPATCH,IN_PROGRESS,HIGH
TCK-2026-00245,ALT-2026-00912,23,Namakkal,OFFICER-TN-116,2025-01-30 18:07:06,INTER_AGENCY_COORDINATION,OPEN,HIGH
TCK-2026-00246,ALT-2026-00501,28,Pudukkottai,OFFICER-TN-170,2025-01-20 09:26:03,INTER_AGENCY_COORDINATION,ACTION_COMPLETED,LOW
TCK-2026-00247,ALT-2026-00483,8,Erode,OFFICER-TN-153,2025-10-19 16:02:33,IMMEDIATE_PATROL_DISPATCH,OPEN,LOW
TCK-2026-00248,ALT-2026-01045,38,Tiruvannamalai,OFFICER-TN-166,2025-06-08 00:46:38,INTER_AGENCY_COORDINATION,ESCALATED,MEDIUM
TCK-2026-00249,ALT-2026-00347,18,Tiruvallur,OFFICER-TN-138,2026-07-15 18:58:36,CHECKPOST_ENHANCED_SURVEILLANCE,ACTION_COMPLETED,HIGH
TCK-2026-00250,ALT-2026-00329,14,Kanniyakumari,OFFICER-TN-195,2025-04-25 12:57:50,INTER_AGENCY_COORDINATION,ACTION_COMPLETED,MEDIUM
TCK-2026-00251,ALT-2026-00435,13,Thoothukudi,OFFICER-TN-164,2025-10-21 04:40:34,CHECKPOST_ENHANCED_SURVEILLANCE,OPEN,MEDIUM
TCK-2026-00252,ALT-2026-00173,23,Namakkal,OFFICER-TN-112,2024-12-28 23:00:43,IMMEDIATE_PATROL_DISPATCH,OPEN,LOW
TCK-2026-00253,ALT-2026-00785,21,Kallakurichi,OFFICER-TN-119,2025-06-23 23:18:03,INTER_AGENCY_COORDINATION,CLOSED,MEDIUM
TCK-2026-00254,ALT-2026-00342,11,Dindigul,OFFICER-TN-170,2025-10-18 05:41:02,CHECKPOST_ENHANCED_SURVEILLANCE,CLOSED,HIGH
TCK-2026-00255,ALT-2026-00669,12,Thanjavur,OFFICER-TN-199,2026-07-21 21:05:55,HUMAN_INTELLIGENCE_INSPECTION,CLOSED,MEDIUM
TCK-2026-00256,ALT-2026-00539,31,Virudhunagar,OFFICER-TN-179,2025-06-30 14:49:03,INTER_AGENCY_COORDINATION,ACTION_COMPLETED,HIGH
TCK-2026-00257,ALT-2026-00837,10,Krishnagiri,OFFICER-TN-122,2026-01-31 23:59:37,CHECKPOST_ENHANCED_SURVEILLANCE,CLOSED,HIGH
TCK-2026-00258,ALT-2026-00507,6,Tirunelveli,OFFICER-TN-180,2025-02-09 22:00:37,HUMAN_INTELLIGENCE_INSPECTION,ACTION_COMPLETED,MEDIUM
TCK-2026-00259,ALT-2026-00406,17,Chengalpattu,OFFICER-TN-172,2025-01-09 09:26:59,IMMEDIATE_PATROL_DISPATCH,CLOSED,LOW
TCK-2026-00260,ALT-2026-00443,33,Thiruvarur,OFFICER-TN-139,2025-01-26 05:32:13,CHECKPOST_ENHANCED_SURVEILLANCE,OPEN,LOW
TCK-2026-00261,ALT-2026-00665,26,Ariyalur,OFFICER-TN-134,2025-03-04 22:21:53,CHECKPOST_ENHANCED_SURVEILLANCE,ACTION_COMPLETED,MEDIUM
TCK-2026-00262,ALT-2026-00008,37,Tirupathur,OFFICER-TN-157,2026-04-01 02:52:58,INTER_AGENCY_COORDINATION,IN_PROGRESS,LOW
TCK-2026-00263,ALT-2026-00074,2,Coimbatore,OFFICER-TN-151,2025-04-09 16:35:33,INTER_AGENCY_COORDINATION,ESCALATED,MEDIUM
TCK-2026-00264,ALT-2026-00104,1,Chennai,OFFICER-TN-138,2025-05-16 13:21:38,CHECKPOST_ENHANCED_SURVEILLANCE,CLOSED,LOW
TCK-2026-00265,ALT-2026-00206,35,Mayiladuthurai,OFFICER-TN-111,2025-07-13 07:28:40,IMMEDIATE_PATROL_DISPATCH,ESCALATED,MEDIUM
TCK-2026-00266,ALT-2026-00805,1,Chennai,OFFICER-TN-108,2026-07-16 21:32:24,CHECKPOST_ENHANCED_SURVEILLANCE,OPEN,MEDIUM
TCK-2026-00267,ALT-2026-00369,29,Sivaganga,OFFICER-TN-168,2026-05-08 05:38:01,INTER_AGENCY_COORDINATION,OPEN,MEDIUM
TCK-2026-00268,ALT-2026-00520,5,Tiruchirappalli,OFFICER-TN-189,2025-05-02 04:13:40,INTER_AGENCY_COORDINATION,CLOSED,MEDIUM
TCK-2026-00269,ALT-2026-00395,38,Tiruvannamalai,OFFICER-TN-174,2026-03-04 18:57:04,IMMEDIATE_PATROL_DISPATCH,ACTION_COMPLETED,HIGH
TCK-2026-00270,ALT-2026-00282,29,Sivaganga,OFFICER-TN-101,2026-08-17 04:54:17,CHECKPOST_ENHANCED_SURVEILLANCE,ACTION_COMPLETED,LOW
TCK-2026-00271,ALT-2026-00391,21,Kallakurichi,OFFICER-TN-138,2026-04-06 12:32:42,IMMEDIATE_PATROL_DISPATCH,ESCALATED,MEDIUM
TCK-2026-00272,ALT-2026-00741,34,Nagapattinam,OFFICER-TN-193,2025-09-11 22:38:06,CHECKPOST_ENHANCED_SURVEILLANCE,CLOSED,LOW
TCK-2026-00273,ALT-2026-00610,10,Krishnagiri,OFFICER-TN-149,2026-07-03 11:35:28,INTER_AGENCY_COORDINATION,CLOSED,LOW
TCK-2026-00274,ALT-2026-00312,15,Tenkasi,OFFICER-TN-160,2025-10-11 01:35:48,INTER_AGENCY_COORDINATION,OPEN,LOW
TCK-2026-00275,ALT-2026-00511,1,Chennai,OFFICER-TN-155,2025-02-12 04:34:08,CHECKPOST_ENHANCED_SURVEILLANCE,OPEN,MEDIUM
TCK-2026-00276,ALT-2026-00394,30,Ramanathapuram,OFFICER-TN-152,2026-08-18 04:08:56,INTER_AGENCY_COORDINATION,ESCALATED,HIGH
TCK-2026-00277,ALT-2026-00928,14,Kanniyakumari,OFFICER-TN-109,2026-07-30 10:04:08,INTER_AGENCY_COORDINATION,ACTION_COMPLETED,HIGH
TCK-2026-00278,ALT-2026-00891,13,Thoothukudi,OFFICER-TN-153,2025-05-30 16:16:17,CHECKPOST_ENHANCED_SURVEILLANCE,CLOSED,HIGH
TCK-2026-00279,ALT-2026-01026,20,Viluppuram,OFFICER-TN-184,2026-07-12 08:39:43,HUMAN_INTELLIGENCE_INSPECTION,ACTION_COMPLETED,HIGH
TCK-2026-00280,ALT-2026-00184,32,Theni,OFFICER-TN-125,2025-07-04 09:08:29,INTER_AGENCY_COORDINATION,IN_PROGRESS,MEDIUM
TCK-2026-00281,ALT-2026-00632,36,Ranipet,OFFICER-TN-104,2025-02-13 05:21:55,INTER_AGENCY_COORDINATION,OPEN,LOW
TCK-2026-00282,ALT-2026-00183,13,Thoothukudi,OFFICER-TN-198,2025-02-22 10:49:51,IMMEDIATE_PATROL_DISPATCH,ESCALATED,LOW
TCK-2026-00283,ALT-2026-00910,17,Chengalpattu,OFFICER-TN-165,2025-05-12 20:23:39,CHECKPOST_ENHANCED_SURVEILLANCE,ESCALATED,MEDIUM
TCK-2026-00284,ALT-2026-00518,5,Tiruchirappalli,OFFICER-TN-128,2025-07-19 19:58:39,CHECKPOST_ENHANCED_SURVEILLANCE,OPEN,HIGH
TCK-2026-00285,ALT-2026-00118,38,Tiruvannamalai,OFFICER-TN-150,2025-07-07 17:11:51,INTER_AGENCY_COORDINATION,ACTION_COMPLETED,HIGH
TCK-2026-00286,ALT-2026-00524,10,Krishnagiri,OFFICER-TN-165,2025-04-13 16:38:02,CHECKPOST_ENHANCED_SURVEILLANCE,ACTION_COMPLETED,HIGH
TCK-2026-00287,ALT-2026-00381,2,Coimbatore,OFFICER-TN-154,2025-01-15 07:23:15,IMMEDIATE_PATROL_DISPATCH,OPEN,LOW
TCK-2026-00288,ALT-2026-00469,6,Tirunelveli,OFFICER-TN-141,2025-10-08 18:44:56,IMMEDIATE_PATROL_DISPATCH,IN_PROGRESS,HIGH
TCK-2026-00289,ALT-2026-00558,12,Thanjavur,OFFICER-TN-107,2025-12-24 18:52:09,HUMAN_INTELLIGENCE_INSPECTION,CLOSED,LOW
TCK-2026-00290,ALT-2026-00585,26,Ariyalur,OFFICER-TN-192,2026-07-21 21:49:50,HUMAN_INTELLIGENCE_INSPECTION,CLOSED,MEDIUM
TCK-2026-00291,ALT-2026-00341,10,Krishnagiri,OFFICER-TN-180,2025-02-14 09:47:09,INTER_AGENCY_COORDINATION,ESCALATED,HIGH
TCK-2026-00292,ALT-2026-00013,18,Tiruvallur,OFFICER-TN-191,2026-06-05 20:03:51,HUMAN_INTELLIGENCE_INSPECTION,ESCALATED,LOW
TCK-2026-00293,ALT-2026-01048,29,Sivaganga,OFFICER-TN-153,2025-01-10 16:44:08,IMMEDIATE_PATROL_DISPATCH,IN_PROGRESS,HIGH
TCK-2026-00294,ALT-2026-00547,23,Namakkal,OFFICER-TN-149,2025-06-16 09:28:51,HUMAN_INTELLIGENCE_INSPECTION,IN_PROGRESS,HIGH
TCK-2026-00295,ALT-2026-00209,8,Erode,OFFICER-TN-191,2025-08-25 06:22:31,CHECKPOST_ENHANCED_SURVEILLANCE,ACTION_COMPLETED,MEDIUM
TCK-2026-00296,ALT-2026-00993,4,Salem,OFFICER-TN-189,2026-02-22 23:05:51,INTER_AGENCY_COORDINATION,ACTION_COMPLETED,LOW
TCK-2026-00297,ALT-2026-00803,15,Tenkasi,OFFICER-TN-181,2025-09-01 02:50:38,HUMAN_INTELLIGENCE_INSPECTION,OPEN,LOW
TCK-2026-00298,ALT-2026-00220,14,Kanniyakumari,OFFICER-TN-172,2026-06-28 11:27:14,CHECKPOST_ENHANCED_SURVEILLANCE,IN_PROGRESS,LOW
TCK-2026-00299,ALT-2026-00502,3,Madurai,OFFICER-TN-116,2026-01-17 08:39:13,CHECKPOST_ENHANCED_SURVEILLANCE,ACTION_COMPLETED,MEDIUM
TCK-2026-00300,ALT-2026-01026,13,Thoothukudi,OFFICER-TN-146,2026-03-21 09:42:38,INTER_AGENCY_COORDINATION,ACTION_COMPLETED,MEDIUM
TCK-2026-00301,ALT-2026-00978,34,Nagapattinam,OFFICER-TN-149,2026-03-30 00:48:02,CHECKPOST_ENHANCED_SURVEILLANCE,IN_PROGRESS,MEDIUM
TCK-2026-00302,ALT-2026-00820,16,Kancheepuram,OFFICER-TN-152,2026-07-30 04:53:28,HUMAN_INTELLIGENCE_INSPECTION,OPEN,LOW
TCK-2026-00303,ALT-2026-00301,5,Tiruchirappalli,OFFICER-TN-190,2026-03-07 01:33:12,INTER_AGENCY_COORDINATION,IN_PROGRESS,MEDIUM
TCK-2026-00304,ALT-2026-00905,5,Tiruchirappalli,OFFICER-TN-108,2026-03-01 17:47:12,HUMAN_INTELLIGENCE_INSPECTION,CLOSED,LOW
TCK-2026-00305,ALT-2026-00484,21,Kallakurichi,OFFICER-TN-106,2026-06-25 02:37:42,CHECKPOST_ENHANCED_SURVEILLANCE,CLOSED,MEDIUM
TCK-2026-00306,ALT-2026-00857,2,Coimbatore,OFFICER-TN-132,2026-07-28 23:18:28,CHECKPOST_ENHANCED_SURVEILLANCE,ACTION_COMPLETED,MEDIUM
TCK-2026-00307,ALT-2026-00411,2,Coimbatore,OFFICER-TN-106,2026-01-01 02:20:16,IMMEDIATE_PATROL_DISPATCH,CLOSED,HIGH
TCK-2026-00308,ALT-2026-00118,19,Cuddalore,OFFICER-TN-145,2025-09-05 08:40:39,IMMEDIATE_PATROL_DISPATCH,CLOSED,HIGH
TCK-2026-00309,ALT-2026-00939,36,Ranipet,OFFICER-TN-174,2026-05-09 06:55:02,HUMAN_INTELLIGENCE_INSPECTION,IN_PROGRESS,HIGH
TCK-2026-00310,ALT-2026-00160,7,Tiruppur,OFFICER-TN-108,2025-07-27 14:19:31,INTER_AGENCY_COORDINATION,CLOSED,MEDIUM
TCK-2026-00311,ALT-2026-00257,27,Perambalur,OFFICER-TN-172,2026-06-02 04:55:00,INTER_AGENCY_COORDINATION,OPEN,MEDIUM
TCK-2026-00312,ALT-2026-00166,35,Mayiladuthurai,OFFICER-TN-139,2025-04-26 09:41:25,HUMAN_INTELLIGENCE_INSPECTION,CLOSED,HIGH
TCK-2026-00313,ALT-2026-00366,28,Pudukkottai,OFFICER-TN-102,2025-10-14 00:38:59,INTER_AGENCY_COORDINATION,OPEN,HIGH
TCK-2026-00314,ALT-2026-00768,26,Ariyalur,OFFICER-TN-182,2026-08-12 00:53:57,CHECKPOST_ENHANCED_SURVEILLANCE,IN_PROGRESS,HIGH
TCK-2026-00315,ALT-2026-00532,24,Nilgiris,OFFICER-TN-111,2025-03-01 23:20:47,HUMAN_INTELLIGENCE_INSPECTION,IN_PROGRESS,LOW
TCK-2026-00316,ALT-2026-00395,26,Ariyalur,OFFICER-TN-187,2025-09-28 03:03:56,INTER_AGENCY_COORDINATION,OPEN,HIGH
TCK-2026-00317,ALT-2026-00917,24,Nilgiris,OFFICER-TN-157,2025-06-18 16:54:08,INTER_AGENCY_COORDINATION,OPEN,MEDIUM
TCK-2026-00318,ALT-2026-00201,3,Madurai,OFFICER-TN-146,2025-06-02 14:54:12,CHECKPOST_ENHANCED_SURVEILLANCE,ESCALATED,HIGH
TCK-2026-00319,ALT-2026-00003,2,Coimbatore,OFFICER-TN-137,2025-04-18 08:58:47,HUMAN_INTELLIGENCE_INSPECTION,ESCALATED,MEDIUM
TCK-2026-00320,ALT-2026-00611,16,Kancheepuram,OFFICER-TN-195,2025-08-18 19:31:10,HUMAN_INTELLIGENCE_INSPECTION,OPEN,LOW
TCK-2026-00321,ALT-2026-00260,11,Dindigul,OFFICER-TN-123,2025-04-23 12:58:21,CHECKPOST_ENHANCED_SURVEILLANCE,ACTION_COMPLETED,LOW
TCK-2026-00322,ALT-2026-00306,35,Mayiladuthurai,OFFICER-TN-175,2025-01-23 16:18:32,HUMAN_INTELLIGENCE_INSPECTION,IN_PROGRESS,MEDIUM
TCK-2026-00323,ALT-2026-00447,9,Vellore,OFFICER-TN-115,2026-05-13 02:52:41,HUMAN_INTELLIGENCE_INSPECTION,OPEN,MEDIUM
TCK-2026-00324,ALT-2026-00837,18,Tiruvallur,OFFICER-TN-190,2025-03-16 09:12:16,CHECKPOST_ENHANCED_SURVEILLANCE,CLOSED,LOW
TCK-2026-00325,ALT-2026-00253,7,Tiruppur,OFFICER-TN-115,2025-01-22 21:34:09,HUMAN_INTELLIGENCE_INSPECTION,OPEN,HIGH
TCK-2026-00326,ALT-2026-00821,6,Tirunelveli,OFFICER-TN-144,2025-04-13 21:24:44,CHECKPOST_ENHANCED_SURVEILLANCE,OPEN,HIGH
TCK-2026-00327,ALT-2026-00075,11,Dindigul,OFFICER-TN-140,2025-10-12 06:34:59,CHECKPOST_ENHANCED_SURVEILLANCE,IN_PROGRESS,LOW
TCK-2026-00328,ALT-2026-00293,35,Mayiladuthurai,OFFICER-TN-134,2026-01-19 16:09:48,CHECKPOST_ENHANCED_SURVEILLANCE,IN_PROGRESS,HIGH
TCK-2026-00329,ALT-2026-00047,25,Karur,OFFICER-TN-153,2025-01-02 14:07:42,HUMAN_INTELLIGENCE_INSPECTION,IN_PROGRESS,HIGH
TCK-2026-00330,ALT-2026-00287,18,Tiruvallur,OFFICER-TN-164,2025-03-23 10:48:43,CHECKPOST_ENHANCED_SURVEILLANCE,OPEN,HIGH
TCK-2026-00331,ALT-2026-00736,1,Chennai,OFFICER-TN-182,2025-08-09 18:09:37,HUMAN_INTELLIGENCE_INSPECTION,IN_PROGRESS,LOW
TCK-2026-00332,ALT-2026-00772,3,Madurai,OFFICER-TN-183,2026-05-22 10:43:41,IMMEDIATE_PATROL_DISPATCH,CLOSED,HIGH
TCK-2026-00333,ALT-2026-00641,35,Mayiladuthurai,OFFICER-TN-175,2025-08-25 19:26:46,CHECKPOST_ENHANCED_SURVEILLANCE,CLOSED,HIGH
TCK-2026-00334,ALT-2026-00540,4,Salem,OFFICER-TN-148,2025-11-09 10:39:56,CHECKPOST_ENHANCED_SURVEILLANCE,CLOSED,HIGH
TCK-2026-00335,ALT-2026-00594,17,Chengalpattu,OFFICER-TN-149,2025-05-04 22:10:30,IMMEDIATE_PATROL_DISPATCH,CLOSED,MEDIUM
TCK-2026-00336,ALT-2026-00837,13,Thoothukudi,OFFICER-TN-147,2026-01-23 16:51:35,INTER_AGENCY_COORDINATION,ACTION_COMPLETED,HIGH
TCK-2026-00337,ALT-2026-00098,15,Tenkasi,OFFICER-TN-156,2025-11-22 03:29:43,CHECKPOST_ENHANCED_SURVEILLANCE,ESCALATED,MEDIUM
TCK-2026-00338,ALT-2026-00275,26,Ariyalur,OFFICER-TN-107,2026-02-09 07:24:27,INTER_AGENCY_COORDINATION,ESCALATED,LOW
TCK-2026-00339,ALT-2026-00730,34,Nagapattinam,OFFICER-TN-178,2025-07-04 13:59:53,CHECKPOST_ENHANCED_SURVEILLANCE,ESCALATED,LOW
TCK-2026-00340,ALT-2026-00380,7,Tiruppur,OFFICER-TN-138,2026-03-31 18:42:18,IMMEDIATE_PATROL_DISPATCH,ACTION_COMPLETED,LOW
TCK-2026-00341,ALT-2026-00867,5,Tiruchirappalli,OFFICER-TN-125,2025-01-28 10:25:13,INTER_AGENCY_COORDINATION,OPEN,LOW
TCK-2026-00342,ALT-2026-00650,2,Coimbatore,OFFICER-TN-192,2025-07-27 00:17:23,IMMEDIATE_PATROL_DISPATCH,ESCALATED,LOW
TCK-2026-00343,ALT-2026-00940,31,Virudhunagar,OFFICER-TN-168,2025-10-12 13:17:11,HUMAN_INTELLIGENCE_INSPECTION,IN_PROGRESS,LOW
TCK-2026-00344,ALT-2026-00978,8,Erode,OFFICER-TN-120,2025-01-16 15:20:06,IMMEDIATE_PATROL_DISPATCH,IN_PROGRESS,HIGH
TCK-2026-00345,ALT-2026-00922,15,Tenkasi,OFFICER-TN-189,2026-04-20 02:26:14,INTER_AGENCY_COORDINATION,ACTION_COMPLETED,MEDIUM
TCK-2026-00346,ALT-2026-00934,7,Tiruppur,OFFICER-TN-154,2025-10-28 22:30:46,HUMAN_INTELLIGENCE_INSPECTION,ESCALATED,HIGH
TCK-2026-00347,ALT-2026-00601,14,Kanniyakumari,OFFICER-TN-124,2025-06-05 06:47:38,INTER_AGENCY_COORDINATION,ACTION_COMPLETED,MEDIUM
TCK-2026-00348,ALT-2026-00750,19,Cuddalore,OFFICER-TN-154,2025-12-21 13:03:11,IMMEDIATE_PATROL_DISPATCH,ESCALATED,HIGH
TCK-2026-00349,ALT-2026-00003,18,Tiruvallur,OFFICER-TN-121,2025-11-18 05:22:17,IMMEDIATE_PATROL_DISPATCH,IN_PROGRESS,LOW
TCK-2026-00350,ALT-2026-00109,33,Thiruvarur,OFFICER-TN-198,2025-08-09 09:32:44,INTER_AGENCY_COORDINATION,CLOSED,HIGH
TCK-2026-00351,ALT-2026-01003,13,Thoothukudi,OFFICER-TN-190,2026-02-17 23:11:14,INTER_AGENCY_COORDINATION,IN_PROGRESS,LOW
TCK-2026-00352,ALT-2026-00047,9,Vellore,OFFICER-TN-158,2026-07-03 07:01:28,INTER_AGENCY_COORDINATION,ACTION_COMPLETED,LOW
TCK-2026-00353,ALT-2026-00042,9,Vellore,OFFICER-TN-185,2025-03-15 05:55:55,IMMEDIATE_PATROL_DISPATCH,ESCALATED,MEDIUM
TCK-2026-00354,ALT-2026-00503,1,Chennai,OFFICER-TN-148,2026-04-04 10:29:15,HUMAN_INTELLIGENCE_INSPECTION,ACTION_COMPLETED,LOW
TCK-2026-00355,ALT-2026-00615,2,Coimbatore,OFFICER-TN-184,2025-02-21 19:50:33,CHECKPOST_ENHANCED_SURVEILLANCE,IN_PROGRESS,MEDIUM
TCK-2026-00356,ALT-2026-00361,9,Vellore,OFFICER-TN-129,2026-04-08 17:39:18,IMMEDIATE_PATROL_DISPATCH,CLOSED,MEDIUM
TCK-2026-00357,ALT-2026-00121,37,Tirupathur,OFFICER-TN-113,2025-04-28 11:38:43,HUMAN_INTELLIGENCE_INSPECTION,OPEN,LOW
TCK-2026-00358,ALT-2026-00265,4,Salem,OFFICER-TN-152,2026-06-07 04:00:57,INTER_AGENCY_COORDINATION,ESCALATED,HIGH
TCK-2026-00359,ALT-2026-00319,19,Cuddalore,OFFICER-TN-153,2025-04-02 00:57:57,IMMEDIATE_PATROL_DISPATCH,IN_PROGRESS,HIGH
TCK-2026-00360,ALT-2026-00930,1,Chennai,OFFICER-TN-152,2026-05-25 13:57:18,INTER_AGENCY_COORDINATION,CLOSED,LOW
TCK-2026-00361,ALT-2026-00519,24,Nilgiris,OFFICER-TN-115,2025-10-02 14:38:06,INTER_AGENCY_COORDINATION,OPEN,MEDIUM
TCK-2026-00362,ALT-2026-00196,3,Madurai,OFFICER-TN-147,2025-04-01 10:26:37,CHECKPOST_ENHANCED_SURVEILLANCE,CLOSED,MEDIUM
TCK-2026-00363,ALT-2026-00040,23,Namakkal,OFFICER-TN-102,2025-02-22 15:23:24,CHECKPOST_ENHANCED_SURVEILLANCE,CLOSED,MEDIUM
TCK-2026-00364,ALT-2026-00859,7,Tiruppur,OFFICER-TN-124,2026-03-23 18:09:01,HUMAN_INTELLIGENCE_INSPECTION,OPEN,MEDIUM
TCK-2026-00365,ALT-2026-00244,18,Tiruvallur,OFFICER-TN-136,2025-09-25 01:50:09,CHECKPOST_ENHANCED_SURVEILLANCE,ACTION_COMPLETED,LOW
TCK-2026-00366,ALT-2026-00968,6,Tirunelveli,OFFICER-TN-142,2025-07-14 02:48:09,IMMEDIATE_PATROL_DISPATCH,ACTION_COMPLETED,LOW
TCK-2026-00367,ALT-2026-00386,10,Krishnagiri,OFFICER-TN-178,2026-02-24 07:02:11,IMMEDIATE_PATROL_DISPATCH,ESCALATED,HIGH
TCK-2026-00368,ALT-2026-00440,13,Thoothukudi,OFFICER-TN-102,2026-05-31 09:46:35,INTER_AGENCY_COORDINATION,OPEN,LOW
TCK-2026-00369,ALT-2026-00497,11,Dindigul,OFFICER-TN-136,2025-12-27 18:18:47,IMMEDIATE_PATROL_DISPATCH,OPEN,LOW
TCK-2026-00370,ALT-2026-00743,13,Thoothukudi,OFFICER-TN-174,2025-12-13 10:56:55,CHECKPOST_ENHANCED_SURVEILLANCE,ACTION_COMPLETED,HIGH
TCK-2026-00371,ALT-2026-00750,33,Thiruvarur,OFFICER-TN-187,2025-04-20 20:18:09,IMMEDIATE_PATROL_DISPATCH,ACTION_COMPLETED,MEDIUM
TCK-2026-00372,ALT-2026-00074,31,Virudhunagar,OFFICER-TN-153,2025-12-13 01:40:09,INTER_AGENCY_COORDINATION,CLOSED,MEDIUM
TCK-2026-00373,ALT-2026-00263,18,Tiruvallur,OFFICER-TN-161,2025-11-03 00:17:30,IMMEDIATE_PATROL_DISPATCH,ESCALATED,LOW
TCK-2026-00374,ALT-2026-00363,6,Tirunelveli,OFFICER-TN-151,2026-01-29 19:49:23,IMMEDIATE_PATROL_DISPATCH,ESCALATED,MEDIUM
TCK-2026-00375,ALT-2026-00889,13,Thoothukudi,OFFICER-TN-121,2026-05-16 20:48:31,HUMAN_INTELLIGENCE_INSPECTION,OPEN,HIGH
TCK-2026-00376,ALT-2026-00780,35,Mayiladuthurai,OFFICER-TN-133,2026-04-22 11:25:30,INTER_AGENCY_COORDINATION,OPEN,MEDIUM
TCK-2026-00377,ALT-2026-00548,16,Kancheepuram,OFFICER-TN-108,2024-12-30 06:04:36,INTER_AGENCY_COORDINATION,CLOSED,LOW
TCK-2026-00378,ALT-2026-00296,13,Thoothukudi,OFFICER-TN-130,2026-06-19 01:11:33,HUMAN_INTELLIGENCE_INSPECTION,OPEN,MEDIUM
TCK-2026-00379,ALT-2026-00310,15,Tenkasi,OFFICER-TN-161,2026-07-01 05:42:34,IMMEDIATE_PATROL_DISPATCH,OPEN,MEDIUM
TCK-2026-00380,ALT-2026-00148,13,Thoothukudi,OFFICER-TN-185,2026-05-31 18:20:44,INTER_AGENCY_COORDINATION,IN_PROGRESS,MEDIUM
TCK-2026-00381,ALT-2026-00150,17,Chengalpattu,OFFICER-TN-162,2026-04-08 11:34:24,CHECKPOST_ENHANCED_SURVEILLANCE,ESCALATED,HIGH
TCK-2026-00382,ALT-2026-00951,17,Chengalpattu,OFFICER-TN-173,2025-10-24 00:21:58,IMMEDIATE_PATROL_DISPATCH,CLOSED,MEDIUM
TCK-2026-00383,ALT-2026-00302,18,Tiruvallur,OFFICER-TN-163,2026-03-13 10:34:54,INTER_AGENCY_COORDINATION,IN_PROGRESS,LOW
TCK-2026-00384,ALT-2026-00553,18,Tiruvallur,OFFICER-TN-114,2026-07-28 17:34:08,INTER_AGENCY_COORDINATION,OPEN,LOW
TCK-2026-00385,ALT-2026-00237,21,Kallakurichi,OFFICER-TN-110,2025-01-07 16:05:59,INTER_AGENCY_COORDINATION,CLOSED,MEDIUM
TCK-2026-00386,ALT-2026-00512,13,Thoothukudi,OFFICER-TN-179,2025-06-15 23:43:58,CHECKPOST_ENHANCED_SURVEILLANCE,CLOSED,HIGH
TCK-2026-00387,ALT-2026-00150,9,Vellore,OFFICER-TN-128,2026-05-09 20:57:19,INTER_AGENCY_COORDINATION,ACTION_COMPLETED,MEDIUM
TCK-2026-00388,ALT-2026-00465,7,Tiruppur,OFFICER-TN-157,2025-12-24 09:15:59,HUMAN_INTELLIGENCE_INSPECTION,OPEN,MEDIUM
TCK-2026-00389,ALT-2026-00537,33,Thiruvarur,OFFICER-TN-147,2025-09-07 11:16:12,IMMEDIATE_PATROL_DISPATCH,CLOSED,HIGH
TCK-2026-00390,ALT-2026-01033,13,Thoothukudi,OFFICER-TN-168,2025-03-28 07:19:45,INTER_AGENCY_COORDINATION,ACTION_COMPLETED,LOW
TCK-2026-00391,ALT-2026-00518,34,Nagapattinam,OFFICER-TN-180,2025-04-15 08:17:30,IMMEDIATE_PATROL_DISPATCH,CLOSED,MEDIUM
TCK-2026-00392,ALT-2026-00041,2,Coimbatore,OFFICER-TN-105,2026-01-25 06:33:40,IMMEDIATE_PATROL_DISPATCH,OPEN,LOW
TCK-2026-00393,ALT-2026-00555,10,Krishnagiri,OFFICER-TN-167,2025-02-06 16:52:24,IMMEDIATE_PATROL_DISPATCH,ACTION_COMPLETED,MEDIUM
TCK-2026-00394,ALT-2026-00260,11,Dindigul,OFFICER-TN-125,2026-03-12 21:15:48,CHECKPOST_ENHANCED_SURVEILLANCE,OPEN,HIGH
TCK-2026-00395,ALT-2026-00712,22,Dharmapuri,OFFICER-TN-182,2026-08-15 14:12:41,IMMEDIATE_PATROL_DISPATCH,ESCALATED,LOW
TCK-2026-00396,ALT-2026-00041,31,Virudhunagar,OFFICER-TN-133,2026-04-22 16:54:56,CHECKPOST_ENHANCED_SURVEILLANCE,ESCALATED,LOW
TCK-2026-00397,ALT-2026-00561,9,Vellore,OFFICER-TN-195,2025-12-24 10:28:47,INTER_AGENCY_COORDINATION,IN_PROGRESS,HIGH
TCK-2026-00398,ALT-2026-01011,28,Pudukkottai,OFFICER-TN-139,2025-11-26 21:31:23,HUMAN_INTELLIGENCE_INSPECTION,IN_PROGRESS,HIGH
TCK-2026-00399,ALT-2026-00740,24,Nilgiris,OFFICER-TN-103,2025-02-24 14:35:40,CHECKPOST_ENHANCED_SURVEILLANCE,IN_PROGRESS,HIGH
TCK-2026-00400,ALT-2026-00720,4,Salem,OFFICER-TN-187,2025-11-03 23:35:31,INTER_AGENCY_COORDINATION,OPEN,HIGH
TCK-2026-00401,ALT-2026-00701,11,Dindigul,OFFICER-TN-198,2026-03-29 07:07:55,INTER_AGENCY_COORDINATION,CLOSED,MEDIUM
TCK-2026-00402,ALT-2026-00147,9,Vellore,OFFICER-TN-178,2025-12-02 09:48:08,IMMEDIATE_PATROL_DISPATCH,OPEN,HIGH
TCK-2026-00403,ALT-2026-00830,13,Thoothukudi,OFFICER-TN-191,2025-10-21 17:15:41,HUMAN_INTELLIGENCE_INSPECTION,OPEN,LOW
TCK-2026-00404,ALT-2026-00630,34,Nagapattinam,OFFICER-TN-172,2025-12-12 03:13:36,INTER_AGENCY_COORDINATION,OPEN,HIGH
TCK-2026-00405,ALT-2026-00115,9,Vellore,OFFICER-TN-175,2026-03-06 01:06:26,IMMEDIATE_PATROL_DISPATCH,CLOSED,HIGH
TCK-2026-00406,ALT-2026-01049,37,Tirupathur,OFFICER-TN-155,2026-08-04 05:57:36,HUMAN_INTELLIGENCE_INSPECTION,ACTION_COMPLETED,MEDIUM
TCK-2026-00407,ALT-2026-00504,28,Pudukkottai,OFFICER-TN-118,2025-03-06 22:09:40,HUMAN_INTELLIGENCE_INSPECTION,ESCALATED,LOW
TCK-2026-00408,ALT-2026-00100,4,Salem,OFFICER-TN-184,2026-02-20 00:32:39,INTER_AGENCY_COORDINATION,ESCALATED,LOW
TCK-2026-00409,ALT-2026-00330,30,Ramanathapuram,OFFICER-TN-192,2026-06-27 19:03:15,CHECKPOST_ENHANCED_SURVEILLANCE,ACTION_COMPLETED,LOW
TCK-2026-00410,ALT-2026-00874,28,Pudukkottai,OFFICER-TN-174,2025-08-19 00:49:25,INTER_AGENCY_COORDINATION,IN_PROGRESS,MEDIUM
TCK-2026-00411,ALT-2026-00987,22,Dharmapuri,OFFICER-TN-172,2026-07-09 18:22:40,HUMAN_INTELLIGENCE_INSPECTION,ESCALATED,MEDIUM
TCK-2026-00412,ALT-2026-00248,28,Pudukkottai,OFFICER-TN-102,2026-06-21 08:44:35,INTER_AGENCY_COORDINATION,OPEN,LOW
TCK-2026-00413,ALT-2026-00626,10,Krishnagiri,OFFICER-TN-141,2025-09-18 00:54:30,CHECKPOST_ENHANCED_SURVEILLANCE,ACTION_COMPLETED,LOW
TCK-2026-00414,ALT-2026-00876,27,Perambalur,OFFICER-TN-161,2025-07-07 10:42:40,CHECKPOST_ENHANCED_SURVEILLANCE,ESCALATED,LOW
TCK-2026-00415,ALT-2026-00407,24,Nilgiris,OFFICER-TN-183,2025-01-26 20:38:24,CHECKPOST_ENHANCED_SURVEILLANCE,IN_PROGRESS,MEDIUM
TCK-2026-00416,ALT-2026-00870,27,Perambalur,OFFICER-TN-164,2025-12-08 16:14:41,INTER_AGENCY_COORDINATION,ACTION_COMPLETED,HIGH
TCK-2026-00417,ALT-2026-01003,32,Theni,OFFICER-TN-102,2025-06-03 14:46:08,INTER_AGENCY_COORDINATION,ESCALATED,LOW
TCK-2026-00418,ALT-2026-00466,20,Viluppuram,OFFICER-TN-181,2025-01-13 21:42:29,CHECKPOST_ENHANCED_SURVEILLANCE,ESCALATED,LOW
TCK-2026-00419,ALT-2026-00079,8,Erode,OFFICER-TN-180,2025-12-14 06:39:39,IMMEDIATE_PATROL_DISPATCH,CLOSED,LOW
TCK-2026-00420,ALT-2026-00161,26,Ariyalur,OFFICER-TN-165,2026-06-22 01:41:17,HUMAN_INTELLIGENCE_INSPECTION,CLOSED,MEDIUM
TCK-2026-00421,ALT-2026-00122,3,Madurai,OFFICER-TN-119,2026-02-09 06:14:42,IMMEDIATE_PATROL_DISPATCH,IN_PROGRESS,HIGH
TCK-2026-00422,ALT-2026-00627,32,Theni,OFFICER-TN-192,2026-05-17 21:51:06,CHECKPOST_ENHANCED_SURVEILLANCE,OPEN,MEDIUM
TCK-2026-00423,ALT-2026-00415,8,Erode,OFFICER-TN-135,2025-10-06 13:05:26,HUMAN_INTELLIGENCE_INSPECTION,IN_PROGRESS,MEDIUM
TCK-2026-00424,ALT-2026-00698,11,Dindigul,OFFICER-TN-120,2025-10-25 23:08:17,IMMEDIATE_PATROL_DISPATCH,ACTION_COMPLETED,MEDIUM
TCK-2026-00425,ALT-2026-00664,23,Namakkal,OFFICER-TN-106,2025-07-07 16:15:03,IMMEDIATE_PATROL_DISPATCH,ACTION_COMPLETED,HIGH
TCK-2026-00426,ALT-2026-00444,3,Madurai,OFFICER-TN-176,2026-02-05 09:12:39,CHECKPOST_ENHANCED_SURVEILLANCE,OPEN,MEDIUM
TCK-2026-00427,ALT-2026-00318,37,Tirupathur,OFFICER-TN-196,2025-11-21 17:25:36,HUMAN_INTELLIGENCE_INSPECTION,ESCALATED,LOW
TCK-2026-00428,ALT-2026-00933,4,Salem,OFFICER-TN-174,2026-05-19 17:31:45,IMMEDIATE_PATROL_DISPATCH,CLOSED,LOW
TCK-2026-00429,ALT-2026-00879,26,Ariyalur,OFFICER-TN-133,2026-05-30 02:43:19,INTER_AGENCY_COORDINATION,CLOSED,LOW
TCK-2026-00430,ALT-2026-00830,7,Tiruppur,OFFICER-TN-185,2025-01-13 18:10:13,CHECKPOST_ENHANCED_SURVEILLANCE,CLOSED,LOW
TCK-2026-00431,ALT-2026-01007,33,Thiruvarur,OFFICER-TN-136,2025-01-24 21:57:55,CHECKPOST_ENHANCED_SURVEILLANCE,ACTION_COMPLETED,MEDIUM
TCK-2026-00432,ALT-2026-00264,6,Tirunelveli,OFFICER-TN-163,2025-11-13 13:50:31,CHECKPOST_ENHANCED_SURVEILLANCE,IN_PROGRESS,LOW
TCK-2026-00433,ALT-2026-00755,9,Vellore,OFFICER-TN-128,2025-06-01 00:21:41,HUMAN_INTELLIGENCE_INSPECTION,IN_PROGRESS,MEDIUM
TCK-2026-00434,ALT-2026-00596,20,Viluppuram,OFFICER-TN-135,2026-02-03 06:24:14,IMMEDIATE_PATROL_DISPATCH,IN_PROGRESS,MEDIUM
TCK-2026-00435,ALT-2026-00287,6,Tirunelveli,OFFICER-TN-105,2025-11-20 12:11:59,INTER_AGENCY_COORDINATION,ACTION_COMPLETED,HIGH
TCK-2026-00436,ALT-2026-00039,7,Tiruppur,OFFICER-TN-184,2026-05-17 22:54:53,HUMAN_INTELLIGENCE_INSPECTION,CLOSED,LOW
TCK-2026-00437,ALT-2026-00592,13,Thoothukudi,OFFICER-TN-198,2026-08-12 14:08:52,IMMEDIATE_PATROL_DISPATCH,OPEN,HIGH
TCK-2026-00438,ALT-2026-00929,25,Karur,OFFICER-TN-180,2025-09-21 16:57:24,CHECKPOST_ENHANCED_SURVEILLANCE,OPEN,MEDIUM
TCK-2026-00439,ALT-2026-00127,7,Tiruppur,OFFICER-TN-148,2025-03-12 10:05:31,INTER_AGENCY_COORDINATION,IN_PROGRESS,HIGH
TCK-2026-00440,ALT-2026-00468,9,Vellore,OFFICER-TN-103,2025-10-18 04:27:31,IMMEDIATE_PATROL_DISPATCH,ACTION_COMPLETED,LOW
TCK-2026-00441,ALT-2026-00975,5,Tiruchirappalli,OFFICER-TN-133,2026-01-11 19:58:30,HUMAN_INTELLIGENCE_INSPECTION,CLOSED,HIGH
TCK-2026-00442,ALT-2026-00074,8,Erode,OFFICER-TN-128,2025-05-12 12:58:43,HUMAN_INTELLIGENCE_INSPECTION,ESCALATED,LOW
TCK-2026-00443,ALT-2026-00677,6,Tirunelveli,OFFICER-TN-107,2026-03-06 13:22:05,IMMEDIATE_PATROL_DISPATCH,ACTION_COMPLETED,MEDIUM
TCK-2026-00444,ALT-2026-00140,24,Nilgiris,OFFICER-TN-174,2025-05-07 14:57:43,HUMAN_INTELLIGENCE_INSPECTION,ESCALATED,HIGH
TCK-2026-00445,ALT-2026-00285,1,Chennai,OFFICER-TN-125,2026-01-18 19:53:13,INTER_AGENCY_COORDINATION,ESCALATED,MEDIUM
TCK-2026-00446,ALT-2026-00853,10,Krishnagiri,OFFICER-TN-158,2025-03-16 09:39:18,IMMEDIATE_PATROL_DISPATCH,ACTION_COMPLETED,HIGH
TCK-2026-00447,ALT-2026-00947,21,Kallakurichi,OFFICER-TN-121,2025-07-17 11:31:16,HUMAN_INTELLIGENCE_INSPECTION,CLOSED,MEDIUM
TCK-2026-00448,ALT-2026-00151,30,Ramanathapuram,OFFICER-TN-106,2026-05-31 23:53:50,IMMEDIATE_PATROL_DISPATCH,IN_PROGRESS,LOW
TCK-2026-00449,ALT-2026-00377,13,Thoothukudi,OFFICER-TN-182,2025-02-16 21:14:33,INTER_AGENCY_COORDINATION,IN_PROGRESS,LOW
TCK-2026-00450,ALT-2026-00030,31,Virudhunagar,OFFICER-TN-168,2026-06-01 07:17:33,INTER_AGENCY_COORDINATION,ESCALATED,HIGH
TCK-2026-00451,ALT-2026-00795,7,Tiruppur,OFFICER-TN-128,2026-05-17 05:00:28,CHECKPOST_ENHANCED_SURVEILLANCE,ACTION_COMPLETED,HIGH
TCK-2026-00452,ALT-2026-00555,10,Krishnagiri,OFFICER-TN-127,2026-07-14 21:45:40,HUMAN_INTELLIGENCE_INSPECTION,ESCALATED,HIGH
TCK-2026-00453,ALT-2026-00625,20,Viluppuram,OFFICER-TN-168,2026-01-02 02:37:41,CHECKPOST_ENHANCED_SURVEILLANCE,ESCALATED,MEDIUM
TCK-2026-00454,ALT-2026-00481,12,Thanjavur,OFFICER-TN-139,2026-03-06 06:11:19,IMMEDIATE_PATROL_DISPATCH,IN_PROGRESS,LOW
TCK-2026-00455,ALT-2026-00197,13,Thoothukudi,OFFICER-TN-185,2026-05-23 07:08:35,INTER_AGENCY_COORDINATION,OPEN,HIGH
TCK-2026-00456,ALT-2026-01027,3,Madurai,OFFICER-TN-166,2025-07-03 02:53:43,IMMEDIATE_PATROL_DISPATCH,IN_PROGRESS,LOW
TCK-2026-00457,ALT-2026-00844,7,Tiruppur,OFFICER-TN-169,2026-04-07 16:57:56,INTER_AGENCY_COORDINATION,IN_PROGRESS,HIGH
TCK-2026-00458,ALT-2026-00893,21,Kallakurichi,OFFICER-TN-188,2025-11-16 03:45:40,HUMAN_INTELLIGENCE_INSPECTION,ESCALATED,MEDIUM
TCK-2026-00459,ALT-2026-00496,2,Coimbatore,OFFICER-TN-151,2025-08-31 00:44:19,INTER_AGENCY_COORDINATION,CLOSED,MEDIUM
TCK-2026-00460,ALT-2026-00400,7,Tiruppur,OFFICER-TN-155,2025-08-21 12:49:14,CHECKPOST_ENHANCED_SURVEILLANCE,OPEN,HIGH
TCK-2026-00461,ALT-2026-00925,20,Viluppuram,OFFICER-TN-121,2025-11-23 15:58:14,HUMAN_INTELLIGENCE_INSPECTION,IN_PROGRESS,HIGH
TCK-2026-00462,ALT-2026-00194,22,Dharmapuri,OFFICER-TN-133,2025-01-08 15:54:44,IMMEDIATE_PATROL_DISPATCH,ACTION_COMPLETED,HIGH
TCK-2026-00463,ALT-2026-00004,7,Tiruppur,OFFICER-TN-188,2026-01-05 03:14:47,HUMAN_INTELLIGENCE_INSPECTION,OPEN,MEDIUM
TCK-2026-00464,ALT-2026-00316,23,Namakkal,OFFICER-TN-104,2025-11-04 23:14:15,CHECKPOST_ENHANCED_SURVEILLANCE,ACTION_COMPLETED,HIGH
TCK-2026-00465,ALT-2026-00405,7,Tiruppur,OFFICER-TN-132,2025-10-28 10:05:10,HUMAN_INTELLIGENCE_INSPECTION,ACTION_COMPLETED,MEDIUM
TCK-2026-00466,ALT-2026-00803,34,Nagapattinam,OFFICER-TN-156,2025-01-28 13:35:06,CHECKPOST_ENHANCED_SURVEILLANCE,IN_PROGRESS,LOW
TCK-2026-00467,ALT-2026-00462,5,Tiruchirappalli,OFFICER-TN-128,2026-02-16 11:45:07,INTER_AGENCY_COORDINATION,CLOSED,LOW
TCK-2026-00468,ALT-2026-00995,35,Mayiladuthurai,OFFICER-TN-151,2025-10-01 14:02:01,IMMEDIATE_PATROL_DISPATCH,OPEN,MEDIUM
TCK-2026-00469,ALT-2026-00287,13,Thoothukudi,OFFICER-TN-168,2025-03-13 17:04:01,INTER_AGENCY_COORDINATION,ACTION_COMPLETED,LOW
TCK-2026-00470,ALT-2026-00692,19,Cuddalore,OFFICER-TN-175,2026-03-25 10:10:26,INTER_AGENCY_COORDINATION,IN_PROGRESS,HIGH
TCK-2026-00471,ALT-2026-00174,24,Nilgiris,OFFICER-TN-137,2026-03-20 02:43:52,HUMAN_INTELLIGENCE_INSPECTION,OPEN,HIGH
TCK-2026-00472,ALT-2026-00187,37,Tirupathur,OFFICER-TN-152,2025-10-21 04:46:47,INTER_AGENCY_COORDINATION,ACTION_COMPLETED,MEDIUM
TCK-2026-00473,ALT-2026-00919,1,Chennai,OFFICER-TN-103,2026-05-10 15:50:23,CHECKPOST_ENHANCED_SURVEILLANCE,OPEN,MEDIUM
TCK-2026-00474,ALT-2026-00260,16,Kancheepuram,OFFICER-TN-152,2026-06-11 17:38:49,INTER_AGENCY_COORDINATION,CLOSED,HIGH
TCK-2026-00475,ALT-2026-00371,20,Viluppuram,OFFICER-TN-101,2026-03-25 19:12:13,CHECKPOST_ENHANCED_SURVEILLANCE,IN_PROGRESS,HIGH
TCK-2026-00476,ALT-2026-00784,28,Pudukkottai,OFFICER-TN-106,2026-05-04 22:06:37,INTER_AGENCY_COORDINATION,ESCALATED,HIGH
TCK-2026-00477,ALT-2026-00598,9,Vellore,OFFICER-TN-160,2025-01-19 13:03:00,HUMAN_INTELLIGENCE_INSPECTION,ESCALATED,MEDIUM
TCK-2026-00478,ALT-2026-00791,9,Vellore,OFFICER-TN-164,2025-03-08 18:59:45,INTER_AGENCY_COORDINATION,ESCALATED,HIGH
TCK-2026-00479,ALT-2026-00383,22,Dharmapuri,OFFICER-TN-172,2026-03-23 05:59:28,INTER_AGENCY_COORDINATION,IN_PROGRESS,MEDIUM
TCK-2026-00480,ALT-2026-00162,36,Ranipet,OFFICER-TN-198,2026-05-05 13:57:20,IMMEDIATE_PATROL_DISPATCH,OPEN,MEDIUM
TCK-2026-00481,ALT-2026-00827,10,Krishnagiri,OFFICER-TN-106,2025-01-27 06:46:24,HUMAN_INTELLIGENCE_INSPECTION,ACTION_COMPLETED,HIGH
TCK-2026-00482,ALT-2026-00691,21,Kallakurichi,OFFICER-TN-110,2025-12-02 23:33:45,CHECKPOST_ENHANCED_SURVEILLANCE,OPEN,LOW
TCK-2026-00483,ALT-2026-00216,4,Salem,OFFICER-TN-126,2026-06-28 19:17:12,HUMAN_INTELLIGENCE_INSPECTION,CLOSED,HIGH
TCK-2026-00484,ALT-2026-00677,17,Chengalpattu,OFFICER-TN-182,2025-02-06 10:36:41,CHECKPOST_ENHANCED_SURVEILLANCE,IN_PROGRESS,HIGH
TCK-2026-00485,ALT-2026-00466,19,Cuddalore,OFFICER-TN-128,2026-06-02 01:01:06,HUMAN_INTELLIGENCE_INSPECTION,ACTION_COMPLETED,MEDIUM
TCK-2026-00486,ALT-2026-00760,38,Tiruvannamalai,OFFICER-TN-127,2025-11-23 16:25:41,CHECKPOST_ENHANCED_SURVEILLANCE,ACTION_COMPLETED,LOW
TCK-2026-00487,ALT-2026-00472,15,Tenkasi,OFFICER-TN-172,2026-07-18 05:46:54,INTER_AGENCY_COORDINATION,ACTION_COMPLETED,MEDIUM
TCK-2026-00488,ALT-2026-00194,13,Thoothukudi,OFFICER-TN-185,2026-01-16 05:33:59,CHECKPOST_ENHANCED_SURVEILLANCE,ACTION_COMPLETED,MEDIUM
TCK-2026-00489,ALT-2026-00547,17,Chengalpattu,OFFICER-TN-110,2026-01-29 13:26:01,HUMAN_INTELLIGENCE_INSPECTION,OPEN,HIGH
TCK-2026-00490,ALT-2026-00687,22,Dharmapuri,OFFICER-TN-186,2026-01-26 16:20:51,INTER_AGENCY_COORDINATION,OPEN,LOW
TCK-2026-00491,ALT-2026-00220,32,Theni,OFFICER-TN-179,2025-12-04 16:29:56,CHECKPOST_ENHANCED_SURVEILLANCE,OPEN,LOW
TCK-2026-00492,ALT-2026-00142,15,Tenkasi,OFFICER-TN-175,2025-09-12 10:40:38,IMMEDIATE_PATROL_DISPATCH,CLOSED,LOW
TCK-2026-00493,ALT-2026-00762,18,Tiruvallur,OFFICER-TN-184,2026-01-05 15:09:48,IMMEDIATE_PATROL_DISPATCH,ESCALATED,HIGH
TCK-2026-00494,ALT-2026-00459,31,Virudhunagar,OFFICER-TN-129,2025-12-06 22:22:34,HUMAN_INTELLIGENCE_INSPECTION,OPEN,MEDIUM
TCK-2026-00495,ALT-2026-00075,13,Thoothukudi,OFFICER-TN-179,2025-04-30 20:59:07,CHECKPOST_ENHANCED_SURVEILLANCE,ESCALATED,LOW
TCK-2026-00496,ALT-2026-00663,1,Chennai,OFFICER-TN-121,2025-03-14 15:16:05,IMMEDIATE_PATROL_DISPATCH,ESCALATED,MEDIUM
TCK-2026-00497,ALT-2026-01048,28,Pudukkottai,OFFICER-TN-164,2025-05-01 01:12:59,CHECKPOST_ENHANCED_SURVEILLANCE,ACTION_COMPLETED,MEDIUM
TCK-2026-00498,ALT-2026-00611,38,Tiruvannamalai,OFFICER-TN-125,2026-04-08 09:05:36,CHECKPOST_ENHANCED_SURVEILLANCE,ACTION_COMPLETED,HIGH
TCK-2026-00499,ALT-2026-00925,37,Tirupathur,OFFICER-TN-160,2026-01-12 18:48:34,HUMAN_INTELLIGENCE_INSPECTION,CLOSED,LOW
TCK-2026-00500,ALT-2026-00648,38,Tiruvannamalai,OFFICER-TN-191,2026-07-18 19:16:22,HUMAN_INTELLIGENCE_INSPECTION,IN_PROGRESS,LOW
TCK-2026-00501,ALT-2026-00984,1,Chennai,OFFICER-TN-126,2026-01-30 13:39:55,IMMEDIATE_PATROL_DISPATCH,ESCALATED,LOW
TCK-2026-00502,ALT-2026-00168,18,Tiruvallur,OFFICER-TN-166,2026-05-13 06:40:50,CHECKPOST_ENHANCED_SURVEILLANCE,ACTION_COMPLETED,HIGH
TCK-2026-00503,ALT-2026-00273,25,Karur,OFFICER-TN-193,2025-10-04 21:36:00,INTER_AGENCY_COORDINATION,OPEN,HIGH
TCK-2026-00504,ALT-2026-00717,17,Chengalpattu,OFFICER-TN-154,2025-04-01 04:17:12,IMMEDIATE_PATROL_DISPATCH,ACTION_COMPLETED,MEDIUM
TCK-2026-00505,ALT-2026-00556,34,Nagapattinam,OFFICER-TN-194,2025-08-12 20:24:03,IMMEDIATE_PATROL_DISPATCH,ESCALATED,HIGH
TCK-2026-00506,ALT-2026-00240,17,Chengalpattu,OFFICER-TN-191,2026-01-06 03:26:37,INTER_AGENCY_COORDINATION,OPEN,HIGH
TCK-2026-00507,ALT-2026-00586,19,Cuddalore,OFFICER-TN-152,2025-12-11 17:23:46,IMMEDIATE_PATROL_DISPATCH,OPEN,MEDIUM
TCK-2026-00508,ALT-2026-00995,10,Krishnagiri,OFFICER-TN-190,2026-03-10 01:33:26,INTER_AGENCY_COORDINATION,ESCALATED,HIGH
TCK-2026-00509,ALT-2026-00184,34,Nagapattinam,OFFICER-TN-165,2025-10-16 16:22:16,CHECKPOST_ENHANCED_SURVEILLANCE,OPEN,MEDIUM
TCK-2026-00510,ALT-2026-00457,8,Erode,OFFICER-TN-115,2025-08-12 05:34:51,CHECKPOST_ENHANCED_SURVEILLANCE,ESCALATED,HIGH
TCK-2026-00511,ALT-2026-00692,9,Vellore,OFFICER-TN-153,2025-05-07 11:20:03,INTER_AGENCY_COORDINATION,IN_PROGRESS,LOW
TCK-2026-00512,ALT-2026-00718,29,Sivaganga,OFFICER-TN-197,2026-02-26 04:48:57,CHECKPOST_ENHANCED_SURVEILLANCE,OPEN,LOW
TCK-2026-00513,ALT-2026-00297,32,Theni,OFFICER-TN-196,2025-09-21 09:57:50,CHECKPOST_ENHANCED_SURVEILLANCE,ESCALATED,HIGH
TCK-2026-00514,ALT-2026-00629,16,Kancheepuram,OFFICER-TN-165,2026-02-14 09:11:11,IMMEDIATE_PATROL_DISPATCH,ACTION_COMPLETED,LOW
TCK-2026-00515,ALT-2026-00537,9,Vellore,OFFICER-TN-126,2025-03-13 07:50:56,CHECKPOST_ENHANCED_SURVEILLANCE,OPEN,LOW
TCK-2026-00516,ALT-2026-00335,31,Virudhunagar,OFFICER-TN-128,2025-06-30 12:12:16,CHECKPOST_ENHANCED_SURVEILLANCE,ACTION_COMPLETED,MEDIUM
TCK-2026-00517,ALT-2026-00688,13,Thoothukudi,OFFICER-TN-112,2026-04-30 04:41:33,HUMAN_INTELLIGENCE_INSPECTION,OPEN,MEDIUM
TCK-2026-00518,ALT-2026-00043,18,Tiruvallur,OFFICER-TN-199,2025-06-22 21:07:46,CHECKPOST_ENHANCED_SURVEILLANCE,OPEN,LOW
TCK-2026-00519,ALT-2026-00449,8,Erode,OFFICER-TN-117,2025-03-13 06:30:18,CHECKPOST_ENHANCED_SURVEILLANCE,ACTION_COMPLETED,MEDIUM
TCK-2026-00520,ALT-2026-01024,6,Tirunelveli,OFFICER-TN-146,2026-01-11 09:47:17,INTER_AGENCY_COORDINATION,IN_PROGRESS,HIGH
TCK-2026-00521,ALT-2026-00535,10,Krishnagiri,OFFICER-TN-133,2026-03-03 15:49:57,CHECKPOST_ENHANCED_SURVEILLANCE,OPEN,LOW
TCK-2026-00522,ALT-2026-00578,33,Thiruvarur,OFFICER-TN-162,2026-03-06 04:27:07,CHECKPOST_ENHANCED_SURVEILLANCE,CLOSED,LOW
TCK-2026-00523,ALT-2026-00722,30,Ramanathapuram,OFFICER-TN-197,2025-05-23 10:59:16,IMMEDIATE_PATROL_DISPATCH,OPEN,MEDIUM
TCK-2026-00524,ALT-2026-00157,9,Vellore,OFFICER-TN-114,2026-02-06 09:24:55,HUMAN_INTELLIGENCE_INSPECTION,CLOSED,HIGH
TCK-2026-00525,ALT-2026-00948,21,Kallakurichi,OFFICER-TN-186,2025-02-08 10:10:38,IMMEDIATE_PATROL_DISPATCH,ESCALATED,LOW
TCK-2026-00526,ALT-2026-00993,33,Thiruvarur,OFFICER-TN-112,2026-04-28 09:28:49,IMMEDIATE_PATROL_DISPATCH,ACTION_COMPLETED,HIGH
TCK-2026-00527,ALT-2026-00986,26,Ariyalur,OFFICER-TN-123,2025-12-19 05:54:43,INTER_AGENCY_COORDINATION,CLOSED,HIGH
TCK-2026-00528,ALT-2026-00946,5,Tiruchirappalli,OFFICER-TN-190,2025-11-24 09:41:32,CHECKPOST_ENHANCED_SURVEILLANCE,ACTION_COMPLETED,LOW
TCK-2026-00529,ALT-2026-00031,9,Vellore,OFFICER-TN-138,2025-09-27 13:53:33,CHECKPOST_ENHANCED_SURVEILLANCE,OPEN,MEDIUM
TCK-2026-00530,ALT-2026-00561,14,Kanniyakumari,OFFICER-TN-144,2026-01-07 07:10:01,HUMAN_INTELLIGENCE_INSPECTION,CLOSED,LOW
TCK-2026-00531,ALT-2026-00482,10,Krishnagiri,OFFICER-TN-188,2026-03-19 04:12:35,IMMEDIATE_PATROL_DISPATCH,ESCALATED,MEDIUM
TCK-2026-00532,ALT-2026-00094,10,Krishnagiri,OFFICER-TN-141,2025-05-24 00:22:50,CHECKPOST_ENHANCED_SURVEILLANCE,ACTION_COMPLETED,MEDIUM
TCK-2026-00533,ALT-2026-00382,5,Tiruchirappalli,OFFICER-TN-101,2026-02-02 05:20:11,HUMAN_INTELLIGENCE_INSPECTION,OPEN,HIGH
TCK-2026-00534,ALT-2026-00884,29,Sivaganga,OFFICER-TN-126,2025-02-27 01:27:00,IMMEDIATE_PATROL_DISPATCH,CLOSED,MEDIUM
TCK-2026-00535,ALT-2026-00665,38,Tiruvannamalai,OFFICER-TN-130,2026-05-09 09:35:17,IMMEDIATE_PATROL_DISPATCH,ESCALATED,MEDIUM
TCK-2026-00536,ALT-2026-00972,17,Chengalpattu,OFFICER-TN-169,2026-03-03 10:23:34,CHECKPOST_ENHANCED_SURVEILLANCE,CLOSED,HIGH
TCK-2026-00537,ALT-2026-00460,19,Cuddalore,OFFICER-TN-152,2026-03-16 14:59:12,IMMEDIATE_PATROL_DISPATCH,ACTION_COMPLETED,HIGH
TCK-2026-00538,ALT-2026-00257,7,Tiruppur,OFFICER-TN-141,2025-12-28 14:38:16,HUMAN_INTELLIGENCE_INSPECTION,IN_PROGRESS,MEDIUM
TCK-2026-00539,ALT-2026-00690,10,Krishnagiri,OFFICER-TN-147,2025-10-18 12:39:12,HUMAN_INTELLIGENCE_INSPECTION,IN_PROGRESS,MEDIUM
TCK-2026-00540,ALT-2026-00626,7,Tiruppur,OFFICER-TN-158,2026-02-08 03:37:51,CHECKPOST_ENHANCED_SURVEILLANCE,IN_PROGRESS,MEDIUM
TCK-2026-00541,ALT-2026-00458,17,Chengalpattu,OFFICER-TN-191,2026-01-08 17:55:45,IMMEDIATE_PATROL_DISPATCH,IN_PROGRESS,HIGH
TCK-2026-00542,ALT-2026-00328,15,Tenkasi,OFFICER-TN-113,2026-02-25 08:58:45,IMMEDIATE_PATROL_DISPATCH,CLOSED,HIGH
TCK-2026-00543,ALT-2026-00314,9,Vellore,OFFICER-TN-173,2025-04-13 12:14:39,CHECKPOST_ENHANCED_SURVEILLANCE,CLOSED,HIGH
TCK-2026-00544,ALT-2026-00092,36,Ranipet,OFFICER-TN-169,2025-11-11 14:54:11,IMMEDIATE_PATROL_DISPATCH,IN_PROGRESS,MEDIUM
TCK-2026-00545,ALT-2026-00274,16,Kancheepuram,OFFICER-TN-183,2025-05-11 05:32:13,CHECKPOST_ENHANCED_SURVEILLANCE,ACTION_COMPLETED,MEDIUM
TCK-2026-00546,ALT-2026-00875,37,Tirupathur,OFFICER-TN-157,2025-11-06 06:43:10,HUMAN_INTELLIGENCE_INSPECTION,ESCALATED,HIGH
TCK-2026-00547,ALT-2026-00104,29,Sivaganga,OFFICER-TN-120,2025-09-15 05:45:24,HUMAN_INTELLIGENCE_INSPECTION,CLOSED,LOW
TCK-2026-00548,ALT-2026-00100,20,Viluppuram,OFFICER-TN-146,2025-06-26 03:28:21,HUMAN_INTELLIGENCE_INSPECTION,CLOSED,MEDIUM
TCK-2026-00549,ALT-2026-00475,2,Coimbatore,OFFICER-TN-134,2025-05-12 11:17:52,CHECKPOST_ENHANCED_SURVEILLANCE,OPEN,MEDIUM
TCK-2026-00550,ALT-2026-00430,26,Ariyalur,OFFICER-TN-136,2026-03-17 17:43:54,IMMEDIATE_PATROL_DISPATCH,IN_PROGRESS,LOW
TCK-2026-00551,ALT-2026-00936,9,Vellore,OFFICER-TN-139,2025-10-14 20:09:53,HUMAN_INTELLIGENCE_INSPECTION,IN_PROGRESS,HIGH
TCK-2026-00552,ALT-2026-00049,26,Ariyalur,OFFICER-TN-163,2025-06-02 03:11:58,HUMAN_INTELLIGENCE_INSPECTION,ESCALATED,LOW
TCK-2026-00553,ALT-2026-00937,4,Salem,OFFICER-TN-121,2026-02-24 08:14:50,IMMEDIATE_PATROL_DISPATCH,ACTION_COMPLETED,MEDIUM
TCK-2026-00554,ALT-2026-00430,29,Sivaganga,OFFICER-TN-136,2025-03-10 18:48:36,INTER_AGENCY_COORDINATION,ACTION_COMPLETED,HIGH
TCK-2026-00555,ALT-2026-00979,11,Dindigul,OFFICER-TN-109,2026-04-01 10:31:30,HUMAN_INTELLIGENCE_INSPECTION,CLOSED,HIGH
TCK-2026-00556,ALT-2026-00921,3,Madurai,OFFICER-TN-122,2025-08-21 14:54:27,CHECKPOST_ENHANCED_SURVEILLANCE,IN_PROGRESS,LOW
TCK-2026-00557,ALT-2026-00708,11,Dindigul,OFFICER-TN-125,2026-03-18 04:16:34,HUMAN_INTELLIGENCE_INSPECTION,IN_PROGRESS,MEDIUM
TCK-2026-00558,ALT-2026-00643,30,Ramanathapuram,OFFICER-TN-173,2025-12-10 23:39:57,HUMAN_INTELLIGENCE_INSPECTION,ESCALATED,HIGH
TCK-2026-00559,ALT-2026-00279,14,Kanniyakumari,OFFICER-TN-175,2025-01-03 03:29:22,INTER_AGENCY_COORDINATION,IN_PROGRESS,HIGH
TCK-2026-00560,ALT-2026-00325,17,Chengalpattu,OFFICER-TN-102,2026-04-25 21:29:19,INTER_AGENCY_COORDINATION,OPEN,LOW
TCK-2026-00561,ALT-2026-00339,28,Pudukkottai,OFFICER-TN-112,2025-07-30 13:48:25,INTER_AGENCY_COORDINATION,CLOSED,HIGH
TCK-2026-00562,ALT-2026-00562,8,Erode,OFFICER-TN-120,2025-01-18 05:58:39,HUMAN_INTELLIGENCE_INSPECTION,IN_PROGRESS,HIGH
TCK-2026-00563,ALT-2026-00228,29,Sivaganga,OFFICER-TN-167,2025-04-06 22:54:18,HUMAN_INTELLIGENCE_INSPECTION,CLOSED,MEDIUM
TCK-2026-00564,ALT-2026-00725,34,Nagapattinam,OFFICER-TN-166,2025-11-24 23:37:16,INTER_AGENCY_COORDINATION,IN_PROGRESS,HIGH
TCK-2026-00565,ALT-2026-00620,16,Kancheepuram,OFFICER-TN-115,2025-11-28 03:56:31,INTER_AGENCY_COORDINATION,ACTION_COMPLETED,MEDIUM
TCK-2026-00566,ALT-2026-00169,38,Tiruvannamalai,OFFICER-TN-138,2026-03-31 08:54:15,INTER_AGENCY_COORDINATION,OPEN,LOW
TCK-2026-00567,ALT-2026-00887,1,Chennai,OFFICER-TN-120,2025-06-07 20:38:36,HUMAN_INTELLIGENCE_INSPECTION,ESCALATED,MEDIUM
TCK-2026-00568,ALT-2026-00136,4,Salem,OFFICER-TN-133,2026-01-08 11:34:05,HUMAN_INTELLIGENCE_INSPECTION,CLOSED,HIGH
TCK-2026-00569,ALT-2026-00492,2,Coimbatore,OFFICER-TN-120,2026-04-08 14:09:52,HUMAN_INTELLIGENCE_INSPECTION,OPEN,LOW
TCK-2026-00570,ALT-2026-00603,26,Ariyalur,OFFICER-TN-111,2025-12-27 09:48:01,INTER_AGENCY_COORDINATION,OPEN,LOW
TCK-2026-00571,ALT-2026-00160,10,Krishnagiri,OFFICER-TN-111,2025-01-19 06:42:44,IMMEDIATE_PATROL_DISPATCH,ESCALATED,HIGH
TCK-2026-00572,ALT-2026-00271,16,Kancheepuram,OFFICER-TN-156,2025-04-24 21:03:33,HUMAN_INTELLIGENCE_INSPECTION,CLOSED,HIGH
TCK-2026-00573,ALT-2026-00480,11,Dindigul,OFFICER-TN-178,2025-05-30 07:49:23,INTER_AGENCY_COORDINATION,CLOSED,HIGH
TCK-2026-00574,ALT-2026-00053,5,Tiruchirappalli,OFFICER-TN-105,2026-06-16 13:18:05,HUMAN_INTELLIGENCE_INSPECTION,ACTION_COMPLETED,LOW
TCK-2026-00575,ALT-2026-00620,5,Tiruchirappalli,OFFICER-TN-167,2026-07-06 19:26:30,CHECKPOST_ENHANCED_SURVEILLANCE,IN_PROGRESS,HIGH
TCK-2026-00576,ALT-2026-00037,17,Chengalpattu,OFFICER-TN-179,2026-06-21 23:01:49,IMMEDIATE_PATROL_DISPATCH,IN_PROGRESS,MEDIUM
TCK-2026-00577,ALT-2026-00088,3,Madurai,OFFICER-TN-148,2025-06-29 16:56:44,INTER_AGENCY_COORDINATION,ESCALATED,HIGH
TCK-2026-00578,ALT-2026-00149,29,Sivaganga,OFFICER-TN-178,2025-04-14 15:24:56,IMMEDIATE_PATROL_DISPATCH,OPEN,HIGH
TCK-2026-00579,ALT-2026-00162,34,Nagapattinam,OFFICER-TN-139,2025-12-12 23:13:10,HUMAN_INTELLIGENCE_INSPECTION,CLOSED,LOW
TCK-2026-00580,ALT-2026-00385,13,Thoothukudi,OFFICER-TN-144,2025-03-25 22:28:21,INTER_AGENCY_COORDINATION,ACTION_COMPLETED,HIGH
TCK-2026-00581,ALT-2026-00421,13,Thoothukudi,OFFICER-TN-196,2025-09-29 03:41:33,IMMEDIATE_PATROL_DISPATCH,ACTION_COMPLETED,HIGH
TCK-2026-00582,ALT-2026-00498,3,Madurai,OFFICER-TN-109,2025-09-24 14:52:04,HUMAN_INTELLIGENCE_INSPECTION,ACTION_COMPLETED,LOW
TCK-2026-00583,ALT-2026-00060,29,Sivaganga,OFFICER-TN-157,2025-07-02 04:48:13,IMMEDIATE_PATROL_DISPATCH,ESCALATED,LOW
TCK-2026-00584,ALT-2026-00598,11,Dindigul,OFFICER-TN-166,2025-12-03 15:31:29,CHECKPOST_ENHANCED_SURVEILLANCE,IN_PROGRESS,MEDIUM
TCK-2026-00585,ALT-2026-01003,1,Chennai,OFFICER-TN-162,2026-05-19 01:59:14,HUMAN_INTELLIGENCE_INSPECTION,IN_PROGRESS,LOW
TCK-2026-00586,ALT-2026-00021,32,Theni,OFFICER-TN-153,2025-03-17 04:21:42,CHECKPOST_ENHANCED_SURVEILLANCE,CLOSED,HIGH
TCK-2026-00587,ALT-2026-01048,9,Vellore,OFFICER-TN-103,2025-01-28 06:40:15,HUMAN_INTELLIGENCE_INSPECTION,ESCALATED,MEDIUM
TCK-2026-00588,ALT-2026-01032,10,Krishnagiri,OFFICER-TN-180,2026-05-01 04:41:59,IMMEDIATE_PATROL_DISPATCH,CLOSED,MEDIUM
TCK-2026-00589,ALT-2026-00270,11,Dindigul,OFFICER-TN-190,2026-07-02 15:19:37,CHECKPOST_ENHANCED_SURVEILLANCE,ESCALATED,HIGH
TCK-2026-00590,ALT-2026-00615,13,Thoothukudi,OFFICER-TN-197,2026-06-22 04:01:09,HUMAN_INTELLIGENCE_INSPECTION,ACTION_COMPLETED,HIGH
TCK-2026-00591,ALT-2026-00599,16,Kancheepuram,OFFICER-TN-171,2026-02-03 22:13:16,IMMEDIATE_PATROL_DISPATCH,IN_PROGRESS,MEDIUM
TCK-2026-00592,ALT-2026-00706,11,Dindigul,OFFICER-TN-195,2025-10-29 03:29:49,CHECKPOST_ENHANCED_SURVEILLANCE,ACTION_COMPLETED,LOW
TCK-2026-00593,ALT-2026-00521,7,Tiruppur,OFFICER-TN-183,2026-04-27 00:34:01,CHECKPOST_ENHANCED_SURVEILLANCE,CLOSED,LOW
TCK-2026-00594,ALT-2026-00871,20,Viluppuram,OFFICER-TN-118,2026-06-19 06:29:48,CHECKPOST_ENHANCED_SURVEILLANCE,IN_PROGRESS,HIGH
TCK-2026-00595,ALT-2026-00290,16,Kancheepuram,OFFICER-TN-146,2025-11-19 23:07:28,INTER_AGENCY_COORDINATION,CLOSED,LOW
TCK-2026-00596,ALT-2026-00503,2,Coimbatore,OFFICER-TN-127,2025-10-22 01:54:56,CHECKPOST_ENHANCED_SURVEILLANCE,IN_PROGRESS,HIGH
TCK-2026-00597,ALT-2026-00234,6,Tirunelveli,OFFICER-TN-172,2025-10-28 16:52:30,IMMEDIATE_PATROL_DISPATCH,IN_PROGRESS,LOW
TCK-2026-00598,ALT-2026-00502,20,Viluppuram,OFFICER-TN-177,2025-07-03 19:53:21,HUMAN_INTELLIGENCE_INSPECTION,IN_PROGRESS,MEDIUM
TCK-2026-00599,ALT-2026-00865,15,Tenkasi,OFFICER-TN-199,2025-08-19 16:26:50,HUMAN_INTELLIGENCE_INSPECTION,ESCALATED,HIGH
TCK-2026-00600,ALT-2026-00051,27,Perambalur,OFFICER-TN-162,2026-07-21 16:39:12,HUMAN_INTELLIGENCE_INSPECTION,OPEN,MEDIUM
TCK-2026-00601,ALT-2026-00576,34,Nagapattinam,OFFICER-TN-189,2025-12-11 06:20:27,IMMEDIATE_PATROL_DISPATCH,ESCALATED,HIGH
TCK-2026-00602,ALT-2026-00713,35,Mayiladuthurai,OFFICER-TN-159,2025-09-05 01:47:10,CHECKPOST_ENHANCED_SURVEILLANCE,ACTION_COMPLETED,HIGH
TCK-2026-00603,ALT-2026-00731,23,Namakkal,OFFICER-TN-142,2026-07-27 19:32:18,IMMEDIATE_PATROL_DISPATCH,OPEN,MEDIUM
TCK-2026-00604,ALT-2026-00069,32,Theni,OFFICER-TN-160,2025-10-12 14:59:54,CHECKPOST_ENHANCED_SURVEILLANCE,ACTION_COMPLETED,LOW
TCK-2026-00605,ALT-2026-00607,19,Cuddalore,OFFICER-TN-192,2026-02-21 04:51:29,HUMAN_INTELLIGENCE_INSPECTION,CLOSED,LOW
TCK-2026-00606,ALT-2026-00010,24,Nilgiris,OFFICER-TN-168,2025-09-15 21:05:09,IMMEDIATE_PATROL_DISPATCH,CLOSED,LOW
TCK-2026-00607,ALT-2026-00597,20,Viluppuram,OFFICER-TN-151,2025-01-05 03:00:21,HUMAN_INTELLIGENCE_INSPECTION,ACTION_COMPLETED,HIGH
TCK-2026-00608,ALT-2026-00448,24,Nilgiris,OFFICER-TN-192,2026-04-28 04:31:43,HUMAN_INTELLIGENCE_INSPECTION,CLOSED,HIGH
TCK-2026-00609,ALT-2026-00747,14,Kanniyakumari,OFFICER-TN-186,2025-04-05 06:32:16,HUMAN_INTELLIGENCE_INSPECTION,ACTION_COMPLETED,LOW
TCK-2026-00610,ALT-2026-00275,20,Viluppuram,OFFICER-TN-126,2025-09-06 06:37:58,CHECKPOST_ENHANCED_SURVEILLANCE,ACTION_COMPLETED,LOW
TCK-2026-00611,ALT-2026-00328,11,Dindigul,OFFICER-TN-102,2025-12-13 03:40:49,IMMEDIATE_PATROL_DISPATCH,ACTION_COMPLETED,LOW
TCK-2026-00612,ALT-2026-00577,3,Madurai,OFFICER-TN-174,2026-04-11 07:07:36,INTER_AGENCY_COORDINATION,OPEN,LOW
TCK-2026-00613,ALT-2026-00742,31,Virudhunagar,OFFICER-TN-131,2026-02-19 03:56:14,IMMEDIATE_PATROL_DISPATCH,ACTION_COMPLETED,LOW
TCK-2026-00614,ALT-2026-00564,5,Tiruchirappalli,OFFICER-TN-147,2025-04-17 12:36:39,INTER_AGENCY_COORDINATION,IN_PROGRESS,HIGH
TCK-2026-00615,ALT-2026-00272,2,Coimbatore,OFFICER-TN-129,2026-08-18 21:06:29,IMMEDIATE_PATROL_DISPATCH,ACTION_COMPLETED,HIGH
TCK-2026-00616,ALT-2026-00477,24,Nilgiris,OFFICER-TN-148,2026-04-04 01:40:15,CHECKPOST_ENHANCED_SURVEILLANCE,ESCALATED,MEDIUM
TCK-2026-00617,ALT-2026-00466,21,Kallakurichi,OFFICER-TN-150,2025-01-12 06:05:22,INTER_AGENCY_COORDINATION,ESCALATED,HIGH
TCK-2026-00618,ALT-2026-00033,36,Ranipet,OFFICER-TN-179,2025-03-21 17:46:40,IMMEDIATE_PATROL_DISPATCH,ESCALATED,LOW
TCK-2026-00619,ALT-2026-00649,37,Tirupathur,OFFICER-TN-152,2026-07-13 15:51:03,CHECKPOST_ENHANCED_SURVEILLANCE,CLOSED,LOW
TCK-2026-00620,ALT-2026-00307,4,Salem,OFFICER-TN-143,2025-12-24 04:26:18,IMMEDIATE_PATROL_DISPATCH,ACTION_COMPLETED,LOW
TCK-2026-00621,ALT-2026-00266,2,Coimbatore,OFFICER-TN-182,2026-04-02 02:40:19,IMMEDIATE_PATROL_DISPATCH,OPEN,HIGH
TCK-2026-00622,ALT-2026-00717,32,Theni,OFFICER-TN-161,2025-06-24 09:53:12,IMMEDIATE_PATROL_DISPATCH,CLOSED,LOW
TCK-2026-00623,ALT-2026-00547,8,Erode,OFFICER-TN-163,2025-06-07 12:54:55,IMMEDIATE_PATROL_DISPATCH,CLOSED,MEDIUM
TCK-2026-00624,ALT-2026-00629,35,Mayiladuthurai,OFFICER-TN-125,2025-08-15 17:25:31,IMMEDIATE_PATROL_DISPATCH,ESCALATED,MEDIUM
TCK-2026-00625,ALT-2026-00179,29,Sivaganga,OFFICER-TN-197,2026-02-20 21:05:22,IMMEDIATE_PATROL_DISPATCH,ESCALATED,HIGH
TCK-2026-00626,ALT-2026-00331,12,Thanjavur,OFFICER-TN-160,2026-02-07 16:40:15,HUMAN_INTELLIGENCE_INSPECTION,IN_PROGRESS,LOW
TCK-2026-00627,ALT-2026-00420,15,Tenkasi,OFFICER-TN-108,2025-11-27 02:05:20,HUMAN_INTELLIGENCE_INSPECTION,ESCALATED,HIGH
TCK-2026-00628,ALT-2026-00952,31,Virudhunagar,OFFICER-TN-106,2025-02-25 18:29:39,HUMAN_INTELLIGENCE_INSPECTION,IN_PROGRESS,HIGH
TCK-2026-00629,ALT-2026-00883,19,Cuddalore,OFFICER-TN-170,2025-11-23 04:25:33,INTER_AGENCY_COORDINATION,IN_PROGRESS,HIGH
TCK-2026-00630,ALT-2026-00246,28,Pudukkottai,OFFICER-TN-135,2026-07-09 08:56:03,HUMAN_INTELLIGENCE_INSPECTION,CLOSED,LOW
TCK-2026-00631,ALT-2026-00587,18,Tiruvallur,OFFICER-TN-101,2025-10-10 22:38:44,IMMEDIATE_PATROL_DISPATCH,CLOSED,MEDIUM
TCK-2026-00632,ALT-2026-00294,30,Ramanathapuram,OFFICER-TN-179,2026-03-19 02:07:04,IMMEDIATE_PATROL_DISPATCH,OPEN,HIGH
TCK-2026-00633,ALT-2026-00472,24,Nilgiris,OFFICER-TN-176,2026-05-19 15:23:35,HUMAN_INTELLIGENCE_INSPECTION,OPEN,MEDIUM
TCK-2026-00634,ALT-2026-00842,10,Krishnagiri,OFFICER-TN-123,2025-11-08 02:59:48,IMMEDIATE_PATROL_DISPATCH,ACTION_COMPLETED,HIGH
TCK-2026-00635,ALT-2026-00736,14,Kanniyakumari,OFFICER-TN-158,2026-04-14 00:56:53,HUMAN_INTELLIGENCE_INSPECTION,ESCALATED,LOW
TCK-2026-00636,ALT-2026-00471,23,Namakkal,OFFICER-TN-165,2025-12-30 13:31:15,IMMEDIATE_PATROL_DISPATCH,OPEN,HIGH
TCK-2026-00637,ALT-2026-00045,30,Ramanathapuram,OFFICER-TN-122,2026-05-11 08:25:29,CHECKPOST_ENHANCED_SURVEILLANCE,CLOSED,HIGH
TCK-2026-00638,ALT-2026-00964,9,Vellore,OFFICER-TN-147,2026-07-24 12:38:53,HUMAN_INTELLIGENCE_INSPECTION,OPEN,HIGH
TCK-2026-00639,ALT-2026-01013,10,Krishnagiri,OFFICER-TN-167,2026-08-16 02:08:26,CHECKPOST_ENHANCED_SURVEILLANCE,OPEN,LOW
TCK-2026-00640,ALT-2026-00819,36,Ranipet,OFFICER-TN-130,2025-10-19 20:05:32,HUMAN_INTELLIGENCE_INSPECTION,CLOSED,MEDIUM
TCK-2026-00641,ALT-2026-00908,29,Sivaganga,OFFICER-TN-158,2026-03-01 16:35:56,IMMEDIATE_PATROL_DISPATCH,ESCALATED,HIGH
TCK-2026-00642,ALT-2026-00292,1,Chennai,OFFICER-TN-102,2025-01-03 05:55:54,CHECKPOST_ENHANCED_SURVEILLANCE,ACTION_COMPLETED,HIGH
TCK-2026-00643,ALT-2026-00681,35,Mayiladuthurai,OFFICER-TN-169,2026-02-27 09:27:33,IMMEDIATE_PATROL_DISPATCH,ACTION_COMPLETED,HIGH
TCK-2026-00644,ALT-2026-00504,10,Krishnagiri,OFFICER-TN-156,2025-03-24 03:25:34,INTER_AGENCY_COORDINATION,IN_PROGRESS,HIGH
TCK-2026-00645,ALT-2026-00399,3,Madurai,OFFICER-TN-142,2025-10-12 19:00:46,CHECKPOST_ENHANCED_SURVEILLANCE,ACTION_COMPLETED,LOW
TCK-2026-00646,ALT-2026-00615,32,Theni,OFFICER-TN-109,2026-04-28 01:09:06,INTER_AGENCY_COORDINATION,OPEN,LOW
TCK-2026-00647,ALT-2026-00444,36,Ranipet,OFFICER-TN-107,2025-10-31 10:32:41,INTER_AGENCY_COORDINATION,OPEN,HIGH
TCK-2026-00648,ALT-2026-00253,11,Dindigul,OFFICER-TN-154,2026-01-24 21:04:15,CHECKPOST_ENHANCED_SURVEILLANCE,ESCALATED,MEDIUM
TCK-2026-00649,ALT-2026-00408,2,Coimbatore,OFFICER-TN-162,2026-05-17 20:28:57,CHECKPOST_ENHANCED_SURVEILLANCE,ESCALATED,HIGH
TCK-2026-00650,ALT-2026-00431,27,Perambalur,OFFICER-TN-167,2026-01-04 23:31:25,INTER_AGENCY_COORDINATION,IN_PROGRESS,LOW
TCK-2026-00651,ALT-2026-00051,5,Tiruchirappalli,OFFICER-TN-188,2025-05-08 07:07:53,HUMAN_INTELLIGENCE_INSPECTION,CLOSED,HIGH
TCK-2026-00652,ALT-2026-00649,1,Chennai,OFFICER-TN-128,2025-10-02 16:42:30,CHECKPOST_ENHANCED_SURVEILLANCE,ESCALATED,HIGH
TCK-2026-00653,ALT-2026-00925,21,Kallakurichi,OFFICER-TN-165,2025-10-16 06:13:42,HUMAN_INTELLIGENCE_INSPECTION,OPEN,MEDIUM
TCK-2026-00654,ALT-2026-00307,33,Thiruvarur,OFFICER-TN-183,2025-12-08 18:55:49,HUMAN_INTELLIGENCE_INSPECTION,OPEN,HIGH
TCK-2026-00655,ALT-2026-00632,26,Ariyalur,OFFICER-TN-115,2025-04-07 09:52:17,IMMEDIATE_PATROL_DISPATCH,ESCALATED,LOW
TCK-2026-00656,ALT-2026-00181,9,Vellore,OFFICER-TN-142,2026-06-06 10:43:29,IMMEDIATE_PATROL_DISPATCH,ESCALATED,HIGH
TCK-2026-00657,ALT-2026-00303,11,Dindigul,OFFICER-TN-171,2025-02-05 11:46:46,HUMAN_INTELLIGENCE_INSPECTION,ESCALATED,MEDIUM
TCK-2026-00658,ALT-2026-00734,11,Dindigul,OFFICER-TN-153,2026-02-12 19:31:20,HUMAN_INTELLIGENCE_INSPECTION,ACTION_COMPLETED,MEDIUM
TCK-2026-00659,ALT-2026-00034,30,Ramanathapuram,OFFICER-TN-183,2025-08-13 03:41:20,INTER_AGENCY_COORDINATION,ACTION_COMPLETED,LOW
TCK-2026-00660,ALT-2026-00931,35,Mayiladuthurai,OFFICER-TN-188,2026-05-17 08:01:46,HUMAN_INTELLIGENCE_INSPECTION,IN_PROGRESS,MEDIUM
TCK-2026-00661,ALT-2026-00854,27,Perambalur,OFFICER-TN-168,2025-12-10 15:51:56,INTER_AGENCY_COORDINATION,ACTION_COMPLETED,MEDIUM
TCK-2026-00662,ALT-2026-00754,6,Tirunelveli,OFFICER-TN-104,2025-09-26 14:51:05,CHECKPOST_ENHANCED_SURVEILLANCE,ESCALATED,MEDIUM
TCK-2026-00663,ALT-2026-00462,21,Kallakurichi,OFFICER-TN-119,2026-01-13 09:27:16,IMMEDIATE_PATROL_DISPATCH,IN_PROGRESS,MEDIUM
TCK-2026-00664,ALT-2026-00354,37,Tirupathur,OFFICER-TN-161,2025-04-08 04:33:02,IMMEDIATE_PATROL_DISPATCH,OPEN,LOW
TCK-2026-00665,ALT-2026-00677,25,Karur,OFFICER-TN-181,2025-12-07 03:46:56,INTER_AGENCY_COORDINATION,IN_PROGRESS,LOW
TCK-2026-00666,ALT-2026-00746,24,Nilgiris,OFFICER-TN-174,2025-11-02 02:11:51,IMMEDIATE_PATROL_DISPATCH,ESCALATED,MEDIUM
TCK-2026-00667,ALT-2026-01010,10,Krishnagiri,OFFICER-TN-140,2025-09-26 06:06:10,CHECKPOST_ENHANCED_SURVEILLANCE,ACTION_COMPLETED,MEDIUM
TCK-2026-00668,ALT-2026-00906,8,Erode,OFFICER-TN-121,2026-01-07 01:45:52,IMMEDIATE_PATROL_DISPATCH,CLOSED,LOW
TCK-2026-00669,ALT-2026-01008,1,Chennai,OFFICER-TN-123,2025-11-16 23:59:09,IMMEDIATE_PATROL_DISPATCH,ESCALATED,HIGH
TCK-2026-00670,ALT-2026-00341,19,Cuddalore,OFFICER-TN-176,2025-02-18 07:14:28,INTER_AGENCY_COORDINATION,ESCALATED,MEDIUM
TCK-2026-00671,ALT-2026-00729,30,Ramanathapuram,OFFICER-TN-190,2025-07-01 07:48:11,INTER_AGENCY_COORDINATION,CLOSED,LOW
TCK-2026-00672,ALT-2026-00439,18,Tiruvallur,OFFICER-TN-172,2026-01-26 14:11:43,CHECKPOST_ENHANCED_SURVEILLANCE,IN_PROGRESS,MEDIUM
TCK-2026-00673,ALT-2026-00720,25,Karur,OFFICER-TN-170,2026-06-06 10:04:19,IMMEDIATE_PATROL_DISPATCH,OPEN,LOW
TCK-2026-00674,ALT-2026-00546,17,Chengalpattu,OFFICER-TN-156,2025-02-01 20:04:33,INTER_AGENCY_COORDINATION,IN_PROGRESS,MEDIUM
TCK-2026-00675,ALT-2026-00331,24,Nilgiris,OFFICER-TN-176,2025-07-17 14:22:13,CHECKPOST_ENHANCED_SURVEILLANCE,ACTION_COMPLETED,LOW
TCK-2026-00676,ALT-2026-00062,29,Sivaganga,OFFICER-TN-191,2026-01-24 22:27:21,IMMEDIATE_PATROL_DISPATCH,ESCALATED,MEDIUM
TCK-2026-00677,ALT-2026-00271,5,Tiruchirappalli,OFFICER-TN-173,2025-01-07 22:51:04,IMMEDIATE_PATROL_DISPATCH,ACTION_COMPLETED,HIGH
TCK-2026-00678,ALT-2026-00618,30,Ramanathapuram,OFFICER-TN-195,2025-09-09 16:20:42,INTER_AGENCY_COORDINATION,CLOSED,LOW
TCK-2026-00679,ALT-2026-00193,1,Chennai,OFFICER-TN-178,2026-02-26 06:19:06,CHECKPOST_ENHANCED_SURVEILLANCE,IN_PROGRESS,HIGH
TCK-2026-00680,ALT-2026-00769,21,Kallakurichi,OFFICER-TN-129,2025-09-26 04:32:15,CHECKPOST_ENHANCED_SURVEILLANCE,OPEN,LOW
TCK-2026-00681,ALT-2026-00223,37,Tirupathur,OFFICER-TN-153,2026-03-02 17:22:56,IMMEDIATE_PATROL_DISPATCH,ESCALATED,LOW
TCK-2026-00682,ALT-2026-00477,8,Erode,OFFICER-TN-161,2026-05-20 20:57:10,HUMAN_INTELLIGENCE_INSPECTION,ACTION_COMPLETED,LOW
TCK-2026-00683,ALT-2026-00014,9,Vellore,OFFICER-TN-170,2026-07-14 18:35:49,INTER_AGENCY_COORDINATION,ESCALATED,MEDIUM
TCK-2026-00684,ALT-2026-00897,2,Coimbatore,OFFICER-TN-149,2025-01-19 16:00:48,CHECKPOST_ENHANCED_SURVEILLANCE,CLOSED,HIGH
TCK-2026-00685,ALT-2026-00280,19,Cuddalore,OFFICER-TN-184,2026-05-22 13:24:39,IMMEDIATE_PATROL_DISPATCH,ESCALATED,HIGH
TCK-2026-00686,ALT-2026-00210,7,Tiruppur,OFFICER-TN-189,2025-12-13 12:08:51,IMMEDIATE_PATROL_DISPATCH,OPEN,HIGH
TCK-2026-00687,ALT-2026-00604,10,Krishnagiri,OFFICER-TN-127,2025-03-03 18:44:26,CHECKPOST_ENHANCED_SURVEILLANCE,CLOSED,LOW
TCK-2026-00688,ALT-2026-00488,35,Mayiladuthurai,OFFICER-TN-169,2025-02-18 22:28:26,HUMAN_INTELLIGENCE_INSPECTION,ACTION_COMPLETED,HIGH
TCK-2026-00689,ALT-2026-00320,31,Virudhunagar,OFFICER-TN-160,2026-03-18 17:28:32,HUMAN_INTELLIGENCE_INSPECTION,ESCALATED,HIGH
TCK-2026-00690,ALT-2026-00108,24,Nilgiris,OFFICER-TN-119,2026-02-14 15:48:57,INTER_AGENCY_COORDINATION,IN_PROGRESS,MEDIUM
TCK-2026-00691,ALT-2026-00411,34,Nagapattinam,OFFICER-TN-145,2026-06-29 20:22:00,CHECKPOST_ENHANCED_SURVEILLANCE,ACTION_COMPLETED,MEDIUM
TCK-2026-00692,ALT-2026-00017,15,Tenkasi,OFFICER-TN-163,2025-08-18 13:27:53,IMMEDIATE_PATROL_DISPATCH,IN_PROGRESS,LOW
TCK-2026-00693,ALT-2026-00734,30,Ramanathapuram,OFFICER-TN-129,2026-01-27 01:54:49,HUMAN_INTELLIGENCE_INSPECTION,IN_PROGRESS,HIGH
TCK-2026-00694,ALT-2026-00127,1,Chennai,OFFICER-TN-105,2026-04-02 05:35:53,INTER_AGENCY_COORDINATION,ESCALATED,HIGH
TCK-2026-00695,ALT-2026-00938,8,Erode,OFFICER-TN-152,2025-01-17 23:22:30,INTER_AGENCY_COORDINATION,ESCALATED,MEDIUM
TCK-2026-00696,ALT-2026-00781,21,Kallakurichi,OFFICER-TN-178,2025-12-10 23:26:34,INTER_AGENCY_COORDINATION,CLOSED,HIGH
TCK-2026-00697,ALT-2026-00517,3,Madurai,OFFICER-TN-124,2026-04-23 11:35:06,INTER_AGENCY_COORDINATION,CLOSED,MEDIUM
TCK-2026-00698,ALT-2026-00755,9,Vellore,OFFICER-TN-105,2025-12-29 23:41:45,CHECKPOST_ENHANCED_SURVEILLANCE,ESCALATED,HIGH
TCK-2026-00699,ALT-2026-00412,28,Pudukkottai,OFFICER-TN-123,2026-07-13 09:59:24,HUMAN_INTELLIGENCE_INSPECTION,OPEN,LOW
TCK-2026-00700,ALT-2026-01047,20,Viluppuram,OFFICER-TN-101,2025-01-27 02:31:48,IMMEDIATE_PATROL_DISPATCH,ACTION_COMPLETED,LOW
TCK-2026-00701,ALT-2026-00095,10,Krishnagiri,OFFICER-TN-186,2026-04-12 02:07:40,CHECKPOST_ENHANCED_SURVEILLANCE,OPEN,LOW
TCK-2026-00702,ALT-2026-00533,33,Thiruvarur,OFFICER-TN-146,2025-07-12 14:04:36,IMMEDIATE_PATROL_DISPATCH,OPEN,HIGH
TCK-2026-00703,ALT-2026-00432,17,Chengalpattu,OFFICER-TN-160,2025-10-31 20:44:51,IMMEDIATE_PATROL_DISPATCH,IN_PROGRESS,LOW
TCK-2026-00704,ALT-2026-00630,6,Tirunelveli,OFFICER-TN-182,2025-01-25 13:45:38,CHECKPOST_ENHANCED_SURVEILLANCE,CLOSED,MEDIUM
TCK-2026-00705,ALT-2026-00713,7,Tiruppur,OFFICER-TN-192,2026-06-28 12:05:56,CHECKPOST_ENHANCED_SURVEILLANCE,OPEN,HIGH
TCK-2026-00706,ALT-2026-00138,3,Madurai,OFFICER-TN-195,2025-03-26 14:26:22,INTER_AGENCY_COORDINATION,ESCALATED,LOW
TCK-2026-00707,ALT-2026-00336,34,Nagapattinam,OFFICER-TN-180,2025-01-25 21:47:28,CHECKPOST_ENHANCED_SURVEILLANCE,ESCALATED,LOW
TCK-2026-00708,ALT-2026-00977,21,Kallakurichi,OFFICER-TN-136,2026-07-30 15:28:00,HUMAN_INTELLIGENCE_INSPECTION,CLOSED,MEDIUM
TCK-2026-00709,ALT-2026-00119,21,Kallakurichi,OFFICER-TN-143,2025-08-17 22:46:28,INTER_AGENCY_COORDINATION,ACTION_COMPLETED,HIGH
TCK-2026-00710,ALT-2026-00337,2,Coimbatore,OFFICER-TN-181,2025-11-19 14:13:36,HUMAN_INTELLIGENCE_INSPECTION,IN_PROGRESS,HIGH
TCK-2026-00711,ALT-2026-00954,32,Theni,OFFICER-TN-175,2025-01-11 15:54:35,INTER_AGENCY_COORDINATION,IN_PROGRESS,LOW
TCK-2026-00712,ALT-2026-00361,2,Coimbatore,OFFICER-TN-130,2026-06-07 19:16:52,CHECKPOST_ENHANCED_SURVEILLANCE,ESCALATED,LOW
TCK-2026-00713,ALT-2026-00713,31,Virudhunagar,OFFICER-TN-158,2025-09-28 18:42:59,HUMAN_INTELLIGENCE_INSPECTION,OPEN,MEDIUM
TCK-2026-00714,ALT-2026-00675,33,Thiruvarur,OFFICER-TN-121,2026-04-06 12:19:24,IMMEDIATE_PATROL_DISPATCH,ESCALATED,MEDIUM
TCK-2026-00715,ALT-2026-00124,24,Nilgiris,OFFICER-TN-101,2026-02-25 15:45:49,INTER_AGENCY_COORDINATION,IN_PROGRESS,MEDIUM
TCK-2026-00716,ALT-2026-00610,19,Cuddalore,OFFICER-TN-190,2025-09-16 15:19:55,INTER_AGENCY_COORDINATION,ACTION_COMPLETED,MEDIUM
TCK-2026-00717,ALT-2026-00452,19,Cuddalore,OFFICER-TN-157,2025-03-07 13:06:24,HUMAN_INTELLIGENCE_INSPECTION,OPEN,HIGH
TCK-2026-00718,ALT-2026-00327,24,Nilgiris,OFFICER-TN-198,2025-08-25 04:00:24,INTER_AGENCY_COORDINATION,OPEN,HIGH
TCK-2026-00719,ALT-2026-00078,24,Nilgiris,OFFICER-TN-170,2025-05-05 06:41:50,CHECKPOST_ENHANCED_SURVEILLANCE,OPEN,LOW
TCK-2026-00720,ALT-2026-00255,19,Cuddalore,OFFICER-TN-105,2025-10-29 08:35:24,IMMEDIATE_PATROL_DISPATCH,ACTION_COMPLETED,MEDIUM
TCK-2026-00721,ALT-2026-00930,37,Tirupathur,OFFICER-TN-125,2026-01-28 20:26:15,HUMAN_INTELLIGENCE_INSPECTION,OPEN,HIGH
TCK-2026-00722,ALT-2026-00912,38,Tiruvannamalai,OFFICER-TN-133,2025-07-18 05:19:06,INTER_AGENCY_COORDINATION,IN_PROGRESS,MEDIUM
TCK-2026-00723,ALT-2026-00669,15,Tenkasi,OFFICER-TN-150,2026-03-01 22:46:22,IMMEDIATE_PATROL_DISPATCH,OPEN,HIGH
TCK-2026-00724,ALT-2026-00411,22,Dharmapuri,OFFICER-TN-181,2026-03-03 11:06:50,INTER_AGENCY_COORDINATION,ACTION_COMPLETED,LOW
TCK-2026-00725,ALT-2026-00051,28,Pudukkottai,OFFICER-TN-101,2025-07-02 08:32:01,HUMAN_INTELLIGENCE_INSPECTION,ACTION_COMPLETED,LOW
TCK-2026-00726,ALT-2026-00589,16,Kancheepuram,OFFICER-TN-107,2025-07-02 10:58:53,HUMAN_INTELLIGENCE_INSPECTION,ACTION_COMPLETED,HIGH
TCK-2026-00727,ALT-2026-00086,3,Madurai,OFFICER-TN-161,2025-06-02 17:20:49,INTER_AGENCY_COORDINATION,OPEN,LOW
TCK-2026-00728,ALT-2026-00722,2,Coimbatore,OFFICER-TN-165,2026-03-22 07:34:59,IMMEDIATE_PATROL_DISPATCH,IN_PROGRESS,HIGH
TCK-2026-00729,ALT-2026-00414,29,Sivaganga,OFFICER-TN-124,2025-08-25 11:17:40,HUMAN_INTELLIGENCE_INSPECTION,CLOSED,MEDIUM
TCK-2026-00730,ALT-2026-00331,38,Tiruvannamalai,OFFICER-TN-165,2024-12-31 02:01:45,INTER_AGENCY_COORDINATION,IN_PROGRESS,LOW
TCK-2026-00731,ALT-2026-00800,25,Karur,OFFICER-TN-173,2026-07-02 23:20:08,INTER_AGENCY_COORDINATION,ESCALATED,MEDIUM
TCK-2026-00732,ALT-2026-00615,24,Nilgiris,OFFICER-TN-117,2025-05-19 00:19:15,INTER_AGENCY_COORDINATION,ACTION_COMPLETED,MEDIUM
TCK-2026-00733,ALT-2026-00411,26,Ariyalur,OFFICER-TN-152,2025-05-19 12:22:24,INTER_AGENCY_COORDINATION,ESCALATED,HIGH
TCK-2026-00734,ALT-2026-00126,23,Namakkal,OFFICER-TN-187,2025-01-14 18:39:21,IMMEDIATE_PATROL_DISPATCH,OPEN,MEDIUM
TCK-2026-00735,ALT-2026-00854,25,Karur,OFFICER-TN-105,2026-06-23 05:58:07,IMMEDIATE_PATROL_DISPATCH,CLOSED,LOW
TCK-2026-00736,ALT-2026-00908,4,Salem,OFFICER-TN-172,2025-09-06 22:23:41,IMMEDIATE_PATROL_DISPATCH,OPEN,LOW
TCK-2026-00737,ALT-2026-00144,33,Thiruvarur,OFFICER-TN-187,2025-01-15 04:43:57,IMMEDIATE_PATROL_DISPATCH,CLOSED,HIGH
TCK-2026-00738,ALT-2026-00792,17,Chengalpattu,OFFICER-TN-144,2025-08-09 19:10:48,HUMAN_INTELLIGENCE_INSPECTION,CLOSED,HIGH
TCK-2026-00739,ALT-2026-01035,4,Salem,OFFICER-TN-186,2026-02-12 23:03:28,INTER_AGENCY_COORDINATION,CLOSED,MEDIUM
TCK-2026-00740,ALT-2026-00530,15,Tenkasi,OFFICER-TN-185,2025-08-01 12:32:58,CHECKPOST_ENHANCED_SURVEILLANCE,OPEN,LOW
TCK-2026-00741,ALT-2026-00642,1,Chennai,OFFICER-TN-115,2026-01-15 01:15:45,IMMEDIATE_PATROL_DISPATCH,CLOSED,LOW
TCK-2026-00742,ALT-2026-00305,33,Thiruvarur,OFFICER-TN-119,2025-04-06 14:48:03,HUMAN_INTELLIGENCE_INSPECTION,ESCALATED,HIGH
TCK-2026-00743,ALT-2026-00651,24,Nilgiris,OFFICER-TN-168,2025-09-26 14:13:33,IMMEDIATE_PATROL_DISPATCH,ACTION_COMPLETED,MEDIUM
TCK-2026-00744,ALT-2026-00159,31,Virudhunagar,OFFICER-TN-143,2026-01-23 01:53:59,INTER_AGENCY_COORDINATION,IN_PROGRESS,HIGH
TCK-2026-00745,ALT-2026-00983,32,Theni,OFFICER-TN-189,2025-08-23 08:59:09,IMMEDIATE_PATROL_DISPATCH,OPEN,HIGH
TCK-2026-00746,ALT-2026-00744,9,Vellore,OFFICER-TN-116,2025-12-05 20:40:06,INTER_AGENCY_COORDINATION,ACTION_COMPLETED,HIGH
TCK-2026-00747,ALT-2026-00347,36,Ranipet,OFFICER-TN-131,2025-09-17 05:33:25,INTER_AGENCY_COORDINATION,ESCALATED,HIGH
TCK-2026-00748,ALT-2026-00335,23,Namakkal,OFFICER-TN-142,2025-07-18 19:47:25,HUMAN_INTELLIGENCE_INSPECTION,ACTION_COMPLETED,HIGH
TCK-2026-00749,ALT-2026-00695,38,Tiruvannamalai,OFFICER-TN-154,2025-06-21 15:42:25,CHECKPOST_ENHANCED_SURVEILLANCE,CLOSED,MEDIUM
TCK-2026-00750,ALT-2026-00371,1,Chennai,OFFICER-TN-178,2026-01-16 11:35:03,INTER_AGENCY_COORDINATION,IN_PROGRESS,HIGH
TCK-2026-00751,ALT-2026-00121,12,Thanjavur,OFFICER-TN-180,2025-03-05 15:19:19,IMMEDIATE_PATROL_DISPATCH,CLOSED,HIGH
TCK-2026-00752,ALT-2026-00184,14,Kanniyakumari,OFFICER-TN-113,2026-01-03 09:43:42,IMMEDIATE_PATROL_DISPATCH,IN_PROGRESS,LOW
TCK-2026-00753,ALT-2026-00468,23,Namakkal,OFFICER-TN-158,2026-05-20 20:45:26,IMMEDIATE_PATROL_DISPATCH,CLOSED,LOW
TCK-2026-00754,ALT-2026-00196,10,Krishnagiri,OFFICER-TN-183,2026-04-12 01:47:50,HUMAN_INTELLIGENCE_INSPECTION,OPEN,HIGH
TCK-2026-00755,ALT-2026-00762,34,Nagapattinam,OFFICER-TN-144,2025-08-28 13:50:06,INTER_AGENCY_COORDINATION,CLOSED,HIGH
TCK-2026-00756,ALT-2026-00050,31,Virudhunagar,OFFICER-TN-162,2025-06-02 00:58:06,INTER_AGENCY_COORDINATION,ESCALATED,MEDIUM
TCK-2026-00757,ALT-2026-00019,35,Mayiladuthurai,OFFICER-TN-133,2025-11-27 04:05:42,INTER_AGENCY_COORDINATION,CLOSED,MEDIUM
TCK-2026-00758,ALT-2026-00255,11,Dindigul,OFFICER-TN-166,2025-04-12 17:44:39,CHECKPOST_ENHANCED_SURVEILLANCE,IN_PROGRESS,HIGH
TCK-2026-00759,ALT-2026-00322,35,Mayiladuthurai,OFFICER-TN-155,2026-04-23 02:39:49,IMMEDIATE_PATROL_DISPATCH,IN_PROGRESS,HIGH
TCK-2026-00760,ALT-2026-00769,33,Thiruvarur,OFFICER-TN-108,2025-04-08 11:10:21,CHECKPOST_ENHANCED_SURVEILLANCE,OPEN,LOW
TCK-2026-00761,ALT-2026-00384,15,Tenkasi,OFFICER-TN-142,2025-10-01 13:37:35,INTER_AGENCY_COORDINATION,ACTION_COMPLETED,MEDIUM
TCK-2026-00762,ALT-2026-00755,9,Vellore,OFFICER-TN-192,2026-01-14 03:18:08,HUMAN_INTELLIGENCE_INSPECTION,IN_PROGRESS,LOW
TCK-2026-00763,ALT-2026-00867,19,Cuddalore,OFFICER-TN-134,2025-10-18 18:15:35,HUMAN_INTELLIGENCE_INSPECTION,IN_PROGRESS,HIGH
TCK-2026-00764,ALT-2026-00370,5,Tiruchirappalli,OFFICER-TN-173,2025-03-16 13:28:45,INTER_AGENCY_COORDINATION,OPEN,HIGH
TCK-2026-00765,ALT-2026-00248,21,Kallakurichi,OFFICER-TN-107,2025-10-23 22:47:05,HUMAN_INTELLIGENCE_INSPECTION,OPEN,MEDIUM
TCK-2026-00766,ALT-2026-00523,35,Mayiladuthurai,OFFICER-TN-135,2026-06-06 20:59:56,HUMAN_INTELLIGENCE_INSPECTION,IN_PROGRESS,HIGH
TCK-2026-00767,ALT-2026-00906,9,Vellore,OFFICER-TN-131,2025-09-10 13:35:02,IMMEDIATE_PATROL_DISPATCH,IN_PROGRESS,MEDIUM
TCK-2026-00768,ALT-2026-00138,27,Perambalur,OFFICER-TN-151,2026-03-16 17:48:01,HUMAN_INTELLIGENCE_INSPECTION,IN_PROGRESS,LOW
TCK-2026-00769,ALT-2026-00706,12,Thanjavur,OFFICER-TN-193,2025-12-27 22:32:10,CHECKPOST_ENHANCED_SURVEILLANCE,ACTION_COMPLETED,HIGH
TCK-2026-00770,ALT-2026-00682,18,Tiruvallur,OFFICER-TN-107,2026-01-19 09:40:34,IMMEDIATE_PATROL_DISPATCH,CLOSED,LOW
TCK-2026-00771,ALT-2026-00222,35,Mayiladuthurai,OFFICER-TN-164,2025-11-10 21:27:43,INTER_AGENCY_COORDINATION,IN_PROGRESS,HIGH
TCK-2026-00772,ALT-2026-00058,20,Viluppuram,OFFICER-TN-150,2025-04-28 03:28:33,HUMAN_INTELLIGENCE_INSPECTION,OPEN,LOW
TCK-2026-00773,ALT-2026-00541,15,Tenkasi,OFFICER-TN-117,2025-02-10 16:38:40,INTER_AGENCY_COORDINATION,ACTION_COMPLETED,HIGH
TCK-2026-00774,ALT-2026-00363,11,Dindigul,OFFICER-TN-116,2025-03-10 09:01:25,CHECKPOST_ENHANCED_SURVEILLANCE,OPEN,MEDIUM
TCK-2026-00775,ALT-2026-00549,7,Tiruppur,OFFICER-TN-133,2025-12-03 23:19:06,IMMEDIATE_PATROL_DISPATCH,CLOSED,LOW
TCK-2026-00776,ALT-2026-01041,7,Tiruppur,OFFICER-TN-184,2025-07-09 12:30:06,CHECKPOST_ENHANCED_SURVEILLANCE,ACTION_COMPLETED,MEDIUM
TCK-2026-00777,ALT-2026-00949,9,Vellore,OFFICER-TN-164,2025-04-17 05:18:13,CHECKPOST_ENHANCED_SURVEILLANCE,CLOSED,HIGH
TCK-2026-00778,ALT-2026-00800,25,Karur,OFFICER-TN-196,2025-11-23 19:14:27,IMMEDIATE_PATROL_DISPATCH,OPEN,MEDIUM
TCK-2026-00779,ALT-2026-00075,18,Tiruvallur,OFFICER-TN-170,2025-10-16 20:01:36,INTER_AGENCY_COORDINATION,ACTION_COMPLETED,LOW
TCK-2026-00780,ALT-2026-00320,26,Ariyalur,OFFICER-TN-146,2025-03-20 14:53:56,CHECKPOST_ENHANCED_SURVEILLANCE,IN_PROGRESS,MEDIUM
TCK-2026-00781,ALT-2026-00769,4,Salem,OFFICER-TN-110,2025-01-11 13:49:13,HUMAN_INTELLIGENCE_INSPECTION,ACTION_COMPLETED,HIGH
TCK-2026-00782,ALT-2026-01027,38,Tiruvannamalai,OFFICER-TN-132,2025-11-26 12:55:22,HUMAN_INTELLIGENCE_INSPECTION,IN_PROGRESS,HIGH
TCK-2026-00783,ALT-2026-00916,25,Karur,OFFICER-TN-133,2026-01-08 17:29:22,HUMAN_INTELLIGENCE_INSPECTION,OPEN,MEDIUM
TCK-2026-00784,ALT-2026-00031,20,Viluppuram,OFFICER-TN-151,2025-05-30 09:12:58,CHECKPOST_ENHANCED_SURVEILLANCE,OPEN,LOW
TCK-2026-00785,ALT-2026-00278,13,Thoothukudi,OFFICER-TN-185,2026-02-07 18:12:12,HUMAN_INTELLIGENCE_INSPECTION,IN_PROGRESS,MEDIUM
TCK-2026-00786,ALT-2026-00286,10,Krishnagiri,OFFICER-TN-186,2026-06-10 23:18:29,INTER_AGENCY_COORDINATION,CLOSED,MEDIUM
TCK-2026-00787,ALT-2026-00578,20,Viluppuram,OFFICER-TN-150,2026-01-15 05:07:47,IMMEDIATE_PATROL_DISPATCH,IN_PROGRESS,HIGH
TCK-2026-00788,ALT-2026-00789,7,Tiruppur,OFFICER-TN-167,2025-01-31 09:35:11,INTER_AGENCY_COORDINATION,CLOSED,MEDIUM
TCK-2026-00789,ALT-2026-00341,16,Kancheepuram,OFFICER-TN-144,2025-03-13 00:44:00,IMMEDIATE_PATROL_DISPATCH,OPEN,LOW
TCK-2026-00790,ALT-2026-00083,33,Thiruvarur,OFFICER-TN-118,2025-07-18 22:03:11,INTER_AGENCY_COORDINATION,ESCALATED,HIGH
TCK-2026-00791,ALT-2026-00615,33,Thiruvarur,OFFICER-TN-169,2025-04-28 09:09:31,HUMAN_INTELLIGENCE_INSPECTION,CLOSED,HIGH
TCK-2026-00792,ALT-2026-00542,28,Pudukkottai,OFFICER-TN-113,2025-05-04 17:41:33,IMMEDIATE_PATROL_DISPATCH,CLOSED,MEDIUM
TCK-2026-00793,ALT-2026-00127,34,Nagapattinam,OFFICER-TN-183,2025-07-07 05:44:48,HUMAN_INTELLIGENCE_INSPECTION,OPEN,MEDIUM
TCK-2026-00794,ALT-2026-00865,22,Dharmapuri,OFFICER-TN-187,2025-07-08 17:47:43,IMMEDIATE_PATROL_DISPATCH,OPEN,HIGH
TCK-2026-00795,ALT-2026-00505,34,Nagapattinam,OFFICER-TN-188,2025-08-25 12:02:01,INTER_AGENCY_COORDINATION,IN_PROGRESS,MEDIUM
TCK-2026-00796,ALT-2026-00552,12,Thanjavur,OFFICER-TN-166,2026-03-18 07:57:57,INTER_AGENCY_COORDINATION,OPEN,MEDIUM
TCK-2026-00797,ALT-2026-00188,33,Thiruvarur,OFFICER-TN-179,2025-09-14 01:56:19,IMMEDIATE_PATROL_DISPATCH,IN_PROGRESS,LOW
TCK-2026-00798,ALT-2026-00276,20,Viluppuram,OFFICER-TN-103,2025-08-18 06:52:42,IMMEDIATE_PATROL_DISPATCH,ACTION_COMPLETED,MEDIUM
TCK-2026-00799,ALT-2026-00485,11,Dindigul,OFFICER-TN-182,2026-04-21 09:29:20,IMMEDIATE_PATROL_DISPATCH,CLOSED,HIGH
TCK-2026-00800,ALT-2026-00740,8,Erode,OFFICER-TN-151,2025-06-16 23:16:56,HUMAN_INTELLIGENCE_INSPECTION,ESCALATED,MEDIUM
TCK-2026-00801,ALT-2026-00583,5,Tiruchirappalli,OFFICER-TN-151,2026-03-30 11:36:23,CHECKPOST_ENHANCED_SURVEILLANCE,IN_PROGRESS,LOW
TCK-2026-00802,ALT-2026-00195,13,Thoothukudi,OFFICER-TN-119,2025-02-14 21:40:14,CHECKPOST_ENHANCED_SURVEILLANCE,ACTION_COMPLETED,LOW
TCK-2026-00803,ALT-2026-00668,6,Tirunelveli,OFFICER-TN-195,2025-08-02 03:14:10,INTER_AGENCY_COORDINATION,IN_PROGRESS,LOW
TCK-2026-00804,ALT-2026-00250,27,Perambalur,OFFICER-TN-179,2026-05-08 07:16:28,IMMEDIATE_PATROL_DISPATCH,CLOSED,HIGH
TCK-2026-00805,ALT-2026-00096,13,Thoothukudi,OFFICER-TN-123,2026-03-26 17:46:51,INTER_AGENCY_COORDINATION,ACTION_COMPLETED,MEDIUM
TCK-2026-00806,ALT-2026-00336,20,Viluppuram,OFFICER-TN-195,2025-04-09 09:28:13,IMMEDIATE_PATROL_DISPATCH,ACTION_COMPLETED,LOW
TCK-2026-00807,ALT-2026-00475,6,Tirunelveli,OFFICER-TN-115,2025-09-27 16:23:58,CHECKPOST_ENHANCED_SURVEILLANCE,IN_PROGRESS,LOW
TCK-2026-00808,ALT-2026-00298,15,Tenkasi,OFFICER-TN-122,2025-10-09 09:06:57,CHECKPOST_ENHANCED_SURVEILLANCE,ESCALATED,MEDIUM
TCK-2026-00809,ALT-2026-00915,5,Tiruchirappalli,OFFICER-TN-154,2025-01-19 08:31:22,INTER_AGENCY_COORDINATION,CLOSED,MEDIUM
TCK-2026-00810,ALT-2026-00451,16,Kancheepuram,OFFICER-TN-117,2026-02-26 00:59:53,CHECKPOST_ENHANCED_SURVEILLANCE,CLOSED,HIGH
TCK-2026-00811,ALT-2026-00140,4,Salem,OFFICER-TN-144,2026-04-06 13:41:51,CHECKPOST_ENHANCED_SURVEILLANCE,ACTION_COMPLETED,LOW
TCK-2026-00812,ALT-2026-00800,34,Nagapattinam,OFFICER-TN-196,2025-06-17 09:10:22,HUMAN_INTELLIGENCE_INSPECTION,ESCALATED,MEDIUM
TCK-2026-00813,ALT-2026-00419,14,Kanniyakumari,OFFICER-TN-149,2025-09-25 21:07:25,IMMEDIATE_PATROL_DISPATCH,ESCALATED,MEDIUM
TCK-2026-00814,ALT-2026-00357,30,Ramanathapuram,OFFICER-TN-138,2025-10-24 04:50:39,INTER_AGENCY_COORDINATION,OPEN,LOW
TCK-2026-00815,ALT-2026-00607,7,Tiruppur,OFFICER-TN-189,2026-08-02 20:18:21,IMMEDIATE_PATROL_DISPATCH,ESCALATED,LOW
TCK-2026-00816,ALT-2026-00242,26,Ariyalur,OFFICER-TN-156,2025-02-20 01:19:15,CHECKPOST_ENHANCED_SURVEILLANCE,OPEN,HIGH
TCK-2026-00817,ALT-2026-00009,14,Kanniyakumari,OFFICER-TN-187,2025-02-19 21:26:17,INTER_AGENCY_COORDINATION,ESCALATED,LOW
TCK-2026-00818,ALT-2026-00703,20,Viluppuram,OFFICER-TN-117,2026-07-01 12:37:47,HUMAN_INTELLIGENCE_INSPECTION,OPEN,MEDIUM
TCK-2026-00819,ALT-2026-00547,20,Viluppuram,OFFICER-TN-184,2026-02-16 08:19:44,INTER_AGENCY_COORDINATION,ACTION_COMPLETED,HIGH
TCK-2026-00820,ALT-2026-00723,11,Dindigul,OFFICER-TN-148,2025-06-10 01:19:39,HUMAN_INTELLIGENCE_INSPECTION,ACTION_COMPLETED,MEDIUM
TCK-2026-00821,ALT-2026-00569,9,Vellore,OFFICER-TN-174,2026-06-19 07:02:30,INTER_AGENCY_COORDINATION,OPEN,HIGH
TCK-2026-00822,ALT-2026-00479,23,Namakkal,OFFICER-TN-189,2025-09-15 09:27:08,INTER_AGENCY_COORDINATION,ESCALATED,HIGH
TCK-2026-00823,ALT-2026-00619,22,Dharmapuri,OFFICER-TN-142,2026-04-01 06:52:11,IMMEDIATE_PATROL_DISPATCH,CLOSED,MEDIUM
TCK-2026-00824,ALT-2026-00657,27,Perambalur,OFFICER-TN-103,2025-12-12 06:25:46,IMMEDIATE_PATROL_DISPATCH,CLOSED,MEDIUM
TCK-2026-00825,ALT-2026-00668,22,Dharmapuri,OFFICER-TN-137,2025-02-17 15:51:44,INTER_AGENCY_COORDINATION,CLOSED,HIGH
TCK-2026-00826,ALT-2026-00384,15,Tenkasi,OFFICER-TN-112,2025-07-08 19:43:27,HUMAN_INTELLIGENCE_INSPECTION,ESCALATED,LOW
TCK-2026-00827,ALT-2026-00862,1,Chennai,OFFICER-TN-159,2026-04-10 11:12:36,HUMAN_INTELLIGENCE_INSPECTION,ACTION_COMPLETED,LOW
TCK-2026-00828,ALT-2026-00104,16,Kancheepuram,OFFICER-TN-167,2025-01-13 01:11:54,CHECKPOST_ENHANCED_SURVEILLANCE,OPEN,HIGH
TCK-2026-00829,ALT-2026-00769,11,Dindigul,OFFICER-TN-193,2026-01-07 04:02:17,IMMEDIATE_PATROL_DISPATCH,ACTION_COMPLETED,HIGH
TCK-2026-00830,ALT-2026-00690,23,Namakkal,OFFICER-TN-197,2025-03-22 12:54:26,IMMEDIATE_PATROL_DISPATCH,ACTION_COMPLETED,LOW
TCK-2026-00831,ALT-2026-00838,29,Sivaganga,OFFICER-TN-196,2025-10-21 11:57:25,HUMAN_INTELLIGENCE_INSPECTION,OPEN,MEDIUM
TCK-2026-00832,ALT-2026-00771,35,Mayiladuthurai,OFFICER-TN-142,2025-11-11 00:55:50,IMMEDIATE_PATROL_DISPATCH,IN_PROGRESS,HIGH
TCK-2026-00833,ALT-2026-00152,20,Viluppuram,OFFICER-TN-136,2026-06-28 19:24:35,IMMEDIATE_PATROL_DISPATCH,ACTION_COMPLETED,HIGH
TCK-2026-00834,ALT-2026-00171,15,Tenkasi,OFFICER-TN-175,2025-05-19 01:35:55,INTER_AGENCY_COORDINATION,ACTION_COMPLETED,LOW
TCK-2026-00835,ALT-2026-00765,9,Vellore,OFFICER-TN-172,2025-03-23 18:26:50,IMMEDIATE_PATROL_DISPATCH,ACTION_COMPLETED,MEDIUM
TCK-2026-00836,ALT-2026-00533,2,Coimbatore,OFFICER-TN-105,2026-07-06 19:14:10,CHECKPOST_ENHANCED_SURVEILLANCE,ACTION_COMPLETED,MEDIUM
TCK-2026-00837,ALT-2026-00434,10,Krishnagiri,OFFICER-TN-136,2026-07-15 12:55:13,HUMAN_INTELLIGENCE_INSPECTION,IN_PROGRESS,MEDIUM
TCK-2026-00838,ALT-2026-00654,30,Ramanathapuram,OFFICER-TN-184,2025-08-05 18:10:31,CHECKPOST_ENHANCED_SURVEILLANCE,ESCALATED,MEDIUM
TCK-2026-00839,ALT-2026-00043,24,Nilgiris,OFFICER-TN-186,2026-05-11 23:59:41,HUMAN_INTELLIGENCE_INSPECTION,ESCALATED,LOW
TCK-2026-00840,ALT-2026-00800,28,Pudukkottai,OFFICER-TN-165,2026-02-12 09:35:47,IMMEDIATE_PATROL_DISPATCH,ACTION_COMPLETED,HIGH
TCK-2026-00841,ALT-2026-00413,31,Virudhunagar,OFFICER-TN-191,2025-08-05 22:28:50,INTER_AGENCY_COORDINATION,ACTION_COMPLETED,MEDIUM
TCK-2026-00842,ALT-2026-00532,4,Salem,OFFICER-TN-161,2025-08-12 12:59:52,IMMEDIATE_PATROL_DISPATCH,ACTION_COMPLETED,HIGH
TCK-2026-00843,ALT-2026-00647,22,Dharmapuri,OFFICER-TN-195,2025-09-16 16:39:22,CHECKPOST_ENHANCED_SURVEILLANCE,OPEN,MEDIUM
TCK-2026-00844,ALT-2026-00752,36,Ranipet,OFFICER-TN-179,2025-03-25 22:46:26,CHECKPOST_ENHANCED_SURVEILLANCE,OPEN,LOW
TCK-2026-00845,ALT-2026-00947,3,Madurai,OFFICER-TN-118,2026-08-15 07:09:31,INTER_AGENCY_COORDINATION,CLOSED,MEDIUM
TCK-2026-00846,ALT-2026-00946,11,Dindigul,OFFICER-TN-139,2025-12-23 23:41:32,HUMAN_INTELLIGENCE_INSPECTION,ACTION_COMPLETED,MEDIUM
TCK-2026-00847,ALT-2026-00515,24,Nilgiris,OFFICER-TN-199,2026-02-02 21:02:36,IMMEDIATE_PATROL_DISPATCH,OPEN,HIGH
TCK-2026-00848,ALT-2026-00647,19,Cuddalore,OFFICER-TN-158,2025-07-21 10:50:54,IMMEDIATE_PATROL_DISPATCH,ESCALATED,HIGH
TCK-2026-00849,ALT-2026-00476,4,Salem,OFFICER-TN-160,2025-06-01 00:19:35,CHECKPOST_ENHANCED_SURVEILLANCE,OPEN,LOW
TCK-2026-00850,ALT-2026-00959,4,Salem,OFFICER-TN-159,2025-02-06 03:50:12,IMMEDIATE_PATROL_DISPATCH,OPEN,HIGH
TCK-2026-00851,ALT-2026-00462,9,Vellore,OFFICER-TN-147,2025-09-25 22:04:49,INTER_AGENCY_COORDINATION,CLOSED,HIGH
TCK-2026-00852,ALT-2026-00116,8,Erode,OFFICER-TN-149,2026-06-23 07:44:58,HUMAN_INTELLIGENCE_INSPECTION,ACTION_COMPLETED,MEDIUM
TCK-2026-00853,ALT-2026-00003,24,Nilgiris,OFFICER-TN-177,2026-05-06 16:18:10,IMMEDIATE_PATROL_DISPATCH,ACTION_COMPLETED,HIGH
TCK-2026-00854,ALT-2026-00937,2,Coimbatore,OFFICER-TN-132,2026-02-03 02:25:32,INTER_AGENCY_COORDINATION,OPEN,LOW
TCK-2026-00855,ALT-2026-00496,16,Kancheepuram,OFFICER-TN-196,2026-06-28 01:31:58,CHECKPOST_ENHANCED_SURVEILLANCE,ACTION_COMPLETED,HIGH
TCK-2026-00856,ALT-2026-00463,3,Madurai,OFFICER-TN-115,2025-07-01 16:04:12,HUMAN_INTELLIGENCE_INSPECTION,ACTION_COMPLETED,LOW
TCK-2026-00857,ALT-2026-00870,12,Thanjavur,OFFICER-TN-156,2025-05-27 21:29:16,INTER_AGENCY_COORDINATION,OPEN,LOW
TCK-2026-00858,ALT-2026-00363,36,Ranipet,OFFICER-TN-197,2026-02-05 08:00:47,HUMAN_INTELLIGENCE_INSPECTION,CLOSED,LOW
TCK-2026-00859,ALT-2026-00238,26,Ariyalur,OFFICER-TN-110,2025-10-01 15:38:15,INTER_AGENCY_COORDINATION,OPEN,HIGH
TCK-2026-00860,ALT-2026-00748,8,Erode,OFFICER-TN-109,2025-09-01 17:36:45,INTER_AGENCY_COORDINATION,ESCALATED,MEDIUM
TCK-2026-00861,ALT-2026-00223,21,Kallakurichi,OFFICER-TN-149,2025-09-29 23:12:39,INTER_AGENCY_COORDINATION,ESCALATED,MEDIUM
TCK-2026-00862,ALT-2026-00375,16,Kancheepuram,OFFICER-TN-158,2026-04-02 18:49:16,IMMEDIATE_PATROL_DISPATCH,CLOSED,HIGH
TCK-2026-00863,ALT-2026-01042,4,Salem,OFFICER-TN-184,2025-05-10 13:50:06,IMMEDIATE_PATROL_DISPATCH,IN_PROGRESS,MEDIUM
TCK-2026-00864,ALT-2026-00876,29,Sivaganga,OFFICER-TN-188,2025-02-19 17:05:38,IMMEDIATE_PATROL_DISPATCH,OPEN,LOW
TCK-2026-00865,ALT-2026-00689,36,Ranipet,OFFICER-TN-192,2025-11-08 05:25:49,INTER_AGENCY_COORDINATION,CLOSED,LOW
TCK-2026-00866,ALT-2026-01026,13,Thoothukudi,OFFICER-TN-152,2025-01-24 04:15:45,HUMAN_INTELLIGENCE_INSPECTION,ACTION_COMPLETED,HIGH
TCK-2026-00867,ALT-2026-00710,18,Tiruvallur,OFFICER-TN-103,2026-04-02 20:25:14,INTER_AGENCY_COORDINATION,CLOSED,HIGH
TCK-2026-00868,ALT-2026-00640,37,Tirupathur,OFFICER-TN-195,2025-10-25 17:34:55,HUMAN_INTELLIGENCE_INSPECTION,ESCALATED,HIGH
TCK-2026-00869,ALT-2026-00907,21,Kallakurichi,OFFICER-TN-173,2025-06-04 21:35:42,CHECKPOST_ENHANCED_SURVEILLANCE,ACTION_COMPLETED,HIGH
TCK-2026-00870,ALT-2026-00292,34,Nagapattinam,OFFICER-TN-140,2026-06-04 06:26:56,INTER_AGENCY_COORDINATION,ACTION_COMPLETED,HIGH
TCK-2026-00871,ALT-2026-00947,16,Kancheepuram,OFFICER-TN-183,2026-03-23 15:03:37,HUMAN_INTELLIGENCE_INSPECTION,ACTION_COMPLETED,HIGH
TCK-2026-00872,ALT-2026-00416,14,Kanniyakumari,OFFICER-TN-141,2026-04-13 00:57:59,CHECKPOST_ENHANCED_SURVEILLANCE,OPEN,MEDIUM
TCK-2026-00873,ALT-2026-00874,15,Tenkasi,OFFICER-TN-120,2025-01-22 03:05:24,HUMAN_INTELLIGENCE_INSPECTION,IN_PROGRESS,MEDIUM
TCK-2026-00874,ALT-2026-00363,34,Nagapattinam,OFFICER-TN-160,2026-04-02 21:19:35,IMMEDIATE_PATROL_DISPATCH,ACTION_COMPLETED,LOW
TCK-2026-00875,ALT-2026-00333,6,Tirunelveli,OFFICER-TN-148,2026-05-25 03:06:19,HUMAN_INTELLIGENCE_INSPECTION,ESCALATED,MEDIUM
TCK-2026-00876,ALT-2026-00684,24,Nilgiris,OFFICER-TN-181,2025-03-03 01:47:37,IMMEDIATE_PATROL_DISPATCH,CLOSED,LOW
TCK-2026-00877,ALT-2026-00403,26,Ariyalur,OFFICER-TN-163,2025-11-10 05:39:26,CHECKPOST_ENHANCED_SURVEILLANCE,OPEN,HIGH
TCK-2026-00878,ALT-2026-00040,5,Tiruchirappalli,OFFICER-TN-175,2026-05-01 11:12:11,HUMAN_INTELLIGENCE_INSPECTION,ACTION_COMPLETED,MEDIUM
TCK-2026-00879,ALT-2026-01044,4,Salem,OFFICER-TN-171,2025-04-14 21:21:13,INTER_AGENCY_COORDINATION,ACTION_COMPLETED,LOW
TCK-2026-00880,ALT-2026-00618,1,Chennai,OFFICER-TN-120,2026-02-01 10:24:19,CHECKPOST_ENHANCED_SURVEILLANCE,OPEN,HIGH
TCK-2026-00881,ALT-2026-00169,7,Tiruppur,OFFICER-TN-115,2025-09-22 05:40:06,CHECKPOST_ENHANCED_SURVEILLANCE,OPEN,HIGH
TCK-2026-00882,ALT-2026-00783,12,Thanjavur,OFFICER-TN-162,2025-11-22 12:54:02,IMMEDIATE_PATROL_DISPATCH,OPEN,MEDIUM
TCK-2026-00883,ALT-2026-00559,33,Thiruvarur,OFFICER-TN-159,2025-08-19 02:46:08,INTER_AGENCY_COORDINATION,ESCALATED,HIGH
TCK-2026-00884,ALT-2026-00988,30,Ramanathapuram,OFFICER-TN-151,2025-06-25 10:51:06,IMMEDIATE_PATROL_DISPATCH,CLOSED,HIGH
TCK-2026-00885,ALT-2026-00504,7,Tiruppur,OFFICER-TN-189,2025-11-26 01:40:03,CHECKPOST_ENHANCED_SURVEILLANCE,OPEN,HIGH
TCK-2026-00886,ALT-2026-00606,2,Coimbatore,OFFICER-TN-170,2026-04-06 08:41:22,INTER_AGENCY_COORDINATION,OPEN,HIGH
TCK-2026-00887,ALT-2026-00982,25,Karur,OFFICER-TN-163,2026-05-29 16:46:39,CHECKPOST_ENHANCED_SURVEILLANCE,ESCALATED,HIGH
TCK-2026-00888,ALT-2026-00137,17,Chengalpattu,OFFICER-TN-198,2026-08-15 08:29:12,HUMAN_INTELLIGENCE_INSPECTION,CLOSED,HIGH
TCK-2026-00889,ALT-2026-00922,6,Tirunelveli,OFFICER-TN-170,2025-06-23 00:53:10,HUMAN_INTELLIGENCE_INSPECTION,OPEN,LOW
TCK-2026-00890,ALT-2026-00491,13,Thoothukudi,OFFICER-TN-166,2025-03-03 04:47:02,CHECKPOST_ENHANCED_SURVEILLANCE,OPEN,MEDIUM
TCK-2026-00891,ALT-2026-00548,25,Karur,OFFICER-TN-179,2025-06-16 13:31:53,CHECKPOST_ENHANCED_SURVEILLANCE,IN_PROGRESS,LOW
TCK-2026-00892,ALT-2026-00676,14,Kanniyakumari,OFFICER-TN-175,2025-07-02 02:02:17,HUMAN_INTELLIGENCE_INSPECTION,OPEN,LOW
TCK-2026-00893,ALT-2026-00454,19,Cuddalore,OFFICER-TN-149,2025-09-22 23:51:46,INTER_AGENCY_COORDINATION,ESCALATED,MEDIUM
TCK-2026-00894,ALT-2026-00279,36,Ranipet,OFFICER-TN-110,2025-01-20 10:15:46,CHECKPOST_ENHANCED_SURVEILLANCE,IN_PROGRESS,HIGH
TCK-2026-00895,ALT-2026-00626,36,Ranipet,OFFICER-TN-135,2025-02-03 19:53:29,HUMAN_INTELLIGENCE_INSPECTION,CLOSED,LOW
TCK-2026-00896,ALT-2026-00962,21,Kallakurichi,OFFICER-TN-142,2025-10-05 02:15:52,CHECKPOST_ENHANCED_SURVEILLANCE,ACTION_COMPLETED,LOW
TCK-2026-00897,ALT-2026-00544,17,Chengalpattu,OFFICER-TN-195,2026-02-28 09:29:11,HUMAN_INTELLIGENCE_INSPECTION,OPEN,HIGH
TCK-2026-00898,ALT-2026-00633,2,Coimbatore,OFFICER-TN-107,2026-06-01 02:53:48,CHECKPOST_ENHANCED_SURVEILLANCE,IN_PROGRESS,MEDIUM
TCK-2026-00899,ALT-2026-00997,25,Karur,OFFICER-TN-194,2025-03-07 22:25:27,CHECKPOST_ENHANCED_SURVEILLANCE,ESCALATED,LOW
TCK-2026-00900,ALT-2026-00955,27,Perambalur,OFFICER-TN-132,2026-02-16 19:24:56,IMMEDIATE_PATROL_DISPATCH,CLOSED,MEDIUM
TCK-2026-00901,ALT-2026-00940,25,Karur,OFFICER-TN-152,2026-02-14 15:20:51,CHECKPOST_ENHANCED_SURVEILLANCE,OPEN,LOW
TCK-2026-00902,ALT-2026-00338,22,Dharmapuri,OFFICER-TN-177,2026-07-21 21:29:15,INTER_AGENCY_COORDINATION,OPEN,HIGH
TCK-2026-00903,ALT-2026-00835,14,Kanniyakumari,OFFICER-TN-139,2025-12-01 10:30:56,INTER_AGENCY_COORDINATION,ACTION_COMPLETED,LOW
TCK-2026-00904,ALT-2026-00995,36,Ranipet,OFFICER-TN-195,2026-02-15 11:40:05,IMMEDIATE_PATROL_DISPATCH,CLOSED,LOW
TCK-2026-00905,ALT-2026-00302,16,Kancheepuram,OFFICER-TN-124,2025-06-16 18:13:07,HUMAN_INTELLIGENCE_INSPECTION,IN_PROGRESS,HIGH
TCK-2026-00906,ALT-2026-00265,35,Mayiladuthurai,OFFICER-TN-172,2026-01-24 02:33:38,INTER_AGENCY_COORDINATION,ESCALATED,MEDIUM
TCK-2026-00907,ALT-2026-01030,36,Ranipet,OFFICER-TN-195,2025-09-12 06:57:09,INTER_AGENCY_COORDINATION,ACTION_COMPLETED,HIGH
TCK-2026-00908,ALT-2026-00024,27,Perambalur,OFFICER-TN-108,2026-02-15 01:35:19,INTER_AGENCY_COORDINATION,CLOSED,LOW
TCK-2026-00909,ALT-2026-00472,13,Thoothukudi,OFFICER-TN-149,2026-04-03 13:35:02,INTER_AGENCY_COORDINATION,ACTION_COMPLETED,HIGH
TCK-2026-00910,ALT-2026-00472,4,Salem,OFFICER-TN-188,2026-01-26 23:15:23,INTER_AGENCY_COORDINATION,OPEN,MEDIUM
TCK-2026-00911,ALT-2026-00348,35,Mayiladuthurai,OFFICER-TN-187,2025-07-19 10:20:47,INTER_AGENCY_COORDINATION,ESCALATED,LOW
TCK-2026-00912,ALT-2026-00255,12,Thanjavur,OFFICER-TN-190,2025-09-13 09:57:25,CHECKPOST_ENHANCED_SURVEILLANCE,ESCALATED,MEDIUM
TCK-2026-00913,ALT-2026-00042,5,Tiruchirappalli,OFFICER-TN-190,2025-09-28 12:29:56,IMMEDIATE_PATROL_DISPATCH,CLOSED,LOW
TCK-2026-00914,ALT-2026-00825,35,Mayiladuthurai,OFFICER-TN-106,2026-06-13 17:36:12,HUMAN_INTELLIGENCE_INSPECTION,OPEN,LOW
TCK-2026-00915,ALT-2026-00120,2,Coimbatore,OFFICER-TN-107,2025-01-07 23:24:01,INTER_AGENCY_COORDINATION,ESCALATED,HIGH
TCK-2026-00916,ALT-2026-00814,9,Vellore,OFFICER-TN-122,2026-08-12 21:13:11,INTER_AGENCY_COORDINATION,ACTION_COMPLETED,HIGH
TCK-2026-00917,ALT-2026-00214,29,Sivaganga,OFFICER-TN-173,2025-03-30 04:14:27,CHECKPOST_ENHANCED_SURVEILLANCE,ACTION_COMPLETED,MEDIUM
TCK-2026-00918,ALT-2026-00323,10,Krishnagiri,OFFICER-TN-188,2026-03-27 09:57:52,INTER_AGENCY_COORDINATION,IN_PROGRESS,LOW
TCK-2026-00919,ALT-2026-00381,8,Erode,OFFICER-TN-124,2025-03-14 14:14:28,INTER_AGENCY_COORDINATION,ESCALATED,MEDIUM
TCK-2026-00920,ALT-2026-00480,9,Vellore,OFFICER-TN-113,2025-11-10 07:50:06,IMMEDIATE_PATROL_DISPATCH,IN_PROGRESS,LOW
TCK-2026-00921,ALT-2026-00886,14,Kanniyakumari,OFFICER-TN-111,2026-02-13 08:49:27,HUMAN_INTELLIGENCE_INSPECTION,ESCALATED,LOW
TCK-2026-00922,ALT-2026-00104,34,Nagapattinam,OFFICER-TN-176,2026-05-10 17:21:42,INTER_AGENCY_COORDINATION,ACTION_COMPLETED,HIGH
TCK-2026-00923,ALT-2026-00287,15,Tenkasi,OFFICER-TN-163,2025-02-19 15:55:18,HUMAN_INTELLIGENCE_INSPECTION,IN_PROGRESS,LOW
TCK-2026-00924,ALT-2026-00206,30,Ramanathapuram,OFFICER-TN-180,2026-02-27 06:06:47,IMMEDIATE_PATROL_DISPATCH,CLOSED,MEDIUM
TCK-2026-00925,ALT-2026-00560,22,Dharmapuri,OFFICER-TN-193,2025-09-01 04:04:18,IMMEDIATE_PATROL_DISPATCH,ESCALATED,LOW
TCK-2026-00926,ALT-2026-00380,31,Virudhunagar,OFFICER-TN-147,2026-08-17 19:41:41,IMMEDIATE_PATROL_DISPATCH,ACTION_COMPLETED,MEDIUM
TCK-2026-00927,ALT-2026-00963,18,Tiruvallur,OFFICER-TN-176,2026-05-03 15:46:04,IMMEDIATE_PATROL_DISPATCH,ACTION_COMPLETED,LOW
TCK-2026-00928,ALT-2026-00308,19,Cuddalore,OFFICER-TN-111,2026-03-04 18:07:09,IMMEDIATE_PATROL_DISPATCH,OPEN,HIGH
TCK-2026-00929,ALT-2026-00935,6,Tirunelveli,OFFICER-TN-145,2025-11-20 21:41:56,CHECKPOST_ENHANCED_SURVEILLANCE,OPEN,LOW
TCK-2026-00930,ALT-2026-00584,1,Chennai,OFFICER-TN-118,2026-03-29 12:33:27,HUMAN_INTELLIGENCE_INSPECTION,OPEN,HIGH
TCK-2026-00931,ALT-2026-00239,20,Viluppuram,OFFICER-TN-147,2025-04-29 03:40:46,INTER_AGENCY_COORDINATION,ESCALATED,MEDIUM
TCK-2026-00932,ALT-2026-00693,26,Ariyalur,OFFICER-TN-158,2025-04-15 15:48:17,CHECKPOST_ENHANCED_SURVEILLANCE,ACTION_COMPLETED,HIGH
TCK-2026-00933,ALT-2026-00753,16,Kancheepuram,OFFICER-TN-106,2026-07-25 22:14:24,IMMEDIATE_PATROL_DISPATCH,CLOSED,MEDIUM
TCK-2026-00934,ALT-2026-00950,24,Nilgiris,OFFICER-TN-133,2025-03-20 08:04:22,CHECKPOST_ENHANCED_SURVEILLANCE,OPEN,HIGH
TCK-2026-00935,ALT-2026-00924,30,Ramanathapuram,OFFICER-TN-180,2026-04-14 03:06:27,CHECKPOST_ENHANCED_SURVEILLANCE,CLOSED,LOW
TCK-2026-00936,ALT-2026-00441,14,Kanniyakumari,OFFICER-TN-117,2026-02-24 03:13:43,CHECKPOST_ENHANCED_SURVEILLANCE,IN_PROGRESS,LOW
TCK-2026-00937,ALT-2026-00011,14,Kanniyakumari,OFFICER-TN-185,2026-05-20 07:40:02,INTER_AGENCY_COORDINATION,ESCALATED,HIGH
TCK-2026-00938,ALT-2026-00879,9,Vellore,OFFICER-TN-120,2025-10-04 19:18:10,IMMEDIATE_PATROL_DISPATCH,ESCALATED,LOW
TCK-2026-00939,ALT-2026-00810,28,Pudukkottai,OFFICER-TN-153,2025-06-30 17:40:00,IMMEDIATE_PATROL_DISPATCH,CLOSED,LOW
TCK-2026-00940,ALT-2026-00682,1,Chennai,OFFICER-TN-190,2025-04-29 22:34:48,IMMEDIATE_PATROL_DISPATCH,ACTION_COMPLETED,HIGH
TCK-2026-00941,ALT-2026-00046,8,Erode,OFFICER-TN-158,2025-02-16 05:47:04,CHECKPOST_ENHANCED_SURVEILLANCE,OPEN,HIGH
TCK-2026-00942,ALT-2026-00002,11,Dindigul,OFFICER-TN-163,2026-03-11 16:42:04,INTER_AGENCY_COORDINATION,IN_PROGRESS,MEDIUM
TCK-2026-00943,ALT-2026-01018,19,Cuddalore,OFFICER-TN-158,2026-01-17 11:57:00,INTER_AGENCY_COORDINATION,ACTION_COMPLETED,LOW
TCK-2026-00944,ALT-2026-00721,31,Virudhunagar,OFFICER-TN-103,2026-08-03 09:03:05,HUMAN_INTELLIGENCE_INSPECTION,OPEN,HIGH
TCK-2026-00945,ALT-2026-00930,5,Tiruchirappalli,OFFICER-TN-102,2025-09-30 23:02:59,INTER_AGENCY_COORDINATION,IN_PROGRESS,MEDIUM
TCK-2026-00946,ALT-2026-00723,25,Karur,OFFICER-TN-134,2026-08-01 18:11:04,HUMAN_INTELLIGENCE_INSPECTION,ESCALATED,HIGH
TCK-2026-00947,ALT-2026-00245,15,Tenkasi,OFFICER-TN-113,2025-12-15 05:48:16,CHECKPOST_ENHANCED_SURVEILLANCE,ESCALATED,MEDIUM
TCK-2026-00948,ALT-2026-00090,29,Sivaganga,OFFICER-TN-171,2025-04-28 16:12:26,INTER_AGENCY_COORDINATION,CLOSED,HIGH
TCK-2026-00949,ALT-2026-00134,26,Ariyalur,OFFICER-TN-157,2025-01-20 23:28:51,CHECKPOST_ENHANCED_SURVEILLANCE,OPEN,LOW
TCK-2026-00950,ALT-2026-00081,37,Tirupathur,OFFICER-TN-163,2025-08-03 22:51:33,IMMEDIATE_PATROL_DISPATCH,OPEN,LOW
TCK-2026-00951,ALT-2026-00636,31,Virudhunagar,OFFICER-TN-114,2026-07-13 23:25:49,HUMAN_INTELLIGENCE_INSPECTION,OPEN,HIGH
TCK-2026-00952,ALT-2026-00595,29,Sivaganga,OFFICER-TN-131,2026-03-11 11:45:58,INTER_AGENCY_COORDINATION,IN_PROGRESS,LOW
TCK-2026-00953,ALT-2026-00144,20,Viluppuram,OFFICER-TN-186,2025-12-20 19:52:16,INTER_AGENCY_COORDINATION,CLOSED,MEDIUM
TCK-2026-00954,ALT-2026-00329,30,Ramanathapuram,OFFICER-TN-192,2025-05-07 23:41:47,IMMEDIATE_PATROL_DISPATCH,IN_PROGRESS,HIGH
TCK-2026-00955,ALT-2026-00038,1,Chennai,OFFICER-TN-160,2025-01-22 19:37:07,HUMAN_INTELLIGENCE_INSPECTION,CLOSED,LOW
TCK-2026-00956,ALT-2026-00448,21,Kallakurichi,OFFICER-TN-151,2026-04-22 23:21:46,IMMEDIATE_PATROL_DISPATCH,IN_PROGRESS,MEDIUM
TCK-2026-00957,ALT-2026-00194,38,Tiruvannamalai,OFFICER-TN-129,2026-02-03 21:54:50,INTER_AGENCY_COORDINATION,CLOSED,LOW
TCK-2026-00958,ALT-2026-00645,32,Theni,OFFICER-TN-150,2026-04-26 21:16:58,INTER_AGENCY_COORDINATION,OPEN,LOW
TCK-2026-00959,ALT-2026-00567,34,Nagapattinam,OFFICER-TN-141,2025-02-24 09:29:31,INTER_AGENCY_COORDINATION,IN_PROGRESS,MEDIUM
TCK-2026-00960,ALT-2026-00560,26,Ariyalur,OFFICER-TN-120,2025-08-26 12:08:56,CHECKPOST_ENHANCED_SURVEILLANCE,ESCALATED,MEDIUM
TCK-2026-00961,ALT-2026-00596,16,Kancheepuram,OFFICER-TN-198,2026-01-11 15:12:05,IMMEDIATE_PATROL_DISPATCH,OPEN,LOW
TCK-2026-00962,ALT-2026-00735,16,Kancheepuram,OFFICER-TN-187,2026-08-03 13:30:59,IMMEDIATE_PATROL_DISPATCH,CLOSED,HIGH
TCK-2026-00963,ALT-2026-00421,9,Vellore,OFFICER-TN-196,2025-02-16 13:44:03,CHECKPOST_ENHANCED_SURVEILLANCE,OPEN,HIGH
TCK-2026-00964,ALT-2026-00265,1,Chennai,OFFICER-TN-157,2025-04-17 04:11:49,CHECKPOST_ENHANCED_SURVEILLANCE,IN_PROGRESS,HIGH
TCK-2026-00965,ALT-2026-00884,27,Perambalur,OFFICER-TN-149,2025-05-02 10:20:36,HUMAN_INTELLIGENCE_INSPECTION,OPEN,LOW
TCK-2026-00966,ALT-2026-00908,25,Karur,OFFICER-TN-117,2025-11-08 18:16:31,INTER_AGENCY_COORDINATION,ESCALATED,LOW
TCK-2026-00967,ALT-2026-00112,23,Namakkal,OFFICER-TN-130,2026-04-03 22:02:23,INTER_AGENCY_COORDINATION,CLOSED,MEDIUM
TCK-2026-00968,ALT-2026-00111,11,Dindigul,OFFICER-TN-158,2025-11-13 04:22:27,IMMEDIATE_PATROL_DISPATCH,ACTION_COMPLETED,MEDIUM
TCK-2026-00969,ALT-2026-00567,13,Thoothukudi,OFFICER-TN-134,2025-12-30 00:41:46,IMMEDIATE_PATROL_DISPATCH,ESCALATED,LOW
TCK-2026-00970,ALT-2026-00065,3,Madurai,OFFICER-TN-105,2026-07-24 15:18:51,HUMAN_INTELLIGENCE_INSPECTION,CLOSED,LOW
TCK-2026-00971,ALT-2026-00482,5,Tiruchirappalli,OFFICER-TN-170,2025-07-25 17:49:53,IMMEDIATE_PATROL_DISPATCH,CLOSED,MEDIUM
TCK-2026-00972,ALT-2026-00112,37,Tirupathur,OFFICER-TN-142,2025-04-18 07:30:56,IMMEDIATE_PATROL_DISPATCH,ACTION_COMPLETED,HIGH
TCK-2026-00973,ALT-2026-00913,4,Salem,OFFICER-TN-190,2025-11-23 18:32:35,INTER_AGENCY_COORDINATION,CLOSED,LOW
TCK-2026-00974,ALT-2026-00699,4,Salem,OFFICER-TN-159,2026-06-16 22:45:36,HUMAN_INTELLIGENCE_INSPECTION,IN_PROGRESS,MEDIUM
TCK-2026-00975,ALT-2026-00232,35,Mayiladuthurai,OFFICER-TN-104,2025-10-04 23:01:43,CHECKPOST_ENHANCED_SURVEILLANCE,IN_PROGRESS,HIGH
TCK-2026-00976,ALT-2026-00765,35,Mayiladuthurai,OFFICER-TN-128,2025-11-07 08:40:28,IMMEDIATE_PATROL_DISPATCH,CLOSED,MEDIUM
TCK-2026-00977,ALT-2026-00300,23,Namakkal,OFFICER-TN-110,2025-12-10 08:49:28,IMMEDIATE_PATROL_DISPATCH,IN_PROGRESS,HIGH
TCK-2026-00978,ALT-2026-00488,19,Cuddalore,OFFICER-TN-183,2025-05-29 05:59:44,INTER_AGENCY_COORDINATION,ACTION_COMPLETED,LOW
TCK-2026-00979,ALT-2026-00449,8,Erode,OFFICER-TN-175,2025-10-31 10:19:43,CHECKPOST_ENHANCED_SURVEILLANCE,CLOSED,MEDIUM
TCK-2026-00980,ALT-2026-00411,29,Sivaganga,OFFICER-TN-106,2025-12-26 21:22:10,IMMEDIATE_PATROL_DISPATCH,IN_PROGRESS,LOW
TCK-2026-00981,ALT-2026-01049,33,Thiruvarur,OFFICER-TN-142,2026-06-04 01:00:31,IMMEDIATE_PATROL_DISPATCH,ESCALATED,LOW
TCK-2026-00982,ALT-2026-00521,14,Kanniyakumari,OFFICER-TN-191,2025-09-28 19:26:30,INTER_AGENCY_COORDINATION,ACTION_COMPLETED,HIGH
TCK-2026-00983,ALT-2026-00638,5,Tiruchirappalli,OFFICER-TN-140,2026-06-09 18:16:00,IMMEDIATE_PATROL_DISPATCH,ACTION_COMPLETED,HIGH
TCK-2026-00984,ALT-2026-00024,26,Ariyalur,OFFICER-TN-199,2025-09-07 03:54:00,CHECKPOST_ENHANCED_SURVEILLANCE,OPEN,LOW
TCK-2026-00985,ALT-2026-00049,22,Dharmapuri,OFFICER-TN-175,2025-02-03 12:32:14,CHECKPOST_ENHANCED_SURVEILLANCE,CLOSED,LOW
TCK-2026-00986,ALT-2026-00535,12,Thanjavur,OFFICER-TN-147,2025-01-25 08:56:40,INTER_AGENCY_COORDINATION,ACTION_COMPLETED,MEDIUM
TCK-2026-00987,ALT-2026-00586,4,Salem,OFFICER-TN-132,2025-11-21 22:33:56,IMMEDIATE_PATROL_DISPATCH,ACTION_COMPLETED,HIGH
TCK-2026-00988,ALT-2026-00267,17,Chengalpattu,OFFICER-TN-193,2025-01-28 18:08:58,CHECKPOST_ENHANCED_SURVEILLANCE,CLOSED,MEDIUM
TCK-2026-00989,ALT-2026-00443,38,Tiruvannamalai,OFFICER-TN-170,2025-01-06 06:36:20,HUMAN_INTELLIGENCE_INSPECTION,ACTION_COMPLETED,MEDIUM
TCK-2026-00990,ALT-2026-00446,17,Chengalpattu,OFFICER-TN-159,2025-03-06 11:59:55,HUMAN_INTELLIGENCE_INSPECTION,IN_PROGRESS,MEDIUM
TCK-2026-00991,ALT-2026-00528,34,Nagapattinam,OFFICER-TN-166,2026-02-19 13:15:11,IMMEDIATE_PATROL_DISPATCH,CLOSED,LOW
TCK-2026-00992,ALT-2026-00781,5,Tiruchirappalli,OFFICER-TN-158,2025-05-22 14:07:41,INTER_AGENCY_COORDINATION,ESCALATED,LOW
TCK-2026-00993,ALT-2026-00316,6,Tirunelveli,OFFICER-TN-142,2026-05-29 15:41:16,CHECKPOST_ENHANCED_SURVEILLANCE,IN_PROGRESS,LOW
TCK-2026-00994,ALT-2026-00608,15,Tenkasi,OFFICER-TN-137,2026-02-05 10:17:27,IMMEDIATE_PATROL_DISPATCH,CLOSED,HIGH
TCK-2026-00995,ALT-2026-00346,6,Tirunelveli,OFFICER-TN-189,2026-02-18 01:19:55,CHECKPOST_ENHANCED_SURVEILLANCE,ESCALATED,HIGH
TCK-2026-00996,ALT-2026-00812,11,Dindigul,OFFICER-TN-119,2025-08-21 11:57:38,IMMEDIATE_PATROL_DISPATCH,IN_PROGRESS,MEDIUM
TCK-2026-00997,ALT-2026-00087,36,Ranipet,OFFICER-TN-143,2026-07-20 23:01:00,CHECKPOST_ENHANCED_SURVEILLANCE,CLOSED,HIGH
TCK-2026-00998,ALT-2026-00270,1,Chennai,OFFICER-TN-120,2025-03-01 08:16:13,INTER_AGENCY_COORDINATION,ACTION_COMPLETED,HIGH
TCK-2026-00999,ALT-2026-00536,9,Vellore,OFFICER-TN-181,2025-03-04 21:16:32,IMMEDIATE_PATROL_DISPATCH,ACTION_COMPLETED,LOW
TCK-2026-01000,ALT-2026-00718,7,Tiruppur,OFFICER-TN-124,2025-02-18 09:03:59,CHECKPOST_ENHANCED_SURVEILLANCE,OPEN,LOW