provenance_id,target_record_id,source_origin_dataset,ingested_at,transformation_stage,verification_status,sha256_audit_hash
PRV-000001,SIG-TN-00001,HEALTH_STAT,2026-03-04 20:54:37,PII_REDACTED_AND_NORMALIZED,VERIFIED_INTEGRITY,4e1665bac74657adc0a01c9e276c1061cf34bf2d8671a0934ae021bb6ac50696
PRV-000002,SIG-TN-00002,HEALTH_STAT,2026-05-20 23:41:24,PII_REDACTED_AND_NORMALIZED,VERIFIED_INTEGRITY,7509cf992c6d7f79fd3bf10aad2047c583f84a78aefe15e76dde2a83d858ef17
PRV-000003,SIG-TN-00003,CITIZEN_FEED,2025-11-12 14:42:18,PII_REDACTED_AND_NORMALIZED,VERIFIED_INTEGRITY,6d4f30c3a85d81ea588d60aa271290b2d2209cfedeb5a3f8e63b8f792a7a226e
PRV-000004,SIG-TN-00004,CITIZEN_FEED,2024-09-20 11:45:20,PII_REDACTED_AND_NORMALIZED,VERIFIED_INTEGRITY,e5deca3ea28a402838addcb86e8206d43f908b37588af207cd84fa2fc6868f3b
PRV-000005,SIG-TN-00005,HEALTH_STAT,2025-03-07 09:21:59,PII_REDACTED_AND_NORMALIZED,VERIFIED_INTEGRITY,5d5ced0c80bf4eec125301875b9af94d9c0a0925737a98e0c99c993729fccf79
PRV-000006,SIG-TN-00006,POLICE_LEDGER,2025-02-13 07:46:46,PII_REDACTED_AND_NORMALIZED,VERIFIED_INTEGRITY,39be253bc3e08f930bcd3f19855498eec68df12b8b6b9d3b719f3964fc552868
PRV-000007,SIG-TN-00007,HEALTH_STAT,2024-10-29 20:25:58,PII_REDACTED_AND_NORMALIZED,VERIFIED_INTEGRITY,a2dacca72c865d9f3d91c4c9ec72f1bec839381a10d561a99f1b37f2b658c9a5
PRV-000008,SIG-TN-00008,POLICE_LEDGER,2025-02-26 17:14:38,PII_REDACTED_AND_NORMALIZED,VERIFIED_INTEGRITY,51d7005602dd40725f727abf005fe23ea0d41c06055b5270ccf93865b9718c6d
PRV-000009,SIG-TN-00009,POLICE_LEDGER,2025-03-09 18:29:07,PII_REDACTED_AND_NORMALIZED,VERIFIED_INTEGRITY,2925148f33fdbecdd440d9eb31b654fdcec96950e8a2f1915a3fa757c394e932
PRV-000010,SIG-TN-00010,CHECKPOST_OCR,2025-06-21 07:40:00,PII_REDACTED_AND_NORMALIZED,VERIFIED_INTEGRITY,90c907f72e710ea5fdc32442ce56ebc7be4120a7e8fc5f27e9af306f12a8c498
PRV-000011,SIG-TN-00011,HEALTH_STAT,2026-06-29 19:06:03,PII_REDACTED_AND_NORMALIZED,VERIFIED_INTEGRITY,14f9e4a01866bc51b91e4fb6b0e37c609c8c38c12bed8b44055847a92d84ede5
PRV-000012,SIG-TN-00012,CITIZEN_FEED,2026-02-06 04:21:05,PII_REDACTED_AND_NORMALIZED,VERIFIED_INTEGRITY,77d967bd6bf802b6c8a3a4151017c62b5fa494c5c36feeb0990c24794d0842fe
PRV-000013,SIG-TN-00013,CITIZEN_FEED,2026-02-04 20:40:46,PII_REDACTED_AND_NORMALIZED,VERIFIED_INTEGRITY,24e1fa38a0568a1288e0747c34c0d5e3b54db2a1706e6a042b31a442e557cfa1
PRV-000014,SIG-TN-00014,POLICE_LEDGER,2026-04-10 22:39:41,PII_REDACTED_AND_NORMALIZED,VERIFIED_INTEGRITY,44a36081680c9c5157b7de805ef80bc0b3ebff81449d8f2ead43e6d5ebbbb250
PRV-000015,SIG-TN-00015,CHECKPOST_OCR,2025-05-02 20:53:22,PII_REDACTED_AND_NORMALIZED,VERIFIED_INTEGRITY,1ba0a090dc01e3fc1ef8ae58da1024220d96e8612311e3fb7cf6f7736ebe91fc
PRV-000016,SIG-TN-00016,POLICE_LEDGER,2026-03-23 12:36:41,PII_REDACTED_AND_NORMALIZED,VERIFIED_INTEGRITY,cc84fd33bb25d83f124fe493c8bec31bab839dc286c830ba4638ae4edbd82f6e
PRV-000017,SIG-TN-00017,CITIZEN_FEED,2024-11-12 20:39:39,PII_REDACTED_AND_NORMALIZED,VERIFIED_INTEGRITY,3a01ca9d8b370f38b3736e856ddd0e364a31be607f03b8af7680c23177584942
PRV-000018,SIG-TN-00018,CHECKPOST_OCR,2024-12-15 22:22:24,PII_REDACTED_AND_NORMALIZED,VERIFIED_INTEGRITY,cb052bb7c79339b95b3c5d92f72e0d4520836a72670bd89c5f4d8c95d47fe66a
PRV-000019,SIG-TN-00019,CHECKPOST_OCR,2026-05-18 01:32:17,PII_REDACTED_AND_NORMALIZED,VERIFIED_INTEGRITY,6904c237dee618ec937b22faba420571203b08613be5ad188444bd0e1fd2beca
PRV-000020,SIG-TN-00020,CHECKPOST_OCR,2026-05-20 17:18:48,PII_REDACTED_AND_NORMALIZED,VERIFIED_INTEGRITY,34bf664a37ae59bf5800320081a3c93042ff6c6a17d5e1ca3dd5b4fcd2c89e50
PRV-000021,SIG-TN-00021,POLICE_LEDGER,2024-10-20 18:05:31,PII_REDACTED_AND_NORMALIZED,VERIFIED_INTEGRITY,ac340f6f2a820cddc02ec98e17bf78452766215775a0ed3f74f2e67bfc8333dd
PRV-000022,SIG-TN-00022,POLICE_LEDGER,2025-03-25 22:31:45,PII_REDACTED_AND_NORMALIZED,VERIFIED_INTEGRITY,3b6c36a565533dfb8e903af97ee739c4577e33fec4c35e85277242cc5dd4340f
PRV-000023,SIG-TN-00023,CHECKPOST_OCR,2025-09-02 19:56:29,PII_REDACTED_AND_NORMALIZED,VERIFIED_INTEGRITY,69c3042af057e386a7b44a47b30652e604d4d1b91792cc550d7994c09ddabb67
PRV-000024,SIG-TN-00024,HEALTH_STAT,2026-02-12 09:29:05,PII_REDACTED_AND_NORMALIZED,VERIFIED_INTEGRITY,a4fa9fdbc97a7ca8af3cbc2808863d587a963ed402342fa57b6e07c826e25f16
PRV-000025,SIG-TN-00025,HEALTH_STAT,2024-10-11 03:06:21,PII_REDACTED_AND_NORMALIZED,VERIFIED_INTEGRITY,3cf1ed490eb8f1e9da36a0b6550492a1f861cba8773e71e7d01574f75faec2a2
PRV-000026,SIG-TN-00026,CHECKPOST_OCR,2026-01-31 06:13:22,PII_REDACTED_AND_NORMALIZED,VERIFIED_INTEGRITY,513881c7450924734b83d7b2c8d2dd07e0f85b27637a2c2439d60ad328ae22a8
PRV-000027,SIG-TN-00027,POLICE_LEDGER,2025-10-08 14:03:49,PII_REDACTED_AND_NORMALIZED,VERIFIED_INTEGRITY,7b3756cf0275a530b5f2fb5b32a02f626193bac746f65132bc32abe99a9e6a8c
PRV-000028,SIG-TN-00028,HEALTH_STAT,2024-12-20 08:13:13,PII_REDACTED_AND_NORMALIZED,VERIFIED_INTEGRITY,2a5ccd41d7b8b6fdcd1bba6e553e9b4b03035ed5dce334a423781fd121cdb682
PRV-000029,SIG-TN-00029,CITIZEN_FEED,2025-07-04 09:47:17,PII_REDACTED_AND_NORMALIZED,VERIFIED_INTEGRITY,ca8d2b29030fd5e432cc7fddb7a12aa4bbf76fa3a66691059af1c4d39b056b72
PRV-000030,SIG-TN-00030,CHECKPOST_OCR,2026-06-11 07:49:44,PII_REDACTED_AND_NORMALIZED,VERIFIED_INTEGRITY,f60bae481aaa6f11e6d9d9378f13bf2fe40bca688c00e623ffbea858f836ff38
PRV-000031,SIG-TN-00031,HEALTH_STAT,2025-04-22 04:17:53,PII_REDACTED_AND_NORMALIZED,VERIFIED_INTEGRITY,3860816b6fb0268d419d8a7e1f03fa4a2da5d1cc4822062e2971d2e67734367f
PRV-000032,SIG-TN-00032,CITIZEN_FEED,2025-06-01 09:01:11,PII_REDACTED_AND_NORMALIZED,VERIFIED_INTEGRITY,d39da22739ef3a857ca9c2d8b3cd86f82302367dd63a2550dcdda025b61797d0
PRV-000033,SIG-TN-00033,CITIZEN_FEED,2026-03-05 17:29:16,PII_REDACTED_AND_NORMALIZED,VERIFIED_INTEGRITY,d3386e352e6a498f99e1fb06df5fc26b7339726ee3b8cbdf91e9386cf4137028
PRV-000034,SIG-TN-00034,HEALTH_STAT,2025-12-10 19:37:58,PII_REDACTED_AND_NORMALIZED,VERIFIED_INTEGRITY,30a268a7369dc7e0929420ddbf3b000c2a64c8be5a9ca0f036430590a2091fe5
PRV-000035,SIG-TN-00035,POLICE_LEDGER,2024-12-11 17:01:23,PII_REDACTED_AND_NORMALIZED,VERIFIED_INTEGRITY,10cfb06b42790805eb18370489c4f6a87f0efa8b296da7efa61f793223d69083
PRV-000036,SIG-TN-00036,HEALTH_STAT,2025-01-26 00:20:00,PII_REDACTED_AND_NORMALIZED,VERIFIED_INTEGRITY,deff361ee4af497be81afdf20b69867119390ed2643619bbd7fc78ae77ece36e
PRV-000037,SIG-TN-00037,HEALTH_STAT,2025-08-26 08:48:52,PII_REDACTED_AND_NORMALIZED,VERIFIED_INTEGRITY,764b2b86973bdb4711821dae4a67651d2f8100a93fb0d6cf2303304a1475cfc6
PRV-000038,SIG-TN-00038,HEALTH_STAT,2025-05-09 01:12:55,PII_REDACTED_AND_NORMALIZED,VERIFIED_INTEGRITY,581d9ca5a52e8c6945e64c0391735d4d45db03e1b11a12e18135d46fdc3b3d51
PRV-000039,SIG-TN-00039,CHECKPOST_OCR,2026-01-23 18:53:58,PII_REDACTED_AND_NORMALIZED,VERIFIED_INTEGRITY,d3d3a1b5708a3987e103f969b72f3f42aa57aa5ae5e70f30796910091285aefe
PRV-000040,SIG-TN-00040,POLICE_LEDGER,2026-06-03 05:54:30,PII_REDACTED_AND_NORMALIZED,VERIFIED_INTEGRITY,ee36f7b8cc781530c10955a81e954258a1006fe6d6cd515cd9f9eb1a759e75e1
PRV-000041,SIG-TN-00041,CITIZEN_FEED,2024-10-09 23:34:18,PII_REDACTED_AND_NORMALIZED,VERIFIED_INTEGRITY,43ae273053840d469fe208f69bff46ee2eb17bdbdf3911e51f7659f136c05e05
PRV-000042,SIG-TN-00042,CHECKPOST_OCR,2025-05-01 07:12:35,PII_REDACTED_AND_NORMALIZED,VERIFIED_INTEGRITY,f2882c6aede7ee90fe1dc8565183e4bb25a525ef185253483ef48d134850791c
PRV-000043,SIG-TN-00043,CITIZEN_FEED,2026-06-02 22:17:50,PII_REDACTED_AND_NORMALIZED,VERIFIED_INTEGRITY,388ff7f34b778b1243ec4b676f10851cd7dfdd56f7f3e0e136485a5544ce1632
PRV-000044,SIG-TN-00044,CITIZEN_FEED,2025-06-05 08:12:27,PII_REDACTED_AND_NORMALIZED,VERIFIED_INTEGRITY,63ab50c3b17ce3bd64d81d671fd1b060931a9e2f6d0a4d578f03bee8b08c648e
PRV-000045,SIG-TN-00045,HEALTH_STAT,2025-11-05 00:42:27,PII_REDACTED_AND_NORMALIZED,VERIFIED_INTEGRITY,76be4b62a030034e7e4f9a120fb74e781a2ef6f763a82e06fb6b3e0d86f91130
PRV-000046,SIG-TN-00046,CITIZEN_FEED,2025-03-31 11:30:56,PII_REDACTED_AND_NORMALIZED,VERIFIED_INTEGRITY,5c38e8562fcee2ffa5a9436e94c09efef92b028cf087be63932bca56cb36dc8e
PRV-000047,SIG-TN-00047,POLICE_LEDGER,2026-04-25 08:12:30,PII_REDACTED_AND_NORMALIZED,VERIFIED_INTEGRITY,b985a07da75c5742adda21eed06c1061dec84c6a0d9f72193be434344cb1b9c0
PRV-000048,SIG-TN-00048,HEALTH_STAT,2026-06-14 23:20:53,PII_REDACTED_AND_NORMALIZED,VERIFIED_INTEGRITY,01ed56a6843ea7ae04b3c129a011a65d68e084d83349befcc0274eb894b3c001
PRV-000049,SIG-TN-00049,POLICE_LEDGER,2025-11-02 17:52:53,PII_REDACTED_AND_NORMALIZED,VERIFIED_INTEGRITY,cdda64e0c112ef37a82fab85fc845da2b077f3f3181dd87cc853cfa603417c15
PRV-000050,SIG-TN-00050,POLICE_LEDGER,2025-03-07 01:35:00,PII_REDACTED_AND_NORMALIZED,VERIFIED_INTEGRITY,0afff4dcaad442367d2d577b4cfee0f3003bdc1ede58f21139e7117e325bdd83
PRV-000051,SIG-TN-00051,HEALTH_STAT,2026-05-26 17:09:40,PII_REDACTED_AND_NORMALIZED,VERIFIED_INTEGRITY,0a16bf39665857e25ad89470c5b7a60bb10297c2a9c7b03850cae2913727e616
PRV-000052,SIG-TN-00052,HEALTH_STAT,2025-11-21 03:07:12,PII_REDACTED_AND_NORMALIZED,VERIFIED_INTEGRITY,7dc27b805b6cf36f0b7f3833399e1e182dcd15553cce5f5da18f040bcd95c9df
PRV-000053,SIG-TN-00053,HEALTH_STAT,2025-02-28 07:20:05,PII_REDACTED_AND_NORMALIZED,VERIFIED_INTEGRITY,2e5e889713ed7c2cbca337e407171228e2788a39526cc78730f0a70fe62c0239
PRV-000054,SIG-TN-00054,CHECKPOST_OCR,2026-06-22 12:49:16,PII_REDACTED_AND_NORMALIZED,VERIFIED_INTEGRITY,5930105ee276577bc2fa1bb9c6f9737ceb991304a46f3de76ba82d9cbbfcc370
PRV-000055,SIG-TN-00055,CHECKPOST_OCR,2025-09-21 11:40:23,PII_REDACTED_AND_NORMALIZED,VERIFIED_INTEGRITY,17f31ff025e2f3cf64d96b0684d465f4410c3ad5298685afba5cf89c538b9ef1
PRV-000056,SIG-TN-00056,CHECKPOST_OCR,2026-05-24 10:00:56,PII_REDACTED_AND_NORMALIZED,VERIFIED_INTEGRITY,50e000833e9da45ca28eea9d6442bc32706454870ac26eefc6cf7e32ff80e2e0
PRV-000057,SIG-TN-00057,HEALTH_STAT,2025-08-04 14:32:28,PII_REDACTED_AND_NORMALIZED,VERIFIED_INTEGRITY,338ead59c3ef5d3d7d312fddc0ce11f683490d9581cb78009156430d268660aa
PRV-000058,SIG-TN-00058,POLICE_LEDGER,2026-08-08 12:39:58,PII_REDACTED_AND_NORMALIZED,VERIFIED_INTEGRITY,27090e7a56e7eec426590efea48fe4a718321cdfdfbb0e1fc7ac12a4054b9d4d
PRV-000059,SIG-TN-00059,CITIZEN_FEED,2024-11-16 15:24:56,PII_REDACTED_AND_NORMALIZED,VERIFIED_INTEGRITY,b658ca856d4b0075ae6ee967b755c226d21f7eb4af07afea398b05474b309d89
PRV-000060,SIG-TN-00060,CITIZEN_FEED,2025-09-13 10:09:12,PII_REDACTED_AND_NORMALIZED,VERIFIED_INTEGRITY,7424edaf2f128099c507ead21044b755d0133370b60c43d833ab30d39f004d18
PRV-000061,SIG-TN-00061,HEALTH_STAT,2025-04-25 12:12:22,PII_REDACTED_AND_NORMALIZED,VERIFIED_INTEGRITY,a2094bfa5490beb2f445071bb25d9d1eb838fb10ccad4f458efb3704703895bd
PRV-000062,SIG-TN-00062,CITIZEN_FEED,2025-08-08 11:45:06,PII_REDACTED_AND_NORMALIZED,VERIFIED_INTEGRITY,05f6b8c57ec44af84695fa148a8f87e41a4e93b16628206683c3777a371577be
PRV-000063,SIG-TN-00063,POLICE_LEDGER,2025-11-26 02:39:06,PII_REDACTED_AND_NORMALIZED,VERIFIED_INTEGRITY,3b00e6a4747729ef84529400c8c335a0bceca1985cfb9c3af0aaa9810884d7e3
PRV-000064,SIG-TN-00064,POLICE_LEDGER,2026-08-12 20:10:52,PII_REDACTED_AND_NORMALIZED,VERIFIED_INTEGRITY,b7a3b78e78962299cee2d9c99237d8c1016073e2d2982a9ed86f4f43304d4cf5
PRV-000065,SIG-TN-00065,HEALTH_STAT,2025-12-29 16:48:12,PII_REDACTED_AND_NORMALIZED,VERIFIED_INTEGRITY,b94454f4e0e20053f55ac0b2ce03a265c26ab46c7434c20b5746e771d6f4cf77
PRV-000066,SIG-TN-00066,HEALTH_STAT,2025-09-08 04:32:17,PII_REDACTED_AND_NORMALIZED,VERIFIED_INTEGRITY,20e66b82deb5db52b29dd5aebf28b526dbebf2ac805cebd5b9875466a05b4bb5
PRV-000067,SIG-TN-00067,HEALTH_STAT,2026-04-01 03:27:07,PII_REDACTED_AND_NORMALIZED,VERIFIED_INTEGRITY,809d26210855b758e6e3fef8b1806c702ed057a720b8d55c66fb183b1a797ddf
PRV-000068,SIG-TN-00068,HEALTH_STAT,2025-04-07 04:19:42,PII_REDACTED_AND_NORMALIZED,VERIFIED_INTEGRITY,564c7e02acc99066d86c320451f0877d3bf74bdeae0dbb7c97f2f9b6196393ab
PRV-000069,SIG-TN-00069,CHECKPOST_OCR,2025-12-13 18:51:37,PII_REDACTED_AND_NORMALIZED,VERIFIED_INTEGRITY,91cefc9dc1b9af40296c256e1a30cfe6643090bc3d84c1077d2a965b1b9963a4
PRV-000070,SIG-TN-00070,HEALTH_STAT,2025-04-11 15:31:02,PII_REDACTED_AND_NORMALIZED,VERIFIED_INTEGRITY,cb14a305533fc0a5df248a1e33b42ca452fdb41406fca2d2519942405f9af64e
PRV-000071,SIG-TN-00071,CHECKPOST_OCR,2025-02-22 18:32:51,PII_REDACTED_AND_NORMALIZED,VERIFIED_INTEGRITY,e1f5beb303e874f2cea6ec31ee680d65819617736d091a8e5c4b205ef2db8845
PRV-000072,SIG-TN-00072,HEALTH_STAT,2026-03-21 00:04:38,PII_REDACTED_AND_NORMALIZED,VERIFIED_INTEGRITY,7380ca3ac28f9288146aeb1aa9c3edbe186b32e828f1375d4fb3cb2ebca1c1c6
PRV-000073,SIG-TN-00073,CHECKPOST_OCR,2026-08-08 15:02:20,PII_REDACTED_AND_NORMALIZED,VERIFIED_INTEGRITY,77aa4950af04f89b42a6bcb69f45cd79eb3a0a898bdec5a3725e0ee9dd0e3bce
PRV-000074,SIG-TN-00074,HEALTH_STAT,2025-04-17 23:01:03,PII_REDACTED_AND_NORMALIZED,VERIFIED_INTEGRITY,ae8ae6e59f05e95c8c20854bc50ccbbe7c9b5418205f2f599a7c00cf81ab372f
PRV-000075,SIG-TN-00075,CITIZEN_FEED,2024-11-27 07:04:10,PII_REDACTED_AND_NORMALIZED,VERIFIED_INTEGRITY,32e82b9de58d8a32500de434d445674d088c39ae165f047f759fc3065b40bcb5
PRV-000076,SIG-TN-00076,CHECKPOST_OCR,2026-03-17 20:27:55,PII_REDACTED_AND_NORMALIZED,VERIFIED_INTEGRITY,42b3403109d1696a63a4f77e7cd64234bcc9957e895bfcafc5ff9ceb54b37346
PRV-000077,SIG-TN-00077,HEALTH_STAT,2025-02-26 23:16:53,PII_REDACTED_AND_NORMALIZED,VERIFIED_INTEGRITY,13c1efc581ba688597257fa467553d37d117ae61b0a8f20bd30da41d1e4cd5ea
PRV-000078,SIG-TN-00078,POLICE_LEDGER,2026-01-20 02:42:38,PII_REDACTED_AND_NORMALIZED,VERIFIED_INTEGRITY,2ffcbd681399da6acb20716b4ad2bf0aca8613c88eebc49d97d302588bd3eade
PRV-000079,SIG-TN-00079,POLICE_LEDGER,2025-11-25 18:38:59,PII_REDACTED_AND_NORMALIZED,VERIFIED_INTEGRITY,c6e23a08c34646aaf8fdba96cba7cff3ec4ea247dc37aeecb276e50a4839c39d
PRV-000080,SIG-TN-00080,CHECKPOST_OCR,2025-11-10 17:03:23,PII_REDACTED_AND_NORMALIZED,VERIFIED_INTEGRITY,84931322093b66226f0d91748943d179b2ae0cdce505fcab2fc4813ea5c8b211
PRV-000081,SIG-TN-00081,CHECKPOST_OCR,2024-11-11 06:11:17,PII_REDACTED_AND_NORMALIZED,VERIFIED_INTEGRITY,831c22aff3d2e84eaf4e7c1d02c401ee4ef4fc70dc815cc318d5104257a9fae1
PRV-000082,SIG-TN-00082,CITIZEN_FEED,2025-10-08 13:26:43,PII_REDACTED_AND_NORMALIZED,VERIFIED_INTEGRITY,1481dcb2422bef879ab1254575b9e0894248cc9a42d46276249c3b20c5d1f52d
PRV-000083,SIG-TN-00083,CITIZEN_FEED,2024-10-08 18:51:04,PII_REDACTED_AND_NORMALIZED,VERIFIED_INTEGRITY,de74e1867cabc9f597014878ea926c9ed6ad59d9707cbf89b88adbecca6e890c
PRV-000084,SIG-TN-00084,POLICE_LEDGER,2025-12-24 21:54:44,PII_REDACTED_AND_NORMALIZED,VERIFIED_INTEGRITY,309a5257773fa003d8b16f7de7f514f20412122688c2d1476628b7fdc3d698f0
PRV-000085,SIG-TN-00085,CITIZEN_FEED,2025-06-01 06:34:02,PII_REDACTED_AND_NORMALIZED,VERIFIED_INTEGRITY,9a76f969bb11a7fbcb1fef59b249ab4ef100cf5006a72682d91012f286a43b6c
PRV-000086,SIG-TN-00086,HEALTH_STAT,2024-10-02 13:28:01,PII_REDACTED_AND_NORMALIZED,VERIFIED_INTEGRITY,da604b4965158672b2fd82aaa6627a1cdb65cd54259cebbcb234452a3e517eb6
PRV-000087,SIG-TN-00087,POLICE_LEDGER,2025-08-19 07:38:51,PII_REDACTED_AND_NORMALIZED,VERIFIED_INTEGRITY,03d075cf049a42a3fc4b28f690141b0eba785b1256f423e8accb46fe676a228f
PRV-000088,SIG-TN-00088,HEALTH_STAT,2026-06-22 23:58:36,PII_REDACTED_AND_NORMALIZED,VERIFIED_INTEGRITY,52027dbd7537d3fa205702b4fd9ac5e9c0eb0b8d6f9c8adaca7a2944d40307cc
PRV-000089,SIG-TN-00089,CHECKPOST_OCR,2025-09-21 13:15:08,PII_REDACTED_AND_NORMALIZED,VERIFIED_INTEGRITY,67938f774ce7260e230edad2f7238a2cb4c63a8b7e86db027016062cc6a0dbfd
PRV-000090,SIG-TN-00090,CITIZEN_FEED,2025-07-01 09:41:16,PII_REDACTED_AND_NORMALIZED,VERIFIED_INTEGRITY,b8a63636e61c7bf5d35c0b373c76c0f4331dcf10bb2f534de42b6ffc315979f3
PRV-000091,SIG-TN-00091,POLICE_LEDGER,2026-01-25 02:17:20,PII_REDACTED_AND_NORMALIZED,VERIFIED_INTEGRITY,4e211dc36e8763a727c8d3faedd09404e5df100a3ac375a9fc623f92bfba18d5
PRV-000092,SIG-TN-00092,CHECKPOST_OCR,2025-10-03 18:09:42,PII_REDACTED_AND_NORMALIZED,VERIFIED_INTEGRITY,d44a920466341fb71dd8632ada967db8fed4665b5d2b3743924ea1fcb2fd4fd4
PRV-000093,SIG-TN-00093,CITIZEN_FEED,2025-01-08 21:58:50,PII_REDACTED_AND_NORMALIZED,VERIFIED_INTEGRITY,529085e3bbfd90f76916f547acd3e2dcb7c52d3305ac891a369b765e426f3a58
PRV-000094,SIG-TN-00094,CHECKPOST_OCR,2026-01-08 21:41:11,PII_REDACTED_AND_NORMALIZED,VERIFIED_INTEGRITY,f48dcd27c904071712e940503a5c8fd689f583b205309f4f3d8ac2e509f66506
PRV-000095,SIG-TN-00095,HEALTH_STAT,2024-11-26 12:40:59,PII_REDACTED_AND_NORMALIZED,VERIFIED_INTEGRITY,163e5405efcc092813a6574aa5e595e8409439e00fae3d40236a0c63af5d22e4
PRV-000096,SIG-TN-00096,CITIZEN_FEED,2025-04-11 21:17:01,PII_REDACTED_AND_NORMALIZED,VERIFIED_INTEGRITY,3dc0a7798b68d3ea8a225534dfdb50ddda9a7690be2ab5144fb40e2f8ea402d5
PRV-000097,SIG-TN-00097,POLICE_LEDGER,2026-02-23 15:55:54,PII_REDACTED_AND_NORMALIZED,VERIFIED_INTEGRITY,a4982ccdf4cf456f7663a5e008307ebb5a13389ad61fefc7dac04ac54b08b488
PRV-000098,SIG-TN-00098,CHECKPOST_OCR,2025-09-27 20:46:56,PII_REDACTED_AND_NORMALIZED,VERIFIED_INTEGRITY,d4ec60c6e27c85a299e7d72387a8951963a7280e3a9e768518133eea781dc1ad
PRV-000099,SIG-TN-00099,CHECKPOST_OCR,2026-07-28 17:42:14,PII_REDACTED_AND_NORMALIZED,VERIFIED_INTEGRITY,94e36cc23c886a9626f36ca55d316c7c5cc90609fac2b7cd79b8e93a90f9c106
PRV-000100,SIG-TN-00100,CHECKPOST_OCR,2026-01-07 22:48:26,PII_REDACTED_AND_NORMALIZED,VERIFIED_INTEGRITY,c91d0f605c5233bcebb12a8d7b77c6fee1ace409633dec118bea770af0c132a6
PRV-000101,SIG-TN-00101,POLICE_LEDGER,2025-11-11 14:41:01,PII_REDACTED_AND_NORMALIZED,VERIFIED_INTEGRITY,0a67a7e89be2fa40fafed7347aafebe39cf38e6e7b7e2923818ffbbc6f4a4408
PRV-000102,SIG-TN-00102,CITIZEN_FEED,2025-01-09 16:14:34,PII_REDACTED_AND_NORMALIZED,VERIFIED_INTEGRITY,7018a9f1a5d72bb51ba7abc3ada9444d5cbe681dd045a9f2a94d3297c67fadae
PRV-000103,SIG-TN-00103,HEALTH_STAT,2026-06-30 09:00:49,PII_REDACTED_AND_NORMALIZED,VERIFIED_INTEGRITY,5b5cc867b8efeb3adaa40bdcd2a9a3b85a1c82f6cdccb347ca1819a5305420f2
PRV-000104,SIG-TN-00104,POLICE_LEDGER,2025-11-19 18:01:24,PII_REDACTED_AND_NORMALIZED,VERIFIED_INTEGRITY,f9c10897e231864628a4acb043dddd6c89233f593fb92bd33b73c44da7fdbca0
PRV-000105,SIG-TN-00105,CITIZEN_FEED,2024-12-20 17:12:18,PII_REDACTED_AND_NORMALIZED,VERIFIED_INTEGRITY,1f98d20925c5af723995310153ba09834710f9b8fd17068a2c477e0b07043ae6
PRV-000106,SIG-TN-00106,HEALTH_STAT,2026-06-16 12:34:23,PII_REDACTED_AND_NORMALIZED,VERIFIED_INTEGRITY,5342c90bc1e009ef30cd40db21896bc03e06c0698cdba5fd7a0fd642903999c3
PRV-000107,SIG-TN-00107,POLICE_LEDGER,2026-05-06 07:41:26,PII_REDACTED_AND_NORMALIZED,VERIFIED_INTEGRITY,6835d20723a239b1995738e8d0dcb430b496fce327c66a9cf035814f0c0b7324
PRV-000108,SIG-TN-00108,POLICE_LEDGER,2026-04-26 17:30:01,PII_REDACTED_AND_NORMALIZED,VERIFIED_INTEGRITY,07e4ac77bc044279b850c42b87310a0b62e46d4a3e38486a79c069ef3e980100
PRV-000109,SIG-TN-00109,CHECKPOST_OCR,2025-08-31 04:06:40,PII_REDACTED_AND_NORMALIZED,VERIFIED_INTEGRITY,3d147edf043903ae6f2a9bc25a5a16eadb124c47734c14e171c940d2a1117a2f
PRV-000110,SIG-TN-00110,CITIZEN_FEED,2025-10-08 11:34:12,PII_REDACTED_AND_NORMALIZED,VERIFIED_INTEGRITY,3fa21e2bcddbe638e274c8bca3892beb9278b5facb607470f31ec8e3c6c3477d
PRV-000111,SIG-TN-00111,POLICE_LEDGER,2025-03-18 02:45:32,PII_REDACTED_AND_NORMALIZED,VERIFIED_INTEGRITY,85e637d9669937359cfa9af923a92be0ef291da2949e1733a2465a7d54a60540
PRV-000112,SIG-TN-00112,CITIZEN_FEED,2026-04-17 20:58:19,PII_REDACTED_AND_NORMALIZED,VERIFIED_INTEGRITY,9d583bc8493d953005c52ce4b06762fdc50da2e828844613bc99ab45ab598e8c
PRV-000113,SIG-TN-00113,CHECKPOST_OCR,2026-07-19 14:39:36,PII_REDACTED_AND_NORMALIZED,VERIFIED_INTEGRITY,cdcce42935b0be8b51920d2a1fbf7bf42fb90cc087b8b7e864e9a0cac836e126
PRV-000114,SIG-TN-00114,HEALTH_STAT,2026-02-23 16:55:23,PII_REDACTED_AND_NORMALIZED,VERIFIED_INTEGRITY,dbda5f6f1890400f4fe32e86dacbeb8f184588489a766f6045b83d1b7b268949
PRV-000115,SIG-TN-00115,HEALTH_STAT,2024-12-16 12:46:47,PII_REDACTED_AND_NORMALIZED,VERIFIED_INTEGRITY,1eb42a4064381baa91046f3d56e489dd837c3d1b6458d07e4a9e853d39c309ee
PRV-000116,SIG-TN-00116,HEALTH_STAT,2025-08-26 05:46:05,PII_REDACTED_AND_NORMALIZED,VERIFIED_INTEGRITY,249f7ccc31831a2b1f445b3d593f4fa10741edd66d999aedbc735532d1fcb249
PRV-000117,SIG-TN-00117,CITIZEN_FEED,2026-03-19 15:22:35,PII_REDACTED_AND_NORMALIZED,VERIFIED_INTEGRITY,422ceb37662229a8dd41d8bbb917098d59df04490861e383aa1ddfe90dce3353
PRV-000118,SIG-TN-00118,HEALTH_STAT,2026-01-09 20:02:49,PII_REDACTED_AND_NORMALIZED,VERIFIED_INTEGRITY,0c2c76b814b79a45329d576efdfd175205cb52d238980e0a2c414aa47fbc07b3
PRV-000119,SIG-TN-00119,POLICE_LEDGER,2025-01-25 13:54:30,PII_REDACTED_AND_NORMALIZED,VERIFIED_INTEGRITY,511306d118e38b45cf017f99f0c258fd1824a3fc53d76581e3088af4401f47aa
PRV-000120,SIG-TN-00120,POLICE_LEDGER,2025-01-17 03:17:48,PII_REDACTED_AND_NORMALIZED,VERIFIED_INTEGRITY,a2d25ad89f0dc873f57a68ac81ceca90b02018765473cf36eff4c2df6464a99b
PRV-000121,SIG-TN-00121,POLICE_LEDGER,2026-05-31 20:21:31,PII_REDACTED_AND_NORMALIZED,VERIFIED_INTEGRITY,5c226da03d4b905a4e66e3d4d3bb04e1db20830cfe7d9b9b6055584a99f89c07
PRV-000122,SIG-TN-00122,CHECKPOST_OCR,2026-07-27 05:38:49,PII_REDACTED_AND_NORMALIZED,VERIFIED_INTEGRITY,0aa4919b1e7b6e974ac8aa9a55ba8456db8cc882cd29f6bb8c379c970990d423
PRV-000123,SIG-TN-00123,HEALTH_STAT,2026-07-17 05:13:36,PII_REDACTED_AND_NORMALIZED,VERIFIED_INTEGRITY,49e3ccd2704dbe14a0e82591a88802d6e2ee97bc255815b950e8bb281b8d3f1d
PRV-000124,SIG-TN-00124,CITIZEN_FEED,2025-12-28 19:17:04,PII_REDACTED_AND_NORMALIZED,VERIFIED_INTEGRITY,0fd8462c5391e57211aa036d296bf429d7e006a817b6f90716200735307dc8fd
PRV-000125,SIG-TN-00125,CHECKPOST_OCR,2024-09-25 21:43:20,PII_REDACTED_AND_NORMALIZED,VERIFIED_INTEGRITY,d307ffe91f8461496236fc5623582aff04441577ab4f188b98b46dab5de6f964
PRV-000126,SIG-TN-00126,HEALTH_STAT,2026-06-02 05:46:43,PII_REDACTED_AND_NORMALIZED,VERIFIED_INTEGRITY,705f7e65d17e6449f49e8248b0e1424231b80c88b55321a57b704a2bdcd24191
PRV-000127,SIG-TN-00127,HEALTH_STAT,2025-05-22 03:34:27,PII_REDACTED_AND_NORMALIZED,VERIFIED_INTEGRITY,0f142fc43ec8a7785d8dc37b8c94b1445b6c7b9cd1253f1eb849c02cfbd47633
PRV-000128,SIG-TN-00128,CHECKPOST_OCR,2026-01-06 19:32:35,PII_REDACTED_AND_NORMALIZED,VERIFIED_INTEGRITY,1a39c27cad022b00a694d8d93f3a617b8b2e6cb062c8f33c6ed12e7c1e33f689
PRV-000129,SIG-TN-00129,CHECKPOST_OCR,2026-06-20 00:58:14,PII_REDACTED_AND_NORMALIZED,VERIFIED_INTEGRITY,adebb958c9c13211ba64e1b0c07c84b93e9f2057c2b25ca33562c4024cf03611
PRV-000130,SIG-TN-00130,HEALTH_STAT,2025-03-25 17:51:24,PII_REDACTED_AND_NORMALIZED,VERIFIED_INTEGRITY,9f915c7c07d53987739b058d76cc7ce1ae3f9e6cea8e6bd217ad32472c3ba076
PRV-000131,SIG-TN-00131,CITIZEN_FEED,2025-11-16 00:12:34,PII_REDACTED_AND_NORMALIZED,VERIFIED_INTEGRITY,db55ca33ef973445d8e71e385a5e3ac5a1c297df7ed03051720323c7321006e1
PRV-000132,SIG-TN-00132,CHECKPOST_OCR,2026-06-17 16:42:23,PII_REDACTED_AND_NORMALIZED,VERIFIED_INTEGRITY,3991fa842222795ac3e0bd7d0efde198ce5c0cc0e30074930c48be4753f4e81d
PRV-000133,SIG-TN-00133,POLICE_LEDGER,2024-10-17 22:33:22,PII_REDACTED_AND_NORMALIZED,VERIFIED_INTEGRITY,6b711c3578470d5065d9c8a4544b50827c4d260d39488f35eca5c53c200b4ca1
PRV-000134,SIG-TN-00134,CITIZEN_FEED,2026-05-03 15:04:56,PII_REDACTED_AND_NORMALIZED,VERIFIED_INTEGRITY,cab09c255a48e0b6fd5a589b9ae78f1054ac06e9ea5cad9c5b7de203d289a15a
PRV-000135,SIG-TN-00135,POLICE_LEDGER,2025-10-08 18:07:29,PII_REDACTED_AND_NORMALIZED,VERIFIED_INTEGRITY,78cd9577ca98e1f8944a3f7e9644dd6c53c1f413cccf3f9289c2d4296ec683e3
PRV-000136,SIG-TN-00136,CHECKPOST_OCR,2026-01-10 22:31:33,PII_REDACTED_AND_NORMALIZED,VERIFIED_INTEGRITY,f54c6b1ae066b359b0a0b12be1774e18501f6579fdfe49ce8d69deb509a7b081
PRV-000137,SIG-TN-00137,CITIZEN_FEED,2024-10-31 14:45:46,PII_REDACTED_AND_NORMALIZED,VERIFIED_INTEGRITY,33081f2e3d0945305d9463dad06c2a728c32c1d704c006b70c8ea1c2b2ceec9f
PRV-000138,SIG-TN-00138,CITIZEN_FEED,2025-11-05 15:51:27,PII_REDACTED_AND_NORMALIZED,VERIFIED_INTEGRITY,4bd59a58e0fc2e0d1a08a4b38cf1afdb1c44d064387f00136be4eb0382ae1bc0
PRV-000139,SIG-TN-00139,POLICE_LEDGER,2025-08-23 18:11:57,PII_REDACTED_AND_NORMALIZED,VERIFIED_INTEGRITY,a51dd1caef80398180619714ecda5e91eead6a1ef187edd37e0afdb5593cc190
PRV-000140,SIG-TN-00140,HEALTH_STAT,2026-01-18 23:15:45,PII_REDACTED_AND_NORMALIZED,VERIFIED_INTEGRITY,dc28d4e90a53076e133779111a4114bcd8b3046f1a887e95f9fbcbcf8ab4c982
PRV-000141,SIG-TN-00141,CHECKPOST_OCR,2025-01-13 07:56:45,PII_REDACTED_AND_NORMALIZED,VERIFIED_INTEGRITY,9a48df6afed01c673527de33f991229837571be3ea6a5049095e211e20a26fa8
PRV-000142,SIG-TN-00142,POLICE_LEDGER,2024-11-12 15:15:03,PII_REDACTED_AND_NORMALIZED,VERIFIED_INTEGRITY,f5b226e3f4559dfee5533eed47fed5bc86b31ec7b894183a7a072b28bffa1e19
PRV-000143,SIG-TN-00143,CHECKPOST_OCR,2025-02-15 01:35:34,PII_REDACTED_AND_NORMALIZED,VERIFIED_INTEGRITY,323cf3ac7908e0d9d501c2990e9a48d8862090a8e0213b00c3a4f73540940036
PRV-000144,SIG-TN-00144,CITIZEN_FEED,2025-06-19 19:34:58,PII_REDACTED_AND_NORMALIZED,VERIFIED_INTEGRITY,90017efa341e0cd4786cbb0c804c108e1958e4ec9567236cf23fe6470a75d600
PRV-000145,SIG-TN-00145,HEALTH_STAT,2026-01-10 20:30:55,PII_REDACTED_AND_NORMALIZED,VERIFIED_INTEGRITY,9a387c52b6738d825c119088ff3989b39f5a3909e974a21aba50540a02e54de8
PRV-000146,SIG-TN-00146,CHECKPOST_OCR,2024-09-19 23:01:47,PII_REDACTED_AND_NORMALIZED,VERIFIED_INTEGRITY,2f4a3de6bbb31641805543b84677a2e9a1725a3698c7bad63187ff16cef5f4b9
PRV-000147,SIG-TN-00147,CHECKPOST_OCR,2024-09-29 03:45:21,PII_REDACTED_AND_NORMALIZED,VERIFIED_INTEGRITY,23d48f29d65d18fa87af01bab17630ca750692bf70bc037b67bca52fa8d17540
PRV-000148,SIG-TN-00148,HEALTH_STAT,2024-11-15 00:01:40,PII_REDACTED_AND_NORMALIZED,VERIFIED_INTEGRITY,0622317c21dd2af6eab3c8ed0222835d438a5f41fde4941ce5abf5bd1f55a9b3
PRV-000149,SIG-TN-00149,HEALTH_STAT,2025-06-16 12:22:56,PII_REDACTED_AND_NORMALIZED,VERIFIED_INTEGRITY,d1be70d67ed91d223d20b4e765708ec0c9e74e78ed484094d613074fbdc6f1c4
PRV-000150,SIG-TN-00150,CITIZEN_FEED,2026-02-18 07:56:46,PII_REDACTED_AND_NORMALIZED,VERIFIED_INTEGRITY,e8ed1e0fba0ce3aa9476dd17584806ea181dc72beeea70724ee83c371416e0ed
PRV-000151,SIG-TN-00151,POLICE_LEDGER,2025-01-24 22:49:05,PII_REDACTED_AND_NORMALIZED,VERIFIED_INTEGRITY,899851fe9f3266c25d4d577e380bb7429d625e002edf24db84d8634741bdefbe
PRV-000152,SIG-TN-00152,POLICE_LEDGER,2026-05-07 07:51:11,PII_REDACTED_AND_NORMALIZED,VERIFIED_INTEGRITY,3b551f33beea668b71554c1bc6d795c99fe3cde91aa26f498c617282c3d5a5ed
PRV-000153,SIG-TN-00153,POLICE_LEDGER,2024-10-19 06:18:13,PII_REDACTED_AND_NORMALIZED,VERIFIED_INTEGRITY,07cfe7e5c98fc79bbca45854438c0514b7ad9a9dc1031f731b96b24be997b8b7
PRV-000154,SIG-TN-00154,HEALTH_STAT,2026-06-07 20:56:19,PII_REDACTED_AND_NORMALIZED,VERIFIED_INTEGRITY,594c7cc9ee6b25a29b31e44aa37fe881f6143baafe14b3f3454d8c87970b093c
PRV-000155,SIG-TN-00155,CITIZEN_FEED,2025-06-22 12:23:30,PII_REDACTED_AND_NORMALIZED,VERIFIED_INTEGRITY,6154387c70d974c2f33bac57bd596a0a4ee1245bb474f1dfafd20f230e87f5e0
PRV-000156,SIG-TN-00156,CHECKPOST_OCR,2026-03-13 03:45:42,PII_REDACTED_AND_NORMALIZED,VERIFIED_INTEGRITY,0906294ef3d283b2079e252a0370adbc28fda74a17ea15a7e7b0659fe49ed558
PRV-000157,SIG-TN-00157,POLICE_LEDGER,2025-11-20 12:27:07,PII_REDACTED_AND_NORMALIZED,VERIFIED_INTEGRITY,ebd1408a283ee333b27edcc0733f630a0bcf1959f94e02db161c3e4d948bc99a
PRV-000158,SIG-TN-00158,CHECKPOST_OCR,2025-05-05 22:46:43,PII_REDACTED_AND_NORMALIZED,VERIFIED_INTEGRITY,92114e881095ab0273c85681ca86efd65ebe91ae1327d66da43e6aca8a8939b7
PRV-000159,SIG-TN-00159,HEALTH_STAT,2024-12-22 10:41:59,PII_REDACTED_AND_NORMALIZED,VERIFIED_INTEGRITY,1af8896254f109dcd38bd9a41379a0eb5d1a4b4a92ccb547d8634bc664b7f9e8
PRV-000160,SIG-TN-00160,HEALTH_STAT,2025-02-17 15:47:34,PII_REDACTED_AND_NORMALIZED,VERIFIED_INTEGRITY,f1db9a916f029a75b9965e04f8d4f10753d73f0331753207b15c2ef94103c628
PRV-000161,SIG-TN-00161,HEALTH_STAT,2024-09-21 06:19:04,PII_REDACTED_AND_NORMALIZED,VERIFIED_INTEGRITY,a576d7e6820caf0d66f94e9151e622fe7aa6e9117fa818725bc155e6ff8614a8
PRV-000162,SIG-TN-00162,HEALTH_STAT,2025-12-23 12:17:38,PII_REDACTED_AND_NORMALIZED,VERIFIED_INTEGRITY,c73afdc0ba9299eea083288f397b7dd91e09dfbc38a3572984699e986f088abb
PRV-000163,SIG-TN-00163,CITIZEN_FEED,2024-12-30 16:53:18,PII_REDACTED_AND_NORMALIZED,VERIFIED_INTEGRITY,2c8fc8258e9330d1c0dc4bda02fb3aac6520ddd33569dd4eaa9a124bc6292e0d
PRV-000164,SIG-TN-00164,CITIZEN_FEED,2026-02-27 12:31:40,PII_REDACTED_AND_NORMALIZED,VERIFIED_INTEGRITY,1fb86b69b10a9cfe96057553032d25436a8242f869aafb2efe1f927c49953924
PRV-000165,SIG-TN-00165,CHECKPOST_OCR,2026-02-13 00:24:42,PII_REDACTED_AND_NORMALIZED,VERIFIED_INTEGRITY,6e4718729d893f8b91a6b115c5aec613c616392cf303c3497b1bcba1fbbfb52c
PRV-000166,SIG-TN-00166,HEALTH_STAT,2025-02-27 15:19:09,PII_REDACTED_AND_NORMALIZED,VERIFIED_INTEGRITY,4681a0c1fc771a3debd3987a2aea8b4d366dc680b36149425c1cf07dd6093d7c
PRV-000167,SIG-TN-00167,HEALTH_STAT,2025-10-03 10:59:27,PII_REDACTED_AND_NORMALIZED,VERIFIED_INTEGRITY,95de85f3f96931cd3dd8675a670bf279f592b5c4b8e03c444995ec9493f19737
PRV-000168,SIG-TN-00168,CITIZEN_FEED,2026-03-11 21:34:40,PII_REDACTED_AND_NORMALIZED,VERIFIED_INTEGRITY,0149339d788ef8f18fcda1dc01098f9dca81da9409fc8becfd961193deb4c48c
PRV-000169,SIG-TN-00169,POLICE_LEDGER,2024-11-24 23:23:37,PII_REDACTED_AND_NORMALIZED,VERIFIED_INTEGRITY,73a0126a972c20f43776b006f7237028d6f2f29f3104bb1db310f5e12ab07f91
PRV-000170,SIG-TN-00170,CITIZEN_FEED,2025-06-04 10:56:36,PII_REDACTED_AND_NORMALIZED,VERIFIED_INTEGRITY,1883a176bd8fc5727f0477baa17ce821da4b452cfd19b32e30e411779bc8a81b
PRV-000171,SIG-TN-00171,CHECKPOST_OCR,2026-03-29 19:14:33,PII_REDACTED_AND_NORMALIZED,VERIFIED_INTEGRITY,3377b819538eb3e849a463932f2f6141e144b828f4a7b77c8923f6a654aa6983
PRV-000172,SIG-TN-00172,HEALTH_STAT,2026-01-14 12:41:29,PII_REDACTED_AND_NORMALIZED,VERIFIED_INTEGRITY,58fa90eb215ebf1bb62032d0bb33fc016e1c7d4af1f0e75b5601057429b70828
PRV-000173,SIG-TN-00173,POLICE_LEDGER,2024-10-11 14:52:06,PII_REDACTED_AND_NORMALIZED,VERIFIED_INTEGRITY,1f60bbff9cddc8b0c27613da2e24ccadaa9e1e883d28065b5606aab3d4b34c9c
PRV-000174,SIG-TN-00174,CHECKPOST_OCR,2025-12-06 14:49:09,PII_REDACTED_AND_NORMALIZED,VERIFIED_INTEGRITY,12b91503365d85e310561e1e46a93be16ab08677381446af4e3e25b65b09f5c3
PRV-000175,SIG-TN-00175,HEALTH_STAT,2026-02-25 01:06:10,PII_REDACTED_AND_NORMALIZED,VERIFIED_INTEGRITY,0ee589c67a86c9a9b8304ec70bdd1bd344afca2d20965eedf11686945f0754e3
PRV-000176,SIG-TN-00176,POLICE_LEDGER,2026-05-07 07:23:31,PII_REDACTED_AND_NORMALIZED,VERIFIED_INTEGRITY,3aa09d29ff58e667d08b7655f74cb1329c14c52d2a202567553d57d5d9c21484
PRV-000177,SIG-TN-00177,CITIZEN_FEED,2025-11-28 10:01:52,PII_REDACTED_AND_NORMALIZED,VERIFIED_INTEGRITY,27f2e449259942410d364003edf25b870b1de1e26160205805f87b04b205891f
PRV-000178,SIG-TN-00178,CITIZEN_FEED,2024-12-30 15:04:56,PII_REDACTED_AND_NORMALIZED,VERIFIED_INTEGRITY,53e4a796cd667d11d72736b60f6dafa4ac5f741f6f37dd2c27386eb6c17b9e23
PRV-000179,SIG-TN-00179,HEALTH_STAT,2026-02-18 22:36:03,PII_REDACTED_AND_NORMALIZED,VERIFIED_INTEGRITY,bca248354b22cf357c81c9ae328bb71b2791636c3b1f232f01bd43ffcfe8b003
PRV-000180,SIG-TN-00180,HEALTH_STAT,2024-10-30 00:15:00,PII_REDACTED_AND_NORMALIZED,VERIFIED_INTEGRITY,3d4b01e1c2b143999be1641f8132acb18ca24cf74ec81301e2844c996afb7a91
PRV-000181,SIG-TN-00181,CITIZEN_FEED,2025-07-21 09:57:37,PII_REDACTED_AND_NORMALIZED,VERIFIED_INTEGRITY,8160cfb4bc76216a77892a277d685f0dfafb52417c3626019d2e2bb610c7d06f
PRV-000182,SIG-TN-00182,HEALTH_STAT,2026-07-26 18:49:44,PII_REDACTED_AND_NORMALIZED,VERIFIED_INTEGRITY,1d963abe984f141e7e0d70c20e6ad4ba91ec493b6a958d1e43a3d9a867c11391
PRV-000183,SIG-TN-00183,CHECKPOST_OCR,2026-05-20 21:59:47,PII_REDACTED_AND_NORMALIZED,VERIFIED_INTEGRITY,95be7bcdaa6b8ab27f057792d5b7e9ee6c5dba271f2459916918e46088e3416e
PRV-000184,SIG-TN-00184,POLICE_LEDGER,2025-01-16 14:02:43,PII_REDACTED_AND_NORMALIZED,VERIFIED_INTEGRITY,3c622dae422cc47078ba148187a484bdda86774dbb9f4530b48dcdc5b7ebee19
PRV-000185,SIG-TN-00185,CHECKPOST_OCR,2026-07-11 06:38:49,PII_REDACTED_AND_NORMALIZED,VERIFIED_INTEGRITY,b2a95e95500106de160d54755cfa995ec813051628dbbddf8f6c77e72ca8615c
PRV-000186,SIG-TN-00186,POLICE_LEDGER,2025-04-18 00:57:28,PII_REDACTED_AND_NORMALIZED,VERIFIED_INTEGRITY,4b8ef051105919dcf7672e4ad331f68cf0be91d47dc4ef0fbcf3eb2b4967925f
PRV-000187,SIG-TN-00187,HEALTH_STAT,2025-04-13 15:36:04,PII_REDACTED_AND_NORMALIZED,VERIFIED_INTEGRITY,f8db03bac72f62760c9bfac3b30ce8648e60105f447cd8456b1aaee3a7fb9001
PRV-000188,SIG-TN-00188,HEALTH_STAT,2025-01-25 23:10:59,PII_REDACTED_AND_NORMALIZED,VERIFIED_INTEGRITY,d097c79bce9e8781520c46bf91ee6135a225b84968502512f81c3c1fcdd08fe8
PRV-000189,SIG-TN-00189,HEALTH_STAT,2025-05-08 17:09:14,PII_REDACTED_AND_NORMALIZED,VERIFIED_INTEGRITY,1e0e5d1567b074e44eefd51655b7f47acae4b5a94faf3ac0e41321f30621aaab
PRV-000190,SIG-TN-00190,HEALTH_STAT,2024-11-20 06:54:58,PII_REDACTED_AND_NORMALIZED,VERIFIED_INTEGRITY,d88646ca41c2bcd19cb11413a551f30d26d34b47693f5bee9e70755540eefe38
PRV-000191,SIG-TN-00191,CITIZEN_FEED,2025-10-23 23:10:18,PII_REDACTED_AND_NORMALIZED,VERIFIED_INTEGRITY,7e128468492a5a7e2327b261d1b4cc7fb889a727f87e537e90a4594c81bba453
PRV-000192,SIG-TN-00192,HEALTH_STAT,2026-05-24 11:20:06,PII_REDACTED_AND_NORMALIZED,VERIFIED_INTEGRITY,aa5eec9e6b834648c91b7008ee96f4f879b10c0156915650bb01a79062cf7331
PRV-000193,SIG-TN-00193,CITIZEN_FEED,2026-08-01 14:00:51,PII_REDACTED_AND_NORMALIZED,VERIFIED_INTEGRITY,b5453680fa8dfda242426626240f14c62d41bcc360b8bd700d2cbc6edd95e738
PRV-000194,SIG-TN-00194,CITIZEN_FEED,2025-01-28 20:07:05,PII_REDACTED_AND_NORMALIZED,VERIFIED_INTEGRITY,b0b5617a65948841097b3b41069730d89809a280f8b4082564dd809cf435d314
PRV-000195,SIG-TN-00195,CITIZEN_FEED,2025-04-02 17:46:45,PII_REDACTED_AND_NORMALIZED,VERIFIED_INTEGRITY,5893cd80f2acf812fe4e4d05c37bf9394d03a4e783ac7652f20a93c0511a9bc8
PRV-000196,SIG-TN-00196,CITIZEN_FEED,2025-08-04 10:47:57,PII_REDACTED_AND_NORMALIZED,VERIFIED_INTEGRITY,8a2dd0fad7f5111ba60a250ec010f1d05d3d0b041ac5813e7db9d0e81b005b96
PRV-000197,SIG-TN-00197,POLICE_LEDGER,2026-04-29 12:23:06,PII_REDACTED_AND_NORMALIZED,VERIFIED_INTEGRITY,8fa577c06de7f86402109586d43a7b6ddb4e4cdbd971e614ea54539064968153
PRV-000198,SIG-TN-00198,CHECKPOST_OCR,2024-10-17 19:36:10,PII_REDACTED_AND_NORMALIZED,VERIFIED_INTEGRITY,cae729e334d9c61c75b8ff1d43c6359b8d5463e0d55ad97a81e1e2fff8bfcd89
PRV-000199,SIG-TN-00199,HEALTH_STAT,2026-02-06 20:35:00,PII_REDACTED_AND_NORMALIZED,VERIFIED_INTEGRITY,95460eba93eced08f62d29dcdb5e6c61e7e47a6b193f082087c8ca131b16299f
PRV-000200,SIG-TN-00200,CHECKPOST_OCR,2025-11-02 16:30:03,PII_REDACTED_AND_NORMALIZED,VERIFIED_INTEGRITY,c2af54750d41616ec0c55f7d6b21545a1a410c15d3d979d58cb7244864979239
PRV-000201,SIG-TN-00201,HEALTH_STAT,2025-02-23 00:45:29,PII_REDACTED_AND_NORMALIZED,VERIFIED_INTEGRITY,76520bfe26d42fc0a558536ddacb75a83db31a58ea21dd3f21274073af607ab2
PRV-000202,SIG-TN-00202,POLICE_LEDGER,2025-05-05 06:03:27,PII_REDACTED_AND_NORMALIZED,VERIFIED_INTEGRITY,bac43543f620fa063fad963c5426b4d30d134be6c3aacce69dd7075f53d82916
PRV-000203,SIG-TN-00203,CITIZEN_FEED,2024-11-11 08:30:13,PII_REDACTED_AND_NORMALIZED,VERIFIED_INTEGRITY,59c28bd4dc2e2bb4c32d8e6e637e933e1a91fd7015f73f82e784c2305af1858d
PRV-000204,SIG-TN-00204,POLICE_LEDGER,2024-09-19 06:19:59,PII_REDACTED_AND_NORMALIZED,VERIFIED_INTEGRITY,90c9dc8e467460ef9e6b586bd55a77db0ec54f0615c46e88aecc3094f260d847
PRV-000205,SIG-TN-00205,CHECKPOST_OCR,2026-03-22 01:38:44,PII_REDACTED_AND_NORMALIZED,VERIFIED_INTEGRITY,e25814e0610a869bd49f8fa1a1306a26204ad8136697cf6af8cbffec18e630ee
PRV-000206,SIG-TN-00206,CITIZEN_FEED,2026-06-19 16:42:24,PII_REDACTED_AND_NORMALIZED,VERIFIED_INTEGRITY,e5cb99a874e673c970d9dcaaba5ba93c9fa46ca52a027b687c6bf1a62bb88844
PRV-000207,SIG-TN-00207,CHECKPOST_OCR,2025-09-02 06:45:37,PII_REDACTED_AND_NORMALIZED,VERIFIED_INTEGRITY,3f14dc8f6e1285f07886acc0d30bd3fe0d5b4fb350368e28a84bfabeb4b09357
PRV-000208,SIG-TN-00208,HEALTH_STAT,2026-04-06 04:45:35,PII_REDACTED_AND_NORMALIZED,VERIFIED_INTEGRITY,f9a6425a4979ce45357d55e9386685222e9c9cf1f39711acb54999a33a236f3a
PRV-000209,SIG-TN-00209,HEALTH_STAT,2026-01-16 11:39:05,PII_REDACTED_AND_NORMALIZED,VERIFIED_INTEGRITY,181464bf5fd46b44b0dd97acf5a3473909c902e8cef8b9ebacdddf918d1772e7
PRV-000210,SIG-TN-00210,CITIZEN_FEED,2025-05-26 01:14:56,PII_REDACTED_AND_NORMALIZED,VERIFIED_INTEGRITY,f0f4882288afa3e874d88b3e02ba36b1657ba9843a101537ea0106fcf93a562d
PRV-000211,SIG-TN-00211,CITIZEN_FEED,2026-02-15 02:55:27,PII_REDACTED_AND_NORMALIZED,VERIFIED_INTEGRITY,2edf262f260e42de15b76509e9d3d72c31406a5c9e106c07dd1987cc0c50cd48
PRV-000212,SIG-TN-00212,CHECKPOST_OCR,2025-05-30 20:31:05,PII_REDACTED_AND_NORMALIZED,VERIFIED_INTEGRITY,90eab86650099e5f5da280363821d9b80ba359525504b318be694d829721853e
PRV-000213,SIG-TN-00213,POLICE_LEDGER,2024-11-08 11:00:41,PII_REDACTED_AND_NORMALIZED,VERIFIED_INTEGRITY,e1d2118d532d370609e68d632e6777144ff1cfc0c2899ba02b1f8d51b68188c3
PRV-000214,SIG-TN-00214,CHECKPOST_OCR,2024-11-13 17:04:59,PII_REDACTED_AND_NORMALIZED,VERIFIED_INTEGRITY,578be61bb240e42794f3953dcbb962eb6dff98f5fccaf9f6db4f4243ff1a5093
PRV-000215,SIG-TN-00215,CHECKPOST_OCR,2025-07-21 22:05:37,PII_REDACTED_AND_NORMALIZED,VERIFIED_INTEGRITY,58384384745942aa8a6d21cbf707c3ce96dde9b707de5e88e70c22f6f8ff2361
PRV-000216,SIG-TN-00216,POLICE_LEDGER,2025-08-23 05:34:30,PII_REDACTED_AND_NORMALIZED,VERIFIED_INTEGRITY,cff1a4a817662257a8d39ba3d15961cc6e725bfdcf8a946a658e5a11da3fa371
PRV-000217,SIG-TN-00217,CITIZEN_FEED,2024-10-20 12:48:25,PII_REDACTED_AND_NORMALIZED,VERIFIED_INTEGRITY,22e2d56409d47d4f4e727e8789df84be0c2eafbe3dcdc4bb499a0815ac23c345
PRV-000218,SIG-TN-00218,HEALTH_STAT,2026-01-27 11:37:43,PII_REDACTED_AND_NORMALIZED,VERIFIED_INTEGRITY,bb87a474a1f13a5bed8c356e0ed4bcb78d4cafbb3cfd29bd0c5d3392871d9c1d
PRV-000219,SIG-TN-00219,POLICE_LEDGER,2025-06-09 13:44:39,PII_REDACTED_AND_NORMALIZED,VERIFIED_INTEGRITY,1f75fb2ff678bd386e600169f66c0069f616b176c102ee4a05ab4ed8bf523972
PRV-000220,SIG-TN-00220,CHECKPOST_OCR,2025-03-09 18:50:40,PII_REDACTED_AND_NORMALIZED,VERIFIED_INTEGRITY,4c02976bef3c7ca0d1c638d5cc2b1096c3fb8c6824f37609340c2147b1d3c45f
PRV-000221,SIG-TN-00221,POLICE_LEDGER,2026-03-05 00:09:29,PII_REDACTED_AND_NORMALIZED,VERIFIED_INTEGRITY,87ad7b06f65d6016a362b560afc2ba227572f17e43a608561a37cc3fba6599c5
PRV-000222,SIG-TN-00222,CITIZEN_FEED,2026-05-07 07:54:03,PII_REDACTED_AND_NORMALIZED,VERIFIED_INTEGRITY,1935e15c02de1d85604ec62af02c34f625d3ae54d48d664ff96324db3ecc9ed3
PRV-000223,SIG-TN-00223,HEALTH_STAT,2026-01-05 07:21:59,PII_REDACTED_AND_NORMALIZED,VERIFIED_INTEGRITY,7fc1b6c2eb07b030ea2bfc19886d772ce6cf57f1c045278c2a208b9dec311c17
PRV-000224,SIG-TN-00224,CITIZEN_FEED,2025-05-24 08:53:23,PII_REDACTED_AND_NORMALIZED,VERIFIED_INTEGRITY,6996430dd01b1b06000bdbeffb72d0f267797c0615ee99e45b098df9d04ed412
PRV-000225,SIG-TN-00225,HEALTH_STAT,2025-08-23 11:33:10,PII_REDACTED_AND_NORMALIZED,VERIFIED_INTEGRITY,3335c8b11139e93d9326dfda96e795adcf6d52f221c07fd3fa60522a2de48724
PRV-000226,SIG-TN-00226,POLICE_LEDGER,2026-02-26 07:42:20,PII_REDACTED_AND_NORMALIZED,VERIFIED_INTEGRITY,c3d33dd1510785a8b6e390d0bcf1dd9e1771fa835fecf17684ff7d5d5772145e
PRV-000227,SIG-TN-00227,POLICE_LEDGER,2025-01-04 21:57:33,PII_REDACTED_AND_NORMALIZED,VERIFIED_INTEGRITY,a58fdfebbe1156843e773411f2cf7d1402182434a30d6faff4c36eb0e7538276
PRV-000228,SIG-TN-00228,CHECKPOST_OCR,2026-08-18 10:51:47,PII_REDACTED_AND_NORMALIZED,VERIFIED_INTEGRITY,b9c721bcf6892dab39a189facc020b7f9585d430df12699da8f505e8f8a88839
PRV-000229,SIG-TN-00229,POLICE_LEDGER,2025-11-17 01:27:12,PII_REDACTED_AND_NORMALIZED,VERIFIED_INTEGRITY,aff41048908b832a1fb602803340943fcaf88000ed884e56a48bbe0ead91e739
PRV-000230,SIG-TN-00230,HEALTH_STAT,2026-05-27 15:21:29,PII_REDACTED_AND_NORMALIZED,VERIFIED_INTEGRITY,b7e5ba9bdb8b185eaebd77366ff14086b99f334183ead598a7ccf0ced84f62fd
PRV-000231,SIG-TN-00231,CHECKPOST_OCR,2025-05-08 06:08:54,PII_REDACTED_AND_NORMALIZED,VERIFIED_INTEGRITY,938d93f3acb91c673576ac2ac1ff67f93d808e74a2e0dc798261c92ec83716d6
PRV-000232,SIG-TN-00232,CHECKPOST_OCR,2025-01-05 22:06:45,PII_REDACTED_AND_NORMALIZED,VERIFIED_INTEGRITY,9c22d8d9e59958da31d7abfc10fad11203978851e30bf86a6ed828dea8053aea
PRV-000233,SIG-TN-00233,CITIZEN_FEED,2025-02-28 17:36:25,PII_REDACTED_AND_NORMALIZED,VERIFIED_INTEGRITY,79b63ef237f30873c71d1a691ee093cfc8c1f1e6e9364b99b474dca280a661a6
PRV-000234,SIG-TN-00234,HEALTH_STAT,2026-07-04 18:21:59,PII_REDACTED_AND_NORMALIZED,VERIFIED_INTEGRITY,169b3bfd8743d1e57d38351f75897b8abe53243d8c418f0d38de22aec1243206
PRV-000235,SIG-TN-00235,CITIZEN_FEED,2026-06-07 04:51:44,PII_REDACTED_AND_NORMALIZED,VERIFIED_INTEGRITY,db49f16e97f6a0787f10080d52654c5d6f579c4e101ac35cfd9aec9a54a7c919
PRV-000236,SIG-TN-00236,CHECKPOST_OCR,2026-05-23 09:39:09,PII_REDACTED_AND_NORMALIZED,VERIFIED_INTEGRITY,0f341ef3a5a2929dc22fc937adc487578dca1014c895a35e1d942e760aef8e7a
PRV-000237,SIG-TN-00237,POLICE_LEDGER,2026-05-06 10:03:42,PII_REDACTED_AND_NORMALIZED,VERIFIED_INTEGRITY,d32baa8e4bab5b94a6b823e344a563b7414e81ea95a5839be2c5206a57267250
PRV-000238,SIG-TN-00238,CITIZEN_FEED,2025-07-25 04:04:30,PII_REDACTED_AND_NORMALIZED,VERIFIED_INTEGRITY,42960894fdfa1835b96e80da0dba4f222a3016e2f180d22f2b5c0d812da3662d
PRV-000239,SIG-TN-00239,POLICE_LEDGER,2026-04-27 13:23:55,PII_REDACTED_AND_NORMALIZED,VERIFIED_INTEGRITY,b871bf0251ec2afc3d45711b8c87a119ae03cc834117b237037a5a48ca502913
PRV-000240,SIG-TN-00240,CITIZEN_FEED,2024-10-21 23:33:04,PII_REDACTED_AND_NORMALIZED,VERIFIED_INTEGRITY,6ad6bdfbca737557a60c1a34d9e63dd1510e6f44b114069a1c23a1e445fafd96
PRV-000241,SIG-TN-00241,POLICE_LEDGER,2025-07-13 19:52:56,PII_REDACTED_AND_NORMALIZED,VERIFIED_INTEGRITY,70f86cf07d671e9f94d830fcc850d2dac27deebc94e0066a03a7f29a0016dc6a
PRV-000242,SIG-TN-00242,HEALTH_STAT,2025-08-19 05:16:48,PII_REDACTED_AND_NORMALIZED,VERIFIED_INTEGRITY,2532070ce1e09f4c6a5fb671f6c675f2f659ceb720c71f1ab5652481d102c1ae
PRV-000243,SIG-TN-00243,CHECKPOST_OCR,2026-02-22 07:49:22,PII_REDACTED_AND_NORMALIZED,VERIFIED_INTEGRITY,2d8d1bdf0828fec0f476da60ffe5375c76bb9ee682cb8a22db2e3654c291b533
PRV-000244,SIG-TN-00244,HEALTH_STAT,2026-02-14 05:38:51,PII_REDACTED_AND_NORMALIZED,VERIFIED_INTEGRITY,1c46e8d0d7ae15583ba6396a614c4c237dff63dce7c640d9f51216fd9484b9d0
PRV-000245,SIG-TN-00245,POLICE_LEDGER,2025-06-13 00:21:12,PII_REDACTED_AND_NORMALIZED,VERIFIED_INTEGRITY,d5d839ebd6ebadd02d516b0c382a9545d16710e24078a3c783adb5fbc0941ac9
PRV-000246,SIG-TN-00246,CITIZEN_FEED,2024-11-10 07:07:48,PII_REDACTED_AND_NORMALIZED,VERIFIED_INTEGRITY,b5567d43350d22a661dbbd867dd73195e9cb5e0ca5a15b582bb7e964b08aa245
PRV-000247,SIG-TN-00247,POLICE_LEDGER,2026-02-11 16:13:05,PII_REDACTED_AND_NORMALIZED,VERIFIED_INTEGRITY,0107f2b705f269fafbbba9f22749755d92adf2b15fc6c7b0152a900f2b9bd645
PRV-000248,SIG-TN-00248,HEALTH_STAT,2026-06-28 10:27:28,PII_REDACTED_AND_NORMALIZED,VERIFIED_INTEGRITY,859e0ab02b8630ef97e3cd0b5498c6170501b9a154252f5dc389083da47bc31e
PRV-000249,SIG-TN-00249,CHECKPOST_OCR,2025-02-02 02:27:04,PII_REDACTED_AND_NORMALIZED,VERIFIED_INTEGRITY,c37ce08422feb4d5ca7f513081849ab20b2099f12a5f8b4f6d9346bd7afecf41
PRV-000250,SIG-TN-00250,HEALTH_STAT,2025-02-06 21:20:34,PII_REDACTED_AND_NORMALIZED,VERIFIED_INTEGRITY,6fdeb16ec54976f34f088109df4b40a28fcf9e7490ffe34785322961c7837364
PRV-000251,SIG-TN-00251,CHECKPOST_OCR,2026-01-01 20:11:28,PII_REDACTED_AND_NORMALIZED,VERIFIED_INTEGRITY,79e375460893b293e6eeb24bd1960cf85df9482aa056ed86571253bfe628cf16
PRV-000252,SIG-TN-00252,CHECKPOST_OCR,2026-01-19 16:37:57,PII_REDACTED_AND_NORMALIZED,VERIFIED_INTEGRITY,2b28eafe3b008d4d9b7cc911fc0ff44db3ad151776d59e992f182de164a4df1a
PRV-000253,SIG-TN-00253,POLICE_LEDGER,2025-11-21 18:23:43,PII_REDACTED_AND_NORMALIZED,VERIFIED_INTEGRITY,19027767d37bf2a1a79b0e2024bf02b96769bb3fd9ae374a694aa79b44323c4b
PRV-000254,SIG-TN-00254,CHECKPOST_OCR,2025-04-05 18:02:55,PII_REDACTED_AND_NORMALIZED,VERIFIED_INTEGRITY,c93cacf2fd58ad7aac893b3cf8aa6f1ef9629db67f006d9118aa787dd74ad2a5
PRV-000255,SIG-TN-00255,CHECKPOST_OCR,2026-03-30 08:24:06,PII_REDACTED_AND_NORMALIZED,VERIFIED_INTEGRITY,f934778bb8a6703ae20b820ba5da13452bd8114e306ef32a5a849edc7768696e
PRV-000256,SIG-TN-00256,POLICE_LEDGER,2026-07-30 20:38:12,PII_REDACTED_AND_NORMALIZED,VERIFIED_INTEGRITY,b5f814d10f43667a3d9137cd229cc6cc76dcb744c23dae3a7890355d4e2ea915
PRV-000257,SIG-TN-00257,POLICE_LEDGER,2025-11-18 05:13:42,PII_REDACTED_AND_NORMALIZED,VERIFIED_INTEGRITY,6172e7f2882bf437429cc9e017b1c0480c72213443d5b8155153fb0b7e7f9c6e
PRV-000258,SIG-TN-00258,CHECKPOST_OCR,2025-01-14 11:06:06,PII_REDACTED_AND_NORMALIZED,VERIFIED_INTEGRITY,3ba4c14023843ecd27a219e0ffc98ca64a95f4e3c3dcf6034eda48277f129876
PRV-000259,SIG-TN-00259,CHECKPOST_OCR,2025-04-10 19:35:24,PII_REDACTED_AND_NORMALIZED,VERIFIED_INTEGRITY,fe595ab26c6b3ea4c3bdf7363629a7d1e3bd93b31f29759a3ec925e9e2aadff3
PRV-000260,SIG-TN-00260,CITIZEN_FEED,2026-06-10 02:03:00,PII_REDACTED_AND_NORMALIZED,VERIFIED_INTEGRITY,abd188ba967e6a2b8c6d37c8c76faac2122d731d71357e5eb29586eed86bf048
PRV-000261,SIG-TN-00261,CITIZEN_FEED,2025-03-01 21:09:19,PII_REDACTED_AND_NORMALIZED,VERIFIED_INTEGRITY,a8abe5e10c2cb57cc5a7109aa36d0a5dad30d9832fb95b6a4f5f9a5f35086f73
PRV-000262,SIG-TN-00262,CHECKPOST_OCR,2024-12-05 23:06:04,PII_REDACTED_AND_NORMALIZED,VERIFIED_INTEGRITY,1de6be686f00495b54325e0052422facfe50c6a387b9a898b4406e4e5564bb8b
PRV-000263,SIG-TN-00263,CITIZEN_FEED,2026-07-05 22:24:02,PII_REDACTED_AND_NORMALIZED,VERIFIED_INTEGRITY,300c686791a4e4e8b8cf1995c072209ec226664f17cdc5557693dfb05a085784
PRV-000264,SIG-TN-00264,HEALTH_STAT,2025-11-18 02:28:59,PII_REDACTED_AND_NORMALIZED,VERIFIED_INTEGRITY,257380a2729369e75e260a501ebd0311d9c61d7b4f329c46dc424248181ec48d
PRV-000265,SIG-TN-00265,HEALTH_STAT,2026-07-17 13:45:49,PII_REDACTED_AND_NORMALIZED,VERIFIED_INTEGRITY,4b1e17c8ba06157d1ac022e5f14787238deb3ddc5beb43eb255d20facfa22cdd
PRV-000266,SIG-TN-00266,CHECKPOST_OCR,2025-08-20 23:49:08,PII_REDACTED_AND_NORMALIZED,VERIFIED_INTEGRITY,07488efbbee4209630546f9e0708745832314037364e8cdcf0a8c399f2a937b6
PRV-000267,SIG-TN-00267,CHECKPOST_OCR,2026-03-22 18:27:58,PII_REDACTED_AND_NORMALIZED,VERIFIED_INTEGRITY,665298b7f0bae47d674d12cfc4dc4eae302cb0cf9c64639ad919cf16309ec3df
PRV-000268,SIG-TN-00268,POLICE_LEDGER,2025-02-19 21:54:55,PII_REDACTED_AND_NORMALIZED,VERIFIED_INTEGRITY,6a2e94c63971d8981bc2a1074b94681eb58948af933319bb793dfa27462969cc
PRV-000269,SIG-TN-00269,POLICE_LEDGER,2025-07-28 05:02:42,PII_REDACTED_AND_NORMALIZED,VERIFIED_INTEGRITY,8bde21910c35aa0937f927a751ee98b7e9dfb694075f0c86487aeabbd6522a26
PRV-000270,SIG-TN-00270,CHECKPOST_OCR,2026-04-24 00:06:42,PII_REDACTED_AND_NORMALIZED,VERIFIED_INTEGRITY,45e452a772958a397c5746f65be11996750a4cf281ce001d690939b189070d7c
PRV-000271,SIG-TN-00271,HEALTH_STAT,2025-04-15 07:00:22,PII_REDACTED_AND_NORMALIZED,VERIFIED_INTEGRITY,adfdb6c716e024e65b16cdfd31edb5491ff610f770259b8108bded9260cd049c
PRV-000272,SIG-TN-00272,HEALTH_STAT,2025-06-17 05:18:54,PII_REDACTED_AND_NORMALIZED,VERIFIED_INTEGRITY,592923dcb64313b2a5dd93c0ece3a2bac5c9bbff5fb8be7f0a8fdd3e9c02fe4d
PRV-000273,SIG-TN-00273,POLICE_LEDGER,2026-03-01 18:55:15,PII_REDACTED_AND_NORMALIZED,VERIFIED_INTEGRITY,3e21fc6adc2089a2e41350ae32bee6328422fc1206c78769b1c872f8d7834d18
PRV-000274,SIG-TN-00274,CITIZEN_FEED,2025-07-03 00:01:23,PII_REDACTED_AND_NORMALIZED,VERIFIED_INTEGRITY,c1588ae0fdaef2dd2ae743dc66cea6d3c15381e4ed8f30f8d69bd90396e3adb4
PRV-000275,SIG-TN-00275,HEALTH_STAT,2025-09-13 00:20:43,PII_REDACTED_AND_NORMALIZED,VERIFIED_INTEGRITY,795eef15ec8c5d74cb6a7af73fae18dfafafa023a61bc91b23dbb428a23a9cf6
PRV-000276,SIG-TN-00276,CITIZEN_FEED,2025-05-02 13:58:07,PII_REDACTED_AND_NORMALIZED,VERIFIED_INTEGRITY,bc6d0e5ad0a44f20001e9488f34b51cff9e5f15b82b64fc8b0350029ef693ef9
PRV-000277,SIG-TN-00277,POLICE_LEDGER,2025-01-09 05:17:00,PII_REDACTED_AND_NORMALIZED,VERIFIED_INTEGRITY,abd801c4717385ce1ed888f2667dfa9ce357f9ff5187e2e50198cbfa8ec9fe45
PRV-000278,SIG-TN-00278,POLICE_LEDGER,2026-07-30 16:15:17,PII_REDACTED_AND_NORMALIZED,VERIFIED_INTEGRITY,fe6f759958256495dba8812797e6e8c2a274f4b6ca7d2a796caff1c7888cb082
PRV-000279,SIG-TN-00279,HEALTH_STAT,2025-05-23 01:50:16,PII_REDACTED_AND_NORMALIZED,VERIFIED_INTEGRITY,65edb1bad1604f04b08b3214970309f4eb5783d919f6660dbcc007edba62c977
PRV-000280,SIG-TN-00280,POLICE_LEDGER,2026-06-07 05:23:11,PII_REDACTED_AND_NORMALIZED,VERIFIED_INTEGRITY,e78cba23704811978965ed23b80d8ad48de08d9deeee131f11d290a4a4e49645
PRV-000281,SIG-TN-00281,HEALTH_STAT,2024-10-07 09:40:33,PII_REDACTED_AND_NORMALIZED,VERIFIED_INTEGRITY,2d76b6e9c79bf82a21a0ceeaf4873dfa70e157b535d3408fbd27cd9fa5485672
PRV-000282,SIG-TN-00282,HEALTH_STAT,2025-12-07 07:21:47,PII_REDACTED_AND_NORMALIZED,VERIFIED_INTEGRITY,797256e9400648ef7ae7dae31a932d77a91b3636c9467d476f600e9b5b93d61d
PRV-000283,SIG-TN-00283,HEALTH_STAT,2025-11-06 23:18:39,PII_REDACTED_AND_NORMALIZED,VERIFIED_INTEGRITY,9392321d0365cb74ea331f9660768f486674bf20e2344b9f6a476d7692380ca8
PRV-000284,SIG-TN-00284,POLICE_LEDGER,2026-08-10 02:55:42,PII_REDACTED_AND_NORMALIZED,VERIFIED_INTEGRITY,9b551183bb3b470eac95881ee7eec120aa4ddc13bca8e92d652a705d1413e525
PRV-000285,SIG-TN-00285,POLICE_LEDGER,2025-06-01 07:52:55,PII_REDACTED_AND_NORMALIZED,VERIFIED_INTEGRITY,0d70cca7aebad6d82566c225d3f7f76d9b57ecb8479b445d6921cc4ea95b729d
PRV-000286,SIG-TN-00286,CITIZEN_FEED,2026-01-12 11:47:51,PII_REDACTED_AND_NORMALIZED,VERIFIED_INTEGRITY,3eee5b4c08cc733ad1cef0b43d21385c0d82081d0ddf59d4c64e14e2d56bad5a
PRV-000287,SIG-TN-00287,CHECKPOST_OCR,2026-07-25 17:41:59,PII_REDACTED_AND_NORMALIZED,VERIFIED_INTEGRITY,a2b8db4f1c5543003f4ced8f968c5a18d4a1393c39b6ab9739101d1461f550af
PRV-000288,SIG-TN-00288,CHECKPOST_OCR,2026-01-20 18:41:22,PII_REDACTED_AND_NORMALIZED,VERIFIED_INTEGRITY,dc01cf24d85270b280bc087e82f8631ae6744c8568f215f40acf5e6b3daa3ae6
PRV-000289,SIG-TN-00289,HEALTH_STAT,2025-12-13 11:16:34,PII_REDACTED_AND_NORMALIZED,VERIFIED_INTEGRITY,797e560d2d0e9163f94c01779dfbdeba239d705f3e0d9b17ed552d5b4b033d9f
PRV-000290,SIG-TN-00290,CITIZEN_FEED,2026-07-07 22:42:36,PII_REDACTED_AND_NORMALIZED,VERIFIED_INTEGRITY,7910736117a5505150f4fa28cba9dabd8d25cab666fb54d400d984d80d1ff53d
PRV-000291,SIG-TN-00291,HEALTH_STAT,2026-04-22 19:32:09,PII_REDACTED_AND_NORMALIZED,VERIFIED_INTEGRITY,fedfcc1b835b99a1ffef5de41136cd4044f72d9497d3c84bd5d86d85818eaac7
PRV-000292,SIG-TN-00292,CHECKPOST_OCR,2024-12-18 18:39:46,PII_REDACTED_AND_NORMALIZED,VERIFIED_INTEGRITY,35a381b396f79a4877b72845a42a45eecea42d94559d47e521bf2103963c2904
PRV-000293,SIG-TN-00293,HEALTH_STAT,2025-03-07 17:11:13,PII_REDACTED_AND_NORMALIZED,VERIFIED_INTEGRITY,fd3e202dbb5a6717c24b46f2f39e6327cad7a6c0f1a9772fedda4d5881c57593
PRV-000294,SIG-TN-00294,CHECKPOST_OCR,2025-05-19 21:35:57,PII_REDACTED_AND_NORMALIZED,VERIFIED_INTEGRITY,d97980a3042ac2444ea88759f27c0855238baa00ae27aec58c0f70d2920689ec
PRV-000295,SIG-TN-00295,CHECKPOST_OCR,2024-10-09 22:31:41,PII_REDACTED_AND_NORMALIZED,VERIFIED_INTEGRITY,83b9cc445b37d5a797c561af395d58b92f35e43022c90af322b502e84c3f6102
PRV-000296,SIG-TN-00296,POLICE_LEDGER,2026-05-17 03:36:00,PII_REDACTED_AND_NORMALIZED,VERIFIED_INTEGRITY,30f8eb816d29c4b8b9eb4ee206dbae5eafc48938939fa8f65b408f98e840ddc1
PRV-000297,SIG-TN-00297,CITIZEN_FEED,2025-03-19 04:24:30,PII_REDACTED_AND_NORMALIZED,VERIFIED_INTEGRITY,4bda5d690975fb818dadae3e190790b8d46294772e4764f85a4c19d310b6ceab
PRV-000298,SIG-TN-00298,HEALTH_STAT,2024-10-15 16:06:40,PII_REDACTED_AND_NORMALIZED,VERIFIED_INTEGRITY,29afa3b547de939df017b96ab10e98d3d72c1e46a6dec27004659bca39b2ff66
PRV-000299,SIG-TN-00299,HEALTH_STAT,2026-06-22 06:31:37,PII_REDACTED_AND_NORMALIZED,VERIFIED_INTEGRITY,324885137b91c24652b930a995cdd3710424d68d2fc18fb90788971785cb8c08
PRV-000300,SIG-TN-00300,CITIZEN_FEED,2025-02-05 08:48:14,PII_REDACTED_AND_NORMALIZED,VERIFIED_INTEGRITY,8dd131e6d19ce8e30a7ed32102aaa9373596a7aaf67c20b35440fbdcfccd12ea
PRV-000301,SIG-TN-00301,POLICE_LEDGER,2025-04-15 15:52:41,PII_REDACTED_AND_NORMALIZED,VERIFIED_INTEGRITY,42b3fa76efa6ed272a0f08a5e6591f879eed674398966e227df81c8e0fe32e83
PRV-000302,SIG-TN-00302,POLICE_LEDGER,2026-05-06 18:58:07,PII_REDACTED_AND_NORMALIZED,VERIFIED_INTEGRITY,2212c1eb39b413212047b126a5c1cab54b7c243e7ffa3c0e4b4f6dc877df55c9
PRV-000303,SIG-TN-00303,HEALTH_STAT,2025-04-26 22:16:50,PII_REDACTED_AND_NORMALIZED,VERIFIED_INTEGRITY,80ed250d9067119186eb2d6b52c7e8a1234fc35ef40d91bb4c105340302e42d7
PRV-000304,SIG-TN-00304,POLICE_LEDGER,2026-04-20 12:37:17,PII_REDACTED_AND_NORMALIZED,VERIFIED_INTEGRITY,ccbeaee16df9f7a8172a296236fa2e62f3d93d2bf8791e35f802acc894cacfc9
PRV-000305,SIG-TN-00305,CHECKPOST_OCR,2026-04-29 19:19:33,PII_REDACTED_AND_NORMALIZED,VERIFIED_INTEGRITY,25b64e6ed3fdb6747fc9e8be4217a62aa7eb8dc571d745027dae4328fb62199f
PRV-000306,SIG-TN-00306,CITIZEN_FEED,2025-09-02 16:55:41,PII_REDACTED_AND_NORMALIZED,VERIFIED_INTEGRITY,eca85f42d391ba4843db78ceb17c633f4a274fc80864f6c2015e2460db25753f
PRV-000307,SIG-TN-00307,HEALTH_STAT,2026-05-07 19:36:39,PII_REDACTED_AND_NORMALIZED,VERIFIED_INTEGRITY,5b935cad3d1e26950ea1415e580ac5300b7605a472336b597df08bf7aa9d5982
PRV-000308,SIG-TN-00308,CHECKPOST_OCR,2025-08-07 04:47:23,PII_REDACTED_AND_NORMALIZED,VERIFIED_INTEGRITY,c44db5a85b873f6de3650549062da226b525b4c1dd4c17601096a41985c9c900
PRV-000309,SIG-TN-00309,POLICE_LEDGER,2026-01-18 21:06:15,PII_REDACTED_AND_NORMALIZED,VERIFIED_INTEGRITY,e67e453a1eb71d710e0fccad5022eb8477ae0cfa5c4b7c054fd1894d20eb6f02
PRV-000310,SIG-TN-00310,POLICE_LEDGER,2025-10-07 03:08:40,PII_REDACTED_AND_NORMALIZED,VERIFIED_INTEGRITY,8844bf62a1239c5027c26b9c342809407dae1fbbc45a990122dd001e20b1edde
PRV-000311,SIG-TN-00311,CITIZEN_FEED,2025-09-15 16:44:18,PII_REDACTED_AND_NORMALIZED,VERIFIED_INTEGRITY,6ba0fee85814d166c732a67f0d80f8612be36549d324058388184285546ecda3
PRV-000312,SIG-TN-00312,POLICE_LEDGER,2025-03-31 16:36:13,PII_REDACTED_AND_NORMALIZED,VERIFIED_INTEGRITY,f2cddde1c4a43399ae1c034b86a5e63d1590d7102f0938cfb1066671f70bf34f
PRV-000313,SIG-TN-00313,CHECKPOST_OCR,2025-11-19 18:33:40,PII_REDACTED_AND_NORMALIZED,VERIFIED_INTEGRITY,87e3b93b5fea82ea7dedcb5899968f8d5cbd8712d63f2cddfffc0ab40804384f
PRV-000314,SIG-TN-00314,CITIZEN_FEED,2024-10-19 10:55:44,PII_REDACTED_AND_NORMALIZED,VERIFIED_INTEGRITY,105115b0cc88f946cf79d10f3cedf6ffe19eb9ae82e86347b415f8b0b4e3d4f2
PRV-000315,SIG-TN-00315,HEALTH_STAT,2025-05-01 07:34:28,PII_REDACTED_AND_NORMALIZED,VERIFIED_INTEGRITY,f3835b3f67cef675a5950b9728ff69b267cc9126f30d3ac5eaf84ed2256f87a9
PRV-000316,SIG-TN-00316,POLICE_LEDGER,2025-08-24 00:45:01,PII_REDACTED_AND_NORMALIZED,VERIFIED_INTEGRITY,b9d0d5f02c8ecf6dbf10a7ad673bd1f180a1e7031166b908dc379a5cdd4c2c5c
PRV-000317,SIG-TN-00317,HEALTH_STAT,2024-11-03 22:14:38,PII_REDACTED_AND_NORMALIZED,VERIFIED_INTEGRITY,aa4347b404c1a08b1e232ba542c41bdc038f75d656afa03a0b02770e9c1a802b
PRV-000318,SIG-TN-00318,CHECKPOST_OCR,2025-07-06 11:41:16,PII_REDACTED_AND_NORMALIZED,VERIFIED_INTEGRITY,5f079d150985315f4eadd506b9ecc6769abc0165b1a602e52e2e9d4f3de6371a
PRV-000319,SIG-TN-00319,HEALTH_STAT,2024-12-09 00:46:53,PII_REDACTED_AND_NORMALIZED,VERIFIED_INTEGRITY,0f35803715d233c1edfa5865ae5ffc140b965a0b59850fde26c2a2a5ddc5f325
PRV-000320,SIG-TN-00320,CHECKPOST_OCR,2025-11-28 04:38:17,PII_REDACTED_AND_NORMALIZED,VERIFIED_INTEGRITY,e367bc0bd5242a21d5086e0ab9cc59b528c845a07a62d44bb00287c27e7c86b9
PRV-000321,SIG-TN-00321,CITIZEN_FEED,2026-07-26 16:48:11,PII_REDACTED_AND_NORMALIZED,VERIFIED_INTEGRITY,de28947459a29579bdc95643bf32f07d0f7795c0d2211ee420e6e37c71cbf1da
PRV-000322,SIG-TN-00322,HEALTH_STAT,2025-10-14 15:16:12,PII_REDACTED_AND_NORMALIZED,VERIFIED_INTEGRITY,256c2ee1fd2b5ce311545917cac24d184a5cc912ff256acf88becba4e3de3b1c
PRV-000323,SIG-TN-00323,CHECKPOST_OCR,2025-06-13 20:29:03,PII_REDACTED_AND_NORMALIZED,VERIFIED_INTEGRITY,bc1690f9040165be436c31d73b1ef887bdf89e3f3fcb0a9848cb36fbe9d34a41
PRV-000324,SIG-TN-00324,HEALTH_STAT,2026-01-13 22:54:08,PII_REDACTED_AND_NORMALIZED,VERIFIED_INTEGRITY,98adc1c17a3eeef13a83cc497ead012f51ca444848d72f01cc24ace756e75bdf
PRV-000325,SIG-TN-00325,CHECKPOST_OCR,2025-10-29 17:56:11,PII_REDACTED_AND_NORMALIZED,VERIFIED_INTEGRITY,9a7299fb76511b6f4b45e0b517e8c2c82cc72a2b65b3708913868c8c042bfd81
PRV-000326,SIG-TN-00326,HEALTH_STAT,2026-05-06 20:17:09,PII_REDACTED_AND_NORMALIZED,VERIFIED_INTEGRITY,8988bc133acba2bc65f22f5700518bce77c95545c3c67ccb78e839db4e55bd51
PRV-000327,SIG-TN-00327,HEALTH_STAT,2025-05-05 17:44:52,PII_REDACTED_AND_NORMALIZED,VERIFIED_INTEGRITY,b0dd086c98a899d59797bbcf4ca21d3c763304f63b03ea2ec4a28d3a4c821f29
PRV-000328,SIG-TN-00328,CITIZEN_FEED,2025-11-13 16:46:52,PII_REDACTED_AND_NORMALIZED,VERIFIED_INTEGRITY,32338e7ab2914e7461baeeaa274c90f64634b0068814f67a7e595d1ad9b9b013
PRV-000329,SIG-TN-00329,CITIZEN_FEED,2025-03-09 05:06:12,PII_REDACTED_AND_NORMALIZED,VERIFIED_INTEGRITY,47a1d1f42792420f9891833bd889590198f4435be583645fa9882f7cd0fb8792
PRV-000330,SIG-TN-00330,CHECKPOST_OCR,2024-12-23 14:53:02,PII_REDACTED_AND_NORMALIZED,VERIFIED_INTEGRITY,976715521daae133383bc930edb277efcac1944aaf215ca1221ed4fc50969391
PRV-000331,SIG-TN-00331,CITIZEN_FEED,2026-05-31 11:50:30,PII_REDACTED_AND_NORMALIZED,VERIFIED_INTEGRITY,59f0be1bbd52591fe960e52210af8d1b7abe9f16716b91ffe65482736ec26a72
PRV-000332,SIG-TN-00332,HEALTH_STAT,2026-07-31 13:53:54,PII_REDACTED_AND_NORMALIZED,VERIFIED_INTEGRITY,65e2c035e65ec6fe339460bf45649802606be9a0c90cda32f9ab8380af44c0c9
PRV-000333,SIG-TN-00333,CHECKPOST_OCR,2025-10-10 08:58:37,PII_REDACTED_AND_NORMALIZED,VERIFIED_INTEGRITY,406e78e9f9334ad0fb0c2f2794409444d211787245828fc5e5cc94b987961107
PRV-000334,SIG-TN-00334,CHECKPOST_OCR,2025-04-26 13:09:57,PII_REDACTED_AND_NORMALIZED,VERIFIED_INTEGRITY,1b2042e76c2bfc49cea619413c5b71717cebc7d54799b07a52eebd0404a2d900
PRV-000335,SIG-TN-00335,CHECKPOST_OCR,2024-11-07 15:44:56,PII_REDACTED_AND_NORMALIZED,VERIFIED_INTEGRITY,2554e3f683b8bb8de1beac4fef59dce372aed61192952207c9ecbe671cc51bf7
PRV-000336,SIG-TN-00336,HEALTH_STAT,2026-04-04 20:53:31,PII_REDACTED_AND_NORMALIZED,VERIFIED_INTEGRITY,d3d75df274be4bfd1de2e341bb0cdb542fc88b1a3b7404d8e13df520bc41f79e
PRV-000337,SIG-TN-00337,CHECKPOST_OCR,2026-05-27 12:36:43,PII_REDACTED_AND_NORMALIZED,VERIFIED_INTEGRITY,9ce0ec9de64679d3674681296d486935c50170217a8aadc3af8a5456cd5aef7a
PRV-000338,SIG-TN-00338,HEALTH_STAT,2025-03-04 05:14:45,PII_REDACTED_AND_NORMALIZED,VERIFIED_INTEGRITY,2d85d8a515c50adb70923862d780db45e77a78b2fdbf3eec45643c8693b2b06f
PRV-000339,SIG-TN-00339,HEALTH_STAT,2026-05-17 10:00:46,PII_REDACTED_AND_NORMALIZED,VERIFIED_INTEGRITY,dac843302e8786e0ba32c1512c7cb52dc2aa5e080c502549364de737dedb68c2
PRV-000340,SIG-TN-00340,POLICE_LEDGER,2026-04-19 11:04:32,PII_REDACTED_AND_NORMALIZED,VERIFIED_INTEGRITY,30a3a6246ccee30eb42421955647866732fd5d055bf24c694c7654cc9ff8ddd4
PRV-000341,SIG-TN-00341,CITIZEN_FEED,2025-04-30 07:58:47,PII_REDACTED_AND_NORMALIZED,VERIFIED_INTEGRITY,1e179e0e8f1835058bd4ead63c3a23ebb13138beca0c95473f1f777172db39e1
PRV-000342,SIG-TN-00342,CHECKPOST_OCR,2026-02-05 08:31:51,PII_REDACTED_AND_NORMALIZED,VERIFIED_INTEGRITY,b700383422322a5cbc3926e87518cd8124816d6e186f5d0861466009365296dc
PRV-000343,SIG-TN-00343,POLICE_LEDGER,2025-02-08 15:11:21,PII_REDACTED_AND_NORMALIZED,VERIFIED_INTEGRITY,9d64f1ee63f6123d16f42ffae1a7dd438c07757c8d2135833bad40bd29f94be0
PRV-000344,SIG-TN-00344,POLICE_LEDGER,2026-02-09 21:00:44,PII_REDACTED_AND_NORMALIZED,VERIFIED_INTEGRITY,522af77a727e5a702176f52e830dd72cc2ef68d6a35fc371679bd3f27fbc9a2e
PRV-000345,SIG-TN-00345,POLICE_LEDGER,2025-12-29 13:43:34,PII_REDACTED_AND_NORMALIZED,VERIFIED_INTEGRITY,35ea3c5b6cd8efe3d9614c23556f1474c10f5b19397762c283e3867f7459351a
PRV-000346,SIG-TN-00346,CITIZEN_FEED,2025-07-02 22:52:04,PII_REDACTED_AND_NORMALIZED,VERIFIED_INTEGRITY,ce14b0f35c59757ec482d86af5807f3929932f2c6857f754e2c4b52c2ed5604f
PRV-000347,SIG-TN-00347,HEALTH_STAT,2025-06-25 22:29:43,PII_REDACTED_AND_NORMALIZED,VERIFIED_INTEGRITY,861e942fc0148a3d996cae4606518acc1bf51b3699ba7cbe05853b723490b983
PRV-000348,SIG-TN-00348,HEALTH_STAT,2025-02-14 10:59:50,PII_REDACTED_AND_NORMALIZED,VERIFIED_INTEGRITY,8b20f2eabe2b2956622de2834e63d9f97756a0b44b38d9286d3d2156e28fb70d
PRV-000349,SIG-TN-00349,CITIZEN_FEED,2024-10-28 01:01:15,PII_REDACTED_AND_NORMALIZED,VERIFIED_INTEGRITY,13e7da8fc50a703f160326b3d5c33b809fd9aff8e2a113da64e95ffe23c76785
PRV-000350,SIG-TN-00350,CHECKPOST_OCR,2025-10-15 01:27:09,PII_REDACTED_AND_NORMALIZED,VERIFIED_INTEGRITY,a93674bb99e5674cc0ed7ab7984a14926472eb639c6af069a6af5eab0e51ab77
PRV-000351,SIG-TN-00351,CITIZEN_FEED,2025-09-19 10:39:52,PII_REDACTED_AND_NORMALIZED,VERIFIED_INTEGRITY,8cb9900eece71d61bf38d844ba703c06ed9cf8870db489a22ae7da024084f89d
PRV-000352,SIG-TN-00352,CHECKPOST_OCR,2025-05-17 21:13:16,PII_REDACTED_AND_NORMALIZED,VERIFIED_INTEGRITY,c04dc83bb89287b7df155ae5b9707c2021f4a56286e97560567fb53fbd79d271
PRV-000353,SIG-TN-00353,CITIZEN_FEED,2025-08-22 14:57:28,PII_REDACTED_AND_NORMALIZED,VERIFIED_INTEGRITY,c17fbaa0440f6699ce23af8b7043fa3d3d279781b22c6f130d11872fc880bb79
PRV-000354,SIG-TN-00354,CITIZEN_FEED,2025-10-14 10:41:50,PII_REDACTED_AND_NORMALIZED,VERIFIED_INTEGRITY,4f3965a47accb4b1974f9617c1ce4cde437f2fff344f36ac823b57434bcac655
PRV-000355,SIG-TN-00355,POLICE_LEDGER,2025-05-13 01:09:55,PII_REDACTED_AND_NORMALIZED,VERIFIED_INTEGRITY,baaaa11ccde0ce7b861126331ac70da680eff3be2db2b890cd0262f962fda0a9
PRV-000356,SIG-TN-00356,POLICE_LEDGER,2024-12-07 15:28:48,PII_REDACTED_AND_NORMALIZED,VERIFIED_INTEGRITY,df60ab60a01e1d582f70e1d9d1eb01d0f04ce65b224181b4bd3277c30464b08f
PRV-000357,SIG-TN-00357,CITIZEN_FEED,2025-04-16 13:55:26,PII_REDACTED_AND_NORMALIZED,VERIFIED_INTEGRITY,d8f0b58a0d93bcd8771f228d0b5979b465bc64b1c85f24743163d81a86529cd0
PRV-000358,SIG-TN-00358,HEALTH_STAT,2025-01-18 11:28:36,PII_REDACTED_AND_NORMALIZED,VERIFIED_INTEGRITY,c70603b1e2a358b7c3a1146250bca553f6878bcdbf38fb08447c9cadb7e096f3
PRV-000359,SIG-TN-00359,CITIZEN_FEED,2025-04-16 23:16:57,PII_REDACTED_AND_NORMALIZED,VERIFIED_INTEGRITY,8ec28c34697afeb572deb4eca6b991eb156516e46fc42f1a3796c2bd3aca0892
PRV-000360,SIG-TN-00360,HEALTH_STAT,2025-06-04 04:47:51,PII_REDACTED_AND_NORMALIZED,VERIFIED_INTEGRITY,f9b9b97a2fd46ccfa8eef8243873a9769257dba2b46a70dbab75b6a64a542129
PRV-000361,SIG-TN-00361,HEALTH_STAT,2025-04-02 23:20:57,PII_REDACTED_AND_NORMALIZED,VERIFIED_INTEGRITY,2be4ae494c7b82c18baa5e23ed05461623ee04f1c02d50d7f9c879da391fc464
PRV-000362,SIG-TN-00362,CHECKPOST_OCR,2025-05-16 04:53:52,PII_REDACTED_AND_NORMALIZED,VERIFIED_INTEGRITY,6081f9c219af46c9fbeca71be81b20597b57e4e9c89052240e9c7dabecdf94a1
PRV-000363,SIG-TN-00363,POLICE_LEDGER,2025-08-27 20:35:30,PII_REDACTED_AND_NORMALIZED,VERIFIED_INTEGRITY,4f066477ff0af38a6014322ca766993b5548dd719ddaa8905e32f81fdbab65fd
PRV-000364,SIG-TN-00364,HEALTH_STAT,2026-06-19 11:15:24,PII_REDACTED_AND_NORMALIZED,VERIFIED_INTEGRITY,2f2667b9e8a59db06073598136fd44da2402f6321667748c21b201332e223146
PRV-000365,SIG-TN-00365,CITIZEN_FEED,2025-10-28 05:03:57,PII_REDACTED_AND_NORMALIZED,VERIFIED_INTEGRITY,7219ae9c6ed3eac3f000e29c77e40596fcb60a115867ee775bb0c362f6599b59
PRV-000366,SIG-TN-00366,POLICE_LEDGER,2026-08-02 20:57:25,PII_REDACTED_AND_NORMALIZED,VERIFIED_INTEGRITY,efdfc24efa4bc2627b36bfe7e0ad0c3debad0eecabce2585b70eb04b6239f792
PRV-000367,SIG-TN-00367,HEALTH_STAT,2025-09-05 23:04:29,PII_REDACTED_AND_NORMALIZED,VERIFIED_INTEGRITY,f109625e62e9153bcd8b2c0d757391e3c0de6e001f1eab06701b18658bf2a088
PRV-000368,SIG-TN-00368,CITIZEN_FEED,2026-07-05 16:59:36,PII_REDACTED_AND_NORMALIZED,VERIFIED_INTEGRITY,35cc4af8e6d8a97e39e09b0f11810fb339ff07056b93ad3f5f73c51f124d6741
PRV-000369,SIG-TN-00369,CHECKPOST_OCR,2025-12-16 07:41:28,PII_REDACTED_AND_NORMALIZED,VERIFIED_INTEGRITY,eed182dcfc12b2a6fce7a3b95be38834a07210c1b30317cbf8ff31e89aee8665
PRV-000370,SIG-TN-00370,POLICE_LEDGER,2024-12-06 20:38:01,PII_REDACTED_AND_NORMALIZED,VERIFIED_INTEGRITY,f54048a1e8f1261fa652b7a53387a2286827f5f037e64c0b5a21e1cfd4d83c54
PRV-000371,SIG-TN-00371,POLICE_LEDGER,2026-05-23 05:12:56,PII_REDACTED_AND_NORMALIZED,VERIFIED_INTEGRITY,c2a40b66691fcb11e873465b8e45f54dd3fe85f842d5cd8771b881aab7ee4cb2
PRV-000372,SIG-TN-00372,HEALTH_STAT,2025-01-24 13:03:45,PII_REDACTED_AND_NORMALIZED,VERIFIED_INTEGRITY,a52d20d5b2d823c1521ebe17e0ee1f4e8c164d1fc4a25552787c8576eb2b72ec
PRV-000373,SIG-TN-00373,CITIZEN_FEED,2026-01-08 12:49:08,PII_REDACTED_AND_NORMALIZED,VERIFIED_INTEGRITY,cfa498e1ffaef29c7be4e915fac28829e90b7ecd645e853af4f45e5f1fd889b1
PRV-000374,SIG-TN-00374,CHECKPOST_OCR,2025-04-02 06:35:56,PII_REDACTED_AND_NORMALIZED,VERIFIED_INTEGRITY,86ac9732a5cb9bf207d91c793ef5b2ba8ba83cb6a4236a9c4194cf61df467091
PRV-000375,SIG-TN-00375,CITIZEN_FEED,2024-10-02 12:44:41,PII_REDACTED_AND_NORMALIZED,VERIFIED_INTEGRITY,6c18c0843245d65a4fc55c9f11a427a068976228f1446c056747b70d105c6685
PRV-000376,SIG-TN-00376,CITIZEN_FEED,2024-10-25 05:39:26,PII_REDACTED_AND_NORMALIZED,VERIFIED_INTEGRITY,51e0077916ab5690d72ee582c6a7d60ca15d9a1d6f1320d53f43914240ffeaee
PRV-000377,SIG-TN-00377,HEALTH_STAT,2025-12-05 13:25:08,PII_REDACTED_AND_NORMALIZED,VERIFIED_INTEGRITY,62a0854390b877aa0e1129c2084afb7747b3c9f571bbe8f2d4f713ec406edd90
PRV-000378,SIG-TN-00378,HEALTH_STAT,2025-11-29 04:22:35,PII_REDACTED_AND_NORMALIZED,VERIFIED_INTEGRITY,800b85c64a3841c05cd13ef72b25b9fd058b9d1e10a2f0649909bd8d31f6d170
PRV-000379,SIG-TN-00379,CITIZEN_FEED,2024-12-05 03:36:49,PII_REDACTED_AND_NORMALIZED,VERIFIED_INTEGRITY,c4b3802b9655b61a01bf22f4f5c83a4fe23b1309e5018800b56f39cf675b4d19
PRV-000380,SIG-TN-00380,CITIZEN_FEED,2025-01-25 22:11:28,PII_REDACTED_AND_NORMALIZED,VERIFIED_INTEGRITY,5d7c14b14f81d22d6f9afd6e1b60ecbcaff1fd759ee68ff333669283254f964e
PRV-000381,SIG-TN-00381,POLICE_LEDGER,2024-09-19 11:29:27,PII_REDACTED_AND_NORMALIZED,VERIFIED_INTEGRITY,9b4b813aaaa6541de9a5aa5ad73ad383edf254984f1fb94cd576a5ed3c8d7118
PRV-000382,SIG-TN-00382,HEALTH_STAT,2026-04-18 06:21:50,PII_REDACTED_AND_NORMALIZED,VERIFIED_INTEGRITY,f82962cfff4353a7b96356bc95bda01c3c3f3145cbaf58bcfb36de1cb405f955
PRV-000383,SIG-TN-00383,HEALTH_STAT,2025-06-24 19:21:32,PII_REDACTED_AND_NORMALIZED,VERIFIED_INTEGRITY,a20af3ee4aa39e70a6f325f1fcabb59f25a25ace90a2ba41eaedba22f47f47b8
PRV-000384,SIG-TN-00384,POLICE_LEDGER,2025-01-14 06:00:32,PII_REDACTED_AND_NORMALIZED,VERIFIED_INTEGRITY,77e818b834834050e3e6d856906782432722844e386bd67415af7f45f225cabd
PRV-000385,SIG-TN-00385,CHECKPOST_OCR,2025-06-28 16:42:19,PII_REDACTED_AND_NORMALIZED,VERIFIED_INTEGRITY,63e8ae06890cce62c0e593bbafb6792de15200a26137cbb86aed8103cea12679
PRV-000386,SIG-TN-00386,HEALTH_STAT,2025-09-12 18:15:40,PII_REDACTED_AND_NORMALIZED,VERIFIED_INTEGRITY,66cbf75cfdbb776e51e034716f674f58acc9e435842c6e912bc6c7dd284f96a8
PRV-000387,SIG-TN-00387,POLICE_LEDGER,2026-01-14 13:52:14,PII_REDACTED_AND_NORMALIZED,VERIFIED_INTEGRITY,1845acfdc3a96fc59b8004d458057a4bc41b177aa70a31d65b92e49fcb3c4f1b
PRV-000388,SIG-TN-00388,CHECKPOST_OCR,2025-04-26 13:30:04,PII_REDACTED_AND_NORMALIZED,VERIFIED_INTEGRITY,e113a4df7905f6561b53be032dda26c6c4f1808cad9ca20cc45fd2d2a14c0d35
PRV-000389,SIG-TN-00389,POLICE_LEDGER,2025-01-09 01:42:55,PII_REDACTED_AND_NORMALIZED,VERIFIED_INTEGRITY,60ec7fca12259f88e20173e43aa932ba2b21a342bb573c5394f80e8e5c7a2146
PRV-000390,SIG-TN-00390,CHECKPOST_OCR,2025-02-08 19:05:10,PII_REDACTED_AND_NORMALIZED,VERIFIED_INTEGRITY,048082b71fa0a8dc68a786fa10bcd6b2f2d8d22ff8aed365e773b417bacc73d0
PRV-000391,SIG-TN-00391,POLICE_LEDGER,2025-06-10 00:00:05,PII_REDACTED_AND_NORMALIZED,VERIFIED_INTEGRITY,ffa0ace323ecb97de3de16cc775421b5a9e5f47c8014f743957bbb0a0e68fcdb
PRV-000392,SIG-TN-00392,HEALTH_STAT,2024-10-30 08:02:24,PII_REDACTED_AND_NORMALIZED,VERIFIED_INTEGRITY,0f1c5b598884980633b4326da4191bf445ab62f5bab43c6a36216cc0e773ebd1
PRV-000393,SIG-TN-00393,CITIZEN_FEED,2024-10-07 13:40:23,PII_REDACTED_AND_NORMALIZED,VERIFIED_INTEGRITY,940cb78ce516d79373b5c072da3d81f37e34c2eabb289dda9abc1c941aa1f23d
PRV-000394,SIG-TN-00394,CITIZEN_FEED,2024-10-05 15:42:10,PII_REDACTED_AND_NORMALIZED,VERIFIED_INTEGRITY,665b7a393ae6c6e714e5d70930f2da2642a3f784a0c06e648a2508ec86611c11
PRV-000395,SIG-TN-00395,HEALTH_STAT,2025-04-28 19:19:53,PII_REDACTED_AND_NORMALIZED,VERIFIED_INTEGRITY,baa3c6cf283c7f91f6e73a898a4142f375fabe3e63d4034cf78b922bfd2b8d98
PRV-000396,SIG-TN-00396,CHECKPOST_OCR,2026-04-14 17:23:17,PII_REDACTED_AND_NORMALIZED,VERIFIED_INTEGRITY,be35614dcbb936f69212846811b0a0e53e805e4aac3fc2542951ed194af52844
PRV-000397,SIG-TN-00397,HEALTH_STAT,2026-03-30 11:55:15,PII_REDACTED_AND_NORMALIZED,VERIFIED_INTEGRITY,08c142602170d04b08034f650bf9fb58961d2d5cbc948a5cdbf31a4cf0e0f1b8
PRV-000398,SIG-TN-00398,POLICE_LEDGER,2024-09-28 18:37:08,PII_REDACTED_AND_NORMALIZED,VERIFIED_INTEGRITY,fa33feb3de8ba9b1e4752962aeabd5dbad846fe651182de9775a628b0bebe123
PRV-000399,SIG-TN-00399,POLICE_LEDGER,2026-02-10 11:22:22,PII_REDACTED_AND_NORMALIZED,VERIFIED_INTEGRITY,5009d041514b6500fab61efda8042a6f1f20ae595322d515078ee80645b1b949
PRV-000400,SIG-TN-00400,POLICE_LEDGER,2025-04-14 09:07:03,PII_REDACTED_AND_NORMALIZED,VERIFIED_INTEGRITY,5de94ba0ae248c75436151142c9717dda98e19616ffb669533963b0d3b7a8e13
PRV-000401,SIG-TN-00401,CHECKPOST_OCR,2026-05-24 15:53:28,PII_REDACTED_AND_NORMALIZED,VERIFIED_INTEGRITY,7649f816ab650c3bd7a6e65326a4a92d7c7532c12d3defa0caba26e7abb2c050
PRV-000402,SIG-TN-00402,HEALTH_STAT,2026-07-25 10:59:05,PII_REDACTED_AND_NORMALIZED,VERIFIED_INTEGRITY,84c895db268b68d664602a03307c2b3b33330fa265b76cd852bb48e5afceadb7
PRV-000403,SIG-TN-00403,POLICE_LEDGER,2025-06-02 19:54:04,PII_REDACTED_AND_NORMALIZED,VERIFIED_INTEGRITY,51589fcf3c67a7519655d9f25456674cd95db766012f65eba03b597b342336a1
PRV-000404,SIG-TN-00404,POLICE_LEDGER,2024-10-31 00:55:34,PII_REDACTED_AND_NORMALIZED,VERIFIED_INTEGRITY,6b0a310a8a765863398903ba627df448e891ea223ea1405faebf74d7b4c04727
PRV-000405,SIG-TN-00405,HEALTH_STAT,2025-02-12 23:40:07,PII_REDACTED_AND_NORMALIZED,VERIFIED_INTEGRITY,7b830fcf31d7a3769af0fdbb7432392433477b718d5f1d138ff28622e88b26c6
PRV-000406,SIG-TN-00406,HEALTH_STAT,2025-10-19 02:11:29,PII_REDACTED_AND_NORMALIZED,VERIFIED_INTEGRITY,802977c86155ebc67e71928f7b9380a69a1854e826989df7f108c150528e7fe4
PRV-000407,SIG-TN-00407,CHECKPOST_OCR,2024-11-01 18:50:20,PII_REDACTED_AND_NORMALIZED,VERIFIED_INTEGRITY,33fb6647bd2c96e0286e0e5833de3193b9866a34961b81f01a391c581436299f
PRV-000408,SIG-TN-00408,POLICE_LEDGER,2026-07-31 20:55:46,PII_REDACTED_AND_NORMALIZED,VERIFIED_INTEGRITY,f2901af8003e27d76ed7c286ba1412562f496c221a1108e8a9933b5921e739ce
PRV-000409,SIG-TN-00409,CITIZEN_FEED,2024-09-23 10:33:58,PII_REDACTED_AND_NORMALIZED,VERIFIED_INTEGRITY,9c5594936b2fecf022d305babcd7119a74027d1b42241deacc3680eb68ce7e1c
PRV-000410,SIG-TN-00410,CHECKPOST_OCR,2025-07-13 16:26:03,PII_REDACTED_AND_NORMALIZED,VERIFIED_INTEGRITY,9e3f0b83dda66f8970631c96519dd9d096a1b9aecaa7b24ac12fa8c34730ee64
PRV-000411,SIG-TN-00411,CITIZEN_FEED,2025-04-18 22:44:59,PII_REDACTED_AND_NORMALIZED,VERIFIED_INTEGRITY,b750e82558a63e5dfe25d62f0b00ae28ecd645a379e9fd84b26fcb90a5083a53
PRV-000412,SIG-TN-00412,CITIZEN_FEED,2025-03-08 08:39:31,PII_REDACTED_AND_NORMALIZED,VERIFIED_INTEGRITY,c634fefef2c31c51507927978e89c7f9eaf4aa23ff76cdfc896c0c49827f6389
PRV-000413,SIG-TN-00413,POLICE_LEDGER,2025-07-20 08:22:30,PII_REDACTED_AND_NORMALIZED,VERIFIED_INTEGRITY,5a1ce261e81fa350111dc98e47f1a0a18119043beef4c38eb630e90a75d7c874
PRV-000414,SIG-TN-00414,CITIZEN_FEED,2025-06-18 21:05:11,PII_REDACTED_AND_NORMALIZED,VERIFIED_INTEGRITY,c79d362f8f294f74f9f01da3c1985ed1d4ca5f4446de377a1245a7cc51cdc7f6
PRV-000415,SIG-TN-00415,CHECKPOST_OCR,2024-12-06 15:53:48,PII_REDACTED_AND_NORMALIZED,VERIFIED_INTEGRITY,4f371a6118acfbdd9ee04e90c1e95636926d88c969032ca425b4c24e100650fa
PRV-000416,SIG-TN-00416,CITIZEN_FEED,2026-08-03 22:43:42,PII_REDACTED_AND_NORMALIZED,VERIFIED_INTEGRITY,d3a51174962c6862ece579c0a3fff8b955eed928c1aa849e560f0118863a8e2e
PRV-000417,SIG-TN-00417,CHECKPOST_OCR,2025-05-01 22:25:36,PII_REDACTED_AND_NORMALIZED,VERIFIED_INTEGRITY,27aadfd63d9a53a5c448a2a9cb2e842c4f7ff9367c3e325e53d9c3e99315bfd3
PRV-000418,SIG-TN-00418,HEALTH_STAT,2025-10-03 22:35:46,PII_REDACTED_AND_NORMALIZED,VERIFIED_INTEGRITY,1a040eadf88c6517526ea7d9fbe64fee4b57ed34a3e8fa63490096910a6fc997
PRV-000419,SIG-TN-00419,POLICE_LEDGER,2026-06-03 06:17:46,PII_REDACTED_AND_NORMALIZED,VERIFIED_INTEGRITY,256553d4f260140c3d6f110d740a7f0e34586b715c8cec1852f3bb95ba92bc4f
PRV-000420,SIG-TN-00420,POLICE_LEDGER,2025-07-19 17:33:46,PII_REDACTED_AND_NORMALIZED,VERIFIED_INTEGRITY,a095bcde5ccb886ab215b3100e13e499e2b6fb20b97ba5926c17b77feaa753c5
PRV-000421,SIG-TN-00421,POLICE_LEDGER,2025-06-24 14:55:49,PII_REDACTED_AND_NORMALIZED,VERIFIED_INTEGRITY,316b495a6deb3e58db390f459572daa76c2479f51cd99890ed136b85ad9bd2d4
PRV-000422,SIG-TN-00422,CHECKPOST_OCR,2025-04-25 20:19:12,PII_REDACTED_AND_NORMALIZED,VERIFIED_INTEGRITY,6984795a6515497117461bc151bcc6e596535b47d0d794921ab16c2a7de94ed8
PRV-000423,SIG-TN-00423,POLICE_LEDGER,2025-10-23 22:58:07,PII_REDACTED_AND_NORMALIZED,VERIFIED_INTEGRITY,892f7c5f443ab2874aa599924636cb3443c634c7ccd7e34547cf99141f44bbe4
PRV-000424,SIG-TN-00424,CITIZEN_FEED,2025-10-08 08:09:14,PII_REDACTED_AND_NORMALIZED,VERIFIED_INTEGRITY,10867dac957a55bf75ef86dfa4467dbaf9ea38bb188443b2918d5d13e7b956f3
PRV-000425,SIG-TN-00425,CITIZEN_FEED,2025-07-31 00:54:44,PII_REDACTED_AND_NORMALIZED,VERIFIED_INTEGRITY,0f5b5d437df6f75293aa89d2cf556c7c0127a6d60e6ee592bbdce8564c7e1701
PRV-000426,SIG-TN-00426,POLICE_LEDGER,2024-12-08 12:18:46,PII_REDACTED_AND_NORMALIZED,VERIFIED_INTEGRITY,a58a15078e44b61ce0d66b01c57189505b675c4e50b0834fe3a8ea749d86e41d
PRV-000427,SIG-TN-00427,HEALTH_STAT,2026-03-22 20:36:02,PII_REDACTED_AND_NORMALIZED,VERIFIED_INTEGRITY,ae650e65bd3c4667f7039293cdb6ab304282010bcb9666c42a0ad24d364461a6
PRV-000428,SIG-TN-00428,HEALTH_STAT,2025-10-11 16:57:34,PII_REDACTED_AND_NORMALIZED,VERIFIED_INTEGRITY,9ec0ffe52bcbf2557306211b6b7e3ec77b67e2c6f2a926d0096c757bfeec764a
PRV-000429,SIG-TN-00429,CHECKPOST_OCR,2024-10-22 09:55:44,PII_REDACTED_AND_NORMALIZED,VERIFIED_INTEGRITY,6a7b810480a38407751214fae25dac8eddd59d1f475f20e3e53034a72c07376b
PRV-000430,SIG-TN-00430,POLICE_LEDGER,2026-01-03 21:31:26,PII_REDACTED_AND_NORMALIZED,VERIFIED_INTEGRITY,e3e4afbea0db59f8fb9bace89ccd3015c49978a5b80b32e64a134c1174b91c0d
PRV-000431,SIG-TN-00431,CHECKPOST_OCR,2025-05-03 14:12:50,PII_REDACTED_AND_NORMALIZED,VERIFIED_INTEGRITY,4f816f003231a5d425fc23351971bde51dec9a22b718e33514e0362a1923fc95
PRV-000432,SIG-TN-00432,HEALTH_STAT,2026-03-30 18:11:01,PII_REDACTED_AND_NORMALIZED,VERIFIED_INTEGRITY,afa6e36d860c57be698a950061390807815a8b66d1a6f5abf5cf86bff2b33405
PRV-000433,SIG-TN-00433,HEALTH_STAT,2025-01-01 17:46:24,PII_REDACTED_AND_NORMALIZED,VERIFIED_INTEGRITY,0beea239fc3e4443d6b123f0f39eeb33f313a2fe2173e5a83695218455a19ed4
PRV-000434,SIG-TN-00434,POLICE_LEDGER,2025-12-25 00:32:44,PII_REDACTED_AND_NORMALIZED,VERIFIED_INTEGRITY,6c90bc4fe82af85740d87cf958e4c4d5af3e569bfbdf470c0e5c24279569fbad
PRV-000435,SIG-TN-00435,POLICE_LEDGER,2024-09-24 02:44:25,PII_REDACTED_AND_NORMALIZED,VERIFIED_INTEGRITY,7210e79832ed57a9ed38255a29dba9d5de323e557f546844c9a419cc3b46416d
PRV-000436,SIG-TN-00436,POLICE_LEDGER,2025-07-18 02:58:35,PII_REDACTED_AND_NORMALIZED,VERIFIED_INTEGRITY,b0b7bc51c2467a7e2079ebf5fa3eb3eda8e74a8e88600b0b4f9454dfaa87866d
PRV-000437,SIG-TN-00437,HEALTH_STAT,2026-05-02 08:14:16,PII_REDACTED_AND_NORMALIZED,VERIFIED_INTEGRITY,f15d8f087b02b345e634c9c7ca9f26c82f17ff1621368df27d91623ef9099eab
PRV-000438,SIG-TN-00438,HEALTH_STAT,2025-12-30 21:30:59,PII_REDACTED_AND_NORMALIZED,VERIFIED_INTEGRITY,0260d48aa516b7ce67afff1bde8e1b9988f79ff1bc645dddfc96ecceb52bed6d
PRV-000439,SIG-TN-00439,HEALTH_STAT,2025-10-22 23:01:48,PII_REDACTED_AND_NORMALIZED,VERIFIED_INTEGRITY,8ff280b49ffadd55624bc81b448a6feebbb148af51f4ecd28f2f8b321dee56ee
PRV-000440,SIG-TN-00440,CHECKPOST_OCR,2025-08-10 21:18:10,PII_REDACTED_AND_NORMALIZED,VERIFIED_INTEGRITY,cd384d7a667bdc068e45c6d7e9706eeab16e3af2205533732c704f7a8b22f23c
PRV-000441,SIG-TN-00441,CHECKPOST_OCR,2024-12-04 06:06:53,PII_REDACTED_AND_NORMALIZED,VERIFIED_INTEGRITY,31a2e50db25facec0a52ac1064d79ea5f51a35da27d4907b4ed384074494ef59
PRV-000442,SIG-TN-00442,CITIZEN_FEED,2025-07-10 01:18:30,PII_REDACTED_AND_NORMALIZED,VERIFIED_INTEGRITY,9e7cca6f5c3c828ac92f66d2744085413c08730e30b9fc5ed47220bb78b29da3
PRV-000443,SIG-TN-00443,CHECKPOST_OCR,2025-01-22 09:28:22,PII_REDACTED_AND_NORMALIZED,VERIFIED_INTEGRITY,24f0aa0a85b020d0a6196e400e10bfe12e83405acdc0899aa4f01828c4072487
PRV-000444,SIG-TN-00444,CHECKPOST_OCR,2025-06-04 00:06:41,PII_REDACTED_AND_NORMALIZED,VERIFIED_INTEGRITY,d8f993bce9e2962c9eed54fa30898d24c58f4d31a57017e5229ed55216843859
PRV-000445,SIG-TN-00445,CHECKPOST_OCR,2026-02-10 23:43:31,PII_REDACTED_AND_NORMALIZED,VERIFIED_INTEGRITY,2c0e1c46b987306804dfaf5ec5efe7f853f72748fd552682fc515415efefa4f4
PRV-000446,SIG-TN-00446,HEALTH_STAT,2024-12-07 20:11:21,PII_REDACTED_AND_NORMALIZED,VERIFIED_INTEGRITY,3ba3ca657f8f2762fb018733d8f54a8c9eaa007aea83dfd0e89d531e2704a9b4
PRV-000447,SIG-TN-00447,POLICE_LEDGER,2026-01-23 19:46:57,PII_REDACTED_AND_NORMALIZED,VERIFIED_INTEGRITY,80cd48321ef912a8462dd605c57374335320db73d96ac8ed093fe7f3b0678bfb
PRV-000448,SIG-TN-00448,CHECKPOST_OCR,2025-09-16 18:55:08,PII_REDACTED_AND_NORMALIZED,VERIFIED_INTEGRITY,53eefb58d524817dd0798ba0742d3fd35f16ddd0bc0396a5129b0da077400fdd
PRV-000449,SIG-TN-00449,CHECKPOST_OCR,2026-02-13 23:41:48,PII_REDACTED_AND_NORMALIZED,VERIFIED_INTEGRITY,c34a5f2271cc4a01d55757857b5dccf01f1af65b5cbd61ecee7b9f7ed6a2739f
PRV-000450,SIG-TN-00450,HEALTH_STAT,2025-06-16 03:44:54,PII_REDACTED_AND_NORMALIZED,VERIFIED_INTEGRITY,70ce871a76a62a3718eb1cb3cdccca1de7ed83e8034a129f97a350f616e82973
PRV-000451,SIG-TN-00451,POLICE_LEDGER,2025-05-13 00:15:28,PII_REDACTED_AND_NORMALIZED,VERIFIED_INTEGRITY,3b5f6e8c9b3c85f0dd39e2f23b63f0d2e5e096df9ebcb76e53e7494d4e53d45f
PRV-000452,SIG-TN-00452,CITIZEN_FEED,2025-09-07 01:11:18,PII_REDACTED_AND_NORMALIZED,VERIFIED_INTEGRITY,ec843b85f52a0284080f3b2d15cee82e8803515ddadb4f11c5a96b07eefec88e
PRV-000453,SIG-TN-00453,HEALTH_STAT,2025-05-15 16:56:21,PII_REDACTED_AND_NORMALIZED,VERIFIED_INTEGRITY,86f64720f3874a0626128881eb404c110fcee2bd553fbebe484ccf7f38b6c237
PRV-000454,SIG-TN-00454,CHECKPOST_OCR,2024-10-10 00:50:01,PII_REDACTED_AND_NORMALIZED,VERIFIED_INTEGRITY,fca20c3742fcbb9722cea9b124c30fd3186268feb62b523275f888e88ddbe74d
PRV-000455,SIG-TN-00455,POLICE_LEDGER,2025-07-31 06:54:15,PII_REDACTED_AND_NORMALIZED,VERIFIED_INTEGRITY,8e12ce523fb6fd3bc6a04890e0f9677d136b5c42a3395dcab3d0c4a1406e1869
PRV-000456,SIG-TN-00456,HEALTH_STAT,2024-12-31 08:16:51,PII_REDACTED_AND_NORMALIZED,VERIFIED_INTEGRITY,58cd11606f0953db1bc4756772a56e7583045ff591d3ee870c7adfdab65c4bf4
PRV-000457,SIG-TN-00457,HEALTH_STAT,2025-02-15 23:41:23,PII_REDACTED_AND_NORMALIZED,VERIFIED_INTEGRITY,ab7b837db103eb2c9cb85a6d7bed8886e2064053fdcb83462415ddf751217fb1
PRV-000458,SIG-TN-00458,CITIZEN_FEED,2025-11-02 23:25:40,PII_REDACTED_AND_NORMALIZED,VERIFIED_INTEGRITY,394d9281993b8842d41d869ee9a4f859bba4f173cb2a500ebdd99861707159b0
PRV-000459,SIG-TN-00459,POLICE_LEDGER,2026-08-06 10:37:31,PII_REDACTED_AND_NORMALIZED,VERIFIED_INTEGRITY,c5a2be7992f7838889f2a2984ecf0cf245555dc91c9ad2d05f7ced0489821b14
PRV-000460,SIG-TN-00460,CITIZEN_FEED,2025-01-28 04:38:09,PII_REDACTED_AND_NORMALIZED,VERIFIED_INTEGRITY,1b5671c89e58fcb50cdfda156157c00975af460e6a773fb3d473e876c0561a3c
PRV-000461,SIG-TN-00461,HEALTH_STAT,2026-05-07 07:29:57,PII_REDACTED_AND_NORMALIZED,VERIFIED_INTEGRITY,109bb4524716c6d9f00d776c10b5be3852423a26605d5ee5dccc9497e075f1fc
PRV-000462,SIG-TN-00462,HEALTH_STAT,2025-05-09 02:24:50,PII_REDACTED_AND_NORMALIZED,VERIFIED_INTEGRITY,3722e9f3b1d3629561fc299f91388386b725fd88b6f57342760eff7f3531919a
PRV-000463,SIG-TN-00463,CITIZEN_FEED,2024-10-10 11:47:30,PII_REDACTED_AND_NORMALIZED,VERIFIED_INTEGRITY,3c3834c65612dd82067a4463991d77c93687b7abe05c4e9c882f26678589eb3e
PRV-000464,SIG-TN-00464,HEALTH_STAT,2025-11-21 11:30:08,PII_REDACTED_AND_NORMALIZED,VERIFIED_INTEGRITY,cc4669db7a44037ab106dd129859eb70035af82b0e07853054965426c4abe41a
PRV-000465,SIG-TN-00465,POLICE_LEDGER,2025-05-25 20:36:56,PII_REDACTED_AND_NORMALIZED,VERIFIED_INTEGRITY,17aef59d7fd28e3f48292b53cf24db885c07e84f57db407479461571654133a9
PRV-000466,SIG-TN-00466,POLICE_LEDGER,2026-05-04 14:35:09,PII_REDACTED_AND_NORMALIZED,VERIFIED_INTEGRITY,f5085911eb145f64907790843c04c13d73b1ccaf3124c8b28a33235e96f7cfa6
PRV-000467,SIG-TN-00467,CITIZEN_FEED,2024-10-23 03:55:54,PII_REDACTED_AND_NORMALIZED,VERIFIED_INTEGRITY,a2c4896ad841bad744833cd29f8c682e45610ad5179626a223e5d66a808e811c
PRV-000468,SIG-TN-00468,CITIZEN_FEED,2025-02-18 04:19:24,PII_REDACTED_AND_NORMALIZED,VERIFIED_INTEGRITY,38219ecfcf2cd56c8fef255ac723aadff074d427125e6488f110296a3c1081fe
PRV-000469,SIG-TN-00469,CITIZEN_FEED,2024-10-04 11:04:30,PII_REDACTED_AND_NORMALIZED,VERIFIED_INTEGRITY,19680cd57e7153242e3a0f9c2938824aef9a23ac24270bf81cae1fb3fda0dddb
PRV-000470,SIG-TN-00470,POLICE_LEDGER,2025-01-23 11:51:06,PII_REDACTED_AND_NORMALIZED,VERIFIED_INTEGRITY,689fda2117a57f44e0c18393d7ce3707978da7821607beb23971531f3d8c9e83
PRV-000471,SIG-TN-00471,HEALTH_STAT,2024-12-10 05:06:21,PII_REDACTED_AND_NORMALIZED,VERIFIED_INTEGRITY,a5151f5bed0f0ebb61438de43e8a622bf0b6ea67aaac680e1af1a28113d7aa97
PRV-000472,SIG-TN-00472,CITIZEN_FEED,2026-02-02 06:45:04,PII_REDACTED_AND_NORMALIZED,VERIFIED_INTEGRITY,1a75a6d946d95e16665d7a08868d2996eebd502ba5f6f42b6aa80d75582504b1
PRV-000473,SIG-TN-00473,CHECKPOST_OCR,2026-01-29 04:47:48,PII_REDACTED_AND_NORMALIZED,VERIFIED_INTEGRITY,03f93cf0ad8b072d07c3a66c102d774bd4570016c46fc2c6b30a748f2da080e6
PRV-000474,SIG-TN-00474,CITIZEN_FEED,2025-10-04 07:29:23,PII_REDACTED_AND_NORMALIZED,VERIFIED_INTEGRITY,04867b2f95568c34cd0964dfd7a5c7ab4747d32a402ba2f9a28347e043367761
PRV-000475,SIG-TN-00475,HEALTH_STAT,2026-08-04 14:21:35,PII_REDACTED_AND_NORMALIZED,VERIFIED_INTEGRITY,b15fc652e48270f1c477ef61ef49a503a215e0cef27de158bd9d399f274c14c2
PRV-000476,SIG-TN-00476,POLICE_LEDGER,2024-11-23 06:20:19,PII_REDACTED_AND_NORMALIZED,VERIFIED_INTEGRITY,a184fbec4b0f80e46641d5617a3e3717d90e63f4ec652723817dddb545fe7b44
PRV-000477,SIG-TN-00477,CHECKPOST_OCR,2026-06-30 21:14:53,PII_REDACTED_AND_NORMALIZED,VERIFIED_INTEGRITY,2e415f92e046b0b593afbf10b7ab717fbabd94699310aae76651a4fdeee5ab02
PRV-000478,SIG-TN-00478,HEALTH_STAT,2025-04-03 07:53:40,PII_REDACTED_AND_NORMALIZED,VERIFIED_INTEGRITY,f446423ec84d04c69347659899c6ed2181869f01146c3496404bfa5cb1eca19b
PRV-000479,SIG-TN-00479,HEALTH_STAT,2026-08-07 14:45:23,PII_REDACTED_AND_NORMALIZED,VERIFIED_INTEGRITY,5ba415e0bdd180e42afafedfe48ce156fbad07823f9b264748f9cb53c4a25f19
PRV-000480,SIG-TN-00480,POLICE_LEDGER,2025-08-05 03:43:28,PII_REDACTED_AND_NORMALIZED,VERIFIED_INTEGRITY,229739507bbf8548d33bf3e921bcf5a60d671406158b0a87cf660a99e9ce0e4a
PRV-000481,SIG-TN-00481,CITIZEN_FEED,2025-10-03 03:29:30,PII_REDACTED_AND_NORMALIZED,VERIFIED_INTEGRITY,df1ac69cbae62bdf6b88c6816fa5159f31caa565e80213002f8d96396670d42f
PRV-000482,SIG-TN-00482,HEALTH_STAT,2025-04-27 09:34:40,PII_REDACTED_AND_NORMALIZED,VERIFIED_INTEGRITY,794845c5ff14dc2a42be330be6b69d03de02a66b5f8e65f836a53dda036af88b
PRV-000483,SIG-TN-00483,CHECKPOST_OCR,2025-10-28 09:36:39,PII_REDACTED_AND_NORMALIZED,VERIFIED_INTEGRITY,769fc752bca3d2b8972b635d04939b301c5dd788bb305a798df2cd7236412da4
PRV-000484,SIG-TN-00484,CITIZEN_FEED,2026-06-08 22:30:09,PII_REDACTED_AND_NORMALIZED,VERIFIED_INTEGRITY,a987349874250bf67951e3cb5c0f6f56aea7ae18a5985a2c7cc13e08573863df
PRV-000485,SIG-TN-00485,POLICE_LEDGER,2026-05-23 19:29:40,PII_REDACTED_AND_NORMALIZED,VERIFIED_INTEGRITY,fb0d43d45c7f63d8ea8636c3bb863765fe6f6e2a5702951e2d26aa53b1579847
PRV-000486,SIG-TN-00486,CHECKPOST_OCR,2025-04-07 06:17:01,PII_REDACTED_AND_NORMALIZED,VERIFIED_INTEGRITY,4941dff39331a5acb838f08e088183b03e086f6bf99dca19f874f04ee6ad77f0
PRV-000487,SIG-TN-00487,HEALTH_STAT,2025-01-28 01:26:54,PII_REDACTED_AND_NORMALIZED,VERIFIED_INTEGRITY,445bf34669c1346c84f8a79a0bdb8918ddef97724c57cef2be41bcfe96dbf405
PRV-000488,SIG-TN-00488,HEALTH_STAT,2026-05-13 00:02:03,PII_REDACTED_AND_NORMALIZED,VERIFIED_INTEGRITY,4f788b1f16a9bf8945426418eaeb05b18b4947c574be784a134324f1c7d563ad
PRV-000489,SIG-TN-00489,CHECKPOST_OCR,2025-04-01 17:16:43,PII_REDACTED_AND_NORMALIZED,VERIFIED_INTEGRITY,de3190452a4006680b61f7fafc8201bf1c4d3d5886792c726689306bf4f7984d
PRV-000490,SIG-TN-00490,CHECKPOST_OCR,2025-04-08 16:53:14,PII_REDACTED_AND_NORMALIZED,VERIFIED_INTEGRITY,d7cd6126adf32d7ed11a8769ecce4018898c3648365f0495e7a96fe5f7f02d40
PRV-000491,SIG-TN-00491,POLICE_LEDGER,2025-09-28 21:53:55,PII_REDACTED_AND_NORMALIZED,VERIFIED_INTEGRITY,994cb510771df3318659496c58462157352cc9422347a58f9c3c8d938edc6298
PRV-000492,SIG-TN-00492,CHECKPOST_OCR,2025-12-16 16:07:32,PII_REDACTED_AND_NORMALIZED,VERIFIED_INTEGRITY,9d296ca9a5fede036aec04fd85955a966958c9092a361e368c5f8e1d7e14a361
PRV-000493,SIG-TN-00493,CITIZEN_FEED,2026-03-25 05:26:05,PII_REDACTED_AND_NORMALIZED,VERIFIED_INTEGRITY,575bd7c2d73f09c836017e4e346e48850a6e144b5240f9dd6dc4f4840d6bd03e
PRV-000494,SIG-TN-00494,POLICE_LEDGER,2024-10-16 20:24:50,PII_REDACTED_AND_NORMALIZED,VERIFIED_INTEGRITY,8273708ec1a11b5d4ed56528eaf0c8e146a5b831a04219d80ea3287d5a8bf27b
PRV-000495,SIG-TN-00495,POLICE_LEDGER,2026-06-04 15:25:14,PII_REDACTED_AND_NORMALIZED,VERIFIED_INTEGRITY,49d7842d0b6d72a11be41b1fafb472a0829e366ccb862cebcc17b3a90a78b178
PRV-000496,SIG-TN-00496,HEALTH_STAT,2024-12-19 10:09:43,PII_REDACTED_AND_NORMALIZED,VERIFIED_INTEGRITY,5f5cb906af0da38466502db7b131648f94f1f9dbba47a48337bd6659048f4607
PRV-000497,SIG-TN-00497,POLICE_LEDGER,2026-02-25 18:44:43,PII_REDACTED_AND_NORMALIZED,VERIFIED_INTEGRITY,36eb2ff5d9ab0a973773874aa064f388c28a27ff6422ff09cc7938df73c74e0f
PRV-000498,SIG-TN-00498,CHECKPOST_OCR,2026-04-25 07:28:53,PII_REDACTED_AND_NORMALIZED,VERIFIED_INTEGRITY,3a24a2a89d5b60d383e8df5147f9021180f14fbe8afc162257297ba23e7b0240
PRV-000499,SIG-TN-00499,CHECKPOST_OCR,2026-01-16 00:55:24,PII_REDACTED_AND_NORMALIZED,VERIFIED_INTEGRITY,6ab911213e3e94d7ee41d2b196146f4a4f251a8e4a2e7910cb33821fe0bd12ed
PRV-000500,SIG-TN-00500,POLICE_LEDGER,2024-12-03 14:17:12,PII_REDACTED_AND_NORMALIZED,VERIFIED_INTEGRITY,b1bdc0038f4805878cc56d20bfbeac833d2c43326b8244bb9c3d193712167e26
PRV-000501,SIG-TN-00501,CITIZEN_FEED,2025-05-07 18:02:29,PII_REDACTED_AND_NORMALIZED,VERIFIED_INTEGRITY,ce01058e042dfcc3cc4d8a6daac22f5f1bad93ab95c858200641bb30d604ff19
PRV-000502,SIG-TN-00502,POLICE_LEDGER,2025-10-01 23:42:08,PII_REDACTED_AND_NORMALIZED,VERIFIED_INTEGRITY,07a6a8b128bf7b7dc7e8db56cce783704a750ab43960d3c86d69db6091d1c651
PRV-000503,SIG-TN-00503,CITIZEN_FEED,2025-08-15 03:16:45,PII_REDACTED_AND_NORMALIZED,VERIFIED_INTEGRITY,02b5727aadada14e0808ead0e572647c7d32c7ff1dad4093e474298e6457e2fc
PRV-000504,SIG-TN-00504,CITIZEN_FEED,2026-07-27 04:36:32,PII_REDACTED_AND_NORMALIZED,VERIFIED_INTEGRITY,d5b131d9e2fc1b75d43b25dc3a543c3c592021f402c4be65c9af17707eb10aef
PRV-000505,SIG-TN-00505,HEALTH_STAT,2026-08-14 10:07:07,PII_REDACTED_AND_NORMALIZED,VERIFIED_INTEGRITY,12a6ffb64f2afea1bf5afd7295c987d253884bb078f917dca9bd0ddf5cb579f5
PRV-000506,SIG-TN-00506,HEALTH_STAT,2024-10-02 10:59:03,PII_REDACTED_AND_NORMALIZED,VERIFIED_INTEGRITY,8c64c0f20afd387808b33f4a5c125f5bcbbcdb928c97f2905a8f74f918c9f2a6
PRV-000507,SIG-TN-00507,POLICE_LEDGER,2024-09-19 07:15:00,PII_REDACTED_AND_NORMALIZED,VERIFIED_INTEGRITY,d77bf72b160743f83f6e7cd9a4ab86e0ee94877133742a5dce17efb6bcf80e34
PRV-000508,SIG-TN-00508,HEALTH_STAT,2024-11-08 08:54:08,PII_REDACTED_AND_NORMALIZED,VERIFIED_INTEGRITY,baddca85d391c30ef36a55b759614b806455d6bd8e4603e622c8b8c953323db8
PRV-000509,SIG-TN-00509,CHECKPOST_OCR,2024-09-24 05:07:31,PII_REDACTED_AND_NORMALIZED,VERIFIED_INTEGRITY,95e75c0b7d74e063c56dd89fdd3b07c0a089bedcf577ae678b213cb81a41db75
PRV-000510,SIG-TN-00510,POLICE_LEDGER,2026-01-24 17:00:04,PII_REDACTED_AND_NORMALIZED,VERIFIED_INTEGRITY,df3005b01ea334fc53dee7eb76a3d639ea94e5fb19ae1a72e4047da0ab8819cb
PRV-000511,SIG-TN-00511,CHECKPOST_OCR,2024-12-06 01:29:13,PII_REDACTED_AND_NORMALIZED,VERIFIED_INTEGRITY,33f8d889f2bf918fbe93966e3bcc259a02bc708f4d2ab96f03e063332b9cc60f
PRV-000512,SIG-TN-00512,POLICE_LEDGER,2025-10-04 13:43:22,PII_REDACTED_AND_NORMALIZED,VERIFIED_INTEGRITY,b814af09c83d0b172c9823fbc781b39f469c617c1b59787072ed894dff2a8c29
PRV-000513,SIG-TN-00513,POLICE_LEDGER,2025-08-11 04:23:26,PII_REDACTED_AND_NORMALIZED,VERIFIED_INTEGRITY,398af22cc5d9542b773362f0ef73e9518305ee90d2cd2587a185539f2e59cead
PRV-000514,SIG-TN-00514,CITIZEN_FEED,2024-12-27 16:32:52,PII_REDACTED_AND_NORMALIZED,VERIFIED_INTEGRITY,87c7c5f9e665d39799601ecfb78003b00e31323e3b336ec346e983931ac8e021
PRV-000515,SIG-TN-00515,HEALTH_STAT,2025-07-12 04:38:35,PII_REDACTED_AND_NORMALIZED,VERIFIED_INTEGRITY,f07bfdddf936a08d2f6fd68ff65714765dfb108cf7a159b567dd379435225ecd
PRV-000516,SIG-TN-00516,CHECKPOST_OCR,2025-08-03 05:47:25,PII_REDACTED_AND_NORMALIZED,VERIFIED_INTEGRITY,9310c3294231ead0cede781084b89c43ce06cab25b1f7ca253f06fb5b68f9654
PRV-000517,SIG-TN-00517,CHECKPOST_OCR,2026-03-17 09:51:26,PII_REDACTED_AND_NORMALIZED,VERIFIED_INTEGRITY,fe7fbc3e33ce7e37fe4fa32ef6777b56e0d8fe8e989ba371445bed81ba01f972
PRV-000518,SIG-TN-00518,POLICE_LEDGER,2025-09-28 10:16:18,PII_REDACTED_AND_NORMALIZED,VERIFIED_INTEGRITY,52e2b6f65f82eb25e9f07b8f40d7c9d38b7571f475132eebdc34a1d50d5637f3
PRV-000519,SIG-TN-00519,CITIZEN_FEED,2025-07-27 05:02:27,PII_REDACTED_AND_NORMALIZED,VERIFIED_INTEGRITY,ff0a61605007ff5ac7a607882d4d68d1c361b7a70819c39ea57aa0bd389500fd
PRV-000520,SIG-TN-00520,CITIZEN_FEED,2025-02-05 12:32:56,PII_REDACTED_AND_NORMALIZED,VERIFIED_INTEGRITY,acdcb733df2187c4f4551298b5d59de2ea10c4aed092d649c1cea3b43fb8cbce
PRV-000521,SIG-TN-00521,POLICE_LEDGER,2026-01-29 23:00:36,PII_REDACTED_AND_NORMALIZED,VERIFIED_INTEGRITY,a9a6009b4d29af17d8f1f1a4ea72b5f3956a7bfce85838f09b65429a2480bdec
PRV-000522,SIG-TN-00522,HEALTH_STAT,2025-12-13 09:04:45,PII_REDACTED_AND_NORMALIZED,VERIFIED_INTEGRITY,8de1d8dafafa549e7eb2d77af319b157612f86c4287e5f5f4cffe9f82d63a95b
PRV-000523,SIG-TN-00523,CITIZEN_FEED,2026-06-26 19:25:05,PII_REDACTED_AND_NORMALIZED,VERIFIED_INTEGRITY,0925db764adb1078bafcaafd21e5ae9216dfcc809442b83ed8f923cca3b6a124
PRV-000524,SIG-TN-00524,CHECKPOST_OCR,2025-05-07 20:13:28,PII_REDACTED_AND_NORMALIZED,VERIFIED_INTEGRITY,d4fc696fa861dc04d6fc587338ad85bf2a775c2c2ddccf272b35c785509f3841
PRV-000525,SIG-TN-00525,CITIZEN_FEED,2024-11-26 12:58:54,PII_REDACTED_AND_NORMALIZED,VERIFIED_INTEGRITY,5a6d2012ee092d28870bb75c3ad929eb679158e967784f2473a39a9b39b97fae
PRV-000526,SIG-TN-00526,CITIZEN_FEED,2026-04-27 07:12:38,PII_REDACTED_AND_NORMALIZED,VERIFIED_INTEGRITY,21dcbf5925d0fb368c8aaa84068624002b7e21b9f6fb352bf7f766c05ba4a5ec
PRV-000527,SIG-TN-00527,POLICE_LEDGER,2025-11-09 11:56:34,PII_REDACTED_AND_NORMALIZED,VERIFIED_INTEGRITY,9b5cfb7c7bee8135245ea5a9863519a34005a5ddf625fd7cc52efbbe8a3cb41b
PRV-000528,SIG-TN-00528,POLICE_LEDGER,2026-03-01 13:51:35,PII_REDACTED_AND_NORMALIZED,VERIFIED_INTEGRITY,ea27c3b61e9526ba090d327af64d16c670d7b072173e3b542866f4cc85d6fd4a
PRV-000529,SIG-TN-00529,CHECKPOST_OCR,2025-09-21 08:57:39,PII_REDACTED_AND_NORMALIZED,VERIFIED_INTEGRITY,ca7680d7a45dae622ede419813d5f91668c63614d9aeff27e519094230d6b889
PRV-000530,SIG-TN-00530,CHECKPOST_OCR,2024-12-20 08:46:11,PII_REDACTED_AND_NORMALIZED,VERIFIED_INTEGRITY,19c50b9e22a9c504b0affea81adda4b799234830d26259b394ce14d6ba5791bc
PRV-000531,SIG-TN-00531,HEALTH_STAT,2025-03-12 14:16:46,PII_REDACTED_AND_NORMALIZED,VERIFIED_INTEGRITY,4cde160e9bfcd83fbcbdcb4fd4f35e6c8c5ac9876c3b3ba88280b25c35c91c63
PRV-000532,SIG-TN-00532,POLICE_LEDGER,2025-04-04 03:10:37,PII_REDACTED_AND_NORMALIZED,VERIFIED_INTEGRITY,b912f4e8cf53207df1a321e8bc91103a1281fbac9c0db0e0edb09b70f5333d8a
PRV-000533,SIG-TN-00533,CHECKPOST_OCR,2026-07-27 09:46:46,PII_REDACTED_AND_NORMALIZED,VERIFIED_INTEGRITY,c6ef1300901ed2295e131e6877b3340126e07fc405deb14930af91b9e70254e6
PRV-000534,SIG-TN-00534,POLICE_LEDGER,2024-12-08 09:16:44,PII_REDACTED_AND_NORMALIZED,VERIFIED_INTEGRITY,391e1f8421a27fc9498112d4c81198024374db2a3335adcdbf6cf2ab759a680e
PRV-000535,SIG-TN-00535,HEALTH_STAT,2024-12-24 15:38:22,PII_REDACTED_AND_NORMALIZED,VERIFIED_INTEGRITY,eac113eb4b50e3cf5c412b302ffee78d48af2253ddd80cbdd5fa18c2756b00fa
PRV-000536,SIG-TN-00536,HEALTH_STAT,2025-04-18 01:21:14,PII_REDACTED_AND_NORMALIZED,VERIFIED_INTEGRITY,c86be1b2bbfd7dcce82d8c7475fe011b432fe8fd2dc9c8ac4c9185d5c7b830bd
PRV-000537,SIG-TN-00537,POLICE_LEDGER,2025-06-11 07:50:36,PII_REDACTED_AND_NORMALIZED,VERIFIED_INTEGRITY,e4e4b1e451d5be2c98895ccd31c4cbe4f743d36043b1fa85e33bc9e1a75aed55
PRV-000538,SIG-TN-00538,CITIZEN_FEED,2026-01-16 14:00:39,PII_REDACTED_AND_NORMALIZED,VERIFIED_INTEGRITY,7997a60824821bfe2fca40feff01dd93950110fe87c4435c62175a70d8e5ec36
PRV-000539,SIG-TN-00539,CITIZEN_FEED,2025-06-07 13:23:14,PII_REDACTED_AND_NORMALIZED,VERIFIED_INTEGRITY,bed4176a1a22e65f13c7b40ebcb848e926651a6499a7dc995c459037138991f4
PRV-000540,SIG-TN-00540,HEALTH_STAT,2025-06-24 22:24:42,PII_REDACTED_AND_NORMALIZED,VERIFIED_INTEGRITY,893d63285e6ede31c99cfbedd0b4e73bbf51a4a891443692ab04262bdf9e9599
PRV-000541,SIG-TN-00541,CITIZEN_FEED,2025-08-20 13:29:49,PII_REDACTED_AND_NORMALIZED,VERIFIED_INTEGRITY,0e33c14ac7905853670c0a240e732e0c434db7b992ecfbacf2e4e3f4e54417aa
PRV-000542,SIG-TN-00542,POLICE_LEDGER,2026-04-01 05:50:31,PII_REDACTED_AND_NORMALIZED,VERIFIED_INTEGRITY,89204ffe5c5ba420ae5d6e56dc929536e0787a92fcad79bce4415f1eeeb289f7
PRV-000543,SIG-TN-00543,CITIZEN_FEED,2026-05-07 08:13:34,PII_REDACTED_AND_NORMALIZED,VERIFIED_INTEGRITY,2f532e747ff8f2eb838085b157d445a27dc2f325984d9b135bbff21c3ea6f726
PRV-000544,SIG-TN-00544,POLICE_LEDGER,2025-09-09 15:21:32,PII_REDACTED_AND_NORMALIZED,VERIFIED_INTEGRITY,d7a548e855fe4c20a9a02cbd58dbcfe6a023dca083ee63772caa1f9768ce4339
PRV-000545,SIG-TN-00545,CITIZEN_FEED,2025-02-03 19:38:09,PII_REDACTED_AND_NORMALIZED,VERIFIED_INTEGRITY,aec2692195af5f1842535d429ff77f925e6b3602a57be3c15f9f5cc82b4b6b1b
PRV-000546,SIG-TN-00546,CITIZEN_FEED,2024-10-06 20:25:55,PII_REDACTED_AND_NORMALIZED,VERIFIED_INTEGRITY,4ad20da995ff88dc48bb335c0b0081c5a97b8dd926f621b8fe83870950171359
PRV-000547,SIG-TN-00547,CITIZEN_FEED,2025-12-10 12:27:13,PII_REDACTED_AND_NORMALIZED,VERIFIED_INTEGRITY,d3181649f1e7b0499c09636d83bd244cbdcac922eb539e8de1fcad2a8f3f3e07
PRV-000548,SIG-TN-00548,HEALTH_STAT,2025-07-05 04:49:40,PII_REDACTED_AND_NORMALIZED,VERIFIED_INTEGRITY,50cc0b57ad60500b5a974b3ed76f4c85bf6efc23bf20d33e253c40c080476e80
PRV-000549,SIG-TN-00549,HEALTH_STAT,2025-09-13 09:19:45,PII_REDACTED_AND_NORMALIZED,VERIFIED_INTEGRITY,24b5b01d08d4f5aaf09b266e327209be885b41ac8ce285235792910a9ec98548
PRV-000550,SIG-TN-00550,CITIZEN_FEED,2026-07-13 05:32:52,PII_REDACTED_AND_NORMALIZED,VERIFIED_INTEGRITY,8f542dc33082726d0e27e05ebb64561cc4a97bc3e44d644219cb9bf2d35abc80
PRV-000551,SIG-TN-00551,CHECKPOST_OCR,2025-06-09 21:49:41,PII_REDACTED_AND_NORMALIZED,VERIFIED_INTEGRITY,08ee1f632ac62eb53bfa9f43e30afa94242312b3a3306898ee1d1dd8ee643b04
PRV-000552,SIG-TN-00552,HEALTH_STAT,2025-04-07 20:21:11,PII_REDACTED_AND_NORMALIZED,VERIFIED_INTEGRITY,0ff820f8c17980cf888806521a1844109277631fc993cabfd3a0789ce6de5e12
PRV-000553,SIG-TN-00553,HEALTH_STAT,2026-05-12 05:35:08,PII_REDACTED_AND_NORMALIZED,VERIFIED_INTEGRITY,1643d5d8c0beb724ff3dfb3bbd3d2eecb29133f84254c3cd07197f2d4831dd6e
PRV-000554,SIG-TN-00554,HEALTH_STAT,2025-06-07 15:34:11,PII_REDACTED_AND_NORMALIZED,VERIFIED_INTEGRITY,169b983c37915303d315d4eba74e9af3531fe9d0c5a1e3d96d31383ddad2500d
PRV-000555,SIG-TN-00555,CHECKPOST_OCR,2025-04-21 23:16:38,PII_REDACTED_AND_NORMALIZED,VERIFIED_INTEGRITY,14451a692b4d17243503b5be3b82be4495702c4e815f980a8a9f376d4e53dab8
PRV-000556,SIG-TN-00556,HEALTH_STAT,2026-06-21 00:41:26,PII_REDACTED_AND_NORMALIZED,VERIFIED_INTEGRITY,55ee32c286358ed6051f7cddb6aac1c877ebe4a47eddc20010e12d4ef93e4a56
PRV-000557,SIG-TN-00557,CHECKPOST_OCR,2025-08-27 06:44:12,PII_REDACTED_AND_NORMALIZED,VERIFIED_INTEGRITY,2e28bf9e52e805e3b1a01f42078f477d3e50e923c233d4c2709b0efa49983a1d
PRV-000558,SIG-TN-00558,HEALTH_STAT,2025-01-18 07:37:07,PII_REDACTED_AND_NORMALIZED,VERIFIED_INTEGRITY,29399f5b499aa9b851b4a919473b888140084dda5423503cfc8b6fe933f259e4
PRV-000559,SIG-TN-00559,POLICE_LEDGER,2026-01-02 17:22:45,PII_REDACTED_AND_NORMALIZED,VERIFIED_INTEGRITY,fb0165252138b9a521ec11cb6960cdbd31012649fa1ae483afd5c54573e2d71f
PRV-000560,SIG-TN-00560,CHECKPOST_OCR,2025-12-08 02:08:56,PII_REDACTED_AND_NORMALIZED,VERIFIED_INTEGRITY,186a3760ce80c3584ed89c3118f751d262ff06a9bbfb689f6e2031843f1aab17
PRV-000561,SIG-TN-00561,POLICE_LEDGER,2025-10-19 06:08:20,PII_REDACTED_AND_NORMALIZED,VERIFIED_INTEGRITY,f1dadf1c23504a671bbc69ef62163bda9f4e3577813b5f684137579e12fc5309
PRV-000562,SIG-TN-00562,HEALTH_STAT,2024-12-25 17:16:05,PII_REDACTED_AND_NORMALIZED,VERIFIED_INTEGRITY,6b6aa1eda204d9e5a3fecb79d5aa5af0f5eeb36f25bee7881d157e4f03f629e3
PRV-000563,SIG-TN-00563,POLICE_LEDGER,2025-07-22 03:25:26,PII_REDACTED_AND_NORMALIZED,VERIFIED_INTEGRITY,863d9377be425fecae0401afa9695079aaa5d71faefd53ed4be01399d89753ef
PRV-000564,SIG-TN-00564,HEALTH_STAT,2025-01-30 14:52:31,PII_REDACTED_AND_NORMALIZED,VERIFIED_INTEGRITY,a3d44f4f121ed223dc6e29cdd110bf971c015d829acf7c164cc7d938aaebec74
PRV-000565,SIG-TN-00565,CITIZEN_FEED,2025-12-07 03:16:21,PII_REDACTED_AND_NORMALIZED,VERIFIED_INTEGRITY,8823b16a1d534915a050275cc79bf1a67df3ba88455057f19512dabe048d110f
PRV-000566,SIG-TN-00566,HEALTH_STAT,2025-06-28 15:19:53,PII_REDACTED_AND_NORMALIZED,VERIFIED_INTEGRITY,102d6774fc55958572b361e37a75a3af5727debb737ebb91a28d55de59f33b04
PRV-000567,SIG-TN-00567,CHECKPOST_OCR,2025-06-08 18:01:36,PII_REDACTED_AND_NORMALIZED,VERIFIED_INTEGRITY,f3c1ac6d81994b6f771d90f1a351e724dd00a0e90556b3a26ac8a3d529e90cb3
PRV-000568,SIG-TN-00568,POLICE_LEDGER,2025-04-24 06:38:46,PII_REDACTED_AND_NORMALIZED,VERIFIED_INTEGRITY,e421692336c5a659609bb596f60ba858acfbf8077b532a21e8ddb9925f184b40
PRV-000569,SIG-TN-00569,POLICE_LEDGER,2025-07-14 22:45:51,PII_REDACTED_AND_NORMALIZED,VERIFIED_INTEGRITY,d42cd315854c5c49c52c6e70715718f00b7e091d60e24eac37862ad584c2f990
PRV-000570,SIG-TN-00570,CITIZEN_FEED,2025-01-08 11:45:50,PII_REDACTED_AND_NORMALIZED,VERIFIED_INTEGRITY,6baacafab47033272b01495dcffce4cdf2b8f4ff3e47ddbb06f1741072a69d99
PRV-000571,SIG-TN-00571,CHECKPOST_OCR,2026-04-24 00:28:02,PII_REDACTED_AND_NORMALIZED,VERIFIED_INTEGRITY,b4018f9c0a9f0093e4fd23629617fbba48e68088f23f9891db99ff1640c2a7b5
PRV-000572,SIG-TN-00572,CHECKPOST_OCR,2026-02-03 07:53:48,PII_REDACTED_AND_NORMALIZED,VERIFIED_INTEGRITY,2c5301feff3e4781ed80e01e3e9aa6804d8b3e919946568324857f8e02322c85
PRV-000573,SIG-TN-00573,POLICE_LEDGER,2025-08-13 14:27:57,PII_REDACTED_AND_NORMALIZED,VERIFIED_INTEGRITY,94543024ccb5c777653e0071c8c0ccf3ff60d2fa492fd21593e96066791ce302
PRV-000574,SIG-TN-00574,POLICE_LEDGER,2025-08-29 05:48:54,PII_REDACTED_AND_NORMALIZED,VERIFIED_INTEGRITY,4c5420fe52b8525dd8ec6b9a43b70ac02457264ff876cd479022ecfe6d7c9035
PRV-000575,SIG-TN-00575,HEALTH_STAT,2026-05-14 01:00:37,PII_REDACTED_AND_NORMALIZED,VERIFIED_INTEGRITY,dc1190a887518c4f1605cfd1344e15960fe72f7eb4b387ff1fe8f8d4a172da8d
PRV-000576,SIG-TN-00576,CITIZEN_FEED,2024-12-29 08:52:57,PII_REDACTED_AND_NORMALIZED,VERIFIED_INTEGRITY,28369c13ff042dc6fb9b987c7b591193f9796761669caafbd5c5291224773782
PRV-000577,SIG-TN-00577,CHECKPOST_OCR,2025-03-16 03:30:35,PII_REDACTED_AND_NORMALIZED,VERIFIED_INTEGRITY,d6562e163e11628e7c65dc5051fe90afb798025631d631318ec3856e3f909b8b
PRV-000578,SIG-TN-00578,POLICE_LEDGER,2025-02-01 04:54:43,PII_REDACTED_AND_NORMALIZED,VERIFIED_INTEGRITY,c0507d3ae80cb5b11e20858b8d80938d646dbeeeed48523e0b3a9a011ae02435
PRV-000579,SIG-TN-00579,CHECKPOST_OCR,2026-04-17 16:32:42,PII_REDACTED_AND_NORMALIZED,VERIFIED_INTEGRITY,218730997b519d4aef34d1cede16e77ae959986e7668ab8c7b2fbba41cd2e704
PRV-000580,SIG-TN-00580,CITIZEN_FEED,2025-04-03 17:15:27,PII_REDACTED_AND_NORMALIZED,VERIFIED_INTEGRITY,142900681929689ce9a8358e40c67289c4219b43c2a9952ff5bc232fb3cac772
PRV-000581,SIG-TN-00581,HEALTH_STAT,2025-10-17 07:25:33,PII_REDACTED_AND_NORMALIZED,VERIFIED_INTEGRITY,aeaf10158881cf76b29b3f7d4c0fd74fdb36b5abb4e64ea5ee296096d59fd70b
PRV-000582,SIG-TN-00582,CHECKPOST_OCR,2025-07-27 08:50:05,PII_REDACTED_AND_NORMALIZED,VERIFIED_INTEGRITY,108d1a4dcb8307e122fe1e63b5249159e2dbae98774337a2dc1f3419caac3640
PRV-000583,SIG-TN-00583,CHECKPOST_OCR,2025-09-08 02:55:18,PII_REDACTED_AND_NORMALIZED,VERIFIED_INTEGRITY,d793533ec7cca0fedd68c3ed4b5a6163bedc8f12e8357c3f6810865bf5d838ce
PRV-000584,SIG-TN-00584,CITIZEN_FEED,2026-03-18 22:23:26,PII_REDACTED_AND_NORMALIZED,VERIFIED_INTEGRITY,e91394b14a6e5bd24024eada42bdca771b5b6d6636c39e34b5bf02adb88fb5a8
PRV-000585,SIG-TN-00585,CHECKPOST_OCR,2026-05-10 13:57:38,PII_REDACTED_AND_NORMALIZED,VERIFIED_INTEGRITY,d611bfee7b2cbf1c34fcfd7d24f57a6a9fb1ebfe16b378daed4b9b8f3834289e
PRV-000586,SIG-TN-00586,CHECKPOST_OCR,2026-04-09 23:13:39,PII_REDACTED_AND_NORMALIZED,VERIFIED_INTEGRITY,ba3f1f53ac9f1b5253fcdccda0731b439f4093ad149a2f0820d57d2e007ac739
PRV-000587,SIG-TN-00587,CITIZEN_FEED,2026-04-23 18:34:41,PII_REDACTED_AND_NORMALIZED,VERIFIED_INTEGRITY,5af3dcdff884441b2e29050314261a6d8b79798d8103c38a9a4d36331c00f2d8
PRV-000588,SIG-TN-00588,HEALTH_STAT,2025-12-20 20:15:51,PII_REDACTED_AND_NORMALIZED,VERIFIED_INTEGRITY,17a69a5d76915f2b1bb793420a35fcdfd475f6719f44a22f093d773a3a030117
PRV-000589,SIG-TN-00589,HEALTH_STAT,2025-04-21 04:08:50,PII_REDACTED_AND_NORMALIZED,VERIFIED_INTEGRITY,2108192f781cd0bc7b142878e4ed3f289b7469f8baf3fca03ae765905662bb1b
PRV-000590,SIG-TN-00590,HEALTH_STAT,2026-02-23 02:00:28,PII_REDACTED_AND_NORMALIZED,VERIFIED_INTEGRITY,002f69e77bd74714352663bc5b4ffa835ac8ca0055e292929e70ee308b1075b8
PRV-000591,SIG-TN-00591,CITIZEN_FEED,2025-11-13 10:16:42,PII_REDACTED_AND_NORMALIZED,VERIFIED_INTEGRITY,8208a678de42ca1dafa82c814e69bfe0969ac9035ed9c95867f6aed7e7528c20
PRV-000592,SIG-TN-00592,CHECKPOST_OCR,2025-10-25 15:42:08,PII_REDACTED_AND_NORMALIZED,VERIFIED_INTEGRITY,11dc8dd425372e608af3cfce8a096cae0e7938e48305858244eb086e86de8c9c
PRV-000593,SIG-TN-00593,CHECKPOST_OCR,2025-02-26 03:32:00,PII_REDACTED_AND_NORMALIZED,VERIFIED_INTEGRITY,2888316d11e02b80197a26250d890307aefd4b8c936238151d471906c89345a3
PRV-000594,SIG-TN-00594,CHECKPOST_OCR,2025-07-06 12:09:33,PII_REDACTED_AND_NORMALIZED,VERIFIED_INTEGRITY,c3e282091e745a5acb98615099a63a9bca1687d10489db7ce5654516342e3ec0
PRV-000595,SIG-TN-00595,CHECKPOST_OCR,2026-03-09 11:08:40,PII_REDACTED_AND_NORMALIZED,VERIFIED_INTEGRITY,fdbd4170c3b1953c4deb83b2877f5a68f927935efa68504f752f32339781278e
PRV-000596,SIG-TN-00596,HEALTH_STAT,2026-01-31 23:48:18,PII_REDACTED_AND_NORMALIZED,VERIFIED_INTEGRITY,a2a6488f972f9ab8fc64a4683f4d0db6cc4f248dc3be68bb73748496b9f29d2e
PRV-000597,SIG-TN-00597,HEALTH_STAT,2025-07-06 00:29:03,PII_REDACTED_AND_NORMALIZED,VERIFIED_INTEGRITY,b75cac49ef8a971651ae1f60dfbc4dbae1e1e7baa6f0442e64cc2c67a90841d6
PRV-000598,SIG-TN-00598,HEALTH_STAT,2025-05-23 05:55:08,PII_REDACTED_AND_NORMALIZED,VERIFIED_INTEGRITY,279d60d4e5dffcc1557c60599e2e39533ccc1b5425caf6124a508cb1c87ff05e
PRV-000599,SIG-TN-00599,CHECKPOST_OCR,2025-01-13 02:24:32,PII_REDACTED_AND_NORMALIZED,VERIFIED_INTEGRITY,f2a036b6667d92a6e15fa1b913ca653180bc330ff92b3c4ae8f863b97a383873
PRV-000600,SIG-TN-00600,POLICE_LEDGER,2026-02-21 17:11:49,PII_REDACTED_AND_NORMALIZED,VERIFIED_INTEGRITY,6fb8e0e01fe184b2aec96ea4b42820b839ceb4806b08ac871238e15c6d589b20
PRV-000601,SIG-TN-00601,CITIZEN_FEED,2026-03-05 00:42:04,PII_REDACTED_AND_NORMALIZED,VERIFIED_INTEGRITY,1e931f3c610a55c6f88becd6e8288b812be28a47d7ae2e3daf5be86fd8d47a61
PRV-000602,SIG-TN-00602,CHECKPOST_OCR,2025-08-31 00:21:16,PII_REDACTED_AND_NORMALIZED,VERIFIED_INTEGRITY,53e3c273c8658d42d89439909c00e0f08a818a3e1d9b21c0fd37834b3ce2feea
PRV-000603,SIG-TN-00603,HEALTH_STAT,2026-03-18 08:40:46,PII_REDACTED_AND_NORMALIZED,VERIFIED_INTEGRITY,3afde2ffadcdbb37288ebe7ab75cf26467eaadae1690053243dd4d888691b73b
PRV-000604,SIG-TN-00604,CHECKPOST_OCR,2025-01-29 20:31:10,PII_REDACTED_AND_NORMALIZED,VERIFIED_INTEGRITY,1694b4cf40db9d2b3cd6c0f214795dd150361f9c2c15ba0c5b5fcf8ee2d3d862
PRV-000605,SIG-TN-00605,CHECKPOST_OCR,2025-04-28 03:37:13,PII_REDACTED_AND_NORMALIZED,VERIFIED_INTEGRITY,f39145af2bbe6b569bc4abf4ecd97bdb2d933e20fa8ac642c86b71d69828048b
PRV-000606,SIG-TN-00606,HEALTH_STAT,2026-06-26 17:55:08,PII_REDACTED_AND_NORMALIZED,VERIFIED_INTEGRITY,18268ac4eec0d62eacd56b780fe04fa2813b87f47cefdc7425575227051589f1
PRV-000607,SIG-TN-00607,CHECKPOST_OCR,2025-11-07 18:39:40,PII_REDACTED_AND_NORMALIZED,VERIFIED_INTEGRITY,6c7dea84cf234500e0bf1689f4f208890e493b40aeaa262defa3a8a5c868dfbd
PRV-000608,SIG-TN-00608,POLICE_LEDGER,2025-02-22 03:15:48,PII_REDACTED_AND_NORMALIZED,VERIFIED_INTEGRITY,8c6f2c404bfb508e8dd82cae12088d732ff3f4ef61c7f8272aa82d457f6f5e9e
PRV-000609,SIG-TN-00609,CHECKPOST_OCR,2026-03-01 01:08:58,PII_REDACTED_AND_NORMALIZED,VERIFIED_INTEGRITY,37def9a5242dd5f96ecc175a014b1247bbfedf5a003e03e6042ce24f0f1bbf1b
PRV-000610,SIG-TN-00610,CITIZEN_FEED,2025-04-13 01:30:52,PII_REDACTED_AND_NORMALIZED,VERIFIED_INTEGRITY,df1dcfd27dcc64f5a78499bf37f51eb8b52de7709d3b886aa64d0bfabda3ba6c
PRV-000611,SIG-TN-00611,CHECKPOST_OCR,2026-04-11 03:53:29,PII_REDACTED_AND_NORMALIZED,VERIFIED_INTEGRITY,bccbc908c3007ffc23ad65292145507698e69b2e476995a875463015511a3f01
PRV-000612,SIG-TN-00612,CHECKPOST_OCR,2026-02-12 16:22:22,PII_REDACTED_AND_NORMALIZED,VERIFIED_INTEGRITY,3f41e532366e0a52791958a168d6cac8ff12c68821feb01143ddae566c0ef82b
PRV-000613,SIG-TN-00613,POLICE_LEDGER,2025-06-11 20:03:46,PII_REDACTED_AND_NORMALIZED,VERIFIED_INTEGRITY,a581fc6c845c45cfa09ae2c5489451b51d8d09f1a9b2456bba922e8cc168b61d
PRV-000614,SIG-TN-00614,CITIZEN_FEED,2025-03-25 17:26:48,PII_REDACTED_AND_NORMALIZED,VERIFIED_INTEGRITY,fa1dcfe4757e778ccc3644a0a539afb020385ff07cec1e06464a3545b9324863
PRV-000615,SIG-TN-00615,CITIZEN_FEED,2025-07-29 17:53:28,PII_REDACTED_AND_NORMALIZED,VERIFIED_INTEGRITY,4dcad4a0c63bfd216ff9efbc7958269bd52d7af9dc3ee606a51252f4bc1d85da
PRV-000616,SIG-TN-00616,CHECKPOST_OCR,2025-09-05 03:25:01,PII_REDACTED_AND_NORMALIZED,VERIFIED_INTEGRITY,9d670a055efbf2b598dcb223a3930ab4b20d8b187ada868c1bb221db9a8b4ae2
PRV-000617,SIG-TN-00617,CHECKPOST_OCR,2024-11-18 20:18:26,PII_REDACTED_AND_NORMALIZED,VERIFIED_INTEGRITY,8d8164d9ff282b72f6f785ce62ff286c6c0cbef45aea3acc35922e0f132fe6e9
PRV-000618,SIG-TN-00618,POLICE_LEDGER,2026-06-23 13:44:01,PII_REDACTED_AND_NORMALIZED,VERIFIED_INTEGRITY,97be7935b11ccb2754155a2e47b96710d63b081c87f9c87bdd2032f639e57265
PRV-000619,SIG-TN-00619,POLICE_LEDGER,2025-09-08 09:57:18,PII_REDACTED_AND_NORMALIZED,VERIFIED_INTEGRITY,caea1ea4813dbbc9212531e2ac5c672d8654eb1f348a73b03eaa2a456a749a5d
PRV-000620,SIG-TN-00620,HEALTH_STAT,2026-07-16 20:16:06,PII_REDACTED_AND_NORMALIZED,VERIFIED_INTEGRITY,88e9a6c1b76b059658560a692f61e0941676c80ac17528d2107e48494b988cf5
PRV-000621,SIG-TN-00621,HEALTH_STAT,2025-11-26 16:33:54,PII_REDACTED_AND_NORMALIZED,VERIFIED_INTEGRITY,8302fb96517cdd26e63c4ad1fd40014192db37a2b310652a30eb013705adc1a8
PRV-000622,SIG-TN-00622,CHECKPOST_OCR,2024-11-25 05:03:08,PII_REDACTED_AND_NORMALIZED,VERIFIED_INTEGRITY,df535720030bee4c432d936a05fc953521cab3b97f13a93d47447973265bf81b
PRV-000623,SIG-TN-00623,POLICE_LEDGER,2026-07-07 04:08:02,PII_REDACTED_AND_NORMALIZED,VERIFIED_INTEGRITY,167db23e39f41b24779a7607f8aa68e9c3a1ee86dc54828314eefbfdaaf12152
PRV-000624,SIG-TN-00624,CHECKPOST_OCR,2025-05-17 05:03:51,PII_REDACTED_AND_NORMALIZED,VERIFIED_INTEGRITY,db60028edc88340bf3aa00cbf7c48315514e7fd4f50225291cefb7b18fbf159e
PRV-000625,SIG-TN-00625,POLICE_LEDGER,2025-07-31 12:04:46,PII_REDACTED_AND_NORMALIZED,VERIFIED_INTEGRITY,ad87d943a08ca041a10e1b75402e61926a66b15432f83274b68027249d2b1846
PRV-000626,SIG-TN-00626,CITIZEN_FEED,2025-05-12 14:13:22,PII_REDACTED_AND_NORMALIZED,VERIFIED_INTEGRITY,c4eb357775501d349ac0bd076b3e701b786e88aee46b6ecd818b7ddf91c33c1f
PRV-000627,SIG-TN-00627,POLICE_LEDGER,2024-11-11 18:21:29,PII_REDACTED_AND_NORMALIZED,VERIFIED_INTEGRITY,f47c89c179524e637c2b40226f469cd1ce358b275ffcf3af5694841716bc19aa
PRV-000628,SIG-TN-00628,CITIZEN_FEED,2026-01-03 05:27:36,PII_REDACTED_AND_NORMALIZED,VERIFIED_INTEGRITY,40948a31d8daa2284ca71ef684c3aa9e43de4d241ab7b994de4155164d10feca
PRV-000629,SIG-TN-00629,POLICE_LEDGER,2025-04-02 08:45:19,PII_REDACTED_AND_NORMALIZED,VERIFIED_INTEGRITY,fe018bcfba663778bc174e4952460626d518af0f553f8982262d51e34632315c
PRV-000630,SIG-TN-00630,CHECKPOST_OCR,2026-01-05 06:16:19,PII_REDACTED_AND_NORMALIZED,VERIFIED_INTEGRITY,1a231aa406a3cd24c978b84bced6d699ba52a8a1da64749b326822c2bdffdca2
PRV-000631,SIG-TN-00631,CHECKPOST_OCR,2025-11-24 12:39:23,PII_REDACTED_AND_NORMALIZED,VERIFIED_INTEGRITY,9452924581d4118daed960f11ef9ebb84a26082c339ba053c10d534996825219
PRV-000632,SIG-TN-00632,HEALTH_STAT,2026-03-14 19:20:39,PII_REDACTED_AND_NORMALIZED,VERIFIED_INTEGRITY,97a656f4686357f76c5066936b510925a49296fde5843ec6ff059090cee2cfc1
PRV-000633,SIG-TN-00633,POLICE_LEDGER,2025-02-21 14:52:43,PII_REDACTED_AND_NORMALIZED,VERIFIED_INTEGRITY,3c97ab3aaab276eae6fc072f6695c1cb024330f14a0dcb9729e5b5b46254bd76
PRV-000634,SIG-TN-00634,CITIZEN_FEED,2025-05-10 09:21:25,PII_REDACTED_AND_NORMALIZED,VERIFIED_INTEGRITY,9075c68567510b0573b0d650e36576b9a949775883fafe6eb59b477436f37bd4
PRV-000635,SIG-TN-00635,CHECKPOST_OCR,2025-09-30 12:15:11,PII_REDACTED_AND_NORMALIZED,VERIFIED_INTEGRITY,987c24b3a8350b619bd54c3f6c83a85ef25a576eed4f6ba0f3a8befa55a07090
PRV-000636,SIG-TN-00636,CITIZEN_FEED,2025-07-20 02:22:12,PII_REDACTED_AND_NORMALIZED,VERIFIED_INTEGRITY,cdd70fab4e83752b78190dedf81c64078c1e18172942b539120e616d1aa98d0d
PRV-000637,SIG-TN-00637,HEALTH_STAT,2024-09-20 18:40:05,PII_REDACTED_AND_NORMALIZED,VERIFIED_INTEGRITY,18a662b2f5517cc863b6d5350a3a3e3d0c8c4d8d8d2619c6f0d8ba79499ae27b
PRV-000638,SIG-TN-00638,POLICE_LEDGER,2026-01-13 15:57:34,PII_REDACTED_AND_NORMALIZED,VERIFIED_INTEGRITY,bafa44d15fd6617bb3c654fd9c8d8aa758cb7888264845fb5dd88d567915d7ef
PRV-000639,SIG-TN-00639,POLICE_LEDGER,2026-04-05 19:19:14,PII_REDACTED_AND_NORMALIZED,VERIFIED_INTEGRITY,24ffd1fb00dd26418e6600e0d3bca1f72496f4d51cc7d9abd2b2229f65146fb3
PRV-000640,SIG-TN-00640,HEALTH_STAT,2026-03-26 15:31:53,PII_REDACTED_AND_NORMALIZED,VERIFIED_INTEGRITY,8588510178fd6b5914b0f27586c9e5fde30c29c8417dc2479029831ad7a94a7b
PRV-000641,SIG-TN-00641,POLICE_LEDGER,2025-02-03 04:19:11,PII_REDACTED_AND_NORMALIZED,VERIFIED_INTEGRITY,4c3ecffd5635d53cb34f9fc85675b23c80ec87271a04591af9c94afc6d299988
PRV-000642,SIG-TN-00642,HEALTH_STAT,2024-12-22 16:27:17,PII_REDACTED_AND_NORMALIZED,VERIFIED_INTEGRITY,c31ee9b8aea822540578ae1ed739ee14b3051eff89942479715daafbb2af12a5
PRV-000643,SIG-TN-00643,HEALTH_STAT,2025-02-09 11:04:39,PII_REDACTED_AND_NORMALIZED,VERIFIED_INTEGRITY,af58596066426ab1d23fb8a2b260ca58f81310911f492ccd67479f125ad73da2
PRV-000644,SIG-TN-00644,HEALTH_STAT,2025-08-14 15:50:08,PII_REDACTED_AND_NORMALIZED,VERIFIED_INTEGRITY,bd1a525d39839101b66ce6dd41e1d120ca33551cb6fe912df188f54700ddba20
PRV-000645,SIG-TN-00645,CITIZEN_FEED,2026-06-20 12:38:09,PII_REDACTED_AND_NORMALIZED,VERIFIED_INTEGRITY,f613eb566c24bfff94f3870e41614988546717d02956c2cefd61a5229f8ad84d
PRV-000646,SIG-TN-00646,HEALTH_STAT,2025-06-05 10:16:48,PII_REDACTED_AND_NORMALIZED,VERIFIED_INTEGRITY,9ca5a926899fa3a00c1d6355c25a53ef3da204a3487bae4923e5642dbbcf549c
PRV-000647,SIG-TN-00647,POLICE_LEDGER,2025-11-15 10:34:20,PII_REDACTED_AND_NORMALIZED,VERIFIED_INTEGRITY,ef6082241c586a2ad38b6e66dd51e4e1595255f38023da86b1854890bf05949c
PRV-000648,SIG-TN-00648,POLICE_LEDGER,2024-12-03 06:09:16,PII_REDACTED_AND_NORMALIZED,VERIFIED_INTEGRITY,55daa1babe49266da928941dada50d00500cefdf9f42e0ceb2d2f90bf13f9e5d
PRV-000649,SIG-TN-00649,CITIZEN_FEED,2025-02-12 05:00:11,PII_REDACTED_AND_NORMALIZED,VERIFIED_INTEGRITY,6f4ca1d2aca199b0a111ff6fd574f26acbf503aeaf0105226e7246f4100b2d2f
PRV-000650,SIG-TN-00650,CHECKPOST_OCR,2025-09-19 00:56:06,PII_REDACTED_AND_NORMALIZED,VERIFIED_INTEGRITY,8fa0c8184a287e1c12f88589aa74147f3633ac4823fcc7deaf8e58b3b51ef9c1
PRV-000651,SIG-TN-00651,CITIZEN_FEED,2025-08-13 21:07:29,PII_REDACTED_AND_NORMALIZED,VERIFIED_INTEGRITY,25d1fdbd7de50fe0ef5a8af8cdda6f88462a5212ef52e80b50b9b12ab49bd932
PRV-000652,SIG-TN-00652,CHECKPOST_OCR,2025-09-24 20:11:43,PII_REDACTED_AND_NORMALIZED,VERIFIED_INTEGRITY,abcd09b62713281103d455f8bfcac34ed1d54a73fb580a347364ff9b40a9f4b5
PRV-000653,SIG-TN-00653,CHECKPOST_OCR,2024-10-22 15:58:23,PII_REDACTED_AND_NORMALIZED,VERIFIED_INTEGRITY,533375e3797987a58e3bd7f0cef3d5040ac3142811429f22e3671529f982bb70
PRV-000654,SIG-TN-00654,HEALTH_STAT,2024-12-16 14:46:54,PII_REDACTED_AND_NORMALIZED,VERIFIED_INTEGRITY,457b392cf443e8e300ac442987f727cf2048f7af9c402bfadc5c15b66ee20ffa
PRV-000655,SIG-TN-00655,HEALTH_STAT,2025-12-05 11:56:56,PII_REDACTED_AND_NORMALIZED,VERIFIED_INTEGRITY,8db46a140eee3df6dafefe67698a89e55867557d8daa08aebaaa9347a8223c6b
PRV-000656,SIG-TN-00656,POLICE_LEDGER,2026-08-16 17:39:27,PII_REDACTED_AND_NORMALIZED,VERIFIED_INTEGRITY,ea1cf1d961b3d309282c7de101997fa4b35ecbaf4bfbe370d408d5ae972bd993
PRV-000657,SIG-TN-00657,HEALTH_STAT,2026-02-19 00:58:10,PII_REDACTED_AND_NORMALIZED,VERIFIED_INTEGRITY,62f90c3e080378bf1ddf0ca737a1a24ef70cc1fbf960ab8002557a2fccc34528
PRV-000658,SIG-TN-00658,CITIZEN_FEED,2025-02-10 15:27:38,PII_REDACTED_AND_NORMALIZED,VERIFIED_INTEGRITY,6bcd2c90830692824e0315be4f046bf1ebd5838d911a1be470ee37449e9838a0
PRV-000659,SIG-TN-00659,CHECKPOST_OCR,2025-10-12 04:10:54,PII_REDACTED_AND_NORMALIZED,VERIFIED_INTEGRITY,db8e1e8f2813f872bf907d469a8a3edb79376b220e639cfabbef89c677ebc66d
PRV-000660,SIG-TN-00660,CITIZEN_FEED,2026-05-18 22:17:02,PII_REDACTED_AND_NORMALIZED,VERIFIED_INTEGRITY,fe016d41982419dfd3be1561ccd37bcbbe20fac94a587a6c009ce8a0f8d30f26
PRV-000661,SIG-TN-00661,CITIZEN_FEED,2026-02-07 09:47:49,PII_REDACTED_AND_NORMALIZED,VERIFIED_INTEGRITY,c20c411b98804762dc4f53d191e551d744a7b2e57de528f389bab5056d939a20
PRV-000662,SIG-TN-00662,HEALTH_STAT,2026-08-09 16:41:06,PII_REDACTED_AND_NORMALIZED,VERIFIED_INTEGRITY,4c74f385acae5eb6b666b485f42b84fb4d7069131027e9284ffe68e47fc351f4
PRV-000663,SIG-TN-00663,CHECKPOST_OCR,2025-12-27 18:14:51,PII_REDACTED_AND_NORMALIZED,VERIFIED_INTEGRITY,32543a10f25e0caf44380c12ac61209c2f96489ee71062091ca369ec8c544835
PRV-000664,SIG-TN-00664,CITIZEN_FEED,2025-02-08 19:08:32,PII_REDACTED_AND_NORMALIZED,VERIFIED_INTEGRITY,59ac934e52ba32d8d2849e5c73793e134b1d5f7adc554953e8652edb882349f0
PRV-000665,SIG-TN-00665,CITIZEN_FEED,2025-10-08 12:53:39,PII_REDACTED_AND_NORMALIZED,VERIFIED_INTEGRITY,3670c8a0fcdeaf5e9dd917390e598499c1801f4cf744c7887c93aadd5ee9f402
PRV-000666,SIG-TN-00666,POLICE_LEDGER,2025-06-08 00:17:19,PII_REDACTED_AND_NORMALIZED,VERIFIED_INTEGRITY,d092cd8bc480871e713bcd53f7faec95c76c7c60f70275749606cf01d93bad84
PRV-000667,SIG-TN-00667,CHECKPOST_OCR,2026-05-17 02:00:24,PII_REDACTED_AND_NORMALIZED,VERIFIED_INTEGRITY,3f04c4599486dc5c36aeac5fe9c087fb46767420119ceeb3da934606acbd3908
PRV-000668,SIG-TN-00668,POLICE_LEDGER,2025-02-07 07:29:04,PII_REDACTED_AND_NORMALIZED,VERIFIED_INTEGRITY,98066fea2062451f4005cd38baac5eeb612d39bb55ad517f95f45493419d3ff0
PRV-000669,SIG-TN-00669,HEALTH_STAT,2025-02-13 08:21:10,PII_REDACTED_AND_NORMALIZED,VERIFIED_INTEGRITY,cefccedebef389f99eb1399d0b5e91b2ef891fecc869bf22a8ffee6bb773c89a
PRV-000670,SIG-TN-00670,CITIZEN_FEED,2025-05-19 22:04:18,PII_REDACTED_AND_NORMALIZED,VERIFIED_INTEGRITY,ebe4382630ee3176374c686275f296b77ff948c45efbdbb13fc9b04d8c32c381
PRV-000671,SIG-TN-00671,HEALTH_STAT,2026-07-10 10:12:51,PII_REDACTED_AND_NORMALIZED,VERIFIED_INTEGRITY,a6d28c9afd2b3f548ca44eec2a9b4046b5cdeac50df23910d84ad38801e3b697
PRV-000672,SIG-TN-00672,CHECKPOST_OCR,2025-06-29 06:23:34,PII_REDACTED_AND_NORMALIZED,VERIFIED_INTEGRITY,3fe0fb7eade35f2fd4bddc17fca2ad1f2e5c00b876a5083e5d9e1192250c098e
PRV-000673,SIG-TN-00673,HEALTH_STAT,2025-02-26 15:18:09,PII_REDACTED_AND_NORMALIZED,VERIFIED_INTEGRITY,f826ab3b76ce49a000fb8f7c2c81466c2826a47365080ea95bf314a6df1c115f
PRV-000674,SIG-TN-00674,POLICE_LEDGER,2024-12-11 22:08:54,PII_REDACTED_AND_NORMALIZED,VERIFIED_INTEGRITY,e3adebdd17dd201288671f33448f53171acc2a92155d2c774381542a86b895b3
PRV-000675,SIG-TN-00675,CITIZEN_FEED,2025-03-26 10:50:51,PII_REDACTED_AND_NORMALIZED,VERIFIED_INTEGRITY,88edf71312f6523a0b94c8e7c4f129ff73dd20226408f7100b48cdef71d66aee
PRV-000676,SIG-TN-00676,CITIZEN_FEED,2024-09-30 21:42:58,PII_REDACTED_AND_NORMALIZED,VERIFIED_INTEGRITY,c730d840848590d6f30b54b14708232d8d5294d793ebede8652cb6974076516a
PRV-000677,SIG-TN-00677,CITIZEN_FEED,2025-11-04 15:20:59,PII_REDACTED_AND_NORMALIZED,VERIFIED_INTEGRITY,1e66828e0f384f0e44d98f190d09733add3ea8b2442917fb8126991933cb3b66
PRV-000678,SIG-TN-00678,CHECKPOST_OCR,2025-05-20 09:59:01,PII_REDACTED_AND_NORMALIZED,VERIFIED_INTEGRITY,dd0f54b444102f3f63ce7ed615f8eaffe058ff36f2c22863f1f6b105fea596fa
PRV-000679,SIG-TN-00679,CITIZEN_FEED,2026-01-22 19:58:51,PII_REDACTED_AND_NORMALIZED,VERIFIED_INTEGRITY,b3399e6a48d9458d6d8fec1fe3c10a13eb6c596670f8d1cfa2d21c03d89c6c0c
PRV-000680,SIG-TN-00680,CHECKPOST_OCR,2026-06-25 05:57:46,PII_REDACTED_AND_NORMALIZED,VERIFIED_INTEGRITY,e7f0db165714cccd8fa9799ce78b2f11c5cd9185ce6dd44641297c5697cffb4b
PRV-000681,SIG-TN-00681,HEALTH_STAT,2026-02-27 18:00:08,PII_REDACTED_AND_NORMALIZED,VERIFIED_INTEGRITY,c95bf7b1bce212d0161c86e1dea768c16d6fde8741bace7c21055b65f299b07b
PRV-000682,SIG-TN-00682,CITIZEN_FEED,2026-08-07 21:23:31,PII_REDACTED_AND_NORMALIZED,VERIFIED_INTEGRITY,70c7387b5acfb9fb269f26898521a1594ece879a395b88b0f0e3635e794de102
PRV-000683,SIG-TN-00683,CHECKPOST_OCR,2025-01-13 03:33:26,PII_REDACTED_AND_NORMALIZED,VERIFIED_INTEGRITY,a2b9ed407c227392d553988a5d5196fb11cf94781911b665b3b33ed7da1a58ad
PRV-000684,SIG-TN-00684,CITIZEN_FEED,2026-07-01 14:03:28,PII_REDACTED_AND_NORMALIZED,VERIFIED_INTEGRITY,ffecf022930fd946ce4dfcf4d69e3dfaa59fe29969a8701cbd8da30e65be4cef
PRV-000685,SIG-TN-00685,HEALTH_STAT,2026-02-14 17:48:28,PII_REDACTED_AND_NORMALIZED,VERIFIED_INTEGRITY,66d745c53b7ef66f6ba4b362b50f6d09cee69c2b24273f1f2d37fed8965c1811
PRV-000686,SIG-TN-00686,POLICE_LEDGER,2025-02-19 13:25:26,PII_REDACTED_AND_NORMALIZED,VERIFIED_INTEGRITY,259253ca04635304eb4cc47fa39567fc9613301ad8410638d4bb5d3f52269788
PRV-000687,SIG-TN-00687,CHECKPOST_OCR,2026-07-03 18:48:54,PII_REDACTED_AND_NORMALIZED,VERIFIED_INTEGRITY,ddf23c184feb956d6914ece903abe057ab470e6eecbcb9a3ab7d336f29f111cb
PRV-000688,SIG-TN-00688,CITIZEN_FEED,2025-10-11 21:40:12,PII_REDACTED_AND_NORMALIZED,VERIFIED_INTEGRITY,3df79df642a44ca628ee56f91839c5bd57e30afce671bd21bde18c897a17124c
PRV-000689,SIG-TN-00689,CHECKPOST_OCR,2025-10-11 09:21:05,PII_REDACTED_AND_NORMALIZED,VERIFIED_INTEGRITY,b5051f16c39a9722ed8ec31868782052107873d51aaf0c2c46b7dab0629f76b7
PRV-000690,SIG-TN-00690,POLICE_LEDGER,2024-12-03 17:12:57,PII_REDACTED_AND_NORMALIZED,VERIFIED_INTEGRITY,9bfb2c9100386368c1fe6e5de83a7a39164b9b41605d42043930d143bde9f7a9
PRV-000691,SIG-TN-00691,CITIZEN_FEED,2026-07-20 07:43:52,PII_REDACTED_AND_NORMALIZED,VERIFIED_INTEGRITY,ec5a55d2ecd0fd57cb539597a9cee33b0be2f98dc8ae490fff28ab55e46eb2b4
PRV-000692,SIG-TN-00692,CHECKPOST_OCR,2025-07-22 17:55:07,PII_REDACTED_AND_NORMALIZED,VERIFIED_INTEGRITY,33eacabe26506bdeaab057392b7af4e3ebe49a354f7d64dfc0a5f54843ca7750
PRV-000693,SIG-TN-00693,HEALTH_STAT,2025-05-25 20:41:09,PII_REDACTED_AND_NORMALIZED,VERIFIED_INTEGRITY,770c679ac22e028a65539bce18f665569fd55b6362dabb3dd587214b2ab43862
PRV-000694,SIG-TN-00694,POLICE_LEDGER,2025-12-14 20:04:44,PII_REDACTED_AND_NORMALIZED,VERIFIED_INTEGRITY,3af57a5f0861af3f4e932384c9b438e0075c7b9c263bf81a2a28c68ce3af8e23
PRV-000695,SIG-TN-00695,POLICE_LEDGER,2025-10-11 11:15:54,PII_REDACTED_AND_NORMALIZED,VERIFIED_INTEGRITY,cb7fbed49befb1f4181c48647099643141f156421e64ed7454beef33cb1a5b94
PRV-000696,SIG-TN-00696,POLICE_LEDGER,2025-07-12 05:36:24,PII_REDACTED_AND_NORMALIZED,VERIFIED_INTEGRITY,7f250c0c51222c812415490d9bdf951ffbf9d5df2686cc3a53d3803cafd793d2
PRV-000697,SIG-TN-00697,CHECKPOST_OCR,2025-07-05 08:22:47,PII_REDACTED_AND_NORMALIZED,VERIFIED_INTEGRITY,ee1aef05f5c2f6ea3ffc1e3649d9feca557f0e1945a66ff459bec23fe7abfbb4
PRV-000698,SIG-TN-00698,POLICE_LEDGER,2026-03-26 15:30:45,PII_REDACTED_AND_NORMALIZED,VERIFIED_INTEGRITY,8938fc0100d629194c0062ad27ca29fd26c4b1f256206f9ff22497f2c4753981
PRV-000699,SIG-TN-00699,HEALTH_STAT,2025-01-03 03:59:02,PII_REDACTED_AND_NORMALIZED,VERIFIED_INTEGRITY,60c5fe2172cdf8a609aec1314756b29ac8c251bae4f7051a2a3d0eb10b9dbc92
PRV-000700,SIG-TN-00700,CHECKPOST_OCR,2025-10-30 17:52:00,PII_REDACTED_AND_NORMALIZED,VERIFIED_INTEGRITY,152d8d7357aab893518b1874bab9034f32fe80cffa04994b990ea03607c37efd
PRV-000701,SIG-TN-00701,CITIZEN_FEED,2025-02-22 05:18:07,PII_REDACTED_AND_NORMALIZED,VERIFIED_INTEGRITY,ceaa80e94a358417c266078a2500dce07c4da6aeca2e13e622ffd4ec9c51c606
PRV-000702,SIG-TN-00702,HEALTH_STAT,2024-11-14 15:18:02,PII_REDACTED_AND_NORMALIZED,VERIFIED_INTEGRITY,f0231bbefbd404b4785942d2291f8af8afa373a0a5f5b26fc426862a02c463c7
PRV-000703,SIG-TN-00703,CITIZEN_FEED,2025-02-09 08:00:57,PII_REDACTED_AND_NORMALIZED,VERIFIED_INTEGRITY,de40577b7587bc67c06ee345ea8d89d4d136c068ceb5318187d048c0bdb2e26f
PRV-000704,SIG-TN-00704,CHECKPOST_OCR,2025-11-27 00:10:04,PII_REDACTED_AND_NORMALIZED,VERIFIED_INTEGRITY,e22fdd9c066f6b6a54f51920f779e31f830b2588c4cb572e51104601a39f171f
PRV-000705,SIG-TN-00705,CHECKPOST_OCR,2026-01-13 21:29:19,PII_REDACTED_AND_NORMALIZED,VERIFIED_INTEGRITY,25bdb9476a0f764c27be3d308b0eef791ae0795fa049e5ba9622d137c017d72d
PRV-000706,SIG-TN-00706,CHECKPOST_OCR,2025-04-13 10:11:28,PII_REDACTED_AND_NORMALIZED,VERIFIED_INTEGRITY,36167fa59f171f42c653bfbb997ed7592ac19ad5095ec8c493358d1887ab4a95
PRV-000707,SIG-TN-00707,CHECKPOST_OCR,2026-03-28 05:55:38,PII_REDACTED_AND_NORMALIZED,VERIFIED_INTEGRITY,19f07fef44b7d705464365fb76e99a080cb8c02728ac961a413dba2654c5f3d9
PRV-000708,SIG-TN-00708,CHECKPOST_OCR,2025-07-03 12:54:46,PII_REDACTED_AND_NORMALIZED,VERIFIED_INTEGRITY,3ddbfdbbeda6abb05480221d2a2c72ee33bff43d0cd7b4f50add0adcc70c09d7
PRV-000709,SIG-TN-00709,POLICE_LEDGER,2025-09-30 23:48:47,PII_REDACTED_AND_NORMALIZED,VERIFIED_INTEGRITY,c81f4e05aeed845bf8cf14729987b05a8afc66ad7f1375bcc5e650936618871e
PRV-000710,SIG-TN-00710,HEALTH_STAT,2025-10-16 15:10:59,PII_REDACTED_AND_NORMALIZED,VERIFIED_INTEGRITY,1b0f7edd6f4d7f37c6c58ce46256ec5594edd1b6a3fc9391f2ac86b07d7de98b
PRV-000711,SIG-TN-00711,POLICE_LEDGER,2024-09-28 12:24:13,PII_REDACTED_AND_NORMALIZED,VERIFIED_INTEGRITY,c93cf211184bdb0875d356954514b1ae9a37c137f174bde7a7852a40e79ebf4a
PRV-000712,SIG-TN-00712,CITIZEN_FEED,2025-09-26 13:38:07,PII_REDACTED_AND_NORMALIZED,VERIFIED_INTEGRITY,2623b0ec93026f3bc97f94ab7f0725ea3df6b856d5cc69f92818c568253fda75
PRV-000713,SIG-TN-00713,CITIZEN_FEED,2024-10-27 02:15:33,PII_REDACTED_AND_NORMALIZED,VERIFIED_INTEGRITY,80295b195fd45bb7310da542ecc0216d4bf3f829d0fd7539b7c74cc6c0bba88e
PRV-000714,SIG-TN-00714,HEALTH_STAT,2025-06-25 07:11:02,PII_REDACTED_AND_NORMALIZED,VERIFIED_INTEGRITY,2a71eed20f278f74f1fe4d9cb18485cccaf3e9b6d58b936ef973209437b953ed
PRV-000715,SIG-TN-00715,POLICE_LEDGER,2024-10-03 20:39:24,PII_REDACTED_AND_NORMALIZED,VERIFIED_INTEGRITY,b41a54144b2e07ef39bb6f2a60740d59bcc0af4bd0ce3c5bc6e7c915850c5433
PRV-000716,SIG-TN-00716,CHECKPOST_OCR,2025-02-27 11:17:19,PII_REDACTED_AND_NORMALIZED,VERIFIED_INTEGRITY,25fb1b52e7b9d76b201a0b52b575fa644dbac71abab00769c0e95133ce1cff3a
PRV-000717,SIG-TN-00717,HEALTH_STAT,2025-03-19 09:10:17,PII_REDACTED_AND_NORMALIZED,VERIFIED_INTEGRITY,98431bb8a3a68aa18d627dc35a850ff3503b6a90fe95bc193841debdb790a6e9
PRV-000718,SIG-TN-00718,CITIZEN_FEED,2026-03-27 07:30:38,PII_REDACTED_AND_NORMALIZED,VERIFIED_INTEGRITY,b8f9fffb4eb2ecc1b15b817dcd10934bbcecb1fd9cca28447302d8cc84cdf9b6
PRV-000719,SIG-TN-00719,HEALTH_STAT,2026-07-02 22:16:49,PII_REDACTED_AND_NORMALIZED,VERIFIED_INTEGRITY,cecf33c46f61d508958956a5eb779d8ee17a9eb8b3ee8e8fee5e1603788a7d18
PRV-000720,SIG-TN-00720,CITIZEN_FEED,2025-08-02 00:12:25,PII_REDACTED_AND_NORMALIZED,VERIFIED_INTEGRITY,3864da970035ec199998bb57e413a5c4df15bad934ee82db9526c59a448d2a16
PRV-000721,SIG-TN-00721,POLICE_LEDGER,2024-12-14 02:15:05,PII_REDACTED_AND_NORMALIZED,VERIFIED_INTEGRITY,74616aa7e564ed7e231300cd4f6ab463f3896d6548664742f6ff0ca336932c84
PRV-000722,SIG-TN-00722,POLICE_LEDGER,2025-03-29 15:27:45,PII_REDACTED_AND_NORMALIZED,VERIFIED_INTEGRITY,0e2ab0769fc399e6ec4ab5309d52572d7798da28519ab22d2620fc6d1c689f7d
PRV-000723,SIG-TN-00723,HEALTH_STAT,2025-07-03 08:41:45,PII_REDACTED_AND_NORMALIZED,VERIFIED_INTEGRITY,58f8b8faff54c4227cdf6b9925330e3bdcb4771de44db758002cff974c0ed572
PRV-000724,SIG-TN-00724,CHECKPOST_OCR,2026-06-06 03:46:18,PII_REDACTED_AND_NORMALIZED,VERIFIED_INTEGRITY,ec5d4b5836ff2a612d6f42f79f0461c5b2b375df42746793ae277b8837f57dd3
PRV-000725,SIG-TN-00725,POLICE_LEDGER,2025-08-02 01:24:09,PII_REDACTED_AND_NORMALIZED,VERIFIED_INTEGRITY,a6ce23e85721b6f5c38ead1e70261cdd1c9e54506f46589cd001466b3c1dee76
PRV-000726,SIG-TN-00726,CHECKPOST_OCR,2025-08-12 18:31:48,PII_REDACTED_AND_NORMALIZED,VERIFIED_INTEGRITY,8ae2a2c3fc487dc4aba1ae4883964a3240899668c25bd527a9b70e1c0bff38a0
PRV-000727,SIG-TN-00727,HEALTH_STAT,2025-10-14 17:03:23,PII_REDACTED_AND_NORMALIZED,VERIFIED_INTEGRITY,c5eed636d87a781a828113df948ef689eb2d9dd55b14010e347a4cbc6d03898c
PRV-000728,SIG-TN-00728,CITIZEN_FEED,2025-09-13 17:14:40,PII_REDACTED_AND_NORMALIZED,VERIFIED_INTEGRITY,da50d2f7d93615ba10530494109028707c652c726e9bac14684c36ed9d35f9cf
PRV-000729,SIG-TN-00729,CITIZEN_FEED,2025-10-28 01:27:05,PII_REDACTED_AND_NORMALIZED,VERIFIED_INTEGRITY,f6f9e235bed487ab279cbd0cee5c59885b150288048f9abd966d65fef562f157
PRV-000730,SIG-TN-00730,POLICE_LEDGER,2024-11-22 22:05:07,PII_REDACTED_AND_NORMALIZED,VERIFIED_INTEGRITY,006ec4bbc1052a7bd0c157a22c904bd63a0457053d8c70745700f6946715e2e5
PRV-000731,SIG-TN-00731,POLICE_LEDGER,2026-05-08 11:09:44,PII_REDACTED_AND_NORMALIZED,VERIFIED_INTEGRITY,85dff217fbe5888d50d11ca81cfffd41a7eacad9a5efb42a545c8b4f3264d7a1
PRV-000732,SIG-TN-00732,CHECKPOST_OCR,2025-08-12 15:08:02,PII_REDACTED_AND_NORMALIZED,VERIFIED_INTEGRITY,f3208fa6b7809b09b59c7f8a698f38603da3ed63cd5dbc10ff9756ae073854d2
PRV-000733,SIG-TN-00733,POLICE_LEDGER,2025-03-17 12:15:36,PII_REDACTED_AND_NORMALIZED,VERIFIED_INTEGRITY,41f9dc5666deb676109273b5ccfb101dfd048e0e93459af34f1de9989ca7e75e
PRV-000734,SIG-TN-00734,CHECKPOST_OCR,2024-10-23 23:24:45,PII_REDACTED_AND_NORMALIZED,VERIFIED_INTEGRITY,acbc37cf03fe8a125fa4fcf8f267cf8404bb9d8d573483ccf9504db64e3d0a4c
PRV-000735,SIG-TN-00735,HEALTH_STAT,2025-11-13 17:49:36,PII_REDACTED_AND_NORMALIZED,VERIFIED_INTEGRITY,4734fe1b84da87ed8e1b57d6ae6d688059fbd296512235cd9369621ad7aee359
PRV-000736,SIG-TN-00736,CHECKPOST_OCR,2025-04-07 10:34:59,PII_REDACTED_AND_NORMALIZED,VERIFIED_INTEGRITY,5e7c9b1717f09cc4fb9ff41a189223b38590b2a9187ca431d57c7efc5bc550eb
PRV-000737,SIG-TN-00737,HEALTH_STAT,2026-04-05 14:49:45,PII_REDACTED_AND_NORMALIZED,VERIFIED_INTEGRITY,55c2286bcb64c4eb9f6ecece4f647bcd97906f0b5e8930202d0ce89261fc86f1
PRV-000738,SIG-TN-00738,CHECKPOST_OCR,2024-11-08 16:34:50,PII_REDACTED_AND_NORMALIZED,VERIFIED_INTEGRITY,b418251d390781d4a0f7e619b1a8b5cecea7513653c43bf7fb96b0b113ba41da
PRV-000739,SIG-TN-00739,CITIZEN_FEED,2025-03-15 20:02:31,PII_REDACTED_AND_NORMALIZED,VERIFIED_INTEGRITY,ab8c915632b917e8d998f120c4e9e62209003a41fafc5ce9a8b90b7735082de0
PRV-000740,SIG-TN-00740,HEALTH_STAT,2025-04-11 22:05:54,PII_REDACTED_AND_NORMALIZED,VERIFIED_INTEGRITY,7de5a190354d131af8ede6760f7a94e001b668e095fe1a61bb36f703e33e19a7
PRV-000741,SIG-TN-00741,CHECKPOST_OCR,2025-12-31 01:09:27,PII_REDACTED_AND_NORMALIZED,VERIFIED_INTEGRITY,4451602c16c5daab57f17dad3f2889ff3727314c0eae2fdf168c2f78077014f0
PRV-000742,SIG-TN-00742,POLICE_LEDGER,2025-03-18 02:29:58,PII_REDACTED_AND_NORMALIZED,VERIFIED_INTEGRITY,dd459ee249c762e15ac49140b9d30ee84192b64794a7818b92635d51508cb801
PRV-000743,SIG-TN-00743,POLICE_LEDGER,2025-11-21 21:30:40,PII_REDACTED_AND_NORMALIZED,VERIFIED_INTEGRITY,9a1f77cef7ec1d8e08d07860b1cbb1a17897e48cd1af7a9f871b08777ae2d943
PRV-000744,SIG-TN-00744,CHECKPOST_OCR,2024-10-17 16:13:45,PII_REDACTED_AND_NORMALIZED,VERIFIED_INTEGRITY,fbb908dc387d91d5c5c752e9c4b3b388888b8bf351d4b113f6c6f209269cc7e3
PRV-000745,SIG-TN-00745,POLICE_LEDGER,2025-08-16 10:43:12,PII_REDACTED_AND_NORMALIZED,VERIFIED_INTEGRITY,134b373dd3cfa68e13a856518959d49a30494a77bc553a6592db8744c8d6485f
PRV-000746,SIG-TN-00746,CHECKPOST_OCR,2024-11-01 15:05:40,PII_REDACTED_AND_NORMALIZED,VERIFIED_INTEGRITY,4a55f0f84aa3f95e2740ee1939b473241b9c9a4d80f7991d57027023b9877e19
PRV-000747,SIG-TN-00747,CITIZEN_FEED,2025-06-22 16:49:56,PII_REDACTED_AND_NORMALIZED,VERIFIED_INTEGRITY,c37da5250a4a115d3c7dc4edd4076ef527d0540deb4d7f1ed07dc49c61cae7a9
PRV-000748,SIG-TN-00748,CHECKPOST_OCR,2025-11-24 11:06:13,PII_REDACTED_AND_NORMALIZED,VERIFIED_INTEGRITY,123d30b8b22da35db03a2062ab1dd927b86f787c231d3e7cf43d4204f1a7f27f
PRV-000749,SIG-TN-00749,HEALTH_STAT,2025-03-13 15:08:47,PII_REDACTED_AND_NORMALIZED,VERIFIED_INTEGRITY,4903ea00cbecd9a8c126c1859c090a067d191c485a63949073ad27ddf32310b0
PRV-000750,SIG-TN-00750,HEALTH_STAT,2025-08-19 19:24:17,PII_REDACTED_AND_NORMALIZED,VERIFIED_INTEGRITY,a9a1b41ef6216ff8edad52883bbfabf2b308e89a8c68c5816e665a9a2bf853e8
PRV-000751,SIG-TN-00751,CHECKPOST_OCR,2025-05-11 06:45:45,PII_REDACTED_AND_NORMALIZED,VERIFIED_INTEGRITY,f41e32ce8c409c3989e2ad528fda71f1a6f11b1310573bcf3f4d816d01eebf71
PRV-000752,SIG-TN-00752,HEALTH_STAT,2024-11-19 09:17:18,PII_REDACTED_AND_NORMALIZED,VERIFIED_INTEGRITY,76cfb8c302031db827361844988fa3891eed3607715edc32b65ccb2d955ace2b
PRV-000753,SIG-TN-00753,CITIZEN_FEED,2024-11-17 05:11:48,PII_REDACTED_AND_NORMALIZED,VERIFIED_INTEGRITY,c7014c29b8bb2780695ff07a2547166cfcd38c630af2878d4129b9295cb9d412
PRV-000754,SIG-TN-00754,CITIZEN_FEED,2025-01-19 09:46:24,PII_REDACTED_AND_NORMALIZED,VERIFIED_INTEGRITY,946db542b56565099fce7ce29a6fc19b09b4ee8b9eae5d9f503e54581ce645ab
PRV-000755,SIG-TN-00755,POLICE_LEDGER,2026-04-15 21:24:09,PII_REDACTED_AND_NORMALIZED,VERIFIED_INTEGRITY,990c516646b606b948726ea9c22a6adc1f68d4289d72e5261f7a40ef31e147ed
PRV-000756,SIG-TN-00756,CHECKPOST_OCR,2026-08-01 21:48:27,PII_REDACTED_AND_NORMALIZED,VERIFIED_INTEGRITY,3c219fc03b78f9ad9946a50e80ab9cf506f7776ac5a9006e27087e80f744901b
PRV-000757,SIG-TN-00757,CITIZEN_FEED,2025-03-06 09:48:11,PII_REDACTED_AND_NORMALIZED,VERIFIED_INTEGRITY,7adb835e266d4694018afbb6df7888997d5825e8d35bd7b7d63a34a4b1ce1dd6
PRV-000758,SIG-TN-00758,CHECKPOST_OCR,2025-05-30 02:17:49,PII_REDACTED_AND_NORMALIZED,VERIFIED_INTEGRITY,6e0d4a3786919785762ca4e27a70dd590f96b8e2a02c70fa8c4fe56141640340
PRV-000759,SIG-TN-00759,HEALTH_STAT,2025-04-13 19:56:07,PII_REDACTED_AND_NORMALIZED,VERIFIED_INTEGRITY,8830f9b20376389c1f2697ae57c1d3738f1eb64e6428cef102175423ad00fc18
PRV-000760,SIG-TN-00760,CHECKPOST_OCR,2025-05-14 16:48:11,PII_REDACTED_AND_NORMALIZED,VERIFIED_INTEGRITY,6313d8fc8f596786e8731cc9c40b9f2e4753074f509e77a2236079fda2dd14e2
PRV-000761,SIG-TN-00761,CHECKPOST_OCR,2026-08-15 17:53:22,PII_REDACTED_AND_NORMALIZED,VERIFIED_INTEGRITY,82fa298bb29a1ce37bc22e60156a8980f1dbfc8a345f89fbd7ff2514b89cedb1
PRV-000762,SIG-TN-00762,CHECKPOST_OCR,2025-03-23 01:06:56,PII_REDACTED_AND_NORMALIZED,VERIFIED_INTEGRITY,239e1416e9c4ebfe4da7fc78f99abf5905e8bd38d494d32bf7d32b3aca9ce707
PRV-000763,SIG-TN-00763,POLICE_LEDGER,2026-04-18 14:06:00,PII_REDACTED_AND_NORMALIZED,VERIFIED_INTEGRITY,f370872b42038e88f18c240fe479a531661abb637e614d70077f3ac456efb6c0
PRV-000764,SIG-TN-00764,CITIZEN_FEED,2024-11-08 08:02:51,PII_REDACTED_AND_NORMALIZED,VERIFIED_INTEGRITY,9503f0b740bd9e60ef17fe2e81f577b7e01e397d89beafbddd39e0665627b7ef
PRV-000765,SIG-TN-00765,POLICE_LEDGER,2025-11-30 18:43:07,PII_REDACTED_AND_NORMALIZED,VERIFIED_INTEGRITY,d025299a7cf04869a71fd52bad08e850a06fff3cbe85c3fecd470e46c23a32f2
PRV-000766,SIG-TN-00766,HEALTH_STAT,2025-09-18 10:27:52,PII_REDACTED_AND_NORMALIZED,VERIFIED_INTEGRITY,2ac13bbd38d22ded780c8642dcec54997ba0f1f8f497a7ff838c4799b2f68bb5
PRV-000767,SIG-TN-00767,CHECKPOST_OCR,2024-10-29 07:28:40,PII_REDACTED_AND_NORMALIZED,VERIFIED_INTEGRITY,08f104c6f8ca35e0600330d3364b93c125ce79ee00293a4358285eb36b5ae766
PRV-000768,SIG-TN-00768,CHECKPOST_OCR,2024-12-31 12:26:04,PII_REDACTED_AND_NORMALIZED,VERIFIED_INTEGRITY,a8392ac8b57d846c317201204771bbafef4dba7004c09190ee557f7445a06b5f
PRV-000769,SIG-TN-00769,HEALTH_STAT,2024-12-24 05:55:38,PII_REDACTED_AND_NORMALIZED,VERIFIED_INTEGRITY,308c45a9ca9fbb0c42477fc1f264b25118274dfcd99dd6a6c702a755316741ca
PRV-000770,SIG-TN-00770,POLICE_LEDGER,2025-03-21 23:40:39,PII_REDACTED_AND_NORMALIZED,VERIFIED_INTEGRITY,428ee9d9ee4c6d94ebd69123336b989db05e8b0e44aa0e796663d36099f59d8d
PRV-000771,SIG-TN-00771,CHECKPOST_OCR,2026-02-15 06:07:15,PII_REDACTED_AND_NORMALIZED,VERIFIED_INTEGRITY,cf8516b69b169c2362fff503d3b629026981be015760682ffec6f7f278fa476b
PRV-000772,SIG-TN-00772,CHECKPOST_OCR,2026-06-08 08:42:52,PII_REDACTED_AND_NORMALIZED,VERIFIED_INTEGRITY,e0940d401ee37e62c6db1717fc2a6fda4c55b0c90b8fdf8d038f89dfa7813d93
PRV-000773,SIG-TN-00773,HEALTH_STAT,2025-04-14 16:16:31,PII_REDACTED_AND_NORMALIZED,VERIFIED_INTEGRITY,e4b4f0a9e4a36fb57927f7ff0fbab17d4ef15b215919f2459e04ce8f2c62dbff
PRV-000774,SIG-TN-00774,HEALTH_STAT,2025-03-01 08:11:11,PII_REDACTED_AND_NORMALIZED,VERIFIED_INTEGRITY,eb23d47f5333a578589da773c8112f55819e1f428859aeb103a34cf1923e755c
PRV-000775,SIG-TN-00775,CITIZEN_FEED,2025-08-11 12:34:00,PII_REDACTED_AND_NORMALIZED,VERIFIED_INTEGRITY,210932a0520ef8bcf2ced66d23d501bbe4d2f711116ff952e414e28ed221ef0a
PRV-000776,SIG-TN-00776,CITIZEN_FEED,2026-01-21 06:10:31,PII_REDACTED_AND_NORMALIZED,VERIFIED_INTEGRITY,3045fedcf53b2d731bf27d3d9c08b3d64f362eab9937b69f309acc19d6bdb1c2
PRV-000777,SIG-TN-00777,CHECKPOST_OCR,2025-10-27 20:47:29,PII_REDACTED_AND_NORMALIZED,VERIFIED_INTEGRITY,307e42597d7e97b6f4ae121c6ba700e5230af04e1f9bf756b25b45e936f18776
PRV-000778,SIG-TN-00778,POLICE_LEDGER,2025-10-24 13:55:38,PII_REDACTED_AND_NORMALIZED,VERIFIED_INTEGRITY,3d0bbbb3bfe514945d8fcf0791319f7706fb7869c4844fe353ef59c36068b83b
PRV-000779,SIG-TN-00779,HEALTH_STAT,2025-03-19 06:04:58,PII_REDACTED_AND_NORMALIZED,VERIFIED_INTEGRITY,5c145eff931d6438122f9f3de05020d829dbc9fdf4a83950b133d79afebdb41d
PRV-000780,SIG-TN-00780,HEALTH_STAT,2026-04-07 22:30:17,PII_REDACTED_AND_NORMALIZED,VERIFIED_INTEGRITY,69dfe028939270ea3c5a7ac6b467cb2b6ce1d3d523dabf6e25bc4bea23b8cbbb
PRV-000781,SIG-TN-00781,POLICE_LEDGER,2025-10-06 22:23:43,PII_REDACTED_AND_NORMALIZED,VERIFIED_INTEGRITY,211644fcf6e27c150be8a04f9d1bdcf3730f6e49a633f6a1e31af634c4102fbf
PRV-000782,SIG-TN-00782,POLICE_LEDGER,2025-12-15 22:17:03,PII_REDACTED_AND_NORMALIZED,VERIFIED_INTEGRITY,7f0e85ded59d45df29c309337108acbfa242c2a2cadc2d991b6f0fb962d42e9f
PRV-000783,SIG-TN-00783,HEALTH_STAT,2026-06-17 16:51:16,PII_REDACTED_AND_NORMALIZED,VERIFIED_INTEGRITY,f67a1d1a8acb91c65cfdd8b1c3e55e66ca88d2c48010ce22819a934b268f5945
PRV-000784,SIG-TN-00784,HEALTH_STAT,2025-11-15 20:29:20,PII_REDACTED_AND_NORMALIZED,VERIFIED_INTEGRITY,fc4e9a2ab991a48a190d651a2ab60a124e85bd58ab0424585ab56e294863b6f8
PRV-000785,SIG-TN-00785,CITIZEN_FEED,2025-10-11 15:50:41,PII_REDACTED_AND_NORMALIZED,VERIFIED_INTEGRITY,d23c71118520b3b3be93812be5932dbfa561a28e50065bf147ba1dc2ff65bf1a
PRV-000786,SIG-TN-00786,HEALTH_STAT,2025-10-26 14:22:24,PII_REDACTED_AND_NORMALIZED,VERIFIED_INTEGRITY,a6b8a304200708d237f6d3eb9cc082b785ef23d841aa856949067fe30a67e0ef
PRV-000787,SIG-TN-00787,POLICE_LEDGER,2025-01-21 06:21:23,PII_REDACTED_AND_NORMALIZED,VERIFIED_INTEGRITY,6cb5fcec5cfbb94be1c6b315372d552c572423a022df21f95fcaa330e3a4e2c3
PRV-000788,SIG-TN-00788,HEALTH_STAT,2024-09-22 01:01:13,PII_REDACTED_AND_NORMALIZED,VERIFIED_INTEGRITY,1e271f0c9f3c18e66ae055a25187e4c31b60b7b53f7bd0d30111269d9f2680f5
PRV-000789,SIG-TN-00789,CHECKPOST_OCR,2024-11-01 22:11:55,PII_REDACTED_AND_NORMALIZED,VERIFIED_INTEGRITY,fa858081f294a26c52004ebfda8c3b40878140bbe3b199f56854e1ffcc91cdb3
PRV-000790,SIG-TN-00790,POLICE_LEDGER,2025-06-18 16:51:35,PII_REDACTED_AND_NORMALIZED,VERIFIED_INTEGRITY,05a01acf7506f9774c8313bd458b1956ae375c6947b58dc6d7fd8b6fe2055c34
PRV-000791,SIG-TN-00791,HEALTH_STAT,2024-11-01 05:37:43,PII_REDACTED_AND_NORMALIZED,VERIFIED_INTEGRITY,ad68a197b7956dfdad9817a5d78967afcdd8712ac0ed010586ff118974720371
PRV-000792,SIG-TN-00792,HEALTH_STAT,2026-03-08 09:41:38,PII_REDACTED_AND_NORMALIZED,VERIFIED_INTEGRITY,f63697f48c4ccdeff102b8e3c0d29d6c0d47ae8768d5c478c765aab5a37ac218
PRV-000793,SIG-TN-00793,POLICE_LEDGER,2025-12-08 03:37:29,PII_REDACTED_AND_NORMALIZED,VERIFIED_INTEGRITY,2b51ddb4ab79e4e61c9a720a4c221f47247304591a9cd171ee9d23bf30a7ff6c
PRV-000794,SIG-TN-00794,CITIZEN_FEED,2025-02-06 19:56:28,PII_REDACTED_AND_NORMALIZED,VERIFIED_INTEGRITY,089107a49ec033b2514fa5e0d17c73bddcd365dd9d4195ba7b8ec55c006185a2
PRV-000795,SIG-TN-00795,CHECKPOST_OCR,2026-01-25 16:00:19,PII_REDACTED_AND_NORMALIZED,VERIFIED_INTEGRITY,41981520fe7d8b4a0799d9666a6eb47341d9a1f551b684598c629f78befc772b
PRV-000796,SIG-TN-00796,CITIZEN_FEED,2026-03-07 14:34:21,PII_REDACTED_AND_NORMALIZED,VERIFIED_INTEGRITY,c8879f7cba69ad15233097dd8d03a4412b36344e64353a100e87333beb41b79c
PRV-000797,SIG-TN-00797,CITIZEN_FEED,2026-01-10 06:32:24,PII_REDACTED_AND_NORMALIZED,VERIFIED_INTEGRITY,01204a7f5146f4bb7a2c2e4d6094dfdf970d25c0832ec57aaa3215eb5442d669
PRV-000798,SIG-TN-00798,HEALTH_STAT,2026-02-08 21:43:53,PII_REDACTED_AND_NORMALIZED,VERIFIED_INTEGRITY,e4ced284ebdfc69f3be6dc9d861017a449c287c5584d76604126841ce0b9f135
PRV-000799,SIG-TN-00799,HEALTH_STAT,2026-02-18 02:56:30,PII_REDACTED_AND_NORMALIZED,VERIFIED_INTEGRITY,292e55cbafffa11cc037f7cfbb5daea3effc7909a228c5fbc1b005b37132f220
PRV-000800,SIG-TN-00800,CHECKPOST_OCR,2024-12-23 07:53:53,PII_REDACTED_AND_NORMALIZED,VERIFIED_INTEGRITY,200a5025201eb175bd8ac86cb78290b9b9982fae1b310a85c6794f074e69bbe1
PRV-000801,SIG-TN-00801,CITIZEN_FEED,2024-11-05 21:22:45,PII_REDACTED_AND_NORMALIZED,VERIFIED_INTEGRITY,406fb00dfecdd9ef29a6b2fbbc76b3e79d8c221cdb48574f99355e11359cd25b
PRV-000802,SIG-TN-00802,CHECKPOST_OCR,2024-10-26 07:39:37,PII_REDACTED_AND_NORMALIZED,VERIFIED_INTEGRITY,acb9a28b15307fa215a952beb2612416069b5f9b33248adfbfb134a42f27681e
PRV-000803,SIG-TN-00803,POLICE_LEDGER,2026-04-05 03:54:13,PII_REDACTED_AND_NORMALIZED,VERIFIED_INTEGRITY,dce4f348d594c625329e491facfaaaf5fd654808d2de342884605c84d23c3d71
PRV-000804,SIG-TN-00804,CITIZEN_FEED,2026-05-09 20:35:53,PII_REDACTED_AND_NORMALIZED,VERIFIED_INTEGRITY,2b6d1ee106fc18214cae15d2c817479c302cb3e0397c4067bca0a2c4cf759b44
PRV-000805,SIG-TN-00805,CHECKPOST_OCR,2024-12-19 19:17:26,PII_REDACTED_AND_NORMALIZED,VERIFIED_INTEGRITY,8af66ff15830cb84081527ebe9ecb6ce85f621dc0df7d67c1f77748fc4bf2555
PRV-000806,SIG-TN-00806,CITIZEN_FEED,2024-10-12 20:05:08,PII_REDACTED_AND_NORMALIZED,VERIFIED_INTEGRITY,7aad44cc4db81689998f54ee39ac1b8b2ebbc84eb6abfb661166cfe0f765800c
PRV-000807,SIG-TN-00807,CHECKPOST_OCR,2025-03-09 21:00:12,PII_REDACTED_AND_NORMALIZED,VERIFIED_INTEGRITY,8c8f10909d63ac103860733bcebb30013be60452bc830d9525b92557796addf2
PRV-000808,SIG-TN-00808,POLICE_LEDGER,2026-03-22 11:19:55,PII_REDACTED_AND_NORMALIZED,VERIFIED_INTEGRITY,a8c799bf95c5f3df18e5214707bf4d2030d90b360fff1e5937153dfbc7f63946
PRV-000809,SIG-TN-00809,CITIZEN_FEED,2026-07-31 19:53:13,PII_REDACTED_AND_NORMALIZED,VERIFIED_INTEGRITY,ef740daff9e121f1c9330b2aae57516704a5fa651207d70b72e02fe28da1bac9
PRV-000810,SIG-TN-00810,HEALTH_STAT,2025-07-10 05:22:34,PII_REDACTED_AND_NORMALIZED,VERIFIED_INTEGRITY,c5ecc73c17ad7114fcb69e98d758d016a2a52f458b80ccfe4e56bbcdedc850d2
PRV-000811,SIG-TN-00811,CITIZEN_FEED,2024-12-03 08:04:06,PII_REDACTED_AND_NORMALIZED,VERIFIED_INTEGRITY,cf4aae344305f61befaf82ec53fcf5ae61c48d7c2d9784a978cd05712c4d7794
PRV-000812,SIG-TN-00812,POLICE_LEDGER,2025-07-04 02:15:36,PII_REDACTED_AND_NORMALIZED,VERIFIED_INTEGRITY,2c8c2a471ffb1718b300a89007e5ef79bb3f1a1348931ba0601fe08d7e38a0b3
PRV-000813,SIG-TN-00813,CHECKPOST_OCR,2026-06-12 07:36:19,PII_REDACTED_AND_NORMALIZED,VERIFIED_INTEGRITY,40a988dbfcc383e4627a917d568e01f528b08a4bd8aff5aa58ef7ebcfb0590a7
PRV-000814,SIG-TN-00814,CHECKPOST_OCR,2025-07-17 02:23:59,PII_REDACTED_AND_NORMALIZED,VERIFIED_INTEGRITY,90f141cab6a6de8eee31824b8d3076ab4bb496b15aca64b2ce60b8737e39496b
PRV-000815,SIG-TN-00815,HEALTH_STAT,2025-08-30 13:15:01,PII_REDACTED_AND_NORMALIZED,VERIFIED_INTEGRITY,5fab641dc5d3888f3a2cf3b9083edff2b888c32f3b3170c0d8fca68f41596115
PRV-000816,SIG-TN-00816,POLICE_LEDGER,2025-06-20 13:48:36,PII_REDACTED_AND_NORMALIZED,VERIFIED_INTEGRITY,3fbd15a6b63dab90844d35ef8995716f6585c329cce5252c5cfafc032c952768
PRV-000817,SIG-TN-00817,HEALTH_STAT,2025-08-27 03:32:02,PII_REDACTED_AND_NORMALIZED,VERIFIED_INTEGRITY,542f77d6341ef3d64ede3514d4367fe032394f51b1c0ea8e3fa7586b5534d627
PRV-000818,SIG-TN-00818,CITIZEN_FEED,2024-11-30 23:56:48,PII_REDACTED_AND_NORMALIZED,VERIFIED_INTEGRITY,0993352d87bcea11e4ac547bb5772a32e891bab4cf5e60920941231c359ee77f
PRV-000819,SIG-TN-00819,HEALTH_STAT,2025-04-04 13:18:27,PII_REDACTED_AND_NORMALIZED,VERIFIED_INTEGRITY,04b3a53f1a00a50ac0449d883ae6b617e292ec3386d2476c2793a1c626442d51
PRV-000820,SIG-TN-00820,CITIZEN_FEED,2026-02-19 11:50:45,PII_REDACTED_AND_NORMALIZED,VERIFIED_INTEGRITY,88fd444475ea04900251daa63b0314b28d50e36bbfaed0aab310f3f162ffdd8a
PRV-000821,SIG-TN-00821,CITIZEN_FEED,2024-10-24 08:52:50,PII_REDACTED_AND_NORMALIZED,VERIFIED_INTEGRITY,65db319fbbd1ac76831214349186a6a5e924a554af359829db9efa582c35a939
PRV-000822,SIG-TN-00822,CHECKPOST_OCR,2024-11-14 11:25:37,PII_REDACTED_AND_NORMALIZED,VERIFIED_INTEGRITY,93ad58ec79bce4cf4c295f24310b254be62747d2010a6a2b1689ae435ce79e96
PRV-000823,SIG-TN-00823,HEALTH_STAT,2025-11-20 17:52:40,PII_REDACTED_AND_NORMALIZED,VERIFIED_INTEGRITY,999417486d1d716812c6aaab529dfa70f8e78bf887f4f51fd72e2a827ad16a58
PRV-000824,SIG-TN-00824,HEALTH_STAT,2025-02-13 00:50:02,PII_REDACTED_AND_NORMALIZED,VERIFIED_INTEGRITY,b3400205f3494d333b32f55c1328c1569aaecda39a93e3dc3375f0b597f69a96
PRV-000825,SIG-TN-00825,CHECKPOST_OCR,2025-09-13 05:01:50,PII_REDACTED_AND_NORMALIZED,VERIFIED_INTEGRITY,830991183a166330df8171ea6ce75e362d11cf35e98d9a721d258730a2d89aef
PRV-000826,SIG-TN-00826,POLICE_LEDGER,2025-04-01 23:37:48,PII_REDACTED_AND_NORMALIZED,VERIFIED_INTEGRITY,5a021e3e19fe733b295a670882d51e13f459bfe004f4e6ea09ca5a330e6a14f7
PRV-000827,SIG-TN-00827,CHECKPOST_OCR,2026-03-24 12:53:40,PII_REDACTED_AND_NORMALIZED,VERIFIED_INTEGRITY,9745e6e472a36eb793a76349e053b3d0f9e8563fed3930b3f0fd31e29a00a30c
PRV-000828,SIG-TN-00828,HEALTH_STAT,2026-06-09 09:45:13,PII_REDACTED_AND_NORMALIZED,VERIFIED_INTEGRITY,e914b06c8602e8fff192d6f78c56aabf4db6cdee19e2b8e575a4c68337744076
PRV-000829,SIG-TN-00829,CITIZEN_FEED,2026-02-12 13:03:12,PII_REDACTED_AND_NORMALIZED,VERIFIED_INTEGRITY,fa138b1d1cd0c0be7b6a17305959a892bf94d16ebdbff8ee8aae60ea7cd8bac6
PRV-000830,SIG-TN-00830,CHECKPOST_OCR,2026-05-23 07:15:39,PII_REDACTED_AND_NORMALIZED,VERIFIED_INTEGRITY,bba9d8c573226120d9a043b3dbf47bbb0c4d4107b0b1a962f9e7a82de932ca5d
PRV-000831,SIG-TN-00831,HEALTH_STAT,2026-07-01 08:58:11,PII_REDACTED_AND_NORMALIZED,VERIFIED_INTEGRITY,95ceaed83dfd8230bed0190c18ecabbb3bdf844f01f518396a56b46bd4a25d8b
PRV-000832,SIG-TN-00832,POLICE_LEDGER,2025-01-21 15:07:27,PII_REDACTED_AND_NORMALIZED,VERIFIED_INTEGRITY,38ceb2c90431cee8490bcd35632217d2b690937bdcc5a162b197b405bb4e524d
PRV-000833,SIG-TN-00833,CITIZEN_FEED,2025-08-26 20:56:39,PII_REDACTED_AND_NORMALIZED,VERIFIED_INTEGRITY,6e1cfc8e4bbd80b1c8e4f2e86f6b2272ac78f13644b69349fa7b70e3fdd0b111
PRV-000834,SIG-TN-00834,CITIZEN_FEED,2025-06-05 14:34:11,PII_REDACTED_AND_NORMALIZED,VERIFIED_INTEGRITY,e48b2fb8527fbf05f316c28ddcbcf75dd002aa0d1fb22a9c544571be8ef026ef
PRV-000835,SIG-TN-00835,CHECKPOST_OCR,2024-11-11 12:38:16,PII_REDACTED_AND_NORMALIZED,VERIFIED_INTEGRITY,2dd49801001ad3c726fd14d003168fecb6321342840482cbe0598e0c326f1eae
PRV-000836,SIG-TN-00836,HEALTH_STAT,2024-10-10 02:48:19,PII_REDACTED_AND_NORMALIZED,VERIFIED_INTEGRITY,02e88422625e8f9a6d6b8277eea17b642a78d9ba7205490d38d979b263c147fe
PRV-000837,SIG-TN-00837,CITIZEN_FEED,2024-10-03 18:50:02,PII_REDACTED_AND_NORMALIZED,VERIFIED_INTEGRITY,8c20b162361ad4972e8601510385a1d6d4547f8aeb7a591a7b6a16c1a3aac34a
PRV-000838,SIG-TN-00838,POLICE_LEDGER,2025-01-14 01:05:13,PII_REDACTED_AND_NORMALIZED,VERIFIED_INTEGRITY,f3f3e2cff420780751daae8621193335cc0516486832ac3e663326efa30108c8
PRV-000839,SIG-TN-00839,HEALTH_STAT,2025-04-12 19:16:09,PII_REDACTED_AND_NORMALIZED,VERIFIED_INTEGRITY,d5cb5a9c6e23956cc4b100ab9bdb8c122e175b216aed260bacfb4820231c9b35
PRV-000840,SIG-TN-00840,CITIZEN_FEED,2026-08-09 07:21:12,PII_REDACTED_AND_NORMALIZED,VERIFIED_INTEGRITY,fc23d863ae80cb10457e3ce015da3872b06833329586fbbe0947a5d66af37cd7
PRV-000841,SIG-TN-00841,HEALTH_STAT,2026-04-19 04:06:00,PII_REDACTED_AND_NORMALIZED,VERIFIED_INTEGRITY,11185e665b104882ec753d714af84db586ba0b8719f75ce1f028b951a4274ab8
PRV-000842,SIG-TN-00842,CHECKPOST_OCR,2026-02-02 20:58:39,PII_REDACTED_AND_NORMALIZED,VERIFIED_INTEGRITY,36cf521b3d18094f919162634778924fb1892b47f7894c19d7e9e0d8fcdf1a47
PRV-000843,SIG-TN-00843,CHECKPOST_OCR,2025-03-07 17:51:53,PII_REDACTED_AND_NORMALIZED,VERIFIED_INTEGRITY,18aaf559ad8d1df84d249ea4d07dc14466d790160f0ae41d84ac3b90152dc287
PRV-000844,SIG-TN-00844,HEALTH_STAT,2025-11-12 15:19:37,PII_REDACTED_AND_NORMALIZED,VERIFIED_INTEGRITY,5dff884c49909b41bb14e19deb3af566c1ff2593c5747802b8b3483fe3ad7c0e
PRV-000845,SIG-TN-00845,CITIZEN_FEED,2026-05-24 12:12:50,PII_REDACTED_AND_NORMALIZED,VERIFIED_INTEGRITY,51b5af218567fc13367cb96014be622f1b3ac9e3b8dbe86a9f202e2c29dff725
PRV-000846,SIG-TN-00846,HEALTH_STAT,2025-03-09 23:00:08,PII_REDACTED_AND_NORMALIZED,VERIFIED_INTEGRITY,6087ed58da654646fcbb8a8ef8aa2ad17e69cfa31e45a49ff70847dd1e893cc3
PRV-000847,SIG-TN-00847,POLICE_LEDGER,2025-12-13 16:45:50,PII_REDACTED_AND_NORMALIZED,VERIFIED_INTEGRITY,bbcc0a5559854b41d552ed1537e033c27e2a7613d78ef77be243192b4f447351
PRV-000848,SIG-TN-00848,CHECKPOST_OCR,2026-04-25 14:54:06,PII_REDACTED_AND_NORMALIZED,VERIFIED_INTEGRITY,d426bc7b21287ba415bbd4814b2a59d246552b4d7a7acf2c08788b4e7522b4e1
PRV-000849,SIG-TN-00849,HEALTH_STAT,2025-07-22 04:29:03,PII_REDACTED_AND_NORMALIZED,VERIFIED_INTEGRITY,9950f2b40f1ce3bd7cbbae367f6cc5e5a8ce5e7bf379e33a430f76d7ab1de5b8
PRV-000850,SIG-TN-00850,CITIZEN_FEED,2025-09-20 11:44:59,PII_REDACTED_AND_NORMALIZED,VERIFIED_INTEGRITY,32945c4b3cc6f203cbd56ecd9172d4086c9945e3324e7d3f138c9deba42930f1
PRV-000851,SIG-TN-00851,CHECKPOST_OCR,2025-10-25 11:03:51,PII_REDACTED_AND_NORMALIZED,VERIFIED_INTEGRITY,b16a48734541c326e7e73e364a1e7565a5fdd8b9e6d7e066b65aa0a11c7a0df8
PRV-000852,SIG-TN-00852,CITIZEN_FEED,2025-07-12 13:14:21,PII_REDACTED_AND_NORMALIZED,VERIFIED_INTEGRITY,139059f0f4ae0e5272e3c3f13936b39948724bfe2447f002e5bf79aa0696a0e5
PRV-000853,SIG-TN-00853,HEALTH_STAT,2024-12-12 22:42:15,PII_REDACTED_AND_NORMALIZED,VERIFIED_INTEGRITY,3723ff29cc10605d92c545830d6463fa28423dd08b79b72f05c864fbb3871bc8
PRV-000854,SIG-TN-00854,CHECKPOST_OCR,2025-02-24 20:34:14,PII_REDACTED_AND_NORMALIZED,VERIFIED_INTEGRITY,d0d7821a7e9b2a75e0c26fbb8fd2fed7a291432148dfaf66e90d2f44e19aebad
PRV-000855,SIG-TN-00855,POLICE_LEDGER,2024-11-28 14:12:24,PII_REDACTED_AND_NORMALIZED,VERIFIED_INTEGRITY,2721fb6476dbfd56a6b103ecc87cf05933f9d3442d86e4e751724a533a0b31b9
PRV-000856,SIG-TN-00856,HEALTH_STAT,2025-05-15 06:47:53,PII_REDACTED_AND_NORMALIZED,VERIFIED_INTEGRITY,eb8d2ea5c5dae1325475e9483e5a1981ead2a6764e4279d66cf3b1fea7a20b3b
PRV-000857,SIG-TN-00857,CHECKPOST_OCR,2026-06-15 12:16:35,PII_REDACTED_AND_NORMALIZED,VERIFIED_INTEGRITY,43d37c8db337650c266534c71f41c9259e9e7ca810d795e4fd06afd3a5a2ab83
PRV-000858,SIG-TN-00858,CITIZEN_FEED,2026-08-03 11:08:01,PII_REDACTED_AND_NORMALIZED,VERIFIED_INTEGRITY,1b392302a0f5577f067523a894cca8673823e1b8429ee2d071926454317704a7
PRV-000859,SIG-TN-00859,CHECKPOST_OCR,2026-01-09 18:04:25,PII_REDACTED_AND_NORMALIZED,VERIFIED_INTEGRITY,585e587c7a8c4173074acdba255677717eff35c33254c1ec8a6798b5adae2ade
PRV-000860,SIG-TN-00860,POLICE_LEDGER,2025-04-01 13:15:30,PII_REDACTED_AND_NORMALIZED,VERIFIED_INTEGRITY,0ae14725c82b87581c7f1acae28093c1da51d3dd5a1962867839d64ac0f0b21e
PRV-000861,SIG-TN-00861,HEALTH_STAT,2026-03-18 19:12:02,PII_REDACTED_AND_NORMALIZED,VERIFIED_INTEGRITY,ee15d33be366e210008fd6385c78b087a538af9182ef796743c9726f20904536
PRV-000862,SIG-TN-00862,HEALTH_STAT,2025-01-01 18:44:47,PII_REDACTED_AND_NORMALIZED,VERIFIED_INTEGRITY,12988cf030855020a5ecf64d72fd6a6dbcfb1a44c279b26e0a19b4c076d18fe3
PRV-000863,SIG-TN-00863,HEALTH_STAT,2026-04-11 16:14:37,PII_REDACTED_AND_NORMALIZED,VERIFIED_INTEGRITY,7b1be2f5b72f6e25fc4ffb7515bc3928e038acb57a7f8788bcccc47f46ef03ab
PRV-000864,SIG-TN-00864,CHECKPOST_OCR,2024-11-21 09:31:49,PII_REDACTED_AND_NORMALIZED,VERIFIED_INTEGRITY,fde1273f91e12c07258c9b1aa374a3b34a4cc5bea02762d2add7e874d701876f
PRV-000865,SIG-TN-00865,HEALTH_STAT,2025-02-04 18:20:40,PII_REDACTED_AND_NORMALIZED,VERIFIED_INTEGRITY,97c08b77fef9caaefa1d892686b3ce695c9e22a600089682b3800973803c346c
PRV-000866,SIG-TN-00866,CITIZEN_FEED,2024-09-23 09:35:51,PII_REDACTED_AND_NORMALIZED,VERIFIED_INTEGRITY,ec3f0a11b015c804685dd7d9ce607ab451823be84f90e28586144adeefac93e6
PRV-000867,SIG-TN-00867,HEALTH_STAT,2025-04-19 01:13:09,PII_REDACTED_AND_NORMALIZED,VERIFIED_INTEGRITY,bb25d426b9147bfc95266b49357ab8682d57c1c0f7d978ba1120639b00ca6ae0
PRV-000868,SIG-TN-00868,CHECKPOST_OCR,2026-02-20 08:24:38,PII_REDACTED_AND_NORMALIZED,VERIFIED_INTEGRITY,f52e04e8c1d779f94e81820c6142f395084c3893c16f70fd2004291e27dbdeec
PRV-000869,SIG-TN-00869,CHECKPOST_OCR,2025-10-30 21:39:41,PII_REDACTED_AND_NORMALIZED,VERIFIED_INTEGRITY,fefa2d7d8956a44b8fc5cd28144215dfacb28a6de27040ffb28d8e84460adbfc
PRV-000870,SIG-TN-00870,POLICE_LEDGER,2026-07-07 14:34:52,PII_REDACTED_AND_NORMALIZED,VERIFIED_INTEGRITY,0e36bcd8d2686adc242a70d5e13711ccb35bcd070de4d228a2de5b37d336cfd7
PRV-000871,SIG-TN-00871,CITIZEN_FEED,2024-11-19 23:49:58,PII_REDACTED_AND_NORMALIZED,VERIFIED_INTEGRITY,0fe247bf39bdfead3caf7b90ec1bafe5abd067da1829deb5a68db22f7392b0f3
PRV-000872,SIG-TN-00872,HEALTH_STAT,2026-03-24 07:25:09,PII_REDACTED_AND_NORMALIZED,VERIFIED_INTEGRITY,84f18becf3f4b3aefb47f61470419af01c5e44540031d760864aa40013ed6357
PRV-000873,SIG-TN-00873,CITIZEN_FEED,2026-03-22 04:29:08,PII_REDACTED_AND_NORMALIZED,VERIFIED_INTEGRITY,deed818f99c6869606fbfd5a2459ccdb64a39766ede276b30984895be2c9b203
PRV-000874,SIG-TN-00874,POLICE_LEDGER,2025-05-28 16:40:51,PII_REDACTED_AND_NORMALIZED,VERIFIED_INTEGRITY,4cc6048419484b9717ac4b81b2fb93d499fd34e2527dea90d91162d642525f87
PRV-000875,SIG-TN-00875,CITIZEN_FEED,2026-05-21 16:29:33,PII_REDACTED_AND_NORMALIZED,VERIFIED_INTEGRITY,66a036b0a6b927f3f791a4d302673dffcaa094433f2a3555448a930eed3de4c2
PRV-000876,SIG-TN-00876,POLICE_LEDGER,2025-05-20 01:55:17,PII_REDACTED_AND_NORMALIZED,VERIFIED_INTEGRITY,e75f4fc90b067178e92fc8d42ae9aeef001f9f6fd6cdf059257a5407090c1c42
PRV-000877,SIG-TN-00877,CITIZEN_FEED,2025-01-17 12:49:39,PII_REDACTED_AND_NORMALIZED,VERIFIED_INTEGRITY,c4467e7c99e031f1de18a83b842a2d99d8d088e60d563e865dfc1850127960de
PRV-000878,SIG-TN-00878,HEALTH_STAT,2025-06-16 02:55:35,PII_REDACTED_AND_NORMALIZED,VERIFIED_INTEGRITY,f815f7c8a5b9ea513de3b8f81cee3942abe19f4210f21d2c79fd774a89a7b83e
PRV-000879,SIG-TN-00879,CHECKPOST_OCR,2025-03-10 02:00:08,PII_REDACTED_AND_NORMALIZED,VERIFIED_INTEGRITY,daba0e27cfe47d7cfb641998f6aa8e1daf53c954a88e38f76ac1677aeb6cc718
PRV-000880,SIG-TN-00880,HEALTH_STAT,2025-07-21 02:36:55,PII_REDACTED_AND_NORMALIZED,VERIFIED_INTEGRITY,315a078ddb372cebb26493dc23e8b74a2fa5f8dda2ffa9b9ddfca8aa76ee1dba
PRV-000881,SIG-TN-00881,HEALTH_STAT,2025-09-27 07:57:09,PII_REDACTED_AND_NORMALIZED,VERIFIED_INTEGRITY,358a179dab2d8510b10a774d1ded31bce0b0431b142794df874dfa045be3aef8
PRV-000882,SIG-TN-00882,POLICE_LEDGER,2024-12-13 03:12:57,PII_REDACTED_AND_NORMALIZED,VERIFIED_INTEGRITY,51261bcc292d0c18c6235b4832d4705f17b07db6bcbbcd442135e241ff5ce05d
PRV-000883,SIG-TN-00883,HEALTH_STAT,2025-08-05 22:43:16,PII_REDACTED_AND_NORMALIZED,VERIFIED_INTEGRITY,bd968dce761fe34eef349eddf7728fb3a26d9614874e701b52256b86fd7ad631
PRV-000884,SIG-TN-00884,CITIZEN_FEED,2025-04-29 07:23:22,PII_REDACTED_AND_NORMALIZED,VERIFIED_INTEGRITY,9146a9f735cf2097c6f57756100e82a0993308aad99bf233fc7e5d888444d985
PRV-000885,SIG-TN-00885,CHECKPOST_OCR,2026-08-11 22:18:20,PII_REDACTED_AND_NORMALIZED,VERIFIED_INTEGRITY,ead2aba3dba6ad1980da7739336848eb1ebf05184cd11cde80c470de2d25cd64
PRV-000886,SIG-TN-00886,CHECKPOST_OCR,2025-12-19 04:33:24,PII_REDACTED_AND_NORMALIZED,VERIFIED_INTEGRITY,29ebd2bc4fd85844984390a259e1891497c106e79f00b82f5b69689d4707425e
PRV-000887,SIG-TN-00887,CITIZEN_FEED,2026-04-13 00:10:36,PII_REDACTED_AND_NORMALIZED,VERIFIED_INTEGRITY,d9f1fafffc5ca19b04eb7e074660a12ef35ce1184e3eee78e4de32c0d2f9dcaa
PRV-000888,SIG-TN-00888,CHECKPOST_OCR,2026-06-26 06:15:15,PII_REDACTED_AND_NORMALIZED,VERIFIED_INTEGRITY,48ddf859bf7dc5da610c84530f8af7d24fd650eef1ed273cb84697d852989471
PRV-000889,SIG-TN-00889,POLICE_LEDGER,2024-10-10 23:01:21,PII_REDACTED_AND_NORMALIZED,VERIFIED_INTEGRITY,3dff6fb54c046294c5047e635503d445e5207a7d221567551b2c5ac3a14b2c75
PRV-000890,SIG-TN-00890,CITIZEN_FEED,2025-12-29 09:43:57,PII_REDACTED_AND_NORMALIZED,VERIFIED_INTEGRITY,bf09aa8fe2bb30fbac7c375b0a71e03e3f2336f8ebef48b89258ec2961717154
PRV-000891,SIG-TN-00891,CITIZEN_FEED,2026-07-24 03:10:07,PII_REDACTED_AND_NORMALIZED,VERIFIED_INTEGRITY,128fc1dbbfbc90756e18481fe08599e937d0ca5fd61d12f0ed1932e1838d5b7e
PRV-000892,SIG-TN-00892,CHECKPOST_OCR,2025-04-01 07:03:43,PII_REDACTED_AND_NORMALIZED,VERIFIED_INTEGRITY,1c4644693e827efcc46fb8ec222f56459b85072649adb4c7ec6303d11a0db434
PRV-000893,SIG-TN-00893,CITIZEN_FEED,2026-02-23 13:32:14,PII_REDACTED_AND_NORMALIZED,VERIFIED_INTEGRITY,6bed99763a3cd6b90167aa4b6328484c80429e07a922978324204952149aa60b
PRV-000894,SIG-TN-00894,POLICE_LEDGER,2024-11-16 00:59:54,PII_REDACTED_AND_NORMALIZED,VERIFIED_INTEGRITY,d6679da9c95925c17df7a228494df837a9fd56b06d421c43ac4c4298739dbb95
PRV-000895,SIG-TN-00895,CHECKPOST_OCR,2025-03-20 11:53:22,PII_REDACTED_AND_NORMALIZED,VERIFIED_INTEGRITY,ecbe6f9850efc26e6bcdb6af6fe99a6a2019f3e17024474ac82042d1407093e9
PRV-000896,SIG-TN-00896,CITIZEN_FEED,2026-02-19 14:00:46,PII_REDACTED_AND_NORMALIZED,VERIFIED_INTEGRITY,ba23c6e08eddcca28e930bbfeae359a6740d9848b9733738a1ef68676419fecc
PRV-000897,SIG-TN-00897,POLICE_LEDGER,2024-12-03 11:58:50,PII_REDACTED_AND_NORMALIZED,VERIFIED_INTEGRITY,40534c9e5bd2e743fcc39c44b8b9d13a48157d9094088d5bd1bc54a3f6e0b39a
PRV-000898,SIG-TN-00898,CITIZEN_FEED,2024-12-09 02:22:11,PII_REDACTED_AND_NORMALIZED,VERIFIED_INTEGRITY,45a418f3b4d6bacc36b7f4173039e650cdefabad0e44bf48013028c42f1fe27d
PRV-000899,SIG-TN-00899,CHECKPOST_OCR,2025-12-20 15:24:29,PII_REDACTED_AND_NORMALIZED,VERIFIED_INTEGRITY,5ca9295491f97f58c0545b6d38f92b219f8c0845c205d3726270b48c60ffa60b
PRV-000900,SIG-TN-00900,CITIZEN_FEED,2025-09-16 19:44:52,PII_REDACTED_AND_NORMALIZED,VERIFIED_INTEGRITY,48aad84664973719f961ce661492d1fa01009134aba4f54f08fdabf9de60f84a
PRV-000901,SIG-TN-00901,HEALTH_STAT,2025-06-10 23:22:00,PII_REDACTED_AND_NORMALIZED,VERIFIED_INTEGRITY,b2ed12894ff097eb405ce436330006ea247b952f925c208d1e7408301957f5dd
PRV-000902,SIG-TN-00902,HEALTH_STAT,2026-05-05 05:31:14,PII_REDACTED_AND_NORMALIZED,VERIFIED_INTEGRITY,189b9cca1e9d367a165c893441880e6cbffcda820d783c66230133758460a358
PRV-000903,SIG-TN-00903,HEALTH_STAT,2025-02-06 15:57:10,PII_REDACTED_AND_NORMALIZED,VERIFIED_INTEGRITY,5497891ae396ff8865a7efc5ba254be446d59f12ebd8adf063ec12abe03c933e
PRV-000904,SIG-TN-00904,POLICE_LEDGER,2026-03-23 02:43:24,PII_REDACTED_AND_NORMALIZED,VERIFIED_INTEGRITY,c0f4a56c3a303c247454f40bc154da0acdd0ec65cdaaa8b5b3340dffdc21f446
PRV-000905,SIG-TN-00905,CHECKPOST_OCR,2026-04-22 11:02:54,PII_REDACTED_AND_NORMALIZED,VERIFIED_INTEGRITY,79835510fcbb9e3da3e09cf84203dbe0428a3a8c5493290e2370c03e3d6bc6cb
PRV-000906,SIG-TN-00906,CHECKPOST_OCR,2026-03-26 10:42:42,PII_REDACTED_AND_NORMALIZED,VERIFIED_INTEGRITY,1386683100f9b9a597ce7fbdff6fd26b8facbd2a67600fff61e7bc51f54ac939
PRV-000907,SIG-TN-00907,HEALTH_STAT,2025-11-04 11:11:22,PII_REDACTED_AND_NORMALIZED,VERIFIED_INTEGRITY,3bdc2314feca2f871cca2b16c9ca7bb7259ca31cc7ed765dc4389c44732f5a60
PRV-000908,SIG-TN-00908,CHECKPOST_OCR,2025-03-09 10:01:07,PII_REDACTED_AND_NORMALIZED,VERIFIED_INTEGRITY,0d9e621a1e702c3724d468167925ab5e0e18c3dca3d94955cd422830ebfbbe53
PRV-000909,SIG-TN-00909,CHECKPOST_OCR,2025-09-25 12:56:34,PII_REDACTED_AND_NORMALIZED,VERIFIED_INTEGRITY,9861827a6da2cd0b238ff91f5236778b960f8b8b455cd8eda65ccdf7887cb5a2
PRV-000910,SIG-TN-00910,HEALTH_STAT,2026-04-03 01:20:57,PII_REDACTED_AND_NORMALIZED,VERIFIED_INTEGRITY,529e0d337bd1fbbc616295a939f762a9ea981eb7eb27c451a2461cd4e529a802
PRV-000911,SIG-TN-00911,POLICE_LEDGER,2026-07-14 14:54:33,PII_REDACTED_AND_NORMALIZED,VERIFIED_INTEGRITY,c6e541a61848fb143126519cf8e8643fa0ccb8493800ff126da30f7b85a79964
PRV-000912,SIG-TN-00912,CITIZEN_FEED,2026-01-19 20:30:15,PII_REDACTED_AND_NORMALIZED,VERIFIED_INTEGRITY,9cfa611cc231872a17a322d4294c5fa8dde64363b970bec1fd987d2e460722d4
PRV-000913,SIG-TN-00913,CITIZEN_FEED,2025-10-28 17:39:24,PII_REDACTED_AND_NORMALIZED,VERIFIED_INTEGRITY,91a81a0a5be54423dbdd8b1586750fd7b0e321e083870296115305ff9a4ef6cf
PRV-000914,SIG-TN-00914,CHECKPOST_OCR,2025-12-21 22:37:18,PII_REDACTED_AND_NORMALIZED,VERIFIED_INTEGRITY,f1189e611c73e78a5bb96f2542e5a2c2fbbefc1d1da541579375c58a281f968a
PRV-000915,SIG-TN-00915,CITIZEN_FEED,2026-07-12 11:44:32,PII_REDACTED_AND_NORMALIZED,VERIFIED_INTEGRITY,9d6b648f2633cd85e60a0f02cad67426015ee8d0f659770b8d7ad395b9b2db85
PRV-000916,SIG-TN-00916,HEALTH_STAT,2026-07-22 10:28:46,PII_REDACTED_AND_NORMALIZED,VERIFIED_INTEGRITY,fa29737668908a13e899e9688bcedfbe0218a2e16518eb4f5264f9117fcde30a
PRV-000917,SIG-TN-00917,CHECKPOST_OCR,2025-02-23 00:35:36,PII_REDACTED_AND_NORMALIZED,VERIFIED_INTEGRITY,3a3c5db8fe8d99cbc7c6cc86d964e5e9def9302e00115d09222afa07c48b0e81
PRV-000918,SIG-TN-00918,CITIZEN_FEED,2025-05-01 03:42:04,PII_REDACTED_AND_NORMALIZED,VERIFIED_INTEGRITY,10db8519b6f57597bbee6bbe47d270fccb59c4e5af4888aadc9f91e2f5da2c3d
PRV-000919,SIG-TN-00919,CHECKPOST_OCR,2026-06-30 00:35:32,PII_REDACTED_AND_NORMALIZED,VERIFIED_INTEGRITY,7fa1d3c95d4be05c58fa14551b45b79c40c6bf92603701b7e438c3e1575aa7e8
PRV-000920,SIG-TN-00920,CHECKPOST_OCR,2025-06-09 07:27:50,PII_REDACTED_AND_NORMALIZED,VERIFIED_INTEGRITY,63afd3b51eba71581fef0af801702dbfcd5f3f7fdde95a30ccdebc6e1c2cb9dc
PRV-000921,SIG-TN-00921,POLICE_LEDGER,2025-08-06 08:24:10,PII_REDACTED_AND_NORMALIZED,VERIFIED_INTEGRITY,e294a1f92d1f6825815d3f5bb944d6eb328f73e4cfa354cb5d0773e882dc9838
PRV-000922,SIG-TN-00922,POLICE_LEDGER,2026-06-02 06:44:46,PII_REDACTED_AND_NORMALIZED,VERIFIED_INTEGRITY,7e70c0f7b23860e0ccd0d5ed910358cc48d4464aa475ca2c8e3c88275c56ec32
PRV-000923,SIG-TN-00923,CHECKPOST_OCR,2025-04-22 17:34:25,PII_REDACTED_AND_NORMALIZED,VERIFIED_INTEGRITY,2948976d0663409cc20b3697199e3bfc50cf090a88d4b8050bfc29bde065971b
PRV-000924,SIG-TN-00924,CHECKPOST_OCR,2024-11-05 00:52:09,PII_REDACTED_AND_NORMALIZED,VERIFIED_INTEGRITY,3f6d776acc61fbc0ccbdffcf387810c2d7e29c1c8aed27b71e870c28394499d3
PRV-000925,SIG-TN-00925,HEALTH_STAT,2025-03-09 20:02:38,PII_REDACTED_AND_NORMALIZED,VERIFIED_INTEGRITY,29a5d65e8a424ba9928f056fb77bd60b6fa003b80b9ab5377218bc8582ba6021
PRV-000926,SIG-TN-00926,CITIZEN_FEED,2026-05-10 09:13:37,PII_REDACTED_AND_NORMALIZED,VERIFIED_INTEGRITY,0df0da07569432f5e2dce7b283c18738779af9f1a2c4ae87ffbf680f689f18e5
PRV-000927,SIG-TN-00927,CHECKPOST_OCR,2025-09-18 12:46:17,PII_REDACTED_AND_NORMALIZED,VERIFIED_INTEGRITY,1e9e7e56ae846d91e8393375cf3c99fb075ae6f59c899b92905871c0a6c0676a
PRV-000928,SIG-TN-00928,POLICE_LEDGER,2025-05-24 23:30:09,PII_REDACTED_AND_NORMALIZED,VERIFIED_INTEGRITY,ecb97793a1030e28048560347df69981014679383e2828474f29fd6830a172e9
PRV-000929,SIG-TN-00929,HEALTH_STAT,2025-12-11 15:38:39,PII_REDACTED_AND_NORMALIZED,VERIFIED_INTEGRITY,03471ef3cca326d56fa638ef975f5b9e8f474b12cae84efedee90bb324fe3473
PRV-000930,SIG-TN-00930,HEALTH_STAT,2024-10-13 19:34:13,PII_REDACTED_AND_NORMALIZED,VERIFIED_INTEGRITY,9f45f010dbfee599ef19c404fa9c69be8a1d6cd1fc543a44ed40d1457577a48d
PRV-000931,SIG-TN-00931,POLICE_LEDGER,2026-07-16 22:42:41,PII_REDACTED_AND_NORMALIZED,VERIFIED_INTEGRITY,aff9cc8299c48c22b6bc51406d85d8d3cd69c67e9353f212b28033cb809bcf1e
PRV-000932,SIG-TN-00932,HEALTH_STAT,2025-12-12 01:54:10,PII_REDACTED_AND_NORMALIZED,VERIFIED_INTEGRITY,e0649ee34ec01fa7532afc0ccaebe80f5c706ea2ee87b90bf340bb44bd01e9d2
PRV-000933,SIG-TN-00933,POLICE_LEDGER,2026-07-07 23:03:37,PII_REDACTED_AND_NORMALIZED,VERIFIED_INTEGRITY,2d10222f0fca3a785e6e7ecb3c975bb426d83b8db69cf568a12317a7e8431d3e
PRV-000934,SIG-TN-00934,CHECKPOST_OCR,2024-09-20 23:12:56,PII_REDACTED_AND_NORMALIZED,VERIFIED_INTEGRITY,c7b30030307ff395f45a1437b748fa10aafb9ade937c434f7ab38fe049bebe1e
PRV-000935,SIG-TN-00935,HEALTH_STAT,2026-07-19 17:49:46,PII_REDACTED_AND_NORMALIZED,VERIFIED_INTEGRITY,c26e673b47f3d52faff7b75fe0d0eebdcfbd1832bff28da93eb97ab550fe7111
PRV-000936,SIG-TN-00936,CITIZEN_FEED,2024-12-16 18:57:58,PII_REDACTED_AND_NORMALIZED,VERIFIED_INTEGRITY,0a2e8f31dfb806bea4dde6cad863552aab2615c46df187591a0b2fdfb4c9c191
PRV-000937,SIG-TN-00937,CHECKPOST_OCR,2026-07-20 23:58:23,PII_REDACTED_AND_NORMALIZED,VERIFIED_INTEGRITY,49311a2ae8a11686868e700bc41abb99a9359444ca8da6bb08dc30f30f331465
PRV-000938,SIG-TN-00938,HEALTH_STAT,2026-08-14 01:04:23,PII_REDACTED_AND_NORMALIZED,VERIFIED_INTEGRITY,1de378c6911a7550d7f53108f6730eee48bc2db6fea06ccc939291e46f64ddb4
PRV-000939,SIG-TN-00939,POLICE_LEDGER,2026-04-26 17:09:15,PII_REDACTED_AND_NORMALIZED,VERIFIED_INTEGRITY,18cf1aa73d58970c1643284891383f688f0402fee057c1ce0776a829b069e134
PRV-000940,SIG-TN-00940,HEALTH_STAT,2025-07-03 22:39:58,PII_REDACTED_AND_NORMALIZED,VERIFIED_INTEGRITY,859c3c4aa2b2c981cd236596e6d39327e86e74c804d5b28e18c12d662e556d43
PRV-000941,SIG-TN-00941,CITIZEN_FEED,2024-10-22 10:40:17,PII_REDACTED_AND_NORMALIZED,VERIFIED_INTEGRITY,29eb02528f53e19d75fd5eb24d5e2cf60f25b7a55956d31779aafca205b6637e
PRV-000942,SIG-TN-00942,CITIZEN_FEED,2025-01-25 06:44:14,PII_REDACTED_AND_NORMALIZED,VERIFIED_INTEGRITY,8276a3195c60a899a974c5d8b6edbf50ed3528308bf3c55d50640d0f395cbebb
PRV-000943,SIG-TN-00943,HEALTH_STAT,2025-08-07 05:08:01,PII_REDACTED_AND_NORMALIZED,VERIFIED_INTEGRITY,5f581b1786b5a1ef056319c4d5a1f1b741940e57fb0afc9084348594aea82fb8
PRV-000944,SIG-TN-00944,CITIZEN_FEED,2025-08-03 15:17:46,PII_REDACTED_AND_NORMALIZED,VERIFIED_INTEGRITY,b870963bf3654fcdbc54e84b7a58531c3b4cb569d9e6e5833c546a8cebece217
PRV-000945,SIG-TN-00945,CITIZEN_FEED,2025-11-23 06:29:38,PII_REDACTED_AND_NORMALIZED,VERIFIED_INTEGRITY,6604e3b98eeb0d9e31bae93ec29126e883dfd81d9a849c02d62c4cff8632529f
PRV-000946,SIG-TN-00946,HEALTH_STAT,2026-06-29 11:35:36,PII_REDACTED_AND_NORMALIZED,VERIFIED_INTEGRITY,e394953128bcb2d3df7090ee82fa807768c1f8f53ace21cd05583566cb102ac8
PRV-000947,SIG-TN-00947,CITIZEN_FEED,2024-09-21 22:06:30,PII_REDACTED_AND_NORMALIZED,VERIFIED_INTEGRITY,50a78a1d1968bf161a5790a8369b008c27e80ffddf4d72da847c1c1f34772da9
PRV-000948,SIG-TN-00948,POLICE_LEDGER,2024-11-29 06:24:47,PII_REDACTED_AND_NORMALIZED,VERIFIED_INTEGRITY,e272d4ff2062aab4010d2ac5d2d2b45d610bd126e30fbe45046abb9124daf06a
PRV-000949,SIG-TN-00949,CITIZEN_FEED,2025-05-11 02:08:41,PII_REDACTED_AND_NORMALIZED,VERIFIED_INTEGRITY,8affffd2ba091285ead46c1526b80fa389a40b26bd8eb0f090f7135d209cf4e6
PRV-000950,SIG-TN-00950,CHECKPOST_OCR,2025-07-10 19:23:37,PII_REDACTED_AND_NORMALIZED,VERIFIED_INTEGRITY,d3d4e0fd987e90d4a5ea9b5cb2cfcff22696fdf3b0e1eb24a8b401b2ee889084
PRV-000951,SIG-TN-00951,HEALTH_STAT,2024-12-30 20:43:06,PII_REDACTED_AND_NORMALIZED,VERIFIED_INTEGRITY,0222f2430b7a8e842a225e169859ae5c45638145a12097eaa4bb42be24dafd0d
PRV-000952,SIG-TN-00952,CHECKPOST_OCR,2026-01-18 10:36:58,PII_REDACTED_AND_NORMALIZED,VERIFIED_INTEGRITY,6a73276dafc1cdee5ee1159d66704cf595c31563b182c045ddf37fc028393776
PRV-000953,SIG-TN-00953,CHECKPOST_OCR,2025-10-10 20:55:55,PII_REDACTED_AND_NORMALIZED,VERIFIED_INTEGRITY,6d5dcedb9897f1e37416fc2fc0483d9ab7de9e579abedb638e310310a4b1d6bc
PRV-000954,SIG-TN-00954,HEALTH_STAT,2026-07-06 06:00:41,PII_REDACTED_AND_NORMALIZED,VERIFIED_INTEGRITY,b1746fe362a647974186aa39f114efc64d6a56a1d3e1260bf5ee2250caee653d
PRV-000955,SIG-TN-00955,HEALTH_STAT,2024-12-20 06:13:51,PII_REDACTED_AND_NORMALIZED,VERIFIED_INTEGRITY,56780e328f2950e3eb111dcc94ac12230f6660992e455f01877e5d55d40bd23a
PRV-000956,SIG-TN-00956,HEALTH_STAT,2025-06-30 07:34:11,PII_REDACTED_AND_NORMALIZED,VERIFIED_INTEGRITY,599f1b3b7ec128870031380c938b0a0b0f296028eb1fcf2c2b963e65200b187e
PRV-000957,SIG-TN-00957,POLICE_LEDGER,2025-04-05 00:24:31,PII_REDACTED_AND_NORMALIZED,VERIFIED_INTEGRITY,87c1d16d31850679f98b8b27f9d726267bc3a1f15262a29b6757a7277f44b2c0
PRV-000958,SIG-TN-00958,CITIZEN_FEED,2025-09-16 11:57:07,PII_REDACTED_AND_NORMALIZED,VERIFIED_INTEGRITY,94aec0a10e47c7457f03f48300ffaf5889b84335eec15af2075744ec6bc6fe62
PRV-000959,SIG-TN-00959,CITIZEN_FEED,2025-07-14 22:08:51,PII_REDACTED_AND_NORMALIZED,VERIFIED_INTEGRITY,844f29d1021f8ce2499d2135795eb136f567d9d30da31e621b2bad0c0028bc11
PRV-000960,SIG-TN-00960,CHECKPOST_OCR,2025-01-14 10:55:15,PII_REDACTED_AND_NORMALIZED,VERIFIED_INTEGRITY,46efe8235492da63341ce3f3b0688f4d79d8de5cd92b5b44e84e61d69fc33a2a
PRV-000961,SIG-TN-00961,CHECKPOST_OCR,2025-08-24 09:49:47,PII_REDACTED_AND_NORMALIZED,VERIFIED_INTEGRITY,6c283e54e348d617ca521c54e7b618873b8f3746ccdc88156fdcbb8e5bd214bc
PRV-000962,SIG-TN-00962,HEALTH_STAT,2024-12-11 09:22:30,PII_REDACTED_AND_NORMALIZED,VERIFIED_INTEGRITY,647655d1ae1577954f12cc6b598599e7fff5888a34382d6d8ac3dd29a934c510
PRV-000963,SIG-TN-00963,CITIZEN_FEED,2026-07-10 17:03:39,PII_REDACTED_AND_NORMALIZED,VERIFIED_INTEGRITY,8666a91d740bab7d945c903d0991559b8098e3b6a15d99af2ab5f296aeb71916
PRV-000964,SIG-TN-00964,CITIZEN_FEED,2025-02-11 18:54:42,PII_REDACTED_AND_NORMALIZED,VERIFIED_INTEGRITY,860a1699b3c207eeeecb1079615843c2020aa5cae52cbee73f8bb6c9c449e176
PRV-000965,SIG-TN-00965,HEALTH_STAT,2025-11-24 06:34:06,PII_REDACTED_AND_NORMALIZED,VERIFIED_INTEGRITY,d981e08973885360871528972d4d9177a117c86edcd43d96b14d8d94c50a5388
PRV-000966,SIG-TN-00966,CITIZEN_FEED,2025-06-28 10:52:41,PII_REDACTED_AND_NORMALIZED,VERIFIED_INTEGRITY,f432398c543da05279969a3c11dc2021e37f03bd3cd70ccf6123eacffbfa8ee8
PRV-000967,SIG-TN-00967,CHECKPOST_OCR,2026-07-03 03:55:56,PII_REDACTED_AND_NORMALIZED,VERIFIED_INTEGRITY,e2365b109e1dcdb9ecd5b53e1b24c7b18e1322b625015e3c6da8e422ddb5911f
PRV-000968,SIG-TN-00968,POLICE_LEDGER,2024-11-09 12:12:56,PII_REDACTED_AND_NORMALIZED,VERIFIED_INTEGRITY,6b042460528dc98e2130d46f5834ddb6c1fbc8847059c979532fcc2e259c2feb
PRV-000969,SIG-TN-00969,HEALTH_STAT,2025-01-18 11:13:43,PII_REDACTED_AND_NORMALIZED,VERIFIED_INTEGRITY,626ba0cf93a12af866a6a662c8da8e131d9605401b1b9d8b84ead77f2be6c107
PRV-000970,SIG-TN-00970,HEALTH_STAT,2025-02-10 01:51:00,PII_REDACTED_AND_NORMALIZED,VERIFIED_INTEGRITY,3d081db4a94333aab51baeee9625929c0ad475e955c565aacc6ce27ee6bceca6
PRV-000971,SIG-TN-00971,POLICE_LEDGER,2026-03-07 13:26:33,PII_REDACTED_AND_NORMALIZED,VERIFIED_INTEGRITY,54e7d4979d6462d5532b7df0f2aecafac954ac2c2bad3595d7f8b17976be5887
PRV-000972,SIG-TN-00972,CITIZEN_FEED,2026-02-02 00:16:55,PII_REDACTED_AND_NORMALIZED,VERIFIED_INTEGRITY,d3e5ddc82903551a93d9c11e5ea1cd91ba6fb41117aca927807df1575acb4046
PRV-000973,SIG-TN-00973,HEALTH_STAT,2025-02-26 15:13:12,PII_REDACTED_AND_NORMALIZED,VERIFIED_INTEGRITY,840bcb724ddb84f2b85c2c259a47f427af24c0336dce1f0e6a95aa492e83608d
PRV-000974,SIG-TN-00974,CITIZEN_FEED,2025-06-12 17:58:12,PII_REDACTED_AND_NORMALIZED,VERIFIED_INTEGRITY,0cb48d9eeaab97c8c7da971ca567599bfe592c0a6cea05b25b73ce78160e22e0
PRV-000975,SIG-TN-00975,CHECKPOST_OCR,2024-12-30 10:24:27,PII_REDACTED_AND_NORMALIZED,VERIFIED_INTEGRITY,62de8293ad543ba6f304325c8d43fbe20a066351d1402324a5c82d7379cf3b55
PRV-000976,SIG-TN-00976,CHECKPOST_OCR,2025-04-04 07:48:05,PII_REDACTED_AND_NORMALIZED,VERIFIED_INTEGRITY,564de32c195542dc00873de5585b138e5a7a0b6af0d8e9fc1f2996a0d06f2171
PRV-000977,SIG-TN-00977,CITIZEN_FEED,2024-10-05 11:45:02,PII_REDACTED_AND_NORMALIZED,VERIFIED_INTEGRITY,cb59704013c7ae9d8330a3e8cee54a53cc259d15a19224c8d97a2b064035e7e8
PRV-000978,SIG-TN-00978,HEALTH_STAT,2026-06-15 10:56:42,PII_REDACTED_AND_NORMALIZED,VERIFIED_INTEGRITY,c65cbdaae81738fd94dfc693ac14ac42eb32211083bbc2822c7f34456ceb90bf
PRV-000979,SIG-TN-00979,CITIZEN_FEED,2026-05-20 00:47:12,PII_REDACTED_AND_NORMALIZED,VERIFIED_INTEGRITY,0ba2735802ca451f55667be206ece59d9dfce0c03b4e4c1ff2e671a9573075bc
PRV-000980,SIG-TN-00980,CHECKPOST_OCR,2025-03-25 17:11:45,PII_REDACTED_AND_NORMALIZED,VERIFIED_INTEGRITY,a3da313b63bb12d29589678d43d1d948c55fb29595d15d19a7cef7fd10d37bb6
PRV-000981,SIG-TN-00981,CITIZEN_FEED,2024-10-10 04:12:01,PII_REDACTED_AND_NORMALIZED,VERIFIED_INTEGRITY,32e4716b79db17b789c33044f6bdefc1cc2bb46219673a6b3acaf577b21e45b4
PRV-000982,SIG-TN-00982,POLICE_LEDGER,2025-08-06 23:42:25,PII_REDACTED_AND_NORMALIZED,VERIFIED_INTEGRITY,4d4129068a7f26f9b4d888d6d6a73712194750e13deef7b450b12fbb4ea84a6c
PRV-000983,SIG-TN-00983,POLICE_LEDGER,2026-06-10 09:34:52,PII_REDACTED_AND_NORMALIZED,VERIFIED_INTEGRITY,0ec65ce9b61998d2ed0dbfd8e79c0548f77da6c6e184f3737302d7f05a6a12ac
PRV-000984,SIG-TN-00984,CITIZEN_FEED,2024-10-12 00:23:17,PII_REDACTED_AND_NORMALIZED,VERIFIED_INTEGRITY,30d1c2ea99cbcc933598ac5466d1f4872f46f16753f9f99664d931aab9a1f282
PRV-000985,SIG-TN-00985,CITIZEN_FEED,2024-12-23 02:23:57,PII_REDACTED_AND_NORMALIZED,VERIFIED_INTEGRITY,3358defdb01f2d30d4d2a92398ad01c7a664f5ce849657421bd593b99c718d26
PRV-000986,SIG-TN-00986,HEALTH_STAT,2025-07-28 02:43:17,PII_REDACTED_AND_NORMALIZED,VERIFIED_INTEGRITY,cd2ce7e46664c703e027ada533c62792a128a60ce17d86ee6f43f5bc1a7d96f3
PRV-000987,SIG-TN-00987,CITIZEN_FEED,2025-04-11 19:17:23,PII_REDACTED_AND_NORMALIZED,VERIFIED_INTEGRITY,4fcc6271358cc8acfa883f207e0a0237a7b7a05403ca167ef9750dc70edb2774
PRV-000988,SIG-TN-00988,HEALTH_STAT,2025-11-02 19:57:45,PII_REDACTED_AND_NORMALIZED,VERIFIED_INTEGRITY,3835f8158042f992b497220a977637049a966790ae4716b8e65d9b80203cea93
PRV-000989,SIG-TN-00989,CHECKPOST_OCR,2026-08-07 18:47:34,PII_REDACTED_AND_NORMALIZED,VERIFIED_INTEGRITY,6ce4c8283fb35f2a0f7f02fa3f599e59b3fa7e51dc5e2645f8c1261a9cdbcf6e
PRV-000990,SIG-TN-00990,POLICE_LEDGER,2024-10-10 11:56:48,PII_REDACTED_AND_NORMALIZED,VERIFIED_INTEGRITY,f45744de8030cb00ec430a5f1d7efb23d352fdaa251b02097f05edb2a726f2b4
PRV-000991,SIG-TN-00991,HEALTH_STAT,2024-12-02 01:06:49,PII_REDACTED_AND_NORMALIZED,VERIFIED_INTEGRITY,d742fbb14846b65851eb235e46af2b43cb871611811476b05c0fe43c94afffa0
PRV-000992,SIG-TN-00992,CITIZEN_FEED,2025-05-29 20:54:30,PII_REDACTED_AND_NORMALIZED,VERIFIED_INTEGRITY,44e111517a94aed8348e73b109947b76946aa9890f1f42f5ea3bae0187375e7c
PRV-000993,SIG-TN-00993,CHECKPOST_OCR,2024-10-12 08:34:21,PII_REDACTED_AND_NORMALIZED,VERIFIED_INTEGRITY,d92bb1c43d165445b4e7e9575e0a9e48e48270a3eb6050391b364160b8660c89
PRV-000994,SIG-TN-00994,CHECKPOST_OCR,2025-06-28 23:43:43,PII_REDACTED_AND_NORMALIZED,VERIFIED_INTEGRITY,5a69997bacbb1ab311b0d511f45cfd7e794b70e1dfc9dc2f91764396a3560877
PRV-000995,SIG-TN-00995,HEALTH_STAT,2024-10-27 01:11:49,PII_REDACTED_AND_NORMALIZED,VERIFIED_INTEGRITY,acfc77f799b16f2e2688e8227b4756c23bb43655ba342333625421c581ce5680
PRV-000996,SIG-TN-00996,HEALTH_STAT,2026-06-26 20:29:57,PII_REDACTED_AND_NORMALIZED,VERIFIED_INTEGRITY,54427f44f4c6d6725194f48cbf15acea6d9a13a5ff8b3a8fb543cbe0c606558e
PRV-000997,SIG-TN-00997,CHECKPOST_OCR,2026-03-09 13:54:38,PII_REDACTED_AND_NORMALIZED,VERIFIED_INTEGRITY,b61dfa72f23e63d775fffd3f08e23ccb7cb1d047d9fac5e12254569ad7456a75
PRV-000998,SIG-TN-00998,CHECKPOST_OCR,2026-06-05 23:42:17,PII_REDACTED_AND_NORMALIZED,VERIFIED_INTEGRITY,86a4663f27147fdcd232e3c5b591e508e128adcfa4ae21d97272984f90adb6c6
PRV-000999,SIG-TN-00999,POLICE_LEDGER,2025-07-06 21:57:35,PII_REDACTED_AND_NORMALIZED,VERIFIED_INTEGRITY,190e511405f1e0a3a551e8081cda4f6d280712cdd44574b96f7e8c53e7891be0
PRV-001000,SIG-TN-01000,CHECKPOST_OCR,2025-03-02 16:11:16,PII_REDACTED_AND_NORMALIZED,VERIFIED_INTEGRITY,04e0a1bf7f629e35ab880bae27cf13ed552c5e16d65d9717258f69c7406bd38d
PRV-001001,SIG-TN-01001,CITIZEN_FEED,2025-07-17 01:10:36,PII_REDACTED_AND_NORMALIZED,VERIFIED_INTEGRITY,92ab6a4a01e55caa80809aa755dbd09834f43b9503eb0ae54f7c3c7ae7ee5872
PRV-001002,SIG-TN-01002,CHECKPOST_OCR,2025-12-28 00:01:10,PII_REDACTED_AND_NORMALIZED,VERIFIED_INTEGRITY,5074736e270fa5edc3533aadac143de3f84f22f124c50d0adf90394e41f2e62b
PRV-001003,SIG-TN-01003,POLICE_LEDGER,2025-10-04 12:05:25,PII_REDACTED_AND_NORMALIZED,VERIFIED_INTEGRITY,b41813798a557f15363c25224ee76897dc8013256969a9e84969b831fbe0aa20
PRV-001004,SIG-TN-01004,POLICE_LEDGER,2025-03-03 07:56:31,PII_REDACTED_AND_NORMALIZED,VERIFIED_INTEGRITY,517f7b17b035a52cc16ade2bb9cd9ed6673c62bf8c201b336278c470a77d55c8
PRV-001005,SIG-TN-01005,HEALTH_STAT,2026-06-30 17:25:34,PII_REDACTED_AND_NORMALIZED,VERIFIED_INTEGRITY,ae44b17af43454539c28e60ebad4c03d2a0863bca954865662156e5a88474e52
PRV-001006,SIG-TN-01006,POLICE_LEDGER,2025-02-03 17:30:20,PII_REDACTED_AND_NORMALIZED,VERIFIED_INTEGRITY,864b78754ee5bbd71812d3ad93802da80ce27655a26cd3507f0b71b0c7b9b52d
PRV-001007,SIG-TN-01007,HEALTH_STAT,2026-01-09 21:10:07,PII_REDACTED_AND_NORMALIZED,VERIFIED_INTEGRITY,edb2832d5f975c2895d32d749b66264f05b4833e51ec5ea3210f00759c620ee1
PRV-001008,SIG-TN-01008,CITIZEN_FEED,2026-05-18 15:12:24,PII_REDACTED_AND_NORMALIZED,VERIFIED_INTEGRITY,af26bb04b0a4709f0f3ffada9067ff7da48327c53bdbb1a064f1b25db5a4d6f9
PRV-001009,SIG-TN-01009,POLICE_LEDGER,2026-04-24 05:54:51,PII_REDACTED_AND_NORMALIZED,VERIFIED_INTEGRITY,266dd20147300dd3c4e73ba9ed2d1a9d77fa4b891e1eb692dd58d028e0a18a1c
PRV-001010,SIG-TN-01010,HEALTH_STAT,2025-09-30 06:34:50,PII_REDACTED_AND_NORMALIZED,VERIFIED_INTEGRITY,40f113eebec6d6b29616d3bde9b750d3917653e21870e5bae7a3ec8151731282
PRV-001011,SIG-TN-01011,CHECKPOST_OCR,2026-01-30 14:44:19,PII_REDACTED_AND_NORMALIZED,VERIFIED_INTEGRITY,675bd42650c3a1a80dacb5b2095ea1fb6d164a88cb763f80043b0e1701e047a8
PRV-001012,SIG-TN-01012,CITIZEN_FEED,2026-01-01 18:30:01,PII_REDACTED_AND_NORMALIZED,VERIFIED_INTEGRITY,7d25eadd69eccd4c8110c10069553388a364eada133b6c8a403232e88d95d96a
PRV-001013,SIG-TN-01013,CITIZEN_FEED,2025-03-29 12:33:14,PII_REDACTED_AND_NORMALIZED,VERIFIED_INTEGRITY,20201900499c3d2d7b11c714f76e5e1cf5d7dedbbaf73e1dbdb821d879628994
PRV-001014,SIG-TN-01014,CITIZEN_FEED,2024-11-03 18:38:45,PII_REDACTED_AND_NORMALIZED,VERIFIED_INTEGRITY,6c33e7d773b016ec84055da1ceb88b5c40211391558ae1596e7ee2e45a22b70e
PRV-001015,SIG-TN-01015,CITIZEN_FEED,2025-07-15 01:35:47,PII_REDACTED_AND_NORMALIZED,VERIFIED_INTEGRITY,d842aa63da6293da7ba687f82c73eb0a539b20cbff32d4d2214c2ea15cfd38bb
PRV-001016,SIG-TN-01016,HEALTH_STAT,2024-10-28 03:24:43,PII_REDACTED_AND_NORMALIZED,VERIFIED_INTEGRITY,dbf05bb29b7567639186c5d2a3fef25e6af290e9ab0c238cde82fe4de4e15a22
PRV-001017,SIG-TN-01017,POLICE_LEDGER,2025-01-22 12:10:31,PII_REDACTED_AND_NORMALIZED,VERIFIED_INTEGRITY,597455ac4eae4a0ae890c7e353b93249f6466b505eccece008fd67198bed20c2
PRV-001018,SIG-TN-01018,HEALTH_STAT,2025-02-14 23:00:26,PII_REDACTED_AND_NORMALIZED,VERIFIED_INTEGRITY,8d2fbe17e4a3d6942954e5509265b080a48bcd88cf5d889b42ede7e48afbe34e
PRV-001019,SIG-TN-01019,POLICE_LEDGER,2026-06-09 05:23:29,PII_REDACTED_AND_NORMALIZED,VERIFIED_INTEGRITY,cfe6be2e77ca917c83dd29f2b402f56d3195abac7b1e8ec56248249bc9ec0f99
PRV-001020,SIG-TN-01020,CITIZEN_FEED,2025-05-25 11:44:42,PII_REDACTED_AND_NORMALIZED,VERIFIED_INTEGRITY,540f18eec15c47bef650baf135df67905f34e3114ee7eaec3558799ce686ade5
PRV-001021,SIG-TN-01021,POLICE_LEDGER,2026-02-15 23:04:38,PII_REDACTED_AND_NORMALIZED,VERIFIED_INTEGRITY,91d7b7e571028869894ecf975adb2c370294dc70de60c37fe69bc48faf68f32a
PRV-001022,SIG-TN-01022,CHECKPOST_OCR,2026-08-16 20:26:33,PII_REDACTED_AND_NORMALIZED,VERIFIED_INTEGRITY,1e32f4995f6a2f89be1f72adb5a085754205f5b7098099990bea36b28099b999
PRV-001023,SIG-TN-01023,CHECKPOST_OCR,2026-08-11 06:29:40,PII_REDACTED_AND_NORMALIZED,VERIFIED_INTEGRITY,bc20a18b689302d0ebcd7f7fa9eefd8fc1634e26623beae835c658a1430441ff
PRV-001024,SIG-TN-01024,CITIZEN_FEED,2025-09-29 13:46:23,PII_REDACTED_AND_NORMALIZED,VERIFIED_INTEGRITY,df5d0561a11e2963d107ee9f592d8f19999005c607f6a84eb7b4641780133f9e
PRV-001025,SIG-TN-01025,CITIZEN_FEED,2026-08-10 11:59:10,PII_REDACTED_AND_NORMALIZED,VERIFIED_INTEGRITY,d868708642964e668f2873624aad5c4023d15daa5eb0ae36ba984af84dbd2a76
PRV-001026,SIG-TN-01026,HEALTH_STAT,2025-12-05 20:30:53,PII_REDACTED_AND_NORMALIZED,VERIFIED_INTEGRITY,e3d2554a31172387656e2180d4989ff13d83af61f22d71ec44cbf0c1f9678b12
PRV-001027,SIG-TN-01027,CHECKPOST_OCR,2024-12-16 04:25:41,PII_REDACTED_AND_NORMALIZED,VERIFIED_INTEGRITY,c86c97adbaa6bffd720bb984de219858c894606bfe5fc74b19abbc0488bb2327
PRV-001028,SIG-TN-01028,CHECKPOST_OCR,2024-12-16 23:36:06,PII_REDACTED_AND_NORMALIZED,VERIFIED_INTEGRITY,e8c8b7b2453a48cf5fe97046678dae4db59e4d68a1ad0214c90a80d4dea28990
PRV-001029,SIG-TN-01029,CITIZEN_FEED,2025-12-14 18:13:37,PII_REDACTED_AND_NORMALIZED,VERIFIED_INTEGRITY,61f9677ae3738b082e3a64fbe209ed2c6a465579d22a7e43641e80f262911f43
PRV-001030,SIG-TN-01030,CITIZEN_FEED,2026-04-30 15:39:46,PII_REDACTED_AND_NORMALIZED,VERIFIED_INTEGRITY,94175c520f2b7fdacb7c3d8b7725589773340694e2411e67fc0068228e6e9a0e
PRV-001031,SIG-TN-01031,CHECKPOST_OCR,2024-09-20 03:01:24,PII_REDACTED_AND_NORMALIZED,VERIFIED_INTEGRITY,e54ab75f48c0643b436e963187e4c2653f47aa1399763ff5263705ee74209a82
PRV-001032,SIG-TN-01032,CITIZEN_FEED,2025-03-24 20:01:06,PII_REDACTED_AND_NORMALIZED,VERIFIED_INTEGRITY,3f7301c3e6e4238fa8570cd22aeb3f45b6142dc93724557d7717dec2bcd03f6f
PRV-001033,SIG-TN-01033,POLICE_LEDGER,2026-06-26 22:52:09,PII_REDACTED_AND_NORMALIZED,VERIFIED_INTEGRITY,7aea1c88a84af9e599a5acf1682d3c1109b6bd4b480bd921f8777d5a1642e5b6
PRV-001034,SIG-TN-01034,CITIZEN_FEED,2026-06-18 03:00:29,PII_REDACTED_AND_NORMALIZED,VERIFIED_INTEGRITY,9824de1103fd4f11a387cfb891c7833dfe8cc1254ea9d9b6b3a93aeb53553bcd
PRV-001035,SIG-TN-01035,POLICE_LEDGER,2025-10-30 09:37:33,PII_REDACTED_AND_NORMALIZED,VERIFIED_INTEGRITY,14d4762c0c5596c1e2fe5615d67e0d869e55d63587ab82aff44e68df52aba624
PRV-001036,SIG-TN-01036,CITIZEN_FEED,2025-12-15 09:22:03,PII_REDACTED_AND_NORMALIZED,VERIFIED_INTEGRITY,833f27cf5591e4df13169545f379d2f42292f300177da84880462ca8ce7988f3
PRV-001037,SIG-TN-01037,CHECKPOST_OCR,2026-01-28 03:12:49,PII_REDACTED_AND_NORMALIZED,VERIFIED_INTEGRITY,dd40baa41bb4e58cdb19395bf89ad1b16df12c94d5c3c5c2c9a52d6e6e389698
PRV-001038,SIG-TN-01038,CHECKPOST_OCR,2024-11-05 17:27:57,PII_REDACTED_AND_NORMALIZED,VERIFIED_INTEGRITY,d40bec318bdf4fe9491e7e416314df276ebfcd28c86579fe7346da9ccc71c83c
PRV-001039,SIG-TN-01039,CHECKPOST_OCR,2026-06-09 06:51:19,PII_REDACTED_AND_NORMALIZED,VERIFIED_INTEGRITY,ef5f532d150458b7d09dfd88f5226210783f343e4fccd848f8f9dbe8b698d646
PRV-001040,SIG-TN-01040,POLICE_LEDGER,2025-06-23 14:30:25,PII_REDACTED_AND_NORMALIZED,VERIFIED_INTEGRITY,177289161a473c11145ea5bb9d6f234da5be60956283cca65c265c3876d00434
PRV-001041,SIG-TN-01041,CITIZEN_FEED,2026-01-06 01:45:27,PII_REDACTED_AND_NORMALIZED,VERIFIED_INTEGRITY,6918a1dd6544ca4d7e1fb3bd7a512eb273a022352cb6fd522322f39f478de00c
PRV-001042,SIG-TN-01042,HEALTH_STAT,2025-01-11 13:05:39,PII_REDACTED_AND_NORMALIZED,VERIFIED_INTEGRITY,fff554d580cdf61c51c983cd0cf7413d52a69afe58fc82f2e00df9cda4ffdeff
PRV-001043,SIG-TN-01043,POLICE_LEDGER,2025-05-15 12:31:04,PII_REDACTED_AND_NORMALIZED,VERIFIED_INTEGRITY,d093e95c3f0f1a387919d0990e64f7d279ea7ff0df9104847e094d740058814f
PRV-001044,SIG-TN-01044,CITIZEN_FEED,2025-10-30 08:22:14,PII_REDACTED_AND_NORMALIZED,VERIFIED_INTEGRITY,b69108e80eedda59c769432e719cffbde7dfcce9c8bb26d5276a39276f2f4fcc
PRV-001045,SIG-TN-01045,HEALTH_STAT,2026-01-31 15:01:34,PII_REDACTED_AND_NORMALIZED,VERIFIED_INTEGRITY,98f55b935a34e0412b42a4991f4c245d3ea28a8c1f7fa800649b1fc832022a3e
PRV-001046,SIG-TN-01046,HEALTH_STAT,2025-04-06 03:31:57,PII_REDACTED_AND_NORMALIZED,VERIFIED_INTEGRITY,7e4658cfa75fb56eaebc5f5c67b6d189b88ad5f41a80ed9ed79eaa05c610d5e5
PRV-001047,SIG-TN-01047,POLICE_LEDGER,2025-03-09 17:05:00,PII_REDACTED_AND_NORMALIZED,VERIFIED_INTEGRITY,bd2b2cc972f62befc7c8cbfcfe4990df9d9812a29cd5a94aafaf79bc4b88accb
PRV-001048,SIG-TN-01048,POLICE_LEDGER,2024-10-25 16:58:36,PII_REDACTED_AND_NORMALIZED,VERIFIED_INTEGRITY,e5248a973f428073a48756d074016579bcc69d5801148c313e2ccd0c15dc5727
PRV-001049,SIG-TN-01049,CITIZEN_FEED,2026-05-03 15:36:57,PII_REDACTED_AND_NORMALIZED,VERIFIED_INTEGRITY,af1ef49358a7817d672ce7449858ddb2438960d03f1c5f5f04447b632d6ae939
PRV-001050,SIG-TN-01050,CITIZEN_FEED,2024-11-06 05:46:40,PII_REDACTED_AND_NORMALIZED,VERIFIED_INTEGRITY,fbfc738e659103459f876a7a9db43a442769b366b4af4857e7cc42a6f26bcc7e
PRV-001051,SIG-TN-01051,CITIZEN_FEED,2026-04-26 22:45:21,PII_REDACTED_AND_NORMALIZED,VERIFIED_INTEGRITY,89235b09e4f0cf4bb8225475e92a277e27d7b91b20dfe099d0f2c0cbd445594e
PRV-001052,SIG-TN-01052,HEALTH_STAT,2025-08-02 13:58:57,PII_REDACTED_AND_NORMALIZED,VERIFIED_INTEGRITY,856d0714dbe33be4e7b27927eb79387c9c9283678ee04f36f3ebea694de7014d
PRV-001053,SIG-TN-01053,HEALTH_STAT,2025-02-16 19:47:30,PII_REDACTED_AND_NORMALIZED,VERIFIED_INTEGRITY,0a4dcdda8284332c4080362efeb320c59f6154a40ba1c778393de7acd1460a75
PRV-001054,SIG-TN-01054,CITIZEN_FEED,2026-07-30 10:17:26,PII_REDACTED_AND_NORMALIZED,VERIFIED_INTEGRITY,8cbeba0265c63c06656ce13948ce48d68915c96c6890faca24e39da546c35156
PRV-001055,SIG-TN-01055,CHECKPOST_OCR,2025-01-17 16:29:38,PII_REDACTED_AND_NORMALIZED,VERIFIED_INTEGRITY,c4e16c360095246992d0cda9ac98dd8b164a08a153b65e4ced6c0ca6870ea4b9
PRV-001056,SIG-TN-01056,HEALTH_STAT,2024-12-29 05:54:17,PII_REDACTED_AND_NORMALIZED,VERIFIED_INTEGRITY,bc9342384d44439acb8562305609673eb87250a1e023c83b6d155f172307c4ef
PRV-001057,SIG-TN-01057,CITIZEN_FEED,2025-07-23 12:41:59,PII_REDACTED_AND_NORMALIZED,VERIFIED_INTEGRITY,b0058eccdf26c99b89d390749d7860e2ce82429d11bb248f97897b30760879b2
PRV-001058,SIG-TN-01058,CHECKPOST_OCR,2025-06-11 12:33:13,PII_REDACTED_AND_NORMALIZED,VERIFIED_INTEGRITY,94988b47bd756cf6d8c819b5a12f61b3ad642b9b445f8ea7f47320aa061d6213
PRV-001059,SIG-TN-01059,POLICE_LEDGER,2026-01-25 16:11:22,PII_REDACTED_AND_NORMALIZED,VERIFIED_INTEGRITY,18ea797fa7b8b8589c478639f4e2f19b375a6a9f98347851148cb2c15d8b9a19
PRV-001060,SIG-TN-01060,CITIZEN_FEED,2024-11-03 19:26:32,PII_REDACTED_AND_NORMALIZED,VERIFIED_INTEGRITY,24c628f7238926a1db19bc6d8c3fc05757730b6e05c7c9b000103004aa6286ba
PRV-001061,SIG-TN-01061,CHECKPOST_OCR,2026-06-03 10:10:35,PII_REDACTED_AND_NORMALIZED,VERIFIED_INTEGRITY,82e2064a9279b4734877dbb67d813eed655f61d018769a002dfd801d3b9be355
PRV-001062,SIG-TN-01062,HEALTH_STAT,2024-11-07 07:08:46,PII_REDACTED_AND_NORMALIZED,VERIFIED_INTEGRITY,7c4f1e58077f4481cc4d738b8273423bd756b138326326157d3aff6cb15204be
PRV-001063,SIG-TN-01063,HEALTH_STAT,2026-01-20 00:04:10,PII_REDACTED_AND_NORMALIZED,VERIFIED_INTEGRITY,de845c8213a625cdbbfd66d3c0b7328f430fd9dceec2fdd06314d19eb466701f
PRV-001064,SIG-TN-01064,CITIZEN_FEED,2025-06-02 06:16:52,PII_REDACTED_AND_NORMALIZED,VERIFIED_INTEGRITY,3c241919f4057c255a42df3fce45a45f81d35066bccd0caeed9612be455a6308
PRV-001065,SIG-TN-01065,CHECKPOST_OCR,2025-10-03 08:56:01,PII_REDACTED_AND_NORMALIZED,VERIFIED_INTEGRITY,82b2bb9cdc476939821b9896e8bd281d43a7c2beba35b59c20e07c635d8c6c49
PRV-001066,SIG-TN-01066,HEALTH_STAT,2026-05-14 00:42:08,PII_REDACTED_AND_NORMALIZED,VERIFIED_INTEGRITY,a2b100981bd34bbfa59ad5e2778e3a3f2609ee76f6ea60870da4fd965b2d0167
PRV-001067,SIG-TN-01067,HEALTH_STAT,2025-12-08 22:53:45,PII_REDACTED_AND_NORMALIZED,VERIFIED_INTEGRITY,3881ef3a0442de197c6ef7e614baee308a64e19e5fde884b4dedfb51d8391acb
PRV-001068,SIG-TN-01068,HEALTH_STAT,2026-02-04 01:21:04,PII_REDACTED_AND_NORMALIZED,VERIFIED_INTEGRITY,0d92d487ee7845051804900ded48e9bc481c4e6bb869a0d8a33b8d1148d8a0eb
PRV-001069,SIG-TN-01069,CITIZEN_FEED,2026-06-13 02:06:33,PII_REDACTED_AND_NORMALIZED,VERIFIED_INTEGRITY,b6a845286d41c9e02489dd91850d2c6ffcd11c7cc8428421f19ce26831bd190b
PRV-001070,SIG-TN-01070,POLICE_LEDGER,2025-11-05 19:32:05,PII_REDACTED_AND_NORMALIZED,VERIFIED_INTEGRITY,f436483e252536ec4f21f4ff7737701d9f9d3a1ef0afe286e7376e90a6ec25a4
PRV-001071,SIG-TN-01071,CHECKPOST_OCR,2025-03-19 17:34:16,PII_REDACTED_AND_NORMALIZED,VERIFIED_INTEGRITY,c4bd8377a5ab53d7a26ec52ee01bdef43e61b90b28d943cbe4ce503355bde0eb
PRV-001072,SIG-TN-01072,HEALTH_STAT,2024-12-26 18:37:26,PII_REDACTED_AND_NORMALIZED,VERIFIED_INTEGRITY,196917b9d57a81ca8718319a03f4bdcca55b8e958f5619043fac5d3163c124dd
PRV-001073,SIG-TN-01073,POLICE_LEDGER,2026-06-30 03:42:47,PII_REDACTED_AND_NORMALIZED,VERIFIED_INTEGRITY,8b9787c0ac4cd8dfba1fdb473e7d5d6f89f2e8bfbd47d6b1fd69e7002ee424f7
PRV-001074,SIG-TN-01074,CHECKPOST_OCR,2025-02-24 10:10:04,PII_REDACTED_AND_NORMALIZED,VERIFIED_INTEGRITY,efd9be1c38e214a82043dce7b6fe86a973a48739aef15d6f8099d72d354d2e84
PRV-001075,SIG-TN-01075,CHECKPOST_OCR,2025-09-16 09:46:45,PII_REDACTED_AND_NORMALIZED,VERIFIED_INTEGRITY,016ad45f3493786b98676bef17ae5cd651286a73559a3436ddde493eca1a7582
PRV-001076,SIG-TN-01076,HEALTH_STAT,2026-03-18 16:32:17,PII_REDACTED_AND_NORMALIZED,VERIFIED_INTEGRITY,236bb775e0777cb158575eb79f2ad144377badfab8e98d99029df4b6a84892f0
PRV-001077,SIG-TN-01077,CHECKPOST_OCR,2026-07-16 09:18:04,PII_REDACTED_AND_NORMALIZED,VERIFIED_INTEGRITY,d10da9c4da5c111094d2091154e45613e609cf72b0318cdfff76fa7cc50e5c15
PRV-001078,SIG-TN-01078,CITIZEN_FEED,2025-03-09 07:31:00,PII_REDACTED_AND_NORMALIZED,VERIFIED_INTEGRITY,57b43ea560ebaecc88ff2d53fd5ba15b7b280a5fea8fb84ee06a4b0dc2084205
PRV-001079,SIG-TN-01079,POLICE_LEDGER,2025-10-21 00:12:52,PII_REDACTED_AND_NORMALIZED,VERIFIED_INTEGRITY,fc09cc7e3dcf9c79b5a1fa54f44809fb5f986689fe1e3acf76681a1e2a7d1fd0
PRV-001080,SIG-TN-01080,CHECKPOST_OCR,2026-08-07 18:15:57,PII_REDACTED_AND_NORMALIZED,VERIFIED_INTEGRITY,a03fa8ccee6092e053db9e95f7b0d77db3ebcfdf8dc97d2aa0d3daf2a8710747
PRV-001081,SIG-TN-01081,CITIZEN_FEED,2025-01-30 21:24:55,PII_REDACTED_AND_NORMALIZED,VERIFIED_INTEGRITY,c558cacaca3fe252fc4955a2d61cfdf5054762e3de4ade5391c10f399d04c6b6
PRV-001082,SIG-TN-01082,POLICE_LEDGER,2026-01-23 18:14:49,PII_REDACTED_AND_NORMALIZED,VERIFIED_INTEGRITY,beaadeb3a895ed9583ff03bc87bec7d9d3f330296627fb1d4b8d34e906ce5c18
PRV-001083,SIG-TN-01083,HEALTH_STAT,2025-04-11 16:42:03,PII_REDACTED_AND_NORMALIZED,VERIFIED_INTEGRITY,64e179b2f10726b3d078a2dc1ad11b5f815ddd3a639d56d908682478c6b30923
PRV-001084,SIG-TN-01084,CITIZEN_FEED,2025-10-21 07:34:28,PII_REDACTED_AND_NORMALIZED,VERIFIED_INTEGRITY,751ccac9a1a2e5972e980546ec3349e829d55bd21bc49571ebaf6b5a502f883c
PRV-001085,SIG-TN-01085,CITIZEN_FEED,2026-03-30 07:27:35,PII_REDACTED_AND_NORMALIZED,VERIFIED_INTEGRITY,7b4618dd8a398356fae45633046fab49221daab8d2c25bd222a28fc6f22e5a8d
PRV-001086,SIG-TN-01086,CITIZEN_FEED,2025-03-09 12:42:51,PII_REDACTED_AND_NORMALIZED,VERIFIED_INTEGRITY,dd01f7072dbfcc2a09ca81253726626b4407c3ef3a04ec3ffe79f921810d6093
PRV-001087,SIG-TN-01087,HEALTH_STAT,2025-07-18 21:04:33,PII_REDACTED_AND_NORMALIZED,VERIFIED_INTEGRITY,3d304e0364992d7814c23827aa6e2459bd6d5558c570cc88eea7ad5753fa8453
PRV-001088,SIG-TN-01088,POLICE_LEDGER,2026-05-17 11:24:46,PII_REDACTED_AND_NORMALIZED,VERIFIED_INTEGRITY,00f4debaa580b6ae8295361f57fa7f8d887436be653270296f12afb6bf6d9026
PRV-001089,SIG-TN-01089,CHECKPOST_OCR,2026-03-26 14:42:05,PII_REDACTED_AND_NORMALIZED,VERIFIED_INTEGRITY,4efe106e29460bd92e267b0a23859387a95dfd9022fdbe98a63a95ada942aa29
PRV-001090,SIG-TN-01090,CITIZEN_FEED,2025-11-23 06:06:16,PII_REDACTED_AND_NORMALIZED,VERIFIED_INTEGRITY,a10cc3482c2fd472b5e88ce5ee7d36e8d921f1a3a91bd8a4b645ed9a3db3d685
PRV-001091,SIG-TN-01091,CITIZEN_FEED,2025-07-15 08:49:08,PII_REDACTED_AND_NORMALIZED,VERIFIED_INTEGRITY,6bccc214e6b54b221634e7022e01855eca46ebb73f80f5b3755865b41c19f58a
PRV-001092,SIG-TN-01092,CITIZEN_FEED,2025-10-21 03:37:15,PII_REDACTED_AND_NORMALIZED,VERIFIED_INTEGRITY,6fca718ebde3a032154f791ecbddf0b0a22bbc0cd3e43fe618176cbd16cd6088
PRV-001093,SIG-TN-01093,CITIZEN_FEED,2025-08-05 13:13:31,PII_REDACTED_AND_NORMALIZED,VERIFIED_INTEGRITY,4cc3715494690acea07d9c904d2fbeb72b5ef14e313af478195f3e74ed18bd8d
PRV-001094,SIG-TN-01094,CITIZEN_FEED,2025-05-04 17:19:24,PII_REDACTED_AND_NORMALIZED,VERIFIED_INTEGRITY,287fb2c2ec89c858890f960af1a81b2449741fd78c8f59e077ffd6de005cfa36
PRV-001095,SIG-TN-01095,CHECKPOST_OCR,2024-09-27 05:01:26,PII_REDACTED_AND_NORMALIZED,VERIFIED_INTEGRITY,8ca9b9c43a54b297206700d15d33bde93a8c18e1acc59fc20a37b28fa10b98bf
PRV-001096,SIG-TN-01096,CITIZEN_FEED,2025-01-02 18:42:33,PII_REDACTED_AND_NORMALIZED,VERIFIED_INTEGRITY,7d2597953587069977fa6704a171891165c4abc2ca687562db2ea1fd6fc72336
PRV-001097,SIG-TN-01097,HEALTH_STAT,2026-03-30 23:08:02,PII_REDACTED_AND_NORMALIZED,VERIFIED_INTEGRITY,4c01849453f44109378bdeea57404a575cc182d6db60d0aaa01d5b66c0da66b4
PRV-001098,SIG-TN-01098,POLICE_LEDGER,2025-08-08 06:44:21,PII_REDACTED_AND_NORMALIZED,VERIFIED_INTEGRITY,128ec1f142099dfbcf8d6cf4b02110381b0697666061ccb1c67bf21b20cfca68
PRV-001099,SIG-TN-01099,CHECKPOST_OCR,2026-03-04 07:47:53,PII_REDACTED_AND_NORMALIZED,VERIFIED_INTEGRITY,1f4c9d9393cad375c9537edb760fc56a29dd025a05db500e56963b848deee5ad
PRV-001100,SIG-TN-01100,POLICE_LEDGER,2026-05-06 22:49:21,PII_REDACTED_AND_NORMALIZED,VERIFIED_INTEGRITY,7f35d44d88e32ee3edd91d63cb36b8e06c085d717856e7a780f6beea500a7a49
PRV-001101,SIG-TN-01101,POLICE_LEDGER,2025-09-03 11:38:34,PII_REDACTED_AND_NORMALIZED,VERIFIED_INTEGRITY,d62519efa2ac72ed363dff583e7c0c916849d082d541a55136a54d77bba8a5e6
PRV-001102,SIG-TN-01102,HEALTH_STAT,2025-01-02 21:49:56,PII_REDACTED_AND_NORMALIZED,VERIFIED_INTEGRITY,05f611dbeccdc2dd20c56c74840c5b4a4e335ac795bfa2a55cb0f104982caad4
PRV-001103,SIG-TN-01103,POLICE_LEDGER,2026-02-20 05:43:07,PII_REDACTED_AND_NORMALIZED,VERIFIED_INTEGRITY,8e4bb638bac68d011b82baf0120d7df2be1deca16b570db0b7d3d3c00f1c0836
PRV-001104,SIG-TN-01104,HEALTH_STAT,2025-08-17 17:49:00,PII_REDACTED_AND_NORMALIZED,VERIFIED_INTEGRITY,43229b96275ca12f82d9841aac163142abf31b840e1cdf701407c33cefa78c90
PRV-001105,SIG-TN-01105,CITIZEN_FEED,2026-02-10 07:08:48,PII_REDACTED_AND_NORMALIZED,VERIFIED_INTEGRITY,1b3084e0cd6e40fc4b3d886dc6fd9952a5eb6f1abc547911acf6af5b21737283
PRV-001106,SIG-TN-01106,CITIZEN_FEED,2025-09-13 09:14:23,PII_REDACTED_AND_NORMALIZED,VERIFIED_INTEGRITY,e1ff856542b6ab25491b62ef6c7400f6ee43fccb663031569d0fbd1f20ceb711
PRV-001107,SIG-TN-01107,CHECKPOST_OCR,2024-10-09 10:25:37,PII_REDACTED_AND_NORMALIZED,VERIFIED_INTEGRITY,e07947ad03af3a910c13b20dbdd384f9136224c8a7444cbd3faee8580240ff7b
PRV-001108,SIG-TN-01108,POLICE_LEDGER,2026-04-14 11:31:11,PII_REDACTED_AND_NORMALIZED,VERIFIED_INTEGRITY,5819bfe3b86c9bcfe809880bf5ef29ef84a32066ef374f9f625bbfd84e05dc8e
PRV-001109,SIG-TN-01109,POLICE_LEDGER,2026-06-27 09:37:05,PII_REDACTED_AND_NORMALIZED,VERIFIED_INTEGRITY,fd750d4ec10591c928e248f5b88c6e99f394aaa302456335185ba378fa2c0a37
PRV-001110,SIG-TN-01110,HEALTH_STAT,2024-11-03 12:59:47,PII_REDACTED_AND_NORMALIZED,VERIFIED_INTEGRITY,ed1141db65f345e37db685ab8b39d456f78460c50cb1f01926b26918163ef7b9
PRV-001111,SIG-TN-01111,CITIZEN_FEED,2025-01-21 04:39:07,PII_REDACTED_AND_NORMALIZED,VERIFIED_INTEGRITY,53c16bfb865e73da511fa622c48ee335dba68ca5e2c6acbc0da8908d6a629be6
PRV-001112,SIG-TN-01112,HEALTH_STAT,2025-10-13 10:41:31,PII_REDACTED_AND_NORMALIZED,VERIFIED_INTEGRITY,0a3a4af1d1b4bc587bd8048a376606b8ec48f29dc7b8363938322f0f6dbd7ef5
PRV-001113,SIG-TN-01113,POLICE_LEDGER,2026-06-18 15:19:19,PII_REDACTED_AND_NORMALIZED,VERIFIED_INTEGRITY,9e51b8bd770486e41de0b7a3dc3b1ff441f71a3841e54d1cddc93e74dd71e12f
PRV-001114,SIG-TN-01114,CITIZEN_FEED,2025-05-22 00:47:54,PII_REDACTED_AND_NORMALIZED,VERIFIED_INTEGRITY,8a45411c2677bc75e832350ae3ee43922c24f3c18f843e261de65a09d252ddf3
PRV-001115,SIG-TN-01115,CHECKPOST_OCR,2024-12-06 06:15:56,PII_REDACTED_AND_NORMALIZED,VERIFIED_INTEGRITY,aaa510e844becbe582713897fb878728c92332fb89db017547886949c137f6e7
PRV-001116,SIG-TN-01116,HEALTH_STAT,2025-07-30 03:51:37,PII_REDACTED_AND_NORMALIZED,VERIFIED_INTEGRITY,c6e1eea09219ecf53f3d07b651734fb02130eec067a48b0b9248bfa2a3f0d711
PRV-001117,SIG-TN-01117,HEALTH_STAT,2025-07-02 18:16:50,PII_REDACTED_AND_NORMALIZED,VERIFIED_INTEGRITY,f1db53725d3e0502c84396fd02fc5e4106d93fd5ea73f1f65f5b9fa5bcc9d1c7
PRV-001118,SIG-TN-01118,CITIZEN_FEED,2025-06-12 16:50:28,PII_REDACTED_AND_NORMALIZED,VERIFIED_INTEGRITY,f0dccbe4c28220d9607f0676eaef799ec3715d35b0b6385858cebeeac98a5cc1
PRV-001119,SIG-TN-01119,CHECKPOST_OCR,2026-05-07 12:36:06,PII_REDACTED_AND_NORMALIZED,VERIFIED_INTEGRITY,40ce7791140a4febfd5f5b270c10118bac3fad54af21b28b842fac3ce4434c58
PRV-001120,SIG-TN-01120,HEALTH_STAT,2025-05-04 12:07:57,PII_REDACTED_AND_NORMALIZED,VERIFIED_INTEGRITY,acb40d9f7ac57e7d11199cdab940749c411aa62e824a4341092658b3ca06b75a
PRV-001121,SIG-TN-01121,HEALTH_STAT,2025-12-22 19:36:22,PII_REDACTED_AND_NORMALIZED,VERIFIED_INTEGRITY,f2d964e37d42a05ecff022b94cb7573d3ff0aee5bc5919299cfce4da6cf0ddb2
PRV-001122,SIG-TN-01122,POLICE_LEDGER,2025-12-12 18:18:49,PII_REDACTED_AND_NORMALIZED,VERIFIED_INTEGRITY,812b0c92334ef54be5616567b7016f722b28eaff0f60c4112de6bb6650bd1c8b
PRV-001123,SIG-TN-01123,POLICE_LEDGER,2025-03-27 06:10:11,PII_REDACTED_AND_NORMALIZED,VERIFIED_INTEGRITY,c40da9722be0adcb2fcbed8781d07dca0127aba4e1d48a68ef345dd7ab1f1431
PRV-001124,SIG-TN-01124,CITIZEN_FEED,2025-05-12 08:48:29,PII_REDACTED_AND_NORMALIZED,VERIFIED_INTEGRITY,c752ebf882de4a1dbea68699737afc13c95108cfabc19cb5283cabb95028045b
PRV-001125,SIG-TN-01125,CHECKPOST_OCR,2025-05-31 00:23:14,PII_REDACTED_AND_NORMALIZED,VERIFIED_INTEGRITY,75e26f8d4202733d2e3b14bca8c577c5460a628986bd85fd7366a67161f3a700
PRV-001126,SIG-TN-01126,POLICE_LEDGER,2025-10-12 06:30:38,PII_REDACTED_AND_NORMALIZED,VERIFIED_INTEGRITY,e1b59a159278ae256bca55a358671618c331291c61515f666a6c46f04f225d38
PRV-001127,SIG-TN-01127,CITIZEN_FEED,2026-06-02 00:05:19,PII_REDACTED_AND_NORMALIZED,VERIFIED_INTEGRITY,2a15420f865ae25c5dfaceb00fa9596f90d98280bfa7a63c12384edb1851cd69
PRV-001128,SIG-TN-01128,POLICE_LEDGER,2026-05-17 09:59:53,PII_REDACTED_AND_NORMALIZED,VERIFIED_INTEGRITY,9a468775944b800a8eedc9c32381a3eaa1f3ba25f048fd0e23345273ea9acb92
PRV-001129,SIG-TN-01129,CHECKPOST_OCR,2025-12-14 17:38:07,PII_REDACTED_AND_NORMALIZED,VERIFIED_INTEGRITY,0ba119b38015dce4b889b2735498b4b7379332f5102b463785341a6d205e41fe
PRV-001130,SIG-TN-01130,POLICE_LEDGER,2025-12-06 22:04:19,PII_REDACTED_AND_NORMALIZED,VERIFIED_INTEGRITY,f60b1a23a468bf3cd46ce766a56d8e0167dd90e24a5a5f4b9da9dd46e7344e8a
PRV-001131,SIG-TN-01131,POLICE_LEDGER,2025-02-09 13:24:33,PII_REDACTED_AND_NORMALIZED,VERIFIED_INTEGRITY,96407456e705ef537c96999142bb371f2ba753da7ae6ccb408485a8c5e941055
PRV-001132,SIG-TN-01132,CITIZEN_FEED,2025-09-28 02:28:42,PII_REDACTED_AND_NORMALIZED,VERIFIED_INTEGRITY,4e3830dbdc86d80f7d825e061c7cf02daabaacde159d83d6b1b3aa0b267aea09
PRV-001133,SIG-TN-01133,HEALTH_STAT,2025-04-06 14:14:53,PII_REDACTED_AND_NORMALIZED,VERIFIED_INTEGRITY,123ddd9dd961ba06f814b6a8e3e12151d8e2bba869bab3cd8c6586d551c1be23
PRV-001134,SIG-TN-01134,CITIZEN_FEED,2026-07-04 19:41:39,PII_REDACTED_AND_NORMALIZED,VERIFIED_INTEGRITY,48dbe4412445038b1b55c62ac6858bdbcc7b45252d273b932e982d7e5236d6be
PRV-001135,SIG-TN-01135,CITIZEN_FEED,2026-07-04 19:29:44,PII_REDACTED_AND_NORMALIZED,VERIFIED_INTEGRITY,da4e1868f059b4495600589a86fae83f479a35e6e3b96752d0c561776d1e2db8
PRV-001136,SIG-TN-01136,HEALTH_STAT,2026-03-27 06:35:30,PII_REDACTED_AND_NORMALIZED,VERIFIED_INTEGRITY,50e8af0d85653835294b1b4dbb76e90d76aa50f1c75a0a513c0961044f07aea9
PRV-001137,SIG-TN-01137,POLICE_LEDGER,2026-06-26 00:31:54,PII_REDACTED_AND_NORMALIZED,VERIFIED_INTEGRITY,fd86e4acb6f15ed323c4c0148258f5cc349afb9b6bdcb77d4267c9f152c83cc6
PRV-001138,SIG-TN-01138,CHECKPOST_OCR,2025-12-02 12:47:00,PII_REDACTED_AND_NORMALIZED,VERIFIED_INTEGRITY,93abdb4fd78ae1154eb7d0ae1dcc64731088ccc353f926e4af548dd04f7014e9
PRV-001139,SIG-TN-01139,CHECKPOST_OCR,2026-02-22 14:59:35,PII_REDACTED_AND_NORMALIZED,VERIFIED_INTEGRITY,bb1709118dc917a40540eeff3eaa3f832db794c0e4cdc8f94e12bc7cdd64fa96
PRV-001140,SIG-TN-01140,CHECKPOST_OCR,2025-02-19 10:05:20,PII_REDACTED_AND_NORMALIZED,VERIFIED_INTEGRITY,1e4ad1a844fc9c81e0b485fda252daa676898520a990dde8126b17d5dd8c4777
PRV-001141,SIG-TN-01141,POLICE_LEDGER,2025-09-22 23:02:10,PII_REDACTED_AND_NORMALIZED,VERIFIED_INTEGRITY,028253f5d2db626f4ea14b626b4c85b846b2092b3026466d8d3cc2ed2228fe81
PRV-001142,SIG-TN-01142,POLICE_LEDGER,2026-05-06 08:21:43,PII_REDACTED_AND_NORMALIZED,VERIFIED_INTEGRITY,ddfa2d899fe6b286402250fbb99d2a8f300a700319224b26e1e5e054a092e9dc
PRV-001143,SIG-TN-01143,CITIZEN_FEED,2026-05-01 22:10:18,PII_REDACTED_AND_NORMALIZED,VERIFIED_INTEGRITY,20b234976665b690b268ea920e907d290b57aeaf0dc303f800fcb0ce2d28ebb5
PRV-001144,SIG-TN-01144,CITIZEN_FEED,2025-02-16 18:22:53,PII_REDACTED_AND_NORMALIZED,VERIFIED_INTEGRITY,feb42f120803b2fc695bf99a80fc5ab9e54fd64885a5e005c187ce4c07d5ab87
PRV-001145,SIG-TN-01145,CHECKPOST_OCR,2025-02-16 05:24:26,PII_REDACTED_AND_NORMALIZED,VERIFIED_INTEGRITY,22b4297e5f6309463b0500133cff65a2cd0a857dc0709cbf7ea36bed38aa7319
PRV-001146,SIG-TN-01146,CITIZEN_FEED,2025-07-28 01:15:38,PII_REDACTED_AND_NORMALIZED,VERIFIED_INTEGRITY,cff18b86504202e0293c84f3923975b06dcb6f57829060516d49b28ad1bd4bdb
PRV-001147,SIG-TN-01147,CITIZEN_FEED,2025-12-02 14:01:26,PII_REDACTED_AND_NORMALIZED,VERIFIED_INTEGRITY,d60646a40a56feeb5fdedef84fa5eb60b6d3daad06f874f35a8800988c5a7fca
PRV-001148,SIG-TN-01148,CHECKPOST_OCR,2024-10-31 10:59:21,PII_REDACTED_AND_NORMALIZED,VERIFIED_INTEGRITY,6267461537c9e9dd195788f763b5c73f865a36f6df8e71fea4a36d1855c6c55c
PRV-001149,SIG-TN-01149,CITIZEN_FEED,2024-10-09 02:26:20,PII_REDACTED_AND_NORMALIZED,VERIFIED_INTEGRITY,1a8b2b07f771c7de5c6c14094a1fefee34457721d46fc3fbd93f2d186674a489
PRV-001150,SIG-TN-01150,CITIZEN_FEED,2024-12-15 10:46:19,PII_REDACTED_AND_NORMALIZED,VERIFIED_INTEGRITY,72e3353b0ff916e8771326279dcb4469bc66bb91cca66fbb77bc664d3511b693
PRV-001151,SIG-TN-01151,CITIZEN_FEED,2025-06-01 05:44:07,PII_REDACTED_AND_NORMALIZED,VERIFIED_INTEGRITY,958d79b5e66cd9d89552b9d962b0688e07c6569f08b7cbb5361d85f30e9fca6c
PRV-001152,SIG-TN-01152,POLICE_LEDGER,2025-02-16 02:04:14,PII_REDACTED_AND_NORMALIZED,VERIFIED_INTEGRITY,e5c53df5c82e7af802bd5c91d82f1934f2241a3904eb34adac08531c76f46332
PRV-001153,SIG-TN-01153,CHECKPOST_OCR,2025-06-05 11:40:31,PII_REDACTED_AND_NORMALIZED,VERIFIED_INTEGRITY,7356a3527dc92acb9a552235d4d5627bcbbb0aeb0fb917c9c11e9cf124d0a44e
PRV-001154,SIG-TN-01154,POLICE_LEDGER,2025-01-05 10:51:09,PII_REDACTED_AND_NORMALIZED,VERIFIED_INTEGRITY,370b6730736c1e31604a332a3c43992c78fed09baa3da1f57db40aac639ded45
PRV-001155,SIG-TN-01155,CITIZEN_FEED,2026-08-20 00:42:22,PII_REDACTED_AND_NORMALIZED,VERIFIED_INTEGRITY,8e7cb34d8b49d69dec0c0fb91c9ac30632058bef959a1757fd74cdf834a51c85
PRV-001156,SIG-TN-01156,CITIZEN_FEED,2026-02-26 02:16:14,PII_REDACTED_AND_NORMALIZED,VERIFIED_INTEGRITY,0868dd6c871fbb9ed0278fa36730c40ed4ec1b55a4234cbb1de62ba503d15c50
PRV-001157,SIG-TN-01157,POLICE_LEDGER,2025-01-31 04:46:24,PII_REDACTED_AND_NORMALIZED,VERIFIED_INTEGRITY,fc5afe1a1176d51d496f1acf81fec9cf8887e12a2da0244d544c2b10bae8aad1
PRV-001158,SIG-TN-01158,POLICE_LEDGER,2026-05-23 14:48:55,PII_REDACTED_AND_NORMALIZED,VERIFIED_INTEGRITY,7767bfb7627e6c7705ecda538c747eba4713797a8db9c32182b2a00b910768b7
PRV-001159,SIG-TN-01159,CITIZEN_FEED,2025-10-15 22:41:36,PII_REDACTED_AND_NORMALIZED,VERIFIED_INTEGRITY,0326d880b9638124a122fdda818dd74c289928cb94d212e6e691d72462b943f0
PRV-001160,SIG-TN-01160,CITIZEN_FEED,2025-05-23 23:27:48,PII_REDACTED_AND_NORMALIZED,VERIFIED_INTEGRITY,d2cda48b607995088963899c23726960a3cb77de5f53083fe5864c245962d74c
PRV-001161,SIG-TN-01161,POLICE_LEDGER,2025-11-09 22:56:59,PII_REDACTED_AND_NORMALIZED,VERIFIED_INTEGRITY,c9e8bd1e532799bbe8cf0b23e0ae9943de7223de90c262f4558b42d8ea2dc377
PRV-001162,SIG-TN-01162,HEALTH_STAT,2024-09-22 22:45:25,PII_REDACTED_AND_NORMALIZED,VERIFIED_INTEGRITY,bbedd0d02a9a523a9f5557fe147fe2e3cad1bd6b4d02aed53e58c68f07f0f2dd
PRV-001163,SIG-TN-01163,POLICE_LEDGER,2024-11-20 23:40:06,PII_REDACTED_AND_NORMALIZED,VERIFIED_INTEGRITY,e28fa0235639d6f0a4b8d8f1b6e661eb5c9ce4017b47c553358d4cbaf574c5d7
PRV-001164,SIG-TN-01164,CITIZEN_FEED,2024-10-07 01:23:54,PII_REDACTED_AND_NORMALIZED,VERIFIED_INTEGRITY,41cf58c16f4bcc3991e576e3b37357095a243e94308d84b499a916b97f815f28
PRV-001165,SIG-TN-01165,HEALTH_STAT,2026-01-28 21:36:57,PII_REDACTED_AND_NORMALIZED,VERIFIED_INTEGRITY,5a3be9a2535c682cdc8c7a4b0e21bee34e055b4fb5fc2e146e95d31c2289cd98
PRV-001166,SIG-TN-01166,CITIZEN_FEED,2025-12-09 17:31:57,PII_REDACTED_AND_NORMALIZED,VERIFIED_INTEGRITY,c708acaa87ecf9e9bbd8942484470e54308b2ac83b2d7109b81ab199469ffe51
PRV-001167,SIG-TN-01167,CHECKPOST_OCR,2026-07-25 11:10:18,PII_REDACTED_AND_NORMALIZED,VERIFIED_INTEGRITY,2ff84c9046305ec9c45f8d3624326adb61762f20e4e9c8c7b432ed9771f01f3c
PRV-001168,SIG-TN-01168,POLICE_LEDGER,2025-11-21 03:09:04,PII_REDACTED_AND_NORMALIZED,VERIFIED_INTEGRITY,9a7328dcba5482758502b15e4f69d44f7c4506641fcefcc59f6b0221319ad96a
PRV-001169,SIG-TN-01169,CITIZEN_FEED,2025-01-09 00:09:56,PII_REDACTED_AND_NORMALIZED,VERIFIED_INTEGRITY,26b3ddcebf7de5a40f8708de03c47b915cbd8c43598d2e8bf62f3ce5ca52405a
PRV-001170,SIG-TN-01170,POLICE_LEDGER,2026-04-20 10:24:00,PII_REDACTED_AND_NORMALIZED,VERIFIED_INTEGRITY,0498c96ba634a786665953faaa32860484c4228933209d1fbc723a55c1d1d639
PRV-001171,SIG-TN-01171,CHECKPOST_OCR,2025-06-02 04:45:46,PII_REDACTED_AND_NORMALIZED,VERIFIED_INTEGRITY,a2851e8655914cb1d31d0ac48dee2358bd9abf960bdfd67897d245265f1b0e56
PRV-001172,SIG-TN-01172,POLICE_LEDGER,2026-01-16 07:43:47,PII_REDACTED_AND_NORMALIZED,VERIFIED_INTEGRITY,0fc599f5c31ba7b1fa40b88f33174a01b4410a4220d4948d82a4f66371664cf1
PRV-001173,SIG-TN-01173,CHECKPOST_OCR,2026-03-06 04:32:56,PII_REDACTED_AND_NORMALIZED,VERIFIED_INTEGRITY,1bf35c213f1a251cfd76f6808e83c8afa8260fde0c7e8ecd06b0cd6b1a33c8a1
PRV-001174,SIG-TN-01174,CHECKPOST_OCR,2026-04-19 02:43:24,PII_REDACTED_AND_NORMALIZED,VERIFIED_INTEGRITY,333caf681e2fa7773f41db619294779024e981d81dfad89bc419f1af0e6d0dc7
PRV-001175,SIG-TN-01175,POLICE_LEDGER,2025-01-11 20:18:36,PII_REDACTED_AND_NORMALIZED,VERIFIED_INTEGRITY,25e24db1dc569cfb9736073c9d8bd3eaaae9974fb3711fdb7affd12d37e7b43c
PRV-001176,SIG-TN-01176,CHECKPOST_OCR,2024-10-26 08:06:21,PII_REDACTED_AND_NORMALIZED,VERIFIED_INTEGRITY,3d7fa00e4453caec67543045834763d454e0281973b843bfa5a85284be58e3c1
PRV-001177,SIG-TN-01177,CHECKPOST_OCR,2026-03-26 14:12:56,PII_REDACTED_AND_NORMALIZED,VERIFIED_INTEGRITY,f7e184501f71e0209961fbd77890ef153f311e15ba888e12ca84809f5d7e9091
PRV-001178,SIG-TN-01178,HEALTH_STAT,2025-10-17 00:00:01,PII_REDACTED_AND_NORMALIZED,VERIFIED_INTEGRITY,7ec7ab53a2870c1100fad5be5f4f5eefd8ada6e12198ddf82934d94a86fa98a1
PRV-001179,SIG-TN-01179,CITIZEN_FEED,2025-10-15 04:36:47,PII_REDACTED_AND_NORMALIZED,VERIFIED_INTEGRITY,74530445edc93cdc6288492f5009ccf88d5ccb01af292092067256ecb1ba5cce
PRV-001180,SIG-TN-01180,CHECKPOST_OCR,2026-03-28 17:50:13,PII_REDACTED_AND_NORMALIZED,VERIFIED_INTEGRITY,134acca25cc18797b4fcf5918e494951304b100ae48a8dace1db875cf3d2e2a3
PRV-001181,SIG-TN-01181,POLICE_LEDGER,2025-05-05 13:17:16,PII_REDACTED_AND_NORMALIZED,VERIFIED_INTEGRITY,f98e07e849fe894aac54d24bb5bd864b44641f6e211476452922b523f162a5d2
PRV-001182,SIG-TN-01182,HEALTH_STAT,2026-01-28 06:57:03,PII_REDACTED_AND_NORMALIZED,VERIFIED_INTEGRITY,544dfdd3c8b74f8a00d67e0b671628fea6505a1419d85f20bfa77abfb6a63798
PRV-001183,SIG-TN-01183,CHECKPOST_OCR,2025-08-31 17:33:56,PII_REDACTED_AND_NORMALIZED,VERIFIED_INTEGRITY,51eae6e365d985a31eeb4b351524416390db7c2d08b42ee2805a6b27019e943d
PRV-001184,SIG-TN-01184,POLICE_LEDGER,2026-08-17 05:43:32,PII_REDACTED_AND_NORMALIZED,VERIFIED_INTEGRITY,e314a6a4886d398c3a5470a0a0843751f8c0c589268c8f709543a07f3e5ccf3a
PRV-001185,SIG-TN-01185,CHECKPOST_OCR,2025-03-31 13:06:21,PII_REDACTED_AND_NORMALIZED,VERIFIED_INTEGRITY,c77ce33778d177b675e2175fac5cd347485bc2afc8570846a33cc948cea5836e
PRV-001186,SIG-TN-01186,HEALTH_STAT,2024-10-23 14:58:50,PII_REDACTED_AND_NORMALIZED,VERIFIED_INTEGRITY,1ef8e7028816fc2c728608ba18712505228249fcf69309e4c9025788974f6200
PRV-001187,SIG-TN-01187,HEALTH_STAT,2026-02-02 14:29:59,PII_REDACTED_AND_NORMALIZED,VERIFIED_INTEGRITY,7bac7e3f93d09c61036c41a4a6dd373b2cbeb0e6a3466c62b71825633867f819
PRV-001188,SIG-TN-01188,CHECKPOST_OCR,2026-02-21 13:31:15,PII_REDACTED_AND_NORMALIZED,VERIFIED_INTEGRITY,459389fd3be73069511f035d05570513e509cb325b0865066a79b6444f3b440d
PRV-001189,SIG-TN-01189,CITIZEN_FEED,2025-03-31 22:00:05,PII_REDACTED_AND_NORMALIZED,VERIFIED_INTEGRITY,15c04a8b19371e0b0ef10a3d12f227d8c3c08fe5df3d98be261d6876ee67529e
PRV-001190,SIG-TN-01190,CITIZEN_FEED,2025-06-19 10:27:19,PII_REDACTED_AND_NORMALIZED,VERIFIED_INTEGRITY,099d33898918680bc17be9a327b6ff557e8edb8120f69892b33ee89e6b70a969
PRV-001191,SIG-TN-01191,POLICE_LEDGER,2025-06-25 08:35:42,PII_REDACTED_AND_NORMALIZED,VERIFIED_INTEGRITY,04dc9ad60204c1cb1fe820c6b22714532e07e336edefb50f55809ea13c87a689
PRV-001192,SIG-TN-01192,CHECKPOST_OCR,2025-12-13 16:27:16,PII_REDACTED_AND_NORMALIZED,VERIFIED_INTEGRITY,51bc2b31182de304c2e3704287ec5e863d5faceaf3c4b546822bac44a0a1eeda
PRV-001193,SIG-TN-01193,HEALTH_STAT,2024-11-20 05:37:37,PII_REDACTED_AND_NORMALIZED,VERIFIED_INTEGRITY,5db5c824304a3ea8b5544c9959d11ab8232390b2c0a167c4327870c53eb39916
PRV-001194,SIG-TN-01194,HEALTH_STAT,2025-09-15 02:58:42,PII_REDACTED_AND_NORMALIZED,VERIFIED_INTEGRITY,b308136094ce6dd053a0933771351c3a003402dd800feadabfcf775a8ab1883a
PRV-001195,SIG-TN-01195,CITIZEN_FEED,2025-01-07 06:51:50,PII_REDACTED_AND_NORMALIZED,VERIFIED_INTEGRITY,3a63a38a54a70a146275d2c992386c33e0838468572b8973266e1f9d7cca3662
PRV-001196,SIG-TN-01196,HEALTH_STAT,2024-11-04 01:54:12,PII_REDACTED_AND_NORMALIZED,VERIFIED_INTEGRITY,477336a9445aa36589e182a770e5705d4c1486a22475cb6086808989a166a0bd
PRV-001197,SIG-TN-01197,HEALTH_STAT,2025-06-11 21:16:49,PII_REDACTED_AND_NORMALIZED,VERIFIED_INTEGRITY,4847bebdcc4502e2dd7f52179f0caf2d27df5f8838761031b263da719986516f
PRV-001198,SIG-TN-01198,HEALTH_STAT,2025-12-23 05:00:41,PII_REDACTED_AND_NORMALIZED,VERIFIED_INTEGRITY,0645a331b42a51d2942aab2379991fc8af831a91282fe4a250924a4bda0ed058
PRV-001199,SIG-TN-01199,HEALTH_STAT,2025-09-20 16:21:55,PII_REDACTED_AND_NORMALIZED,VERIFIED_INTEGRITY,c4ca4e69271523ce4707caf89b6abca02810b8186c48f3ef005a63dc72620c21
PRV-001200,SIG-TN-01200,CITIZEN_FEED,2026-07-24 23:50:10,PII_REDACTED_AND_NORMALIZED,VERIFIED_INTEGRITY,667b9f5b25c1551743accbdccc6976bee5366f5a19c56c38f4cfd596599fa0d1
PRV-001201,SIG-TN-01201,CITIZEN_FEED,2026-08-01 20:02:08,PII_REDACTED_AND_NORMALIZED,VERIFIED_INTEGRITY,1f66afe7debc6c21f60c39b61dc53c4a83f1a8be3c1ad88e7ba21d8b680b4e3b
PRV-001202,SIG-TN-01202,CHECKPOST_OCR,2024-11-03 15:49:56,PII_REDACTED_AND_NORMALIZED,VERIFIED_INTEGRITY,88114e6ecc031ef2304b08afa7f26b6d0220c5a3b379d9fd56cf73cc0493b625
PRV-001203,SIG-TN-01203,CHECKPOST_OCR,2025-10-05 04:23:47,PII_REDACTED_AND_NORMALIZED,VERIFIED_INTEGRITY,7167398bb98b46a5b9dc96191a11e14a2a2936f36fee1fe4493b53b669c494a1
PRV-001204,SIG-TN-01204,CHECKPOST_OCR,2024-11-18 12:22:11,PII_REDACTED_AND_NORMALIZED,VERIFIED_INTEGRITY,5780b7cbb3dc0f086be8c76c7af52fe42fce8487c0fe24012857fce114c25173
PRV-001205,SIG-TN-01205,POLICE_LEDGER,2024-11-02 00:29:25,PII_REDACTED_AND_NORMALIZED,VERIFIED_INTEGRITY,2f60dc2c1aac6338e7a2bf69efdda707c6e5dab04992b5ccda127a6113dbee2f
PRV-001206,SIG-TN-01206,HEALTH_STAT,2026-02-07 09:38:22,PII_REDACTED_AND_NORMALIZED,VERIFIED_INTEGRITY,578f5a6689b0e004347f4b93dbfde3fa87b0c01a4cbb7b868b05f41933b0a94f
PRV-001207,SIG-TN-01207,CHECKPOST_OCR,2025-06-28 18:03:34,PII_REDACTED_AND_NORMALIZED,VERIFIED_INTEGRITY,224a516bfd361b1002c46b778bd05ba36fa33aaecbc6be0ed48b39e7d8f2caa6
PRV-001208,SIG-TN-01208,POLICE_LEDGER,2026-06-28 13:06:51,PII_REDACTED_AND_NORMALIZED,VERIFIED_INTEGRITY,755484ff52ef7be8b2e60d7b7955614788adb7bef3b162b6ebedbbef3c94d47f
PRV-001209,SIG-TN-01209,POLICE_LEDGER,2026-05-10 21:11:57,PII_REDACTED_AND_NORMALIZED,VERIFIED_INTEGRITY,bd9ca7c08251dcfc96bf34215acff24b4af179cce589c6a94ceb4a54754fc264
PRV-001210,SIG-TN-01210,CHECKPOST_OCR,2026-01-15 23:16:09,PII_REDACTED_AND_NORMALIZED,VERIFIED_INTEGRITY,9c2974ebb316f6b448f9604b0fccf8833c94154eb23c682c09fc5ecf69824dc2
PRV-001211,SIG-TN-01211,HEALTH_STAT,2026-08-13 07:42:55,PII_REDACTED_AND_NORMALIZED,VERIFIED_INTEGRITY,9b8d0cb2ef9edba137690525048ffe224f98cf5ebb64069db871fbf48516c01a
PRV-001212,SIG-TN-01212,CHECKPOST_OCR,2025-12-16 17:34:20,PII_REDACTED_AND_NORMALIZED,VERIFIED_INTEGRITY,0780a806315e7d369414a56d9d3fb8946b4318180acf49ea1811f61cb490d209
PRV-001213,SIG-TN-01213,HEALTH_STAT,2025-10-27 13:59:52,PII_REDACTED_AND_NORMALIZED,VERIFIED_INTEGRITY,572a6d549c50bb18253811ffc4ac270e1e85b94bd00907906f29f81689be25c3
PRV-001214,SIG-TN-01214,POLICE_LEDGER,2026-01-01 00:50:03,PII_REDACTED_AND_NORMALIZED,VERIFIED_INTEGRITY,16f2b817d530667f577f980c061a6aa8ce7fe64a1b7ed6d5725945858a282393
PRV-001215,SIG-TN-01215,POLICE_LEDGER,2025-08-02 03:11:13,PII_REDACTED_AND_NORMALIZED,VERIFIED_INTEGRITY,9897d44a429fb6ecf1b70c3fc3692ee687531a0ba699d6a1c8d8aa7c404d2d09
PRV-001216,SIG-TN-01216,POLICE_LEDGER,2025-07-11 15:53:31,PII_REDACTED_AND_NORMALIZED,VERIFIED_INTEGRITY,34b95b6123923d7b51acb92bb1b5fdb3848a38462a4741aaea30a08604cad74a
PRV-001217,SIG-TN-01217,CHECKPOST_OCR,2026-01-22 19:25:18,PII_REDACTED_AND_NORMALIZED,VERIFIED_INTEGRITY,74d6cb7de3b8c6573eab7f45057c22d0bcf13560c5cc0f43732b93e1cd405dd1
PRV-001218,SIG-TN-01218,CHECKPOST_OCR,2025-04-17 23:31:23,PII_REDACTED_AND_NORMALIZED,VERIFIED_INTEGRITY,b02d6f70341f37e753ee06b0dcebc59a08f9e9dacb13313032b758d46a85c9db
PRV-001219,SIG-TN-01219,HEALTH_STAT,2026-04-10 16:21:28,PII_REDACTED_AND_NORMALIZED,VERIFIED_INTEGRITY,606ff029aac15de3d5d93096812669db42f22c9f60a49f9cc5d8674e502d0e7f
PRV-001220,SIG-TN-01220,CHECKPOST_OCR,2026-06-11 10:50:06,PII_REDACTED_AND_NORMALIZED,VERIFIED_INTEGRITY,f8b531db100bab57762e0cf6ee0c4ae798b8586cdeec5b133d49672302d24419
PRV-001221,SIG-TN-01221,CITIZEN_FEED,2026-05-25 20:14:55,PII_REDACTED_AND_NORMALIZED,VERIFIED_INTEGRITY,841f620a0da087ce97362e975587b6f5c544fd4abbc4f8af6b11ee433e1ff5c4
PRV-001222,SIG-TN-01222,CITIZEN_FEED,2026-05-07 23:59:09,PII_REDACTED_AND_NORMALIZED,VERIFIED_INTEGRITY,43d31144102981e4b17510529446abd24dcfd9b0478a1c8a5b28032ad5eac49f
PRV-001223,SIG-TN-01223,POLICE_LEDGER,2024-10-24 20:04:54,PII_REDACTED_AND_NORMALIZED,VERIFIED_INTEGRITY,edc6d7beb10115acf42e94372eb00a336c9d824b7391011ef2f649183445b41f
PRV-001224,SIG-TN-01224,POLICE_LEDGER,2026-01-19 03:56:11,PII_REDACTED_AND_NORMALIZED,VERIFIED_INTEGRITY,a9cace4ec1e402523b3b9b0381fc933b51e7029826d0bcda8b79e2e0c5d41c38
PRV-001225,SIG-TN-01225,POLICE_LEDGER,2026-01-23 07:47:54,PII_REDACTED_AND_NORMALIZED,VERIFIED_INTEGRITY,45e1c493d49c6979cb69132955c9474fbbc6c88d77865bd7ddfb6efb02554fda
PRV-001226,SIG-TN-01226,CITIZEN_FEED,2025-06-04 10:04:37,PII_REDACTED_AND_NORMALIZED,VERIFIED_INTEGRITY,aeceec5766c27c936fac56740efa1555552942a91781a908030b85068ac10436
PRV-001227,SIG-TN-01227,CHECKPOST_OCR,2025-12-16 17:08:27,PII_REDACTED_AND_NORMALIZED,VERIFIED_INTEGRITY,cab0c8c806e0cb12500089c01d515ecbb7d2745e09ac6c19abedaeb5e6d30144
PRV-001228,SIG-TN-01228,POLICE_LEDGER,2026-06-08 20:06:12,PII_REDACTED_AND_NORMALIZED,VERIFIED_INTEGRITY,354df0447d2eead66034c37a03f952946d40396900b417527dbe94b6c6836b89
PRV-001229,SIG-TN-01229,HEALTH_STAT,2026-04-28 03:34:13,PII_REDACTED_AND_NORMALIZED,VERIFIED_INTEGRITY,117dd6579d422c539aeb0b56400d55976ad699c6103afce8a4503f983a48242c
PRV-001230,SIG-TN-01230,CHECKPOST_OCR,2024-10-30 17:43:42,PII_REDACTED_AND_NORMALIZED,VERIFIED_INTEGRITY,8de6436334ba3247b75d73cd6633d97d5f98bf19ce8b86f96a74b36b04850a2e
PRV-001231,SIG-TN-01231,HEALTH_STAT,2025-11-09 15:09:01,PII_REDACTED_AND_NORMALIZED,VERIFIED_INTEGRITY,ced9de872a5573318fae2904127f90931dac73c3aa0a52af2b1626df0ed6f36b
PRV-001232,SIG-TN-01232,CHECKPOST_OCR,2024-09-28 04:33:10,PII_REDACTED_AND_NORMALIZED,VERIFIED_INTEGRITY,294f6690cb98e9661e7edb11a1f3923df8ba6342270f70a0d71dc7b01fce1483
PRV-001233,SIG-TN-01233,POLICE_LEDGER,2025-04-21 16:39:11,PII_REDACTED_AND_NORMALIZED,VERIFIED_INTEGRITY,221c4f7ed3d88700685ced14e4acdc47e66b21091acf6111ce553068c3f9425b
PRV-001234,SIG-TN-01234,POLICE_LEDGER,2025-01-22 15:11:24,PII_REDACTED_AND_NORMALIZED,VERIFIED_INTEGRITY,e5f48d4a032dbc5863b78ff686eabb1c0ead9fc6e224b714deec538dc361174f
PRV-001235,SIG-TN-01235,POLICE_LEDGER,2024-10-10 23:31:45,PII_REDACTED_AND_NORMALIZED,VERIFIED_INTEGRITY,c2a5059b5032cb227255a3b1cee11e829e9bdc52aabb8bd14ed4278051830db1
PRV-001236,SIG-TN-01236,CITIZEN_FEED,2024-11-26 16:31:57,PII_REDACTED_AND_NORMALIZED,VERIFIED_INTEGRITY,3fd37607f702ccc5428d84cc7deb8613712d054cb8049184d8c02ee26648b915
PRV-001237,SIG-TN-01237,CHECKPOST_OCR,2025-01-10 23:05:47,PII_REDACTED_AND_NORMALIZED,VERIFIED_INTEGRITY,871b15ab62b2f59f482c6aa08bc1b13634eb016d588cf2be5a88f3507a69ebd7
PRV-001238,SIG-TN-01238,HEALTH_STAT,2025-05-07 04:39:09,PII_REDACTED_AND_NORMALIZED,VERIFIED_INTEGRITY,9f944783327b2d0d41dd429b394d84d1a313dc53227b3c80c1981d5241d53e14
PRV-001239,SIG-TN-01239,CITIZEN_FEED,2026-04-30 17:23:38,PII_REDACTED_AND_NORMALIZED,VERIFIED_INTEGRITY,95443681e4bbb5335cc2c708c21b253915649db3ab758c7078f3b4226a1080ff
PRV-001240,SIG-TN-01240,HEALTH_STAT,2026-06-05 10:56:05,PII_REDACTED_AND_NORMALIZED,VERIFIED_INTEGRITY,6756bdcc1b901db809c9bac4bbca9a45a9e222cfef2b7ed10cab83089b803299
PRV-001241,SIG-TN-01241,HEALTH_STAT,2025-07-29 17:21:48,PII_REDACTED_AND_NORMALIZED,VERIFIED_INTEGRITY,2f5043fbcd913e980d8568a3dcb8622f6cd9a12ec9b0f64f0d69755a37cfedb9
PRV-001242,SIG-TN-01242,CITIZEN_FEED,2024-11-19 13:10:18,PII_REDACTED_AND_NORMALIZED,VERIFIED_INTEGRITY,6d50122b78831a83b9674d59ec919bb488811ba325814ba73fb7984d1b1e708c
PRV-001243,SIG-TN-01243,HEALTH_STAT,2025-01-30 18:04:53,PII_REDACTED_AND_NORMALIZED,VERIFIED_INTEGRITY,188254a3c0e4e65cf2b99874d1c9b6a0c3b7e943817b15e6e37821d023f6f36a
PRV-001244,SIG-TN-01244,HEALTH_STAT,2026-04-18 09:45:31,PII_REDACTED_AND_NORMALIZED,VERIFIED_INTEGRITY,8aafe44bb8a64e5eed67f36ed396553b10acf96d532498a81d7b8292a8577d9f
PRV-001245,SIG-TN-01245,HEALTH_STAT,2025-09-25 04:53:54,PII_REDACTED_AND_NORMALIZED,VERIFIED_INTEGRITY,5ed63089233419ed9c5cc31e2684630381ea3bcfcd77adec9004785d19e14d80
PRV-001246,SIG-TN-01246,HEALTH_STAT,2026-03-16 09:44:11,PII_REDACTED_AND_NORMALIZED,VERIFIED_INTEGRITY,492ef661cf1ae6634f4bf02b49bc21e0803e1be305efdd5add9d5512516ad87e
PRV-001247,SIG-TN-01247,CHECKPOST_OCR,2024-11-04 17:43:08,PII_REDACTED_AND_NORMALIZED,VERIFIED_INTEGRITY,53f450973245a8cdeba7cc1d62d9538c22e960b64537d6d06f889614c6a8be40
PRV-001248,SIG-TN-01248,CHECKPOST_OCR,2026-04-13 00:37:25,PII_REDACTED_AND_NORMALIZED,VERIFIED_INTEGRITY,f52dc70205a6c4d90bb7c49a37e0000955b5ffae29049f0839c88aaa79b6ba18
PRV-001249,SIG-TN-01249,HEALTH_STAT,2025-08-08 00:03:41,PII_REDACTED_AND_NORMALIZED,VERIFIED_INTEGRITY,356315a617b3743660b8d9e428293c089b74b3c912d1bbe6149af9d78954b744
PRV-001250,SIG-TN-01250,HEALTH_STAT,2024-11-14 19:42:50,PII_REDACTED_AND_NORMALIZED,VERIFIED_INTEGRITY,9803a77605d41930e1c68116ef3c7816dac305cad00dde15dba2dba51efd310a
PRV-001251,SIG-TN-01251,POLICE_LEDGER,2024-10-16 21:46:35,PII_REDACTED_AND_NORMALIZED,VERIFIED_INTEGRITY,3e1e261a41ecd717efb658dc75aaf5fdd90631f73201f45cf6d5eefdcbe19f7e
PRV-001252,SIG-TN-01252,HEALTH_STAT,2026-08-10 12:11:44,PII_REDACTED_AND_NORMALIZED,VERIFIED_INTEGRITY,caa3dc4bb2ce2ce26b3508e61de2da32b6996d1b9fc540b84cba0386b0987612
PRV-001253,SIG-TN-01253,CHECKPOST_OCR,2026-06-24 02:17:37,PII_REDACTED_AND_NORMALIZED,VERIFIED_INTEGRITY,8d22d0577039c24a4835aed7eb9e6c1c619ef4e0081a09f4ff9f4d080ef2f6d0
PRV-001254,SIG-TN-01254,CHECKPOST_OCR,2025-01-26 19:48:31,PII_REDACTED_AND_NORMALIZED,VERIFIED_INTEGRITY,001e9bc29b15c1f223eeae9bb9b827b90706de76380c394b01cbb31eedb99429
PRV-001255,SIG-TN-01255,HEALTH_STAT,2026-03-10 04:11:48,PII_REDACTED_AND_NORMALIZED,VERIFIED_INTEGRITY,3553cee8d4a33b78b9cf6db2e21ad0ebd414dda67b64a27db70298cc29449803
PRV-001256,SIG-TN-01256,POLICE_LEDGER,2025-02-18 22:41:46,PII_REDACTED_AND_NORMALIZED,VERIFIED_INTEGRITY,f1e552d165ebede31e5803c2976822ca957d9ca512bb1940dfe1d2e99ce13af1
PRV-001257,SIG-TN-01257,HEALTH_STAT,2025-12-29 16:00:24,PII_REDACTED_AND_NORMALIZED,VERIFIED_INTEGRITY,6efac26cd81cdd608b64fc65a86a66217dd2a7f881b22dff8a1be07695d154ff
PRV-001258,SIG-TN-01258,CITIZEN_FEED,2025-01-27 04:54:27,PII_REDACTED_AND_NORMALIZED,VERIFIED_INTEGRITY,2fa4b9f12aad50abef21691de700c113325bc13f24d03557b82f08286a661eb1
PRV-001259,SIG-TN-01259,CHECKPOST_OCR,2026-06-22 00:59:19,PII_REDACTED_AND_NORMALIZED,VERIFIED_INTEGRITY,3dd2bd735fdb6a721a983bf111f62a59af5d10fd5693bb3c98059e80fbffa4bd
PRV-001260,SIG-TN-01260,POLICE_LEDGER,2025-06-23 13:41:45,PII_REDACTED_AND_NORMALIZED,VERIFIED_INTEGRITY,c23f51aaef76d18c6bf2c4fd073c916571f3108550f72964c0ac296dcf0058c3
PRV-001261,SIG-TN-01261,CITIZEN_FEED,2024-10-18 20:50:42,PII_REDACTED_AND_NORMALIZED,VERIFIED_INTEGRITY,3c0e7f902e6e2b3877aae987d5a36fa7958cd29560f8ad1c9e102e7c892172b3
PRV-001262,SIG-TN-01262,CHECKPOST_OCR,2025-09-30 22:15:06,PII_REDACTED_AND_NORMALIZED,VERIFIED_INTEGRITY,29cab84d2329de47cd64aeb38994abdea03e14be142ef01e779e7d13d07dda85
PRV-001263,SIG-TN-01263,CITIZEN_FEED,2025-12-20 14:50:55,PII_REDACTED_AND_NORMALIZED,VERIFIED_INTEGRITY,da72ed76706eb2cf552f9460a1db005850a99dbce292a80692fa8e985719d5fe
PRV-001264,SIG-TN-01264,HEALTH_STAT,2025-10-19 23:08:35,PII_REDACTED_AND_NORMALIZED,VERIFIED_INTEGRITY,acacf287da19b795d11c57afd2aaac0c169bb58495074a13631c2a2d4548cf77
PRV-001265,SIG-TN-01265,POLICE_LEDGER,2024-11-21 14:53:00,PII_REDACTED_AND_NORMALIZED,VERIFIED_INTEGRITY,c8b7b180f4a2c703497f736f8910fc524e41b909757fc2ddd5c45cb60fe648a2
PRV-001266,SIG-TN-01266,POLICE_LEDGER,2025-01-30 09:42:25,PII_REDACTED_AND_NORMALIZED,VERIFIED_INTEGRITY,9fb749a00e359a0218d3b100bd61e501071e7024c045f7172b5b5c296bf47ae5
PRV-001267,SIG-TN-01267,HEALTH_STAT,2024-12-10 17:29:00,PII_REDACTED_AND_NORMALIZED,VERIFIED_INTEGRITY,b579356a8eb4c7da63a3bf941c2167458abc07189f157ac462b370ddbc47e20b
PRV-001268,SIG-TN-01268,CITIZEN_FEED,2026-01-01 20:56:05,PII_REDACTED_AND_NORMALIZED,VERIFIED_INTEGRITY,dd13e483b6a000218c5c148b860b9e5c8734cd9b449a446c2d243448076f21c2
PRV-001269,SIG-TN-01269,CITIZEN_FEED,2024-10-01 02:55:42,PII_REDACTED_AND_NORMALIZED,VERIFIED_INTEGRITY,73ab2cb5ffe62278963a574bb7d9b8e863e1baa0533dde0e2857b318fb00e15f
PRV-001270,SIG-TN-01270,CITIZEN_FEED,2025-08-17 13:56:41,PII_REDACTED_AND_NORMALIZED,VERIFIED_INTEGRITY,86bdfa547ee4d316e1787ddaf284f17cdaad849a2d09169ca36566597e61281d
PRV-001271,SIG-TN-01271,CHECKPOST_OCR,2025-09-16 14:42:05,PII_REDACTED_AND_NORMALIZED,VERIFIED_INTEGRITY,b4d61f849045a522f52fe878d813812121214aaa8589b1a8c879335d36827ff3
PRV-001272,SIG-TN-01272,HEALTH_STAT,2025-07-04 20:55:09,PII_REDACTED_AND_NORMALIZED,VERIFIED_INTEGRITY,64de07e18baeb21f6235208f5df3c8910aa9c23dc2d1255e89ed3eec38eacabf
PRV-001273,SIG-TN-01273,CITIZEN_FEED,2026-06-27 07:07:46,PII_REDACTED_AND_NORMALIZED,VERIFIED_INTEGRITY,f296c4c140c728da10bb10bc81b2882ee0b39247e7c789d57041cd57c999d8b4
PRV-001274,SIG-TN-01274,CITIZEN_FEED,2026-07-19 23:12:35,PII_REDACTED_AND_NORMALIZED,VERIFIED_INTEGRITY,ba6f6fd7d2297d452109b80ba735c54b74297bb9f6830b8cc3435ad356e8b673
PRV-001275,SIG-TN-01275,CHECKPOST_OCR,2025-11-22 23:48:19,PII_REDACTED_AND_NORMALIZED,VERIFIED_INTEGRITY,9ab0169bb11dddf11ca4b125b9a26d70811728c7a5cbc6fc7695615defb2e2e0
PRV-001276,SIG-TN-01276,POLICE_LEDGER,2026-01-07 07:08:13,PII_REDACTED_AND_NORMALIZED,VERIFIED_INTEGRITY,7b59d2c1f3dcfcdabd7ae854b07fca3d2239b2aadc43b2c0998e114269d96488
PRV-001277,SIG-TN-01277,HEALTH_STAT,2026-05-07 10:25:41,PII_REDACTED_AND_NORMALIZED,VERIFIED_INTEGRITY,21a8a2dd51a91d419acffc344103fbf997ddfddedf61d464cbefd16139720358
PRV-001278,SIG-TN-01278,POLICE_LEDGER,2024-11-09 21:35:36,PII_REDACTED_AND_NORMALIZED,VERIFIED_INTEGRITY,63ba0a79996a69a1d502eadb3aaf5ba3617e3a1e5e215b5b04725d5e1192e215
PRV-001279,SIG-TN-01279,CHECKPOST_OCR,2025-07-23 17:16:48,PII_REDACTED_AND_NORMALIZED,VERIFIED_INTEGRITY,5c62e3c6c2eb778c07476fc0f3ad3f9c95c343d0e8426a95930012e064eace12
PRV-001280,SIG-TN-01280,HEALTH_STAT,2025-05-22 11:44:47,PII_REDACTED_AND_NORMALIZED,VERIFIED_INTEGRITY,691be77e7505cbc45b063c45f17ccde37c0291699308887e00aa61829979ad7d
PRV-001281,SIG-TN-01281,CITIZEN_FEED,2025-08-06 22:36:23,PII_REDACTED_AND_NORMALIZED,VERIFIED_INTEGRITY,1201991b6d3e9ea51220106c271d73c2b3438fac15792ebbacf17f2b6adac3b1
PRV-001282,SIG-TN-01282,POLICE_LEDGER,2025-03-07 06:27:10,PII_REDACTED_AND_NORMALIZED,VERIFIED_INTEGRITY,108b13a1cc5e7056de7ef476139329451e8f1e9a2d74991eb5e1dec26d17cae4
PRV-001283,SIG-TN-01283,HEALTH_STAT,2026-04-18 03:43:46,PII_REDACTED_AND_NORMALIZED,VERIFIED_INTEGRITY,eb7e1e1c849f226c6c0fce749130b0db864f7ee28eda27243266dbaf989a91bb
PRV-001284,SIG-TN-01284,CHECKPOST_OCR,2025-02-25 03:08:30,PII_REDACTED_AND_NORMALIZED,VERIFIED_INTEGRITY,4289a2019d85b112b3b55bf5cdb7d82fe4b03df495f08e261993cf822b974e79
PRV-001285,SIG-TN-01285,CHECKPOST_OCR,2024-11-07 00:40:39,PII_REDACTED_AND_NORMALIZED,VERIFIED_INTEGRITY,b4e6d304d08230cc36d59bf84c137fa4543ed688f14376cf84712ab73d843408
PRV-001286,SIG-TN-01286,CITIZEN_FEED,2026-07-18 10:19:24,PII_REDACTED_AND_NORMALIZED,VERIFIED_INTEGRITY,63fc8da4d4348d1ce2a2bbb23b15b01b37beca8b82fd750586e620d05add3380
PRV-001287,SIG-TN-01287,HEALTH_STAT,2025-08-09 09:07:32,PII_REDACTED_AND_NORMALIZED,VERIFIED_INTEGRITY,39661a81a7f9453aaf76ee73a42b5f336c56af28b1866e6a34dd3905282e6edb
PRV-001288,SIG-TN-01288,CITIZEN_FEED,2026-07-02 13:58:49,PII_REDACTED_AND_NORMALIZED,VERIFIED_INTEGRITY,f11c3087d59dbfa56277821dd2af670aea6de18b17fe5490d54d3c64dc143622
PRV-001289,SIG-TN-01289,POLICE_LEDGER,2025-01-18 01:05:31,PII_REDACTED_AND_NORMALIZED,VERIFIED_INTEGRITY,d2ae28d682d2d1114543533d1c87d61e6698d68448cdab549b644b00d3d907a7
PRV-001290,SIG-TN-01290,CITIZEN_FEED,2026-04-08 12:27:00,PII_REDACTED_AND_NORMALIZED,VERIFIED_INTEGRITY,9c8463dd7680fe203aa360ea5b247b2ae40bebfdf32bb36892af2ac16a602e99
PRV-001291,SIG-TN-01291,CITIZEN_FEED,2025-01-26 18:22:57,PII_REDACTED_AND_NORMALIZED,VERIFIED_INTEGRITY,45ee960f7f31d9af6350c338721339686ea11f45574cebbe1c195e47e6153e7f
PRV-001292,SIG-TN-01292,CITIZEN_FEED,2025-12-12 08:52:51,PII_REDACTED_AND_NORMALIZED,VERIFIED_INTEGRITY,dcf8df4af5d212816b90377d8133dc86760d46211fa9381e465400d5a8dff723
PRV-001293,SIG-TN-01293,POLICE_LEDGER,2025-09-12 10:24:57,PII_REDACTED_AND_NORMALIZED,VERIFIED_INTEGRITY,c67abebb49571c1f39cd59cdbb861c90aa5ba10c1cde472e20fa4738bb3dbb03
PRV-001294,SIG-TN-01294,CITIZEN_FEED,2025-10-09 09:10:33,PII_REDACTED_AND_NORMALIZED,VERIFIED_INTEGRITY,a74f25614092cada1b50784b8c30f927d427c9d0419f839e8d49ef11aa998a08
PRV-001295,SIG-TN-01295,HEALTH_STAT,2025-05-03 04:01:34,PII_REDACTED_AND_NORMALIZED,VERIFIED_INTEGRITY,d5aa74944a50fa8759ee7a3ba0bf8d74df6a2d126fe50335ec1440f910827d79
PRV-001296,SIG-TN-01296,POLICE_LEDGER,2024-11-23 21:25:06,PII_REDACTED_AND_NORMALIZED,VERIFIED_INTEGRITY,0b86e51a4ceae6c0ebb2f847ad38be11e92261b150c17fc85a15adad6327cab8
PRV-001297,SIG-TN-01297,CHECKPOST_OCR,2026-04-04 07:12:21,PII_REDACTED_AND_NORMALIZED,VERIFIED_INTEGRITY,117c9c990fcd51dbbe37846faac4cf2dff9d856875842abb6c1e0a605f601a30
PRV-001298,SIG-TN-01298,POLICE_LEDGER,2025-07-14 11:27:48,PII_REDACTED_AND_NORMALIZED,VERIFIED_INTEGRITY,70cddbf8c7136334a5b038e09b8080100e5e950ff545a6ff912c93022479524d
PRV-001299,SIG-TN-01299,CHECKPOST_OCR,2026-03-22 04:34:03,PII_REDACTED_AND_NORMALIZED,VERIFIED_INTEGRITY,a2a90ff248d4f5c9f0eb58153339ede5944bc2da9f1ca2e881f363164bb0beba
PRV-001300,SIG-TN-01300,CITIZEN_FEED,2024-10-07 02:53:48,PII_REDACTED_AND_NORMALIZED,VERIFIED_INTEGRITY,f0e24982307f90458fce7c0b0e42752fca467ef447f2776228248d97bbec6f22
PRV-001301,SIG-TN-01301,HEALTH_STAT,2025-10-07 05:59:47,PII_REDACTED_AND_NORMALIZED,VERIFIED_INTEGRITY,d7299b4bc09a534233f9d1906a9e14c7690e501e2e81a2f197090fca7952128f
PRV-001302,SIG-TN-01302,HEALTH_STAT,2025-07-09 05:46:14,PII_REDACTED_AND_NORMALIZED,VERIFIED_INTEGRITY,2dc963c5b9b57504be5e9d1def9aa1287e3c425ae924681ac7937fca2c4a6176
PRV-001303,SIG-TN-01303,POLICE_LEDGER,2025-10-21 23:20:57,PII_REDACTED_AND_NORMALIZED,VERIFIED_INTEGRITY,88275780aaa3e2c7649bf7523bf38c17decf995e3780e33fcf9108b266d2e915
PRV-001304,SIG-TN-01304,CITIZEN_FEED,2026-06-23 00:57:13,PII_REDACTED_AND_NORMALIZED,VERIFIED_INTEGRITY,fcd37da3d307d89f128985f6aea8a453000ceb0cfe3b9cf410a4d3c591df0397
PRV-001305,SIG-TN-01305,CITIZEN_FEED,2025-06-20 14:05:54,PII_REDACTED_AND_NORMALIZED,VERIFIED_INTEGRITY,41ed73c75d1c111775c957578a711b2d6e5c476ab2b150579e175d6e73694a72
PRV-001306,SIG-TN-01306,POLICE_LEDGER,2026-08-14 23:48:42,PII_REDACTED_AND_NORMALIZED,VERIFIED_INTEGRITY,1bde7a71e56aa2b29e7fcb5508de3f8d6be9d2f2979b003618d9c28577199512
PRV-001307,SIG-TN-01307,HEALTH_STAT,2025-02-03 18:40:57,PII_REDACTED_AND_NORMALIZED,VERIFIED_INTEGRITY,10b3e6d93225ae7a2bf5c1b7bd3542400e618129cce35fb3650b77742a6f76ca
PRV-001308,SIG-TN-01308,HEALTH_STAT,2025-10-04 16:53:19,PII_REDACTED_AND_NORMALIZED,VERIFIED_INTEGRITY,47af9ec6d86b92687bda1274149097dad295a61d35ec3cde35e1abaa420cef0c
PRV-001309,SIG-TN-01309,POLICE_LEDGER,2026-07-25 02:21:18,PII_REDACTED_AND_NORMALIZED,VERIFIED_INTEGRITY,36a085df5c969590fb0810008ac5f20368244204d25e9cab9289f967e30a81a7
PRV-001310,SIG-TN-01310,CHECKPOST_OCR,2026-08-15 10:37:38,PII_REDACTED_AND_NORMALIZED,VERIFIED_INTEGRITY,b6f14a2ab0a18ec742016a000e4a7a875f9a8144ef127de8aa92793b6dce3ab1
PRV-001311,SIG-TN-01311,POLICE_LEDGER,2025-07-16 01:19:17,PII_REDACTED_AND_NORMALIZED,VERIFIED_INTEGRITY,43d664bf6b5513440341f9227915380097427f4d0943ac902daed8f50513288d
PRV-001312,SIG-TN-01312,POLICE_LEDGER,2026-07-09 14:45:22,PII_REDACTED_AND_NORMALIZED,VERIFIED_INTEGRITY,5bd37481d8a4f574146d7169b7dcd4f11ada99352c546eedd534a30c3014a5af
PRV-001313,SIG-TN-01313,CHECKPOST_OCR,2025-01-27 08:54:43,PII_REDACTED_AND_NORMALIZED,VERIFIED_INTEGRITY,05c304e2a1d70a28f2347a0543f30b9c1d1e044ac051c11968cc1541ccbfd5d9
PRV-001314,SIG-TN-01314,CITIZEN_FEED,2026-07-20 22:48:44,PII_REDACTED_AND_NORMALIZED,VERIFIED_INTEGRITY,4acfc15ed26e0be2133ace633253efb3cd1fd5a04a6862411dad638b619e94f3
PRV-001315,SIG-TN-01315,CITIZEN_FEED,2025-05-21 16:17:51,PII_REDACTED_AND_NORMALIZED,VERIFIED_INTEGRITY,2b7c539913fa468876e1ed83b21394e97af9b66b92ed1e258f21a99e291013f2
PRV-001316,SIG-TN-01316,HEALTH_STAT,2024-12-04 01:49:35,PII_REDACTED_AND_NORMALIZED,VERIFIED_INTEGRITY,9e81850ee503adf108004ff45e8f5fa16a0934b540cea13fa758fe58b954223d
PRV-001317,SIG-TN-01317,CHECKPOST_OCR,2025-01-16 04:31:21,PII_REDACTED_AND_NORMALIZED,VERIFIED_INTEGRITY,102f6370c6dbb72470a264a948c439827dc02b3a193bc9194501c1875e8139ec
PRV-001318,SIG-TN-01318,CHECKPOST_OCR,2026-06-06 01:53:46,PII_REDACTED_AND_NORMALIZED,VERIFIED_INTEGRITY,8ec1890a8f2b5e7ec3714612886943435d33e49499ca451bae7399b4c2594f15
PRV-001319,SIG-TN-01319,CITIZEN_FEED,2026-04-23 03:01:55,PII_REDACTED_AND_NORMALIZED,VERIFIED_INTEGRITY,af38922bf38ce9412e2f33d395d008874723dc1b4eedcf1938804ceec83facea
PRV-001320,SIG-TN-01320,HEALTH_STAT,2025-08-17 00:36:49,PII_REDACTED_AND_NORMALIZED,VERIFIED_INTEGRITY,23d35d8f6c58c79c17af906639414e01bb50aef4c3e5be6e04271b3f15e7d1a9
PRV-001321,SIG-TN-01321,HEALTH_STAT,2025-06-12 16:19:06,PII_REDACTED_AND_NORMALIZED,VERIFIED_INTEGRITY,d9c63ef76a5ce5c99084ae0abb2f91b1a7dcc1db69f003d23c2b8c98de942863
PRV-001322,SIG-TN-01322,POLICE_LEDGER,2025-06-30 15:07:12,PII_REDACTED_AND_NORMALIZED,VERIFIED_INTEGRITY,55e178d7df99fe5f13c8a130ce2039cbe3c703cb34560e60baaf46b832a67085
PRV-001323,SIG-TN-01323,CHECKPOST_OCR,2025-08-16 21:19:38,PII_REDACTED_AND_NORMALIZED,VERIFIED_INTEGRITY,1f3a2cedacce0d0a50e5f72e0af3dbbd2ce1bb43c14b37f86029d1bed1789767
PRV-001324,SIG-TN-01324,CITIZEN_FEED,2025-06-15 23:38:52,PII_REDACTED_AND_NORMALIZED,VERIFIED_INTEGRITY,00e85ba740fcb8c2e18647bcf00fb2a1f3c6c6a2f1b9c6b13a3c8fa2716e7289
PRV-001325,SIG-TN-01325,POLICE_LEDGER,2024-12-26 19:59:25,PII_REDACTED_AND_NORMALIZED,VERIFIED_INTEGRITY,a7fc90d89857c955ffe00e983937531460239319f6a8d529fd65abe997f06ac3
PRV-001326,SIG-TN-01326,POLICE_LEDGER,2026-07-31 09:31:48,PII_REDACTED_AND_NORMALIZED,VERIFIED_INTEGRITY,a1ffc5d07b27269dc8e25318c92ae95218e0ed3f3fae58c184b0d6872832687e
PRV-001327,SIG-TN-01327,CITIZEN_FEED,2025-08-22 20:23:43,PII_REDACTED_AND_NORMALIZED,VERIFIED_INTEGRITY,0a5912d7e8b478e45a2cbc1adffcaa7cdf448a0a0cfa2f9ab9096f2244393ca1
PRV-001328,SIG-TN-01328,HEALTH_STAT,2025-11-29 20:00:08,PII_REDACTED_AND_NORMALIZED,VERIFIED_INTEGRITY,9671129683fa990529128e89ee6ff709104650270aafb1a343f99c09ecdefa8d
PRV-001329,SIG-TN-01329,CITIZEN_FEED,2026-02-13 19:00:20,PII_REDACTED_AND_NORMALIZED,VERIFIED_INTEGRITY,fa2acf354a3f8ddd06505a3b825a27cf5130620aad26e33d33eae139ab98f11e
PRV-001330,SIG-TN-01330,HEALTH_STAT,2026-03-02 23:28:22,PII_REDACTED_AND_NORMALIZED,VERIFIED_INTEGRITY,6aa8fee89aa0bed3f64c6b7638e99adfa18ac15518d73b494d64642ea9b9ba80
PRV-001331,SIG-TN-01331,CITIZEN_FEED,2026-04-14 08:20:43,PII_REDACTED_AND_NORMALIZED,VERIFIED_INTEGRITY,48a4cdcbe4ac6fb278381cf01bbb90866a2869d8cfab5e12b9fae7d1efd95b76
PRV-001332,SIG-TN-01332,CITIZEN_FEED,2026-05-12 12:23:20,PII_REDACTED_AND_NORMALIZED,VERIFIED_INTEGRITY,18a3284c0619e11cb1b1fb6c75e3d56ade86b30f3c42312186c8fd8c5a53435e
PRV-001333,SIG-TN-01333,CITIZEN_FEED,2025-03-13 14:06:41,PII_REDACTED_AND_NORMALIZED,VERIFIED_INTEGRITY,6274c91219b797133801c343b993eed05c3b7814946952b566be1bf718e21908
PRV-001334,SIG-TN-01334,HEALTH_STAT,2026-06-25 10:40:00,PII_REDACTED_AND_NORMALIZED,VERIFIED_INTEGRITY,7aaf73fa6b1afede9672cebdb6a789084e6520a0fb1ce7965a22bbdb535550bf
PRV-001335,SIG-TN-01335,CHECKPOST_OCR,2024-09-28 17:19:35,PII_REDACTED_AND_NORMALIZED,VERIFIED_INTEGRITY,513a8af56db34ff5471a7ca35655e05340a347b50eb18a26356382acece34497
PRV-001336,SIG-TN-01336,CHECKPOST_OCR,2025-11-15 18:59:20,PII_REDACTED_AND_NORMALIZED,VERIFIED_INTEGRITY,b5e887ea5013cf938334325ead0525a1cff7b23c16a3d58de10f135bb33efb65
PRV-001337,SIG-TN-01337,CITIZEN_FEED,2024-09-21 21:45:14,PII_REDACTED_AND_NORMALIZED,VERIFIED_INTEGRITY,a4fc8698d27c191dee0be8fc20aa65bf8ca1a16702fdb5a0ba32c0884e5fcb2e
PRV-001338,SIG-TN-01338,CITIZEN_FEED,2025-09-24 17:13:12,PII_REDACTED_AND_NORMALIZED,VERIFIED_INTEGRITY,f9f8b28e95aa6149df49713f01dd9791f8cabcc9701278cd4c6250657e1a1d22
PRV-001339,SIG-TN-01339,CHECKPOST_OCR,2025-12-22 05:48:38,PII_REDACTED_AND_NORMALIZED,VERIFIED_INTEGRITY,1864f30db6e1a1f729bed9c69f170c3afa2183bab6d95fbd9afd8bcb7e6d1868
PRV-001340,SIG-TN-01340,POLICE_LEDGER,2024-10-26 06:54:19,PII_REDACTED_AND_NORMALIZED,VERIFIED_INTEGRITY,da4b0d1fddfc5a97a26e7f074bd6dd608e8b932ad32b4f7496b80b7019859da8
PRV-001341,SIG-TN-01341,HEALTH_STAT,2025-08-29 21:09:43,PII_REDACTED_AND_NORMALIZED,VERIFIED_INTEGRITY,7eaa716da04fd5e8153cec50dbb13101a49ffd15ad848c758c6accb399c9f9bc
PRV-001342,SIG-TN-01342,CITIZEN_FEED,2025-12-12 08:04:42,PII_REDACTED_AND_NORMALIZED,VERIFIED_INTEGRITY,d8b2b43810d49922608afa57eb6e8ac43808bdba3063224adbf00a5a9a822c5d
PRV-001343,SIG-TN-01343,CITIZEN_FEED,2025-11-18 08:29:10,PII_REDACTED_AND_NORMALIZED,VERIFIED_INTEGRITY,8e7fad3ade1533e46f291b081e58b42eb5210aa52fe37347a1874322f85081b1
PRV-001344,SIG-TN-01344,POLICE_LEDGER,2026-01-23 18:58:38,PII_REDACTED_AND_NORMALIZED,VERIFIED_INTEGRITY,349ccee2010f417179deb3993b6fecc3a2f0e3052e61791b4eaeea2a23192f9c
PRV-001345,SIG-TN-01345,POLICE_LEDGER,2025-06-27 03:16:42,PII_REDACTED_AND_NORMALIZED,VERIFIED_INTEGRITY,37c95b56722e3ba5ff6b3d06992d8366ded0b3629a38610caab3d373777d112e
PRV-001346,SIG-TN-01346,POLICE_LEDGER,2025-05-25 13:08:14,PII_REDACTED_AND_NORMALIZED,VERIFIED_INTEGRITY,3124fedfae05f7c37b1045da3952e0898bb65806dc63973c7993cfbf528654e7
PRV-001347,SIG-TN-01347,CHECKPOST_OCR,2025-03-31 03:10:18,PII_REDACTED_AND_NORMALIZED,VERIFIED_INTEGRITY,9111df32a282bf99886562c935f91c9bef4ff202b73dfb664a0f776aecb272c4
PRV-001348,SIG-TN-01348,CHECKPOST_OCR,2025-03-10 08:21:24,PII_REDACTED_AND_NORMALIZED,VERIFIED_INTEGRITY,4379fce0c35ed94384d10b34b82c0f3305bdf5380185330874ad102cfa71f617
PRV-001349,SIG-TN-01349,CITIZEN_FEED,2025-06-16 21:11:15,PII_REDACTED_AND_NORMALIZED,VERIFIED_INTEGRITY,45f909fd8595320a4920f00a0d52b2a0353df71dfe46e50394436de40037e8bf
PRV-001350,SIG-TN-01350,POLICE_LEDGER,2024-11-28 23:11:48,PII_REDACTED_AND_NORMALIZED,VERIFIED_INTEGRITY,1410a30ae8e2f20242062f318328272758e17cc5f41b3094c4bb9f5d0060d299
PRV-001351,SIG-TN-01351,HEALTH_STAT,2026-07-22 19:00:34,PII_REDACTED_AND_NORMALIZED,VERIFIED_INTEGRITY,babb91995caf7ce5c1d5e787d212a9e0b984a5fdb06432383f6717696f261088
PRV-001352,SIG-TN-01352,CHECKPOST_OCR,2025-05-09 20:28:05,PII_REDACTED_AND_NORMALIZED,VERIFIED_INTEGRITY,4d7cd10cc725beddbdc7375137d6c144db79fd7a80d5148fc6121de87558c3db
PRV-001353,SIG-TN-01353,CHECKPOST_OCR,2024-09-26 06:13:36,PII_REDACTED_AND_NORMALIZED,VERIFIED_INTEGRITY,3de6cce200d829ad9c1fecaa0cc0dd4efb7beb352ab74815a7e972c8c49181d9
PRV-001354,SIG-TN-01354,CITIZEN_FEED,2026-01-21 04:36:07,PII_REDACTED_AND_NORMALIZED,VERIFIED_INTEGRITY,569a822a5368201c95dafd5a229567e9984b22ba00dfe88c3e909aecc31b655b
PRV-001355,SIG-TN-01355,CHECKPOST_OCR,2025-11-24 20:04:57,PII_REDACTED_AND_NORMALIZED,VERIFIED_INTEGRITY,e1fccc0473eff65536a13fb89d80111821452bc01b00a8343402952688a5647a
PRV-001356,SIG-TN-01356,HEALTH_STAT,2026-03-12 03:21:32,PII_REDACTED_AND_NORMALIZED,VERIFIED_INTEGRITY,5f56a29fe46ffbe5ebe85a32fb4e1e23e850569b0a81ee2358995c05d5e05efc
PRV-001357,SIG-TN-01357,POLICE_LEDGER,2024-11-06 06:49:33,PII_REDACTED_AND_NORMALIZED,VERIFIED_INTEGRITY,e2f2cd8d3f2ca443f21f975e1a16188a4b912828260f8e25f44b3bf03b9bd325
PRV-001358,SIG-TN-01358,HEALTH_STAT,2026-04-06 09:20:33,PII_REDACTED_AND_NORMALIZED,VERIFIED_INTEGRITY,b99e532140d37b3ecc28d8be3eb434002ee200a72c1cf91469af8174ac0f9845
PRV-001359,SIG-TN-01359,POLICE_LEDGER,2025-04-30 20:49:44,PII_REDACTED_AND_NORMALIZED,VERIFIED_INTEGRITY,4a2c08ff3e5e4ad6d126a261a19491ff72270370471c40dc64cf5989e3ab0c68
PRV-001360,SIG-TN-01360,CHECKPOST_OCR,2025-11-29 03:39:08,PII_REDACTED_AND_NORMALIZED,VERIFIED_INTEGRITY,3a1c9200bc33cf44eb20dcc4fd98b603b4de957a9c4b8b0e91fba1bd20717ee4
PRV-001361,SIG-TN-01361,HEALTH_STAT,2024-12-24 09:46:22,PII_REDACTED_AND_NORMALIZED,VERIFIED_INTEGRITY,35112358efd9cad62b8c2cdd7a83a241c02922366212e4b647708d35fe327c31
PRV-001362,SIG-TN-01362,HEALTH_STAT,2024-12-02 00:45:49,PII_REDACTED_AND_NORMALIZED,VERIFIED_INTEGRITY,9eac6381fcc6018c31a741952582a17953f0546eae2588a5d79dd614951a0602
PRV-001363,SIG-TN-01363,CITIZEN_FEED,2025-02-19 19:36:47,PII_REDACTED_AND_NORMALIZED,VERIFIED_INTEGRITY,0c00eafed98bb67eba378253e2a10d145063811e58306c1513836c40359dbf23
PRV-001364,SIG-TN-01364,POLICE_LEDGER,2025-02-13 12:38:58,PII_REDACTED_AND_NORMALIZED,VERIFIED_INTEGRITY,ea20f180757d151d8f341a6045174dbee77e13783cf0e7eb9af6a0c8c28d33e9
PRV-001365,SIG-TN-01365,POLICE_LEDGER,2025-04-12 16:52:18,PII_REDACTED_AND_NORMALIZED,VERIFIED_INTEGRITY,fb991955f8607a4c9b7b20b540f9b95d8cb820879f165e67154c810f820a53b6
PRV-001366,SIG-TN-01366,CITIZEN_FEED,2025-10-30 16:11:50,PII_REDACTED_AND_NORMALIZED,VERIFIED_INTEGRITY,f4d0a0bf5d2a994d136308ac62f85e564f55cab9664f37a251d8279d58018a96
PRV-001367,SIG-TN-01367,CITIZEN_FEED,2026-06-24 03:53:09,PII_REDACTED_AND_NORMALIZED,VERIFIED_INTEGRITY,d51ff743e0ee1c9daebf9493820f26c7f370b4559326eae38cd072a48a6d1c2b
PRV-001368,SIG-TN-01368,HEALTH_STAT,2025-03-10 22:56:22,PII_REDACTED_AND_NORMALIZED,VERIFIED_INTEGRITY,229b30d43cf1d5f0a6ef186ea21c8c7ef0feb591d5ea143b2426e0298fc85458
PRV-001369,SIG-TN-01369,HEALTH_STAT,2025-04-28 00:09:34,PII_REDACTED_AND_NORMALIZED,VERIFIED_INTEGRITY,d9a40e23d8620d9f97ac75370150a4e4d36f04ede5523671a39e560edf6a6241
PRV-001370,SIG-TN-01370,HEALTH_STAT,2025-04-02 14:17:49,PII_REDACTED_AND_NORMALIZED,VERIFIED_INTEGRITY,08acd71a458bf3d667c34596f8fa01152c59e45ab8a2534f9dfae9116097f66e
PRV-001371,SIG-TN-01371,POLICE_LEDGER,2025-01-13 00:42:34,PII_REDACTED_AND_NORMALIZED,VERIFIED_INTEGRITY,ca1d8e777e23f3095292f1287fb5cb951375087e9266f02adfda0a9746499388
PRV-001372,SIG-TN-01372,POLICE_LEDGER,2025-12-22 23:04:20,PII_REDACTED_AND_NORMALIZED,VERIFIED_INTEGRITY,bb5a03b8c74b140390adcdba6da807e24fde371b7811661da2d81400167c2037
PRV-001373,SIG-TN-01373,POLICE_LEDGER,2026-06-19 00:42:35,PII_REDACTED_AND_NORMALIZED,VERIFIED_INTEGRITY,d521128609b8de9cb716a4ae6136118c9b58b1f143c7b752d7b3f6b71429f06e
PRV-001374,SIG-TN-01374,POLICE_LEDGER,2024-09-20 10:33:29,PII_REDACTED_AND_NORMALIZED,VERIFIED_INTEGRITY,18e002d5d8ffe02df8c83738b2e0d40bd5328407e4b5bf5aba0ff4b8a7d70f34
PRV-001375,SIG-TN-01375,POLICE_LEDGER,2026-02-20 04:12:06,PII_REDACTED_AND_NORMALIZED,VERIFIED_INTEGRITY,f5b2942a2a71e88cd7512344d00d521e6c4031b747290f935e94aae9064d3e0b
PRV-001376,SIG-TN-01376,HEALTH_STAT,2025-01-05 18:25:40,PII_REDACTED_AND_NORMALIZED,VERIFIED_INTEGRITY,983a1152c96f7ef4fecac7c99d6eac041099b36e53e311385538c1228bc4549b
PRV-001377,SIG-TN-01377,CITIZEN_FEED,2024-12-29 21:18:45,PII_REDACTED_AND_NORMALIZED,VERIFIED_INTEGRITY,36e3f76cccb43fdca41cfb8a3aa65f24f8b3f3af519807f6d6ed3d217dba8b99
PRV-001378,SIG-TN-01378,CHECKPOST_OCR,2026-04-18 20:45:58,PII_REDACTED_AND_NORMALIZED,VERIFIED_INTEGRITY,a42fd9907fbc684ebd22eaf58e079f60430a0b7e6e9ce0d45801313abb3144ab
PRV-001379,SIG-TN-01379,HEALTH_STAT,2026-02-03 03:57:28,PII_REDACTED_AND_NORMALIZED,VERIFIED_INTEGRITY,ee7163509aebb05850ff77108326e1a0c2aa3f5bb7361dd1ddf5ed1fc0542b06
PRV-001380,SIG-TN-01380,CHECKPOST_OCR,2026-01-08 19:30:56,PII_REDACTED_AND_NORMALIZED,VERIFIED_INTEGRITY,fed33587d0bcabcae76f105ba8d1a6adfd2a6ed5269f94acb579fb9d4dce1093
PRV-001381,SIG-TN-01381,POLICE_LEDGER,2026-03-28 12:19:36,PII_REDACTED_AND_NORMALIZED,VERIFIED_INTEGRITY,30116fddf0282fcfd067092ee05f099b3e929b312d1cbfbf3217a3c8ad1e2d08
PRV-001382,SIG-TN-01382,HEALTH_STAT,2025-05-18 02:33:24,PII_REDACTED_AND_NORMALIZED,VERIFIED_INTEGRITY,af1f81cc18ca9e853add16ec34a762f82e781234939700800e42c90789d7ecad
PRV-001383,SIG-TN-01383,HEALTH_STAT,2025-09-16 00:51:46,PII_REDACTED_AND_NORMALIZED,VERIFIED_INTEGRITY,b67fe0cf8b58d859d242a384721013bfb12d1d1476b064ecf8ec659f655d1b40
PRV-001384,SIG-TN-01384,CITIZEN_FEED,2025-11-06 07:21:21,PII_REDACTED_AND_NORMALIZED,VERIFIED_INTEGRITY,ca5ea1b0affe226f24efce36831576b1c74bfe7a0887c6b23b05b2f4907cf758
PRV-001385,SIG-TN-01385,CHECKPOST_OCR,2024-10-23 21:05:42,PII_REDACTED_AND_NORMALIZED,VERIFIED_INTEGRITY,15a120edf79f68b7c203fd4f0a7ee58bca191f8cb6d19056ccc87a7ee668deb6
PRV-001386,SIG-TN-01386,CHECKPOST_OCR,2026-08-06 14:14:35,PII_REDACTED_AND_NORMALIZED,VERIFIED_INTEGRITY,85595a8616b5791bb100a2977bd80cf28298b12fc5ff64f5147bc4f1764b8aa0
PRV-001387,SIG-TN-01387,CHECKPOST_OCR,2026-05-27 07:53:23,PII_REDACTED_AND_NORMALIZED,VERIFIED_INTEGRITY,695068d57907d17a3200a39e024e39a716e5e2fb5461377d7d3b0454575bbd3c
PRV-001388,SIG-TN-01388,HEALTH_STAT,2026-04-07 10:13:16,PII_REDACTED_AND_NORMALIZED,VERIFIED_INTEGRITY,9a85f01d07dd6816d4535134bf678076f53bc3b679b2567a92b9edea0bb5cd8d
PRV-001389,SIG-TN-01389,HEALTH_STAT,2025-08-20 13:23:41,PII_REDACTED_AND_NORMALIZED,VERIFIED_INTEGRITY,1497e5422ccf6824e62778fbd2f14d8a6aad3fe6cd16a24574681469f18cf2cb
PRV-001390,SIG-TN-01390,HEALTH_STAT,2026-06-24 16:33:43,PII_REDACTED_AND_NORMALIZED,VERIFIED_INTEGRITY,5e8a083a55d8d602886858ecd03cdda36341979abb76324d713e6606961f0fa0
PRV-001391,SIG-TN-01391,HEALTH_STAT,2026-07-20 02:52:09,PII_REDACTED_AND_NORMALIZED,VERIFIED_INTEGRITY,4eb60fa167ff09b3885b692844b8cd44f67be9c1594cbdf5eae868fb49e21a9a
PRV-001392,SIG-TN-01392,POLICE_LEDGER,2025-11-13 13:41:57,PII_REDACTED_AND_NORMALIZED,VERIFIED_INTEGRITY,51278518b48c2c29c95095c1ea857dcfeef85a3e737b3aa4c704dc8858240a6c
PRV-001393,SIG-TN-01393,POLICE_LEDGER,2026-01-21 01:24:49,PII_REDACTED_AND_NORMALIZED,VERIFIED_INTEGRITY,6aa9ce48049b407a60403bc3f65518529cf687e98570df973966d4d9f0d34f16
PRV-001394,SIG-TN-01394,CHECKPOST_OCR,2025-03-31 13:25:16,PII_REDACTED_AND_NORMALIZED,VERIFIED_INTEGRITY,a7ee20e9aa927cd7c58ac81a1b079c575e3479f587807fd25a15ccfffe563f7e
PRV-001395,SIG-TN-01395,POLICE_LEDGER,2025-08-16 17:26:05,PII_REDACTED_AND_NORMALIZED,VERIFIED_INTEGRITY,5487b40179cd303e1820ed0f30a5329bc658c58f4c4e41e2e608b0fda9f2d5cc
PRV-001396,SIG-TN-01396,CITIZEN_FEED,2025-07-14 23:52:40,PII_REDACTED_AND_NORMALIZED,VERIFIED_INTEGRITY,d611df5242795595bd3abd29e8f72b9b154556a24a49ce698b4531d5a90ba68a
PRV-001397,SIG-TN-01397,CHECKPOST_OCR,2026-02-19 19:38:16,PII_REDACTED_AND_NORMALIZED,VERIFIED_INTEGRITY,b6a632962d6d84f587727520e1dbb712e85830fb30070081263956546c572a0f
PRV-001398,SIG-TN-01398,POLICE_LEDGER,2026-03-08 17:43:23,PII_REDACTED_AND_NORMALIZED,VERIFIED_INTEGRITY,3f09d230cd801ea01c236c2312e2b29338a8e7a6f73774b078e2f3bb59a122b8
PRV-001399,SIG-TN-01399,CITIZEN_FEED,2025-04-07 14:55:57,PII_REDACTED_AND_NORMALIZED,VERIFIED_INTEGRITY,d5af1ad2a54cc7a3a573cd59f97e14b6df3e5c12d299bab7b819c905c1cd44d8
PRV-001400,SIG-TN-01400,CITIZEN_FEED,2025-08-10 16:47:21,PII_REDACTED_AND_NORMALIZED,VERIFIED_INTEGRITY,cc12bed11f1780a512e6194f3529c637e86e4bf7fc6460c9a2b169fee219d453
PRV-001401,SIG-TN-01401,CITIZEN_FEED,2025-08-18 02:34:51,PII_REDACTED_AND_NORMALIZED,VERIFIED_INTEGRITY,43377064966229b6c5a80395197a3bde883eae575f4e3e6e9253a0efdf8ad0e8
PRV-001402,SIG-TN-01402,HEALTH_STAT,2024-11-08 11:38:47,PII_REDACTED_AND_NORMALIZED,VERIFIED_INTEGRITY,d8188984fcc8907f4b8abf7b01d4c48b57a0db2b7fa41d64de61ef48a7d9834e
PRV-001403,SIG-TN-01403,POLICE_LEDGER,2025-10-02 11:01:51,PII_REDACTED_AND_NORMALIZED,VERIFIED_INTEGRITY,2a573d45c27f4a2370c8af7be1123bea14ac2f7e68534f77da06b2939744be41
PRV-001404,SIG-TN-01404,CITIZEN_FEED,2025-12-28 12:10:00,PII_REDACTED_AND_NORMALIZED,VERIFIED_INTEGRITY,62c936fa954c8dc63d30da70762af7ad37932e6701643002ff7e481105b5c671
PRV-001405,SIG-TN-01405,POLICE_LEDGER,2025-04-23 19:03:33,PII_REDACTED_AND_NORMALIZED,VERIFIED_INTEGRITY,f9e0dfe4d7bf1266487d53076d1ea1cb2e5b0fcaa0e44ec32e58d212c9cc0f55
PRV-001406,SIG-TN-01406,CHECKPOST_OCR,2026-06-15 12:11:50,PII_REDACTED_AND_NORMALIZED,VERIFIED_INTEGRITY,de5d3e554851e571e056fa07103ab4389803bc4085865b464f38f6a6e98d14b7
PRV-001407,SIG-TN-01407,POLICE_LEDGER,2026-01-08 05:38:45,PII_REDACTED_AND_NORMALIZED,VERIFIED_INTEGRITY,60a7b27f56948f427fa4ded6ded0ca3ec3ae1d3e815425efb3b7bd9808cc7be2
PRV-001408,SIG-TN-01408,HEALTH_STAT,2026-03-18 08:09:44,PII_REDACTED_AND_NORMALIZED,VERIFIED_INTEGRITY,f17eb9fb9b68ccacf832cae12f1ff2b871f75d9b1622b783b47c52e50c9a0582
PRV-001409,SIG-TN-01409,CITIZEN_FEED,2026-06-16 17:25:41,PII_REDACTED_AND_NORMALIZED,VERIFIED_INTEGRITY,b7ddcf434f76ef5b109aea49d740659d27c1fe74598de5cf882e099cec27afc2
PRV-001410,SIG-TN-01410,POLICE_LEDGER,2024-11-10 12:27:21,PII_REDACTED_AND_NORMALIZED,VERIFIED_INTEGRITY,7ab8b8630cd54ca888c744eeee7c49cf8ec9d94e90afb659afc65b67de839e4c
PRV-001411,SIG-TN-01411,CITIZEN_FEED,2025-08-27 00:46:33,PII_REDACTED_AND_NORMALIZED,VERIFIED_INTEGRITY,75e885aa0b790c6073df1cc0d02ada8edf43913894c189ec855f89cd04f905cf
PRV-001412,SIG-TN-01412,HEALTH_STAT,2024-10-17 22:46:05,PII_REDACTED_AND_NORMALIZED,VERIFIED_INTEGRITY,2242258832607745c3d4ad476d19f70f578c2a26ccaebda0d8c939d9df463e0c
PRV-001413,SIG-TN-01413,POLICE_LEDGER,2024-10-15 08:33:31,PII_REDACTED_AND_NORMALIZED,VERIFIED_INTEGRITY,9949b4500a4a36c56b5c200dcf046d03800f0d34361df075b739154da2c7310c
PRV-001414,SIG-TN-01414,POLICE_LEDGER,2026-07-30 07:10:17,PII_REDACTED_AND_NORMALIZED,VERIFIED_INTEGRITY,d7456dd4d704021b08b09ffa1eecf210df3e7c4960b2989a7f84ac1d21253f95
PRV-001415,SIG-TN-01415,CITIZEN_FEED,2025-01-24 05:01:09,PII_REDACTED_AND_NORMALIZED,VERIFIED_INTEGRITY,94ad2707e2077b4926257a0d2a4f486425ab72d63a161f0916bf29b773418f26
PRV-001416,SIG-TN-01416,CITIZEN_FEED,2026-06-30 09:29:50,PII_REDACTED_AND_NORMALIZED,VERIFIED_INTEGRITY,933d610e05d5ec6af36c2502e4be37a23932f2417696859294053362ebfe9bca
PRV-001417,SIG-TN-01417,POLICE_LEDGER,2024-11-04 20:49:20,PII_REDACTED_AND_NORMALIZED,VERIFIED_INTEGRITY,4bfb02c28aeb1a9f7240e905af47f52d09d65ffb2297b0ff305e5ecdd3af8b45
PRV-001418,SIG-TN-01418,CHECKPOST_OCR,2025-02-03 03:21:34,PII_REDACTED_AND_NORMALIZED,VERIFIED_INTEGRITY,8222712faa30f31c8a7bdb7ecfbc36b8cfd5b1ff39faa230e0b4d9c630679063
PRV-001419,SIG-TN-01419,POLICE_LEDGER,2026-02-12 04:17:02,PII_REDACTED_AND_NORMALIZED,VERIFIED_INTEGRITY,9c3fd87bffa6b93354fcf92875de9f210bd39977595fa2e3a24384a0576ba798
PRV-001420,SIG-TN-01420,HEALTH_STAT,2025-05-26 07:44:54,PII_REDACTED_AND_NORMALIZED,VERIFIED_INTEGRITY,f1ee5f92ff8212161288e9d09ca208db368747161dfe00b7c59618f7ce1e4cd9
PRV-001421,SIG-TN-01421,HEALTH_STAT,2025-03-25 02:27:58,PII_REDACTED_AND_NORMALIZED,VERIFIED_INTEGRITY,8f8df8b133d0f13d27cb63ee47fd6513f5277b218986edd0a5a5252ae772aa1c
PRV-001422,SIG-TN-01422,POLICE_LEDGER,2025-02-02 05:44:46,PII_REDACTED_AND_NORMALIZED,VERIFIED_INTEGRITY,a2d4ec1da1ecd23e6080f5436ce992b4709ba249884f96b37f477175fdf8f09a
PRV-001423,SIG-TN-01423,CITIZEN_FEED,2025-09-10 10:57:23,PII_REDACTED_AND_NORMALIZED,VERIFIED_INTEGRITY,32c6efab04f0c39bdc3f8a5080a740b4617139bec5d3f13be3c481704a8e729d
PRV-001424,SIG-TN-01424,CHECKPOST_OCR,2026-03-30 06:06:09,PII_REDACTED_AND_NORMALIZED,VERIFIED_INTEGRITY,90e093a8c0cc328ec351ebc470ef869a5ccb59fe57d0197585735f9cb611b70b
PRV-001425,SIG-TN-01425,HEALTH_STAT,2026-04-02 03:53:32,PII_REDACTED_AND_NORMALIZED,VERIFIED_INTEGRITY,392b3f553543d2481ecd8eedf77b2d72c691d76a3b23fc44048437e935d8a3e0
PRV-001426,SIG-TN-01426,CITIZEN_FEED,2025-03-13 19:20:08,PII_REDACTED_AND_NORMALIZED,VERIFIED_INTEGRITY,34e04f3ab1f970f40c8f593771635467798500df005ebd9b2af140f25068eaff
PRV-001427,SIG-TN-01427,CHECKPOST_OCR,2025-08-06 16:58:49,PII_REDACTED_AND_NORMALIZED,VERIFIED_INTEGRITY,196ec5b102990fd6512834997dbd5ed5e0e6e97d506498bb3ba8c0c86d0813c1
PRV-001428,SIG-TN-01428,CITIZEN_FEED,2025-05-25 03:00:02,PII_REDACTED_AND_NORMALIZED,VERIFIED_INTEGRITY,0bea87d09a8c67b286099d788a833475ecb18bfa0d5bb0b10f6abf9dcd4c0191
PRV-001429,SIG-TN-01429,CITIZEN_FEED,2025-11-24 20:39:47,PII_REDACTED_AND_NORMALIZED,VERIFIED_INTEGRITY,681bee173e8e9da2305697bc3eee474ddbf0f697c951b624867e6dfce7a965ca
PRV-001430,SIG-TN-01430,CHECKPOST_OCR,2025-09-12 22:14:23,PII_REDACTED_AND_NORMALIZED,VERIFIED_INTEGRITY,c0c0487e7bb07c05f2df1e25fd645820ee174a485c4bc52f8164e7ed8b054349
PRV-001431,SIG-TN-01431,CITIZEN_FEED,2025-04-30 03:56:19,PII_REDACTED_AND_NORMALIZED,VERIFIED_INTEGRITY,2c7569a54000aee8f01a5e884b016766ba7bc772ae7422b11e630096c7a16a4a
PRV-001432,SIG-TN-01432,CHECKPOST_OCR,2026-04-20 07:53:54,PII_REDACTED_AND_NORMALIZED,VERIFIED_INTEGRITY,683dec9afd1d5f4566d48646518ad8c4b5e7ab254d49922c1e79c69064c37da9
PRV-001433,SIG-TN-01433,CHECKPOST_OCR,2024-11-28 15:37:59,PII_REDACTED_AND_NORMALIZED,VERIFIED_INTEGRITY,ebdf3e87d792b9544c9cfbb7e766f85f4e6689b6812ba53e76111827ec542dcc
PRV-001434,SIG-TN-01434,HEALTH_STAT,2026-08-01 13:36:52,PII_REDACTED_AND_NORMALIZED,VERIFIED_INTEGRITY,1f6978a02c1521a2817973f03da03d8d5b64c5440e814d9af33288509ec7a7e8
PRV-001435,SIG-TN-01435,POLICE_LEDGER,2025-11-01 01:37:29,PII_REDACTED_AND_NORMALIZED,VERIFIED_INTEGRITY,6dd66ae4e0025c63e25e1c17c3855389215f3f7382c0c43b00f3c2c30ccae86e
PRV-001436,SIG-TN-01436,HEALTH_STAT,2025-01-02 04:12:43,PII_REDACTED_AND_NORMALIZED,VERIFIED_INTEGRITY,0ddaf1e8c5372b3db021433722e6b332226b7768316cab89ce8bb764deaa8956
PRV-001437,SIG-TN-01437,CHECKPOST_OCR,2024-10-15 10:17:30,PII_REDACTED_AND_NORMALIZED,VERIFIED_INTEGRITY,30bac72eabdc23b9232a1c88215c876ab3c0042f76e28a22df5a62cdf3e2c8ad
PRV-001438,SIG-TN-01438,POLICE_LEDGER,2026-06-12 14:36:35,PII_REDACTED_AND_NORMALIZED,VERIFIED_INTEGRITY,0c5e5520078fed020f750b16cb1c124eba479e62d028cd94a95c047afb70a0d0
PRV-001439,SIG-TN-01439,CHECKPOST_OCR,2025-04-08 23:35:12,PII_REDACTED_AND_NORMALIZED,VERIFIED_INTEGRITY,8cbf1bab76db35c051ab3b27980e8be575b6ed47233569a0b079220c2c98d3f7
PRV-001440,SIG-TN-01440,CITIZEN_FEED,2025-04-28 03:53:02,PII_REDACTED_AND_NORMALIZED,VERIFIED_INTEGRITY,32d4d4caf61e5e1ac2c30652f7a2f4c5b698258f9012e16176eb5a50e25ee73b
PRV-001441,SIG-TN-01441,POLICE_LEDGER,2025-12-24 03:58:40,PII_REDACTED_AND_NORMALIZED,VERIFIED_INTEGRITY,f7982c4eca0f18b330c3c8844d62bb2a40c7e3f0a161661760211c5ee7f7a92d
PRV-001442,SIG-TN-01442,HEALTH_STAT,2025-12-30 07:12:57,PII_REDACTED_AND_NORMALIZED,VERIFIED_INTEGRITY,d4ace1dea98d0261f7b0ad26e31f401c0954366df5fec11459ab9008d63b64b8
PRV-001443,SIG-TN-01443,HEALTH_STAT,2024-09-29 05:52:06,PII_REDACTED_AND_NORMALIZED,VERIFIED_INTEGRITY,3b6f111e7d7ec11d04df0cc95c46650f075bd106c01d93eae7980c2e2fb2b655
PRV-001444,SIG-TN-01444,POLICE_LEDGER,2025-06-04 11:18:33,PII_REDACTED_AND_NORMALIZED,VERIFIED_INTEGRITY,a4f56b2d4ee61128883e63b09d4d7df01e14ba9f6d58cb1d985dcc39b33b7dd3
PRV-001445,SIG-TN-01445,HEALTH_STAT,2025-01-16 11:16:44,PII_REDACTED_AND_NORMALIZED,VERIFIED_INTEGRITY,6747f9a6debd3403000220115175e5e718becfe54f29a5d57cbeb4590f86e53c
PRV-001446,SIG-TN-01446,HEALTH_STAT,2026-05-13 11:34:01,PII_REDACTED_AND_NORMALIZED,VERIFIED_INTEGRITY,30aad624d8b883f51ec7ace9d03b187dbde4dc370047ac0ef8ce53f569a3c37a
PRV-001447,SIG-TN-01447,CHECKPOST_OCR,2024-10-31 19:32:58,PII_REDACTED_AND_NORMALIZED,VERIFIED_INTEGRITY,30fa0137adc5c3da15fd8e50e943e8002fd5f32ec9422b48cf0a1ace6e73d5da
PRV-001448,SIG-TN-01448,CITIZEN_FEED,2024-09-27 20:29:14,PII_REDACTED_AND_NORMALIZED,VERIFIED_INTEGRITY,eb4dfc74b48433bb0242c3ae1605d8d0c0e1e3707a97b7d8eb80cefc0e7a6fbc
PRV-001449,SIG-TN-01449,POLICE_LEDGER,2024-11-25 11:09:33,PII_REDACTED_AND_NORMALIZED,VERIFIED_INTEGRITY,cb88e507b3f1ca0977db55346af17e2be468d32c52eb81526f7e16aa09d745ad
PRV-001450,SIG-TN-01450,HEALTH_STAT,2026-01-11 07:11:30,PII_REDACTED_AND_NORMALIZED,VERIFIED_INTEGRITY,cd0f42ebba626e9468fb8aad502c8676f28974a27687d3750893edfd38c2fb93
PRV-001451,SIG-TN-01451,CITIZEN_FEED,2024-10-10 03:24:07,PII_REDACTED_AND_NORMALIZED,VERIFIED_INTEGRITY,b46b9b45f2ee3bcacbcc5fc260007aad06728dbd7fa181d4baed57201970e676
PRV-001452,SIG-TN-01452,HEALTH_STAT,2025-01-01 14:29:36,PII_REDACTED_AND_NORMALIZED,VERIFIED_INTEGRITY,14064601196451d0fdc11fef59c2d31cbaf9ddde49c188429ec2ab86ab7d0e1a
PRV-001453,SIG-TN-01453,HEALTH_STAT,2025-08-10 07:00:43,PII_REDACTED_AND_NORMALIZED,VERIFIED_INTEGRITY,508a6f832debe50432ed91794198e360a22a5b31c611901d19c0502b67d72400
PRV-001454,SIG-TN-01454,POLICE_LEDGER,2025-07-25 07:28:00,PII_REDACTED_AND_NORMALIZED,VERIFIED_INTEGRITY,b90af5112baf88e9054d66246c2ad42a075b0e6b82f0bca59a1230471ae88392
PRV-001455,SIG-TN-01455,CHECKPOST_OCR,2026-04-21 09:33:00,PII_REDACTED_AND_NORMALIZED,VERIFIED_INTEGRITY,df9d00714dda8f59e241926e5aa9aa0b2b310fcb6776271752ad360191e9f1f7
PRV-001456,SIG-TN-01456,POLICE_LEDGER,2026-07-09 01:03:02,PII_REDACTED_AND_NORMALIZED,VERIFIED_INTEGRITY,8cc82baf07be4fddd99394ef38e45846da1f7ffd6005a687c14e9bfa88d1e6d4
PRV-001457,SIG-TN-01457,POLICE_LEDGER,2025-04-19 05:13:49,PII_REDACTED_AND_NORMALIZED,VERIFIED_INTEGRITY,18db324258959ca383e8a3b22a185984948498f02abf98c4dd19d8285ee45807
PRV-001458,SIG-TN-01458,POLICE_LEDGER,2026-06-11 17:07:26,PII_REDACTED_AND_NORMALIZED,VERIFIED_INTEGRITY,46f0a878dffca0878ca2835f6848b6b4af4ea0f26af10759343fea57b420d3ee
PRV-001459,SIG-TN-01459,POLICE_LEDGER,2026-04-01 14:40:19,PII_REDACTED_AND_NORMALIZED,VERIFIED_INTEGRITY,1b0a1972bcf10ed8a39fe17e3e72c32f362967eb9e326019be34fea47485db03
PRV-001460,SIG-TN-01460,CHECKPOST_OCR,2024-11-05 06:16:40,PII_REDACTED_AND_NORMALIZED,VERIFIED_INTEGRITY,f16d5b627c3fedfd975890d9446da1eef88569895bcec521e50a28ecc42d9a1c
PRV-001461,SIG-TN-01461,CITIZEN_FEED,2025-12-10 15:52:08,PII_REDACTED_AND_NORMALIZED,VERIFIED_INTEGRITY,71bffacf5c58d1863e9ccd177ee66b95de3b276cbb7ee29a22b918135dd8d793
PRV-001462,SIG-TN-01462,CITIZEN_FEED,2026-05-10 10:11:50,PII_REDACTED_AND_NORMALIZED,VERIFIED_INTEGRITY,87e9701cc689ff25153d4e53479db0de336429188ac146317bb25a9d032721d5
PRV-001463,SIG-TN-01463,CITIZEN_FEED,2025-04-03 12:29:45,PII_REDACTED_AND_NORMALIZED,VERIFIED_INTEGRITY,b8fce29a593d027fe1ecb219cc74a4030072d1ee1ceb276b72d139f7364399f9
PRV-001464,SIG-TN-01464,HEALTH_STAT,2026-08-05 11:43:00,PII_REDACTED_AND_NORMALIZED,VERIFIED_INTEGRITY,c249644d12b7162fbb55e75d7c33e009c155c890293a187716c6ed377f5fd527
PRV-001465,SIG-TN-01465,CHECKPOST_OCR,2024-10-24 16:57:00,PII_REDACTED_AND_NORMALIZED,VERIFIED_INTEGRITY,6f1c35b3b877860439882dc201bf57ff9e9e9b28df1494736670eae81a850a2b
PRV-001466,SIG-TN-01466,HEALTH_STAT,2026-01-02 09:59:39,PII_REDACTED_AND_NORMALIZED,VERIFIED_INTEGRITY,a5cb79ef3788dd0d5a7d05324c248e239b755f88d296029f729895f30c6d3fb4
PRV-001467,SIG-TN-01467,CITIZEN_FEED,2025-12-16 08:47:39,PII_REDACTED_AND_NORMALIZED,VERIFIED_INTEGRITY,ce4c0dc02f1b07f973bfcc537884b0eba0572a6846b657e8f27bcc4f817b9f05
PRV-001468,SIG-TN-01468,CHECKPOST_OCR,2026-04-14 08:30:22,PII_REDACTED_AND_NORMALIZED,VERIFIED_INTEGRITY,7f2a7020f7f319b22d192d25d12fde7a77cd99b15ec836357b0dc9d608611fee
PRV-001469,SIG-TN-01469,CITIZEN_FEED,2024-09-22 18:08:13,PII_REDACTED_AND_NORMALIZED,VERIFIED_INTEGRITY,fe585b90109e33fd2d0ef9fb26e16def683a27f672b04b9b23346e7e468dee1e
PRV-001470,SIG-TN-01470,CITIZEN_FEED,2025-07-22 12:23:22,PII_REDACTED_AND_NORMALIZED,VERIFIED_INTEGRITY,3ca1da613fa3d883119c97aedc7f0173d8c69ba0cd99add02b7cac860535c31c
PRV-001471,SIG-TN-01471,POLICE_LEDGER,2024-12-04 13:49:25,PII_REDACTED_AND_NORMALIZED,VERIFIED_INTEGRITY,fecd31484cd30a844d8fa86baadcc3a458bfec8a5cb4843b4477aaef137f7b56
PRV-001472,SIG-TN-01472,CHECKPOST_OCR,2026-06-23 04:14:11,PII_REDACTED_AND_NORMALIZED,VERIFIED_INTEGRITY,dcef982dfa3873250db77749ca3015552c63cd7ccd802bff96ef2df07624e19b
PRV-001473,SIG-TN-01473,CHECKPOST_OCR,2025-07-06 15:30:40,PII_REDACTED_AND_NORMALIZED,VERIFIED_INTEGRITY,842cae35e0bd411887a873c38a78c5d9eb4304c06c6eb3ef9c86e3b545084755
PRV-001474,SIG-TN-01474,CHECKPOST_OCR,2025-02-25 08:44:58,PII_REDACTED_AND_NORMALIZED,VERIFIED_INTEGRITY,d46439e547561835e50da1674f3456b74914d20363baa2b9dbfa5c25def365be
PRV-001475,SIG-TN-01475,HEALTH_STAT,2026-02-08 20:16:36,PII_REDACTED_AND_NORMALIZED,VERIFIED_INTEGRITY,17fee7ac74f892bb1e2e7a90e46a2af579d02c98d57dfe69cfe630eac82df7a9
PRV-001476,SIG-TN-01476,POLICE_LEDGER,2025-01-13 16:18:09,PII_REDACTED_AND_NORMALIZED,VERIFIED_INTEGRITY,cc2bfba62fc8642ec6430e2d22ab9b9f2c0ef8f5f84aa353547c3b04427c1591
PRV-001477,SIG-TN-01477,POLICE_LEDGER,2025-12-23 19:13:51,PII_REDACTED_AND_NORMALIZED,VERIFIED_INTEGRITY,05366e0d73e4637c1ee6ed6b792cc3cc970bf41aa31846c752e46124ebdaf25b
PRV-001478,SIG-TN-01478,HEALTH_STAT,2025-04-25 17:04:36,PII_REDACTED_AND_NORMALIZED,VERIFIED_INTEGRITY,7d8ed44a4e0b777518e10a8aab89da26946c86c59bcd1d4a3d7ade1b352775d3
PRV-001479,SIG-TN-01479,CHECKPOST_OCR,2025-01-30 15:58:19,PII_REDACTED_AND_NORMALIZED,VERIFIED_INTEGRITY,003f9465105d8c946a900fb0a20454afb565827beed42dd345ddbf1ba6758861
PRV-001480,SIG-TN-01480,CHECKPOST_OCR,2024-09-27 17:10:21,PII_REDACTED_AND_NORMALIZED,VERIFIED_INTEGRITY,70debaa1a287662967325da725fe787faab6061ddc02b91aaa395a289edc98fc
PRV-001481,SIG-TN-01481,POLICE_LEDGER,2025-01-06 20:38:28,PII_REDACTED_AND_NORMALIZED,VERIFIED_INTEGRITY,501b3177234c54ced792b60714281aeead7a9267e6cd6d2bfb2824264e6435c3
PRV-001482,SIG-TN-01482,HEALTH_STAT,2025-05-08 08:25:41,PII_REDACTED_AND_NORMALIZED,VERIFIED_INTEGRITY,53afa2591844e47e63bf6c4b08da067d8f9ca4ffed9fc3a2b50a8ac99f9ae4c4
PRV-001483,SIG-TN-01483,POLICE_LEDGER,2026-08-02 03:50:51,PII_REDACTED_AND_NORMALIZED,VERIFIED_INTEGRITY,7bd3ea361a0f4af5489ff5d9ddd2ac44cea698973315f77493f08760b006b585
PRV-001484,SIG-TN-01484,CHECKPOST_OCR,2025-08-18 21:30:11,PII_REDACTED_AND_NORMALIZED,VERIFIED_INTEGRITY,c7b3ad44b3a63a5055f1cb5ec39e267d4bfd994a54230b41cac04211b298770e
PRV-001485,SIG-TN-01485,CITIZEN_FEED,2025-03-24 07:47:05,PII_REDACTED_AND_NORMALIZED,VERIFIED_INTEGRITY,a1a4c1f7d500549d056a5f99a21d2cb9c73a31256dda61bafcde3bbafac2fea3
PRV-001486,SIG-TN-01486,CITIZEN_FEED,2026-06-05 07:34:50,PII_REDACTED_AND_NORMALIZED,VERIFIED_INTEGRITY,e955bcf033ece51893c639e7b8275340c90ac6fbabf25aa3f034c1863fe1d29a
PRV-001487,SIG-TN-01487,POLICE_LEDGER,2025-05-25 15:08:06,PII_REDACTED_AND_NORMALIZED,VERIFIED_INTEGRITY,639477e4aa6b6af4563dbc48d600b26777428433710b605893aa0f84fdcf68e6
PRV-001488,SIG-TN-01488,HEALTH_STAT,2026-05-12 21:46:10,PII_REDACTED_AND_NORMALIZED,VERIFIED_INTEGRITY,982b788f2dd3e13ff9e689989f0f2e97e45f6d4c30b792c3baaf3091442aedaf
PRV-001489,SIG-TN-01489,CITIZEN_FEED,2026-05-23 19:46:45,PII_REDACTED_AND_NORMALIZED,VERIFIED_INTEGRITY,92209ed3a18298a06f46debbc6aabe31eafd70c764d06e52be2025bac0407490
PRV-001490,SIG-TN-01490,HEALTH_STAT,2025-05-04 02:21:02,PII_REDACTED_AND_NORMALIZED,VERIFIED_INTEGRITY,a3ec4a2ce471a2f45d5d9af7f681990c12f008ead7d17283b14867dbb4a5df95
PRV-001491,SIG-TN-01491,CITIZEN_FEED,2026-05-21 05:59:23,PII_REDACTED_AND_NORMALIZED,VERIFIED_INTEGRITY,64a214d9a4ab0a6f89cfd1a3e535f3fe9c53618e9bb148eec66ac354700ebe41
PRV-001492,SIG-TN-01492,HEALTH_STAT,2025-09-11 16:12:54,PII_REDACTED_AND_NORMALIZED,VERIFIED_INTEGRITY,eb16d1a2a0e4bdffc517cec4de1350a43fd4e177bed6c8f94c436679827282ea
PRV-001493,SIG-TN-01493,HEALTH_STAT,2026-04-26 23:23:27,PII_REDACTED_AND_NORMALIZED,VERIFIED_INTEGRITY,1f8d3dafbc8a0422db8a86908fdbb70019f97d2bbc6a2d386e68ce395af4aa20
PRV-001494,SIG-TN-01494,CITIZEN_FEED,2026-06-15 12:53:22,PII_REDACTED_AND_NORMALIZED,VERIFIED_INTEGRITY,fd53e32ae41f91eec36385c4fc988a07cdec922fe5ce7c9935d663c6cf5b1b34
PRV-001495,SIG-TN-01495,HEALTH_STAT,2024-09-25 05:56:20,PII_REDACTED_AND_NORMALIZED,VERIFIED_INTEGRITY,1dbcb1d01454b6babfe97d8b960a8c609037a6c95b2946e3d46a1bbff2b84814
PRV-001496,SIG-TN-01496,POLICE_LEDGER,2025-06-06 02:49:15,PII_REDACTED_AND_NORMALIZED,VERIFIED_INTEGRITY,0dc2524bc61a17de2adc0a6c0bd09c7fecdffa1a5a0fc02eb2fb17af99583384
PRV-001497,SIG-TN-01497,HEALTH_STAT,2024-12-15 18:55:30,PII_REDACTED_AND_NORMALIZED,VERIFIED_INTEGRITY,280d29f5af3de340f17fc71927cbacfdb72b485d94b77a2c93f2f867d56abaa9
PRV-001498,SIG-TN-01498,CHECKPOST_OCR,2025-04-24 17:54:50,PII_REDACTED_AND_NORMALIZED,VERIFIED_INTEGRITY,14c436085f02fc30a86807d80b53b568f35de21ba1c47aa90db1b8600aeb6472
PRV-001499,SIG-TN-01499,HEALTH_STAT,2025-09-09 06:58:41,PII_REDACTED_AND_NORMALIZED,VERIFIED_INTEGRITY,f535dedb4f13081648c20a943cc7edeafa8554617dae062cc003d5edc0ff3322
PRV-001500,SIG-TN-01500,POLICE_LEDGER,2025-01-24 11:43:23,PII_REDACTED_AND_NORMALIZED,VERIFIED_INTEGRITY,34ba4e48f419ae305aab8b1946011dc573364bb982644aed9cec5c7f36143fc6